reaction	gene	substrate_kegg
R07054__cyto	CPAR2_500140	C00219
R00894__cyto	CPAR2_208390	C00025
R00894__cyto	CPAR2_208390	C00097
TO0000182_CYTMEM__plas	CPAR2_402410	C00212
TO0000182_CYTMEM__plas	CPAR2_107960	C00212
R01853__pero	CPAR2_211650	C00797
R01853__pero	CPAR2_104430	C00797
R03936__cyto	CPAR2_207220	C02700
R02354__cyto	CPAR2_500140	C00468
R00658__cyto	CPAR2_207210	C00631
R00658__cyto	CPAR2_207000	C00631
R00763__cyto	CPAR2_205730	C00665
R00763__cyto	CPAR2_301740	C00665
R00763__cyto	CPAR2_106310	C00665
R01220__cyto	CPAR2_204710	C00143
R01220__cyto	CPAR2_800600	C00143
R08657__mito	CPAR2_501330	C01967
R08657__mito	CPAR2_501330	C00093
TR0015529_CYTMEM__plas	CPAR2_105400	C00350
TR0015529_CYTMEM__plas	CPAR2_601150	C00350
TR0015529_CYTMEM__plas	CPAR2_209630	C00350
TR0015529_CYTMEM__plas	CPAR2_202050	C00350
TR0015529_CYTMEM__plas	CPAR2_808970	C00350
TR0015529_CYTMEM__plas	CPAR2_104620	C00350
R06520__mito	CPAR2_503750	C01120
R06520__mito	CPAR2_208120	C01120
R06520__mito	CPAR2_300920	C01120
R06520__mito	CPAR2_207800	C01120
R06520__mito	CPAR2_214160	C01120
R04355__cyto	CPAR2_807400	C01209
R04355__cyto	CPAR2_807400	C03939
R04355__cyto	CPAR2_302650	C01209
R04355__cyto	CPAR2_302650	C03939
TR0002803_CYTMEM__plas	CPAR2_105400	C04598
TR0002803_CYTMEM__plas	CPAR2_601150	C04598
TR0002803_CYTMEM__plas	CPAR2_209630	C04598
TR0002803_CYTMEM__plas	CPAR2_202050	C04598
TR0002803_CYTMEM__plas	CPAR2_808970	C04598
TR0002803_CYTMEM__plas	CPAR2_104620	C04598
R04591__cyto	CPAR2_500190	C04751
R04591__cyto	CPAR2_500190	C00049
R02485__cyto	CPAR2_302050	C00881
TO1002511_CYTMEM__plas	CPAR2_209780	C04058
R00527__cyto	CPAR2_701120	C01031
TR0011839_CYTMEM__plas	CPAR2_105400	C01288
TR0011839_CYTMEM__plas	CPAR2_601150	C01288
TR0011839_CYTMEM__plas	CPAR2_209630	C01288
TR0011839_CYTMEM__plas	CPAR2_202050	C01288
TR0011839_CYTMEM__plas	CPAR2_808970	C01288
TR0011839_CYTMEM__plas	CPAR2_104620	C01288
TR2901157_CYTMEM__plas	CPAR2_805030	C05102
TR2901157_CYTMEM__plas	CPAR2_406100	C05102
R01351__cyto	CPAR2_203740	C01885
TR2900096_CYTMEM__plas	CPAR2_501920	C00047
TR2900096_CYTMEM__plas	CPAR2_501920	C00062
TR2900096_CYTMEM__plas	CPAR2_301640	C00047
TR2900096_CYTMEM__plas	CPAR2_301640	C00062
TR2900096_CYTMEM__plas	CPAR2_404540	C00047
TR2900096_CYTMEM__plas	CPAR2_404540	C00062
R00489__cyto	CPAR2_213280	C00049
R00489__cyto	CPAR2_804600	C00049
R00489__cyto	CPAR2_503870	C00049
TR0011423_CYTMEM__plas	CPAR2_209630	C00641
TR0011423_CYTMEM__plas	CPAR2_105400	C00641
TR0011423_CYTMEM__plas	CPAR2_808970	C00641
TO1000438_CYTMEM__plas	CPAR2_209780	C00559
R00848__mito	CPAR2_501330	C00093
R07895__cyto	CPAR2_503690	C16335
R07895__cyto	CPAR2_503690	C00024
R07895__cyto	CPAR2_800020	C16335
R07895__cyto	CPAR2_800020	C00024
R07895__cyto	CPAR2_212970	C16335
R07895__cyto	CPAR2_212970	C00024
TR0000517_CYTMEM__plas	CPAR2_105400	C00681
TR0000517_CYTMEM__plas	CPAR2_207800	C00681
TR0000517_CYTMEM__plas	CPAR2_104620	C00681
TR0000517_CYTMEM__plas	CPAR2_202050	C00681
TR0000517_CYTMEM__plas	CPAR2_601150	C00681
TR0000517_CYTMEM__plas	CPAR2_300920	C00681
TR0000517_CYTMEM__plas	CPAR2_209630	C00681
TR0000517_CYTMEM__plas	CPAR2_808970	C00681
R01072__cyto	CPAR2_208260	C00119
R01072__cyto	CPAR2_208260	C00064
R02464__cyto	CPAR2_806890	C01120
R00548__cyto	CPAR2_800810	C00061
R00548__cyto	CPAR2_402470	C00061
R00548__cyto	CPAR2_208530	C00061
R00548__cyto	CPAR2_208420	C00061
R00548__cyto	CPAR2_400680	C00061
R00548__cyto	CPAR2_804710	C00061
R00768__cyto	CPAR2_405140	C00085
R00768__cyto	CPAR2_405140	C00064
R04891__cyto	CPAR2_212210	C05583
R04891__cyto	CPAR2_203980	C05583
R04891__cyto	CPAR2_108810	C05583
TR1000310_CYTMEM__plas	CPAR2_209680	C00386
TR1000310_CYTMEM__plas	CPAR2_209700	C00386
TR1000310_CYTMEM__plas	CPAR2_209690	C00386
TR1000310_CYTMEM__plas	CPAR2_502820	C00386
TR1000310_CYTMEM__plas	CPAR2_203890	C00386
TR1000310_CYTMEM__plas	CPAR2_203500	C00386
TR1000310_CYTMEM__plas	CPAR2_203510	C00386
TR1000310_CYTMEM__plas	CPAR2_207250	C00386
TR1000310_CYTMEM__plas	CPAR2_207260	C00386
TR1000310_CYTMEM__plas	CPAR2_102100	C00386
TR1000310_CYTMEM__plas	CPAR2_207270	C00386
R00243__cyto	CPAR2_104190	C00025
TO1000249_CYTMEM__plas	CPAR2_209780	C00299
R03293__cyto	CPAR2_402200	C01157
TR0015316_CYTMEM__plas	CPAR2_105400	C04438
TR0015316_CYTMEM__plas	CPAR2_601150	C04438
TR0015316_CYTMEM__plas	CPAR2_209630	C04438
TR0015316_CYTMEM__plas	CPAR2_202050	C04438
TR0015316_CYTMEM__plas	CPAR2_808970	C04438
TR0015316_CYTMEM__plas	CPAR2_104620	C04438
R08657__cyto	CPAR2_501330	C01967
R08657__cyto	CPAR2_501330	C00093
TR2901123_CYTMEM__plas	CPAR2_805030	C01226
TR2901123_CYTMEM__plas	CPAR2_406100	C01226
R02480__cyto	CPAR2_303860	C00524
R02480__cyto	CPAR2_400610	C00524
R04639__cyto	CPAR2_101130	C06148
TR0013385_CYTMEM__plas	CPAR2_105400	C11557
TR0013385_CYTMEM__plas	CPAR2_601150	C11557
TR0013385_CYTMEM__plas	CPAR2_209630	C11557
TR0013385_CYTMEM__plas	CPAR2_202050	C11557
TR0013385_CYTMEM__plas	CPAR2_808970	C11557
TR0013385_CYTMEM__plas	CPAR2_104620	C11557
R12120__mito	CPAR2_303740	C03024
R12120__mito	CPAR2_303740	C21920
TR0012660_CYTMEM__plas	CPAR2_701830	C05102
TR0012660_CYTMEM__plas	CPAR2_400400	C05102
TR0012660_CYTMEM__plas	CPAR2_206490	C05102
TR2900814_CYTMEM__plas	CPAR2_406070	C00144
TR2000161_CYTMEM__plas	CPAR2_703450	C00188
TO1002738_CYTMEM__plas	CPAR2_201790	C04489
TO1002738_CYTMEM__plas	CPAR2_201900	C04489
TO1002738_CYTMEM__plas	CPAR2_806580	C04489
R03657__cyto	CPAR2_101390	C01645
R03657__cyto	CPAR2_101390	C00123
TR0011829_CYTMEM__plas	CPAR2_105400	C01241
TR0011829_CYTMEM__plas	CPAR2_601150	C01241
TR0011829_CYTMEM__plas	CPAR2_209630	C01241
TR0011829_CYTMEM__plas	CPAR2_202050	C01241
TR0011829_CYTMEM__plas	CPAR2_808970	C01241
TR0011829_CYTMEM__plas	CPAR2_104620	C01241
R01466__cyto	CPAR2_304350	C01102
R03652__cyto	CPAR2_301040	C01640
R03652__cyto	CPAR2_301040	C00064
R03652__cyto	CPAR2_301110	C01640
R03652__cyto	CPAR2_301110	C00064
R02295__cyto	CPAR2_103240	C05841
R00937__cyto	CPAR2_704170	C00101
R00717__cyto	CPAR2_207700	C00048
R09419__cyto	CPAR2_211750	C00040
R09419__cyto	CPAR2_211750	C00083
R09419__cyto	CPAR2_201340	C00040
R09419__cyto	CPAR2_201340	C00083
R09419__cyto	CPAR2_807310	C00040
R09419__cyto	CPAR2_807310	C00083
R02874__cyto	CPAR2_210480	C03024
R02874__cyto	CPAR2_210480	C00751
R02359__cyto	CPAR2_301880	C01537
R00248__cyto	CPAR2_501380	C00025
R00248__cyto	CPAR2_206810	C00025
R01372__cyto	CPAR2_104630	C00166
TR2900231_CYTMEM__plas	CPAR2_103870	C11907
TR2900231_CYTMEM__plas	CPAR2_103870	C01081
R02003__cyto	CPAR2_103950	C00129
R02003__cyto	CPAR2_103950	C00341
R02003__cyto	CPAR2_302840	C00129
R02003__cyto	CPAR2_302840	C00341
R04955__cyto	CPAR2_302650	C05748
R00674__cyto	CPAR2_501440	C00463
R00674__cyto	CPAR2_501440	C00065
R00674__cyto	CPAR2_501390	C00463
R00674__cyto	CPAR2_501390	C00065
R02849__cyto	CPAR2_206020	C00738
R02849__cyto	CPAR2_206020	C00081
R02849__cyto	CPAR2_700080	C00738
R02849__cyto	CPAR2_700080	C00081
R02849__cyto	CPAR2_204260	C00738
R02849__cyto	CPAR2_204260	C00081
R02413__cyto	CPAR2_400020	C00493
R01801_Cyto__cyto	CPAR2_805350	C00269
R01801_Cyto__cyto	CPAR2_805350	C00093
R01398__cyto	CPAR2_601520	C00077
R01398__cyto	CPAR2_601520	C00169
TR2901159_CYTMEM__plas	CPAR2_805030	C08362
TR2901159_CYTMEM__plas	CPAR2_406100	C08362
R04208__cyto	CPAR2_208400	C04640
R10949__cyto	CPAR2_401060	C20969
R10949__cyto	CPAR2_203160	C20969
R10949__cyto	CPAR2_803010	C20969
TI6900005_CYTMEM__plas	CPAR2_503600	C00399
TI6900005_CYTMEM__plas	CPAR2_200690	C00399
TI6900005_CYTMEM__plas	CPAR2_206680	C00399
TI6900005_CYTMEM__plas	CPAR2_808860	C00399
TI6900005_CYTMEM__plas	CPAR2_103910	C00399
TI6900005_CYTMEM__plas	CPAR2_105870	C00399
TI6900005_CYTMEM__plas	CPAR2_209300	C00399
TI6900005_CYTMEM__plas	CPAR2_801570	C00399
TI6900005_CYTMEM__plas	CPAR2_103790	C00399
TI6900005_CYTMEM__plas	CPAR2_210820	C00399
TI6900005_CYTMEM__plas	CPAR2_213390	C00399
TI6900005_CYTMEM__plas	CPAR2_703410	C00399
TI6900005_CYTMEM__plas	CPAR2_109970	C00399
TI6900005_CYTMEM__plas	CPAR2_201110	C00399
TI6900005_CYTMEM__plas	CPAR2_102040	C00399
TI6900005_CYTMEM__plas	CPAR2_300360	C00399
TO0000924_CYTMEM__plas	CPAR2_107960	C01260
R01030__cyto	CPAR2_100810	C00670
R01030__cyto	CPAR2_803790	C00670
TR1000388_CYTMEM__plas	CPAR2_209680	C00499
TR1000388_CYTMEM__plas	CPAR2_209700	C00499
TR1000388_CYTMEM__plas	CPAR2_209690	C00499
TR1000388_CYTMEM__plas	CPAR2_502820	C00499
TR1000388_CYTMEM__plas	CPAR2_203890	C00499
TR1000388_CYTMEM__plas	CPAR2_203500	C00499
TR1000388_CYTMEM__plas	CPAR2_203510	C00499
TR1000388_CYTMEM__plas	CPAR2_207250	C00499
TR1000388_CYTMEM__plas	CPAR2_207260	C00499
TR1000388_CYTMEM__plas	CPAR2_102100	C00499
TR1000388_CYTMEM__plas	CPAR2_207270	C00499
TR0011455_CYTMEM__plas	CPAR2_303570	C02737
TR0011455_CYTMEM__plas	CPAR2_105400	C02737
TR0011455_CYTMEM__plas	CPAR2_601150	C02737
TR0011455_CYTMEM__plas	CPAR2_209630	C02737
TR0011455_CYTMEM__plas	CPAR2_202050	C02737
TR0011455_CYTMEM__plas	CPAR2_808970	C02737
TR0011455_CYTMEM__plas	CPAR2_104620	C02737
R03416__cyto	CPAR2_601740	C04438
R03416__cyto	CPAR2_701140	C04438
R03416__cyto	CPAR2_804680	C04438
R03416__cyto	CPAR2_601750	C04438
R03416__cyto	CPAR2_501700	C04438
R03416__cyto	CPAR2_808920	C04438
R03416__cyto	CPAR2_701130	C04438
R03416__cyto	CPAR2_601730	C04438
R03416__cyto	CPAR2_601760	C04438
R03416__cyto	CPAR2_701680	C04438
TR2900858_CYTMEM__plas	CPAR2_600780	C00059
TR2900858_CYTMEM__plas	CPAR2_600780	C00149
R00763__mito	CPAR2_205730	C00665
R00763__mito	CPAR2_301740	C00665
R00763__mito	CPAR2_106310	C00665
R08551__cyto	CPAR2_301960	C03161
R02722__cyto	CPAR2_501440	C03506
R02722__cyto	CPAR2_501440	C00065
R02722__cyto	CPAR2_501390	C03506
R02722__cyto	CPAR2_501390	C00065
TR2900990_CYTMEM__plas	CPAR2_805030	C06423
TR2900990_CYTMEM__plas	CPAR2_406100	C06423
R00220__pero	CPAR2_104810	C00065
R00220__pero	CPAR2_304120	C00065
R00220__pero	CPAR2_400460	C00065
R00220__pero	CPAR2_213940	C00065
TR2900267_CYTMEM__plas	CPAR2_103870	C00458
TR2900267_CYTMEM__plas	CPAR2_103870	C01081
R02739__cyto	CPAR2_204880	C00668
R02739__cyto	CPAR2_302570	C00668
TR2901179_CYTMEM__plas	CPAR2_504220	C00750
TR2901179_CYTMEM__plas	CPAR2_504220	C00315
TR2901179_CYTMEM__plas	CPAR2_301760	C00750
TR2901179_CYTMEM__plas	CPAR2_301760	C00315
TR2901179_CYTMEM__plas	CPAR2_300770	C00750
TR2901179_CYTMEM__plas	CPAR2_300770	C00315
TR2901179_CYTMEM__plas	CPAR2_300740	C00750
TR2901179_CYTMEM__plas	CPAR2_300740	C00315
TR2901179_CYTMEM__plas	CPAR2_300730	C00750
TR2901179_CYTMEM__plas	CPAR2_300730	C00315
TR2901179_CYTMEM__plas	CPAR2_300670	C00750
TR2901179_CYTMEM__plas	CPAR2_300670	C00315
TR2901179_CYTMEM__plas	CPAR2_300760	C00750
TR2901179_CYTMEM__plas	CPAR2_300760	C00315
TR2901179_CYTMEM__plas	CPAR2_300680	C00750
TR2901179_CYTMEM__plas	CPAR2_300680	C00315
TR2901179_CYTMEM__plas	CPAR2_300750	C00750
TR2901179_CYTMEM__plas	CPAR2_300750	C00315
TR2901179_CYTMEM__plas	CPAR2_700120	C00750
TR2901179_CYTMEM__plas	CPAR2_700120	C00315
TR2901179_CYTMEM__plas	CPAR2_300590	C00750
TR2901179_CYTMEM__plas	CPAR2_300590	C00315
R01157__cyto	CPAR2_602270	C00179
R01157__cyto	CPAR2_808380	C00179
R01330__cyto	CPAR2_206020	C00159
R01330__cyto	CPAR2_700080	C00159
R01330__cyto	CPAR2_204260	C00159
R00227__cyto	CPAR2_101620	C00024
R01220__mito	CPAR2_204710	C00143
R01220__mito	CPAR2_800600	C00143
R12205__mito	CPAR2_801860	C02050
R12205__mito	CPAR2_801860	C00999
TR1000121_CYTMEM__plas	CPAR2_210080	C00137
R01787__cyto	CPAR2_101350	C00794
TR2900277_CYTMEM__plas	CPAR2_805840	C04052
TR2900277_CYTMEM__plas	CPAR2_805840	C00158
TR2900030_CYTMEM__plas	CPAR2_211030	C00053
TR2900030_CYTMEM__plas	CPAR2_211030	C00059
R01288__cyto	CPAR2_110340	C00283
R01288__cyto	CPAR2_110340	C01118
R07396__cyto	CPAR2_603290	C01180
R07396__cyto	CPAR2_603290	C00025
R07396__cyto	CPAR2_213450	C01180
R07396__cyto	CPAR2_213450	C00025
R07396__cyto	CPAR2_500520	C01180
R07396__cyto	CPAR2_500520	C00025
R04566__cyto	CPAR2_105380	C04688
R04566__cyto	CPAR2_803490	C04688
R04566__cyto	CPAR2_302650	C04688
R04566__cyto	CPAR2_807400	C04688
R03036__cyto	CPAR2_303020	C00882
R03036__cyto	CPAR2_703280	C00882
R03036__cyto	CPAR2_501500	C00882
R08162__cyto	CPAR2_302650	C16520
TO0010516_PLAS__plas	CPAR2_603590	C14819
TO0010516_PLAS__plas	CPAR2_805630	C14819
R01960__cyto	CPAR2_504050	C00328
R11216__cyto	CPAR2_214170	C00613
R11216__cyto	CPAR2_110080	C00613
R11216__cyto	CPAR2_205930	C00613
TR0000111_CYTMEM__plas	CPAR2_800720	C00127
TR0000111_CYTMEM__plas	CPAR2_701630	C00127
TR0000111_CYTMEM__plas	CPAR2_301860	C00127
TR0000111_CYTMEM__plas	CPAR2_402140	C00127
TR0000111_CYTMEM__plas	CPAR2_800230	C00127
TR0000111_CYTMEM__plas	CPAR2_800250	C00127
TR0000111_CYTMEM__plas	CPAR2_800240	C00127
TR0000111_CYTMEM__plas	CPAR2_807910	C00127
TR2900287_CYTMEM__plas	CPAR2_805840	C00158
TR2900287_CYTMEM__plas	CPAR2_805840	C02341
TR2900308_CYTMEM__plas	CPAR2_303940	C00147
TR2900308_CYTMEM__plas	CPAR2_303940	C00032
R01274__pero	CPAR2_209830	C00154
TR0001563_CYTMEM__plas	CPAR2_803540	C02341
R01051__cyto	CPAR2_201350	C00121
R00974__cyto	CPAR2_602820	C00380
R03661__cyto	CPAR2_803080	C00148
R03661__cyto	CPAR2_803080	C01649
R03661__cyto	CPAR2_703820	C00148
R03661__cyto	CPAR2_703820	C01649
R03661__cyto	CPAR2_802990	C00148
R03661__cyto	CPAR2_802990	C01649
R11764__cyto	CPAR2_101350	C00272
TR0000559_CYTMEM__plas	CPAR2_209630	C00751
TR0000559_CYTMEM__plas	CPAR2_105400	C00751
TR0000559_CYTMEM__plas	CPAR2_808970	C00751
R00278__cyto	CPAR2_204180	C00627
R04430__cyto	CPAR2_807400	C04246
R04430__cyto	CPAR2_804560	C04246
R04430__cyto	CPAR2_504100	C04246
R04430__cyto	CPAR2_302650	C04246
TR1000157_CYTMEM__plas	CPAR2_210080	C00184
TR1000157_CYTMEM__plas	CPAR2_210150	C00184
TR1000157_CYTMEM__plas	CPAR2_108340	C00184
TR1000157_CYTMEM__plas	CPAR2_212860	C00184
TR1000157_CYTMEM__plas	CPAR2_212850	C00184
TR1000157_CYTMEM__plas	CPAR2_108370	C00184
TR1000157_CYTMEM__plas	CPAR2_108350	C00184
TR1000157_CYTMEM__plas	CPAR2_108210	C00184
TR1000157_CYTMEM__plas	CPAR2_108220	C00184
TR1000157_CYTMEM__plas	CPAR2_108360	C00184
R02558__cyto	CPAR2_200980	C00844
R02558__cyto	CPAR2_200990	C00844
R02017__cyto	CPAR2_212160	C00342
R02017__cyto	CPAR2_211690	C00342
R02017__cyto	CPAR2_204520	C00342
TR2916905_CYTMEM__plas	CPAR2_404450	C00036
TR2916905_CYTMEM__plas	CPAR2_404450	C00320
R04964__cyto	CPAR2_105380	C05757
R04964__cyto	CPAR2_803490	C05757
R04964__cyto	CPAR2_302650	C05757
R04964__cyto	CPAR2_807400	C05757
R01926__mito	CPAR2_804970	C00319
R04882__pero	CPAR2_212210	C05577
R04882__pero	CPAR2_203980	C05577
R04882__pero	CPAR2_108810	C05577
R01736__cyto	CPAR2_407100	C03451
R01626__cyto	CPAR2_204700	C00229
R01626__cyto	CPAR2_204700	C00083
R01626__cyto	CPAR2_302650	C00229
R01626__cyto	CPAR2_302650	C00083
R05733__cyto	CPAR2_400970	C04814
R05733__cyto	CPAR2_400970	C00999
R05733__cyto	CPAR2_801410	C04814
R05733__cyto	CPAR2_801410	C00999
R04969__cyto	CPAR2_302650	C05763
R01209__mito	CPAR2_100130	C04039
R00316__cyto	CPAR2_106960	C00033
R00316__cyto	CPAR2_405810	C00033
R02016_Cyto__cyto	CPAR2_303180	C00343
TZ2900063_CYTMEM__plas	CPAR2_806120	C00288
R00390__cyto	CPAR2_805420	C00162
R00390__cyto	CPAR2_500820	C00162
R00390__cyto	CPAR2_805400	C00162
R00390__cyto	CPAR2_701660	C00162
R00390__cyto	CPAR2_805390	C00162
R00390__cyto	CPAR2_807240	C00162
R00390__cyto	CPAR2_102560	C00162
R00390__cyto	CPAR2_200640	C00162
R00390__cyto	CPAR2_102550	C00162
R00390__cyto	CPAR2_102570	C00162
R00390__cyto	CPAR2_807230	C00162
R00390__cyto	CPAR2_805410	C00162
R01600__cyto	CPAR2_206020	C00221
R01600__cyto	CPAR2_700080	C00221
R01600__cyto	CPAR2_204260	C00221
TR0000283_CYTMEM__plas	CPAR2_209630	C00341
TR0000283_CYTMEM__plas	CPAR2_105400	C00341
TR0000283_CYTMEM__plas	CPAR2_808970	C00341
R01710__cyto	CPAR2_204180	C00534
R03217__cyto	CPAR2_110340	C01077
R03217__cyto	CPAR2_110340	C00097
R07134__cyto	CPAR2_501150	C01904
R07134__cyto	CPAR2_603350	C01904
R07134__cyto	CPAR2_205820	C01904
R07134__cyto	CPAR2_501160	C01904
R07134__cyto	CPAR2_501170	C01904
R04533__cyto	CPAR2_105380	C04618
R04533__cyto	CPAR2_807400	C04618
R04533__cyto	CPAR2_803490	C04618
R04533__cyto	CPAR2_302650	C04618
R02024__cyto	CPAR2_212160	C00342
R02024__cyto	CPAR2_211690	C00342
R02024__cyto	CPAR2_204520	C00342
TR1000179_CYTMEM__plas	CPAR2_210080	C00208
TR1000179_CYTMEM__plas	CPAR2_210150	C00208
TR1000179_CYTMEM__plas	CPAR2_108340	C00208
TR1000179_CYTMEM__plas	CPAR2_212860	C00208
TR1000179_CYTMEM__plas	CPAR2_212850	C00208
TR1000179_CYTMEM__plas	CPAR2_108370	C00208
TR1000179_CYTMEM__plas	CPAR2_108350	C00208
TR1000179_CYTMEM__plas	CPAR2_108210	C00208
TR1000179_CYTMEM__plas	CPAR2_108220	C00208
TR1000179_CYTMEM__plas	CPAR2_108360	C00208
R00988__cyto	CPAR2_700520	C05653
R00705__cyto	CPAR2_500880	C00222
R11216__mito	CPAR2_214170	C00613
R11216__mito	CPAR2_205930	C00613
R04371__cyto	CPAR2_500690	C05662
TR0000919_CYTMEM__plas	CPAR2_803540	C01251
R03758__mito	CPAR2_400990	C03508
R03542__cyto	CPAR2_303130	C05714
R01431__cyto	CPAR2_808750	C00379
R01431__cyto	CPAR2_700020	C00379
R01431__cyto	CPAR2_101350	C00379
R01431__cyto	CPAR2_808660	C00379
R01431__cyto	CPAR2_109870	C00379
R01431__cyto	CPAR2_406790	C00379
R01321__cyto	CPAR2_703140	C00641
R01321__cyto	CPAR2_703140	C00307
R10825__mito	CPAR2_211750	C00040
R10825__mito	CPAR2_211750	C00083
R10825__mito	CPAR2_201340	C00040
R10825__mito	CPAR2_201340	C00083
R10825__mito	CPAR2_807310	C00040
R10825__mito	CPAR2_807310	C00083
R00708__mito	CPAR2_101480	C03912
R10928__cyto	CPAR2_805270	C11556
R03648__cyto	CPAR2_703840	C00152
R03648__cyto	CPAR2_703840	C01637
R03648__cyto	CPAR2_802400	C00152
R03648__cyto	CPAR2_802400	C01637
R03648__cyto	CPAR2_703810	C00152
R03648__cyto	CPAR2_703810	C01637
TR0011837_CYTMEM__plas	CPAR2_105400	C01277
TR0011837_CYTMEM__plas	CPAR2_601150	C01277
TR0011837_CYTMEM__plas	CPAR2_209630	C01277
TR0011837_CYTMEM__plas	CPAR2_202050	C01277
TR0011837_CYTMEM__plas	CPAR2_808970	C01277
TR0011837_CYTMEM__plas	CPAR2_104620	C01277
TR2900119_CYTMEM__plas	CPAR2_103870	C00380
TR2900119_CYTMEM__plas	CPAR2_103870	C01081
R05616__cyto	CPAR2_200190	C01230
R05616__cyto	CPAR2_200190	C00156
TO1000074_CYTMEM__plas	CPAR2_804430	C00087
TO1000074_CYTMEM__plas	CPAR2_200880	C00087
TO1000074_CYTMEM__plas	CPAR2_200830	C00087
TO1000074_CYTMEM__plas	CPAR2_203330	C00087
TO1000074_CYTMEM__plas	CPAR2_603530	C00087
TO1000074_CYTMEM__plas	CPAR2_303550	C00087
TO1000074_CYTMEM__plas	CPAR2_800760	C00087
TO1000074_CYTMEM__plas	CPAR2_403820	C00087
TO1000074_CYTMEM__plas	CPAR2_503540	C00087
TO1000074_CYTMEM__plas	CPAR2_804220	C00087
TO1000074_CYTMEM__plas	CPAR2_503530	C00087
TO1000074_CYTMEM__plas	CPAR2_100570	C00087
TO1000074_CYTMEM__plas	CPAR2_101860	C00087
TO1000074_CYTMEM__plas	CPAR2_403670	C00087
TO1000074_CYTMEM__plas	CPAR2_403710	C00087
TO1000074_CYTMEM__plas	CPAR2_212620	C00087
TO1000074_CYTMEM__plas	CPAR2_801820	C00087
R01799__mito	CPAR2_502170	C00063
R01799__mito	CPAR2_502170	C00416
R01799__mito	CPAR2_304360	C00063
R01799__mito	CPAR2_304360	C00416
R09376__cyto	CPAR2_201320	C01304
R11101__cyto	CPAR2_104810	C17234
R11101__cyto	CPAR2_304120	C17234
R11101__cyto	CPAR2_213940	C17234
TO1002197_CYTMEM__plas	CPAR2_201790	C03479
TO1002197_CYTMEM__plas	CPAR2_201900	C03479
TO1002197_CYTMEM__plas	CPAR2_806580	C03479
R00772__cyto	CPAR2_406050	C00275
R02059__cyto	CPAR2_700100	C00357
R04751__cyto	CPAR2_807710	C05270
R04751__cyto	CPAR2_807700	C05270
R04751__cyto	CPAR2_807600	C05270
R04751__cyto	CPAR2_807720	C05270
R00937__mito	CPAR2_704170	C00101
R09477__cyto	CPAR2_808750	C00379
R09477__cyto	CPAR2_700020	C00379
R09477__cyto	CPAR2_101350	C00379
R09477__cyto	CPAR2_808660	C00379
R09477__cyto	CPAR2_109870	C00379
R09477__cyto	CPAR2_406790	C00379
TO0000021_PLAS__plas	CPAR2_603590	C14818
TO0000021_PLAS__plas	CPAR2_700570	C14818
TO0000021_PLAS__plas	CPAR2_805630	C14818
TO0000021_PLAS__plas	CPAR2_603600	C14818
R10825__cyto	CPAR2_211750	C00040
R10825__cyto	CPAR2_211750	C00083
R10825__cyto	CPAR2_201340	C00040
R10825__cyto	CPAR2_201340	C00083
R10825__cyto	CPAR2_807310	C00040
R10825__cyto	CPAR2_807310	C00083
R02235__mito	CPAR2_704170	C00415
TO1000184_CYTMEM__plas	CPAR2_209780	C00214
R07409__cyto	CPAR2_402730	C00114
R07409__cyto	CPAR2_402730	C00138
R04144__cyto	CPAR2_208400	C00037
R04144__cyto	CPAR2_208400	C03090
TO1000478_CYTMEM__plas	CPAR2_201790	C00627
TO1000478_CYTMEM__plas	CPAR2_201900	C00627
TO1000478_CYTMEM__plas	CPAR2_806580	C00627
TR2916888_CYTMEM__plas	CPAR2_603710	C00158
TR2916888_CYTMEM__plas	CPAR2_603710	C00042
TR2916888_CYTMEM__plas	CPAR2_805840	C00158
TR2916888_CYTMEM__plas	CPAR2_805840	C00042
R00772__mito	CPAR2_406050	C00275
R03758__cyto	CPAR2_400990	C03508
R03158__cyto	CPAR2_108690	C01013
R12404__cyto	CPAR2_302110	C22112
R02668__cyto	CPAR2_207220	C03227
R02778__cyto	CPAR2_407750	C00689
R12399__cyto	CPAR2_801560	C22121
TO1000201_CYTMEM__plas	CPAR2_201790	C00234
TO1000201_CYTMEM__plas	CPAR2_201900	C00234
TO1000201_CYTMEM__plas	CPAR2_806580	C00234
R02235__cyto	CPAR2_704170	C00415
TZ3000012_CYTMEM__plas	CPAR2_805420	C06424
TZ3000012_CYTMEM__plas	CPAR2_500820	C06424
TZ3000012_CYTMEM__plas	CPAR2_805400	C06424
TZ3000012_CYTMEM__plas	CPAR2_602940	C06424
TZ3000012_CYTMEM__plas	CPAR2_701660	C06424
TZ3000012_CYTMEM__plas	CPAR2_805390	C06424
TZ3000012_CYTMEM__plas	CPAR2_807240	C06424
TZ3000012_CYTMEM__plas	CPAR2_102560	C06424
TZ3000012_CYTMEM__plas	CPAR2_200640	C06424
TZ3000012_CYTMEM__plas	CPAR2_102550	C06424
TZ3000012_CYTMEM__plas	CPAR2_102570	C06424
TZ3000012_CYTMEM__plas	CPAR2_807230	C06424
TZ3000012_CYTMEM__plas	CPAR2_805410	C06424
R00332__cyto	CPAR2_303080	C00144
R01752__cyto	CPAR2_702980	C00577
R01752__cyto	CPAR2_109500	C00577
R01752__cyto	CPAR2_203980	C00577
TR2900289_CYTMEM__plas	CPAR2_805840	C00158
TR2900289_CYTMEM__plas	CPAR2_805840	C00417
R02617__cyto	CPAR2_102320	C00040
R02617__cyto	CPAR2_102320	C00093
R02617__cyto	CPAR2_210650	C00040
R02617__cyto	CPAR2_210650	C00093
R01086__cyto	CPAR2_703790	C03406
R10056__cyto	CPAR2_804110	C00026
R10056__cyto	CPAR2_804110	C05545
TO1000263_CYTMEM__plas	CPAR2_201790	C00314
TO1000263_CYTMEM__plas	CPAR2_201900	C00314
TO1000263_CYTMEM__plas	CPAR2_806580	C00314
R04863__cyto	CPAR2_108400	C11482
R04863__cyto	CPAR2_108400	C05560
R10827__cyto	CPAR2_203400	C20878
R10827__cyto	CPAR2_704270	C20878
R10827__cyto	CPAR2_704290	C20878
R03903__cyto	CPAR2_603360	C02265
R03903__cyto	CPAR2_603360	C00024
R01663__cyto	CPAR2_700480	C00239
TR2000043_CYTMEM__plas	CPAR2_808770	C00052
TO0000311_CYTMEM__plas	CPAR2_107960	C00387
TR2900291_CYTMEM__plas	CPAR2_805840	C05364
TR2900291_CYTMEM__plas	CPAR2_805840	C00158
R11099__pero	CPAR2_400460	C20904
R11099__pero	CPAR2_213940	C20904
TR0001210_CYTMEM__plas	CPAR2_209630	C01753
TR0001210_CYTMEM__plas	CPAR2_105400	C01753
TR0001210_CYTMEM__plas	CPAR2_808970	C01753
R08282__pero	CPAR2_212210	C07645
R08282__pero	CPAR2_203980	C07645
R08282__pero	CPAR2_108810	C07645
R05046__cyto	CPAR2_101130	C05922
TR0003847_CYTMEM__plas	CPAR2_701830	C06424
TR0003847_CYTMEM__plas	CPAR2_400400	C06424
TR0003847_CYTMEM__plas	CPAR2_206490	C06424
R00582__cyto	CPAR2_212320	C01005
R04536__cyto	CPAR2_302650	C04620
R04536__cyto	CPAR2_807400	C04620
R04536__cyto	CPAR2_105380	C04620
R04536__cyto	CPAR2_803490	C04620
R01759__cyto	CPAR2_101350	C00532
R00405__mito	CPAR2_204740	C00042
R00405__mito	CPAR2_109420	C00042
R00770__cyto	CPAR2_703030	C00085
R00770__cyto	CPAR2_703030	C00081
R00770__cyto	CPAR2_101070	C00085
R00770__cyto	CPAR2_101070	C00081
TR2900203_CYTMEM__plas	CPAR2_103870	C00106
TR2900203_CYTMEM__plas	CPAR2_103870	C01081
R02731__cyto	CPAR2_205730	C00665
R02731__cyto	CPAR2_301740	C00665
R02731__cyto	CPAR2_106310	C00665
R04946__cyto	CPAR2_110340	C05688
R04946__cyto	CPAR2_110340	C01118
TR0003566_CYTMEM__plas	CPAR2_701830	C05993
TR0003566_CYTMEM__plas	CPAR2_400400	C05993
TR0003566_CYTMEM__plas	CPAR2_206490	C05993
R00014__mito	CPAR2_500040	C00022
R00014__mito	CPAR2_500040	C00068
R00014__mito	CPAR2_402950	C00022
R00014__mito	CPAR2_402950	C00068
TR2900101_CYTMEM__plas	CPAR2_103870	C00055
TR2900101_CYTMEM__plas	CPAR2_103870	C01081
R00177__cyto	CPAR2_207990	C00073
R11220__cyto	CPAR2_214170	C00613
R11220__cyto	CPAR2_205930	C00613
R00209__mito	CPAR2_203480	C00022
R00209__mito	CPAR2_205940	C00022
R00209__mito	CPAR2_805290	C00022
R00209__mito	CPAR2_500040	C00022
R00209__mito	CPAR2_402950	C00022
R00209__mito	CPAR2_204360	C00022
R01279__cyto	CPAR2_807710	C00154
R01279__cyto	CPAR2_807700	C00154
R01279__cyto	CPAR2_807600	C00154
R01279__cyto	CPAR2_807720	C00154
TR2916185_CYTMEM__plas	CPAR2_402960	C00024
R00515__mito	CPAR2_703280	C00063
R00515__mito	CPAR2_303020	C00063
R00515__mito	CPAR2_501500	C00063
TR1000306_CYTMEM__plas	CPAR2_210080	C00379
TR1000306_CYTMEM__plas	CPAR2_210150	C00379
TR1000306_CYTMEM__plas	CPAR2_108340	C00379
TR1000306_CYTMEM__plas	CPAR2_212860	C00379
TR1000306_CYTMEM__plas	CPAR2_212850	C00379
TR1000306_CYTMEM__plas	CPAR2_108370	C00379
TR1000306_CYTMEM__plas	CPAR2_108350	C00379
TR1000306_CYTMEM__plas	CPAR2_108210	C00379
TR1000306_CYTMEM__plas	CPAR2_108220	C00379
TR1000306_CYTMEM__plas	CPAR2_108360	C00379
R00904__cyto	CPAR2_212210	C05665
R00904__cyto	CPAR2_109500	C05665
R00904__cyto	CPAR2_108810	C05665
R00904__cyto	CPAR2_702980	C05665
R00904__cyto	CPAR2_203980	C05665
TR0012849_CYTMEM__plas	CPAR2_105400	C06254
TR0012849_CYTMEM__plas	CPAR2_601150	C06254
TR0012849_CYTMEM__plas	CPAR2_209630	C06254
TR0012849_CYTMEM__plas	CPAR2_202050	C06254
TR0012849_CYTMEM__plas	CPAR2_808970	C06254
TR0012849_CYTMEM__plas	CPAR2_104620	C06254
R01773__cyto	CPAR2_106630	C00263
R00515__cyto	CPAR2_303020	C00063
R00515__cyto	CPAR2_703280	C00063
R00515__cyto	CPAR2_501500	C00063
TZ2900031_CYTMEM__plas	CPAR2_806120	C00462
TR0002419_CYTMEM__plas	CPAR2_209630	C03885
TR0002419_CYTMEM__plas	CPAR2_105400	C03885
TR0002419_CYTMEM__plas	CPAR2_808970	C03885
TR0011662_CYTMEM__plas	CPAR2_209630	C00381
TR0011662_CYTMEM__plas	CPAR2_105400	C00381
TR0011662_CYTMEM__plas	CPAR2_808970	C00381
R03755__cyto	CPAR2_503080	C01885
R03755__cyto	CPAR2_503080	C00040
R00925__cyto	CPAR2_106960	C00163
R00925__cyto	CPAR2_405810	C00163
R03970__cyto	CPAR2_110410	C02512
R03970__cyto	CPAR2_110410	C00025
R03970__cyto	CPAR2_403550	C02512
R03970__cyto	CPAR2_403550	C00025
TR0000029_CYTMEM__plas	CPAR2_703260	C00033
TR0000029_CYTMEM__plas	CPAR2_502800	C00033
TR0000029_CYTMEM__plas	CPAR2_601880	C00033
TR0000029_CYTMEM__plas	CPAR2_502790	C00033
TR0000029_CYTMEM__plas	CPAR2_502810	C00033
TR0000029_CYTMEM__plas	CPAR2_104450	C00033
TR0000029_CYTMEM__plas	CPAR2_502340	C00033
R03629__cyto	CPAR2_500140	C03024
R03629__cyto	CPAR2_500140	C01598
R10089__mito	CPAR2_106660	C00117
R10089__mito	CPAR2_106660	C00064
R10089__mito	CPAR2_106660	C00118
R10089__mito	CPAR2_106650	C00117
R10089__mito	CPAR2_106650	C00064
R10089__mito	CPAR2_106650	C00118
R00236__cyto	CPAR2_106960	C05993
R00236__cyto	CPAR2_405810	C05993
R01974__cyto	CPAR2_203270	C00331
R04962__cyto	CPAR2_807400	C05754
R04962__cyto	CPAR2_804560	C05754
R04962__cyto	CPAR2_504100	C05754
R04962__cyto	CPAR2_302650	C05754
TR0012375_CYTMEM__plas	CPAR2_105400	C03715
TR0012375_CYTMEM__plas	CPAR2_601150	C03715
TR0012375_CYTMEM__plas	CPAR2_209630	C03715
TR0012375_CYTMEM__plas	CPAR2_202050	C03715
TR0012375_CYTMEM__plas	CPAR2_808970	C03715
TR0012375_CYTMEM__plas	CPAR2_104620	C03715
TR2901117_CYTMEM__plas	CPAR2_805030	C00344
TR2901117_CYTMEM__plas	CPAR2_406100	C00344
R02731__mito	CPAR2_205730	C00665
R02731__mito	CPAR2_301740	C00665
R02731__mito	CPAR2_106310	C00665
R11220__mito	CPAR2_214170	C00613
R11220__mito	CPAR2_205930	C00613
TR2900988_CYTMEM__plas	CPAR2_805030	C00712
TR2900988_CYTMEM__plas	CPAR2_406100	C00712
R01274__cyto	CPAR2_104150	C00154
R09510__cyto	CPAR2_804110	C00026
R09510__cyto	CPAR2_804110	C05545
R02283__cyto	CPAR2_403030	C00437
R02283__cyto	CPAR2_403030	C00026
R00751__cyto	CPAR2_804200	C00188
R00751__cyto	CPAR2_203970	C00188
TR1001017_CYTMEM__plas	CPAR2_209680	C01419
TR1001017_CYTMEM__plas	CPAR2_209700	C01419
TR1001017_CYTMEM__plas	CPAR2_209690	C01419
TR1001017_CYTMEM__plas	CPAR2_502820	C01419
TR1001017_CYTMEM__plas	CPAR2_203890	C01419
TR1001017_CYTMEM__plas	CPAR2_203500	C01419
TR1001017_CYTMEM__plas	CPAR2_203510	C01419
TR1001017_CYTMEM__plas	CPAR2_207250	C01419
TR1001017_CYTMEM__plas	CPAR2_207260	C01419
TR1001017_CYTMEM__plas	CPAR2_102100	C01419
TR1001017_CYTMEM__plas	CPAR2_207270	C01419
R00513__cyto	CPAR2_404130	C00475
R03313__cyto	CPAR2_808960	C03287
R02577__cyto	CPAR2_101350	C00583
TR1000105_CYTMEM__plas	CPAR2_210080	C00121
TR1000105_CYTMEM__plas	CPAR2_210150	C00121
TR1000105_CYTMEM__plas	CPAR2_108340	C00121
TR1000105_CYTMEM__plas	CPAR2_212860	C00121
TR1000105_CYTMEM__plas	CPAR2_212850	C00121
TR1000105_CYTMEM__plas	CPAR2_108370	C00121
TR1000105_CYTMEM__plas	CPAR2_108350	C00121
TR1000105_CYTMEM__plas	CPAR2_108210	C00121
TR1000105_CYTMEM__plas	CPAR2_108220	C00121
TR1000105_CYTMEM__plas	CPAR2_108360	C00121
TR1000027_CYTMEM__plas	CPAR2_600460	C00031
TR1000027_CYTMEM__plas	CPAR2_802600	C00031
TR1000027_CYTMEM__plas	CPAR2_210080	C00031
TR1000027_CYTMEM__plas	CPAR2_703800	C00031
TR1000027_CYTMEM__plas	CPAR2_210150	C00031
TR1000027_CYTMEM__plas	CPAR2_108340	C00031
TR1000027_CYTMEM__plas	CPAR2_212860	C00031
TR1000027_CYTMEM__plas	CPAR2_600450	C00031
TR1000027_CYTMEM__plas	CPAR2_212850	C00031
TR1000027_CYTMEM__plas	CPAR2_108370	C00031
TR1000027_CYTMEM__plas	CPAR2_108350	C00031
TR1000027_CYTMEM__plas	CPAR2_108210	C00031
TR1000027_CYTMEM__plas	CPAR2_108220	C00031
TR1000027_CYTMEM__plas	CPAR2_108360	C00031
TR1000027_CYTMEM__plas	CPAR2_301390	C00031
R04037__cyto	CPAR2_402720	C02741
R04779__cyto	CPAR2_703030	C05345
R04779__cyto	CPAR2_101070	C05345
TR0012678_CYTMEM__plas	CPAR2_105400	C05212
TR0012678_CYTMEM__plas	CPAR2_601150	C05212
TR0012678_CYTMEM__plas	CPAR2_209630	C05212
TR0012678_CYTMEM__plas	CPAR2_202050	C05212
TR0012678_CYTMEM__plas	CPAR2_808970	C05212
TR0012678_CYTMEM__plas	CPAR2_104620	C05212
TO0000367_CYTMEM__plas	CPAR2_402410	C00475
TO0000367_CYTMEM__plas	CPAR2_107960	C00475
TZ2900053_CYTMEM__plas	CPAR2_806120	C00177
TR2900966_CYTMEM__plas	CPAR2_805030	C04672
TR2900966_CYTMEM__plas	CPAR2_406100	C04672
TR0011684_CYTMEM__plas	CPAR2_213780	C00462
TR0011684_CYTMEM__plas	CPAR2_103750	C00462
TR0011684_CYTMEM__plas	CPAR2_105050	C00462
TR0011684_CYTMEM__plas	CPAR2_700380	C00462
TR0011684_CYTMEM__plas	CPAR2_302390	C00462
TR0011684_CYTMEM__plas	CPAR2_702380	C00462
TR0011684_CYTMEM__plas	CPAR2_205670	C00462
TR0011684_CYTMEM__plas	CPAR2_106940	C00462
TR0011684_CYTMEM__plas	CPAR2_602600	C00462
TR0011684_CYTMEM__plas	CPAR2_107160	C00462
TR0011684_CYTMEM__plas	CPAR2_301150	C00462
R04726__cyto	CPAR2_807400	C01209
R04726__cyto	CPAR2_807400	C05223
R04726__cyto	CPAR2_302650	C01209
R04726__cyto	CPAR2_302650	C05223
R02109__cyto	CPAR2_500020	C00369
R02340__cyto	CPAR2_501440	C03506
R02340__cyto	CPAR2_501390	C03506
R03066__cyto	CPAR2_303390	C00568
R03066__cyto	CPAR2_303390	C01300
R01574__cyto	CPAR2_806240	C00216
R01574__cyto	CPAR2_402820	C00216
R10951__cyto	CPAR2_211930	C01194
R07162__mito	CPAR2_107360	C00658
R00287__cyto	CPAR2_303020	C00029
R00287__cyto	CPAR2_703280	C00029
R00287__cyto	CPAR2_501500	C00029
R04301__cyto	CPAR2_703530	C03758
R02106__cyto	CPAR2_213600	C00366
R01880__cyto	CPAR2_404130	C00286
R01880__cyto	CPAR2_404130	C00299
TR0012500_CYTMEM__plas	CPAR2_105400	C04248
TR0012500_CYTMEM__plas	CPAR2_601150	C04248
TR0012500_CYTMEM__plas	CPAR2_209630	C04248
TR0012500_CYTMEM__plas	CPAR2_202050	C04248
TR0012500_CYTMEM__plas	CPAR2_808970	C04248
TR0012500_CYTMEM__plas	CPAR2_104620	C04248
TR1900004_CYTMEM__plas	CPAR2_213200	C14819
R01708__cyto	CPAR2_701460	C00314
R01818__cyto	CPAR2_106460	C00275
TO1000016_CYTMEM__plas	CPAR2_201790	C00018
TO1000016_CYTMEM__plas	CPAR2_201900	C00018
TO1000016_CYTMEM__plas	CPAR2_806580	C00018
TO1000182_CYTMEM__plas	CPAR2_209780	C00212
R02687__cyto	CPAR2_108800	C00641
R02687__cyto	CPAR2_703190	C00641
R02687__cyto	CPAR2_501220	C00641
R02687__cyto	CPAR2_602620	C00641
R02687__cyto	CPAR2_703200	C00641
R02687__cyto	CPAR2_601970	C00641
R02687__cyto	CPAR2_603220	C00641
R02687__cyto	CPAR2_503050	C00641
TZ3000004_CYTMEM__plas	CPAR2_805420	C06423
TZ3000004_CYTMEM__plas	CPAR2_500820	C06423
TZ3000004_CYTMEM__plas	CPAR2_805400	C06423
TZ3000004_CYTMEM__plas	CPAR2_602940	C06423
TZ3000004_CYTMEM__plas	CPAR2_701660	C06423
TZ3000004_CYTMEM__plas	CPAR2_805390	C06423
TZ3000004_CYTMEM__plas	CPAR2_807240	C06423
TZ3000004_CYTMEM__plas	CPAR2_102560	C06423
TZ3000004_CYTMEM__plas	CPAR2_200640	C06423
TZ3000004_CYTMEM__plas	CPAR2_102550	C06423
TZ3000004_CYTMEM__plas	CPAR2_102570	C06423
TZ3000004_CYTMEM__plas	CPAR2_807230	C06423
TZ3000004_CYTMEM__plas	CPAR2_805410	C06423
R07888__cyto	CPAR2_807710	C16327
R07888__cyto	CPAR2_807700	C16327
R07888__cyto	CPAR2_807600	C16327
R07888__cyto	CPAR2_807720	C16327
R12329__cyto	CPAR2_201450	C20683
R12329__cyto	CPAR2_201150	C20683
R00257__cyto	CPAR2_214140	C00064
R00257__cyto	CPAR2_214140	C00857
TO1000367_CYTMEM__plas	CPAR2_209780	C00475
TR0000289_CYTMEM__plas	CPAR2_209630	C00353
TR0000289_CYTMEM__plas	CPAR2_105400	C00353
TR0000289_CYTMEM__plas	CPAR2_808970	C00353
R08362__pero	CPAR2_402640	C02090
R08362__pero	CPAR2_402640	C15498
R08362__pero	CPAR2_805590	C02090
R08362__pero	CPAR2_805590	C15498
R08362__pero	CPAR2_212690	C02090
R08362__pero	CPAR2_212690	C15498
R08362__pero	CPAR2_702750	C02090
R08362__pero	CPAR2_702750	C15498
R08362__pero	CPAR2_603150	C02090
R08362__pero	CPAR2_603150	C15498
R08362__pero	CPAR2_404840	C02090
R08362__pero	CPAR2_404840	C15498
R08362__pero	CPAR2_107720	C02090
R08362__pero	CPAR2_107720	C15498
R08362__pero	CPAR2_503420	C02090
R08362__pero	CPAR2_503420	C15498
R08362__pero	CPAR2_403210	C02090
R08362__pero	CPAR2_403210	C15498
R04426__cyto	CPAR2_805510	C04411
TO1000924_CYTMEM__plas	CPAR2_209780	C01260
R03013__cyto	CPAR2_703830	C01100
TR0015545_CYTMEM__plas	CPAR2_105400	C03892
TR0015545_CYTMEM__plas	CPAR2_601150	C03892
TR0015545_CYTMEM__plas	CPAR2_209630	C03892
TR0015545_CYTMEM__plas	CPAR2_202050	C03892
TR0015545_CYTMEM__plas	CPAR2_808970	C03892
TR0015545_CYTMEM__plas	CPAR2_104620	C03892
R00344__cyto	CPAR2_402090	C00022
R00344__cyto	CPAR2_402090	C00288
R04889__cyto	CPAR2_212210	C05581
R04889__cyto	CPAR2_203980	C05581
R04889__cyto	CPAR2_108810	C05581
R04756__cyto	CPAR2_205500	C05280
R04756__cyto	CPAR2_205570	C05280
R04756__cyto	CPAR2_205560	C05280
TR2901005_CYTMEM__plas	CPAR2_805030	C05983
TR2901005_CYTMEM__plas	CPAR2_406100	C05983
R01926__cyto	CPAR2_804970	C00319
R01706__cyto	CPAR2_302650	C05764
R04866__cyto	CPAR2_404590	C05544
R04866__cyto	CPAR2_402740	C05544
R04866__cyto	CPAR2_407180	C05544
R04866__cyto	CPAR2_109980	C05544
R00014__cyto	CPAR2_405780	C00022
R00014__cyto	CPAR2_405780	C00068
R00014__cyto	CPAR2_501020	C00022
R00014__cyto	CPAR2_501020	C00068
R00754__cyto	CPAR2_804750	C00469
R00754__cyto	CPAR2_501780	C00469
R00754__cyto	CPAR2_502580	C00469
R00754__cyto	CPAR2_601950	C00469
R03197__cyto	CPAR2_404040	C01051
R12205__pero	CPAR2_801860	C02050
R12205__pero	CPAR2_801860	C00999
TO1000207_CYTMEM__plas	CPAR2_201790	C00242
TO1000207_CYTMEM__plas	CPAR2_201900	C00242
TO1000207_CYTMEM__plas	CPAR2_806580	C00242
TO0000249_CYTMEM__plas	CPAR2_402410	C00299
TO0000249_CYTMEM__plas	CPAR2_107960	C00299
TR2000137_CYTMEM__plas	CPAR2_100870	C00158
TR2000137_CYTMEM__plas	CPAR2_805840	C00158
TO1000345_CYTMEM__plas	CPAR2_201790	C00440
TO1000345_CYTMEM__plas	CPAR2_201900	C00440
TO1000345_CYTMEM__plas	CPAR2_806580	C00440
R01054__cyto	CPAR2_808790	C00301
R04559__cyto	CPAR2_204960	C04823
R02324__cyto	CPAR2_202110	C03150
R07505__cyto	CPAR2_105550	C15777
R07505__cyto	CPAR2_105550	C00999
R08174__pero	CPAR2_209830	C00412
R04428__cyto	CPAR2_807400	C04618
R04428__cyto	CPAR2_302650	C04618
R00955__cyto	CPAR2_106170	C00029
R00955__cyto	CPAR2_106170	C00446
R08575__cyto	CPAR2_202600	C05382
R08575__cyto	CPAR2_202600	C00118
R04444__mito	CPAR2_101480	C04281
R00897__cyto	CPAR2_106760	C00979
R00897__cyto	CPAR2_106760	C00283
R00897__cyto	CPAR2_602080	C00979
R00897__cyto	CPAR2_602080	C00283
R00897__cyto	CPAR2_402160	C00979
R00897__cyto	CPAR2_402160	C00283
R00897__cyto	CPAR2_300800	C00979
R00897__cyto	CPAR2_300800	C00283
R12657__mito	CPAR2_602300	C03226
R08639__cyto	CPAR2_800220	C00103
R08639__cyto	CPAR2_807930	C00103
R01993__cyto	CPAR2_100500	C00337
R02872__cyto	CPAR2_406760	C03428
R10700__cyto	CPAR2_807400	C05764
R10700__cyto	CPAR2_302650	C05764
R01021__cyto	CPAR2_807340	C00114
R07389__cyto	CPAR2_703140	C03201
R07389__cyto	CPAR2_703140	C00307
R10089__cyto	CPAR2_106660	C00117
R10089__cyto	CPAR2_106660	C00064
R10089__cyto	CPAR2_106660	C00118
R10089__cyto	CPAR2_106650	C00117
R10089__cyto	CPAR2_106650	C00064
R10089__cyto	CPAR2_106650	C00118
R00896__cyto	CPAR2_701830	C00026
R00896__cyto	CPAR2_701830	C00097
R00896__cyto	CPAR2_400400	C00026
R00896__cyto	CPAR2_400400	C00097
R00896__cyto	CPAR2_206490	C00026
R00896__cyto	CPAR2_206490	C00097
R02091__cyto	CPAR2_404130	C00475
R02091__cyto	CPAR2_404130	C00286
R02746__cyto	CPAR2_601740	C04230
R02746__cyto	CPAR2_701140	C04230
R02746__cyto	CPAR2_804680	C04230
R02746__cyto	CPAR2_601750	C04230
R02746__cyto	CPAR2_501700	C04230
R02746__cyto	CPAR2_808920	C04230
R02746__cyto	CPAR2_701130	C04230
R02746__cyto	CPAR2_601730	C04230
R02746__cyto	CPAR2_601760	C04230
R02746__cyto	CPAR2_701680	C04230
R08179__pero	CPAR2_209830	C16165
R07052__cyto	CPAR2_500140	C00219
R03361__cyto	CPAR2_204320	C01194
R03361__cyto	CPAR2_303580	C01194
R02029__cyto	CPAR2_602700	C03892
R07110__cyto	CPAR2_804090	C14769
R04887__cyto	CPAR2_703530	C05580
TR0000042_CYTMEM__plas	CPAR2_800720	C00051
TR0000042_CYTMEM__plas	CPAR2_701630	C00051
TR0000042_CYTMEM__plas	CPAR2_301860	C00051
TR0000042_CYTMEM__plas	CPAR2_402140	C00051
TR0000042_CYTMEM__plas	CPAR2_800230	C00051
TR0000042_CYTMEM__plas	CPAR2_800250	C00051
TR0000042_CYTMEM__plas	CPAR2_800240	C00051
TR0000042_CYTMEM__plas	CPAR2_807910	C00051
R02984__cyto	CPAR2_106140	C00842
R02260__cyto	CPAR2_104460	C00424
R02260__cyto	CPAR2_304270	C00424
R02260__cyto	CPAR2_104540	C00424
TO1000412_CYTMEM__plas	CPAR2_209780	C00526
R03530__cyto	CPAR2_101390	C01344
R07051__cyto	CPAR2_500140	C00219
TR0000167_CYTMEM__plas	CPAR2_209630	C00195
TR0000167_CYTMEM__plas	CPAR2_105400	C00195
TR0000167_CYTMEM__plas	CPAR2_808970	C00195
R04001__cyto	CPAR2_800360	C04411
TO0000184_CYTMEM__plas	CPAR2_107960	C00214
R03471__cyto	CPAR2_211900	C01279
R01775__cyto	CPAR2_106630	C00263
R00848__cyto	CPAR2_501330	C00093
TR2900846_CYTMEM__plas	CPAR2_600780	C00036
TR2900846_CYTMEM__plas	CPAR2_600780	C00042
R02096__cyto	CPAR2_404130	C00475
R02096__cyto	CPAR2_404130	C00459
TR2916163_CYTMEM__plas	CPAR2_504220	C00916
TR2916163_CYTMEM__plas	CPAR2_504220	C07086
TR2916163_CYTMEM__plas	CPAR2_301760	C00916
TR2916163_CYTMEM__plas	CPAR2_301760	C07086
TR2916163_CYTMEM__plas	CPAR2_102760	C00916
TR2916163_CYTMEM__plas	CPAR2_102760	C07086
TR2916163_CYTMEM__plas	CPAR2_300730	C00916
TR2916163_CYTMEM__plas	CPAR2_300730	C07086
TR2916163_CYTMEM__plas	CPAR2_300670	C00916
TR2916163_CYTMEM__plas	CPAR2_300670	C07086
TR2916163_CYTMEM__plas	CPAR2_700110	C00916
TR2916163_CYTMEM__plas	CPAR2_700110	C07086
TR2916163_CYTMEM__plas	CPAR2_804310	C00916
TR2916163_CYTMEM__plas	CPAR2_804310	C07086
TR2916163_CYTMEM__plas	CPAR2_300750	C00916
TR2916163_CYTMEM__plas	CPAR2_300750	C07086
TR2916163_CYTMEM__plas	CPAR2_207540	C00916
TR2916163_CYTMEM__plas	CPAR2_207540	C07086
TR2916163_CYTMEM__plas	CPAR2_700120	C00916
TR2916163_CYTMEM__plas	CPAR2_700120	C07086
TR2916163_CYTMEM__plas	CPAR2_603010	C00916
TR2916163_CYTMEM__plas	CPAR2_603010	C07086
R02101__cyto	CPAR2_806850	C00365
R02101__cyto	CPAR2_806850	C00143
R02101__cyto	CPAR2_206550	C00365
R02101__cyto	CPAR2_206550	C00143
R01070__cyto	CPAR2_401230	C05378
TO0000021_EXTR__plas	CPAR2_210100	C14818
TO0000021_EXTR__plas	CPAR2_700570	C14818
TO0000021_EXTR__plas	CPAR2_603600	C14818
TZ2900069_CYTMEM__plas	CPAR2_806120	C00320
TR2900165_CYTMEM__plas	CPAR2_103870	C01081
R11945__mito	CPAR2_103910	C01967
R02748__cyto	CPAR2_103240	C05512
R01496__cyto	CPAR2_807060	C00040
R01496__cyto	CPAR2_807060	C00319
R01496__cyto	CPAR2_803230	C00040
R01496__cyto	CPAR2_803230	C00319
R01005__cyto	CPAR2_801230	C00029
R01005__cyto	CPAR2_801230	C00110
R00239__cyto	CPAR2_200210	C00025
R10035__cyto	CPAR2_200980	C05143
R10035__cyto	CPAR2_200990	C05143
TR1000724_CYTMEM__plas	CPAR2_210080	C00984
TR1000724_CYTMEM__plas	CPAR2_210150	C00984
TR1000724_CYTMEM__plas	CPAR2_108340	C00984
TR1000724_CYTMEM__plas	CPAR2_212860	C00984
TR1000724_CYTMEM__plas	CPAR2_212850	C00984
TR1000724_CYTMEM__plas	CPAR2_108370	C00984
TR1000724_CYTMEM__plas	CPAR2_108350	C00984
TR1000724_CYTMEM__plas	CPAR2_108210	C00984
TR1000724_CYTMEM__plas	CPAR2_108220	C00984
TR1000724_CYTMEM__plas	CPAR2_108360	C00984
R00677__cyto	CPAR2_704320	C00078
R00472__cyto	CPAR2_803890	C00024
R00472__cyto	CPAR2_803890	C00048
TR2900196_CYTMEM__plas	CPAR2_103870	C00365
TR2900196_CYTMEM__plas	CPAR2_103870	C01081
R06516__cyto	CPAR2_806890	C06124
R02820__cyto	CPAR2_101350	C00717
R04882__cyto	CPAR2_212210	C05577
R04882__cyto	CPAR2_203980	C05577
R04882__cyto	CPAR2_108810	C05577
R02093__cyto	CPAR2_101390	C00363
TO0000438_CYTMEM__plas	CPAR2_107960	C00559
R07111__cyto	CPAR2_804090	C14768
R01056__cyto	CPAR2_503720	C00117
TR0000020_CYTMEM__plas	CPAR2_101990	C00022
TR0000020_CYTMEM__plas	CPAR2_205600	C00022
TO1002555_CYTMEM__plas	CPAR2_201790	C04144
TO1002555_CYTMEM__plas	CPAR2_201900	C04144
TO1002555_CYTMEM__plas	CPAR2_806580	C04144
R01059__cyto	CPAR2_700910	C00577
TR1000185_CYTMEM__plas	CPAR2_210080	C00216
TR1000185_CYTMEM__plas	CPAR2_210150	C00216
TR1000185_CYTMEM__plas	CPAR2_108340	C00216
TR1000185_CYTMEM__plas	CPAR2_212860	C00216
TR1000185_CYTMEM__plas	CPAR2_212850	C00216
TR1000185_CYTMEM__plas	CPAR2_108370	C00216
TR1000185_CYTMEM__plas	CPAR2_108350	C00216
TR1000185_CYTMEM__plas	CPAR2_108210	C00216
TR1000185_CYTMEM__plas	CPAR2_108220	C00216
TR1000185_CYTMEM__plas	CPAR2_108360	C00216
TR2900036_CYTMEM__plas	CPAR2_204490	C00322
TR2900036_CYTMEM__plas	CPAR2_204490	C00026
TO1000926_CYTMEM__plas	CPAR2_800720	C01262
TO1000926_CYTMEM__plas	CPAR2_800240	C01262
TO1000926_CYTMEM__plas	CPAR2_701630	C01262
TO1000926_CYTMEM__plas	CPAR2_600090	C01262
TO1000926_CYTMEM__plas	CPAR2_301860	C01262
TO1000926_CYTMEM__plas	CPAR2_402140	C01262
TO1000926_CYTMEM__plas	CPAR2_800230	C01262
TR0011624_CYTMEM__plas	CPAR2_105400	C00157
TR0011624_CYTMEM__plas	CPAR2_601150	C00157
TR0011624_CYTMEM__plas	CPAR2_209630	C00157
TR0011624_CYTMEM__plas	CPAR2_202050	C00157
TR0011624_CYTMEM__plas	CPAR2_808970	C00157
TR0011624_CYTMEM__plas	CPAR2_104620	C00157
R02372__cyto	CPAR2_404130	C00460
R02372__cyto	CPAR2_404130	C00475
TO1000365_CYTMEM__plas	CPAR2_201790	C00473
TO1000365_CYTMEM__plas	CPAR2_201900	C00473
TO1000365_CYTMEM__plas	CPAR2_806580	C00473
R08359__cyto	CPAR2_406730	C01137
R08359__cyto	CPAR2_406730	C01672
R08359__cyto	CPAR2_202700	C01137
R08359__cyto	CPAR2_202700	C01672
R01724__cyto	CPAR2_702320	C00253
R01724__cyto	CPAR2_702320	C00119
R00191__cyto	CPAR2_100370	C00575
R03018__cyto	CPAR2_602050	C00864
R08177__pero	CPAR2_209830	C02050
TR2901003_CYTMEM__plas	CPAR2_805030	C04780
TR2901003_CYTMEM__plas	CPAR2_406100	C04780
R00569__cyto	CPAR2_405430	C00063
R00569__cyto	CPAR2_401910	C00063
R03238__cyto	CPAR2_703030	C01097
R03238__cyto	CPAR2_101070	C01097
R07384__cyto	CPAR2_703140	C04756
R07384__cyto	CPAR2_703140	C00055
R02541__cyto	CPAR2_105580	C00550
R02541__cyto	CPAR2_303990	C00550
R02541__cyto	CPAR2_105710	C00550
R02541__cyto	CPAR2_105890	C00550
R03348__cyto	CPAR2_208360	C00119
R03348__cyto	CPAR2_208360	C03722
R07274__cyto	CPAR2_106760	C01005
R07274__cyto	CPAR2_106760	C00283
R07274__cyto	CPAR2_602080	C01005
R07274__cyto	CPAR2_602080	C00283
R07274__cyto	CPAR2_402160	C01005
R07274__cyto	CPAR2_402160	C00283
R07274__cyto	CPAR2_300800	C01005
R07274__cyto	CPAR2_300800	C00283
R05639__cyto	CPAR2_405900	C05108
R05639__cyto	CPAR2_502980	C05108
R07494__cyto	CPAR2_302110	C15808
TR1000212_CYTMEM__plas	CPAR2_210080	C00247
TR1000212_CYTMEM__plas	CPAR2_210150	C00247
TR1000212_CYTMEM__plas	CPAR2_108340	C00247
TR1000212_CYTMEM__plas	CPAR2_212860	C00247
TR1000212_CYTMEM__plas	CPAR2_212850	C00247
TR1000212_CYTMEM__plas	CPAR2_108370	C00247
TR1000212_CYTMEM__plas	CPAR2_108350	C00247
TR1000212_CYTMEM__plas	CPAR2_108210	C00247
TR1000212_CYTMEM__plas	CPAR2_108220	C00247
TR1000212_CYTMEM__plas	CPAR2_108360	C00247
TR0012785_CYTMEM__plas	CPAR2_209630	C05848
TR0012785_CYTMEM__plas	CPAR2_105400	C05848
TR0012785_CYTMEM__plas	CPAR2_808970	C05848
TO0010516_EXTR__plas	CPAR2_210100	C14819
TO0010516_EXTR__plas	CPAR2_603600	C14819
R02030__mito	CPAR2_109550	C00344
R02030__mito	CPAR2_109550	C00269
R01857__cyto	CPAR2_101390	C00361
R12173__cyto	CPAR2_406570	C00154
R12173__cyto	CPAR2_406570	C00999
R12173__cyto	CPAR2_206900	C00154
R12173__cyto	CPAR2_206900	C00999
R00710__cyto	CPAR2_212210	C00084
R00710__cyto	CPAR2_109500	C00084
R00710__cyto	CPAR2_108810	C00084
R00710__cyto	CPAR2_702980	C00084
R00710__cyto	CPAR2_203980	C00084
R04420__cyto	CPAR2_213820	C04188
R02568__cyto	CPAR2_401230	C01094
R03304__cyto	CPAR2_703530	C01161
R02250__cyto	CPAR2_108800	C00422
R02250__cyto	CPAR2_703190	C00422
R02250__cyto	CPAR2_501220	C00422
R02250__cyto	CPAR2_602620	C00422
R02250__cyto	CPAR2_703200	C00422
R02250__cyto	CPAR2_601970	C00422
R02250__cyto	CPAR2_603220	C00422
R02250__cyto	CPAR2_503050	C00422
R00590__pero	CPAR2_400460	C00065
R00590__pero	CPAR2_213940	C00065
R12119__mito	CPAR2_303740	C21918
R12119__mito	CPAR2_303740	C03024
R10633__cyto	CPAR2_803900	C01997
R10633__cyto	CPAR2_800780	C01997
R10633__cyto	CPAR2_303300	C01997
R04856__cyto	CPAR2_801460	C06125
R04856__cyto	CPAR2_806910	C06125
R04856__cyto	CPAR2_806930	C06125
R04856__cyto	CPAR2_806920	C06125
R04856__cyto	CPAR2_806940	C06125
R02855__cyto	CPAR2_703950	C00810
TR0000404_CYTMEM__plas	CPAR2_208040	C00515
R02537__pero	CPAR2_212210	C00601
R02537__pero	CPAR2_203980	C00601
R02537__pero	CPAR2_108810	C00601
R00275__cyto	CPAR2_213080	C00704
R00275__cyto	CPAR2_500330	C00704
R00275__cyto	CPAR2_109280	C00704
R00275__cyto	CPAR2_500390	C00704
R00275__cyto	CPAR2_213540	C00704
R07394__cyto	CPAR2_210240	C15651
R00964__cyto	CPAR2_404130	C00299
TR0001080_CYTMEM__plas	CPAR2_701830	C01530
TR0001080_CYTMEM__plas	CPAR2_400400	C01530
TR0001080_CYTMEM__plas	CPAR2_206490	C01530
TZ2900039_CYTMEM__plas	CPAR2_806120	C00059
R11218__cyto	CPAR2_214170	C04143
R11218__cyto	CPAR2_205930	C04143
TR0015429_CYTMEM__plas	CPAR2_209630	C05980
TR0015429_CYTMEM__plas	CPAR2_105400	C05980
TR0015429_CYTMEM__plas	CPAR2_808970	C05980
R00939__mito	CPAR2_704170	C00101
R02850__cyto	CPAR2_206020	C00738
R02850__cyto	CPAR2_700080	C00738
R02850__cyto	CPAR2_204260	C00738
R00621__mito	CPAR2_102800	C00026
R00621__mito	CPAR2_102800	C00068
TR2000083_CYTMEM__plas	CPAR2_208270	C00096
R03084__cyto	CPAR2_400020	C00944
TR1000276_CYTMEM__plas	CPAR2_210080	C00329
TR1000276_CYTMEM__plas	CPAR2_210150	C00329
TR1000276_CYTMEM__plas	CPAR2_108340	C00329
TR1000276_CYTMEM__plas	CPAR2_212860	C00329
TR1000276_CYTMEM__plas	CPAR2_212850	C00329
TR1000276_CYTMEM__plas	CPAR2_108370	C00329
TR1000276_CYTMEM__plas	CPAR2_108350	C00329
TR1000276_CYTMEM__plas	CPAR2_108210	C00329
TR1000276_CYTMEM__plas	CPAR2_108220	C00329
TR1000276_CYTMEM__plas	CPAR2_108360	C00329
TR2000128_CYTMEM__plas	CPAR2_303940	C00147
R00867__cyto	CPAR2_206020	C00095
R00867__cyto	CPAR2_700080	C00095
R00867__cyto	CPAR2_204260	C00095
R07491__cyto	CPAR2_105550	C15777
R07491__cyto	CPAR2_105550	C00999
TR0003225_CYTMEM__plas	CPAR2_209630	C05442
TR0003225_CYTMEM__plas	CPAR2_105400	C05442
TR0003225_CYTMEM__plas	CPAR2_808970	C05442
R01083__cyto	CPAR2_204960	C03794
R02978__cyto	CPAR2_701750	C00836
TR0002557_CYTMEM__plas	CPAR2_209630	C04146
TR0002557_CYTMEM__plas	CPAR2_105400	C04146
TR0002557_CYTMEM__plas	CPAR2_808970	C04146
R02035__cyto	CPAR2_405160	C01236
R02035__cyto	CPAR2_204800	C01236
R12427__mito	CPAR2_108550	C22158
R12427__mito	CPAR2_108550	C05752
R12152__cyto	CPAR2_703170	C04916
R02694__cyto	CPAR2_503080	C00040
R02694__cyto	CPAR2_503080	C00641
R04725__cyto	CPAR2_807400	C05758
R04725__cyto	CPAR2_504100	C05758
R04725__cyto	CPAR2_804560	C05758
R04725__cyto	CPAR2_302650	C05758
TR0000056_CYTMEM__plas	CPAR2_404630	C00068
R03363__cyto	CPAR2_805270	C04549
TR0015426_CYTMEM__plas	CPAR2_209630	C05980
TR0015426_CYTMEM__plas	CPAR2_105400	C05980
TR0015426_CYTMEM__plas	CPAR2_808970	C05980
R07509__cyto	CPAR2_400970	C05108
R07509__cyto	CPAR2_400970	C00999
R07509__cyto	CPAR2_801410	C05108
R07509__cyto	CPAR2_801410	C00999
R04945__cyto	CPAR2_110340	C01077
R04945__cyto	CPAR2_110340	C05688
TR0002544_CYTMEM__plas	CPAR2_803540	C04115
R04513__mito	CPAR2_703100	C05981
R07483__cyto	CPAR2_405900	C11508
R07483__cyto	CPAR2_502980	C11508
R03401__cyto	CPAR2_207830	C04780
R02665__cyto	CPAR2_204460	C00632
R00402__cyto	CPAR2_201540	C00042
R00402__cyto	CPAR2_209460	C00042
R00782__cyto	CPAR2_701500	C00097
R00782__cyto	CPAR2_702140	C00097
R11099__cyto	CPAR2_400460	C20904
R11099__cyto	CPAR2_213940	C20904
R00870__cyto	CPAR2_205820	C00392
R00870__cyto	CPAR2_501170	C00392
R03650__cyto	CPAR2_801890	C01639
R03650__cyto	CPAR2_801890	C00097
R00342__cyto	CPAR2_400470	C00149
R00342__cyto	CPAR2_404310	C00149
R00342__cyto	CPAR2_803750	C00149
TR2000679_CYTMEM__plas	CPAR2_200150	C00916
TO1000125_CYTMEM__plas	CPAR2_201790	C00143
TO1000125_CYTMEM__plas	CPAR2_201900	C00143
TO1000125_CYTMEM__plas	CPAR2_806580	C00143
R07762__cyto	CPAR2_211750	C01209
R07762__cyto	CPAR2_211750	C05764
R07762__cyto	CPAR2_201340	C01209
R07762__cyto	CPAR2_201340	C05764
R07762__cyto	CPAR2_807310	C01209
R07762__cyto	CPAR2_807310	C05764
TR2900310_CYTMEM__plas	CPAR2_303940	C00147
R00939__cyto	CPAR2_704170	C00101
R01315__e_r_	CPAR2_403310	C00157
R01315__e_r_	CPAR2_209600	C00157
TO1003705_CYTMEM__plas	CPAR2_209780	C06197
R07238__mito	CPAR2_210690	C15527
R05190__cyto	CPAR2_500020	C00024
R05190__cyto	CPAR2_500020	C00083
TR1000074_CYTMEM__plas	CPAR2_209680	C00087
TR1000074_CYTMEM__plas	CPAR2_209700	C00087
TR1000074_CYTMEM__plas	CPAR2_203890	C00087
TR1000074_CYTMEM__plas	CPAR2_502820	C00087
TR1000074_CYTMEM__plas	CPAR2_200220	C00087
TR1000074_CYTMEM__plas	CPAR2_601960	C00087
TR1000074_CYTMEM__plas	CPAR2_203100	C00087
TR1000074_CYTMEM__plas	CPAR2_108370	C00087
TR1000074_CYTMEM__plas	CPAR2_600450	C00087
TR1000074_CYTMEM__plas	CPAR2_203280	C00087
TR1000074_CYTMEM__plas	CPAR2_108360	C00087
TR1000074_CYTMEM__plas	CPAR2_103530	C00087
TR1000074_CYTMEM__plas	CPAR2_209690	C00087
TR1000074_CYTMEM__plas	CPAR2_600460	C00087
TR1000074_CYTMEM__plas	CPAR2_203500	C00087
TR1000074_CYTMEM__plas	CPAR2_203510	C00087
TR1000074_CYTMEM__plas	CPAR2_207250	C00087
TR1000074_CYTMEM__plas	CPAR2_207270	C00087
TR1000074_CYTMEM__plas	CPAR2_207260	C00087
TR1000074_CYTMEM__plas	CPAR2_102100	C00087
TR1000074_CYTMEM__plas	CPAR2_108220	C00087
TR1000074_CYTMEM__plas	CPAR2_301390	C00087
TR2900153_CYTMEM__plas	CPAR2_103870	C02097
TR2900153_CYTMEM__plas	CPAR2_103870	C01081
R01899__mito	CPAR2_801250	C00311
R01899__mito	CPAR2_209910	C00311
R04953__cyto	CPAR2_105380	C05747
R04953__cyto	CPAR2_807400	C05747
R04953__cyto	CPAR2_803490	C05747
R04953__cyto	CPAR2_302650	C05747
TR0000829_CYTMEM__plas	CPAR2_209630	C01126
TR0000829_CYTMEM__plas	CPAR2_105400	C01126
TR0000829_CYTMEM__plas	CPAR2_808970	C01126
TO1001017_CYTMEM__plas	CPAR2_800720	C01419
TO1001017_CYTMEM__plas	CPAR2_800240	C01419
TO1001017_CYTMEM__plas	CPAR2_701630	C01419
TO1001017_CYTMEM__plas	CPAR2_600090	C01419
TO1001017_CYTMEM__plas	CPAR2_301860	C01419
TO1001017_CYTMEM__plas	CPAR2_402140	C01419
TO1001017_CYTMEM__plas	CPAR2_800230	C01419
R01324__cyto	CPAR2_205700	C00158
R02408__cyto	CPAR2_701500	C00491
R02408__cyto	CPAR2_702140	C00491
R04990__mito	CPAR2_402580	C05813
R04990__mito	CPAR2_209250	C05813
TO1000493_CYTMEM__plas	CPAR2_201790	C00647
TO1000493_CYTMEM__plas	CPAR2_201900	C00647
TO1000493_CYTMEM__plas	CPAR2_806580	C00647
TR2900160_CYTMEM__plas	CPAR2_103870	C01081
TR2900160_CYTMEM__plas	CPAR2_103870	C07649
R03341__cyto	CPAR2_203270	C01179
TO0000654_CYTMEM__plas	CPAR2_107960	C00881
R04543__cyto	CPAR2_105380	C04633
R04543__cyto	CPAR2_803490	C04633
R04543__cyto	CPAR2_302650	C04633
R04543__cyto	CPAR2_807400	C04633
R03968__cyto	CPAR2_800360	C02504
TR0012582_CYTMEM__plas	CPAR2_105400	C04637
TR0012582_CYTMEM__plas	CPAR2_601150	C04637
TR0012582_CYTMEM__plas	CPAR2_209630	C04637
TR0012582_CYTMEM__plas	CPAR2_202050	C04637
TR0012582_CYTMEM__plas	CPAR2_808970	C04637
TR0012582_CYTMEM__plas	CPAR2_104620	C04637
R02297__cyto	CPAR2_103240	C01762
R01082__mito	CPAR2_808200	C00149
R01082__mito	CPAR2_205830	C00149
R03469__cyto	CPAR2_101960	C01277
R00702__cyto	CPAR2_406760	C00448
R01954__cyto	CPAR2_804120	C00049
R01954__cyto	CPAR2_804120	C00327
R00372__cyto	CPAR2_600400	C00037
R00372__cyto	CPAR2_600400	C00026
R00529__cyto	CPAR2_203530	C00059
TR1000644_CYTMEM__plas	CPAR2_200220	C00864
TR1000644_CYTMEM__plas	CPAR2_103530	C00864
TR1000644_CYTMEM__plas	CPAR2_601960	C00864
R11218__mito	CPAR2_214170	C04143
R11218__mito	CPAR2_205930	C04143
R01074__cyto	CPAR2_805230	C00120
R01074__cyto	CPAR2_200170	C00120
TR0011715_CYTMEM__plas	CPAR2_105400	C01194
TR0011715_CYTMEM__plas	CPAR2_601150	C01194
TR0011715_CYTMEM__plas	CPAR2_209630	C01194
TR0011715_CYTMEM__plas	CPAR2_202050	C01194
TR0011715_CYTMEM__plas	CPAR2_808970	C01194
TR0011715_CYTMEM__plas	CPAR2_104620	C01194
R07043__cyto	CPAR2_500140	C05966
TR2900039_CYTMEM__plas	CPAR2_204490	C00322
TR2900039_CYTMEM__plas	CPAR2_204490	C00036
R03596__cyto	CPAR2_303180	C01528
R12085__cyto	CPAR2_203180	C00024
R12085__cyto	CPAR2_203180	C01165
R12085__cyto	CPAR2_203170	C00024
R12085__cyto	CPAR2_203170	C01165
R00494__cyto	CPAR2_110410	C00051
R06527__cyto	CPAR2_807060	C12144
R06527__cyto	CPAR2_807060	C12146
R06527__cyto	CPAR2_803230	C12144
R06527__cyto	CPAR2_803230	C12146
R00707__mito	CPAR2_101480	C03912
R00114__cyto	CPAR2_206810	C00026
R00114__cyto	CPAR2_206810	C00064
R03088__cyto	CPAR2_500140	C00951
R03654__cyto	CPAR2_107820	C00037
R03654__cyto	CPAR2_107820	C01642
TO1000310_CYTMEM__plas	CPAR2_800720	C00386
TO1000310_CYTMEM__plas	CPAR2_800240	C00386
TO1000310_CYTMEM__plas	CPAR2_701630	C00386
TO1000310_CYTMEM__plas	CPAR2_600090	C00386
TO1000310_CYTMEM__plas	CPAR2_301860	C00386
TO1000310_CYTMEM__plas	CPAR2_402140	C00386
TO1000310_CYTMEM__plas	CPAR2_800230	C00386
TR1000258_CYTMEM__plas	CPAR2_210080	C00309
TR1000258_CYTMEM__plas	CPAR2_210150	C00309
TR1000258_CYTMEM__plas	CPAR2_108340	C00309
TR1000258_CYTMEM__plas	CPAR2_212860	C00309
TR1000258_CYTMEM__plas	CPAR2_212850	C00309
TR1000258_CYTMEM__plas	CPAR2_108370	C00309
TR1000258_CYTMEM__plas	CPAR2_108350	C00309
TR1000258_CYTMEM__plas	CPAR2_108210	C00309
TR1000258_CYTMEM__plas	CPAR2_108220	C00309
TR1000258_CYTMEM__plas	CPAR2_108360	C00309
R12423__mito	CPAR2_401640	C22150
R12423__mito	CPAR2_401640	C22154
R12423__mito	CPAR2_401640	C22160
R00927__cyto	CPAR2_212810	C00100
R00927__cyto	CPAR2_212810	C00024
R00927__cyto	CPAR2_800020	C00100
R00927__cyto	CPAR2_800020	C00024
R00927__cyto	CPAR2_503690	C00100
R00927__cyto	CPAR2_503690	C00024
R00927__cyto	CPAR2_212970	C00100
R00927__cyto	CPAR2_212970	C00024
R00719__cyto	CPAR2_405430	C00081
R00719__cyto	CPAR2_401910	C00081
R03050__mito	CPAR2_406240	C00900
R03050__mito	CPAR2_406240	C00068
R00935__cyto	CPAR2_704170	C06002
R03659__cyto	CPAR2_101150	C01647
R03659__cyto	CPAR2_101150	C00073
R03659__cyto	CPAR2_502690	C01647
R03659__cyto	CPAR2_502690	C00073
R04911__cyto	CPAR2_700520	C05648
TR0000776_CYTMEM__plas	CPAR2_209630	C01054
TR0000776_CYTMEM__plas	CPAR2_105400	C01054
TR0000776_CYTMEM__plas	CPAR2_808970	C01054
R11319__cyto	CPAR2_602110	C00068
R11319__cyto	CPAR2_109720	C00068
TR0015541_CYTMEM__plas	CPAR2_206490	C00344
TR0015541_CYTMEM__plas	CPAR2_105400	C00344
TR0015541_CYTMEM__plas	CPAR2_104620	C00344
TR0015541_CYTMEM__plas	CPAR2_202050	C00344
TR0015541_CYTMEM__plas	CPAR2_601150	C00344
TR0015541_CYTMEM__plas	CPAR2_701830	C00344
TR0015541_CYTMEM__plas	CPAR2_209630	C00344
TR0015541_CYTMEM__plas	CPAR2_808970	C00344
TR0015541_CYTMEM__plas	CPAR2_400400	C00344
R01041__cyto	CPAR2_103840	C00116
R01041__cyto	CPAR2_101350	C00116
R01041__cyto	CPAR2_800970	C00116
R01354__cyto	CPAR2_106960	C05983
R01354__cyto	CPAR2_405810	C05983
TR1008367_CYTMEM__plas	CPAR2_702970	C11537
TR1008367_CYTMEM__plas	CPAR2_702950	C11537
TR1008367_CYTMEM__plas	CPAR2_702940	C11537
TR1008367_CYTMEM__plas	CPAR2_702920	C11537
TR1008367_CYTMEM__plas	CPAR2_702960	C11537
R02697__pero	CPAR2_212210	C03765
R02697__pero	CPAR2_203980	C03765
R02697__pero	CPAR2_108810	C03765
R01082__cyto	CPAR2_808200	C00149
R01082__cyto	CPAR2_205830	C00149
TR2900183_CYTMEM__plas	CPAR2_103870	C11038
TR2900183_CYTMEM__plas	CPAR2_103870	C01081
R00994__cyto	CPAR2_805510	C00109
R04360__cyto	CPAR2_800330	C03968
R04360__cyto	CPAR2_600270	C03968
R04360__cyto	CPAR2_800120	C03968
R04360__cyto	CPAR2_800350	C03968
R04360__cyto	CPAR2_101810	C03968
R04360__cyto	CPAR2_800340	C03968
R05069__mito	CPAR2_603140	C06006
R09365__cyto	CPAR2_802800	C04489
R09365__cyto	CPAR2_802800	C05698
TR2901049_CYTMEM__plas	CPAR2_805030	C16502
TR2901049_CYTMEM__plas	CPAR2_406100	C16502
TR1000108_CYTMEM__plas	CPAR2_802600	C00124
TR1000108_CYTMEM__plas	CPAR2_210080	C00124
TR1000108_CYTMEM__plas	CPAR2_210150	C00124
TR1000108_CYTMEM__plas	CPAR2_108340	C00124
TR1000108_CYTMEM__plas	CPAR2_212860	C00124
TR1000108_CYTMEM__plas	CPAR2_212850	C00124
TR1000108_CYTMEM__plas	CPAR2_108370	C00124
TR1000108_CYTMEM__plas	CPAR2_108350	C00124
TR1000108_CYTMEM__plas	CPAR2_108210	C00124
TR1000108_CYTMEM__plas	CPAR2_108220	C00124
TR1000108_CYTMEM__plas	CPAR2_108360	C00124
R01320__cyto	CPAR2_805790	C04308
R03096__cyto	CPAR2_703570	C02693
R03096__cyto	CPAR2_703590	C02693
R03096__cyto	CPAR2_703580	C02693
R04957__cyto	CPAR2_807400	C01209
R04957__cyto	CPAR2_807400	C05749
R04957__cyto	CPAR2_302650	C01209
R04957__cyto	CPAR2_302650	C05749
R04586__cyto	CPAR2_800540	C04884
R04586__cyto	CPAR2_304330	C04884
TR0012599_CYTMEM__plas	CPAR2_209630	C04730
TR0012599_CYTMEM__plas	CPAR2_105400	C04730
TR0012599_CYTMEM__plas	CPAR2_808970	C04730
R00369__cyto	CPAR2_600400	C00041
R00369__cyto	CPAR2_600400	C00048
TR2900120_CYTMEM__plas	CPAR2_103870	C00363
TR2900120_CYTMEM__plas	CPAR2_103870	C01081
R12026__cyto	CPAR2_701260	C00037
R12026__cyto	CPAR2_701260	C00283
R07238__cyto	CPAR2_210690	C15527
R03302__pero	CPAR2_212210	C04043
R03302__pero	CPAR2_203980	C04043
R03302__pero	CPAR2_108810	C04043
R00706__cyto	CPAR2_500880	C00222
R07364__cyto	CPAR2_209190	C15606
R00774__cyto	CPAR2_105520	C00086
R00774__cyto	CPAR2_105520	C00288
R03646__cyto	CPAR2_109290	C01636
R03646__cyto	CPAR2_109290	C00062
R00115__cyto	CPAR2_501660	C00051
TR2900171_CYTMEM__plas	CPAR2_103870	C01081
TR2900171_CYTMEM__plas	CPAR2_103870	C11930
R04640__cyto	CPAR2_500430	C04896
R00926__cyto	CPAR2_106960	C05983
R00926__cyto	CPAR2_405810	C05983
TZ2900003_CYTMEM__plas	CPAR2_212100	C14819
R08282__cyto	CPAR2_212210	C07645
R08282__cyto	CPAR2_203980	C07645
R08282__cyto	CPAR2_108810	C07645
R09366__cyto	CPAR2_701500	C05689
R09366__cyto	CPAR2_702140	C05689
R02124__cyto	CPAR2_804750	C00473
R02124__cyto	CPAR2_501780	C00473
R02124__cyto	CPAR2_502580	C00473
R02124__cyto	CPAR2_601950	C00473
R01579__cyto	CPAR2_703170	C00819
R01579__cyto	CPAR2_106650	C00819
TO1001217_CYTMEM__plas	CPAR2_209780	C01762
R00217__mito	CPAR2_602260	C00036
R01959__cyto	CPAR2_700520	C02700
TR0002198_CYTMEM__plas	CPAR2_304300	C03483
TR0002198_CYTMEM__plas	CPAR2_403790	C03483
TR0002198_CYTMEM__plas	CPAR2_213910	C03483
TR0002198_CYTMEM__plas	CPAR2_213310	C03483
TR0002198_CYTMEM__plas	CPAR2_807550	C03483
TR0002198_CYTMEM__plas	CPAR2_104230	C03483
TR0002198_CYTMEM__plas	CPAR2_107420	C03483
TR0002198_CYTMEM__plas	CPAR2_802670	C03483
TR0002198_CYTMEM__plas	CPAR2_103230	C03483
TR0002198_CYTMEM__plas	CPAR2_106230	C03483
TR0002198_CYTMEM__plas	CPAR2_803730	C03483
TR0002198_CYTMEM__plas	CPAR2_107390	C03483
TR0002198_CYTMEM__plas	CPAR2_210000	C03483
TR0002198_CYTMEM__plas	CPAR2_208280	C03483
TR0002198_CYTMEM__plas	CPAR2_602530	C03483
TR0002198_CYTMEM__plas	CPAR2_404650	C03483
TR0002198_CYTMEM__plas	CPAR2_808650	C03483
TR0002198_CYTMEM__plas	CPAR2_206710	C03483
TR0002198_CYTMEM__plas	CPAR2_404940	C03483
TR0002198_CYTMEM__plas	CPAR2_202820	C03483
TR0002198_CYTMEM__plas	CPAR2_205060	C03483
TR0002198_CYTMEM__plas	CPAR2_212290	C03483
TR0002198_CYTMEM__plas	CPAR2_302670	C03483
TR0002198_CYTMEM__plas	CPAR2_702740	C03483
TR0002198_CYTMEM__plas	CPAR2_207840	C03483
TR0002198_CYTMEM__plas	CPAR2_603680	C03483
TR0002198_CYTMEM__plas	CPAR2_403760	C03483
TR0002198_CYTMEM__plas	CPAR2_105250	C03483
TR0002198_CYTMEM__plas	CPAR2_801000	C03483
TR0002198_CYTMEM__plas	CPAR2_404810	C03483
TR0002198_CYTMEM__plas	CPAR2_206400	C03483
TR0002198_CYTMEM__plas	CPAR2_402480	C03483
TR0002198_CYTMEM__plas	CPAR2_800490	C03483
TR2900227_CYTMEM__plas	CPAR2_103870	C01081
R01201__cyto	CPAR2_700080	C00140
TR0011789_CYTMEM__plas	CPAR2_105400	C00958
TR0011789_CYTMEM__plas	CPAR2_601150	C00958
TR0011789_CYTMEM__plas	CPAR2_209630	C00958
TR0011789_CYTMEM__plas	CPAR2_202050	C00958
TR0011789_CYTMEM__plas	CPAR2_808970	C00958
TR0011789_CYTMEM__plas	CPAR2_104620	C00958
R10828__cyto	CPAR2_110100	C20876
R01858__cyto	CPAR2_209240	C00286
R01858__cyto	CPAR2_209240	C00022
R04958__cyto	CPAR2_302650	C05751
R05724__cyto	CPAR2_101680	C00533
R05724__cyto	CPAR2_105070	C00533
R00876__cyto	CPAR2_206020	C00095
R00876__cyto	CPAR2_206020	C00081
R00876__cyto	CPAR2_700080	C00095
R00876__cyto	CPAR2_700080	C00081
R00876__cyto	CPAR2_204260	C00095
R00876__cyto	CPAR2_204260	C00081
TO0021423_CYTMEM__plas	CPAR2_107960	C20190
R09375__cyto	CPAR2_201320	C01304
R01920__cyto	CPAR2_406730	C01137
R01920__cyto	CPAR2_406730	C00134
R01920__cyto	CPAR2_202700	C01137
R01920__cyto	CPAR2_202700	C00134
R04891__pero	CPAR2_212210	C05583
R04891__pero	CPAR2_203980	C05583
R04891__pero	CPAR2_108810	C05583
TR2900009_CYTMEM__plas	CPAR2_600780	C00026
TR2900009_CYTMEM__plas	CPAR2_600780	C00149
R05064__cyto	CPAR2_108690	C06000
R00715__cyto	CPAR2_500810	C00449
R07140__cyto	CPAR2_200560	C14180
TO1000506_CYTMEM__plas	CPAR2_800720	C00669
TO1000506_CYTMEM__plas	CPAR2_800240	C00669
TO1000506_CYTMEM__plas	CPAR2_701630	C00669
TO1000506_CYTMEM__plas	CPAR2_600090	C00669
TO1000506_CYTMEM__plas	CPAR2_301860	C00669
TO1000506_CYTMEM__plas	CPAR2_402140	C00669
TO1000506_CYTMEM__plas	CPAR2_800230	C00669
R01138__cyto	CPAR2_209240	C00022
TR0020344_CYTMEM__plas	CPAR2_209630	C19084
TR0020344_CYTMEM__plas	CPAR2_105400	C19084
TR0020344_CYTMEM__plas	CPAR2_808970	C19084
R01641__cyto	CPAR2_804740	C05382
R01641__cyto	CPAR2_804740	C00118
R04892__pero	CPAR2_212210	C05583
R04892__pero	CPAR2_203980	C05583
R04892__pero	CPAR2_108810	C05583
R03875__cyto	CPAR2_404590	C02188
R03875__cyto	CPAR2_402740	C02188
R03875__cyto	CPAR2_407180	C02188
R03875__cyto	CPAR2_109980	C02188
R00274__cyto	CPAR2_104050	C00027
R00274__cyto	CPAR2_104050	C00051
TR0012438_CYTMEM__plas	CPAR2_105400	C03968
TR0012438_CYTMEM__plas	CPAR2_601150	C03968
TR0012438_CYTMEM__plas	CPAR2_209630	C03968
TR0012438_CYTMEM__plas	CPAR2_202050	C03968
TR0012438_CYTMEM__plas	CPAR2_808970	C03968
TR0012438_CYTMEM__plas	CPAR2_104620	C03968
R00714__cyto	CPAR2_106820	C00232
R00714__cyto	CPAR2_404090	C00232
TR2900121_CYTMEM__plas	CPAR2_103870	C00459
TR2900121_CYTMEM__plas	CPAR2_103870	C01081
R03655__cyto	CPAR2_100050	C00135
R03655__cyto	CPAR2_100050	C01643
R08283__cyto	CPAR2_212210	C07645
R08283__cyto	CPAR2_203980	C07645
R08283__cyto	CPAR2_108810	C07645
TR2900172_CYTMEM__plas	CPAR2_103870	C00881
TR2900172_CYTMEM__plas	CPAR2_103870	C01081
R03435__cyto	CPAR2_703350	C04637
R03435__cyto	CPAR2_703180	C04637
R07136__cyto	CPAR2_400470	C11537
R07136__cyto	CPAR2_404310	C11537
R07136__cyto	CPAR2_803750	C11537
R01139__cyto	CPAR2_206020	C00031
R01139__cyto	CPAR2_700080	C00031
R01139__cyto	CPAR2_204260	C00031
R04480__cyto	CPAR2_407040	C00350
R04480__cyto	CPAR2_406330	C00350
TR2900035_CYTMEM__plas	CPAR2_204490	C00158
TR2900035_CYTMEM__plas	CPAR2_204490	C00322
R03838__cyto	CPAR2_503080	C02112
R03838__cyto	CPAR2_503080	C00040
R01175__cyto	CPAR2_807710	C00877
R01175__cyto	CPAR2_807710	C01352
R01175__cyto	CPAR2_807700	C00877
R01175__cyto	CPAR2_807700	C01352
R01175__cyto	CPAR2_807600	C00877
R01175__cyto	CPAR2_807600	C01352
R01175__cyto	CPAR2_807720	C00877
R01175__cyto	CPAR2_807720	C01352
R02199__mito	CPAR2_503520	C00407
R02199__mito	CPAR2_503520	C00026
R02199__mito	CPAR2_211080	C00407
R02199__mito	CPAR2_211080	C00026
R03098__cyto	CPAR2_108400	C00956
TR1000048_CYTMEM__plas	CPAR2_702970	C00059
TR1000048_CYTMEM__plas	CPAR2_702950	C00059
TR1000048_CYTMEM__plas	CPAR2_702940	C00059
TR1000048_CYTMEM__plas	CPAR2_702920	C00059
TR1000048_CYTMEM__plas	CPAR2_702960	C00059
TR2900852_CYTMEM__plas	CPAR2_600780	C00149
R04954__cyto	CPAR2_807400	C05747
R04954__cyto	CPAR2_302650	C05747
R01799__cyto	CPAR2_502170	C00063
R01799__cyto	CPAR2_502170	C00416
R01799__cyto	CPAR2_304360	C00063
R01799__cyto	CPAR2_304360	C00416
TR0003387_CYTMEM__plas	CPAR2_213780	C05684
TR0003387_CYTMEM__plas	CPAR2_103750	C05684
TR0003387_CYTMEM__plas	CPAR2_105050	C05684
TR0003387_CYTMEM__plas	CPAR2_700380	C05684
TR0003387_CYTMEM__plas	CPAR2_302390	C05684
TR0003387_CYTMEM__plas	CPAR2_702380	C05684
TR0003387_CYTMEM__plas	CPAR2_205670	C05684
TR0003387_CYTMEM__plas	CPAR2_106940	C05684
TR0003387_CYTMEM__plas	CPAR2_602600	C05684
TR0003387_CYTMEM__plas	CPAR2_107160	C05684
TR0003387_CYTMEM__plas	CPAR2_301150	C05684
R03991__cyto	CPAR2_503690	C00024
R03991__cyto	CPAR2_503690	C02593
R03991__cyto	CPAR2_800020	C00024
R03991__cyto	CPAR2_800020	C02593
R03991__cyto	CPAR2_212970	C00024
R03991__cyto	CPAR2_212970	C02593
R04544__cyto	CPAR2_807400	C04633
R04544__cyto	CPAR2_302650	C04633
R03332__cyto	CPAR2_703350	C01194
R03332__cyto	CPAR2_703180	C01194
R04231__cyto	CPAR2_807090	C00063
R04231__cyto	CPAR2_807090	C03492
R04231__cyto	CPAR2_807090	C00097
R00185__cyto	CPAR2_600250	C00212
T_Choline_c00114_ExtrCyto__plas	CPAR2_213230	C00114
TO0003705_CYTMEM__plas	CPAR2_107960	C06197
R11098__cyto	CPAR2_104810	C20905
R11098__cyto	CPAR2_304120	C20905
R11098__cyto	CPAR2_213940	C20905
TR0003476_CYTMEM__plas	CPAR2_209630	C05847
TR0003476_CYTMEM__plas	CPAR2_105400	C05847
TR0003476_CYTMEM__plas	CPAR2_808970	C05847
R07763__cyto	CPAR2_105380	C16219
R07763__cyto	CPAR2_803490	C16219
R07763__cyto	CPAR2_807400	C16219
TR0008685_CYTMEM__plas	CPAR2_209630	C11887
TR0008685_CYTMEM__plas	CPAR2_105400	C11887
TR0008685_CYTMEM__plas	CPAR2_808970	C11887
TR0000903_CYTMEM__plas	CPAR2_701830	C01226
TR0000903_CYTMEM__plas	CPAR2_400400	C01226
TR0000903_CYTMEM__plas	CPAR2_206490	C01226
TR0003443_CYTMEM__plas	CPAR2_209630	C05809
TR0003443_CYTMEM__plas	CPAR2_105400	C05809
TR0003443_CYTMEM__plas	CPAR2_808970	C05809
R07393__cyto	CPAR2_210240	C15650
TR2900290_CYTMEM__plas	CPAR2_805840	C04593
TR2900290_CYTMEM__plas	CPAR2_805840	C00158
TR0000577_CYTMEM__plas	CPAR2_209630	C00777
TR0000577_CYTMEM__plas	CPAR2_105400	C00777
TR0000577_CYTMEM__plas	CPAR2_808970	C00777
TR1000104_CYTMEM__plas	CPAR2_203280	C00120
TR1000104_CYTMEM__plas	CPAR2_203100	C00120
TR1000104_CYTMEM__plas	CPAR2_802240	C00120
R01481__cyto	CPAR2_103840	C00800
R01481__cyto	CPAR2_800970	C00800
R02382__cyto	CPAR2_211650	C00483
R02382__cyto	CPAR2_104430	C00483
R00965__cyto	CPAR2_502880	C01103
R00965__cyto	CPAR2_502890	C01103
R11219__cyto	CPAR2_110080	C00613
R00619__cyto	CPAR2_303040	C00378
R00619__cyto	CPAR2_104170	C00378
R00306__cyto	CPAR2_200980	C00185
R00306__cyto	CPAR2_200990	C00185
R01518__cyto	CPAR2_211810	C00631
R01518__cyto	CPAR2_106980	C00631
TR0011652_CYTMEM__plas	CPAR2_105400	C00344
TR0011652_CYTMEM__plas	CPAR2_601150	C00344
TR0011652_CYTMEM__plas	CPAR2_209630	C00344
TR0011652_CYTMEM__plas	CPAR2_202050	C00344
TR0011652_CYTMEM__plas	CPAR2_808970	C00344
TR0011652_CYTMEM__plas	CPAR2_104620	C00344
R01234__cyto	CPAR2_100370	C00942
TZ2900043_CYTMEM__plas	CPAR2_806120	C00244
R01049__cyto	CPAR2_304260	C00117
R01049__cyto	CPAR2_206340	C00117
R01049__cyto	CPAR2_401280	C00117
R01049__cyto	CPAR2_104910	C00117
R00711__cyto	CPAR2_212210	C00084
R00711__cyto	CPAR2_203980	C00084
R00711__cyto	CPAR2_108810	C00084
R12118__mito	CPAR2_303740	C21918
R12118__mito	CPAR2_303740	C03024
R08161__cyto	CPAR2_105550	C05764
R08161__cyto	CPAR2_105550	C00138
R00999__cyto	CPAR2_110340	C01118
TR1000218_CYTMEM__plas	CPAR2_802700	C00253
TR1000218_CYTMEM__plas	CPAR2_802710	C00253
TR1000218_CYTMEM__plas	CPAR2_802720	C00253
TR1000218_CYTMEM__plas	CPAR2_100300	C00253
R10851__mito	CPAR2_400990	C05519
TZ3000003_CYTMEM__plas	CPAR2_805420	C02679
TZ3000003_CYTMEM__plas	CPAR2_500820	C02679
TZ3000003_CYTMEM__plas	CPAR2_805400	C02679
TZ3000003_CYTMEM__plas	CPAR2_602940	C02679
TZ3000003_CYTMEM__plas	CPAR2_701660	C02679
TZ3000003_CYTMEM__plas	CPAR2_805390	C02679
TZ3000003_CYTMEM__plas	CPAR2_807240	C02679
TZ3000003_CYTMEM__plas	CPAR2_102560	C02679
TZ3000003_CYTMEM__plas	CPAR2_200640	C02679
TZ3000003_CYTMEM__plas	CPAR2_102550	C02679
TZ3000003_CYTMEM__plas	CPAR2_102570	C02679
TZ3000003_CYTMEM__plas	CPAR2_807230	C02679
TZ3000003_CYTMEM__plas	CPAR2_805410	C02679
R07237__cyto	CPAR2_210690	C01051
R04014__cyto	CPAR2_302650	C05223
R02819__cyto	CPAR2_101350	C00717
R02750__cyto	CPAR2_201350	C01801
R07896__cyto	CPAR2_807710	C16335
R07896__cyto	CPAR2_807700	C16335
R07896__cyto	CPAR2_807600	C16335
R07896__cyto	CPAR2_807720	C16335
TO0000021_CYTMEM__plas	CPAR2_603600	C14818
TO0000021_CYTMEM__plas	CPAR2_805630	C14818
TO0000021_CYTMEM__plas	CPAR2_304050	C14818
TO0000021_CYTMEM__plas	CPAR2_603590	C14818
TO0000021_CYTMEM__plas	CPAR2_210100	C14818
TO0000021_CYTMEM__plas	CPAR2_803120	C14818
TR2900293_CYTMEM__plas	CPAR2_805840	C01251
TR2900293_CYTMEM__plas	CPAR2_805840	C00158
TR1000832_CYTMEM__plas	CPAR2_210080	C01132
TR1000832_CYTMEM__plas	CPAR2_210150	C01132
TR1000832_CYTMEM__plas	CPAR2_108340	C01132
TR1000832_CYTMEM__plas	CPAR2_212860	C01132
TR1000832_CYTMEM__plas	CPAR2_212850	C01132
TR1000832_CYTMEM__plas	CPAR2_108370	C01132
TR1000832_CYTMEM__plas	CPAR2_108350	C01132
TR1000832_CYTMEM__plas	CPAR2_108210	C01132
TR1000832_CYTMEM__plas	CPAR2_108220	C01132
TR1000832_CYTMEM__plas	CPAR2_108360	C01132
R03527__cyto	CPAR2_200980	C00963
R03527__cyto	CPAR2_200990	C00963
R07951__cyto	CPAR2_503040	C16388
T_Ethanol_c00469__plas	CPAR2_700570	C00469
T_Ethanol_c00469__plas	CPAR2_805630	C00469
R07395__cyto	CPAR2_210240	C15650
R02222__cyto	CPAR2_406570	C00412
R02222__cyto	CPAR2_406570	C00999
R02222__cyto	CPAR2_206900	C00412
R02222__cyto	CPAR2_206900	C00999
R11217__cyto	CPAR2_110080	C04143
TO1011451_CYTMEM__plas	CPAR2_201790	C00828
TO1011451_CYTMEM__plas	CPAR2_201900	C00828
TO1011451_CYTMEM__plas	CPAR2_806580	C00828
TR0003176_CYTMEM__plas	CPAR2_701830	C05356
TR0003176_CYTMEM__plas	CPAR2_400400	C05356
TR0003176_CYTMEM__plas	CPAR2_206490	C05356
TZ3000018_CYTMEM__plas	CPAR2_805420	C01530
TZ3000018_CYTMEM__plas	CPAR2_500820	C01530
TZ3000018_CYTMEM__plas	CPAR2_805400	C01530
TZ3000018_CYTMEM__plas	CPAR2_602940	C01530
TZ3000018_CYTMEM__plas	CPAR2_701660	C01530
TZ3000018_CYTMEM__plas	CPAR2_805390	C01530
TZ3000018_CYTMEM__plas	CPAR2_807240	C01530
TZ3000018_CYTMEM__plas	CPAR2_102560	C01530
TZ3000018_CYTMEM__plas	CPAR2_200640	C01530
TZ3000018_CYTMEM__plas	CPAR2_102550	C01530
TZ3000018_CYTMEM__plas	CPAR2_102570	C01530
TZ3000018_CYTMEM__plas	CPAR2_807230	C01530
TZ3000018_CYTMEM__plas	CPAR2_805410	C01530
R04952__cyto	CPAR2_807400	C01209
R04952__cyto	CPAR2_807400	C05745
R04952__cyto	CPAR2_302650	C01209
R04952__cyto	CPAR2_302650	C05745
R01513__cyto	CPAR2_805110	C00197
TR0001122_CYTMEM__plas	CPAR2_701830	C01595
TR0001122_CYTMEM__plas	CPAR2_400400	C01595
TR0001122_CYTMEM__plas	CPAR2_206490	C01595
R07045__cyto	CPAR2_500140	C14813
R00590__cyto	CPAR2_400460	C00065
R00590__cyto	CPAR2_213940	C00065
R02473__cyto	CPAR2_801030	C00099
R02473__cyto	CPAR2_801030	C00522
R04482__cyto	CPAR2_704350	C05364
R00092__cyto	CPAR2_210120	C14818
R00092__cyto	CPAR2_300130	C14818
TR1000395_CYTMEM__plas	CPAR2_702970	C00506
TR1000395_CYTMEM__plas	CPAR2_702950	C00506
TR1000395_CYTMEM__plas	CPAR2_702940	C00506
TR1000395_CYTMEM__plas	CPAR2_702920	C00506
TR1000395_CYTMEM__plas	CPAR2_702960	C00506
R07235__mito	CPAR2_602300	C03226
TR0000074_CYTMEM__plas	CPAR2_400790	C00087
TR0000074_CYTMEM__plas	CPAR2_802600	C00087
TR0000074_CYTMEM__plas	CPAR2_209010	C00087
TR0000074_CYTMEM__plas	CPAR2_700010	C00087
TR0000074_CYTMEM__plas	CPAR2_109920	C00087
TR0000074_CYTMEM__plas	CPAR2_212860	C00087
TR0000074_CYTMEM__plas	CPAR2_210750	C00087
TR0000074_CYTMEM__plas	CPAR2_302090	C00087
TR0000074_CYTMEM__plas	CPAR2_108210	C00087
TR0000074_CYTMEM__plas	CPAR2_108370	C00087
TR0000074_CYTMEM__plas	CPAR2_100280	C00087
TR0000074_CYTMEM__plas	CPAR2_204050	C00087
TR0000074_CYTMEM__plas	CPAR2_407080	C00087
TR0000074_CYTMEM__plas	CPAR2_400160	C00087
TR0000074_CYTMEM__plas	CPAR2_210080	C00087
TR0000074_CYTMEM__plas	CPAR2_210150	C00087
TR0000074_CYTMEM__plas	CPAR2_801480	C00087
TR0000074_CYTMEM__plas	CPAR2_101830	C00087
TR0000074_CYTMEM__plas	CPAR2_800280	C00087
TR0000074_CYTMEM__plas	CPAR2_400230	C00087
TR0000074_CYTMEM__plas	CPAR2_108340	C00087
TR0000074_CYTMEM__plas	CPAR2_802070	C00087
TR0000074_CYTMEM__plas	CPAR2_208110	C00087
TR0000074_CYTMEM__plas	CPAR2_301480	C00087
TR0000074_CYTMEM__plas	CPAR2_301470	C00087
TR0000074_CYTMEM__plas	CPAR2_108350	C00087
TR0000074_CYTMEM__plas	CPAR2_502090	C00087
TR0000074_CYTMEM__plas	CPAR2_108220	C00087
TR0000074_CYTMEM__plas	CPAR2_108360	C00087
TR0015555_CYTMEM__plas	CPAR2_303570	C02737
TR0015555_CYTMEM__plas	CPAR2_105400	C02737
TR0015555_CYTMEM__plas	CPAR2_601150	C02737
TR0015555_CYTMEM__plas	CPAR2_209630	C02737
TR0015555_CYTMEM__plas	CPAR2_202050	C02737
TR0015555_CYTMEM__plas	CPAR2_808970	C02737
TR0015555_CYTMEM__plas	CPAR2_104620	C02737
R07953__cyto	CPAR2_503690	C16173
R07953__cyto	CPAR2_503690	C00024
R07953__cyto	CPAR2_800020	C16173
R07953__cyto	CPAR2_800020	C00024
R07953__cyto	CPAR2_212970	C16173
R07953__cyto	CPAR2_212970	C00024
R00836__cyto	CPAR2_108720	C00029
R00836__cyto	CPAR2_108720	C00092
R00836__cyto	CPAR2_205380	C00029
R00836__cyto	CPAR2_205380	C00092
R00836__cyto	CPAR2_407750	C00029
R00836__cyto	CPAR2_407750	C00092
R02251__cyto	CPAR2_503080	C00040
R02251__cyto	CPAR2_503080	C00641
R01602__cyto	CPAR2_106140	C00267
R07760__cyto	CPAR2_203400	C16217
R07760__cyto	CPAR2_704270	C16217
R07760__cyto	CPAR2_704290	C16217
TR0003846_CYTMEM__plas	CPAR2_701830	C06423
TR0003846_CYTMEM__plas	CPAR2_400400	C06423
TR0003846_CYTMEM__plas	CPAR2_206490	C06423
TR2916859_CYTMEM__plas	CPAR2_204490	C00322
TR2916859_CYTMEM__plas	CPAR2_204490	C00149
TR0010516_CYTMEM__plas	CPAR2_213780	C14819
TR0010516_CYTMEM__plas	CPAR2_103750	C14819
TR0010516_CYTMEM__plas	CPAR2_105050	C14819
TR0010516_CYTMEM__plas	CPAR2_805710	C14819
TR0010516_CYTMEM__plas	CPAR2_203880	C14819
TR0010516_CYTMEM__plas	CPAR2_302390	C14819
TR0010516_CYTMEM__plas	CPAR2_205670	C14819
TR0010516_CYTMEM__plas	CPAR2_106940	C14819
TR0010516_CYTMEM__plas	CPAR2_702380	C14819
TR0010516_CYTMEM__plas	CPAR2_602600	C14819
TR0010516_CYTMEM__plas	CPAR2_803500	C14819
TR0010516_CYTMEM__plas	CPAR2_204300	C14819
TR0010516_CYTMEM__plas	CPAR2_206320	C14819
TR0010516_CYTMEM__plas	CPAR2_403610	C14819
TR0010516_CYTMEM__plas	CPAR2_700380	C14819
TR0010516_CYTMEM__plas	CPAR2_803540	C14819
TR0010516_CYTMEM__plas	CPAR2_103640	C14819
TR0010516_CYTMEM__plas	CPAR2_102220	C14819
TR0010516_CYTMEM__plas	CPAR2_301150	C14819
TR0000119_CYTMEM__plas	CPAR2_208040	C00135
R08163__cyto	CPAR2_302650	C04088
R00968__cyto	CPAR2_404130	C00299
R07237__mito	CPAR2_210690	C01051
R01325__mito	CPAR2_205700	C00158
R04734__cyto	CPAR2_213300	C15522
R07859__cyto	CPAR2_403310	C00157
R07859__cyto	CPAR2_209600	C00157
R07042__cyto	CPAR2_500140	C05966
R03093__cyto	CPAR2_303130	C02938
TR0012801_CYTMEM__plas	CPAR2_209630	C05980
TR0012801_CYTMEM__plas	CPAR2_105400	C05980
TR0012801_CYTMEM__plas	CPAR2_808970	C05980
TZ2900046_CYTMEM__plas	CPAR2_806120	C05697
TR2900963_CYTMEM__plas	CPAR2_805030	C05966
TR2900963_CYTMEM__plas	CPAR2_406100	C05966
R02848__cyto	CPAR2_206020	C00738
R02848__cyto	CPAR2_700080	C00738
R02848__cyto	CPAR2_204260	C00738
R04983__mito	CPAR2_402580	C05803
R04983__mito	CPAR2_209250	C05803
R01676__cyto	CPAR2_301460	C00242
R00094__cyto	CPAR2_501660	C00051
R01899__pero	CPAR2_801250	C00311
R01899__pero	CPAR2_209910	C00311
R01896__cyto	CPAR2_101310	C00379
R01896__cyto	CPAR2_200280	C00379
R10948__cyto	CPAR2_401060	C00288
R10948__cyto	CPAR2_203160	C00288
R10948__cyto	CPAR2_803010	C00288
TR0002507_CYTMEM__plas	CPAR2_803540	C04052
R00430__cyto	CPAR2_801560	C00074
TR2900024_CYTMEM__plas	CPAR2_404540	C00062
TR2900024_CYTMEM__plas	CPAR2_404540	C00515
R12424__mito	CPAR2_401640	C22150
R12424__mito	CPAR2_401640	C22154
R12424__mito	CPAR2_401640	C22159
R07044__cyto	CPAR2_500140	C14781
TR1001307_CYTMEM__plas	CPAR2_210080	C01904
TR1001307_CYTMEM__plas	CPAR2_210150	C01904
TR1001307_CYTMEM__plas	CPAR2_108340	C01904
TR1001307_CYTMEM__plas	CPAR2_212860	C01904
TR1001307_CYTMEM__plas	CPAR2_212850	C01904
TR1001307_CYTMEM__plas	CPAR2_108370	C01904
TR1001307_CYTMEM__plas	CPAR2_108350	C01904
TR1001307_CYTMEM__plas	CPAR2_108210	C01904
TR1001307_CYTMEM__plas	CPAR2_108220	C01904
TR1001307_CYTMEM__plas	CPAR2_108360	C01904
R03663_Cyto__cyto	CPAR2_106030	C00188
R03663_Cyto__cyto	CPAR2_106030	C01651
R03663_Cyto__cyto	CPAR2_502300	C00188
R03663_Cyto__cyto	CPAR2_502300	C01651
R01230__cyto	CPAR2_803560	C00655
R07761__cyto	CPAR2_110100	C16218
R04325__cyto	CPAR2_211620	C03838
R04325__cyto	CPAR2_211620	C00234
R01326__cyto	CPAR2_206020	C00159
R01326__cyto	CPAR2_700080	C00159
R01326__cyto	CPAR2_204260	C00159
TR0000099_CYTMEM__plas	CPAR2_213780	C01327
TR0000099_CYTMEM__plas	CPAR2_403610	C01327
TR0000099_CYTMEM__plas	CPAR2_105050	C01327
TR0000099_CYTMEM__plas	CPAR2_406420	C01327
TR0000099_CYTMEM__plas	CPAR2_700380	C01327
TR0000099_CYTMEM__plas	CPAR2_805710	C01327
TR0000099_CYTMEM__plas	CPAR2_302390	C01327
TR0000099_CYTMEM__plas	CPAR2_301150	C01327
TR0000099_CYTMEM__plas	CPAR2_702380	C01327
TR0000099_CYTMEM__plas	CPAR2_205670	C01327
TR0000099_CYTMEM__plas	CPAR2_106940	C01327
TR0000099_CYTMEM__plas	CPAR2_803500	C01327
TR0000099_CYTMEM__plas	CPAR2_602600	C01327
TR0000099_CYTMEM__plas	CPAR2_107160	C01327
TR0000099_CYTMEM__plas	CPAR2_103750	C01327
R01827__cyto	CPAR2_202600	C05382
R01827__cyto	CPAR2_202600	C00118
R02317__cyto	CPAR2_108400	C04076
R00524__cyto	CPAR2_404920	C00488
R07892__cyto	CPAR2_807710	C16331
R07892__cyto	CPAR2_807700	C16331
R07892__cyto	CPAR2_807600	C16331
R07892__cyto	CPAR2_807720	C16331
R03777__cyto	CPAR2_807710	C01944
R03777__cyto	CPAR2_807700	C01944
R03777__cyto	CPAR2_807600	C01944
R03777__cyto	CPAR2_807720	C01944
TO1000128_CYTMEM__plas	CPAR2_201790	C00147
TO1000128_CYTMEM__plas	CPAR2_201900	C00147
TO1000128_CYTMEM__plas	CPAR2_806580	C00147
TR0002169_CYTMEM__plas	CPAR2_209630	C03428
TR0002169_CYTMEM__plas	CPAR2_105400	C03428
TR0002169_CYTMEM__plas	CPAR2_808970	C03428
R03118__cyto	CPAR2_106400	C00029
R03118__cyto	CPAR2_109680	C00029
R03118__cyto	CPAR2_804030	C00029
R01548__cyto	CPAR2_404130	C00475
TR2900856_CYTMEM__plas	CPAR2_600780	C00320
TR2900856_CYTMEM__plas	CPAR2_600780	C00149
TI6900007_CYTMEM__plas	CPAR2_210070	C00390
TI6900007_CYTMEM__plas	CPAR2_210070	C00125
TI6900007_CYTMEM__plas	CPAR2_806050	C00390
TI6900007_CYTMEM__plas	CPAR2_806050	C00125
R12429__mito	CPAR2_601200	C22158
R12429__mito	CPAR2_601200	C06423
TR0008908_CYTMEM__plas	CPAR2_209630	C12126
TR0008908_CYTMEM__plas	CPAR2_105400	C12126
TR0008908_CYTMEM__plas	CPAR2_808970	C12126
TR2901086_CYTMEM__plas	CPAR2_805030	C01595
TR2901086_CYTMEM__plas	CPAR2_406100	C01595
R00967__cyto	CPAR2_404130	C00299
R02197__mito	CPAR2_704320	C00407
R10852__mito	CPAR2_400990	C05519
R02909__cyto	CPAR2_100040	C00780
R01547__cyto	CPAR2_602110	C00360
R01547__cyto	CPAR2_109720	C00360
TR2900923_CYTMEM__plas	CPAR2_602130	C00081
TR0000052_CYTMEM__plas	CPAR2_304300	C00063
TR0000052_CYTMEM__plas	CPAR2_403790	C00063
TR0000052_CYTMEM__plas	CPAR2_213910	C00063
TR0000052_CYTMEM__plas	CPAR2_213310	C00063
TR0000052_CYTMEM__plas	CPAR2_807550	C00063
TR0000052_CYTMEM__plas	CPAR2_104230	C00063
TR0000052_CYTMEM__plas	CPAR2_107420	C00063
TR0000052_CYTMEM__plas	CPAR2_802670	C00063
TR0000052_CYTMEM__plas	CPAR2_103230	C00063
TR0000052_CYTMEM__plas	CPAR2_106230	C00063
TR0000052_CYTMEM__plas	CPAR2_803730	C00063
TR0000052_CYTMEM__plas	CPAR2_107390	C00063
TR0000052_CYTMEM__plas	CPAR2_210000	C00063
TR0000052_CYTMEM__plas	CPAR2_208280	C00063
TR0000052_CYTMEM__plas	CPAR2_602530	C00063
TR0000052_CYTMEM__plas	CPAR2_404650	C00063
TR0000052_CYTMEM__plas	CPAR2_808650	C00063
TR0000052_CYTMEM__plas	CPAR2_206710	C00063
TR0000052_CYTMEM__plas	CPAR2_404940	C00063
TR0000052_CYTMEM__plas	CPAR2_202820	C00063
TR0000052_CYTMEM__plas	CPAR2_205060	C00063
TR0000052_CYTMEM__plas	CPAR2_212290	C00063
TR0000052_CYTMEM__plas	CPAR2_302670	C00063
TR0000052_CYTMEM__plas	CPAR2_702740	C00063
TR0000052_CYTMEM__plas	CPAR2_207840	C00063
TR0000052_CYTMEM__plas	CPAR2_603680	C00063
TR0000052_CYTMEM__plas	CPAR2_403760	C00063
TR0000052_CYTMEM__plas	CPAR2_105250	C00063
TR0000052_CYTMEM__plas	CPAR2_801000	C00063
TR0000052_CYTMEM__plas	CPAR2_404810	C00063
TR0000052_CYTMEM__plas	CPAR2_206400	C00063
TR0000052_CYTMEM__plas	CPAR2_402480	C00063
TR0000052_CYTMEM__plas	CPAR2_800490	C00063
R03778__cyto	CPAR2_503690	C01944
R03778__cyto	CPAR2_503690	C00024
R03778__cyto	CPAR2_800020	C01944
R03778__cyto	CPAR2_800020	C00024
R03778__cyto	CPAR2_212970	C01944
R03778__cyto	CPAR2_212970	C00024
R03090__cyto	CPAR2_500140	C00951
R10852__cyto	CPAR2_400990	C05519
R04673__mito	CPAR2_406240	C00109
R04673__mito	CPAR2_406240	C05125
R07891__cyto	CPAR2_503690	C00024
R07891__cyto	CPAR2_503690	C16331
R07891__cyto	CPAR2_800020	C00024
R07891__cyto	CPAR2_800020	C16331
R07891__cyto	CPAR2_212970	C00024
R07891__cyto	CPAR2_212970	C16331
TR0000048_CYTMEM__plas	CPAR2_213780	C00059
TR0000048_CYTMEM__plas	CPAR2_103750	C00059
TR0000048_CYTMEM__plas	CPAR2_105050	C00059
TR0000048_CYTMEM__plas	CPAR2_700380	C00059
TR0000048_CYTMEM__plas	CPAR2_302390	C00059
TR0000048_CYTMEM__plas	CPAR2_702380	C00059
TR0000048_CYTMEM__plas	CPAR2_205670	C00059
TR0000048_CYTMEM__plas	CPAR2_106940	C00059
TR0000048_CYTMEM__plas	CPAR2_602600	C00059
TR0000048_CYTMEM__plas	CPAR2_107160	C00059
TR0000048_CYTMEM__plas	CPAR2_301150	C00059
R12428__mito	CPAR2_108550	C22157
R12428__mito	CPAR2_108550	C05752
R01268__cyto	CPAR2_703730	C00153
TR0000126_CYTMEM__plas	CPAR2_304300	C00144
TR0000126_CYTMEM__plas	CPAR2_403790	C00144
TR0000126_CYTMEM__plas	CPAR2_213910	C00144
TR0000126_CYTMEM__plas	CPAR2_213310	C00144
TR0000126_CYTMEM__plas	CPAR2_807550	C00144
TR0000126_CYTMEM__plas	CPAR2_104230	C00144
TR0000126_CYTMEM__plas	CPAR2_107420	C00144
TR0000126_CYTMEM__plas	CPAR2_802670	C00144
TR0000126_CYTMEM__plas	CPAR2_103230	C00144
TR0000126_CYTMEM__plas	CPAR2_106230	C00144
TR0000126_CYTMEM__plas	CPAR2_803730	C00144
TR0000126_CYTMEM__plas	CPAR2_107390	C00144
TR0000126_CYTMEM__plas	CPAR2_210000	C00144
TR0000126_CYTMEM__plas	CPAR2_208280	C00144
TR0000126_CYTMEM__plas	CPAR2_602530	C00144
TR0000126_CYTMEM__plas	CPAR2_404650	C00144
TR0000126_CYTMEM__plas	CPAR2_808650	C00144
TR0000126_CYTMEM__plas	CPAR2_206710	C00144
TR0000126_CYTMEM__plas	CPAR2_404940	C00144
TR0000126_CYTMEM__plas	CPAR2_202820	C00144
TR0000126_CYTMEM__plas	CPAR2_205060	C00144
TR0000126_CYTMEM__plas	CPAR2_212290	C00144
TR0000126_CYTMEM__plas	CPAR2_302670	C00144
TR0000126_CYTMEM__plas	CPAR2_702740	C00144
TR0000126_CYTMEM__plas	CPAR2_207840	C00144
TR0000126_CYTMEM__plas	CPAR2_603680	C00144
TR0000126_CYTMEM__plas	CPAR2_403760	C00144
TR0000126_CYTMEM__plas	CPAR2_105250	C00144
TR0000126_CYTMEM__plas	CPAR2_801000	C00144
TR0000126_CYTMEM__plas	CPAR2_404810	C00144
TR0000126_CYTMEM__plas	CPAR2_206400	C00144
TR0000126_CYTMEM__plas	CPAR2_402480	C00144
TR0000126_CYTMEM__plas	CPAR2_800490	C00144
R01731__cyto	CPAR2_603290	C00826
R01731__cyto	CPAR2_603290	C00036
R01731__cyto	CPAR2_213450	C00826
R01731__cyto	CPAR2_213450	C00036
R01731__cyto	CPAR2_500520	C00826
R01731__cyto	CPAR2_500520	C00036
R00028__cyto	CPAR2_400770	C00208
R00028__cyto	CPAR2_304230	C00208
R00028__cyto	CPAR2_109930	C00208
R10851__cyto	CPAR2_400990	C05519
R08193__cyto	CPAR2_201630	C00357
R07486__cyto	CPAR2_105550	C15782
R07486__cyto	CPAR2_105550	C00999
R04892__cyto	CPAR2_212210	C05583
R04892__cyto	CPAR2_203980	C05583
R04892__cyto	CPAR2_108810	C05583
R04326__cyto	CPAR2_211620	C00445
R04326__cyto	CPAR2_211620	C03838
TR2900235_CYTMEM__plas	CPAR2_103870	C01081
TR2900235_CYTMEM__plas	CPAR2_103870	C00295
R01986__cyto	CPAR2_702980	C00555
R01986__cyto	CPAR2_109500	C00555
R01986__cyto	CPAR2_203980	C00555
R12205__cyto	CPAR2_801860	C02050
R12205__cyto	CPAR2_801860	C00999
R01327__cyto	CPAR2_206020	C00159
R01327__cyto	CPAR2_206020	C00081
R01327__cyto	CPAR2_700080	C00159
R01327__cyto	CPAR2_700080	C00081
R01327__cyto	CPAR2_204260	C00159
R01327__cyto	CPAR2_204260	C00081
R07324__cyto	CPAR2_200650	C00092
R00746__cyto	CPAR2_103840	C00469
R00746__cyto	CPAR2_800970	C00469
TI6900011_CYTMEM__plas	CPAR2_210070	C03313
TI6900011_CYTMEM__plas	CPAR2_210070	C00125
TI6900011_CYTMEM__plas	CPAR2_806050	C03313
TI6900011_CYTMEM__plas	CPAR2_806050	C00125
R03460__cyto	CPAR2_400020	C03175
R03460__cyto	CPAR2_400020	C00074
R03245__cyto	CPAR2_400710	C01107
R03300__cyto	CPAR2_212210	C04043
R03300__cyto	CPAR2_203980	C04043
R03300__cyto	CPAR2_108810	C04043
TR0002603_CYTMEM__plas	CPAR2_105400	C04233
TR0002603_CYTMEM__plas	CPAR2_601150	C04233
TR0002603_CYTMEM__plas	CPAR2_209630	C04233
TR0002603_CYTMEM__plas	CPAR2_202050	C04233
TR0002603_CYTMEM__plas	CPAR2_808970	C04233
TR0002603_CYTMEM__plas	CPAR2_104620	C04233
R07765__cyto	CPAR2_302650	C16221
R00025__cyto	CPAR2_703310	C18091
R00025__cyto	CPAR2_703310	C01847
TO1000246_CYTMEM__plas	CPAR2_209780	C00294
R07109__cyto	CPAR2_804090	C14770
R01395__cyto	CPAR2_401060	C01563
R01395__cyto	CPAR2_203160	C01563
R01395__cyto	CPAR2_803010	C01563
R07392__cyto	CPAR2_100590	C04582
R02695__cyto	CPAR2_212210	C03765
R02695__cyto	CPAR2_203980	C03765
R02695__cyto	CPAR2_108810	C03765
R06521__mito	CPAR2_503750	C06124
R06521__mito	CPAR2_208120	C06124
R06521__mito	CPAR2_300920	C06124
R06521__mito	CPAR2_207800	C06124
R06521__mito	CPAR2_214160	C06124
R05000__mito	CPAR2_200190	C00156
R05000__mito	CPAR2_200190	C04145
R10634__cyto	CPAR2_803900	C20743
R10634__cyto	CPAR2_800780	C20743
R10634__cyto	CPAR2_303300	C20743
R01549__cyto	CPAR2_404130	C00299
R02315__cyto	CPAR2_808420	C00449
R01010__cyto	CPAR2_804230	C00111
R01010__cyto	CPAR2_402470	C00111
R01010__cyto	CPAR2_800810	C00111
R01010__cyto	CPAR2_804710	C00111
R01010__cyto	CPAR2_804250	C00111
R01010__cyto	CPAR2_208530	C00111
R01010__cyto	CPAR2_400680	C00111
R01010__cyto	CPAR2_208420	C00111
R01010__cyto	CPAR2_804420	C00111
R00802__cyto	CPAR2_400770	C00089
R00802__cyto	CPAR2_304230	C00089
R00802__cyto	CPAR2_109930	C00089
R00189__cyto	CPAR2_214140	C00857
R10040__cyto	CPAR2_200980	C01594
R10040__cyto	CPAR2_200990	C01594
TO0001217_CYTMEM__plas	CPAR2_107960	C01762
TR0000304_CYTMEM__plas	CPAR2_209630	C00376
TR0000304_CYTMEM__plas	CPAR2_105400	C00376
TR0000304_CYTMEM__plas	CPAR2_808970	C00376
TR0000355_CYTMEM__plas	CPAR2_304300	C00455
TR0000355_CYTMEM__plas	CPAR2_403790	C00455
TR0000355_CYTMEM__plas	CPAR2_213910	C00455
TR0000355_CYTMEM__plas	CPAR2_213310	C00455
TR0000355_CYTMEM__plas	CPAR2_807550	C00455
TR0000355_CYTMEM__plas	CPAR2_104230	C00455
TR0000355_CYTMEM__plas	CPAR2_107420	C00455
TR0000355_CYTMEM__plas	CPAR2_802670	C00455
TR0000355_CYTMEM__plas	CPAR2_103230	C00455
TR0000355_CYTMEM__plas	CPAR2_106230	C00455
TR0000355_CYTMEM__plas	CPAR2_803730	C00455
TR0000355_CYTMEM__plas	CPAR2_107390	C00455
TR0000355_CYTMEM__plas	CPAR2_210000	C00455
TR0000355_CYTMEM__plas	CPAR2_208280	C00455
TR0000355_CYTMEM__plas	CPAR2_602530	C00455
TR0000355_CYTMEM__plas	CPAR2_404650	C00455
TR0000355_CYTMEM__plas	CPAR2_808650	C00455
TR0000355_CYTMEM__plas	CPAR2_206710	C00455
TR0000355_CYTMEM__plas	CPAR2_404940	C00455
TR0000355_CYTMEM__plas	CPAR2_202820	C00455
TR0000355_CYTMEM__plas	CPAR2_205060	C00455
TR0000355_CYTMEM__plas	CPAR2_212290	C00455
TR0000355_CYTMEM__plas	CPAR2_302670	C00455
TR0000355_CYTMEM__plas	CPAR2_702740	C00455
TR0000355_CYTMEM__plas	CPAR2_207840	C00455
TR0000355_CYTMEM__plas	CPAR2_603680	C00455
TR0000355_CYTMEM__plas	CPAR2_403760	C00455
TR0000355_CYTMEM__plas	CPAR2_105250	C00455
TR0000355_CYTMEM__plas	CPAR2_801000	C00455
TR0000355_CYTMEM__plas	CPAR2_404810	C00455
TR0000355_CYTMEM__plas	CPAR2_206400	C00455
TR0000355_CYTMEM__plas	CPAR2_402480	C00455
TR0000355_CYTMEM__plas	CPAR2_800490	C00455
R02537__cyto	CPAR2_212210	C00601
R02537__cyto	CPAR2_203980	C00601
R02537__cyto	CPAR2_108810	C00601
R01826__cyto	CPAR2_107970	C00074
R01826__cyto	CPAR2_107970	C00279
R01826__cyto	CPAR2_211970	C00074
R01826__cyto	CPAR2_211970	C00279
R01013__cyto	CPAR2_102320	C00040
R01013__cyto	CPAR2_102320	C00111
R01013__cyto	CPAR2_210650	C00040
R01013__cyto	CPAR2_210650	C00111
R07489__mito	CPAR2_703970	C01753
TO1021423_CYTMEM__plas	CPAR2_209780	C20190
R07048__cyto	CPAR2_500140	C00219
R02534__cyto	CPAR2_703530	C00547
R01730__cyto	CPAR2_400720	C00254
R02038__cyto	CPAR2_213520	C00346
R02038__cyto	CPAR2_213520	C00063
R04390__cyto	CPAR2_108400	C05535
TR0000188_CYTMEM__plas	CPAR2_701830	C00219
TR0000188_CYTMEM__plas	CPAR2_400400	C00219
TR0000188_CYTMEM__plas	CPAR2_206490	C00219
R02814__cyto	CPAR2_302650	C01203
R02536__cyto	CPAR2_212210	C00601
R02536__cyto	CPAR2_203980	C00601
R02536__cyto	CPAR2_108810	C00601
R02697__cyto	CPAR2_212210	C03765
R02697__cyto	CPAR2_203980	C03765
R02697__cyto	CPAR2_108810	C03765
R03243__cyto	CPAR2_402380	C01100
R03243__cyto	CPAR2_402380	C00026
R02976__mito	CPAR2_804970	C00836
TR0000947_CYTMEM__plas	CPAR2_209630	C01290
TR0000947_CYTMEM__plas	CPAR2_105400	C01290
TR0000947_CYTMEM__plas	CPAR2_808970	C01290
R04672__mito	CPAR2_406240	C06010
R04672__mito	CPAR2_406240	C00068
R02756__cyto	CPAR2_800330	C00681
R02756__cyto	CPAR2_600270	C00681
R02756__cyto	CPAR2_800120	C00681
R02756__cyto	CPAR2_800350	C00681
R02756__cyto	CPAR2_101810	C00681
R02756__cyto	CPAR2_800340	C00681
TZ2900068_CYTMEM__plas	CPAR2_806120	C05684
R01829__cyto	CPAR2_401230	C00447
R06521__cyto	CPAR2_503750	C06124
R06521__cyto	CPAR2_208120	C06124
R06521__cyto	CPAR2_300920	C06124
R06521__cyto	CPAR2_207800	C06124
R06521__cyto	CPAR2_214160	C06124
TR2900275_CYTMEM__plas	CPAR2_805840	C00158
TR2900275_CYTMEM__plas	CPAR2_805840	C04324
R02976__cyto	CPAR2_804970	C00836
TR1000222_CYTMEM__plas	CPAR2_212850	C00257
TR1000222_CYTMEM__plas	CPAR2_212860	C00257
TR1000222_CYTMEM__plas	CPAR2_210150	C00257
R01608__cyto	CPAR2_601180	C01013
TR0003850_CYTMEM__plas	CPAR2_701830	C06427
TR0003850_CYTMEM__plas	CPAR2_400400	C06427
TR0003850_CYTMEM__plas	CPAR2_206490	C06427
R00742__cyto	CPAR2_804060	C00024
R00742__cyto	CPAR2_804060	C00288
R00742__cyto	CPAR2_105520	C00024
R00742__cyto	CPAR2_105520	C00288
R03522__cyto	CPAR2_103090	C01322
R03522__cyto	CPAR2_103090	C00051
R03522__cyto	CPAR2_105540	C01322
R03522__cyto	CPAR2_105540	C00051
R01231__cyto	CPAR2_803560	C00655
R01231__cyto	CPAR2_803560	C00064
R06740__cyto	CPAR2_211650	C01672
R06740__cyto	CPAR2_104430	C01672
R00962__cyto	CPAR2_404130	C00475
R00962__cyto	CPAR2_404130	C00081
R07108__cyto	CPAR2_804090	C14771
R03302__cyto	CPAR2_212210	C04043
R03302__cyto	CPAR2_203980	C04043
R03302__cyto	CPAR2_108810	C04043
R00465__cyto	CPAR2_407610	C00048
R00187__cyto	CPAR2_404830	C06197
R01392__cyto	CPAR2_407610	C00258
R01890__cyto	CPAR2_402510	C00588
R01890__cyto	CPAR2_402510	C00063
R00801__cyto	CPAR2_400770	C00089
R00801__cyto	CPAR2_304230	C00089
R00801__cyto	CPAR2_109930	C00089
R00245__cyto	CPAR2_101480	C01165
R01011__cyto	CPAR2_700910	C00184
TR2900135_CYTMEM__plas	CPAR2_103870	C00475
TR2900135_CYTMEM__plas	CPAR2_103870	C01081
R04171__cyto	CPAR2_210710	C00026
R04171__cyto	CPAR2_210710	C03227
R04171__cyto	CPAR2_500520	C00026
R04171__cyto	CPAR2_500520	C03227
R06520__cyto	CPAR2_503750	C01120
R06520__cyto	CPAR2_208120	C01120
R06520__cyto	CPAR2_300920	C01120
R06520__cyto	CPAR2_207800	C01120
R06520__cyto	CPAR2_214160	C01120
R00776__cyto	CPAR2_401690	C00603
R04883__cyto	CPAR2_212210	C05577
R04883__cyto	CPAR2_203980	C05577
R04883__cyto	CPAR2_108810	C05577
R00235__cyto	CPAR2_106960	C00033
R00235__cyto	CPAR2_405810	C00033
R00940__mito	CPAR2_704170	C00101
TR2900264_CYTMEM__plas	CPAR2_103870	C01081
R01512__cyto	CPAR2_602950	C00197
R02236__cyto	CPAR2_704170	C00415
R05066__cyto	CPAR2_601180	C06001
TR0001743_CYTMEM__plas	CPAR2_209630	C02686
TR0001743_CYTMEM__plas	CPAR2_105400	C02686
TR0001743_CYTMEM__plas	CPAR2_808970	C02686
R00256__mito	CPAR2_703170	C00064
R00256__mito	CPAR2_401060	C00064
R00256__mito	CPAR2_203160	C00064
R00256__mito	CPAR2_106650	C00064
R00256__mito	CPAR2_106660	C00064
R00256__mito	CPAR2_803010	C00064
R02695__pero	CPAR2_212210	C03765
R02695__pero	CPAR2_203980	C03765
R02695__pero	CPAR2_108810	C03765
R06517__cyto	CPAR2_807060	C00040
R06517__cyto	CPAR2_807060	C00836
R06517__cyto	CPAR2_803230	C00040
R06517__cyto	CPAR2_803230	C00836
R03103__cyto	CPAR2_108400	C04076
R00409__cyto	CPAR2_105270	C04593
R02472__cyto	CPAR2_502770	C00522
R02472__cyto	CPAR2_103670	C00522
R03239__cyto	CPAR2_703030	C01097
R03239__cyto	CPAR2_703030	C00081
R03239__cyto	CPAR2_101070	C01097
R03239__cyto	CPAR2_101070	C00081
TR2916158_CYTMEM__plas	CPAR2_504220	C07086
TR2916158_CYTMEM__plas	CPAR2_504220	C04712
TR2916158_CYTMEM__plas	CPAR2_301760	C07086
TR2916158_CYTMEM__plas	CPAR2_301760	C04712
TR2916158_CYTMEM__plas	CPAR2_102760	C07086
TR2916158_CYTMEM__plas	CPAR2_102760	C04712
TR2916158_CYTMEM__plas	CPAR2_300730	C07086
TR2916158_CYTMEM__plas	CPAR2_300730	C04712
TR2916158_CYTMEM__plas	CPAR2_300670	C07086
TR2916158_CYTMEM__plas	CPAR2_300670	C04712
TR2916158_CYTMEM__plas	CPAR2_700110	C07086
TR2916158_CYTMEM__plas	CPAR2_700110	C04712
TR2916158_CYTMEM__plas	CPAR2_804310	C07086
TR2916158_CYTMEM__plas	CPAR2_804310	C04712
TR2916158_CYTMEM__plas	CPAR2_300750	C07086
TR2916158_CYTMEM__plas	CPAR2_300750	C04712
TR2916158_CYTMEM__plas	CPAR2_207540	C07086
TR2916158_CYTMEM__plas	CPAR2_207540	C04712
TR2916158_CYTMEM__plas	CPAR2_700120	C07086
TR2916158_CYTMEM__plas	CPAR2_700120	C04712
TR2916158_CYTMEM__plas	CPAR2_603010	C07086
TR2916158_CYTMEM__plas	CPAR2_603010	C04712
TR0011422_CYTMEM__plas	CPAR2_105400	C00416
TR0011422_CYTMEM__plas	CPAR2_207800	C00416
TR0011422_CYTMEM__plas	CPAR2_104620	C00416
TR0011422_CYTMEM__plas	CPAR2_202050	C00416
TR0011422_CYTMEM__plas	CPAR2_601150	C00416
TR0011422_CYTMEM__plas	CPAR2_300920	C00416
TR0011422_CYTMEM__plas	CPAR2_209630	C00416
TR0011422_CYTMEM__plas	CPAR2_808970	C00416
TR1019001_CYTMEM__plas	CPAR2_600460	C00267
TR1019001_CYTMEM__plas	CPAR2_802600	C00267
TR1019001_CYTMEM__plas	CPAR2_210080	C00267
TR1019001_CYTMEM__plas	CPAR2_703800	C00267
TR1019001_CYTMEM__plas	CPAR2_210150	C00267
TR1019001_CYTMEM__plas	CPAR2_108340	C00267
TR1019001_CYTMEM__plas	CPAR2_212860	C00267
TR1019001_CYTMEM__plas	CPAR2_600450	C00267
TR1019001_CYTMEM__plas	CPAR2_212850	C00267
TR1019001_CYTMEM__plas	CPAR2_108370	C00267
TR1019001_CYTMEM__plas	CPAR2_108350	C00267
TR1019001_CYTMEM__plas	CPAR2_108210	C00267
TR1019001_CYTMEM__plas	CPAR2_108220	C00267
TR1019001_CYTMEM__plas	CPAR2_108360	C00267
TR1019001_CYTMEM__plas	CPAR2_301390	C00267
R04173__cyto	CPAR2_104790	C01005
R04173__cyto	CPAR2_104790	C00026
R07346__cyto	CPAR2_501140	C00794
R02100__cyto	CPAR2_109130	C00460
R08770__mito	CPAR2_108790	C03885
R03300__pero	CPAR2_212210	C04043
R03300__pero	CPAR2_203980	C04043
R03300__pero	CPAR2_108810	C04043
R04888__cyto	CPAR2_212210	C05581
R04888__cyto	CPAR2_203980	C05581
R04888__cyto	CPAR2_108810	C05581
R02088__cyto	CPAR2_802580	C00360
TZ3000021_CYTMEM__plas	CPAR2_805420	C00249
TZ3000021_CYTMEM__plas	CPAR2_500820	C00249
TZ3000021_CYTMEM__plas	CPAR2_805400	C00249
TZ3000021_CYTMEM__plas	CPAR2_602940	C00249
TZ3000021_CYTMEM__plas	CPAR2_701660	C00249
TZ3000021_CYTMEM__plas	CPAR2_805390	C00249
TZ3000021_CYTMEM__plas	CPAR2_807240	C00249
TZ3000021_CYTMEM__plas	CPAR2_102560	C00249
TZ3000021_CYTMEM__plas	CPAR2_200640	C00249
TZ3000021_CYTMEM__plas	CPAR2_102550	C00249
TZ3000021_CYTMEM__plas	CPAR2_102570	C00249
TZ3000021_CYTMEM__plas	CPAR2_807230	C00249
TZ3000021_CYTMEM__plas	CPAR2_805410	C00249
R00709__mito	CPAR2_803630	C00311
R03283__pero	CPAR2_702980	C01149
R03283__pero	CPAR2_109500	C01149
R03283__pero	CPAR2_203980	C01149
R00996_Mito__mito	CPAR2_104810	C00188
R00996_Mito__mito	CPAR2_304120	C00188
R00996_Mito__mito	CPAR2_213940	C00188
R09511__cyto	CPAR2_804110	C05544
R09511__cyto	CPAR2_804110	C00026
TR0011456_CYTMEM__plas	CPAR2_105400	C00350
TR0011456_CYTMEM__plas	CPAR2_601150	C00350
TR0011456_CYTMEM__plas	CPAR2_209630	C00350
TR0011456_CYTMEM__plas	CPAR2_202050	C00350
TR0011456_CYTMEM__plas	CPAR2_808970	C00350
TR0011456_CYTMEM__plas	CPAR2_104620	C00350
TR0015528_CYTMEM__plas	CPAR2_105400	C00350
TR0015528_CYTMEM__plas	CPAR2_601150	C00350
TR0015528_CYTMEM__plas	CPAR2_209630	C00350
TR0015528_CYTMEM__plas	CPAR2_202050	C00350
TR0015528_CYTMEM__plas	CPAR2_808970	C00350
TR0015528_CYTMEM__plas	CPAR2_104620	C00350
R05640__cyto	CPAR2_303740	C03024
R05640__cyto	CPAR2_303740	C01724
R00497__cyto	CPAR2_702170	C00037
R00497__cyto	CPAR2_702170	C00669
R02920__cyto	CPAR2_703530	C00788
R07046__cyto	CPAR2_500140	C00219
R07046__cyto	CPAR2_500140	C03024
TR0002601_CYTMEM__plas	CPAR2_105400	C04230
TR0002601_CYTMEM__plas	CPAR2_601150	C04230
TR0002601_CYTMEM__plas	CPAR2_209630	C04230
TR0002601_CYTMEM__plas	CPAR2_202050	C04230
TR0002601_CYTMEM__plas	CPAR2_808970	C04230
TR0002601_CYTMEM__plas	CPAR2_104620	C04230
R01402__cyto	CPAR2_503550	C00170
R00268__pero	CPAR2_801250	C05379
R00268__pero	CPAR2_209910	C05379
R08283__pero	CPAR2_212210	C07645
R08283__pero	CPAR2_203980	C07645
R08283__pero	CPAR2_108810	C07645
R04457__cyto	CPAR2_107590	C04732
R04457__cyto	CPAR2_107590	C15556
TR0001741_CYTMEM__plas	CPAR2_701830	C02679
TR0001741_CYTMEM__plas	CPAR2_400400	C02679
TR0001741_CYTMEM__plas	CPAR2_206490	C02679
R00966__cyto	CPAR2_502030	C00106
R00966__cyto	CPAR2_502030	C00119
R00996__cyto	CPAR2_104810	C00188
R00996__cyto	CPAR2_304120	C00188
R00996__cyto	CPAR2_213940	C00188
R04867__cyto	CPAR2_404590	C05545
R04867__cyto	CPAR2_402740	C05545
R04867__cyto	CPAR2_407180	C05545
R04867__cyto	CPAR2_109980	C05545
R01018__cyto	CPAR2_102090	C00063
R01018__cyto	CPAR2_102090	C00381
R02282__cyto	CPAR2_301210	C00437
R02282__cyto	CPAR2_301210	C00025
R02971__cyto	CPAR2_602050	C00831
R08360__cyto	CPAR2_402640	C16663
R08360__cyto	CPAR2_402640	C15498
R08360__cyto	CPAR2_805590	C16663
R08360__cyto	CPAR2_805590	C15498
R08360__cyto	CPAR2_212690	C16663
R08360__cyto	CPAR2_212690	C15498
R08360__cyto	CPAR2_702750	C16663
R08360__cyto	CPAR2_702750	C15498
R08360__cyto	CPAR2_603150	C16663
R08360__cyto	CPAR2_603150	C15498
R08360__cyto	CPAR2_404840	C16663
R08360__cyto	CPAR2_404840	C15498
R08360__cyto	CPAR2_107720	C16663
R08360__cyto	CPAR2_107720	C15498
R08360__cyto	CPAR2_503420	C16663
R08360__cyto	CPAR2_503420	C15498
R08360__cyto	CPAR2_403210	C16663
R08360__cyto	CPAR2_403210	C15498
R04558__cyto	CPAR2_703170	C00025
R04558__cyto	CPAR2_703170	C04677
R04558__cyto	CPAR2_703170	C04666
R03665__cyto	CPAR2_104470	C01653
R03665__cyto	CPAR2_104470	C00183
R07456__cyto	CPAR2_106660	C00199
R07456__cyto	CPAR2_106660	C00064
R07456__cyto	CPAR2_106660	C00118
R07456__cyto	CPAR2_106650	C00199
R07456__cyto	CPAR2_106650	C00064
R07456__cyto	CPAR2_106650	C00118
R02493__cyto	CPAR2_103710	C00534
R02493__cyto	CPAR2_602630	C00534
R06863__cyto	CPAR2_804740	C05382
R06863__cyto	CPAR2_804740	C00068
R02531__cyto	CPAR2_101350	C05999
R00214__mito	CPAR2_602260	C00149
TR2900095_CYTMEM__plas	CPAR2_501920	C00135
TR2900095_CYTMEM__plas	CPAR2_501920	C00062
TR2900095_CYTMEM__plas	CPAR2_301640	C00135
TR2900095_CYTMEM__plas	CPAR2_301640	C00062
R00125__cyto	CPAR2_703720	C01260
R04537__cyto	CPAR2_807400	C04620
R04537__cyto	CPAR2_302650	C04620
TR2900847_CYTMEM__plas	CPAR2_600780	C00149
TR2900847_CYTMEM__plas	CPAR2_600780	C00042
R08539__cyto	CPAR2_301960	C00996
R00725__cyto	CPAR2_206020	C00081
R00725__cyto	CPAR2_206020	C00031
R00725__cyto	CPAR2_700080	C00081
R00725__cyto	CPAR2_700080	C00031
R00725__cyto	CPAR2_204260	C00081
R00725__cyto	CPAR2_204260	C00031
R04300__cyto	CPAR2_211650	C03758
R04300__cyto	CPAR2_104430	C03758
R00256__cyto	CPAR2_803560	C00064
R00256__cyto	CPAR2_703170	C00064
R00256__cyto	CPAR2_206810	C00064
R00256__cyto	CPAR2_100620	C00064
R00256__cyto	CPAR2_106650	C00064
R00256__cyto	CPAR2_106660	C00064
R00256__cyto	CPAR2_805880	C00064
R00256__cyto	CPAR2_401060	C00064
R00256__cyto	CPAR2_203160	C00064
R00256__cyto	CPAR2_803010	C00064
R00755__cyto	CPAR2_405780	C05125
R00755__cyto	CPAR2_501020	C05125
R01318__cyto	CPAR2_407040	C00040
R01318__cyto	CPAR2_407040	C04230
R01318__cyto	CPAR2_406330	C00040
R01318__cyto	CPAR2_406330	C04230
R03534__cyto	CPAR2_207030	C02630
R00066__cyto	CPAR2_100220	C04332
R03424__cyto	CPAR2_101150	C01241
R03424__cyto	CPAR2_502690	C01241
TO1000419_CYTMEM__plas	CPAR2_201790	C00534
TO1000419_CYTMEM__plas	CPAR2_201900	C00534
TO1000419_CYTMEM__plas	CPAR2_806580	C00534
R09993__cyto	CPAR2_211900	C20267
R02142__cyto	CPAR2_212270	C00385
R02142__cyto	CPAR2_212270	C00119
R00945__cyto	CPAR2_703640	C00037
R00945__cyto	CPAR2_600480	C00037
R01711__cyto	CPAR2_204180	C00314
R11765__cyto	CPAR2_704170	C00272
R06364__cyto	CPAR2_703140	C03201
R06364__cyto	CPAR2_703140	C00570
TR2900232_CYTMEM__plas	CPAR2_103870	C00043
TR2900232_CYTMEM__plas	CPAR2_103870	C01081
TR0011657_CYTMEM__plas	CPAR2_401600	C00369
R01758__cyto	CPAR2_101350	C00532
R01648__cyto	CPAR2_211400	C00026
R01648__cyto	CPAR2_211400	C00334
R01648__cyto	CPAR2_211040	C00026
R01648__cyto	CPAR2_211040	C00334
TR0005274_CYTMEM__plas	CPAR2_701830	C08362
TR0005274_CYTMEM__plas	CPAR2_400400	C08362
TR0005274_CYTMEM__plas	CPAR2_206490	C08362
R04427__cyto	CPAR2_405010	C05437
R01868__cyto	CPAR2_804900	C01967
R01868__cyto	CPAR2_804900	C00337
R01575__cyto	CPAR2_806240	C00216
R00226__mito	CPAR2_406240	C00022
TR2019240_CYTMEM__plas	CPAR2_200150	C17349
R11765__mito	CPAR2_704170	C00272
TR2916889_CYTMEM__plas	CPAR2_805840	C00158
TR2916889_CYTMEM__plas	CPAR2_805840	C00149
R00713__cyto	CPAR2_106820	C00232
R00713__cyto	CPAR2_404090	C00232
R10057__cyto	CPAR2_400970	C04530
R10057__cyto	CPAR2_400970	C00999
R10057__cyto	CPAR2_801410	C04530
R10057__cyto	CPAR2_801410	C00999
R00615__cyto	CPAR2_213120	C00068
R00615__cyto	CPAR2_405300	C00068
TR0012300_CYTMEM__plas	CPAR2_105400	C03372
TR0012300_CYTMEM__plas	CPAR2_601150	C03372
TR0012300_CYTMEM__plas	CPAR2_209630	C03372
TR0012300_CYTMEM__plas	CPAR2_202050	C03372
TR0012300_CYTMEM__plas	CPAR2_808970	C03372
TR0012300_CYTMEM__plas	CPAR2_104620	C03372
R03269__cyto	CPAR2_800750	C04352
R07481__cyto	CPAR2_405010	C01902
TO1000220_CYTMEM__plas	CPAR2_201790	C00255
TO1000220_CYTMEM__plas	CPAR2_201900	C00255
TO1000220_CYTMEM__plas	CPAR2_806580	C00255
TR0002846_CYTMEM__plas	CPAR2_701830	C04672
TR0002846_CYTMEM__plas	CPAR2_400400	C04672
TR0002846_CYTMEM__plas	CPAR2_206490	C04672
TO1003279_CYTMEM__plas	CPAR2_209780	C05512
R02135__cyto	CPAR2_804230	C01081
R02135__cyto	CPAR2_402470	C01081
R02135__cyto	CPAR2_800810	C01081
R02135__cyto	CPAR2_804710	C01081
R02135__cyto	CPAR2_804250	C01081
R02135__cyto	CPAR2_208530	C01081
R02135__cyto	CPAR2_208420	C01081
R02135__cyto	CPAR2_400680	C01081
R02135__cyto	CPAR2_804420	C01081
R00987__cyto	CPAR2_207220	C00328
R02025__cyto	CPAR2_600890	C00343
R02025__cyto	CPAR2_600890	C00073
TR0002996_CYTMEM__plas	CPAR2_209630	C04884
TR0002996_CYTMEM__plas	CPAR2_105400	C04884
TR0002996_CYTMEM__plas	CPAR2_808970	C04884
R01039__cyto	CPAR2_808750	C00116
R09372__cyto	CPAR2_303180	C18902
R02294__cyto	CPAR2_103240	C03150
R00391__cyto	CPAR2_503690	C00040
R00391__cyto	CPAR2_503690	C00024
R00391__cyto	CPAR2_800020	C00040
R00391__cyto	CPAR2_800020	C00024
R00391__cyto	CPAR2_212970	C00040
R00391__cyto	CPAR2_212970	C00024
R04963__cyto	CPAR2_807400	C01209
R04963__cyto	CPAR2_807400	C05755
R04963__cyto	CPAR2_302650	C01209
R04963__cyto	CPAR2_302650	C05755
TR1000100_CYTMEM__plas	CPAR2_600460	C00116
TR1000100_CYTMEM__plas	CPAR2_210080	C00116
TR1000100_CYTMEM__plas	CPAR2_210150	C00116
TR1000100_CYTMEM__plas	CPAR2_108340	C00116
TR1000100_CYTMEM__plas	CPAR2_212860	C00116
TR1000100_CYTMEM__plas	CPAR2_600450	C00116
TR1000100_CYTMEM__plas	CPAR2_212850	C00116
TR1000100_CYTMEM__plas	CPAR2_108370	C00116
TR1000100_CYTMEM__plas	CPAR2_108350	C00116
TR1000100_CYTMEM__plas	CPAR2_108210	C00116
TR1000100_CYTMEM__plas	CPAR2_108220	C00116
TR1000100_CYTMEM__plas	CPAR2_108360	C00116
TR1000100_CYTMEM__plas	CPAR2_301390	C00116
TR2900282_CYTMEM__plas	CPAR2_805840	C00158
TR2900282_CYTMEM__plas	CPAR2_805840	C04115
R00010__cyto	CPAR2_208980	C01083
R00010__cyto	CPAR2_803760	C01083
TR2000558_CYTMEM__plas	CPAR2_504220	C00750
TR2000558_CYTMEM__plas	CPAR2_301760	C00750
TR2000558_CYTMEM__plas	CPAR2_300770	C00750
TR2000558_CYTMEM__plas	CPAR2_300740	C00750
TR2000558_CYTMEM__plas	CPAR2_300730	C00750
TR2000558_CYTMEM__plas	CPAR2_300670	C00750
TR2000558_CYTMEM__plas	CPAR2_300760	C00750
TR2000558_CYTMEM__plas	CPAR2_300680	C00750
TR2000558_CYTMEM__plas	CPAR2_300750	C00750
TR2000558_CYTMEM__plas	CPAR2_700120	C00750
TR2000558_CYTMEM__plas	CPAR2_300590	C00750
R01639__cyto	CPAR2_500850	C00310
R10052__cyto	CPAR2_805510	C04411
R08159__cyto	CPAR2_302650	C05761
TO1000218_CYTMEM__plas	CPAR2_201790	C00253
TO1000218_CYTMEM__plas	CPAR2_201900	C00253
TO1000218_CYTMEM__plas	CPAR2_806580	C00253
TR2916906_CYTMEM__plas	CPAR2_404450	C00059
TR2916906_CYTMEM__plas	CPAR2_404450	C00036
R01373__cyto	CPAR2_102850	C00254
R00670__cyto	CPAR2_110210	C00077
R02354__e_r_	CPAR2_500140	C00468
R11861__cyto	CPAR2_402290	C00051
R04956__cyto	CPAR2_807400	C05748
R04956__cyto	CPAR2_804560	C05748
R04956__cyto	CPAR2_504100	C05748
R04956__cyto	CPAR2_302650	C05748
TR0012322_CYTMEM__plas	CPAR2_105400	C03454
TR0012322_CYTMEM__plas	CPAR2_601150	C03454
TR0012322_CYTMEM__plas	CPAR2_209630	C03454
TR0012322_CYTMEM__plas	CPAR2_202050	C03454
TR0012322_CYTMEM__plas	CPAR2_808970	C03454
TR0012322_CYTMEM__plas	CPAR2_104620	C03454
R00277__cyto	CPAR2_204180	C00647
R00549__cyto	CPAR2_202590	C00255
TR0000114_CYTMEM__plas	CPAR2_304300	C00130
TR0000114_CYTMEM__plas	CPAR2_403790	C00130
TR0000114_CYTMEM__plas	CPAR2_213910	C00130
TR0000114_CYTMEM__plas	CPAR2_213310	C00130
TR0000114_CYTMEM__plas	CPAR2_807550	C00130
TR0000114_CYTMEM__plas	CPAR2_104230	C00130
TR0000114_CYTMEM__plas	CPAR2_107420	C00130
TR0000114_CYTMEM__plas	CPAR2_802670	C00130
TR0000114_CYTMEM__plas	CPAR2_103230	C00130
TR0000114_CYTMEM__plas	CPAR2_106230	C00130
TR0000114_CYTMEM__plas	CPAR2_803730	C00130
TR0000114_CYTMEM__plas	CPAR2_107390	C00130
TR0000114_CYTMEM__plas	CPAR2_210000	C00130
TR0000114_CYTMEM__plas	CPAR2_208280	C00130
TR0000114_CYTMEM__plas	CPAR2_602530	C00130
TR0000114_CYTMEM__plas	CPAR2_404650	C00130
TR0000114_CYTMEM__plas	CPAR2_808650	C00130
TR0000114_CYTMEM__plas	CPAR2_206710	C00130
TR0000114_CYTMEM__plas	CPAR2_404940	C00130
TR0000114_CYTMEM__plas	CPAR2_202820	C00130
TR0000114_CYTMEM__plas	CPAR2_205060	C00130
TR0000114_CYTMEM__plas	CPAR2_212290	C00130
TR0000114_CYTMEM__plas	CPAR2_302670	C00130
TR0000114_CYTMEM__plas	CPAR2_702740	C00130
TR0000114_CYTMEM__plas	CPAR2_207840	C00130
TR0000114_CYTMEM__plas	CPAR2_603680	C00130
TR0000114_CYTMEM__plas	CPAR2_403760	C00130
TR0000114_CYTMEM__plas	CPAR2_105250	C00130
TR0000114_CYTMEM__plas	CPAR2_801000	C00130
TR0000114_CYTMEM__plas	CPAR2_404810	C00130
TR0000114_CYTMEM__plas	CPAR2_206400	C00130
TR0000114_CYTMEM__plas	CPAR2_402480	C00130
TR0000114_CYTMEM__plas	CPAR2_800490	C00130
R08548__cyto	CPAR2_503990	C01094
TR0000536_CYTMEM__plas	CPAR2_701830	C00712
TR0000536_CYTMEM__plas	CPAR2_400400	C00712
TR0000536_CYTMEM__plas	CPAR2_206490	C00712
R01870__cyto	CPAR2_802790	C00119
R01870__cyto	CPAR2_802790	C00295
TR0015538_CYTMEM__plas	CPAR2_105400	C00344
TR0015538_CYTMEM__plas	CPAR2_601150	C00344
TR0015538_CYTMEM__plas	CPAR2_209630	C00344
TR0015538_CYTMEM__plas	CPAR2_202050	C00344
TR0015538_CYTMEM__plas	CPAR2_808970	C00344
TR0015538_CYTMEM__plas	CPAR2_104620	C00344
R03051__mito	CPAR2_603140	C00900
R09377__cyto	CPAR2_303420	C18910
R03438__cyto	CPAR2_407040	C00040
R03438__cyto	CPAR2_407040	C04317
R03438__cyto	CPAR2_406330	C00040
R03438__cyto	CPAR2_406330	C04317
TR2916916_CYTMEM__plas	CPAR2_404540	C00135
TR2916916_CYTMEM__plas	CPAR2_404540	C00047
R02058__cyto	CPAR2_211290	C00352
R02058__cyto	CPAR2_211290	C00024
TR0015536_CYTMEM__plas	CPAR2_206490	C00344
TR0015536_CYTMEM__plas	CPAR2_105400	C00344
TR0015536_CYTMEM__plas	CPAR2_104620	C00344
TR0015536_CYTMEM__plas	CPAR2_202050	C00344
TR0015536_CYTMEM__plas	CPAR2_601150	C00344
TR0015536_CYTMEM__plas	CPAR2_701830	C00344
TR0015536_CYTMEM__plas	CPAR2_209630	C00344
TR0015536_CYTMEM__plas	CPAR2_808970	C00344
TR0015536_CYTMEM__plas	CPAR2_400400	C00344
TR2916891_CYTMEM__plas	CPAR2_805840	C00074
TR2916891_CYTMEM__plas	CPAR2_805840	C00158
R04968__cyto	CPAR2_807400	C01209
R04968__cyto	CPAR2_807400	C05761
R04968__cyto	CPAR2_302650	C01209
R04968__cyto	CPAR2_302650	C05761
R05734__cyto	CPAR2_400970	C11509
R05734__cyto	CPAR2_400970	C00999
R05734__cyto	CPAR2_801410	C11509
R05734__cyto	CPAR2_801410	C00999
TR1000926_CYTMEM__plas	CPAR2_209680	C01262
TR1000926_CYTMEM__plas	CPAR2_209700	C01262
TR1000926_CYTMEM__plas	CPAR2_209690	C01262
TR1000926_CYTMEM__plas	CPAR2_502820	C01262
TR1000926_CYTMEM__plas	CPAR2_203890	C01262
TR1000926_CYTMEM__plas	CPAR2_203500	C01262
TR1000926_CYTMEM__plas	CPAR2_203510	C01262
TR1000926_CYTMEM__plas	CPAR2_207250	C01262
TR1000926_CYTMEM__plas	CPAR2_207260	C01262
TR1000926_CYTMEM__plas	CPAR2_102100	C01262
TR1000926_CYTMEM__plas	CPAR2_207270	C01262
R05070__mito	CPAR2_100130	C06007
TR2916887_CYTMEM__plas	CPAR2_603710	C00158
TR2916887_CYTMEM__plas	CPAR2_603710	C00122
TR0003557_CYTMEM__plas	CPAR2_105400	C05973
TR0003557_CYTMEM__plas	CPAR2_601150	C05973
TR0003557_CYTMEM__plas	CPAR2_209630	C05973
TR0003557_CYTMEM__plas	CPAR2_202050	C05973
TR0003557_CYTMEM__plas	CPAR2_808970	C05973
TR0003557_CYTMEM__plas	CPAR2_104620	C05973
TR2900278_CYTMEM__plas	CPAR2_805840	C00158
TR2900278_CYTMEM__plas	CPAR2_805840	C00311
TR0000331_CYTMEM__plas	CPAR2_803540	C00417
R01529__cyto	CPAR2_300170	C00199
TR2900220_CYTMEM__plas	CPAR2_103870	C00526
TR2900220_CYTMEM__plas	CPAR2_103870	C01081
TR0002088_CYTMEM__plas	CPAR2_209630	C03272
TR0002088_CYTMEM__plas	CPAR2_105400	C03272
TR0002088_CYTMEM__plas	CPAR2_808970	C03272
R00767__cyto	CPAR2_703030	C00063
R00767__cyto	CPAR2_703030	C00085
R00767__cyto	CPAR2_101070	C00063
R00767__cyto	CPAR2_101070	C00085
R07899__cyto	CPAR2_702980	C16339
R07899__cyto	CPAR2_702980	C00024
R07899__cyto	CPAR2_109500	C16339
R07899__cyto	CPAR2_109500	C00024
R07899__cyto	CPAR2_203980	C16339
R07899__cyto	CPAR2_203980	C00024
R00940__cyto	CPAR2_704170	C00101
R04972__cyto	CPAR2_404040	C05766
R07641__cyto	CPAR2_401060	C00288
R07641__cyto	CPAR2_203160	C00288
R07641__cyto	CPAR2_803010	C00288
R06875__cyto	CPAR2_805270	C11554
R01964__cyto	CPAR2_206020	C00081
R01964__cyto	CPAR2_206020	C00329
R01964__cyto	CPAR2_700080	C00081
R01964__cyto	CPAR2_700080	C00329
R01964__cyto	CPAR2_204260	C00081
R01964__cyto	CPAR2_204260	C00329
TR2004654_CYTMEM__plas	CPAR2_504220	C07481
TR2004654_CYTMEM__plas	CPAR2_301760	C07481
TR2004654_CYTMEM__plas	CPAR2_300730	C07481
TR2004654_CYTMEM__plas	CPAR2_300670	C07481
TR2004654_CYTMEM__plas	CPAR2_300680	C07481
TR2004654_CYTMEM__plas	CPAR2_300750	C07481
TR2004654_CYTMEM__plas	CPAR2_207540	C07481
TR2004654_CYTMEM__plas	CPAR2_700120	C07481
TR2004654_CYTMEM__plas	CPAR2_603010	C07481
R10994__cyto	CPAR2_702170	C00037
R10994__cyto	CPAR2_702170	C21015
TR0002649_CYTMEM__plas	CPAR2_105400	C04317
TR0002649_CYTMEM__plas	CPAR2_601150	C04317
TR0002649_CYTMEM__plas	CPAR2_209630	C04317
TR0002649_CYTMEM__plas	CPAR2_202050	C04317
TR0002649_CYTMEM__plas	CPAR2_808970	C04317
TR0002649_CYTMEM__plas	CPAR2_104620	C04317
R04862__cyto	CPAR2_802940	C05662
R02557__cyto	CPAR2_103240	C00559
R03222__cyto	CPAR2_804760	C01079
R12403__cyto	CPAR2_400970	C05103
R12403__cyto	CPAR2_400970	C00999
R12403__cyto	CPAR2_801410	C05103
R12403__cyto	CPAR2_801410	C00999
R00006__mito	CPAR2_406240	C00900
T02161__mito	CPAR2_210070	C00125
T02161__mito	CPAR2_806050	C00125
R05556__cyto	CPAR2_405540	C00448
R05556__cyto	CPAR2_405540	C00129
TR2900250_CYTMEM__plas	CPAR2_103870	C00063
TR2900250_CYTMEM__plas	CPAR2_103870	C01081
R01863__cyto	CPAR2_103240	C00294
R11097__mito	CPAR2_703970	C21106
R02887__cyto	CPAR2_200980	C01898
R02887__cyto	CPAR2_200990	C01898
R03220__cyto	CPAR2_103450	C03263
R00551__cyto	CPAR2_100820	C00062
TR2900248_CYTMEM__plas	CPAR2_103870	C01081
TO0000246_CYTMEM__plas	CPAR2_107960	C00294
TO1000577_CYTMEM__plas	CPAR2_201790	C00777
TO1000577_CYTMEM__plas	CPAR2_201900	C00777
TO1000577_CYTMEM__plas	CPAR2_806580	C00777
TR2900849_CYTMEM__plas	CPAR2_100870	C00042
TR2900849_CYTMEM__plas	CPAR2_100870	C00122
TR2900849_CYTMEM__plas	CPAR2_600780	C00042
TR2900849_CYTMEM__plas	CPAR2_600780	C00122
R09541__cyto	CPAR2_210140	C14818
R09541__cyto	CPAR2_808110	C14818
R09541__cyto	CPAR2_300620	C14818
R09541__cyto	CPAR2_300630	C14818
R09541__cyto	CPAR2_808120	C14818
R09541__cyto	CPAR2_210110	C14818
R09541__cyto	CPAR2_401740	C14818
R02236__mito	CPAR2_704170	C00415
R03990__cyto	CPAR2_807710	C02593
R03990__cyto	CPAR2_807700	C02593
R03990__cyto	CPAR2_807600	C02593
R03990__cyto	CPAR2_807720	C02593
R10120__cyto	CPAR2_105380	C20376
R10120__cyto	CPAR2_803490	C20376
R10120__cyto	CPAR2_807400	C20376
R00830__cyto	CPAR2_801090	C00037
R00830__cyto	CPAR2_801090	C00091
R05615__cyto	CPAR2_200190	C04146
R05615__cyto	CPAR2_200190	C00156
R04959__cyto	CPAR2_807400	C05751
R04959__cyto	CPAR2_504100	C05751
R04959__cyto	CPAR2_804560	C05751
R04959__cyto	CPAR2_302650	C05751
R05725__cyto	CPAR2_101680	C00533
R05725__cyto	CPAR2_105070	C00533
R00391__mito	CPAR2_503690	C00040
R00391__mito	CPAR2_503690	C00024
R00391__mito	CPAR2_800020	C00040
R00391__mito	CPAR2_800020	C00024
R00391__mito	CPAR2_212970	C00040
R00391__mito	CPAR2_212970	C00024
R00936__mito	CPAR2_500880	C00101
R03660__cyto	CPAR2_106550	C01648
R03660__cyto	CPAR2_106550	C00079
R03660__cyto	CPAR2_800830	C01648
R03660__cyto	CPAR2_800830	C00079
R03660__cyto	CPAR2_213040	C01648
R03660__cyto	CPAR2_213040	C00079
R10826__cyto	CPAR2_205030	C20878
TR2901091_CYTMEM__plas	CPAR2_805030	C00638
TR2901091_CYTMEM__plas	CPAR2_406100	C00638
R03869__cyto	CPAR2_703570	C06002
R03869__cyto	CPAR2_703590	C06002
R03869__cyto	CPAR2_703580	C06002
TO1000242_CYTMEM__plas	CPAR2_400120	C00288
TO1000242_CYTMEM__plas	CPAR2_101880	C00288
TO1000242_CYTMEM__plas	CPAR2_803100	C00288
R11100__cyto	CPAR2_400460	C02218
R11100__cyto	CPAR2_213940	C02218
R02291__cyto	CPAR2_210860	C03082
R12405__cyto	CPAR2_801560	C22136
TR2900230_CYTMEM__plas	CPAR2_103870	C00203
TR2900230_CYTMEM__plas	CPAR2_103870	C01081
R00771__cyto	CPAR2_204880	C00092
R06875__mito	CPAR2_805270	C11554
R07034__cyto	CPAR2_104050	C05356
R07034__cyto	CPAR2_104050	C00051
TR0003555_CYTMEM__plas	CPAR2_701830	C05966
TR0003555_CYTMEM__plas	CPAR2_400400	C05966
TR0003555_CYTMEM__plas	CPAR2_206490	C05966
R00842__mito	CPAR2_601770	C00093
R00842__mito	CPAR2_407170	C00093
R01004__cyto	CPAR2_106240	C00621
TR2900875_CYTMEM__plas	CPAR2_600780	C00059
R00678__cyto	CPAR2_100040	C00078
R01057__cyto	CPAR2_800220	C00620
R01057__cyto	CPAR2_807930	C00620
R04509__cyto	CPAR2_211900	C04556
R10208__cyto	CPAR2_302650	C01271
R02412__cyto	CPAR2_400020	C00493
R01135__cyto	CPAR2_803640	C00130
R01135__cyto	CPAR2_803640	C00049
TR1009049_CYTMEM__plas	CPAR2_209680	C12270
TR1009049_CYTMEM__plas	CPAR2_209700	C12270
TR1009049_CYTMEM__plas	CPAR2_209690	C12270
TR1009049_CYTMEM__plas	CPAR2_502820	C12270
TR1009049_CYTMEM__plas	CPAR2_203890	C12270
TR1009049_CYTMEM__plas	CPAR2_203500	C12270
TR1009049_CYTMEM__plas	CPAR2_203510	C12270
TR1009049_CYTMEM__plas	CPAR2_207250	C12270
TR1009049_CYTMEM__plas	CPAR2_207260	C12270
TR1009049_CYTMEM__plas	CPAR2_102100	C12270
TR1009049_CYTMEM__plas	CPAR2_207270	C12270
TO1001401_CYTMEM__plas	CPAR2_201790	C02059
TO1001401_CYTMEM__plas	CPAR2_201900	C02059
TO1001401_CYTMEM__plas	CPAR2_806580	C02059
TR0000209_CYTMEM__plas	CPAR2_213780	C00244
TR0000209_CYTMEM__plas	CPAR2_103750	C00244
TR0000209_CYTMEM__plas	CPAR2_105050	C00244
TR0000209_CYTMEM__plas	CPAR2_700380	C00244
TR0000209_CYTMEM__plas	CPAR2_302390	C00244
TR0000209_CYTMEM__plas	CPAR2_702380	C00244
TR0000209_CYTMEM__plas	CPAR2_205670	C00244
TR0000209_CYTMEM__plas	CPAR2_106940	C00244
TR0000209_CYTMEM__plas	CPAR2_602600	C00244
TR0000209_CYTMEM__plas	CPAR2_107160	C00244
TR0000209_CYTMEM__plas	CPAR2_301150	C00244
R04035__cyto	CPAR2_402720	C02739
R02543__cyto	CPAR2_807060	C00040
R02543__cyto	CPAR2_807060	C03640
R02543__cyto	CPAR2_803230	C00040
R02543__cyto	CPAR2_803230	C03640
R08360__pero	CPAR2_402640	C16663
R08360__pero	CPAR2_402640	C15498
R08360__pero	CPAR2_805590	C16663
R08360__pero	CPAR2_805590	C15498
R08360__pero	CPAR2_212690	C16663
R08360__pero	CPAR2_212690	C15498
R08360__pero	CPAR2_702750	C16663
R08360__pero	CPAR2_702750	C15498
R08360__pero	CPAR2_603150	C16663
R08360__pero	CPAR2_603150	C15498
R08360__pero	CPAR2_404840	C16663
R08360__pero	CPAR2_404840	C15498
R08360__pero	CPAR2_107720	C16663
R08360__pero	CPAR2_107720	C15498
R08360__pero	CPAR2_503420	C16663
R08360__pero	CPAR2_503420	C15498
R08360__pero	CPAR2_403210	C16663
R08360__pero	CPAR2_403210	C15498
R03656__cyto	CPAR2_601570	C01644
R03656__cyto	CPAR2_601570	C00407
R03656__cyto	CPAR2_802020	C01644
R03656__cyto	CPAR2_802020	C00407
R02985__cyto	CPAR2_200980	C00844
R02985__cyto	CPAR2_200980	C00031
R02985__cyto	CPAR2_200990	C00844
R02985__cyto	CPAR2_200990	C00031
TO0003279_CYTMEM__plas	CPAR2_107960	C05512
R04209__cyto	CPAR2_805940	C03373
R12121__mito	CPAR2_303740	C21921
R12121__mito	CPAR2_303740	C03024
TR0000365_CYTMEM__plas	CPAR2_209630	C00473
TR0000365_CYTMEM__plas	CPAR2_105400	C00473
TR0000365_CYTMEM__plas	CPAR2_808970	C00473
R02536__pero	CPAR2_212210	C00601
R02536__pero	CPAR2_203980	C00601
R02536__pero	CPAR2_108810	C00601
R04724__cyto	CPAR2_302650	C05758
R01130__cyto	CPAR2_701040	C00130
R01130__cyto	CPAR2_104580	C00130
R00289__cyto	CPAR2_203830	C00103
TR0012802_CYTMEM__plas	CPAR2_105400	C05981
TR0012802_CYTMEM__plas	CPAR2_601150	C05981
TR0012802_CYTMEM__plas	CPAR2_209630	C05981
TR0012802_CYTMEM__plas	CPAR2_202050	C05981
TR0012802_CYTMEM__plas	CPAR2_808970	C05981
TR0012802_CYTMEM__plas	CPAR2_104620	C05981
R00895__cyto	CPAR2_701830	C00026
R00895__cyto	CPAR2_701830	C00097
R00895__cyto	CPAR2_400400	C00026
R00895__cyto	CPAR2_400400	C00097
R00895__cyto	CPAR2_206490	C00026
R00895__cyto	CPAR2_206490	C00097
R00659__cyto	CPAR2_209240	C00022
R02527__cyto	CPAR2_407610	C00937
R01315__cyto	CPAR2_403310	C00157
R01315__cyto	CPAR2_209600	C00157
TR0000532_CYTMEM__plas	CPAR2_213780	C00704
TR0000532_CYTMEM__plas	CPAR2_103750	C00704
TR0000532_CYTMEM__plas	CPAR2_105050	C00704
TR0000532_CYTMEM__plas	CPAR2_700380	C00704
TR0000532_CYTMEM__plas	CPAR2_302390	C00704
TR0000532_CYTMEM__plas	CPAR2_702380	C00704
TR0000532_CYTMEM__plas	CPAR2_205670	C00704
TR0000532_CYTMEM__plas	CPAR2_106940	C00704
TR0000532_CYTMEM__plas	CPAR2_602600	C00704
TR0000532_CYTMEM__plas	CPAR2_107160	C00704
TR0000532_CYTMEM__plas	CPAR2_301150	C00704
TR0015532_CYTMEM__plas	CPAR2_105400	C00350
TR0015532_CYTMEM__plas	CPAR2_601150	C00350
TR0015532_CYTMEM__plas	CPAR2_209630	C00350
TR0015532_CYTMEM__plas	CPAR2_202050	C00350
TR0015532_CYTMEM__plas	CPAR2_808970	C00350
TR0015532_CYTMEM__plas	CPAR2_104620	C00350
R00769__cyto	CPAR2_703030	C00085
R00769__cyto	CPAR2_101070	C00085
TR2900025_CYTMEM__plas	CPAR2_404540	C00077
TR2900025_CYTMEM__plas	CPAR2_404540	C00062
R01009__cyto	CPAR2_804380	C00096
R01009__cyto	CPAR2_804380	C00110
TR2000054_CYTMEM__plas	CPAR2_703450	C00065
R02133__cyto	CPAR2_211900	C00378
R01071__cyto	CPAR2_100200	C00119
TR2900136_CYTMEM__plas	CPAR2_103870	C01346
TR2900136_CYTMEM__plas	CPAR2_103870	C01081
R01800__cyto	CPAR2_209060	C00065
R01800__cyto	CPAR2_209060	C00269
TR0011677_CYTMEM__plas	CPAR2_209630	C00422
TR0011677_CYTMEM__plas	CPAR2_105400	C00422
TR0011677_CYTMEM__plas	CPAR2_808970	C00422
R01352__cyto	CPAR2_203740	C02112
R03894__cyto	CPAR2_203270	C00671
R03658__cyto	CPAR2_805320	C01646
R03658__cyto	CPAR2_805320	C00047
R03658__cyto	CPAR2_807790	C01646
R03658__cyto	CPAR2_807790	C00047
R02175__mito	CPAR2_602300	C05805
R00694__cyto	CPAR2_206490	C00079
R00694__cyto	CPAR2_206490	C00026
R00694__cyto	CPAR2_701830	C00079
R00694__cyto	CPAR2_701830	C00026
R00694__cyto	CPAR2_400400	C00079
R00694__cyto	CPAR2_400400	C00026
R00694__cyto	CPAR2_402380	C00079
R00694__cyto	CPAR2_402380	C00026
R00694__cyto	CPAR2_603290	C00079
R00694__cyto	CPAR2_603290	C00026
R00694__cyto	CPAR2_213450	C00079
R00694__cyto	CPAR2_213450	C00026
R00694__cyto	CPAR2_500520	C00079
R00694__cyto	CPAR2_500520	C00026
R01961__cyto	CPAR2_206020	C00329
R01961__cyto	CPAR2_700080	C00329
R01961__cyto	CPAR2_204260	C00329
TO1000654_CYTMEM__plas	CPAR2_209780	C00881
R07506__cyto	CPAR2_703970	C15778
R08632__cyto	CPAR2_701500	C02291
R08632__cyto	CPAR2_702140	C02291
TR0014518_CYTMEM__plas	CPAR2_209630	C15782
TR0014518_CYTMEM__plas	CPAR2_105400	C15782
TR0014518_CYTMEM__plas	CPAR2_808970	C15782
R12356__cyto	CPAR2_807710	C00100
R12356__cyto	CPAR2_807700	C00100
R12356__cyto	CPAR2_807600	C00100
R12356__cyto	CPAR2_807720	C00100
R02090__cyto	CPAR2_303080	C00362
T_L_Glutamate_C00025__plas	CPAR2_202850	C00025
R02355__cyto	CPAR2_500140	C00468
R02245__cyto	CPAR2_803530	C00418
R00842__cyto	CPAR2_407170	C00093
R00842__cyto	CPAR2_601770	C00093
R01073__cyto	CPAR2_500060	C00108
R01073__cyto	CPAR2_500060	C00119
R07050__cyto	CPAR2_500140	C00219
R08509__cyto	CPAR2_101350	C06423
TR2901108_CYTMEM__plas	CPAR2_805030	C00344
TR2901108_CYTMEM__plas	CPAR2_406100	C00344
R04960__cyto	CPAR2_807400	C01209
R04960__cyto	CPAR2_807400	C05752
R04960__cyto	CPAR2_302650	C01209
R04960__cyto	CPAR2_302650	C05752
R05802__cyto	CPAR2_211930	C04549
TR0000552_CYTMEM__plas	CPAR2_213780	C16487
TR0000552_CYTMEM__plas	CPAR2_103750	C16487
TR0000552_CYTMEM__plas	CPAR2_105050	C16487
TR0000552_CYTMEM__plas	CPAR2_406420	C16487
TR0000552_CYTMEM__plas	CPAR2_700380	C16487
TR0000552_CYTMEM__plas	CPAR2_302390	C16487
TR0000552_CYTMEM__plas	CPAR2_702380	C16487
TR0000552_CYTMEM__plas	CPAR2_205670	C16487
TR0000552_CYTMEM__plas	CPAR2_106940	C16487
TR0000552_CYTMEM__plas	CPAR2_602600	C16487
TR0000552_CYTMEM__plas	CPAR2_107160	C16487
TR0000552_CYTMEM__plas	CPAR2_301150	C16487
R05048__cyto	CPAR2_101130	C05923
R12400__cyto	CPAR2_209240	C22122
R03283__cyto	CPAR2_702980	C01149
R03283__cyto	CPAR2_109500	C01149
R03283__cyto	CPAR2_203980	C01149
TZ2900056_CYTMEM__plas	CPAR2_806120	C00283
TR2900977_CYTMEM__plas	CPAR2_805030	C00219
TR2900977_CYTMEM__plas	CPAR2_406100	C00219
TR2901083_CYTMEM__plas	CPAR2_805030	C05356
TR2901083_CYTMEM__plas	CPAR2_406100	C05356
R01411__cyto	CPAR2_602820	C02376
R00893__cyto	CPAR2_701230	C00097
TR0000487_CYTMEM__plas	CPAR2_701830	C00638
TR0000487_CYTMEM__plas	CPAR2_400400	C00638
TR0000487_CYTMEM__plas	CPAR2_206490	C00638
R01682__cyto	CPAR2_213280	C00506
R01682__cyto	CPAR2_804600	C00506
R01682__cyto	CPAR2_503870	C00506
R10039__cyto	CPAR2_200980	C08334
R10039__cyto	CPAR2_200990	C08334
TR0002653_CYTMEM__plas	CPAR2_803540	C04324
TO1000087_CYTMEM__plas	CPAR2_201790	C00101
TO1000087_CYTMEM__plas	CPAR2_201900	C00101
TO1000087_CYTMEM__plas	CPAR2_806580	C00101
TR2900973_CYTMEM__plas	CPAR2_805030	C02679
TR2900973_CYTMEM__plas	CPAR2_406100	C02679
TR0002172_CYTMEM__plas	CPAR2_209630	C04145
TR0002172_CYTMEM__plas	CPAR2_105400	C04145
TR0002172_CYTMEM__plas	CPAR2_808970	C04145
R01978__cyto	CPAR2_701400	C00332
R01978__cyto	CPAR2_701400	C00024
R03194__mito	CPAR2_210690	C01051
R06861__cyto	CPAR2_804740	C00231
R06861__cyto	CPAR2_804740	C00068
TR2901063_CYTMEM__plas	CPAR2_805030	C01530
TR2901063_CYTMEM__plas	CPAR2_406100	C01530
TR0000906_CYTMEM__plas	CPAR2_209630	C01230
TR0000906_CYTMEM__plas	CPAR2_105400	C01230
TR0000906_CYTMEM__plas	CPAR2_808970	C01230
R01132__cyto	CPAR2_212270	C00119
R01132__cyto	CPAR2_212270	C00262
R03035__cyto	CPAR2_407440	C01134
R01771__cyto	CPAR2_303730	C00263
R05577__cyto	CPAR2_107220	C01638
R05577__cyto	CPAR2_107220	C00049
R01887__cyto	CPAR2_303130	C05715
R07759__cyto	CPAR2_205030	C16216
R04929__cyto	CPAR2_203530	C05697
R02540__cyto	CPAR2_702980	C02505
R02540__cyto	CPAR2_109500	C02505
R02540__cyto	CPAR2_203980	C02505
R03920__cyto	CPAR2_206020	C02336
R03920__cyto	CPAR2_700080	C02336
R03920__cyto	CPAR2_204260	C02336
R00517__cyto	CPAR2_404130	C00475
R00084__cyto	CPAR2_404580	C00931
R00036__cyto	CPAR2_211790	C00430
R00036__cyto	CPAR2_211770	C00430
R04448__cyto	CPAR2_103480	C04294
R01618__cyto	CPAR2_600800	C00224
TR1000259_CYTMEM__plas	CPAR2_210080	C00310
TR1000259_CYTMEM__plas	CPAR2_210150	C00310
TR1000259_CYTMEM__plas	CPAR2_108340	C00310
TR1000259_CYTMEM__plas	CPAR2_212860	C00310
TR1000259_CYTMEM__plas	CPAR2_212850	C00310
TR1000259_CYTMEM__plas	CPAR2_108370	C00310
TR1000259_CYTMEM__plas	CPAR2_108350	C00310
TR1000259_CYTMEM__plas	CPAR2_108210	C00310
TR1000259_CYTMEM__plas	CPAR2_108220	C00310
TR1000259_CYTMEM__plas	CPAR2_108360	C00310
R07273__cyto	CPAR2_200190	C00156
R07273__cyto	CPAR2_200190	C04145
R01776__cyto	CPAR2_801350	C00263
R01776__cyto	CPAR2_801350	C00024
R01776__cyto	CPAR2_203640	C00263
R01776__cyto	CPAR2_203640	C00024
R03347__cyto	CPAR2_202110	C05841
R02371__cyto	CPAR2_404130	C00458
R02371__cyto	CPAR2_404130	C00475
TR0000877_CYTMEM__plas	CPAR2_209630	C01189
TR0000877_CYTMEM__plas	CPAR2_105400	C01189
TR0000877_CYTMEM__plas	CPAR2_808970	C01189
R03237__cyto	CPAR2_703030	C00063
R03237__cyto	CPAR2_703030	C01097
R03237__cyto	CPAR2_101070	C00063
R03237__cyto	CPAR2_101070	C01097
R00238__cyto	CPAR2_212810	C00024
R00238__cyto	CPAR2_800020	C00024
R00238__cyto	CPAR2_503690	C00024
R00238__cyto	CPAR2_212970	C00024
R01001__cyto	CPAR2_701500	C02291
R01001__cyto	CPAR2_702140	C02291
R00310__cyto	CPAR2_406320	C02191
R00310__cyto	CPAR2_406320	C14818
R00017__cyto	CPAR2_102830	C00027
R00017__cyto	CPAR2_102830	C00126
R00908__cyto	CPAR2_211400	C00099
R00908__cyto	CPAR2_211400	C00026
R00908__cyto	CPAR2_211040	C00099
R00908__cyto	CPAR2_211040	C00026
R04429__cyto	CPAR2_302650	C04246
R01229__cyto	CPAR2_212270	C00242
R01229__cyto	CPAR2_212270	C00119
R01229__cyto	CPAR2_214060	C00242
R01229__cyto	CPAR2_214060	C00119
R00253__cyto	CPAR2_203350	C00025
TR0000260_CYTMEM__plas	CPAR2_803540	C00311
R01819__cyto	CPAR2_406050	C00275
R04881__cyto	CPAR2_703530	C05576
R00970__cyto	CPAR2_404130	C00299
R00970__cyto	CPAR2_404130	C00081
R03236__cyto	CPAR2_703030	C01097
R03236__cyto	CPAR2_101070	C01097
R03083__cyto	CPAR2_400020	C04691
R06519__cyto	CPAR2_100060	C12126
R06519__cyto	CPAR2_100060	C00999
R02688__cyto	CPAR2_108800	C00641
R02688__cyto	CPAR2_703190	C00641
R02688__cyto	CPAR2_501220	C00641
R02688__cyto	CPAR2_602620	C00641
R02688__cyto	CPAR2_703200	C00641
R02688__cyto	CPAR2_601970	C00641
R02688__cyto	CPAR2_603220	C00641
R02688__cyto	CPAR2_503050	C00641
R01055__cyto	CPAR2_807860	C00106
R01055__cyto	CPAR2_807860	C00117
R04944__cyto	CPAR2_110340	C05688
R04944__cyto	CPAR2_110340	C05702
TR1002611_CYTMEM__plas	CPAR2_210080	C04501
TR1002611_CYTMEM__plas	CPAR2_210150	C04501
TR1002611_CYTMEM__plas	CPAR2_108340	C04501
TR1002611_CYTMEM__plas	CPAR2_212860	C04501
TR1002611_CYTMEM__plas	CPAR2_212850	C04501
TR1002611_CYTMEM__plas	CPAR2_108370	C04501
TR1002611_CYTMEM__plas	CPAR2_108350	C04501
TR1002611_CYTMEM__plas	CPAR2_108210	C04501
TR1002611_CYTMEM__plas	CPAR2_108220	C04501
TR1002611_CYTMEM__plas	CPAR2_108360	C04501
R03362__cyto	CPAR2_206880	C01194
R02092__cyto	CPAR2_405430	C00363
R02092__cyto	CPAR2_401910	C00363
R07168__cyto	CPAR2_404160	C04489
R07168__cyto	CPAR2_102630	C04489
R03194__cyto	CPAR2_210690	C01051
R11100__pero	CPAR2_400460	C02218
R11100__pero	CPAR2_213940	C02218
R04880__cyto	CPAR2_804750	C05576
R04880__cyto	CPAR2_501780	C05576
R04880__cyto	CPAR2_502580	C05576
R04880__cyto	CPAR2_601950	C05576
R00734__cyto	CPAR2_206490	C00082
R00734__cyto	CPAR2_206490	C00026
R00734__cyto	CPAR2_701830	C00082
R00734__cyto	CPAR2_701830	C00026
R00734__cyto	CPAR2_400400	C00082
R00734__cyto	CPAR2_400400	C00026
R00734__cyto	CPAR2_402380	C00082
R00734__cyto	CPAR2_402380	C00026
R00734__cyto	CPAR2_603290	C00082
R00734__cyto	CPAR2_603290	C00026
R00734__cyto	CPAR2_213450	C00082
R00734__cyto	CPAR2_213450	C00026
R00734__cyto	CPAR2_500520	C00082
R00734__cyto	CPAR2_500520	C00026
TO1000305_CYTMEM__plas	CPAR2_201790	C00378
TO1000305_CYTMEM__plas	CPAR2_201900	C00378
TO1000305_CYTMEM__plas	CPAR2_806580	C00378
TR2900877_CYTMEM__plas	CPAR2_600780	C00042
R04770__cyto	CPAR2_701500	C05335
R04770__cyto	CPAR2_702140	C05335
R02747__cyto	CPAR2_601740	C04233
R02747__cyto	CPAR2_701140	C04233
R02747__cyto	CPAR2_804680	C04233
R02747__cyto	CPAR2_601750	C04233
R02747__cyto	CPAR2_501700	C04233
R02747__cyto	CPAR2_808920	C04233
R02747__cyto	CPAR2_701130	C04233
R02747__cyto	CPAR2_601730	C04233
R02747__cyto	CPAR2_601760	C04233
R02747__cyto	CPAR2_701680	C04233
R03067__cyto	CPAR2_303390	C00568
R03067__cyto	CPAR2_303390	C04807
TR1000506_CYTMEM__plas	CPAR2_209680	C00669
TR1000506_CYTMEM__plas	CPAR2_209700	C00669
TR1000506_CYTMEM__plas	CPAR2_209690	C00669
TR1000506_CYTMEM__plas	CPAR2_502820	C00669
TR1000506_CYTMEM__plas	CPAR2_203890	C00669
TR1000506_CYTMEM__plas	CPAR2_203500	C00669
TR1000506_CYTMEM__plas	CPAR2_203510	C00669
TR1000506_CYTMEM__plas	CPAR2_207250	C00669
TR1000506_CYTMEM__plas	CPAR2_207260	C00669
TR1000506_CYTMEM__plas	CPAR2_102100	C00669
TR1000506_CYTMEM__plas	CPAR2_207270	C00669
R03628__cyto	CPAR2_100040	C01598
R01830__cyto	CPAR2_804740	C05345
R01830__cyto	CPAR2_804740	C00118
TR0000051_CYTMEM__plas	CPAR2_208040	C00062
R00251__cyto	CPAR2_212180	C01879
TR2901174_CYTMEM__plas	CPAR2_805030	C06103
TR2901174_CYTMEM__plas	CPAR2_406100	C06103
R02760__cyto	CPAR2_406330	C00040
R02760__cyto	CPAR2_406330	C00681
R02760__cyto	CPAR2_103000	C00040
R02760__cyto	CPAR2_103000	C00681
R04445__mito	CPAR2_101480	C04281
TI2000703_CYTMEM__plas	CPAR2_210890	C00954
TI2000703_CYTMEM__plas	CPAR2_201990	C00954
R09844__cyto	CPAR2_301650	C20119
R09844__cyto	CPAR2_301650	C00448
R09844__cyto	CPAR2_101850	C20119
R09844__cyto	CPAR2_101850	C00448
R07385__cyto	CPAR2_203660	C04756
TR0013384_CYTMEM__plas	CPAR2_105400	C11556
TR0013384_CYTMEM__plas	CPAR2_601150	C11556
TR0013384_CYTMEM__plas	CPAR2_209630	C11556
TR0013384_CYTMEM__plas	CPAR2_202050	C11556
TR0013384_CYTMEM__plas	CPAR2_808970	C11556
TR0013384_CYTMEM__plas	CPAR2_104620	C11556
R01388__cyto	CPAR2_407610	C00258
R01388__cyto	CPAR2_207700	C00258
R03459__cyto	CPAR2_303420	C01304
R03459__cyto	CPAR2_208710	C01304
R08175__pero	CPAR2_209830	C02041
R01664__cyto	CPAR2_802580	C00239
TR2901132_CYTMEM__plas	CPAR2_805030	C06427
TR2901132_CYTMEM__plas	CPAR2_406100	C06427
R03457__cyto	CPAR2_209620	C04666
TR2900254_CYTMEM__plas	CPAR2_103870	C00239
TR2900254_CYTMEM__plas	CPAR2_103870	C01081
R00519__cyto	CPAR2_110430	C00058
R00519__cyto	CPAR2_806620	C00058
R00519__cyto	CPAR2_203450	C00058
R00519__cyto	CPAR2_200520	C00058
R00519__cyto	CPAR2_203440	C00058
R02433__cyto	CPAR2_701830	C00026
R02433__cyto	CPAR2_701830	C00506
R02433__cyto	CPAR2_400400	C00026
R02433__cyto	CPAR2_400400	C00506
R02433__cyto	CPAR2_206490	C00026
R02433__cyto	CPAR2_206490	C00506
R00190__cyto	CPAR2_212270	C00147
R00190__cyto	CPAR2_212270	C00119
R00190__cyto	CPAR2_214060	C00147
R00190__cyto	CPAR2_214060	C00119
R00530__cyto	CPAR2_600800	C00059
R00959__cyto	CPAR2_800220	C00103
R00959__cyto	CPAR2_807930	C00103
R08178__pero	CPAR2_209830	C16162
R00516__cyto	CPAR2_404130	C00475
R01041__pero	CPAR2_103840	C00116
R01041__pero	CPAR2_800970	C00116
R00691__cyto	CPAR2_102850	C00826
R02529__cyto	CPAR2_211650	C01888
R02529__cyto	CPAR2_104430	C01888
R00200__cyto	CPAR2_209240	C00074
TR1000154_CYTMEM__plas	CPAR2_600460	C00181
TR1000154_CYTMEM__plas	CPAR2_400790	C00181
TR1000154_CYTMEM__plas	CPAR2_210080	C00181
TR1000154_CYTMEM__plas	CPAR2_210150	C00181
TR1000154_CYTMEM__plas	CPAR2_109920	C00181
TR1000154_CYTMEM__plas	CPAR2_108340	C00181
TR1000154_CYTMEM__plas	CPAR2_212860	C00181
TR1000154_CYTMEM__plas	CPAR2_600450	C00181
TR1000154_CYTMEM__plas	CPAR2_212850	C00181
TR1000154_CYTMEM__plas	CPAR2_108370	C00181
TR1000154_CYTMEM__plas	CPAR2_108350	C00181
TR1000154_CYTMEM__plas	CPAR2_108210	C00181
TR1000154_CYTMEM__plas	CPAR2_108220	C00181
TR1000154_CYTMEM__plas	CPAR2_108360	C00181
TR1000154_CYTMEM__plas	CPAR2_301390	C00181
R00519__mito	CPAR2_110430	C00058
R00519__mito	CPAR2_806620	C00058
R00519__mito	CPAR2_203450	C00058
R00519__mito	CPAR2_200520	C00058
R00519__mito	CPAR2_203440	C00058
R02484__cyto	CPAR2_103240	C00526
R07495__cyto	CPAR2_801560	C15816
R08176__pero	CPAR2_209830	C00510
R04773__cyto	CPAR2_805790	C01647
R04773__cyto	CPAR2_805790	C05335
TR1000448_CYTMEM__plas	CPAR2_210080	C00577
TR1000448_CYTMEM__plas	CPAR2_210150	C00577
TR1000448_CYTMEM__plas	CPAR2_108340	C00577
TR1000448_CYTMEM__plas	CPAR2_212860	C00577
TR1000448_CYTMEM__plas	CPAR2_212850	C00577
TR1000448_CYTMEM__plas	CPAR2_108370	C00577
TR1000448_CYTMEM__plas	CPAR2_108350	C00577
TR1000448_CYTMEM__plas	CPAR2_108210	C00577
TR1000448_CYTMEM__plas	CPAR2_108220	C00577
TR1000448_CYTMEM__plas	CPAR2_108360	C00577
R03088__e_r_	CPAR2_500140	C00951
R02095__cyto	CPAR2_405430	C00459
R02095__cyto	CPAR2_401910	C00459
R02102__cyto	CPAR2_802580	C00365
R04496__cyto	CPAR2_603750	C04506
R04496__cyto	CPAR2_603740	C04506
R00192__cyto	CPAR2_101020	C00021
R02918__cyto	CPAR2_400810	C00082
R02918__cyto	CPAR2_400810	C00787
R02918__cyto	CPAR2_603160	C00082
R02918__cyto	CPAR2_603160	C00787
R02918__cyto	CPAR2_802620	C00082
R02918__cyto	CPAR2_802620	C00787
R00847__cyto	CPAR2_203300	C00116
TR2900176_CYTMEM__plas	CPAR2_103870	C06620
TR2900176_CYTMEM__plas	CPAR2_103870	C01081
TR1000588_CYTMEM__plas	CPAR2_210080	C00794
TR1000588_CYTMEM__plas	CPAR2_210150	C00794
TR1000588_CYTMEM__plas	CPAR2_108340	C00794
TR1000588_CYTMEM__plas	CPAR2_212860	C00794
TR1000588_CYTMEM__plas	CPAR2_212850	C00794
TR1000588_CYTMEM__plas	CPAR2_108370	C00794
TR1000588_CYTMEM__plas	CPAR2_108350	C00794
TR1000588_CYTMEM__plas	CPAR2_108210	C00794
TR1000588_CYTMEM__plas	CPAR2_108220	C00794
TR1000588_CYTMEM__plas	CPAR2_108360	C00794
R01497__cyto	CPAR2_401310	C00195
R01497__cyto	CPAR2_401310	C00029
R04441__mito	CPAR2_100130	C04272
R03012__cyto	CPAR2_402720	C00860
R03858__cyto	CPAR2_503690	C01832
R03858__cyto	CPAR2_503690	C00024
R03858__cyto	CPAR2_800020	C01832
R03858__cyto	CPAR2_800020	C00024
R03858__cyto	CPAR2_212970	C01832
R03858__cyto	CPAR2_212970	C00024
R04961__cyto	CPAR2_302650	C05754
R03038__cyto	CPAR2_400930	C00041
R03038__cyto	CPAR2_400930	C01635
R03038__cyto	CPAR2_601240	C00041
R03038__cyto	CPAR2_601240	C01635
R02732__mito	CPAR2_205730	C05345
R02732__mito	CPAR2_301740	C05345
R02732__mito	CPAR2_106310	C05345
R01214__mito	CPAR2_503520	C00026
R01214__mito	CPAR2_503520	C00183
R01214__mito	CPAR2_211080	C00026
R01214__mito	CPAR2_211080	C00183
R10992__cyto	CPAR2_600400	C00041
R10992__cyto	CPAR2_600400	C00109
TZ2900029_CYTMEM__plas	CPAR2_407600	C14818
R05731__mito	CPAR2_303740	C01943
R05731__mito	CPAR2_303740	C03024
R04966__cyto	CPAR2_302650	C05760
R02737__cyto	CPAR2_108720	C00029
R02737__cyto	CPAR2_108720	C00668
R02737__cyto	CPAR2_205380	C00029
R02737__cyto	CPAR2_205380	C00668
R02737__cyto	CPAR2_407750	C00029
R02737__cyto	CPAR2_407750	C00668
R08558__cyto	CPAR2_804750	C00114
R08558__cyto	CPAR2_501780	C00114
R08558__cyto	CPAR2_502580	C00114
R08558__cyto	CPAR2_601950	C00114
R02619__cyto	CPAR2_701830	C00026
R02619__cyto	CPAR2_701830	C00606
R02619__cyto	CPAR2_400400	C00026
R02619__cyto	CPAR2_400400	C00606
R02619__cyto	CPAR2_206490	C00026
R02619__cyto	CPAR2_206490	C00606
R03971__cyto	CPAR2_110410	C00025
R03971__cyto	CPAR2_110410	C05670
R03971__cyto	CPAR2_403550	C00025
R03971__cyto	CPAR2_403550	C05670
R10088__mito	CPAR2_106660	C00117
R10088__mito	CPAR2_106660	C00118
R10088__mito	CPAR2_106650	C00117
R10088__mito	CPAR2_106650	C00118
TR0002905_CYTMEM__plas	CPAR2_701830	C04780
TR0002905_CYTMEM__plas	CPAR2_400400	C04780
TR0002905_CYTMEM__plas	CPAR2_206490	C04780
R10920__cyto	CPAR2_214150	C00026
R10920__cyto	CPAR2_214150	C00385
R11323__cyto	CPAR2_303020	C00459
R11323__cyto	CPAR2_703280	C00459
R11323__cyto	CPAR2_501500	C00459
R03443__cyto	CPAR2_207610	C04133
TR0012606_CYTMEM__plas	CPAR2_105400	C04756
TR0012606_CYTMEM__plas	CPAR2_601150	C04756
TR0012606_CYTMEM__plas	CPAR2_209630	C04756
TR0012606_CYTMEM__plas	CPAR2_202050	C04756
TR0012606_CYTMEM__plas	CPAR2_808970	C04756
TR0012606_CYTMEM__plas	CPAR2_104620	C04756
TR0000046_CYTMEM__plas	CPAR2_304300	C00055
TR0000046_CYTMEM__plas	CPAR2_403790	C00055
TR0000046_CYTMEM__plas	CPAR2_213910	C00055
TR0000046_CYTMEM__plas	CPAR2_213310	C00055
TR0000046_CYTMEM__plas	CPAR2_807550	C00055
TR0000046_CYTMEM__plas	CPAR2_104230	C00055
TR0000046_CYTMEM__plas	CPAR2_107420	C00055
TR0000046_CYTMEM__plas	CPAR2_802670	C00055
TR0000046_CYTMEM__plas	CPAR2_103230	C00055
TR0000046_CYTMEM__plas	CPAR2_106230	C00055
TR0000046_CYTMEM__plas	CPAR2_803730	C00055
TR0000046_CYTMEM__plas	CPAR2_107390	C00055
TR0000046_CYTMEM__plas	CPAR2_210000	C00055
TR0000046_CYTMEM__plas	CPAR2_208280	C00055
TR0000046_CYTMEM__plas	CPAR2_602530	C00055
TR0000046_CYTMEM__plas	CPAR2_404650	C00055
TR0000046_CYTMEM__plas	CPAR2_808650	C00055
TR0000046_CYTMEM__plas	CPAR2_206710	C00055
TR0000046_CYTMEM__plas	CPAR2_404940	C00055
TR0000046_CYTMEM__plas	CPAR2_202820	C00055
TR0000046_CYTMEM__plas	CPAR2_205060	C00055
TR0000046_CYTMEM__plas	CPAR2_212290	C00055
TR0000046_CYTMEM__plas	CPAR2_302670	C00055
TR0000046_CYTMEM__plas	CPAR2_702740	C00055
TR0000046_CYTMEM__plas	CPAR2_207840	C00055
TR0000046_CYTMEM__plas	CPAR2_603680	C00055
TR0000046_CYTMEM__plas	CPAR2_403760	C00055
TR0000046_CYTMEM__plas	CPAR2_105250	C00055
TR0000046_CYTMEM__plas	CPAR2_801000	C00055
TR0000046_CYTMEM__plas	CPAR2_404810	C00055
TR0000046_CYTMEM__plas	CPAR2_206400	C00055
TR0000046_CYTMEM__plas	CPAR2_402480	C00055
TR0000046_CYTMEM__plas	CPAR2_800490	C00055
R04285__cyto	CPAR2_101350	C04244
R02678__cyto	CPAR2_702980	C00637
R02678__cyto	CPAR2_109500	C00637
R02678__cyto	CPAR2_203980	C00637
R02868__cyto	CPAR2_206020	C00794
R02868__cyto	CPAR2_700080	C00794
R02868__cyto	CPAR2_204260	C00794
TR1000221_CYTMEM__plas	CPAR2_407300	C00256
TR1000221_CYTMEM__plas	CPAR2_407310	C00256
TR1000221_CYTMEM__plas	CPAR2_402050	C00256
TR1000221_CYTMEM__plas	CPAR2_407290	C00256
TR1000221_CYTMEM__plas	CPAR2_808390	C00256
TR1000221_CYTMEM__plas	CPAR2_407250	C00256
TR1000221_CYTMEM__plas	CPAR2_403890	C00256
TR1000221_CYTMEM__plas	CPAR2_808330	C00256
TR1000221_CYTMEM__plas	CPAR2_400100	C00256
TR1000221_CYTMEM__plas	CPAR2_402040	C00256
TR1000221_CYTMEM__plas	CPAR2_107230	C00256
TR1000221_CYTMEM__plas	CPAR2_808410	C00256
R04889__pero	CPAR2_212210	C05581
R04889__pero	CPAR2_203980	C05581
R04889__pero	CPAR2_108810	C05581
R10088__cyto	CPAR2_106660	C00117
R10088__cyto	CPAR2_106660	C00118
R10088__cyto	CPAR2_106650	C00117
R10088__cyto	CPAR2_106650	C00118
TR0000068_CYTMEM__plas	CPAR2_304300	C00081
TR0000068_CYTMEM__plas	CPAR2_403790	C00081
TR0000068_CYTMEM__plas	CPAR2_213910	C00081
TR0000068_CYTMEM__plas	CPAR2_213310	C00081
TR0000068_CYTMEM__plas	CPAR2_807550	C00081
TR0000068_CYTMEM__plas	CPAR2_104230	C00081
TR0000068_CYTMEM__plas	CPAR2_107420	C00081
TR0000068_CYTMEM__plas	CPAR2_802670	C00081
TR0000068_CYTMEM__plas	CPAR2_103230	C00081
TR0000068_CYTMEM__plas	CPAR2_106230	C00081
TR0000068_CYTMEM__plas	CPAR2_803730	C00081
TR0000068_CYTMEM__plas	CPAR2_107390	C00081
TR0000068_CYTMEM__plas	CPAR2_210000	C00081
TR0000068_CYTMEM__plas	CPAR2_208280	C00081
TR0000068_CYTMEM__plas	CPAR2_602530	C00081
TR0000068_CYTMEM__plas	CPAR2_404650	C00081
TR0000068_CYTMEM__plas	CPAR2_808650	C00081
TR0000068_CYTMEM__plas	CPAR2_206710	C00081
TR0000068_CYTMEM__plas	CPAR2_404940	C00081
TR0000068_CYTMEM__plas	CPAR2_202820	C00081
TR0000068_CYTMEM__plas	CPAR2_205060	C00081
TR0000068_CYTMEM__plas	CPAR2_212290	C00081
TR0000068_CYTMEM__plas	CPAR2_302670	C00081
TR0000068_CYTMEM__plas	CPAR2_702740	C00081
TR0000068_CYTMEM__plas	CPAR2_207840	C00081
TR0000068_CYTMEM__plas	CPAR2_603680	C00081
TR0000068_CYTMEM__plas	CPAR2_403760	C00081
TR0000068_CYTMEM__plas	CPAR2_105250	C00081
TR0000068_CYTMEM__plas	CPAR2_801000	C00081
TR0000068_CYTMEM__plas	CPAR2_404810	C00081
TR0000068_CYTMEM__plas	CPAR2_206400	C00081
TR0000068_CYTMEM__plas	CPAR2_402480	C00081
TR0000068_CYTMEM__plas	CPAR2_800490	C00081
R03451__mito	CPAR2_703500	C00026
R03451__mito	CPAR2_703500	C03793
R03451__mito	CPAR2_101360	C00026
R03451__mito	CPAR2_101360	C03793
R07035__cyto	CPAR2_104050	C00051
R07035__cyto	CPAR2_104050	C05966
R00005__cyto	CPAR2_105520	C01010
R03004__cyto	CPAR2_303020	C00857
R03004__cyto	CPAR2_501500	C00857
R03004__cyto	CPAR2_703280	C00857
R03004__cyto	CPAR2_601480	C00857
R05085__cyto	CPAR2_104790	C06055
R05085__cyto	CPAR2_104790	C00026
T_alpha_alpha_Trehalose__plas	CPAR2_603590	C01083
T_alpha_alpha_Trehalose__plas	CPAR2_603600	C01083
R01280__pero	CPAR2_805420	C00249
R01280__pero	CPAR2_500820	C00249
R01280__pero	CPAR2_805400	C00249
R01280__pero	CPAR2_701660	C00249
R01280__pero	CPAR2_805390	C00249
R01280__pero	CPAR2_807240	C00249
R01280__pero	CPAR2_102560	C00249
R01280__pero	CPAR2_200640	C00249
R01280__pero	CPAR2_102550	C00249
R01280__pero	CPAR2_102570	C00249
R01280__pero	CPAR2_807230	C00249
R01280__pero	CPAR2_805410	C00249
R01214__cyto	CPAR2_503520	C00026
R01214__cyto	CPAR2_503520	C00183
R01214__cyto	CPAR2_211080	C00026
R01214__cyto	CPAR2_211080	C00183
R04404__cyto	CPAR2_806640	C04637
R04404__cyto	CPAR2_703270	C04637
TR1000268_CYTMEM__plas	CPAR2_702970	C00320
TR1000268_CYTMEM__plas	CPAR2_702950	C00320
TR1000268_CYTMEM__plas	CPAR2_702940	C00320
TR1000268_CYTMEM__plas	CPAR2_702920	C00320
TR1000268_CYTMEM__plas	CPAR2_702960	C00320
R02957__cyto	CPAR2_702980	C02670
R02957__cyto	CPAR2_109500	C02670
R02957__cyto	CPAR2_203980	C02670
R03451__cyto	CPAR2_703500	C00026
R03451__cyto	CPAR2_703500	C03793
R03451__cyto	CPAR2_101360	C00026
R03451__cyto	CPAR2_101360	C03793
R04535__cyto	CPAR2_807400	C04619
R04535__cyto	CPAR2_302650	C04619
R01126__cyto	CPAR2_109450	C00130
R02056__cyto	CPAR2_802660	C00350
R02111__cyto	CPAR2_301400	C00369
R00943__cyto	CPAR2_204710	C00101
R00943__cyto	CPAR2_204710	C00058
R00943__cyto	CPAR2_800600	C00101
R00943__cyto	CPAR2_800600	C00058
R07758__cyto	CPAR2_211750	C00154
R07758__cyto	CPAR2_211750	C00083
R07758__cyto	CPAR2_201340	C00154
R07758__cyto	CPAR2_201340	C00083
R07758__cyto	CPAR2_807310	C00154
R07758__cyto	CPAR2_807310	C00083
TZ2900019_CYTMEM__plas	CPAR2_806120	C01327
TZ2900019_CYTMEM__plas	CPAR2_601040	C01327
R01624__cyto	CPAR2_807400	C00229
R01624__cyto	CPAR2_807400	C00024
R01624__cyto	CPAR2_302650	C00229
R01624__cyto	CPAR2_302650	C00024
TR2901077_CYTMEM__plas	CPAR2_805030	C00249
TR2901077_CYTMEM__plas	CPAR2_406100	C00249
R00291__cyto	CPAR2_106140	C00029
TR0009429_CYTMEM__plas	CPAR2_209630	C13425
TR0009429_CYTMEM__plas	CPAR2_105400	C13425
TR0009429_CYTMEM__plas	CPAR2_808970	C13425
R00259__cyto	CPAR2_301210	C00025
R00259__cyto	CPAR2_301210	C00024
R00259__cyto	CPAR2_108010	C00025
R00259__cyto	CPAR2_108010	C00024
R02019__cyto	CPAR2_212160	C00342
R02019__cyto	CPAR2_211690	C00342
R02019__cyto	CPAR2_204520	C00342
R01163__cyto	CPAR2_402720	C01929
TR2901022_CYTMEM__plas	CPAR2_805030	C05993
TR2901022_CYTMEM__plas	CPAR2_406100	C05993
R02335__cyto	CPAR2_805640	C00043
R03815__mito	CPAR2_205940	C02972
TR0011735_CYTMEM__plas	CPAR2_401600	C00718
TI2000430_CYTMEM__plas	CPAR2_210890	C07086
TI2000430_CYTMEM__plas	CPAR2_201990	C07086
TR0000214_CYTMEM__plas	CPAR2_701830	C00249
TR0000214_CYTMEM__plas	CPAR2_400400	C00249
TR0000214_CYTMEM__plas	CPAR2_206490	C00249
R09827__mito	CPAR2_806640	C05981
R09827__mito	CPAR2_703270	C05981
TR2900219_CYTMEM__plas	CPAR2_103870	C00842
TR2900219_CYTMEM__plas	CPAR2_103870	C01081
R01819__mito	CPAR2_406050	C00275
R09827__cyto	CPAR2_806640	C05981
R09827__cyto	CPAR2_703270	C05981
R00760__cyto	CPAR2_206020	C00095
R00760__cyto	CPAR2_700080	C00095
R00760__cyto	CPAR2_204260	C00095
R02327__cyto	CPAR2_404130	C00458
R02327__cyto	CPAR2_404130	C00299
R01598__pero	CPAR2_602940	C00219
R02767__cyto	CPAR2_105380	C01271
R02767__cyto	CPAR2_807400	C01271
R02767__cyto	CPAR2_803490	C01271
TR1000210_CYTMEM__plas	CPAR2_702970	C00245
TR1000210_CYTMEM__plas	CPAR2_702950	C00245
TR1000210_CYTMEM__plas	CPAR2_702940	C00245
TR1000210_CYTMEM__plas	CPAR2_702920	C00245
TR1000210_CYTMEM__plas	CPAR2_702960	C00245
TR0001297_CYTMEM__plas	CPAR2_209630	C01885
TR0001297_CYTMEM__plas	CPAR2_105400	C01885
TR0001297_CYTMEM__plas	CPAR2_808970	C01885
R02466__cyto	CPAR2_213280	C00606
R02466__cyto	CPAR2_804600	C00606
R02466__cyto	CPAR2_503870	C00606
TR0012572_CYTMEM__plas	CPAR2_105400	C04549
TR0012572_CYTMEM__plas	CPAR2_601150	C04549
TR0012572_CYTMEM__plas	CPAR2_209630	C04549
TR0012572_CYTMEM__plas	CPAR2_202050	C04549
TR0012572_CYTMEM__plas	CPAR2_808970	C04549
TR0012572_CYTMEM__plas	CPAR2_104620	C04549
R01184__cyto	CPAR2_502150	C00137
TO1012844_CYTMEM__plas	CPAR2_201790	C03313
TO1012844_CYTMEM__plas	CPAR2_201900	C03313
TO1012844_CYTMEM__plas	CPAR2_806580	C03313
TO0010516_CYTMEM__plas	CPAR2_806710	C14819
TO0010516_CYTMEM__plas	CPAR2_805630	C14819
TO0010516_CYTMEM__plas	CPAR2_603600	C14819
TO0010516_CYTMEM__plas	CPAR2_603590	C14819
TO0010516_CYTMEM__plas	CPAR2_210100	C14819
TO0010516_CYTMEM__plas	CPAR2_806720	C14819
TO0010516_CYTMEM__plas	CPAR2_210740	C14819
TO0010516_CYTMEM__plas	CPAR2_304050	C14819
TO0010516_CYTMEM__plas	CPAR2_700570	C14819
TR0005718_CYTMEM__plas	CPAR2_209630	C08813
TR0005718_CYTMEM__plas	CPAR2_105400	C08813
TR0005718_CYTMEM__plas	CPAR2_808970	C08813
TR2900218_CYTMEM__plas	CPAR2_103870	C00460
TR2900218_CYTMEM__plas	CPAR2_103870	C01081
TO1000104_CYTMEM__plas	CPAR2_201790	C00120
TO1000104_CYTMEM__plas	CPAR2_201900	C00120
TO1000104_CYTMEM__plas	CPAR2_806580	C00120
R08549__mito	CPAR2_205940	C00026
R08549__mito	CPAR2_102800	C00026
R04463__cyto	CPAR2_204070	C04376
R04463__cyto	CPAR2_204070	C00064
R01248__cyto	CPAR2_402200	C00148
R00174__cyto	CPAR2_103710	C00250
R00174__cyto	CPAR2_602630	C00250
R03199__cyto	CPAR2_301800	C01054
R02057__cyto	CPAR2_703140	C00570
R02057__cyto	CPAR2_703140	C00641
R01528__cyto	CPAR2_203520	C00345
R02239__cyto	CPAR2_503750	C00416
R02239__cyto	CPAR2_208120	C00416
R02239__cyto	CPAR2_300920	C00416
R02239__cyto	CPAR2_207800	C00416
R02239__cyto	CPAR2_214160	C00416
R04903__cyto	CPAR2_702980	C05634
R04903__cyto	CPAR2_109500	C05634
R04903__cyto	CPAR2_203980	C05634
TR2901180_CYTMEM__plas	CPAR2_504220	C00750
TR2901180_CYTMEM__plas	CPAR2_504220	C00134
TR2901180_CYTMEM__plas	CPAR2_301760	C00750
TR2901180_CYTMEM__plas	CPAR2_301760	C00134
TR2901180_CYTMEM__plas	CPAR2_300770	C00750
TR2901180_CYTMEM__plas	CPAR2_300770	C00134
TR2901180_CYTMEM__plas	CPAR2_300740	C00750
TR2901180_CYTMEM__plas	CPAR2_300740	C00134
TR2901180_CYTMEM__plas	CPAR2_300730	C00750
TR2901180_CYTMEM__plas	CPAR2_300730	C00134
TR2901180_CYTMEM__plas	CPAR2_300670	C00750
TR2901180_CYTMEM__plas	CPAR2_300670	C00134
TR2901180_CYTMEM__plas	CPAR2_300760	C00750
TR2901180_CYTMEM__plas	CPAR2_300760	C00134
TR2901180_CYTMEM__plas	CPAR2_300680	C00750
TR2901180_CYTMEM__plas	CPAR2_300680	C00134
TR2901180_CYTMEM__plas	CPAR2_300750	C00750
TR2901180_CYTMEM__plas	CPAR2_300750	C00134
TR2901180_CYTMEM__plas	CPAR2_700120	C00750
TR2901180_CYTMEM__plas	CPAR2_700120	C00134
TR2901180_CYTMEM__plas	CPAR2_300590	C00750
TR2901180_CYTMEM__plas	CPAR2_300590	C00134
R02115__cyto	CPAR2_213090	C01958
R02115__cyto	CPAR2_105000	C01958
R00943__mito	CPAR2_204710	C00101
R00943__mito	CPAR2_204710	C00058
R00943__mito	CPAR2_800600	C00101
R00943__mito	CPAR2_800600	C00058
R00512__mito	CPAR2_105320	C00055
R04184__cyto	CPAR2_800540	C04737
R04184__cyto	CPAR2_800540	C01132
R04184__cyto	CPAR2_304330	C04737
R04184__cyto	CPAR2_304330	C01132
R00258__cyto	CPAR2_404100	C00041
R00258__cyto	CPAR2_404100	C00026
R00829__cyto	CPAR2_503690	C00091
R00829__cyto	CPAR2_503690	C00024
R00829__cyto	CPAR2_800020	C00091
R00829__cyto	CPAR2_800020	C00024
R00829__cyto	CPAR2_212970	C00091
R00829__cyto	CPAR2_212970	C00024
R03503__cyto	CPAR2_303390	C01300
R00220__cyto	CPAR2_104810	C00065
R00220__cyto	CPAR2_304120	C00065
R00220__cyto	CPAR2_400460	C00065
R00220__cyto	CPAR2_213940	C00065
R04888__pero	CPAR2_212210	C05581
R04888__pero	CPAR2_203980	C05581
R04888__pero	CPAR2_108810	C05581
TR0000054_CYTMEM__plas	CPAR2_201850	C00065
R05779__cyto	CPAR2_100420	C11526
R03165__cyto	CPAR2_405820	C01024
R02355__e_r_	CPAR2_500140	C00468
R04747__cyto	CPAR2_503690	C05270
R04747__cyto	CPAR2_503690	C00024
R04747__cyto	CPAR2_800020	C05270
R04747__cyto	CPAR2_800020	C00024
R04747__cyto	CPAR2_212970	C05270
R04747__cyto	CPAR2_212970	C00024
R01802__cyto	CPAR2_500260	C00137
R01802__cyto	CPAR2_500260	C00269
TR0000239_CYTMEM__plas	CPAR2_213780	C00283
TR0000239_CYTMEM__plas	CPAR2_103750	C00283
TR0000239_CYTMEM__plas	CPAR2_105050	C00283
TR0000239_CYTMEM__plas	CPAR2_700380	C00283
TR0000239_CYTMEM__plas	CPAR2_302390	C00283
TR0000239_CYTMEM__plas	CPAR2_702380	C00283
TR0000239_CYTMEM__plas	CPAR2_205670	C00283
TR0000239_CYTMEM__plas	CPAR2_106940	C00283
TR0000239_CYTMEM__plas	CPAR2_602600	C00283
TR0000239_CYTMEM__plas	CPAR2_107160	C00283
TR0000239_CYTMEM__plas	CPAR2_301150	C00283
TO1000311_CYTMEM__plas	CPAR2_209780	C00387
R03321__cyto	CPAR2_204880	C01172
R06223__cyto	CPAR2_406760	C00448
R02239__mito	CPAR2_503750	C00416
R02239__mito	CPAR2_208120	C00416
R02239__mito	CPAR2_300920	C00416
R02239__mito	CPAR2_207800	C00416
R02239__mito	CPAR2_214160	C00416
R00224__cyto	CPAR2_405780	C00022
R00224__cyto	CPAR2_501020	C00022
R03662__cyto	CPAR2_603540	C01650
R03662__cyto	CPAR2_603540	C00065
R03662__cyto	CPAR2_102160	C01650
R03662__cyto	CPAR2_102160	C00065
TR2900181_CYTMEM__plas	CPAR2_103870	C00214
TR2900181_CYTMEM__plas	CPAR2_103870	C01081
TR0000064_CYTMEM__plas	CPAR2_208040	C00077
R01095__cyto	CPAR2_101350	C00124
R00161__cyto	CPAR2_803930	C00061
R12401__cyto	CPAR2_801560	C22123
R04754__cyto	CPAR2_807710	C05274
R04754__cyto	CPAR2_807700	C05274
R04754__cyto	CPAR2_807600	C05274
R04754__cyto	CPAR2_807720	C05274
TR0001899_CYTMEM__plas	CPAR2_209630	C02960
TR0001899_CYTMEM__plas	CPAR2_105400	C02960
TR0001899_CYTMEM__plas	CPAR2_808970	C02960
R00479__cyto	CPAR2_105270	C00311
R00942__cyto	CPAR2_300450	C00101
R00942__cyto	CPAR2_300450	C00025
R00942__cyto	CPAR2_212740	C00101
R00942__cyto	CPAR2_212740	C00025
TR2900122_CYTMEM__plas	CPAR2_103870	C00705
TR2900122_CYTMEM__plas	CPAR2_103870	C01081
R01251__cyto	CPAR2_402200	C00148
R04534__cyto	CPAR2_105380	C04619
R04534__cyto	CPAR2_807400	C04619
R04534__cyto	CPAR2_803490	C04619
R04534__cyto	CPAR2_302650	C04619
TO1000307_CYTMEM__plas	CPAR2_201790	C00380
TO1000307_CYTMEM__plas	CPAR2_201900	C00380
TO1000307_CYTMEM__plas	CPAR2_806580	C00380
R00267__mito	CPAR2_801250	C00311
R00267__mito	CPAR2_209910	C00311
R02018__cyto	CPAR2_204520	C00342
R02018__cyto	CPAR2_211690	C00342
R02018__cyto	CPAR2_212160	C00342
R04883__pero	CPAR2_212210	C05577
R04883__pero	CPAR2_203980	C05577
R04883__pero	CPAR2_108810	C05577
R11043__cyto	CPAR2_603730	C00510
R11043__cyto	CPAR2_603730	C00999
TO1000133_CYTMEM__plas	CPAR2_201790	C00153
TO1000133_CYTMEM__plas	CPAR2_201900	C00153
TO1000133_CYTMEM__plas	CPAR2_806580	C00153
TO1000895_CYTMEM__plas	CPAR2_201790	C01217
TO1000895_CYTMEM__plas	CPAR2_201900	C01217
TO1000895_CYTMEM__plas	CPAR2_806580	C01217
R04965__cyto	CPAR2_807400	C05757
R04965__cyto	CPAR2_302650	C05757
TR2901030_CYTMEM__plas	CPAR2_805030	C06424
TR2901030_CYTMEM__plas	CPAR2_406100	C06424
R10991__cyto	CPAR2_503520	C02356
R10991__cyto	CPAR2_503520	C00026
R10991__cyto	CPAR2_211080	C02356
R10991__cyto	CPAR2_211080	C00026
R00986__cyto	CPAR2_803670	C00251
R00986__cyto	CPAR2_803670	C00064
R00986__cyto	CPAR2_802830	C00251
R00986__cyto	CPAR2_802830	C00064
R02740__cyto	CPAR2_204880	C00668
R01909__cyto	CPAR2_103710	C00314
R01909__cyto	CPAR2_602630	C00314
R08557__cyto	CPAR2_804750	C00114
R08557__cyto	CPAR2_501780	C00114
R08557__cyto	CPAR2_502580	C00114
R08557__cyto	CPAR2_601950	C00114
TR2900029_CYTMEM__plas	CPAR2_211030	C00053
R01090__cyto	CPAR2_503520	C00026
R01090__cyto	CPAR2_503520	C00123
R01090__cyto	CPAR2_211080	C00026
R01090__cyto	CPAR2_211080	C00123
R02301__mito	CPAR2_106850	C03479
R03004__mito	CPAR2_703280	C00857
R03004__mito	CPAR2_303020	C00857
R03004__mito	CPAR2_501500	C00857
TR0000242_CYTMEM__plas	CPAR2_213780	C00288
TR0000242_CYTMEM__plas	CPAR2_103750	C00288
TR0000242_CYTMEM__plas	CPAR2_105050	C00288
TR0000242_CYTMEM__plas	CPAR2_700380	C00288
TR0000242_CYTMEM__plas	CPAR2_302390	C00288
TR0000242_CYTMEM__plas	CPAR2_702380	C00288
TR0000242_CYTMEM__plas	CPAR2_205670	C00288
TR0000242_CYTMEM__plas	CPAR2_106940	C00288
TR0000242_CYTMEM__plas	CPAR2_602600	C00288
TR0000242_CYTMEM__plas	CPAR2_107160	C00288
TR0000242_CYTMEM__plas	CPAR2_301150	C00288
R00267__cyto	CPAR2_801250	C00311
R00267__cyto	CPAR2_209910	C00311
R01036__cyto	CPAR2_101350	C00116
TO0000277_CYTMEM__plas	CPAR2_107960	C00330
TR0000075_CYTMEM__plas	CPAR2_213780	C00088
TR0000075_CYTMEM__plas	CPAR2_602360	C00088
TR0000075_CYTMEM__plas	CPAR2_103750	C00088
TR0000075_CYTMEM__plas	CPAR2_105050	C00088
TR0000075_CYTMEM__plas	CPAR2_700380	C00088
TR0000075_CYTMEM__plas	CPAR2_302390	C00088
TR0000075_CYTMEM__plas	CPAR2_702380	C00088
TR0000075_CYTMEM__plas	CPAR2_205670	C00088
TR0000075_CYTMEM__plas	CPAR2_106940	C00088
TR0000075_CYTMEM__plas	CPAR2_602600	C00088
TR0000075_CYTMEM__plas	CPAR2_107160	C00088
TR0000075_CYTMEM__plas	CPAR2_301150	C00088
R03816__cyto	CPAR2_406830	C02059
R03816__cyto	CPAR2_204150	C02059
R03816__cyto	CPAR2_406810	C02059
R10121__cyto	CPAR2_302650	C20377
TR1000020_CYTMEM__plas	CPAR2_407300	C00022
TR1000020_CYTMEM__plas	CPAR2_407310	C00022
TR1000020_CYTMEM__plas	CPAR2_402050	C00022
TR1000020_CYTMEM__plas	CPAR2_407290	C00022
TR1000020_CYTMEM__plas	CPAR2_808390	C00022
TR1000020_CYTMEM__plas	CPAR2_407250	C00022
TR1000020_CYTMEM__plas	CPAR2_403890	C00022
TR1000020_CYTMEM__plas	CPAR2_808330	C00022
TR1000020_CYTMEM__plas	CPAR2_400100	C00022
TR1000020_CYTMEM__plas	CPAR2_402040	C00022
TR1000020_CYTMEM__plas	CPAR2_107230	C00022
TR1000020_CYTMEM__plas	CPAR2_808410	C00022
R01092__cyto	CPAR2_106130	C00984
R02241__cyto	CPAR2_406330	C00040
R02241__cyto	CPAR2_406330	C00681
R02241__cyto	CPAR2_103000	C00040
R02241__cyto	CPAR2_103000	C00681
R02021__cyto	CPAR2_500130	C00342
R02021__cyto	CPAR2_500130	C00053
R08557__mito	CPAR2_804750	C00114
R08557__mito	CPAR2_501780	C00114
R08557__mito	CPAR2_502580	C00114
R08557__mito	CPAR2_601950	C00114
TO1002679_CYTMEM__plas	CPAR2_201790	C04377
TO1002679_CYTMEM__plas	CPAR2_201900	C04377
TO1002679_CYTMEM__plas	CPAR2_806580	C04377
TR1000082_CYTMEM__plas	CPAR2_802600	C02336
TR1000082_CYTMEM__plas	CPAR2_210080	C02336
TR1000082_CYTMEM__plas	CPAR2_210150	C02336
TR1000082_CYTMEM__plas	CPAR2_108340	C02336
TR1000082_CYTMEM__plas	CPAR2_802070	C02336
TR1000082_CYTMEM__plas	CPAR2_212860	C02336
TR1000082_CYTMEM__plas	CPAR2_212850	C02336
TR1000082_CYTMEM__plas	CPAR2_108370	C02336
TR1000082_CYTMEM__plas	CPAR2_108350	C02336
TR1000082_CYTMEM__plas	CPAR2_108210	C02336
TR1000082_CYTMEM__plas	CPAR2_108220	C02336
TR1000082_CYTMEM__plas	CPAR2_108360	C02336
TR0003560_CYTMEM__plas	CPAR2_701830	C05983
TR0003560_CYTMEM__plas	CPAR2_400400	C05983
TR0003560_CYTMEM__plas	CPAR2_206490	C05983
TR2900162_CYTMEM__plas	CPAR2_103870	C00364
TR2900162_CYTMEM__plas	CPAR2_103870	C01081
R00985__cyto	CPAR2_803670	C00251
R00985__cyto	CPAR2_802830	C00251
TR2900207_CYTMEM__plas	CPAR2_103870	C00570
TR2900207_CYTMEM__plas	CPAR2_103870	C01081
R06983__cyto	CPAR2_200560	C14180
R01468__cyto	CPAR2_300480	C00189
R04970__cyto	CPAR2_807400	C05763
R04970__cyto	CPAR2_804560	C05763
R04970__cyto	CPAR2_504100	C05763
R04970__cyto	CPAR2_302650	C05763
R08558__mito	CPAR2_804750	C00114
R08558__mito	CPAR2_501780	C00114
R08558__mito	CPAR2_502580	C00114
R08558__mito	CPAR2_601950	C00114
R02732__cyto	CPAR2_205730	C05345
R02732__cyto	CPAR2_301740	C05345
R02732__cyto	CPAR2_106310	C05345
R00707_Cyto__cyto	CPAR2_101480	C03912
R02300__mito	CPAR2_601930	C03479
R02300__mito	CPAR2_601860	C03479
R10993__cyto	CPAR2_208390	C02356
R10993__cyto	CPAR2_208390	C00025
TZ2900044_CYTMEM__plas	CPAR2_806120	C00704
TZ2900044_CYTMEM__plas	CPAR2_601040	C00704
TR1000138_CYTMEM__plas	CPAR2_802600	C00159
TR1000138_CYTMEM__plas	CPAR2_210080	C00159
TR1000138_CYTMEM__plas	CPAR2_210150	C00159
TR1000138_CYTMEM__plas	CPAR2_108340	C00159
TR1000138_CYTMEM__plas	CPAR2_212860	C00159
TR1000138_CYTMEM__plas	CPAR2_212850	C00159
TR1000138_CYTMEM__plas	CPAR2_108370	C00159
TR1000138_CYTMEM__plas	CPAR2_108350	C00159
TR1000138_CYTMEM__plas	CPAR2_108210	C00159
TR1000138_CYTMEM__plas	CPAR2_108220	C00159
TR1000138_CYTMEM__plas	CPAR2_108360	C00159
R01280__cyto	CPAR2_805420	C00249
R01280__cyto	CPAR2_500820	C00249
R01280__cyto	CPAR2_805400	C00249
R01280__cyto	CPAR2_701660	C00249
R01280__cyto	CPAR2_805390	C00249
R01280__cyto	CPAR2_807240	C00249
R01280__cyto	CPAR2_102560	C00249
R01280__cyto	CPAR2_200640	C00249
R01280__cyto	CPAR2_102550	C00249
R01280__cyto	CPAR2_102570	C00249
R01280__cyto	CPAR2_807230	C00249
R01280__cyto	CPAR2_805410	C00249
R01968__cyto	CPAR2_802580	C00362
R05086__cyto	CPAR2_304350	C06055
TR1001567_CYTMEM__plas	CPAR2_209680	C02348
TR1001567_CYTMEM__plas	CPAR2_209700	C02348
TR1001567_CYTMEM__plas	CPAR2_209690	C02348
TR1001567_CYTMEM__plas	CPAR2_502820	C02348
TR1001567_CYTMEM__plas	CPAR2_203890	C02348
TR1001567_CYTMEM__plas	CPAR2_203500	C02348
TR1001567_CYTMEM__plas	CPAR2_203510	C02348
TR1001567_CYTMEM__plas	CPAR2_207250	C02348
TR1001567_CYTMEM__plas	CPAR2_207260	C02348
TR1001567_CYTMEM__plas	CPAR2_102100	C02348
TR1001567_CYTMEM__plas	CPAR2_207270	C02348
R03916__cyto	CPAR2_110410	C02320
R03916__cyto	CPAR2_403550	C02320
R00137__cyto	CPAR2_202640	C00455
R00137__cyto	CPAR2_800370	C00455
R03005__cyto	CPAR2_202640	C01185
R03005__cyto	CPAR2_800370	C01185
R03664__cyto	CPAR2_501890	C01652
R03664__cyto	CPAR2_501890	C00078
R03664__cyto	CPAR2_700730	C01652
R03664__cyto	CPAR2_700730	C00078
R02613__cyto	CPAR2_211650	C05332
R02613__cyto	CPAR2_104430	C05332
R01213__cyto	CPAR2_806650	C00024
R01213__cyto	CPAR2_806650	C00141
R01213__cyto	CPAR2_109620	C00024
R01213__cyto	CPAR2_109620	C00141
R04439__mito	CPAR2_603140	C04272
TR1000305_CYTMEM__plas	CPAR2_209680	C00378
TR1000305_CYTMEM__plas	CPAR2_209700	C00378
TR1000305_CYTMEM__plas	CPAR2_209690	C00378
TR1000305_CYTMEM__plas	CPAR2_502820	C00378
TR1000305_CYTMEM__plas	CPAR2_203890	C00378
TR1000305_CYTMEM__plas	CPAR2_203500	C00378
TR1000305_CYTMEM__plas	CPAR2_203510	C00378
TR1000305_CYTMEM__plas	CPAR2_207250	C00378
TR1000305_CYTMEM__plas	CPAR2_207260	C00378
TR1000305_CYTMEM__plas	CPAR2_102100	C00378
TR1000305_CYTMEM__plas	CPAR2_207270	C00378
R02082__cyto	CPAR2_110330	C00356
R04405__cyto	CPAR2_802800	C00155
R04405__cyto	CPAR2_802800	C04489
TR0002799_CYTMEM__plas	CPAR2_803540	C04593
TI1000381_CYTMEM__plas	CPAR2_806880	C00491
TI1000381_CYTMEM__plas	CPAR2_110420	C00491
R03482__cyto	CPAR2_207370	C01288
R05333__cyto	CPAR2_110070	C00641
R05333__cyto	CPAR2_110070	C00865
R04780__cyto	CPAR2_808060	C05378
TR2900215_CYTMEM__plas	CPAR2_103870	C00299
TR2900215_CYTMEM__plas	CPAR2_103870	C01081
R02867__cyto	CPAR2_206020	C00081
R02867__cyto	CPAR2_206020	C00794
R02867__cyto	CPAR2_700080	C00081
R02867__cyto	CPAR2_700080	C00794
R02867__cyto	CPAR2_204260	C00081
R02867__cyto	CPAR2_204260	C00794
R01655__cyto	CPAR2_204710	C00445
R01655__cyto	CPAR2_800600	C00445
R07937__cyto	CPAR2_503690	C00024
R07937__cyto	CPAR2_503690	C16169
R07937__cyto	CPAR2_800020	C00024
R07937__cyto	CPAR2_800020	C16169
R07937__cyto	CPAR2_212970	C00024
R07937__cyto	CPAR2_212970	C16169
R03005__mito	CPAR2_202640	C01185
R03005__mito	CPAR2_800370	C01185
R04967__cyto	CPAR2_807400	C05760
R04967__cyto	CPAR2_804560	C05760
R04967__cyto	CPAR2_504100	C05760
R04967__cyto	CPAR2_302650	C05760
TO1000330_CYTMEM__plas	CPAR2_201790	C00415
TO1000330_CYTMEM__plas	CPAR2_201900	C00415
TO1000330_CYTMEM__plas	CPAR2_806580	C00415
R00268__mito	CPAR2_801250	C05379
R00268__mito	CPAR2_209910	C05379
R00100__mito	CPAR2_601800	C00996
R00100__mito	CPAR2_701440	C00996
R00100__mito	CPAR2_500950	C00996
R00100__mito	CPAR2_106840	C00996
R01714__cyto	CPAR2_701850	C01269
TR0015431_CYTMEM__plas	CPAR2_209630	C05980
TR0015431_CYTMEM__plas	CPAR2_105400	C05980
TR0015431_CYTMEM__plas	CPAR2_808970	C05980
R02237__cyto	CPAR2_300450	C00025
R02237__cyto	CPAR2_300450	C00921
R02237__cyto	CPAR2_212740	C00025
R02237__cyto	CPAR2_212740	C00921
TO0000412_CYTMEM__plas	CPAR2_107960	C00526
R05202__cyto	CPAR2_301970	C01204
TR2900126_CYTMEM__plas	CPAR2_103870	C00052
TR2900126_CYTMEM__plas	CPAR2_103870	C01081
R00729__cyto	CPAR2_704320	C00082
TR0000431_CYTMEM__plas	CPAR2_209630	C00550
TR0000431_CYTMEM__plas	CPAR2_105400	C00550
TR0000431_CYTMEM__plas	CPAR2_808970	C00550
R01934__cyto	CPAR2_802940	C05662
TR1000190_CYTMEM__plas	CPAR2_600460	C00221
TR1000190_CYTMEM__plas	CPAR2_802600	C00221
TR1000190_CYTMEM__plas	CPAR2_210080	C00221
TR1000190_CYTMEM__plas	CPAR2_703800	C00221
TR1000190_CYTMEM__plas	CPAR2_210150	C00221
TR1000190_CYTMEM__plas	CPAR2_108340	C00221
TR1000190_CYTMEM__plas	CPAR2_212860	C00221
TR1000190_CYTMEM__plas	CPAR2_600450	C00221
TR1000190_CYTMEM__plas	CPAR2_212850	C00221
TR1000190_CYTMEM__plas	CPAR2_108370	C00221
TR1000190_CYTMEM__plas	CPAR2_108350	C00221
TR1000190_CYTMEM__plas	CPAR2_108210	C00221
TR1000190_CYTMEM__plas	CPAR2_108220	C00221
TR1000190_CYTMEM__plas	CPAR2_108360	C00221
TR1000190_CYTMEM__plas	CPAR2_301390	C00221
R00416__cyto	CPAR2_101180	C04501
R00485__cyto	CPAR2_200620	C00152
TR0011765_CYTMEM__plas	CPAR2_105400	C00865
TR0011765_CYTMEM__plas	CPAR2_601150	C00865
TR0011765_CYTMEM__plas	CPAR2_209630	C00865
TR0011765_CYTMEM__plas	CPAR2_202050	C00865
TR0011765_CYTMEM__plas	CPAR2_808970	C00865
TR0011765_CYTMEM__plas	CPAR2_104620	C00865
R10117__cyto	CPAR2_302650	C20373
R03090__e_r_	CPAR2_500140	C00951
TR2000056_CYTMEM__plas	CPAR2_104260	C00068
R03102__cyto	CPAR2_108400	C04076
TR0016290_CYTMEM__plas	CPAR2_701830	C16502
TR0016290_CYTMEM__plas	CPAR2_400400	C16502
TR0016290_CYTMEM__plas	CPAR2_206490	C16502
R01287__cyto	CPAR2_402160	C01077
R01287__cyto	CPAR2_402160	C00283
R01470__cyto	CPAR2_100810	C01233
R01470__cyto	CPAR2_803790	C01233
R10712__cyto	CPAR2_103480	C20247
R10712__cyto	CPAR2_103480	C04752
TR1001242_CYTMEM__plas	CPAR2_210080	C01801
TR1001242_CYTMEM__plas	CPAR2_210150	C01801
TR1001242_CYTMEM__plas	CPAR2_108340	C01801
TR1001242_CYTMEM__plas	CPAR2_212860	C01801
TR1001242_CYTMEM__plas	CPAR2_212850	C01801
TR1001242_CYTMEM__plas	CPAR2_108370	C01801
TR1001242_CYTMEM__plas	CPAR2_108350	C01801
TR1001242_CYTMEM__plas	CPAR2_108210	C01801
TR1001242_CYTMEM__plas	CPAR2_108220	C01801
TR1001242_CYTMEM__plas	CPAR2_108360	C01801
R00130__cyto	CPAR2_502760	C00882
R00100__cyto	CPAR2_601800	C00996
R00100__cyto	CPAR2_701440	C00996
R00100__cyto	CPAR2_500950	C00996
R00100__cyto	CPAR2_106840	C00996
T_L_Glutamate_c00025_CytoMito__plas	CPAR2_202850	C00025
T__S__Allantoin__plas	CPAR2_209680	C02350
T__S__Allantoin__plas	CPAR2_209700	C02350
T__S__Allantoin__plas	CPAR2_209690	C02350
T__S__Allantoin__plas	CPAR2_502820	C02350
T__S__Allantoin__plas	CPAR2_203890	C02350
T__S__Allantoin__plas	CPAR2_203500	C02350
T__S__Allantoin__plas	CPAR2_203510	C02350
T__S__Allantoin__plas	CPAR2_207250	C02350
T__S__Allantoin__plas	CPAR2_207260	C02350
T__S__Allantoin__plas	CPAR2_102100	C02350
T__S__Allantoin__plas	CPAR2_207270	C02350
R09796__cyto	CPAR2_400420	C00546
R09796__cyto	CPAR2_400560	C00546
R09796__cyto	CPAR2_103080	C00546
TR2002869_CYTMEM__plas	CPAR2_200150	C04712
TR0015531_CYTMEM__plas	CPAR2_105400	C00350
TR0015531_CYTMEM__plas	CPAR2_601150	C00350
TR0015531_CYTMEM__plas	CPAR2_209630	C00350
TR0015531_CYTMEM__plas	CPAR2_202050	C00350
TR0015531_CYTMEM__plas	CPAR2_808970	C00350
TR0015531_CYTMEM__plas	CPAR2_104620	C00350
R02144__cyto	CPAR2_701930	C00386
R04568__cyto	CPAR2_807400	C04688
R04568__cyto	CPAR2_302650	C04688
R00261__cyto	CPAR2_213280	C00025
R00261__cyto	CPAR2_804600	C00025
R00261__cyto	CPAR2_503870	C00025
R00858__cyto	CPAR2_104830	C00094
R00858__cyto	CPAR2_806380	C00094
R00762__cyto	CPAR2_808060	C00354
R01569__cyto	CPAR2_802580	C00364
R05614__mito	CPAR2_602300	C05815
R03444__cyto	CPAR2_205320	C01251
R00885__cyto	CPAR2_807880	C00636
R05052__cyto	CPAR2_701830	C00026
R05052__cyto	CPAR2_701830	C05947
R05052__cyto	CPAR2_400400	C00026
R05052__cyto	CPAR2_400400	C05947
R05052__cyto	CPAR2_206490	C00026
R05052__cyto	CPAR2_206490	C05947
R01068__cyto	CPAR2_401230	C00354
R05553__cyto	CPAR2_212310	C11355
R00480__cyto	CPAR2_500540	C00049
TR2900854_CYTMEM__plas	CPAR2_600780	C00036
TR2900854_CYTMEM__plas	CPAR2_600780	C00149
R01652__cyto	CPAR2_805510	C04236
R00724__cyto	CPAR2_209240	C00074
R01218__mito	CPAR2_302370	C00143
R01843__cyto	CPAR2_703030	C05382
R01843__cyto	CPAR2_101070	C05382
R00483__cyto	CPAR2_805880	C00049
R02053__cyto	CPAR2_403310	C00350
R02053__cyto	CPAR2_209600	C00350
R00418__cyto	CPAR2_106140	C00043
TZ2900052_CYTMEM__plas	CPAR2_806120	C16487
R01845__cyto	CPAR2_808060	C00447
R01845__cyto	CPAR2_104980	C00447
R04711__mito	CPAR2_602300	C05200
TR0002496_CYTMEM__plas	CPAR2_105400	C04036
TR0002496_CYTMEM__plas	CPAR2_207800	C04036
TR0002496_CYTMEM__plas	CPAR2_104620	C04036
TR0002496_CYTMEM__plas	CPAR2_202050	C04036
TR0002496_CYTMEM__plas	CPAR2_601150	C04036
TR0002496_CYTMEM__plas	CPAR2_300920	C04036
TR0002496_CYTMEM__plas	CPAR2_209630	C04036
TR0002496_CYTMEM__plas	CPAR2_808970	C04036
TR0002885_CYTMEM__plas	CPAR2_209630	C04737
TR0002885_CYTMEM__plas	CPAR2_105400	C04737
TR0002885_CYTMEM__plas	CPAR2_808970	C04737
TR0000497_CYTMEM__plas	CPAR2_304300	C00655
TR0000497_CYTMEM__plas	CPAR2_403790	C00655
TR0000497_CYTMEM__plas	CPAR2_213910	C00655
TR0000497_CYTMEM__plas	CPAR2_213310	C00655
TR0000497_CYTMEM__plas	CPAR2_807550	C00655
TR0000497_CYTMEM__plas	CPAR2_104230	C00655
TR0000497_CYTMEM__plas	CPAR2_107420	C00655
TR0000497_CYTMEM__plas	CPAR2_802670	C00655
TR0000497_CYTMEM__plas	CPAR2_103230	C00655
TR0000497_CYTMEM__plas	CPAR2_106230	C00655
TR0000497_CYTMEM__plas	CPAR2_803730	C00655
TR0000497_CYTMEM__plas	CPAR2_107390	C00655
TR0000497_CYTMEM__plas	CPAR2_210000	C00655
TR0000497_CYTMEM__plas	CPAR2_208280	C00655
TR0000497_CYTMEM__plas	CPAR2_602530	C00655
TR0000497_CYTMEM__plas	CPAR2_404650	C00655
TR0000497_CYTMEM__plas	CPAR2_808650	C00655
TR0000497_CYTMEM__plas	CPAR2_206710	C00655
TR0000497_CYTMEM__plas	CPAR2_404940	C00655
TR0000497_CYTMEM__plas	CPAR2_202820	C00655
TR0000497_CYTMEM__plas	CPAR2_205060	C00655
TR0000497_CYTMEM__plas	CPAR2_212290	C00655
TR0000497_CYTMEM__plas	CPAR2_302670	C00655
TR0000497_CYTMEM__plas	CPAR2_702740	C00655
TR0000497_CYTMEM__plas	CPAR2_207840	C00655
TR0000497_CYTMEM__plas	CPAR2_603680	C00655
TR0000497_CYTMEM__plas	CPAR2_403760	C00655
TR0000497_CYTMEM__plas	CPAR2_105250	C00655
TR0000497_CYTMEM__plas	CPAR2_801000	C00655
TR0000497_CYTMEM__plas	CPAR2_404810	C00655
TR0000497_CYTMEM__plas	CPAR2_206400	C00655
TR0000497_CYTMEM__plas	CPAR2_402480	C00655
TR0000497_CYTMEM__plas	CPAR2_800490	C00655
R03139__cyto	CPAR2_211650	C00986
R03139__cyto	CPAR2_104430	C00986
R03417__cyto	CPAR2_601740	C05973
R03417__cyto	CPAR2_701140	C05973
R03417__cyto	CPAR2_804680	C05973
R03417__cyto	CPAR2_601750	C05973
R03417__cyto	CPAR2_501700	C05973
R03417__cyto	CPAR2_808920	C05973
R03417__cyto	CPAR2_701130	C05973
R03417__cyto	CPAR2_601730	C05973
R03417__cyto	CPAR2_601760	C05973
R03417__cyto	CPAR2_701680	C05973
R02332__cyto	CPAR2_404130	C00460
R02332__cyto	CPAR2_404130	C00299
R00667__cyto	CPAR2_402700	C00077
R00667__cyto	CPAR2_402700	C00026
TR0000350_CYTMEM__plas	CPAR2_209630	C00448
TR0000350_CYTMEM__plas	CPAR2_105400	C00448
TR0000350_CYTMEM__plas	CPAR2_808970	C00448
R03504__cyto	CPAR2_303390	C04874
R03857__cyto	CPAR2_807710	C01832
R03857__cyto	CPAR2_807700	C01832
R03857__cyto	CPAR2_807600	C01832
R03857__cyto	CPAR2_807720	C01832
TR0001157_CYTMEM__plas	CPAR2_401600	C01674
TR0001157_CYTMEM__plas	CPAR2_801800	C01674
R01655__mito	CPAR2_204710	C00445
R01655__mito	CPAR2_800600	C00445
R01786__cyto	CPAR2_206020	C00267
R01786__cyto	CPAR2_700080	C00267
R01786__cyto	CPAR2_204260	C00267
R01127__cyto	CPAR2_202250	C00130
R01931__cyto	CPAR2_405170	C00320
R01931__cyto	CPAR2_405170	C00177
R02055__cyto	CPAR2_502630	C02737
R02055__cyto	CPAR2_105940	C02737
R03260__cyto	CPAR2_110340	C00097
R03260__cyto	CPAR2_110340	C01118
R04930__cyto	CPAR2_701500	C05699
R04930__cyto	CPAR2_702140	C05699
R02331__cyto	CPAR2_101390	C01346
R00851__cyto	CPAR2_102320	C00040
R00851__cyto	CPAR2_102320	C00093
R00851__cyto	CPAR2_210650	C00040
R00851__cyto	CPAR2_210650	C00093
R02649__cyto	CPAR2_207610	C00624
R07280__cyto	CPAR2_107590	C04454
R01404__cyto	CPAR2_504100	C00173
R01404__cyto	CPAR2_804560	C00173
R00009__cyto	CPAR2_207780	C00027
R00009__cyto	CPAR2_803850	C00027
R01067__cyto	CPAR2_804740	C00085
R01067__cyto	CPAR2_804740	C00118
R00351__mito	CPAR2_802010	C00024
R00351__mito	CPAR2_802010	C00036
R08181__pero	CPAR2_209830	C03035
R09944__mito	CPAR2_212980	C00063
R09944__mito	CPAR2_212980	C00641
R02422__cyto	CPAR2_213150	C00499
R03291__cyto	CPAR2_402200	C01157
R00572__cyto	CPAR2_209240	C00063
R00572__cyto	CPAR2_209240	C00022
R04378__cyto	CPAR2_214060	C04677
TR0003178_CYTMEM__plas	CPAR2_803540	C05364
R01716__cyto	CPAR2_403110	C00251
R01716__cyto	CPAR2_403110	C00064
R01158__cyto	CPAR2_402720	C00860
R03509__cyto	CPAR2_109570	C04302
TI2000074_CYTMEM__plas	CPAR2_700490	C00087
R04404__mito	CPAR2_806640	C04637
R04404__mito	CPAR2_703270	C04637
TR0012514_CYTMEM__plas	CPAR2_105400	C04308
TR0012514_CYTMEM__plas	CPAR2_601150	C04308
TR0012514_CYTMEM__plas	CPAR2_209630	C04308
TR0012514_CYTMEM__plas	CPAR2_202050	C04308
TR0012514_CYTMEM__plas	CPAR2_808970	C04308
TR0012514_CYTMEM__plas	CPAR2_104620	C04308
R01658__cyto	CPAR2_103950	C00129
R01658__cyto	CPAR2_103950	C00235
R01658__cyto	CPAR2_302840	C00129
R01658__cyto	CPAR2_302840	C00235
TR1003285_CYTMEM__plas	CPAR2_702970	C05528
TR1003285_CYTMEM__plas	CPAR2_702950	C05528
TR1003285_CYTMEM__plas	CPAR2_702940	C05528
TR1003285_CYTMEM__plas	CPAR2_702920	C05528
TR1003285_CYTMEM__plas	CPAR2_702960	C05528
TR0000878_CYTMEM__plas	CPAR2_209630	C01190
TR0000878_CYTMEM__plas	CPAR2_105400	C01190
TR0000878_CYTMEM__plas	CPAR2_808970	C01190
TR2900311_CYTMEM__plas	CPAR2_303940	C00147
R01061__cyto	CPAR2_808670	C00118
TR0001431_CYTMEM__plas	CPAR2_209630	C02112
TR0001431_CYTMEM__plas	CPAR2_105400	C02112
TR0001431_CYTMEM__plas	CPAR2_808970	C02112
R00260__cyto	CPAR2_102940	C00025
TR0000268_CYTMEM__plas	CPAR2_213780	C00320
TR0000268_CYTMEM__plas	CPAR2_103750	C00320
TR0000268_CYTMEM__plas	CPAR2_105050	C00320
TR0000268_CYTMEM__plas	CPAR2_700380	C00320
TR0000268_CYTMEM__plas	CPAR2_302390	C00320
TR0000268_CYTMEM__plas	CPAR2_702380	C00320
TR0000268_CYTMEM__plas	CPAR2_205670	C00320
TR0000268_CYTMEM__plas	CPAR2_106940	C00320
TR0000268_CYTMEM__plas	CPAR2_602600	C00320
TR0000268_CYTMEM__plas	CPAR2_107160	C00320
TR0000268_CYTMEM__plas	CPAR2_301150	C00320
TR0003396_CYTMEM__plas	CPAR2_213780	C05697
TR0003396_CYTMEM__plas	CPAR2_103750	C05697
TR0003396_CYTMEM__plas	CPAR2_105050	C05697
TR0003396_CYTMEM__plas	CPAR2_700380	C05697
TR0003396_CYTMEM__plas	CPAR2_302390	C05697
TR0003396_CYTMEM__plas	CPAR2_702380	C05697
TR0003396_CYTMEM__plas	CPAR2_205670	C05697
TR0003396_CYTMEM__plas	CPAR2_106940	C05697
TR0003396_CYTMEM__plas	CPAR2_602600	C05697
TR0003396_CYTMEM__plas	CPAR2_107160	C05697
TR0003396_CYTMEM__plas	CPAR2_301150	C05697
R02051__cyto	CPAR2_203660	C00350
R00578__cyto	CPAR2_805880	C00049
R00578__cyto	CPAR2_805880	C00064
R10092__cyto	CPAR2_101880	C00288
R11231__cyto	CPAR2_108400	C00450
R09944__cyto	CPAR2_212980	C00063
R09944__cyto	CPAR2_212980	C00641
R09077__cyto	CPAR2_701310	C00315
R08362__cyto	CPAR2_402640	C15498
R08362__cyto	CPAR2_402640	C02090
R08362__cyto	CPAR2_805590	C15498
R08362__cyto	CPAR2_805590	C02090
R08362__cyto	CPAR2_212690	C15498
R08362__cyto	CPAR2_212690	C02090
R08362__cyto	CPAR2_702750	C15498
R08362__cyto	CPAR2_702750	C02090
R08362__cyto	CPAR2_603150	C15498
R08362__cyto	CPAR2_603150	C02090
R08362__cyto	CPAR2_404840	C15498
R08362__cyto	CPAR2_404840	C02090
R08362__cyto	CPAR2_107720	C15498
R08362__cyto	CPAR2_107720	C02090
R08362__cyto	CPAR2_503420	C15498
R08362__cyto	CPAR2_503420	C02090
R08362__cyto	CPAR2_403210	C15498
R08362__cyto	CPAR2_403210	C02090
R00139__cyto	CPAR2_101390	C11038
R04065__cyto	CPAR2_702980	C05130
R04065__cyto	CPAR2_109500	C05130
R04065__cyto	CPAR2_203980	C05130
R00267__pero	CPAR2_801250	C00311
R00267__pero	CPAR2_209910	C00311
TR0013383_CYTMEM__plas	CPAR2_105400	C11554
TR0013383_CYTMEM__plas	CPAR2_601150	C11554
TR0013383_CYTMEM__plas	CPAR2_209630	C11554
TR0013383_CYTMEM__plas	CPAR2_202050	C11554
TR0013383_CYTMEM__plas	CPAR2_808970	C11554
TR0013383_CYTMEM__plas	CPAR2_104620	C11554
R00299__cyto	CPAR2_206020	C00031
R00299__cyto	CPAR2_700080	C00031
R00299__cyto	CPAR2_204260	C00031
TR2900177_CYTMEM__plas	CPAR2_103870	C00029
TR2900177_CYTMEM__plas	CPAR2_103870	C01081
TR0003641_CYTMEM__plas	CPAR2_206490	C06103
TR0003641_CYTMEM__plas	CPAR2_105400	C06103
TR0003641_CYTMEM__plas	CPAR2_701830	C06103
TR0003641_CYTMEM__plas	CPAR2_400400	C06103
TR0003641_CYTMEM__plas	CPAR2_209630	C06103
TR0003641_CYTMEM__plas	CPAR2_808970	C06103
TZ2900041_CYTMEM__plas	CPAR2_806120	C00088
R00509__cyto	CPAR2_304080	C00224
R03947__cyto	CPAR2_808950	C02463
R03947__cyto	CPAR2_210690	C02463
TO1009049_CYTMEM__plas	CPAR2_800720	C12270
TO1009049_CYTMEM__plas	CPAR2_800240	C12270
TO1009049_CYTMEM__plas	CPAR2_701630	C12270
TO1009049_CYTMEM__plas	CPAR2_600090	C12270
TO1009049_CYTMEM__plas	CPAR2_301860	C12270
TO1009049_CYTMEM__plas	CPAR2_402140	C12270
TO1009049_CYTMEM__plas	CPAR2_800230	C12270
R08648__mito	CPAR2_406240	C00022
R08648__mito	CPAR2_406240	C00109
R01715__cyto	CPAR2_208090	C00251
R04620__cyto	CPAR2_804230	C04895
R04620__cyto	CPAR2_804420	C04895
R04620__cyto	CPAR2_804250	C04895
TO1000059_CYTMEM__plas	CPAR2_201790	C00072
TO1000059_CYTMEM__plas	CPAR2_201900	C00072
TO1000059_CYTMEM__plas	CPAR2_806580	C00072
R00078__cyto	CPAR2_302320	C14818
TR0000028_CYTMEM__plas	CPAR2_204300	C00032
TR0006277_CYTMEM__plas	CPAR2_209630	C09382
TR0006277_CYTMEM__plas	CPAR2_105400	C09382
TR0006277_CYTMEM__plas	CPAR2_808970	C09382
R01561__cyto	CPAR2_103240	C00212
TO1000215_CYTMEM__plas	CPAR2_201790	C00250
TO1000215_CYTMEM__plas	CPAR2_201900	C00250
TO1000215_CYTMEM__plas	CPAR2_806580	C00250
R07281__cyto	CPAR2_700750	C00199
R01281__cyto	CPAR2_700230	C00065
R01281__cyto	CPAR2_700230	C00154
R01281__cyto	CPAR2_205530	C00065
R01281__cyto	CPAR2_205530	C00154
R11232__cyto	CPAR2_108400	C00450
R07934__cyto	CPAR2_807710	C16168
R07934__cyto	CPAR2_807700	C16168
R07934__cyto	CPAR2_807600	C16168
R07934__cyto	CPAR2_807720	C16168
R02147__cyto	CPAR2_103240	C00387
R01123__cyto	CPAR2_401630	C00129
R09449__cyto	CPAR2_110100	C20879
TO0002511_CYTMEM__plas	CPAR2_107960	C04058
R01939__cyto	CPAR2_213450	C00956
R01939__cyto	CPAR2_213450	C00026
TO1000277_CYTMEM__plas	CPAR2_209780	C00330
R08183__pero	CPAR2_209830	C02249
R01936__cyto	CPAR2_802940	C05533
R02702__cyto	CPAR2_100040	C00643
TR0000021_CYTMEM__plas	CPAR2_213780	C14818
TR0000021_CYTMEM__plas	CPAR2_405240	C14818
TR0000021_CYTMEM__plas	CPAR2_103750	C14818
TR0000021_CYTMEM__plas	CPAR2_105050	C14818
TR0000021_CYTMEM__plas	CPAR2_805710	C14818
TR0000021_CYTMEM__plas	CPAR2_203880	C14818
TR0000021_CYTMEM__plas	CPAR2_302390	C14818
TR0000021_CYTMEM__plas	CPAR2_205670	C14818
TR0000021_CYTMEM__plas	CPAR2_106940	C14818
TR0000021_CYTMEM__plas	CPAR2_702380	C14818
TR0000021_CYTMEM__plas	CPAR2_602600	C14818
TR0000021_CYTMEM__plas	CPAR2_803500	C14818
TR0000021_CYTMEM__plas	CPAR2_204300	C14818
TR0000021_CYTMEM__plas	CPAR2_206320	C14818
TR0000021_CYTMEM__plas	CPAR2_403610	C14818
TR0000021_CYTMEM__plas	CPAR2_700380	C14818
TR0000021_CYTMEM__plas	CPAR2_103640	C14818
TR0000021_CYTMEM__plas	CPAR2_102220	C14818
TR0000021_CYTMEM__plas	CPAR2_301150	C14818
R01878__cyto	CPAR2_302050	C00475
R00573__cyto	CPAR2_100620	C00064
R08180__pero	CPAR2_209830	C16169
TO1000226_CYTMEM__plas	CPAR2_201790	C00262
TO1000226_CYTMEM__plas	CPAR2_201900	C00262
TO1000226_CYTMEM__plas	CPAR2_806580	C00262
TR0012554_CYTMEM__plas	CPAR2_105400	C04475
TR0012554_CYTMEM__plas	CPAR2_601150	C04475
TR0012554_CYTMEM__plas	CPAR2_209630	C04475
TR0012554_CYTMEM__plas	CPAR2_202050	C04475
TR0012554_CYTMEM__plas	CPAR2_808970	C04475
TR0012554_CYTMEM__plas	CPAR2_104620	C04475
TR2900244_CYTMEM__plas	CPAR2_103870	C00178
TR2900244_CYTMEM__plas	CPAR2_103870	C01081
R02864__cyto	CPAR2_808950	C00748
R02864__cyto	CPAR2_210690	C00748
R04560__cyto	CPAR2_202250	C04677
R04560__cyto	CPAR2_202250	C00234
R08182__pero	CPAR2_209830	C03595
R02425__cyto	CPAR2_504110	C02350
R02425__cyto	CPAR2_503590	C02350
TO1000048_CYTMEM__plas	CPAR2_702180	C00059
TO1000048_CYTMEM__plas	CPAR2_101880	C00059
TO1000048_CYTMEM__plas	CPAR2_803100	C00059
TO1000048_CYTMEM__plas	CPAR2_400120	C00059
TO1000048_CYTMEM__plas	CPAR2_700050	C00059
R10686__cyto	CPAR2_701260	C00135
R10686__cyto	CPAR2_701260	C00018
R00137__mito	CPAR2_202640	C00455
R00137__mito	CPAR2_800370	C00455
R00575__cyto	CPAR2_401060	C00064
R00575__cyto	CPAR2_401060	C00288
R00575__cyto	CPAR2_203160	C00064
R00575__cyto	CPAR2_203160	C00288
R00575__cyto	CPAR2_803010	C00064
R00575__cyto	CPAR2_803010	C00288
R02865__cyto	CPAR2_206020	C00794
R02865__cyto	CPAR2_700080	C00794
R02865__cyto	CPAR2_204260	C00794
R01121__cyto	CPAR2_109530	C01143
R00355__cyto	CPAR2_701830	C00026
R00355__cyto	CPAR2_701830	C00049
R00355__cyto	CPAR2_400400	C00026
R00355__cyto	CPAR2_400400	C00049
R00355__cyto	CPAR2_206490	C00026
R00355__cyto	CPAR2_206490	C00049
TR2900876_CYTMEM__plas	CPAR2_600780	C00036
TR0000150_CYTMEM__plas	CPAR2_213780	C00177
TR0000150_CYTMEM__plas	CPAR2_103750	C00177
TR0000150_CYTMEM__plas	CPAR2_105050	C00177
TR0000150_CYTMEM__plas	CPAR2_700380	C00177
TR0000150_CYTMEM__plas	CPAR2_302390	C00177
TR0000150_CYTMEM__plas	CPAR2_702380	C00177
TR0000150_CYTMEM__plas	CPAR2_205670	C00177
TR0000150_CYTMEM__plas	CPAR2_106940	C00177
TR0000150_CYTMEM__plas	CPAR2_602600	C00177
TR0000150_CYTMEM__plas	CPAR2_107160	C00177
TR0000150_CYTMEM__plas	CPAR2_301150	C00177
TO1000304_CYTMEM__plas	CPAR2_201790	C00376
TO1000304_CYTMEM__plas	CPAR2_201900	C00376
TO1000304_CYTMEM__plas	CPAR2_806580	C00376
