reaction	gene	substrate_kegg
R00894__cyto	XP_085453936.1	C00025
R00894__cyto	XP_085453936.1	C00097
R03416__mito	XP_085453396.1	C04438
R03936__cyto	XP_085453106.1	C02700
R00658__cyto	XP_085453107.1	C00631
R00763__cyto	XP_085452195.1	C00665
R00763__cyto	XP_085455657.1	C00665
R00763__cyto	XP_085450454.1	C00665
R00763__cyto	XP_085455705.1	C00665
R00763__cyto	XP_085454014.1	C00665
R00763__cyto	XP_085455684.1	C00665
R00763__cyto	XP_085450809.1	C00665
R12120__cyto	XP_085452763.1	C03024
R12120__cyto	XP_085452763.1	C21920
R08657__mito	XP_085454125.1	C01967
R08657__mito	XP_085454125.1	C00093
R04355__cyto	XP_085450519.1	C01209
R04355__cyto	XP_085450519.1	C03939
R04355__cyto	XP_085450368.1	C01209
R04355__cyto	XP_085450368.1	C03939
R04591__cyto	XP_085454692.1	C04751
R04591__cyto	XP_085454692.1	C00049
R02485__cyto	XP_085455436.1	C00881
R00527__cyto	XP_085453380.1	C01031
R02590__cyto	XP_085450973.1	C06459
R02590__cyto	XP_085450973.1	C00063
R01351__cyto	XP_085452095.1	C01885
R03893__cyto	XP_085450431.1	C04431
R00489__cyto	XP_085453922.1	C00049
R00489__cyto	XP_085454568.1	C00049
R03352__cyto	XP_085451777.1	C04047
R03352__cyto	XP_085454314.1	C04047
R03352__cyto	XP_085453593.1	C04047
R04726__pero	XP_085450519.1	C01209
R04726__pero	XP_085450519.1	C05223
R04726__pero	XP_085450368.1	C01209
R04726__pero	XP_085450368.1	C05223
R00848__mito	XP_085454125.1	C00093
R07895__cyto	XP_085452799.1	C16335
R07895__cyto	XP_085452799.1	C00024
R01072__cyto	XP_085450394.1	C00119
R01072__cyto	XP_085450394.1	C00064
R01187__cyto	XP_085452195.1	C04006
R01187__cyto	XP_085455657.1	C04006
R01187__cyto	XP_085450454.1	C04006
R01187__cyto	XP_085455705.1	C04006
R01187__cyto	XP_085454014.1	C04006
R01187__cyto	XP_085455684.1	C04006
R01187__cyto	XP_085450809.1	C04006
R02464__cyto	XP_085452156.1	C01120
R00548__cyto	XP_085455287.1	C00061
R00548__cyto	XP_085452803.1	C00061
R00768__cyto	XP_085454342.1	C00085
R00768__cyto	XP_085454342.1	C00064
R00243__cyto	XP_085450770.1	C00025
R03293__cyto	XP_085455185.1	C01157
R04639__cyto	XP_085450867.1	C06148
R03657__cyto	XP_085454092.1	C01645
R03657__cyto	XP_085454092.1	C00123
R03657__cyto	XP_085453037.1	C01645
R03657__cyto	XP_085453037.1	C00123
R01466__cyto	XP_085451280.1	C01102
R03652__cyto	XP_085454975.1	C01640
R03652__cyto	XP_085454975.1	C00064
R02295__cyto	XP_085452422.1	C05841
R09419__cyto	XP_085453332.1	C00040
R09419__cyto	XP_085453332.1	C00083
R09419__cyto	XP_085455607.1	C00040
R09419__cyto	XP_085455607.1	C00083
R09076__cyto	XP_085451092.1	C00750
R07764__cyto	XP_085452695.1	C16220
R07764__cyto	XP_085454552.1	C16220
R07764__cyto	XP_085454029.1	C16220
R00827__cyto	XP_085453724.1	C00090
R00827__cyto	XP_085453181.1	C00090
R00827__cyto	XP_085453159.1	C00090
R00827__cyto	XP_085452032.1	C00090
R00827__cyto	XP_085454829.1	C00090
R00827__cyto	XP_085455431.1	C00090
R00827__cyto	XP_085454410.1	C00090
R00827__cyto	XP_085454129.1	C00090
R00827__cyto	XP_085454643.1	C00090
R00827__cyto	XP_085454636.1	C00090
R00827__cyto	XP_085454277.1	C00090
R00827__cyto	XP_085452734.1	C00090
R00827__cyto	XP_085452745.1	C00090
R00827__cyto	XP_085454330.1	C00090
R02249__cyto	XP_085452195.1	C03475
R02249__cyto	XP_085455657.1	C03475
R02249__cyto	XP_085450454.1	C03475
R02249__cyto	XP_085455705.1	C03475
R02249__cyto	XP_085454014.1	C03475
R02249__cyto	XP_085455684.1	C03475
R02249__cyto	XP_085450809.1	C03475
R03357__cyto	XP_085454179.1	C04036
R03357__cyto	XP_085454535.1	C04036
R03357__cyto	XP_085454953.1	C04036
R03357__cyto	XP_085450463.1	C04036
R03357__cyto	XP_085455215.1	C04036
R03357__cyto	XP_085454977.1	C04036
R03357__cyto	XP_085454552.1	C04036
R02874__cyto	XP_085453095.1	C03024
R02874__cyto	XP_085453095.1	C00751
R00248__cyto	XP_085453432.1	C00025
R00248__cyto	XP_085453556.1	C00025
R01372__cyto	XP_085452075.1	C00166
R08310__cyto	XP_085454475.1	C16595
R08310__cyto	XP_085455283.1	C16595
R08310__cyto	XP_085455234.1	C16595
R08310__cyto	XP_085450897.1	C16595
R02003__cyto	XP_085454813.1	C00129
R02003__cyto	XP_085454813.1	C00341
R02003__cyto	XP_085453885.1	C00129
R02003__cyto	XP_085453885.1	C00341
R04955__cyto	XP_085451602.1	C05748
R00674__cyto	XP_085455034.1	C00463
R00674__cyto	XP_085455034.1	C00065
R07070__cyto	XP_085452146.1	C00051
R07070__cyto	XP_085452146.1	C14840
R07070__cyto	XP_085455726.1	C00051
R07070__cyto	XP_085455726.1	C14840
R07070__cyto	XP_085452152.1	C00051
R07070__cyto	XP_085452152.1	C14840
R07070__cyto	XP_085452493.1	C00051
R07070__cyto	XP_085452493.1	C14840
R02849__cyto	XP_085450664.1	C00738
R02849__cyto	XP_085450664.1	C00081
R02849__cyto	XP_085455502.1	C00738
R02849__cyto	XP_085455502.1	C00081
R02849__cyto	XP_085451463.1	C00738
R02849__cyto	XP_085451463.1	C00081
R02849__cyto	XP_085451797.1	C00738
R02849__cyto	XP_085451797.1	C00081
R02413__cyto	XP_085452194.1	C00493
R01398__cyto	XP_085451380.1	C00077
R01398__cyto	XP_085451380.1	C00169
R04208__cyto	XP_085453937.1	C04640
R12366__cyto	XP_085453729.1	C22111
R12366__cyto	XP_085454953.1	C22111
R12366__cyto	XP_085454977.1	C22111
R12366__cyto	XP_085454552.1	C22111
R12366__cyto	XP_085454179.1	C22111
R01030__cyto	XP_085450963.1	C00670
R08306__mito	XP_085454475.1	C16586
R08306__mito	XP_085455283.1	C16586
R08306__mito	XP_085455234.1	C16586
R08306__mito	XP_085450897.1	C16586
R00264__cyto	XP_085453865.1	C00433
R00264__cyto	XP_085452122.1	C00433
R00264__cyto	XP_085454779.1	C00433
R03416__cyto	XP_085453396.1	C04438
R08551__cyto	XP_085451293.1	C03161
R01956__cyto	XP_085455643.1	C00328
R01956__cyto	XP_085455643.1	C00026
R02722__cyto	XP_085455034.1	C03506
R02722__cyto	XP_085455034.1	C00065
R00220__pero	XP_085454794.1	C00065
R00220__pero	XP_085452883.1	C00065
R00220__pero	XP_085454743.1	C00065
R02549__cyto	XP_085453865.1	C00555
R02549__cyto	XP_085452122.1	C00555
R02549__cyto	XP_085454779.1	C00555
R02029__mito	XP_085451970.1	C03892
R02739__cyto	XP_085453621.1	C00668
R02739__cyto	XP_085451881.1	C00668
R08221__cyto	XP_085455436.1	C16635
R00351__pero	XP_085454362.1	C00024
R00351__pero	XP_085454362.1	C00036
R08310__mito	XP_085454475.1	C16595
R08310__mito	XP_085455283.1	C16595
R08310__mito	XP_085455234.1	C16595
R08310__mito	XP_085450897.1	C16595
R01330__cyto	XP_085450664.1	C00159
R01330__cyto	XP_085455502.1	C00159
R01330__cyto	XP_085451463.1	C00159
R01330__cyto	XP_085451797.1	C00159
R01626__mito	XP_085452617.1	C00229
R01626__mito	XP_085452617.1	C00083
R05801__cyto	XP_085451463.1	C11555
R00227__cyto	XP_085451777.1	C00024
R00227__cyto	XP_085454314.1	C00024
R01220__mito	XP_085454386.1	C00143
R01220__mito	XP_085451695.1	C00143
R02439__mito	XP_085451463.1	C00508
R02746__pero	XP_085453396.1	C04230
R01288__cyto	XP_085454910.1	C00283
R01288__cyto	XP_085454910.1	C01118
R07396__cyto	XP_085453977.1	C01180
R07396__cyto	XP_085453977.1	C00025
R04566__cyto	XP_085454552.1	C04688
R04566__cyto	XP_085450519.1	C04688
R02853__cyto	XP_085451463.1	C02532
R03036__cyto	XP_085452160.1	C00882
R03036__cyto	XP_085451333.1	C00882
R03036__cyto	XP_085451775.1	C00882
R03036__cyto	XP_085450966.1	C00882
R08162__cyto	XP_085451777.1	C16520
R08162__cyto	XP_085454314.1	C16520
R05002__cyto	XP_085454260.1	C05860
R05002__cyto	XP_085454260.1	C00096
R05002__cyto	XP_085453766.1	C05860
R05002__cyto	XP_085453766.1	C00096
R05002__cyto	XP_085450476.1	C05860
R05002__cyto	XP_085450476.1	C00096
R05002__cyto	XP_085452828.1	C05860
R05002__cyto	XP_085452828.1	C00096
R05002__cyto	XP_085451816.1	C05860
R05002__cyto	XP_085451816.1	C00096
R05002__cyto	XP_085455049.1	C05860
R05002__cyto	XP_085455049.1	C00096
R05002__cyto	XP_085452971.1	C05860
R05002__cyto	XP_085452971.1	C00096
R05002__cyto	XP_085455383.1	C05860
R05002__cyto	XP_085455383.1	C00096
R05002__cyto	XP_085453785.1	C05860
R05002__cyto	XP_085453785.1	C00096
R05002__cyto	XP_085453996.1	C05860
R05002__cyto	XP_085453996.1	C00096
R05002__cyto	XP_085455513.1	C05860
R05002__cyto	XP_085455513.1	C00096
R05002__cyto	XP_085453727.1	C05860
R05002__cyto	XP_085453727.1	C00096
R05002__cyto	XP_085451234.1	C05860
R05002__cyto	XP_085451234.1	C00096
R05002__cyto	XP_085451607.1	C05860
R05002__cyto	XP_085451607.1	C00096
R05002__cyto	XP_085453235.1	C05860
R05002__cyto	XP_085453235.1	C00096
R05002__cyto	XP_085453771.1	C05860
R05002__cyto	XP_085453771.1	C00096
R05002__cyto	XP_085454233.1	C05860
R05002__cyto	XP_085454233.1	C00096
R05002__cyto	XP_085452712.1	C05860
R05002__cyto	XP_085452712.1	C00096
R05002__cyto	XP_085454714.1	C05860
R05002__cyto	XP_085454714.1	C00096
R05002__cyto	XP_085455241.1	C05860
R05002__cyto	XP_085455241.1	C00096
R05002__cyto	XP_085452223.1	C05860
R05002__cyto	XP_085452223.1	C00096
R05002__cyto	XP_085455138.1	C05860
R05002__cyto	XP_085455138.1	C00096
R05002__cyto	XP_085454783.1	C05860
R05002__cyto	XP_085454783.1	C00096
R05002__cyto	XP_085454748.1	C05860
R05002__cyto	XP_085454748.1	C00096
R05002__cyto	XP_085453213.1	C05860
R05002__cyto	XP_085453213.1	C00096
R05002__cyto	XP_085450896.1	C05860
R05002__cyto	XP_085450896.1	C00096
R05002__cyto	XP_085452819.1	C05860
R05002__cyto	XP_085452819.1	C00096
R05002__cyto	XP_085454232.1	C05860
R05002__cyto	XP_085454232.1	C00096
R01960__cyto	XP_085451597.1	C00328
R11216__cyto	XP_085454671.1	C00613
R11216__cyto	XP_085454804.1	C00613
R02113__cyto	XP_085454260.1	C00029
R02113__cyto	XP_085454260.1	C00370
R02113__cyto	XP_085453766.1	C00029
R02113__cyto	XP_085453766.1	C00370
R02113__cyto	XP_085450476.1	C00029
R02113__cyto	XP_085450476.1	C00370
R02113__cyto	XP_085452828.1	C00029
R02113__cyto	XP_085452828.1	C00370
R02113__cyto	XP_085451816.1	C00029
R02113__cyto	XP_085451816.1	C00370
R02113__cyto	XP_085455049.1	C00029
R02113__cyto	XP_085455049.1	C00370
R02113__cyto	XP_085452971.1	C00029
R02113__cyto	XP_085452971.1	C00370
R02113__cyto	XP_085453785.1	C00029
R02113__cyto	XP_085453785.1	C00370
R02113__cyto	XP_085453996.1	C00029
R02113__cyto	XP_085453996.1	C00370
R02113__cyto	XP_085455513.1	C00029
R02113__cyto	XP_085455513.1	C00370
R02113__cyto	XP_085453727.1	C00029
R02113__cyto	XP_085453727.1	C00370
R02113__cyto	XP_085451234.1	C00029
R02113__cyto	XP_085451234.1	C00370
R02113__cyto	XP_085451607.1	C00029
R02113__cyto	XP_085451607.1	C00370
R02113__cyto	XP_085453235.1	C00029
R02113__cyto	XP_085453235.1	C00370
R02113__cyto	XP_085453771.1	C00029
R02113__cyto	XP_085453771.1	C00370
R02113__cyto	XP_085454233.1	C00029
R02113__cyto	XP_085454233.1	C00370
R02113__cyto	XP_085454414.1	C00029
R02113__cyto	XP_085454414.1	C00370
R02113__cyto	XP_085452712.1	C00029
R02113__cyto	XP_085452712.1	C00370
R02113__cyto	XP_085454714.1	C00029
R02113__cyto	XP_085454714.1	C00370
R02113__cyto	XP_085455241.1	C00029
R02113__cyto	XP_085455241.1	C00370
R02113__cyto	XP_085452223.1	C00029
R02113__cyto	XP_085452223.1	C00370
R02113__cyto	XP_085455138.1	C00029
R02113__cyto	XP_085455138.1	C00370
R02113__cyto	XP_085454783.1	C00029
R02113__cyto	XP_085454783.1	C00370
R02113__cyto	XP_085454748.1	C00029
R02113__cyto	XP_085454748.1	C00370
R02113__cyto	XP_085453213.1	C00029
R02113__cyto	XP_085453213.1	C00370
R02113__cyto	XP_085450896.1	C00029
R02113__cyto	XP_085450896.1	C00370
R02113__cyto	XP_085452819.1	C00029
R02113__cyto	XP_085452819.1	C00370
R02113__cyto	XP_085454232.1	C00029
R02113__cyto	XP_085454232.1	C00370
R01051__cyto	XP_085455608.1	C00121
R00974__cyto	XP_085451960.1	C00380
R03661__cyto	XP_085455176.1	C00148
R03661__cyto	XP_085455176.1	C01649
R03661__cyto	XP_085452264.1	C00148
R03661__cyto	XP_085452264.1	C01649
R00344__mito	XP_085451772.1	C00022
R00344__mito	XP_085451772.1	C00288
R07024__cyto	XP_085452146.1	C14802
R07024__cyto	XP_085452146.1	C00051
R07024__cyto	XP_085455726.1	C14802
R07024__cyto	XP_085455726.1	C00051
R07024__cyto	XP_085452152.1	C14802
R07024__cyto	XP_085452152.1	C00051
R07024__cyto	XP_085452493.1	C14802
R07024__cyto	XP_085452493.1	C00051
R00278__cyto	XP_085451419.1	C00627
R00278__cyto	XP_085453664.1	C00627
R04430__cyto	XP_085451602.1	C04246
R04430__cyto	XP_085452617.1	C04246
R07084__cyto	XP_085452146.1	C00051
R07084__cyto	XP_085452146.1	C14852
R07084__cyto	XP_085455726.1	C00051
R07084__cyto	XP_085455726.1	C14852
R07084__cyto	XP_085452152.1	C00051
R07084__cyto	XP_085452152.1	C14852
R07084__cyto	XP_085452493.1	C00051
R07084__cyto	XP_085452493.1	C14852
R01965__cyto	XP_085451923.1	C00329
R01965__cyto	XP_085451224.1	C00329
R02558__cyto	XP_085453992.1	C00844
R02558__cyto	XP_085452137.1	C00844
R02558__cyto	XP_085450344.1	C00844
R02017__cyto	XP_085451684.1	C00342
R02017__cyto	XP_085451185.1	C00342
R02017__cyto	XP_085451545.1	C00342
R00602__cyto	XP_085450402.1	C00027
R00602__cyto	XP_085450402.1	C00132
R04964__cyto	XP_085454552.1	C05757
R04964__cyto	XP_085450519.1	C05757
R01736__cyto	XP_085453499.1	C03451
R01626__cyto	XP_085452617.1	C00229
R01626__cyto	XP_085452617.1	C00083
R05733__cyto	XP_085453196.1	C04814
R05733__cyto	XP_085453196.1	C00999
R04969__cyto	XP_085451602.1	C05763
R01209__mito	XP_085452854.1	C04039
R00316__cyto	XP_085455661.1	C00033
R00316__cyto	XP_085455048.1	C00033
R03601__cyto	XP_085451991.1	C01528
R03601__cyto	XP_085451991.1	C00979
R08120__cyto	XP_085450431.1	C16477
R00390__cyto	XP_085454469.1	C00162
R01600__cyto	XP_085450664.1	C00221
R01600__cyto	XP_085455502.1	C00221
R01600__cyto	XP_085451797.1	C00221
R01710__cyto	XP_085451419.1	C00534
R01710__cyto	XP_085453664.1	C00534
R03217__cyto	XP_085454910.1	C01077
R03217__cyto	XP_085454910.1	C00097
R07134__cyto	XP_085453199.1	C01904
R12188__cyto	XP_085453974.1	C02882
R02670__cyto	XP_085450402.1	C00632
R04533__cyto	XP_085454552.1	C04618
R04533__cyto	XP_085450519.1	C04618
R02024__cyto	XP_085451684.1	C00342
R02024__cyto	XP_085451185.1	C00342
R02024__cyto	XP_085451545.1	C00342
R04859__cyto	XP_085455189.1	C00342
R04859__cyto	XP_085455189.1	C00979
R04859__cyto	XP_085455189.1	C00320
R04859__cyto	XP_085451991.1	C00342
R04859__cyto	XP_085451991.1	C00979
R04859__cyto	XP_085451991.1	C00320
R00988__cyto	XP_085454750.1	C05653
R10065__cyto	XP_085451463.1	C01245
R11216__mito	XP_085454671.1	C00613
R11216__mito	XP_085454804.1	C00613
R04371__cyto	XP_085454083.1	C05662
R07091__cyto	XP_085452146.1	C14858
R07091__cyto	XP_085452146.1	C00051
R07091__cyto	XP_085455726.1	C14858
R07091__cyto	XP_085455726.1	C00051
R07091__cyto	XP_085452152.1	C14858
R07091__cyto	XP_085452152.1	C00051
R07091__cyto	XP_085452493.1	C14858
R07091__cyto	XP_085452493.1	C00051
R01431__cyto	XP_085453625.1	C00379
R01431__cyto	XP_085454953.1	C00379
R01321__cyto	XP_085452120.1	C00641
R01321__cyto	XP_085452120.1	C00307
R07406__cyto	XP_085454179.1	C07335
R07406__cyto	XP_085454977.1	C07335
R07406__cyto	XP_085454552.1	C07335
R07406__cyto	XP_085454953.1	C07335
R09882__mito	XP_085452160.1	C04058
R09882__mito	XP_085451333.1	C04058
R09882__mito	XP_085451775.1	C04058
R09882__mito	XP_085450966.1	C04058
R00227__mito	XP_085451777.1	C00024
R00227__mito	XP_085454314.1	C00024
R10928__cyto	XP_085452195.1	C11556
R10928__cyto	XP_085455657.1	C11556
R10928__cyto	XP_085450454.1	C11556
R10928__cyto	XP_085455705.1	C11556
R10928__cyto	XP_085454014.1	C11556
R10928__cyto	XP_085455684.1	C11556
R10928__cyto	XP_085450809.1	C11556
R03648__cyto	XP_085452262.1	C00152
R03648__cyto	XP_085452262.1	C01637
R03648__cyto	XP_085452265.1	C00152
R03648__cyto	XP_085452265.1	C01637
R05616__cyto	XP_085450702.1	C01230
R05616__cyto	XP_085450702.1	C00156
R01799__mito	XP_085454807.1	C00063
R01799__mito	XP_085454807.1	C00416
R09376__cyto	XP_085455606.1	C01304
R11101__cyto	XP_085454794.1	C17234
R11101__cyto	XP_085452883.1	C17234
R11101__cyto	XP_085454743.1	C17234
R00772__cyto	XP_085450493.1	C00275
R02059__cyto	XP_085455504.1	C00357
R01698__mito	XP_085453784.1	C00579
R04751__cyto	XP_085454068.1	C05270
R04751__cyto	XP_085454067.1	C05270
R04751__cyto	XP_085455297.1	C05270
R00937__mito	XP_085453666.1	C00101
R11312__cyto	XP_085452528.1	C20246
R11312__cyto	XP_085452528.1	C04752
R02404__mito	XP_085453468.1	C00490
R05510__cyto	XP_085450431.1	C07090
R09477__cyto	XP_085453625.1	C00379
R04430__mito	XP_085451602.1	C04246
R04430__mito	XP_085452617.1	C04246
R05168__cyto	XP_085452271.1	C06376
R05168__cyto	XP_085455504.1	C06376
R05168__cyto	XP_085451876.1	C06376
R05168__cyto	XP_085454571.1	C06376
R04920__cyto	XP_085452120.1	C00641
R04920__cyto	XP_085452120.1	C05673
R02235__mito	XP_085453666.1	C00415
R05506__cyto	XP_085452466.1	C07118
R05506__cyto	XP_085454730.1	C07118
R05506__cyto	XP_085453932.1	C07118
R05506__cyto	XP_085454717.1	C07118
R05506__cyto	XP_085451384.1	C07118
R05506__cyto	XP_085453589.1	C07118
R05506__cyto	XP_085452048.1	C07118
R05506__cyto	XP_085452799.1	C07118
R05506__cyto	XP_085451779.1	C07118
R04144__cyto	XP_085453937.1	C00037
R04144__cyto	XP_085453937.1	C03090
R03758__cyto	XP_085454179.1	C03508
R03758__cyto	XP_085454977.1	C03508
R03758__cyto	XP_085454552.1	C03508
R03758__cyto	XP_085454953.1	C03508
R00708__cyto	XP_085450883.1	C03912
R01279__pero	XP_085454068.1	C00154
R01279__pero	XP_085454067.1	C00154
R01279__pero	XP_085455297.1	C00154
R10170__cyto	XP_085451363.1	C04411
R05234__cyto	XP_085454475.1	C06612
R05234__cyto	XP_085455283.1	C06612
R05234__cyto	XP_085455234.1	C06612
R05234__cyto	XP_085450897.1	C06612
R03158__cyto	XP_085453593.1	C01013
R12404__cyto	XP_085453729.1	C22112
R10115__cyto	XP_085450368.1	C01209
R10115__cyto	XP_085450368.1	C19673
R02668__cyto	XP_085453106.1	C03227
R10548__cyto	XP_085454781.1	C11174
R12399__cyto	XP_085450818.1	C22121
R12399__cyto	XP_085454953.1	C22121
R12399__cyto	XP_085454977.1	C22121
R12399__cyto	XP_085454552.1	C22121
R12399__cyto	XP_085454179.1	C22121
R03492__cyto	XP_085451923.1	C06135
R03492__cyto	XP_085454379.1	C06135
R03492__cyto	XP_085451224.1	C06135
R00332__cyto	XP_085450594.1	C00144
R12024__mito	XP_085453656.1	C21858
R01752__cyto	XP_085453865.1	C00577
R01752__cyto	XP_085452122.1	C00577
R01752__cyto	XP_085454779.1	C00577
R04582__cyto	XP_085450700.1	C00120
R04582__cyto	XP_085450700.1	C04763
R04967__mito	XP_085451602.1	C05760
R04967__mito	XP_085452617.1	C05760
R02617__cyto	XP_085455518.1	C00040
R02617__cyto	XP_085455518.1	C00093
R02617__cyto	XP_085452466.1	C00040
R02617__cyto	XP_085452466.1	C00093
R02617__cyto	XP_085454730.1	C00040
R02617__cyto	XP_085454730.1	C00093
R02617__cyto	XP_085453932.1	C00040
R02617__cyto	XP_085453932.1	C00093
R02617__cyto	XP_085454717.1	C00040
R02617__cyto	XP_085454717.1	C00093
R02617__cyto	XP_085450632.1	C00040
R02617__cyto	XP_085450632.1	C00093
R02617__cyto	XP_085451384.1	C00040
R02617__cyto	XP_085451384.1	C00093
R02617__cyto	XP_085453589.1	C00040
R02617__cyto	XP_085453589.1	C00093
R02617__cyto	XP_085452048.1	C00040
R02617__cyto	XP_085452048.1	C00093
R02617__cyto	XP_085452336.1	C00040
R02617__cyto	XP_085452336.1	C00093
R02617__cyto	XP_085454551.1	C00040
R02617__cyto	XP_085454551.1	C00093
R02617__cyto	XP_085451779.1	C00040
R02617__cyto	XP_085451779.1	C00093
R01086__cyto	XP_085452266.1	C03406
R10056__cyto	XP_085453903.1	C00026
R10056__cyto	XP_085453903.1	C05545
R10056__cyto	XP_085452437.1	C00026
R10056__cyto	XP_085452437.1	C05545
R10056__cyto	XP_085452147.1	C00026
R10056__cyto	XP_085452147.1	C05545
R10056__cyto	XP_085451418.1	C00026
R10056__cyto	XP_085451418.1	C05545
R10056__cyto	XP_085454903.1	C00026
R10056__cyto	XP_085454903.1	C05545
R10056__cyto	XP_085450526.1	C00026
R10056__cyto	XP_085450526.1	C05545
R10056__cyto	XP_085453902.1	C00026
R10056__cyto	XP_085453902.1	C05545
R02396__cyto	XP_085454916.1	C00024
R02396__cyto	XP_085454916.1	C00487
R00756__cyto	XP_085451508.1	C00085
R00756__cyto	XP_085450877.1	C00085
R04863__cyto	XP_085454956.1	C11482
R04863__cyto	XP_085454956.1	C05560
R10827__cyto	XP_085451128.1	C20878
R10827__cyto	XP_085451127.1	C20878
R07497__cyto	XP_085451523.1	C04525
R01663__cyto	XP_085452255.1	C00239
R04941__cyto	XP_085453974.1	C05699
R11099__pero	XP_085455077.1	C20904
R05046__cyto	XP_085450867.1	C05922
R00582__cyto	XP_085454775.1	C01005
R04536__cyto	XP_085454552.1	C04620
R04536__cyto	XP_085450519.1	C04620
R11005__mito	XP_085451629.1	C00195
R11005__mito	XP_085451629.1	C00999
R11005__mito	XP_085450727.1	C00195
R11005__mito	XP_085450727.1	C00999
R00405__mito	XP_085453468.1	C00042
R00770__cyto	XP_085451508.1	C00085
R00770__cyto	XP_085451508.1	C00081
R00770__cyto	XP_085451463.1	C00085
R00770__cyto	XP_085451463.1	C00081
R00770__cyto	XP_085450877.1	C00085
R00770__cyto	XP_085450877.1	C00081
R08281__mito	XP_085454475.1	C07645
R08281__mito	XP_085455283.1	C07645
R08281__mito	XP_085455234.1	C07645
R08281__mito	XP_085450897.1	C07645
R02731__cyto	XP_085452195.1	C00665
R02731__cyto	XP_085455657.1	C00665
R02731__cyto	XP_085450454.1	C00665
R02731__cyto	XP_085455705.1	C00665
R02731__cyto	XP_085454014.1	C00665
R02731__cyto	XP_085455684.1	C00665
R02731__cyto	XP_085450809.1	C00665
R04946__cyto	XP_085454910.1	C05688
R04946__cyto	XP_085454910.1	C01118
R00014__mito	XP_085452379.1	C00022
R00014__mito	XP_085452379.1	C00068
R00014__mito	XP_085455452.1	C00022
R00014__mito	XP_085455452.1	C00068
R00014__mito	XP_085451778.1	C00022
R00014__mito	XP_085451778.1	C00068
R00014__mito	XP_085451024.1	C00022
R00014__mito	XP_085451024.1	C00068
R00014__mito	XP_085453710.1	C00022
R00014__mito	XP_085453710.1	C00068
R00014__mito	XP_085454339.1	C00022
R00014__mito	XP_085454339.1	C00068
R00177__cyto	XP_085452782.1	C00073
R11220__cyto	XP_085454804.1	C00613
R00209__mito	XP_085453784.1	C00022
R00209__mito	XP_085451778.1	C00022
R00209__mito	XP_085455452.1	C00022
R00209__mito	XP_085451319.1	C00022
R01279__cyto	XP_085454068.1	C00154
R01279__cyto	XP_085454067.1	C00154
R01279__cyto	XP_085455297.1	C00154
R04962__mito	XP_085451602.1	C05754
R04962__mito	XP_085452617.1	C05754
R02326__cyto	XP_085453629.1	C00705
R00904__cyto	XP_085453865.1	C05665
R00904__cyto	XP_085452122.1	C05665
R00904__cyto	XP_085454779.1	C05665
R11005__cyto	XP_085451629.1	C00195
R11005__cyto	XP_085451629.1	C00999
R11005__cyto	XP_085450727.1	C00195
R11005__cyto	XP_085450727.1	C00999
R00515__cyto	XP_085452160.1	C00063
R00515__cyto	XP_085451333.1	C00063
R00515__cyto	XP_085451775.1	C00063
R00515__cyto	XP_085450966.1	C00063
R03450__mito	XP_085455657.1	C01293
R03450__mito	XP_085455684.1	C01293
R03450__mito	XP_085450809.1	C01293
R03450__mito	XP_085454014.1	C01293
R03450__mito	XP_085452949.1	C01293
R03450__mito	XP_085450454.1	C01293
R03450__mito	XP_085455705.1	C01293
R03450__mito	XP_085454275.1	C01293
R03450__mito	XP_085452195.1	C01293
R00341__cyto	XP_085454378.1	C00036
R08281__cyto	XP_085454475.1	C07645
R08281__cyto	XP_085455283.1	C07645
R08281__cyto	XP_085455234.1	C07645
R08281__cyto	XP_085450897.1	C07645
R00925__cyto	XP_085455661.1	C00163
R00925__cyto	XP_085455048.1	C00163
R03970__cyto	XP_085451031.1	C02512
R03970__cyto	XP_085451031.1	C00025
R03259__cyto	XP_085452389.1	C04212
R03259__cyto	XP_085451627.1	C04212
R03259__cyto	XP_085454950.1	C04212
R03259__cyto	XP_085452195.1	C04212
R00236__cyto	XP_085455661.1	C05993
R00236__cyto	XP_085455048.1	C05993
R04962__cyto	XP_085451602.1	C05754
R04962__cyto	XP_085452617.1	C05754
R02731__mito	XP_085452195.1	C00665
R02731__mito	XP_085455657.1	C00665
R02731__mito	XP_085450454.1	C00665
R02731__mito	XP_085455705.1	C00665
R02731__mito	XP_085454014.1	C00665
R02731__mito	XP_085455684.1	C00665
R02731__mito	XP_085450809.1	C00665
R11220__mito	XP_085454804.1	C00613
R08964__cyto	XP_085452618.1	C11526
R01274__cyto	XP_085454824.1	C00154
R09510__cyto	XP_085453903.1	C00026
R09510__cyto	XP_085453903.1	C05545
R09510__cyto	XP_085455184.1	C00026
R09510__cyto	XP_085455184.1	C05545
R09510__cyto	XP_085450526.1	C00026
R09510__cyto	XP_085450526.1	C05545
R09510__cyto	XP_085453902.1	C00026
R09510__cyto	XP_085453902.1	C05545
R09510__cyto	XP_085452437.1	C00026
R09510__cyto	XP_085452437.1	C05545
R09510__cyto	XP_085451418.1	C00026
R09510__cyto	XP_085451418.1	C05545
R09510__cyto	XP_085452147.1	C00026
R09510__cyto	XP_085452147.1	C05545
R09510__cyto	XP_085454903.1	C00026
R09510__cyto	XP_085454903.1	C05545
R02283__cyto	XP_085451781.1	C00437
R02283__cyto	XP_085451781.1	C00026
R04557__cyto	XP_085451602.1	C04671
R00751__cyto	XP_085451356.1	C00188
R00751__cyto	XP_085452121.1	C00188
R00513__cyto	XP_085454042.1	C00475
R03313__cyto	XP_085451346.1	C03287
R02026__cyto	XP_085454910.1	C00342
R02026__cyto	XP_085454910.1	C01077
R02026__cyto	XP_085454910.1	C00320
R02026__cyto	XP_085455189.1	C00342
R02026__cyto	XP_085455189.1	C01077
R02026__cyto	XP_085455189.1	C00320
R04355__pero	XP_085450519.1	C01209
R04355__pero	XP_085450519.1	C03939
R04355__pero	XP_085450368.1	C01209
R04355__pero	XP_085450368.1	C03939
R04922__cyto	XP_085452120.1	C05674
R04922__cyto	XP_085452120.1	C00641
R04037__cyto	XP_085455142.1	C02741
R04779__cyto	XP_085451508.1	C05345
R04779__cyto	XP_085450877.1	C05345
R04726__cyto	XP_085450519.1	C01209
R04726__cyto	XP_085450519.1	C05223
R04726__cyto	XP_085450368.1	C01209
R04726__cyto	XP_085450368.1	C05223
R02109__cyto	XP_085454887.1	C00369
R02340__cyto	XP_085455034.1	C03506
R03066__cyto	XP_085452648.1	C00568
R03066__cyto	XP_085452648.1	C01300
R01574__cyto	XP_085454543.1	C00216
R01574__cyto	XP_085451032.1	C00216
R03777__pero	XP_085454068.1	C01944
R03777__pero	XP_085454067.1	C01944
R03777__pero	XP_085455297.1	C01944
R10951__cyto	XP_085452329.1	C01194
R00287__cyto	XP_085452160.1	C00029
R00287__cyto	XP_085451333.1	C00029
R00287__cyto	XP_085451775.1	C00029
R00287__cyto	XP_085450966.1	C00029
R04301__cyto	XP_085454410.1	C03758
R02106__cyto	XP_085452079.1	C00366
R01880__cyto	XP_085451463.1	C00286
R01880__cyto	XP_085451463.1	C00299
R01880__cyto	XP_085454042.1	C00286
R01880__cyto	XP_085454042.1	C00299
R01708__cyto	XP_085454179.1	C00314
R01708__cyto	XP_085454977.1	C00314
R01708__cyto	XP_085454552.1	C00314
R01708__cyto	XP_085454953.1	C00314
R01317__cyto	XP_085455674.1	C00157
R01818__cyto	XP_085454311.1	C00275
R02061__cyto	XP_085453885.1	C00448
R02061__cyto	XP_085453885.1	C00129
R02687__cyto	XP_085451942.1	C00641
R02687__cyto	XP_085454717.1	C00641
R02687__cyto	XP_085455674.1	C00641
R02687__cyto	XP_085452601.1	C00641
R04206__cyto	XP_085452695.1	C03356
R04206__cyto	XP_085454552.1	C03356
R04206__cyto	XP_085453107.1	C03356
R04206__cyto	XP_085454029.1	C03356
R07888__cyto	XP_085454068.1	C16327
R07888__cyto	XP_085454067.1	C16327
R07888__cyto	XP_085455297.1	C16327
R12329__cyto	XP_085452271.1	C20683
R12329__cyto	XP_085454262.1	C20683
R12329__cyto	XP_085451876.1	C20683
R12329__cyto	XP_085454571.1	C20683
R00257__cyto	XP_085455532.1	C00064
R00257__cyto	XP_085455532.1	C00857
R04426__cyto	XP_085453063.1	C04411
R03013__cyto	XP_085452263.1	C01100
R08244__cyto	XP_085452087.1	C16618
R08244__cyto	XP_085452087.1	C00064
R10288__cyto	XP_085452695.1	C04899
R10288__cyto	XP_085454552.1	C04899
R10288__cyto	XP_085454029.1	C04899
R10288__cyto	XP_085455351.1	C04899
R01926__cyto	XP_085453153.1	C00319
R01706__cyto	XP_085452466.1	C05764
R01706__cyto	XP_085454730.1	C05764
R01706__cyto	XP_085453932.1	C05764
R01706__cyto	XP_085454717.1	C05764
R01706__cyto	XP_085454314.1	C05764
R01706__cyto	XP_085451777.1	C05764
R01706__cyto	XP_085451384.1	C05764
R01706__cyto	XP_085453589.1	C05764
R01706__cyto	XP_085452048.1	C05764
R01706__cyto	XP_085451779.1	C05764
R04866__cyto	XP_085455130.1	C05544
R04866__cyto	XP_085452885.1	C05544
R04866__cyto	XP_085453365.1	C05544
R00014__cyto	XP_085452379.1	C00022
R00014__cyto	XP_085452379.1	C00068
R00014__cyto	XP_085455452.1	C00022
R00014__cyto	XP_085455452.1	C00068
R00014__cyto	XP_085451778.1	C00022
R00014__cyto	XP_085451778.1	C00068
R00014__cyto	XP_085451024.1	C00022
R00014__cyto	XP_085451024.1	C00068
R00014__cyto	XP_085453710.1	C00022
R00014__cyto	XP_085453710.1	C00068
R00014__cyto	XP_085454339.1	C00022
R00014__cyto	XP_085454339.1	C00068
R03425__mito	XP_085455278.1	C00037
R03425__mito	XP_085455278.1	C02051
R00754__cyto	XP_085454475.1	C00469
R00754__cyto	XP_085455283.1	C00469
R00754__cyto	XP_085455234.1	C00469
R00754__cyto	XP_085450897.1	C00469
R03197__cyto	XP_085452817.1	C01051
R03643__cyto	XP_085451420.1	C01628
R03643__cyto	XP_085451422.1	C01628
R03643__cyto	XP_085451421.1	C01628
R02746__mito	XP_085453396.1	C04230
R10953__cyto	XP_085451463.1	C01272
R01054__cyto	XP_085451333.1	C00301
R01290__cyto	XP_085451202.1	C00155
R01290__cyto	XP_085451202.1	C00065
R02715__mito	XP_085451086.1	C00652
R04559__cyto	XP_085453613.1	C04823
R02324__cyto	XP_085452049.1	C03150
R00754__mito	XP_085454475.1	C00469
R00754__mito	XP_085455283.1	C00469
R00754__mito	XP_085455234.1	C00469
R00754__mito	XP_085450897.1	C00469
R07505__cyto	XP_085455406.1	C15777
R07505__cyto	XP_085455406.1	C00999
R07505__cyto	XP_085450727.1	C15777
R07505__cyto	XP_085450727.1	C00999
R04506__cyto	XP_085453865.1	C05445
R04506__cyto	XP_085452122.1	C05445
R04506__cyto	XP_085454779.1	C05445
R03348__mito	XP_085453933.1	C00119
R03348__mito	XP_085453933.1	C03722
R04428__cyto	XP_085452695.1	C04618
R04428__cyto	XP_085452617.1	C04618
R08575__cyto	XP_085451799.1	C05382
R08575__cyto	XP_085451799.1	C00118
R07762__pero	XP_085453332.1	C01209
R07762__pero	XP_085453332.1	C05764
R07762__pero	XP_085455607.1	C01209
R07762__pero	XP_085455607.1	C05764
R07762__pero	XP_085450368.1	C01209
R07762__pero	XP_085450368.1	C05764
R01007__cyto	XP_085450795.1	C00043
R01007__cyto	XP_085450795.1	C00110
R01007__cyto	XP_085452120.1	C00043
R01007__cyto	XP_085452120.1	C00110
R04444__mito	XP_085450883.1	C04281
R00897__cyto	XP_085455189.1	C00979
R00897__cyto	XP_085455189.1	C00283
R00897__cyto	XP_085451991.1	C00979
R00897__cyto	XP_085451991.1	C00283
R10147__cyto	XP_085453872.1	C00441
R10147__cyto	XP_085453872.1	C00022
R12657__mito	XP_085453724.1	C03226
R12657__mito	XP_085453181.1	C03226
R12657__mito	XP_085453159.1	C03226
R12657__mito	XP_085452032.1	C03226
R12657__mito	XP_085454829.1	C03226
R12657__mito	XP_085455431.1	C03226
R12657__mito	XP_085454129.1	C03226
R12657__mito	XP_085454643.1	C03226
R12657__mito	XP_085454636.1	C03226
R12657__mito	XP_085454277.1	C03226
R12657__mito	XP_085452734.1	C03226
R12657__mito	XP_085452745.1	C03226
R12657__mito	XP_085454330.1	C03226
R08639__cyto	XP_085450576.1	C00103
R08639__cyto	XP_085455242.1	C00103
R02872__cyto	XP_085451171.1	C03428
R10700__cyto	XP_085452617.1	C05764
R01021__cyto	XP_085451005.1	C00114
R07389__cyto	XP_085452120.1	C03201
R07389__cyto	XP_085452120.1	C00307
R10089__cyto	XP_085452899.1	C00117
R10089__cyto	XP_085452899.1	C00064
R10089__cyto	XP_085452899.1	C00118
R10089__cyto	XP_085452898.1	C00117
R10089__cyto	XP_085452898.1	C00064
R10089__cyto	XP_085452898.1	C00118
R11166__cyto	XP_085450769.1	C21151
R08306__cyto	XP_085454475.1	C16586
R08306__cyto	XP_085455283.1	C16586
R08306__cyto	XP_085455234.1	C16586
R08306__cyto	XP_085450897.1	C16586
R02091__cyto	XP_085451463.1	C00475
R02091__cyto	XP_085451463.1	C00286
R02091__cyto	XP_085454042.1	C00475
R02091__cyto	XP_085454042.1	C00286
R02746__cyto	XP_085453396.1	C04230
R03361__cyto	XP_085453296.1	C01194
R03361__cyto	XP_085454155.1	C01194
R03361__cyto	XP_085452770.1	C01194
R07330__cyto	XP_085453724.1	C15571
R07330__cyto	XP_085453181.1	C15571
R07330__cyto	XP_085453159.1	C15571
R07330__cyto	XP_085452032.1	C15571
R07330__cyto	XP_085454829.1	C15571
R07330__cyto	XP_085455431.1	C15571
R07330__cyto	XP_085454410.1	C15571
R07330__cyto	XP_085454129.1	C15571
R07330__cyto	XP_085454643.1	C15571
R07330__cyto	XP_085454636.1	C15571
R07330__cyto	XP_085454277.1	C15571
R07330__cyto	XP_085452734.1	C15571
R07330__cyto	XP_085452745.1	C15571
R07330__cyto	XP_085454330.1	C15571
R05578__cyto	XP_085453185.1	C01641
R05578__cyto	XP_085453185.1	C00025
R04887__cyto	XP_085454410.1	C05580
R03530__cyto	XP_085453629.1	C01344
R04221__cyto	XP_085451636.1	C03440
R04221__cyto	XP_085451249.1	C03440
R04221__cyto	XP_085452238.1	C03440
R04221__cyto	XP_085450834.1	C03440
R04001__cyto	XP_085451363.1	C04411
R07116__cyto	XP_085452146.1	C14870
R07116__cyto	XP_085452146.1	C00051
R07116__cyto	XP_085455726.1	C14870
R07116__cyto	XP_085455726.1	C00051
R07116__cyto	XP_085452152.1	C14870
R07116__cyto	XP_085452152.1	C00051
R07116__cyto	XP_085452493.1	C14870
R07116__cyto	XP_085452493.1	C00051
R02098__cyto	XP_085452559.1	C00365
R03471__cyto	XP_085450857.1	C01279
R01775__cyto	XP_085454179.1	C00263
R01775__cyto	XP_085454977.1	C00263
R01775__cyto	XP_085454552.1	C00263
R01775__cyto	XP_085454953.1	C00263
R02096__cyto	XP_085451463.1	C00475
R02096__cyto	XP_085451463.1	C00459
R02096__cyto	XP_085454042.1	C00475
R02096__cyto	XP_085454042.1	C00459
R02101__cyto	XP_085451593.1	C00365
R02101__cyto	XP_085451593.1	C00143
R01070__cyto	XP_085451810.1	C05378
R11945__mito	XP_085453975.1	C01967
R11945__mito	XP_085454985.1	C01967
R11945__mito	XP_085454810.1	C01967
R11945__mito	XP_085451335.1	C01967
R11945__mito	XP_085455098.1	C01967
R11945__mito	XP_085454465.1	C01967
R11945__mito	XP_085450549.1	C01967
R03409__cyto	XP_085452539.1	C04494
R02748__cyto	XP_085452422.1	C05512
R01496__cyto	XP_085452466.1	C00040
R01496__cyto	XP_085452466.1	C00319
R01496__cyto	XP_085454730.1	C00040
R01496__cyto	XP_085454730.1	C00319
R01496__cyto	XP_085453932.1	C00040
R01496__cyto	XP_085453932.1	C00319
R01496__cyto	XP_085454717.1	C00040
R01496__cyto	XP_085454717.1	C00319
R01496__cyto	XP_085451384.1	C00040
R01496__cyto	XP_085451384.1	C00319
R01496__cyto	XP_085453589.1	C00040
R01496__cyto	XP_085453589.1	C00319
R01496__cyto	XP_085452048.1	C00040
R01496__cyto	XP_085452048.1	C00319
R01496__cyto	XP_085451779.1	C00040
R01496__cyto	XP_085451779.1	C00319
R00239__cyto	XP_085450704.1	C00025
R10035__cyto	XP_085453992.1	C05143
R10035__cyto	XP_085452137.1	C05143
R10035__cyto	XP_085450344.1	C05143
R06516__cyto	XP_085452156.1	C06124
R00995__pero	XP_085451510.1	C06030
R02093__cyto	XP_085453629.1	C00363
R01056__cyto	XP_085453024.1	C00117
R02047__mito	XP_085454179.1	C01188
R02047__mito	XP_085454977.1	C01188
R02047__mito	XP_085454552.1	C01188
R02047__mito	XP_085454953.1	C01188
R01665__cyto	XP_085452867.1	C00705
R01059__cyto	XP_085452684.1	C00577
R00129__cyto	XP_085452695.1	C04856
R00129__cyto	XP_085454552.1	C04856
R00129__cyto	XP_085454029.1	C04856
R00129__cyto	XP_085455351.1	C04856
R02372__cyto	XP_085451463.1	C00460
R02372__cyto	XP_085451463.1	C00475
R02372__cyto	XP_085454042.1	C00460
R02372__cyto	XP_085454042.1	C00475
R08359__cyto	XP_085455630.1	C01137
R08359__cyto	XP_085455630.1	C01672
R08359__cyto	XP_085451496.1	C01137
R08359__cyto	XP_085451496.1	C01672
R02094__cyto	XP_085452559.1	C00364
R01724__cyto	XP_085452142.1	C01185
R08091__cyto	XP_085452466.1	C16466
R08091__cyto	XP_085454730.1	C16466
R08091__cyto	XP_085453932.1	C16466
R08091__cyto	XP_085454717.1	C16466
R08091__cyto	XP_085451384.1	C16466
R08091__cyto	XP_085453589.1	C16466
R08091__cyto	XP_085452048.1	C16466
R08091__cyto	XP_085452799.1	C16466
R08091__cyto	XP_085451779.1	C16466
R00191__cyto	XP_085454950.1	C00575
R03018__cyto	XP_085451463.1	C00864
R07113__cyto	XP_085452146.1	C11088
R07113__cyto	XP_085452146.1	C00051
R07113__cyto	XP_085455726.1	C11088
R07113__cyto	XP_085455726.1	C00051
R07113__cyto	XP_085452152.1	C11088
R07113__cyto	XP_085452152.1	C00051
R07113__cyto	XP_085452493.1	C11088
R07113__cyto	XP_085452493.1	C00051
R11945__cyto	XP_085453975.1	C01967
R11945__cyto	XP_085454985.1	C01967
R11945__cyto	XP_085454810.1	C01967
R11945__cyto	XP_085451335.1	C01967
R11945__cyto	XP_085455098.1	C01967
R11945__cyto	XP_085454465.1	C01967
R11945__cyto	XP_085450549.1	C01967
R00569__cyto	XP_085452239.1	C00063
R00569__cyto	XP_085453721.1	C00063
R03238__cyto	XP_085451508.1	C01097
R03238__cyto	XP_085450877.1	C01097
R07003__cyto	XP_085452146.1	C00051
R07003__cyto	XP_085452146.1	C14787
R07003__cyto	XP_085455726.1	C00051
R07003__cyto	XP_085455726.1	C14787
R07003__cyto	XP_085452152.1	C00051
R07003__cyto	XP_085452152.1	C14787
R07003__cyto	XP_085452493.1	C00051
R07003__cyto	XP_085452493.1	C14787
R07384__cyto	XP_085452120.1	C04756
R07384__cyto	XP_085452120.1	C00055
R03348__cyto	XP_085453933.1	C00119
R03348__cyto	XP_085453933.1	C03722
R07274__cyto	XP_085451991.1	C01005
R07274__cyto	XP_085451991.1	C00283
R05639__cyto	XP_085451602.1	C05108
R07494__cyto	XP_085453729.1	C15808
R03458__cyto	XP_085454179.1	C04454
R03458__cyto	XP_085454977.1	C04454
R03458__cyto	XP_085454552.1	C04454
R03458__cyto	XP_085454953.1	C04454
R10828__mito	XP_085451602.1	C20876
R07896__pero	XP_085454068.1	C16335
R07896__pero	XP_085454067.1	C16335
R07896__pero	XP_085455297.1	C16335
R02030__mito	XP_085452588.1	C00344
R02030__mito	XP_085452588.1	C00269
R01857__cyto	XP_085453629.1	C00361
R12173__cyto	XP_085454504.1	C00154
R12173__cyto	XP_085454504.1	C00999
R12173__cyto	XP_085455281.1	C00154
R12173__cyto	XP_085455281.1	C00999
R00710__cyto	XP_085453865.1	C00084
R00710__cyto	XP_085452122.1	C00084
R00710__cyto	XP_085454779.1	C00084
R04420__cyto	XP_085454527.1	C04188
R02568__cyto	XP_085451810.1	C01094
R03304__cyto	XP_085454410.1	C01161
R00026__cyto	XP_085453992.1	C00185
R00026__cyto	XP_085452137.1	C00185
R00026__cyto	XP_085450344.1	C00185
R02250__cyto	XP_085451942.1	C00422
R02250__cyto	XP_085454717.1	C00422
R02250__cyto	XP_085455674.1	C00422
R02250__cyto	XP_085452601.1	C00422
R00590__pero	XP_085452883.1	C00065
R00590__pero	XP_085454743.1	C00065
R10633__cyto	XP_085454305.1	C01997
R10633__cyto	XP_085454618.1	C01997
R01324__mito	XP_085452695.1	C00158
R01324__mito	XP_085454552.1	C00158
R01324__mito	XP_085454029.1	C00158
R03422__cyto	XP_085452389.1	C01240
R03422__cyto	XP_085451627.1	C01240
R03422__cyto	XP_085451707.1	C01240
R03422__cyto	XP_085452195.1	C01240
R00275__cyto	XP_085450961.1	C00704
R00275__cyto	XP_085453349.1	C00704
R00275__cyto	XP_085454071.1	C00704
R00275__cyto	XP_085452697.1	C00704
R07394__cyto	XP_085454497.1	C15651
R00964__cyto	XP_085454042.1	C00299
R11218__cyto	XP_085454804.1	C04143
R00939__mito	XP_085453666.1	C00101
R09087__cyto	XP_085454781.1	C01204
R12119__cyto	XP_085452763.1	C21918
R12119__cyto	XP_085452763.1	C03024
R02850__cyto	XP_085450664.1	C00738
R02850__cyto	XP_085455502.1	C00738
R02850__cyto	XP_085451463.1	C00738
R02850__cyto	XP_085451797.1	C00738
R00621__mito	XP_085450465.1	C00026
R00621__mito	XP_085450465.1	C00068
R03084__cyto	XP_085452194.1	C00944
R03084__cyto	XP_085454489.1	C00944
R07411__cyto	XP_085451290.1	C00448
R07411__cyto	XP_085451290.1	C00032
R00867__cyto	XP_085450664.1	C00095
R00867__cyto	XP_085455502.1	C00095
R00867__cyto	XP_085451797.1	C00095
R07491__cyto	XP_085455406.1	C15777
R07491__cyto	XP_085455406.1	C00999
R01083__cyto	XP_085453613.1	C03794
R02978__cyto	XP_085453386.1	C00836
R02035__cyto	XP_085455476.1	C01236
R02035__cyto	XP_085451706.1	C01236
R12427__mito	XP_085452466.1	C22158
R12427__mito	XP_085452466.1	C05752
R12427__mito	XP_085454730.1	C22158
R12427__mito	XP_085454730.1	C05752
R12427__mito	XP_085453932.1	C22158
R12427__mito	XP_085453932.1	C05752
R12427__mito	XP_085454717.1	C22158
R12427__mito	XP_085454717.1	C05752
R12427__mito	XP_085451384.1	C22158
R12427__mito	XP_085451384.1	C05752
R12427__mito	XP_085453589.1	C22158
R12427__mito	XP_085453589.1	C05752
R12427__mito	XP_085452048.1	C22158
R12427__mito	XP_085452048.1	C05752
R12427__mito	XP_085451779.1	C22158
R12427__mito	XP_085451779.1	C05752
R00342__mito	XP_085453577.1	C00149
R12152__cyto	XP_085455540.1	C04916
R02694__cyto	XP_085452466.1	C00040
R02694__cyto	XP_085452466.1	C00641
R02694__cyto	XP_085454730.1	C00040
R02694__cyto	XP_085454730.1	C00641
R02694__cyto	XP_085453932.1	C00040
R02694__cyto	XP_085453932.1	C00641
R02694__cyto	XP_085454717.1	C00040
R02694__cyto	XP_085454717.1	C00641
R02694__cyto	XP_085451384.1	C00040
R02694__cyto	XP_085451384.1	C00641
R02694__cyto	XP_085453589.1	C00040
R02694__cyto	XP_085453589.1	C00641
R02694__cyto	XP_085452048.1	C00040
R02694__cyto	XP_085452048.1	C00641
R02694__cyto	XP_085451779.1	C00040
R02694__cyto	XP_085451779.1	C00641
R04725__cyto	XP_085451602.1	C05758
R04725__cyto	XP_085452617.1	C05758
R03363__cyto	XP_085452195.1	C04549
R03363__cyto	XP_085455657.1	C04549
R03363__cyto	XP_085450454.1	C04549
R03363__cyto	XP_085455705.1	C04549
R03363__cyto	XP_085454014.1	C04549
R03363__cyto	XP_085455684.1	C04549
R03363__cyto	XP_085450809.1	C04549
R00651__cyto	XP_085455189.1	C01077
R00651__cyto	XP_085455189.1	C00409
R07509__cyto	XP_085453196.1	C05108
R07509__cyto	XP_085453196.1	C00999
R04945__cyto	XP_085454910.1	C01077
R04945__cyto	XP_085454910.1	C05688
R02665__cyto	XP_085451674.1	C00632
R00402__cyto	XP_085451602.1	C00042
R00782__cyto	XP_085453974.1	C00097
R00782__cyto	XP_085453012.1	C00097
R07981__cyto	XP_085452079.1	C16361
R09877__cyto	XP_085452160.1	C20176
R09877__cyto	XP_085451333.1	C20176
R09877__cyto	XP_085451775.1	C20176
R09877__cyto	XP_085450966.1	C20176
R00870__cyto	XP_085454179.1	C00392
R00870__cyto	XP_085454977.1	C00392
R00870__cyto	XP_085454552.1	C00392
R00870__cyto	XP_085454953.1	C00392
R03650__cyto	XP_085450723.1	C01639
R03650__cyto	XP_085450723.1	C00097
R00342__cyto	XP_085453577.1	C00149
R07762__cyto	XP_085453332.1	C01209
R07762__cyto	XP_085453332.1	C05764
R07762__cyto	XP_085455607.1	C01209
R07762__cyto	XP_085455607.1	C05764
R07762__cyto	XP_085450368.1	C01209
R07762__cyto	XP_085450368.1	C05764
R06590__cyto	XP_085455284.1	C00117
R06590__cyto	XP_085455284.1	C12214
R01899__mito	XP_085454865.1	C00311
R01899__mito	XP_085453788.1	C00311
R04953__cyto	XP_085454552.1	C05747
R04953__cyto	XP_085450519.1	C05747
R03921__cyto	XP_085451119.1	C16688
R02408__cyto	XP_085453974.1	C00491
R02408__cyto	XP_085453012.1	C00491
R09420__cyto	XP_085454953.1	C16453
R09420__cyto	XP_085451602.1	C16453
R09420__cyto	XP_085454552.1	C16453
R09420__cyto	XP_085454179.1	C16453
R09420__cyto	XP_085454977.1	C16453
R00778__cyto	XP_085451323.1	C00086
R04543__cyto	XP_085454552.1	C04633
R04543__cyto	XP_085450519.1	C04633
R12152__mito	XP_085455540.1	C04916
R03968__cyto	XP_085451363.1	C02504
R02297__cyto	XP_085452422.1	C01762
R03469__cyto	XP_085450460.1	C01277
R00702__cyto	XP_085451171.1	C00448
R01954__cyto	XP_085453503.1	C00049
R01954__cyto	XP_085453503.1	C00327
R00529__cyto	XP_085450453.1	C00059
R11218__mito	XP_085454804.1	C04143
R00710__mito	XP_085453865.1	C00084
R00710__mito	XP_085452122.1	C00084
R00710__mito	XP_085454779.1	C00084
R04762__cyto	XP_085454410.1	C05298
R03528__cyto	XP_085453974.1	C02882
R01074__cyto	XP_085450700.1	C05921
R03596__cyto	XP_085452415.1	C01528
R07951__pero	XP_085452695.1	C16388
R07951__pero	XP_085454552.1	C16388
R07951__pero	XP_085454029.1	C16388
R12085__cyto	XP_085452466.1	C00024
R12085__cyto	XP_085452466.1	C01165
R12085__cyto	XP_085454730.1	C00024
R12085__cyto	XP_085454730.1	C01165
R12085__cyto	XP_085453932.1	C00024
R12085__cyto	XP_085453932.1	C01165
R12085__cyto	XP_085454717.1	C00024
R12085__cyto	XP_085454717.1	C01165
R12085__cyto	XP_085451384.1	C00024
R12085__cyto	XP_085451384.1	C01165
R12085__cyto	XP_085453589.1	C00024
R12085__cyto	XP_085453589.1	C01165
R12085__cyto	XP_085452048.1	C00024
R12085__cyto	XP_085452048.1	C01165
R12085__cyto	XP_085451779.1	C00024
R12085__cyto	XP_085451779.1	C01165
R00494__cyto	XP_085451031.1	C00051
R06366__cyto	XP_085453865.1	C02576
R06366__cyto	XP_085452122.1	C02576
R06366__cyto	XP_085454779.1	C02576
R06527__cyto	XP_085452250.1	C12144
R06527__cyto	XP_085452250.1	C12146
R06527__cyto	XP_085450813.1	C12144
R06527__cyto	XP_085450813.1	C12146
R00114__cyto	XP_085453432.1	C00025
R03654__cyto	XP_085455377.1	C00037
R03654__cyto	XP_085455377.1	C01642
R09644__cyto	XP_085452195.1	C19776
R09644__cyto	XP_085455657.1	C19776
R09644__cyto	XP_085450454.1	C19776
R09644__cyto	XP_085455705.1	C19776
R09644__cyto	XP_085454014.1	C19776
R09644__cyto	XP_085455684.1	C19776
R09644__cyto	XP_085450809.1	C19776
R03772__cyto	XP_085455758.1	C02991
R03772__cyto	XP_085455599.1	C02991
R03772__cyto	XP_085453589.1	C02991
R03772__cyto	XP_085454713.1	C02991
R03772__cyto	XP_085454974.1	C02991
R03772__cyto	XP_085451374.1	C02991
R03772__cyto	XP_085453337.1	C02991
R04483__cyto	XP_085453729.1	C04840
R04483__cyto	XP_085454953.1	C04840
R04483__cyto	XP_085454977.1	C04840
R04483__cyto	XP_085454552.1	C04840
R04483__cyto	XP_085454179.1	C04840
R00927__cyto	XP_085452799.1	C00100
R00927__cyto	XP_085452799.1	C00024
R04952__pero	XP_085450519.1	C01209
R04952__pero	XP_085450519.1	C05745
R04952__pero	XP_085450368.1	C01209
R04952__pero	XP_085450368.1	C05745
R00719__cyto	XP_085452239.1	C00081
R00719__cyto	XP_085453721.1	C00081
R03050__mito	XP_085451024.1	C00900
R03050__mito	XP_085451024.1	C00068
R03050__mito	XP_085454339.1	C00900
R03050__mito	XP_085454339.1	C00068
R04949__cyto	XP_085453992.1	C05713
R04949__cyto	XP_085452137.1	C05713
R04949__cyto	XP_085450344.1	C05713
R03659__cyto	XP_085450965.1	C01647
R03659__cyto	XP_085450965.1	C00073
R03659__cyto	XP_085450865.1	C01647
R03659__cyto	XP_085450865.1	C00073
R04911__cyto	XP_085454750.1	C05648
R04960__pero	XP_085450519.1	C01209
R04960__pero	XP_085450519.1	C05752
R04960__pero	XP_085450368.1	C01209
R04960__pero	XP_085450368.1	C05752
R11319__cyto	XP_085452058.1	C00068
R11319__cyto	XP_085452661.1	C00068
R04360__mito	XP_085454535.1	C03968
R04360__mito	XP_085455215.1	C03968
R04360__mito	XP_085450463.1	C03968
R07948__cyto	XP_085454068.1	C03458
R07948__cyto	XP_085454067.1	C03458
R07948__cyto	XP_085455297.1	C03458
R01354__cyto	XP_085455661.1	C05983
R01354__cyto	XP_085455048.1	C05983
R01082__cyto	XP_085452530.1	C00149
R00994__cyto	XP_085453063.1	C00109
R04360__cyto	XP_085454535.1	C03968
R04360__cyto	XP_085455215.1	C03968
R04360__cyto	XP_085450463.1	C03968
R05069__mito	XP_085455120.1	C06006
R09365__cyto	XP_085453211.1	C04489
R09365__cyto	XP_085453211.1	C05698
R01320__cyto	XP_085450482.1	C04308
R03096__cyto	XP_085451464.1	C02693
R03096__cyto	XP_085451472.1	C02693
R04957__cyto	XP_085450519.1	C01209
R04957__cyto	XP_085450519.1	C05749
R04957__cyto	XP_085450368.1	C01209
R04957__cyto	XP_085450368.1	C05749
R04586__cyto	XP_085451923.1	C04884
R04586__cyto	XP_085454379.1	C04884
R04586__cyto	XP_085451224.1	C04884
R01899__cyto	XP_085454865.1	C00311
R01899__cyto	XP_085453788.1	C00311
R12026__cyto	XP_085451391.1	C00037
R12026__cyto	XP_085451391.1	C00283
R07238__cyto	XP_085453724.1	C15527
R07238__cyto	XP_085453181.1	C15527
R07238__cyto	XP_085453159.1	C15527
R07238__cyto	XP_085452032.1	C15527
R07238__cyto	XP_085454829.1	C15527
R07238__cyto	XP_085454330.1	C15527
R07238__cyto	XP_085455431.1	C15527
R07238__cyto	XP_085454129.1	C15527
R07238__cyto	XP_085454643.1	C15527
R07238__cyto	XP_085454636.1	C15527
R07238__cyto	XP_085454277.1	C15527
R07238__cyto	XP_085452734.1	C15527
R07238__cyto	XP_085452745.1	C15527
R07238__cyto	XP_085450629.1	C15527
R07364__cyto	XP_085451869.1	C15606
R03646__cyto	XP_085453856.1	C01636
R03646__cyto	XP_085453856.1	C00062
R00115__cyto	XP_085455486.1	C00127
R09099__cyto	XP_085451796.1	C01217
R09099__cyto	XP_085451796.1	C00065
R09099__cyto	XP_085455458.1	C01217
R09099__cyto	XP_085455458.1	C00065
R11319__mito	XP_085452058.1	C00068
R11319__mito	XP_085452661.1	C00068
R03992__cyto	XP_085452466.1	C02038
R03992__cyto	XP_085452466.1	C02593
R03992__cyto	XP_085454730.1	C02038
R03992__cyto	XP_085454730.1	C02593
R03992__cyto	XP_085453932.1	C02038
R03992__cyto	XP_085453932.1	C02593
R03992__cyto	XP_085454717.1	C02038
R03992__cyto	XP_085454717.1	C02593
R03992__cyto	XP_085454981.1	C02038
R03992__cyto	XP_085454981.1	C02593
R03992__cyto	XP_085451384.1	C02038
R03992__cyto	XP_085451384.1	C02593
R03992__cyto	XP_085453589.1	C02038
R03992__cyto	XP_085453589.1	C02593
R03992__cyto	XP_085452048.1	C02038
R03992__cyto	XP_085452048.1	C02593
R03992__cyto	XP_085451779.1	C02038
R03992__cyto	XP_085451779.1	C02593
R00926__cyto	XP_085455661.1	C05983
R00926__cyto	XP_085455048.1	C05983
R09366__cyto	XP_085453012.1	C05689
R02124__cyto	XP_085454475.1	C00473
R02124__cyto	XP_085455283.1	C00473
R02124__cyto	XP_085455234.1	C00473
R02124__cyto	XP_085450897.1	C00473
R00271__cyto	XP_085455391.1	C00026
R00271__cyto	XP_085455391.1	C00024
R00271__cyto	XP_085452856.1	C00026
R00271__cyto	XP_085452856.1	C00024
R01579__cyto	XP_085452271.1	C00819
R01579__cyto	XP_085451876.1	C00819
R01579__cyto	XP_085454571.1	C00819
R08121__cyto	XP_085450431.1	C16476
R03552__cyto	XP_085455180.1	C00024
R03552__cyto	XP_085455180.1	C02415
R03552__cyto	XP_085452466.1	C00024
R03552__cyto	XP_085452466.1	C02415
R03552__cyto	XP_085454730.1	C00024
R03552__cyto	XP_085454730.1	C02415
R03552__cyto	XP_085453932.1	C00024
R03552__cyto	XP_085453932.1	C02415
R03552__cyto	XP_085454717.1	C00024
R03552__cyto	XP_085454717.1	C02415
R03552__cyto	XP_085450557.1	C00024
R03552__cyto	XP_085450557.1	C02415
R03552__cyto	XP_085451705.1	C00024
R03552__cyto	XP_085451705.1	C02415
R03552__cyto	XP_085455481.1	C00024
R03552__cyto	XP_085455481.1	C02415
R03552__cyto	XP_085451779.1	C00024
R03552__cyto	XP_085451779.1	C02415
R03552__cyto	XP_085451384.1	C00024
R03552__cyto	XP_085451384.1	C02415
R03552__cyto	XP_085453589.1	C00024
R03552__cyto	XP_085453589.1	C02415
R03552__cyto	XP_085452048.1	C00024
R03552__cyto	XP_085452048.1	C02415
R03552__cyto	XP_085450385.1	C00024
R03552__cyto	XP_085450385.1	C02415
R03552__cyto	XP_085452344.1	C00024
R03552__cyto	XP_085452344.1	C02415
R00217__mito	XP_085452056.1	C00036
R00217__mito	XP_085454953.1	C00036
R00217__mito	XP_085454977.1	C00036
R00217__mito	XP_085454552.1	C00036
R00217__mito	XP_085454179.1	C00036
R02410__cyto	XP_085451119.1	C00492
R00707__cyto	XP_085450883.1	C03912
R01959__cyto	XP_085454750.1	C02700
R11527__cyto	XP_085455657.1	C00681
R11527__cyto	XP_085452803.1	C00681
R11527__cyto	XP_085455684.1	C00681
R11527__cyto	XP_085450809.1	C00681
R11527__cyto	XP_085454014.1	C00681
R11527__cyto	XP_085450454.1	C00681
R11527__cyto	XP_085455287.1	C00681
R11527__cyto	XP_085455705.1	C00681
R11527__cyto	XP_085452195.1	C00681
R00409__pero	XP_085455057.1	C04593
R07892__pero	XP_085454068.1	C16331
R07892__pero	XP_085454067.1	C16331
R07892__pero	XP_085455297.1	C16331
R01201__cyto	XP_085451463.1	C00140
R10828__cyto	XP_085451602.1	C20876
R01858__cyto	XP_085455301.1	C00286
R01858__cyto	XP_085455301.1	C00022
R04958__cyto	XP_085451602.1	C05751
R05724__cyto	XP_085454399.1	C00533
R05071__cyto	XP_085455120.1	C06010
R00876__cyto	XP_085450664.1	C00095
R00876__cyto	XP_085450664.1	C00081
R00876__cyto	XP_085455502.1	C00095
R00876__cyto	XP_085455502.1	C00081
R00876__cyto	XP_085451463.1	C00095
R00876__cyto	XP_085451463.1	C00081
R00876__cyto	XP_085451797.1	C00095
R00876__cyto	XP_085451797.1	C00081
R09375__cyto	XP_085455606.1	C01304
R01920__cyto	XP_085455630.1	C01137
R01920__cyto	XP_085455630.1	C00134
R01920__cyto	XP_085451496.1	C01137
R01920__cyto	XP_085451496.1	C00134
R00494__mito	XP_085451031.1	C00051
R00217__cyto	XP_085452056.1	C00036
R00217__cyto	XP_085454953.1	C00036
R00217__cyto	XP_085454977.1	C00036
R00217__cyto	XP_085454552.1	C00036
R00217__cyto	XP_085454179.1	C00036
R05064__cyto	XP_085453593.1	C06000
R00715__cyto	XP_085454892.1	C00449
R07140__cyto	XP_085454953.1	C14180
R07140__cyto	XP_085454475.1	C14180
R07140__cyto	XP_085454552.1	C14180
R07140__cyto	XP_085454179.1	C14180
R07140__cyto	XP_085454977.1	C14180
R01138__cyto	XP_085455301.1	C00074
R01641__cyto	XP_085455284.1	C05382
R01641__cyto	XP_085455284.1	C00118
R05068__mito	XP_085455120.1	C06007
R00472__pero	XP_085454620.1	C00024
R00472__pero	XP_085454620.1	C00048
R00875__cyto	XP_085454952.1	C00794
R03875__cyto	XP_085455130.1	C02188
R03875__cyto	XP_085452885.1	C02188
R03875__cyto	XP_085453365.1	C02188
R00274__cyto	XP_085454140.1	C00027
R00274__cyto	XP_085454140.1	C00051
R00274__cyto	XP_085455122.1	C00027
R00274__cyto	XP_085455122.1	C00051
R00714__cyto	XP_085451243.1	C00232
R00714__cyto	XP_085454443.1	C00232
R03655__cyto	XP_085453601.1	C00135
R03655__cyto	XP_085453601.1	C01643
R03435__cyto	XP_085452389.1	C04637
R03435__cyto	XP_085451627.1	C04637
R03435__cyto	XP_085452195.1	C04637
R07136__cyto	XP_085453577.1	C11537
R01139__cyto	XP_085450664.1	C00031
R01139__cyto	XP_085455502.1	C00031
R01139__cyto	XP_085451463.1	C00031
R01139__cyto	XP_085451797.1	C00031
R04480__cyto	XP_085452466.1	C00350
R02940__cyto	XP_085453865.1	C05985
R02940__cyto	XP_085452122.1	C05985
R02940__cyto	XP_085454779.1	C05985
R01175__cyto	XP_085454068.1	C00877
R01175__cyto	XP_085454068.1	C01352
R01175__cyto	XP_085454067.1	C00877
R01175__cyto	XP_085454067.1	C01352
R01175__cyto	XP_085455297.1	C00877
R01175__cyto	XP_085455297.1	C01352
R02199__mito	XP_085450552.1	C00407
R02199__mito	XP_085450552.1	C00026
R03098__cyto	XP_085454956.1	C00956
R02530__cyto	XP_085454273.1	C03451
R04954__cyto	XP_085452695.1	C05747
R04954__cyto	XP_085452617.1	C05747
R01799__cyto	XP_085454807.1	C00063
R01799__cyto	XP_085454807.1	C00416
R00342__pero	XP_085453577.1	C00149
R04988__mito	XP_085453724.1	C05811
R04988__mito	XP_085453181.1	C05811
R04988__mito	XP_085453159.1	C05811
R04988__mito	XP_085452032.1	C05811
R04988__mito	XP_085454829.1	C05811
R04988__mito	XP_085455431.1	C05811
R04988__mito	XP_085454129.1	C05811
R04988__mito	XP_085454643.1	C05811
R04988__mito	XP_085454636.1	C05811
R04988__mito	XP_085454277.1	C05811
R04988__mito	XP_085452734.1	C05811
R04988__mito	XP_085452745.1	C05811
R04988__mito	XP_085454330.1	C05811
R06154__cyto	XP_085454480.1	C00218
R06154__cyto	XP_085453989.1	C00218
R03991__cyto	XP_085452799.1	C00024
R03991__cyto	XP_085452799.1	C02593
R04544__cyto	XP_085452695.1	C04633
R04544__cyto	XP_085452617.1	C04633
R03332__cyto	XP_085451542.1	C01194
R00185__cyto	XP_085455334.1	C00212
R11098__cyto	XP_085455077.1	C20905
R01397__cyto	XP_085452227.1	C00169
R01397__cyto	XP_085452227.1	C00049
R07763__cyto	XP_085454552.1	C16219
R05196__cyto	XP_085452466.1	C00718
R05196__cyto	XP_085452466.1	C00031
R05196__cyto	XP_085454730.1	C00718
R05196__cyto	XP_085454730.1	C00031
R05196__cyto	XP_085453932.1	C00718
R05196__cyto	XP_085453932.1	C00031
R05196__cyto	XP_085450519.1	C00718
R05196__cyto	XP_085450519.1	C00031
R05196__cyto	XP_085454717.1	C00718
R05196__cyto	XP_085454717.1	C00031
R05196__cyto	XP_085451384.1	C00718
R05196__cyto	XP_085451384.1	C00031
R05196__cyto	XP_085453589.1	C00718
R05196__cyto	XP_085453589.1	C00031
R05196__cyto	XP_085452617.1	C00718
R05196__cyto	XP_085452617.1	C00031
R05196__cyto	XP_085452048.1	C00718
R05196__cyto	XP_085452048.1	C00031
R05196__cyto	XP_085451779.1	C00718
R05196__cyto	XP_085451779.1	C00031
R07393__cyto	XP_085455657.1	C15650
R07393__cyto	XP_085455684.1	C15650
R07393__cyto	XP_085450809.1	C15650
R07393__cyto	XP_085454014.1	C15650
R07393__cyto	XP_085452195.1	C15650
R07393__cyto	XP_085450454.1	C15650
R07393__cyto	XP_085455705.1	C15650
R07393__cyto	XP_085451439.1	C15650
R01108__cyto	XP_085452427.1	C00051
R01108__cyto	XP_085452427.1	C05422
R02382__cyto	XP_085454480.1	C00483
R02382__cyto	XP_085453989.1	C00483
R00965__cyto	XP_085451510.1	C01103
R11219__cyto	XP_085454671.1	C00613
R00619__cyto	XP_085453485.1	C00378
R12118__cyto	XP_085452763.1	C21918
R12118__cyto	XP_085452763.1	C03024
R06830__cyto	XP_085454179.1	C11822
R06830__cyto	XP_085454977.1	C11822
R06830__cyto	XP_085454552.1	C11822
R06830__cyto	XP_085454953.1	C11822
R01518__cyto	XP_085455054.1	C00631
R01518__cyto	XP_085450940.1	C00631
R00022__cyto	XP_085454379.1	C01674
R01234__cyto	XP_085454950.1	C00942
R01049__cyto	XP_085452853.1	C00117
R01049__cyto	XP_085454099.1	C00117
R01049__cyto	XP_085452619.1	C00117
R01049__cyto	XP_085450775.1	C00117
R00999__cyto	XP_085454910.1	C01118
R07237__cyto	XP_085453724.1	C01051
R07237__cyto	XP_085453181.1	C01051
R07237__cyto	XP_085453159.1	C01051
R07237__cyto	XP_085452032.1	C01051
R07237__cyto	XP_085454829.1	C01051
R07237__cyto	XP_085454330.1	C01051
R07237__cyto	XP_085455431.1	C01051
R07237__cyto	XP_085454129.1	C01051
R07237__cyto	XP_085454643.1	C01051
R07237__cyto	XP_085454636.1	C01051
R07237__cyto	XP_085454277.1	C01051
R07237__cyto	XP_085452734.1	C01051
R07237__cyto	XP_085452745.1	C01051
R07237__cyto	XP_085450629.1	C01051
R04014__cyto	XP_085451777.1	C05223
R04014__cyto	XP_085454314.1	C05223
R02750__cyto	XP_085455608.1	C00673
R07896__cyto	XP_085454068.1	C16335
R07896__cyto	XP_085454067.1	C16335
R07896__cyto	XP_085455297.1	C16335
R06835__cyto	XP_085450431.1	C12834
R03527__cyto	XP_085453992.1	C00963
R03527__cyto	XP_085452137.1	C00963
R03527__cyto	XP_085450344.1	C00963
R04956__mito	XP_085451602.1	C05748
R04956__mito	XP_085452617.1	C05748
R07395__cyto	XP_085451439.1	C15650
R02222__cyto	XP_085454504.1	C00412
R02222__cyto	XP_085454504.1	C00999
R02222__cyto	XP_085455281.1	C00412
R02222__cyto	XP_085455281.1	C00999
R11217__cyto	XP_085454671.1	C04143
R04764__cyto	XP_085454410.1	C05301
R03804__cyto	XP_085452271.1	C04131
R03804__cyto	XP_085454262.1	C04131
R03804__cyto	XP_085451876.1	C04131
R03804__cyto	XP_085454571.1	C04131
R04952__cyto	XP_085450519.1	C01209
R04952__cyto	XP_085450519.1	C05745
R04952__cyto	XP_085450368.1	C01209
R04952__cyto	XP_085450368.1	C05745
R01513__cyto	XP_085453149.1	C00197
R02473__cyto	XP_085455757.1	C00099
R02473__cyto	XP_085455757.1	C00522
R01325__cyto	XP_085452695.1	C00158
R01325__cyto	XP_085454552.1	C00158
R01325__cyto	XP_085454029.1	C00158
R07235__mito	XP_085453724.1	C03226
R07235__mito	XP_085453181.1	C03226
R07235__mito	XP_085453159.1	C03226
R07235__mito	XP_085452032.1	C03226
R07235__mito	XP_085454829.1	C03226
R07235__mito	XP_085455431.1	C03226
R07235__mito	XP_085454129.1	C03226
R07235__mito	XP_085454643.1	C03226
R07235__mito	XP_085454636.1	C03226
R07235__mito	XP_085454277.1	C03226
R07235__mito	XP_085452734.1	C03226
R07235__mito	XP_085452745.1	C03226
R07235__mito	XP_085454330.1	C03226
R03613__cyto	XP_085453039.1	C01573
R04983__cyto	XP_085453724.1	C05803
R04983__cyto	XP_085453181.1	C05803
R04983__cyto	XP_085453159.1	C05803
R04983__cyto	XP_085452032.1	C05803
R04983__cyto	XP_085454829.1	C05803
R04983__cyto	XP_085455431.1	C05803
R04983__cyto	XP_085454129.1	C05803
R04983__cyto	XP_085454643.1	C05803
R04983__cyto	XP_085454636.1	C05803
R04983__cyto	XP_085455300.1	C05803
R04983__cyto	XP_085454277.1	C05803
R04983__cyto	XP_085452734.1	C05803
R04983__cyto	XP_085452745.1	C05803
R04983__cyto	XP_085454330.1	C05803
R07953__cyto	XP_085452799.1	C16173
R07953__cyto	XP_085452799.1	C00024
R00836__cyto	XP_085454260.1	C00029
R00836__cyto	XP_085454260.1	C00092
R00836__cyto	XP_085454022.1	C00029
R00836__cyto	XP_085454022.1	C00092
R00836__cyto	XP_085453766.1	C00029
R00836__cyto	XP_085453766.1	C00092
R00836__cyto	XP_085450476.1	C00029
R00836__cyto	XP_085450476.1	C00092
R00836__cyto	XP_085452828.1	C00029
R00836__cyto	XP_085452828.1	C00092
R00836__cyto	XP_085451816.1	C00029
R00836__cyto	XP_085451816.1	C00092
R00836__cyto	XP_085455049.1	C00029
R00836__cyto	XP_085455049.1	C00092
R00836__cyto	XP_085452971.1	C00029
R00836__cyto	XP_085452971.1	C00092
R00836__cyto	XP_085453785.1	C00029
R00836__cyto	XP_085453785.1	C00092
R00836__cyto	XP_085453996.1	C00029
R00836__cyto	XP_085453996.1	C00092
R00836__cyto	XP_085455513.1	C00029
R00836__cyto	XP_085455513.1	C00092
R00836__cyto	XP_085453727.1	C00029
R00836__cyto	XP_085453727.1	C00092
R00836__cyto	XP_085451234.1	C00029
R00836__cyto	XP_085451234.1	C00092
R00836__cyto	XP_085451607.1	C00029
R00836__cyto	XP_085451607.1	C00092
R00836__cyto	XP_085453235.1	C00029
R00836__cyto	XP_085453235.1	C00092
R00836__cyto	XP_085453771.1	C00029
R00836__cyto	XP_085453771.1	C00092
R00836__cyto	XP_085454233.1	C00029
R00836__cyto	XP_085454233.1	C00092
R00836__cyto	XP_085452712.1	C00029
R00836__cyto	XP_085452712.1	C00092
R00836__cyto	XP_085454714.1	C00029
R00836__cyto	XP_085454714.1	C00092
R00836__cyto	XP_085453588.1	C00029
R00836__cyto	XP_085453588.1	C00092
R00836__cyto	XP_085455241.1	C00029
R00836__cyto	XP_085455241.1	C00092
R00836__cyto	XP_085452223.1	C00029
R00836__cyto	XP_085452223.1	C00092
R00836__cyto	XP_085455138.1	C00029
R00836__cyto	XP_085455138.1	C00092
R00836__cyto	XP_085454783.1	C00029
R00836__cyto	XP_085454783.1	C00092
R00836__cyto	XP_085454748.1	C00029
R00836__cyto	XP_085454748.1	C00092
R00836__cyto	XP_085453213.1	C00029
R00836__cyto	XP_085453213.1	C00092
R00836__cyto	XP_085450896.1	C00029
R00836__cyto	XP_085450896.1	C00092
R00836__cyto	XP_085452819.1	C00029
R00836__cyto	XP_085452819.1	C00092
R00836__cyto	XP_085454232.1	C00029
R00836__cyto	XP_085454232.1	C00092
R02251__cyto	XP_085452466.1	C00422
R02251__cyto	XP_085454730.1	C00422
R02251__cyto	XP_085453932.1	C00422
R02251__cyto	XP_085454717.1	C00422
R02251__cyto	XP_085451384.1	C00422
R02251__cyto	XP_085453589.1	C00422
R02251__cyto	XP_085452048.1	C00422
R02251__cyto	XP_085451779.1	C00422
R07760__cyto	XP_085451128.1	C16217
R07760__cyto	XP_085451127.1	C16217
R08163__cyto	XP_085451777.1	C04088
R08163__cyto	XP_085454314.1	C04088
R00968__cyto	XP_085454042.1	C00299
R01325__mito	XP_085452695.1	C00158
R01325__mito	XP_085454552.1	C00158
R01325__mito	XP_085454029.1	C00158
R07859__cyto	XP_085455674.1	C00157
R04957__pero	XP_085450519.1	C01209
R04957__pero	XP_085450519.1	C05749
R04957__pero	XP_085450368.1	C01209
R04957__pero	XP_085450368.1	C05749
R07015__cyto	XP_085451602.1	C06205
R02848__cyto	XP_085450664.1	C00738
R02848__cyto	XP_085455502.1	C00738
R02848__cyto	XP_085451463.1	C00738
R02848__cyto	XP_085451797.1	C00738
R01676__cyto	XP_085451834.1	C00242
R01676__cyto	XP_085451466.1	C00242
R00650__cyto	XP_085453633.1	C00155
R01896__cyto	XP_085454952.1	C00379
R00430__cyto	XP_085455301.1	C00074
R03681__cyto	XP_085451415.1	C00029
R03681__cyto	XP_085451415.1	C01702
R04604__cyto	XP_085450700.1	C04827
R04604__cyto	XP_085450700.1	C00120
R01230__cyto	XP_085452087.1	C00655
R07761__cyto	XP_085451602.1	C16218
R04325__cyto	XP_085454477.1	C03838
R04325__cyto	XP_085454477.1	C00234
R01326__cyto	XP_085450664.1	C00159
R01326__cyto	XP_085455502.1	C00159
R01326__cyto	XP_085451797.1	C00159
R01827__cyto	XP_085451799.1	C05382
R01827__cyto	XP_085451799.1	C00118
R00524__cyto	XP_085452105.1	C00488
R07892__cyto	XP_085454068.1	C16331
R07892__cyto	XP_085454067.1	C16331
R07892__cyto	XP_085455297.1	C16331
R03777__cyto	XP_085454068.1	C01944
R03777__cyto	XP_085454067.1	C01944
R03777__cyto	XP_085455297.1	C01944
R06522__cyto	XP_085452695.1	C02960
R06522__cyto	XP_085454552.1	C02960
R06522__cyto	XP_085454029.1	C02960
R03118__cyto	XP_085453772.1	C00029
R03118__cyto	XP_085453827.1	C00029
R01548__cyto	XP_085451463.1	C00475
R01548__cyto	XP_085454042.1	C00475
R03180__cyto	XP_085451464.1	C03078
R03180__cyto	XP_085451472.1	C03078
R00308__cyto	XP_085452895.1	C00965
R00308__cyto	XP_085451062.1	C00965
R00308__cyto	XP_085454936.1	C00965
R00967__cyto	XP_085451463.1	C00299
R00967__cyto	XP_085454042.1	C00299
R08198__cyto	XP_085454953.1	C02630
R08198__cyto	XP_085453149.1	C02630
R08198__cyto	XP_085454977.1	C02630
R08198__cyto	XP_085454552.1	C02630
R08198__cyto	XP_085454179.1	C02630
R07950__cyto	XP_085454068.1	C16172
R07950__cyto	XP_085454067.1	C16172
R07950__cyto	XP_085455297.1	C16172
R04730__cyto	XP_085451809.1	C00082
R04730__cyto	XP_085451809.1	C05234
R02909__cyto	XP_085453602.1	C00780
R01547__cyto	XP_085450731.1	C00360
R01547__cyto	XP_085452058.1	C00360
R01547__cyto	XP_085452661.1	C00360
R03778__cyto	XP_085452799.1	C01944
R03778__cyto	XP_085452799.1	C00024
R01177__cyto	XP_085452799.1	C00136
R01177__cyto	XP_085452799.1	C00024
R01177__cyto	XP_085455399.1	C00136
R01177__cyto	XP_085455399.1	C00024
R00742__mito	XP_085453825.1	C00024
R00742__mito	XP_085453825.1	C00288
R10852__cyto	XP_085454977.1	C05519
R04673__mito	XP_085451024.1	C00109
R04673__mito	XP_085451024.1	C05125
R04673__mito	XP_085454339.1	C00109
R04673__mito	XP_085454339.1	C05125
R07891__cyto	XP_085452799.1	C00024
R07891__cyto	XP_085452799.1	C16331
R12428__mito	XP_085452466.1	C22157
R12428__mito	XP_085452466.1	C05752
R12428__mito	XP_085454730.1	C22157
R12428__mito	XP_085454730.1	C05752
R12428__mito	XP_085453932.1	C22157
R12428__mito	XP_085453932.1	C05752
R12428__mito	XP_085454717.1	C22157
R12428__mito	XP_085454717.1	C05752
R12428__mito	XP_085451384.1	C22157
R12428__mito	XP_085451384.1	C05752
R12428__mito	XP_085453589.1	C22157
R12428__mito	XP_085453589.1	C05752
R12428__mito	XP_085452048.1	C22157
R12428__mito	XP_085452048.1	C05752
R12428__mito	XP_085451779.1	C22157
R12428__mito	XP_085451779.1	C05752
R01268__cyto	XP_085452271.1	C00153
R01015__cyto	XP_085454201.1	C00118
R01731__cyto	XP_085453977.1	C00826
R01731__cyto	XP_085453977.1	C00036
R00028__cyto	XP_085451923.1	C00208
R00028__cyto	XP_085451224.1	C00208
R10851__cyto	XP_085454977.1	C05519
R08193__cyto	XP_085450611.1	C00357
R02164__mito	XP_085455642.1	C01967
R02164__mito	XP_085455642.1	C00042
R02164__mito	XP_085454397.1	C01967
R02164__mito	XP_085454397.1	C00042
R02164__mito	XP_085452989.1	C01967
R02164__mito	XP_085452989.1	C00042
R02164__mito	XP_085453328.1	C01967
R02164__mito	XP_085453328.1	C00042
R02164__mito	XP_085453444.1	C01967
R02164__mito	XP_085453444.1	C00042
R07486__cyto	XP_085455406.1	C15782
R07486__cyto	XP_085455406.1	C00999
R04326__cyto	XP_085454477.1	C00445
R04326__cyto	XP_085454477.1	C03838
R01986__cyto	XP_085453865.1	C00555
R01986__cyto	XP_085452122.1	C00555
R01986__cyto	XP_085454779.1	C00555
R12205__cyto	XP_085450727.1	C02050
R12205__cyto	XP_085450727.1	C00999
R01327__cyto	XP_085450664.1	C00159
R01327__cyto	XP_085450664.1	C00081
R01327__cyto	XP_085455502.1	C00159
R01327__cyto	XP_085455502.1	C00081
R01327__cyto	XP_085451463.1	C00159
R01327__cyto	XP_085451463.1	C00081
R01327__cyto	XP_085451797.1	C00159
R01327__cyto	XP_085451797.1	C00081
R07324__cyto	XP_085454468.1	C00092
R03460__cyto	XP_085452194.1	C03175
R03460__cyto	XP_085452194.1	C00074
R03245__cyto	XP_085452705.1	C01107
R06838__cyto	XP_085450431.1	C12838
R11063__cyto	XP_085453633.1	C00155
R11063__cyto	XP_085453633.1	C03172
R07766__mito	XP_085452466.1	C16240
R07766__mito	XP_085452466.1	C05752
R07766__mito	XP_085454730.1	C16240
R07766__mito	XP_085454730.1	C05752
R07766__mito	XP_085453932.1	C16240
R07766__mito	XP_085453932.1	C05752
R07766__mito	XP_085454717.1	C16240
R07766__mito	XP_085454717.1	C05752
R07766__mito	XP_085451384.1	C16240
R07766__mito	XP_085451384.1	C05752
R07766__mito	XP_085453589.1	C16240
R07766__mito	XP_085453589.1	C05752
R07766__mito	XP_085452048.1	C16240
R07766__mito	XP_085452048.1	C05752
R07766__mito	XP_085451779.1	C16240
R07766__mito	XP_085451779.1	C05752
R07765__cyto	XP_085451602.1	C16221
R01395__cyto	XP_085451802.1	C01563
R01395__cyto	XP_085450568.1	C01563
R01395__cyto	XP_085452227.1	C01563
R07392__cyto	XP_085453997.1	C04582
R05000__mito	XP_085450702.1	C00156
R05000__mito	XP_085450702.1	C04145
R10634__cyto	XP_085454305.1	C20743
R10634__cyto	XP_085454618.1	C20743
R01549__cyto	XP_085451463.1	C00299
R01549__cyto	XP_085454042.1	C00299
R02315__cyto	XP_085450477.1	C00449
R01010__cyto	XP_085455657.1	C00111
R01010__cyto	XP_085452803.1	C00111
R01010__cyto	XP_085455684.1	C00111
R01010__cyto	XP_085450809.1	C00111
R01010__cyto	XP_085454014.1	C00111
R01010__cyto	XP_085451358.1	C00111
R01010__cyto	XP_085450454.1	C00111
R01010__cyto	XP_085455287.1	C00111
R01010__cyto	XP_085455705.1	C00111
R01010__cyto	XP_085452195.1	C00111
R00802__cyto	XP_085451119.1	C00089
R00189__cyto	XP_085455532.1	C00857
R10040__cyto	XP_085453992.1	C01594
R10040__cyto	XP_085452137.1	C01594
R10040__cyto	XP_085450344.1	C01594
R01011__mito	XP_085452684.1	C00184
R01826__cyto	XP_085452333.1	C00074
R01826__cyto	XP_085452333.1	C00279
R01826__cyto	XP_085455548.1	C00074
R01826__cyto	XP_085455548.1	C00279
R01013__cyto	XP_085455518.1	C00040
R01013__cyto	XP_085455518.1	C00111
R01013__cyto	XP_085452466.1	C00040
R01013__cyto	XP_085452466.1	C00111
R01013__cyto	XP_085454730.1	C00040
R01013__cyto	XP_085454730.1	C00111
R01013__cyto	XP_085453932.1	C00040
R01013__cyto	XP_085453932.1	C00111
R01013__cyto	XP_085454717.1	C00040
R01013__cyto	XP_085454717.1	C00111
R01013__cyto	XP_085450632.1	C00040
R01013__cyto	XP_085450632.1	C00111
R01013__cyto	XP_085451384.1	C00040
R01013__cyto	XP_085451384.1	C00111
R01013__cyto	XP_085453589.1	C00040
R01013__cyto	XP_085453589.1	C00111
R01013__cyto	XP_085452048.1	C00040
R01013__cyto	XP_085452048.1	C00111
R01013__cyto	XP_085452336.1	C00040
R01013__cyto	XP_085452336.1	C00111
R01013__cyto	XP_085454551.1	C00040
R01013__cyto	XP_085454551.1	C00111
R01013__cyto	XP_085451779.1	C00040
R01013__cyto	XP_085451779.1	C00111
R02534__cyto	XP_085454410.1	C00547
R01730__cyto	XP_085452704.1	C00254
R02756__mito	XP_085454535.1	C00681
R02756__mito	XP_085455215.1	C00681
R02756__mito	XP_085450463.1	C00681
R02038__cyto	XP_085454574.1	C00346
R02038__cyto	XP_085454574.1	C00063
R04390__cyto	XP_085454956.1	C05535
R02814__cyto	XP_085451777.1	C01203
R02814__cyto	XP_085454314.1	C01203
R01923__pero	XP_085452466.1	C00318
R01923__pero	XP_085452466.1	C00154
R01923__pero	XP_085454730.1	C00318
R01923__pero	XP_085454730.1	C00154
R01923__pero	XP_085453932.1	C00318
R01923__pero	XP_085453932.1	C00154
R01923__pero	XP_085454717.1	C00318
R01923__pero	XP_085454717.1	C00154
R01923__pero	XP_085451384.1	C00318
R01923__pero	XP_085451384.1	C00154
R01923__pero	XP_085453589.1	C00318
R01923__pero	XP_085453589.1	C00154
R01923__pero	XP_085452048.1	C00318
R01923__pero	XP_085452048.1	C00154
R01923__pero	XP_085451779.1	C00318
R01923__pero	XP_085451779.1	C00154
R03243__cyto	XP_085455205.1	C01100
R03243__cyto	XP_085455205.1	C00026
R00188__cyto	XP_085454124.1	C00054
R04672__mito	XP_085451024.1	C06010
R04672__mito	XP_085451024.1	C00068
R04672__mito	XP_085454339.1	C06010
R04672__mito	XP_085454339.1	C00068
R02756__cyto	XP_085454535.1	C00681
R02756__cyto	XP_085455215.1	C00681
R02756__cyto	XP_085450463.1	C00681
R01829__cyto	XP_085451810.1	C00447
R06521__cyto	XP_085455657.1	C06124
R06521__cyto	XP_085451977.1	C06124
R06521__cyto	XP_085454747.1	C06124
R06521__cyto	XP_085451831.1	C06124
R06521__cyto	XP_085455684.1	C06124
R06521__cyto	XP_085454014.1	C06124
R06521__cyto	XP_085450809.1	C06124
R06521__cyto	XP_085450454.1	C06124
R06521__cyto	XP_085455705.1	C06124
R06521__cyto	XP_085452780.1	C06124
R06521__cyto	XP_085452195.1	C06124
R07606__cyto	XP_085452466.1	C00343
R07606__cyto	XP_085452466.1	C00073
R07606__cyto	XP_085454730.1	C00343
R07606__cyto	XP_085454730.1	C00073
R07606__cyto	XP_085453932.1	C00343
R07606__cyto	XP_085453932.1	C00073
R07606__cyto	XP_085454717.1	C00343
R07606__cyto	XP_085454717.1	C00073
R07606__cyto	XP_085451384.1	C00343
R07606__cyto	XP_085451384.1	C00073
R07606__cyto	XP_085453589.1	C00343
R07606__cyto	XP_085453589.1	C00073
R07606__cyto	XP_085452048.1	C00343
R07606__cyto	XP_085452048.1	C00073
R07606__cyto	XP_085451779.1	C00343
R07606__cyto	XP_085451779.1	C00073
R02976__cyto	XP_085453153.1	C00836
R04328__cyto	XP_085454179.1	C01189
R04328__cyto	XP_085453196.1	C01189
R04328__cyto	XP_085453729.1	C01189
R04328__cyto	XP_085450818.1	C01189
R04328__cyto	XP_085454953.1	C01189
R04328__cyto	XP_085454977.1	C01189
R04328__cyto	XP_085454552.1	C01189
R02161__mito	XP_085453975.1	C00125
R02161__mito	XP_085454985.1	C00125
R02161__mito	XP_085454810.1	C00125
R02161__mito	XP_085451335.1	C00125
R02161__mito	XP_085455098.1	C00125
R02161__mito	XP_085454465.1	C00125
R02161__mito	XP_085450549.1	C00125
R00742__cyto	XP_085453825.1	C00024
R00742__cyto	XP_085453825.1	C00288
R03522__cyto	XP_085452427.1	C01322
R03522__cyto	XP_085452427.1	C00051
R03522__cyto	XP_085452152.1	C01322
R03522__cyto	XP_085452152.1	C00051
R03522__cyto	XP_085455726.1	C01322
R03522__cyto	XP_085455726.1	C00051
R03522__cyto	XP_085452146.1	C01322
R03522__cyto	XP_085452146.1	C00051
R03522__cyto	XP_085452493.1	C01322
R03522__cyto	XP_085452493.1	C00051
R01231__cyto	XP_085452087.1	C00655
R01231__cyto	XP_085452087.1	C00064
R04391__cyto	XP_085451463.1	C04079
R06740__cyto	XP_085454480.1	C01672
R06740__cyto	XP_085453989.1	C01672
R00962__cyto	XP_085451463.1	C00475
R00962__cyto	XP_085451463.1	C00081
R00962__cyto	XP_085454042.1	C00475
R00962__cyto	XP_085454042.1	C00081
R07489__cyto	XP_085450451.1	C01753
R07489__cyto	XP_085450727.1	C01753
R00187__cyto	XP_085452160.1	C06197
R00187__cyto	XP_085451333.1	C06197
R00187__cyto	XP_085451775.1	C06197
R00187__cyto	XP_085450966.1	C06197
R01013__mito	XP_085455518.1	C00040
R01013__mito	XP_085455518.1	C00111
R01013__mito	XP_085452466.1	C00040
R01013__mito	XP_085452466.1	C00111
R01013__mito	XP_085454730.1	C00040
R01013__mito	XP_085454730.1	C00111
R01013__mito	XP_085453932.1	C00040
R01013__mito	XP_085453932.1	C00111
R01013__mito	XP_085454717.1	C00040
R01013__mito	XP_085454717.1	C00111
R01013__mito	XP_085450632.1	C00040
R01013__mito	XP_085450632.1	C00111
R01013__mito	XP_085451384.1	C00040
R01013__mito	XP_085451384.1	C00111
R01013__mito	XP_085453589.1	C00040
R01013__mito	XP_085453589.1	C00111
R01013__mito	XP_085452048.1	C00040
R01013__mito	XP_085452048.1	C00111
R01013__mito	XP_085452336.1	C00040
R01013__mito	XP_085452336.1	C00111
R01013__mito	XP_085454551.1	C00040
R01013__mito	XP_085454551.1	C00111
R01013__mito	XP_085451779.1	C00040
R01013__mito	XP_085451779.1	C00111
R03024__cyto	XP_085450802.1	C03360
R03024__cyto	XP_085450982.1	C03360
R01890__cyto	XP_085450973.1	C00588
R01890__cyto	XP_085450973.1	C00063
R00801__cyto	XP_085451119.1	C00089
R00245__cyto	XP_085450883.1	C01165
R01011__cyto	XP_085452684.1	C00184
R04171__cyto	XP_085455643.1	C00026
R04171__cyto	XP_085455643.1	C03227
R06520__cyto	XP_085453807.1	C01120
R00235__cyto	XP_085455661.1	C00033
R00235__cyto	XP_085455048.1	C00033
R00940__mito	XP_085453666.1	C00101
R01512__cyto	XP_085454186.1	C00197
R07477__cyto	XP_085454348.1	C00315
R02236__cyto	XP_085453666.1	C00415
R05066__cyto	XP_085454179.1	C06001
R05066__cyto	XP_085454977.1	C06001
R05066__cyto	XP_085454552.1	C06001
R05066__cyto	XP_085454953.1	C06001
R00256__mito	XP_085451802.1	C00064
R00256__mito	XP_085450568.1	C00064
R00256__mito	XP_085452227.1	C00064
R03534__mito	XP_085450907.1	C02630
R06517__cyto	XP_085452250.1	C00040
R06517__cyto	XP_085452250.1	C00836
R06517__cyto	XP_085450813.1	C00040
R06517__cyto	XP_085450813.1	C00836
R02472__cyto	XP_085453797.1	C00522
R02472__cyto	XP_085455432.1	C00522
R02472__cyto	XP_085454154.1	C00522
R03239__cyto	XP_085451508.1	C01097
R03239__cyto	XP_085451508.1	C00081
R03239__cyto	XP_085450877.1	C01097
R03239__cyto	XP_085450877.1	C00081
R10952__cyto	XP_085452389.1	C01277
R10952__cyto	XP_085451627.1	C01277
R10952__cyto	XP_085452195.1	C01277
R06927__cyto	XP_085454475.1	C02909
R06927__cyto	XP_085455283.1	C02909
R06927__cyto	XP_085455234.1	C02909
R06927__cyto	XP_085450897.1	C02909
R10711__cyto	XP_085454260.1	C20784
R10711__cyto	XP_085453766.1	C20784
R10711__cyto	XP_085450476.1	C20784
R10711__cyto	XP_085452828.1	C20784
R10711__cyto	XP_085451816.1	C20784
R10711__cyto	XP_085455049.1	C20784
R10711__cyto	XP_085452971.1	C20784
R10711__cyto	XP_085453785.1	C20784
R10711__cyto	XP_085453996.1	C20784
R10711__cyto	XP_085455513.1	C20784
R10711__cyto	XP_085453727.1	C20784
R10711__cyto	XP_085451234.1	C20784
R10711__cyto	XP_085451607.1	C20784
R10711__cyto	XP_085453235.1	C20784
R10711__cyto	XP_085453771.1	C20784
R10711__cyto	XP_085454233.1	C20784
R10711__cyto	XP_085452712.1	C20784
R10711__cyto	XP_085454714.1	C20784
R10711__cyto	XP_085455241.1	C20784
R10711__cyto	XP_085452223.1	C20784
R10711__cyto	XP_085455138.1	C20784
R10711__cyto	XP_085454783.1	C20784
R10711__cyto	XP_085454748.1	C20784
R10711__cyto	XP_085453213.1	C20784
R10711__cyto	XP_085450896.1	C20784
R10711__cyto	XP_085452819.1	C20784
R10711__cyto	XP_085454232.1	C20784
R00197__cyto	XP_085455224.1	C00256
R00197__cyto	XP_085455224.1	C00125
R00197__cyto	XP_085454209.1	C00256
R00197__cyto	XP_085454209.1	C00125
R04173__cyto	XP_085454792.1	C01005
R04173__cyto	XP_085454792.1	C00026
R01325__pero	XP_085452695.1	C00158
R01325__pero	XP_085454552.1	C00158
R01325__pero	XP_085454029.1	C00158
R00814__cyto	XP_085451602.1	C04221
R02100__cyto	XP_085452171.1	C00460
R08770__mito	XP_085452602.1	C03885
R02088__cyto	XP_085453945.1	C00360
R02088__cyto	XP_085453944.1	C00360
R02088__cyto	XP_085453174.1	C00360
R00709__mito	XP_085454476.1	C00311
R00709__mito	XP_085450798.1	C00311
R00945__mito	XP_085451796.1	C00037
R00945__mito	XP_085451796.1	C00143
R00945__mito	XP_085455458.1	C00037
R00945__mito	XP_085455458.1	C00143
R10783__cyto	XP_085450897.1	C16310
R10783__cyto	XP_085454953.1	C16310
R10783__cyto	XP_085455283.1	C16310
R10783__cyto	XP_085454475.1	C16310
R10783__cyto	XP_085454977.1	C16310
R10783__cyto	XP_085454179.1	C16310
R10783__cyto	XP_085454552.1	C16310
R10783__cyto	XP_085455234.1	C16310
R04558__mito	XP_085455540.1	C00025
R04558__mito	XP_085455540.1	C04677
R04558__mito	XP_085455540.1	C04666
R09511__cyto	XP_085453903.1	C05544
R09511__cyto	XP_085453903.1	C00026
R09511__cyto	XP_085455184.1	C05544
R09511__cyto	XP_085455184.1	C00026
R09511__cyto	XP_085450526.1	C05544
R09511__cyto	XP_085450526.1	C00026
R09511__cyto	XP_085453902.1	C05544
R09511__cyto	XP_085453902.1	C00026
R09511__cyto	XP_085452437.1	C05544
R09511__cyto	XP_085452437.1	C00026
R09511__cyto	XP_085451418.1	C05544
R09511__cyto	XP_085451418.1	C00026
R09511__cyto	XP_085452147.1	C05544
R09511__cyto	XP_085452147.1	C00026
R09511__cyto	XP_085454903.1	C05544
R09511__cyto	XP_085454903.1	C00026
R00214__cyto	XP_085452056.1	C00149
R07215__cyto	XP_085455406.1	C01189
R07215__cyto	XP_085455406.1	C00999
R05640__cyto	XP_085452763.1	C03024
R05640__cyto	XP_085452763.1	C01724
R11097__cyto	XP_085450451.1	C21106
R11097__cyto	XP_085450727.1	C21106
R07105__cyto	XP_085454475.1	C06899
R07105__cyto	XP_085455283.1	C06899
R07105__cyto	XP_085455234.1	C06899
R07105__cyto	XP_085450897.1	C06899
R01969__cyto	XP_085452422.1	C00330
R00497__cyto	XP_085451573.1	C00037
R00497__cyto	XP_085451573.1	C00669
R01392__pero	XP_085454179.1	C00258
R01392__pero	XP_085454977.1	C00258
R01392__pero	XP_085454552.1	C00258
R01392__pero	XP_085454953.1	C00258
R02920__cyto	XP_085454410.1	C00788
R04216__cyto	XP_085452987.1	C03021
R04216__cyto	XP_085452987.1	C04213
R01402__cyto	XP_085454011.1	C00170
R08280__cyto	XP_085452146.1	C00051
R08280__cyto	XP_085452146.1	C07645
R08280__cyto	XP_085455726.1	C00051
R08280__cyto	XP_085455726.1	C07645
R08280__cyto	XP_085452152.1	C00051
R08280__cyto	XP_085452152.1	C07645
R08280__cyto	XP_085452493.1	C00051
R08280__cyto	XP_085452493.1	C07645
R04457__cyto	XP_085450736.1	C04732
R04457__cyto	XP_085450736.1	C15556
R04998__cyto	XP_085453992.1	C05839
R04998__cyto	XP_085452137.1	C05839
R04998__cyto	XP_085450344.1	C05839
R08280__mito	XP_085452146.1	C00051
R08280__mito	XP_085452146.1	C07645
R08280__mito	XP_085455726.1	C00051
R08280__mito	XP_085455726.1	C07645
R08280__mito	XP_085452152.1	C00051
R08280__mito	XP_085452152.1	C07645
R08280__mito	XP_085452493.1	C00051
R08280__mito	XP_085452493.1	C07645
R00996__cyto	XP_085454794.1	C00188
R00996__cyto	XP_085452883.1	C00188
R00996__cyto	XP_085454743.1	C00188
R04867__cyto	XP_085455130.1	C05545
R04867__cyto	XP_085452885.1	C05545
R04867__cyto	XP_085453365.1	C05545
R07400__cyto	XP_085451636.1	C00916
R07400__cyto	XP_085451249.1	C00916
R07400__cyto	XP_085452238.1	C00916
R07400__cyto	XP_085450834.1	C00916
R01018__cyto	XP_085453242.1	C00063
R01018__cyto	XP_085453242.1	C00381
R02282__cyto	XP_085451266.1	C00437
R02282__cyto	XP_085451266.1	C00025
R11896__cyto	XP_085452171.1	C21751
R00835__cyto	XP_085451135.1	C00092
R02971__cyto	XP_085451463.1	C00831
R05691__cyto	XP_085450818.1	C08825
R05691__cyto	XP_085454953.1	C08825
R05691__cyto	XP_085454977.1	C08825
R05691__cyto	XP_085454552.1	C08825
R05691__cyto	XP_085454179.1	C08825
R04558__cyto	XP_085455540.1	C00025
R04558__cyto	XP_085455540.1	C04677
R04558__cyto	XP_085455540.1	C04666
R07100__cyto	XP_085452146.1	C00051
R07100__cyto	XP_085452146.1	C06790
R07100__cyto	XP_085455726.1	C00051
R07100__cyto	XP_085455726.1	C06790
R07100__cyto	XP_085452152.1	C00051
R07100__cyto	XP_085452152.1	C06790
R07100__cyto	XP_085452493.1	C00051
R07100__cyto	XP_085452493.1	C06790
R04321__cyto	XP_085452120.1	C03820
R04321__cyto	XP_085452120.1	C00307
R02472__mito	XP_085453797.1	C00522
R02472__mito	XP_085455432.1	C00522
R02472__mito	XP_085454154.1	C00522
R03665__cyto	XP_085454531.1	C01653
R03665__cyto	XP_085454531.1	C00183
R07456__cyto	XP_085452899.1	C00199
R07456__cyto	XP_085452899.1	C00064
R07456__cyto	XP_085452899.1	C00118
R07456__cyto	XP_085452898.1	C00199
R07456__cyto	XP_085452898.1	C00064
R07456__cyto	XP_085452898.1	C00118
R02493__cyto	XP_085451941.1	C00534
R02493__cyto	XP_085454153.1	C00534
R01790__cyto	XP_085453194.1	C00369
R06863__cyto	XP_085455284.1	C05382
R06863__cyto	XP_085455284.1	C00068
R00214__mito	XP_085452056.1	C00149
R11861__mito	XP_085455194.1	C00051
R04537__cyto	XP_085452695.1	C04620
R04537__cyto	XP_085452617.1	C04620
R08539__cyto	XP_085451293.1	C00996
R00725__cyto	XP_085450664.1	C00081
R00725__cyto	XP_085450664.1	C00031
R00725__cyto	XP_085455502.1	C00081
R00725__cyto	XP_085455502.1	C00031
R00725__cyto	XP_085451463.1	C00081
R00725__cyto	XP_085451463.1	C00031
R00725__cyto	XP_085451797.1	C00081
R00725__cyto	XP_085451797.1	C00031
R04300__cyto	XP_085454480.1	C03758
R04300__cyto	XP_085453989.1	C03758
R00256__cyto	XP_085451802.1	C00064
R00256__cyto	XP_085450568.1	C00064
R00256__cyto	XP_085452227.1	C00064
R02747__mito	XP_085453396.1	C04233
R00755__cyto	XP_085452379.1	C05125
R00755__cyto	XP_085453710.1	C05125
R01318__cyto	XP_085452466.1	C00040
R01318__cyto	XP_085452466.1	C04230
R00066__cyto	XP_085452793.1	C04332
R03424__cyto	XP_085450482.1	C01241
R09832__cyto	XP_085451775.1	C19967
R09832__cyto	XP_085452160.1	C19967
R09832__cyto	XP_085450966.1	C19967
R09832__cyto	XP_085455354.1	C19967
R09832__cyto	XP_085451333.1	C19967
R02142__cyto	XP_085454769.1	C00385
R02142__cyto	XP_085454769.1	C00119
R00945__cyto	XP_085451796.1	C00037
R00945__cyto	XP_085451796.1	C00143
R00945__cyto	XP_085455458.1	C00037
R00945__cyto	XP_085455458.1	C00143
R06364__cyto	XP_085452120.1	C03201
R06364__cyto	XP_085452120.1	C00570
R00479__pero	XP_085455057.1	C00311
R01648__cyto	XP_085455132.1	C00026
R01648__cyto	XP_085455132.1	C00334
R01648__cyto	XP_085453673.1	C00026
R01648__cyto	XP_085453673.1	C00334
R07316__cyto	XP_085452695.1	C01563
R07316__cyto	XP_085454029.1	C01563
R07316__cyto	XP_085452271.1	C01563
R07316__cyto	XP_085454571.1	C01563
R07316__cyto	XP_085454552.1	C01563
R07316__cyto	XP_085451876.1	C01563
R04427__cyto	XP_085451905.1	C05437
R01868__cyto	XP_085454448.1	C01967
R01868__cyto	XP_085454448.1	C00337
R05551__cyto	XP_085451464.1	C01659
R05551__cyto	XP_085451472.1	C01659
R11765__mito	XP_085453666.1	C00272
R00713__cyto	XP_085451243.1	C00232
R00713__cyto	XP_085454443.1	C00232
R10057__cyto	XP_085453196.1	C04530
R10057__cyto	XP_085453196.1	C00999
R03269__cyto	XP_085454246.1	C04352
R03269__cyto	XP_085455166.1	C04352
R02878__cyto	XP_085450897.1	C00756
R02878__cyto	XP_085454953.1	C00756
R02878__cyto	XP_085455283.1	C00756
R02878__cyto	XP_085454475.1	C00756
R02878__cyto	XP_085454977.1	C00756
R02878__cyto	XP_085454179.1	C00756
R02878__cyto	XP_085454552.1	C00756
R02878__cyto	XP_085455234.1	C00756
R07481__cyto	XP_085451905.1	C01902
R11193__cyto	XP_085453724.1	C21022
R11193__cyto	XP_085453181.1	C21022
R11193__cyto	XP_085453159.1	C21022
R11193__cyto	XP_085452032.1	C21022
R11193__cyto	XP_085454829.1	C21022
R11193__cyto	XP_085455431.1	C21022
R11193__cyto	XP_085454129.1	C21022
R11193__cyto	XP_085454643.1	C21022
R11193__cyto	XP_085454636.1	C21022
R11193__cyto	XP_085454277.1	C21022
R11193__cyto	XP_085454619.1	C21022
R11193__cyto	XP_085452734.1	C21022
R11193__cyto	XP_085452745.1	C21022
R11193__cyto	XP_085454330.1	C21022
R02135__cyto	XP_085455287.1	C01081
R02135__cyto	XP_085452803.1	C01081
R02135__cyto	XP_085451358.1	C01081
R00987__cyto	XP_085453106.1	C00328
R01039__cyto	XP_085455237.1	C00116
R09372__cyto	XP_085452415.1	C18902
R07092__cyto	XP_085452146.1	C14857
R07092__cyto	XP_085452146.1	C00051
R07092__cyto	XP_085455726.1	C14857
R07092__cyto	XP_085455726.1	C00051
R07092__cyto	XP_085452152.1	C14857
R07092__cyto	XP_085452152.1	C00051
R07092__cyto	XP_085452493.1	C14857
R07092__cyto	XP_085452493.1	C00051
R02294__cyto	XP_085452422.1	C03150
R00391__cyto	XP_085452466.1	C00264
R00391__cyto	XP_085454730.1	C00264
R00391__cyto	XP_085453932.1	C00264
R00391__cyto	XP_085454717.1	C00264
R00391__cyto	XP_085451384.1	C00264
R00391__cyto	XP_085453589.1	C00264
R00391__cyto	XP_085452048.1	C00264
R00391__cyto	XP_085452799.1	C00264
R00391__cyto	XP_085451779.1	C00264
R04963__cyto	XP_085450519.1	C01209
R04963__cyto	XP_085450519.1	C05755
R04963__cyto	XP_085450368.1	C01209
R04963__cyto	XP_085450368.1	C05755
R09220__cyto	XP_085450431.1	C18309
R00010__cyto	XP_085453512.1	C01083
R00010__cyto	XP_085455080.1	C01083
R01639__cyto	XP_085454890.1	C00310
R10052__cyto	XP_085453063.1	C04411
R08159__cyto	XP_085451777.1	C05761
R08159__cyto	XP_085454314.1	C05761
R11034__cyto	XP_085452695.1	C11930
R11034__cyto	XP_085454552.1	C11930
R11034__cyto	XP_085454029.1	C11930
R01373__cyto	XP_085452695.1	C00254
R01373__cyto	XP_085454552.1	C00254
R01373__cyto	XP_085454029.1	C00254
R00670__cyto	XP_085451529.1	C00077
R11861__cyto	XP_085455194.1	C00051
R04956__cyto	XP_085451602.1	C05748
R04956__cyto	XP_085452617.1	C05748
R00277__cyto	XP_085451419.1	C00647
R00277__cyto	XP_085453664.1	C00647
R05329__cyto	XP_085454348.1	C00315
R05329__cyto	XP_085454348.1	C07281
R00549__cyto	XP_085451463.1	C00255
R02923__pero	XP_085451636.1	C00792
R02923__pero	XP_085451249.1	C00792
R02923__pero	XP_085452238.1	C00792
R02923__pero	XP_085450834.1	C00792
R08548__cyto	XP_085452195.1	C01094
R08548__cyto	XP_085455657.1	C01094
R08548__cyto	XP_085450454.1	C01094
R08548__cyto	XP_085455705.1	C01094
R08548__cyto	XP_085454014.1	C01094
R08548__cyto	XP_085455684.1	C01094
R08548__cyto	XP_085450809.1	C01094
R01870__cyto	XP_085454088.1	C01103
R00057__cyto	XP_085453173.1	C01525
R00057__cyto	XP_085451666.1	C01525
R03051__mito	XP_085455120.1	C00900
R00996__mito	XP_085454794.1	C00188
R00996__mito	XP_085452883.1	C00188
R00996__mito	XP_085454743.1	C00188
R03438__cyto	XP_085452466.1	C00040
R03438__cyto	XP_085452466.1	C04317
R03438__cyto	XP_085454730.1	C00040
R03438__cyto	XP_085454730.1	C04317
R03438__cyto	XP_085453932.1	C00040
R03438__cyto	XP_085453932.1	C04317
R03438__cyto	XP_085454717.1	C00040
R03438__cyto	XP_085454717.1	C04317
R03438__cyto	XP_085451384.1	C00040
R03438__cyto	XP_085451384.1	C04317
R03438__cyto	XP_085453589.1	C00040
R03438__cyto	XP_085453589.1	C04317
R03438__cyto	XP_085452048.1	C00040
R03438__cyto	XP_085452048.1	C04317
R03438__cyto	XP_085451779.1	C00040
R03438__cyto	XP_085451779.1	C04317
R02058__cyto	XP_085451893.1	C00352
R02058__cyto	XP_085451893.1	C00024
R04968__cyto	XP_085450519.1	C01209
R04968__cyto	XP_085450519.1	C05761
R04968__cyto	XP_085450368.1	C01209
R04968__cyto	XP_085450368.1	C05761
R05734__cyto	XP_085453196.1	C11509
R05734__cyto	XP_085453196.1	C00999
R10116__cyto	XP_085454552.1	C20372
R05070__mito	XP_085452854.1	C06007
R05286__cyto	XP_085453865.1	C06754
R05286__cyto	XP_085452122.1	C06754
R05286__cyto	XP_085454779.1	C06754
R07362__cyto	XP_085453533.1	C00525
R07362__cyto	XP_085453602.1	C00525
R04959__mito	XP_085451602.1	C05751
R04959__mito	XP_085452617.1	C05751
R02016__cyto	XP_085452415.1	C00342
R01529__cyto	XP_085453704.1	C00199
R01039__mito	XP_085455237.1	C00116
R01526__cyto	XP_085453801.1	C00309
R00221__cyto	XP_085454398.1	C00740
R07025__cyto	XP_085452146.1	C00051
R07025__cyto	XP_085452146.1	C14800
R07025__cyto	XP_085455726.1	C00051
R07025__cyto	XP_085455726.1	C14800
R07025__cyto	XP_085452152.1	C00051
R07025__cyto	XP_085452152.1	C14800
R07025__cyto	XP_085452493.1	C00051
R07025__cyto	XP_085452493.1	C14800
R00767__cyto	XP_085451508.1	C00063
R00767__cyto	XP_085451508.1	C00085
R00767__cyto	XP_085451463.1	C00063
R00767__cyto	XP_085451463.1	C00085
R00767__cyto	XP_085450877.1	C00063
R00767__cyto	XP_085450877.1	C00085
R07899__cyto	XP_085452799.1	C16339
R07899__cyto	XP_085452799.1	C00024
R04972__cyto	XP_085452817.1	C05766
R06875__cyto	XP_085452195.1	C11554
R06875__cyto	XP_085455657.1	C11554
R06875__cyto	XP_085450454.1	C11554
R06875__cyto	XP_085455705.1	C11554
R06875__cyto	XP_085454014.1	C11554
R06875__cyto	XP_085455684.1	C11554
R06875__cyto	XP_085450809.1	C11554
R01964__cyto	XP_085450664.1	C00081
R01964__cyto	XP_085450664.1	C00329
R01964__cyto	XP_085455502.1	C00081
R01964__cyto	XP_085455502.1	C00329
R01964__cyto	XP_085451463.1	C00081
R01964__cyto	XP_085451463.1	C00329
R01964__cyto	XP_085451797.1	C00081
R01964__cyto	XP_085451797.1	C00329
R10994__cyto	XP_085451573.1	C00037
R10994__cyto	XP_085451573.1	C21015
R00052__cyto	XP_085453216.1	C01327
R00052__cyto	XP_085453216.1	C00027
R00052__cyto	XP_085453216.1	C01371
R02557__cyto	XP_085452422.1	C00559
R03222__cyto	XP_085453155.1	C01079
R12403__cyto	XP_085453196.1	C05103
R12403__cyto	XP_085453196.1	C00999
R00006__mito	XP_085451024.1	C00900
R00006__mito	XP_085454339.1	C00900
R01863__cyto	XP_085452422.1	C00294
R01177__pero	XP_085452799.1	C00136
R01177__pero	XP_085452799.1	C00024
R01177__pero	XP_085455399.1	C00136
R01177__pero	XP_085455399.1	C00024
R02887__cyto	XP_085453992.1	C01898
R02887__cyto	XP_085452137.1	C01898
R02887__cyto	XP_085450344.1	C01898
R03220__cyto	XP_085452484.1	C03263
R11674__pero	XP_085451602.1	C21175
R11674__pero	XP_085451602.1	C00138
R00551__cyto	XP_085450861.1	C00062
R00830__mito	XP_085454212.1	C00037
R00830__mito	XP_085454212.1	C00091
R02236__mito	XP_085453666.1	C00415
R03319__cyto	XP_085450576.1	C01171
R03319__cyto	XP_085455242.1	C01171
R03990__cyto	XP_085454068.1	C02593
R03990__cyto	XP_085454067.1	C02593
R03990__cyto	XP_085455297.1	C02593
R10120__cyto	XP_085454552.1	C20376
R05615__cyto	XP_085450702.1	C04146
R05615__cyto	XP_085450702.1	C00156
R00709__cyto	XP_085454476.1	C00311
R00709__cyto	XP_085450798.1	C00311
R07083__cyto	XP_085452146.1	C00051
R07083__cyto	XP_085452146.1	C14851
R07083__cyto	XP_085455726.1	C00051
R07083__cyto	XP_085455726.1	C14851
R07083__cyto	XP_085452152.1	C00051
R07083__cyto	XP_085452152.1	C14851
R07083__cyto	XP_085452493.1	C00051
R07083__cyto	XP_085452493.1	C14851
R04959__cyto	XP_085451602.1	C05751
R04959__cyto	XP_085452617.1	C05751
R05725__cyto	XP_085454399.1	C00533
R00936__mito	XP_085453666.1	C00101
R03660__cyto	XP_085455015.1	C01648
R03660__cyto	XP_085455015.1	C00079
R03660__cyto	XP_085452499.1	C01648
R03660__cyto	XP_085452499.1	C00079
R03660__cyto	XP_085453783.1	C01648
R03660__cyto	XP_085453783.1	C00079
R10826__cyto	XP_085454179.1	C20878
R10826__cyto	XP_085454977.1	C20878
R10826__cyto	XP_085454552.1	C20878
R10826__cyto	XP_085454953.1	C20878
R03869__cyto	XP_085453865.1	C06002
R03869__cyto	XP_085452122.1	C06002
R03869__cyto	XP_085454779.1	C06002
R02894__cyto	XP_085451636.1	C00763
R02894__cyto	XP_085451249.1	C00763
R02894__cyto	XP_085452238.1	C00763
R02894__cyto	XP_085450834.1	C00763
R02291__cyto	XP_085455315.1	C03082
R03330__cyto	XP_085452195.1	C04062
R03330__cyto	XP_085455657.1	C04062
R03330__cyto	XP_085450454.1	C04062
R03330__cyto	XP_085455705.1	C04062
R03330__cyto	XP_085454014.1	C04062
R03330__cyto	XP_085455684.1	C04062
R03330__cyto	XP_085450809.1	C04062
R12405__cyto	XP_085450818.1	C22136
R00771__cyto	XP_085453621.1	C00092
R07034__cyto	XP_085454140.1	C05356
R07034__cyto	XP_085454140.1	C00051
R07034__cyto	XP_085455122.1	C05356
R07034__cyto	XP_085455122.1	C00051
R04968__pero	XP_085450519.1	C01209
R04968__pero	XP_085450519.1	C05761
R04968__pero	XP_085450368.1	C01209
R04968__pero	XP_085450368.1	C05761
R00842__mito	XP_085455353.1	C00111
R00842__mito	XP_085455129.1	C00111
R01004__cyto	XP_085453756.1	C00621
R00678__cyto	XP_085453602.1	C00078
R01057__cyto	XP_085450576.1	C00620
R01057__cyto	XP_085455242.1	C00620
R04509__cyto	XP_085450857.1	C04556
R10208__cyto	XP_085452695.1	C01271
R00465__pero	XP_085454179.1	C00048
R00465__pero	XP_085454977.1	C00048
R00465__pero	XP_085454552.1	C00048
R00465__pero	XP_085454953.1	C00048
R02412__cyto	XP_085452194.1	C00493
R02508__cyto	XP_085454910.1	C00542
R02508__cyto	XP_085454910.1	C00042
R01135__cyto	XP_085450799.1	C00130
R01135__cyto	XP_085450799.1	C00049
R04035__cyto	XP_085455142.1	C02739
R02543__cyto	XP_085452466.1	C00040
R02543__cyto	XP_085452466.1	C03640
R02543__cyto	XP_085454730.1	C00040
R02543__cyto	XP_085454730.1	C03640
R02543__cyto	XP_085453932.1	C00040
R02543__cyto	XP_085453932.1	C03640
R02543__cyto	XP_085454717.1	C00040
R02543__cyto	XP_085454717.1	C03640
R02543__cyto	XP_085451384.1	C00040
R02543__cyto	XP_085451384.1	C03640
R02543__cyto	XP_085453589.1	C00040
R02543__cyto	XP_085453589.1	C03640
R02543__cyto	XP_085452048.1	C00040
R02543__cyto	XP_085452048.1	C03640
R02543__cyto	XP_085451779.1	C00040
R02543__cyto	XP_085451779.1	C03640
R07460__mito	XP_085453064.1	C15811
R07460__mito	XP_085453064.1	C00097
R03656__cyto	XP_085454361.1	C01644
R03656__cyto	XP_085454361.1	C00407
R03656__cyto	XP_085453955.1	C01644
R03656__cyto	XP_085453955.1	C00407
R02985__cyto	XP_085453992.1	C00844
R02985__cyto	XP_085453992.1	C00031
R02985__cyto	XP_085452137.1	C00844
R02985__cyto	XP_085452137.1	C00031
R02985__cyto	XP_085450344.1	C00844
R02985__cyto	XP_085450344.1	C00031
R04963__pero	XP_085450519.1	C01209
R04963__pero	XP_085450519.1	C05755
R04963__pero	XP_085450368.1	C01209
R04963__pero	XP_085450368.1	C05755
R04209__cyto	XP_085455616.1	C04751
R00847__mito	XP_085450945.1	C00116
R02760__mito	XP_085452466.1	C00040
R02760__mito	XP_085452466.1	C00681
R02760__mito	XP_085451715.1	C00040
R02760__mito	XP_085451715.1	C00681
R02760__mito	XP_085453932.1	C00040
R02760__mito	XP_085453932.1	C00681
R02760__mito	XP_085454730.1	C00040
R02760__mito	XP_085454730.1	C00681
R02760__mito	XP_085454717.1	C00040
R02760__mito	XP_085454717.1	C00681
R02760__mito	XP_085455674.1	C00040
R02760__mito	XP_085455674.1	C00681
R02760__mito	XP_085451384.1	C00040
R02760__mito	XP_085451384.1	C00681
R02760__mito	XP_085453589.1	C00040
R02760__mito	XP_085453589.1	C00681
R02760__mito	XP_085452048.1	C00040
R02760__mito	XP_085452048.1	C00681
R02760__mito	XP_085455624.1	C00040
R02760__mito	XP_085455624.1	C00681
R02760__mito	XP_085451779.1	C00040
R02760__mito	XP_085451779.1	C00681
R04724__cyto	XP_085451602.1	C05758
R09030__cyto	XP_085453024.1	C02962
R01130__cyto	XP_085452916.1	C00130
R00289__cyto	XP_085452141.1	C00103
R00659__cyto	XP_085455301.1	C00022
R00659__cyto	XP_085451463.1	C00022
R02527__cyto	XP_085454179.1	C00937
R02527__cyto	XP_085454977.1	C00937
R02527__cyto	XP_085454552.1	C00937
R02527__cyto	XP_085454953.1	C00937
R01315__cyto	XP_085455674.1	C00157
R00769__cyto	XP_085451508.1	C00085
R00769__cyto	XP_085451463.1	C00085
R00769__cyto	XP_085450877.1	C00085
R01009__cyto	XP_085453340.1	C00096
R01009__cyto	XP_085453340.1	C00110
R01009__cyto	XP_085453408.1	C00096
R01009__cyto	XP_085453408.1	C00110
R01009__cyto	XP_085453575.1	C00096
R01009__cyto	XP_085453575.1	C00110
R02133__cyto	XP_085450857.1	C00378
R01071__cyto	XP_085451818.1	C00119
R01800__cyto	XP_085451862.1	C00065
R01800__cyto	XP_085451862.1	C00269
R07149__cyto	XP_085453729.1	C04840
R07149__cyto	XP_085454953.1	C04840
R07149__cyto	XP_085454977.1	C04840
R07149__cyto	XP_085454552.1	C04840
R07149__cyto	XP_085454179.1	C04840
R01352__cyto	XP_085452095.1	C02112
R01352__cyto	XP_085454974.1	C02112
R01352__cyto	XP_085453337.1	C02112
R01352__cyto	XP_085455758.1	C02112
R01352__cyto	XP_085455599.1	C02112
R01352__cyto	XP_085453589.1	C02112
R01352__cyto	XP_085454713.1	C02112
R01352__cyto	XP_085451374.1	C02112
R03658__cyto	XP_085454204.1	C01646
R03658__cyto	XP_085454204.1	C00047
R03658__cyto	XP_085451312.1	C01646
R03658__cyto	XP_085451312.1	C00047
R00694__cyto	XP_085453977.1	C00079
R00694__cyto	XP_085453977.1	C00026
R00694__cyto	XP_085454906.1	C00079
R00694__cyto	XP_085454906.1	C00026
R00694__cyto	XP_085455205.1	C00079
R00694__cyto	XP_085455205.1	C00026
R01961__cyto	XP_085450664.1	C00329
R01961__cyto	XP_085455502.1	C00329
R01961__cyto	XP_085451797.1	C00329
R02964__cyto	XP_085451420.1	C00828
R02964__cyto	XP_085451422.1	C00828
R02964__cyto	XP_085451421.1	C00828
R07506__cyto	XP_085450451.1	C15778
R00009__pero	XP_085450402.1	C00027
R08632__cyto	XP_085453012.1	C02291
R12356__cyto	XP_085454068.1	C00100
R12356__cyto	XP_085454067.1	C00100
R12356__cyto	XP_085455297.1	C00100
R02090__cyto	XP_085450594.1	C00362
R02245__cyto	XP_085452084.1	C00418
R00842__cyto	XP_085455353.1	C00111
R00842__cyto	XP_085455129.1	C00111
R01221__cyto	XP_085453784.1	C00101
R01221__cyto	XP_085453784.1	C00037
R01221__cyto	XP_085452398.1	C00101
R01221__cyto	XP_085452398.1	C00037
R01221__cyto	XP_085453305.1	C00101
R01221__cyto	XP_085453305.1	C00037
R01221__cyto	XP_085455278.1	C00101
R01221__cyto	XP_085455278.1	C00037
R01073__cyto	XP_085455450.1	C00108
R01073__cyto	XP_085455450.1	C00119
R04960__cyto	XP_085450519.1	C01209
R04960__cyto	XP_085450519.1	C05752
R04960__cyto	XP_085450368.1	C01209
R04960__cyto	XP_085450368.1	C05752
R05802__cyto	XP_085452329.1	C04549
R05764__cyto	XP_085450635.1	C02341
R05764__cyto	XP_085454594.1	C02341
R05048__cyto	XP_085450867.1	C05923
R12400__cyto	XP_085455301.1	C22122
R12400__cyto	XP_085451463.1	C22122
R03283__cyto	XP_085453865.1	C01149
R03283__cyto	XP_085452122.1	C01149
R03283__cyto	XP_085454779.1	C01149
R04072__cyto	XP_085455361.1	C03862
R04072__cyto	XP_085455361.1	C02189
R04072__cyto	XP_085453498.1	C03862
R04072__cyto	XP_085453498.1	C02189
R04072__cyto	XP_085454582.1	C03862
R04072__cyto	XP_085454582.1	C02189
R04072__cyto	XP_085452550.1	C03862
R04072__cyto	XP_085452550.1	C02189
R04072__cyto	XP_085452538.1	C03862
R04072__cyto	XP_085452538.1	C02189
R05800__cyto	XP_085451463.1	C01245
R12121__cyto	XP_085452763.1	C03024
R12121__cyto	XP_085452763.1	C21921
R01411__cyto	XP_085451960.1	C02376
R04440__mito	XP_085455120.1	C04272
R00893__cyto	XP_085455371.1	C00097
R10455__cyto	XP_085454862.1	C20663
R01682__cyto	XP_085453922.1	C00506
R01682__cyto	XP_085454568.1	C00506
R10039__cyto	XP_085453992.1	C08334
R10039__cyto	XP_085452137.1	C08334
R10039__cyto	XP_085450344.1	C08334
R01221__mito	XP_085453784.1	C00037
R01221__mito	XP_085453784.1	C00101
R01221__mito	XP_085452398.1	C00037
R01221__mito	XP_085452398.1	C00101
R01221__mito	XP_085453305.1	C00037
R01221__mito	XP_085453305.1	C00101
R01221__mito	XP_085455278.1	C00037
R01221__mito	XP_085455278.1	C00101
R01462__cyto	XP_085451751.1	C02530
R01462__cyto	XP_085455674.1	C02530
R01462__cyto	XP_085452612.1	C02530
R01978__cyto	XP_085451085.1	C00332
R01978__cyto	XP_085451085.1	C00024
R06861__cyto	XP_085455284.1	C00231
R06861__cyto	XP_085455284.1	C00068
R01132__cyto	XP_085454769.1	C00119
R01132__cyto	XP_085454769.1	C00262
R07004__cyto	XP_085452146.1	C00051
R07004__cyto	XP_085452146.1	C14787
R07004__cyto	XP_085455726.1	C00051
R07004__cyto	XP_085455726.1	C14787
R07004__cyto	XP_085452152.1	C00051
R07004__cyto	XP_085452152.1	C14787
R07004__cyto	XP_085452493.1	C00051
R07004__cyto	XP_085452493.1	C14787
R01055__mito	XP_085451730.1	C00106
R01055__mito	XP_085451730.1	C00117
R03035__cyto	XP_085454578.1	C01134
R03035__cyto	XP_085454978.1	C01134
R03035__cyto	XP_085453599.1	C01134
R01771__cyto	XP_085452762.1	C00263
R05577__cyto	XP_085451572.1	C01638
R05577__cyto	XP_085451572.1	C00049
R05577__cyto	XP_085452150.1	C01638
R05577__cyto	XP_085452150.1	C00049
R07759__cyto	XP_085454179.1	C16216
R07759__cyto	XP_085454977.1	C16216
R07759__cyto	XP_085454552.1	C16216
R07759__cyto	XP_085454953.1	C16216
R04929__cyto	XP_085450453.1	C05697
R02540__cyto	XP_085451464.1	C02505
R02540__cyto	XP_085451472.1	C02505
R03920__cyto	XP_085450664.1	C02336
R03920__cyto	XP_085455502.1	C02336
R03920__cyto	XP_085451797.1	C02336
R00517__cyto	XP_085454042.1	C00475
R00084__cyto	XP_085455407.1	C00931
R00036__cyto	XP_085450937.1	C00430
R01618__cyto	XP_085452744.1	C00224
R02097__cyto	XP_085451463.1	C00299
R02097__cyto	XP_085451463.1	C00459
R01776__cyto	XP_085453910.1	C00263
R01776__cyto	XP_085453910.1	C00024
R01776__cyto	XP_085454415.1	C00263
R01776__cyto	XP_085454415.1	C00024
R03347__cyto	XP_085452049.1	C01185
R11165__cyto	XP_085453875.1	C04441
R02371__cyto	XP_085451463.1	C00458
R02371__cyto	XP_085451463.1	C00475
R02371__cyto	XP_085454042.1	C00458
R02371__cyto	XP_085454042.1	C00475
R03237__cyto	XP_085451508.1	C00063
R03237__cyto	XP_085451508.1	C01097
R03237__cyto	XP_085450877.1	C00063
R03237__cyto	XP_085450877.1	C01097
R00238__cyto	XP_085452799.1	C00024
R00238__cyto	XP_085455399.1	C00024
R05799__cyto	XP_085452618.1	C01204
R01001__cyto	XP_085453012.1	C02291
R00348__cyto	XP_085454262.1	C02362
R00908__cyto	XP_085455132.1	C00099
R00908__cyto	XP_085455132.1	C00026
R00908__cyto	XP_085453673.1	C00099
R00908__cyto	XP_085453673.1	C00026
R04429__cyto	XP_085451602.1	C04246
R02156__cyto	XP_085450636.1	C00389
R02156__cyto	XP_085453533.1	C00389
R01229__cyto	XP_085454769.1	C00242
R01229__cyto	XP_085454769.1	C00119
R10845__cyto	XP_085453977.1	C20895
R10845__cyto	XP_085453977.1	C00026
R00253__cyto	XP_085451146.1	C00025
R03990__pero	XP_085454068.1	C02593
R03990__pero	XP_085454067.1	C02593
R03990__pero	XP_085455297.1	C02593
R01819__cyto	XP_085450493.1	C00275
R04881__cyto	XP_085454410.1	C05576
R00970__cyto	XP_085451463.1	C00299
R00970__cyto	XP_085451463.1	C00081
R00970__cyto	XP_085454042.1	C00299
R00970__cyto	XP_085454042.1	C00081
R03236__cyto	XP_085451508.1	C01097
R03236__cyto	XP_085450877.1	C01097
R03083__cyto	XP_085452194.1	C04691
R06519__cyto	XP_085453600.1	C12126
R06519__cyto	XP_085453600.1	C00999
R02688__cyto	XP_085454717.1	C00641
R02688__cyto	XP_085452601.1	C00641
R02688__cyto	XP_085451942.1	C00641
R02688__cyto	XP_085453337.1	C00641
R02688__cyto	XP_085454974.1	C00641
R02688__cyto	XP_085455758.1	C00641
R02688__cyto	XP_085455674.1	C00641
R02688__cyto	XP_085455599.1	C00641
R02688__cyto	XP_085453589.1	C00641
R02688__cyto	XP_085454713.1	C00641
R02688__cyto	XP_085451374.1	C00641
R04944__cyto	XP_085454910.1	C05688
R04944__cyto	XP_085454910.1	C05702
R03362__cyto	XP_085455434.1	C01194
R02092__cyto	XP_085452239.1	C00363
R02092__cyto	XP_085453721.1	C00363
R07168__cyto	XP_085453236.1	C00440
R07168__cyto	XP_085455411.1	C00440
R03194__cyto	XP_085450629.1	C01051
R04928__cyto	XP_085451463.1	C05686
R11100__pero	XP_085452883.1	C02218
R11100__pero	XP_085454743.1	C02218
R04880__cyto	XP_085454475.1	C05576
R04880__cyto	XP_085455283.1	C05576
R04880__cyto	XP_085455234.1	C05576
R04880__cyto	XP_085450897.1	C05576
R00734__cyto	XP_085453977.1	C00082
R00734__cyto	XP_085453977.1	C00026
R00734__cyto	XP_085454906.1	C00082
R00734__cyto	XP_085454906.1	C00026
R00734__cyto	XP_085455205.1	C00082
R00734__cyto	XP_085455205.1	C00026
R04990__cyto	XP_085453724.1	C05813
R04990__cyto	XP_085453181.1	C05813
R04990__cyto	XP_085453159.1	C05813
R04990__cyto	XP_085452032.1	C05813
R04990__cyto	XP_085454829.1	C05813
R04990__cyto	XP_085455431.1	C05813
R04990__cyto	XP_085454129.1	C05813
R04990__cyto	XP_085454643.1	C05813
R04990__cyto	XP_085454636.1	C05813
R04990__cyto	XP_085455300.1	C05813
R04990__cyto	XP_085454277.1	C05813
R04990__cyto	XP_085452734.1	C05813
R04990__cyto	XP_085452745.1	C05813
R04990__cyto	XP_085454330.1	C05813
R04770__cyto	XP_085453012.1	C05335
R08095__cyto	XP_085452466.1	C16471
R08095__cyto	XP_085454730.1	C16471
R08095__cyto	XP_085453932.1	C16471
R08095__cyto	XP_085454717.1	C16471
R08095__cyto	XP_085451384.1	C16471
R08095__cyto	XP_085453589.1	C16471
R08095__cyto	XP_085452048.1	C16471
R08095__cyto	XP_085452799.1	C16471
R08095__cyto	XP_085451779.1	C16471
R02747__cyto	XP_085453396.1	C04233
R09698__pero	XP_085452695.1	C01086
R09698__pero	XP_085454552.1	C01086
R09698__pero	XP_085454029.1	C01086
R03067__cyto	XP_085452648.1	C00568
R03067__cyto	XP_085452648.1	C04807
R04502__cyto	XP_085454260.1	C04537
R04502__cyto	XP_085454260.1	C00096
R04502__cyto	XP_085453766.1	C04537
R04502__cyto	XP_085453766.1	C00096
R04502__cyto	XP_085450476.1	C04537
R04502__cyto	XP_085450476.1	C00096
R04502__cyto	XP_085452828.1	C04537
R04502__cyto	XP_085452828.1	C00096
R04502__cyto	XP_085451816.1	C04537
R04502__cyto	XP_085451816.1	C00096
R04502__cyto	XP_085454577.1	C04537
R04502__cyto	XP_085454577.1	C00096
R04502__cyto	XP_085455049.1	C04537
R04502__cyto	XP_085455049.1	C00096
R04502__cyto	XP_085452971.1	C04537
R04502__cyto	XP_085452971.1	C00096
R04502__cyto	XP_085453785.1	C04537
R04502__cyto	XP_085453785.1	C00096
R04502__cyto	XP_085453996.1	C04537
R04502__cyto	XP_085453996.1	C00096
R04502__cyto	XP_085455513.1	C04537
R04502__cyto	XP_085455513.1	C00096
R04502__cyto	XP_085453727.1	C04537
R04502__cyto	XP_085453727.1	C00096
R04502__cyto	XP_085451234.1	C04537
R04502__cyto	XP_085451234.1	C00096
R04502__cyto	XP_085451607.1	C04537
R04502__cyto	XP_085451607.1	C00096
R04502__cyto	XP_085453235.1	C04537
R04502__cyto	XP_085453235.1	C00096
R04502__cyto	XP_085453771.1	C04537
R04502__cyto	XP_085453771.1	C00096
R04502__cyto	XP_085454233.1	C04537
R04502__cyto	XP_085454233.1	C00096
R04502__cyto	XP_085452712.1	C04537
R04502__cyto	XP_085452712.1	C00096
R04502__cyto	XP_085454714.1	C04537
R04502__cyto	XP_085454714.1	C00096
R04502__cyto	XP_085455241.1	C04537
R04502__cyto	XP_085455241.1	C00096
R04502__cyto	XP_085452223.1	C04537
R04502__cyto	XP_085452223.1	C00096
R04502__cyto	XP_085455138.1	C04537
R04502__cyto	XP_085455138.1	C00096
R04502__cyto	XP_085454783.1	C04537
R04502__cyto	XP_085454783.1	C00096
R04502__cyto	XP_085454748.1	C04537
R04502__cyto	XP_085454748.1	C00096
R04502__cyto	XP_085453213.1	C04537
R04502__cyto	XP_085453213.1	C00096
R04502__cyto	XP_085450896.1	C04537
R04502__cyto	XP_085450896.1	C00096
R04502__cyto	XP_085452819.1	C04537
R04502__cyto	XP_085452819.1	C00096
R04502__cyto	XP_085454232.1	C04537
R04502__cyto	XP_085454232.1	C00096
R03628__cyto	XP_085453602.1	C01598
R01830__cyto	XP_085455284.1	C05345
R01830__cyto	XP_085455284.1	C00118
R00776__pero	XP_085453131.1	C00603
R00251__cyto	XP_085451547.1	C01879
R02760__cyto	XP_085452466.1	C00040
R02760__cyto	XP_085452466.1	C00681
R02760__cyto	XP_085451715.1	C00040
R02760__cyto	XP_085451715.1	C00681
R02760__cyto	XP_085453932.1	C00040
R02760__cyto	XP_085453932.1	C00681
R02760__cyto	XP_085454730.1	C00040
R02760__cyto	XP_085454730.1	C00681
R02760__cyto	XP_085454717.1	C00040
R02760__cyto	XP_085454717.1	C00681
R02760__cyto	XP_085455674.1	C00040
R02760__cyto	XP_085455674.1	C00681
R02760__cyto	XP_085451384.1	C00040
R02760__cyto	XP_085451384.1	C00681
R02760__cyto	XP_085453589.1	C00040
R02760__cyto	XP_085453589.1	C00681
R02760__cyto	XP_085452048.1	C00040
R02760__cyto	XP_085452048.1	C00681
R02760__cyto	XP_085455624.1	C00040
R02760__cyto	XP_085455624.1	C00681
R02760__cyto	XP_085451779.1	C00040
R02760__cyto	XP_085451779.1	C00681
R05590__cyto	XP_085451464.1	C09815
R05590__cyto	XP_085451472.1	C09815
R04445__mito	XP_085450883.1	C04281
R09844__cyto	XP_085453136.1	C20119
R09844__cyto	XP_085453136.1	C00448
R09844__cyto	XP_085452090.1	C20119
R09844__cyto	XP_085452090.1	C00448
R07385__cyto	XP_085453908.1	C04756
R01388__cyto	XP_085454179.1	C00258
R01388__cyto	XP_085454977.1	C00258
R01388__cyto	XP_085454552.1	C00258
R01388__cyto	XP_085454953.1	C00258
R03459__cyto	XP_085455530.1	C01304
R01664__cyto	XP_085453945.1	C00239
R01664__cyto	XP_085453944.1	C00239
R01664__cyto	XP_085453174.1	C00239
R04494__cyto	XP_085454260.1	C00043
R04494__cyto	XP_085454260.1	C04500
R04494__cyto	XP_085453766.1	C00043
R04494__cyto	XP_085453766.1	C04500
R04494__cyto	XP_085450476.1	C00043
R04494__cyto	XP_085450476.1	C04500
R04494__cyto	XP_085452828.1	C00043
R04494__cyto	XP_085452828.1	C04500
R04494__cyto	XP_085451816.1	C00043
R04494__cyto	XP_085451816.1	C04500
R04494__cyto	XP_085451699.1	C00043
R04494__cyto	XP_085451699.1	C04500
R04494__cyto	XP_085455049.1	C00043
R04494__cyto	XP_085455049.1	C04500
R04494__cyto	XP_085452971.1	C00043
R04494__cyto	XP_085452971.1	C04500
R04494__cyto	XP_085453785.1	C00043
R04494__cyto	XP_085453785.1	C04500
R04494__cyto	XP_085453996.1	C00043
R04494__cyto	XP_085453996.1	C04500
R04494__cyto	XP_085455513.1	C00043
R04494__cyto	XP_085455513.1	C04500
R04494__cyto	XP_085453727.1	C00043
R04494__cyto	XP_085453727.1	C04500
R04494__cyto	XP_085451234.1	C00043
R04494__cyto	XP_085451234.1	C04500
R04494__cyto	XP_085451607.1	C00043
R04494__cyto	XP_085451607.1	C04500
R04494__cyto	XP_085453235.1	C00043
R04494__cyto	XP_085453235.1	C04500
R04494__cyto	XP_085453771.1	C00043
R04494__cyto	XP_085453771.1	C04500
R04494__cyto	XP_085454233.1	C00043
R04494__cyto	XP_085454233.1	C04500
R04494__cyto	XP_085452712.1	C00043
R04494__cyto	XP_085452712.1	C04500
R04494__cyto	XP_085454714.1	C00043
R04494__cyto	XP_085454714.1	C04500
R04494__cyto	XP_085455241.1	C00043
R04494__cyto	XP_085455241.1	C04500
R04494__cyto	XP_085452223.1	C00043
R04494__cyto	XP_085452223.1	C04500
R04494__cyto	XP_085455138.1	C00043
R04494__cyto	XP_085455138.1	C04500
R04494__cyto	XP_085454783.1	C00043
R04494__cyto	XP_085454783.1	C04500
R04494__cyto	XP_085454748.1	C00043
R04494__cyto	XP_085454748.1	C04500
R04494__cyto	XP_085453213.1	C00043
R04494__cyto	XP_085453213.1	C04500
R04494__cyto	XP_085450896.1	C00043
R04494__cyto	XP_085450896.1	C04500
R04494__cyto	XP_085452819.1	C00043
R04494__cyto	XP_085452819.1	C04500
R04494__cyto	XP_085454232.1	C00043
R04494__cyto	XP_085454232.1	C04500
R04725__mito	XP_085451602.1	C05758
R04725__mito	XP_085452617.1	C05758
R03457__cyto	XP_085452695.1	C04666
R03457__cyto	XP_085454552.1	C04666
R03457__cyto	XP_085454029.1	C04666
R00519__cyto	XP_085454396.1	C00058
R00190__cyto	XP_085455526.1	C00147
R00190__cyto	XP_085455526.1	C00119
R00530__cyto	XP_085452744.1	C00059
R00959__cyto	XP_085450576.1	C00103
R00959__cyto	XP_085455242.1	C00103
R00516__cyto	XP_085451463.1	C00475
R00516__cyto	XP_085454042.1	C00475
R03899__cyto	XP_085451092.1	C02567
R00691__cyto	XP_085452695.1	C00826
R00691__cyto	XP_085454552.1	C00826
R00691__cyto	XP_085454029.1	C00826
R01224__cyto	XP_085453236.1	C00440
R00626__cyto	XP_085455657.1	C01153
R00626__cyto	XP_085452803.1	C01153
R00626__cyto	XP_085455684.1	C01153
R00626__cyto	XP_085450809.1	C01153
R00626__cyto	XP_085454014.1	C01153
R00626__cyto	XP_085451358.1	C01153
R00626__cyto	XP_085450454.1	C01153
R00626__cyto	XP_085455287.1	C01153
R00626__cyto	XP_085455705.1	C01153
R00626__cyto	XP_085452195.1	C01153
R02529__cyto	XP_085454480.1	C01888
R02529__cyto	XP_085453989.1	C01888
R00200__cyto	XP_085455301.1	C00074
R02484__cyto	XP_085452422.1	C00526
R02484__cyto	XP_085451391.1	C00526
R07495__cyto	XP_085450818.1	C15816
R07168__mito	XP_085453236.1	C00440
R07168__mito	XP_085455411.1	C00440
R04773__cyto	XP_085450965.1	C01647
R04773__cyto	XP_085450965.1	C05335
R04773__cyto	XP_085450865.1	C01647
R04773__cyto	XP_085450865.1	C05335
R01226__cyto	XP_085454272.1	C00143
R01226__cyto	XP_085454272.1	C00141
R07002__cyto	XP_085452146.1	C14786
R07002__cyto	XP_085452146.1	C00051
R07002__cyto	XP_085455726.1	C14786
R07002__cyto	XP_085455726.1	C00051
R07002__cyto	XP_085452152.1	C14786
R07002__cyto	XP_085452152.1	C00051
R07002__cyto	XP_085452493.1	C14786
R07002__cyto	XP_085452493.1	C00051
R09736__mito	XP_085455300.1	C19847
R00627__cyto	XP_085452271.1	C00069
R00627__cyto	XP_085452271.1	C00024
R00627__cyto	XP_085454750.1	C00069
R00627__cyto	XP_085454750.1	C00024
R00627__cyto	XP_085451876.1	C00069
R00627__cyto	XP_085451876.1	C00024
R00627__cyto	XP_085454571.1	C00069
R00627__cyto	XP_085454571.1	C00024
R11337__cyto	XP_085454953.1	C01087
R11337__cyto	XP_085453149.1	C01087
R11337__cyto	XP_085454977.1	C01087
R11337__cyto	XP_085454552.1	C01087
R11337__cyto	XP_085454179.1	C01087
R02095__cyto	XP_085452239.1	C00459
R02095__cyto	XP_085453721.1	C00459
R02102__cyto	XP_085453945.1	C00365
R02102__cyto	XP_085453944.1	C00365
R02102__cyto	XP_085453174.1	C00365
R04496__cyto	XP_085451173.1	C04506
R00192__cyto	XP_085450917.1	C00021
R02918__cyto	XP_085454123.1	C00082
R02918__cyto	XP_085454123.1	C00787
R02918__cyto	XP_085452728.1	C00082
R02918__cyto	XP_085452728.1	C00787
R00310__mito	XP_085452467.1	C02191
R00310__mito	XP_085452467.1	C14818
R03516__cyto	XP_085454534.1	C04726
R03516__cyto	XP_085453123.1	C04726
R03516__cyto	XP_085451820.1	C04726
R03516__cyto	XP_085451367.1	C04726
R03516__cyto	XP_085455496.1	C04726
R00847__cyto	XP_085450945.1	C00116
R02457__pero	XP_085451636.1	C00515
R02457__pero	XP_085451249.1	C00515
R02457__pero	XP_085452238.1	C00515
R02457__pero	XP_085450834.1	C00515
R01497__cyto	XP_085452850.1	C00195
R01497__cyto	XP_085452850.1	C00029
R03012__cyto	XP_085455142.1	C00860
R03858__cyto	XP_085452799.1	C01832
R03858__cyto	XP_085452799.1	C00024
R07094__cyto	XP_085452146.1	C14865
R07094__cyto	XP_085452146.1	C00051
R07094__cyto	XP_085455726.1	C14865
R07094__cyto	XP_085455726.1	C00051
R07094__cyto	XP_085452152.1	C14865
R07094__cyto	XP_085452152.1	C00051
R07094__cyto	XP_085452493.1	C14865
R07094__cyto	XP_085452493.1	C00051
R04961__cyto	XP_085451602.1	C05754
R11893__mito	XP_085451545.1	C00343
R11893__mito	XP_085451545.1	C21750
R11893__mito	XP_085451185.1	C00343
R11893__mito	XP_085451185.1	C21750
R03038__cyto	XP_085452446.1	C00041
R03038__cyto	XP_085452446.1	C01635
R02732__mito	XP_085452690.1	C05345
R01214__mito	XP_085450552.1	C00026
R01214__mito	XP_085450552.1	C00183
R04556__cyto	XP_085451602.1	C04671
R04023__cyto	XP_085454534.1	C02707
R04023__cyto	XP_085453123.1	C02707
R04023__cyto	XP_085451820.1	C02707
R04023__cyto	XP_085451367.1	C02707
R04023__cyto	XP_085455496.1	C02707
R04966__cyto	XP_085451602.1	C05760
R02737__cyto	XP_085453588.1	C00029
R02737__cyto	XP_085453588.1	C00668
R02737__cyto	XP_085454022.1	C00029
R02737__cyto	XP_085454022.1	C00668
R08558__cyto	XP_085450897.1	C00114
R08558__cyto	XP_085454953.1	C00114
R08558__cyto	XP_085455283.1	C00114
R08558__cyto	XP_085454475.1	C00114
R08558__cyto	XP_085454977.1	C00114
R08558__cyto	XP_085454179.1	C00114
R08558__cyto	XP_085454552.1	C00114
R08558__cyto	XP_085455234.1	C00114
R03971__cyto	XP_085451031.1	C00025
R03971__cyto	XP_085451031.1	C05670
R10920__cyto	XP_085453903.1	C00026
R10920__cyto	XP_085453903.1	C00385
R10920__cyto	XP_085450526.1	C00026
R10920__cyto	XP_085450526.1	C00385
R10920__cyto	XP_085453902.1	C00026
R10920__cyto	XP_085453902.1	C00385
R10920__cyto	XP_085452437.1	C00026
R10920__cyto	XP_085452437.1	C00385
R10920__cyto	XP_085455533.1	C00026
R10920__cyto	XP_085455533.1	C00385
R10920__cyto	XP_085452147.1	C00026
R10920__cyto	XP_085452147.1	C00385
R10920__cyto	XP_085451418.1	C00026
R10920__cyto	XP_085451418.1	C00385
R10920__cyto	XP_085454903.1	C00026
R10920__cyto	XP_085454903.1	C00385
R07888__pero	XP_085454068.1	C16327
R07888__pero	XP_085454067.1	C16327
R07888__pero	XP_085455297.1	C16327
R11323__cyto	XP_085452160.1	C00459
R11323__cyto	XP_085451333.1	C00459
R11323__cyto	XP_085451775.1	C00459
R11323__cyto	XP_085450966.1	C00459
R03443__cyto	XP_085450407.1	C04133
R03417__pero	XP_085453396.1	C05973
R02678__cyto	XP_085453865.1	C00637
R02678__cyto	XP_085452122.1	C00637
R02678__cyto	XP_085454779.1	C00637
R02868__cyto	XP_085450664.1	C00794
R02868__cyto	XP_085455502.1	C00794
R02868__cyto	XP_085451463.1	C00794
R02868__cyto	XP_085451797.1	C00794
R04441__cyto	XP_085452854.1	C04272
R08769__mito	XP_085453724.1	C17551
R08769__mito	XP_085453181.1	C17551
R08769__mito	XP_085453159.1	C17551
R08769__mito	XP_085452032.1	C17551
R08769__mito	XP_085454829.1	C17551
R08769__mito	XP_085455431.1	C17551
R08769__mito	XP_085454129.1	C17551
R08769__mito	XP_085454643.1	C17551
R08769__mito	XP_085454636.1	C17551
R08769__mito	XP_085454277.1	C17551
R08769__mito	XP_085452734.1	C17551
R08769__mito	XP_085452745.1	C17551
R08769__mito	XP_085454330.1	C17551
R10088__cyto	XP_085452899.1	C00117
R10088__cyto	XP_085452899.1	C00118
R10088__cyto	XP_085452898.1	C00117
R10088__cyto	XP_085452898.1	C00118
R01286__cyto	XP_085453974.1	C02291
R07035__cyto	XP_085454140.1	C00051
R07035__cyto	XP_085454140.1	C05966
R07035__cyto	XP_085455122.1	C00051
R07035__cyto	XP_085455122.1	C05966
R03004__cyto	XP_085452388.1	C00857
R05085__cyto	XP_085454792.1	C06055
R05085__cyto	XP_085454792.1	C00026
R03663__cyto	XP_085454941.1	C00188
R03663__cyto	XP_085454941.1	C01651
R03663__cyto	XP_085454484.1	C00188
R03663__cyto	XP_085454484.1	C01651
R08240__cyto	XP_085452916.1	C04646
R01280__pero	XP_085454469.1	C00249
R01214__cyto	XP_085450552.1	C00026
R01214__cyto	XP_085450552.1	C00183
R04404__cyto	XP_085453325.1	C04637
R04404__cyto	XP_085451316.1	C04637
R04162__cyto	XP_085455657.1	C05977
R04162__cyto	XP_085451977.1	C05977
R04162__cyto	XP_085454747.1	C05977
R04162__cyto	XP_085451831.1	C05977
R04162__cyto	XP_085455684.1	C05977
R04162__cyto	XP_085454014.1	C05977
R04162__cyto	XP_085450809.1	C05977
R04162__cyto	XP_085450454.1	C05977
R04162__cyto	XP_085455705.1	C05977
R04162__cyto	XP_085452780.1	C05977
R04162__cyto	XP_085452195.1	C05977
R02957__cyto	XP_085453865.1	C02670
R02957__cyto	XP_085452122.1	C02670
R02957__cyto	XP_085454779.1	C02670
R01801__mito	XP_085452120.1	C00269
R01801__mito	XP_085452120.1	C00093
R03451__cyto	XP_085453626.1	C00026
R03451__cyto	XP_085453626.1	C03793
R09881__cyto	XP_085452160.1	C20190
R09881__cyto	XP_085451333.1	C20190
R09881__cyto	XP_085451775.1	C20190
R09881__cyto	XP_085450966.1	C20190
R04535__cyto	XP_085452695.1	C04619
R04535__cyto	XP_085452617.1	C04619
R01126__cyto	XP_085453945.1	C00130
R01126__cyto	XP_085453944.1	C00130
R01126__cyto	XP_085454014.1	C00130
R02056__cyto	XP_085450760.1	C00350
R02056__cyto	XP_085450482.1	C00350
R02111__cyto	XP_085454961.1	C00369
R02111__cyto	XP_085454887.1	C00369
R00943__cyto	XP_085454386.1	C00101
R00943__cyto	XP_085454386.1	C00058
R00943__cyto	XP_085451695.1	C00101
R00943__cyto	XP_085451695.1	C00058
R07758__cyto	XP_085453332.1	C00154
R07758__cyto	XP_085453332.1	C00083
R07758__cyto	XP_085455607.1	C00154
R07758__cyto	XP_085455607.1	C00083
R09409__cyto	XP_085452146.1	C19586
R09409__cyto	XP_085452146.1	C00051
R09409__cyto	XP_085455726.1	C19586
R09409__cyto	XP_085455726.1	C00051
R09409__cyto	XP_085452152.1	C19586
R09409__cyto	XP_085452152.1	C00051
R09409__cyto	XP_085452493.1	C19586
R09409__cyto	XP_085452493.1	C00051
R01624__cyto	XP_085452617.1	C00229
R01624__cyto	XP_085452617.1	C00024
R01654__cyto	XP_085455393.1	C00025
R01654__cyto	XP_085455393.1	C00234
R01654__cyto	XP_085452022.1	C00025
R01654__cyto	XP_085452022.1	C00234
R04125__cyto	XP_085452398.1	C00101
R04125__cyto	XP_085452398.1	C01242
R00259__cyto	XP_085455547.1	C00025
R00259__cyto	XP_085455547.1	C00024
R00259__cyto	XP_085451266.1	C00025
R00259__cyto	XP_085451266.1	C00024
R02019__cyto	XP_085451684.1	C00342
R02019__cyto	XP_085451185.1	C00342
R02019__cyto	XP_085451545.1	C00342
R08237__cyto	XP_085451391.1	C02380
R08237__cyto	XP_085451391.1	C00119
R08237__cyto	XP_085454769.1	C02380
R08237__cyto	XP_085454769.1	C00119
R01163__cyto	XP_085455142.1	C01929
R02335__cyto	XP_085455545.1	C00043
R02335__cyto	XP_085451652.1	C00043
R02335__cyto	XP_085450728.1	C00043
R02335__cyto	XP_085454561.1	C00043
R03942__cyto	XP_085454179.1	C02431
R03942__cyto	XP_085454977.1	C02431
R03942__cyto	XP_085454552.1	C02431
R03942__cyto	XP_085454953.1	C02431
R03815__mito	XP_085453784.1	C02972
R00508__cyto	XP_085454124.1	C00053
R09222__cyto	XP_085450431.1	C18304
R01244__cyto	XP_085451653.1	C00147
R08245__cyto	XP_085451391.1	C07648
R08245__cyto	XP_085451391.1	C00119
R08245__cyto	XP_085454769.1	C07648
R08245__cyto	XP_085454769.1	C00119
R01933__cyto	XP_085453784.1	C00322
R01933__cyto	XP_085453292.1	C00322
R04433__mito	XP_085453245.1	C01967
R04433__mito	XP_085453245.1	C04570
R06171__cyto	XP_085451356.1	C05519
R06171__cyto	XP_085452121.1	C05519
R00321__cyto	XP_085452271.1	C06244
R00321__cyto	XP_085451464.1	C06244
R00321__cyto	XP_085451472.1	C06244
R00321__cyto	XP_085454571.1	C06244
R00321__cyto	XP_085451876.1	C06244
R00512__cyto	XP_085452867.1	C00055
R09827__cyto	XP_085453325.1	C05981
R09827__cyto	XP_085451316.1	C05981
R00258__mito	XP_085454040.1	C00026
R00258__mito	XP_085454040.1	C00041
R03950__cyto	XP_085453724.1	C02469
R03950__cyto	XP_085453181.1	C02469
R03950__cyto	XP_085453159.1	C02469
R03950__cyto	XP_085452032.1	C02469
R03950__cyto	XP_085454829.1	C02469
R03950__cyto	XP_085454330.1	C02469
R03950__cyto	XP_085455431.1	C02469
R03950__cyto	XP_085454129.1	C02469
R03950__cyto	XP_085454643.1	C02469
R03950__cyto	XP_085454636.1	C02469
R03950__cyto	XP_085454277.1	C02469
R03950__cyto	XP_085452734.1	C02469
R03950__cyto	XP_085452745.1	C02469
R03950__cyto	XP_085450629.1	C02469
R00760__cyto	XP_085450664.1	C00095
R00760__cyto	XP_085455502.1	C00095
R00760__cyto	XP_085451797.1	C00095
R02327__cyto	XP_085451463.1	C00458
R02327__cyto	XP_085451463.1	C00299
R02327__cyto	XP_085454042.1	C00458
R02327__cyto	XP_085454042.1	C00299
R02767__cyto	XP_085454552.1	C01271
R02466__cyto	XP_085453922.1	C00606
R02466__cyto	XP_085454568.1	C00606
R11957__cyto	XP_085452466.1	C00469
R11957__cyto	XP_085452466.1	C00024
R11957__cyto	XP_085454730.1	C00469
R11957__cyto	XP_085454730.1	C00024
R11957__cyto	XP_085453932.1	C00469
R11957__cyto	XP_085453932.1	C00024
R11957__cyto	XP_085454717.1	C00469
R11957__cyto	XP_085454717.1	C00024
R11957__cyto	XP_085451384.1	C00469
R11957__cyto	XP_085451384.1	C00024
R11957__cyto	XP_085453589.1	C00469
R11957__cyto	XP_085453589.1	C00024
R11957__cyto	XP_085452048.1	C00469
R11957__cyto	XP_085452048.1	C00024
R11957__cyto	XP_085451779.1	C00469
R11957__cyto	XP_085451779.1	C00024
R11679__cyto	XP_085454956.1	C00956
R01184__cyto	XP_085454809.1	C00137
R04247__cyto	XP_085454574.1	C00063
R04247__cyto	XP_085454574.1	C03557
R12402__cyto	XP_085450818.1	C02945
R12402__cyto	XP_085454953.1	C02945
R12402__cyto	XP_085454977.1	C02945
R12402__cyto	XP_085454552.1	C02945
R12402__cyto	XP_085454179.1	C02945
R01185__cyto	XP_085452195.1	C01177
R01185__cyto	XP_085455657.1	C01177
R01185__cyto	XP_085450454.1	C01177
R01185__cyto	XP_085455705.1	C01177
R01185__cyto	XP_085454014.1	C01177
R01185__cyto	XP_085455684.1	C01177
R01185__cyto	XP_085450809.1	C01177
R08549__mito	XP_085453784.1	C00026
R08549__mito	XP_085450465.1	C00026
R08549__mito	XP_085453292.1	C00026
R04463__cyto	XP_085452129.1	C04376
R04463__cyto	XP_085452129.1	C00064
R01248__cyto	XP_085455185.1	C00148
R00174__cyto	XP_085451941.1	C00250
R00174__cyto	XP_085454153.1	C00250
R03199__cyto	XP_085452674.1	C01054
R02057__cyto	XP_085452120.1	C00570
R02057__cyto	XP_085452120.1	C00641
R01528__cyto	XP_085450452.1	C00345
R02239__cyto	XP_085454747.1	C00416
R02239__cyto	XP_085451831.1	C00416
R02239__cyto	XP_085452780.1	C00416
R02239__cyto	XP_085451977.1	C00416
R04903__cyto	XP_085453865.1	C05634
R04903__cyto	XP_085452122.1	C05634
R04903__cyto	XP_085454779.1	C05634
R02115__cyto	XP_085451751.1	C01958
R02115__cyto	XP_085454974.1	C01958
R02115__cyto	XP_085452612.1	C01958
R02115__cyto	XP_085453337.1	C01958
R02115__cyto	XP_085455758.1	C01958
R02115__cyto	XP_085455674.1	C01958
R02115__cyto	XP_085453589.1	C01958
R02115__cyto	XP_085455599.1	C01958
R02115__cyto	XP_085454713.1	C01958
R02115__cyto	XP_085451374.1	C01958
R08178__cyto	XP_085451777.1	C16162
R08178__cyto	XP_085454314.1	C16162
R00512__mito	XP_085452867.1	C00055
R04184__cyto	XP_085451923.1	C04737
R04184__cyto	XP_085451923.1	C01132
R04184__cyto	XP_085454379.1	C04737
R04184__cyto	XP_085454379.1	C01132
R04184__cyto	XP_085451224.1	C04737
R04184__cyto	XP_085451224.1	C01132
R00829__cyto	XP_085452466.1	C00091
R00829__cyto	XP_085452466.1	C00024
R00829__cyto	XP_085454730.1	C00091
R00829__cyto	XP_085454730.1	C00024
R00829__cyto	XP_085453932.1	C00091
R00829__cyto	XP_085453932.1	C00024
R00829__cyto	XP_085454717.1	C00091
R00829__cyto	XP_085454717.1	C00024
R00829__cyto	XP_085451384.1	C00091
R00829__cyto	XP_085451384.1	C00024
R00829__cyto	XP_085453589.1	C00091
R00829__cyto	XP_085453589.1	C00024
R00829__cyto	XP_085452048.1	C00091
R00829__cyto	XP_085452048.1	C00024
R00829__cyto	XP_085452799.1	C00091
R00829__cyto	XP_085452799.1	C00024
R00829__cyto	XP_085451779.1	C00091
R00829__cyto	XP_085451779.1	C00024
R03503__cyto	XP_085452648.1	C01300
R05238__cyto	XP_085453865.1	C16348
R05238__cyto	XP_085452122.1	C16348
R05238__cyto	XP_085454779.1	C16348
R00220__cyto	XP_085454794.1	C00065
R00220__cyto	XP_085452883.1	C00065
R00220__cyto	XP_085454743.1	C00065
R07349__cyto	XP_085451602.1	C15596
R04747__cyto	XP_085452799.1	C05270
R04747__cyto	XP_085452799.1	C00024
R08549__cyto	XP_085453784.1	C00026
R08549__cyto	XP_085450465.1	C00026
R08549__cyto	XP_085453292.1	C00026
R01802__cyto	XP_085451795.1	C00137
R01802__cyto	XP_085451795.1	C00269
R03223__cyto	XP_085452528.1	C04327
R03223__cyto	XP_085452528.1	C04752
R07069__cyto	XP_085452146.1	C00051
R07069__cyto	XP_085452146.1	C14839
R07069__cyto	XP_085455726.1	C00051
R07069__cyto	XP_085455726.1	C14839
R07069__cyto	XP_085452152.1	C00051
R07069__cyto	XP_085452152.1	C14839
R07069__cyto	XP_085452493.1	C00051
R07069__cyto	XP_085452493.1	C14839
R03321__cyto	XP_085453621.1	C01172
R06223__cyto	XP_085451171.1	C00448
R00224__cyto	XP_085451510.1	C00022
R00224__cyto	XP_085452379.1	C00022
R00224__cyto	XP_085453710.1	C00022
R03662__cyto	XP_085453343.1	C01650
R03662__cyto	XP_085453343.1	C00065
R03662__cyto	XP_085451632.1	C01650
R03662__cyto	XP_085451632.1	C00065
R00161__cyto	XP_085454615.1	C00061
R05237__cyto	XP_085453865.1	C06613
R05237__cyto	XP_085452122.1	C06613
R05237__cyto	XP_085454779.1	C06613
R12401__cyto	XP_085450818.1	C22123
R12401__cyto	XP_085454953.1	C22123
R12401__cyto	XP_085454977.1	C22123
R12401__cyto	XP_085454552.1	C22123
R12401__cyto	XP_085454179.1	C22123
R06917__cyto	XP_085454475.1	C14089
R06917__cyto	XP_085455283.1	C14089
R06917__cyto	XP_085455234.1	C14089
R06917__cyto	XP_085450897.1	C14089
R04754__cyto	XP_085454068.1	C05274
R04754__cyto	XP_085454067.1	C05274
R04754__cyto	XP_085455297.1	C05274
R00220__mito	XP_085454794.1	C00065
R00220__mito	XP_085452883.1	C00065
R00220__mito	XP_085454743.1	C00065
R03857__pero	XP_085454068.1	C01832
R03857__pero	XP_085454067.1	C01832
R03857__pero	XP_085455297.1	C01832
R00942__cyto	XP_085455393.1	C00101
R00942__cyto	XP_085455393.1	C00025
R01251__cyto	XP_085455185.1	C03912
R00267__mito	XP_085454865.1	C00311
R00267__mito	XP_085453788.1	C00311
R04534__cyto	XP_085454552.1	C04619
R04534__cyto	XP_085450519.1	C04619
R04742__cyto	XP_085452799.1	C05274
R04742__cyto	XP_085452799.1	C00024
R02521__cyto	XP_085452075.1	C01179
R02018__cyto	XP_085451684.1	C00342
R02018__cyto	XP_085451185.1	C00342
R02018__cyto	XP_085451545.1	C00342
R07023__cyto	XP_085452146.1	C14802
R07023__cyto	XP_085452146.1	C00051
R07023__cyto	XP_085455726.1	C14802
R07023__cyto	XP_085455726.1	C00051
R07023__cyto	XP_085452152.1	C14802
R07023__cyto	XP_085452152.1	C00051
R07023__cyto	XP_085452493.1	C14802
R07023__cyto	XP_085452493.1	C00051
R11043__cyto	XP_085451174.1	C00510
R11043__cyto	XP_085451174.1	C00999
R11043__cyto	XP_085450727.1	C00510
R11043__cyto	XP_085450727.1	C00999
R01430__cyto	XP_085454179.1	C00181
R01430__cyto	XP_085454977.1	C00181
R01430__cyto	XP_085454552.1	C00181
R01430__cyto	XP_085454953.1	C00181
R04965__cyto	XP_085452695.1	C05757
R04965__cyto	XP_085452617.1	C05757
R10991__cyto	XP_085450552.1	C02356
R10991__cyto	XP_085450552.1	C00026
R00986__cyto	XP_085453208.1	C00251
R00986__cyto	XP_085453208.1	C00064
R00986__cyto	XP_085455708.1	C00251
R00986__cyto	XP_085455708.1	C00064
R02740__cyto	XP_085453621.1	C00668
R01909__cyto	XP_085451941.1	C00314
R01909__cyto	XP_085454153.1	C00314
R08557__cyto	XP_085450897.1	C00114
R08557__cyto	XP_085454953.1	C00114
R08557__cyto	XP_085455283.1	C00114
R08557__cyto	XP_085454475.1	C00114
R08557__cyto	XP_085454977.1	C00114
R08557__cyto	XP_085454179.1	C00114
R08557__cyto	XP_085454552.1	C00114
R08557__cyto	XP_085455234.1	C00114
R04027__cyto	XP_085454480.1	C02723
R04027__cyto	XP_085453989.1	C02723
R01090__cyto	XP_085450552.1	C00026
R01090__cyto	XP_085450552.1	C00123
R12406__cyto	XP_085453729.1	C22111
R12406__cyto	XP_085454953.1	C22111
R12406__cyto	XP_085454977.1	C22111
R12406__cyto	XP_085454552.1	C22111
R12406__cyto	XP_085454179.1	C22111
R02300__cyto	XP_085452398.1	C03479
R00267__cyto	XP_085454865.1	C00311
R00267__cyto	XP_085453788.1	C00311
R04970__mito	XP_085451602.1	C05763
R04970__mito	XP_085452617.1	C05763
R03816__cyto	XP_085451420.1	C02059
R03816__cyto	XP_085451422.1	C02059
R03816__cyto	XP_085451421.1	C02059
R10121__cyto	XP_085452695.1	C20377
R10121__cyto	XP_085454552.1	C20377
R10121__cyto	XP_085454029.1	C20377
R08231__cyto	XP_085451391.1	C00119
R08231__cyto	XP_085451391.1	C07649
R08231__cyto	XP_085454088.1	C00119
R08231__cyto	XP_085454088.1	C07649
R02241__cyto	XP_085452466.1	C00040
R02241__cyto	XP_085452466.1	C00681
R02241__cyto	XP_085455624.1	C00040
R02241__cyto	XP_085455624.1	C00681
R02241__cyto	XP_085455674.1	C00040
R02241__cyto	XP_085455674.1	C00681
R02241__cyto	XP_085451715.1	C00040
R02241__cyto	XP_085451715.1	C00681
R07026__cyto	XP_085452146.1	C00051
R07026__cyto	XP_085452146.1	C14800
R07026__cyto	XP_085455726.1	C00051
R07026__cyto	XP_085455726.1	C14800
R07026__cyto	XP_085452152.1	C00051
R07026__cyto	XP_085452152.1	C14800
R07026__cyto	XP_085452493.1	C00051
R07026__cyto	XP_085452493.1	C14800
R02021__cyto	XP_085451874.1	C00342
R02021__cyto	XP_085451874.1	C00053
R08557__mito	XP_085450897.1	C00114
R08557__mito	XP_085454953.1	C00114
R08557__mito	XP_085455283.1	C00114
R08557__mito	XP_085454475.1	C00114
R08557__mito	XP_085454977.1	C00114
R08557__mito	XP_085454179.1	C00114
R08557__mito	XP_085454552.1	C00114
R08557__mito	XP_085455234.1	C00114
R00765__cyto	XP_085455503.1	C00352
R02241__mito	XP_085452466.1	C00040
R02241__mito	XP_085452466.1	C00681
R02241__mito	XP_085455624.1	C00040
R02241__mito	XP_085455624.1	C00681
R02241__mito	XP_085455674.1	C00040
R02241__mito	XP_085455674.1	C00681
R02241__mito	XP_085451715.1	C00040
R02241__mito	XP_085451715.1	C00681
R00985__cyto	XP_085453208.1	C00251
R00985__cyto	XP_085455708.1	C00251
R06983__cyto	XP_085454475.1	C14180
R01468__cyto	XP_085451976.1	C00189
R05779__mito	XP_085451775.1	C11526
R05779__mito	XP_085452160.1	C11526
R05779__mito	XP_085450966.1	C11526
R05779__mito	XP_085451333.1	C11526
R05779__mito	XP_085450652.1	C11526
R08232__cyto	XP_085454042.1	C16633
R08558__mito	XP_085450897.1	C00114
R08558__mito	XP_085454953.1	C00114
R08558__mito	XP_085455283.1	C00114
R08558__mito	XP_085454475.1	C00114
R08558__mito	XP_085454977.1	C00114
R08558__mito	XP_085454179.1	C00114
R08558__mito	XP_085454552.1	C00114
R08558__mito	XP_085455234.1	C00114
R05731__cyto	XP_085452763.1	C01943
R05731__cyto	XP_085452763.1	C03024
R04970__cyto	XP_085451602.1	C05763
R04970__cyto	XP_085452617.1	C05763
R00268__cyto	XP_085454865.1	C05379
R00268__cyto	XP_085453788.1	C05379
R02732__cyto	XP_085452690.1	C05345
R05233__cyto	XP_085454475.1	C06611
R05233__cyto	XP_085455283.1	C06611
R05233__cyto	XP_085455234.1	C06611
R05233__cyto	XP_085450897.1	C06611
R05511__cyto	XP_085450431.1	C04706
R10993__cyto	XP_085453936.1	C02356
R10993__cyto	XP_085453936.1	C00025
R02237__mito	XP_085455393.1	C00025
R02237__mito	XP_085455393.1	C00921
R02237__mito	XP_085452022.1	C00025
R02237__mito	XP_085452022.1	C00921
R01280__cyto	XP_085454469.1	C00249
R01968__cyto	XP_085453945.1	C00362
R01968__cyto	XP_085453944.1	C00362
R01968__cyto	XP_085453174.1	C00362
R05086__cyto	XP_085451280.1	C06055
R03916__cyto	XP_085451031.1	C02320
R00137__cyto	XP_085452190.1	C00455
R00137__cyto	XP_085451884.1	C00455
R03005__cyto	XP_085452190.1	C01185
R03005__cyto	XP_085451884.1	C01185
R03664__cyto	XP_085455584.1	C01652
R03664__cyto	XP_085455584.1	C00078
R03664__cyto	XP_085452420.1	C01652
R03664__cyto	XP_085452420.1	C00078
R02613__cyto	XP_085454480.1	C05332
R02613__cyto	XP_085453989.1	C05332
R01218__cyto	XP_085450790.1	C00143
R02953__cyto	XP_085453974.1	C02749
R01872__cyto	XP_085454259.1	C00296
R02082__cyto	XP_085454909.1	C00356
R04405__cyto	XP_085453211.1	C00155
R04405__cyto	XP_085453211.1	C04489
R03482__cyto	XP_085454595.1	C01288
R03482__cyto	XP_085451876.1	C01288
R03482__cyto	XP_085454571.1	C01288
R03482__cyto	XP_085452271.1	C01288
R02055__mito	XP_085450863.1	C02737
R02055__mito	XP_085454925.1	C02737
R05333__cyto	XP_085451518.1	C00641
R05333__cyto	XP_085451518.1	C00865
R03416__pero	XP_085453396.1	C04438
R04780__cyto	XP_085451735.1	C05378
R10685__cyto	XP_085454788.1	C00037
R02867__cyto	XP_085450664.1	C00081
R02867__cyto	XP_085450664.1	C00794
R02867__cyto	XP_085455502.1	C00081
R02867__cyto	XP_085455502.1	C00794
R02867__cyto	XP_085451463.1	C00081
R02867__cyto	XP_085451463.1	C00794
R02867__cyto	XP_085451797.1	C00081
R02867__cyto	XP_085451797.1	C00794
R01213__mito	XP_085452598.1	C00024
R01213__mito	XP_085452598.1	C00141
R08176__cyto	XP_085451777.1	C00510
R08176__cyto	XP_085454314.1	C00510
R07937__cyto	XP_085452799.1	C00024
R07937__cyto	XP_085452799.1	C16169
R01310__cyto	XP_085453908.1	C00157
R04563__cyto	XP_085450700.1	C04736
R04563__cyto	XP_085450700.1	C00120
R02736__cyto	XP_085451135.1	C01172
R04967__cyto	XP_085451602.1	C05760
R04967__cyto	XP_085452617.1	C05760
R00268__mito	XP_085454865.1	C05379
R00268__mito	XP_085453788.1	C05379
R01714__cyto	XP_085453288.1	C01269
R08512__cyto	XP_085452427.1	C00051
R08512__cyto	XP_085452427.1	C16738
R08512__cyto	XP_085452152.1	C00051
R08512__cyto	XP_085452152.1	C16738
R08512__cyto	XP_085455726.1	C00051
R08512__cyto	XP_085455726.1	C16738
R08512__cyto	XP_085452146.1	C00051
R08512__cyto	XP_085452146.1	C16738
R08512__cyto	XP_085452493.1	C00051
R08512__cyto	XP_085452493.1	C16738
R02237__cyto	XP_085455393.1	C00025
R02237__cyto	XP_085455393.1	C00921
R02237__cyto	XP_085452022.1	C00025
R02237__cyto	XP_085452022.1	C00921
R03449__cyto	XP_085454534.1	C01256
R03449__cyto	XP_085453123.1	C01256
R03449__cyto	XP_085451820.1	C01256
R03449__cyto	XP_085451367.1	C01256
R03449__cyto	XP_085455496.1	C01256
R03449__cyto	XP_085453658.1	C01256
R01934__cyto	XP_085453569.1	C05662
R00416__cyto	XP_085450946.1	C04501
R02457__cyto	XP_085451636.1	C00515
R02457__cyto	XP_085451249.1	C00515
R02457__cyto	XP_085452238.1	C00515
R02457__cyto	XP_085450834.1	C00515
R00485__cyto	XP_085454470.1	C00152
R10117__cyto	XP_085452695.1	C20373
R10117__cyto	XP_085454552.1	C20373
R10117__cyto	XP_085454029.1	C20373
R05861__cyto	XP_085451636.1	C00133
R05861__cyto	XP_085451249.1	C00133
R05861__cyto	XP_085452238.1	C00133
R05861__cyto	XP_085450834.1	C00133
R00132__cyto	XP_085453192.1	C01353
R03417__mito	XP_085453396.1	C05973
R00946__cyto	XP_085453724.1	C00440
R00946__cyto	XP_085453724.1	C00155
R00946__cyto	XP_085453181.1	C00440
R00946__cyto	XP_085453181.1	C00155
R00946__cyto	XP_085453159.1	C00440
R00946__cyto	XP_085453159.1	C00155
R00946__cyto	XP_085452032.1	C00440
R00946__cyto	XP_085452032.1	C00155
R00946__cyto	XP_085454829.1	C00440
R00946__cyto	XP_085454829.1	C00155
R00946__cyto	XP_085455431.1	C00440
R00946__cyto	XP_085455431.1	C00155
R00946__cyto	XP_085454129.1	C00440
R00946__cyto	XP_085454129.1	C00155
R00946__cyto	XP_085454643.1	C00440
R00946__cyto	XP_085454643.1	C00155
R00946__cyto	XP_085454636.1	C00440
R00946__cyto	XP_085454636.1	C00155
R00946__cyto	XP_085454277.1	C00440
R00946__cyto	XP_085454277.1	C00155
R00946__cyto	XP_085452734.1	C00440
R00946__cyto	XP_085452734.1	C00155
R00946__cyto	XP_085452745.1	C00440
R00946__cyto	XP_085452745.1	C00155
R00946__cyto	XP_085454330.1	C00440
R00946__cyto	XP_085454330.1	C00155
R01287__cyto	XP_085455189.1	C01077
R01287__cyto	XP_085455189.1	C00283
R01470__cyto	XP_085450963.1	C01233
R10712__cyto	XP_085452528.1	C20247
R10712__cyto	XP_085452528.1	C04752
R00130__cyto	XP_085455433.1	C00882
R00100__cyto	XP_085455350.1	C00996
R00100__cyto	XP_085451082.1	C00996
R00100__cyto	XP_085454902.1	C00996
R03635__cyto	XP_085451119.1	C01613
R02144__cyto	XP_085452938.1	C00386
R04568__cyto	XP_085452695.1	C04688
R04568__cyto	XP_085452617.1	C04688
R00261__cyto	XP_085453922.1	C00025
R00261__cyto	XP_085454568.1	C00025
R00858__cyto	XP_085452546.1	C00094
R00762__cyto	XP_085451735.1	C00354
R01569__cyto	XP_085453945.1	C00364
R01569__cyto	XP_085453944.1	C00364
R01569__cyto	XP_085453174.1	C00364
R10463__cyto	XP_085453649.1	C00188
R10463__cyto	XP_085453649.1	C00288
R03444__cyto	XP_085454029.1	C01251
R04711__cyto	XP_085453724.1	C05200
R04711__cyto	XP_085453181.1	C05200
R04711__cyto	XP_085453159.1	C05200
R04711__cyto	XP_085452032.1	C05200
R04711__cyto	XP_085454829.1	C05200
R04711__cyto	XP_085455431.1	C05200
R04711__cyto	XP_085454129.1	C05200
R04711__cyto	XP_085454643.1	C05200
R04711__cyto	XP_085454636.1	C05200
R04711__cyto	XP_085454277.1	C05200
R04711__cyto	XP_085452734.1	C05200
R04711__cyto	XP_085452745.1	C05200
R04711__cyto	XP_085454330.1	C05200
R00885__cyto	XP_085451733.1	C00636
R00226__cyto	XP_085451024.1	C00022
R00226__cyto	XP_085454339.1	C00022
R01068__cyto	XP_085451810.1	C00354
R00480__cyto	XP_085454904.1	C00049
R01652__cyto	XP_085453063.1	C04236
R01652__cyto	XP_085454953.1	C04236
R01652__cyto	XP_085454977.1	C04236
R01652__cyto	XP_085454552.1	C04236
R01652__cyto	XP_085454179.1	C04236
R00724__cyto	XP_085455301.1	C00022
R00724__cyto	XP_085455301.1	C00081
R00724__cyto	XP_085451463.1	C00022
R00724__cyto	XP_085451463.1	C00081
R01843__cyto	XP_085451508.1	C05382
R01843__cyto	XP_085451463.1	C05382
R01843__cyto	XP_085450877.1	C05382
R00483__cyto	XP_085450528.1	C00049
R00483__cyto	XP_085455679.1	C00049
R02053__cyto	XP_085455674.1	C00350
R07093__cyto	XP_085452146.1	C00051
R07093__cyto	XP_085452146.1	C14859
R07093__cyto	XP_085455726.1	C00051
R07093__cyto	XP_085455726.1	C14859
R07093__cyto	XP_085452152.1	C00051
R07093__cyto	XP_085452152.1	C14859
R07093__cyto	XP_085452493.1	C00051
R07093__cyto	XP_085452493.1	C14859
R10119__cyto	XP_085450368.1	C01209
R10119__cyto	XP_085450368.1	C20375
R01845__cyto	XP_085455657.1	C00447
R01845__cyto	XP_085455684.1	C00447
R01845__cyto	XP_085450809.1	C00447
R01845__cyto	XP_085454014.1	C00447
R01845__cyto	XP_085452195.1	C00447
R01845__cyto	XP_085450454.1	C00447
R01845__cyto	XP_085455705.1	C00447
R01845__cyto	XP_085451735.1	C00447
R08238__cyto	XP_085451391.1	C00119
R08238__cyto	XP_085451391.1	C16614
R08238__cyto	XP_085454769.1	C00119
R08238__cyto	XP_085454769.1	C16614
R03139__cyto	XP_085454480.1	C00986
R03139__cyto	XP_085453989.1	C00986
R03417__cyto	XP_085453396.1	C05973
R02332__cyto	XP_085451463.1	C00460
R02332__cyto	XP_085451463.1	C00299
R02332__cyto	XP_085454042.1	C00460
R02332__cyto	XP_085454042.1	C00299
R00667__cyto	XP_085455192.1	C00077
R00667__cyto	XP_085455192.1	C00026
R03504__cyto	XP_085452648.1	C04874
R03857__cyto	XP_085454068.1	C01832
R03857__cyto	XP_085454067.1	C01832
R03857__cyto	XP_085455297.1	C01832
R01655__mito	XP_085454386.1	C00445
R01655__mito	XP_085451695.1	C00445
R01786__cyto	XP_085450664.1	C00267
R01786__cyto	XP_085455502.1	C00267
R01786__cyto	XP_085451797.1	C00267
R08707__cyto	XP_085452271.1	C04375
R08707__cyto	XP_085454121.1	C04375
R08707__cyto	XP_085451876.1	C04375
R08707__cyto	XP_085454571.1	C04375
R01127__cyto	XP_085454176.1	C00130
R01931__cyto	XP_085455492.1	C00320
R01931__cyto	XP_085455492.1	C00177
R02055__cyto	XP_085450863.1	C02737
R02055__cyto	XP_085454925.1	C02737
R03260__cyto	XP_085454910.1	C00097
R03260__cyto	XP_085454910.1	C01118
R02747__pero	XP_085453396.1	C04233
R04930__cyto	XP_085453012.1	C05699
R02331__cyto	XP_085453629.1	C01346
R00851__cyto	XP_085455518.1	C00040
R00851__cyto	XP_085455518.1	C00093
R00851__cyto	XP_085450632.1	C00040
R00851__cyto	XP_085450632.1	C00093
R00851__cyto	XP_085452336.1	C00040
R00851__cyto	XP_085452336.1	C00093
R00851__cyto	XP_085454551.1	C00040
R00851__cyto	XP_085454551.1	C00093
R02649__cyto	XP_085450407.1	C00624
R07280__cyto	XP_085452195.1	C04454
R07280__cyto	XP_085455657.1	C04454
R07280__cyto	XP_085450454.1	C04454
R07280__cyto	XP_085455705.1	C04454
R07280__cyto	XP_085454014.1	C04454
R07280__cyto	XP_085455684.1	C04454
R07280__cyto	XP_085450809.1	C04454
R01404__cyto	XP_085451602.1	C00173
R01404__cyto	XP_085452617.1	C00173
R00009__cyto	XP_085450402.1	C00027
R00668__cyto	XP_085455192.1	C00077
R00668__cyto	XP_085455192.1	C00026
R01067__cyto	XP_085455284.1	C00085
R01067__cyto	XP_085455284.1	C00118
R04751__pero	XP_085454068.1	C05270
R04751__pero	XP_085454067.1	C05270
R04751__pero	XP_085455297.1	C05270
R00351__mito	XP_085454362.1	C00024
R00351__mito	XP_085454362.1	C00036
R02422__cyto	XP_085452635.1	C00499
R03291__cyto	XP_085455185.1	C01157
R02053__mito	XP_085455674.1	C00350
R00572__cyto	XP_085455301.1	C00063
R00572__cyto	XP_085455301.1	C00022
R00572__cyto	XP_085451463.1	C00063
R00572__cyto	XP_085451463.1	C00022
R04378__cyto	XP_085455526.1	C04677
R01900__mito	XP_085451463.1	C00311
R01716__cyto	XP_085451789.1	C00251
R01716__cyto	XP_085451789.1	C00064
R01158__cyto	XP_085455142.1	C00860
R09136__cyto	XP_085450431.1	C18242
R10688__cyto	XP_085453864.1	C20776
R10688__cyto	XP_085451111.1	C20776
R10688__cyto	XP_085450673.1	C20776
R01658__cyto	XP_085454813.1	C00129
R01658__cyto	XP_085454813.1	C00235
R01658__cyto	XP_085453885.1	C00129
R01658__cyto	XP_085453885.1	C00235
R01061__cyto	XP_085452549.1	C00118
R01061__cyto	XP_085454991.1	C00118
R11896__mito	XP_085452171.1	C21751
R02051__cyto	XP_085453908.1	C00350
R01900__cyto	XP_085451463.1	C00311
R00578__cyto	XP_085450528.1	C00049
R00578__cyto	XP_085450528.1	C00064
R00578__cyto	XP_085455679.1	C00049
R00578__cyto	XP_085455679.1	C00064
R04125__mito	XP_085452398.1	C00101
R04125__mito	XP_085452398.1	C01242
R10092__cyto	XP_085453192.1	C00288
R11399__cyto	XP_085455361.1	C03862
R11399__cyto	XP_085455361.1	C19803
R11399__cyto	XP_085453498.1	C03862
R11399__cyto	XP_085453498.1	C19803
R11399__cyto	XP_085454582.1	C03862
R11399__cyto	XP_085454582.1	C19803
R11399__cyto	XP_085452550.1	C03862
R11399__cyto	XP_085452550.1	C19803
R11399__cyto	XP_085452538.1	C03862
R11399__cyto	XP_085452538.1	C19803
R09944__cyto	XP_085455009.1	C00063
R09944__cyto	XP_085455009.1	C00641
R09077__cyto	XP_085451092.1	C00315
R00351__cyto	XP_085454362.1	C00036
R00351__cyto	XP_085454362.1	C00024
R00139__cyto	XP_085453629.1	C11038
R04065__cyto	XP_085453865.1	C05130
R04065__cyto	XP_085452122.1	C05130
R04065__cyto	XP_085454779.1	C05130
R00299__cyto	XP_085450664.1	C00031
R00299__cyto	XP_085455502.1	C00031
R00299__cyto	XP_085451797.1	C00031
R01404__mito	XP_085451602.1	C00173
R01404__mito	XP_085452617.1	C00173
R00509__cyto	XP_085451463.1	C00224
R03947__cyto	XP_085451345.1	C02463
R05641__cyto	XP_085454557.1	C01694
R11895__cyto	XP_085453629.1	C21750
R08648__mito	XP_085451024.1	C00022
R08648__mito	XP_085451024.1	C00109
R08648__mito	XP_085454339.1	C00022
R08648__mito	XP_085454339.1	C00109
R01715__cyto	XP_085455506.1	C00251
R05050__cyto	XP_085453865.1	C05936
R05050__cyto	XP_085452122.1	C05936
R05050__cyto	XP_085454779.1	C05936
R03508__cyto	XP_085455708.1	C01302
R11891__mito	XP_085452867.1	C16634
R04620__cyto	XP_085451358.1	C04895
R10687__cyto	XP_085453864.1	C12270
R10687__cyto	XP_085451111.1	C12270
R10687__cyto	XP_085450673.1	C12270
R02587__cyto	XP_085452195.1	C06369
R02587__cyto	XP_085455657.1	C06369
R02587__cyto	XP_085450454.1	C06369
R02587__cyto	XP_085455705.1	C06369
R02587__cyto	XP_085454014.1	C06369
R02587__cyto	XP_085455684.1	C06369
R02587__cyto	XP_085450809.1	C06369
R01561__cyto	XP_085452422.1	C00212
R01281__cyto	XP_085452015.1	C00065
R01281__cyto	XP_085452015.1	C00154
R11892__mito	XP_085452867.1	C04242
R07934__cyto	XP_085454068.1	C16168
R07934__cyto	XP_085454067.1	C16168
R07934__cyto	XP_085455297.1	C16168
R02147__cyto	XP_085452422.1	C00387
R00390__pero	XP_085454469.1	C00162
R01123__cyto	XP_085452736.1	C00129
R01939__cyto	XP_085453977.1	C00956
R01939__cyto	XP_085453977.1	C00026
R11894__cyto	XP_085453629.1	C21748
R02702__cyto	XP_085453602.1	C00643
R01878__cyto	XP_085455436.1	C00475
R00573__cyto	XP_085450958.1	C00064
R09074__cyto	XP_085451092.1	C00612
R08146__cyto	XP_085453865.1	C03461
R08146__cyto	XP_085452122.1	C03461
R08146__cyto	XP_085454779.1	C03461
R04439__cyto	XP_085455120.1	C06010
R02864__cyto	XP_085451345.1	C00748
R04560__cyto	XP_085454176.1	C04677
R04560__cyto	XP_085454176.1	C00234
R00078__mito	XP_085450767.1	C14818
R11893__cyto	XP_085451545.1	C21750
R11893__cyto	XP_085451545.1	C00343
R11893__cyto	XP_085451185.1	C21750
R11893__cyto	XP_085451185.1	C00343
R02425__cyto	XP_085451603.1	C02350
R04754__pero	XP_085454068.1	C05274
R04754__pero	XP_085454067.1	C05274
R04754__pero	XP_085455297.1	C05274
R02923__cyto	XP_085451636.1	C00792
R02923__cyto	XP_085451249.1	C00792
R02923__cyto	XP_085452238.1	C00792
R02923__cyto	XP_085450834.1	C00792
R10686__cyto	XP_085451015.1	C00135
R10686__cyto	XP_085451015.1	C00018
R05586__cyto	XP_085452466.1	C06715
R05586__cyto	XP_085454730.1	C06715
R05586__cyto	XP_085453932.1	C06715
R05586__cyto	XP_085454717.1	C06715
R05586__cyto	XP_085451384.1	C06715
R05586__cyto	XP_085453589.1	C06715
R05586__cyto	XP_085452048.1	C06715
R05586__cyto	XP_085452799.1	C06715
R05586__cyto	XP_085451779.1	C06715
R02865__cyto	XP_085450664.1	C00794
R02865__cyto	XP_085455502.1	C00794
R02865__cyto	XP_085451463.1	C00794
R02865__cyto	XP_085451797.1	C00794
R01121__cyto	XP_085452587.1	C01143
