Group,Isolate,T,CUE,lo,hi
Clade1,Clade1_2068,22,0.3210288638306424,0.2904511145228976,0.3538782687977706
Clade1,Clade1_2068,22.18487394957983,0.3229703126160254,0.292747507827073,0.35535969184367266
Clade1,Clade1_2068,22.369747899159663,0.32488375370801376,0.29484489067451103,0.35694440840526065
Clade1,Clade1_2068,22.554621848739497,0.3267814669570749,0.29697895027556515,0.3585693820966741
Clade1,Clade1_2068,22.73949579831933,0.3286666199130648,0.29914531577988174,0.3600466771852231
Clade1,Clade1_2068,22.92436974789916,0.3305440715389281,0.30120276086147796,0.3616861242424492
Clade1,Clade1_2068,23.10924369747899,0.3323757655710604,0.3033758364716092,0.3631719149286808
Clade1,Clade1_2068,23.294117647058822,0.3342564152374548,0.30545999572843635,0.3647312559127943
Clade1,Clade1_2068,23.478991596638657,0.3361397338300809,0.30748375427659425,0.36630922981900943
Clade1,Clade1_2068,23.66386554621849,0.3379893953411689,0.30956316577462334,0.36782887788606816
Clade1,Clade1_2068,23.84873949579832,0.3398358232087472,0.31165908079984966,0.36932062199766574
Clade1,Clade1_2068,24.03361344537815,0.3416266088269506,0.31368666412628093,0.3707363745600833
Clade1,Clade1_2068,24.218487394957982,0.3433936778582084,0.315614698117279,0.37231790423344596
Clade1,Clade1_2068,24.403361344537814,0.345180662381559,0.31767843645793065,0.37378555726898915
Clade1,Clade1_2068,24.58823529411765,0.34698384326838994,0.31964045228133026,0.3753275110677411
Clade1,Clade1_2068,24.77310924369748,0.3487490128858787,0.32161101815190185,0.3768564099196237
Clade1,Clade1_2068,24.95798319327731,0.3504963375008324,0.3235736486702413,0.37835049237608204
Clade1,Clade1_2068,25.142857142857142,0.3522069536745846,0.3253962331694901,0.37977738702068375
Clade1,Clade1_2068,25.327731092436974,0.3539010282310343,0.32724383343214114,0.38141090023712587
Clade1,Clade1_2068,25.51260504201681,0.35556882967351966,0.3290953585037555,0.3829513740013467
Clade1,Clade1_2068,25.69747899159664,0.3572492686649923,0.3308886595303669,0.38448132474888136
Clade1,Clade1_2068,25.88235294117647,0.35887926353576954,0.3326723653429272,0.38596559799565616
Clade1,Clade1_2068,26.067226890756302,0.36046291291294846,0.3343496149932551,0.3872475529001375
Clade1,Clade1_2068,26.252100840336134,0.3620554049591703,0.3360322877551943,0.3886528369398806
Clade1,Clade1_2068,26.436974789915965,0.3635731118347977,0.3376819475656032,0.38997618465204215
Clade1,Clade1_2068,26.6218487394958,0.36504562329766843,0.33937163512531726,0.39129722132755174
Clade1,Clade1_2068,26.80672268907563,0.3665436717462415,0.34098396928212066,0.3925142422489901
Clade1,Clade1_2068,26.991596638655462,0.36799394733581126,0.34256663998765857,0.3938240499086857
Clade1,Clade1_2068,27.176470588235293,0.36939300139269615,0.34423431891504164,0.3950405760481301
Clade1,Clade1_2068,27.36134453781513,0.37073971996684674,0.34565366507605316,0.3962861435188916
Clade1,Clade1_2068,27.54621848739496,0.3720933930985952,0.34718133897746956,0.3975655493370859
Clade1,Clade1_2068,27.73109243697479,0.3733554834674939,0.3485799779916139,0.3986622486639596
Clade1,Clade1_2068,27.915966386554622,0.37456752117749087,0.34986179505959764,0.3996713045114315
Clade1,Clade1_2068,28.100840336134453,0.37574148266767204,0.35110151814551066,0.40072349189957507
Clade1,Clade1_2068,28.285714285714285,0.3768848444592924,0.35236030631998405,0.40175626174561935
Clade1,Clade1_2068,28.470588235294116,0.3779399726428524,0.35349313528816445,0.4026732435594989
Clade1,Clade1_2068,28.65546218487395,0.37893774006826775,0.3546087101105589,0.4035595260841409
Clade1,Clade1_2068,28.840336134453782,0.3798853832241334,0.355657712952382,0.4043295446987148
Clade1,Clade1_2068,29.025210084033613,0.3807525069229325,0.3565904224496612,0.4051009278824678
Clade1,Clade1_2068,29.210084033613445,0.3815720867927451,0.35755872922966764,0.4058583076629365
Clade1,Clade1_2068,29.39495798319328,0.38232704111979543,0.3584185628049359,0.40658956423797976
Clade1,Clade1_2068,29.57983193277311,0.3830712340798601,0.35921168198531966,0.40720722454770536
Clade1,Clade1_2068,29.764705882352942,0.38367906617395214,0.3600014870914738,0.4076769212738822
Clade1,Clade1_2068,29.949579831932773,0.3842085106670694,0.360635602036878,0.4081727568644786
Clade1,Clade1_2068,30.134453781512605,0.3846527215485648,0.3611847136256001,0.40856710534176505
Clade1,Clade1_2068,30.319327731092436,0.38509366697420255,0.3617147063994997,0.40891177236004156
Clade1,Clade1_2068,30.504201680672267,0.385400199176243,0.36222601708091035,0.4092342678615169
Clade1,Clade1_2068,30.689075630252102,0.38561434717100074,0.36256920611002597,0.4094578670886673
Clade1,Clade1_2068,30.873949579831933,0.385750058482093,0.3627066343307904,0.4095364470919306
Clade1,Clade1_2068,31.058823529411764,0.3857781714736579,0.36282955021493973,0.4095605736427921
Clade1,Clade1_2068,31.2436974789916,0.3857552989270751,0.3628928305754227,0.409452163122444
Clade1,Clade1_2068,31.42857142857143,0.3856012215828729,0.36267194482954007,0.4092116141908348
Clade1,Clade1_2068,31.613445378151262,0.3853939220345597,0.36246451037874095,0.4088801780756981
Clade1,Clade1_2068,31.798319327731093,0.385047787431931,0.3621683810230358,0.4084805214073433
Clade1,Clade1_2068,31.983193277310924,0.3845691286473909,0.36182766340201694,0.40795139878272846
Clade1,Clade1_2068,32.168067226890756,0.384019272473566,0.3612672451865308,0.4073836705826485
Clade1,Clade1_2068,32.35294117647059,0.38331613040430423,0.36057189257371625,0.40674264137442784
Clade1,Clade1_2068,32.53781512605042,0.38249397263558965,0.35976136263245706,0.40597040181218624
Clade1,Clade1_2068,32.72268907563026,0.38161099303738555,0.3588531584806348,0.40516580545807107
Clade1,Clade1_2068,32.90756302521008,0.38053939874239073,0.3579159407463743,0.4042314881877765
Clade1,Clade1_2068,33.09243697478992,0.37930978359692913,0.35684265403636856,0.40310577861649255
Clade1,Clade1_2068,33.27731092436975,0.3780792377801979,0.3554451200883701,0.4017740768134679
Clade1,Clade1_2068,33.46218487394958,0.376698966527027,0.35389553208683283,0.4004322067453574
Clade1,Clade1_2068,33.64705882352941,0.3751787273463615,0.3523384656675339,0.3989712419738615
Clade1,Clade1_2068,33.831932773109244,0.37353188897574885,0.35064571913351356,0.3972482058156155
Clade1,Clade1_2068,34.016806722689076,0.37168635438183706,0.3487353784316618,0.39544320988461007
Clade1,Clade1_2068,34.20168067226891,0.36975086915580757,0.34665302787503793,0.3934725311369112
Clade1,Clade1_2068,34.38655462184874,0.3676168782229985,0.34446930075412013,0.39142647738728903
Clade1,Clade1_2068,34.57142857142857,0.36541460534155334,0.3420968560716034,0.3891019434980309
Clade1,Clade1_2068,34.75630252100841,0.36299673008102645,0.3396239515151932,0.3867925884423553
Clade1,Clade1_2068,34.94117647058823,0.3604723613931059,0.33702072431129076,0.38438080351436854
Clade1,Clade1_2068,35.12605042016807,0.35781653081741766,0.3342404182049456,0.38182686880579564
Clade1,Clade1_2068,35.3109243697479,0.3550128217101258,0.3314162109250833,0.37896225912373693
Clade1,Clade1_2068,35.49579831932773,0.35204851114050933,0.3284267931887519,0.3761497717223218
Clade1,Clade1_2068,35.680672268907564,0.3489659874086397,0.32514971375926593,0.37312615773334973
Clade1,Clade1_2068,35.865546218487395,0.3457899966362833,0.32182071541330154,0.3700313950029378
Clade1,Clade1_2068,36.05042016806723,0.342423889667708,0.3183472642115599,0.3667405112727373
Clade1,Clade1_2068,36.23529411764706,0.338951863275295,0.31473105759033365,0.3633058484507426
Clade1,Clade1_2068,36.42016806722689,0.33530694010103834,0.3109847504324361,0.35982455716617695
Clade1,Clade1_2068,36.60504201680672,0.3315644603747664,0.307080771400985,0.3563038655371835
Clade1,Clade1_2068,36.78991596638656,0.3276457023871492,0.30311172802318037,0.3524257948637312
Clade1,Clade1_2068,36.97478991596638,0.32367571809394957,0.299051892504392,0.3485503183614522
Clade1,Clade1_2068,37.15966386554622,0.3195055219801332,0.2948701940352616,0.344529119424324
Clade1,Clade1_2068,37.34453781512605,0.31519644217655596,0.290582436990779,0.3402814871671307
Clade1,Clade1_2068,37.529411764705884,0.31078027662898466,0.2862472155750183,0.336022476986159
Clade1,Clade1_2068,37.714285714285715,0.3063165113869847,0.28176472874114117,0.331657057577704
Clade1,Clade1_2068,37.89915966386555,0.3017694258365375,0.2771891651460988,0.3271761784767252
Clade1,Clade1_2068,38.08403361344538,0.29708819722721547,0.27252884851266895,0.3225246286911001
Clade1,Clade1_2068,38.26890756302521,0.29228833591534953,0.26775311902661364,0.3177633366934545
Clade1,Clade1_2068,38.45378151260505,0.2874030914474893,0.2629167275143763,0.31296899750663443
Clade1,Clade1_2068,38.63865546218487,0.2824339571704728,0.25803204723553547,0.3080065177568215
Clade1,Clade1_2068,38.82352941176471,0.2774203359229209,0.2530824981264807,0.30302610725613843
Clade1,Clade1_2068,39.008403361344534,0.2723711712922453,0.24812747648915898,0.2980100746194656
Clade1,Clade1_2068,39.19327731092437,0.2672555934346996,0.24309173612559754,0.29285882024188437
Clade1,Clade1_2068,39.378151260504204,0.2620582758753433,0.2380651269022169,0.28748538973497995
Clade1,Clade1_2068,39.563025210084035,0.2568305841526978,0.23293205909051412,0.2821689836057221
Clade1,Clade1_2068,39.747899159663866,0.25165624386978785,0.2277916613218163,0.2768629895444867
Clade1,Clade1_2068,39.9327731092437,0.24638157236425717,0.22269328650738446,0.27143435339148575
Clade1,Clade1_2068,40.11764705882353,0.24104800299870743,0.21753416711227463,0.2659364990798472
Clade1,Clade1_2068,40.30252100840336,0.23579433651140796,0.2123259015716978,0.26053667226982896
Clade1,Clade1_2068,40.4873949579832,0.2304567591255584,0.2071940629164228,0.25506012046839555
Clade1,Clade1_2068,40.67226890756302,0.22511002464611116,0.2021260498725095,0.24972781019282955
Clade1,Clade1_2068,40.85714285714286,0.21979769600614296,0.19705076096037805,0.24426098707020308
Clade1,Clade1_2068,41.042016806722685,0.21441438424722686,0.19198613251818852,0.2389164288758599
Clade1,Clade1_2068,41.226890756302524,0.20911915689304444,0.18683679232775327,0.2335226989084702
Clade1,Clade1_2068,41.411764705882355,0.20385473320874922,0.18172007298385265,0.22813829028190405
Clade1,Clade1_2068,41.596638655462186,0.19862730489863734,0.17671479379520838,0.22276525739565342
Clade1,Clade1_2068,41.78151260504202,0.19342632111578595,0.1717404076011813,0.2175546637920784
Clade1,Clade1_2068,41.96638655462185,0.18829880086712847,0.16673948955682383,0.21228613989054163
Clade1,Clade1_2068,42.15126050420168,0.18318357979391867,0.16187673484931397,0.20718475705424172
Clade1,Clade1_2068,42.33613445378151,0.17817538304715225,0.15704827200151375,0.20200170779966287
Clade1,Clade1_2068,42.52100840336135,0.17317688333732087,0.1521794968365663,0.19703723597886716
Clade1,Clade1_2068,42.705882352941174,0.16827995930343925,0.14744409030300812,0.19211067075461993
Clade1,Clade1_2068,42.89075630252101,0.1634839482844897,0.1427296504747689,0.1871278335663784
Clade1,Clade1_2068,43.07563025210084,0.15868835792403632,0.13820726996885183,0.18217392064227317
Clade1,Clade1_2068,43.260504201680675,0.1540005324342587,0.13367286361067318,0.17741539013642538
Clade1,Clade1_2068,43.445378151260506,0.149406784530771,0.12925511314785132,0.17268296151378554
Clade1,Clade1_2068,43.63025210084034,0.14493312980842638,0.12484647671270475,0.16810033823584014
Clade1,Clade1_2068,43.81512605042017,0.14048650559540565,0.12049696714196244,0.16359214031418942
Clade1,Clade1_2068,44,0.13610695919123197,0.11625307873018113,0.15918188082637266
Clade1,Clade1_2069,22,0.2719228605744112,0.24211857385819885,0.30417165294015763
Clade1,Clade1_2069,22.18487394957983,0.2737091217669272,0.24419012739304702,0.30562811234983434
Clade1,Clade1_2069,22.369747899159663,0.27547957902926534,0.24631705761360914,0.3070693672290855
Clade1,Clade1_2069,22.554621848739497,0.2771907908005774,0.24836682844545502,0.30847410561064903
Clade1,Clade1_2069,22.73949579831933,0.27894183134523054,0.2503174478556286,0.309883927251256
Clade1,Clade1_2069,22.92436974789916,0.280684928486878,0.25224749007146696,0.31135390344312136
Clade1,Clade1_2069,23.10924369747899,0.28243243144758845,0.25426208905956754,0.31281352944974
Clade1,Clade1_2069,23.294117647058822,0.28411236304685417,0.25623754665587406,0.3143504428724305
Clade1,Clade1_2069,23.478991596638657,0.28581598375960837,0.25813349820808534,0.3159122423948134
Clade1,Clade1_2069,23.66386554621849,0.28751687604543996,0.2600412672623957,0.3175362497080158
Clade1,Clade1_2069,23.84873949579832,0.2892170013971701,0.2620438871620789,0.31877584032944645
Clade1,Clade1_2069,24.03361344537815,0.2909027773213946,0.2638057892930026,0.31998277552206444
Clade1,Clade1_2069,24.218487394957982,0.29259990951912607,0.2656462846769283,0.3215046522194467
Clade1,Clade1_2069,24.403361344537814,0.2942408580640925,0.26751838066286293,0.32292886340661564
Clade1,Clade1_2069,24.58823529411765,0.29589709211520737,0.2693265271171593,0.3243817018642618
Clade1,Clade1_2069,24.77310924369748,0.2975096654999273,0.27121927131926044,0.3257935097677562
Clade1,Clade1_2069,24.95798319327731,0.29917247416579407,0.2729438874817925,0.327149405550987
Clade1,Clade1_2069,25.142857142857142,0.3007553277620886,0.27462690620410307,0.32847914599563605
Clade1,Clade1_2069,25.327731092436974,0.30232077665500856,0.27632721424801804,0.32998636185890146
Clade1,Clade1_2069,25.51260504201681,0.30387037337245426,0.27802394310101003,0.3313768105916959
Clade1,Clade1_2069,25.69747899159664,0.3053933714056736,0.2796812232179572,0.33258881362048315
Clade1,Clade1_2069,25.88235294117647,0.3068924890192093,0.28127742741628714,0.3338472021066595
Clade1,Clade1_2069,26.067226890756302,0.3083519268907167,0.282839772460497,0.3351571202185073
Clade1,Clade1_2069,26.252100840336134,0.309784479575826,0.2844603229387354,0.336434633801711
Clade1,Clade1_2069,26.436974789915965,0.3111927685841128,0.28597504742080854,0.33765779660289486
Clade1,Clade1_2069,26.6218487394958,0.3125863860431393,0.28740838302312827,0.338907750930752
Clade1,Clade1_2069,26.80672268907563,0.31393412843915275,0.2888854962575078,0.34006280223992563
Clade1,Clade1_2069,26.991596638655462,0.31526116212620603,0.29022767972104996,0.3411126585590981
Clade1,Clade1_2069,27.176470588235293,0.3164982710224433,0.2916343563185229,0.34227999150948585
Clade1,Clade1_2069,27.36134453781513,0.3177318530361942,0.29295331570052274,0.3434080535014604
Clade1,Clade1_2069,27.54621848739496,0.31890740324910255,0.2942175765348149,0.3443959668217965
Clade1,Clade1_2069,27.73109243697479,0.3200782798963169,0.2955375468156992,0.34547382142547106
Clade1,Clade1_2069,27.915966386554622,0.32118704325801883,0.2967589486606892,0.34647171988759745
Clade1,Clade1_2069,28.100840336134453,0.3222066113739793,0.29782718023184246,0.3473569419405596
Clade1,Clade1_2069,28.285714285714285,0.3231556595980127,0.29902004379283287,0.34841333773564515
Clade1,Clade1_2069,28.470588235294116,0.3241396069796743,0.30011650305952675,0.34922550772244826
Clade1,Clade1_2069,28.65546218487395,0.32504553237441863,0.30108933745515126,0.3499626347727709
Clade1,Clade1_2069,28.840336134453782,0.3258803975928105,0.30200268348942483,0.35073339545591203
Clade1,Clade1_2069,29.025210084033613,0.3266519688459626,0.3028045169615351,0.3513099738619312
Clade1,Clade1_2069,29.210084033613445,0.3273443475593702,0.3035493290226756,0.35204233678525765
Clade1,Clade1_2069,29.39495798319328,0.32797302810152845,0.30427881362136316,0.352542734504895
Clade1,Clade1_2069,29.57983193277311,0.3285639838972044,0.30489483503211595,0.35299308469484586
Clade1,Clade1_2069,29.764705882352942,0.32905011874970536,0.3054299733320554,0.3533989213738271
Clade1,Clade1_2069,29.949579831932773,0.3295087825748707,0.3058503587564579,0.3537418826090003
Clade1,Clade1_2069,30.134453781512605,0.3298196269677641,0.30620477471974833,0.3539436263579113
Clade1,Clade1_2069,30.319327731092436,0.33008649044967187,0.3065702511129351,0.35401148713173347
Clade1,Clade1_2069,30.504201680672267,0.3302556427379172,0.30682093066589566,0.35405349510146394
Clade1,Clade1_2069,30.689075630252102,0.330354050362173,0.3070224396527227,0.3539890885162913
Clade1,Clade1_2069,30.873949579831933,0.3303831074816011,0.3070334487821877,0.35386600034957766
Clade1,Clade1_2069,31.058823529411764,0.3302839480825317,0.30702103903955275,0.35367383225472804
Clade1,Clade1_2069,31.2436974789916,0.33010290775770534,0.30694893924330297,0.3533945428478217
Clade1,Clade1_2069,31.42857142857143,0.3298402554978386,0.30685423036999737,0.35303594693352786
Clade1,Clade1_2069,31.613445378151262,0.3294556961938404,0.3064758092929716,0.35251702324768575
Clade1,Clade1_2069,31.798319327731093,0.32898110779149337,0.30602969703838295,0.35187375851969294
Clade1,Clade1_2069,31.983193277310924,0.32834555105781726,0.30541913147551586,0.3513111274290445
Clade1,Clade1_2069,32.168067226890756,0.3276085449662923,0.30475437061200594,0.35056727118524583
Clade1,Clade1_2069,32.35294117647059,0.32676367367861725,0.3039683555006181,0.3496186851453409
Clade1,Clade1_2069,32.53781512605042,0.32580585098943776,0.3030463391185515,0.348718164670421
Clade1,Clade1_2069,32.72268907563026,0.32474940313566675,0.30205473652698367,0.3476179442606115
Clade1,Clade1_2069,32.90756302521008,0.32360040432858544,0.3008942447102489,0.34649715387680624
Clade1,Clade1_2069,33.09243697478992,0.3222941660535992,0.29960760292479655,0.3451110506937539
Clade1,Clade1_2069,33.27731092436975,0.3208604696835532,0.29821842826503037,0.34364299627610495
Clade1,Clade1_2069,33.46218487394958,0.31931063612418575,0.2967693151957907,0.3421604415357772
Clade1,Clade1_2069,33.64705882352941,0.31761580235387776,0.2950929510332565,0.3404185350475758
Clade1,Clade1_2069,33.831932773109244,0.31577805104217416,0.2932824446375237,0.33861279186478715
Clade1,Clade1_2069,34.016806722689076,0.3138697960481889,0.2913060483516883,0.336692121848479
Clade1,Clade1_2069,34.20168067226891,0.31179212315717697,0.2892049399849688,0.3346238197964002
Clade1,Clade1_2069,34.38655462184874,0.3096051502783976,0.2870688896854424,0.3324160686769553
Clade1,Clade1_2069,34.57142857142857,0.3072505018042989,0.28465101607320753,0.33013205248015925
Clade1,Clade1_2069,34.75630252100841,0.30478428930861307,0.28209524774112454,0.32768392140712843
Clade1,Clade1_2069,34.94117647058823,0.30217757345845,0.279521189613552,0.3251680885062998
Clade1,Clade1_2069,35.12605042016807,0.2994745369479537,0.27684143386886595,0.3225618603084731
Clade1,Clade1_2069,35.3109243697479,0.29660187583846825,0.2740371111171698,0.3198162088340833
Clade1,Clade1_2069,35.49579831932773,0.2936424445189063,0.27103833764324703,0.31691772132268786
Clade1,Clade1_2069,35.680672268907564,0.2905327920969298,0.2679261094056483,0.3138114483551759
Clade1,Clade1_2069,35.865546218487395,0.28732739884204683,0.26476006767628835,0.3105727329690807
Clade1,Clade1_2069,36.05042016806723,0.2840063109075984,0.26148992002947413,0.3072233345285517
Clade1,Clade1_2069,36.23529411764706,0.28055981392128904,0.25813283907328577,0.3038297128939915
Clade1,Clade1_2069,36.42016806722689,0.2769946337256299,0.25467145829670257,0.3003505327473485
Clade1,Clade1_2069,36.60504201680672,0.27337902578121853,0.2511136473288736,0.2967345488415305
Clade1,Clade1_2069,36.78991596638656,0.2696169116731938,0.24750784405066945,0.2928949638979392
Clade1,Clade1_2069,36.97478991596638,0.26577933346498395,0.24364097907926627,0.28897001168361575
Clade1,Clade1_2069,37.15966386554622,0.2618441198507806,0.23969330097212138,0.2850499740607117
Clade1,Clade1_2069,37.34453781512605,0.25776685536245697,0.23573006920966544,0.28102103998011474
Clade1,Clade1_2069,37.529411764705884,0.25359651290355556,0.231627007794363,0.2768134665801819
Clade1,Clade1_2069,37.714285714285715,0.2493985036954448,0.2274489294175212,0.27262497522690016
Clade1,Clade1_2069,37.89915966386555,0.24509834568990874,0.22330896282860363,0.26832636756871264
Clade1,Clade1_2069,38.08403361344538,0.24070999080488076,0.21920570835143835,0.26384699548484647
Clade1,Clade1_2069,38.26890756302521,0.23627760993704677,0.21493962413994214,0.25937817121145695
Clade1,Clade1_2069,38.45378151260505,0.23184543413350786,0.21055286966856462,0.25489206905533085
Clade1,Clade1_2069,38.63865546218487,0.22732231436843187,0.20618401944024384,0.2503894857964148
Clade1,Clade1_2069,38.82352941176471,0.22278270235420222,0.20176728561969126,0.245699315465806
Clade1,Clade1_2069,39.008403361344534,0.21825076587754957,0.19725014148917677,0.24104008333234653
Clade1,Clade1_2069,39.19327731092437,0.21362587958728493,0.19285444730872423,0.23631692090125117
Clade1,Clade1_2069,39.378151260504204,0.20901262429066622,0.18840704276092327,0.23158284819168648
Clade1,Clade1_2069,39.563025210084035,0.20442717777141922,0.1839601771412524,0.22688080349473772
Clade1,Clade1_2069,39.747899159663866,0.19977181899467458,0.17942872606422086,0.2220784685226666
Clade1,Clade1_2069,39.9327731092437,0.19517134703304112,0.17488091322542762,0.21736459716797724
Clade1,Clade1_2069,40.11764705882353,0.1905446588775537,0.17045920313186774,0.2127099508604479
Clade1,Clade1_2069,40.30252100840336,0.18588824106649846,0.16595375502267393,0.20787632455171628
Clade1,Clade1_2069,40.4873949579832,0.18129524015929632,0.16148723846113805,0.20312568558122376
Clade1,Clade1_2069,40.67226890756302,0.17669337824892548,0.15707093349538545,0.19841721571261886
Clade1,Clade1_2069,40.85714285714286,0.17213707777572695,0.15272188335415043,0.1937800514229367
Clade1,Clade1_2069,41.042016806722685,0.16763554349485926,0.14828946384340708,0.189080106440147
Clade1,Clade1_2069,41.226890756302524,0.16314275678411172,0.1439641660488119,0.18450127016726175
Clade1,Clade1_2069,41.411764705882355,0.1587125357792674,0.13973604161177344,0.17998718096944802
Clade1,Clade1_2069,41.596638655462186,0.15433609500418163,0.1354040376013847,0.17553289269293063
Clade1,Clade1_2069,41.78151260504202,0.1500303950569558,0.13123396776628699,0.1711798797132134
Clade1,Clade1_2069,41.96638655462185,0.14575344901312315,0.12705772226325646,0.16692845518574223
Clade1,Clade1_2069,42.15126050420168,0.14154163539742054,0.12295734062270454,0.16268215614995168
Clade1,Clade1_2069,42.33613445378151,0.13740897029960986,0.11887837533133988,0.15839376956682846
Clade1,Clade1_2069,42.52100840336135,0.13334515685038711,0.11489723238724073,0.15432818502877946
Clade1,Clade1_2069,42.705882352941174,0.12931038599487377,0.11097959745765969,0.1502440254507226
Clade1,Clade1_2069,42.89075630252101,0.1253643760947562,0.10716860775730565,0.14622089745918432
Clade1,Clade1_2069,43.07563025210084,0.12151514581308079,0.10344524095743532,0.14224446094335064
Clade1,Clade1_2069,43.260504201680675,0.11773481895153234,0.09980958522654605,0.13828689594583868
Clade1,Clade1_2069,43.445378151260506,0.11400076061726092,0.09621230219002491,0.13442427246814595
Clade1,Clade1_2069,43.63025210084034,0.11036067181039859,0.09266131036367482,0.13074525006385831
Clade1,Clade1_2069,43.81512605042017,0.1067665388834215,0.08925245717116756,0.1271150114526879
Clade1,Clade1_2069,44,0.10332751992884982,0.08592422622042942,0.12354341537080699
Clade1,Clade1_2070,22,0.3386919564482316,0.30711221760681356,0.3712709829503993
Clade1,Clade1_2070,22.18487394957983,0.3407932145105522,0.30966162686026116,0.37309382519158474
Clade1,Clade1_2070,22.369747899159663,0.3429288497740254,0.31211402808795924,0.37485862652038027
Clade1,Clade1_2070,22.554621848739497,0.34504020861091794,0.31449580985655057,0.37649876133619364
Clade1,Clade1_2070,22.73949579831933,0.3471355101088762,0.31686327851594454,0.37823316929764156
Clade1,Clade1_2070,22.92436974789916,0.34919914951613296,0.3191747938310022,0.38017829103840434
Clade1,Clade1_2070,23.10924369747899,0.35127319075390245,0.3216016583795145,0.3819645886749279
Clade1,Clade1_2070,23.294117647058822,0.3533797072510462,0.3239501305194628,0.38382913573804744
Clade1,Clade1_2070,23.478991596638657,0.355499813449457,0.32633085440746645,0.3856151735328011
Clade1,Clade1_2070,23.66386554621849,0.3575916738019381,0.32866315828818465,0.3873827173534558
Clade1,Clade1_2070,23.84873949579832,0.359662239549687,0.33116886769704673,0.3892203683222152
Clade1,Clade1_2070,24.03361344537815,0.36171256187145007,0.3333892006143208,0.3909529969395489
Clade1,Clade1_2070,24.218487394957982,0.3637469800285855,0.3357431365456372,0.39274967409007033
Clade1,Clade1_2070,24.403361344537814,0.36581067783845483,0.33794410231319955,0.39445808105689384
Clade1,Clade1_2070,24.58823529411765,0.36781976990362364,0.3401514738113832,0.39629717131497894
Clade1,Clade1_2070,24.77310924369748,0.36986424604686163,0.34227534451647385,0.3982172713164815
Clade1,Clade1_2070,24.95798319327731,0.3718376671413448,0.3444598521396188,0.4000417746674532
Clade1,Clade1_2070,25.142857142857142,0.3738101551445198,0.3464495283650605,0.40175297397023324
Clade1,Clade1_2070,25.327731092436974,0.3757313189986343,0.34860050223993166,0.40351838282389413
Clade1,Clade1_2070,25.51260504201681,0.37767417900333666,0.3506640541773316,0.405356819760762
Clade1,Clade1_2070,25.69747899159664,0.37956323293116534,0.3527649108625893,0.40709821978450134
Clade1,Clade1_2070,25.88235294117647,0.38144787990540097,0.35476118277612756,0.4086885818603643
Clade1,Clade1_2070,26.067226890756302,0.3833222887053789,0.3567461096337174,0.410456768703518
Clade1,Clade1_2070,26.252100840336134,0.3851776378587247,0.35877894621654893,0.41209321097046486
Clade1,Clade1_2070,26.436974789915965,0.3869725509214309,0.36076787435351615,0.41391993817692374
Clade1,Clade1_2070,26.6218487394958,0.388751691495259,0.36270341329717515,0.41550044948875026
Clade1,Clade1_2070,26.80672268907563,0.3904735712520731,0.36448340960498876,0.41712461346288476
Clade1,Clade1_2070,26.991596638655462,0.3922066654613588,0.36624391508947146,0.418738690577797
Clade1,Clade1_2070,27.176470588235293,0.3939166432191886,0.36800303386194266,0.42025497102384535
Clade1,Clade1_2070,27.36134453781513,0.3955262294959765,0.3698234719917908,0.4217901662624894
Clade1,Clade1_2070,27.54621848739496,0.39715782592891957,0.37144426895870913,0.42336043699962306
Clade1,Clade1_2070,27.73109243697479,0.39873136782957685,0.37315363694043163,0.4249158925141259
Clade1,Clade1_2070,27.915966386554622,0.4003136757037924,0.37485879331944294,0.4264900780740817
Clade1,Clade1_2070,28.100840336134453,0.4018090439793801,0.37644905934928186,0.42793449363402614
Clade1,Clade1_2070,28.285714285714285,0.40326644802524436,0.37797618656373083,0.4292709551828991
Clade1,Clade1_2070,28.470588235294116,0.4047160669858112,0.37942596640968923,0.4305638993629417
Clade1,Clade1_2070,28.65546218487395,0.406093456992891,0.38079310823203494,0.43187654780696016
Clade1,Clade1_2070,28.840336134453782,0.40739599656250625,0.3821198501199895,0.43303920068320495
Clade1,Clade1_2070,29.025210084033613,0.4086137851021514,0.3834862368634183,0.434224789620515
Clade1,Clade1_2070,29.210084033613445,0.4098235872604209,0.3847724282105702,0.43530410673164155
Clade1,Clade1_2070,29.39495798319328,0.4109636414206646,0.38585843359975874,0.43637608679492684
Clade1,Clade1_2070,29.57983193277311,0.412036882229763,0.38694898262579946,0.43733031346662754
Clade1,Clade1_2070,29.764705882352942,0.41309050659219476,0.3880522176814145,0.4382471841636592
Clade1,Clade1_2070,29.949579831932773,0.41401852210028,0.38914145074851514,0.43910163475665615
Clade1,Clade1_2070,30.134453781512605,0.4148975710445725,0.3901439571247822,0.4399118928796909
Clade1,Clade1_2070,30.319327731092436,0.4157062504754544,0.3909573032821347,0.4406574926449579
Clade1,Clade1_2070,30.504201680672267,0.41637615453563004,0.39171524692465026,0.441353866667025
Clade1,Clade1_2070,30.689075630252102,0.4170298021625467,0.39246374757015307,0.44187142807409224
Clade1,Clade1_2070,30.873949579831933,0.4175667766588258,0.393132909997043,0.44242270286901425
Clade1,Clade1_2070,31.058823529411764,0.4180183362939994,0.393749291340889,0.44282317105125774
Clade1,Clade1_2070,31.2436974789916,0.41841618569019257,0.39423117173985534,0.4431670216451079
Clade1,Clade1_2070,31.42857142857143,0.41876828970993685,0.39462344391338494,0.44332290510060135
Clade1,Clade1_2070,31.613445378151262,0.41894728611049137,0.3949326863503227,0.4434854091495581
Clade1,Clade1_2070,31.798319327731093,0.41907410582478666,0.39513711941354906,0.443539500011212
Clade1,Clade1_2070,31.983193277310924,0.41908968475049063,0.3952405453667735,0.4435420109932988
Clade1,Clade1_2070,32.168067226890756,0.4190097411602634,0.3950678558960068,0.44335003915187804
Clade1,Clade1_2070,32.35294117647059,0.41880960582284454,0.3949554357059718,0.4431580964463821
Clade1,Clade1_2070,32.53781512605042,0.4184493208485953,0.39473566166653157,0.44275390367729234
Clade1,Clade1_2070,32.72268907563026,0.417994050933879,0.39444464500476156,0.4421871281203123
Clade1,Clade1_2070,32.90756302521008,0.417455563534483,0.3938231018971875,0.441677808500752
Clade1,Clade1_2070,33.09243697478992,0.4167938817156329,0.3932003533733965,0.44093030451740106
Clade1,Clade1_2070,33.27731092436975,0.41596890382901036,0.3924238516026453,0.44015950322409664
Clade1,Clade1_2070,33.46218487394958,0.41506407593404304,0.3916438620018851,0.43926027607944823
Clade1,Clade1_2070,33.64705882352941,0.41398566643460327,0.39059712443280303,0.4383007356268834
Clade1,Clade1_2070,33.831932773109244,0.4127719879839492,0.38942578387280097,0.43715577290364593
Clade1,Clade1_2070,34.016806722689076,0.41146366141808466,0.38802218705543956,0.4358217261941687
Clade1,Clade1_2070,34.20168067226891,0.40999058432896224,0.38651864619427495,0.4343407319555571
Clade1,Clade1_2070,34.38655462184874,0.4084170708355139,0.38474382952030833,0.43285611355050896
Clade1,Clade1_2070,34.57142857142857,0.4067259868711569,0.3829704941391545,0.4312743196864997
Clade1,Clade1_2070,34.75630252100841,0.4048311414640744,0.38100192690311835,0.42942288502181725
Clade1,Clade1_2070,34.94117647058823,0.40282267561843654,0.3787465393763198,0.4274963838386688
Clade1,Clade1_2070,35.12605042016807,0.4006627615062785,0.3763929131453932,0.4254984314074409
Clade1,Clade1_2070,35.3109243697479,0.3983607979760869,0.3738249330920999,0.42335460781292916
Clade1,Clade1_2070,35.49579831932773,0.3958716218209463,0.3712763153814099,0.4211838460550407
Clade1,Clade1_2070,35.680672268907564,0.3932647080449375,0.36842666717546124,0.4186077636629721
Clade1,Clade1_2070,35.865546218487395,0.3905381134001135,0.36556726448771276,0.4159135079353465
Clade1,Clade1_2070,36.05042016806723,0.3877038886283827,0.36250409439145215,0.41307736656112926
Clade1,Clade1_2070,36.23529411764706,0.38465775981730244,0.3592309984645196,0.4102416165614623
Clade1,Clade1_2070,36.42016806722689,0.38144907871656136,0.3559759321346807,0.407304422961761
Clade1,Clade1_2070,36.60504201680672,0.3781169877665272,0.3524251401242639,0.40418285928308284
Clade1,Clade1_2070,36.78991596638656,0.37462928686056374,0.34872024383816824,0.40090237905292875
Clade1,Clade1_2070,36.97478991596638,0.37099256374280015,0.34489787277402406,0.39746019588839543
Clade1,Clade1_2070,37.15966386554622,0.36719201691651415,0.3409036563578205,0.3938841248972823
Clade1,Clade1_2070,37.34453781512605,0.3632984237687136,0.336830987979649,0.38996668898319026
Clade1,Clade1_2070,37.529411764705884,0.35927955889873925,0.3326311606269282,0.38613256987122657
Clade1,Clade1_2070,37.714285714285715,0.3550788962174778,0.328290470441974,0.3821781455732132
Clade1,Clade1_2070,37.89915966386555,0.35076598786798685,0.323867969267939,0.37806598586441187
Clade1,Clade1_2070,38.08403361344538,0.34628917621892785,0.31927000501552893,0.3736177219535614
Clade1,Clade1_2070,38.26890756302521,0.3417616518872675,0.3145824311992125,0.36925058770890573
Clade1,Clade1_2070,38.45378151260505,0.3370382848204747,0.3097722398663461,0.3647885032808666
Clade1,Clade1_2070,38.63865546218487,0.33228881913305824,0.30475103094192274,0.3601456662850308
Clade1,Clade1_2070,38.82352941176471,0.3273620897449832,0.2998051553785511,0.355454857980679
Clade1,Clade1_2070,39.008403361344534,0.3224047448580506,0.2947698969895021,0.3506120724027166
Clade1,Clade1_2070,39.19327731092437,0.317300488427515,0.28959169132212137,0.3455752564037274
Clade1,Clade1_2070,39.378151260504204,0.3121224805048837,0.28444038009428485,0.34051461087089874
Clade1,Clade1_2070,39.563025210084035,0.3068169666986657,0.27918465473810355,0.33526072009435237
Clade1,Clade1_2070,39.747899159663866,0.30144022990299324,0.2739322491561272,0.33008040731809574
Clade1,Clade1_2070,39.9327731092437,0.2960783491934938,0.26856763427711877,0.3248808411910931
Clade1,Clade1_2070,40.11764705882353,0.2906253236791688,0.26302695853913505,0.31941653327027875
Clade1,Clade1_2070,40.30252100840336,0.28507641402494033,0.2574563079172844,0.3139282300386405
Clade1,Clade1_2070,40.4873949579832,0.2795662963197218,0.2519096185111527,0.30839345882985614
Clade1,Clade1_2070,40.67226890756302,0.2739608943603622,0.24647634868425874,0.302712941735523
Clade1,Clade1_2070,40.85714285714286,0.2682799492084707,0.24107298953740186,0.29711754959524844
Clade1,Clade1_2070,41.042016806722685,0.2625890989660916,0.23546671571252747,0.2913177547586048
Clade1,Clade1_2070,41.226890756302524,0.2569718172705719,0.22989661684650953,0.28557989410850304
Clade1,Clade1_2070,41.411764705882355,0.2513008903575911,0.22426272146067916,0.2798755867990197
Clade1,Clade1_2070,41.596638655462186,0.24565294997506187,0.21878548843390105,0.27397047134854524
Clade1,Clade1_2070,41.78151260504202,0.2399427125933392,0.21320462350689615,0.2682334036959416
Clade1,Clade1_2070,41.96638655462185,0.2342735656611128,0.20768024317084668,0.26257110223205027
Clade1,Clade1_2070,42.15126050420168,0.22867474438420907,0.20211631124397336,0.2568096323645832
Clade1,Clade1_2070,42.33613445378151,0.22310133496353618,0.19668615123035776,0.25117287921106735
Clade1,Clade1_2070,42.52100840336135,0.21753380145796766,0.1913803408507567,0.24556753772027778
Clade1,Clade1_2070,42.705882352941174,0.21205975995231108,0.186064761346407,0.23991097135252626
Clade1,Clade1_2070,42.89075630252101,0.20661483818755622,0.18074242656019016,0.23419861067753023
Clade1,Clade1_2070,43.07563025210084,0.20117991131276908,0.1753617716285325,0.22868037517989295
Clade1,Clade1_2070,43.260504201680675,0.19576449058564627,0.1700628084282602,0.2231955460689759
Clade1,Clade1_2070,43.445378151260506,0.19044222196281896,0.16475930149498708,0.21770307915988582
Clade1,Clade1_2070,43.63025210084034,0.1851952503403128,0.15959086568126987,0.2122704071170794
Clade1,Clade1_2070,43.81512605042017,0.18008525053919278,0.15459875978175783,0.20703545171434315
Clade1,Clade1_2070,44,0.1749697261070165,0.14962757870208696,0.20192443029865786
Clade2,Clade2_2071,22,0.17759389592333402,0.15659584449653666,0.20102446781153405
Clade2,Clade2_2071,22.18487394957983,0.18012890391457728,0.15912840839458206,0.2033098350229049
Clade2,Clade2_2071,22.369747899159663,0.1826902939546656,0.16172645906636265,0.20569976422316524
Clade2,Clade2_2071,22.554621848739497,0.18528290781241935,0.16433158903359696,0.2081719830881627
Clade2,Clade2_2071,22.73949579831933,0.1878632464387037,0.16703051207126618,0.21063301468918783
Clade2,Clade2_2071,22.92436974789916,0.19048558375937447,0.16967894485738574,0.21309709986932587
Clade2,Clade2_2071,23.10924369747899,0.19309801067133675,0.1722996775355912,0.21562587379126785
Clade2,Clade2_2071,23.294117647058822,0.19576189214690765,0.1749791982002337,0.2181606421758171
Clade2,Clade2_2071,23.478991596638657,0.19839950333338618,0.17774633576760393,0.22071914817020097
Clade2,Clade2_2071,23.66386554621849,0.20109442357114088,0.1804677805361845,0.22319899600972348
Clade2,Clade2_2071,23.84873949579832,0.2037657575567636,0.18323452065533874,0.22579250674404003
Clade2,Clade2_2071,24.03361344537815,0.2064617368310004,0.1858710077139837,0.2284156472937347
Clade2,Clade2_2071,24.218487394957982,0.20924081336413491,0.18862430035376593,0.23113092944677144
Clade2,Clade2_2071,24.403361344537814,0.2119789692209101,0.19142679931166634,0.23383919845495352
Clade2,Clade2_2071,24.58823529411765,0.2147582786280109,0.19416932359492808,0.23657258023997207
Clade2,Clade2_2071,24.77310924369748,0.21753486408242328,0.1969413247244724,0.23922752426042795
Clade2,Clade2_2071,24.95798319327731,0.22028398900885268,0.19972105932136808,0.24192445435417093
Clade2,Clade2_2071,25.142857142857142,0.22306661567623995,0.2024723472735446,0.24469038444462507
Clade2,Clade2_2071,25.327731092436974,0.22586922692129174,0.2051888495138799,0.2475167440007703
Clade2,Clade2_2071,25.51260504201681,0.22865167284310528,0.2079387715439667,0.25025639511987746
Clade2,Clade2_2071,25.69747899159664,0.23145811805726807,0.21068302958966414,0.2530930901403064
Clade2,Clade2_2071,25.88235294117647,0.23424600396562884,0.2133652162704789,0.2560355478208169
Clade2,Clade2_2071,26.067226890756302,0.2370410784469671,0.21611725859440514,0.2587644909573488
Clade2,Clade2_2071,26.252100840336134,0.2398156770588517,0.21881775006990464,0.26161861478033255
Clade2,Clade2_2071,26.436974789915965,0.24257504223393622,0.2215427558169878,0.2644105889159296
Clade2,Clade2_2071,26.6218487394958,0.24535161351812118,0.22421438677094455,0.26729284162348854
Clade2,Clade2_2071,26.80672268907563,0.248128944414815,0.22695404854791593,0.27013362098208193
Clade2,Clade2_2071,26.991596638655462,0.25084050692399207,0.22963948898885672,0.27303043697553503
Clade2,Clade2_2071,27.176470588235293,0.25359289764017257,0.23219798233099398,0.2758703923384111
Clade2,Clade2_2071,27.36134453781513,0.2563550381799892,0.23483533326467043,0.27872241495763067
Clade2,Clade2_2071,27.54621848739496,0.25908093078116523,0.23744538914460742,0.2815773226157395
Clade2,Clade2_2071,27.73109243697479,0.2617748133000046,0.24011093619143029,0.28433403466864127
Clade2,Clade2_2071,27.915966386554622,0.26442103898691394,0.24263782325590746,0.28703463844609267
Clade2,Clade2_2071,28.100840336134453,0.2670824794792229,0.24515826548556774,0.289777867004434
Clade2,Clade2_2071,28.285714285714285,0.2696620119678024,0.24753919198688987,0.2924309784109533
Clade2,Clade2_2071,28.470588235294116,0.27219486928702724,0.24992825328680618,0.2949834149368174
Clade2,Clade2_2071,28.65546218487395,0.2747097297198302,0.25229657445939935,0.2976670379791273
Clade2,Clade2_2071,28.840336134453782,0.2771913824579177,0.25475678498297144,0.3001487717482706
Clade2,Clade2_2071,29.025210084033613,0.2796027240657133,0.25697699757915105,0.30261491288994347
Clade2,Clade2_2071,29.210084033613445,0.2819875961991787,0.2591174596432249,0.3051035417334459
Clade2,Clade2_2071,29.39495798319328,0.2842614844089989,0.2612155373856758,0.30739959644534426
Clade2,Clade2_2071,29.57983193277311,0.28646299073066456,0.26332121919151247,0.3096748811492295
Clade2,Clade2_2071,29.764705882352942,0.2885904726287518,0.26549363558084704,0.31193551114872775
Clade2,Clade2_2071,29.949579831932773,0.2906962220884679,0.2674937722436998,0.31408655184032
Clade2,Clade2_2071,30.134453781512605,0.29266942255699036,0.2695456468671468,0.3160670759181099
Clade2,Clade2_2071,30.319327731092436,0.29453249299395745,0.2713024130033438,0.31799628728723484
Clade2,Clade2_2071,30.504201680672267,0.2963206928512528,0.2730955680252775,0.31965933317414413
Clade2,Clade2_2071,30.689075630252102,0.2979848026395251,0.27471286687776375,0.3214834067723933
Clade2,Clade2_2071,30.873949579831933,0.2995532567343794,0.27631892993202256,0.32317547446049394
Clade2,Clade2_2071,31.058823529411764,0.3009955924799541,0.2777660584802049,0.32461984440667746
Clade2,Clade2_2071,31.2436974789916,0.3022711741641535,0.27903196165900296,0.3259012372703623
Clade2,Clade2_2071,31.42857142857143,0.3034572585345582,0.2800831546269409,0.32703690543997327
Clade2,Clade2_2071,31.613445378151262,0.3044946499253123,0.2811945059817246,0.3281456796781773
Clade2,Clade2_2071,31.798319327731093,0.3053412351928144,0.2820930718508485,0.32893009898264614
Clade2,Clade2_2071,31.983193277310924,0.3060646303499227,0.28282915758035004,0.3298168223318117
Clade2,Clade2_2071,32.168067226890756,0.30664307535287016,0.28335064299866736,0.3303980325591326
Clade2,Clade2_2071,32.35294117647059,0.3069823655549721,0.2838153976343674,0.3308421852895677
Clade2,Clade2_2071,32.53781512605042,0.3071806472431825,0.283963617342766,0.3311208892158342
Clade2,Clade2_2071,32.72268907563026,0.3071900236162268,0.2838000397394359,0.33122496904197973
Clade2,Clade2_2071,32.90756302521008,0.3069676696167988,0.2836450253239299,0.33103468864509716
Clade2,Clade2_2071,33.09243697478992,0.30656416210782544,0.28328296457417096,0.3307092336109079
Clade2,Clade2_2071,33.27731092436975,0.30595880747566884,0.2826804644585903,0.33015839163084854
Clade2,Clade2_2071,33.46218487394958,0.30512912571012835,0.2817865469577602,0.3293184618427045
Clade2,Clade2_2071,33.64705882352941,0.3040915241111038,0.2805759163316201,0.3283486515680069
Clade2,Clade2_2071,33.831932773109244,0.3028334877912773,0.279256128756728,0.3272127391083489
Clade2,Clade2_2071,34.016806722689076,0.30136486317962974,0.2776975845028857,0.32587967406511575
Clade2,Clade2_2071,34.20168067226891,0.2996524995769112,0.2759091915468525,0.3243190984737628
Clade2,Clade2_2071,34.38655462184874,0.2976918552509228,0.27375839214603465,0.3225231431578291
Clade2,Clade2_2071,34.57142857142857,0.2955347974823648,0.2714108166111523,0.32049031470721234
Clade2,Clade2_2071,34.75630252100841,0.29313330799324505,0.2688103839482771,0.3182380569555972
Clade2,Clade2_2071,34.94117647058823,0.29047724794224694,0.2660169006987324,0.3157788828909241
Clade2,Clade2_2071,35.12605042016807,0.28758943290340055,0.26293317170461605,0.3129372153903861
Clade2,Clade2_2071,35.3109243697479,0.2844627053476019,0.2597248033288691,0.3099120919367731
Clade2,Clade2_2071,35.49579831932773,0.281089337384397,0.2561786682207363,0.3066716608383645
Clade2,Clade2_2071,35.680672268907564,0.2775356552632316,0.25255919958395223,0.30315948635610895
Clade2,Clade2_2071,35.865546218487395,0.27370923118001544,0.2487099953775631,0.2994731709259254
Clade2,Clade2_2071,36.05042016806723,0.2696969005172242,0.2446687436910899,0.29560139007587155
Clade2,Clade2_2071,36.23529411764706,0.26544497931892297,0.2405154996665936,0.29128050300632274
Clade2,Clade2_2071,36.42016806722689,0.26098056702626943,0.236093500191608,0.28680707219315454
Clade2,Clade2_2071,36.60504201680672,0.25638433160427065,0.23163548591581062,0.28216970306791594
Clade2,Clade2_2071,36.78991596638656,0.25163724734789084,0.22699539583277745,0.27723813797347996
Clade2,Clade2_2071,36.97478991596638,0.24667076698267015,0.22208966489043686,0.2722260186640452
Clade2,Clade2_2071,37.15966386554622,0.24155913677029783,0.21707428222857916,0.2669941121217497
Clade2,Clade2_2071,37.34453781512605,0.2363372282910839,0.2119813367518068,0.26153743205732205
Clade2,Clade2_2071,37.529411764705884,0.23098801994460846,0.206850831839206,0.2559359271637743
Clade2,Clade2_2071,37.714285714285715,0.22553441737679986,0.20166523709526718,0.25016338805533767
Clade2,Clade2_2071,37.89915966386555,0.21997268805200082,0.19641990591777028,0.24431627576181741
Clade2,Clade2_2071,38.08403361344538,0.21424792060838618,0.19119913634430918,0.2384161202439559
Clade2,Clade2_2071,38.26890756302521,0.20849406556446437,0.18593393083262055,0.23234575309005584
Clade2,Clade2_2071,38.45378151260505,0.2027420506181038,0.18055897245616884,0.22633829702362676
Clade2,Clade2_2071,38.63865546218487,0.1969624184354421,0.17527864276703076,0.2201453176139141
Clade2,Clade2_2071,38.82352941176471,0.19119607100086788,0.16975540097690392,0.214045069893718
Clade2,Clade2_2071,39.008403361344534,0.1854226102642433,0.16424570191448842,0.2078509078334044
Clade2,Clade2_2071,39.19327731092437,0.1796242363602384,0.1588518658048082,0.20182131244910162
Clade2,Clade2_2071,39.378151260504204,0.17389366694138975,0.15350804091140105,0.19568413271043997
Clade2,Clade2_2071,39.563025210084035,0.1682427023936775,0.14817370135578972,0.1898292131462515
Clade2,Clade2_2071,39.747899159663866,0.16261113793389198,0.14277317845584694,0.1838213904568957
Clade2,Clade2_2071,39.9327731092437,0.15702563297937153,0.1375807119482712,0.17796840205588502
Clade2,Clade2_2071,40.11764705882353,0.1515130201234256,0.1323565591167864,0.17228178425326
Clade2,Clade2_2071,40.30252100840336,0.14609143181933065,0.12717203262248453,0.16661524967138486
Clade2,Clade2_2071,40.4873949579832,0.14069036532362925,0.12205805799340733,0.1609605680568354
Clade2,Clade2_2071,40.67226890756302,0.13541975819661956,0.11708756776632888,0.15561048955626108
Clade2,Clade2_2071,40.85714285714286,0.13026501802349222,0.11223834962562901,0.15029372242009287
Clade2,Clade2_2071,41.042016806722685,0.12526899615127557,0.10754399636741786,0.14504030985459992
Clade2,Clade2_2071,41.226890756302524,0.12038663635574857,0.10293746766160508,0.1399823733183604
Clade2,Clade2_2071,41.411764705882355,0.11556238387159892,0.0984614891712595,0.13510354780866193
Clade2,Clade2_2071,41.596638655462186,0.11089572889968627,0.09399029480008125,0.1303766497889747
Clade2,Clade2_2071,41.78151260504202,0.10637625971836441,0.08962739209389171,0.125647597770163
Clade2,Clade2_2071,41.96638655462185,0.10199187408515548,0.08546258886923863,0.12103060389190158
Clade2,Clade2_2071,42.15126050420168,0.09773479909300575,0.08141103884505846,0.1166237980092286
Clade2,Clade2_2071,42.33613445378151,0.09361611982768135,0.07750926391629526,0.11238700204385159
Clade2,Clade2_2071,42.52100840336135,0.08961153851721942,0.0736943033422029,0.10822401955811713
Clade2,Clade2_2071,42.705882352941174,0.0857879295100378,0.07006915392716738,0.10426178299271832
Clade2,Clade2_2071,42.89075630252101,0.08203705799920252,0.0665343911055821,0.10037005938775628
Clade2,Clade2_2071,43.07563025210084,0.07844558396691168,0.06310934154890198,0.09660566532216833
Clade2,Clade2_2071,43.260504201680675,0.07498445337418219,0.05987112343813144,0.09287725860326218
Clade2,Clade2_2071,43.445378151260506,0.07165046507832318,0.05681343917901369,0.08941473663189023
Clade2,Clade2_2071,43.63025210084034,0.06842334328576938,0.05384768987791309,0.08598997367173293
Clade2,Clade2_2071,43.81512605042017,0.06532897237533972,0.05097084604560061,0.08266664967767563
Clade2,Clade2_2071,44,0.06233600776004383,0.0482788686551735,0.07948076291341055
Clade2,Clade2_2072,22,0.15501318976967127,0.1347835617950521,0.17680677841329692
Clade2,Clade2_2072,22.18487394957983,0.1574409820289445,0.13724559974536588,0.17911099052442897
Clade2,Clade2_2072,22.369747899159663,0.15989572771403254,0.13976748779068135,0.1814524123481727
Clade2,Clade2_2072,22.554621848739497,0.1624117429878255,0.142275437471957,0.18380960679269964
Clade2,Clade2_2072,22.73949579831933,0.1649036437877311,0.14487030120527708,0.18624305663912935
Clade2,Clade2_2072,22.92436974789916,0.16744455641096095,0.1474579730317311,0.188640631305505
Clade2,Clade2_2072,23.10924369747899,0.16995409628689329,0.15007244601169104,0.1911293555954039
Clade2,Clade2_2072,23.294117647058822,0.1725390742343983,0.15270907255458757,0.1936438802275345
Clade2,Clade2_2072,23.478991596638657,0.17512242034504139,0.1553361072451744,0.19622335455792878
Clade2,Clade2_2072,23.66386554621849,0.17770196788490641,0.15801152421687933,0.1987318394771408
Clade2,Clade2_2072,23.84873949579832,0.1803480419665319,0.1606383911326175,0.20134227888839326
Clade2,Clade2_2072,24.03361344537815,0.18302692323876424,0.16333397051995865,0.20397239494788988
Clade2,Clade2_2072,24.218487394957982,0.1856854913020506,0.16606883641591644,0.20661537928158474
Clade2,Clade2_2072,24.403361344537814,0.18834998982342444,0.16882363640507692,0.20916838089696957
Clade2,Clade2_2072,24.58823529411765,0.19102817620197682,0.17157879278291124,0.21170563204108606
Clade2,Clade2_2072,24.77310924369748,0.19375237284296626,0.17430138034022,0.21437995896929296
Clade2,Clade2_2072,24.95798319327731,0.19649226542995002,0.1770065965809493,0.21703943803926495
Clade2,Clade2_2072,25.142857142857142,0.19925194157072562,0.17973113717190997,0.2197553808797857
Clade2,Clade2_2072,25.327731092436974,0.2020210409055913,0.18262229069180289,0.22251405798885954
Clade2,Clade2_2072,25.51260504201681,0.20478908985083494,0.1854154062966982,0.22527122821363738
Clade2,Clade2_2072,25.69747899159664,0.2075420074500906,0.18820391646119164,0.22801034759608732
Clade2,Clade2_2072,25.88235294117647,0.2103518495985368,0.1910097506005808,0.23083082526565646
Clade2,Clade2_2072,26.067226890756302,0.21316251037900108,0.19391724444924544,0.2336547205609586
Clade2,Clade2_2072,26.252100840336134,0.21596065027982225,0.1967606444813965,0.23662168778678272
Clade2,Clade2_2072,26.436974789915965,0.21880774946982962,0.19959770712998495,0.23952332666362464
Clade2,Clade2_2072,26.6218487394958,0.2216365546733307,0.20238269617953997,0.2423516177107949
Clade2,Clade2_2072,26.80672268907563,0.22444851296223087,0.20509051417625004,0.24521823991660271
Clade2,Clade2_2072,26.991596638655462,0.22728075644894913,0.20782583383193726,0.24811435412695404
Clade2,Clade2_2072,27.176470588235293,0.23009155859289473,0.21063205554214998,0.2510758203837746
Clade2,Clade2_2072,27.36134453781513,0.23288674021383726,0.21345669372596782,0.253864183354872
Clade2,Clade2_2072,27.54621848739496,0.23573773825228453,0.2161586459291076,0.256873697708289
Clade2,Clade2_2072,27.73109243697479,0.23853028546028243,0.21881171946443645,0.2596991981808741
Clade2,Clade2_2072,27.915966386554622,0.2412835984072202,0.22142499129272575,0.2626789329658888
Clade2,Clade2_2072,28.100840336134453,0.24404542443085603,0.22414740518038218,0.2653851655077748
Clade2,Clade2_2072,28.285714285714285,0.24678067849345506,0.22674677898053497,0.26825186023222175
Clade2,Clade2_2072,28.470588235294116,0.24951855478666468,0.22941396808737732,0.2710514502672391
Clade2,Clade2_2072,28.65546218487395,0.25216542209380555,0.23201046216257554,0.27383007877320714
Clade2,Clade2_2072,28.840336134453782,0.2547969995497761,0.23452998699176933,0.27651082063955024
Clade2,Clade2_2072,29.025210084033613,0.257378988565406,0.23715445146986527,0.27918207852943966
Clade2,Clade2_2072,29.210084033613445,0.2599329814217032,0.23959897556443271,0.2818452253603296
Clade2,Clade2_2072,29.39495798319328,0.26245326774111766,0.24214405945100675,0.2843274706813596
Clade2,Clade2_2072,29.57983193277311,0.2649325529337151,0.24449450739146963,0.2869016026322443
Clade2,Clade2_2072,29.764705882352942,0.2673017269766067,0.24683019220554583,0.28930029323687967
Clade2,Clade2_2072,29.949579831932773,0.26969264369701496,0.2491300845459861,0.29165731551777424
Clade2,Clade2_2072,30.134453781512605,0.27197553035567135,0.2512738868528562,0.2939404019165499
Clade2,Clade2_2072,30.319327731092436,0.2741815123949729,0.2534099994696209,0.29611122932381456
Clade2,Clade2_2072,30.504201680672267,0.27631446544869154,0.25547459292147945,0.2983996297540578
Clade2,Clade2_2072,30.689075630252102,0.2783679198227754,0.25744487032007807,0.30049475665669323
Clade2,Clade2_2072,30.873949579831933,0.28026106848467913,0.25922452536907103,0.3024116463331976
Clade2,Clade2_2072,31.058823529411764,0.2820925127646733,0.26088987058985497,0.30417266537243054
Clade2,Clade2_2072,31.2436974789916,0.2838313542569703,0.26246101446486236,0.305850408948455
Clade2,Clade2_2072,31.42857142857143,0.285437702225444,0.2640155367492938,0.30744832421729795
Clade2,Clade2_2072,31.613445378151262,0.28686844658016303,0.26546178374301826,0.3090178649429006
Clade2,Clade2_2072,31.798319327731093,0.2881762013932042,0.26675064741628973,0.31044908093007223
Clade2,Clade2_2072,31.983193277310924,0.2893374227728628,0.26782493087961934,0.31177410729549354
Clade2,Clade2_2072,32.168067226890756,0.2903999797941046,0.26889732628626384,0.3128675274467595
Clade2,Clade2_2072,32.35294117647059,0.29127067386544137,0.26979721344502744,0.31377087504117585
Clade2,Clade2_2072,32.53781512605042,0.2920080629122406,0.27048176018448933,0.31446121073863703
Clade2,Clade2_2072,32.72268907563026,0.2925822505089467,0.2710038698573566,0.3151653386314315
Clade2,Clade2_2072,32.90756302521008,0.29295288574067485,0.27125561877892324,0.3156146314837699
Clade2,Clade2_2072,33.09243697478992,0.2931614493599466,0.27136050864488037,0.3158429446563551
Clade2,Clade2_2072,33.27731092436975,0.2931557954234112,0.2712910740749068,0.3159782846865543
Clade2,Clade2_2072,33.46218487394958,0.2928978074665115,0.270962472263631,0.3158856349624354
Clade2,Clade2_2072,33.64705882352941,0.2924764861532132,0.27053450809902235,0.3154099374593067
Clade2,Clade2_2072,33.831932773109244,0.29182874915825907,0.2699420280213426,0.3150444831939572
Clade2,Clade2_2072,34.016806722689076,0.2909730157329881,0.2689402772843794,0.3143821641921059
Clade2,Clade2_2072,34.20168067226891,0.2899711279888565,0.2677339106888238,0.3133615694191861
Clade2,Clade2_2072,34.38655462184874,0.2886339431851023,0.26626943339263925,0.3121709250903013
Clade2,Clade2_2072,34.57142857142857,0.2870509558323998,0.26469186681157303,0.310712887786234
Clade2,Clade2_2072,34.75630252100841,0.28530081981747235,0.2626486234416983,0.3089674895189227
Clade2,Clade2_2072,34.94117647058823,0.2833175106796385,0.26060415689180105,0.30723228787031787
Clade2,Clade2_2072,35.12605042016807,0.2811047458634682,0.2582351954912268,0.3052762776656965
Clade2,Clade2_2072,35.3109243697479,0.2786721231672119,0.25565133382280275,0.3029356691250231
Clade2,Clade2_2072,35.49579831932773,0.27599136775410227,0.2527977895311569,0.300456670832919
Clade2,Clade2_2072,35.680672268907564,0.27310578533376273,0.24982647264458052,0.29753636672803474
Clade2,Clade2_2072,35.865546218487395,0.270013674162386,0.24659535550506573,0.2945228004636771
Clade2,Clade2_2072,36.05042016806723,0.2666188473700575,0.24314658556373323,0.2911551667396749
Clade2,Clade2_2072,36.23529411764706,0.2630854161812365,0.23940330628480339,0.2876584733564258
Clade2,Clade2_2072,36.42016806722689,0.25933772690837353,0.23553817309307443,0.2840163582702464
Clade2,Clade2_2072,36.60504201680672,0.2553444531056779,0.23154026797649122,0.2801726798244304
Clade2,Clade2_2072,36.78991596638656,0.2511910690455684,0.2273641679408587,0.2761528429741289
Clade2,Clade2_2072,36.97478991596638,0.24684576579198475,0.22298455964963745,0.271869866355992
Clade2,Clade2_2072,37.15966386554622,0.24231640287760015,0.21850775671193223,0.26737676887311157
Clade2,Clade2_2072,37.34453781512605,0.2376657863669187,0.21381780704524833,0.26277849796264546
Clade2,Clade2_2072,37.529411764705884,0.23287114921010027,0.20903279885714146,0.25796858017281893
Clade2,Clade2_2072,37.714285714285715,0.22786164716716414,0.20431061692767932,0.2531083934019046
Clade2,Clade2_2072,37.89915966386555,0.22276491237884288,0.19938284304109785,0.24791414925010177
Clade2,Clade2_2072,38.08403361344538,0.2175308852025283,0.19435450233357404,0.242716677182182
Clade2,Clade2_2072,38.26890756302521,0.21224074510846325,0.1893352242837317,0.2373898416813351
Clade2,Clade2_2072,38.45378151260505,0.2068626079036171,0.18426339148990573,0.23201325239916126
Clade2,Clade2_2072,38.63865546218487,0.2014617670555599,0.179036202920019,0.22646337894967852
Clade2,Clade2_2072,38.82352941176471,0.1959911547472107,0.17376963043892976,0.2209644660467001
Clade2,Clade2_2072,39.008403361344534,0.19049471091549602,0.1686536421864243,0.21528758318467323
Clade2,Clade2_2072,39.19327731092437,0.18502764900291052,0.16339304857638282,0.20951197497585353
Clade2,Clade2_2072,39.378151260504204,0.17951459606591486,0.15812302949394336,0.20385752748035313
Clade2,Clade2_2072,39.563025210084035,0.17403340089929,0.1528647791715407,0.1980197589438055
Clade2,Clade2_2072,39.747899159663866,0.16858254706175152,0.14768418353873045,0.19236672628869642
Clade2,Clade2_2072,39.9327731092437,0.1631621489790775,0.1424252269710742,0.18681457487574604
Clade2,Clade2_2072,40.11764705882353,0.15776014619656384,0.13712207052794034,0.18122652782994464
Clade2,Clade2_2072,40.30252100840336,0.15243604286590504,0.1320533218163336,0.17587761303029945
Clade2,Clade2_2072,40.4873949579832,0.14715422016366525,0.12692389708483184,0.1704108802430786
Clade2,Clade2_2072,40.67226890756302,0.1419756398252005,0.12187493097101658,0.16488719164545407
Clade2,Clade2_2072,40.85714285714286,0.13683545908524483,0.11688523305665187,0.1594835292900823
Clade2,Clade2_2072,41.042016806722685,0.13190790292294785,0.11214409757151282,0.15435133906708848
Clade2,Clade2_2072,41.226890756302524,0.12698974758105472,0.1075012298777587,0.1492211183380195
Clade2,Clade2_2072,41.411764705882355,0.1222267982578559,0.10290419976590968,0.14409635442605956
Clade2,Clade2_2072,41.596638655462186,0.11747842880571982,0.09851310906862354,0.13935753080233534
Clade2,Clade2_2072,41.78151260504202,0.11294115166977797,0.09402282034540117,0.13468257934035183
Clade2,Clade2_2072,41.96638655462185,0.10848940309842123,0.08968143086123219,0.13008729095880978
Clade2,Clade2_2072,42.15126050420168,0.10416292631836244,0.08562795876518439,0.12558591989353352
Clade2,Clade2_2072,42.33613445378151,0.09995554435813711,0.08161732735895412,0.12127727899795554
Clade2,Clade2_2072,42.52100840336135,0.0959069318806714,0.07765394139831115,0.11695130799527141
Clade2,Clade2_2072,42.705882352941174,0.09196043121859859,0.07392667752331465,0.1127582835752868
Clade2,Clade2_2072,42.89075630252101,0.08809109614194115,0.07037206366276852,0.10884377262774851
Clade2,Clade2_2072,43.07563025210084,0.08437931728452279,0.06681730054847987,0.10494804084528739
Clade2,Clade2_2072,43.260504201680675,0.08077241980846525,0.06349554849207682,0.10123463105371902
Clade2,Clade2_2072,43.445378151260506,0.07730363854484995,0.06027598197194235,0.09754127355706396
Clade2,Clade2_2072,43.63025210084034,0.07395761998980241,0.05721417974527428,0.09399052090451454
Clade2,Clade2_2072,43.81512605042017,0.07074747769091261,0.05421946195688232,0.09050811488086813
Clade2,Clade2_2072,44,0.06767261666930992,0.051464762070379776,0.08725126012465592
Clade2,Clade2_2073,22,0.11935945523533689,0.1033052572946928,0.1382682392544849
Clade2,Clade2_2073,22.18487394957983,0.12121896578487792,0.10523375160915294,0.1400367269171966
Clade2,Clade2_2073,22.369747899159663,0.12309950626331853,0.10710375424793925,0.1418431458328942
Clade2,Clade2_2073,22.554621848739497,0.12502217858739592,0.10906401540710857,0.14364865953246275
Clade2,Clade2_2073,22.73949579831933,0.12695329761665533,0.11104405155980555,0.1454976939737176
Clade2,Clade2_2073,22.92436974789916,0.1288815362653932,0.11303602021868943,0.1473967531568257
Clade2,Clade2_2073,23.10924369747899,0.13083950187224358,0.11501529601214418,0.14921979511518965
Clade2,Clade2_2073,23.294117647058822,0.13282514848317675,0.117065861778874,0.15107375217104171
Clade2,Clade2_2073,23.478991596638657,0.13482370962641127,0.11910803701661198,0.15304355310931214
Clade2,Clade2_2073,23.66386554621849,0.1368056791687182,0.12111109635695869,0.15494300209073228
Clade2,Clade2_2073,23.84873949579832,0.13882618689887416,0.1232012944553404,0.1567826181253547
Clade2,Clade2_2073,24.03361344537815,0.14088406194484276,0.12525688210254432,0.15870569123448872
Clade2,Clade2_2073,24.218487394957982,0.14295195070370154,0.1273367453578689,0.16072067083185632
Clade2,Clade2_2073,24.403361344537814,0.1450323903095909,0.12944434251059006,0.16272325725174094
Clade2,Clade2_2073,24.58823529411765,0.14716942288728038,0.13154952543169585,0.16481671990241517
Clade2,Clade2_2073,24.77310924369748,0.1492700337911798,0.13359472106073145,0.16687585122850684
Clade2,Clade2_2073,24.95798319327731,0.1513880097278566,0.13572807283164742,0.16897548480914876
Clade2,Clade2_2073,25.142857142857142,0.1535173181072614,0.13788048784647342,0.17098193192698916
Clade2,Clade2_2073,25.327731092436974,0.15565878276936085,0.14007948466803985,0.17312317873461877
Clade2,Clade2_2073,25.51260504201681,0.1578259748500044,0.14231186538463383,0.17526406053624624
Clade2,Clade2_2073,25.69747899159664,0.16001725142508372,0.1445242469546627,0.1774379759246035
Clade2,Clade2_2073,25.88235294117647,0.1621836704128214,0.1466738075699503,0.1796444739680273
Clade2,Clade2_2073,26.067226890756302,0.16436047354153108,0.14880233893360037,0.18189980979398757
Clade2,Clade2_2073,26.252100840336134,0.16656353740777413,0.15095320291301062,0.18406510943654347
Clade2,Clade2_2073,26.436974789915965,0.16877936877058825,0.15308507569120341,0.1863284112251802
Clade2,Clade2_2073,26.6218487394958,0.17099082522136588,0.15524834366644757,0.1885259393531654
Clade2,Clade2_2073,26.80672268907563,0.17324351115696263,0.15730428633427812,0.19077985154565308
Clade2,Clade2_2073,26.991596638655462,0.17547861515244945,0.15935191056360662,0.19306345224073593
Clade2,Clade2_2073,27.176470588235293,0.1776876855939752,0.16141863300300432,0.19534631293584673
Clade2,Clade2_2073,27.36134453781513,0.17991762830989694,0.1635333087883407,0.19754482497589249
Clade2,Clade2_2073,27.54621848739496,0.1821050514378622,0.16555414698289542,0.19969380470746415
Clade2,Clade2_2073,27.73109243697479,0.18432648501283472,0.16762015066047922,0.20192442340641645
Clade2,Clade2_2073,27.915966386554622,0.1864984708762623,0.16967018072860426,0.20424069199507786
Clade2,Clade2_2073,28.100840336134453,0.18864501228965527,0.1717520252524881,0.20648105640984665
Clade2,Clade2_2073,28.285714285714285,0.1908059477832599,0.17379591745288472,0.20872964342411424
Clade2,Clade2_2073,28.470588235294116,0.19293490210759573,0.17584732854413937,0.21089770436523148
Clade2,Clade2_2073,28.65546218487395,0.19502392470047153,0.1778046446954939,0.21318032259088332
Clade2,Clade2_2073,28.840336134453782,0.19710106127937826,0.17975031212730117,0.21538631279777717
Clade2,Clade2_2073,29.025210084033613,0.1991314129853412,0.1817194800694457,0.21754837524046028
Clade2,Clade2_2073,29.210084033613445,0.20116431242532912,0.18359760107865808,0.21964516804126868
Clade2,Clade2_2073,29.39495798319328,0.2031439281288632,0.18549364421890774,0.2217489841732149
Clade2,Clade2_2073,29.57983193277311,0.20508609862245852,0.18734596547903695,0.2237189869081035
Clade2,Clade2_2073,29.764705882352942,0.20696960877267073,0.18907934494305198,0.2257126080538866
Clade2,Clade2_2073,29.949579831932773,0.20882052824129932,0.1908358539601966,0.2276388842494309
Clade2,Clade2_2073,30.134453781512605,0.21058462916217355,0.19259235049143159,0.2295554533655385
Clade2,Clade2_2073,30.319327731092436,0.21227653025941354,0.1942034827938067,0.23134777719544292
Clade2,Clade2_2073,30.504201680672267,0.21392422629328836,0.19580483978058513,0.23308372590885382
Clade2,Clade2_2073,30.689075630252102,0.21548504723463177,0.19720007317251506,0.23487083521085753
Clade2,Clade2_2073,30.873949579831933,0.21697561665584067,0.198535129414654,0.23640760039521025
Clade2,Clade2_2073,31.058823529411764,0.21838652312386791,0.19982182151943667,0.2378643637852923
Clade2,Clade2_2073,31.2436974789916,0.21969881085626336,0.2009583394505198,0.23928480222953077
Clade2,Clade2_2073,31.42857142857143,0.22090822500862753,0.2021727392666483,0.2405302768751052
Clade2,Clade2_2073,31.613445378151262,0.22202055983409869,0.20323732627545377,0.24176131683566046
Clade2,Clade2_2073,31.798319327731093,0.22296374585295958,0.20412957317917244,0.24290268175822938
Clade2,Clade2_2073,31.983193277310924,0.2238478734874763,0.20496431328769846,0.24384024698997395
Clade2,Clade2_2073,32.168067226890756,0.22460824251872222,0.20570125409534964,0.24471022969358622
Clade2,Clade2_2073,32.35294117647059,0.2252189503268356,0.20615766385597462,0.2454339078303621
Clade2,Clade2_2073,32.53781512605042,0.22573959536283944,0.2064942145084304,0.24595487632794177
Clade2,Clade2_2073,32.72268907563026,0.22608214820561334,0.20667741576760018,0.24637293397079738
Clade2,Clade2_2073,32.90756302521008,0.22628952759936238,0.2067681323519098,0.24658927531554495
Clade2,Clade2_2073,33.09243697478992,0.22632565963096102,0.20667445776608045,0.24690546822861423
Clade2,Clade2_2073,33.27731092436975,0.22619995231409912,0.20645808885207714,0.24692598024598672
Clade2,Clade2_2073,33.46218487394958,0.22596724284365705,0.20599648814781704,0.2467317281483065
Clade2,Clade2_2073,33.64705882352941,0.2254977439888174,0.2053024461477275,0.24640663263266913
Clade2,Clade2_2073,33.831932773109244,0.2249695516062228,0.20442642545808745,0.24602763383523427
Clade2,Clade2_2073,34.016806722689076,0.22411637096261663,0.20349911543130406,0.24537020215410668
Clade2,Clade2_2073,34.20168067226891,0.22310429378924018,0.20231494968174013,0.24462691557494234
Clade2,Clade2_2073,34.38655462184874,0.22193441793404897,0.2010861823359365,0.24357985220757378
Clade2,Clade2_2073,34.57142857142857,0.22056416412279845,0.19944356834466004,0.24232646975849734
Clade2,Clade2_2073,34.75630252100841,0.2190231073071226,0.1977223831358164,0.2409427446625828
Clade2,Clade2_2073,34.94117647058823,0.21727089732268934,0.1958682428386485,0.23941849943431448
Clade2,Clade2_2073,35.12605042016807,0.21534393588127654,0.19371349033813542,0.2375970723110527
Clade2,Clade2_2073,35.3109243697479,0.2131636312957687,0.19138497836393864,0.23565826482366534
Clade2,Clade2_2073,35.49579831932773,0.21083213332721606,0.18885371849077975,0.23353158765526133
Clade2,Clade2_2073,35.680672268907564,0.20832610693215925,0.18626335608853575,0.23124335888745504
Clade2,Clade2_2073,35.865546218487395,0.20565566619603545,0.18345341175853822,0.22877008133271654
Clade2,Clade2_2073,36.05042016806723,0.2028137174710356,0.18046119717695042,0.22607783451332972
Clade2,Clade2_2073,36.23529411764706,0.19977802697611102,0.17740463428599818,0.22310734687224107
Clade2,Clade2_2073,36.42016806722689,0.19654849837719346,0.17419388910811168,0.22001436697266427
Clade2,Clade2_2073,36.60504201680672,0.1931733004039379,0.17087509655184382,0.21670990117183864
Clade2,Clade2_2073,36.78991596638656,0.18970744036964843,0.16749284909678896,0.2131702852289068
Clade2,Clade2_2073,36.97478991596638,0.18610594912872735,0.16396901951782875,0.2095855299935388
Clade2,Clade2_2073,37.15966386554622,0.18234950330760752,0.16038059139786603,0.20588655364714906
Clade2,Clade2_2073,37.34453781512605,0.17846402849709966,0.15664794492969422,0.20203192225029876
Clade2,Clade2_2073,37.529411764705884,0.17451830589673056,0.15290161481259623,0.19789799531236607
Clade2,Clade2_2073,37.714285714285715,0.17045298793545677,0.14906602491557686,0.19359625383376783
Clade2,Clade2_2073,37.89915966386555,0.1663076126329418,0.14514931930498548,0.1892705484124419
Clade2,Clade2_2073,38.08403361344538,0.16210838954178763,0.14126010732097932,0.1846603995111195
Clade2,Clade2_2073,38.26890756302521,0.15785966795974177,0.1374333068120269,0.18013630542014114
Clade2,Clade2_2073,38.45378151260505,0.15354311477433027,0.13340796485450063,0.17556282330271872
Clade2,Clade2_2073,38.63865546218487,0.14921006927377356,0.12945223202713152,0.17098323288816852
Clade2,Clade2_2073,38.82352941176471,0.14482236125727074,0.12538741500506448,0.16623334708784035
Clade2,Clade2_2073,39.008403361344534,0.14046966427103752,0.12140002190507247,0.161478534956085
Clade2,Clade2_2073,39.19327731092437,0.13613071868775733,0.11748160159987099,0.15674082496437222
Clade2,Clade2_2073,39.378151260504204,0.13178616572889512,0.11356799412661264,0.15212585312644825
Clade2,Clade2_2073,39.563025210084035,0.12747708318893108,0.10964105018814221,0.14746006167364908
Clade2,Clade2_2073,39.747899159663866,0.12320408484794497,0.10568801885616542,0.1427280486876433
Clade2,Clade2_2073,39.9327731092437,0.11894505764511956,0.10183468493294257,0.13814349596047934
Clade2,Clade2_2073,40.11764705882353,0.11472253006042171,0.098018874200764175,0.13363306671848116
Clade2,Clade2_2073,40.30252100840336,0.11064298353747826,0.09427313130443059,0.12915259423252784
Clade2,Clade2_2073,40.4873949579832,0.10658955064790895,0.09061064478318219,0.12475928450459504
Clade2,Clade2_2073,40.67226890756302,0.10259426677107977,0.08697521561324704,0.1204650459147437
Clade2,Clade2_2073,40.85714285714286,0.09866978102242244,0.08342738279766511,0.11619795474128265
Clade2,Clade2_2073,41.042016806722685,0.09484592491964125,0.07991353373216116,0.11201211115514557
Clade2,Clade2_2073,41.226890756302524,0.09111650097881871,0.07657126731188756,0.10802794176508597
Clade2,Clade2_2073,41.411764705882355,0.08751013486489424,0.07328697215750257,0.10409253405793532
Clade2,Clade2_2073,41.596638655462186,0.08398861090935685,0.06999685667837527,0.10018102001156828
Clade2,Clade2_2073,41.78151260504202,0.08051225903377286,0.0668211888872132,0.09640205122121843
Clade2,Clade2_2073,41.96638655462185,0.07715398971960831,0.06379280982564396,0.09272454737705213
Clade2,Clade2_2073,42.15126050420168,0.07390628613739203,0.06087035514023846,0.08919673898516381
Clade2,Clade2_2073,42.33613445378151,0.0707790253571601,0.05798558256457268,0.0858319248029027
Clade2,Clade2_2073,42.52100840336135,0.06773684472198954,0.05530809092675945,0.08258871130128786
Clade2,Clade2_2073,42.705882352941174,0.06482509220961868,0.052606562085813297,0.0793403366158181
Clade2,Clade2_2073,42.89075630252101,0.06200856426796121,0.05007333074368895,0.07635018600437295
Clade2,Clade2_2073,43.07563025210084,0.05929560616156711,0.04764379763727755,0.07337233573765424
Clade2,Clade2_2073,43.260504201680675,0.05670989414849928,0.04527576315705967,0.07051845180690683
Clade2,Clade2_2073,43.445378151260506,0.05418019814078891,0.04298623194202182,0.06783754286640462
Clade2,Clade2_2073,43.63025210084034,0.05175507537514236,0.0407991047308403,0.06518641479953437
Clade2,Clade2_2073,43.81512605042017,0.04940865740778553,0.038688941254837655,0.06264423669936572
Clade2,Clade2_2073,44,0.04715688378372594,0.03666922525951295,0.06014446480937635
Clade3,Clade3_2074,22,0.3116983546931482,0.2790680523430848,0.34459191271233
Clade3,Clade3_2074,22.18487394957983,0.314616609891685,0.28225901975407314,0.3471608402862127
Clade3,Clade3_2074,22.369747899159663,0.3175339390922354,0.2854657907184021,0.34976342717716896
Clade3,Clade3_2074,22.554621848739497,0.3204701286238593,0.28876867823810104,0.35233863384908365
Clade3,Clade3_2074,22.73949579831933,0.3233989223752933,0.29192217453221425,0.354986561537378
Clade3,Clade3_2074,22.92436974789916,0.32638197805183444,0.29525230963921223,0.35748998870072124
Clade3,Clade3_2074,23.10924369747899,0.3293561070156897,0.2983598907952451,0.36008643607263857
Clade3,Clade3_2074,23.294117647058822,0.3322380671143668,0.30158809508236467,0.3626048723130077
Clade3,Clade3_2074,23.478991596638657,0.33519235045110474,0.30478722692137233,0.36529363986324404
Clade3,Clade3_2074,23.66386554621849,0.3381265462402475,0.3079332968589773,0.3679474992210582
Clade3,Clade3_2074,23.84873949579832,0.3410211396323265,0.31098865165302403,0.3706050538105716
Clade3,Clade3_2074,24.03361344537815,0.3439734225606679,0.31418639973937473,0.373273543119523
Clade3,Clade3_2074,24.218487394957982,0.34688991108877454,0.31722163968789974,0.37604754541065544
Clade3,Clade3_2074,24.403361344537814,0.34981861184485924,0.32040370141204355,0.37881420150345263
Clade3,Clade3_2074,24.58823529411765,0.35271270745387695,0.3235989663361582,0.38147796669496026
Clade3,Clade3_2074,24.77310924369748,0.3556071486577216,0.32677787124796326,0.3841121994149389
Clade3,Clade3_2074,24.95798319327731,0.35846612678845136,0.3299473609039841,0.3867779896931
Clade3,Clade3_2074,25.142857142857142,0.36137004443655285,0.3330901760595186,0.38934841591003655
Clade3,Clade3_2074,25.327731092436974,0.364159311736322,0.3363567216060522,0.3919822342738743
Clade3,Clade3_2074,25.51260504201681,0.3669881872619988,0.3394249946593834,0.39453377727945266
Clade3,Clade3_2074,25.69747899159664,0.36980038590006437,0.3423846181441795,0.39717719862937567
Clade3,Clade3_2074,25.88235294117647,0.3726137232453437,0.345293724632745,0.39965731984693076
Clade3,Clade3_2074,26.067226890756302,0.37540509147927553,0.3482828698612212,0.40226058622120614
Clade3,Clade3_2074,26.252100840336134,0.3781279162842781,0.3512097756542601,0.4051018689178383
Clade3,Clade3_2074,26.436974789915965,0.38086942293865944,0.35406208151281504,0.40766004553775287
Clade3,Clade3_2074,26.6218487394958,0.38362751669138295,0.35689067025353116,0.4103372060477052
Clade3,Clade3_2074,26.80672268907563,0.38631225238072553,0.35977740983531076,0.41280067035849183
Clade3,Clade3_2074,26.991596638655462,0.3889876044428663,0.3627810034198077,0.4153496921777205
Clade3,Clade3_2074,27.176470588235293,0.39160263642342463,0.36553349808555513,0.4177951223350143
Clade3,Clade3_2074,27.36134453781513,0.39422013113815224,0.36827735002085815,0.42024850130590985
Clade3,Clade3_2074,27.54621848739496,0.3967512102465155,0.37092566873063604,0.4227841438406298
Clade3,Clade3_2074,27.73109243697479,0.3992571002958017,0.37364370988074,0.425193117879632
Clade3,Clade3_2074,27.915966386554622,0.4016934489635512,0.37618031874789976,0.4275268823061965
Clade3,Clade3_2074,28.100840336134453,0.4041381104159084,0.378796729594441,0.4298980095842956
Clade3,Clade3_2074,28.285714285714285,0.4064917829627096,0.38134341977222785,0.43224039909521406
Clade3,Clade3_2074,28.470588235294116,0.40881263278411517,0.38383101326158287,0.43444505635125275
Clade3,Clade3_2074,28.65546218487395,0.41105337630431155,0.3861442366908193,0.43665582045324514
Clade3,Clade3_2074,28.840336134453782,0.4132810387088965,0.3883646039416542,0.43877412654627557
Clade3,Clade3_2074,29.025210084033613,0.41545943609922914,0.39063413876237685,0.440848733616663
Clade3,Clade3_2074,29.210084033613445,0.4175831567136623,0.39285369175854556,0.4428110415633738
Clade3,Clade3_2074,29.39495798319328,0.41963859925593633,0.39503753242436057,0.44484570479422786
Clade3,Clade3_2074,29.57983193277311,0.42165937928648184,0.3970315763379199,0.4467469447121548
Clade3,Clade3_2074,29.764705882352942,0.4235841971300191,0.39901754199953576,0.44865969390302823
Clade3,Clade3_2074,29.949579831932773,0.42541478594865023,0.4009324740000831,0.4504819319794802
Clade3,Clade3_2074,30.134453781512605,0.42721630463055094,0.4028627976449547,0.45224891978903287
Clade3,Clade3_2074,30.319327731092436,0.4289387892887959,0.40468277176202644,0.4538837845108456
Clade3,Clade3_2074,30.504201680672267,0.4305622643179391,0.406314596317653,0.4554565850924836
Clade3,Clade3_2074,30.689075630252102,0.43211494829117236,0.4080249385723164,0.4568977840987341
Clade3,Clade3_2074,30.873949579831933,0.4335562900604425,0.4094742470269341,0.4583018812840015
Clade3,Clade3_2074,31.058823529411764,0.4349276461019127,0.41089201428620853,0.4595398157141897
Clade3,Clade3_2074,31.2436974789916,0.436250830457068,0.41224928549468676,0.46077489065866545
Clade3,Clade3_2074,31.42857142857143,0.4374646593727368,0.4134221252835651,0.46191357052840576
Clade3,Clade3_2074,31.613445378151262,0.4386408234163588,0.41460783007443985,0.46300605623396096
Clade3,Clade3_2074,31.798319327731093,0.4396845076188237,0.41562143884904484,0.4638609848904171
Clade3,Clade3_2074,31.983193277310924,0.4405700913197993,0.41653599936137314,0.4645678272823645
Clade3,Clade3_2074,32.168067226890756,0.44135779573843614,0.4173634195292295,0.4653351352198867
Clade3,Clade3_2074,32.35294117647059,0.4420490510198125,0.4180473904584009,0.46600499853087446
Clade3,Clade3_2074,32.53781512605042,0.4425458944333065,0.41853660589195585,0.4665870481512119
Clade3,Clade3_2074,32.72268907563026,0.4430009365819155,0.4189564284442448,0.4670682357216087
Clade3,Clade3_2074,32.90756302521008,0.44332336399564676,0.4192518036838378,0.4673872424847598
Clade3,Clade3_2074,33.09243697478992,0.44346605087556934,0.41944697252520036,0.467675767440737
Clade3,Clade3_2074,33.27731092436975,0.44356020922692263,0.41952689794540965,0.4678818256730815
Clade3,Clade3_2074,33.46218487394958,0.44348738756197603,0.4193270561114074,0.46796994177156526
Clade3,Clade3_2074,33.64705882352941,0.4432957117821631,0.41905070280241763,0.4677069639444511
Clade3,Clade3_2074,33.831932773109244,0.44295963918831677,0.418637605987898,0.46739100215638
Clade3,Clade3_2074,34.016806722689076,0.44250313221709076,0.41811756018029445,0.466983178359875
Clade3,Clade3_2074,34.20168067226891,0.4418914897993125,0.41738344557345797,0.4664910751854454
Clade3,Clade3_2074,34.38655462184874,0.4411252339499684,0.416345984599957,0.4658573515813758
Clade3,Clade3_2074,34.57142857142857,0.44016068677340137,0.4151931840300755,0.465107254818435
Clade3,Clade3_2074,34.75630252100841,0.4390653529415659,0.4139710015641906,0.4641517474490426
Clade3,Clade3_2074,34.94117647058823,0.43784988994310325,0.4125594459395957,0.46319662503293696
Clade3,Clade3_2074,35.12605042016807,0.43643464396499887,0.4110524502290226,0.46204455463864025
Clade3,Clade3_2074,35.3109243697479,0.43485580078636255,0.40932457759325935,0.460765247792173
Clade3,Clade3_2074,35.49579831932773,0.43320920080840103,0.4073689062580532,0.4592967458128593
Clade3,Clade3_2074,35.680672268907564,0.43136421189349955,0.40521297573887555,0.4576048140292041
Clade3,Clade3_2074,35.865546218487395,0.4293621651180217,0.40298161365305574,0.4559297963250494
Clade3,Clade3_2074,36.05042016806723,0.4271547030641806,0.4005725586689142,0.4540553722660833
Clade3,Clade3_2074,36.23529411764706,0.4248594122539865,0.3979141844190571,0.45200020683020775
Clade3,Clade3_2074,36.42016806722689,0.4223066439499171,0.39505568869821656,0.449844229603635
Clade3,Clade3_2074,36.60504201680672,0.4196922364816018,0.39219961525790276,0.4474785761548309
Clade3,Clade3_2074,36.78991596638656,0.41690419348579366,0.38927726355620057,0.44507412446680905
Clade3,Clade3_2074,36.97478991596638,0.4138967083738604,0.3859527798922648,0.44238508778829716
Clade3,Clade3_2074,37.15966386554622,0.4107923996905179,0.38270428764991743,0.4394941124478102
Clade3,Clade3_2074,37.34453781512605,0.40750428178705694,0.37924883687905603,0.43648177907067126
Clade3,Clade3_2074,37.529411764705884,0.40408265721777875,0.37561355336546753,0.43334428271703146
Clade3,Clade3_2074,37.714285714285715,0.40045884102604884,0.37178628622698867,0.4300366702184548
Clade3,Clade3_2074,37.89915966386555,0.3967049074490725,0.36799303536479167,0.4264381501255418
Clade3,Clade3_2074,38.08403361344538,0.392818638599277,0.36393082689721423,0.4228536070432839
Clade3,Clade3_2074,38.26890756302521,0.3887281695164573,0.35970433555770187,0.4190056816986424
Clade3,Clade3_2074,38.45378151260505,0.38449204484723803,0.3553035207427195,0.41500933158919556
Clade3,Clade3_2074,38.63865546218487,0.3801908746194386,0.350850029975261,0.41093034716883203
Clade3,Clade3_2074,38.82352941176471,0.37573075629986724,0.3462996566733223,0.40669797263489943
Clade3,Clade3_2074,39.008403361344534,0.3712006997309304,0.34172893713979446,0.4023756133136085
Clade3,Clade3_2074,39.19327731092437,0.3665524447367663,0.33703770376919406,0.397967381980134
Clade3,Clade3_2074,39.378151260504204,0.3617548524075145,0.33196104449659564,0.3934694762186246
Clade3,Clade3_2074,39.563025210084035,0.3568676442304549,0.32684814462938355,0.3888411869893062
Clade3,Clade3_2074,39.747899159663866,0.3518513687485133,0.32170726970971103,0.38400707936067924
Clade3,Clade3_2074,39.9327731092437,0.3467928052544662,0.3166019752814652,0.3790582188137446
Clade3,Clade3_2074,40.11764705882353,0.3415994464774922,0.3114507345041555,0.3740573487952554
Clade3,Clade3_2074,40.30252100840336,0.3363236258380574,0.30612668960415074,0.36894367307457876
Clade3,Clade3_2074,40.4873949579832,0.33100958804352854,0.300782234291043,0.3637370873169492
Clade3,Clade3_2074,40.67226890756302,0.3256184601326225,0.29532996098398084,0.3583711708855006
Clade3,Clade3_2074,40.85714285714286,0.3201603620212312,0.28989488805253044,0.35308201108423076
Clade3,Clade3_2074,41.042016806722685,0.3145966752791143,0.28448401667158035,0.3475575701552979
Clade3,Clade3_2074,41.226890756302524,0.3090041316860187,0.27884178078318617,0.34227879084255214
Clade3,Clade3_2074,41.411764705882355,0.30334469283388066,0.2732963260855553,0.3367172943802734
Clade3,Clade3_2074,41.596638655462186,0.29767122029551685,0.26764234107320095,0.3310323328284554
Clade3,Clade3_2074,41.78151260504202,0.29207234801864534,0.2620755076318647,0.3254343400379924
Clade3,Clade3_2074,41.96638655462185,0.2863096788457311,0.25649460367134275,0.3199870502674336
Clade3,Clade3_2074,42.15126050420168,0.2805710264268375,0.25090915895497984,0.31432583683509036
Clade3,Clade3_2074,42.33613445378151,0.2748116713279954,0.24538079115715833,0.3084325558870601
Clade3,Clade3_2074,42.52100840336135,0.2690447695999204,0.2397195461692249,0.3028696178175885
Clade3,Clade3_2074,42.705882352941174,0.263288993540648,0.23398755911315214,0.2971253725874001
Clade3,Clade3_2074,42.89075630252101,0.2575736076598859,0.22837691731843382,0.291463760755418
Clade3,Clade3_2074,43.07563025210084,0.25187156935450955,0.22281926802951263,0.2856580552742747
Clade3,Clade3_2074,43.260504201680675,0.24627082779127768,0.21726996762538167,0.2799624032521266
Clade3,Clade3_2074,43.445378151260506,0.24062856238913521,0.21159623865683513,0.27435151512134753
Clade3,Clade3_2074,43.63025210084034,0.2350318390287538,0.2060231525591751,0.2687741230895588
Clade3,Clade3_2074,43.81512605042017,0.22947347614446675,0.2005656472104434,0.2630666229798506
Clade3,Clade3_2074,44,0.22396814814044713,0.1951784981148093,0.25753646461270946
Clade3,Clade3_2075,22,0.37310374066499524,0.33914846575417823,0.4116335698007904
Clade3,Clade3_2075,22.18487394957983,0.3758848905984087,0.3422870434960859,0.4139850041684198
Clade3,Clade3_2075,22.369747899159663,0.3786825298762775,0.34538481157148426,0.41634446149166465
Clade3,Clade3_2075,22.554621848739497,0.3814581292872784,0.3485484174838268,0.4186334169110323
Clade3,Clade3_2075,22.73949579831933,0.38426707619710143,0.3516677298876818,0.42088532566597125
Clade3,Clade3_2075,22.92436974789916,0.38702969917336305,0.354698137542302,0.4230494485323642
Clade3,Clade3_2075,23.10924369747899,0.38975831016946705,0.3577391998764867,0.42523921358529665
Clade3,Clade3_2075,23.294117647058822,0.39250634288447706,0.3608001713958801,0.4274517548835095
Clade3,Clade3_2075,23.478991596638657,0.3952396009992603,0.36376636386556455,0.42970649538149963
Clade3,Clade3_2075,23.66386554621849,0.3979528351747039,0.36672041935729244,0.4319341477609067
Clade3,Clade3_2075,23.84873949579832,0.40063919628159217,0.369803525659335,0.43407636301792396
Clade3,Clade3_2075,24.03361344537815,0.40330450952721675,0.3728143317725066,0.4363871579474387
Clade3,Clade3_2075,24.218487394957982,0.4059773030409374,0.37570217686262514,0.4385602940646174
Clade3,Clade3_2075,24.403361344537814,0.408672419174237,0.37866025938605963,0.44077345061908624
Clade3,Clade3_2075,24.58823529411765,0.41133738127060604,0.38162885696710575,0.44312371993796656
Clade3,Clade3_2075,24.77310924369748,0.4139838898299618,0.38449295508105114,0.4454374711156674
Clade3,Clade3_2075,24.95798319327731,0.41658588541372776,0.3873240195856745,0.44774928307504236
Clade3,Clade3_2075,25.142857142857142,0.4192016518249846,0.3901110813366278,0.4500355898679201
Clade3,Clade3_2075,25.327731092436974,0.4218172519992516,0.3929580805507158,0.45224240293237444
Clade3,Clade3_2075,25.51260504201681,0.42433333485227365,0.39572553200161487,0.45453998825104924
Clade3,Clade3_2075,25.69747899159664,0.4268318344656852,0.39845327631993477,0.4567529917091436
Clade3,Clade3_2075,25.88235294117647,0.4293336271211906,0.40123307698612004,0.45897915436210446
Clade3,Clade3_2075,26.067226890756302,0.4318298789689998,0.40376033938595307,0.4611271485700705
Clade3,Clade3_2075,26.252100840336134,0.4342578723431725,0.40650090887013385,0.46319591816430483
Clade3,Clade3_2075,26.436974789915965,0.4365858617720887,0.40911447279910085,0.4654328499946569
Clade3,Clade3_2075,26.6218487394958,0.43889595162969575,0.41157691074837804,0.46768249978725196
Clade3,Clade3_2075,26.80672268907563,0.4411963696655845,0.4140453160832367,0.46965859372307084
Clade3,Clade3_2075,26.991596638655462,0.4434557883676476,0.4164368460139154,0.47164030562065934
Clade3,Clade3_2075,27.176470588235293,0.4456684482793198,0.41884772779201757,0.4736398844609992
Clade3,Clade3_2075,27.36134453781513,0.4478292991228711,0.4211959516070334,0.47551894285148055
Clade3,Clade3_2075,27.54621848739496,0.4500017863794926,0.4233730596362557,0.4775360886330798
Clade3,Clade3_2075,27.73109243697479,0.4520814183151663,0.4255848611451412,0.4795152205739287
Clade3,Clade3_2075,27.915966386554622,0.45412824412434644,0.4278057771734637,0.48130828498215644
Clade3,Clade3_2075,28.100840336134453,0.456113658949869,0.42994626762395993,0.48299590605729453
Clade3,Clade3_2075,28.285714285714285,0.45808241488881063,0.43194506565845026,0.4847154467282117
Clade3,Clade3_2075,28.470588235294116,0.4599911630666806,0.4339825761467692,0.4864960002328596
Clade3,Clade3_2075,28.65546218487395,0.4618116151008049,0.43586361818335867,0.4879937202563736
Clade3,Clade3_2075,28.840336134453782,0.46358339886997224,0.43771700847673756,0.48958597756920846
Clade3,Clade3_2075,29.025210084033613,0.46529269436818166,0.43949595412796993,0.4910592955679261
Clade3,Clade3_2075,29.210084033613445,0.46684550490044047,0.44130012215446895,0.49248551947059405
Clade3,Clade3_2075,29.39495798319328,0.4683702037553366,0.44295388145290976,0.49398160327449553
Clade3,Clade3_2075,29.57983193277311,0.469827649096331,0.4446129012072991,0.4953458541748421
Clade3,Clade3_2075,29.764705882352942,0.47125311774717926,0.44612040240705286,0.496496654020825
Clade3,Clade3_2075,29.949579831932773,0.47256241829989837,0.4475279601455087,0.49761006929300067
Clade3,Clade3_2075,30.134453781512605,0.47381352832010426,0.4488590028119199,0.4985862981998593
Clade3,Clade3_2075,30.319327731092436,0.4749813593412685,0.4501073877884231,0.4995535024466392
Clade3,Clade3_2075,30.504201680672267,0.47607817804387553,0.4513086490637141,0.5006280873363254
Clade3,Clade3_2075,30.689075630252102,0.47703586376386353,0.4523821813946198,0.5015675093663559
Clade3,Clade3_2075,30.873949579831933,0.4778809549880819,0.45331959171857356,0.50231159986846
Clade3,Clade3_2075,31.058823529411764,0.4786530783880193,0.4541939881677415,0.503037167817512
Clade3,Clade3_2075,31.2436974789916,0.47935017615446407,0.45497103347892437,0.5035923687085763
Clade3,Clade3_2075,31.42857142857143,0.47993875297717603,0.4556368169075558,0.5041138609736779
Clade3,Clade3_2075,31.613445378151262,0.48041890420424394,0.4562543888461493,0.5044719050734832
Clade3,Clade3_2075,31.798319327731093,0.48077135305441154,0.45663179481330074,0.50476479953989
Clade3,Clade3_2075,31.983193277310924,0.48104067596408673,0.4568827885662459,0.5049940822580046
Clade3,Clade3_2075,32.168067226890756,0.4811467807900909,0.4571261961141778,0.5050082701108953
Clade3,Clade3_2075,32.35294117647059,0.48112730630367956,0.45715873126580464,0.5049557313272893
Clade3,Clade3_2075,32.53781512605042,0.48098756103499246,0.4568690007493854,0.5047825906658244
Clade3,Clade3_2075,32.72268907563026,0.4806826664344702,0.45661876321147593,0.5044693526424742
Clade3,Clade3_2075,32.90756302521008,0.48029138426932133,0.45610417265441566,0.5040701873794361
Clade3,Clade3_2075,33.09243697478992,0.47974546250833605,0.45564683771950065,0.5035398626555276
Clade3,Clade3_2075,33.27731092436975,0.4790679722596386,0.4547945834679996,0.5030217977645357
Clade3,Clade3_2075,33.46218487394958,0.47821777440821844,0.45379281700777957,0.5022011408164916
Clade3,Clade3_2075,33.64705882352941,0.4772805078109612,0.45283597519478763,0.5013515416667853
Clade3,Clade3_2075,33.831932773109244,0.47615329421447095,0.4516031724353784,0.5003762691632858
Clade3,Clade3_2075,34.016806722689076,0.4749035977129519,0.45026268543109405,0.4992959070595087
Clade3,Clade3_2075,34.20168067226891,0.4735070394178882,0.44877011373746806,0.49814542883226753
Clade3,Clade3_2075,34.38655462184874,0.4719105004517834,0.4470000972724948,0.4965926443588303
Clade3,Clade3_2075,34.57142857142857,0.4702149043402463,0.44517366810442066,0.4949781791717198
Clade3,Clade3_2075,34.75630252100841,0.4683558092232526,0.44309293064538485,0.49331241261255426
Clade3,Clade3_2075,34.94117647058823,0.46621950443859206,0.4408665856642304,0.49147928497209487
Clade3,Clade3_2075,35.12605042016807,0.46402647750944703,0.43841955398904564,0.4895364517741644
Clade3,Clade3_2075,35.3109243697479,0.4616996931218226,0.43574301030910384,0.4873253889052851
Clade3,Clade3_2075,35.49579831932773,0.4591495520445717,0.43312202676769795,0.4848889691490358
Clade3,Clade3_2075,35.680672268907564,0.4564820069190303,0.4302286469158008,0.48247475090068104
Clade3,Clade3_2075,35.865546218487395,0.4536122362614037,0.4270488958871645,0.47973520851278495
Clade3,Clade3_2075,36.05042016806723,0.45055255863019106,0.42385537357226033,0.4770018092011221
Clade3,Clade3_2075,36.23529411764706,0.44735229824047706,0.4204613299688612,0.47400959108196156
Clade3,Clade3_2075,36.42016806722689,0.4440082336931451,0.41677874635703044,0.4708514526565629
Clade3,Clade3_2075,36.60504201680672,0.44055108134437587,0.4129775218187442,0.4675069515856062
Clade3,Clade3_2075,36.78991596638656,0.43684451283898734,0.4090379106478007,0.4641623607563977
Clade3,Clade3_2075,36.97478991596638,0.43301799481134623,0.4049322908153512,0.4605768375677359
Clade3,Clade3_2075,37.15966386554622,0.42901993381938913,0.400752377677498,0.4568358590665157
Clade3,Clade3_2075,37.34453781512605,0.4248765742419513,0.39636283224859237,0.4528801776128802
Clade3,Clade3_2075,37.529411764705884,0.42058621930073947,0.39189270066211473,0.448779445445472
Clade3,Clade3_2075,37.714285714285715,0.41612361611493076,0.3871260911717696,0.4445356044567024
Clade3,Clade3_2075,37.89915966386555,0.41152340717249447,0.3823281140456691,0.4402248417732283
Clade3,Clade3_2075,38.08403361344538,0.40683801766858496,0.37738078107137246,0.43574602511882904
Clade3,Clade3_2075,38.26890756302521,0.40196860389410055,0.37229452947375774,0.4309928572468099
Clade3,Clade3_2075,38.45378151260505,0.3970048268371217,0.3669623406647369,0.42635113175323525
Clade3,Clade3_2075,38.63865546218487,0.39189122455380176,0.36166206757085045,0.42147390243656424
Clade3,Clade3_2075,38.82352941176471,0.38665756590903994,0.35620244820338215,0.4163969362114743
Clade3,Clade3_2075,39.008403361344534,0.381294009364035,0.35075928162045333,0.4113017618890336
Clade3,Clade3_2075,39.19327731092437,0.3758664656307109,0.34526070390922914,0.4060850112966004
Clade3,Clade3_2075,39.378151260504204,0.37029992666131323,0.3395853036037392,0.4007160648308005
Clade3,Clade3_2075,39.563025210084035,0.3646509076069363,0.33388600323995693,0.3951937005344725
Clade3,Clade3_2075,39.747899159663866,0.3588563250123799,0.3279909266364531,0.3895956208675543
Clade3,Clade3_2075,39.9327731092437,0.35304048659600107,0.3220521591402939,0.3838524422010618
Clade3,Clade3_2075,40.11764705882353,0.34711021303226497,0.3160656835843794,0.3780877432314955
Clade3,Clade3_2075,40.30252100840336,0.34112278728517925,0.3100072712106002,0.3723678200630981
Clade3,Clade3_2075,40.4873949579832,0.33508716351378287,0.30391098823548013,0.36635079653147334
Clade3,Clade3_2075,40.67226890756302,0.3289847162088122,0.2978413751529039,0.36047910679011913
Clade3,Clade3_2075,40.85714285714286,0.3228318347853707,0.29171591554903886,0.3543841470538655
Clade3,Clade3_2075,41.042016806722685,0.31661808714377315,0.2853892313308002,0.34836403421163553
Clade3,Clade3_2075,41.226890756302524,0.31041909641007315,0.2792179717441454,0.34225037609431597
Clade3,Clade3_2075,41.411764705882355,0.3042478588970226,0.2729878660157961,0.33618978849395187
Clade3,Clade3_2075,41.596638655462186,0.29800916130966393,0.26677449937478537,0.33010809052264084
Clade3,Clade3_2075,41.78151260504202,0.29180054405836947,0.2605343220566006,0.32387730163829903
Clade3,Clade3_2075,41.96638655462185,0.28556985824169323,0.2542816112152682,0.3176896343561724
Clade3,Clade3_2075,42.15126050420168,0.2792599694155037,0.24811893362766232,0.31138464264479265
Clade3,Clade3_2075,42.33613445378151,0.27302289352738485,0.24209675187821694,0.3051557829456705
Clade3,Clade3_2075,42.52100840336135,0.26682165505918176,0.235993807563456,0.29913624699578895
Clade3,Clade3_2075,42.705882352941174,0.26067146567244037,0.2297790165095233,0.29309113534623865
Clade3,Clade3_2075,42.89075630252101,0.2545638874837979,0.22368286813034524,0.2870873288906251
Clade3,Clade3_2075,43.07563025210084,0.2484431954641153,0.21778285444165565,0.28083967481253386
Clade3,Clade3_2075,43.260504201680675,0.24238853267162308,0.2117505239512401,0.27474249117398636
Clade3,Clade3_2075,43.445378151260506,0.23640877774296215,0.2057365725057442,0.26866254215412383
Clade3,Clade3_2075,43.63025210084034,0.23038606654953286,0.19978882183970112,0.26273694356767185
Clade3,Clade3_2075,43.81512605042017,0.2244405557796629,0.1939180875784191,0.25688267087856814
Clade3,Clade3_2075,44,0.21865787987928792,0.18808371295596063,0.2510168306635724
Clade3,Clade3_2076,22,0.3449385194797983,0.3132818241338655,0.3779710767495069
Clade3,Clade3_2076,22.18487394957983,0.34784488588927043,0.3164939964866145,0.3806635693365755
Clade3,Clade3_2076,22.369747899159663,0.35081024587269594,0.31968209326638963,0.3832304159318458
Clade3,Clade3_2076,22.554621848739497,0.3536975659202759,0.32310859413083276,0.3858218202192398
Clade3,Clade3_2076,22.73949579831933,0.35656735854875454,0.32640119601904516,0.3883754809452942
Clade3,Clade3_2076,22.92436974789916,0.3594828703604661,0.3296673870553901,0.39102903127058103
Clade3,Clade3_2076,23.10924369747899,0.3623909335650537,0.3327558552854301,0.3936533591538042
Clade3,Clade3_2076,23.294117647058822,0.36531286356546994,0.335988487111744,0.39630179844971736
Clade3,Clade3_2076,23.478991596638657,0.3681894547030915,0.33904345284102355,0.39880787331520856
Clade3,Clade3_2076,23.66386554621849,0.3710792185353385,0.34223011540904724,0.4014599246665766
Clade3,Clade3_2076,23.84873949579832,0.3739690280532366,0.34528867358126936,0.4040967059792827
Clade3,Clade3_2076,24.03361344537815,0.3768451895186177,0.34836618085314947,0.4066387020517867
Clade3,Clade3_2076,24.218487394957982,0.3797190973526551,0.3515056382895379,0.4092978526195319
Clade3,Clade3_2076,24.403361344537814,0.3825442040642729,0.35443815927988154,0.41189387329691635
Clade3,Clade3_2076,24.58823529411765,0.3853836366457093,0.35745040118716354,0.41451007887717733
Clade3,Clade3_2076,24.77310924369748,0.3881845456797718,0.36041572711717434,0.41703134109189416
Clade3,Clade3_2076,24.95798319327731,0.39098008310280197,0.36340488698176426,0.41969801081635616
Clade3,Clade3_2076,25.142857142857142,0.3937222326287399,0.3662642851129755,0.42220880712883385
Clade3,Clade3_2076,25.327731092436974,0.3964564049912712,0.36926267304749216,0.42490334053165524
Clade3,Clade3_2076,25.51260504201681,0.39918545123531013,0.3721145734789412,0.4273939786311272
Clade3,Clade3_2076,25.69747899159664,0.4019100264517156,0.37496924844855667,0.4299616178334811
Clade3,Clade3_2076,25.88235294117647,0.40457676832764766,0.37782836459478825,0.4324833625189476
Clade3,Clade3_2076,26.067226890756302,0.4072152765519568,0.38054702597498424,0.43499438039048977
Clade3,Clade3_2076,26.252100840336134,0.4098751775381233,0.3832953930934367,0.43741024761611574
Clade3,Clade3_2076,26.436974789915965,0.41250244063688013,0.38601456583773475,0.43978762271220284
Clade3,Clade3_2076,26.6218487394958,0.41513447886522226,0.3887605987997159,0.44224040586063035
Clade3,Clade3_2076,26.80672268907563,0.41767907386475456,0.391367923504052,0.4446254615252051
Clade3,Clade3_2076,26.991596638655462,0.4202043367258923,0.3939966661589523,0.44695053645887717
Clade3,Clade3_2076,27.176470588235293,0.42270273487102694,0.3964395226574235,0.44933842634899646
Clade3,Clade3_2076,27.36134453781513,0.42512148910527264,0.39901743867528916,0.4515927661662058
Clade3,Clade3_2076,27.54621848739496,0.42754638046490023,0.4016199991184516,0.4538713633104206
Clade3,Clade3_2076,27.73109243697479,0.42995029501621085,0.4041246911779237,0.45600539160849063
Clade3,Clade3_2076,27.915966386554622,0.4322277673207501,0.40661563070911394,0.4580335954552703
Clade3,Clade3_2076,28.100840336134453,0.4344974674674993,0.4088755822868922,0.4602425829990251
Clade3,Clade3_2076,28.285714285714285,0.43671374732259294,0.41126658670326294,0.4622186608757139
Clade3,Clade3_2076,28.470588235294116,0.43884462346811337,0.4134155578830633,0.46434583711056154
Clade3,Clade3_2076,28.65546218487395,0.4409200789729264,0.415593117364534,0.4663327822116321
Clade3,Clade3_2076,28.840336134453782,0.44293776055268985,0.41774487080216266,0.4682167743495036
Clade3,Clade3_2076,29.025210084033613,0.44494147570661025,0.4198269156768878,0.47008834378443304
Clade3,Clade3_2076,29.210084033613445,0.44683265294131946,0.42179384765951883,0.47191000812851397
Clade3,Clade3_2076,29.39495798319328,0.44869567358344054,0.42369139756873087,0.47375839439741513
Clade3,Clade3_2076,29.57983193277311,0.4504512408102507,0.42556653126421534,0.4753595209395722
Clade3,Clade3_2076,29.764705882352942,0.4521402234565757,0.42735225542373173,0.476962989547589
Clade3,Clade3_2076,29.949579831932773,0.4537201005927127,0.4290180623579185,0.47858826686176564
Clade3,Clade3_2076,30.134453781512605,0.45525568911413267,0.43057003641634967,0.48014050251738905
Clade3,Clade3_2076,30.319327731092436,0.4567096479705268,0.43200403525236203,0.4815377542440332
Clade3,Clade3_2076,30.504201680672267,0.45809847644056123,0.433429777710827,0.4828847008585222
Clade3,Clade3_2076,30.689075630252102,0.45936570291733425,0.4348308638316757,0.484121637479776
Clade3,Clade3_2076,30.873949579831933,0.46051786381159976,0.43616740272854226,0.4851655170959885
Clade3,Clade3_2076,31.058823529411764,0.46160807436459483,0.43724190322098633,0.48622226656913836
Clade3,Clade3_2076,31.2436974789916,0.4625936244439113,0.43830990711224344,0.4871038732778948
Clade3,Clade3_2076,31.42857142857143,0.46351584551808345,0.4391483334177513,0.48789624547778004
Clade3,Clade3_2076,31.613445378151262,0.46427550586240457,0.4400320004200336,0.48872806280927045
Clade3,Clade3_2076,31.798319327731093,0.4649616563753738,0.4407171756635501,0.489339917660067
Clade3,Clade3_2076,31.983193277310924,0.46552913526265916,0.44128780250378846,0.4899251531989989
Clade3,Clade3_2076,32.168067226890756,0.4660047801775205,0.4417797747778174,0.49040135826304443
Clade3,Clade3_2076,32.35294117647059,0.4663359859989406,0.4420309770216422,0.49069553103254443
Clade3,Clade3_2076,32.53781512605042,0.4665623802908111,0.44226442995635057,0.4908501851076229
Clade3,Clade3_2076,32.72268907563026,0.46666885583787093,0.44246318643640614,0.49099870098010445
Clade3,Clade3_2076,32.90756302521008,0.4666230385082448,0.4424018423726762,0.4907607054959008
Clade3,Clade3_2076,33.09243697478992,0.46643948324613493,0.44224176759861633,0.49067815753329336
Clade3,Clade3_2076,33.27731092436975,0.46609672255086787,0.44185130417671453,0.4903101950925025
Clade3,Clade3_2076,33.46218487394958,0.4656147780556878,0.4414026141882545,0.4900073139027751
Clade3,Clade3_2076,33.64705882352941,0.4650078335425411,0.4406951910728066,0.4894586183782701
Clade3,Clade3_2076,33.831932773109244,0.46422558154489746,0.4398951148798259,0.4888090249784154
Clade3,Clade3_2076,34.016806722689076,0.4633447411932552,0.438823187021228,0.4879461559390153
Clade3,Clade3_2076,34.20168067226891,0.4622993811996473,0.43771726873325,0.486952607590161
Clade3,Clade3_2076,34.38655462184874,0.4611572017692521,0.4364564376179149,0.4858394089493189
Clade3,Clade3_2076,34.57142857142857,0.45975811806385747,0.43503033346098785,0.48469334343135156
Clade3,Clade3_2076,34.75630252100841,0.4582405516812389,0.4335255532268381,0.4833906491897716
Clade3,Clade3_2076,34.94117647058823,0.45653957645012944,0.4317048265937935,0.4819001251031589
Clade3,Clade3_2076,35.12605042016807,0.4546755543812339,0.42968835960307084,0.4802722342916213
Clade3,Clade3_2076,35.3109243697479,0.4526733709250391,0.427517430212302,0.47833609001671756
Clade3,Clade3_2076,35.49579831932773,0.4505263787711651,0.4251542566670378,0.4763182448762671
Clade3,Clade3_2076,35.680672268907564,0.44820352641498296,0.4226563943617926,0.4741987836792222
Clade3,Clade3_2076,35.865546218487395,0.4457061460083801,0.42012369938883215,0.47201673676583145
Clade3,Clade3_2076,36.05042016806723,0.443095474270502,0.4172414714941204,0.46951841015209134
Clade3,Clade3_2076,36.23529411764706,0.44026743588550044,0.4142072181375159,0.4668077750347517
Clade3,Clade3_2076,36.42016806722689,0.4373170237085022,0.41103441002073304,0.4639770702863174
Clade3,Clade3_2076,36.60504201680672,0.43415933658925543,0.40776070205907394,0.46111651183987235
Clade3,Clade3_2076,36.78991596638656,0.43088102999313255,0.40422763206586465,0.45803185119478346
Clade3,Clade3_2076,36.97478991596638,0.4274118736140432,0.4006558809980322,0.45483133920562513
Clade3,Clade3_2076,37.15966386554622,0.42382557565474266,0.39681924754566406,0.4515664614192676
Clade3,Clade3_2076,37.34453781512605,0.42008789623986675,0.3929284817218071,0.44811544700605205
Clade3,Clade3_2076,37.529411764705884,0.4161373941033809,0.3888473619666576,0.4444777829879873
Clade3,Clade3_2076,37.714285714285715,0.41205985476517404,0.38471629309702005,0.4407447551299524
Clade3,Clade3_2076,37.89915966386555,0.4078266944503631,0.380387032945672,0.43686976867111
Clade3,Clade3_2076,38.08403361344538,0.4034489148066879,0.37584323824446525,0.43277620641413783
Clade3,Clade3_2076,38.26890756302521,0.39893901610871074,0.37124093349584447,0.428437426793615
Clade3,Clade3_2076,38.45378151260505,0.3942783249582392,0.36644973720706225,0.42402448282079586
Clade3,Clade3_2076,38.63865546218487,0.3895569782913202,0.36154912025372204,0.4193469208996004
Clade3,Clade3_2076,38.82352941176471,0.3847070644287346,0.35642303466213815,0.41468930409143445
Clade3,Clade3_2076,39.008403361344534,0.37969516822606353,0.3514892164466444,0.40974367972865827
Clade3,Clade3_2076,39.19327731092437,0.37455371873564114,0.3461905282037777,0.4048109931128033
Clade3,Clade3_2076,39.378151260504204,0.3693621532630146,0.3409019071435943,0.39959590351656665
Clade3,Clade3_2076,39.563025210084035,0.36401690423836874,0.3353936511522151,0.3943346411030504
Clade3,Clade3_2076,39.747899159663866,0.35858722522601716,0.32992805499781447,0.3890242745826707
Clade3,Clade3_2076,39.9327731092437,0.35303673613589875,0.3244421275304114,0.3835546394791299
Clade3,Clade3_2076,40.11764705882353,0.34742467356348583,0.3187055517728423,0.37810431608226086
Clade3,Clade3_2076,40.30252100840336,0.34176601080947433,0.31305741253659436,0.37249576692416486
Clade3,Clade3_2076,40.4873949579832,0.33597941827139594,0.3073329008338868,0.3668108655069661
Clade3,Clade3_2076,40.67226890756302,0.3302358162913116,0.30151871805587255,0.3609315990919464
Clade3,Clade3_2076,40.85714285714286,0.3243798787807336,0.29557287921509257,0.3550868907234372
Clade3,Clade3_2076,41.042016806722685,0.3183971689669066,0.28974075753440887,0.34918016929421014
Clade3,Clade3_2076,41.226890756302524,0.31244487888839556,0.28377352229659036,0.34326330608379724
Clade3,Clade3_2076,41.411764705882355,0.3065100477910653,0.27779510345640585,0.33725536848095994
Clade3,Clade3_2076,41.596638655462186,0.3005632280380488,0.2718166928342763,0.33116042855317895
Clade3,Clade3_2076,41.78151260504202,0.2945499743725837,0.2659579214541512,0.32519022109615875
Clade3,Clade3_2076,41.96638655462185,0.28852350609142186,0.26002135513868446,0.3192747991712209
Clade3,Clade3_2076,42.15126050420168,0.2825016875925982,0.2539716868506871,0.3131144099072948
Clade3,Clade3_2076,42.33613445378151,0.27650535153700706,0.2480510555959654,0.307103096509405
Clade3,Clade3_2076,42.52100840336135,0.27048801428186175,0.24209417330630603,0.30124983423383483
Clade3,Clade3_2076,42.705882352941174,0.26451089157678087,0.23623016056947038,0.29515324351927075
Clade3,Clade3_2076,42.89075630252101,0.25855100403337433,0.23018329082694955,0.2891836543634177
Clade3,Clade3_2076,43.07563025210084,0.2526403890151075,0.22424776858220322,0.2832067842209272
Clade3,Clade3_2076,43.260504201680675,0.24675031460935806,0.2184488939170478,0.2772726500582422
Clade3,Clade3_2076,43.445378151260506,0.24088407400711814,0.21250286323197679,0.27134971611912184
Clade3,Clade3_2076,43.63025210084034,0.2350270845571745,0.20680355209589052,0.26543480127338137
Clade3,Clade3_2076,43.81512605042017,0.22931611281882675,0.20103382063735223,0.25974395659258803
Clade3,Clade3_2076,44,0.22361635254701712,0.19547566765320326,0.2540951741542259
Clade4,Clade4_2077,22,0.350179743818665,0.31840165663882714,0.38360181554975403
Clade4,Clade4_2077,22.18487394957983,0.3540779683103622,0.3225826641999406,0.38731074041668817
Clade4,Clade4_2077,22.369747899159663,0.3580323781472101,0.3268704605856339,0.39084140545679696
Clade4,Clade4_2077,22.554621848739497,0.3619582542437574,0.33106698770810455,0.3945773466707735
Clade4,Clade4_2077,22.73949579831933,0.3658980158727634,0.33520130735842507,0.39832829909293554
Clade4,Clade4_2077,22.92436974789916,0.369825010565468,0.3394259212865356,0.4017910327029943
Clade4,Clade4_2077,23.10924369747899,0.3738130200210701,0.3437570659649646,0.40542810334124163
Clade4,Clade4_2077,23.294117647058822,0.3776946479440726,0.3479919087817908,0.40917862240138714
Clade4,Clade4_2077,23.478991596638657,0.38167363009316,0.35211498135692654,0.41287104142636594
Clade4,Clade4_2077,23.66386554621849,0.3856351462176025,0.3564712696986931,0.41655684954215383
Clade4,Clade4_2077,23.84873949579832,0.3896229742818479,0.36058506184147265,0.4201096810822891
Clade4,Clade4_2077,24.03361344537815,0.39355731314955433,0.36467582878117993,0.4237006462401589
Clade4,Clade4_2077,24.218487394957982,0.3974543193903959,0.36888604567677374,0.42737910569262677
Clade4,Clade4_2077,24.403361344537814,0.401354068117454,0.372975884228062,0.43109827199135076
Clade4,Clade4_2077,24.58823529411765,0.4052488605341782,0.37707156447943746,0.43482669647820754
Clade4,Clade4_2077,24.77310924369748,0.40913741711047014,0.38118020100620964,0.4384535446950206
Clade4,Clade4_2077,24.95798319327731,0.41297994777776215,0.38512413023851416,0.4421467969748206
Clade4,Clade4_2077,25.142857142857142,0.41678332643306304,0.38906879794465465,0.44570294544335143
Clade4,Clade4_2077,25.327731092436974,0.42063480960682875,0.39301536512469976,0.44932742624814953
Clade4,Clade4_2077,25.51260504201681,0.4244906228992776,0.39692774630277383,0.45292669300569083
Clade4,Clade4_2077,25.69747899159664,0.4282710316585724,0.4007176018015021,0.4564136887121581
Clade4,Clade4_2077,25.88235294117647,0.43207593125687316,0.4047098220001212,0.46005077013859547
Clade4,Clade4_2077,26.067226890756302,0.4358470495183065,0.4085511701909405,0.463626383121105
Clade4,Clade4_2077,26.252100840336134,0.4395452563491815,0.4124026868987344,0.4671474309856116
Clade4,Clade4_2077,26.436974789915965,0.44323097185632077,0.4162256453966041,0.47065478144254613
Clade4,Clade4_2077,26.6218487394958,0.44687766482604485,0.42001712628645704,0.4741152852662056
Clade4,Clade4_2077,26.80672268907563,0.45049246457990477,0.42379340248521147,0.47754056571776754
Clade4,Clade4_2077,26.991596638655462,0.45409712219011855,0.4275402214595288,0.4809114071618451
Clade4,Clade4_2077,27.176470588235293,0.45766333222234007,0.43109672795110926,0.48436814363337377
Clade4,Clade4_2077,27.36134453781513,0.46114274549602086,0.4346985338644619,0.48771279330059614
Clade4,Clade4_2077,27.54621848739496,0.46458805584731444,0.4382159448776264,0.4909390312609475
Clade4,Clade4_2077,27.73109243697479,0.4680228549998723,0.4418466501101214,0.49423977423061266
Clade4,Clade4_2077,27.915966386554622,0.4713619395973669,0.445271473226869,0.4975686000299725
Clade4,Clade4_2077,28.100840336134453,0.47468941192158853,0.448649580483681,0.5008327359083199
Clade4,Clade4_2077,28.285714285714285,0.47797920713015374,0.4520048061465172,0.5038587007890108
Clade4,Clade4_2077,28.470588235294116,0.48122787495290054,0.4553625441618951,0.5070045741064318
Clade4,Clade4_2077,28.65546218487395,0.4843946747432336,0.4586814478828679,0.5101300514569894
Clade4,Clade4_2077,28.840336134453782,0.48752934945307025,0.46185096821560917,0.5130016629200479
Clade4,Clade4_2077,29.025210084033613,0.4905532862024796,0.46517864008485144,0.5157938539008295
Clade4,Clade4_2077,29.210084033613445,0.49356703549585135,0.4682525387154454,0.5187639836595646
Clade4,Clade4_2077,29.39495798319328,0.4964753002314828,0.471253034846158,0.5215099755267687
Clade4,Clade4_2077,29.57983193277311,0.4992973104088473,0.4742014728306304,0.5242280673327948
Clade4,Clade4_2077,29.764705882352942,0.5020477832849575,0.4771020587669177,0.5269470432181045
Clade4,Clade4_2077,29.949579831932773,0.5048029443078133,0.47987029994060176,0.5294980802805217
Clade4,Clade4_2077,30.134453781512605,0.5074618678598878,0.4826073416341897,0.5320232490112923
Clade4,Clade4_2077,30.319327731092436,0.5100063728958549,0.485183993056035,0.5345103894441824
Clade4,Clade4_2077,30.504201680672267,0.5124868355878214,0.4878050418653222,0.536831234043759
Clade4,Clade4_2077,30.689075630252102,0.5148709949650103,0.49026790667310066,0.5392057577560655
Clade4,Clade4_2077,30.873949579831933,0.5171336063049341,0.49264183289287516,0.541532698134979
Clade4,Clade4_2077,31.058823529411764,0.5193664103981515,0.4949852109955656,0.5437238419858305
Clade4,Clade4_2077,31.2436974789916,0.5214885125630939,0.497075746819007,0.5458277644740452
Clade4,Clade4_2077,31.42857142857143,0.5234866278359862,0.49908630283774075,0.5477209621110942
Clade4,Clade4_2077,31.613445378151262,0.5254301934133317,0.5010417651122393,0.5496105586353813
Clade4,Clade4_2077,31.798319327731093,0.5272819163345994,0.5029560145790002,0.5512567618744868
Clade4,Clade4_2077,31.983193277310924,0.5290377831346176,0.5047481391969865,0.5528487427660767
Clade4,Clade4_2077,32.168067226890756,0.5306440851126528,0.5064693319787776,0.554453306936248
Clade4,Clade4_2077,32.35294117647059,0.5321612404306304,0.5079961509133292,0.5559619336283869
Clade4,Clade4_2077,32.53781512605042,0.5335611879263814,0.5094489256770418,0.5573347063767108
Clade4,Clade4_2077,32.72268907563026,0.5348716418319184,0.5107369395891536,0.5586632029580423
Clade4,Clade4_2077,32.90756302521008,0.5360142773304482,0.5119599440591793,0.5598592719916399
Clade4,Clade4_2077,33.09243697478992,0.5370707105987922,0.5131245327345907,0.5609853907645519
Clade4,Clade4_2077,33.27731092436975,0.5380293574666151,0.5141822375048702,0.5619544548048994
Clade4,Clade4_2077,33.46218487394958,0.538773264917257,0.5150007526970464,0.562716386894736
Clade4,Clade4_2077,33.64705882352941,0.5394444405501414,0.5156794629271811,0.5635373352734069
Clade4,Clade4_2077,33.831932773109244,0.540040973615578,0.5161389235027111,0.5641651749440261
Clade4,Clade4_2077,34.016806722689076,0.5405209556664039,0.5165522046598285,0.5646866325020405
Clade4,Clade4_2077,34.20168067226891,0.54080581412895,0.5168772220098025,0.5650542732535341
Clade4,Clade4_2077,34.38655462184874,0.5409754837866028,0.5170968964491578,0.5653398322804433
Clade4,Clade4_2077,34.57142857142857,0.5409877286079536,0.5169006876700871,0.565470610682928
Clade4,Clade4_2077,34.75630252100841,0.5408803823871016,0.5167415763987535,0.5654393318747724
Clade4,Clade4_2077,34.94117647058823,0.5406405331762134,0.5165470890899071,0.5654051155474049
Clade4,Clade4_2077,35.12605042016807,0.540287079783073,0.5160648115267017,0.5651428480141476
Clade4,Clade4_2077,35.3109243697479,0.5397914217169268,0.5155855314214602,0.5646461221756535
Clade4,Clade4_2077,35.49579831932773,0.5391317520488139,0.5147922389372122,0.5641343199334914
Clade4,Clade4_2077,35.680672268907564,0.5382908853932792,0.5138305771969094,0.5635759457462434
Clade4,Clade4_2077,35.865546218487395,0.5373319781106725,0.5125936050175227,0.5628617111524286
Clade4,Clade4_2077,36.05042016806723,0.5362271208269631,0.5113156657287257,0.5619910414034651
Clade4,Clade4_2077,36.23529411764706,0.5349882598688429,0.5098481117514455,0.5608764640552636
Clade4,Clade4_2077,36.42016806722689,0.5335811603180934,0.508254685645164,0.5597283857826817
Clade4,Clade4_2077,36.60504201680672,0.5320288120220582,0.5064404200971647,0.5585440557329866
Clade4,Clade4_2077,36.78991596638656,0.5303482267757373,0.504453942187521,0.5570829185675799
Clade4,Clade4_2077,36.97478991596638,0.5285369204885642,0.5023155351520775,0.5554116046388085
Clade4,Clade4_2077,37.15966386554622,0.5265528702391684,0.5000882117416873,0.5536927808769783
Clade4,Clade4_2077,37.34453781512605,0.5244489131224546,0.49772268587970836,0.5517233386247182
Clade4,Clade4_2077,37.529411764705884,0.5221801337289697,0.4952085484635568,0.5496872703697561
Clade4,Clade4_2077,37.714285714285715,0.5197443602742005,0.49244624968234213,0.5474680446584795
Clade4,Clade4_2077,37.89915966386555,0.5171571509601536,0.4896172908304381,0.5452126951513382
Clade4,Clade4_2077,38.08403361344538,0.5144376019229406,0.48661286624946876,0.5427731781936501
Clade4,Clade4_2077,38.26890756302521,0.5115557455687259,0.4834142767255652,0.540058684276314
Clade4,Clade4_2077,38.45378151260505,0.5085630285225697,0.48019034589737775,0.5373767061433885
Clade4,Clade4_2077,38.63865546218487,0.5053873668747907,0.4766218546720203,0.5344488590312874
Clade4,Clade4_2077,38.82352941176471,0.5021066876102571,0.47308201190390825,0.5314067442647555
Clade4,Clade4_2077,39.008403361344534,0.49874707507002847,0.4693913742532884,0.5281301913408355
Clade4,Clade4_2077,39.19327731092437,0.4952341420820896,0.4656697878606942,0.524764818441261
Clade4,Clade4_2077,39.378151260504204,0.491521015583634,0.4616322218949135,0.5213041724367466
Clade4,Clade4_2077,39.563025210084035,0.48764421866365304,0.457534819734219,0.5177745039603073
Clade4,Clade4_2077,39.747899159663866,0.48362644790911535,0.45331264267373883,0.5139706957954309
Clade4,Clade4_2077,39.9327731092437,0.4794539011374317,0.44897683126070254,0.5101260911306774
Clade4,Clade4_2077,40.11764705882353,0.47530747803396456,0.44460945496942894,0.506051175314523
Clade4,Clade4_2077,40.30252100840336,0.47101488358159105,0.4399813103674794,0.5020220090119525
Clade4,Clade4_2077,40.4873949579832,0.4665752973496442,0.43538377450250626,0.49784558044676985
Clade4,Clade4_2077,40.67226890756302,0.462039247675499,0.43046779973240573,0.49339661795722173
Clade4,Clade4_2077,40.85714285714286,0.45735955326572364,0.42556565011186176,0.48901926521591876
Clade4,Clade4_2077,41.042016806722685,0.4526429878160378,0.42058027002306914,0.48460179337501286
Clade4,Clade4_2077,41.226890756302524,0.44777781756430146,0.4155136734482598,0.47990410401821115
Clade4,Clade4_2077,41.411764705882355,0.44284730878223655,0.41032047149421674,0.47528572448702466
Clade4,Clade4_2077,41.596638655462186,0.43782066432654665,0.4049168712878407,0.4704819894387223
Clade4,Clade4_2077,41.78151260504202,0.4326881651284068,0.39959050804350216,0.4656453876525645
Clade4,Clade4_2077,41.96638655462185,0.4274806766048807,0.39401334616505074,0.4607910392000426
Clade4,Clade4_2077,42.15126050420168,0.42221160272425123,0.38837650103512994,0.4559256575929567
Clade4,Clade4_2077,42.33613445378151,0.41683077825429427,0.3826071250722729,0.4509821267378162
Clade4,Clade4_2077,42.52100840336135,0.4113989288434929,0.37704785538184804,0.445925448637414
Clade4,Clade4_2077,42.705882352941174,0.4059501466388499,0.3712314165396596,0.4408424745263273
Clade4,Clade4_2077,42.89075630252101,0.40050383487867675,0.3654213355781795,0.4357615803017706
Clade4,Clade4_2077,43.07563025210084,0.39490851729026943,0.3595493725483794,0.43072890251836077
Clade4,Clade4_2077,43.260504201680675,0.3892966594417972,0.3536078768194047,0.4255009341874075
Clade4,Clade4_2077,43.445378151260506,0.38368345805920046,0.34774829492103276,0.4202112307714281
Clade4,Clade4_2077,43.63025210084034,0.37795492967487654,0.34160281866134967,0.41514026306157664
Clade4,Clade4_2077,43.81512605042017,0.37231771464019886,0.3353725181765118,0.40991740526720205
Clade4,Clade4_2077,44,0.3665896967501667,0.3293293561926499,0.40466850991424397
Clade4,Clade4_2078,22,0.4023213412956008,0.3683770244246021,0.43702919129334383
Clade4,Clade4_2078,22.18487394957983,0.40642937094228015,0.37284751508010844,0.4406949566563842
Clade4,Clade4_2078,22.369747899159663,0.4105571776664114,0.3772112112122293,0.4444235289235286
Clade4,Clade4_2078,22.554621848739497,0.4146417590022294,0.3815451059489236,0.4481669478531327
Clade4,Clade4_2078,22.73949579831933,0.41871241688454214,0.3859097991082587,0.4518548038898215
Clade4,Clade4_2078,22.92436974789916,0.4227323359106607,0.39039129676087725,0.45566911202491883
Clade4,Clade4_2078,23.10924369747899,0.4267811509788034,0.3947734542245461,0.45935201389444663
Clade4,Clade4_2078,23.294117647058822,0.43082649811301454,0.39925525033241044,0.46327147702130356
Clade4,Clade4_2078,23.478991596638657,0.43488332243645555,0.40356388927327813,0.4669557884352714
Clade4,Clade4_2078,23.66386554621849,0.4388760502238941,0.40772103419702344,0.4705774937138233
Clade4,Clade4_2078,23.84873949579832,0.44287520775457534,0.41199973532114376,0.47411753722793454
Clade4,Clade4_2078,24.03361344537815,0.4468094104502736,0.4162968205960903,0.4778726403297942
Clade4,Clade4_2078,24.218487394957982,0.4507394612476925,0.4204805236519698,0.4816263234919499
Clade4,Clade4_2078,24.403361344537814,0.4547251048798642,0.4246604714935287,0.48527448725994243
Clade4,Clade4_2078,24.58823529411765,0.45861884454232216,0.42890607958016713,0.4887848292870716
Clade4,Clade4_2078,24.77310924369748,0.4625504702522145,0.43297771232469895,0.4923645789256035
Clade4,Clade4_2078,24.95798319327731,0.46644555495969886,0.4372291947610048,0.49592065248124556
Clade4,Clade4_2078,25.142857142857142,0.4702587346531663,0.4413031633155244,0.4994840018574265
Clade4,Clade4_2078,25.327731092436974,0.4740652146830136,0.4454299695092862,0.5030210151685448
Clade4,Clade4_2078,25.51260504201681,0.47783671521564214,0.44940878414275165,0.5066340265439118
Clade4,Clade4_2078,25.69747899159664,0.48159240477930965,0.4533935105033814,0.5100945599399108
Clade4,Clade4_2078,25.88235294117647,0.4852955126049803,0.45728420961432764,0.5135150085938294
Clade4,Clade4_2078,26.067226890756302,0.48898071532338006,0.46121287047712567,0.5170059244454644
Clade4,Clade4_2078,26.252100840336134,0.4926187462831302,0.4650512446894642,0.5204388146661663
Clade4,Clade4_2078,26.436974789915965,0.49628405239248785,0.4689525465578924,0.5238198120065152
Clade4,Clade4_2078,26.6218487394958,0.4998356759351258,0.47261901521083943,0.5271301309244038
Clade4,Clade4_2078,26.80672268907563,0.5033475251524796,0.47635955327488827,0.530491667745379
Clade4,Clade4_2078,26.991596638655462,0.5068347056519139,0.47999198995577363,0.5338468999221401
Clade4,Clade4_2078,27.176470588235293,0.5102720529603442,0.4835535375468539,0.5371021283601183
Clade4,Clade4_2078,27.36134453781513,0.5136101042434937,0.4870564894579302,0.5403212416095321
Clade4,Clade4_2078,27.54621848739496,0.5168892687848001,0.4905510897733699,0.5434032616937151
Clade4,Clade4_2078,27.73109243697479,0.5201609089312762,0.4939599952847582,0.5465392424016046
Clade4,Clade4_2078,27.915966386554622,0.523452915380757,0.49732739870083054,0.5496522530300203
Clade4,Clade4_2078,28.100840336134453,0.5266193843057312,0.5006508376640607,0.5526561876667446
Clade4,Clade4_2078,28.285714285714285,0.5297383948082104,0.5038491463030101,0.555542571682802
Clade4,Clade4_2078,28.470588235294116,0.5327886968694535,0.5070790731302485,0.5585133942802659
Clade4,Clade4_2078,28.65546218487395,0.5357719549110098,0.5102144077220396,0.561359675066016
Clade4,Clade4_2078,28.840336134453782,0.538653144797754,0.5132903188677984,0.5641765112758472
Clade4,Clade4_2078,29.025210084033613,0.5415233106225736,0.5162579669953148,0.5668423106660404
Clade4,Clade4_2078,29.210084033613445,0.5443062082479151,0.5192081361080938,0.5693890302269309
Clade4,Clade4_2078,29.39495798319328,0.5470098443524669,0.5220415192862988,0.5719021005718546
Clade4,Clade4_2078,29.57983193277311,0.5496534685368669,0.5248040544842492,0.5743637582904
Clade4,Clade4_2078,29.764705882352942,0.5521979907439755,0.5274916184789984,0.576759154709735
Clade4,Clade4_2078,29.949579831932773,0.5546313008344737,0.5300936130130823,0.5791910679594168
Clade4,Clade4_2078,30.134453781512605,0.5570435893377308,0.5326097316488432,0.5815164903958758
Clade4,Clade4_2078,30.319327731092436,0.559311446525308,0.5350294012272336,0.5836726101289372
Clade4,Clade4_2078,30.504201680672267,0.5615161113667981,0.5374778651907206,0.5858328272971509
Clade4,Clade4_2078,30.689075630252102,0.5636310825026664,0.5397482538858791,0.5879223309058493
Clade4,Clade4_2078,30.873949579831933,0.5656665268961477,0.541894781022341,0.5898623765784599
Clade4,Clade4_2078,31.058823529411764,0.5675718897108348,0.5439407189302571,0.5917341764846973
Clade4,Clade4_2078,31.2436974789916,0.5694558156089499,0.5458979783334337,0.5934624276508059
Clade4,Clade4_2078,31.42857142857143,0.5711855106020212,0.5477136018210507,0.5950553628794262
Clade4,Clade4_2078,31.613445378151262,0.5728061282043554,0.5494604646466908,0.5966914193509313
Clade4,Clade4_2078,31.798319327731093,0.5743488029974251,0.551138108834228,0.5980965455572346
Clade4,Clade4_2078,31.983193277310924,0.5757866533282874,0.5526518675656539,0.5994004365972978
Clade4,Clade4_2078,32.168067226890756,0.5770969938014496,0.5540213192742568,0.6006876339397501
Clade4,Clade4_2078,32.35294117647059,0.5783171988536778,0.5552556908442495,0.6017814404200121
Clade4,Clade4_2078,32.53781512605042,0.5794543236618876,0.5562979825253689,0.6028488999943888
Clade4,Clade4_2078,32.72268907563026,0.5804149359694675,0.557190372492339,0.6038352541384759
Clade4,Clade4_2078,32.90756302521008,0.5812718238841783,0.558089591138454,0.6048281516878742
Clade4,Clade4_2078,33.09243697478992,0.5820301323211954,0.558831630427835,0.6055184473733444
Clade4,Clade4_2078,33.27731092436975,0.5826143283884129,0.5593736081646135,0.6061868995434505
Clade4,Clade4_2078,33.46218487394958,0.5830947005927227,0.5596325048551039,0.6067479931814189
Clade4,Clade4_2078,33.64705882352941,0.5835003921491173,0.5600444591627137,0.6071768874198867
Clade4,Clade4_2078,33.831932773109244,0.5837189733799394,0.5602586694272753,0.6075164110927915
Clade4,Clade4_2078,34.016806722689076,0.5838548706979063,0.5603977072927377,0.6076772735567842
Clade4,Clade4_2078,34.20168067226891,0.5838641091576215,0.5603824688946163,0.6077559964787744
Clade4,Clade4_2078,34.38655462184874,0.5837191063086126,0.5600985627863377,0.6077089787628507
Clade4,Clade4_2078,34.57142857142857,0.5834010429281713,0.5596738490001881,0.6074057314659213
Clade4,Clade4_2078,34.75630252100841,0.5829476063723782,0.5591552930789047,0.6071569133066816
Clade4,Clade4_2078,34.94117647058823,0.5823381999364564,0.5584450785760087,0.6066810403886229
Clade4,Clade4_2078,35.12605042016807,0.5816658981386469,0.5575733513667284,0.6061918942784855
Clade4,Clade4_2078,35.3109243697479,0.5808289543354751,0.5565446605759298,0.605595039876978
Clade4,Clade4_2078,35.49579831932773,0.5798652856767573,0.5553284034278935,0.6046920455752146
Clade4,Clade4_2078,35.680672268907564,0.5787188399896697,0.5539854953300026,0.6036418354286478
Clade4,Clade4_2078,35.865546218487395,0.577442482719067,0.5525240394193686,0.6025058771852603
Clade4,Clade4_2078,36.05042016806723,0.5759885529556314,0.5507969435115165,0.6013098133569471
Clade4,Clade4_2078,36.23529411764706,0.5743817624091951,0.549031962213171,0.5999189758042439
Clade4,Clade4_2078,36.42016806722689,0.5726913915749913,0.5470566804608705,0.5984284818390871
Clade4,Clade4_2078,36.60504201680672,0.5707836996413977,0.5449800142316882,0.5966734344651148
Clade4,Clade4_2078,36.78991596638656,0.5687362145545449,0.5426982629724324,0.594852398917486
Clade4,Clade4_2078,36.97478991596638,0.5665581169246017,0.5402935506905115,0.5929904498156281
Clade4,Clade4_2078,37.15966386554622,0.5642250300092719,0.537664993756676,0.5909125830241718
Clade4,Clade4_2078,37.34453781512605,0.5617079441697724,0.5348717980004805,0.58866082719649
Clade4,Clade4_2078,37.529411764705884,0.559075401395577,0.5320234292786111,0.5862622782391825
Clade4,Clade4_2078,37.714285714285715,0.5563028525409942,0.529009341207626,0.5837739836562703
Clade4,Clade4_2078,37.89915966386555,0.5533765493623768,0.5257552758496884,0.5811980386086574
Clade4,Clade4_2078,38.08403361344538,0.5502870142202925,0.5225082576991353,0.5783047092305976
Clade4,Clade4_2078,38.26890756302521,0.547114175971642,0.5191328046531835,0.5753342814532583
Clade4,Clade4_2078,38.45378151260505,0.543873089683359,0.5154986282989649,0.572314306851436
Clade4,Clade4_2078,38.63865546218487,0.5403705104048002,0.5118233069932713,0.5690783026986828
Clade4,Clade4_2078,38.82352941176471,0.5367660510585273,0.5079516576567508,0.5655915588037991
Clade4,Clade4_2078,39.008403361344534,0.532914361734101,0.5039322271233345,0.5621280739490702
Clade4,Clade4_2078,39.19327731092437,0.5290596288064925,0.49979015984917297,0.5584401278052248
Clade4,Clade4_2078,39.378151260504204,0.5250469100300962,0.49552297920277316,0.5546602661976368
Clade4,Clade4_2078,39.563025210084035,0.5208983210686502,0.49109367076357874,0.5508062346875313
Clade4,Clade4_2078,39.747899159663866,0.5166114661808097,0.4865561671882497,0.5467455031919491
Clade4,Clade4_2078,39.9327731092437,0.5122020108493994,0.4819739835939499,0.5424228971303287
Clade4,Clade4_2078,40.11764705882353,0.507653104060996,0.47718909803796716,0.538166539773325
Clade4,Clade4_2078,40.30252100840336,0.5029861837209151,0.4720286971498067,0.533888582197327
Clade4,Clade4_2078,40.4873949579832,0.4982544998305203,0.46681752987241476,0.5291516737432734
Clade4,Clade4_2078,40.67226890756302,0.4933669414685886,0.4617793979829512,0.5245666076129222
Clade4,Clade4_2078,40.85714285714286,0.4883501916982733,0.4565668794049634,0.5200449413039193
Clade4,Clade4_2078,41.042016806722685,0.4833063534136315,0.4512693065395366,0.515244000312254
Clade4,Clade4_2078,41.226890756302524,0.47817819798539857,0.4458409686798421,0.5104850222993405
Clade4,Clade4_2078,41.411764705882355,0.47289474063288855,0.4401200077840977,0.5056940375229204
Clade4,Clade4_2078,41.596638655462186,0.4674844234549165,0.4342972620195834,0.50079596396307835
Clade4,Clade4_2078,41.78151260504202,0.46198554751314286,0.42840622226883457,0.4958442085979548
Clade4,Clade4_2078,41.96638655462185,0.45641832161070045,0.4224242620673473,0.49096028251973695
Clade4,Clade4_2078,42.15126050420168,0.4507887601411641,0.4162320825615727,0.48581630101745765
Clade4,Clade4_2078,42.33613445378151,0.4451373330918463,0.4103408644608676,0.48062561484045857
Clade4,Clade4_2078,42.52100840336135,0.43937017339991546,0.40427148611201336,0.4753247179255901
Clade4,Clade4_2078,42.705882352941174,0.4335058110724004,0.3981040508656258,0.4700758663767371
Clade4,Clade4_2078,42.89075630252101,0.42766302477188567,0.39170127715759706,0.4647010282481465
Clade4,Clade4_2078,43.07563025210084,0.42170020115704343,0.3852089763326785,0.45944637661005827
Clade4,Clade4_2078,43.260504201680675,0.4157744276656349,0.3787289975286403,0.45390635320992295
Clade4,Clade4_2078,43.445378151260506,0.40971937995633645,0.37210103568280284,0.4484062825251895
Clade4,Clade4_2078,43.63025210084034,0.4036880318874862,0.3656069887360533,0.4429587933407946
Clade4,Clade4_2078,43.81512605042017,0.3975785460503973,0.35918610630727454,0.43742744654984445
Clade4,Clade4_2078,44,0.3915089280699042,0.35256875636898405,0.4319224361012944
Clade4,Clade4_2079,22,0.3342101070753856,0.3029418520359208,0.3689389054327977
Clade4,Clade4_2079,22.18487394957983,0.33790417378242266,0.30692215270410084,0.37219555426941753
Clade4,Clade4_2079,22.369747899159663,0.3415667232538052,0.3107425195842244,0.3755338332541103
Clade4,Clade4_2079,22.554621848739497,0.3452342802565751,0.3146428265256675,0.3789071492007947
Clade4,Clade4_2079,22.73949579831933,0.34893948051013013,0.31843492029764947,0.38225979196884463
Clade4,Clade4_2079,22.92436974789916,0.3526086015309469,0.322428395109578,0.38561695133672547
Clade4,Clade4_2079,23.10924369747899,0.35630194136839455,0.3263063636342684,0.38892839120923967
Clade4,Clade4_2079,23.294117647058822,0.3600068619375002,0.330197247070933,0.3923634684929167
Clade4,Clade4_2079,23.478991596638657,0.3637295982735982,0.3340672541502265,0.39578190815638803
Clade4,Clade4_2079,23.66386554621849,0.36739567521244154,0.33785629715556004,0.399118910656912
Clade4,Clade4_2079,23.84873949579832,0.3710418778379719,0.341624964157796,0.4025632847575174
Clade4,Clade4_2079,24.03361344537815,0.3746960701186097,0.34547588507156,0.4057939569141848
Clade4,Clade4_2079,24.218487394957982,0.3783076580165725,0.3493562191510577,0.40902287964287976
Clade4,Clade4_2079,24.403361344537814,0.38195873164300076,0.3532069420504653,0.412272895258419
Clade4,Clade4_2079,24.58823529411765,0.3855536387330665,0.35708840402129044,0.4156131786975451
Clade4,Clade4_2079,24.77310924369748,0.38913506722944946,0.3609507457189692,0.4188696934086681
Clade4,Clade4_2079,24.95798319327731,0.39272542437020297,0.36465534658875104,0.4222619673189252
Clade4,Clade4_2079,25.142857142857142,0.39631464699071417,0.3683118110636025,0.4256902346127333
Clade4,Clade4_2079,25.327731092436974,0.3998743108996313,0.3719968130325847,0.4288291597043565
Clade4,Clade4_2079,25.51260504201681,0.4033997136417883,0.3757470762459999,0.4321154080836749
Clade4,Clade4_2079,25.69747899159664,0.4068948959303449,0.3794048744867547,0.43543612400476184
Clade4,Clade4_2079,25.88235294117647,0.41036610456478395,0.38293197763033865,0.43872640437136606
Clade4,Clade4_2079,26.067226890756302,0.4137746226573946,0.38646229929139025,0.4419707457474179
Clade4,Clade4_2079,26.252100840336134,0.41715575208948447,0.3900025217052579,0.4451497427303902
Clade4,Clade4_2079,26.436974789915965,0.42052726632801674,0.39342884552563506,0.44842605274698727
Clade4,Clade4_2079,26.6218487394958,0.4238188795267016,0.39679020969566975,0.45156809540107296
Clade4,Clade4_2079,26.80672268907563,0.42709568600281667,0.40027905047341084,0.45474168733955495
Clade4,Clade4_2079,26.991596638655462,0.4303828087848713,0.4035533878283329,0.4578685672372256
Clade4,Clade4_2079,27.176470588235293,0.43362049280948567,0.40689618094278546,0.46105282155014643
Clade4,Clade4_2079,27.36134453781513,0.43679815840283065,0.41014792829152774,0.46426475211411233
Clade4,Clade4_2079,27.54621848739496,0.4399042298619221,0.41335697773576424,0.46713019443291204
Clade4,Clade4_2079,27.73109243697479,0.44298797064852025,0.4165705493888153,0.47012456029666116
Clade4,Clade4_2079,27.915966386554622,0.4460284452992238,0.41964477217956986,0.47298810412528264
Clade4,Clade4_2079,28.100840336134453,0.44904747593413424,0.4227118397383269,0.4758352968204232
Clade4,Clade4_2079,28.285714285714285,0.45193785686142807,0.4257863896078337,0.47860222071664266
Clade4,Clade4_2079,28.470588235294116,0.45479917851019624,0.4287471803015235,0.48139456046860724
Clade4,Clade4_2079,28.65546218487395,0.4576248210119108,0.43157240848864137,0.4840467083843949
Clade4,Clade4_2079,28.840336134453782,0.46036307000327253,0.4343406189753945,0.4867433878518933
Clade4,Clade4_2079,29.025210084033613,0.4630016625013018,0.43707878159287217,0.4893950365671994
Clade4,Clade4_2079,29.210084033613445,0.46563098343386755,0.4397126553655579,0.491993443941442
Clade4,Clade4_2079,29.39495798319328,0.46819629988252087,0.44227640101966414,0.4944531205740195
Clade4,Clade4_2079,29.57983193277311,0.4706555767451068,0.4446996836081186,0.4968179890515778
Clade4,Clade4_2079,29.764705882352942,0.473016290519906,0.4470595433972749,0.49916413042512714
Clade4,Clade4_2079,29.949579831932773,0.47529632699107116,0.44945248446527114,0.5013954388256825
Clade4,Clade4_2079,30.134453781512605,0.4775044237877055,0.4516342707241858,0.5035335158581287
Clade4,Clade4_2079,30.319327731092436,0.47958389283154734,0.45386917210157957,0.5055734985479965
Clade4,Clade4_2079,30.504201680672267,0.4816207855107488,0.45589969978559475,0.507624763091063
Clade4,Clade4_2079,30.689075630252102,0.4835377882914388,0.45788394136512384,0.5093276721976162
Clade4,Clade4_2079,30.873949579831933,0.4853909657042561,0.4597920603165129,0.5112140339037152
Clade4,Clade4_2079,31.058823529411764,0.4871660329274723,0.4615348197185316,0.5129253653063676
Clade4,Clade4_2079,31.2436974789916,0.48879691509909895,0.4632390247791252,0.5147249497168955
Clade4,Clade4_2079,31.42857142857143,0.49034205285023147,0.46480447709111766,0.5162729082719754
Clade4,Clade4_2079,31.613445378151262,0.4918069851473115,0.46619829406439156,0.5177257504895431
Clade4,Clade4_2079,31.798319327731093,0.4931603802159983,0.46757007687819835,0.5191550208723071
Clade4,Clade4_2079,31.983193277310924,0.49434441683262176,0.4687290624207865,0.5203992391464685
Clade4,Clade4_2079,32.168067226890756,0.4954178172364556,0.4698416826868755,0.521584047824495
Clade4,Clade4_2079,32.35294117647059,0.4964545103214634,0.47086294418126456,0.5226592750124638
Clade4,Clade4_2079,32.53781512605042,0.49737508935048935,0.47171653791658297,0.5234081066597115
Clade4,Clade4_2079,32.72268907563026,0.49814934470783884,0.4724363398709471,0.5241014747151231
Clade4,Clade4_2079,32.90756302521008,0.4988177001314481,0.47286086575753905,0.5246936685953062
Clade4,Clade4_2079,33.09243697478992,0.49929237625786743,0.47334020948173483,0.5251445081969381
Clade4,Clade4_2079,33.27731092436975,0.499644079014512,0.4736842982371956,0.5256093084862147
Clade4,Clade4_2079,33.46218487394958,0.49992489278636126,0.473819701197614,0.5259133518970763
Clade4,Clade4_2079,33.64705882352941,0.5000045211838762,0.47390852029824876,0.5261545418286154
Clade4,Clade4_2079,33.831932773109244,0.4999924068713474,0.47373818477232316,0.526311874348284
Clade4,Clade4_2079,34.016806722689076,0.4997986630949369,0.4735636040637875,0.5262488355056528
Clade4,Clade4_2079,34.20168067226891,0.49950035820023087,0.47306155726475835,0.5262086650159653
Clade4,Clade4_2079,34.38655462184874,0.49902656460253453,0.4723904844268208,0.5258944133771938
Clade4,Clade4_2079,34.57142857142857,0.49844898021376755,0.47178528576908185,0.5256287523276436
Clade4,Clade4_2079,34.75630252100841,0.4977639816155086,0.4707553031740368,0.5252106635924569
Clade4,Clade4_2079,34.94117647058823,0.49691883825973443,0.46982291882180416,0.524533523340537
Clade4,Clade4_2079,35.12605042016807,0.4959285132905088,0.46869088260276603,0.5238301886484745
Clade4,Clade4_2079,35.3109243697479,0.4948236189768299,0.46728712885263046,0.5229058070743866
Clade4,Clade4_2079,35.49579831932773,0.4934941319585342,0.46574897762732353,0.5217773103193918
Clade4,Clade4_2079,35.680672268907564,0.492044506784032,0.46411046332985073,0.520378911124244
Clade4,Clade4_2079,35.865546218487395,0.49044283320866383,0.46233564174234,0.5189405991609063
Clade4,Clade4_2079,36.05042016806723,0.488684227043626,0.46021243187477745,0.5175702343181208
Clade4,Clade4_2079,36.23529411764706,0.4867828109991774,0.45801444590503493,0.5158301667201204
Clade4,Clade4_2079,36.42016806722689,0.4846713900672195,0.4557811735919397,0.5141904392377465
Clade4,Clade4_2079,36.60504201680672,0.48240898734164117,0.4532902848545585,0.5121788767791821
Clade4,Clade4_2079,36.78991596638656,0.4800503604554431,0.4505827444996325,0.5101320254860765
Clade4,Clade4_2079,36.97478991596638,0.47756898579234397,0.44769423086581606,0.5079197486000788
Clade4,Clade4_2079,37.15966386554622,0.4749829659790065,0.4447171523584006,0.5056332741732169
Clade4,Clade4_2079,37.34453781512605,0.4721805603418858,0.44176346548379464,0.5031509221673225
Clade4,Clade4_2079,37.529411764705884,0.46926893955575455,0.43846523842017854,0.5004525169747359
Clade4,Clade4_2079,37.714285714285715,0.46617953744401947,0.4351451303416299,0.4977198908249996
Clade4,Clade4_2079,37.89915966386555,0.462957511286484,0.43163553922979653,0.49474272314242473
Clade4,Clade4_2079,38.08403361344538,0.4595959027697052,0.42806946694932635,0.49169036905689484
Clade4,Clade4_2079,38.26890756302521,0.45607405612942375,0.42435884534975415,0.48842077907257053
Clade4,Clade4_2079,38.45378151260505,0.4524206017180422,0.4203950487123404,0.48504678645736327
Clade4,Clade4_2079,38.63865546218487,0.44865773668182996,0.41634008853812143,0.48152517257069316
Clade4,Clade4_2079,38.82352941176471,0.4447572691718998,0.4122184400286831,0.4779729864371967
Clade4,Clade4_2079,39.008403361344534,0.44075859077655144,0.4078855440751101,0.4742380571633272
Clade4,Clade4_2079,39.19327731092437,0.43660277976987144,0.4034594975119229,0.47027601463677354
Clade4,Clade4_2079,39.378151260504204,0.4323830433574103,0.3988731982834196,0.4664525051605136
Clade4,Clade4_2079,39.563025210084035,0.4280317588741939,0.3941494957423699,0.4623977192907355
Clade4,Clade4_2079,39.747899159663866,0.4235601447201055,0.3893768115273646,0.45812062168689327
Clade4,Clade4_2079,39.9327731092437,0.41903141900872265,0.38465319914404117,0.45381171261399056
Clade4,Clade4_2079,40.11764705882353,0.4143386031676154,0.3797361478851848,0.4494287591103933
Clade4,Clade4_2079,40.30252100840336,0.4096015440284867,0.3746224242774503,0.4447981391553135
Clade4,Clade4_2079,40.4873949579832,0.40480483111379906,0.36945402410810413,0.44023348578817834
Clade4,Clade4_2079,40.67226890756302,0.39982555285193366,0.3642929265177244,0.43564496770222805
Clade4,Clade4_2079,40.85714285714286,0.3948042014652269,0.3590074888762341,0.4310250015871952
Clade4,Clade4_2079,41.042016806722685,0.3896840031353572,0.35363268708846285,0.4262160252752436
Clade4,Clade4_2079,41.226890756302524,0.38449795105612705,0.34837179946274593,0.42158233959602814
Clade4,Clade4_2079,41.411764705882355,0.37932084344365946,0.3429491936926613,0.416678095311919
Clade4,Clade4_2079,41.596638655462186,0.37405510912542245,0.33729819902973956,0.41181370377761267
Clade4,Clade4_2079,41.78151260504202,0.36876751501092486,0.33164866180361746,0.4068150602709651
Clade4,Clade4_2079,41.96638655462185,0.3634203849575579,0.32586868475398234,0.40174430017728713
Clade4,Clade4_2079,42.15126050420168,0.3580077002039558,0.3198053843404171,0.3966575827517669
Clade4,Clade4_2079,42.33613445378151,0.35258549335780226,0.31384608712022843,0.3915966094125424
Clade4,Clade4_2079,42.52100840336135,0.34711397513999165,0.30799777676761375,0.3864954568354261
Clade4,Clade4_2079,42.705882352941174,0.34163995987571194,0.3021663306244782,0.3813586177241975
Clade4,Clade4_2079,42.89075630252101,0.3360680088245656,0.29628201103788465,0.3764017662744441
Clade4,Clade4_2079,43.07563025210084,0.3305434292784529,0.2902461308250203,0.3715185388877957
Clade4,Clade4_2079,43.260504201680675,0.32504681698988425,0.28434099402142704,0.36638382012289483
Clade4,Clade4_2079,43.445378151260506,0.3195131268308231,0.2783728978314871,0.3613406803977558
Clade4,Clade4_2079,43.63025210084034,0.31394886969642166,0.27242407152896553,0.3562853275898002
Clade4,Clade4_2079,43.81512605042017,0.3084283773306955,0.26658184283292363,0.3509417799847187
Clade4,Clade4_2079,44,0.30292843184084695,0.26083103139300406,0.34573057284577074
para,para_2051,22,0.22199736274467613,0.19557500812010867,0.2516426052861298
para,para_2051,22.18487394957983,0.22389101830411728,0.19778581919737837,0.2532692884749675
para,para_2051,22.369747899159663,0.22577990558860828,0.19964874090350798,0.25477936440968757
para,para_2051,22.554621848739497,0.22769005745190357,0.2017029272687551,0.25639951466986116
para,para_2051,22.73949579831933,0.22955657110688243,0.20381477363848535,0.25790680197779076
para,para_2051,22.92436974789916,0.23145204888205123,0.2058707696084755,0.25966357658144235
para,para_2051,23.10924369747899,0.23334159149979966,0.20800008608458262,0.26130492967373725
para,para_2051,23.294117647058822,0.23519919945769321,0.210141328403042,0.2629050504894297
para,para_2051,23.478991596638657,0.23712812463548863,0.21221033818737073,0.26470541460682334
para,para_2051,23.66386554621849,0.23902506498744813,0.2142873981029042,0.26636319585298074
para,para_2051,23.84873949579832,0.24092029945050275,0.21641412435523094,0.26805067852042896
para,para_2051,24.03361344537815,0.24283669145804343,0.2185011106714271,0.26971945500143435
para,para_2051,24.218487394957982,0.24478242701838343,0.22058622153355997,0.27139022160928306
para,para_2051,24.403361344537814,0.24661732058821703,0.22257354103795468,0.2731639008076821
para,para_2051,24.58823529411765,0.24851982244375204,0.2245985060307459,0.2748791735120744
para,para_2051,24.77310924369748,0.25039801844743725,0.2265429428990982,0.27661491615257294
para,para_2051,24.95798319327731,0.25225590379809304,0.22851741792319086,0.2783895761763663
para,para_2051,25.142857142857142,0.25411734403195196,0.23043790486807567,0.28005122272731964
para,para_2051,25.327731092436974,0.2559498696630996,0.23235445256044285,0.2817749033058127
para,para_2051,25.51260504201681,0.25779877886753355,0.23425114842864175,0.28353128262947264
para,para_2051,25.69747899159664,0.2596668039495591,0.23612933286989457,0.2852271029055833
para,para_2051,25.88235294117647,0.26149831417974373,0.23792675650297349,0.28691957089524234
para,para_2051,26.067226890756302,0.2633078865238538,0.2397492484008625,0.2887555672917886
para,para_2051,26.252100840336134,0.26508747593359716,0.24164357907097567,0.29043138472451524
para,para_2051,26.436974789915965,0.2668587186021152,0.24338538180529415,0.29215465571868243
para,para_2051,26.6218487394958,0.2686187865968628,0.24505412206826527,0.29383281480065165
para,para_2051,26.80672268907563,0.2703377647132449,0.2466695609651319,0.2955331379127312
para,para_2051,26.991596638655462,0.27202782412140664,0.2483657462553864,0.29717961043037455
para,para_2051,27.176470588235293,0.27367875396992947,0.24998832228583479,0.29883677040146034
para,para_2051,27.36134453781513,0.2753067009119252,0.25163789670147385,0.30046443311948945
para,para_2051,27.54621848739496,0.2768627363200296,0.2531658194075016,0.3020451870738383
para,para_2051,27.73109243697479,0.2784025270971503,0.2547163288245108,0.30361232111634795
para,para_2051,27.915966386554622,0.2799341701162237,0.25619074002077674,0.3051920041150137
para,para_2051,28.100840336134453,0.2814233608109943,0.2575221132160621,0.30683859626256
para,para_2051,28.285714285714285,0.2828071771132482,0.2588570211883841,0.30822850941880053
para,para_2051,28.470588235294116,0.28419129937719123,0.2601714336279432,0.30965567186828863
para,para_2051,28.65546218487395,0.2854862375020949,0.26144960079838647,0.31094744018967074
para,para_2051,28.840336134453782,0.2867173927182761,0.2626062615425401,0.312225410595848
para,para_2051,29.025210084033613,0.2879017114454184,0.2637161609010637,0.31338859122445606
para,para_2051,29.210084033613445,0.28898534081595717,0.2648616165713407,0.3144752365633467
para,para_2051,29.39495798319328,0.29001498658361746,0.26579258367090475,0.3155379243178874
para,para_2051,29.57983193277311,0.29097884386882245,0.2666736360881529,0.31671559418880824
para,para_2051,29.764705882352942,0.2918014135767657,0.26758467903659133,0.3176590788264797
para,para_2051,29.949579831932773,0.29258956129966396,0.26822180264463596,0.318420371030515
para,para_2051,30.134453781512605,0.2932604558556634,0.26877729094735614,0.3191671173140304
para,para_2051,30.319327731092436,0.29379524326063056,0.26938579031265486,0.3198290430313526
para,para_2051,30.504201680672267,0.29423953180301476,0.26993828851349727,0.32030743661386624
para,para_2051,30.689075630252102,0.29462747975718645,0.27023008195818377,0.32068684068803094
para,para_2051,30.873949579831933,0.29486172452058645,0.27027486363656633,0.3209760612739539
para,para_2051,31.058823529411764,0.2949837529742335,0.2703118686707471,0.32110237484139614
para,para_2051,31.2436974789916,0.2949759240476701,0.2701416088147618,0.3210868426287698
para,para_2051,31.42857142857143,0.2948290955652125,0.2699420331340877,0.3210274697380464
para,para_2051,31.613445378151262,0.29456835631843786,0.2695108259751696,0.32092303339307193
para,para_2051,31.798319327731093,0.2941023607597983,0.2688533929598383,0.3205469876089355
para,para_2051,31.983193277310924,0.2935026828677221,0.2680886439957129,0.31995780066510077
para,para_2051,32.168067226890756,0.29272484541947874,0.26727698643935666,0.319272301948977
para,para_2051,32.35294117647059,0.29171682509263686,0.26623112714140845,0.3183629436382159
para,para_2051,32.53781512605042,0.2905940492735233,0.2650472980528404,0.31719644662879604
para,para_2051,32.72268907563026,0.28929142745129677,0.26362706250321,0.31596579301750205
para,para_2051,32.90756302521008,0.2877276277756063,0.2619668519970457,0.3145036029096576
para,para_2051,33.09243697478992,0.28600361657548223,0.26014887819296956,0.3130238478723943
para,para_2051,33.27731092436975,0.2840216051511571,0.257999335365531,0.31133269245121087
para,para_2051,33.46218487394958,0.28187285734536394,0.2556875919205146,0.3095850628644208
para,para_2051,33.64705882352941,0.2795512139859206,0.2530983838909986,0.3073755639039559
para,para_2051,33.831932773109244,0.27704202150016854,0.2502743030158569,0.30476993990600826
para,para_2051,34.016806722689076,0.27434338173201556,0.24737059219191018,0.3021867217913554
para,para_2051,34.20168067226891,0.27135717459892733,0.244188648223909,0.29947576893653977
para,para_2051,34.38655462184874,0.2681870345554511,0.24090691935836153,0.29656732518474455
para,para_2051,34.57142857142857,0.26482168026907393,0.2373263622694476,0.2934363943631858
para,para_2051,34.75630252100841,0.2611907547733446,0.2336414117304984,0.29019240566404136
para,para_2051,34.94117647058823,0.2573409985568661,0.22966084339730578,0.28653475895341574
para,para_2051,35.12605042016807,0.2533249398920159,0.2254025871261819,0.2827342323159016
para,para_2051,35.3109243697479,0.24915430743410416,0.22115766638898848,0.27877151220844393
para,para_2051,35.49579831932773,0.24472958356356694,0.21666394236129108,0.27462225311644717
para,para_2051,35.680672268907564,0.24017117975835495,0.21192418049059336,0.2702875887015664
para,para_2051,35.865546218487395,0.23543117317197887,0.20710282372290917,0.2656096434701849
para,para_2051,36.05042016806723,0.23055272321103132,0.20217932804519145,0.26075077774776545
para,para_2051,36.23529411764706,0.2255240609398974,0.19720598912381954,0.25594001935739324
para,para_2051,36.42016806722689,0.2203786726777963,0.19200267394329434,0.25084538411899543
para,para_2051,36.60504201680672,0.215090459320488,0.1866913848732475,0.24558325961906186
para,para_2051,36.78991596638656,0.2096911137044853,0.18129571274248407,0.24025008793301864
para,para_2051,36.97478991596638,0.20418179927445293,0.1759456096011732,0.23498404089828023
para,para_2051,37.15966386554622,0.19858673975811864,0.17034446723799196,0.22948516399910648
para,para_2051,37.34453781512605,0.19294631539967483,0.16480016997623304,0.22398417263132284
para,para_2051,37.529411764705884,0.18728547908507343,0.1590977314296785,0.21835297707100523
para,para_2051,37.714285714285715,0.18156190030052702,0.15361063984421333,0.21255795925481097
para,para_2051,37.89915966386555,0.1758196190947256,0.14803780504758357,0.206811340561385
para,para_2051,38.08403361344538,0.1701279985948481,0.14251036248407012,0.20104288230645664
para,para_2051,38.26890756302521,0.16445626492780002,0.13687703541113896,0.1951155745563854
para,para_2051,38.45378151260505,0.15877824890876358,0.13127513458506676,0.18940434876892795
para,para_2051,38.63865546218487,0.15312780328164158,0.1258202179257044,0.18376368808160964
para,para_2051,38.82352941176471,0.14754998849170356,0.12022704112855218,0.17825798686682007
para,para_2051,39.008403361344534,0.1420113258623337,0.1148683363438558,0.1727515251373659
para,para_2051,39.19327731092437,0.1365866425596199,0.10959615148108028,0.16713579413102536
para,para_2051,39.378151260504204,0.13121789724117017,0.10446851102610248,0.1614009778518768
para,para_2051,39.563025210084035,0.12599569362362567,0.0995556240167058,0.15608035876632823
para,para_2051,39.747899159663866,0.1208538375009879,0.0946475375523639,0.15075961419405295
para,para_2051,39.9327731092437,0.11584726638682338,0.08988087310753552,0.14571207589996235
para,para_2051,40.11764705882353,0.11097086502106385,0.0852306594329971,0.14075450300078093
para,para_2051,40.30252100840336,0.1061910053301802,0.08076641561698368,0.1355355902974666
para,para_2051,40.4873949579832,0.10154275837158733,0.07637184252620519,0.13061723972987768
para,para_2051,40.67226890756302,0.0970035017479203,0.07218240387842154,0.12580141595062458
para,para_2051,40.85714285714286,0.09261912172490283,0.06810832123117296,0.12132469862580578
para,para_2051,41.042016806722685,0.08837146943605875,0.06426208312252814,0.11689756578156038
para,para_2051,41.226890756302524,0.08425301788496475,0.06046305963235959,0.11249126193270574
para,para_2051,41.411764705882355,0.08032555232430681,0.056975511951888234,0.10827545431192699
para,para_2051,41.596638655462186,0.07652091150252478,0.05359668059272752,0.1042991758205719
para,para_2051,41.78151260504202,0.07285965757658709,0.05034624956104935,0.10017904833475522
para,para_2051,41.96638655462185,0.06934429922676705,0.047274453073140224,0.09620195641128883
para,para_2051,42.15126050420168,0.06594378151139847,0.0443803567940683,0.09251593885929282
para,para_2051,42.33613445378151,0.06266068150116635,0.04164248824685638,0.0890166630996615
para,para_2051,42.52100840336135,0.05955980041810987,0.03904711424708647,0.0854461074356892
para,para_2051,42.705882352941174,0.056557141683362774,0.036590509444081,0.08205541126975667
para,para_2051,42.89075630252101,0.05372291092172714,0.03427640603856029,0.07878620649794248
para,para_2051,43.07563025210084,0.050996901044166154,0.032085535099582806,0.07565507977449838
para,para_2051,43.260504201680675,0.04839326185551274,0.030004504965129745,0.07264727527985042
para,para_2051,43.445378151260506,0.04590297377527981,0.028030618074793442,0.0696350258981737
para,para_2051,43.63025210084034,0.04353418134423103,0.026233535603970008,0.06674622378817542
para,para_2051,43.81512605042017,0.041277082913430005,0.024531022436603434,0.06397124171978728
para,para_2051,44,0.03912254641129142,0.02290199449345087,0.061342510424934694
para,para_2052,22,0.3305952982989876,0.2955219576025436,0.368585483575159
para,para_2052,22.18487394957983,0.3331214810310764,0.29839570961699136,0.37069625140113954
para,para_2052,22.369747899159663,0.33572938314768425,0.3013322052727436,0.3727808125936324
para,para_2052,22.554621848739497,0.33828659407563555,0.3042249078674975,0.37480369813191555
para,para_2052,22.73949579831933,0.34083129592332173,0.3070821399321705,0.3768084105196239
para,para_2052,22.92436974789916,0.3434210430522981,0.309865677942922,0.37887543096808257
para,para_2052,23.10924369747899,0.34591858856982216,0.3127860872809274,0.3809150353481658
para,para_2052,23.294117647058822,0.3484967754145961,0.31569847193048545,0.38293178529164834
para,para_2052,23.478991596638657,0.3509723907773703,0.31854321489414233,0.38487779270365846
para,para_2052,23.66386554621849,0.3534544927110343,0.3214801824091024,0.3871201262996992
para,para_2052,23.84873949579832,0.3559207009538393,0.32441492026638513,0.38935048057824684
para,para_2052,24.03361344537815,0.3584097813610526,0.327108338444959,0.3914655028124145
para,para_2052,24.218487394957982,0.360881148896652,0.3298726601585862,0.3934482765356973
para,para_2052,24.403361344537814,0.3633381441070209,0.33262835763562404,0.39565692841600497
para,para_2052,24.58823529411765,0.3657770302567632,0.3353410172623756,0.39773523519126286
para,para_2052,24.77310924369748,0.36831108775036947,0.33815776803292164,0.3999982413429737
para,para_2052,24.95798319327731,0.37080006504299623,0.34087112932914093,0.40210441448885537
para,para_2052,25.142857142857142,0.37319730267403495,0.343435008830248,0.4042226493442503
para,para_2052,25.327731092436974,0.37562565644085155,0.3458940756395573,0.4063332039910806
para,para_2052,25.51260504201681,0.3781161438247164,0.34859176646496043,0.408431350093482
para,para_2052,25.69747899159664,0.38050318316300513,0.35115171237214804,0.41062236688151416
para,para_2052,25.88235294117647,0.382863416355373,0.3536999021257458,0.4128308446783529
para,para_2052,26.067226890756302,0.38519657839956833,0.35619362539572696,0.4151374370317572
para,para_2052,26.252100840336134,0.38744721099507146,0.3586289951499705,0.417392055430803
para,para_2052,26.436974789915965,0.3897019202083547,0.36107963237704643,0.4195813683432132
para,para_2052,26.6218487394958,0.3919886487330397,0.3634734790673726,0.421759152299021
para,para_2052,26.80672268907563,0.3942617818709652,0.3658565263327701,0.423660472449682
para,para_2052,26.991596638655462,0.3964257924753387,0.3682116106766055,0.42573236029208106
para,para_2052,27.176470588235293,0.39859641304212223,0.3703737905908192,0.42786791393164747
para,para_2052,27.36134453781513,0.40071097679151024,0.3725262543882645,0.42988476189848673
para,para_2052,27.54621848739496,0.40279120032755655,0.37464342207559315,0.431836737438388
para,para_2052,27.73109243697479,0.4048330142255411,0.3766825478545685,0.43367821392975586
para,para_2052,27.915966386554622,0.4068240653492562,0.37868519847363713,0.43546387569513123
para,para_2052,28.100840336134453,0.4087973929088946,0.38077481700678556,0.4372006166994981
para,para_2052,28.285714285714285,0.41068496247375924,0.3826706431344228,0.4389559593392772
para,para_2052,28.470588235294116,0.4125400656007455,0.38451032254512696,0.44072063356923635
para,para_2052,28.65546218487395,0.41432491329342014,0.3863597053899723,0.4423944367037709
para,para_2052,28.840336134453782,0.416001970928651,0.3880723897359849,0.4439749368795741
para,para_2052,29.025210084033613,0.41760440770312335,0.3898097311758305,0.4454259676715495
para,para_2052,29.210084033613445,0.4191148587440267,0.39147093555914114,0.44680277016027753
para,para_2052,29.39495798319328,0.42055641386730225,0.3929258002547911,0.4482477616749739
para,para_2052,29.57983193277311,0.4219182817757633,0.39428675675636277,0.4496524350009152
para,para_2052,29.764705882352942,0.4231381668254818,0.39548291092382826,0.45089723025897877
para,para_2052,29.949579831932773,0.4242913537548054,0.3967726023587669,0.45196191540624175
para,para_2052,30.134453781512605,0.42532337254906283,0.3978032949409008,0.45307508884137576
para,para_2052,30.319327731092436,0.4262254992082217,0.3988020970246735,0.45403336617129647
para,para_2052,30.504201680672267,0.42703688592294775,0.3996533159731267,0.45495508419787617
para,para_2052,30.689075630252102,0.4277124335388088,0.40039997389713505,0.4557251472211045
para,para_2052,30.873949579831933,0.4282888128690375,0.4007933006699001,0.45629744298821684
para,para_2052,31.058823529411764,0.42872395916249295,0.40111637981292075,0.4567740971554054
para,para_2052,31.2436974789916,0.4290301046782188,0.4013861809435253,0.45719597878127705
para,para_2052,31.42857142857143,0.42911519368195383,0.4014875886799131,0.45727508437539816
para,para_2052,31.613445378151262,0.42911000943687905,0.4014445412634207,0.4573232606096671
para,para_2052,31.798319327731093,0.4288629054850339,0.40111668096421194,0.45722671217830574
para,para_2052,31.983193277310924,0.4284255197175466,0.40038401042142274,0.45703684756740665
para,para_2052,32.168067226890756,0.42785162802288734,0.39964064387813086,0.45662417869398897
para,para_2052,32.35294117647059,0.42706494981490994,0.3986419363411939,0.45611668042171366
para,para_2052,32.53781512605042,0.42609011146864206,0.3975196560132805,0.4552925031927328
para,para_2052,32.72268907563026,0.42489775534652297,0.39618921698293447,0.4543687608151586
para,para_2052,32.90756302521008,0.4234737001725194,0.3947431313825344,0.4530708528735524
para,para_2052,33.09243697478992,0.4218228109953086,0.39298769110456894,0.451795447481096
para,para_2052,33.27731092436975,0.41998476508450977,0.3909940396607654,0.44996864792457203
para,para_2052,33.46218487394958,0.41790573085827154,0.38866753011476235,0.4481651419301755
para,para_2052,33.64705882352941,0.41553196192936015,0.38585314221498035,0.44602941931887885
para,para_2052,33.831932773109244,0.4128674544038826,0.3829567305313703,0.4438239741438905
para,para_2052,34.016806722689076,0.40994337157074323,0.3798703847972051,0.44128739098543
para,para_2052,34.20168067226891,0.4068167110640889,0.3764958985808151,0.43853824300379063
para,para_2052,34.38655462184874,0.4033837869588467,0.3727997000410318,0.43540161547916917
para,para_2052,34.57142857142857,0.3996770414815012,0.368901174921322,0.43194911200909275
para,para_2052,34.75630252100841,0.39569602702914064,0.36473297313328673,0.42821508570190625
para,para_2052,34.94117647058823,0.3914614545810498,0.3603357540003565,0.42416790146687877
para,para_2052,35.12605042016807,0.38695797929098946,0.35555287171832584,0.4200689457759703
para,para_2052,35.3109243697479,0.3821006029075694,0.3505086733797494,0.4156531630189198
para,para_2052,35.49579831932773,0.3770089256543846,0.34535072740486844,0.4106999578895026
para,para_2052,35.680672268907564,0.3716578389846823,0.3400289818241863,0.4053812223679587
para,para_2052,35.865546218487395,0.3660669099097703,0.3343242507834621,0.39982966624267097
para,para_2052,36.05042016806723,0.36025058243326236,0.3285178493761695,0.3941147172260492
para,para_2052,36.23529411764706,0.35416554913529186,0.3225518071172357,0.38825855921893465
para,para_2052,36.42016806722689,0.3479114430694902,0.3162284214622777,0.38215511419978815
para,para_2052,36.60504201680672,0.3413659797844927,0.30987751621718357,0.3755051356647396
para,para_2052,36.78991596638656,0.3345382075828638,0.3033627632989884,0.3686102185778911
para,para_2052,36.97478991596638,0.32763715344308175,0.2966129396963654,0.36142802543242625
para,para_2052,37.15966386554622,0.32050099785043595,0.2896460644807229,0.3540779527427833
para,para_2052,37.34453781512605,0.3132146413668435,0.2826318841880084,0.3465651647773653
para,para_2052,37.529411764705884,0.3057106048821082,0.2754646441178725,0.338874572163689
para,para_2052,37.714285714285715,0.29810503031344016,0.2680615332358581,0.3310219995850771
para,para_2052,37.89915966386555,0.29042089801841575,0.2606229657444484,0.3229286763092988
para,para_2052,38.08403361344538,0.28261412559048316,0.25299680394260604,0.31480578646595514
para,para_2052,38.26890756302521,0.2746562256807549,0.24539196343411623,0.3067306923402987
para,para_2052,38.45378151260505,0.26664503953337093,0.23766779143788902,0.2987666462759252
para,para_2052,38.63865546218487,0.25866251477496294,0.22984194274354128,0.29049217400031463
para,para_2052,38.82352941176471,0.25058888075576125,0.22195603455243906,0.28236434097811697
para,para_2052,39.008403361344534,0.2425458508785843,0.21415737244702376,0.27433105285738957
para,para_2052,39.19327731092437,0.23447680416091005,0.20617110965323826,0.2662991495017821
para,para_2052,39.378151260504204,0.22651097380136676,0.1982469448134382,0.25831907306926843
para,para_2052,39.563025210084035,0.21868311050527595,0.19075026679538432,0.25019610128341296
para,para_2052,39.747899159663866,0.2108112095451251,0.1830080831018548,0.24219653676812683
para,para_2052,39.9327731092437,0.20309197002449825,0.17526427147891088,0.23440687680939168
para,para_2052,40.11764705882353,0.19553894464248958,0.16779458613898773,0.22692624145460508
para,para_2052,40.30252100840336,0.18805867783253175,0.16022994721674497,0.21963350711812585
para,para_2052,40.4873949579832,0.18067812384063597,0.15304496168535534,0.21261483301189654
para,para_2052,40.67226890756302,0.17341690236980933,0.14599835841806702,0.20569056879202158
para,para_2052,40.85714285714286,0.16632541146595434,0.13886261549609832,0.19888224297786863
para,para_2052,41.042016806722685,0.15947635706073376,0.13178395147283184,0.19223627480108163
para,para_2052,41.226890756302524,0.15280670603110474,0.12497942765341655,0.18570541440324048
para,para_2052,41.411764705882355,0.14628221276717085,0.11850099900751272,0.17922970354331233
para,para_2052,41.596638655462186,0.13993275143322523,0.11221087886274685,0.17315945971042282
para,para_2052,41.78151260504202,0.13369732954025257,0.10607884256944351,0.16702788070363564
para,para_2052,41.96638655462185,0.12772459835910704,0.10018488415466503,0.16090642332008195
para,para_2052,42.15126050420168,0.12196527263254966,0.09453409384533792,0.15530043074521002
para,para_2052,42.33613445378151,0.11636125602420389,0.08914081194278439,0.14972942767795996
para,para_2052,42.52100840336135,0.11096077852044353,0.08387062248086592,0.1444016421286166
para,para_2052,42.705882352941174,0.10577119630074208,0.07893922760991776,0.13921081231896879
para,para_2052,42.89075630252101,0.1008069100129754,0.07427070435509608,0.13403514975393854
para,para_2052,43.07563025210084,0.0960071057583344,0.06980550366106018,0.12903377486526205
para,para_2052,43.260504201680675,0.09140700501502275,0.06549408969434636,0.12426705151570287
para,para_2052,43.445378151260506,0.08698871195980651,0.06151712121137258,0.11965132796582142
para,para_2052,43.63025210084034,0.0827819600302803,0.05769522986113682,0.1151204085240023
para,para_2052,43.81512605042017,0.07873526902966436,0.054068270421797356,0.11075123211910062
para,para_2052,44,0.0748268922168504,0.050692238618450756,0.10657217946713417
para,para_2053,22,0.3252311663178912,0.2891389608208705,0.362403682289337
para,para_2053,22.18487394957983,0.3277580224656522,0.2920699964119679,0.3645331023930565
para,para_2053,22.369747899159663,0.3302608786702709,0.2949767673732592,0.3666437666781407
para,para_2053,22.554621848739497,0.3327930925039382,0.2979449276082737,0.36877640818448953
para,para_2053,22.73949579831933,0.3352562795444359,0.3008295623141511,0.3709692210465925
para,para_2053,22.92436974789916,0.33776467743908617,0.303635443204108,0.37321449883040825
para,para_2053,23.10924369747899,0.34029739768259737,0.3064511421112369,0.37530982109207045
para,para_2053,23.294117647058822,0.3427735185016983,0.3092310874956126,0.3776606051134527
para,para_2053,23.478991596638657,0.3452401209000764,0.3119760837423907,0.37991014131038775
para,para_2053,23.66386554621849,0.3477898193522273,0.3148498783768846,0.3820523757517125
para,para_2053,23.84873949579832,0.3503216878397153,0.31748488865026936,0.38422434190987914
para,para_2053,24.03361344537815,0.3527571091674081,0.3202672361009346,0.3863757253134751
para,para_2053,24.218487394957982,0.3552349664538136,0.3230216557890478,0.3886291987209549
para,para_2053,24.403361344537814,0.3577227959788307,0.325723407818925,0.39086360240151774
para,para_2053,24.58823529411765,0.3601884072597077,0.3284195384130663,0.3930583463140481
para,para_2053,24.77310924369748,0.36259062861774793,0.3310183400359584,0.3952158883566942
para,para_2053,24.95798319327731,0.3649380367413847,0.3334985478073168,0.3974892271788636
para,para_2053,25.142857142857142,0.36735520880523564,0.3360940466044703,0.3996418477369396
para,para_2053,25.327731092436974,0.369734552914991,0.33858462903816494,0.40202649493259374
para,para_2053,25.51260504201681,0.372122478116652,0.3410721129653136,0.40423234950103615
para,para_2053,25.69747899159664,0.37447794752828856,0.3436592190718892,0.40642704255438594
para,para_2053,25.88235294117647,0.3768416333621313,0.34605988201741705,0.40858587721502293
para,para_2053,26.067226890756302,0.37914319356215087,0.348429026443476,0.41078531065390533
para,para_2053,26.252100840336134,0.3814594258338358,0.350832997606331,0.41293833098921223
para,para_2053,26.436974789915965,0.38368935867620324,0.3532579024208689,0.41527223242976075
para,para_2053,26.6218487394958,0.3858957342317171,0.3556066358539559,0.4174220790011728
para,para_2053,26.80672268907563,0.38804664115671633,0.3580031890600714,0.41973128114817243
para,para_2053,26.991596638655462,0.3902070055714295,0.36016930115299967,0.42187490297921915
para,para_2053,27.176470588235293,0.3923458309263674,0.36235679885392036,0.424017617984559
para,para_2053,27.36134453781513,0.39443576311919787,0.36453773772608966,0.4261338295174214
para,para_2053,27.54621848739496,0.39644501483125444,0.3664859320856181,0.4280232139834435
para,para_2053,27.73109243697479,0.39837192309997804,0.3682755941366159,0.4299206875624736
para,para_2053,27.915966386554622,0.40027658883279416,0.37021986957487546,0.43196113914920714
para,para_2053,28.100840336134453,0.4021790464147237,0.37210758285785284,0.43393535550134726
para,para_2053,28.285714285714285,0.40403165241551353,0.37390696367118326,0.43565868964442095
para,para_2053,28.470588235294116,0.4057978868816136,0.37559254611633863,0.43742729956703824
para,para_2053,28.65546218487395,0.4074930704815344,0.3772820449955244,0.439078337837687
para,para_2053,28.840336134453782,0.4091263777367789,0.3788149930008049,0.44070793286418625
para,para_2053,29.025210084033613,0.410663239194031,0.38023864784475003,0.44219807871062144
para,para_2053,29.210084033613445,0.41209283829789356,0.38173065840306275,0.44358166850635106
para,para_2053,29.39495798319328,0.4134410381515911,0.3830688084402512,0.44487920311819784
para,para_2053,29.57983193277311,0.41465667116189975,0.38434032888250025,0.4460501363092024
para,para_2053,29.764705882352942,0.4158400978089415,0.38532217145628606,0.4471179053167828
para,para_2053,29.949579831932773,0.41687701312333536,0.386338770416272,0.44807052114000995
para,para_2053,30.134453781512605,0.41784916485034107,0.387194201238037,0.4490241849966934
para,para_2053,30.319327731092436,0.41865215679638845,0.3880884197553937,0.44975517940448845
para,para_2053,30.504201680672267,0.41939400790880466,0.38857077403641405,0.4505037526595437
para,para_2053,30.689075630252102,0.41988351833838844,0.3891094986122719,0.4511513853352602
para,para_2053,30.873949579831933,0.420226515031229,0.38947619573978887,0.45176339967061385
para,para_2053,31.058823529411764,0.42047931566700225,0.3896247604041051,0.45204508089214646
para,para_2053,31.2436974789916,0.42060963716028554,0.3896179580892128,0.4521631563898948
para,para_2053,31.42857142857143,0.42050221699451995,0.3893868480893255,0.45225794559949334
para,para_2053,31.613445378151262,0.4202653383667806,0.38895404134476275,0.45214210459094584
para,para_2053,31.798319327731093,0.41986070652557,0.3883597329461554,0.451790446725256
para,para_2053,31.983193277310924,0.4191703544099522,0.38759072814882334,0.451416819779432
para,para_2053,32.168067226890756,0.4183148718070384,0.38657996462496313,0.4507312201043275
para,para_2053,32.35294117647059,0.41725532683115485,0.3855635501093508,0.4497291603337783
para,para_2053,32.53781512605042,0.4159477640362105,0.3842675684516078,0.44889228360596517
para,para_2053,32.72268907563026,0.4144611279566943,0.38255156544078406,0.44758135943619476
para,para_2053,32.90756302521008,0.412763232494891,0.380638526480052,0.4459308393029777
para,para_2053,33.09243697478992,0.4108295205502752,0.3786646316094126,0.4441994134542794
para,para_2053,33.27731092436975,0.4086422517262172,0.37614071559464135,0.4423452124980207
para,para_2053,33.46218487394958,0.4062398684800281,0.3736858626747979,0.4403570854988916
para,para_2053,33.64705882352941,0.4035566057036084,0.3707093657001273,0.4380016801546809
para,para_2053,33.831932773109244,0.4006158621265193,0.36767898916738306,0.4350751742098933
para,para_2053,34.016806722689076,0.39745101147127004,0.3641662708371585,0.4320119299272363
para,para_2053,34.20168067226891,0.3939731021066609,0.3605550136932159,0.42877535030873026
para,para_2053,34.38655462184874,0.3902448628504328,0.3566612382864057,0.4251234403572313
para,para_2053,34.57142857142857,0.38621772876554095,0.3524963126935074,0.4213985012610912
para,para_2053,34.75630252100841,0.3819290359036662,0.3480964319229805,0.41741063708669873
para,para_2053,34.94117647058823,0.3773804070587151,0.3432341093452996,0.4129973695274258
para,para_2053,35.12605042016807,0.37249043027625917,0.33827199388106266,0.4083927246970373
para,para_2053,35.3109243697479,0.36743826061825946,0.3330002731422183,0.40361500862353045
para,para_2053,35.49579831932773,0.36209304137693105,0.3274279499219286,0.3984041143909008
para,para_2053,35.680672268907564,0.3564786566522481,0.32170301727836803,0.39283450519282187
para,para_2053,35.865546218487395,0.35061327794078295,0.31572386072614694,0.3869842634039098
para,para_2053,36.05042016806723,0.34449571949946534,0.30948768669079463,0.38087811825804957
para,para_2053,36.23529411764706,0.3381240818288502,0.303254108416697,0.37451268263760507
para,para_2053,36.42016806722689,0.33155870999722015,0.2967273973978454,0.3682028926991547
para,para_2053,36.60504201680672,0.324797402583325,0.2900848564180468,0.3614630628692364
para,para_2053,36.78991596638656,0.3178428385228363,0.2833095674567171,0.3544738369781094
para,para_2053,36.97478991596638,0.3106983499211454,0.27621183688679285,0.3473725377941325
para,para_2053,37.15966386554622,0.3033821196487726,0.268963796130761,0.34016436839362424
para,para_2053,37.34453781512605,0.29590576450607453,0.26152505747808147,0.3329111635296063
para,para_2053,37.529411764705884,0.28834936805177225,0.2538650576213494,0.3254342742156671
para,para_2053,37.714285714285715,0.28075817632843425,0.24621110958069153,0.3177814846892371
para,para_2053,37.89915966386555,0.27291889614765447,0.23827992749928303,0.3100594129405793
para,para_2053,38.08403361344538,0.2650225244824718,0.2304839292147655,0.30228162149938004
para,para_2053,38.26890756302521,0.2571525261282611,0.22275654709163062,0.29472173397924484
para,para_2053,38.45378151260505,0.24929380498666798,0.21508706489410087,0.28689489810762897
para,para_2053,38.63865546218487,0.2414530812575821,0.207233266856942,0.2791013676088316
para,para_2053,38.82352941176471,0.23353395215006306,0.19926368908895767,0.2714737651817564
para,para_2053,39.008403361344534,0.22569309606866678,0.19144155707507274,0.2638637319292444
para,para_2053,39.19327731092437,0.21794906890563515,0.18349830348780652,0.25638004456829455
para,para_2053,39.378151260504204,0.2101584069099796,0.17565009408219298,0.2489875141063725
para,para_2053,39.563025210084035,0.20247421570805169,0.1681002446601475,0.24135447340652105
para,para_2053,39.747899159663866,0.19496970881205822,0.16053996150278949,0.23389599367535363
para,para_2053,39.9327731092437,0.18752352904909858,0.15313873106406822,0.226733626090186
para,para_2053,40.11764705882353,0.18025816049376392,0.14602624523041363,0.21959395005074908
para,para_2053,40.30252100840336,0.17310633306849765,0.13882621094063916,0.21255736958659352
para,para_2053,40.4873949579832,0.16617307948563723,0.13190971787972125,0.20581581731841775
para,para_2053,40.67226890756302,0.1593193211455377,0.1250704575885992,0.1989886276641393
para,para_2053,40.85714285714286,0.15273940051090093,0.1185108537649087,0.1922660351239262
para,para_2053,41.042016806722685,0.14622969497010846,0.11213351104024909,0.18563938451460063
para,para_2053,41.226890756302524,0.1398565243551129,0.10589106528969773,0.17930948468150737
para,para_2053,41.411764705882355,0.13371024940267234,0.10006584770010737,0.17329414301423754
para,para_2053,41.596638655462186,0.12775701956796112,0.09455041530522149,0.16714142759266457
para,para_2053,41.78151260504202,0.12199556966676431,0.08911307775992995,0.16130967184522998
para,para_2053,41.96638655462185,0.116419665430924,0.08387365663284459,0.15545939560354444
para,para_2053,42.15126050420168,0.11111553082348977,0.07896242730531246,0.1499205979532939
para,para_2053,42.33613445378151,0.10597338684805307,0.07419720285971423,0.1445582874190178
para,para_2053,42.52100840336135,0.10101721375595427,0.06971412118500203,0.13922704695101717
para,para_2053,42.705882352941174,0.09621356568528752,0.06541643146977948,0.13404450601829548
para,para_2053,42.89075630252101,0.09158536927144578,0.061452710978410305,0.12901215462287455
para,para_2053,43.07563025210084,0.08710988861567714,0.05771421725697004,0.1242441030238754
para,para_2053,43.260504201680675,0.08289238721746074,0.054063865960730616,0.1193603161941222
para,para_2053,43.445378151260506,0.07886684948393675,0.050562693946059924,0.11488712482711014
para,para_2053,43.63025210084034,0.0749633277714783,0.04737887045590427,0.11049256951185303
para,para_2053,43.81512605042017,0.07124719424281395,0.04434639741130244,0.10633348825357876
para,para_2053,44,0.06766096820276402,0.041488586826872446,0.1023518041085113
