Time,T,OTU4_R1,OTU5_R1,OTU6_R1,OTU4_R2,OTU5_R2,OTU6_R2,OTU4_R3,OTU5_R3,OTU6_R3,OTU4_R4,OTU5_R4,OTU6_R4,OTU4_R5,OTU5_R5,OTU6_R5
0.03,28,8.37,7.8,7.52,6.98,6.98,6.83,7.51,7.22,7.33,7.7,7.08,7.37,7.62,7.69,6.96
1.03,28,8.54,7.99,7.72,7.12,7.15,6.99,7.64,7.34,7.49,7.81,7.2,7.54,7.79,7.86,7.14
2.03,28,8.68,8.19,7.89,7.23,7.28,7.15,7.75,7.47,7.62,7.95,7.34,7.71,7.96,8,7.3
3.03,28,8.83,8.36,8.07,7.33,7.4,7.32,7.87,7.58,7.78,8.06,7.46,7.86,8.12,8.15,7.47
4.03,28,8.99,8.529999999999998,8.23,7.43,7.53,7.45,7.97,7.69,7.89,8.15,7.57,7.99,8.23,8.27,7.62
5.03,28,9.15,8.69,8.4,7.52,7.64,7.61,8.07,7.8,8.04,8.27,7.69,8.13,8.39,8.4,7.75
6.03,28,9.26,8.81,8.51,7.62,7.74,7.73,8.15,7.89,8.15,8.37,7.79,8.26,8.51,8.5,7.86
7.03,28,9.37,8.93,8.67,7.66,7.83,7.86,8.25,8,8.26,8.46,7.89,8.36,8.61,8.61,7.96
8.029999999999998,28,9.47,9.05,8.77,7.73,7.94,7.98,8.33,8.1,8.35,8.55,7.96,8.47,8.71,8.699999999999998,8.05
9.03,28,9.58,9.13,8.9,7.79,8.029999999999998,8.11,8.4,8.19,8.44,8.64,8.04,8.56,8.83,8.8,8.14
10.03,28,9.68,9.26,9,7.86,8.11,8.19,8.47,8.26,8.529999999999998,8.71,8.11,8.67,8.89,8.87,8.199999999999998
11.03,28,9.75,9.36,9.09,7.92,8.21,8.3,8.55,8.33,8.62,8.81,8.199999999999998,8.77,9,8.949999999999998,8.29
12.03,28,9.82,9.43,9.19,7.97,8.3,8.41,8.62,8.42,8.699999999999998,8.87,8.27,8.86,9.08,9.03,8.36
13.03,28,9.91,9.54,9.26,8.04,8.4,8.5,8.699999999999998,8.51,8.779999999999998,8.949999999999998,8.35,8.949999999999998,9.17,9.13,8.43
14.03,28,9.97,9.63,9.36,8.08,8.48,8.6,8.76,8.6,8.86,9.03,8.44,9.01,9.21,9.2,8.49
15.03,28,10.04,9.68,9.43,8.14,8.57,8.68,8.83,8.66,8.93,9.08,8.529999999999998,9.11,9.29,9.26,8.55
16.03,28,10.09,9.76,9.51,8.19,8.64,8.77,8.88,8.75,8.99,9.17,8.58,9.17,9.36,9.34,8.61
17.03,28,10.12,9.82,9.55,8.23,8.71,8.84,8.94,8.81,9.03,9.24,8.67,9.24,9.43,9.38,8.64
18.03,28,10.2,9.9,9.63,8.279999999999998,8.81,8.92,9.02,8.88,9.09,9.3,8.74,9.3,9.46,9.47,8.69
19.03,28,10.24,9.94,9.65,8.3,8.86,8.97,9.07,8.949999999999998,9.14,9.35,8.779999999999998,9.36,9.53,9.49,8.74
20.03,28,10.26,9.99,9.73,8.35,8.93,9.03,9.12,9.02,9.2,9.4,8.86,9.41,9.57,9.55,8.77
21.03,28,10.31,10.04,9.78,8.4,8.99,9.11,9.19,9.08,9.23,9.47,8.92,9.44,9.63,9.62,8.8
22.03,28,10.35,10.07,9.81,8.43,9.05,9.15,9.24,9.14,9.28,9.51,8.96,9.49,9.66,9.64,8.81
23.05,28,10.39,10.11,9.86,8.46,9.11,9.21,9.3,9.21,9.32,9.58,9.02,9.55,9.71,9.7,8.86
24.05,28,10.41,10.14,9.87,8.47,9.15,9.24,9.32,9.25,9.34,9.62,9.06,9.57,9.73,9.73,8.86
25.05,28,10.44,10.19,9.91,8.49,9.2,9.29,9.38,9.31,9.38,9.66,9.13,9.6,9.79,9.76,8.87
26.05,28,10.48,10.21,9.92,8.51,9.25,9.31,9.41,9.35,9.38,9.7,9.15,9.64,9.8,9.79,8.86
27.05,28,10.51,10.26,9.96,8.56,9.32,9.38,9.47,9.43,9.44,9.76,9.21,9.68,9.85,9.84,8.89
28.07,28,10.53,10.27,9.99,8.57,9.36,9.41,9.51,9.47,9.47,9.79,9.24,9.7,9.87,9.86,8.88
29.07,28,10.55,10.29,10.01,8.6,9.4,9.44,9.54,9.52,9.49,9.84,9.28,9.71,9.91,9.9,8.9
30.07,28,10.58,10.31,10.02,8.61,9.43,9.46,9.57,9.57,9.49,9.87,9.31,9.73,9.92,9.92,8.9
31.07,28,10.59,10.35,10.04,8.64,9.47,9.51,9.6,9.6,9.53,9.91,9.35,9.76,9.95,9.95,8.92
32.07,28,10.62,10.37,10.07,8.64,9.51,9.53,9.63,9.65,9.54,9.95,9.38,9.79,9.97,9.96,8.92
33.07,28,10.64,10.39,10.09,8.67,9.53,9.55,9.68,9.7,9.55,9.99,9.42,9.8,10,9.96,8.94
34.07,28,10.65,10.4,10.11,8.68,9.55,9.58,9.71,9.73,9.57,10.01,9.44,9.82,10.01,10,8.94
35.07,28,10.67,10.44,10.12,8.68,9.59,9.59,9.76,9.78,9.59,10.05,9.47,9.84,10.02,10.02,8.94
36.08,28,10.68,10.42,10.12,8.699999999999998,9.62,9.62,9.78,9.8,9.58,10.09,9.49,9.82,10.05,10.02,8.93
37.08,28,10.68,10.44,10.14,8.699999999999998,9.63,9.62,9.79,9.82,9.58,10.1,9.52,9.82,10.06,10.04,8.94
38.08,28,10.7,10.46,10.15,8.73,9.65,9.65,9.82,9.86,9.59,10.12,9.53,9.84,10.07,10.05,8.949999999999998
39.08,28,10.73,10.49,10.17,8.74,9.69,9.68,9.84,9.9,9.6,10.16,9.58,9.86,10.1,10.06,8.96
40.08,28,10.73,10.5,10.17,8.74,9.7,9.68,9.86,9.92,9.6,10.19,9.58,9.86,10.12,10.06,8.94
41.1,28,10.76,10.51,10.19,8.75,9.71,9.7,9.89,9.96,9.62,10.22,9.6,9.86,10.14,10.07,8.94
42.1,28,10.77,10.53,10.2,8.77,9.75,9.74,9.92,10,9.64,10.24,9.63,9.9,10.15,10.1,8.96
43.1,28,10.77,10.53,10.2,8.76,9.75,9.73,9.94,10.01,9.63,10.26,9.63,9.89,10.16,10.1,8.96
44.1,28,10.77,10.54,10.21,8.77,9.76,9.74,9.94,10.02,9.63,10.27,9.63,9.89,10.17,10.1,8.96
45.12,28,10.78,10.56,10.22,8.779999999999998,9.79,9.74,9.97,10.05,9.63,10.3,9.65,9.9,10.19,10.11,8.96
46.12,28,10.82,10.56,10.22,8.8,9.8,9.79,9.99,10.07,9.64,10.32,9.68,9.9,10.2,10.12,8.96
47.12,28,10.81,10.59,10.22,8.779999999999998,9.81,9.79,10,10.1,9.63,10.34,9.66,9.9,10.2,10.14,8.97
48.13,28,10.81,10.58,10.25,8.8,9.81,9.79,10.01,10.11,9.63,10.35,9.66,9.9,10.2,10.12,8.97
49.13,28,10.82,10.6,10.25,8.779999999999998,9.82,9.8,10.04,10.14,9.63,10.36,9.68,9.9,10.22,10.12,8.97
50.13,28,10.83,10.6,10.25,8.81,9.84,9.81,10.05,10.16,9.64,10.4,9.7,9.91,10.24,10.14,8.99
51.13,28,10.83,10.6,10.25,8.8,9.82,9.79,10.04,10.16,9.63,10.4,9.68,9.9,10.24,10.11,8.97
52.15,28,10.82,10.6,10.25,8.8,9.84,9.8,10.04,10.16,9.6,10.41,9.68,9.89,10.22,10.12,8.97
53.15,28,10.85,10.62,10.26,8.779999999999998,9.85,9.81,10.06,10.19,9.63,10.44,9.7,9.89,10.25,10.14,8.97
54.15,28,10.86,10.62,10.26,8.82,9.85,9.84,10.07,10.21,9.62,10.42,9.69,9.9,10.25,10.15,8.99
55.15,28,10.86,10.63,10.27,8.8,9.86,9.84,10.1,10.21,9.62,10.45,9.7,9.89,10.26,10.14,8.97
56.17,28,10.85,10.63,10.26,8.81,9.86,9.84,10.1,10.24,9.63,10.46,9.7,9.89,10.25,10.15,8.97
57.17,28,10.86,10.64,10.27,8.81,9.87,9.84,10.1,10.24,9.62,10.46,9.7,9.89,10.27,10.15,8.97
58.17,28,10.87,10.64,10.29,8.81,9.86,9.85,10.09,10.25,9.62,10.49,9.7,9.89,10.26,10.15,8.97
59.17,28,10.86,10.64,10.26,8.81,9.85,9.84,10.11,10.27,9.6,10.49,9.69,9.87,10.26,10.14,8.96
60.17,28,10.87,10.65,10.29,8.82,9.87,9.85,10.12,10.29,9.62,10.5,9.7,9.87,10.27,10.15,8.97
61.18,28,10.86,10.64,10.27,8.81,9.86,9.86,10.12,10.27,9.6,10.51,9.68,9.86,10.27,10.12,8.96
62.18,28,10.87,10.65,10.27,8.81,9.86,9.86,10.11,10.29,9.6,10.51,9.69,9.86,10.29,10.12,8.949999999999998
63.18,28,10.87,10.65,10.26,8.82,9.86,9.86,10.12,10.31,9.6,10.53,9.68,9.85,10.26,10.12,8.949999999999998
64.2,28,10.87,10.65,10.27,8.81,9.87,9.86,10.12,10.3,9.59,10.54,9.68,9.85,10.29,10.14,8.949999999999998
65.2,28,10.87,10.68,10.29,8.82,9.87,9.87,10.14,10.32,9.59,10.54,9.68,9.86,10.27,10.14,8.96
66.2,28,10.88,10.65,10.27,8.8,9.89,9.86,10.12,10.31,9.59,10.55,9.69,9.85,10.27,10.14,8.96
67.2,28,10.87,10.67,10.29,8.8,9.87,9.86,10.12,10.32,9.59,10.54,9.66,9.84,10.29,10.11,8.949999999999998
68.2,28,10.88,10.65,10.27,8.8,9.86,9.86,10.12,10.31,9.57,10.55,9.65,9.82,10.27,10.11,8.94
69.22,28,10.87,10.67,10.27,8.81,9.86,9.87,10.14,10.34,9.57,10.55,9.66,9.82,10.27,10.11,8.949999999999998
70.22,28,10.87,10.65,10.27,8.81,9.86,9.87,10.12,10.35,9.57,10.56,9.65,9.81,10.29,10.11,8.94
71.22,28,10.87,10.68,10.29,8.81,9.85,9.86,10.14,10.34,9.57,10.56,9.64,9.81,10.27,10.11,8.94
72.22,28,10.88,10.68,10.27,8.8,9.86,9.87,10.14,10.35,9.57,10.58,9.65,9.81,10.26,10.1,8.94
73.23,28,10.86,10.65,10.27,8.779999999999998,9.84,9.86,10.12,10.35,9.54,10.55,9.63,9.79,10.27,10.1,8.94
74.23,28,10.87,10.68,10.27,8.8,9.85,9.86,10.12,10.36,9.54,10.58,9.64,9.78,10.27,10.1,8.94
75.23,28,10.87,10.68,10.27,8.77,9.85,9.87,10.14,10.35,9.54,10.59,9.63,9.79,10.29,10.09,8.94
76.23,28,10.87,10.64,10.26,8.779999999999998,9.82,9.86,10.12,10.36,9.54,10.58,9.62,9.78,10.25,10.07,8.92
77.25,28,10.87,10.65,10.26,8.779999999999998,9.84,9.86,10.11,10.35,9.53,10.55,9.6,9.76,10.25,10.07,8.92
78.25,28,10.87,10.67,10.27,8.77,9.82,9.86,10.12,10.37,9.54,10.59,9.6,9.75,10.26,10.09,8.93
79.25,28,10.88,10.67,10.27,8.779999999999998,9.84,9.87,10.14,10.37,9.52,10.59,9.6,9.75,10.25,10.07,8.93
80.25,28,10.87,10.67,10.26,8.77,9.82,9.85,10.12,10.36,9.52,10.58,9.59,9.74,10.25,10.07,8.92
81.27,28,10.87,10.68,10.26,8.77,9.82,9.85,10.12,10.36,9.52,10.59,9.6,9.74,10.25,10.09,8.92
82.27,28,10.86,10.65,10.25,8.76,9.81,9.85,10.1,10.36,9.49,10.58,9.57,9.73,10.24,10.07,8.9
83.27,28,10.86,10.65,10.26,8.76,9.8,9.86,10.1,10.36,9.49,10.59,9.58,9.71,10.24,10.07,8.92
84.27,28,10.85,10.64,10.26,8.75,9.82,9.86,10.1,10.37,9.49,10.58,9.55,9.7,10.24,10.05,8.9
85.27,28,10.86,10.65,10.22,8.76,9.8,9.85,10.1,10.37,9.49,10.58,9.55,9.7,10.24,10.04,8.9
86.28,28,10.85,10.63,10.22,8.74,9.8,9.85,10.09,10.36,9.48,10.59,9.54,9.69,10.22,10.04,8.89
87.28,28,10.85,10.65,10.22,8.75,9.79,9.84,10.1,10.36,9.48,10.6,9.54,9.69,10.24,10.05,8.89
88.28,28,10.83,10.65,10.25,8.75,9.79,9.85,10.1,10.36,9.48,10.59,9.55,9.69,10.24,10.04,8.89
89.28,28,10.85,10.64,10.24,8.74,9.79,9.85,10.09,10.36,9.46,10.59,9.53,9.68,10.24,10.02,8.89
90.28,28,10.83,10.63,10.22,8.73,9.79,9.84,10.09,10.37,9.47,10.56,9.52,9.68,10.22,10,8.88
91.3,28,10.83,10.64,10.22,8.74,9.76,9.84,10.09,10.36,9.46,10.58,9.51,9.65,10.21,10.01,8.88
92.3,28,10.83,10.65,10.22,8.73,9.78,9.84,10.07,10.36,9.47,10.58,9.52,9.65,10.21,10.01,8.88
93.3,28,10.85,10.64,10.24,8.74,9.79,9.85,10.07,10.36,9.47,10.6,9.52,9.66,10.22,10.02,8.88
94.3,28,10.83,10.63,10.22,8.73,9.75,9.82,10.07,10.36,9.44,10.58,9.49,9.65,10.21,10,8.87
95.32,28,10.82,10.63,10.21,8.71,9.76,9.81,10.06,10.36,9.44,10.56,9.48,9.63,10.2,10,8.86
96.32,28,10.82,10.63,10.22,8.71,9.74,9.84,10.06,10.37,9.44,10.58,9.48,9.64,10.2,10,8.87
97.33,28,10.81,10.62,10.2,8.71,9.74,9.82,10.04,10.36,9.42,10.58,9.46,9.63,10.19,9.99,8.86
98.33,28,10.81,10.63,10.2,8.71,9.75,9.82,10.02,10.34,9.43,10.58,9.44,9.6,10.19,9.99,8.84
99.33,28,10.81,10.62,10.21,8.699999999999998,9.74,9.81,10.05,10.35,9.42,10.58,9.46,9.6,10.19,9.99,8.84
100.33,28,10.79,10.6,10.17,8.699999999999998,9.73,9.81,10.04,10.35,9.41,10.56,9.44,9.6,10.15,9.96,8.84
101.33,28,10.78,10.59,10.17,8.68,9.71,9.8,10.02,10.34,9.41,10.55,9.43,9.58,10.16,9.95,8.83
102.35,28,10.79,10.6,10.19,8.699999999999998,9.71,9.81,10.04,10.34,9.4,10.55,9.42,9.58,10.16,9.96,8.84
103.35,28,10.79,10.59,10.16,8.69,9.69,9.8,10.02,10.34,9.41,10.55,9.42,9.58,10.16,9.94,8.83
104.35,28,10.78,10.59,10.16,8.68,9.71,9.8,10.01,10.34,9.38,10.56,9.4,9.57,10.16,9.94,8.82
105.35,28,10.77,10.58,10.16,8.68,9.69,9.78,10.01,10.35,9.38,10.55,9.4,9.54,10.14,9.94,8.81
106.35,28,10.78,10.6,10.15,8.68,9.69,9.79,10,10.34,9.38,10.54,9.41,9.54,10.15,9.94,8.82
107.37,28,10.74,10.56,10.12,8.64,9.68,9.78,9.97,10.31,9.37,10.54,9.38,9.53,10.12,9.91,8.8
108.37,28,10.74,10.55,10.11,8.66,9.66,9.76,9.96,10.31,9.36,10.54,9.37,9.52,10.12,9.91,8.8
109.37,28,10.77,10.56,10.11,8.66,9.68,9.76,9.96,10.32,9.35,10.51,9.37,9.51,10.12,9.91,8.8
110.37,28,10.74,10.56,10.11,8.66,9.65,9.75,9.96,10.31,9.35,10.53,9.37,9.52,10.11,9.89,8.779999999999998
111.37,28,10.74,10.54,10.1,8.64,9.64,9.75,9.96,10.31,9.36,10.53,9.36,9.49,10.1,9.9,8.779999999999998
112.38,28,10.73,10.54,10.09,8.64,9.64,9.76,9.94,10.31,9.35,10.51,9.35,9.48,10.09,9.89,8.77
113.38,28,10.73,10.54,10.09,8.62,9.65,9.75,9.94,10.31,9.36,10.53,9.34,9.48,10.09,9.89,8.77
114.38,28,10.72,10.51,10.07,8.62,9.62,9.75,9.94,10.29,9.32,10.51,9.32,9.47,10.07,9.86,8.75
115.38,28,10.72,10.53,10.07,8.63,9.63,9.74,9.94,10.3,9.32,10.5,9.32,9.47,10.07,9.87,8.76
116.4,28,10.69,10.5,10.05,8.62,9.62,9.73,9.91,10.27,9.31,10.5,9.3,9.46,10.06,9.86,8.74
117.4,28,10.7,10.5,10.06,8.62,9.62,9.73,9.92,10.27,9.32,10.5,9.3,9.44,10.05,9.85,8.74
118.4,28,10.69,10.49,10.05,8.61,9.59,9.71,9.9,10.29,9.31,10.49,9.29,9.42,10.06,9.85,8.74
119.42,28,10.68,10.48,10.06,8.6,9.59,9.73,9.9,10.29,9.31,10.48,9.29,9.42,10.04,9.82,8.73
120.42,28,10.69,10.5,10.06,8.6,9.59,9.7,9.9,10.29,9.32,10.5,9.29,9.41,10.05,9.85,8.73
121.43,28,10.65,10.48,10.05,8.58,9.59,9.71,9.87,10.27,9.32,10.46,9.26,9.41,10.04,9.82,8.71
122.43,28,10.65,10.46,10.06,8.6,9.58,9.69,9.86,10.26,9.31,10.48,9.25,9.4,10.01,9.82,8.699999999999998
123.43,28,10.65,10.48,10.05,8.6,9.57,9.68,9.86,10.26,9.31,10.46,9.25,9.4,10.02,9.8,8.69
124.43,28,10.64,10.45,10.04,8.58,9.55,9.69,9.84,10.25,9.29,10.44,9.24,9.37,10,9.79,8.67
125.43,28,10.63,10.48,10.04,8.57,9.57,9.7,9.85,10.26,9.3,10.48,9.23,9.37,9.99,9.79,8.69
126.43,28,10.64,10.45,10.05,8.56,9.54,9.69,9.82,10.25,9.3,10.46,9.23,9.37,10,9.8,8.68
127.43,28,10.6,10.45,10.04,8.56,9.54,9.69,9.82,10.24,9.29,10.45,9.21,9.36,9.99,9.78,8.67
128.43,28,10.6,10.44,10.04,8.55,9.53,9.69,9.81,10.22,9.26,10.44,9.2,9.36,9.96,9.78,8.66
129.43,28,10.6,10.44,10.04,8.54,9.53,9.68,9.81,10.22,9.25,10.44,9.19,9.35,9.96,9.75,8.66
130.43,28,10.6,10.46,10.04,8.55,9.53,9.66,9.79,10.22,9.26,10.42,9.2,9.37,9.95,9.75,8.66
131.43,28,10.58,10.45,10.02,8.54,9.49,9.68,9.79,10.21,9.25,10.41,9.17,9.35,9.95,9.74,8.64
132.43,28,10.6,10.45,10.04,8.55,9.51,9.69,9.76,10.22,9.25,10.41,9.17,9.36,9.94,9.73,8.64
133.43,28,10.58,10.46,10.04,8.54,9.49,9.68,9.76,10.21,9.25,10.4,9.17,9.35,9.92,9.73,8.63
134.43,28,10.59,10.44,10.04,8.529999999999998,9.47,9.68,9.74,10.2,9.24,10.39,9.14,9.34,9.91,9.71,8.62
135.43,28,10.56,10.44,10.01,8.529999999999998,9.47,9.66,9.74,10.2,9.26,10.37,9.14,9.35,9.89,9.69,8.62
136.43,28,10.56,10.44,10.01,8.51,9.46,9.66,9.73,10.19,9.26,10.37,9.13,9.35,9.9,9.69,8.61
137.43,28,10.58,10.44,10.01,8.51,9.44,9.68,9.71,10.17,9.26,10.36,9.13,9.34,9.89,9.68,8.61
138.43,28,10.59,10.45,10.02,8.529999999999998,9.44,9.68,9.74,10.19,9.28,10.37,9.13,9.35,9.89,9.68,8.62
139.43,28,10.58,10.42,10.01,8.51,9.42,9.66,9.7,10.17,9.26,10.36,9.11,9.34,9.89,9.66,8.61
140.45,28,10.56,10.44,9.99,8.5,9.42,9.66,9.69,10.16,9.26,10.35,9.09,9.34,9.87,9.66,8.62
141.45,28,10.56,10.41,10,8.49,9.4,9.64,9.69,10.16,9.25,10.35,9.08,9.31,9.86,9.64,8.62
142.45,28,10.55,10.41,9.99,8.5,9.4,9.63,9.65,10.15,9.24,10.32,9.07,9.32,9.85,9.65,8.62
143.45,28,10.55,10.41,9.96,8.48,9.37,9.62,9.65,10.12,9.24,10.31,9.06,9.3,9.84,9.63,8.61
144.45,28,10.56,10.42,10,8.49,9.38,9.65,9.66,10.14,9.26,10.32,9.07,9.31,9.85,9.65,8.64
145.45,28,10.54,10.41,9.97,8.49,9.36,9.62,9.65,10.11,9.23,10.29,9.05,9.3,9.82,9.62,8.64
146.45,28,10.55,10.4,9.97,8.48,9.36,9.63,9.64,10.11,9.24,10.3,9.05,9.3,9.82,9.63,8.63
147.45,28,10.55,10.4,9.97,8.47,9.35,9.63,9.65,10.1,9.23,10.3,9.03,9.29,9.8,9.62,8.64
148.45,28,10.54,10.4,9.96,8.47,9.34,9.62,9.64,10.1,9.23,10.29,9.02,9.28,9.81,9.62,8.63
149.47,28,10.54,10.37,9.95,8.46,9.32,9.6,9.63,10.07,9.19,10.25,9.01,9.26,9.8,9.6,8.62
150.47,28,10.51,10.39,9.95,8.46,9.31,9.6,9.63,10.07,9.21,10.26,9.01,9.26,9.79,9.59,8.63
151.47,28,10.5,10.37,9.92,8.43,9.3,9.58,9.62,10.06,9.19,10.25,8.99,9.25,9.79,9.58,8.61
152.48,28,10.54,10.36,9.95,8.44,9.31,9.6,9.62,10.06,9.18,10.25,8.99,9.26,9.79,9.6,8.63
153.48,28,10.51,10.36,9.92,8.44,9.3,9.59,9.62,10.05,9.17,10.24,8.97,9.25,9.79,9.58,8.61
154.48,28,10.53,10.37,9.92,8.44,9.29,9.59,9.6,10.05,9.18,10.22,8.97,9.23,9.79,9.58,8.61
155.48,28,10.5,10.35,9.92,8.42,9.3,9.58,9.6,10.02,9.17,10.22,8.97,9.24,9.76,9.57,8.6
156.48,28,10.51,10.35,9.92,8.43,9.31,9.59,9.59,10.02,9.17,10.22,8.97,9.24,9.76,9.57,8.6
157.5,28,10.5,10.35,9.91,8.42,9.29,9.58,9.6,10.01,9.15,10.21,8.96,9.21,9.74,9.55,8.6
158.5,28,10.5,10.35,9.9,8.41,9.29,9.57,9.59,10,9.15,10.21,8.949999999999998,9.21,9.76,9.57,8.6
159.5,28,10.5,10.34,9.9,8.41,9.3,9.57,9.58,10,9.14,10.2,8.949999999999998,9.21,9.74,9.55,8.58
160.52,28,10.49,10.34,9.91,8.42,9.3,9.57,9.59,10.01,9.14,10.2,8.949999999999998,9.2,9.75,9.55,8.6
161.52,28,10.48,10.32,9.9,8.39,9.29,9.54,9.55,9.97,9.12,10.19,8.93,9.2,9.73,9.54,8.57
162.52,28,10.46,10.32,9.87,8.39,9.29,9.55,9.55,9.97,9.11,10.17,8.92,9.19,9.71,9.52,8.57
163.52,28,10.46,10.31,9.86,8.39,9.29,9.54,9.55,9.97,9.09,10.15,8.9,9.18,9.71,9.52,8.55
164.52,28,10.44,10.29,9.85,8.37,9.28,9.51,9.52,9.96,9.08,10.16,8.89,9.18,9.7,9.49,8.55
165.52,28,10.46,10.3,9.86,8.39,9.28,9.53,9.53,9.96,9.11,10.15,8.89,9.19,9.71,9.52,8.55
166.52,28,10.45,10.3,9.86,8.37,9.28,9.52,9.53,9.95,9.08,10.15,8.88,9.19,9.69,9.51,8.54
167.53,28,10.44,10.3,9.85,8.36,9.26,9.51,9.53,9.95,9.09,10.15,8.87,9.18,9.7,9.49,8.55
168.53,28,10.44,10.27,9.85,8.34,9.24,9.51,9.52,9.94,9.07,10.11,8.86,9.17,9.68,9.48,8.51
169.53,28,10.42,10.26,9.84,8.35,9.24,9.49,9.51,9.92,9.06,10.12,8.84,9.17,9.66,9.47,8.51
170.53,28,10.42,10.27,9.85,8.34,9.25,9.51,9.51,9.94,9.07,10.11,8.86,9.17,9.66,9.48,8.51
171.53,28,10.42,10.25,9.82,8.34,9.24,9.51,9.49,9.92,9.07,10.11,8.83,9.18,9.68,9.48,8.51
172.53,28,10.4,10.26,9.82,8.34,9.24,9.47,9.48,9.92,9.05,10.11,8.83,9.15,9.66,9.47,8.51
173.53,28,10.4,10.25,9.81,8.32,9.21,9.46,9.46,9.9,9.05,10.07,8.81,9.14,9.64,9.46,8.49
174.53,28,10.39,10.25,9.79,8.32,9.19,9.47,9.46,9.9,9.02,10.09,8.779999999999998,9.13,9.63,9.44,8.49
175.55,28,10.37,10.21,9.79,8.3,9.19,9.46,9.46,9.9,9.02,10.07,8.779999999999998,9.13,9.63,9.44,8.48
176.55,28,10.37,10.22,9.79,8.29,9.18,9.44,9.44,9.87,9.01,10.06,8.779999999999998,9.11,9.62,9.43,8.47
177.55,28,10.37,10.24,9.79,8.29,9.2,9.46,9.44,9.91,9.02,10.07,8.779999999999998,9.11,9.63,9.44,8.48
178.55,28,10.37,10.21,9.8,8.29,9.17,9.44,9.43,9.87,9.02,10.06,8.77,9.09,9.62,9.43,8.48
179.55,28,10.36,10.21,9.78,8.29,9.15,9.44,9.43,9.87,9.01,10.02,8.76,9.11,9.59,9.4,8.47
180.57,28,10.35,10.21,9.76,8.279999999999998,9.17,9.42,9.41,9.87,9,10.04,8.75,9.11,9.59,9.41,8.46
181.57,28,10.34,10.19,9.76,8.279999999999998,9.15,9.42,9.41,9.86,8.99,10.02,8.74,9.08,9.59,9.38,8.44
182.57,28,10.32,10.19,9.76,8.27,9.14,9.42,9.38,9.86,8.99,10.02,8.74,9.08,9.58,9.4,8.43
183.57,28,10.34,10.17,9.76,8.26,9.14,9.41,9.38,9.86,8.97,10.01,8.73,9.07,9.58,9.38,8.43
184.57,28,10.31,10.17,9.74,8.26,9.12,9.4,9.37,9.84,8.96,10,8.699999999999998,9.06,9.55,9.35,8.42
185.57,28,10.31,10.16,9.74,8.25,9.11,9.4,9.37,9.84,8.96,10,8.69,9.05,9.55,9.35,8.42
186.57,28,10.3,10.15,9.74,8.22,9.09,9.38,9.36,9.82,8.949999999999998,9.99,8.69,9.03,9.54,9.35,8.42
187.58,28,10.29,10.15,9.73,8.23,9.08,9.37,9.35,9.81,8.949999999999998,9.97,8.67,9.03,9.54,9.35,8.41
188.58,28,10.29,10.14,9.7,8.21,9.08,9.36,9.34,9.81,8.93,9.96,8.67,9.02,9.52,9.35,8.41
189.58,28,10.27,10.14,9.71,8.22,9.07,9.36,9.34,9.81,8.93,9.96,8.67,9.02,9.51,9.34,8.4
190.58,28,10.27,10.11,9.69,8.199999999999998,9.06,9.35,9.32,9.79,8.9,9.94,8.63,9,9.51,9.3,8.37
191.58,28,10.26,10.12,9.7,8.199999999999998,9.06,9.36,9.31,9.79,8.92,9.92,8.63,9,9.52,9.31,8.37
192.58,28,10.24,10.1,9.66,8.18,9.03,9.32,9.3,9.78,8.89,9.91,8.61,8.99,9.48,9.29,8.36
193.58,28,10.24,10.1,9.68,8.19,9.05,9.34,9.29,9.78,8.9,9.92,8.61,8.99,9.48,9.29,8.36
194.58,28,10.24,10.1,9.68,8.18,9.03,9.32,9.29,9.78,8.9,9.91,8.6,8.99,9.47,9.29,8.36
195.6,28,10.24,10.09,9.66,8.18,9.02,9.32,9.26,9.76,8.89,9.91,8.58,8.97,9.46,9.28,8.35
196.6,28,10.21,10.1,9.66,8.17,9.01,9.31,9.26,9.75,8.88,9.89,8.57,8.949999999999998,9.46,9.26,8.34
197.6,28,10.19,10.06,9.65,8.15,9,9.28,9.24,9.74,8.86,9.86,8.56,8.93,9.43,9.25,8.33
198.6,28,10.2,10.06,9.65,8.15,8.99,9.3,9.25,9.74,8.87,9.87,8.55,8.949999999999998,9.43,9.24,8.33
199.6,28,10.19,10.06,9.64,8.14,9,9.3,9.24,9.74,8.86,9.87,8.55,8.94,9.43,9.26,8.33
200.6,28,10.17,10.05,9.62,8.12,8.97,9.28,9.23,9.71,8.86,9.85,8.55,8.93,9.42,9.23,8.32
201.6,28,10.17,10.04,9.63,8.13,8.99,9.28,9.21,9.73,8.84,9.85,8.529999999999998,8.93,9.42,9.23,8.3
202.62,28,10.15,10.02,9.6,8.12,8.949999999999998,9.26,9.19,9.71,8.82,9.82,8.51,8.92,9.4,9.21,8.29
203.62,28,10.15,10.01,9.62,8.11,8.949999999999998,9.26,9.19,9.7,8.83,9.82,8.5,8.92,9.4,9.21,8.3
204.62,28,10.15,10.01,9.59,8.1,8.94,9.26,9.19,9.69,8.82,9.81,8.49,8.9,9.37,9.2,8.29
205.62,28,10.15,10.01,9.6,8.11,8.94,9.24,9.18,9.69,8.82,9.81,8.48,8.88,9.38,9.2,8.279999999999998
206.62,28,10.15,10.01,9.58,8.1,8.94,9.26,9.17,9.7,8.81,9.8,8.49,8.89,9.38,9.2,8.279999999999998
207.62,28,10.14,9.97,9.59,8.07,8.93,9.25,9.17,9.68,8.8,9.8,8.47,8.89,9.36,9.19,8.27
208.62,28,10.11,9.96,9.57,8.06,8.9,9.23,9.15,9.66,8.779999999999998,9.79,8.46,8.87,9.35,9.17,8.26
209.62,28,10.14,9.99,9.59,8.07,8.9,9.24,9.15,9.66,8.81,9.78,8.46,8.88,9.35,9.17,8.26
210.63,28,10.1,9.96,9.57,8.06,8.89,9.21,9.13,9.64,8.77,9.76,8.43,8.86,9.34,9.15,8.25
211.63,28,10.1,9.95,9.55,8.05,8.88,9.2,9.12,9.64,8.75,9.75,8.43,8.84,9.34,9.14,8.23
212.63,28,10.1,9.96,9.55,8.06,8.89,9.2,9.11,9.64,8.76,9.75,8.43,8.86,9.34,9.14,8.25
213.63,28,10.09,9.95,9.53,8.04,8.86,9.19,9.09,9.63,8.76,9.74,8.4,8.83,9.32,9.13,8.23
214.65,28,10.09,9.92,9.54,8.02,8.87,9.18,9.09,9.63,8.75,9.74,8.4,8.84,9.34,9.13,8.21
215.65,28,10.07,9.94,9.53,8.029999999999998,8.86,9.18,9.08,9.6,8.74,9.71,8.39,8.82,9.31,9.12,8.21
216.65,28,10.06,9.91,9.52,8,8.84,9.17,9.07,9.6,8.73,9.7,8.39,8.81,9.31,9.11,8.21
217.65,28,10.06,9.91,9.51,7.99,8.84,9.17,9.07,9.59,8.73,9.71,8.37,8.8,9.29,9.11,8.199999999999998
218.67,28,10.05,9.91,9.49,7.99,8.83,9.15,9.05,9.59,8.71,9.69,8.37,8.8,9.29,9.09,8.19
219.67,28,10.01,9.87,9.48,7.97,8.81,9.13,9.02,9.57,8.69,9.66,8.36,8.77,9.28,9.07,8.17
220.67,28,10.02,9.89,9.48,7.98,8.82,9.15,9.02,9.58,8.699999999999998,9.68,8.37,8.779999999999998,9.26,9.07,8.19
221.67,28,10,9.87,9.47,7.97,8.8,9.14,9.02,9.57,8.69,9.65,8.36,8.76,9.26,9.07,8.18
222.68,28,10.01,9.87,9.48,7.96,8.77,9.12,9.01,9.55,8.68,9.63,8.35,8.76,9.24,9.05,8.17
223.68,28,9.99,9.85,9.46,7.94,8.77,9.11,8.99,9.54,8.67,9.62,8.34,8.74,9.21,9.03,8.14
224.7,28,10,9.86,9.46,7.95,8.77,9.11,8.97,9.53,8.67,9.64,8.34,8.75,9.24,9.05,8.17
225.7,28,9.97,9.81,9.43,7.94,8.75,9.09,8.96,9.52,8.67,9.6,8.32,8.73,9.2,9.01,8.14
226.7,28,9.97,9.86,9.44,7.94,8.75,9.11,8.97,9.53,8.67,9.62,8.33,8.74,9.21,9.01,8.14
227.7,28,9.95,9.81,9.43,7.9,8.73,9.08,8.93,9.49,8.66,9.59,8.3,8.73,9.19,8.99,8.13
228.72,28,9.94,9.82,9.43,7.91,8.73,9.08,8.94,9.49,8.63,9.58,8.3,8.73,9.19,8.99,8.12
229.72,28,9.91,9.8,9.4,7.89,8.699999999999998,9.05,8.9,9.48,8.62,9.55,8.279999999999998,8.69,9.18,8.96,8.1
230.73,28,9.9,9.79,9.41,7.87,8.69,9.05,8.92,9.47,8.62,9.55,8.279999999999998,8.69,9.17,8.96,8.11
231.73,28,9.91,9.79,9.41,7.87,8.69,9.05,8.92,9.48,8.61,9.55,8.279999999999998,8.69,9.17,8.96,8.11
232.73,28,9.9,9.78,9.4,7.86,8.68,9.05,8.89,9.44,8.61,9.53,8.26,8.68,9.17,8.949999999999998,8.08
233.73,28,9.9,9.75,9.4,7.86,8.68,9.02,8.88,9.44,8.6,9.53,8.26,8.67,9.14,8.949999999999998,8.08
234.75,28,9.87,9.76,9.38,7.84,8.67,9.02,8.88,9.42,8.58,9.52,8.23,8.67,9.14,8.949999999999998,8.08
235.75,28,9.86,9.73,9.37,7.83,8.64,9.02,8.86,9.42,8.57,9.51,8.22,8.66,9.13,8.93,8.07
236.75,28,9.85,9.73,9.37,7.82,8.64,9.01,8.84,9.42,8.58,9.49,8.21,8.66,9.12,8.93,8.07
237.75,28,9.85,9.7,9.34,7.81,8.62,9,8.82,9.4,8.56,9.47,8.199999999999998,8.63,9.09,8.9,8.04
238.77,28,9.84,9.71,9.34,7.82,8.62,8.99,8.82,9.4,8.56,9.48,8.19,8.63,9.09,8.9,8.05
239.77,28,9.81,9.69,9.32,7.8,8.6,8.99,8.81,9.37,8.55,9.46,8.18,8.62,9.07,8.88,8.029999999999998
240.77,28,9.8,9.69,9.31,7.79,8.58,8.96,8.779999999999998,9.36,8.55,9.43,8.18,8.61,9.07,8.87,8.029999999999998
241.77,28,9.79,9.69,9.31,7.77,8.57,8.949999999999998,8.77,9.35,8.529999999999998,9.42,8.18,8.6,9.06,8.84,8.02
242.78,28,9.79,9.66,9.3,7.77,8.56,8.949999999999998,8.76,9.34,8.529999999999998,9.41,8.17,8.58,9.05,8.84,8
243.78,28,9.78,9.66,9.29,7.75,8.56,8.94,8.76,9.34,8.529999999999998,9.4,8.17,8.58,9.05,8.84,8.02
244.78,28,9.76,9.65,9.29,7.75,8.55,8.94,8.75,9.31,8.5,9.38,8.15,8.58,9.03,8.83,8
245.78,28,9.75,9.64,9.28,7.74,8.54,8.9,8.73,9.3,8.49,9.37,8.15,8.56,9.02,8.82,7.98
246.78,28,9.73,9.63,9.26,7.71,8.51,8.9,8.71,9.3,8.5,9.36,8.14,8.55,9.01,8.81,7.98
247.78,28,9.73,9.64,9.26,7.72,8.529999999999998,8.9,8.71,9.29,8.49,9.35,8.13,8.56,8.99,8.81,7.98
248.8,28,9.71,9.6,9.25,7.7,8.5,8.89,8.69,9.26,8.47,9.34,8.12,8.54,8.96,8.779999999999998,7.96
249.8,28,9.69,9.59,9.24,7.7,8.5,8.88,8.67,9.26,8.47,9.31,8.12,8.54,8.96,8.77,7.96
250.8,28,9.68,9.57,9.23,7.66,8.47,8.88,8.67,9.25,8.44,9.31,8.11,8.51,8.94,8.76,7.94
251.8,28,9.66,9.55,9.21,7.67,8.46,8.86,8.64,9.24,8.44,9.29,8.08,8.51,8.94,8.74,7.94
252.8,28,9.64,9.55,9.21,7.66,8.46,8.86,8.64,9.23,8.43,9.28,8.08,8.5,8.93,8.73,7.92
253.8,28,9.64,9.53,9.19,7.65,8.44,8.83,8.63,9.2,8.43,9.26,8.07,8.49,8.92,8.73,7.92
254.82,28,9.62,9.51,9.19,7.61,8.42,8.82,8.61,9.19,8.41,9.23,8.05,8.46,8.88,8.699999999999998,7.9
255.82,28,9.59,9.52,9.18,7.62,8.41,8.8,8.58,9.18,8.41,9.23,8.04,8.46,8.87,8.68,7.89
256.82,28,9.59,9.49,9.17,7.61,8.41,8.81,8.58,9.18,8.4,9.21,8.029999999999998,8.46,8.88,8.68,7.89
257.82,28,9.58,9.48,9.15,7.6,8.37,8.779999999999998,8.56,9.15,8.39,9.19,8.02,8.44,8.87,8.68,7.88
258.82,28,9.57,9.47,9.14,7.57,8.37,8.77,8.55,9.15,8.39,9.17,7.99,8.46,8.84,8.66,7.87
259.82,28,9.54,9.47,9.14,7.57,8.36,8.779999999999998,8.54,9.13,8.37,9.14,7.99,8.43,8.84,8.66,7.88
260.82,28,9.54,9.46,9.13,7.57,8.35,8.77,8.529999999999998,9.11,8.36,9.15,7.98,8.42,8.82,8.64,7.87
261.83,28,9.53,9.43,9.13,7.56,8.33,8.76,8.51,9.11,8.35,9.14,7.97,8.42,8.81,8.63,7.84
262.83,28,9.49,9.44,9.11,7.54,8.33,8.75,8.48,9.08,8.34,9.12,7.95,8.41,8.8,8.62,7.83
263.85,28,9.49,9.43,9.11,7.54,8.32,8.74,8.49,9.08,8.34,9.11,7.94,8.41,8.8,8.61,7.83
264.85,28,9.49,9.41,9.09,7.53,8.32,8.73,8.47,9.07,8.34,9.09,7.94,8.39,8.76,8.6,7.82
265.85,28,9.48,9.4,9.09,7.51,8.29,8.74,8.46,9.06,8.32,9.07,7.92,8.37,8.77,8.57,7.8
266.87,28,9.47,9.4,9.08,7.51,8.29,8.71,8.44,9.06,8.33,9.07,7.9,8.37,8.74,8.57,7.82
267.87,28,9.44,9.37,9.06,7.48,8.279999999999998,8.699999999999998,8.43,9.02,8.29,9.06,7.89,8.35,8.74,8.57,7.79
268.87,28,9.43,9.37,9.07,7.47,8.27,8.699999999999998,8.42,9.02,8.29,9.05,7.89,8.36,8.73,8.55,7.8
269.88,28,9.44,9.37,9.06,7.47,8.27,8.68,8.41,9.01,8.279999999999998,9.03,7.88,8.36,8.73,8.54,7.79
270.88,28,9.43,9.36,9.06,7.46,8.26,8.68,8.4,9,8.29,9.02,7.87,8.35,8.69,8.54,7.78
271.9,28,9.41,9.34,9.03,7.43,8.22,8.66,8.37,8.97,8.27,9,7.83,8.33,8.69,8.529999999999998,7.75
272.9,28,9.4,9.32,9.02,7.43,8.21,8.63,8.36,8.96,8.26,8.99,7.83,8.32,8.67,8.5,7.75
273.9,28,9.4,9.32,9.02,7.43,8.199999999999998,8.64,8.35,8.96,8.27,8.99,7.83,8.32,8.68,8.5,7.74
274.92,28,9.38,9.31,9.01,7.4,8.18,8.63,8.32,8.94,8.25,8.949999999999998,7.81,8.29,8.66,8.49,7.73
275.92,28,9.36,9.29,9,7.39,8.18,8.61,8.32,8.92,8.21,8.94,7.8,8.279999999999998,8.63,8.48,7.72
276.92,28,9.37,9.28,8.99,7.39,8.18,8.61,8.3,8.93,8.21,8.94,7.79,8.29,8.62,8.48,7.72
277.92,28,9.35,9.26,8.99,7.36,8.15,8.6,8.27,8.88,8.22,8.93,7.77,8.27,8.61,8.46,7.71
278.92,28,9.34,9.24,8.949999999999998,7.36,8.14,8.57,8.26,8.88,8.19,8.89,7.74,8.26,8.6,8.43,7.7
279.92,28,9.34,9.24,8.96,7.34,8.13,8.57,8.26,8.87,8.199999999999998,8.9,7.74,8.25,8.58,8.43,7.69
280.92,28,9.32,9.23,8.949999999999998,7.33,8.13,8.58,8.23,8.87,8.19,8.87,7.72,8.25,8.58,8.42,7.69
281.93,28,9.32,9.23,8.96,7.33,8.13,8.56,8.23,8.86,8.199999999999998,8.88,7.73,8.25,8.6,8.42,7.69
282.93,28,9.31,9.2,8.94,7.32,8.1,8.54,8.21,8.83,8.18,8.84,7.7,8.22,8.57,8.39,7.67
283.93,28,9.29,9.19,8.93,7.28,8.08,8.54,8.199999999999998,8.83,8.17,8.83,7.7,8.22,8.56,8.37,7.66
284.93,28,9.3,9.17,8.92,7.28,8.08,8.54,8.19,8.81,8.15,8.82,7.69,8.21,8.54,8.37,7.65
285.93,28,9.25,9.17,8.88,7.26,8.06,8.51,8.15,8.779999999999998,8.15,8.81,7.67,8.19,8.54,8.34,7.64
286.93,28,9.24,9.15,8.88,7.23,8.04,8.5,8.13,8.77,8.12,8.779999999999998,7.65,8.17,8.49,8.35,7.62
287.95,28,9.23,9.14,8.88,7.23,8.04,8.49,8.13,8.76,8.12,8.77,7.65,8.17,8.5,8.33,7.63
288.95,28,9.21,9.13,8.87,7.23,8.029999999999998,8.49,8.12,8.75,8.11,8.77,7.64,8.15,8.5,8.33,7.61
289.95,28,9.19,9.12,8.84,7.19,8,8.47,8.1,8.71,8.1,8.73,7.63,8.15,8.47,8.3,7.6
290.97,28,9.18,9.08,8.84,7.18,7.98,8.46,8.06,8.699999999999998,8.08,8.71,7.61,8.14,8.47,8.279999999999998,7.6
291.97,28,9.17,9.08,8.82,7.17,7.97,8.46,8.06,8.69,8.07,8.699999999999998,7.61,8.12,8.44,8.26,7.58
292.97,28,9.14,9.06,8.82,7.16,7.96,8.43,8.029999999999998,8.68,8.06,8.69,7.6,8.11,8.42,8.25,7.58
293.98,28,9.13,9.06,8.82,7.14,7.96,8.43,8.029999999999998,8.67,8.06,8.68,7.61,8.12,8.43,8.26,7.56
294.98,28,9.11,9.02,8.8,7.12,7.94,8.41,8,8.64,8.029999999999998,8.66,7.57,8.08,8.4,8.22,7.55
295.98,28,9.08,9.02,8.77,7.12,7.91,8.39,7.98,8.62,8.029999999999998,8.66,7.56,8.08,8.37,8.21,7.54
296.98,28,9.07,9,8.779999999999998,7.09,7.91,8.37,7.97,8.62,8.02,8.62,7.56,8.07,8.37,8.22,7.54
297.98,28,9.06,9,8.76,7.08,7.89,8.35,7.95,8.6,8,8.61,7.54,8.06,8.36,8.19,7.53
299,28,9.05,8.99,8.75,7.06,7.87,8.36,7.94,8.58,7.99,8.58,7.53,8.04,8.35,8.18,7.52
300,28,9.02,8.96,8.75,7.05,7.86,8.35,7.91,8.56,7.98,8.56,7.51,8.04,8.32,8.17,7.51
301,28,9.01,8.949999999999998,8.74,7.05,7.84,8.34,7.9,8.55,7.98,8.56,7.51,8.029999999999998,8.3,8.17,7.49
302,28,9,8.93,8.73,7.02,7.82,8.33,7.87,8.529999999999998,7.97,8.54,7.49,8.02,8.29,8.12,7.48
303,28,8.97,8.92,8.699999999999998,7.01,7.8,8.3,7.86,8.51,7.95,8.51,7.47,8.02,8.26,8.11,7.48
304,28,8.96,8.89,8.68,6.98,7.79,8.3,7.82,8.48,7.94,8.49,7.46,7.99,8.26,8.11,7.46
305.02,28,8.94,8.88,8.69,6.98,7.78,8.29,7.82,8.48,7.95,8.47,7.44,7.99,8.23,8.1,7.46
306.02,28,8.93,8.88,8.68,6.96,7.78,8.279999999999998,7.81,8.46,7.92,8.47,7.43,7.98,8.22,8.07,7.45
307.02,28,8.9,8.86,8.67,6.95,7.75,8.27,7.79,8.43,7.91,8.43,7.39,7.96,8.21,8.07,7.44
308.02,28,8.89,8.84,8.68,6.93,7.74,8.27,7.77,8.43,7.9,8.42,7.4,7.97,8.199999999999998,8.05,7.44
309.02,28,8.86,8.82,8.64,6.92,7.72,8.23,7.73,8.41,7.89,8.4,7.37,7.95,8.17,8.04,7.4
310.02,28,8.83,8.8,8.63,6.9,7.69,8.22,7.72,8.36,7.88,8.36,7.36,7.91,8.14,8,7.39
311.03,28,8.81,8.8,8.62,6.9,7.69,8.21,7.7,8.36,7.87,8.35,7.34,7.92,8.13,8,7.4
312.03,28,8.8,8.77,8.61,6.87,7.67,8.199999999999998,7.67,8.34,7.86,8.33,7.33,7.91,8.1,8,7.39
313.03,28,8.779999999999998,8.76,8.6,6.86,7.65,8.18,7.66,8.33,7.84,8.32,7.3,7.9,8.08,7.99,7.38
314.03,28,8.77,8.75,8.58,6.85,7.64,8.19,7.65,8.32,7.83,8.3,7.3,7.88,8.07,7.96,7.37
315.03,28,8.74,8.73,8.57,6.83,7.61,8.15,7.62,8.279999999999998,7.81,8.27,7.28,7.88,8.05,7.95,7.36
316.03,28,8.71,8.71,8.56,6.81,7.61,8.15,7.6,8.26,7.8,8.23,7.26,7.86,8.029999999999998,7.92,7.34
317.05,28,8.69,8.69,8.54,6.79,7.57,8.13,7.56,8.23,7.79,8.21,7.23,7.84,7.99,7.9,7.32
318.05,28,8.67,8.67,8.54,6.78,7.55,8.1,7.55,8.21,7.78,8.19,7.23,7.82,7.98,7.89,7.32
319.05,28,8.66,8.67,8.51,6.75,7.54,8.1,7.52,8.19,7.77,8.17,7.2,7.81,7.97,7.87,7.29
320.05,28,8.64,8.66,8.51,6.74,7.53,8.1,7.52,8.18,7.77,8.14,7.19,7.81,7.96,7.87,7.3
321.05,28,8.62,8.63,8.5,6.72,7.51,8.08,7.48,8.15,7.74,8.13,7.17,7.8,7.94,7.86,7.28
322.05,28,8.6,8.61,8.5,6.71,7.49,8.07,7.47,8.14,7.74,8.11,7.16,7.78,7.91,7.84,7.27
323.05,28,8.57,8.6,8.47,6.68,7.48,8.05,7.44,8.11,7.72,8.07,7.15,7.78,7.89,7.82,7.26
324.05,28,8.55,8.58,8.47,6.68,7.46,8.029999999999998,7.42,8.1,7.71,8.05,7.13,7.77,7.88,7.81,7.25
325.05,28,8.5,8.55,8.44,6.65,7.44,8.02,7.37,8.07,7.69,8.02,7.08,7.74,7.82,7.77,7.22
326.07,28,8.49,8.55,8.44,6.63,7.42,8,7.36,8.06,7.69,8,7.07,7.74,7.81,7.77,7.24
327.07,28,8.46,8.5,8.43,6.62,7.39,7.99,7.34,8.04,7.66,7.98,7.06,7.72,7.78,7.74,7.2
328.07,28,8.42,8.48,8.41,6.6,7.37,7.97,7.33,7.99,7.64,7.94,7.01,7.71,7.77,7.73,7.19
329.07,28,8.4,8.48,8.4,6.58,7.36,7.96,7.29,7.98,7.64,7.91,7.01,7.7,7.74,7.71,7.19
330.07,28,8.37,8.44,8.39,6.56,7.33,7.94,7.26,7.95,7.62,7.88,6.97,7.67,7.71,7.7,7.18
331.07,28,8.34,8.43,8.39,6.53,7.32,7.92,7.25,7.92,7.62,7.86,6.95,7.67,7.67,7.67,7.16
332.08,28,8.33,8.41,8.35,6.53,7.29,7.91,7.22,7.9,7.58,7.82,6.92,7.65,7.64,7.64,7.15
333.08,28,8.32,8.41,8.35,6.52,7.28,7.91,7.2,7.88,7.58,7.81,6.92,7.64,7.64,7.65,7.15
334.08,28,8.279999999999998,8.4,8.33,6.49,7.27,7.89,7.17,7.86,7.58,7.78,6.9,7.63,7.62,7.63,7.14
335.08,28,8.26,8.37,8.33,6.49,7.25,7.86,7.15,7.82,7.55,7.75,6.88,7.63,7.6,7.61,7.12
336.08,28,8.21,8.36,8.32,6.46,7.23,7.84,7.12,7.8,7.55,7.71,6.85,7.62,7.57,7.58,7.12
337.08,28,8.19,8.33,8.3,6.43,7.2,7.84,7.09,7.78,7.54,7.7,6.84,7.6,7.54,7.56,7.09
338.08,28,8.15,8.32,8.29,6.42,7.18,7.83,7.06,7.77,7.53,7.66,6.83,7.58,7.53,7.55,7.09
339.08,28,8.12,8.29,8.26,6.4,7.16,7.81,7.03,7.73,7.51,7.61,6.81,7.56,7.48,7.54,7.06
340.1,28,8.1,8.27,8.26,6.38,7.13,7.78,7.02,7.71,7.47,7.6,6.8,7.55,7.45,7.51,7.05
341.1,28,8.07,8.26,8.23,6.35,7.12,7.78,6.97,7.69,7.47,7.55,6.79,7.54,7.43,7.49,7.04
342.12,28,8.05,8.22,8.21,6.33,7.08,7.75,6.95,7.65,7.45,7.51,6.75,7.52,7.4,7.47,7.03
343.12,28,8.029999999999998,8.21,8.22,6.31,7.07,7.75,6.93,7.64,7.45,7.48,6.75,7.51,7.38,7.45,7.03
344.12,28,8,8.199999999999998,8.21,6.3,7.06,7.74,6.91,7.61,7.45,7.47,6.74,7.49,7.36,7.44,7.01
345.12,28,7.98,8.18,8.19,6.28,7.04,7.71,6.87,7.57,7.43,7.44,6.71,7.49,7.33,7.4,6.99
346.12,28,7.95,8.15,8.18,6.27,7.02,7.7,6.84,7.55,7.43,7.39,6.69,7.47,7.3,7.39,6.98
347.13,28,7.92,8.13,8.18,6.22,6.99,7.67,6.82,7.52,7.39,7.37,6.67,7.45,7.27,7.37,6.96
348.13,28,7.9,8.12,8.15,6.23,6.97,7.69,6.8,7.49,7.39,7.35,6.65,7.45,7.25,7.37,6.96
349.13,28,7.88,8.11,8.14,6.19,6.95,7.66,6.76,7.46,7.38,7.3,6.62,7.44,7.22,7.35,6.94
350.13,28,7.84,8.07,8.12,6.16,6.93,7.64,6.72,7.42,7.36,7.26,6.59,7.4,7.18,7.33,6.91
351.13,28,7.8,8.06,8.11,6.13,6.88,7.62,6.69,7.38,7.35,7.25,6.56,7.39,7.16,7.3,6.91
352.13,28,7.81,8.06,8.11,6.13,6.9,7.62,6.66,7.37,7.35,7.22,6.55,7.39,7.13,7.28,6.9
353.13,28,7.79,8.029999999999998,8.08,6.11,6.87,7.58,6.62,7.34,7.32,7.18,6.51,7.37,7.1,7.26,6.88
354.13,28,7.75,8,8.07,6.08,6.84,7.57,6.59,7.32,7.3,7.15,6.47,7.36,7.08,7.25,6.86
355.15,28,7.74,8,8.06,6.08,6.82,7.57,6.56,7.28,7.29,7.13,6.44,7.36,7.05,7.24,6.85
356.15,28,7.71,7.98,8.06,6.04,6.8,7.54,6.54,7.26,7.28,7.09,6.43,7.35,7.02,7.22,6.84
357.15,28,7.7,7.96,8.06,6.04,6.79,7.55,6.51,7.23,7.27,7.05,6.41,7.34,7.01,7.2,6.83
358.17,28,7.66,7.95,8.04,6,6.75,7.53,6.47,7.2,7.26,7.02,6.37,7.32,6.98,7.17,6.82
359.17,28,7.64,7.94,8.02,5.99,6.73,7.52,6.44,7.16,7.25,6.98,6.32,7.3,6.95,7.16,6.8
360.17,28,7.63,7.9,8,5.96,6.7,7.51,6.41,7.12,7.24,6.95,6.29,7.28,6.94,7.13,6.79
361.17,28,7.63,7.9,8,5.94,6.7,7.49,6.39,7.08,7.23,6.93,6.27,7.29,6.91,7.13,6.79
362.17,28,7.62,7.88,7.99,5.92,6.67,7.46,6.35,7.06,7.19,6.88,6.23,7.27,6.88,7.1,6.75
363.17,28,7.61,7.83,7.96,5.89,6.65,7.45,6.31,6.99,7.18,6.84,6.18,7.25,6.85,7.08,6.75
364.18,28,7.61,7.84,7.95,5.87,6.62,7.44,6.27,6.96,7.18,6.81,6.16,7.24,6.84,7.07,6.73
365.18,28,7.61,7.81,7.92,5.84,6.6,7.42,6.22,6.93,7.15,6.76,6.12,7.22,6.81,7.04,6.73
366.18,28,7.6,7.79,7.92,5.8,6.57,7.4,6.18,6.88,7.13,6.73,6.1,7.2,6.79,7.03,6.7
367.18,28,7.6,7.78,7.9,5.79,6.56,7.39,6.15,6.85,7.13,6.7,6.07,7.19,6.76,7.02,6.7
368.18,28,7.56,7.75,7.9,5.78,6.55,7.38,6.14,6.83,7.1,6.67,6.05,7.19,6.75,7.01,6.7
369.2,28,7.53,7.72,7.87,5.75,6.52,7.34,6.08,6.78,7.1,6.62,6,7.17,6.72,6.96,6.67
370.2,28,7.51,7.7,7.86,5.72,6.49,7.34,6.06,6.74,7.08,6.58,5.97,7.14,6.71,6.94,6.66
371.2,28,7.48,7.66,7.83,5.69,6.47,7.32,6.01,6.7,7.06,6.53,5.93,7.13,6.67,6.93,6.63
372.2,28,7.46,7.64,7.81,5.68,6.46,7.3,5.98,6.67,7.05,6.49,5.91,7.1,6.66,6.92,6.62
373.2,28,7.44,7.63,7.8,5.66,6.44,7.3,5.96,6.65,7.05,6.46,5.88,7.1,6.66,6.9,6.63
374.2,28,7.42,7.61,7.8,5.63,6.42,7.27,5.92,6.6,7.03,6.43,5.85,7.09,6.62,6.86,6.6
375.22,28,7.39,7.57,7.77,5.61,6.39,7.26,5.88,6.56,7.02,6.39,5.8,7.07,6.6,6.84,6.58
376.22,28,7.37,7.55,7.75,5.59,6.38,7.24,5.84,6.53,6.99,6.34,5.77,7.05,6.6,6.82,6.58
377.22,28,7.34,7.53,7.73,5.56,6.35,7.22,5.79,6.48,6.97,6.31,5.75,7.04,6.57,6.79,6.57
378.22,28,7.32,7.52,7.72,5.54,6.33,7.22,5.77,6.45,6.97,6.29,5.72,7.02,6.55,6.78,6.55
379.23,28,7.29,7.48,7.72,5.49,6.31,7.18,5.72,6.4,6.94,6.24,5.7,7.01,6.53,6.74,6.53
380.23,28,7.26,7.46,7.7,5.46,6.3,7.17,5.69,6.37,6.93,6.19,5.68,6.99,6.49,6.72,6.52
381.23,28,7.23,7.44,7.67,5.44,6.27,7.14,5.63,6.33,6.91,6.14,5.64,6.97,6.46,6.7,6.49
382.23,28,7.2,7.42,7.66,5.43,6.24,7.14,5.61,6.29,6.9,6.1,5.62,6.95,6.44,6.68,6.49
383.23,28,7.17,7.39,7.65,5.39,6.22,7.12,5.57,6.26,6.87,6.05,5.59,6.94,6.42,6.67,6.48
384.23,28,7.14,7.37,7.64,5.38,6.19,7.1,5.52,6.23,6.87,5.99,5.57,6.94,6.4,6.65,6.47
385.25,28,7.08,7.32,7.6,5.34,6.16,7.07,5.47,6.17,6.83,5.93,5.51,6.91,6.34,6.61,6.45
386.25,28,7.05,7.29,7.58,5.31,6.13,7.04,5.43,6.11,6.81,5.87,5.47,6.88,6.31,6.57,6.43
387.25,28,7.02,7.27,7.57,5.31,6.11,7.03,5.39,6.07,6.81,5.83,5.44,6.87,6.29,6.57,6.43
388.25,28,6.98,7.24,7.55,5.27,6.09,7.03,5.36,6.01,6.79,5.76,5.4,6.86,6.25,6.53,6.4
389.25,28,6.96,7.22,7.55,5.25,6.07,7.02,5.32,5.96,6.78,5.72,5.37,6.86,6.24,6.52,6.4
390.25,28,6.93,7.19,7.52,5.22,6.03,6.97,5.25,5.91,6.76,5.66,5.33,6.83,6.18,6.48,6.38
391.25,28,6.9,7.16,7.51,5.2,6.01,6.96,5.22,5.88,6.75,5.61,5.29,6.82,6.15,6.45,6.37
392.25,28,6.85,7.13,7.48,5.17,5.97,6.94,5.17,5.85,6.72,5.57,5.26,6.81,6.12,6.43,6.34
393.27,28,6.82,7.09,7.47,5.12,5.94,6.92,5.14,5.83,6.71,5.51,5.22,6.79,6.09,6.42,6.33
394.27,28,6.76,7.06,7.45,5.09,5.92,6.9,5.08,5.8,6.69,5.45,5.18,6.76,6.05,6.38,6.31
395.27,28,6.73,7.03,7.43,5.05,5.88,6.87,5.02,5.76,6.67,5.38,5.15,6.74,6.01,6.37,6.29
396.27,28,6.7,7.02,7.42,5.04,5.88,6.86,5,5.75,6.66,5.34,5.11,6.73,5.98,6.33,6.28
397.27,28,6.67,6.98,7.4,5.01,5.85,6.83,4.94,5.72,6.65,5.28,5.07,6.71,5.94,6.32,6.27
398.27,28,6.62,6.96,7.39,4.98,5.8,6.81,4.9,5.68,6.62,5.22,5.04,6.69,5.92,6.29,6.26
399.27,28,6.6,6.95,7.37,4.95,5.78,6.8,4.84,5.64,6.61,5.17,5.01,6.68,5.89,6.28,6.24
400.28,28,6.56,6.91,7.36,4.93,5.75,6.79,4.8,5.6,6.59,5.1,4.97,6.67,5.85,6.25,6.22
401.28,28,6.52,6.87,7.34,4.9,5.71,6.76,4.76,5.54,6.56,5.04,4.93,6.65,5.8,6.22,6.19
402.28,28,6.47,6.84,7.33,4.86,5.67,6.76,4.72,5.48,6.56,4.99,4.89,6.63,5.76,6.19,6.18
403.28,28,6.42,6.82,7.29,4.85,5.65,6.72,4.67,5.42,6.53,4.94,4.85,6.61,5.72,6.16,6.17
404.28,28,6.39,6.79,7.28,4.81,5.61,6.7,4.6,5.36,6.51,4.87,4.8,6.59,5.67,6.14,6.15
405.28,28,6.34,6.73,7.25,4.77,5.57,6.67,4.55,5.28,6.48,4.8,4.74,6.57,5.63,6.1,6.12
406.3,28,6.32,6.72,7.24,4.75,5.52,6.65,4.52,5.21,6.47,4.76,4.7,6.56,5.58,6.08,6.12
407.3,28,6.29,6.69,7.23,4.71,5.5,6.63,4.47,5.15,6.46,4.7,4.66,6.54,5.54,6.06,6.11
408.3,28,6.26,6.65,7.2,4.68,5.46,6.61,4.4,5.06,6.43,4.63,4.61,6.53,5.51,6.01,6.08
409.3,28,6.23,6.61,7.17,4.63,5.42,6.57,4.37,4.99,6.41,4.57,4.56,6.49,5.47,5.99,6.06
410.3,28,6.17,6.57,7.15,4.6,5.38,6.57,4.33,4.92,6.4,4.51,4.51,6.48,5.43,5.96,6.04
411.3,28,6.14,6.55,7.14,4.57,5.36,6.54,4.28,4.85,6.39,4.47,4.47,6.47,5.4,5.94,6.04
412.3,28,6.09,6.49,7.13,4.55,5.33,6.54,4.24,4.8,6.35,4.4,4.43,6.45,5.36,5.9,6.01
413.32,28,6.05,6.47,7.1,4.51,5.29,6.52,4.18,4.75,6.34,4.36,4.39,6.44,5.33,5.89,6
414.32,28,5.99,6.43,7.08,4.48,5.26,6.48,4.13,4.7,6.33,4.29,4.34,6.42,5.28,5.86,5.98
415.32,28,5.94,6.41,7.06,4.43,5.21,6.46,4.08,4.66,6.3,4.23,4.29,6.39,5.25,5.82,5.96
416.32,28,5.91,6.38,7.04,4.4,5.2,6.43,4.03,4.61,6.27,4.15,4.24,6.39,5.23,5.8,5.95
417.33,28,5.87,6.37,7.04,4.37,5.16,6.43,3.99,4.58,6.27,4.09,4.2,6.35,5.18,5.77,5.93
418.33,28,5.84,6.31,7.01,4.35,5.12,6.41,3.93,4.53,6.25,4.01,4.14,6.35,5.14,5.75,5.91
419.33,28,5.79,6.29,6.99,4.29,5.09,6.37,3.87,4.48,6.19,3.94,4.08,6.32,5.07,5.72,5.89
420.35,28,5.76,6.26,6.97,4.28,5.05,6.35,3.83,4.44,6.21,3.88,4.04,6.31,5.03,5.7,5.88
421.35,28,5.72,6.24,6.95,4.23,5,6.32,3.77,4.39,6.19,3.82,3.98,6.29,4.98,5.67,5.86
422.35,28,5.69,6.22,6.95,4.18,4.97,6.32,3.72,4.35,6.17,3.76,3.93,6.27,4.93,5.65,5.84
423.35,28,5.66,6.18,6.93,4.15,4.94,6.29,3.67,4.28,6.15,3.72,3.88,6.26,4.89,5.63,5.83
424.35,28,5.64,6.15,6.92,4.13,4.89,6.28,3.64,4.21,6.13,3.68,3.82,6.25,4.84,5.61,5.79
425.35,28,5.59,6.12,6.88,4.08,4.86,6.26,3.59,4.12,6.12,3.64,3.75,6.23,4.8,5.57,5.79
426.35,28,5.53,6.08,6.86,4.03,4.8,6.23,3.53,4,6.09,3.59,3.69,6.19,4.73,5.53,5.75
427.37,28,5.5,6.05,6.84,3.99,4.76,6.21,3.53,3.93,6.06,3.54,3.64,6.17,4.69,5.51,5.74
428.37,28,5.45,5.99,6.81,3.95,4.7,6.17,3.49,3.82,6.04,3.49,3.57,6.14,4.62,5.46,5.71
429.37,28,5.4,5.97,6.79,3.92,4.65,6.14,3.48,3.73,6.01,3.4,3.52,6.13,4.57,5.43,5.69
430.37,28,5.37,5.94,6.78,3.89,4.61,6.13,3.44,3.64,6,3.33,3.48,6.12,4.53,5.41,5.69
431.37,28,5.31,5.9,6.76,3.85,4.56,6.1,3.4,3.53,5.96,3.23,3.43,6.09,4.48,5.39,5.66
432.37,28,5.27,5.85,6.73,3.82,4.5,6.08,3.36,3.44,5.94,3.13,3.4,6.08,4.44,5.35,5.64
433.38,28,5.24,5.84,6.72,3.78,4.47,6.06,3.33,3.36,5.92,3.04,3.39,6.06,4.42,5.33,5.64
434.38,28,5.21,5.79,6.7,3.73,4.41,6.04,3.28,3.27,5.91,2.93,3.37,6.04,4.38,5.3,5.61
435.38,28,5.19,5.76,6.68,3.7,4.39,6.01,3.24,3.2,5.89,2.81,3.36,6.01,4.35,5.26,5.6
436.38,28,5.12,5.73,6.66,3.66,4.33,5.97,3.2,3.11,5.86,2.69,3.35,5.98,4.3,5.23,5.56
437.38,28,5.07,5.69,6.65,3.63,4.3,5.96,3.17,3.07,5.86,2.6,3.35,5.97,4.27,5.2,5.54
438.4,28,4.98,5.65,6.6,3.58,4.26,5.93,3.13,3.04,5.83,2.47,3.33,5.94,4.19,5.17,5.52
439.4,28,4.88,5.61,6.58,3.54,4.22,5.91,3.08,3.03,5.79,2.36,3.34,5.92,4.14,5.14,5.5
440.4,28,4.78,5.54,6.56,3.5,4.18,5.86,3.04,3.03,5.76,2.22,3.33,5.89,4.06,5.08,5.48
441.4,28,4.69,5.48,6.53,3.46,4.13,5.85,2.98,3.06,5.74,2.09,3.33,5.88,4,5.05,5.47
442.4,28,4.62,5.45,6.49,3.42,4.08,5.8,2.94,3.06,5.71,1.99,3.31,5.84,3.93,4.98,5.44
443.4,28,4.59,5.43,6.47,3.36,4.04,5.78,2.88,3.07,5.69,1.92,3.28,5.82,3.87,4.95,5.41
444.42,28,4.55,5.39,6.45,3.33,3.99,5.77,2.83,3.06,5.67,1.9,3.24,5.78,3.79,4.89,5.4
445.42,28,4.53,5.36,6.41,3.28,3.95,5.73,2.8,3.05,5.63,1.9,3.2,5.77,3.73,4.84,5.37
446.42,28,4.5,5.31,6.4,3.25,3.9,5.71,2.77,3.01,5.62,1.86,3.15,5.75,3.68,4.8,5.36
447.42,28,4.46,5.27,6.38,3.2,3.84,5.68,2.75,2.98,5.6,1.8,3.1,5.74,3.61,4.75,5.34
448.42,28,4.41,5.23,6.37,3.17,3.8,5.67,2.74,2.93,5.59,1.71,3.05,5.72,3.58,4.7,5.33
449.42,28,4.35,5.18,6.34,3.12,3.73,5.63,2.71,2.87,5.54,1.6,2.99,5.69,3.53,4.62,5.3
450.42,28,4.29,5.11,6.31,3.08,3.68,5.61,2.7,2.81,5.51,1.51,2.94,5.68,3.49,4.56,5.28
451.43,28,4.2,5.05,6.29,3.05,3.61,5.58,2.68,2.76,5.5,1.45,2.89,5.64,3.44,4.5,5.26
452.43,28,4.13,5.01,6.27,2.99,3.56,5.53,2.64,2.71,5.47,1.42,2.83,5.63,3.37,4.44,5.23
453.43,28,4.05,4.95,6.25,2.95,3.49,5.5,2.62,2.63,5.43,1.41,2.78,5.6,3.31,4.39,5.2
454.43,28,3.99,4.91,6.23,2.9,3.41,5.48,2.59,2.58,5.41,1.4,2.71,5.57,3.25,4.34,5.19
455.43,28,3.94,4.87,6.19,2.85,3.34,5.45,2.54,2.53,5.39,1.37,2.65,5.54,3.19,4.29,5.17
456.43,28,3.88,4.84,6.17,2.8,3.24,5.42,2.5,2.5,5.36,1.35,2.61,5.52,3.09,4.25,5.12
457.45,28,3.83,4.81,6.15,2.76,3.15,5.41,2.46,2.46,5.34,1.32,2.6,5.5,3.04,4.21,5.1
458.45,28,3.79,4.78,6.13,2.71,3.05,5.37,2.41,2.42,5.32,1.27,2.58,5.48,2.96,4.15,5.09
459.45,28,3.75,4.76,6.11,2.65,2.94,5.34,2.37,2.4,5.3,1.26,2.58,5.46,2.9,4.11,5.06
460.45,28,3.72,4.72,6.1,2.61,2.86,5.32,2.31,2.37,5.27,1.24,2.58,5.42,2.84,4.03,5.03
461.47,28,3.68,4.71,6.07,2.57,2.81,5.29,2.26,2.34,5.25,1.27,2.6,5.41,2.77,3.99,5.01
462.47,28,3.61,4.68,6.06,2.52,2.75,5.27,2.2,2.33,5.22,1.33,2.6,5.39,2.72,3.93,4.99
463.47,28,3.53,4.65,6.01,2.48,2.7,5.25,2.15,2.3,5.19,1.44,2.6,5.36,2.66,3.86,4.97
464.47,28,3.46,4.6,5.99,2.42,2.62,5.21,2.08,2.26,5.18,1.58,2.59,5.34,2.57,3.78,4.94
465.48,28,3.37,4.56,5.98,2.38,2.56,5.17,2.03,2.23,5.15,1.72,2.56,5.32,2.49,3.72,4.91
466.48,28,3.31,4.52,5.95,2.34,2.5,5.15,1.98,2.19,5.11,1.86,2.53,5.29,2.38,3.66,4.89
467.48,28,3.23,4.49,5.92,2.3,2.4,5.11,1.95,2.14,5.1,1.99,2.48,5.27,2.28,3.62,4.86
468.48,28,3.2,4.46,5.91,2.25,2.35,5.1,1.92,2.09,5.07,2.14,2.43,5.25,2.18,3.57,4.86
469.5,28,3.14,4.43,5.89,2.2,2.25,5.06,1.88,2.01,5.03,2.26,2.37,5.23,2.06,3.52,4.82
470.5,28,3.12,4.42,5.87,2.15,2.19,5.05,1.87,1.95,5.02,2.37,2.34,5.21,1.98,3.47,4.8
471.5,28,3.09,4.41,5.85,2.11,2.1,5.03,1.84,1.9,4.98,2.43,2.28,5.19,1.87,3.38,4.77
472.5,28,3.08,4.38,5.82,2.07,2.04,5.01,1.83,1.85,4.97,2.44,2.23,5.17,1.79,3.32,4.76
473.5,28,3.07,4.36,5.82,2.02,1.97,4.98,1.81,1.82,4.95,2.41,2.17,5.15,1.7,3.24,4.73
474.52,28,3.07,4.33,5.79,1.97,1.92,4.96,1.79,1.81,4.92,2.4,2.12,5.12,1.61,3.17,4.71
475.52,28,3.1,4.31,5.77,1.92,1.89,4.95,1.75,1.8,4.9,2.4,2.05,5.08,1.53,3.09,4.68
476.52,28,3.14,4.3,5.77,1.89,1.86,4.92,1.74,1.8,4.89,2.39,2,5.08,1.46,3.03,4.67
477.52,28,3.2,4.28,5.75,1.85,1.83,4.91,1.72,1.79,4.87,2.4,1.95,5.06,1.42,2.97,4.66
478.53,28,3.25,4.25,5.71,1.8,1.8,4.88,1.68,1.78,4.83,2.39,1.89,5.02,1.39,2.9,4.62
479.53,28,3.3,4.25,5.69,1.76,1.75,4.86,1.68,1.75,4.82,2.37,1.84,5.01,1.39,2.85,4.6
480.53,28,3.31,4.21,5.68,1.73,1.72,4.84,1.65,1.73,4.79,2.37,1.82,4.99,1.41,2.82,4.6
481.53,28,3.28,4.13,5.65,1.68,1.68,4.82,1.63,1.68,4.77,2.34,1.8,4.97,1.44,2.8,4.57
482.53,28,3.2,4.06,5.6,1.63,1.61,4.77,1.6,1.62,4.72,2.31,1.76,4.92,1.45,2.77,4.54
483.53,28,3.12,3.99,5.57,1.6,1.54,4.74,1.56,1.6,4.7,2.27,1.74,4.9,1.45,2.77,4.51
484.53,28,3.04,3.92,5.52,1.57,1.47,4.7,1.54,1.61,4.67,2.25,1.73,4.88,1.46,2.78,4.49
485.55,28,2.95,3.86,5.49,1.53,1.4,4.67,1.51,1.68,4.65,2.2,1.69,4.85,1.47,2.78,4.47
486.55,28,2.89,3.77,5.44,1.49,1.31,4.62,1.47,1.75,4.6,2.11,1.64,4.82,1.41,2.79,4.44
487.55,28,2.82,3.7,5.4,1.45,1.24,4.59,1.44,1.87,4.57,2.01,1.6,4.77,1.33,2.77,4.41
488.55,28,2.77,3.64,5.36,1.41,1.2,4.55,1.43,1.99,4.53,1.91,1.55,4.76,1.24,2.75,4.39
489.55,28,2.71,3.58,5.33,1.37,1.16,4.51,1.42,2.12,4.49,1.82,1.51,4.72,1.16,2.72,4.38
490.57,28,2.64,3.51,5.31,1.34,1.13,4.48,1.41,2.22,4.47,1.77,1.47,4.69,1.1,2.71,4.35
491.57,28,2.54,3.44,5.25,1.28,1.1,4.44,1.38,2.29,4.42,1.71,1.41,4.65,1.03,2.66,4.32
492.57,28,2.47,3.36,5.24,1.26,1.08,4.41,1.37,2.36,4.4,1.68,1.37,4.63,0.97,2.64,4.3
493.57,28,2.4,3.26,5.21,1.22,1.05,4.37,1.35,2.4,4.37,1.64,1.33,4.58,0.92,2.6,4.28
494.57,28,2.32,3.15,5.18,1.19,1.04,4.33,1.33,2.46,4.32,1.61,1.28,4.55,0.87,2.58,4.24
495.57,28,2.27,3.05,5.16,1.16,1.04,4.28,1.32,2.49,4.29,1.58,1.23,4.5,0.84,2.54,4.21
496.57,28,2.24,2.99,5.14,1.14,1.05,4.25,1.32,2.54,4.27,1.56,1.22,4.47,0.82,2.51,4.2
497.58,28,2.2,2.94,5.09,1.1,1.07,4.18,1.29,2.56,4.22,1.54,1.19,4.44,0.8,2.47,4.15
498.58,28,2.18,2.92,5.06,1.08,1.11,4.15,1.29,2.58,4.19,1.49,1.17,4.41,0.77,2.44,4.13
499.58,28,2.16,2.9,5.02,1.04,1.18,4.1,1.28,2.6,4.16,1.45,1.15,4.37,0.76,2.4,4.09
500.58,28,2.17,2.91,5,1.03,1.29,4.07,1.27,2.63,4.12,1.4,1.15,4.35,0.77,2.37,4.07
501.58,28,2.17,2.92,4.98,1.01,1.38,4.03,1.26,2.65,4.09,1.35,1.15,4.32,0.76,2.35,4.04
502.6,28,2.16,2.9,4.94,0.98,1.44,4,1.24,2.65,4.05,1.29,1.14,4.29,0.74,2.34,4
503.6,28,2.15,2.87,4.93,0.97,1.49,3.99,1.24,2.66,4.04,1.26,1.15,4.27,0.73,2.33,3.99
504.6,28,2.14,2.85,4.89,0.94,1.54,3.95,1.22,2.62,4.01,1.22,1.14,4.23,0.72,2.31,3.96
505.6,28,2.16,2.83,4.89,0.94,1.55,3.92,1.22,2.6,3.99,1.21,1.16,4.23,0.72,2.32,3.94
506.6,28,2.14,2.78,4.86,0.93,1.54,3.87,1.21,2.56,3.96,1.19,1.15,4.18,0.72,2.3,3.9
507.6,28,2.14,2.72,4.83,0.93,1.52,3.84,1.2,2.5,3.93,1.18,1.16,4.15,0.72,2.29,3.88
508.6,28,2.11,2.68,4.81,0.91,1.5,3.81,1.2,2.44,3.9,1.18,1.17,4.13,0.74,2.25,3.85
509.62,28,2.08,2.59,4.77,0.9,1.47,3.76,1.18,2.37,3.86,1.16,1.16,4.09,0.75,2.21,3.8
510.62,28,2.06,2.5,4.72,0.88,1.42,3.71,1.17,2.3,3.82,1.16,1.14,4.05,0.77,2.17,3.76
511.62,28,2.06,2.4,4.69,0.89,1.41,3.7,1.16,2.23,3.77,1.16,1.12,4.02,0.77,2.14,3.74
512.62,28,2.06,2.32,4.64,0.87,1.39,3.65,1.16,2.18,3.73,1.16,1.1,3.99,0.77,2.12,3.71
513.62,28,2.05,2.22,4.59,0.86,1.37,3.62,1.15,2.1,3.69,1.15,1.08,3.96,0.77,2.07,3.68
514.62,28,2.04,2.14,4.55,0.86,1.35,3.57,1.13,2.03,3.64,1.14,1.06,3.92,0.76,2.04,3.64
515.63,28,2.04,2.11,4.51,0.84,1.34,3.53,1.14,1.96,3.61,1.15,1.04,3.89,0.77,2.03,3.62
516.63,28,2.02,2.08,4.46,0.84,1.31,3.53,1.13,1.86,3.56,1.14,1.04,3.85,0.77,2.02,3.58
517.63,28,2.01,2.08,4.44,0.83,1.3,3.5,1.14,1.77,3.54,1.16,1.04,3.82,0.79,2.01,3.57
518.63,28,2,2.06,4.41,0.83,1.29,3.46,1.13,1.68,3.5,1.15,1.04,3.79,0.8,2,3.53
519.63,28,1.99,2.03,4.39,0.82,1.28,3.41,1.13,1.56,3.47,1.15,1.03,3.73,0.81,1.99,3.5
520.63,28,1.98,2,4.36,0.81,1.26,3.38,1.11,1.48,3.43,1.15,1.01,3.72,0.8,1.99,3.48
521.63,28,1.98,1.99,4.33,0.82,1.25,3.34,1.13,1.41,3.4,1.15,1.01,3.68,0.82,1.98,3.45
522.63,28,1.98,1.99,4.32,0.82,1.23,3.29,1.12,1.37,3.36,1.14,1,3.64,0.82,1.96,3.42
523.65,28,1.98,2.01,4.28,0.81,1.22,3.25,1.12,1.34,3.32,1.16,0.99,3.6,0.82,1.94,3.38
524.65,28,1.98,1.98,4.26,0.8,1.22,3.21,1.11,1.31,3.28,1.14,0.99,3.56,0.81,1.91,3.36
525.67,28,1.98,1.96,4.23,0.8,1.21,3.17,1.11,1.31,3.26,1.14,0.98,3.53,0.81,1.9,3.33
526.67,28,1.97,1.94,4.19,0.79,1.19,3.13,1.11,1.31,3.22,1.14,0.98,3.5,0.8,1.87,3.29
527.67,28,1.98,1.93,4.16,0.77,1.16,3.08,1.1,1.32,3.19,1.14,0.98,3.49,0.79,1.83,3.26
528.67,28,1.98,1.9,4.12,0.77,1.13,3.04,1.1,1.32,3.16,1.14,0.96,3.45,0.78,1.82,3.23
529.67,28,1.98,1.9,4.09,0.77,1.1,3.01,1.1,1.31,3.13,1.13,0.97,3.41,0.79,1.81,3.2
530.68,28,1.98,1.86,4.06,0.75,1.08,2.96,1.1,1.3,3.1,1.13,0.97,3.38,0.77,1.77,3.17
531.68,28,1.98,1.84,4.03,0.76,1.07,2.92,1.1,1.29,3.08,1.12,0.97,3.36,0.79,1.76,3.13
532.68,28,1.98,1.82,4,0.75,1.04,2.88,1.11,1.28,3.06,1.13,0.99,3.32,0.8,1.75,3.11
533.68,28,1.98,1.79,3.99,0.75,1.03,2.84,1.1,1.27,3.03,1.13,0.99,3.28,0.79,1.74,3.08
534.68,28,1.98,1.76,3.96,0.75,1.01,2.83,1.12,1.25,2.99,1.14,0.99,3.24,0.78,1.73,3.05
535.68,28,1.98,1.75,3.93,0.76,1.01,2.8,1.11,1.24,2.95,1.12,1.01,3.2,0.78,1.72,3.03
536.7,28,1.98,1.75,3.9,0.76,0.99,2.8,1.11,1.22,2.91,1.13,1.01,3.18,0.77,1.71,2.99
537.7,28,1.98,1.75,3.86,0.77,1,2.79,1.12,1.22,2.88,1.14,1.01,3.15,0.77,1.68,2.97
538.72,28,1.98,1.75,3.82,0.77,0.99,2.77,1.11,1.21,2.82,1.13,1.01,3.11,0.77,1.68,2.94
539.72,28,1.98,1.77,3.8,0.78,0.99,2.76,1.12,1.22,2.8,1.15,1.03,3.1,0.76,1.68,2.92
540.72,28,1.97,1.76,3.75,0.77,0.98,2.72,1.12,1.21,2.74,1.15,1.02,3.07,0.76,1.66,2.89
541.72,28,1.97,1.74,3.72,0.77,0.97,2.71,1.11,1.2,2.71,1.15,1.02,3.05,0.75,1.64,2.85
542.72,28,1.97,1.71,3.69,0.77,0.95,2.68,1.1,1.19,2.67,1.14,1,3.02,0.75,1.61,2.83
543.73,28,1.98,1.71,3.66,0.77,0.95,2.65,1.1,1.18,2.63,1.16,0.99,3.01,0.75,1.62,2.81
544.73,28,1.98,1.69,3.63,0.77,0.95,2.6,1.11,1.18,2.61,1.16,0.99,2.97,0.75,1.61,2.78
545.73,28,1.98,1.7,3.61,0.78,0.95,2.58,1.11,1.18,2.6,1.16,0.98,2.94,0.76,1.61,2.74
546.73,28,1.98,1.68,3.57,0.77,0.93,2.52,1.1,1.17,2.56,1.15,0.96,2.89,0.74,1.58,2.71
547.73,28,1.98,1.69,3.55,0.77,0.93,2.49,1.11,1.17,2.53,1.14,0.97,2.85,0.74,1.58,2.68
548.73,28,1.98,1.68,3.52,0.78,0.93,2.45,1.11,1.18,2.52,1.16,0.96,2.82,0.74,1.58,2.65
549.73,28,1.98,1.68,3.46,0.77,0.92,2.39,1.11,1.17,2.5,1.15,0.96,2.77,0.73,1.55,2.62
550.75,28,1.97,1.68,3.43,0.77,0.92,2.35,1.1,1.18,2.46,1.15,0.95,2.74,0.72,1.56,2.6
551.75,28,1.98,1.68,3.4,0.77,0.92,2.31,1.11,1.19,2.44,1.15,0.95,2.71,0.72,1.55,2.58
552.75,28,1.98,1.68,3.36,0.77,0.9,2.28,1.1,1.17,2.4,1.14,0.93,2.7,0.73,1.54,2.55
553.75,28,1.98,1.67,3.34,0.77,0.91,2.25,1.11,1.17,2.38,1.14,0.94,2.68,0.72,1.54,2.53
554.77,28,1.98,1.67,3.28,0.77,0.9,2.21,1.1,1.18,2.32,1.14,0.93,2.65,0.72,1.52,2.49
555.77,28,1.98,1.67,3.25,0.77,0.91,2.16,1.11,1.18,2.29,1.15,0.93,2.62,0.72,1.51,2.46
556.77,28,1.97,1.65,3.2,0.76,0.89,2.11,1.1,1.17,2.24,1.14,0.93,2.58,0.71,1.5,2.43
557.77,28,1.97,1.66,3.16,0.76,0.91,2.07,1.1,1.2,2.23,1.15,0.92,2.54,0.71,1.49,2.4
558.77,28,1.95,1.64,3.1,0.74,0.88,2.01,1.09,1.18,2.19,1.12,0.91,2.5,0.71,1.47,2.34
559.77,28,1.96,1.66,3.08,0.76,0.89,1.98,1.09,1.18,2.17,1.14,0.91,2.47,0.71,1.47,2.31
560.78,28,1.96,1.64,3.03,0.74,0.89,1.94,1.09,1.17,2.14,1.13,0.9,2.43,0.71,1.47,2.29
561.78,28,1.95,1.64,3,0.76,0.89,1.9,1.08,1.16,2.11,1.13,0.89,2.4,0.71,1.47,2.24
562.78,28,1.96,1.65,2.98,0.75,0.89,1.87,1.1,1.18,2.09,1.13,0.9,2.38,0.72,1.47,2.22
563.78,28,1.97,1.64,2.94,0.74,0.88,1.82,1.09,1.17,2.06,1.13,0.89,2.37,0.72,1.46,2.17
564.78,28,1.97,1.63,2.91,0.74,0.88,1.78,1.1,1.18,2.04,1.13,0.87,2.33,0.71,1.46,2.15
565.78,28,1.96,1.62,2.87,0.73,0.87,1.73,1.08,1.17,2,1.13,0.88,2.32,0.71,1.46,2.11
566.8,28,1.96,1.62,2.83,0.74,0.87,1.68,1.08,1.18,1.95,1.12,0.87,2.29,0.71,1.45,2.09
567.8,28,1.95,1.63,2.79,0.73,0.87,1.61,1.09,1.17,1.92,1.13,0.87,2.25,0.71,1.46,2.06
568.8,28,1.95,1.61,2.72,0.73,0.86,1.53,1.07,1.16,1.88,1.12,0.87,2.22,0.7,1.45,2.02
569.82,28,1.96,1.61,2.67,0.73,0.86,1.47,1.08,1.18,1.85,1.12,0.86,2.2,0.71,1.44,1.99
570.82,28,1.96,1.61,2.6,0.73,0.86,1.41,1.08,1.18,1.82,1.12,0.86,2.17,0.7,1.45,1.95
571.82,28,1.95,1.61,2.55,0.72,0.86,1.36,1.07,1.19,1.78,1.12,0.86,2.14,0.7,1.44,1.91
572.82,28,1.96,1.62,2.5,0.74,0.86,1.31,1.08,1.2,1.76,1.12,0.86,2.13,0.71,1.43,1.87
573.82,28,1.94,1.62,2.45,0.72,0.86,1.28,1.07,1.19,1.73,1.11,0.85,2.09,0.7,1.43,1.82
574.82,28,1.96,1.63,2.4,0.72,0.87,1.26,1.08,1.2,1.71,1.12,0.86,2.07,0.7,1.44,1.8
575.82,28,1.95,1.61,2.36,0.72,0.85,1.22,1.07,1.18,1.7,1.11,0.85,2.04,0.7,1.42,1.75
576.82,28,1.95,1.61,2.31,0.72,0.85,1.16,1.06,1.18,1.67,1.11,0.85,2.01,0.7,1.42,1.71
577.82,28,1.93,1.61,2.24,0.71,0.84,1.09,1.06,1.16,1.66,1.11,0.84,1.98,0.69,1.41,1.67
578.83,28,1.95,1.61,2.2,0.72,0.86,1.04,1.06,1.18,1.66,1.13,0.84,1.98,0.71,1.42,1.63
579.83,28,1.95,1.6,2.14,0.71,0.85,0.97,1.05,1.17,1.64,1.11,0.85,1.94,0.7,1.41,1.59
580.83,28,1.94,1.61,2.08,0.71,0.85,0.93,1.06,1.16,1.61,1.1,0.83,1.91,0.69,1.41,1.54
581.83,28,1.94,1.6,2.04,0.71,0.86,0.87,1.07,1.16,1.6,1.11,0.84,1.9,0.69,1.41,1.5
582.83,28,1.94,1.6,2,0.71,0.86,0.82,1.07,1.16,1.6,1.11,0.83,1.88,0.69,1.41,1.46
583.83,28,1.95,1.61,1.98,0.71,0.86,0.79,1.07,1.16,1.58,1.12,0.85,1.87,0.7,1.42,1.44
584.83,28,1.94,1.59,1.95,0.71,0.86,0.75,1.06,1.16,1.57,1.11,0.84,1.85,0.69,1.42,1.38
585.83,28,1.94,1.61,1.9,0.71,0.87,0.72,1.06,1.16,1.57,1.12,0.84,1.83,0.7,1.43,1.35
586.83,28,1.94,1.59,1.85,0.68,0.84,0.71,1.05,1.15,1.55,1.1,0.82,1.79,0.68,1.41,1.31
587.85,28,1.94,1.59,1.82,0.69,0.86,0.68,1.05,1.15,1.54,1.1,0.83,1.79,0.69,1.41,1.28
588.85,28,1.95,1.61,1.79,0.71,0.87,0.67,1.05,1.16,1.54,1.12,0.84,1.78,0.71,1.41,1.27
589.85,28,1.95,1.61,1.75,0.7,0.87,0.66,1.06,1.16,1.53,1.12,0.83,1.75,0.69,1.41,1.23
590.85,28,1.94,1.61,1.73,0.7,0.86,0.64,1.05,1.16,1.52,1.1,0.82,1.74,0.68,1.41,1.2
591.85,28,1.94,1.61,1.72,0.7,0.87,0.63,1.04,1.16,1.52,1.12,0.82,1.73,0.7,1.41,1.18
592.87,28,1.93,1.6,1.72,0.69,0.87,0.62,1.04,1.15,1.51,1.11,0.81,1.71,0.69,1.4,1.16
593.87,28,1.93,1.6,1.74,0.7,0.87,0.61,1.04,1.16,1.51,1.11,0.82,1.71,0.68,1.41,1.13
594.87,28,1.93,1.59,1.75,0.7,0.85,0.61,1.04,1.14,1.5,1.1,0.82,1.7,0.68,1.4,1.11
595.87,28,1.94,1.58,1.77,0.7,0.87,0.61,1.04,1.15,1.49,1.1,0.82,1.68,0.68,1.39,1.1
596.87,28,1.94,1.6,1.8,0.71,0.87,0.61,1.04,1.15,1.5,1.11,0.82,1.68,0.68,1.4,1.09
597.87,28,1.94,1.6,1.78,0.71,0.87,0.61,1.04,1.16,1.5,1.11,0.82,1.68,0.7,1.4,1.08
598.87,28,1.93,1.59,1.75,0.71,0.86,0.59,1.04,1.14,1.48,1.1,0.82,1.67,0.69,1.4,1.06
599.88,28,1.94,1.61,1.74,0.71,0.87,0.6,1.05,1.16,1.49,1.11,0.82,1.67,0.71,1.4,1.06
600.88,28,1.93,1.6,1.67,0.7,0.85,0.58,1.04,1.14,1.48,1.11,0.82,1.65,0.69,1.4,1.04
601.88,28,1.94,1.6,1.61,0.71,0.85,0.59,1.04,1.15,1.48,1.11,0.82,1.63,0.69,1.4,1.02
602.88,28,1.93,1.59,1.56,0.7,0.85,0.57,1.04,1.14,1.48,1.11,0.82,1.62,0.68,1.39,1.01
603.9,28,1.93,1.6,1.54,0.7,0.85,0.59,1.04,1.15,1.47,1.11,0.82,1.61,0.69,1.4,1
604.9,28,1.94,1.58,1.51,0.71,0.85,0.57,1.04,1.15,1.47,1.11,0.82,1.61,0.69,1.39,1
605.9,28,1.94,1.59,1.51,0.71,0.86,0.56,1.05,1.16,1.47,1.12,0.82,1.61,0.69,1.4,0.99
606.9,28,1.93,1.58,1.49,0.7,0.85,0.54,1.04,1.16,1.47,1.11,0.82,1.59,0.68,1.38,0.99
607.9,28,1.94,1.59,1.52,0.71,0.86,0.53,1.04,1.16,1.46,1.11,0.82,1.56,0.7,1.4,0.99
608.9,28,1.93,1.58,1.53,0.69,0.84,0.51,1.04,1.14,1.46,1.11,0.81,1.55,0.69,1.4,0.99
609.9,28,1.93,1.6,1.54,0.7,0.85,0.51,1.04,1.15,1.46,1.11,0.82,1.55,0.7,1.4,0.99
610.92,28,1.93,1.59,1.51,0.7,0.85,0.49,1.04,1.15,1.44,1.1,0.81,1.54,0.69,1.39,0.96
611.92,28,1.93,1.59,1.5,0.7,0.85,0.49,1.04,1.15,1.45,1.1,0.81,1.53,0.7,1.39,0.96
612.92,28,1.94,1.59,1.47,0.71,0.85,0.51,1.04,1.15,1.44,1.11,0.82,1.54,0.69,1.39,0.94
613.92,28,1.93,1.58,1.45,0.7,0.85,0.51,1.04,1.15,1.44,1.11,0.82,1.54,0.68,1.39,0.93
614.92,28,1.94,1.58,1.46,0.7,0.83,0.49,1.04,1.14,1.43,1.1,0.81,1.51,0.68,1.38,0.91
615.92,28,1.94,1.59,1.44,0.7,0.83,0.49,1.04,1.15,1.42,1.1,0.81,1.51,0.68,1.38,0.91
616.93,28,1.94,1.59,1.43,0.7,0.84,0.48,1.04,1.15,1.43,1.1,0.82,1.51,0.68,1.38,0.9
617.93,28,1.93,1.58,1.43,0.7,0.83,0.46,1.04,1.14,1.43,1.1,0.81,1.5,0.68,1.39,0.9
618.95,28,1.94,1.59,1.44,0.69,0.83,0.46,1.04,1.15,1.43,1.11,0.81,1.5,0.68,1.39,0.89
619.95,28,1.93,1.59,1.43,0.7,0.84,0.46,1.03,1.16,1.42,1.1,0.81,1.5,0.68,1.37,0.87
620.97,28,1.93,1.58,1.41,0.7,0.83,0.46,1.03,1.14,1.41,1.1,0.81,1.49,0.68,1.37,0.86
621.97,28,1.94,1.58,1.41,0.71,0.84,0.46,1.04,1.15,1.41,1.1,0.81,1.48,0.68,1.38,0.85
622.97,28,1.93,1.58,1.41,0.7,0.83,0.46,1.04,1.15,1.41,1.11,0.81,1.48,0.68,1.39,0.83
623.98,28,1.94,1.59,1.41,0.7,0.83,0.45,1.04,1.15,1.41,1.1,0.81,1.47,0.68,1.39,0.83
624.98,28,1.93,1.58,1.38,0.68,0.82,0.45,1.03,1.14,1.41,1.1,0.79,1.46,0.68,1.39,0.82
625.98,28,1.94,1.6,1.38,0.7,0.84,0.46,1.04,1.15,1.41,1.11,0.81,1.48,0.69,1.41,0.82
626.98,28,1.94,1.57,1.38,0.7,0.83,0.45,1.04,1.14,1.41,1.1,0.8,1.47,0.68,1.4,0.82
627.98,28,1.93,1.58,1.39,0.68,0.83,0.45,1.04,1.14,1.41,1.1,0.81,1.47,0.68,1.4,0.8
629,28,1.93,1.59,1.38,0.7,0.83,0.46,1.04,1.14,1.41,1.11,0.81,1.47,0.67,1.4,0.8
630,28,1.92,1.57,1.37,0.69,0.83,0.45,1.03,1.14,1.41,1.1,0.81,1.47,0.67,1.39,0.8
631,28,1.93,1.57,1.37,0.69,0.84,0.45,1.04,1.13,1.41,1.1,0.8,1.45,0.69,1.39,0.79
632,28,1.92,1.57,1.36,0.69,0.83,0.43,1.02,1.12,1.4,1.1,0.8,1.44,0.67,1.39,0.77
633,28,1.93,1.58,1.37,0.7,0.84,0.46,1.04,1.14,1.41,1.11,0.81,1.46,0.68,1.4,0.77
634.02,28,1.93,1.57,1.37,0.69,0.84,0.44,1.03,1.14,1.41,1.1,0.81,1.46,0.68,1.4,0.77
635.02,28,1.92,1.58,1.36,0.68,0.83,0.42,1.03,1.14,1.41,1.1,0.8,1.44,0.68,1.39,0.76
636.02,28,1.93,1.57,1.36,0.67,0.83,0.42,1.03,1.13,1.4,1.1,0.8,1.45,0.68,1.39,0.75
637.02,28,1.93,1.58,1.37,0.68,0.84,0.41,1.04,1.14,1.41,1.1,0.8,1.45,0.68,1.4,0.76
638.02,28,1.94,1.58,1.35,0.68,0.84,0.42,1.03,1.14,1.4,1.1,0.79,1.43,0.67,1.39,0.75
639.02,28,1.91,1.56,1.35,0.67,0.82,0.41,1.02,1.13,1.39,1.1,0.79,1.42,0.66,1.38,0.74
640.02,28,1.93,1.58,1.35,0.69,0.84,0.42,1.04,1.14,1.4,1.1,0.8,1.43,0.67,1.39,0.75
641.03,28,1.93,1.58,1.35,0.69,0.83,0.41,1.04,1.14,1.4,1.1,0.81,1.42,0.68,1.39,0.75
642.03,28,1.93,1.58,1.35,0.68,0.83,0.41,1.03,1.13,1.38,1.1,0.8,1.41,0.67,1.39,0.75
643.03,28,1.92,1.58,1.35,0.68,0.83,0.41,1.02,1.14,1.4,1.1,0.8,1.41,0.66,1.38,0.75
644.03,28,1.92,1.55,1.35,0.68,0.82,0.41,1.02,1.13,1.38,1.09,0.8,1.41,0.67,1.38,0.73
645.05,28,1.93,1.57,1.35,0.68,0.82,0.41,1.02,1.13,1.39,1.1,0.8,1.41,0.67,1.39,0.74
646.05,28,1.92,1.58,1.36,0.68,0.83,0.41,1.03,1.13,1.38,1.1,0.8,1.41,0.67,1.37,0.73
647.05,28,1.93,1.57,1.35,0.67,0.82,0.42,1.03,1.13,1.38,1.1,0.8,1.41,0.67,1.37,0.73
648.07,28,1.92,1.58,1.35,0.67,0.82,0.41,1.02,1.13,1.38,1.1,0.79,1.41,0.67,1.38,0.72
649.07,28,1.93,1.58,1.35,0.68,0.82,0.41,1.02,1.12,1.39,1.1,0.8,1.41,0.68,1.38,0.72
650.07,28,1.93,1.58,1.35,0.67,0.83,0.41,1.03,1.13,1.38,1.11,0.79,1.41,0.67,1.39,0.73
651.08,28,1.92,1.57,1.36,0.68,0.82,0.41,1.02,1.12,1.37,1.1,0.8,1.4,0.68,1.38,0.73
652.08,28,1.93,1.57,1.36,0.68,0.83,0.41,1.02,1.13,1.37,1.1,0.79,1.41,0.67,1.37,0.72
653.08,28,1.93,1.58,1.35,0.68,0.83,0.41,1.02,1.13,1.37,1.1,0.8,1.4,0.66,1.38,0.72
654.08,28,1.93,1.58,1.36,0.67,0.83,0.41,1.03,1.13,1.38,1.1,0.8,1.4,0.68,1.38,0.73
655.08,28,1.93,1.57,1.35,0.68,0.82,0.41,1.02,1.14,1.37,1.1,0.79,1.39,0.67,1.37,0.73
656.08,28,1.92,1.58,1.34,0.68,0.82,0.41,1.02,1.13,1.38,1.1,0.79,1.4,0.67,1.37,0.73
657.08,28,1.93,1.58,1.35,0.68,0.83,0.41,1.02,1.13,1.37,1.1,0.79,1.39,0.66,1.37,0.73
658.08,28,1.93,1.57,1.34,0.68,0.83,0.41,1.02,1.13,1.38,1.1,0.8,1.39,0.67,1.37,0.73
659.1,28,1.92,1.56,1.34,0.67,0.82,0.41,1.02,1.12,1.36,1.1,0.78,1.39,0.67,1.37,0.72
660.1,28,1.93,1.58,1.35,0.68,0.84,0.41,1.03,1.14,1.37,1.1,0.8,1.39,0.68,1.37,0.73
661.1,28,1.93,1.57,1.34,0.68,0.83,0.41,1.03,1.12,1.37,1.1,0.79,1.39,0.67,1.37,0.73
662.12,28,1.91,1.56,1.33,0.67,0.82,0.4,1.02,1.12,1.36,1.1,0.78,1.38,0.66,1.36,0.71
663.12,28,1.93,1.58,1.34,0.67,0.83,0.41,1.02,1.13,1.37,1.1,0.79,1.38,0.68,1.37,0.72
664.12,28,1.94,1.58,1.35,0.69,0.83,0.41,1.03,1.14,1.37,1.1,0.8,1.39,0.67,1.38,0.73
665.12,28,1.93,1.57,1.33,0.67,0.83,0.4,1.02,1.12,1.37,1.1,0.79,1.37,0.67,1.36,0.72
666.12,28,1.92,1.58,1.33,0.67,0.82,0.41,1.02,1.13,1.37,1.1,0.79,1.36,0.67,1.36,0.71
667.12,28,1.93,1.57,1.32,0.67,0.83,0.4,1.02,1.13,1.36,1.1,0.78,1.37,0.67,1.36,0.72
668.13,28,1.94,1.59,1.34,0.68,0.84,0.4,1.03,1.13,1.38,1.1,0.79,1.37,0.67,1.37,0.72
669.13,28,1.92,1.57,1.33,0.68,0.82,0.39,1.01,1.12,1.35,1.1,0.79,1.35,0.66,1.35,0.71
670.13,28,1.92,1.57,1.32,0.67,0.82,0.4,1,1.11,1.35,1.09,0.77,1.35,0.66,1.36,0.71
671.13,28,1.92,1.57,1.33,0.68,0.82,0.4,1.02,1.13,1.36,1.1,0.79,1.35,0.67,1.36,0.71
672.13,28,1.92,1.57,1.33,0.67,0.82,0.41,1.02,1.13,1.35,1.1,0.79,1.36,0.67,1.36,0.71
673.15,28,1.93,1.58,1.33,0.68,0.83,0.4,1.02,1.12,1.37,1.1,0.79,1.36,0.68,1.35,0.71
674.15,28,1.93,1.56,1.32,0.68,0.82,0.39,1.03,1.12,1.36,1.1,0.79,1.35,0.67,1.36,0.71
675.15,28,1.92,1.58,1.33,0.68,0.82,0.39,1.02,1.12,1.36,1.1,0.79,1.36,0.67,1.36,0.71
676.17,28,1.93,1.57,1.32,0.67,0.82,0.4,1.02,1.13,1.36,1.1,0.78,1.35,0.66,1.36,0.7
677.17,28,1.91,1.57,1.33,0.69,0.82,0.39,1.01,1.13,1.35,1.1,0.78,1.35,0.66,1.35,0.7
678.17,28,1.92,1.56,1.32,0.67,0.82,0.4,1.01,1.12,1.35,1.09,0.78,1.35,0.66,1.36,0.7
679.17,28,1.92,1.57,1.32,0.68,0.82,0.4,1.02,1.13,1.36,1.09,0.79,1.36,0.67,1.35,0.7
680.17,28,1.92,1.57,1.33,0.67,0.82,0.41,1.02,1.13,1.36,1.1,0.78,1.36,0.67,1.36,0.7
681.17,28,1.93,1.57,1.31,0.67,0.82,0.38,1.01,1.12,1.35,1.09,0.78,1.36,0.66,1.36,0.7
682.17,28,1.93,1.57,1.33,0.67,0.82,0.4,1.01,1.13,1.36,1.1,0.8,1.36,0.67,1.36,0.7
683.18,28,1.92,1.56,1.33,0.67,0.82,0.38,1.01,1.12,1.35,1.1,0.78,1.35,0.66,1.36,0.69
684.18,28,1.92,1.57,1.33,0.67,0.82,0.39,1.02,1.13,1.36,1.1,0.79,1.35,0.67,1.37,0.7
685.18,28,1.93,1.57,1.33,0.68,0.82,0.39,1.01,1.12,1.35,1.1,0.79,1.35,0.67,1.36,0.69
686.2,28,1.93,1.58,1.34,0.68,0.83,0.4,1.01,1.12,1.35,1.1,0.78,1.35,0.67,1.36,0.69
687.2,28,1.92,1.58,1.34,0.67,0.82,0.39,1.02,1.12,1.35,1.1,0.78,1.35,0.66,1.36,0.7
688.2,28,1.91,1.56,1.32,0.67,0.82,0.38,1.01,1.11,1.35,1.08,0.77,1.34,0.66,1.35,0.68
689.2,28,1.94,1.56,1.33,0.68,0.83,0.4,1.01,1.13,1.35,1.1,0.79,1.35,0.67,1.37,0.7
690.2,28,1.93,1.59,1.33,0.67,0.82,0.38,1.02,1.12,1.35,1.1,0.79,1.35,0.67,1.35,0.7
691.22,28,1.93,1.58,1.32,0.68,0.82,0.39,1.01,1.12,1.35,1.1,0.79,1.35,0.66,1.36,0.69
692.22,28,1.93,1.58,1.32,0.67,0.83,0.39,1.01,1.12,1.35,1.1,0.79,1.35,0.67,1.36,0.69
693.22,28,1.93,1.57,1.32,0.67,0.83,0.39,1.01,1.12,1.35,1.1,0.79,1.35,0.67,1.36,0.69
694.22,28,1.93,1.56,1.32,0.67,0.82,0.39,1.02,1.12,1.35,1.1,0.78,1.34,0.67,1.36,0.68
695.23,28,1.92,1.57,1.31,0.66,0.82,0.39,1,1.12,1.34,1.09,0.77,1.35,0.66,1.35,0.68
696.23,28,1.93,1.57,1.32,0.67,0.82,0.38,1.02,1.12,1.35,1.1,0.77,1.34,0.66,1.35,0.69
697.23,28,1.92,1.57,1.32,0.67,0.82,0.38,1.01,1.1,1.35,1.09,0.78,1.34,0.65,1.35,0.67
698.23,28,1.9,1.56,1.31,0.67,0.82,0.37,1,1.11,1.34,1.09,0.77,1.33,0.66,1.35,0.67
699.23,28,1.93,1.56,1.31,0.67,0.82,0.39,1,1.12,1.35,1.1,0.78,1.35,0.66,1.35,0.68
700.23,28,1.92,1.56,1.31,0.66,0.82,0.38,1.01,1.12,1.34,1.09,0.78,1.34,0.66,1.35,0.67
701.23,28,1.92,1.56,1.31,0.66,0.82,0.39,1.01,1.11,1.34,1.1,0.78,1.35,0.66,1.35,0.67
702.23,28,1.92,1.56,1.31,0.66,0.82,0.38,1,1.12,1.35,1.1,0.78,1.34,0.66,1.35,0.68
703.23,28,1.92,1.57,1.32,0.67,0.82,0.39,1.01,1.12,1.35,1.1,0.78,1.34,0.66,1.35,0.67
704.25,28,1.92,1.58,1.33,0.68,0.83,0.39,1.02,1.12,1.35,1.1,0.79,1.35,0.66,1.35,0.69
705.25,28,1.92,1.56,1.31,0.67,0.82,0.38,1.01,1.11,1.35,1.09,0.78,1.34,0.66,1.35,0.67
706.25,28,1.92,1.56,1.32,0.66,0.82,0.38,1.01,1.12,1.33,1.1,0.78,1.34,0.66,1.36,0.68
707.25,28,1.93,1.57,1.31,0.67,0.82,0.38,1.01,1.12,1.35,1.09,0.77,1.34,0.66,1.35,0.67
708.25,28,1.93,1.58,1.33,0.67,0.82,0.39,1.02,1.13,1.35,1.1,0.78,1.35,0.67,1.36,0.68
709.25,28,1.92,1.57,1.3,0.66,0.82,0.38,1,1.12,1.34,1.1,0.77,1.34,0.66,1.35,0.67
710.25,28,1.92,1.57,1.31,0.67,0.82,0.37,1.01,1.13,1.35,1.1,0.78,1.33,0.67,1.35,0.68
711.27,28,1.92,1.57,1.31,0.66,0.82,0.39,1.01,1.12,1.35,1.09,0.78,1.34,0.66,1.35,0.67
712.27,28,1.93,1.57,1.31,0.67,0.82,0.39,1.01,1.12,1.34,1.1,0.78,1.33,0.66,1.35,0.67
713.27,28,1.93,1.57,1.31,0.66,0.83,0.39,1.01,1.13,1.35,1.1,0.78,1.34,0.67,1.36,0.68
714.27,28,1.92,1.57,1.31,0.66,0.82,0.38,1.01,1.12,1.35,1.09,0.77,1.33,0.66,1.35,0.66
715.28,28,1.92,1.57,1.31,0.66,0.82,0.39,1,1.13,1.35,1.1,0.78,1.34,0.67,1.35,0.67
716.28,28,1.92,1.56,1.31,0.67,0.82,0.39,1.01,1.12,1.35,1.1,0.78,1.33,0.66,1.36,0.67
717.3,28,1.93,1.57,1.32,0.67,0.83,0.39,1.01,1.12,1.35,1.1,0.78,1.35,0.67,1.36,0.67
718.3,28,1.93,1.57,1.32,0.67,0.83,0.39,1.02,1.13,1.35,1.1,0.79,1.34,0.67,1.36,0.68
719.3,28,1.93,1.57,1.31,0.68,0.82,0.38,1,1.12,1.35,1.1,0.78,1.34,0.66,1.36,0.67
720.3,28,1.92,1.57,1.3,0.68,0.81,0.38,1.01,1.11,1.34,1.09,0.77,1.33,0.66,1.35,0.67
721.3,28,1.92,1.57,1.31,0.67,0.82,0.37,1.01,1.11,1.34,1.1,0.78,1.33,0.66,1.35,0.68
722.3,28,1.92,1.56,1.31,0.66,0.82,0.37,1.01,1.12,1.35,1.1,0.78,1.33,0.66,1.36,0.67
723.3,28,1.91,1.55,1.3,0.66,0.81,0.38,1,1.11,1.34,1.09,0.77,1.33,0.66,1.35,0.66
724.32,28,1.91,1.56,1.31,0.67,0.81,0.39,1,1.12,1.34,1.1,0.77,1.33,0.66,1.35,0.66
725.32,28,1.92,1.55,1.3,0.67,0.82,0.37,1.01,1.11,1.34,1.09,0.77,1.33,0.66,1.35,0.67
726.33,28,1.92,1.56,1.31,0.68,0.82,0.38,1.01,1.11,1.35,1.09,0.78,1.33,0.66,1.36,0.68
727.33,28,1.92,1.56,1.31,0.67,0.82,0.38,1.01,1.11,1.34,1.1,0.77,1.33,0.66,1.35,0.67
728.33,28,1.93,1.57,1.31,0.68,0.82,0.37,1.01,1.12,1.35,1.1,0.78,1.34,0.67,1.35,0.68
729.33,28,1.92,1.56,1.31,0.67,0.82,0.38,1,1.12,1.34,1.1,0.78,1.33,0.66,1.35,0.66
730.33,28,1.93,1.56,1.31,0.67,0.83,0.39,1.01,1.12,1.35,1.1,0.77,1.33,0.66,1.36,0.67
731.35,28,1.93,1.57,1.32,0.67,0.82,0.39,1.02,1.12,1.35,1.1,0.78,1.34,0.66,1.36,0.67
732.35,28,1.91,1.56,1.31,0.67,0.81,0.37,1.01,1.12,1.34,1.09,0.77,1.33,0.66,1.35,0.66
733.35,28,1.92,1.55,1.31,0.66,0.82,0.39,1,1.11,1.34,1.1,0.78,1.33,0.66,1.35,0.67
734.35,28,1.91,1.55,1.29,0.66,0.81,0.36,0.99,1.11,1.33,1.09,0.77,1.32,0.66,1.35,0.66
735.35,28,1.91,1.55,1.29,0.66,0.82,0.37,1,1.1,1.34,1.08,0.77,1.31,0.66,1.35,0.66
736.37,28,1.94,1.57,1.32,0.67,0.82,0.39,1,1.12,1.34,1.1,0.79,1.34,0.67,1.35,0.67
737.37,28,1.93,1.56,1.3,0.66,0.82,0.37,1.01,1.11,1.34,1.09,0.77,1.32,0.66,1.35,0.66
738.37,28,1.92,1.56,1.31,0.67,0.82,0.38,1,1.11,1.35,1.09,0.77,1.33,0.67,1.35,0.66
739.37,28,1.91,1.56,1.3,0.66,0.82,0.38,1,1.11,1.35,1.09,0.77,1.32,0.67,1.35,0.66
740.37,28,1.91,1.56,1.3,0.66,0.82,0.38,1,1.11,1.34,1.09,0.77,1.32,0.66,1.35,0.66
741.37,28,1.93,1.57,1.3,0.67,0.82,0.39,1,1.12,1.34,1.1,0.77,1.33,0.66,1.35,0.67
742.37,28,1.93,1.56,1.31,0.66,0.82,0.37,1.01,1.11,1.35,1.1,0.78,1.32,0.66,1.35,0.67
743.38,28,1.92,1.57,1.31,0.67,0.81,0.38,1,1.11,1.34,1.09,0.77,1.32,0.66,1.35,0.66
744.38,28,1.92,1.57,1.3,0.66,0.82,0.36,1,1.11,1.34,1.1,0.77,1.32,0.66,1.34,0.66
745.38,28,1.93,1.56,1.3,0.67,0.82,0.38,1,1.11,1.35,1.1,0.77,1.32,0.66,1.35,0.67
746.38,28,1.93,1.56,1.31,0.67,0.82,0.38,1,1.11,1.35,1.1,0.77,1.33,0.66,1.35,0.67
747.38,28,1.92,1.55,1.31,0.67,0.82,0.38,1.01,1.12,1.35,1.09,0.78,1.33,0.66,1.35,0.67
748.38,28,1.92,1.56,1.3,0.66,0.81,0.37,1,1.11,1.35,1.09,0.77,1.32,0.66,1.35,0.66
749.38,28,1.91,1.55,1.3,0.66,0.82,0.37,1,1.11,1.34,1.08,0.77,1.31,0.65,1.34,0.66
750.38,28,1.93,1.57,1.31,0.67,0.82,0.39,1.01,1.12,1.34,1.1,0.78,1.32,0.66,1.35,0.66
751.38,28,1.92,1.57,1.31,0.66,0.82,0.38,1,1.12,1.34,1.1,0.78,1.32,0.66,1.35,0.66
752.4,28,1.91,1.55,1.3,0.66,0.82,0.38,1.01,1.11,1.34,1.09,0.77,1.33,0.66,1.35,0.66
753.4,28,1.92,1.56,1.3,0.66,0.81,0.36,1,1.1,1.34,1.09,0.77,1.32,0.66,1.35,0.66
754.4,28,1.92,1.56,1.3,0.66,0.81,0.38,1,1.11,1.35,1.09,0.77,1.32,0.66,1.35,0.66
755.4,28,1.92,1.55,1.3,0.66,0.81,0.37,0.99,1.11,1.34,1.08,0.77,1.31,0.65,1.35,0.66
756.42,28,1.93,1.56,1.31,0.67,0.82,0.38,1.01,1.12,1.33,1.09,0.78,1.32,0.66,1.35,0.66
757.42,28,1.93,1.57,1.31,0.67,0.82,0.38,1.01,1.11,1.35,1.1,0.78,1.33,0.66,1.35,0.66
758.42,28,1.92,1.57,1.31,0.67,0.82,0.38,1,1.11,1.35,1.09,0.77,1.33,0.66,1.35,0.66
759.43,28,1.93,1.57,1.31,0.67,0.82,0.38,1.01,1.12,1.35,1.1,0.78,1.32,0.66,1.34,0.67
760.43,28,1.93,1.56,1.31,0.67,0.81,0.38,1.01,1.11,1.35,1.09,0.77,1.32,0.66,1.35,0.67
761.43,28,1.93,1.57,1.31,0.68,0.82,0.39,1.01,1.12,1.35,1.1,0.78,1.33,0.66,1.35,0.66
762.43,28,1.92,1.57,1.31,0.66,0.82,0.38,1,1.11,1.34,1.1,0.77,1.32,0.66,1.34,0.66
763.43,28,1.92,1.56,1.29,0.67,0.82,0.37,1.01,1.11,1.34,1.09,0.78,1.32,0.66,1.35,0.66
764.43,28,1.92,1.56,1.3,0.66,0.82,0.38,1.01,1.12,1.33,1.1,0.77,1.31,0.66,1.35,0.66
765.45,28,1.93,1.56,1.3,0.67,0.82,0.38,1,1.11,1.34,1.09,0.77,1.32,0.66,1.35,0.66
766.45,28,1.92,1.54,1.29,0.66,0.81,0.37,0.99,1.11,1.34,1.08,0.77,1.32,0.66,1.35,0.66
767.45,28,1.92,1.56,1.3,0.66,0.81,0.37,1,1.11,1.34,1.09,0.77,1.32,0.66,1.35,0.66
768.45,28,1.92,1.56,1.3,0.66,0.81,0.37,1,1.11,1.35,1.09,0.77,1.32,0.66,1.35,0.66
769.45,28,1.92,1.56,1.3,0.67,0.82,0.37,1,1.12,1.34,1.1,0.77,1.32,0.66,1.34,0.67
770.45,28,1.92,1.56,1.3,0.67,0.82,0.37,1,1.11,1.34,1.08,0.77,1.32,0.66,1.35,0.66
771.47,28,1.92,1.56,1.3,0.68,0.82,0.37,1.01,1.12,1.34,1.1,0.78,1.32,0.66,1.35,0.66
772.47,28,1.92,1.55,1.3,0.67,0.82,0.37,1,1.11,1.33,1.09,0.77,1.31,0.66,1.34,0.66
773.47,28,1.92,1.56,1.3,0.66,0.81,0.37,0.99,1.11,1.33,1.09,0.77,1.31,0.66,1.35,0.66
774.47,28,1.91,1.56,1.3,0.66,0.81,0.37,1,1.1,1.33,1.08,0.77,1.31,0.66,1.35,0.66
775.47,28,1.93,1.56,1.3,0.66,0.82,0.38,1.01,1.11,1.34,1.09,0.78,1.31,0.66,1.34,0.66
776.48,28,1.92,1.56,1.3,0.66,0.82,0.36,1,1.1,1.34,1.09,0.77,1.32,0.66,1.35,0.66
777.48,28,1.92,1.56,1.3,0.66,0.82,0.37,1,1.11,1.34,1.09,0.77,1.31,0.66,1.34,0.66
778.5,28,1.93,1.56,1.3,0.67,0.82,0.37,1,1.11,1.33,1.1,0.77,1.32,0.66,1.35,0.66
779.5,28,1.92,1.55,1.3,0.66,0.8,0.36,0.99,1.11,1.32,1.09,0.77,1.31,0.66,1.34,0.66
780.5,28,1.92,1.56,1.3,0.66,0.82,0.37,1,1.12,1.34,1.09,0.77,1.32,0.66,1.35,0.66
781.5,28,1.92,1.55,1.3,0.66,0.8,0.37,0.99,1.1,1.33,1.09,0.77,1.32,0.66,1.34,0.66
782.52,28,1.92,1.55,1.3,0.66,0.82,0.37,1,1.11,1.33,1.09,0.77,1.31,0.66,1.34,0.66
783.52,28,1.91,1.55,1.3,0.66,0.8,0.36,1,1.1,1.33,1.08,0.77,1.32,0.66,1.34,0.66
784.52,28,1.92,1.55,1.3,0.66,0.82,0.36,1,1.11,1.34,1.1,0.77,1.32,0.66,1.35,0.66
785.52,28,1.93,1.56,1.31,0.66,0.82,0.37,1,1.11,1.34,1.09,0.77,1.32,0.66,1.35,0.66
786.52,28,1.92,1.56,1.3,0.66,0.82,0.37,0.99,1.11,1.34,1.1,0.77,1.32,0.66,1.35,0.66
787.53,28,1.92,1.56,1.3,0.66,0.82,0.36,1,1.1,1.34,1.09,0.78,1.32,0.66,1.34,0.66
788.53,28,1.92,1.56,1.3,0.66,0.82,0.37,0.99,1.11,1.34,1.1,0.77,1.32,0.66,1.35,0.66
789.53,28,1.93,1.56,1.3,0.67,0.82,0.38,1.01,1.11,1.34,1.1,0.77,1.32,0.66,1.35,0.66
790.53,28,1.92,1.56,1.3,0.67,0.82,0.37,1,1.11,1.35,1.1,0.77,1.32,0.66,1.35,0.66
791.55,28,1.92,1.56,1.29,0.66,0.8,0.37,1,1.1,1.33,1.09,0.77,1.31,0.66,1.35,0.66
792.55,28,1.92,1.56,1.3,0.67,0.82,0.37,1.01,1.12,1.34,1.1,0.77,1.31,0.66,1.35,0.66
793.55,28,1.92,1.55,1.3,0.66,0.8,0.37,1,1.11,1.34,1.08,0.77,1.31,0.66,1.34,0.66
794.55,28,1.92,1.56,1.3,0.66,0.82,0.37,1,1.11,1.33,1.09,0.77,1.31,0.66,1.34,0.66
795.55,28,1.92,1.55,1.29,0.66,0.81,0.36,0.99,1.1,1.34,1.08,0.77,1.31,0.65,1.34,0.66
796.57,28,1.91,1.55,1.29,0.66,0.8,0.36,1,1.1,1.33,1.09,0.77,1.31,0.66,1.35,0.66
797.57,28,1.93,1.56,1.3,0.67,0.81,0.36,1.01,1.1,1.34,1.09,0.77,1.32,0.66,1.35,0.66
798.57,28,1.93,1.57,1.3,0.66,0.82,0.38,1.01,1.11,1.34,1.1,0.77,1.32,0.66,1.35,0.66
799.57,28,1.92,1.55,1.31,0.67,0.82,0.37,1.01,1.11,1.33,1.1,0.77,1.32,0.66,1.35,0.66
800.58,28,1.92,1.57,1.3,0.67,0.82,0.37,1,1.11,1.34,1.1,0.77,1.32,0.66,1.34,0.66
801.58,28,1.92,1.56,1.3,0.68,0.82,0.37,1,1.11,1.35,1.09,0.77,1.31,0.66,1.34,0.66
802.58,28,1.92,1.57,1.3,0.67,0.81,0.37,1,1.11,1.34,1.09,0.77,1.32,0.66,1.35,0.66
803.58,28,1.92,1.56,1.31,0.66,0.82,0.37,1,1.11,1.33,1.09,0.77,1.31,0.66,1.33,0.66
804.58,28,1.92,1.55,1.29,0.66,0.81,0.37,0.99,1.1,1.34,1.08,0.77,1.3,0.66,1.34,0.66
805.58,28,1.94,1.56,1.31,0.67,0.82,0.38,1.02,1.11,1.33,1.1,0.78,1.33,0.67,1.35,0.67
806.58,28,1.92,1.56,1.29,0.67,0.82,0.37,0.99,1.1,1.34,1.09,0.77,1.32,0.66,1.34,0.66
807.6,28,1.92,1.55,1.3,0.66,0.81,0.36,1,1.1,1.33,1.08,0.77,1.32,0.66,1.34,0.66
808.6,28,1.91,1.55,1.29,0.66,0.81,0.36,1,1.1,1.32,1.1,0.77,1.31,0.66,1.33,0.65
809.6,28,1.92,1.54,1.3,0.66,0.81,0.36,0.99,1.11,1.32,1.09,0.77,1.31,0.64,1.34,0.65
810.6,28,1.92,1.55,1.29,0.66,0.82,0.36,1,1.1,1.33,1.08,0.77,1.31,0.66,1.34,0.66
811.6,28,1.92,1.54,1.3,0.66,0.81,0.36,1,1.1,1.33,1.09,0.77,1.31,0.66,1.34,0.66
812.6,28,1.93,1.56,1.3,0.66,0.82,0.36,1,1.11,1.34,1.09,0.77,1.31,0.66,1.35,0.66
813.6,28,1.93,1.55,1.3,0.66,0.82,0.37,1,1.1,1.34,1.09,0.77,1.32,0.66,1.34,0.66
814.62,28,1.92,1.56,1.3,0.68,0.82,0.37,1.01,1.11,1.35,1.09,0.77,1.32,0.66,1.35,0.66
815.62,28,1.93,1.56,1.29,0.67,0.82,0.37,1.01,1.11,1.33,1.1,0.77,1.32,0.66,1.35,0.66
816.62,28,1.93,1.55,1.3,0.66,0.82,0.37,1,1.11,1.34,1.1,0.77,1.32,0.66,1.34,0.66
817.62,28,1.92,1.55,1.29,0.66,0.82,0.37,1,1.11,1.33,1.09,0.77,1.31,0.66,1.33,0.66
818.62,28,1.92,1.56,1.29,0.66,0.81,0.37,1,1.11,1.35,1.09,0.77,1.33,0.66,1.35,0.66
819.63,28,1.92,1.55,1.3,0.67,0.81,0.36,0.99,1.11,1.33,1.08,0.77,1.31,0.66,1.34,0.66
820.63,28,1.92,1.55,1.29,0.66,0.81,0.37,1,1.1,1.32,1.08,0.77,1.31,0.66,1.35,0.66
821.63,28,1.91,1.55,1.28,0.66,0.81,0.36,1,1.1,1.33,1.07,0.77,1.31,0.65,1.34,0.66
822.63,28,1.93,1.56,1.3,0.67,0.82,0.37,1,1.11,1.33,1.09,0.77,1.31,0.66,1.35,0.66
823.65,28,1.92,1.55,1.29,0.66,0.81,0.37,0.99,1.11,1.34,1.08,0.77,1.3,0.65,1.34,0.66
824.65,28,1.92,1.55,1.29,0.66,0.81,0.36,0.99,1.1,1.34,1.07,0.77,1.31,0.66,1.33,0.66
825.65,28,1.93,1.56,1.3,0.66,0.82,0.38,1.01,1.11,1.34,1.09,0.77,1.32,0.66,1.35,0.66
826.65,28,1.91,1.55,1.29,0.66,0.8,0.36,0.99,1.1,1.33,1.08,0.76,1.3,0.66,1.33,0.66
827.65,28,1.92,1.54,1.29,0.66,0.81,0.36,0.99,1.1,1.33,1.08,0.77,1.31,0.66,1.34,0.66
828.65,28,1.92,1.57,1.3,0.66,0.81,0.37,0.99,1.1,1.33,1.08,0.77,1.31,0.66,1.34,0.66
829.65,28,1.92,1.55,1.29,0.66,0.82,0.37,1,1.1,1.33,1.1,0.77,1.31,0.66,1.33,0.66
830.67,28,1.92,1.55,1.3,0.66,0.82,0.36,1,1.11,1.33,1.08,0.77,1.32,0.66,1.34,0.66
831.67,28,1.92,1.55,1.29,0.66,0.81,0.36,1,1.1,1.32,1.08,0.77,1.31,0.66,1.34,0.66
832.67,28,1.92,1.54,1.3,0.66,0.81,0.37,1,1.1,1.33,1.09,0.77,1.31,0.66,1.33,0.66
833.67,28,1.92,1.55,1.29,0.66,0.82,0.37,1.01,1.1,1.33,1.09,0.77,1.31,0.66,1.34,0.66
834.67,28,1.92,1.55,1.3,0.66,0.81,0.36,0.99,1.1,1.34,1.08,0.77,1.3,0.65,1.33,0.66
835.67,28,1.92,1.55,1.3,0.66,0.81,0.36,0.99,1.1,1.34,1.08,0.77,1.31,0.66,1.34,0.66
836.67,28,1.91,1.54,1.29,0.66,0.8,0.36,0.99,1.1,1.33,1.09,0.76,1.31,0.66,1.34,0.66
837.67,28,1.92,1.55,1.3,0.66,0.81,0.36,1,1.1,1.34,1.08,0.77,1.31,0.66,1.35,0.66
838.67,28,1.92,1.56,1.29,0.66,0.81,0.36,1,1.11,1.33,1.08,0.77,1.31,0.65,1.34,0.66
839.68,28,1.91,1.54,1.29,0.66,0.81,0.36,0.99,1.1,1.32,1.08,0.77,1.3,0.65,1.34,0.65
840.68,28,1.93,1.56,1.31,0.67,0.82,0.37,1,1.11,1.34,1.1,0.77,1.32,0.66,1.35,0.66
841.7,28,1.92,1.54,1.29,0.66,0.81,0.36,0.99,1.1,1.32,1.08,0.76,1.31,0.65,1.34,0.65
842.7,28,1.93,1.55,1.31,0.67,0.82,0.37,1.01,1.11,1.34,1.1,0.77,1.33,0.66,1.35,0.67
843.7,28,1.92,1.56,1.29,0.66,0.81,0.37,1,1.1,1.33,1.08,0.77,1.31,0.66,1.34,0.66
844.72,28,1.94,1.57,1.3,0.66,0.82,0.36,1.01,1.12,1.35,1.1,0.77,1.32,0.66,1.35,0.66
845.72,28,1.92,1.55,1.29,0.66,0.81,0.36,1,1.1,1.33,1.09,0.77,1.31,0.66,1.34,0.66
846.72,28,1.92,1.55,1.3,0.66,0.81,0.37,1,1.11,1.33,1.09,0.77,1.3,0.66,1.34,0.66
847.72,28,1.92,1.56,1.3,0.66,0.8,0.36,0.99,1.1,1.34,1.08,0.77,1.31,0.65,1.32,0.65
848.72,28,1.92,1.56,1.3,0.67,0.82,0.37,1.01,1.11,1.34,1.09,0.77,1.31,0.66,1.35,0.66
849.73,28,1.93,1.56,1.3,0.67,0.81,0.37,1,1.11,1.34,1.09,0.77,1.32,0.66,1.34,0.66
850.73,28,1.93,1.57,1.3,0.66,0.81,0.38,1.01,1.11,1.34,1.1,0.77,1.31,0.66,1.35,0.66
851.73,28,1.92,1.55,1.29,0.66,0.82,0.37,0.99,1.1,1.34,1.09,0.77,1.32,0.66,1.34,0.66
852.75,28,1.92,1.56,1.29,0.66,0.81,0.37,0.99,1.1,1.32,1.09,0.76,1.31,0.66,1.32,0.66
853.75,28,1.92,1.55,1.31,0.66,0.82,0.36,0.99,1.11,1.33,1.09,0.77,1.31,0.66,1.34,0.66
854.75,28,1.92,1.55,1.3,0.66,0.81,0.37,0.99,1.1,1.34,1.09,0.77,1.32,0.66,1.35,0.66
855.77,28,1.92,1.56,1.29,0.67,0.81,0.36,1.01,1.11,1.34,1.09,0.77,1.32,0.65,1.34,0.66
856.77,28,1.92,1.55,1.28,0.66,0.81,0.36,1,1.11,1.33,1.09,0.77,1.3,0.65,1.33,0.66
857.77,28,1.91,1.55,1.29,0.66,0.81,0.36,0.99,1.1,1.33,1.09,0.77,1.31,0.66,1.33,0.66
858.77,28,1.94,1.56,1.3,0.67,0.81,0.37,1,1.1,1.34,1.08,0.77,1.32,0.66,1.34,0.66
859.77,28,1.93,1.57,1.3,0.66,0.82,0.36,1,1.11,1.34,1.1,0.77,1.31,0.66,1.34,0.66
860.77,28,1.91,1.55,1.29,0.66,0.81,0.36,1,1.11,1.33,1.09,0.77,1.31,0.66,1.34,0.66
861.77,28,1.92,1.56,1.29,0.66,0.81,0.36,0.99,1.1,1.33,1.09,0.77,1.31,0.66,1.34,0.66
862.77,28,1.93,1.56,1.3,0.67,0.81,0.36,1,1.11,1.34,1.1,0.77,1.33,0.66,1.35,0.66
863.77,28,1.92,1.55,1.3,0.67,0.81,0.36,1,1.1,1.34,1.08,0.76,1.31,0.66,1.33,0.65
864.77,28,1.92,1.55,1.3,0.66,0.81,0.37,1,1.11,1.34,1.08,0.77,1.32,0.66,1.34,0.65
865.77,28,1.93,1.56,1.29,0.66,0.82,0.37,1,1.1,1.34,1.1,0.77,1.31,0.66,1.35,0.66
866.77,28,1.92,1.56,1.3,0.66,0.82,0.37,1,1.1,1.33,1.09,0.77,1.31,0.66,1.35,0.66
867.78,28,1.92,1.55,1.3,0.66,0.81,0.36,0.99,1.1,1.34,1.09,0.77,1.31,0.66,1.34,0.66
868.78,28,1.92,1.56,1.29,0.66,0.81,0.36,0.99,1.11,1.34,1.09,0.77,1.31,0.66,1.33,0.66
869.78,28,1.92,1.54,1.29,0.66,0.82,0.36,1,1.11,1.33,1.09,0.77,1.32,0.65,1.34,0.66
870.78,28,1.93,1.55,1.29,0.66,0.81,0.36,1,1.1,1.33,1.09,0.77,1.3,0.66,1.35,0.66
871.78,28,1.92,1.55,1.29,0.66,0.82,0.36,0.99,1.1,1.33,1.08,0.76,1.3,0.66,1.33,0.66
872.8,28,1.93,1.56,1.29,0.67,0.8,0.36,1,1.11,1.34,1.09,0.77,1.31,0.66,1.34,0.66
873.8,28,1.93,1.56,1.3,0.67,0.82,0.37,1,1.11,1.33,1.09,0.77,1.31,0.66,1.34,0.66
874.8,28,1.91,1.54,1.29,0.66,0.8,0.36,0.99,1.1,1.33,1.09,0.76,1.3,0.66,1.33,0.66
875.8,28,1.92,1.55,1.29,0.66,0.81,0.36,0.99,1.1,1.32,1.08,0.76,1.31,0.65,1.34,0.66
876.82,28,1.93,1.56,1.3,0.67,0.82,0.37,1,1.1,1.34,1.09,0.77,1.32,0.66,1.35,0.66
877.82,28,1.91,1.54,1.28,0.65,0.8,0.36,0.99,1.1,1.32,1.07,0.77,1.3,0.65,1.33,0.65
878.82,28,1.91,1.55,1.29,0.66,0.81,0.36,0.99,1.1,1.33,1.09,0.76,1.31,0.65,1.33,0.66
879.82,28,1.93,1.55,1.29,0.66,0.82,0.37,1.01,1.11,1.34,1.09,0.77,1.31,0.66,1.34,0.67
880.82,28,1.92,1.54,1.29,0.66,0.81,0.37,1,1.1,1.33,1.08,0.77,1.3,0.66,1.34,0.66
881.82,28,1.91,1.55,1.29,0.66,0.81,0.36,0.99,1.1,1.32,1.08,0.76,1.31,0.66,1.33,0.66
882.82,28,1.94,1.56,1.3,0.67,0.81,0.36,1,1.11,1.35,1.09,0.77,1.32,0.66,1.35,0.66
883.83,28,1.92,1.55,1.29,0.66,0.81,0.36,0.99,1.1,1.33,1.08,0.76,1.3,0.65,1.33,0.66
884.83,28,1.93,1.56,1.3,0.66,0.82,0.37,1,1.11,1.33,1.1,0.77,1.31,0.66,1.35,0.66
885.83,28,1.93,1.55,1.29,0.66,0.81,0.36,0.99,1.1,1.33,1.09,0.77,1.31,0.65,1.34,0.66
886.83,28,1.92,1.56,1.29,0.66,0.82,0.36,1,1.11,1.34,1.08,0.77,1.31,0.66,1.34,0.66
887.83,28,1.92,1.56,1.29,0.66,0.82,0.36,0.99,1.11,1.35,1.09,0.77,1.31,0.66,1.35,0.66
888.83,28,1.92,1.54,1.3,0.67,0.8,0.36,1,1.1,1.33,1.09,0.77,1.3,0.66,1.34,0.66
889.85,28,1.91,1.54,1.29,0.66,0.81,0.36,0.99,1.1,1.33,1.09,0.76,1.31,0.66,1.33,0.66
890.85,28,1.93,1.56,1.3,0.66,0.82,0.36,1,1.11,1.34,1.1,0.77,1.32,0.66,1.35,0.66
891.85,28,1.92,1.54,1.28,0.66,0.81,0.36,0.99,1.1,1.32,1.09,0.77,1.31,0.65,1.33,0.66
892.85,28,1.92,1.56,1.29,0.66,0.81,0.36,0.99,1.1,1.33,1.08,0.77,1.31,0.65,1.34,0.66
893.85,28,1.93,1.57,1.3,0.66,0.82,0.37,1,1.11,1.34,1.1,0.77,1.32,0.66,1.34,0.66
894.87,28,1.93,1.55,1.29,0.66,0.81,0.36,1,1.1,1.33,1.08,0.77,1.32,0.66,1.34,0.66
895.87,28,1.93,1.56,1.3,0.66,0.81,0.36,1,1.1,1.34,1.09,0.77,1.32,0.66,1.34,0.66
896.87,28,1.92,1.56,1.3,0.66,0.8,0.37,1,1.1,1.33,1.09,0.77,1.32,0.66,1.33,0.66
897.87,28,1.93,1.56,1.3,0.67,0.82,0.36,1.01,1.1,1.35,1.09,0.77,1.32,0.66,1.34,0.66
898.88,28,1.93,1.57,1.31,0.67,0.82,0.37,1,1.1,1.33,1.09,0.77,1.31,0.66,1.34,0.66
899.88,28,1.92,1.56,1.3,0.67,0.82,0.37,1.01,1.11,1.34,1.1,0.77,1.31,0.66,1.34,0.66
900.88,28,1.92,1.55,1.3,0.66,0.81,0.36,1,1.1,1.33,1.08,0.76,1.31,0.66,1.33,0.65
901.88,28,1.92,1.56,1.29,0.67,0.81,0.37,1,1.1,1.34,1.09,0.77,1.31,0.66,1.34,0.66
902.88,28,1.92,1.55,1.3,0.66,0.81,0.36,1,1.1,1.33,1.09,0.77,1.3,0.66,1.33,0.66
903.88,28,1.92,1.55,1.3,0.66,0.81,0.36,0.99,1.1,1.33,1.08,0.77,1.32,0.66,1.34,0.66
904.88,28,1.93,1.55,1.29,0.66,0.81,0.36,0.99,1.1,1.34,1.08,0.77,1.31,0.66,1.34,0.66
905.9,28,1.93,1.56,1.3,0.67,0.82,0.36,1,1.1,1.33,1.09,0.77,1.32,0.66,1.35,0.66
906.9,28,1.92,1.55,1.29,0.66,0.81,0.36,0.99,1.1,1.33,1.08,0.77,1.32,0.66,1.35,0.66
907.9,28,1.92,1.56,1.29,0.66,0.81,0.37,1,1.1,1.34,1.09,0.77,1.31,0.66,1.35,0.66
908.92,28,1.92,1.55,1.29,0.66,0.81,0.36,1,1.1,1.33,1.08,0.77,1.31,0.66,1.34,0.66
909.92,28,1.92,1.55,1.29,0.66,0.81,0.36,1,1.1,1.34,1.09,0.77,1.32,0.66,1.35,0.66
910.92,28,1.93,1.55,1.29,0.66,0.8,0.36,1,1.1,1.32,1.08,0.77,1.31,0.66,1.34,0.66
911.92,28,1.94,1.56,1.3,0.66,0.82,0.36,1,1.1,1.34,1.09,0.77,1.31,0.66,1.34,0.66
912.92,28,1.92,1.56,1.29,0.66,0.81,0.37,1,1.11,1.33,1.09,0.77,1.31,0.66,1.34,0.66
913.93,28,1.93,1.56,1.29,0.66,0.82,0.36,1.01,1.1,1.33,1.09,0.77,1.31,0.66,1.34,0.66
914.93,28,1.92,1.55,1.29,0.66,0.81,0.36,1,1.1,1.33,1.09,0.77,1.31,0.66,1.34,0.66
915.93,28,1.92,1.55,1.3,0.66,0.81,0.37,0.99,1.1,1.34,1.09,0.77,1.32,0.65,1.35,0.66
916.95,28,1.92,1.56,1.3,0.66,0.82,0.36,1,1.1,1.33,1.09,0.77,1.31,0.66,1.34,0.66
917.95,28,1.93,1.55,1.3,0.67,0.81,0.36,1,1.1,1.33,1.08,0.77,1.31,0.66,1.34,0.66
918.95,28,1.92,1.57,1.3,0.67,0.82,0.36,1,1.1,1.34,1.09,0.77,1.3,0.66,1.34,0.66
919.95,28,1.92,1.55,1.29,0.66,0.81,0.36,1,1.1,1.33,1.09,0.77,1.31,0.66,1.34,0.66
920.97,28,1.92,1.55,1.29,0.66,0.82,0.36,0.99,1.1,1.34,1.09,0.77,1.32,0.66,1.33,0.66
921.97,28,1.92,1.56,1.3,0.67,0.82,0.36,1.01,1.1,1.33,1.09,0.77,1.32,0.66,1.34,0.66
922.97,28,1.92,1.56,1.31,0.67,0.81,0.37,0.99,1.1,1.33,1.08,0.77,1.31,0.66,1.34,0.66
923.97,28,1.92,1.55,1.29,0.66,0.81,0.36,1,1.1,1.34,1.08,0.77,1.31,0.66,1.34,0.66
924.97,28,1.91,1.54,1.28,0.66,0.8,0.36,0.99,1.1,1.32,1.08,0.76,1.3,0.65,1.33,0.66
925.98,28,1.92,1.55,1.3,0.66,0.81,0.37,1,1.1,1.34,1.09,0.77,1.31,0.65,1.34,0.66
926.98,28,1.94,1.56,1.3,0.68,0.82,0.37,1.01,1.11,1.34,1.1,0.77,1.32,0.66,1.35,0.67
927.98,28,1.93,1.55,1.29,0.67,0.81,0.37,0.99,1.1,1.34,1.09,0.77,1.32,0.65,1.34,0.66
928.98,28,1.92,1.55,1.29,0.66,0.81,0.36,1,1.1,1.32,1.09,0.77,1.31,0.66,1.35,0.66
930,28,1.92,1.55,1.29,0.66,0.81,0.36,0.99,1.1,1.34,1.08,0.76,1.31,0.65,1.33,0.66
931,28,1.94,1.56,1.3,0.67,0.81,0.36,1.01,1.1,1.34,1.1,0.77,1.32,0.66,1.35,0.66
932,28,1.92,1.54,1.28,0.66,0.81,0.36,0.99,1.1,1.32,1.09,0.77,1.31,0.65,1.34,0.66
933.02,28,1.93,1.56,1.3,0.67,0.82,0.37,1.01,1.1,1.34,1.09,0.77,1.32,0.66,1.34,0.67
934.02,28,1.93,1.55,1.29,0.67,0.8,0.36,0.99,1.1,1.33,1.08,0.77,1.31,0.65,1.33,0.66
935.02,28,1.92,1.55,1.3,0.66,0.81,0.36,1,1.1,1.33,1.08,0.76,1.32,0.65,1.34,0.66
936.02,28,1.93,1.55,1.29,0.66,0.81,0.36,1,1.1,1.34,1.07,0.77,1.31,0.65,1.33,0.66
937.03,28,1.93,1.56,1.3,0.67,0.82,0.36,1.01,1.11,1.34,1.09,0.77,1.33,0.66,1.35,0.66
938.03,28,1.93,1.56,1.3,0.67,0.82,0.36,1,1.11,1.33,1.1,0.77,1.32,0.66,1.35,0.66
939.03,28,1.94,1.56,1.3,0.67,0.82,0.38,1.01,1.1,1.34,1.09,0.77,1.32,0.66,1.35,0.66
940.03,28,1.93,1.55,1.29,0.66,0.81,0.36,1,1.1,1.34,1.08,0.76,1.31,0.66,1.33,0.66
941.03,28,1.93,1.56,1.3,0.66,0.82,0.36,1,1.1,1.34,1.09,0.77,1.31,0.65,1.34,0.67
942.03,28,1.93,1.54,1.28,0.66,0.81,0.36,0.99,1.1,1.33,1.08,0.76,1.31,0.65,1.32,0.65
943.05,28,1.92,1.54,1.29,0.66,0.81,0.36,0.99,1.1,1.33,1.09,0.76,1.32,0.65,1.33,0.66
944.05,28,1.92,1.55,1.29,0.66,0.81,0.36,0.99,1.1,1.32,1.08,0.77,1.3,0.65,1.33,0.66
945.05,28,1.92,1.54,1.29,0.66,0.81,0.36,1,1.1,1.34,1.09,0.77,1.31,0.66,1.34,0.66
946.05,28,1.92,1.54,1.28,0.66,0.82,0.36,1,1.1,1.33,1.08,0.76,1.31,0.65,1.33,0.66
947.07,28,1.92,1.56,1.3,0.66,0.81,0.37,1,1.11,1.33,1.09,0.76,1.31,0.66,1.34,0.66
948.07,28,1.93,1.55,1.29,0.66,0.81,0.36,1.01,1.1,1.33,1.09,0.77,1.31,0.66,1.34,0.66
949.07,28,1.92,1.55,1.29,0.66,0.81,0.37,0.99,1.1,1.34,1.09,0.77,1.31,0.66,1.33,0.66
950.07,28,1.93,1.56,1.3,0.66,0.82,0.37,1,1.1,1.33,1.08,0.77,1.32,0.66,1.35,0.66
951.08,28,1.92,1.54,1.29,0.66,0.81,0.36,0.99,1.1,1.33,1.08,0.77,1.3,0.65,1.33,0.66
952.08,28,1.91,1.54,1.29,0.66,0.8,0.35,0.99,1.1,1.33,1.08,0.76,1.3,0.66,1.33,0.66
953.08,28,1.92,1.54,1.29,0.66,0.81,0.35,0.99,1.1,1.32,1.08,0.77,1.31,0.65,1.34,0.66
954.08,28,1.92,1.55,1.29,0.67,0.8,0.36,1,1.1,1.34,1.08,0.77,1.3,0.66,1.34,0.66
955.1,28,1.93,1.55,1.3,0.67,0.82,0.36,1,1.1,1.33,1.08,0.77,1.32,0.66,1.35,0.66
956.1,28,1.92,1.55,1.29,0.66,0.81,0.36,0.99,1.1,1.34,1.09,0.77,1.31,0.66,1.33,0.66
957.1,28,1.93,1.56,1.29,0.67,0.81,0.36,0.99,1.11,1.33,1.09,0.76,1.31,0.66,1.34,0.66
958.12,28,1.93,1.56,1.29,0.67,0.81,0.36,1,1.1,1.34,1.08,0.77,1.31,0.66,1.34,0.66
959.12,28,1.92,1.54,1.29,0.67,0.81,0.36,0.99,1.1,1.33,1.08,0.77,1.32,0.65,1.34,0.66
960.12,28,1.92,1.54,1.29,0.66,0.81,0.36,1,1.1,1.34,1.09,0.77,1.31,0.66,1.34,0.66
961.12,28,1.92,1.54,1.29,0.66,0.8,0.36,0.99,1.1,1.32,1.09,0.77,1.3,0.66,1.33,0.66
962.12,28,1.92,1.55,1.3,0.67,0.8,0.36,0.99,1.1,1.33,1.08,0.77,1.31,0.65,1.34,0.66
963.12,28,1.92,1.55,1.3,0.66,0.81,0.36,0.99,1.1,1.34,1.09,0.77,1.32,0.65,1.34,0.66
964.13,28,1.92,1.55,1.3,0.66,0.82,0.36,1,1.1,1.32,1.09,0.77,1.32,0.66,1.33,0.66
965.13,28,1.93,1.54,1.29,0.67,0.81,0.36,0.99,1.1,1.33,1.08,0.76,1.31,0.65,1.34,0.66
966.13,28,1.92,1.54,1.29,0.66,0.8,0.36,1,1.1,1.33,1.07,0.76,1.3,0.65,1.32,0.65
967.13,28,1.92,1.55,1.29,0.67,0.81,0.36,0.99,1.1,1.33,1.08,0.76,1.3,0.65,1.33,0.66
968.15,28,1.93,1.55,1.3,0.67,0.82,0.37,1.01,1.11,1.34,1.1,0.77,1.32,0.66,1.34,0.66
969.15,28,1.92,1.54,1.29,0.66,0.8,0.35,0.99,1.1,1.33,1.08,0.76,1.3,0.65,1.33,0.66
970.15,28,1.92,1.54,1.28,0.65,0.8,0.35,0.99,1.09,1.32,1.08,0.76,1.3,0.64,1.32,0.65
971.15,28,1.93,1.57,1.3,0.66,0.82,0.36,1.01,1.11,1.34,1.08,0.77,1.32,0.66,1.34,0.66
972.17,28,1.93,1.55,1.29,0.66,0.81,0.36,0.99,1.1,1.32,1.09,0.76,1.3,0.66,1.34,0.66
973.17,28,1.92,1.54,1.28,0.66,0.8,0.36,1,1.1,1.33,1.08,0.77,1.3,0.66,1.33,0.65
974.18,28,1.93,1.56,1.29,0.67,0.81,0.36,1,1.11,1.34,1.09,0.77,1.32,0.66,1.33,0.66
975.18,28,1.93,1.55,1.29,0.67,0.82,0.36,1,1.1,1.34,1.09,0.77,1.31,0.66,1.34,0.66
976.18,28,1.92,1.55,1.29,0.66,0.8,0.36,0.99,1.1,1.32,1.07,0.77,1.3,0.66,1.34,0.66
977.18,28,1.92,1.55,1.29,0.67,0.81,0.36,0.99,1.1,1.34,1.08,0.77,1.32,0.66,1.33,0.66
978.18,28,1.93,1.54,1.29,0.67,0.8,0.36,0.99,1.1,1.32,1.09,0.77,1.31,0.66,1.34,0.66
979.18,28,1.93,1.56,1.3,0.67,0.81,0.36,0.99,1.1,1.33,1.09,0.77,1.31,0.66,1.34,0.66
980.2,28,1.93,1.54,1.29,0.66,0.81,0.36,1.01,1.1,1.33,1.09,0.77,1.32,0.66,1.34,0.66
981.2,28,1.92,1.54,1.29,0.66,0.8,0.36,0.99,1.1,1.33,1.08,0.77,1.31,0.65,1.32,0.66
982.22,28,1.93,1.56,1.29,0.67,0.82,0.36,0.99,1.1,1.34,1.09,0.77,1.31,0.66,1.35,0.66
983.22,28,1.93,1.55,1.3,0.66,0.82,0.36,1.01,1.1,1.33,1.09,0.77,1.32,0.66,1.34,0.66
984.22,28,1.94,1.55,1.29,0.66,0.82,0.36,1.01,1.1,1.34,1.09,0.77,1.32,0.65,1.35,0.66
985.22,28,1.92,1.54,1.28,0.66,0.8,0.36,0.99,1.1,1.32,1.08,0.75,1.3,0.64,1.33,0.65
986.22,28,1.93,1.54,1.29,0.66,0.8,0.36,0.99,1.1,1.33,1.09,0.77,1.3,0.65,1.33,0.66
987.23,28,1.92,1.55,1.29,0.66,0.8,0.36,0.99,1.1,1.32,1.08,0.77,1.31,0.65,1.33,0.66
988.23,28,1.92,1.54,1.29,0.66,0.8,0.35,0.99,1.1,1.33,1.08,0.76,1.3,0.65,1.33,0.66
989.23,28,1.92,1.55,1.29,0.66,0.8,0.36,1,1.1,1.33,1.08,0.77,1.31,0.66,1.33,0.66
990.25,28,1.93,1.55,1.3,0.66,0.81,0.36,1,1.1,1.34,1.09,0.77,1.31,0.66,1.34,0.66
991.25,28,1.93,1.54,1.29,0.66,0.8,0.36,0.99,1.1,1.33,1.09,0.77,1.31,0.65,1.33,0.66
992.25,28,1.93,1.55,1.29,0.66,0.8,0.35,0.99,1.1,1.32,1.08,0.77,1.31,0.64,1.33,0.66
993.25,28,1.92,1.55,1.29,0.67,0.82,0.36,0.99,1.11,1.33,1.09,0.77,1.3,0.66,1.34,0.66
994.25,28,1.93,1.54,1.29,0.66,0.81,0.36,0.99,1.1,1.33,1.08,0.77,1.32,0.66,1.34,0.65
995.25,28,1.92,1.54,1.28,0.66,0.8,0.36,0.99,1.1,1.33,1.08,0.77,1.31,0.65,1.32,0.66
996.25,28,1.93,1.54,1.28,0.66,0.81,0.36,1,1.1,1.33,1.09,0.77,1.31,0.66,1.34,0.66
997.27,28,1.93,1.55,1.29,0.66,0.8,0.36,0.99,1.1,1.34,1.09,0.77,1.31,0.66,1.34,0.66
998.27,28,1.93,1.56,1.29,0.66,0.81,0.36,1,1.1,1.33,1.08,0.77,1.3,0.65,1.33,0.65
999.27,28,1.93,1.55,1.3,0.66,0.81,0.36,1,1.1,1.33,1.09,0.77,1.32,0.66,1.33,0.66
1000.27,28,1.93,1.55,1.29,0.66,0.82,0.36,0.99,1.1,1.33,1.09,0.77,1.31,0.66,1.33,0.66
1001.27,28,1.93,1.54,1.28,0.66,0.79,0.36,0.99,1.1,1.32,1.08,0.76,1.3,0.65,1.33,0.65
1002.27,28,1.92,1.54,1.28,0.66,0.8,0.36,0.99,1.1,1.33,1.08,0.76,1.3,0.66,1.34,0.66
1003.27,28,1.91,1.54,1.28,0.66,0.79,0.35,0.99,1.09,1.33,1.07,0.75,1.3,0.64,1.33,0.66
1004.27,28,1.92,1.55,1.3,0.66,0.81,0.36,1,1.1,1.33,1.09,0.77,1.31,0.66,1.33,0.66
1005.28,28,1.91,1.55,1.28,0.66,0.8,0.36,0.99,1.09,1.32,1.07,0.75,1.3,0.65,1.32,0.65
1006.28,28,1.92,1.55,1.28,0.66,0.8,0.35,0.99,1.1,1.32,1.08,0.77,1.29,0.65,1.33,0.66
1007.28,28,1.92,1.54,1.29,0.66,0.8,0.36,0.99,1.1,1.33,1.08,0.77,1.31,0.65,1.34,0.66
1008.28,28,1.93,1.54,1.29,0.66,0.8,0.36,0.99,1.1,1.33,1.09,0.77,1.3,0.66,1.34,0.66
1009.28,28,1.93,1.54,1.28,0.66,0.8,0.35,0.99,1.1,1.32,1.08,0.75,1.31,0.66,1.33,0.66
1010.3,28,1.91,1.54,1.28,0.66,0.81,0.36,0.99,1.09,1.33,1.09,0.76,1.3,0.64,1.33,0.66
1011.3,28,1.93,1.55,1.29,0.66,0.81,0.36,0.99,1.1,1.32,1.08,0.77,1.31,0.65,1.33,0.66
1012.3,28,1.93,1.55,1.29,0.66,0.81,0.36,1,1.1,1.33,1.08,0.76,1.3,0.66,1.34,0.66
1013.3,28,1.92,1.54,1.28,0.66,0.8,0.36,0.99,1.1,1.32,1.08,0.76,1.29,0.65,1.33,0.66
1014.3,28,1.92,1.54,1.28,0.66,0.8,0.35,0.99,1.1,1.32,1.08,0.76,1.3,0.65,1.32,0.66
1015.3,28,1.92,1.54,1.29,0.66,0.8,0.36,1,1.1,1.33,1.07,0.77,1.31,0.65,1.32,0.66
1016.3,28,1.93,1.54,1.29,0.66,0.81,0.36,1,1.1,1.34,1.09,0.77,1.31,0.66,1.34,0.66
1017.3,28,1.93,1.54,1.29,0.66,0.8,0.36,0.99,1.1,1.33,1.08,0.76,1.3,0.65,1.34,0.66
1018.32,28,1.93,1.55,1.29,0.67,0.81,0.36,1,1.1,1.33,1.09,0.77,1.3,0.66,1.33,0.66
1019.32,28,1.93,1.55,1.28,0.66,0.81,0.36,0.99,1.1,1.33,1.08,0.76,1.3,0.65,1.32,0.66
1020.32,28,1.93,1.54,1.28,0.66,0.8,0.36,0.99,1.1,1.33,1.08,0.76,1.3,0.65,1.33,0.66
1021.32,28,1.94,1.56,1.3,0.66,0.81,0.36,1,1.1,1.33,1.08,0.77,1.32,0.66,1.34,0.66
1022.32,28,1.91,1.54,1.28,0.66,0.8,0.35,0.99,1.09,1.32,1.08,0.76,1.3,0.65,1.32,0.65
1023.32,28,1.93,1.54,1.29,0.67,0.81,0.36,0.99,1.09,1.33,1.08,0.76,1.31,0.65,1.33,0.66
1024.32,28,1.93,1.55,1.29,0.66,0.81,0.36,1,1.1,1.33,1.09,0.77,1.3,0.65,1.33,0.66
1025.32,28,1.93,1.54,1.29,0.66,0.8,0.36,0.99,1.1,1.34,1.08,0.77,1.31,0.66,1.33,0.66
1026.32,28,1.92,1.54,1.3,0.66,0.81,0.35,0.99,1.1,1.33,1.08,0.77,1.3,0.66,1.33,0.66
1027.33,28,1.92,1.55,1.28,0.66,0.81,0.36,1,1.1,1.33,1.08,0.76,1.31,0.66,1.33,0.66
1028.33,28,1.93,1.54,1.3,0.67,0.81,0.36,0.99,1.1,1.33,1.08,0.77,1.31,0.66,1.34,0.66
1029.33,28,1.93,1.55,1.28,0.66,0.8,0.36,0.99,1.1,1.33,1.08,0.76,1.31,0.64,1.33,0.66
1030.33,28,1.93,1.54,1.29,0.66,0.81,0.36,1,1.1,1.33,1.08,0.77,1.31,0.66,1.34,0.66
1031.33,28,1.93,1.55,1.29,0.66,0.81,0.36,1,1.1,1.32,1.07,0.77,1.31,0.66,1.33,0.66
1032.35,28,1.93,1.54,1.29,0.66,0.81,0.36,0.99,1.1,1.33,1.08,0.76,1.3,0.65,1.32,0.66
1033.35,28,1.94,1.56,1.29,0.66,0.81,0.36,1,1.1,1.34,1.09,0.76,1.31,0.66,1.33,0.66
1034.35,28,1.93,1.54,1.28,0.66,0.8,0.36,0.99,1.1,1.32,1.07,0.76,1.3,0.65,1.32,0.65
1035.37,28,1.93,1.55,1.29,0.66,0.81,0.36,0.99,1.1,1.33,1.08,0.77,1.31,0.66,1.33,0.66
1036.37,28,1.93,1.55,1.3,0.66,0.81,0.36,1,1.1,1.34,1.09,0.77,1.32,0.66,1.34,0.66
1037.37,28,1.93,1.54,1.28,0.66,0.79,0.35,0.99,1.1,1.32,1.08,0.76,1.29,0.65,1.32,0.66
1038.37,28,1.92,1.55,1.28,0.66,0.8,0.36,0.99,1.1,1.33,1.08,0.77,1.31,0.65,1.33,0.66
1039.38,28,1.93,1.56,1.3,0.67,0.8,0.36,1,1.1,1.33,1.08,0.76,1.31,0.66,1.34,0.66
1040.38,28,1.92,1.55,1.28,0.66,0.8,0.36,0.99,1.1,1.32,1.07,0.76,1.3,0.64,1.32,0.65
1041.38,28,1.93,1.54,1.29,0.66,0.81,0.36,1,1.1,1.33,1.09,0.77,1.31,0.66,1.34,0.66
1042.4,28,1.92,1.54,1.28,0.66,0.81,0.36,0.99,1.09,1.32,1.09,0.76,1.31,0.65,1.33,0.66
1043.4,28,1.92,1.54,1.28,0.66,0.8,0.36,0.99,1.09,1.33,1.08,0.76,1.3,0.65,1.34,0.66
1044.4,28,1.92,1.54,1.29,0.66,0.81,0.36,1,1.1,1.34,1.08,0.76,1.31,0.66,1.34,0.66
1045.42,28,1.93,1.56,1.29,0.66,0.82,0.36,1,1.1,1.33,1.09,0.76,1.3,0.65,1.34,0.66
1046.42,28,1.93,1.54,1.29,0.67,0.81,0.36,0.99,1.1,1.33,1.08,0.77,1.31,0.66,1.34,0.66
1047.42,28,1.92,1.55,1.29,0.66,0.8,0.36,1,1.1,1.32,1.08,0.77,1.3,0.66,1.33,0.66
1048.42,28,1.93,1.54,1.28,0.66,0.8,0.36,0.99,1.1,1.33,1.08,0.77,1.31,0.65,1.33,0.66
1049.42,28,1.93,1.54,1.29,0.66,0.81,0.36,0.99,1.1,1.33,1.09,0.77,1.31,0.65,1.33,0.66
1050.42,28,1.93,1.55,1.29,0.66,0.81,0.36,0.99,1.1,1.32,1.08,0.77,1.31,0.65,1.33,0.66
1051.42,28,1.93,1.54,1.28,0.66,0.81,0.36,0.99,1.1,1.33,1.08,0.77,1.31,0.65,1.34,0.66
1052.43,28,1.93,1.55,1.29,0.66,0.81,0.36,0.99,1.1,1.33,1.08,0.77,1.3,0.66,1.33,0.66
1053.43,28,1.93,1.54,1.28,0.66,0.8,0.36,1,1.1,1.34,1.08,0.76,1.29,0.65,1.32,0.66
1054.43,28,1.92,1.54,1.28,0.66,0.8,0.36,0.99,1.1,1.33,1.07,0.76,1.3,0.64,1.34,0.65
1055.43,28,1.94,1.55,1.3,0.66,0.81,0.36,1,1.1,1.32,1.09,0.77,1.31,0.66,1.34,0.66
1056.43,28,1.94,1.55,1.29,0.66,0.81,0.36,1,1.1,1.34,1.08,0.76,1.32,0.65,1.33,0.66
1057.43,28,1.93,1.54,1.3,0.66,0.8,0.36,1,1.1,1.34,1.07,0.77,1.3,0.66,1.34,0.66
1058.45,28,1.93,1.55,1.29,0.66,0.81,0.36,1,1.1,1.34,1.09,0.77,1.31,0.66,1.34,0.66
1059.45,28,1.93,1.55,1.29,0.66,0.81,0.36,1,1.1,1.34,1.08,0.77,1.31,0.66,1.34,0.66
1060.45,28,1.94,1.55,1.29,0.67,0.81,0.36,1,1.1,1.34,1.08,0.77,1.3,0.66,1.33,0.66
1061.45,28,1.93,1.54,1.28,0.66,0.81,0.36,0.99,1.1,1.33,1.08,0.77,1.3,0.66,1.34,0.66
1062.45,28,1.93,1.54,1.29,0.66,0.81,0.36,0.99,1.1,1.34,1.08,0.77,1.3,0.66,1.34,0.65
1063.47,28,1.93,1.55,1.29,0.66,0.81,0.36,0.99,1.1,1.33,1.08,0.76,1.31,0.66,1.33,0.66
1064.47,28,1.92,1.54,1.29,0.66,0.8,0.36,1,1.09,1.32,1.09,0.77,1.31,0.65,1.34,0.66
1065.48,28,1.93,1.55,1.29,0.67,0.81,0.36,1,1.1,1.33,1.09,0.77,1.31,0.66,1.34,0.66
1066.48,28,1.93,1.54,1.29,0.66,0.81,0.36,0.99,1.09,1.33,1.08,0.77,1.31,0.65,1.34,0.66
1067.48,28,1.93,1.54,1.28,0.66,0.81,0.36,0.99,1.09,1.33,1.08,0.75,1.31,0.65,1.32,0.66
1068.48,28,1.93,1.55,1.29,0.67,0.82,0.36,1.01,1.1,1.34,1.09,0.77,1.32,0.66,1.35,0.67
1069.5,28,1.92,1.54,1.29,0.66,0.8,0.36,0.99,1.09,1.33,1.08,0.76,1.3,0.65,1.32,0.65
1070.5,28,1.93,1.56,1.3,0.67,0.82,0.36,1.01,1.1,1.34,1.09,0.77,1.31,0.66,1.34,0.66
1071.5,28,1.93,1.55,1.29,0.66,0.81,0.36,1,1.1,1.34,1.08,0.77,1.31,0.66,1.33,0.66
1072.5,28,1.94,1.55,1.3,0.67,0.81,0.36,0.99,1.1,1.34,1.08,0.77,1.31,0.66,1.33,0.66
1073.5,28,1.93,1.55,1.29,0.66,0.8,0.36,1,1.1,1.33,1.08,0.77,1.31,0.66,1.34,0.66
1074.5,28,1.92,1.55,1.29,0.66,0.81,0.36,0.99,1.1,1.33,1.08,0.76,1.3,0.66,1.33,0.66
1075.52,28,1.93,1.55,1.29,0.66,0.81,0.35,1.01,1.1,1.33,1.08,0.76,1.31,0.65,1.33,0.66
1076.52,28,1.93,1.55,1.29,0.67,0.81,0.36,1,1.1,1.33,1.08,0.77,1.31,0.65,1.34,0.66
1077.52,28,1.93,1.54,1.29,0.67,0.81,0.36,1,1.1,1.33,1.08,0.77,1.31,0.65,1.32,0.66
1078.53,28,1.92,1.54,1.29,0.66,0.81,0.36,1,1.1,1.34,1.09,0.77,1.3,0.66,1.34,0.66
1079.53,28,1.93,1.55,1.29,0.66,0.81,0.36,1,1.1,1.34,1.09,0.77,1.3,0.65,1.34,0.66
1080.53,28,1.92,1.54,1.28,0.66,0.79,0.35,0.99,1.1,1.33,1.08,0.76,1.29,0.65,1.32,0.65
1081.55,28,1.94,1.55,1.29,0.66,0.81,0.36,1,1.1,1.34,1.08,0.77,1.31,0.65,1.32,0.65
1082.55,28,1.93,1.55,1.29,0.67,0.82,0.36,1,1.1,1.34,1.08,0.77,1.31,0.65,1.34,0.66
1083.55,28,1.93,1.54,1.28,0.66,0.81,0.35,1,1.1,1.33,1.08,0.77,1.3,0.66,1.34,0.66
1084.55,28,1.93,1.55,1.29,0.66,0.8,0.36,1,1.09,1.32,1.08,0.76,1.3,0.65,1.32,0.66
1085.55,28,1.92,1.54,1.28,0.67,0.8,0.36,0.99,1.1,1.33,1.09,0.76,1.3,0.66,1.34,0.66
1086.55,28,1.94,1.56,1.3,0.67,0.82,0.36,1,1.1,1.33,1.1,0.77,1.31,0.66,1.34,0.66
1087.55,28,1.93,1.54,1.29,0.66,0.8,0.36,1,1.1,1.34,1.09,0.77,1.31,0.65,1.34,0.66
1088.57,28,1.93,1.54,1.28,0.66,0.81,0.36,0.99,1.1,1.33,1.09,0.77,1.3,0.65,1.33,0.66
1089.57,28,1.94,1.56,1.3,0.67,0.81,0.37,1,1.1,1.35,1.09,0.76,1.32,0.66,1.33,0.66
1090.57,28,1.93,1.55,1.29,0.66,0.8,0.36,0.99,1.1,1.33,1.09,0.76,1.3,0.65,1.33,0.66
1091.57,28,1.93,1.55,1.3,0.66,0.8,0.36,0.99,1.09,1.33,1.08,0.76,1.31,0.66,1.32,0.66
1092.57,28,1.94,1.55,1.29,0.66,0.8,0.36,0.99,1.1,1.33,1.08,0.76,1.31,0.66,1.34,0.66
1093.57,28,1.92,1.55,1.29,0.66,0.8,0.36,1,1.1,1.33,1.08,0.77,1.3,0.65,1.33,0.66
1094.57,28,1.93,1.55,1.3,0.67,0.81,0.36,1,1.1,1.34,1.08,0.77,1.31,0.65,1.34,0.66
1095.57,28,1.94,1.54,1.28,0.66,0.81,0.36,0.99,1.1,1.33,1.08,0.77,1.31,0.65,1.34,0.66
1096.57,28,1.92,1.54,1.29,0.66,0.8,0.36,0.99,1.1,1.32,1.09,0.77,1.31,0.65,1.33,0.66
1097.58,28,1.94,1.55,1.29,0.67,0.81,0.36,1,1.1,1.34,1.09,0.77,1.31,0.66,1.33,0.66
1098.58,28,1.93,1.55,1.29,0.66,0.81,0.36,1,1.1,1.33,1.08,0.77,1.32,0.66,1.34,0.66
1099.58,28,1.93,1.56,1.29,0.66,0.81,0.36,1,1.1,1.33,1.08,0.77,1.31,0.66,1.34,0.66
1100.58,28,1.92,1.55,1.29,0.66,0.8,0.36,0.99,1.09,1.33,1.08,0.76,1.31,0.65,1.33,0.66
1101.58,28,1.93,1.55,1.28,0.66,0.8,0.36,0.99,1.1,1.33,1.08,0.76,1.31,0.65,1.33,0.66
1102.6,28,1.93,1.55,1.29,0.66,0.81,0.36,1,1.1,1.34,1.08,0.77,1.31,0.66,1.34,0.66
1103.6,28,1.93,1.54,1.29,0.66,0.8,0.36,0.99,1.1,1.33,1.09,0.76,1.31,0.66,1.34,0.66
1104.6,28,1.93,1.54,1.29,0.66,0.81,0.35,0.99,1.1,1.31,1.08,0.77,1.31,0.64,1.34,0.66
1105.6,28,1.92,1.54,1.29,0.66,0.8,0.36,0.99,1.1,1.32,1.08,0.76,1.31,0.65,1.32,0.66
1106.62,28,1.93,1.54,1.29,0.66,0.79,0.36,0.99,1.1,1.33,1.09,0.76,1.31,0.66,1.33,0.66
1107.62,28,1.92,1.55,1.28,0.66,0.8,0.36,0.99,1.1,1.33,1.08,0.76,1.31,0.66,1.33,0.66
1108.62,28,1.92,1.54,1.28,0.66,0.81,0.36,0.99,1.09,1.33,1.07,0.76,1.3,0.64,1.33,0.65
1109.62,28,1.92,1.54,1.28,0.66,0.8,0.36,0.99,1.09,1.32,1.08,0.76,1.3,0.66,1.33,0.65
1110.62,28,1.92,1.54,1.28,0.66,0.8,0.36,1,1.1,1.32,1.07,0.76,1.3,0.65,1.33,0.66
1111.62,28,1.93,1.54,1.28,0.66,0.8,0.36,0.99,1.1,1.32,1.09,0.77,1.3,0.66,1.34,0.66
1112.63,28,1.92,1.54,1.29,0.66,0.79,0.36,1,1.09,1.33,1.08,0.77,1.31,0.65,1.33,0.66
1113.63,28,1.92,1.54,1.28,0.66,0.8,0.36,0.99,1.09,1.32,1.07,0.75,1.3,0.64,1.32,0.66
1114.63,28,1.92,1.55,1.28,0.66,0.8,0.36,1,1.1,1.33,1.08,0.76,1.31,0.65,1.32,0.65
1115.63,28,1.93,1.55,1.28,0.66,0.8,0.35,1,1.1,1.33,1.08,0.77,1.31,0.66,1.33,0.66
1116.65,28,1.92,1.55,1.28,0.66,0.8,0.34,0.99,1.09,1.32,1.08,0.77,1.3,0.65,1.33,0.65
1117.65,28,1.92,1.54,1.28,0.66,0.81,0.36,0.99,1.09,1.33,1.08,0.76,1.3,0.65,1.32,0.65
1118.65,28,1.93,1.56,1.3,0.67,0.81,0.36,1.01,1.1,1.34,1.09,0.77,1.3,0.66,1.34,0.66
1119.65,28,1.93,1.54,1.28,0.66,0.8,0.36,1,1.1,1.33,1.08,0.77,1.3,0.66,1.33,0.66
1120.65,28,1.92,1.54,1.28,0.66,0.81,0.36,0.99,1.1,1.32,1.08,0.76,1.29,0.66,1.32,0.66
1121.67,28,1.93,1.55,1.29,0.67,0.81,0.36,1,1.1,1.33,1.08,0.77,1.31,0.66,1.34,0.66
1122.67,28,1.93,1.54,1.28,0.66,0.81,0.36,0.99,1.1,1.33,1.09,0.77,1.31,0.66,1.34,0.65
1123.67,28,1.93,1.54,1.28,0.66,0.79,0.36,0.99,1.09,1.32,1.07,0.76,1.3,0.65,1.33,0.66
1124.68,28,1.94,1.55,1.3,0.66,0.81,0.37,0.99,1.1,1.34,1.09,0.77,1.33,0.66,1.34,0.66
1125.68,28,1.93,1.55,1.29,0.67,0.81,0.36,1,1.1,1.34,1.08,0.77,1.31,0.66,1.34,0.66
1126.68,28,1.93,1.55,1.29,0.67,0.81,0.36,1,1.1,1.32,1.09,0.77,1.31,0.66,1.34,0.66
1127.68,28,1.94,1.55,1.28,0.67,0.81,0.36,1,1.1,1.32,1.08,0.76,1.31,0.65,1.34,0.66
1128.68,28,1.94,1.55,1.29,0.66,0.81,0.35,0.99,1.1,1.33,1.08,0.77,1.31,0.66,1.33,0.66
1129.68,28,1.93,1.55,1.29,0.66,0.81,0.36,1,1.1,1.34,1.09,0.77,1.31,0.65,1.34,0.66
1130.68,28,1.92,1.55,1.3,0.66,0.81,0.36,1,1.1,1.33,1.08,0.77,1.31,0.66,1.34,0.66
1131.7,28,1.93,1.55,1.29,0.66,0.8,0.36,0.99,1.1,1.32,1.09,0.77,1.3,0.66,1.33,0.66
1132.7,28,1.92,1.54,1.28,0.66,0.8,0.35,0.99,1.1,1.32,1.08,0.76,1.29,0.65,1.31,0.65
1133.7,28,1.93,1.54,1.28,0.66,0.81,0.36,0.99,1.1,1.33,1.07,0.77,1.3,0.66,1.33,0.65
1134.7,28,1.94,1.55,1.3,0.67,0.82,0.37,1.01,1.1,1.34,1.09,0.77,1.32,0.66,1.35,0.66
1135.7,28,1.92,1.54,1.28,0.66,0.79,0.36,0.99,1.09,1.32,1.07,0.75,1.3,0.65,1.33,0.66
1136.7,28,1.94,1.55,1.29,0.66,0.8,0.36,1,1.1,1.33,1.09,0.76,1.31,0.66,1.33,0.66
1137.72,28,1.93,1.54,1.28,0.66,0.8,0.36,0.99,1.1,1.33,1.08,0.77,1.3,0.65,1.34,0.66
1138.72,28,1.93,1.55,1.29,0.66,0.8,0.36,0.99,1.1,1.34,1.08,0.76,1.31,0.65,1.34,0.66
1139.72,28,1.94,1.55,1.29,0.66,0.81,0.36,1.01,1.1,1.34,1.08,0.77,1.31,0.66,1.33,0.66
1140.73,28,1.93,1.54,1.29,0.66,0.81,0.36,0.99,1.1,1.33,1.07,0.76,1.3,0.64,1.33,0.65
1141.73,28,1.93,1.54,1.29,0.67,0.81,0.36,0.99,1.1,1.33,1.08,0.77,1.3,0.65,1.33,0.66
1142.73,28,1.93,1.55,1.29,0.66,0.8,0.35,0.99,1.1,1.33,1.08,0.76,1.3,0.65,1.33,0.66
1143.73,28,1.93,1.55,1.28,0.66,0.81,0.36,0.99,1.1,1.34,1.08,0.77,1.31,0.66,1.33,0.66
1144.73,28,1.93,1.54,1.28,0.66,0.81,0.35,1.01,1.1,1.34,1.09,0.77,1.31,0.66,1.34,0.66
1145.73,28,1.93,1.55,1.29,0.67,0.81,0.36,1,1.1,1.34,1.08,0.77,1.31,0.66,1.34,0.66
1146.75,28,1.94,1.55,1.29,0.66,0.81,0.35,1,1.1,1.34,1.09,0.77,1.31,0.66,1.34,0.66
1147.75,28,1.94,1.56,1.3,0.68,0.81,0.36,1.01,1.1,1.35,1.08,0.77,1.31,0.66,1.35,0.66
1148.75,28,1.93,1.54,1.29,0.66,0.81,0.36,1,1.1,1.32,1.08,0.77,1.3,0.65,1.33,0.66
1149.75,28,1.94,1.55,1.29,0.67,0.81,0.36,1,1.1,1.33,1.09,0.77,1.3,0.66,1.34,0.66
1150.77,28,1.93,1.54,1.29,0.66,0.8,0.36,1,1.09,1.33,1.08,0.77,1.31,0.64,1.33,0.66
1151.77,28,1.93,1.55,1.29,0.66,0.81,0.36,1,1.1,1.33,1.09,0.77,1.32,0.66,1.33,0.66
1152.77,28,1.93,1.55,1.28,0.66,0.8,0.34,0.99,1.1,1.32,1.08,0.76,1.31,0.66,1.33,0.66
1153.78,28,1.93,1.54,1.28,0.66,0.81,0.36,0.99,1.09,1.32,1.08,0.76,1.3,0.65,1.33,0.66
1154.78,28,1.94,1.54,1.29,0.67,0.82,0.36,0.99,1.1,1.34,1.09,0.77,1.32,0.66,1.34,0.66
1155.78,28,1.93,1.55,1.28,0.66,0.81,0.36,0.99,1.1,1.33,1.08,0.77,1.3,0.66,1.34,0.66
1156.78,28,1.94,1.55,1.29,0.66,0.81,0.36,1,1.1,1.33,1.09,0.77,1.32,0.66,1.34,0.66
1157.8,28,1.93,1.54,1.28,0.66,0.8,0.36,0.99,1.1,1.33,1.08,0.76,1.3,0.66,1.33,0.66
1158.8,28,1.92,1.55,1.28,0.67,0.81,0.36,0.99,1.1,1.33,1.08,0.77,1.31,0.65,1.32,0.65
1159.8,28,1.93,1.55,1.29,0.67,0.81,0.36,1,1.1,1.34,1.09,0.77,1.31,0.66,1.34,0.66
1160.8,28,1.93,1.55,1.28,0.66,0.81,0.36,0.99,1.1,1.33,1.09,0.77,1.31,0.65,1.34,0.66
1161.8,28,1.94,1.54,1.29,0.67,0.8,0.36,0.99,1.1,1.34,1.09,0.77,1.31,0.65,1.33,0.66
1162.8,28,1.93,1.55,1.28,0.66,0.79,0.36,0.99,1.1,1.33,1.07,0.76,1.3,0.64,1.33,0.66
1163.8,28,1.93,1.54,1.29,0.67,0.8,0.36,1,1.1,1.33,1.08,0.76,1.31,0.66,1.34,0.66
1164.82,28,1.93,1.55,1.29,0.66,0.81,0.36,1,1.09,1.33,1.09,0.77,1.31,0.66,1.33,0.66
1165.82,28,1.92,1.54,1.28,0.66,0.8,0.36,0.99,1.09,1.32,1.09,0.76,1.29,0.65,1.33,0.66
1166.82,28,1.92,1.55,1.29,0.66,0.81,0.36,1,1.1,1.33,1.08,0.77,1.3,0.65,1.33,0.66
1167.83,28,1.93,1.55,1.28,0.66,0.81,0.35,0.99,1.1,1.33,1.08,0.76,1.31,0.66,1.33,0.66
1168.83,28,1.93,1.55,1.29,0.66,0.81,0.36,1,1.1,1.32,1.09,0.77,1.31,0.66,1.33,0.66
1169.85,28,1.93,1.54,1.29,0.67,0.8,0.36,0.99,1.1,1.33,1.08,0.76,1.3,0.65,1.33,0.66
1170.85,28,1.93,1.55,1.29,0.66,0.8,0.36,1.01,1.1,1.33,1.1,0.77,1.31,0.66,1.33,0.66
1171.85,28,1.93,1.56,1.28,0.67,0.81,0.36,0.99,1.1,1.33,1.08,0.77,1.31,0.66,1.34,0.66
1172.85,28,1.94,1.54,1.3,0.66,0.81,0.36,1,1.1,1.34,1.08,0.77,1.31,0.66,1.34,0.66
1173.85,28,1.93,1.54,1.29,0.66,0.8,0.36,0.99,1.09,1.32,1.07,0.76,1.3,0.65,1.33,0.66
1174.87,28,1.93,1.54,1.29,0.66,0.8,0.36,0.99,1.1,1.33,1.08,0.76,1.29,0.66,1.32,0.65
1175.87,28,1.93,1.54,1.29,0.66,0.8,0.36,1,1.1,1.33,1.08,0.77,1.31,0.65,1.32,0.66
1176.87,28,1.93,1.54,1.29,0.66,0.8,0.36,1,1.1,1.33,1.08,0.76,1.3,0.64,1.32,0.65
1177.87,28,1.93,1.55,1.28,0.66,0.81,0.36,0.99,1.1,1.32,1.08,0.75,1.31,0.65,1.33,0.66
1178.87,28,1.93,1.54,1.28,0.66,0.8,0.36,1,1.1,1.33,1.09,0.76,1.3,0.65,1.32,0.65
1179.88,28,1.92,1.54,1.28,0.66,0.8,0.35,1,1.09,1.33,1.08,0.77,1.3,0.65,1.33,0.66
1180.88,28,1.93,1.55,1.29,0.67,0.81,0.36,1,1.1,1.33,1.08,0.76,1.3,0.66,1.33,0.66
1181.88,28,1.93,1.55,1.28,0.67,0.81,0.36,0.99,1.1,1.33,1.08,0.76,1.31,0.66,1.34,0.66
1182.88,28,1.92,1.56,1.29,0.67,0.81,0.36,1,1.1,1.33,1.07,0.76,1.31,0.65,1.33,0.66
1183.88,28,1.94,1.55,1.29,0.67,0.81,0.36,1,1.1,1.33,1.09,0.77,1.3,0.66,1.34,0.66
1184.88,28,1.92,1.55,1.28,0.66,0.81,0.35,0.99,1.1,1.33,1.08,0.76,1.3,0.65,1.33,0.66
1185.88,28,1.93,1.54,1.28,0.67,0.81,0.36,1,1.1,1.33,1.08,0.77,1.3,0.65,1.32,0.66
1186.88,28,1.92,1.54,1.28,0.65,0.8,0.35,0.99,1.09,1.33,1.07,0.76,1.3,0.64,1.32,0.66
1187.9,28,1.94,1.55,1.29,0.66,0.81,0.36,1,1.1,1.33,1.08,0.76,1.32,0.65,1.33,0.66
1188.9,28,1.92,1.54,1.28,0.66,0.79,0.35,0.99,1.1,1.34,1.08,0.75,1.3,0.64,1.32,0.66
1189.9,28,1.94,1.55,1.29,0.66,0.81,0.36,1,1.1,1.34,1.1,0.77,1.32,0.66,1.33,0.66
1190.9,28,1.93,1.54,1.29,0.66,0.81,0.35,0.99,1.1,1.32,1.08,0.77,1.3,0.66,1.32,0.66
1191.92,28,1.93,1.54,1.3,0.66,0.81,0.36,0.99,1.1,1.34,1.08,0.76,1.31,0.66,1.34,0.66
1192.92,28,1.93,1.54,1.29,0.66,0.81,0.36,1,1.1,1.34,1.09,0.76,1.3,0.65,1.33,0.66
1193.92,28,1.94,1.55,1.29,0.66,0.8,0.35,0.99,1.1,1.34,1.09,0.77,1.31,0.66,1.34,0.66
1194.92,28,1.94,1.55,1.29,0.66,0.81,0.36,1,1.09,1.33,1.08,0.76,1.31,0.66,1.34,0.66
1195.92,28,1.93,1.54,1.29,0.66,0.81,0.35,1,1.1,1.33,1.07,0.77,1.31,0.66,1.34,0.66
1196.92,28,1.93,1.54,1.29,0.66,0.8,0.36,1,1.1,1.33,1.08,0.76,1.31,0.65,1.33,0.66
1197.92,28,1.94,1.55,1.3,0.68,0.81,0.36,1,1.1,1.34,1.09,0.77,1.31,0.66,1.34,0.66
1198.93,28,1.92,1.55,1.28,0.66,0.79,0.36,0.99,1.09,1.32,1.08,0.75,1.31,0.65,1.33,0.66
1199.93,28,1.93,1.54,1.28,0.66,0.8,0.36,0.99,1.09,1.32,1.08,0.76,1.3,0.66,1.33,0.66
1200.93,28,1.94,1.55,1.29,0.67,0.8,0.36,1,1.1,1.33,1.08,0.77,1.31,0.66,1.33,0.66
1201.93,28,1.94,1.55,1.29,0.67,0.8,0.36,1,1.1,1.33,1.09,0.77,1.31,0.65,1.33,0.66
1202.93,28,1.93,1.55,1.28,0.67,0.81,0.36,1,1.1,1.33,1.08,0.76,1.31,0.65,1.32,0.66
1203.93,28,1.94,1.56,1.29,0.67,0.82,0.36,1,1.1,1.34,1.09,0.77,1.32,0.66,1.35,0.67
1204.95,28,1.93,1.54,1.28,0.66,0.8,0.36,0.99,1.09,1.33,1.08,0.76,1.3,0.65,1.31,0.66
1205.95,28,1.93,1.54,1.29,0.66,0.8,0.35,1,1.1,1.33,1.08,0.77,1.31,0.65,1.33,0.66
1206.95,28,1.93,1.54,1.28,0.66,0.8,0.36,1,1.1,1.33,1.08,0.76,1.31,0.66,1.33,0.66
1207.95,28,1.93,1.55,1.28,0.67,0.81,0.36,1,1.1,1.34,1.09,0.77,1.31,0.66,1.34,0.66
1208.95,28,1.94,1.55,1.29,0.67,0.8,0.36,1,1.1,1.33,1.1,0.77,1.31,0.66,1.34,0.66
1209.97,28,1.93,1.55,1.29,0.67,0.81,0.36,1,1.1,1.34,1.09,0.77,1.31,0.66,1.34,0.66
1210.97,28,1.93,1.54,1.28,0.66,0.79,0.35,0.99,1.09,1.33,1.09,0.77,1.3,0.65,1.33,0.66
1211.97,28,1.93,1.54,1.29,0.67,0.82,0.36,1,1.1,1.33,1.09,0.77,1.32,0.66,1.33,0.66
1212.97,28,1.94,1.55,1.29,0.68,0.81,0.36,1,1.1,1.34,1.09,0.77,1.32,0.66,1.33,0.66
1213.97,28,1.93,1.55,1.29,0.67,0.81,0.36,1,1.1,1.33,1.09,0.77,1.31,0.66,1.34,0.66
1214.97,28,1.94,1.55,1.29,0.67,0.82,0.36,1,1.11,1.34,1.1,0.77,1.32,0.66,1.34,0.66
1215.98,28,1.94,1.54,1.28,0.66,0.81,0.36,1,1.1,1.33,1.08,0.76,1.31,0.65,1.32,0.66
1216.98,28,1.93,1.56,1.29,0.66,0.81,0.36,0.99,1.1,1.33,1.09,0.77,1.31,0.65,1.32,0.66
1217.98,28,1.93,1.54,1.28,0.66,0.8,0.35,0.99,1.1,1.33,1.08,0.76,1.3,0.65,1.33,0.65
1218.98,28,1.92,1.55,1.28,0.67,0.8,0.36,0.99,1.1,1.33,1.09,0.76,1.3,0.66,1.33,0.66
1219.98,28,1.94,1.54,1.29,0.66,0.8,0.36,1,1.1,1.33,1.07,0.77,1.3,0.65,1.32,0.66
1221,28,1.94,1.55,1.29,0.66,0.81,0.36,1,1.1,1.33,1.09,0.77,1.3,0.66,1.33,0.66
1222,28,1.94,1.54,1.28,0.66,0.8,0.36,1,1.1,1.33,1.08,0.77,1.32,0.65,1.33,0.66
1223.02,28,1.92,1.54,1.28,0.66,0.8,0.36,0.99,1.1,1.33,1.09,0.77,1.3,0.65,1.33,0.65
1224.02,28,1.93,1.55,1.28,0.66,0.8,0.35,0.99,1.1,1.33,1.08,0.76,1.3,0.66,1.31,0.66
1225.02,28,1.94,1.54,1.29,0.66,0.8,0.36,1,1.1,1.33,1.09,0.76,1.31,0.66,1.33,0.66
1226.03,28,1.92,1.54,1.28,0.66,0.8,0.34,0.99,1.09,1.33,1.08,0.76,1.31,0.65,1.32,0.66
1227.03,28,1.93,1.54,1.28,0.66,0.8,0.36,0.99,1.09,1.32,1.08,0.75,1.3,0.65,1.32,0.65
1228.03,28,1.93,1.54,1.29,0.66,0.81,0.36,1,1.1,1.34,1.09,0.77,1.31,0.64,1.34,0.66
1229.03,28,1.94,1.55,1.29,0.67,0.8,0.36,1,1.1,1.33,1.09,0.77,1.32,0.66,1.33,0.66
1230.03,28,1.93,1.55,1.28,0.66,0.8,0.36,0.99,1.1,1.34,1.08,0.77,1.31,0.65,1.33,0.66
1231.03,28,1.92,1.54,1.28,0.66,0.79,0.35,0.99,1.08,1.31,1.07,0.75,1.3,0.63,1.33,0.65
1232.05,28,1.94,1.54,1.3,0.66,0.82,0.36,0.99,1.1,1.34,1.09,0.76,1.31,0.66,1.34,0.66
1233.05,28,1.94,1.55,1.29,0.66,0.81,0.36,0.99,1.1,1.32,1.09,0.77,1.31,0.65,1.33,0.66
1234.05,28,1.93,1.55,1.3,0.67,0.81,0.36,1,1.1,1.33,1.08,0.77,1.32,0.65,1.34,0.66
1235.07,28,1.94,1.55,1.29,0.66,0.8,0.35,0.99,1.1,1.33,1.09,0.77,1.3,0.66,1.33,0.66
1236.07,28,1.93,1.54,1.28,0.66,0.8,0.35,0.99,1.09,1.32,1.08,0.76,1.31,0.65,1.32,0.65
1237.07,28,1.93,1.54,1.28,0.66,0.8,0.36,0.99,1.1,1.32,1.09,0.76,1.29,0.65,1.33,0.66
1238.08,28,1.93,1.54,1.29,0.66,0.8,0.35,0.99,1.1,1.33,1.08,0.76,1.29,0.65,1.33,0.66
1239.08,28,1.93,1.54,1.28,0.67,0.8,0.36,1,1.1,1.33,1.08,0.77,1.3,0.66,1.33,0.66
1240.08,28,1.92,1.54,1.28,0.66,0.8,0.35,0.99,1.09,1.32,1.07,0.75,1.3,0.65,1.33,0.66
1241.1,28,1.93,1.53,1.28,0.66,0.8,0.36,0.99,1.1,1.32,1.08,0.77,1.29,0.66,1.33,0.66
1242.1,28,1.94,1.54,1.3,0.66,0.81,0.36,1,1.1,1.34,1.09,0.76,1.31,0.66,1.33,0.66
1243.12,28,1.93,1.54,1.28,0.66,0.8,0.36,1,1.1,1.31,1.07,0.76,1.3,0.65,1.33,0.66
1244.12,28,1.93,1.54,1.28,0.66,0.8,0.34,0.99,1.09,1.33,1.09,0.76,1.3,0.65,1.33,0.66
1245.12,28,1.93,1.54,1.29,0.66,0.8,0.36,0.99,1.1,1.33,1.09,0.76,1.3,0.65,1.32,0.66
1246.12,28,1.92,1.54,1.28,0.66,0.8,0.35,0.99,1.08,1.33,1.08,0.76,1.31,0.66,1.33,0.66
1247.13,28,1.92,1.54,1.28,0.66,0.8,0.34,0.99,1.1,1.33,1.08,0.76,1.3,0.65,1.32,0.65
1248.13,28,1.93,1.54,1.3,0.67,0.81,0.36,1,1.1,1.33,1.08,0.77,1.31,0.66,1.33,0.66
1249.15,28,1.94,1.54,1.28,0.66,0.8,0.36,0.99,1.1,1.33,1.09,0.76,1.31,0.65,1.33,0.66
1250.15,28,1.93,1.54,1.28,0.66,0.8,0.35,0.99,1.1,1.33,1.08,0.76,1.31,0.65,1.32,0.66
1251.15,28,1.92,1.54,1.28,0.66,0.8,0.35,0.99,1.08,1.33,1.08,0.76,1.3,0.64,1.31,0.66
1252.15,28,1.93,1.54,1.28,0.66,0.79,0.36,1,1.1,1.33,1.08,0.76,1.31,0.65,1.33,0.66
1253.17,28,1.93,1.54,1.28,0.66,0.8,0.36,0.99,1.09,1.32,1.08,0.76,1.31,0.65,1.33,0.66
1254.17,28,1.93,1.54,1.28,0.66,0.81,0.36,1,1.09,1.33,1.08,0.77,1.31,0.66,1.32,0.66
1255.17,28,1.93,1.54,1.28,0.66,0.8,0.36,1,1.1,1.33,1.08,0.77,1.31,0.65,1.33,0.66
1256.18,28,1.94,1.54,1.29,0.67,0.8,0.36,1,1.1,1.34,1.07,0.76,1.31,0.65,1.33,0.66
1257.18,28,1.93,1.54,1.29,0.67,0.8,0.36,1,1.1,1.33,1.08,0.76,1.31,0.65,1.33,0.66
1258.2,28,1.94,1.55,1.28,0.67,0.8,0.36,0.99,1.1,1.33,1.08,0.76,1.31,0.65,1.33,0.66
1259.2,28,1.93,1.54,1.28,0.66,0.8,0.35,0.99,1.09,1.32,1.08,0.76,1.3,0.65,1.33,0.66
1260.2,28,1.93,1.55,1.29,0.66,0.8,0.36,1,1.09,1.33,1.08,0.76,1.31,0.66,1.33,0.66
1261.2,28,1.93,1.54,1.28,0.66,0.81,0.36,0.99,1.1,1.33,1.07,0.76,1.31,0.64,1.32,0.66
1262.22,28,1.93,1.53,1.28,0.66,0.8,0.35,0.99,1.09,1.33,1.08,0.76,1.29,0.65,1.31,0.66
1263.22,28,1.93,1.54,1.28,0.66,0.79,0.35,0.99,1.09,1.33,1.07,0.76,1.3,0.64,1.33,0.65
1264.22,28,1.93,1.54,1.28,0.66,0.8,0.36,0.99,1.09,1.32,1.07,0.76,1.3,0.66,1.33,0.65
1265.22,28,1.92,1.54,1.28,0.65,0.79,0.36,0.99,1.09,1.32,1.08,0.76,1.3,0.65,1.32,0.64
1266.22,28,1.94,1.55,1.29,0.67,0.81,0.36,1,1.1,1.33,1.09,0.77,1.32,0.66,1.34,0.66
1267.23,28,1.93,1.54,1.29,0.66,0.8,0.35,1,1.1,1.33,1.08,0.77,1.3,0.65,1.33,0.66
1268.23,28,1.93,1.54,1.28,0.66,0.8,0.36,0.99,1.09,1.32,1.08,0.75,1.3,0.64,1.33,0.66
