Time,T,OTU7_R1,OTU8_R1,OTU9_R1,OTU7_R2,OTU8_R2,OTU9_R2,OTU7_R3,OTU8_R3,OTU9_R3,OTU7_R4,OTU8_R4,OTU9_R4,OTU7_R5,OTU8_R5,OTU9_R5
0.03,32,6.37,6.27,6.5,6.71,6.56,6.6,6.72,6.73,5.25,6.09,6.59,6.28,6.34,6.66,6.18
1.03,32,6.44,6.36,6.64,6.79,6.6,6.68,6.84,6.73,5.34,6.1,6.64,6.36,6.3,6.74,6.17
2.03,32,6.55,6.5,6.78,6.9,6.67,6.77,6.99,6.79,5.41,6.17,6.71,6.45,6.37,6.83,6.23
3.03,32,6.67,6.63,6.92,7.02,6.77,6.87,7.12,6.87,5.48,6.28,6.8,6.54,6.49,6.94,6.3
4.03,32,6.77,6.75,7.05,7.14,6.86,6.98,7.22,6.94,5.54,6.4,6.9,6.61,6.62,7.02,6.39
5.03,32,6.92,6.88,7.19,7.25,6.96,7.07,7.3,7.04,5.62,6.51,6.98,6.71,6.76,7.13,6.51
6.03,32,7.03,7.02,7.32,7.37,7.07,7.17,7.37,7.12,5.68,6.63,7.09,6.82,6.89,7.22,6.62
7.03,32,7.13,7.13,7.42,7.47,7.14,7.25,7.44,7.2,5.74,6.72,7.18,6.9,7.01,7.3,6.72
8.029999999999998,32,7.24,7.25,7.53,7.56,7.26,7.33,7.48,7.28,5.8,6.82,7.26,7,7.14,7.38,6.83
9.03,32,7.34,7.37,7.66,7.67,7.34,7.4,7.54,7.36,5.86,6.9,7.33,7.09,7.24,7.47,6.93
10.03,32,7.42,7.46,7.74,7.77,7.42,7.49,7.59,7.44,5.9,6.98,7.41,7.17,7.35,7.56,7.02
11.03,32,7.51,7.55,7.84,7.84,7.51,7.57,7.66,7.52,5.96,7.06,7.49,7.27,7.44,7.66,7.12
12.03,32,7.58,7.59,7.91,7.91,7.58,7.64,7.7,7.58,6,7.11,7.57,7.32,7.51,7.73,7.21
13.03,32,7.66,7.64,7.99,7.99,7.65,7.7,7.72,7.67,6.05,7.16,7.64,7.41,7.59,7.81,7.28
14.03,32,7.73,7.69,8.08,8.08,7.73,7.77,7.76,7.75,6.09,7.23,7.72,7.48,7.69,7.87,7.37
15.03,32,7.78,7.74,8.14,8.14,7.79,7.83,7.81,7.81,6.14,7.28,7.78,7.53,7.75,7.96,7.44
16.03,32,7.82,7.78,8.22,8.199999999999998,7.85,7.89,7.85,7.86,6.17,7.34,7.82,7.6,7.81,8.02,7.51
17.03,32,7.89,7.85,8.27,8.25,7.9,7.95,7.92,7.92,6.22,7.4,7.89,7.67,7.87,8.08,7.58
18.05,32,7.95,7.9,8.32,8.3,7.98,8.02,7.98,8,6.26,7.45,7.97,7.74,7.94,8.13,7.66
19.05,32,7.98,7.95,8.38,8.37,8.04,8.05,8.02,8.07,6.29,7.49,8.02,7.8,8,8.199999999999998,7.71
20.05,32,8.029999999999998,8.01,8.43,8.42,8.08,8.12,8.07,8.12,6.33,7.56,8.08,7.84,8.05,8.24,7.77
21.05,32,8.07,8.05,8.47,8.47,8.14,8.19,8.12,8.19,6.36,7.6,8.14,7.91,8.09,8.31,7.82
22.05,32,8.11,8.11,8.529999999999998,8.51,8.199999999999998,8.24,8.17,8.25,6.39,7.66,8.199999999999998,7.96,8.14,8.37,7.88
23.07,32,8.13,8.17,8.56,8.55,8.25,8.279999999999998,8.21,8.29,6.43,7.69,8.25,8.02,8.18,8.41,7.92
24.07,32,8.19,8.22,8.6,8.59,8.29,8.35,8.25,8.36,6.46,7.73,8.29,8.07,8.23,8.449999999999998,7.98
25.07,32,8.21,8.27,8.65,8.62,8.32,8.39,8.29,8.41,6.48,7.78,8.36,8.12,8.26,8.51,8.029999999999998
26.07,32,8.24,8.31,8.68,8.66,8.39,8.43,8.31,8.449999999999998,6.51,7.81,8.39,8.17,8.29,8.55,8.06
27.07,32,8.27,8.35,8.699999999999998,8.69,8.43,8.47,8.36,8.51,6.54,7.84,8.43,8.21,8.31,8.6,8.1
28.08,32,8.279999999999998,8.39,8.73,8.72,8.449999999999998,8.51,8.37,8.54,6.57,7.87,8.48,8.25,8.35,8.63,8.13
29.08,32,8.29,8.43,8.75,8.73,8.48,8.54,8.39,8.57,6.58,7.88,8.52,8.279999999999998,8.37,8.66,8.17
30.08,32,8.33,8.48,8.79,8.77,8.54,8.59,8.43,8.62,6.6,7.94,8.56,8.31,8.41,8.71,8.21
31.1,32,8.36,8.52,8.82,8.81,8.58,8.61,8.46,8.66,6.63,7.96,8.59,8.37,8.43,8.75,8.25
32.1,32,8.38,8.55,8.83,8.83,8.59,8.65,8.47,8.69,6.65,7.98,8.62,8.4,8.449999999999998,8.77,8.27
33.1,32,8.4,8.59,8.86,8.84,8.62,8.69,8.51,8.74,6.67,8,8.68,8.43,8.47,8.81,8.3
34.1,32,8.4,8.6,8.87,8.85,8.66,8.71,8.52,8.79,6.68,8.02,8.69,8.449999999999998,8.48,8.83,8.32
35.12,32,8.43,8.65,8.91,8.89,8.69,8.73,8.55,8.81,6.7,8.04,8.73,8.49,8.52,8.86,8.37
36.12,32,8.44,8.68,8.93,8.91,8.71,8.77,8.55,8.85,6.72,8.07,8.75,8.529999999999998,8.529999999999998,8.88,8.38
37.12,32,8.46,8.71,8.94,8.94,8.74,8.81,8.58,8.91,6.75,8.09,8.79,8.55,8.54,8.93,8.42
38.12,32,8.46,8.72,8.94,8.93,8.75,8.82,8.59,8.92,6.76,8.09,8.82,8.56,8.55,8.949999999999998,8.43
39.12,32,8.49,8.76,8.98,8.96,8.79,8.85,8.61,8.96,6.77,8.12,8.84,8.61,8.58,8.97,8.46
40.13,32,8.51,8.77,8.99,8.98,8.8,8.86,8.62,8.98,6.8,8.14,8.86,8.62,8.58,8.99,8.48
41.13,32,8.51,8.77,9,8.98,8.82,8.88,8.65,9,6.79,8.14,8.89,8.65,8.6,9.02,8.49
42.13,32,8.529999999999998,8.81,9.03,9,8.85,8.91,8.67,9.05,6.82,8.18,8.93,8.69,8.61,9.06,8.529999999999998
43.13,32,8.52,8.82,9.04,9.03,8.85,8.92,8.66,9.06,6.82,8.18,8.94,8.699999999999998,8.62,9.06,8.54
44.13,32,8.54,8.85,9.04,9.03,8.87,8.949999999999998,8.68,9.1,6.85,8.199999999999998,8.96,8.71,8.65,9.09,8.55
45.15,32,8.55,8.85,9.06,9.04,8.88,8.97,8.69,9.11,6.86,8.21,8.98,8.74,8.65,9.11,8.57
46.15,32,8.55,8.86,9.06,9.05,8.89,8.97,8.699999999999998,9.16,6.86,8.22,8.99,8.75,8.65,9.14,8.59
47.15,32,8.57,8.89,9.07,9.07,8.93,8.99,8.72,9.17,6.87,8.24,9,8.77,8.67,9.16,8.6
48.15,32,8.57,8.91,9.09,9.08,8.94,9,8.73,9.2,6.89,8.23,9.03,8.79,8.68,9.17,8.62
49.15,32,8.58,8.91,9.1,9.09,8.94,9,8.74,9.2,6.89,8.25,9.04,8.81,8.68,9.19,8.65
50.17,32,8.58,8.93,9.1,9.09,8.96,9.04,8.74,9.24,6.91,8.25,9.06,8.83,8.69,9.21,8.65
51.17,32,8.58,8.93,9.13,9.1,8.97,9.05,8.75,9.25,6.91,8.26,9.09,8.85,8.69,9.22,8.67
52.17,32,8.59,8.949999999999998,9.13,9.1,8.99,9.06,8.76,9.26,6.93,8.279999999999998,9.09,8.86,8.699999999999998,9.25,8.68
53.17,32,8.59,8.949999999999998,9.14,9.1,8.99,9.07,8.77,9.27,6.93,8.279999999999998,9.1,8.86,8.699999999999998,9.25,8.68
54.18,32,8.59,8.96,9.14,9.13,9,9.08,8.77,9.28,6.93,8.29,9.11,8.88,8.71,9.26,8.699999999999998
55.18,32,8.59,8.97,9.13,9.13,9.02,9.09,8.79,9.28,6.94,8.29,9.13,8.89,8.71,9.27,8.71
56.18,32,8.6,8.97,9.15,9.14,9.02,9.11,8.79,9.3,6.95,8.3,9.13,8.89,8.71,9.29,8.72
57.2,32,8.6,8.99,9.15,9.14,9.04,9.09,8.79,9.31,6.96,8.31,9.15,8.92,8.72,9.3,8.73
58.2,32,8.61,8.99,9.16,9.15,9.05,9.11,8.8,9.32,6.96,8.31,9.16,8.94,8.73,9.31,8.73
59.2,32,8.61,8.98,9.15,9.13,9.05,9.11,8.8,9.34,6.96,8.31,9.17,8.92,8.71,9.32,8.74
60.22,32,8.61,8.99,9.17,9.15,9.05,9.13,8.81,9.34,6.96,8.31,9.17,8.94,8.72,9.32,8.75
61.22,32,8.61,9.03,9.17,9.15,9.05,9.14,8.82,9.35,6.97,8.32,9.19,8.949999999999998,8.74,9.35,8.75
62.22,32,8.61,9.02,9.17,9.15,9.06,9.16,8.82,9.36,6.97,8.32,9.19,8.949999999999998,8.73,9.36,8.76
63.22,32,8.6,9.02,9.16,9.15,9.06,9.14,8.8,9.38,6.97,8.33,9.2,8.96,8.73,9.36,8.76
64.23,32,8.61,9.04,9.17,9.16,9.06,9.15,8.82,9.38,6.99,8.33,9.2,8.97,8.74,9.37,8.77
65.23,32,8.61,9.05,9.17,9.16,9.08,9.16,8.81,9.38,6.98,8.33,9.21,8.98,8.74,9.37,8.79
66.23,32,8.61,9.03,9.17,9.16,9.07,9.15,8.81,9.38,6.99,8.33,9.2,8.98,8.73,9.37,8.79
67.25,32,8.61,9.06,9.17,9.17,9.07,9.16,8.82,9.4,6.98,8.33,9.21,8.98,8.74,9.38,8.79
68.25,32,8.6,9.04,9.16,9.16,9.07,9.16,8.81,9.39,6.99,8.32,9.2,8.97,8.73,9.38,8.8
69.25,32,8.6,9.06,9.17,9.16,9.08,9.17,8.82,9.4,6.99,8.33,9.21,8.98,8.72,9.38,8.79
70.25,32,8.6,9.04,9.17,9.15,9.07,9.16,8.81,9.4,6.98,8.32,9.21,8.98,8.72,9.38,8.8
71.25,32,8.6,9.06,9.17,9.16,9.08,9.18,8.83,9.43,7,8.35,9.24,9.02,8.73,9.4,8.81
72.27,32,8.6,9.06,9.17,9.15,9.07,9.16,8.82,9.43,7,8.33,9.24,9,8.73,9.4,8.81
73.27,32,8.6,9.06,9.18,9.15,9.06,9.17,8.82,9.43,7.01,8.33,9.24,9.02,8.73,9.39,8.81
74.27,32,8.6,9.07,9.16,9.16,9.08,9.16,8.81,9.43,7,8.33,9.22,9.02,8.72,9.4,8.8
75.27,32,8.6,9.07,9.18,9.16,9.07,9.17,8.81,9.45,7,8.32,9.25,9,8.72,9.39,8.82
76.27,32,8.6,9.08,9.16,9.16,9.08,9.18,8.81,9.45,7,8.32,9.25,9.02,8.72,9.39,8.8
77.27,32,8.6,9.08,9.17,9.16,9.07,9.17,8.82,9.45,7.01,8.33,9.25,9.02,8.72,9.4,8.82
78.27,32,8.58,9.07,9.16,9.14,9.06,9.16,8.8,9.44,7,8.32,9.24,9,8.699999999999998,9.39,8.81
79.27,32,8.59,9.09,9.17,9.15,9.07,9.18,8.8,9.45,7.01,8.32,9.25,9.02,8.71,9.39,8.82
80.27,32,8.6,9.09,9.17,9.15,9.07,9.19,8.81,9.46,7.01,8.33,9.25,9.03,8.72,9.41,8.83
81.27,32,8.57,9.08,9.14,9.14,9.06,9.16,8.79,9.44,6.99,8.3,9.24,9.02,8.69,9.38,8.81
82.28,32,8.58,9.08,9.16,9.14,9.06,9.17,8.79,9.45,7,8.31,9.24,9.02,8.69,9.39,8.81
83.28,32,8.58,9.09,9.15,9.14,9.05,9.18,8.79,9.46,7,8.3,9.24,9,8.68,9.38,8.82
84.28,32,8.58,9.1,9.15,9.14,9.08,9.19,8.79,9.46,7.01,8.31,9.26,9.02,8.699999999999998,9.4,8.82
85.28,32,8.57,9.09,9.13,9.13,9.06,9.18,8.77,9.44,7,8.3,9.25,9,8.68,9.38,8.81
86.28,32,8.57,9.1,9.14,9.11,9.06,9.17,8.77,9.46,7,8.29,9.25,9.02,8.68,9.37,8.82
87.28,32,8.57,9.1,9.15,9.13,9.07,9.17,8.77,9.46,7,8.29,9.25,9.02,8.66,9.39,8.82
88.28,32,8.57,9.08,9.13,9.11,9.06,9.17,8.76,9.45,6.99,8.29,9.24,9.02,8.67,9.36,8.82
89.28,32,8.55,9.08,9.1,9.09,9.05,9.16,8.75,9.45,6.99,8.279999999999998,9.21,9,8.65,9.37,8.81
90.28,32,8.55,9.09,9.1,9.1,9.06,9.17,8.75,9.46,7,8.279999999999998,9.22,9.03,8.66,9.38,8.81
91.28,32,8.56,9.08,9.11,9.1,9.04,9.17,8.76,9.45,7,8.279999999999998,9.24,9.03,8.65,9.38,8.82
92.28,32,8.55,9.09,9.1,9.09,9.03,9.17,8.75,9.46,6.99,8.279999999999998,9.24,9.02,8.65,9.36,8.8
93.28,32,8.55,9.11,9.11,9.09,9.04,9.17,8.75,9.46,7,8.27,9.22,9.03,8.63,9.36,8.81
94.28,32,8.55,9.1,9.11,9.08,9.03,9.16,8.74,9.46,6.99,8.26,9.24,9.02,8.62,9.37,8.8
95.28,32,8.55,9.1,9.1,9.09,9.04,9.17,8.74,9.46,6.99,8.26,9.24,9,8.63,9.36,8.8
96.28,32,8.529999999999998,9.08,9.09,9.07,9.03,9.15,8.73,9.45,6.98,8.24,9.21,9.02,8.61,9.34,8.79
97.28,32,8.529999999999998,9.1,9.08,9.07,9.02,9.15,8.72,9.44,6.99,8.25,9.22,8.99,8.6,9.35,8.8
98.28,32,8.54,9.1,9.08,9.07,9.03,9.17,8.73,9.46,7,8.25,9.22,9.02,8.61,9.35,8.8
99.28,32,8.51,9.1,9.06,9.05,9.02,9.15,8.71,9.45,6.97,8.23,9.21,8.98,8.59,9.34,8.76
100.28,32,8.52,9.1,9.07,9.06,9,9.14,8.71,9.44,6.98,8.24,9.2,9,8.59,9.32,8.76
101.28,32,8.49,9.1,9.06,9.05,8.99,9.14,8.699999999999998,9.44,6.98,8.22,9.2,8.99,8.58,9.31,8.76
102.28,32,8.51,9.1,9.05,9.04,9,9.15,8.699999999999998,9.44,6.97,8.21,9.19,8.99,8.56,9.32,8.76
103.28,32,8.49,9.11,9.05,9.05,8.99,9.14,8.699999999999998,9.45,6.97,8.22,9.2,8.98,8.57,9.3,8.75
104.28,32,8.48,9.09,9.05,9.03,8.98,9.14,8.67,9.44,6.97,8.21,9.18,8.97,8.55,9.3,8.75
105.28,32,8.48,9.1,9.05,9.03,8.97,9.14,8.68,9.45,6.97,8.21,9.19,8.97,8.54,9.3,8.75
106.3,32,8.47,9.1,9.03,9.03,8.98,9.11,8.67,9.44,6.97,8.19,9.18,8.98,8.55,9.29,8.74
107.3,32,8.47,9.08,9.02,9,8.97,9.11,8.66,9.43,6.95,8.18,9.18,8.97,8.52,9.28,8.73
108.3,32,8.46,9.09,9,8.99,8.96,9.13,8.66,9.43,6.97,8.17,9.17,8.97,8.52,9.27,8.73
109.3,32,8.46,9.08,9.02,9,8.949999999999998,9.11,8.66,9.43,6.95,8.17,9.16,8.96,8.51,9.27,8.72
110.3,32,8.449999999999998,9.08,9,8.98,8.96,9.1,8.65,9.41,6.95,8.17,9.17,8.949999999999998,8.51,9.26,8.72
111.3,32,8.449999999999998,9.07,8.99,8.98,8.94,9.1,8.63,9.43,6.95,8.14,9.15,8.949999999999998,8.49,9.24,8.699999999999998
112.32,32,8.44,9.07,8.98,8.97,8.93,9.1,8.62,9.41,6.94,8.13,9.15,8.94,8.48,9.25,8.71
113.32,32,8.43,9.08,8.98,8.97,8.94,9.09,8.62,9.4,6.94,8.13,9.16,8.94,8.46,9.24,8.699999999999998
114.32,32,8.44,9.07,8.98,8.96,8.92,9.08,8.62,9.39,6.94,8.12,9.15,8.94,8.46,9.24,8.69
115.32,32,8.43,9.07,8.97,8.949999999999998,8.93,9.1,8.61,9.4,6.95,8.12,9.13,8.94,8.46,9.21,8.69
116.32,32,8.42,9.06,8.96,8.93,8.91,9.09,8.59,9.39,6.93,8.1,9.13,8.94,8.44,9.21,8.68
117.33,32,8.41,9.05,8.949999999999998,8.949999999999998,8.91,9.08,8.59,9.39,6.93,8.1,9.13,8.93,8.44,9.2,8.66
118.33,32,8.4,9.05,8.949999999999998,8.94,8.91,9.07,8.57,9.39,6.92,8.09,9.11,8.92,8.42,9.19,8.66
119.33,32,8.39,9.04,8.94,8.92,8.88,9.06,8.57,9.39,6.92,8.08,9.09,8.92,8.41,9.19,8.65
120.35,32,8.4,9.05,8.94,8.92,8.91,9.08,8.58,9.39,6.93,8.09,9.1,8.92,8.41,9.19,8.66
121.35,32,8.39,9.04,8.93,8.91,8.87,9.06,8.57,9.38,6.92,8.06,9.09,8.89,8.4,9.17,8.65
122.35,32,8.38,9.04,8.93,8.91,8.86,9.06,8.55,9.38,6.92,8.06,9.08,8.91,8.38,9.17,8.62
123.35,32,8.38,9.04,8.92,8.91,8.87,9.06,8.56,9.38,6.93,8.06,9.09,8.91,8.39,9.16,8.63
124.35,32,8.38,9.03,8.92,8.89,8.86,9.05,8.54,9.36,6.91,8.05,9.08,8.91,8.37,9.15,8.61
125.35,32,8.36,9.02,8.91,8.88,8.85,9.04,8.529999999999998,9.36,6.9,8.04,9.07,8.89,8.36,9.13,8.6
126.35,32,8.35,9,8.88,8.85,8.84,9.03,8.52,9.35,6.9,8.01,9.06,8.87,8.33,9.13,8.6
127.35,32,8.33,8.99,8.87,8.84,8.84,9.02,8.51,9.34,6.89,8.01,9.05,8.85,8.32,9.09,8.58
128.35,32,8.32,8.99,8.87,8.84,8.83,9.02,8.49,9.35,6.9,8.01,9.04,8.86,8.31,9.1,8.58
129.37,32,8.32,9,8.86,8.83,8.83,9.02,8.51,9.34,6.89,8.01,9.04,8.86,8.29,9.09,8.57
130.37,32,8.31,8.96,8.84,8.83,8.82,9.02,8.47,9.34,6.89,7.98,9.03,8.85,8.29,9.08,8.56
131.38,32,8.3,8.98,8.85,8.82,8.81,8.99,8.46,9.31,6.88,7.98,8.99,8.84,8.279999999999998,9.07,8.55
132.38,32,8.279999999999998,8.96,8.83,8.81,8.79,8.99,8.46,9.31,6.88,7.97,9.02,8.84,8.26,9.06,8.54
133.38,32,8.27,8.96,8.83,8.79,8.79,8.97,8.449999999999998,9.31,6.87,7.95,9,8.84,8.25,9.04,8.529999999999998
134.4,32,8.27,8.96,8.82,8.79,8.77,8.98,8.44,9.29,6.87,7.94,8.99,8.82,8.23,9.03,8.52
135.4,32,8.26,8.949999999999998,8.81,8.77,8.77,8.97,8.43,9.31,6.87,7.94,8.98,8.81,8.22,9.03,8.52
136.4,32,8.25,8.94,8.8,8.76,8.74,8.97,8.42,9.3,6.86,7.92,8.98,8.8,8.21,9,8.49
137.4,32,8.24,8.94,8.79,8.75,8.74,8.96,8.41,9.28,6.86,7.9,8.96,8.8,8.199999999999998,9,8.47
138.42,32,8.23,8.93,8.77,8.74,8.74,8.96,8.4,9.27,6.84,7.9,8.97,8.79,8.18,9,8.48
139.42,32,8.22,8.91,8.77,8.72,8.73,8.949999999999998,8.39,9.28,6.85,7.88,8.94,8.8,8.14,8.98,8.46
140.42,32,8.199999999999998,8.88,8.75,8.71,8.71,8.92,8.37,9.27,6.83,7.87,8.93,8.76,8.16,8.949999999999998,8.449999999999998
141.42,32,8.21,8.89,8.75,8.71,8.71,8.94,8.38,9.26,6.84,7.86,8.94,8.79,8.16,8.949999999999998,8.449999999999998
142.42,32,8.199999999999998,8.88,8.74,8.71,8.699999999999998,8.94,8.38,9.26,6.83,7.86,8.93,8.76,8.12,8.94,8.44
143.42,32,8.19,8.87,8.72,8.69,8.69,8.93,8.35,9.25,6.83,7.84,8.92,8.76,8.1,8.93,8.42
144.42,32,8.18,8.87,8.72,8.68,8.69,8.92,8.33,9.25,6.82,7.83,8.89,8.74,8.08,8.92,8.41
145.42,32,8.17,8.85,8.72,8.68,8.69,8.89,8.33,9.24,6.82,7.82,8.89,8.74,8.08,8.91,8.41
146.43,32,8.16,8.85,8.699999999999998,8.65,8.67,8.91,8.32,9.24,6.82,7.81,8.88,8.73,8.06,8.89,8.4
147.43,32,8.14,8.84,8.699999999999998,8.66,8.66,8.91,8.32,9.22,6.82,7.8,8.87,8.73,8.06,8.87,8.39
148.43,32,8.12,8.83,8.69,8.62,8.65,8.88,8.3,9.21,6.8,7.79,8.87,8.72,8.04,8.86,8.37
149.43,32,8.11,8.82,8.67,8.61,8.63,8.88,8.29,9.19,6.81,7.77,8.84,8.699999999999998,8.02,8.85,8.36
150.43,32,8.1,8.8,8.66,8.59,8.61,8.87,8.279999999999998,9.18,6.79,7.76,8.84,8.699999999999998,8,8.83,8.35
151.43,32,8.09,8.8,8.66,8.59,8.6,8.87,8.279999999999998,9.2,6.79,7.75,8.83,8.69,7.99,8.83,8.33
152.43,32,8.08,8.76,8.62,8.58,8.59,8.84,8.25,9.18,6.77,7.73,8.81,8.67,7.97,8.82,8.31
153.43,32,8.07,8.75,8.6,8.55,8.58,8.85,8.24,9.16,6.77,7.7,8.81,8.67,7.95,8.8,8.29
154.43,32,8.06,8.75,8.61,8.54,8.57,8.84,8.24,9.17,6.78,7.71,8.8,8.67,7.94,8.8,8.29
155.43,32,8.05,8.73,8.6,8.54,8.57,8.84,8.23,9.16,6.77,7.7,8.8,8.67,7.91,8.77,8.29
156.45,32,8.029999999999998,8.72,8.58,8.51,8.54,8.81,8.199999999999998,9.13,6.75,7.68,8.75,8.63,7.89,8.73,8.25
157.45,32,8.01,8.72,8.57,8.52,8.55,8.81,8.21,9.14,6.76,7.67,8.76,8.63,7.88,8.74,8.26
158.45,32,8.01,8.699999999999998,8.55,8.48,8.529999999999998,8.79,8.18,9.13,6.74,7.65,8.74,8.61,7.86,8.72,8.25
159.45,32,8.01,8.699999999999998,8.56,8.48,8.529999999999998,8.8,8.18,9.13,6.75,7.64,8.74,8.61,7.85,8.71,8.24
160.47,32,7.98,8.69,8.54,8.449999999999998,8.51,8.79,8.16,9.1,6.73,7.64,8.73,8.6,7.83,8.699999999999998,8.22
161.47,32,7.97,8.68,8.52,8.44,8.48,8.76,8.14,9.09,6.73,7.6,8.699999999999998,8.58,7.8,8.67,8.199999999999998
162.47,32,7.96,8.66,8.49,8.43,8.47,8.76,8.12,9.08,6.72,7.59,8.699999999999998,8.58,7.78,8.67,8.19
163.47,32,7.95,8.65,8.48,8.4,8.449999999999998,8.73,8.11,9.06,6.71,7.57,8.68,8.57,7.76,8.63,8.18
164.47,32,7.94,8.63,8.49,8.4,8.449999999999998,8.74,8.1,9.05,6.72,7.56,8.66,8.57,7.75,8.62,8.17
165.47,32,7.91,8.61,8.46,8.38,8.449999999999998,8.72,8.09,9.05,6.71,7.55,8.67,8.56,7.74,8.61,8.16
166.47,32,7.89,8.59,8.46,8.37,8.42,8.72,8.07,9.04,6.7,7.54,8.65,8.54,7.72,8.59,8.12
167.48,32,7.88,8.59,8.44,8.35,8.41,8.71,8.07,9.03,6.69,7.52,8.62,8.54,7.7,8.58,8.12
168.48,32,7.86,8.56,8.44,8.33,8.4,8.699999999999998,8.05,9.02,6.7,7.51,8.6,8.529999999999998,7.68,8.55,8.1
169.5,32,7.85,8.55,8.43,8.31,8.38,8.699999999999998,8.029999999999998,8.99,6.68,7.49,8.6,8.52,7.65,8.54,8.09
170.5,32,7.85,8.54,8.42,8.31,8.37,8.68,8.02,8.99,6.68,7.48,8.6,8.51,7.66,8.54,8.07
171.5,32,7.83,8.51,8.4,8.279999999999998,8.37,8.69,8.01,8.98,6.67,7.46,8.57,8.47,7.63,8.49,8.07
172.5,32,7.8,8.49,8.38,8.27,8.36,8.66,7.99,8.98,6.67,7.44,8.57,8.47,7.59,8.47,8.05
173.5,32,7.8,8.46,8.37,8.24,8.32,8.65,7.97,8.949999999999998,6.65,7.43,8.54,8.46,7.57,8.449999999999998,8.029999999999998
174.52,32,7.78,8.44,8.33,8.24,8.32,8.65,7.96,8.94,6.65,7.41,8.529999999999998,8.449999999999998,7.55,8.44,8.02
175.52,32,7.77,8.43,8.33,8.21,8.31,8.62,7.95,8.94,6.64,7.41,8.52,8.43,7.53,8.41,8
176.52,32,7.75,8.41,8.32,8.19,8.27,8.61,7.92,8.92,6.63,7.39,8.49,8.42,7.51,8.4,7.99
177.52,32,7.74,8.39,8.32,8.199999999999998,8.279999999999998,8.6,7.92,8.91,6.64,7.38,8.48,8.41,7.5,8.39,7.98
178.52,32,7.71,8.36,8.27,8.16,8.25,8.58,7.88,8.88,6.61,7.35,8.449999999999998,8.39,7.47,8.35,7.96
179.52,32,7.7,8.33,8.25,8.13,8.24,8.57,7.87,8.86,6.61,7.33,8.449999999999998,8.38,7.46,8.32,7.92
180.53,32,7.68,8.31,8.25,8.11,8.22,8.56,7.86,8.86,6.61,7.31,8.43,8.36,7.43,8.3,7.92
181.53,32,7.66,8.29,8.23,8.09,8.21,8.56,7.83,8.85,6.6,7.29,8.41,8.36,7.39,8.279999999999998,7.89
182.53,32,7.66,8.29,8.22,8.08,8.22,8.55,7.84,8.84,6.6,7.29,8.41,8.36,7.38,8.279999999999998,7.89
183.53,32,7.64,8.26,8.19,8.07,8.19,8.54,7.82,8.83,6.59,7.27,8.39,8.33,7.36,8.25,7.86
184.55,32,7.61,8.25,8.19,8.04,8.18,8.52,7.8,8.82,6.58,7.25,8.37,8.31,7.33,8.22,7.85
185.55,32,7.59,8.22,8.16,8.02,8.17,8.49,7.78,8.79,6.58,7.24,8.35,8.3,7.31,8.21,7.83
186.55,32,7.56,8.199999999999998,8.13,8,8.14,8.49,7.76,8.77,6.56,7.21,8.32,8.29,7.28,8.18,7.82
187.55,32,7.55,8.18,8.13,7.98,8.14,8.48,7.75,8.76,6.56,7.2,8.31,8.27,7.28,8.17,7.81
188.57,32,7.53,8.16,8.11,7.98,8.12,8.48,7.74,8.76,6.57,7.17,8.29,8.26,7.25,8.13,7.78
189.57,32,7.49,8.12,8.09,7.92,8.09,8.449999999999998,7.7,8.72,6.55,7.14,8.279999999999998,8.25,7.22,8.1,7.76
190.58,32,7.47,8.1,8.08,7.92,8.08,8.44,7.71,8.71,6.55,7.15,8.27,8.23,7.2,8.08,7.75
191.58,32,7.45,8.08,8.05,7.89,8.06,8.43,7.67,8.699999999999998,6.54,7.12,8.24,8.22,7.17,8.06,7.72
192.58,32,7.43,8.05,8.029999999999998,7.87,8.05,8.43,7.67,8.699999999999998,6.54,7.1,8.24,8.21,7.16,8.05,7.73
193.58,32,7.4,8.029999999999998,8.02,7.84,8.02,8.39,7.64,8.66,6.52,7.07,8.199999999999998,8.18,7.12,8.01,7.68
194.6,32,7.38,8.01,7.99,7.83,8.01,8.38,7.63,8.66,6.52,7.07,8.19,8.17,7.09,7.99,7.67
195.6,32,7.36,7.98,7.97,7.8,7.99,8.37,7.6,8.65,6.49,7.03,8.16,8.14,7.08,7.96,7.64
196.6,32,7.35,7.94,7.95,7.77,7.98,8.36,7.58,8.61,6.49,7,8.16,8.14,7.04,7.95,7.61
197.62,32,7.32,7.91,7.91,7.75,7.97,8.35,7.57,8.61,6.48,6.98,8.12,8.12,7.01,7.91,7.6
198.62,32,7.3,7.9,7.9,7.73,7.94,8.33,7.56,8.58,6.47,6.96,8.11,8.11,6.99,7.87,7.58
199.63,32,7.29,7.85,7.86,7.69,7.9,8.3,7.54,8.57,6.46,6.95,8.08,8.09,6.95,7.85,7.55
200.63,32,7.27,7.86,7.83,7.68,7.88,8.29,7.51,8.54,6.46,6.92,8.06,8.07,6.92,7.83,7.52
201.63,32,7.26,7.87,7.83,7.65,7.88,8.279999999999998,7.5,8.54,6.46,6.92,8.05,8.06,6.9,7.8,7.51
202.63,32,7.25,7.88,7.8,7.64,7.86,8.26,7.48,8.51,6.44,6.89,8.029999999999998,8.04,6.87,7.78,7.48
203.65,32,7.22,7.86,7.77,7.6,7.84,8.25,7.45,8.49,6.43,6.86,8,8.029999999999998,6.84,7.74,7.46
204.65,32,7.2,7.86,7.74,7.57,7.82,8.21,7.42,8.47,6.42,6.82,7.97,7.99,6.81,7.72,7.44
205.65,32,7.17,7.85,7.73,7.54,7.79,8.22,7.41,8.46,6.4,6.8,7.96,7.99,6.79,7.69,7.42
206.65,32,7.15,7.84,7.71,7.51,7.77,8.199999999999998,7.37,8.449999999999998,6.4,6.78,7.92,7.98,6.76,7.66,7.39
207.65,32,7.14,7.83,7.68,7.49,7.76,8.17,7.37,8.43,6.39,6.75,7.91,7.96,6.73,7.63,7.38
208.67,32,7.13,7.81,7.67,7.46,7.74,8.18,7.36,8.42,6.39,6.74,7.89,7.94,6.69,7.6,7.37
209.67,32,7.1,7.79,7.65,7.44,7.73,8.14,7.35,8.39,6.37,6.71,7.87,7.92,6.66,7.57,7.33
210.67,32,7.08,7.77,7.6,7.41,7.7,8.11,7.31,8.36,6.36,6.68,7.84,7.89,6.63,7.53,7.3
211.67,32,7.04,7.73,7.58,7.37,7.68,8.1,7.3,8.33,6.35,6.66,7.81,7.87,6.59,7.5,7.27
212.67,32,7.02,7.73,7.57,7.37,7.66,8.07,7.28,8.32,6.34,6.63,7.8,7.86,6.58,7.48,7.26
213.68,32,7,7.71,7.55,7.33,7.64,8.05,7.26,8.3,6.33,6.6,7.77,7.84,6.54,7.44,7.24
214.68,32,6.97,7.68,7.53,7.3,7.63,8.029999999999998,7.23,8.279999999999998,6.31,6.58,7.75,7.82,6.51,7.41,7.2
215.68,32,6.95,7.65,7.5,7.28,7.59,8.02,7.2,8.25,6.31,6.55,7.72,7.8,6.48,7.38,7.18
216.68,32,6.94,7.63,7.47,7.24,7.58,8,7.19,8.24,6.3,6.53,7.7,7.78,6.45,7.35,7.16
217.68,32,6.91,7.59,7.47,7.21,7.56,7.97,7.17,8.21,6.28,6.5,7.67,7.77,6.41,7.32,7.13
218.68,32,6.88,7.58,7.44,7.19,7.54,7.96,7.14,8.19,6.28,6.48,7.64,7.74,6.38,7.28,7.09
219.7,32,6.86,7.56,7.42,7.15,7.51,7.95,7.12,8.17,6.28,6.45,7.61,7.74,6.36,7.25,7.07
220.7,32,6.83,7.53,7.39,7.12,7.5,7.91,7.08,8.13,6.26,6.41,7.59,7.7,6.32,7.21,7.04
221.7,32,6.8,7.5,7.37,7.08,7.47,7.87,7.05,8.11,6.24,6.37,7.55,7.68,6.28,7.17,7
222.7,32,6.77,7.47,7.36,7.04,7.45,7.87,7.02,8.08,6.23,6.35,7.52,7.65,6.26,7.14,6.98
223.7,32,6.74,7.44,7.35,7.02,7.43,7.85,7,8.07,6.22,6.32,7.5,7.63,6.22,7.11,6.93
224.7,32,6.72,7.41,7.32,6.98,7.41,7.83,6.96,8.04,6.2,6.28,7.47,7.61,6.18,7.07,6.91
225.72,32,6.7,7.37,7.28,6.94,7.38,7.8,6.94,8.02,6.2,6.26,7.44,7.59,6.12,7.02,6.88
226.72,32,6.66,7.35,7.26,6.9,7.35,7.77,6.91,7.97,6.17,6.22,7.4,7.56,6.08,6.98,6.85
227.73,32,6.65,7.32,7.24,6.88,7.34,7.76,6.9,7.97,6.17,6.2,7.39,7.54,6.06,6.95,6.81
228.73,32,6.62,7.29,7.22,6.84,7.31,7.74,6.87,7.92,6.16,6.17,7.35,7.51,6.03,6.9,6.78
229.73,32,6.59,7.27,7.19,6.81,7.29,7.7,6.85,7.9,6.15,6.14,7.33,7.49,5.98,6.87,6.75
230.73,32,6.57,7.23,7.16,6.77,7.26,7.68,6.81,7.87,6.13,6.1,7.29,7.46,5.94,6.83,6.7
231.73,32,6.55,7.19,7.15,6.73,7.25,7.65,6.78,7.83,6.12,6.07,7.25,7.44,5.9,6.78,6.68
232.75,32,6.5,7.14,7.09,6.68,7.21,7.61,6.74,7.8,6.09,6.03,7.21,7.4,5.87,6.74,6.63
233.75,32,6.47,7.1,7.07,6.64,7.19,7.6,6.7,7.77,6.08,6,7.18,7.38,5.82,6.7,6.6
234.75,32,6.46,7.1,7.06,6.61,7.17,7.58,6.69,7.75,6.08,5.96,7.16,7.36,5.79,6.67,6.58
235.75,32,6.41,7.05,7.02,6.58,7.14,7.54,6.65,7.72,6.06,5.92,7.11,7.32,5.74,6.63,6.53
236.75,32,6.38,7.02,6.99,6.54,7.12,7.54,6.62,7.68,6.05,5.89,7.09,7.29,5.71,6.59,6.5
237.77,32,6.35,6.97,6.95,6.49,7.08,7.51,6.59,7.65,6.03,5.86,7.05,7.26,5.68,6.55,6.46
238.77,32,6.31,6.93,6.92,6.46,7.06,7.48,6.56,7.59,6.01,5.81,7,7.22,5.62,6.49,6.41
239.77,32,6.29,6.91,6.9,6.43,7.05,7.48,6.54,7.56,6.02,5.78,6.98,7.21,5.6,6.46,6.38
240.78,32,6.25,6.87,6.87,6.37,7.02,7.44,6.49,7.53,5.98,5.73,6.93,7.17,5.55,6.41,6.33
241.78,32,6.22,6.81,6.84,6.33,6.99,7.42,6.44,7.48,5.97,5.69,6.89,7.13,5.51,6.35,6.28
242.8,32,6.18,6.78,6.78,6.28,6.95,7.38,6.41,7.45,5.95,5.64,6.86,7.1,5.47,6.3,6.26
243.8,32,6.16,6.77,6.77,6.25,6.94,7.37,6.4,7.44,5.94,5.62,6.83,7.08,5.44,6.28,6.22
244.8,32,6.13,6.71,6.71,6.2,6.91,7.33,6.35,7.4,5.92,5.57,6.78,7.05,5.38,6.21,6.17
245.8,32,6.09,6.68,6.66,6.15,6.88,7.32,6.31,7.37,5.9,5.53,6.74,7.01,5.34,6.17,6.12
246.8,32,6.07,6.64,6.63,6.1,6.85,7.28,6.28,7.33,5.89,5.48,6.7,6.99,5.29,6.12,6.07
247.82,32,6.03,6.6,6.59,6.07,6.83,7.26,6.24,7.31,5.87,5.44,6.66,6.95,5.25,6.07,6.03
248.82,32,6,6.57,6.55,6,6.8,7.22,6.21,7.27,5.86,5.38,6.62,6.9,5.18,6.03,5.98
249.82,32,5.97,6.54,6.52,5.94,6.77,7.19,6.16,7.25,5.84,5.34,6.58,6.87,5.14,5.96,5.94
250.83,32,5.94,6.49,6.47,5.91,6.74,7.17,6.13,7.21,5.83,5.3,6.55,6.84,5.07,5.91,5.89
251.83,32,5.91,6.46,6.42,5.85,6.71,7.16,6.11,7.19,5.8,5.26,6.51,6.82,5.02,5.88,5.86
252.83,32,5.88,6.41,6.37,5.8,6.68,7.1,6.08,7.15,5.78,5.22,6.46,6.78,4.96,5.82,5.81
253.83,32,5.85,6.37,6.32,5.75,6.65,7.09,6.05,7.11,5.77,5.18,6.42,6.74,4.88,5.75,5.75
254.83,32,5.82,6.33,6.27,5.72,6.62,7.06,6.02,7.08,5.75,5.15,6.37,6.71,4.85,5.7,5.71
255.85,32,5.77,6.28,6.24,5.67,6.58,7.03,5.98,7.04,5.74,5.1,6.32,6.66,4.79,5.65,5.65
256.85,32,5.74,6.26,6.24,5.63,6.56,7,5.94,7.02,5.73,5.06,6.27,6.63,4.76,5.6,5.61
257.85,32,5.69,6.2,6.19,5.57,6.52,6.96,5.89,6.97,5.7,5.01,6.22,6.58,4.71,5.54,5.55
258.87,32,5.65,6.16,6.21,5.53,6.5,6.95,5.85,6.94,5.69,4.97,6.18,6.56,4.67,5.5,5.51
259.87,32,5.61,6.1,6.18,5.47,6.46,6.91,5.79,6.88,5.66,4.9,6.12,6.52,4.6,5.43,5.46
260.87,32,5.57,6.05,6.16,5.4,6.42,6.88,5.74,6.86,5.64,4.85,6.07,6.48,4.55,5.37,5.41
261.88,32,5.53,6,6.14,5.36,6.39,6.85,5.73,6.82,5.62,4.81,6.04,6.45,4.49,5.31,5.36
262.88,32,5.48,5.96,6.12,5.32,6.35,6.8,5.69,6.77,5.61,4.75,5.99,6.4,4.42,5.26,5.29
263.88,32,5.46,5.9,6.09,5.26,6.32,6.78,5.64,6.73,5.6,4.7,5.93,6.36,4.37,5.2,5.24
264.88,32,5.39,5.86,6.06,5.2,6.28,6.74,5.59,6.69,5.57,4.65,5.88,6.31,4.32,5.14,5.19
265.9,32,5.36,5.8,6.03,5.15,6.25,6.71,5.56,6.64,5.55,4.6,5.83,6.28,4.26,5.08,5.13
266.9,32,5.3,5.74,5.98,5.08,6.21,6.66,5.5,6.59,5.52,4.55,5.76,6.23,4.19,5.01,5.06
267.9,32,5.25,5.68,5.93,5.02,6.17,6.64,5.45,6.55,5.49,4.49,5.73,6.17,4.13,4.95,4.99
268.9,32,5.2,5.61,5.89,4.97,6.14,6.6,5.41,6.51,5.48,4.44,5.68,6.14,4.07,4.88,4.94
269.92,32,5.15,5.56,5.87,4.92,6.1,6.57,5.37,6.46,5.46,4.4,5.62,6.09,4.03,4.83,4.88
270.92,32,5.1,5.51,5.82,4.86,6.06,6.53,5.33,6.43,5.44,4.35,5.57,6.05,3.97,4.77,4.82
271.92,32,5.05,5.46,5.77,4.79,6.01,6.49,5.27,6.37,5.42,4.29,5.52,6.01,3.91,4.7,4.75
272.93,32,4.98,5.38,5.74,4.74,5.99,6.46,5.23,6.31,5.4,4.24,5.46,5.96,3.85,4.63,4.7
273.93,32,4.93,5.31,5.69,4.66,5.94,6.43,5.17,6.28,5.38,4.18,5.4,5.9,3.79,4.57,4.63
274.93,32,4.86,5.23,5.63,4.59,5.9,6.38,5.11,6.23,5.36,4.09,5.34,5.86,3.71,4.5,4.57
275.95,32,4.8,5.17,5.58,4.52,5.87,6.35,5.06,6.17,5.34,4.04,5.29,5.82,3.63,4.42,4.51
276.95,32,4.74,5.1,5.54,4.44,5.82,6.29,5,6.12,5.3,3.96,5.25,5.76,3.54,4.34,4.43
277.95,32,4.7,5.05,5.5,4.37,5.78,6.27,4.97,6.07,5.29,3.88,5.2,5.73,3.45,4.26,4.37
278.95,32,4.64,5,5.46,4.29,5.74,6.23,4.92,6.02,5.26,3.83,5.15,5.67,3.38,4.19,4.3
279.97,32,4.59,4.96,5.42,4.23,5.71,6.19,4.89,5.96,5.23,3.79,5.09,5.62,3.3,4.12,4.24
280.97,32,4.53,4.88,5.37,4.17,5.65,6.13,4.84,5.89,5.21,3.74,5.04,5.57,3.24,4.03,4.16
281.97,32,4.46,4.8,5.33,4.11,5.6,6.1,4.8,5.81,5.18,3.7,4.97,5.52,3.19,3.96,4.09
282.97,32,4.4,4.74,5.27,4.05,5.56,6.07,4.74,5.74,5.15,3.66,4.9,5.48,3.14,3.9,4.03
283.97,32,4.33,4.66,5.23,3.99,5.51,6.01,4.69,5.67,5.14,3.59,4.84,5.44,3.1,3.82,3.97
284.98,32,4.26,4.56,5.19,3.91,5.48,5.96,4.62,5.6,5.11,3.53,4.77,5.37,3.05,3.75,3.9
285.98,32,4.18,4.48,5.14,3.83,5.43,5.91,4.56,5.51,5.09,3.45,4.7,5.34,3.01,3.67,3.83
286.98,32,4.09,4.4,5.08,3.75,5.37,5.88,4.49,5.44,5.05,3.37,4.63,5.29,2.94,3.59,3.76
287.98,32,4.02,4.32,5.03,3.66,5.34,5.83,4.42,5.36,5.03,3.28,4.57,5.25,2.89,3.52,3.69
288.98,32,3.94,4.25,4.96,3.57,5.3,5.8,4.36,5.28,4.99,3.19,4.5,5.23,2.82,3.43,3.63
290,32,3.85,4.17,4.89,3.48,5.25,5.75,4.29,5.2,4.97,3.1,4.43,5.18,2.75,3.35,3.55
291,32,3.79,4.11,4.83,3.41,5.19,5.73,4.23,5.13,4.95,3.01,4.37,5.15,2.68,3.28,3.49
292,32,3.71,4.06,4.75,3.32,5.15,5.66,4.18,5.06,4.91,2.91,4.32,5.11,2.63,3.19,3.42
293,32,3.65,3.99,4.68,3.24,5.09,5.63,4.13,4.97,4.89,2.83,4.26,5.06,2.58,3.11,3.35
294,32,3.57,3.92,4.59,3.14,5.05,5.57,4.07,4.91,4.86,2.73,4.19,5.03,2.51,3.01,3.28
295,32,3.51,3.87,4.51,3.07,4.99,5.5,4,4.84,4.82,2.63,4.11,4.98,2.45,2.93,3.24
296,32,3.43,3.8,4.43,2.97,4.95,5.45,3.94,4.77,4.8,2.52,4.04,4.94,2.37,2.84,3.19
297,32,3.35,3.75,4.36,2.86,4.88,5.38,3.86,4.69,4.77,2.42,3.97,4.88,2.29,2.75,3.14
298,32,3.28,3.73,4.31,2.76,4.83,5.32,3.79,4.62,4.73,2.32,3.91,4.84,2.22,2.66,3.07
299.02,32,3.21,3.7,4.27,2.67,4.78,5.24,3.73,4.53,4.71,2.22,3.84,4.79,2.13,2.57,3
300.02,32,3.14,3.69,4.22,2.58,4.71,5.18,3.67,4.44,4.67,2.11,3.78,4.74,2.05,2.48,2.91
301.02,32,3.06,3.63,4.18,2.5,4.65,5.1,3.61,4.39,4.65,1.99,3.72,4.7,1.99,2.41,2.84
302.02,32,2.99,3.58,4.13,2.4,4.59,5.03,3.54,4.3,4.62,1.87,3.65,4.63,1.91,2.33,2.74
303.02,32,2.91,3.53,4.05,2.29,4.52,4.93,3.45,4.2,4.57,1.75,3.56,4.56,1.81,2.24,2.64
304.02,32,2.84,3.48,4,2.2,4.46,4.85,3.38,4.11,4.55,1.64,3.48,4.5,1.73,2.17,2.55
305.02,32,2.77,3.44,3.94,2.11,4.41,4.78,3.3,4.03,4.52,1.55,3.4,4.46,1.64,2.11,2.48
306.02,32,2.7,3.4,3.87,2.01,4.35,4.68,3.22,3.93,4.49,1.46,3.32,4.39,1.53,2.04,2.4
307.02,32,2.63,3.35,3.82,1.92,4.28,4.61,3.14,3.85,4.45,1.4,3.24,4.35,1.43,1.96,2.33
308.03,32,2.56,3.28,3.76,1.82,4.21,4.51,3.05,3.75,4.42,1.33,3.16,4.28,1.34,1.88,2.25
309.03,32,2.49,3.21,3.72,1.74,4.14,4.44,2.97,3.65,4.37,1.28,3.09,4.23,1.23,1.81,2.18
310.03,32,2.42,3.14,3.67,1.65,4.06,4.35,2.9,3.56,4.34,1.23,2.99,4.16,1.15,1.73,2.1
311.03,32,2.34,3.06,3.62,1.57,3.98,4.28,2.8,3.46,4.3,1.17,2.9,4.1,1.05,1.67,2.02
312.03,32,2.26,2.97,3.58,1.48,3.91,4.21,2.71,3.35,4.27,1.1,2.82,4.03,0.98,1.6,1.94
313.05,32,2.19,2.89,3.53,1.41,3.85,4.14,2.63,3.24,4.23,1.02,2.72,3.97,0.9,1.56,1.86
314.05,32,2.1,2.81,3.51,1.34,3.77,4.03,2.53,3.14,4.2,0.94,2.64,3.91,0.82,1.5,1.79
315.05,32,2.04,2.73,3.47,1.31,3.69,3.97,2.47,3.03,4.17,0.86,2.58,3.87,0.76,1.48,1.72
316.05,32,1.96,2.64,3.4,1.28,3.62,3.85,2.38,2.92,4.12,0.77,2.48,3.8,0.7,1.43,1.65
317.05,32,1.88,2.54,3.33,1.25,3.53,3.78,2.32,2.84,4.09,0.68,2.4,3.74,0.66,1.42,1.57
318.05,32,1.81,2.44,3.27,1.23,3.45,3.7,2.24,2.75,4.04,0.61,2.32,3.67,0.62,1.4,1.48
319.07,32,1.73,2.31,3.2,1.2,3.35,3.61,2.17,2.67,4,0.53,2.22,3.59,0.59,1.37,1.39
320.07,32,1.64,2.2,3.14,1.19,3.26,3.55,2.1,2.6,3.96,0.46,2.12,3.51,0.58,1.34,1.31
321.07,32,1.55,2.1,3.05,1.18,3.17,3.47,2.01,2.51,3.91,0.38,2.02,3.42,0.54,1.32,1.21
322.07,32,1.45,2,2.96,1.17,3.07,3.39,1.91,2.43,3.87,0.3,1.93,3.34,0.5,1.31,1.13
323.07,32,1.37,1.92,2.87,1.17,2.98,3.3,1.83,2.31,3.83,0.25,1.83,3.24,0.46,1.28,1.04
324.08,32,1.28,1.84,2.76,1.16,2.88,3.19,1.74,2.19,3.79,0.19,1.74,3.15,0.42,1.27,0.94
325.08,32,1.22,1.75,2.65,1.14,2.79,3.11,1.65,2.07,3.74,0.15,1.66,3.09,0.38,1.26,0.86
326.08,32,1.16,1.68,2.56,1.15,2.7,3.01,1.58,1.92,3.72,0.12,1.59,3.01,0.34,1.25,0.78
327.08,32,1.09,1.59,2.49,1.14,2.59,2.92,1.5,1.79,3.67,0.08,1.52,2.94,0.32,1.25,0.71
328.1,32,1.03,1.49,2.4,1.14,2.49,2.82,1.43,1.64,3.62,0.06,1.45,2.85,0.29,1.24,0.65
329.1,32,0.97,1.39,2.33,1.13,2.38,2.75,1.36,1.52,3.58,0.02,1.39,2.76,0.27,1.23,0.62
330.1,32,0.93,1.3,2.24,1.12,2.27,2.66,1.28,1.4,3.51,0,1.31,2.67,0.24,1.22,0.6
331.1,32,0.9,1.24,2.15,1.12,2.2,2.57,1.21,1.33,3.47,0,1.25,2.58,0.23,1.22,0.57
332.12,32,0.89,1.18,2.04,1.12,2.11,2.48,1.15,1.28,3.43,0,1.22,2.49,0.22,1.21,0.52
333.12,32,0.87,1.11,1.92,1.12,2.04,2.4,1.11,1.25,3.38,0,1.19,2.4,0.21,1.2,0.49
334.12,32,0.86,1.02,1.8,1.12,1.94,2.32,1.08,1.22,3.33,0,1.17,2.34,0.2,1.2,0.45
335.13,32,0.84,0.94,1.7,1.12,1.86,2.24,1.05,1.2,3.28,0,1.15,2.26,0.2,1.19,0.44
336.13,32,0.82,0.85,1.61,1.11,1.76,2.15,1.03,1.19,3.23,0,1.11,2.18,0.19,1.19,0.41
337.13,32,0.78,0.75,1.54,1.11,1.66,2.04,1.02,1.19,3.18,0,1.1,2.1,0.17,1.19,0.38
338.13,32,0.77,0.69,1.48,1.11,1.58,1.96,1,1.17,3.14,0,1.08,2,0.16,1.19,0.35
339.13,32,0.75,0.64,1.42,1.11,1.5,1.86,0.99,1.16,3.07,0,1.07,1.91,0.15,1.19,0.33
340.13,32,0.74,0.61,1.34,1.11,1.43,1.77,0.97,1.16,3.02,0,1.05,1.82,0.15,1.19,0.3
341.13,32,0.73,0.58,1.27,1.11,1.38,1.68,0.96,1.15,2.96,0,1.04,1.73,0.14,1.19,0.3
342.15,32,0.71,0.55,1.2,1.1,1.32,1.58,0.95,1.14,2.91,0,1.03,1.65,0.12,1.17,0.27
343.15,32,0.7,0.53,1.14,1.1,1.28,1.49,0.95,1.14,2.86,0,1.02,1.58,0.13,1.17,0.26
344.15,32,0.7,0.5,1.09,1.1,1.24,1.4,0.95,1.14,2.8,0,1.02,1.5,0.13,1.17,0.26
345.15,32,0.69,0.5,1.07,1.11,1.21,1.34,0.94,1.14,2.75,0,1.01,1.42,0.13,1.17,0.25
346.15,32,0.68,0.47,1.02,1.09,1.19,1.26,0.93,1.13,2.7,0,1,1.34,0.12,1.16,0.25
347.17,32,0.68,0.45,1,1.09,1.18,1.19,0.92,1.13,2.63,0,0.99,1.25,0.11,1.15,0.25
348.17,32,0.68,0.45,0.97,1.11,1.17,1.15,0.92,1.13,2.59,0,1,1.18,0.13,1.16,0.27
349.17,32,0.67,0.45,0.93,1.1,1.16,1.09,0.91,1.12,2.52,0,0.99,1.12,0.12,1.16,0.26
350.17,32,0.66,0.43,0.91,1.1,1.14,1.04,0.91,1.12,2.46,0,0.98,1.07,0.11,1.15,0.25
351.17,32,0.65,0.42,0.89,1.09,1.13,1.01,0.91,1.11,2.4,0,0.97,1.02,0.11,1.15,0.25
352.18,32,0.66,0.42,0.89,1.1,1.11,0.97,0.91,1.11,2.35,0,0.97,1,0.11,1.14,0.25
353.18,32,0.65,0.41,0.88,1.09,1.11,0.95,0.89,1.12,2.28,0,0.97,0.96,0.1,1.15,0.24
354.18,32,0.65,0.42,0.88,1.09,1.11,0.94,0.91,1.13,2.22,0,0.97,0.93,0.11,1.15,0.24
355.18,32,0.65,0.41,0.87,1.09,1.11,0.92,0.9,1.12,2.16,0,0.97,0.91,0.11,1.15,0.24
356.2,32,0.64,0.4,0.86,1.09,1.09,0.91,0.89,1.12,2.1,0,0.96,0.89,0.1,1.15,0.23
357.2,32,0.65,0.4,0.85,1.09,1.09,0.9,0.9,1.12,2.04,0,0.96,0.87,0.09,1.16,0.23
358.2,32,0.64,0.39,0.84,1.08,1.08,0.89,0.89,1.11,1.97,0,0.95,0.85,0.1,1.15,0.23
359.22,32,0.64,0.38,0.83,1.09,1.08,0.89,0.89,1.11,1.91,0,0.96,0.84,0.09,1.15,0.23
360.22,32,0.64,0.38,0.83,1.08,1.06,0.87,0.89,1.11,1.85,0,0.95,0.83,0.1,1.14,0.23
361.22,32,0.63,0.37,0.83,1.08,1.06,0.86,0.89,1.11,1.78,0,0.94,0.83,0.09,1.14,0.21
362.22,32,0.64,0.37,0.83,1.08,1.06,0.86,0.89,1.11,1.71,0,0.94,0.82,0.09,1.15,0.23
363.22,32,0.62,0.37,0.81,1.08,1.05,0.85,0.89,1.1,1.66,0,0.94,0.82,0.08,1.14,0.21
364.22,32,0.63,0.37,0.81,1.08,1.05,0.85,0.88,1.1,1.58,0,0.94,0.8,0.07,1.14,0.22
365.23,32,0.63,0.37,0.81,1.08,1.05,0.85,0.88,1.1,1.53,0,0.94,0.81,0.07,1.14,0.23
366.23,32,0.63,0.37,0.82,1.08,1.05,0.83,0.88,1.09,1.46,0,0.94,0.79,0.07,1.14,0.23
367.23,32,0.62,0.37,0.82,1.08,1.04,0.83,0.89,1.1,1.39,0,0.94,0.79,0.08,1.14,0.22
368.23,32,0.63,0.36,0.81,1.08,1.04,0.83,0.88,1.09,1.33,0,0.93,0.79,0.08,1.14,0.21
369.23,32,0.62,0.36,0.82,1.08,1.04,0.81,0.87,1.1,1.26,0,0.94,0.78,0.06,1.14,0.2
370.23,32,0.62,0.35,0.82,1.08,1.04,0.83,0.86,1.09,1.19,0,0.93,0.78,0.07,1.14,0.2
371.25,32,0.62,0.36,0.83,1.09,1.04,0.83,0.87,1.1,1.14,0,0.93,0.78,0.07,1.14,0.2
372.25,32,0.62,0.36,0.82,1.08,1.02,0.83,0.88,1.1,1.07,0,0.94,0.77,0.08,1.13,0.2
373.25,32,0.62,0.35,0.81,1.08,1.02,0.83,0.88,1.1,1,0,0.93,0.76,0.07,1.13,0.2
374.25,32,0.62,0.35,0.82,1.08,1.03,0.83,0.88,1.09,0.95,0,0.94,0.76,0.07,1.13,0.2
375.25,32,0.63,0.35,0.83,1.08,1.02,0.83,0.88,1.1,0.89,0,0.93,0.76,0.07,1.13,0.19
376.25,32,0.62,0.35,0.85,1.08,1.02,0.83,0.87,1.1,0.83,0,0.93,0.75,0.07,1.13,0.2
377.25,32,0.62,0.35,0.86,1.07,1.01,0.82,0.87,1.08,0.75,0,0.91,0.74,0.06,1.12,0.19
378.25,32,0.62,0.35,0.91,1.08,1.02,0.83,0.88,1.09,0.7,0,0.92,0.74,0.06,1.14,0.19
379.25,32,0.62,0.35,0.89,1.08,1.02,0.83,0.88,1.09,0.64,0,0.93,0.75,0.07,1.13,0.2
380.25,32,0.62,0.35,0.86,1.07,1.02,0.81,0.87,1.08,0.58,0,0.92,0.75,0.06,1.13,0.19
381.25,32,0.61,0.34,0.83,1.07,1.01,0.81,0.86,1.08,0.52,0,0.91,0.75,0.06,1.12,0.19
382.27,32,0.6,0.33,0.83,1.06,1,0.81,0.86,1.07,0.46,0,0.91,0.73,0.04,1.12,0.18
383.27,32,0.61,0.33,0.82,1.06,1.01,0.81,0.86,1.08,0.41,0,0.91,0.75,0.05,1.13,0.19
384.27,32,0.6,0.33,0.83,1.07,1,0.81,0.87,1.08,0.37,0,0.91,0.73,0.06,1.12,0.19
385.27,32,0.6,0.35,0.83,1.07,1,0.81,0.87,1.08,0.32,0,0.91,0.74,0.06,1.12,0.18
386.27,32,0.6,0.33,0.83,1.07,1,0.8,0.86,1.08,0.27,0,0.91,0.73,0.05,1.12,0.18
387.27,32,0.6,0.33,0.82,1.06,1,0.81,0.86,1.07,0.25,0,0.91,0.73,0.05,1.12,0.18
388.27,32,0.61,0.33,0.82,1.07,1,0.81,0.87,1.07,0.21,0,0.91,0.73,0.06,1.12,0.19
389.28,32,0.61,0.33,0.81,1.06,1,0.81,0.87,1.08,0.19,0,0.91,0.72,0.06,1.12,0.2
390.28,32,0.61,0.34,0.81,1.06,1,0.81,0.86,1.07,0.16,0,0.91,0.73,0.06,1.12,0.2
391.28,32,0.6,0.34,0.82,1.07,1,0.8,0.86,1.08,0.13,0,0.91,0.73,0.05,1.12,0.2
392.28,32,0.61,0.34,0.81,1.08,1.01,0.8,0.87,1.07,0.13,0,0.91,0.73,0.05,1.12,0.2
393.3,32,0.6,0.33,0.81,1.08,1,0.8,0.87,1.08,0.1,0,0.91,0.73,0.05,1.12,0.2
394.3,32,0.6,0.34,0.81,1.07,1,0.8,0.87,1.08,0.08,0,0.91,0.73,0.06,1.12,0.2
395.3,32,0.6,0.33,0.8,1.06,1,0.79,0.86,1.07,0.07,0,0.9,0.73,0.05,1.12,0.2
396.32,32,0.6,0.33,0.8,1.06,1,0.81,0.86,1.06,0.06,0,0.91,0.71,0.04,1.12,0.2
397.32,32,0.6,0.32,0.79,1.06,1,0.81,0.86,1.06,0.05,0,0.91,0.72,0.05,1.11,0.19
398.32,32,0.6,0.32,0.8,1.06,1,0.81,0.86,1.07,0.04,0,0.9,0.72,0.05,1.11,0.18
399.32,32,0.6,0.33,0.81,1.06,1,0.81,0.87,1.07,0.03,0,0.91,0.72,0.05,1.12,0.2
400.32,32,0.6,0.32,0.79,1.06,0.99,0.81,0.86,1.06,0.02,0,0.91,0.72,0.04,1.11,0.18
401.32,32,0.6,0.33,0.79,1.06,1,0.81,0.86,1.07,0.01,0,0.91,0.72,0.04,1.11,0.19
402.33,32,0.6,0.32,0.79,1.06,0.99,0.83,0.86,1.07,0.01,0,0.91,0.72,0.04,1.11,0.19
403.33,32,0.6,0.32,0.8,1.07,0.99,0.83,0.87,1.07,0,0,0.91,0.72,0.05,1.11,0.18
404.33,32,0.6,0.32,0.8,1.06,0.99,0.82,0.86,1.06,0,0,0.89,0.7,0.04,1.11,0.19
405.35,32,0.6,0.32,0.8,1.05,0.99,0.81,0.86,1.06,0,0,0.9,0.71,0.04,1.11,0.19
406.35,32,0.6,0.32,0.79,1.06,0.98,0.81,0.86,1.06,0,0,0.89,0.7,0.04,1.11,0.18
407.35,32,0.6,0.32,0.81,1.06,1,0.81,0.86,1.07,0,0,0.91,0.71,0.05,1.12,0.19
408.35,32,0.6,0.32,0.8,1.07,0.98,0.8,0.86,1.05,0,0,0.9,0.72,0.04,1.11,0.19
409.35,32,0.6,0.32,0.78,1.06,0.99,0.81,0.86,1.07,0,0,0.89,0.71,0.04,1.11,0.18
410.35,32,0.6,0.32,0.79,1.06,0.98,0.79,0.86,1.06,0,0,0.91,0.71,0.04,1.11,0.18
411.35,32,0.59,0.32,0.79,1.05,0.98,0.8,0.86,1.05,0,0,0.9,0.7,0.04,1.1,0.17
412.35,32,0.6,0.32,0.79,1.06,0.98,0.81,0.86,1.06,0,0,0.9,0.71,0.04,1.11,0.18
413.35,32,0.6,0.32,0.78,1.06,0.98,0.81,0.86,1.06,0,0,0.91,0.7,0.04,1.11,0.18
414.35,32,0.6,0.32,0.78,1.07,0.98,0.8,0.86,1.07,0,0,0.9,0.7,0.04,1.11,0.18
415.35,32,0.6,0.32,0.79,1.06,0.99,0.81,0.86,1.06,0,0,0.9,0.72,0.04,1.12,0.18
416.35,32,0.59,0.32,0.79,1.05,0.98,0.81,0.86,1.06,0,0,0.9,0.72,0.04,1.11,0.18
417.35,32,0.59,0.31,0.79,1.06,0.98,0.79,0.85,1.05,0,0,0.89,0.7,0.03,1.11,0.18
418.37,32,0.58,0.32,0.78,1.06,0.97,0.79,0.85,1.05,0,0,0.89,0.7,0.04,1.11,0.18
419.37,32,0.59,0.32,0.79,1.06,0.97,0.79,0.86,1.06,0,0,0.9,0.71,0.04,1.11,0.18
420.37,32,0.6,0.32,0.78,1.05,0.98,0.8,0.86,1.06,0,0,0.9,0.7,0.04,1.11,0.18
421.37,32,0.59,0.31,0.78,1.06,0.98,0.79,0.85,1.05,0,0,0.9,0.71,0.04,1.11,0.17
422.37,32,0.58,0.31,0.78,1.05,0.97,0.78,0.85,1.05,0,0,0.89,0.7,0.03,1.1,0.17
423.38,32,0.58,0.3,0.78,1.05,0.97,0.78,0.85,1.05,0,0,0.89,0.7,0.04,1.1,0.17
424.38,32,0.59,0.31,0.78,1.05,0.98,0.78,0.85,1.05,0,0,0.89,0.7,0.03,1.11,0.18
425.38,32,0.59,0.32,0.78,1.05,0.98,0.79,0.86,1.06,0,0,0.9,0.72,0.04,1.11,0.18
426.38,32,0.59,0.31,0.78,1.05,0.97,0.78,0.86,1.05,0,0,0.89,0.7,0.02,1.11,0.18
427.38,32,0.6,0.32,0.78,1.06,0.98,0.79,0.85,1.06,0,0,0.9,0.71,0.04,1.11,0.18
428.38,32,0.58,0.31,0.79,1.05,0.97,0.79,0.85,1.05,0,0,0.89,0.7,0.03,1.1,0.18
429.4,32,0.6,0.32,0.78,1.06,0.97,0.79,0.86,1.06,0,0,0.91,0.71,0.04,1.11,0.17
430.4,32,0.58,0.31,0.78,1.05,0.98,0.78,0.85,1.05,0,0,0.89,0.7,0.03,1.1,0.17
431.4,32,0.58,0.31,0.78,1.05,0.97,0.78,0.85,1.06,0,0,0.9,0.7,0.03,1.1,0.17
432.4,32,0.58,0.31,0.78,1.05,0.97,0.78,0.84,1.05,0,0,0.89,0.7,0.03,1.11,0.16
433.4,32,0.59,0.3,0.78,1.05,0.98,0.79,0.85,1.06,0,0,0.89,0.7,0.04,1.11,0.18
434.4,32,0.58,0.31,0.78,1.05,0.97,0.78,0.85,1.05,0,0,0.89,0.7,0.02,1.1,0.16
435.4,32,0.58,0.3,0.78,1.05,0.97,0.78,0.85,1.06,0,0,0.89,0.7,0.03,1.1,0.17
436.4,32,0.58,0.31,0.78,1.06,0.97,0.79,0.86,1.05,0,0,0.89,0.7,0.03,1.11,0.17
437.42,32,0.58,0.31,0.77,1.05,0.98,0.79,0.85,1.05,0,0,0.89,0.7,0.03,1.11,0.17
438.42,32,0.59,0.31,0.78,1.06,0.98,0.79,0.86,1.06,0,0,0.89,0.7,0.02,1.1,0.18
439.42,32,0.58,0.3,0.78,1.05,0.97,0.78,0.86,1.05,0,0,0.89,0.7,0.03,1.11,0.17
440.42,32,0.58,0.31,0.78,1.05,0.97,0.78,0.85,1.05,0,0,0.89,0.7,0.02,1.11,0.17
441.42,32,0.58,0.31,0.78,1.05,0.97,0.78,0.84,1.05,0,0,0.89,0.7,0.03,1.1,0.17
442.42,32,0.57,0.3,0.77,1.05,0.97,0.78,0.84,1.05,0,0,0.89,0.7,0.02,1.1,0.16
443.43,32,0.59,0.32,0.78,1.05,0.97,0.78,0.85,1.05,0,0,0.9,0.7,0.03,1.11,0.18
444.43,32,0.58,0.3,0.78,1.05,0.97,0.78,0.84,1.05,0,0,0.89,0.7,0.02,1.1,0.17
445.43,32,0.58,0.31,0.78,1.05,0.97,0.78,0.85,1.06,0,0,0.89,0.7,0.03,1.11,0.18
446.43,32,0.58,0.31,0.78,1.05,0.98,0.78,0.85,1.05,0,0,0.89,0.7,0.03,1.1,0.17
447.45,32,0.58,0.3,0.78,1.05,0.98,0.78,0.85,1.05,0,0,0.89,0.7,0.02,1.11,0.16
448.45,32,0.58,0.31,0.78,1.05,0.97,0.78,0.85,1.05,0,0,0.89,0.7,0.01,1.1,0.17
449.45,32,0.58,0.32,0.78,1.05,0.98,0.78,0.86,1.06,0,0,0.9,0.7,0.03,1.11,0.17
450.45,32,0.57,0.3,0.78,1.05,0.98,0.78,0.85,1.06,0,0,0.89,0.7,0.03,1.11,0.17
451.45,32,0.58,0.3,0.79,1.05,0.98,0.78,0.85,1.05,0,0,0.9,0.7,0.03,1.11,0.17
452.45,32,0.58,0.31,0.78,1.05,0.97,0.78,0.85,1.05,0,0,0.89,0.7,0.02,1.11,0.17
453.45,32,0.58,0.31,0.78,1.04,0.98,0.78,0.85,1.05,0,0,0.91,0.7,0.04,1.11,0.16
454.45,32,0.58,0.31,0.78,1.05,0.97,0.78,0.85,1.05,0,0,0.89,0.7,0.02,1.11,0.17
455.45,32,0.58,0.3,0.78,1.05,0.97,0.78,0.85,1.05,0,0,0.89,0.69,0.02,1.1,0.17
456.45,32,0.57,0.3,0.77,1.05,0.97,0.78,0.85,1.05,0,0,0.89,0.7,0.02,1.1,0.16
457.45,32,0.57,0.31,0.78,1.05,0.97,0.78,0.85,1.05,0,0,0.89,0.7,0.02,1.11,0.17
458.45,32,0.57,0.31,0.77,1.05,0.97,0.77,0.84,1.05,0,0,0.89,0.7,0.02,1.11,0.16
459.47,32,0.57,0.31,0.78,1.05,0.96,0.78,0.84,1.05,0,0,0.89,0.7,0.02,1.11,0.16
460.47,32,0.58,0.31,0.78,1.05,0.97,0.78,0.85,1.05,0,0,0.89,0.7,0.03,1.11,0.16
461.47,32,0.58,0.31,0.78,1.05,0.97,0.78,0.84,1.05,0,0,0.89,0.7,0.02,1.11,0.16
462.47,32,0.58,0.31,0.78,1.06,0.97,0.78,0.86,1.06,0,0,0.89,0.7,0.03,1.11,0.16
463.47,32,0.58,0.3,0.77,1.05,0.97,0.76,0.84,1.05,0,0,0.89,0.7,0.01,1.11,0.16
464.47,32,0.57,0.3,0.78,1.05,0.97,0.77,0.84,1.05,0,0,0.89,0.69,0.02,1.1,0.16
465.47,32,0.58,0.3,0.78,1.05,0.98,0.77,0.85,1.06,0,0,0.89,0.7,0.02,1.11,0.17
466.47,32,0.57,0.31,0.78,1.04,0.97,0.78,0.85,1.05,0,0,0.89,0.7,0.03,1.1,0.16
467.48,32,0.57,0.31,0.78,1.04,0.97,0.77,0.84,1.05,0,0,0.89,0.7,0.01,1.11,0.17
468.48,32,0.58,0.3,0.77,1.05,0.97,0.77,0.84,1.05,0,0,0.89,0.7,0.01,1.11,0.15
469.48,32,0.58,0.31,0.78,1.05,0.98,0.78,0.85,1.05,0,0,0.89,0.7,0.02,1.11,0.16
470.48,32,0.57,0.31,0.78,1.04,0.97,0.78,0.84,1.05,0,0,0.89,0.69,0.01,1.11,0.16
471.48,32,0.58,0.31,0.78,1.05,0.97,0.78,0.84,1.05,0,0,0.89,0.69,0.01,1.1,0.16
472.48,32,0.57,0.31,0.77,1.05,0.98,0.78,0.85,1.05,0,0,0.9,0.7,0.02,1.11,0.16
473.48,32,0.58,0.31,0.78,1.05,0.98,0.78,0.85,1.05,0,0,0.89,0.7,0.03,1.11,0.16
474.5,32,0.57,0.32,0.77,1.05,0.97,0.77,0.84,1.05,0,0,0.89,0.7,0.02,1.11,0.16
475.5,32,0.57,0.31,0.77,1.05,0.97,0.77,0.85,1.05,0,0,0.89,0.69,0.01,1.1,0.16
476.5,32,0.58,0.32,0.78,1.05,0.98,0.78,0.85,1.06,0,0,0.89,0.7,0.03,1.11,0.16
477.5,32,0.58,0.3,0.78,1.05,0.98,0.78,0.85,1.05,0,0,0.89,0.7,0.02,1.11,0.16
478.52,32,0.57,0.3,0.77,1.04,0.97,0.77,0.85,1.05,0,0,0.89,0.7,0.02,1.1,0.15
479.52,32,0.57,0.3,0.77,1.05,0.97,0.78,0.84,1.05,0,0,0.89,0.7,0.01,1.1,0.16
480.52,32,0.57,0.3,0.77,1.04,0.97,0.76,0.84,1.05,0,0,0.89,0.7,0.02,1.1,0.15
481.52,32,0.58,0.31,0.77,1.04,0.97,0.76,0.84,1.05,0,0,0.89,0.7,0.01,1.1,0.15
482.52,32,0.59,0.31,0.78,1.05,0.97,0.78,0.85,1.05,0,0,0.9,0.7,0.02,1.11,0.16
483.52,32,0.57,0.31,0.77,1.05,0.99,0.77,0.85,1.05,0,0,0.89,0.69,0.03,1.11,0.16
484.53,32,0.58,0.31,0.78,1.05,0.97,0.78,0.84,1.05,0,0,0.89,0.7,0.01,1.11,0.16
485.53,32,0.57,0.31,0.78,1.05,0.98,0.77,0.85,1.05,0,0,0.9,0.7,0.03,1.11,0.16
486.53,32,0.57,0.3,0.78,1.04,0.97,0.77,0.85,1.05,0,0,0.89,0.7,0.02,1.11,0.16
487.53,32,0.58,0.3,0.78,1.05,0.97,0.77,0.85,1.05,0,0,0.89,0.69,0.02,1.1,0.16
488.53,32,0.57,0.31,0.78,1.05,0.97,0.78,0.85,1.05,0,0,0.9,0.7,0.02,1.11,0.16
489.53,32,0.57,0.31,0.77,1.05,0.97,0.76,0.84,1.05,0,0,0.9,0.7,0.02,1.1,0.16
490.55,32,0.57,0.31,0.78,1.05,0.98,0.77,0.85,1.05,0,0,0.9,0.7,0.02,1.11,0.15
491.55,32,0.57,0.31,0.78,1.05,0.98,0.77,0.85,1.05,0,0,0.89,0.7,0.02,1.11,0.16
492.55,32,0.57,0.3,0.77,1.04,0.97,0.76,0.84,1.04,0,0,0.89,0.7,0.02,1.1,0.15
493.55,32,0.57,0.3,0.76,1.04,0.97,0.76,0.83,1.04,0,0,0.89,0.69,0.02,1.09,0.15
494.57,32,0.57,0.31,0.77,1.05,0.97,0.77,0.85,1.05,0,0,0.89,0.69,0.02,1.11,0.15
495.57,32,0.58,0.31,0.78,1.05,0.97,0.78,0.84,1.05,0,0,0.9,0.7,0.03,1.11,0.16
496.57,32,0.58,0.31,0.78,1.05,0.98,0.78,0.84,1.05,0,0,0.89,0.69,0.01,1.11,0.16
497.57,32,0.57,0.3,0.77,1.05,0.98,0.78,0.84,1.05,0,0,0.89,0.7,0.01,1.1,0.16
498.58,32,0.57,0.32,0.78,1.05,0.97,0.78,0.85,1.05,0,0,0.89,0.7,0.02,1.1,0.16
499.58,32,0.58,0.3,0.78,1.05,0.98,0.78,0.85,1.05,0,0,0.9,0.7,0.03,1.11,0.16
500.58,32,0.57,0.31,0.77,1.04,0.97,0.77,0.83,1.05,0,0,0.89,0.69,0.02,1.1,0.16
501.58,32,0.57,0.31,0.77,1.05,0.98,0.77,0.85,1.05,0,0,0.9,0.7,0.03,1.11,0.16
502.58,32,0.58,0.31,0.78,1.05,0.98,0.77,0.85,1.06,0,0,0.89,0.7,0.02,1.11,0.16
503.58,32,0.58,0.31,0.78,1.05,0.98,0.77,0.85,1.05,0,0,0.89,0.7,0.01,1.11,0.16
504.6,32,0.57,0.3,0.77,1.04,0.97,0.77,0.84,1.05,0,0,0.89,0.69,0.02,1.1,0.15
505.6,32,0.57,0.3,0.77,1.05,0.97,0.77,0.85,1.05,0,0,0.89,0.7,0.02,1.11,0.15
506.6,32,0.57,0.3,0.77,1.05,0.97,0.77,0.85,1.04,0,0,0.89,0.7,0.02,1.1,0.15
507.6,32,0.57,0.31,0.78,1.05,0.98,0.77,0.85,1.05,0,0,0.89,0.7,0.03,1.1,0.16
508.62,32,0.58,0.3,0.77,1.05,0.97,0.78,0.85,1.05,0,0,0.89,0.69,0.02,1.1,0.16
509.62,32,0.58,0.31,0.77,1.05,0.97,0.78,0.84,1.05,0,0,0.89,0.7,0.03,1.1,0.16
510.62,32,0.57,0.31,0.77,1.03,0.97,0.76,0.84,1.05,0,0,0.89,0.7,0.01,1.1,0.15
511.62,32,0.57,0.31,0.77,1.05,0.98,0.78,0.84,1.05,0,0,0.89,0.69,0.03,1.11,0.15
512.62,32,0.58,0.32,0.78,1.05,0.98,0.78,0.85,1.05,0,0,0.89,0.7,0.03,1.11,0.16
513.62,32,0.57,0.31,0.77,1.05,0.97,0.77,0.84,1.05,0,0,0.89,0.7,0.01,1.1,0.16
514.62,32,0.57,0.31,0.78,1.05,0.97,0.78,0.85,1.05,0,0,0.89,0.7,0.01,1.11,0.16
515.63,32,0.57,0.3,0.77,1.05,0.97,0.78,0.83,1.05,0,0,0.89,0.69,0.01,1.1,0.15
516.63,32,0.57,0.31,0.78,1.05,0.97,0.76,0.85,1.05,0,0,0.9,0.7,0.02,1.09,0.16
517.63,32,0.58,0.31,0.78,1.05,0.97,0.77,0.85,1.05,0,0,0.89,0.7,0.01,1.1,0.16
518.63,32,0.57,0.3,0.77,1.04,0.97,0.76,0.84,1.04,0,0,0.89,0.69,0.02,1.09,0.15
519.65,32,0.57,0.31,0.78,1.05,0.97,0.77,0.84,1.05,0,0,0.9,0.69,0.02,1.11,0.16
520.65,32,0.57,0.3,0.77,1.04,0.97,0.77,0.85,1.04,0,0,0.89,0.7,0.02,1.1,0.15
521.65,32,0.57,0.31,0.78,1.05,0.97,0.78,0.84,1.05,0,0,0.89,0.7,0.02,1.1,0.15
522.67,32,0.57,0.3,0.78,1.05,0.97,0.78,0.85,1.05,0,0,0.89,0.7,0.02,1.11,0.15
523.67,32,0.57,0.3,0.77,1.05,0.97,0.77,0.84,1.05,0,0,0.89,0.69,0.01,1.1,0.15
524.67,32,0.57,0.31,0.77,1.04,0.97,0.77,0.84,1.05,0,0,0.89,0.68,0.01,1.1,0.15
525.68,32,0.57,0.3,0.78,1.04,0.97,0.77,0.84,1.05,0,0,0.89,0.69,0.01,1.11,0.15
526.68,32,0.58,0.31,0.78,1.05,0.98,0.77,0.85,1.05,0,0,0.89,0.7,0.03,1.11,0.17
527.68,32,0.58,0.3,0.77,1.04,0.98,0.77,0.84,1.05,0,0,0.89,0.7,0.02,1.1,0.16
528.68,32,0.57,0.3,0.77,1.04,0.97,0.75,0.83,1.04,0,0,0.88,0.69,0.02,1.1,0.15
529.68,32,0.57,0.3,0.77,1.04,0.97,0.77,0.83,1.04,0,0,0.89,0.7,0.01,1.1,0.15
530.68,32,0.58,0.3,0.77,1.05,0.97,0.77,0.84,1.05,0,0,0.89,0.7,0.02,1.1,0.16
531.7,32,0.57,0.3,0.77,1.05,0.97,0.78,0.84,1.05,0,0,0.89,0.69,0.01,1.1,0.15
532.7,32,0.57,0.31,0.78,1.04,0.97,0.77,0.84,1.05,0,0,0.89,0.7,0.02,1.11,0.16
533.7,32,0.58,0.31,0.78,1.05,0.98,0.77,0.85,1.06,0,0,0.9,0.7,0.03,1.11,0.16
534.72,32,0.57,0.3,0.77,1.05,0.97,0.77,0.84,1.04,0,0,0.89,0.69,0.02,1.1,0.15
535.72,32,0.57,0.3,0.77,1.05,0.97,0.77,0.84,1.05,0,0,0.89,0.7,0.02,1.1,0.16
536.72,32,0.57,0.31,0.77,1.05,0.97,0.77,0.84,1.04,0,0,0.9,0.69,0.02,1.11,0.16
537.72,32,0.57,0.31,0.77,1.04,0.97,0.77,0.85,1.05,0,0,0.89,0.7,0.02,1.11,0.15
538.72,32,0.58,0.31,0.77,1.05,0.97,0.77,0.85,1.05,0,0,0.89,0.7,0.03,1.11,0.16
539.73,32,0.57,0.3,0.77,1.04,0.97,0.76,0.85,1.05,0,0,0.89,0.69,0.01,1.1,0.15
540.73,32,0.57,0.3,0.78,1.04,0.97,0.78,0.85,1.05,0,0,0.89,0.69,0.02,1.09,0.15
541.73,32,0.57,0.3,0.77,1.04,0.97,0.76,0.84,1.05,0,0,0.89,0.69,0.02,1.1,0.15
542.73,32,0.57,0.3,0.77,1.05,0.97,0.78,0.85,1.05,0,0,0.89,0.7,0.02,1.09,0.15
543.73,32,0.57,0.3,0.78,1.04,0.97,0.77,0.84,1.05,0,0,0.89,0.68,0.02,1.1,0.15
544.73,32,0.57,0.3,0.78,1.05,0.97,0.77,0.84,1.05,0,0,0.89,0.7,0.01,1.1,0.16
545.73,32,0.58,0.31,0.78,1.05,0.98,0.76,0.84,1.05,0,0,0.89,0.7,0.03,1.1,0.15
546.73,32,0.57,0.3,0.77,1.05,0.97,0.76,0.84,1.05,0,0,0.89,0.69,0.01,1.1,0.16
547.73,32,0.57,0.3,0.77,1.04,0.97,0.77,0.84,1.05,0,0,0.89,0.7,0.02,1.1,0.16
548.73,32,0.57,0.31,0.77,1.04,0.97,0.77,0.84,1.04,0,0,0.89,0.7,0.02,1.09,0.16
549.73,32,0.57,0.3,0.76,1.04,0.97,0.76,0.84,1.05,0,0,0.89,0.69,0.01,1.1,0.15
550.73,32,0.57,0.31,0.78,1.04,0.97,0.78,0.84,1.05,0,0,0.89,0.7,0.02,1.11,0.15
551.73,32,0.58,0.31,0.78,1.05,0.98,0.77,0.85,1.05,0,0,0.89,0.7,0.02,1.11,0.16
552.73,32,0.58,0.31,0.78,1.05,0.98,0.78,0.84,1.05,0,0,0.9,0.7,0.03,1.11,0.15
553.75,32,0.57,0.3,0.76,1.04,0.97,0.76,0.84,1.04,0,0,0.89,0.69,0.01,1.1,0.15
554.75,32,0.58,0.31,0.78,1.05,0.98,0.78,0.85,1.05,0,0,0.9,0.7,0.02,1.11,0.16
555.75,32,0.57,0.3,0.75,1.03,0.97,0.76,0.83,1.05,0,0,0.88,0.68,0.01,1.1,0.14
556.75,32,0.57,0.3,0.78,1.05,0.97,0.77,0.84,1.05,0,0,0.89,0.69,0.01,1.1,0.15
557.77,32,0.57,0.31,0.77,1.05,0.97,0.77,0.85,1.05,0,0,0.89,0.7,0.01,1.11,0.16
558.77,32,0.57,0.3,0.78,1.04,0.97,0.78,0.84,1.05,0,0,0.9,0.7,0.02,1.11,0.15
559.77,32,0.57,0.3,0.76,1.04,0.97,0.76,0.83,1.03,0,0,0.89,0.68,0.01,1.09,0.15
560.77,32,0.57,0.31,0.78,1.05,0.98,0.77,0.85,1.05,0,0,0.89,0.69,0.02,1.11,0.16
561.77,32,0.57,0.3,0.77,1.05,0.97,0.77,0.83,1.05,0,0,0.89,0.69,0.01,1.1,0.15
562.77,32,0.58,0.31,0.78,1.05,0.97,0.77,0.84,1.05,0,0,0.89,0.7,0.03,1.11,0.16
563.78,32,0.57,0.3,0.76,1.04,0.97,0.76,0.84,1.05,0,0,0.89,0.7,0.02,1.1,0.15
564.78,32,0.57,0.3,0.78,1.05,0.97,0.76,0.85,1.05,0,0,0.89,0.69,0.02,1.1,0.15
565.78,32,0.57,0.3,0.77,1.04,0.97,0.77,0.84,1.05,0,0,0.89,0.69,0.01,1.1,0.15
566.78,32,0.57,0.31,0.76,1.05,0.97,0.77,0.85,1.05,0,0,0.88,0.69,0.02,1.09,0.15
567.8,32,0.57,0.3,0.77,1.05,0.97,0.77,0.85,1.05,0,0,0.89,0.7,0.02,1.11,0.15
568.8,32,0.58,0.31,0.77,1.04,0.97,0.77,0.84,1.05,0,0,0.89,0.7,0.02,1.1,0.15
569.8,32,0.57,0.3,0.77,1.04,0.97,0.76,0.83,1.04,0,0,0.89,0.69,0.02,1.09,0.15
570.8,32,0.58,0.31,0.78,1.05,0.98,0.78,0.85,1.05,0,0,0.9,0.7,0.02,1.11,0.15
571.8,32,0.57,0.3,0.77,1.05,0.97,0.76,0.83,1.05,0,0,0.89,0.7,0.03,1.1,0.16
572.8,32,0.57,0.31,0.77,1.05,0.97,0.76,0.84,1.04,0,0,0.89,0.69,0.02,1.1,0.16
573.82,32,0.57,0.3,0.77,1.04,0.97,0.77,0.85,1.05,0,0,0.89,0.69,0.02,1.1,0.15
574.82,32,0.57,0.31,0.78,1.05,0.97,0.78,0.85,1.05,0,0,0.89,0.7,0.03,1.11,0.15
575.82,32,0.57,0.31,0.77,1.04,0.97,0.77,0.84,1.05,0,0,0.89,0.7,0.02,1.11,0.15
576.83,32,0.57,0.3,0.77,1.05,0.97,0.76,0.84,1.05,0,0,0.89,0.69,0.01,1.1,0.15
577.83,32,0.57,0.3,0.77,1.04,0.97,0.76,0.84,1.05,0,0,0.89,0.69,0.01,1.1,0.15
578.83,32,0.58,0.31,0.78,1.05,0.97,0.78,0.85,1.05,0,0,0.9,0.7,0.02,1.1,0.15
579.83,32,0.57,0.3,0.77,1.04,0.97,0.77,0.85,1.04,0,0,0.89,0.69,0.02,1.1,0.15
580.85,32,0.57,0.3,0.77,1.05,0.97,0.76,0.84,1.05,0,0,0.89,0.69,0.01,1.1,0.15
581.85,32,0.57,0.3,0.75,1.03,0.97,0.75,0.83,1.05,0,0,0.88,0.69,0.01,1.1,0.15
582.85,32,0.58,0.31,0.76,1.05,0.97,0.78,0.84,1.05,0,0,0.89,0.7,0.01,1.11,0.15
583.85,32,0.57,0.31,0.78,1.05,0.97,0.77,0.85,1.05,0,0,0.89,0.7,0.02,1.1,0.16
584.85,32,0.57,0.3,0.77,1.05,0.97,0.77,0.84,1.05,0,0,0.89,0.69,0.02,1.1,0.15
585.87,32,0.57,0.31,0.76,1.05,0.97,0.77,0.85,1.05,0,0,0.89,0.7,0.02,1.11,0.15
586.87,32,0.57,0.3,0.77,1.04,0.97,0.76,0.84,1.05,0,0,0.89,0.7,0.01,1.1,0.15
587.87,32,0.58,0.31,0.78,1.05,0.97,0.77,0.85,1.05,0,0,0.89,0.7,0.02,1.11,0.15
588.87,32,0.57,0.3,0.77,1.04,0.97,0.77,0.84,1.05,0,0,0.89,0.68,0.02,1.1,0.15
589.87,32,0.57,0.3,0.76,1.04,0.97,0.75,0.83,1.05,0,0,0.89,0.69,0.01,1.1,0.15
590.87,32,0.57,0.29,0.76,1.04,0.97,0.76,0.83,1.05,0,0,0.89,0.68,0.01,1.1,0.15
591.88,32,0.57,0.3,0.77,1.04,0.97,0.77,0.85,1.05,0,0,0.89,0.7,0.02,1.11,0.15
592.88,32,0.57,0.3,0.76,1.04,0.97,0.76,0.84,1.05,0,0,0.88,0.69,0.01,1.09,0.15
593.88,32,0.57,0.3,0.77,1.04,0.97,0.75,0.83,1.04,0,0,0.89,0.68,0.01,1.1,0.15
594.88,32,0.57,0.3,0.77,1.03,0.97,0.77,0.83,1.05,0,0,0.89,0.69,0.01,1.09,0.15
595.9,32,0.57,0.3,0.77,1.04,0.97,0.77,0.84,1.04,0,0,0.89,0.69,0.01,1.09,0.15
596.9,32,0.57,0.3,0.77,1.04,0.97,0.76,0.83,1.04,0,0,0.89,0.68,0.01,1.1,0.15
597.9,32,0.57,0.31,0.77,1.04,0.97,0.77,0.83,1.04,0,0,0.89,0.69,0.01,1.1,0.15
598.9,32,0.57,0.3,0.76,1.04,0.97,0.76,0.84,1.04,0,0,0.89,0.69,0.01,1.1,0.15
599.9,32,0.57,0.3,0.77,1.04,0.97,0.76,0.84,1.05,0,0,0.89,0.69,0.01,1.1,0.15
600.92,32,0.57,0.3,0.76,1.04,0.97,0.76,0.83,1.05,0,0,0.89,0.68,0.02,1.1,0.15
601.92,32,0.57,0.3,0.76,1.04,0.97,0.76,0.83,1.05,0,0,0.89,0.68,0.01,1.09,0.15
602.92,32,0.57,0.31,0.77,1.05,0.97,0.76,0.85,1.05,0,0,0.89,0.7,0.02,1.1,0.16
603.92,32,0.57,0.31,0.76,1.05,0.97,0.77,0.85,1.05,0,0,0.89,0.7,0.03,1.11,0.15
604.93,32,0.57,0.3,0.76,1.03,0.97,0.76,0.84,1.04,0,0,0.89,0.69,0.01,1.1,0.15
605.93,32,0.57,0.31,0.78,1.05,0.97,0.77,0.84,1.05,0,0,0.89,0.7,0.02,1.1,0.15
606.93,32,0.57,0.3,0.78,1.05,0.97,0.77,0.85,1.05,0,0,0.89,0.7,0.02,1.11,0.15
607.93,32,0.57,0.3,0.77,1.04,0.97,0.76,0.84,1.05,0,0,0.89,0.69,0.01,1.09,0.15
608.93,32,0.57,0.31,0.78,1.04,0.97,0.77,0.85,1.05,0,0,0.89,0.69,0.02,1.11,0.15
609.95,32,0.57,0.3,0.76,1.04,0.97,0.76,0.83,1.04,0,0,0.89,0.69,0.02,1.09,0.15
610.95,32,0.58,0.31,0.78,1.05,0.97,0.77,0.85,1.05,0,0,0.89,0.69,0.04,1.1,0.16
611.95,32,0.57,0.3,0.77,1.03,0.97,0.75,0.83,1.03,0,0,0.89,0.69,0.01,1.1,0.15
612.95,32,0.57,0.3,0.76,1.04,0.97,0.75,0.84,1.04,0,0,0.89,0.68,0.01,1.1,0.15
613.97,32,0.57,0.3,0.77,1.03,0.97,0.77,0.83,1.04,0,0,0.88,0.68,0.01,1.1,0.15
614.97,32,0.57,0.3,0.77,1.04,0.97,0.75,0.84,1.05,0,0,0.89,0.69,0.01,1.09,0.15
615.97,32,0.58,0.31,0.77,1.05,0.97,0.77,0.85,1.05,0,0,0.89,0.7,0.02,1.11,0.16
616.97,32,0.57,0.3,0.76,1.05,0.97,0.77,0.84,1.04,0,0,0.88,0.69,0.02,1.1,0.16
617.97,32,0.57,0.3,0.77,1.04,0.97,0.76,0.83,1.05,0,0,0.89,0.69,0.01,1.1,0.15
618.98,32,0.57,0.3,0.76,1.03,0.97,0.75,0.84,1.04,0,0,0.88,0.69,0.01,1.1,0.15
619.98,32,0.57,0.3,0.75,1.03,0.96,0.75,0.83,1.04,0,0,0.87,0.68,0.01,1.08,0.14
620.98,32,0.57,0.3,0.77,1.04,0.97,0.76,0.84,1.05,0,0,0.89,0.68,0.01,1.1,0.15
622,32,0.57,0.3,0.77,1.04,0.97,0.75,0.84,1.04,0,0,0.89,0.7,0.02,1.1,0.15
623,32,0.58,0.31,0.78,1.05,0.97,0.78,0.84,1.05,0,0,0.9,0.7,0.02,1.11,0.16
624,32,0.57,0.31,0.77,1.05,0.97,0.77,0.84,1.05,0,0,0.89,0.69,0.01,1.1,0.15
625,32,0.58,0.31,0.77,1.04,0.98,0.76,0.84,1.05,0,0,0.89,0.69,0.02,1.1,0.15
626,32,0.58,0.3,0.77,1.05,0.97,0.75,0.85,1.05,0,0,0.89,0.69,0.02,1.11,0.16
627,32,0.57,0.31,0.77,1.05,0.98,0.77,0.85,1.05,0,0,0.89,0.7,0.03,1.1,0.15
628,32,0.57,0.31,0.77,1.04,0.97,0.77,0.84,1.05,0,0,0.89,0.7,0.02,1.1,0.16
629,32,0.57,0.31,0.76,1.05,0.97,0.77,0.84,1.05,0,0,0.89,0.69,0.02,1.09,0.16
630.02,32,0.57,0.3,0.77,1.04,0.97,0.77,0.85,1.05,0,0,0.89,0.7,0.01,1.11,0.15
631.02,32,0.57,0.3,0.76,1.05,0.97,0.77,0.84,1.05,0,0,0.89,0.69,0.02,1.11,0.15
632.02,32,0.57,0.3,0.76,1.04,0.97,0.75,0.83,1.04,0,0,0.88,0.69,0.01,1.1,0.15
633.02,32,0.57,0.3,0.76,1.03,0.97,0.76,0.83,1.05,0,0,0.89,0.69,0.01,1.09,0.15
634.02,32,0.57,0.3,0.77,1.04,0.97,0.76,0.83,1.04,0,0,0.89,0.69,0.02,1.09,0.15
635.03,32,0.58,0.3,0.77,1.04,0.97,0.78,0.84,1.05,0,0,0.89,0.7,0.02,1.1,0.16
636.03,32,0.57,0.3,0.76,1.03,0.96,0.76,0.83,1.04,0,0,0.89,0.68,0.01,1.1,0.15
637.03,32,0.57,0.3,0.77,1.04,0.97,0.77,0.85,1.04,0,0,0.89,0.69,0.01,1.1,0.15
638.03,32,0.58,0.31,0.78,1.05,0.97,0.78,0.84,1.05,0,0,0.89,0.7,0.02,1.11,0.16
639.03,32,0.58,0.31,0.78,1.05,0.98,0.77,0.85,1.05,0,0,0.89,0.7,0.03,1.11,0.16
640.03,32,0.57,0.3,0.77,1.04,0.97,0.76,0.84,1.05,0,0,0.89,0.69,0.01,1.1,0.15
641.05,32,0.57,0.3,0.76,1.03,0.96,0.76,0.83,1.03,0,0,0.89,0.68,0.01,1.09,0.14
642.05,32,0.57,0.3,0.75,1.04,0.97,0.76,0.83,1.05,0,0,0.89,0.69,0.01,1.09,0.15
643.05,32,0.57,0.3,0.76,1.04,0.97,0.75,0.83,1.05,0,0,0.89,0.69,0.01,1.1,0.15
644.05,32,0.57,0.31,0.76,1.04,0.97,0.77,0.84,1.05,0,0,0.89,0.69,0.01,1.1,0.16
645.05,32,0.57,0.31,0.77,1.04,0.97,0.77,0.84,1.05,0,0,0.89,0.69,0.01,1.1,0.15
646.05,32,0.57,0.3,0.77,1.04,0.97,0.77,0.83,1.04,0,0,0.89,0.7,0.02,1.1,0.15
647.05,32,0.57,0.3,0.77,1.04,0.97,0.76,0.84,1.04,0,0,0.89,0.68,0.01,1.09,0.15
648.05,32,0.57,0.3,0.77,1.05,0.97,0.77,0.84,1.05,0,0,0.89,0.69,0.01,1.09,0.15
649.07,32,0.57,0.3,0.77,1.04,0.97,0.76,0.83,1.05,0,0,0.89,0.69,0.01,1.09,0.15
650.07,32,0.58,0.3,0.76,1.04,0.97,0.77,0.84,1.05,0,0,0.89,0.7,0.02,1.1,0.15
651.07,32,0.57,0.3,0.76,1.04,0.96,0.76,0.83,1.04,0,0,0.89,0.7,0.01,1.09,0.15
652.08,32,0.57,0.3,0.76,1.03,0.97,0.76,0.83,1.04,0,0,0.89,0.69,0.01,1.09,0.15
653.08,32,0.57,0.31,0.78,1.05,0.97,0.77,0.84,1.05,0,0,0.89,0.69,0.02,1.1,0.15
654.08,32,0.58,0.3,0.77,1.05,0.97,0.75,0.84,1.05,0,0,0.89,0.7,0.02,1.1,0.15
655.08,32,0.57,0.3,0.76,1.04,0.97,0.76,0.84,1.04,0,0,0.89,0.68,0.01,1.1,0.15
656.08,32,0.57,0.3,0.76,1.03,0.97,0.77,0.84,1.04,0,0,0.89,0.69,0.01,1.1,0.15
657.08,32,0.57,0.3,0.76,1.05,0.97,0.76,0.83,1.05,0,0,0.89,0.7,0.02,1.1,0.15
658.1,32,0.57,0.3,0.76,1.04,0.97,0.75,0.83,1.05,0,0,0.89,0.69,0.01,1.09,0.15
659.1,32,0.56,0.3,0.76,1.03,0.97,0.75,0.83,1.04,0,0,0.89,0.68,0.01,1.09,0.15
660.1,32,0.57,0.3,0.76,1.04,0.97,0.76,0.83,1.05,0,0,0.89,0.69,0.01,1.09,0.15
661.1,32,0.57,0.3,0.76,1.03,0.97,0.75,0.83,1.04,0,0,0.89,0.68,0.01,1.08,0.15
662.1,32,0.57,0.31,0.76,1.04,0.97,0.76,0.85,1.04,0,0,0.89,0.7,0.02,1.1,0.15
663.1,32,0.57,0.3,0.76,1.04,0.97,0.76,0.84,1.05,0,0,0.89,0.69,0.02,1.1,0.15
664.12,32,0.57,0.3,0.76,1.04,0.97,0.76,0.83,1.04,0,0,0.89,0.69,0.01,1.1,0.15
665.12,32,0.57,0.3,0.77,1.04,0.97,0.76,0.84,1.04,0,0,0.89,0.69,0.02,1.09,0.15
666.12,32,0.57,0.3,0.78,1.04,0.97,0.76,0.84,1.05,0,0,0.89,0.7,0.02,1.1,0.15
667.12,32,0.57,0.3,0.76,1.04,0.97,0.76,0.83,1.05,0,0,0.89,0.69,0.01,1.09,0.15
668.12,32,0.57,0.3,0.75,1.04,0.97,0.75,0.83,1.05,0,0,0.89,0.69,0.01,1.09,0.15
669.12,32,0.58,0.3,0.77,1.04,0.97,0.77,0.84,1.05,0,0,0.89,0.7,0.02,1.1,0.15
670.12,32,0.57,0.3,0.77,1.04,0.97,0.76,0.84,1.04,0,0,0.89,0.69,0.01,1.1,0.15
671.13,32,0.57,0.3,0.77,1.04,0.97,0.77,0.83,1.04,0,0,0.89,0.68,0.02,1.1,0.15
672.13,32,0.57,0.3,0.76,1.03,0.97,0.75,0.83,1.04,0,0,0.89,0.69,0.01,1.09,0.15
673.13,32,0.57,0.29,0.76,1.03,0.96,0.75,0.83,1.03,0,0,0.88,0.68,0.01,1.09,0.15
674.13,32,0.58,0.3,0.76,1.04,0.96,0.75,0.84,1.05,0,0,0.89,0.69,0.01,1.1,0.15
675.13,32,0.57,0.3,0.76,1.03,0.97,0.75,0.83,1.03,0,0,0.89,0.68,0.01,1.1,0.15
676.13,32,0.57,0.3,0.77,1.04,0.97,0.76,0.83,1.04,0,0,0.89,0.68,0.01,1.08,0.15
677.13,32,0.57,0.3,0.77,1.04,0.97,0.75,0.84,1.04,0,0,0.89,0.68,0.01,1.09,0.15
678.15,32,0.57,0.3,0.75,1.03,0.97,0.75,0.83,1.04,0,0,0.88,0.69,0.01,1.09,0.14
679.15,32,0.57,0.31,0.76,1.05,0.97,0.77,0.85,1.05,0,0,0.9,0.69,0.02,1.1,0.15
680.15,32,0.58,0.31,0.78,1.05,0.97,0.76,0.84,1.05,0,0,0.89,0.69,0.02,1.1,0.16
681.15,32,0.57,0.3,0.76,1.03,0.97,0.75,0.84,1.04,0,0,0.89,0.69,0.01,1.09,0.15
682.17,32,0.57,0.31,0.76,1.04,0.97,0.76,0.83,1.04,0,0,0.89,0.68,0.01,1.09,0.15
683.17,32,0.57,0.3,0.76,1.05,0.97,0.77,0.84,1.04,0,0,0.89,0.69,0.02,1.1,0.15
684.17,32,0.57,0.3,0.76,1.04,0.97,0.77,0.84,1.05,0,0,0.89,0.69,0.01,1.1,0.15
685.17,32,0.57,0.3,0.76,1.05,0.97,0.76,0.84,1.05,0,0,0.89,0.69,0.01,1.09,0.15
686.18,32,0.57,0.3,0.76,1.04,0.97,0.77,0.83,1.05,0,0,0.89,0.69,0.02,1.09,0.15
687.18,32,0.57,0.3,0.76,1.03,0.97,0.75,0.83,1.04,0,0,0.89,0.68,0.01,1.09,0.15
688.18,32,0.57,0.3,0.76,1.04,0.97,0.75,0.83,1.04,0,0,0.89,0.69,0.01,1.09,0.15
689.18,32,0.57,0.31,0.77,1.04,0.97,0.77,0.84,1.05,0,0,0.89,0.69,0.01,1.1,0.16
690.18,32,0.57,0.3,0.77,1.03,0.97,0.75,0.83,1.04,0,0,0.88,0.68,0.01,1.09,0.15
691.2,32,0.57,0.3,0.77,1.04,0.98,0.77,0.84,1.05,0,0,0.89,0.7,0.01,1.1,0.15
692.2,32,0.57,0.3,0.77,1.04,0.97,0.76,0.84,1.05,0,0,0.89,0.69,0.01,1.1,0.16
693.2,32,0.57,0.3,0.76,1.03,0.96,0.75,0.84,1.04,0,0,0.88,0.69,0.01,1.08,0.15
694.2,32,0.57,0.3,0.77,1.04,0.97,0.76,0.84,1.05,0,0,0.89,0.69,0.01,1.09,0.15
695.2,32,0.57,0.31,0.77,1.05,0.97,0.76,0.84,1.05,0,0,0.89,0.69,0.01,1.1,0.15
696.2,32,0.57,0.3,0.76,1.04,0.97,0.76,0.84,1.04,0,0,0.89,0.68,0.02,1.1,0.15
697.2,32,0.57,0.3,0.77,1.03,0.97,0.75,0.83,1.05,0,0,0.89,0.68,0.01,1.09,0.15
698.22,32,0.57,0.3,0.78,1.04,0.97,0.76,0.84,1.05,0,0,0.89,0.69,0.02,1.1,0.15
699.22,32,0.57,0.3,0.77,1.04,0.96,0.76,0.84,1.04,0,0,0.89,0.69,0.01,1.09,0.15
700.22,32,0.57,0.3,0.75,1.03,0.97,0.75,0.83,1.04,0,0,0.89,0.68,0.01,1.09,0.15
701.22,32,0.57,0.3,0.77,1.04,0.97,0.75,0.83,1.03,0,0,0.89,0.69,0.01,1.09,0.15
702.22,32,0.57,0.3,0.76,1.04,0.97,0.76,0.84,1.05,0,0,0.89,0.69,0.02,1.1,0.15
703.23,32,0.57,0.31,0.77,1.04,0.97,0.77,0.85,1.05,0,0,0.89,0.7,0.02,1.1,0.16
704.23,32,0.57,0.3,0.75,1.04,0.97,0.76,0.83,1.04,0,0,0.89,0.69,0.02,1.09,0.15
705.23,32,0.57,0.3,0.76,1.04,0.97,0.76,0.84,1.05,0,0,0.89,0.7,0.01,1.1,0.15
706.23,32,0.57,0.3,0.77,1.04,0.97,0.75,0.83,1.05,0,0,0.89,0.69,0.02,1.09,0.15
707.23,32,0.57,0.3,0.76,1.03,0.97,0.75,0.83,1.04,0,0,0.89,0.68,0.01,1.09,0.15
708.25,32,0.57,0.3,0.76,1.04,0.97,0.76,0.84,1.05,0,0,0.89,0.69,0.01,1.1,0.15
709.25,32,0.57,0.3,0.76,1.04,0.97,0.76,0.84,1.04,0,0,0.89,0.69,0.02,1.1,0.15
710.25,32,0.57,0.3,0.77,1.04,0.97,0.76,0.84,1.05,0,0,0.89,0.69,0.02,1.1,0.15
711.25,32,0.57,0.3,0.77,1.04,0.97,0.77,0.84,1.04,0,0,0.89,0.7,0.02,1.1,0.15
712.25,32,0.58,0.3,0.77,1.05,0.97,0.76,0.85,1.04,0,0,0.89,0.68,0.01,1.09,0.15
713.25,32,0.57,0.3,0.75,1.04,0.97,0.76,0.83,1.05,0,0,0.89,0.69,0.01,1.1,0.15
714.27,32,0.58,0.3,0.76,1.05,0.97,0.75,0.84,1.05,0,0,0.89,0.7,0.02,1.09,0.15
715.27,32,0.58,0.31,0.78,1.04,0.97,0.77,0.85,1.05,0,0,0.89,0.7,0.02,1.1,0.15
716.27,32,0.57,0.3,0.77,1.04,0.97,0.76,0.84,1.04,0,0,0.89,0.69,0.01,1.1,0.15
717.27,32,0.57,0.3,0.77,1.04,0.97,0.76,0.84,1.05,0,0,0.89,0.69,0.01,1.1,0.15
718.27,32,0.57,0.3,0.76,1.04,0.97,0.76,0.84,1.04,0,0,0.89,0.7,0.02,1.1,0.15
719.27,32,0.57,0.3,0.76,1.04,0.96,0.76,0.84,1.04,0,0,0.89,0.69,0.01,1.09,0.15
720.28,32,0.57,0.3,0.75,1.04,0.97,0.75,0.83,1.04,0,0,0.89,0.69,0.01,1.1,0.15
721.28,32,0.57,0.3,0.76,1.03,0.96,0.75,0.83,1.04,0,0,0.88,0.68,0.01,1.09,0.15
722.28,32,0.57,0.3,0.76,1.04,0.97,0.77,0.83,1.05,0,0,0.89,0.69,0.01,1.1,0.15
723.28,32,0.57,0.3,0.77,1.04,0.97,0.76,0.85,1.05,0,0,0.89,0.7,0.01,1.1,0.15
724.28,32,0.57,0.3,0.77,1.04,0.97,0.77,0.84,1.05,0,0,0.89,0.7,0.02,1.1,0.15
725.3,32,0.57,0.3,0.77,1.04,0.97,0.76,0.84,1.05,0,0,0.88,0.69,0.01,1.1,0.15
726.3,32,0.57,0.3,0.77,1.04,0.97,0.75,0.83,1.04,0,0,0.89,0.68,0.01,1.09,0.15
727.3,32,0.57,0.3,0.77,1.05,0.97,0.77,0.84,1.05,0,0,0.89,0.7,0.01,1.1,0.15
728.3,32,0.57,0.3,0.76,1.03,0.96,0.76,0.83,1.05,0,0,0.88,0.69,0.01,1.1,0.15
729.3,32,0.57,0.3,0.76,1.04,0.97,0.76,0.83,1.04,0,0,0.89,0.68,0.02,1.1,0.15
730.32,32,0.57,0.3,0.77,1.03,0.97,0.75,0.84,1.05,0,0,0.89,0.69,0.01,1.11,0.15
731.32,32,0.57,0.3,0.76,1.03,0.97,0.76,0.84,1.05,0,0,0.89,0.7,0.02,1.1,0.16
732.32,32,0.57,0.3,0.76,1.03,0.96,0.75,0.83,1.04,0,0,0.89,0.69,0.01,1.1,0.15
733.32,32,0.57,0.3,0.75,1.04,0.97,0.76,0.83,1.04,0,0,0.89,0.69,0.01,1.09,0.15
734.32,32,0.57,0.3,0.77,1.04,0.97,0.77,0.84,1.04,0,0,0.89,0.69,0.02,1.09,0.15
735.32,32,0.57,0.3,0.76,1.04,0.97,0.76,0.84,1.05,0,0,0.89,0.68,0.01,1.09,0.15
736.32,32,0.57,0.3,0.75,1.03,0.97,0.75,0.83,1.04,0,0,0.89,0.69,0.01,1.09,0.15
737.33,32,0.56,0.3,0.75,1.03,0.95,0.76,0.83,1.03,0,0,0.88,0.68,0.01,1.09,0.15
738.33,32,0.57,0.3,0.76,1.03,0.97,0.77,0.84,1.04,0,0,0.88,0.69,0.01,1.1,0.15
739.33,32,0.57,0.3,0.76,1.04,0.97,0.75,0.84,1.05,0,0,0.88,0.69,0.01,1.1,0.16
740.33,32,0.57,0.31,0.76,1.04,0.97,0.76,0.84,1.05,0,0,0.89,0.68,0.02,1.1,0.15
741.35,32,0.57,0.3,0.76,1.04,0.97,0.77,0.84,1.04,0,0,0.89,0.69,0.02,1.09,0.15
742.35,32,0.57,0.3,0.75,1.04,0.97,0.75,0.83,1.04,0,0,0.89,0.68,0.01,1.1,0.15
743.35,32,0.57,0.3,0.77,1.04,0.97,0.77,0.84,1.04,0,0,0.89,0.69,0.01,1.09,0.15
744.35,32,0.57,0.31,0.77,1.04,0.97,0.77,0.84,1.04,0,0,0.89,0.7,0.01,1.1,0.15
745.37,32,0.57,0.3,0.76,1.03,0.97,0.76,0.84,1.04,0,0,0.89,0.69,0.02,1.1,0.15
746.37,32,0.57,0.29,0.77,1.04,0.97,0.76,0.84,1.04,0,0,0.89,0.69,0.01,1.09,0.15
747.37,32,0.57,0.31,0.76,1.04,0.97,0.76,0.84,1.05,0,0,0.89,0.7,0.02,1.09,0.15
748.37,32,0.57,0.3,0.77,1.03,0.97,0.76,0.83,1.05,0,0,0.89,0.7,0.02,1.09,0.15
749.38,32,0.57,0.3,0.77,1.04,0.97,0.76,0.84,1.04,0,0,0.89,0.68,0.01,1.09,0.15
750.38,32,0.57,0.3,0.77,1.03,0.97,0.76,0.83,1.04,0,0,0.88,0.69,0.01,1.09,0.15
751.38,32,0.57,0.29,0.76,1.03,0.97,0.76,0.83,1.04,0,0,0.89,0.68,0.01,1.09,0.15
752.38,32,0.58,0.3,0.76,1.05,0.97,0.76,0.84,1.04,0,0,0.89,0.69,0.01,1.1,0.15
753.38,32,0.57,0.3,0.76,1.04,0.97,0.76,0.83,1.04,0,0,0.89,0.69,0.01,1.08,0.15
754.38,32,0.57,0.3,0.77,1.03,0.97,0.76,0.83,1.03,0,0,0.89,0.68,0.01,1.09,0.15
755.4,32,0.57,0.3,0.76,1.04,0.97,0.76,0.83,1.03,0,0,0.89,0.68,0.01,1.08,0.15
756.4,32,0.57,0.3,0.76,1.04,0.97,0.76,0.84,1.05,0,0,0.89,0.68,0.01,1.1,0.15
757.4,32,0.57,0.3,0.77,1.04,0.97,0.76,0.84,1.05,0,0,0.89,0.69,0.02,1.09,0.15
758.4,32,0.57,0.3,0.77,1.04,0.97,0.77,0.84,1.03,0,0,0.89,0.69,0.01,1.1,0.15
759.42,32,0.57,0.3,0.76,1.04,0.97,0.76,0.84,1.04,0,0,0.89,0.69,0.02,1.1,0.15
760.42,32,0.57,0.29,0.75,1.04,0.97,0.75,0.83,1.03,0,0,0.88,0.68,0.01,1.09,0.15
761.42,32,0.57,0.31,0.77,1.05,0.97,0.76,0.84,1.05,0,0,0.89,0.69,0.01,1.11,0.15
762.42,32,0.58,0.3,0.77,1.04,0.97,0.76,0.84,1.04,0,0,0.89,0.7,0.01,1.09,0.15
763.42,32,0.57,0.3,0.76,1.04,0.97,0.76,0.83,1.04,0,0,0.89,0.68,0.02,1.09,0.15
764.43,32,0.57,0.3,0.76,1.04,0.96,0.76,0.84,1.04,0,0,0.89,0.68,0.02,1.1,0.14
765.43,32,0.57,0.3,0.77,1.04,0.97,0.77,0.85,1.05,0,0,0.89,0.69,0.01,1.1,0.15
766.43,32,0.57,0.3,0.77,1.04,0.97,0.76,0.84,1.05,0,0,0.89,0.7,0.02,1.1,0.15
767.43,32,0.57,0.3,0.76,1.03,0.96,0.76,0.84,1.04,0,0,0.89,0.69,0.01,1.09,0.15
768.43,32,0.57,0.3,0.76,1.04,0.97,0.76,0.84,1.04,0,0,0.89,0.68,0.01,1.1,0.15
769.43,32,0.57,0.3,0.76,1.05,0.97,0.76,0.84,1.05,0,0,0.89,0.69,0.01,1.11,0.15
770.43,32,0.57,0.3,0.76,1.04,0.97,0.76,0.84,1.04,0,0,0.89,0.69,0.01,1.09,0.15
771.43,32,0.57,0.3,0.75,1.03,0.97,0.75,0.83,1.04,0,0,0.89,0.68,0.01,1.09,0.15
772.45,32,0.57,0.3,0.77,1.04,0.97,0.75,0.83,1.05,0,0,0.89,0.69,0.01,1.09,0.15
773.45,32,0.57,0.3,0.77,1.04,0.97,0.75,0.85,1.05,0,0,0.89,0.69,0.01,1.1,0.15
774.45,32,0.57,0.3,0.75,1.05,0.97,0.76,0.83,1.05,0,0,0.89,0.69,0.01,1.1,0.15
775.45,32,0.57,0.3,0.76,1.03,0.97,0.76,0.83,1.04,0,0,0.88,0.69,0.01,1.09,0.15
776.45,32,0.57,0.31,0.76,1.05,0.98,0.77,0.84,1.05,0,0,0.89,0.69,0.02,1.1,0.15
777.45,32,0.57,0.3,0.76,1.04,0.97,0.76,0.84,1.05,0,0,0.89,0.69,0.01,1.1,0.15
778.45,32,0.57,0.3,0.77,1.03,0.97,0.76,0.84,1.04,0,0,0.89,0.69,0.02,1.09,0.15
779.45,32,0.57,0.3,0.76,1.05,0.97,0.76,0.84,1.05,0,0,0.89,0.69,0.01,1.1,0.15
780.47,32,0.57,0.3,0.75,1.03,0.97,0.76,0.84,1.04,0,0,0.89,0.69,0.01,1.09,0.15
781.47,32,0.57,0.3,0.77,1.04,0.97,0.75,0.83,1.05,0,0,0.89,0.69,0.01,1.09,0.15
782.47,32,0.57,0.3,0.76,1.04,0.97,0.76,0.83,1.04,0,0,0.89,0.69,0.01,1.09,0.15
783.47,32,0.57,0.3,0.77,1.04,0.97,0.76,0.85,1.05,0,0,0.89,0.69,0.02,1.1,0.15
784.47,32,0.57,0.3,0.77,1.03,0.97,0.76,0.83,1.05,0,0,0.89,0.69,0.01,1.11,0.15
785.47,32,0.57,0.3,0.77,1.04,0.97,0.76,0.85,1.05,0,0,0.89,0.69,0.02,1.1,0.15
786.47,32,0.57,0.3,0.76,1.03,0.97,0.75,0.83,1.04,0,0,0.88,0.68,0.01,1.09,0.15
787.48,32,0.57,0.31,0.77,1.04,0.97,0.75,0.84,1.05,0,0,0.89,0.7,0.02,1.1,0.15
788.48,32,0.57,0.3,0.76,1.05,0.97,0.76,0.84,1.05,0,0,0.89,0.7,0.02,1.1,0.15
789.48,32,0.57,0.3,0.75,1.04,0.97,0.76,0.83,1.05,0,0,0.89,0.69,0.01,1.09,0.15
790.48,32,0.57,0.3,0.76,1.03,0.97,0.76,0.84,1.04,0,0,0.88,0.69,0.01,1.1,0.15
791.48,32,0.57,0.3,0.77,1.04,0.97,0.75,0.84,1.05,0,0,0.89,0.69,0.01,1.09,0.15
792.5,32,0.57,0.3,0.76,1.04,0.97,0.76,0.84,1.04,0,0,0.89,0.69,0.01,1.1,0.15
793.5,32,0.57,0.3,0.76,1.03,0.97,0.76,0.84,1.05,0,0,0.89,0.69,0.01,1.1,0.15
794.5,32,0.57,0.3,0.76,1.04,0.97,0.76,0.84,1.04,0,0,0.88,0.69,0.01,1.09,0.15
795.5,32,0.57,0.3,0.76,1.04,0.97,0.76,0.84,1.04,0,0,0.89,0.7,0.02,1.1,0.15
796.5,32,0.57,0.3,0.76,1.03,0.97,0.76,0.84,1.05,0,0,0.89,0.69,0.02,1.1,0.15
797.5,32,0.57,0.3,0.75,1.04,0.97,0.75,0.83,1.04,0,0,0.88,0.68,0.01,1.1,0.14
798.5,32,0.57,0.3,0.76,1.04,0.97,0.75,0.83,1.05,0,0,0.89,0.69,0.01,1.09,0.15
799.52,32,0.57,0.3,0.76,1.04,0.96,0.75,0.83,1.04,0,0,0.89,0.68,0.01,1.09,0.15
800.52,32,0.57,0.3,0.76,1.04,0.97,0.76,0.84,1.04,0,0,0.89,0.69,0.01,1.09,0.15
801.52,32,0.57,0.31,0.77,1.05,0.97,0.77,0.85,1.05,0,0,0.89,0.7,0.02,1.11,0.16
802.52,32,0.57,0.3,0.76,1.04,0.97,0.75,0.84,1.05,0,0,0.89,0.69,0.01,1.09,0.15
803.52,32,0.57,0.3,0.76,1.03,0.97,0.76,0.84,1.05,0,0,0.89,0.69,0.01,1.1,0.15
804.53,32,0.58,0.31,0.77,1.05,0.97,0.76,0.84,1.05,0,0,0.9,0.7,0.03,1.1,0.16
805.53,32,0.56,0.3,0.76,1.03,0.97,0.75,0.83,1.03,0,0,0.88,0.68,0.01,1.08,0.15
806.53,32,0.56,0.3,0.75,1.03,0.96,0.75,0.83,1.03,0,0,0.89,0.68,0.01,1.09,0.15
807.53,32,0.57,0.3,0.76,1.04,0.97,0.77,0.84,1.04,0,0,0.89,0.69,0.01,1.09,0.15
808.53,32,0.58,0.3,0.76,1.05,0.97,0.77,0.84,1.05,0,0,0.89,0.7,0.02,1.1,0.15
809.55,32,0.57,0.3,0.75,1.04,0.97,0.75,0.84,1.04,0,0,0.89,0.69,0.01,1.08,0.15
810.55,32,0.57,0.31,0.77,1.04,0.97,0.78,0.85,1.05,0,0,0.89,0.7,0.02,1.11,0.15
811.55,32,0.57,0.3,0.77,1.04,0.97,0.76,0.84,1.04,0,0,0.89,0.7,0.02,1.1,0.15
812.57,32,0.57,0.3,0.76,1.04,0.97,0.76,0.84,1.05,0,0,0.89,0.7,0.02,1.1,0.15
813.57,32,0.57,0.3,0.76,1.04,0.97,0.75,0.84,1.03,0,0,0.88,0.69,0.02,1.09,0.15
814.57,32,0.57,0.3,0.76,1.05,0.97,0.76,0.84,1.04,0,0,0.89,0.7,0.01,1.11,0.15
815.58,32,0.57,0.3,0.77,1.04,0.97,0.77,0.84,1.04,0,0,0.89,0.69,0.02,1.1,0.15
816.58,32,0.58,0.3,0.77,1.04,0.97,0.77,0.83,1.05,0,0,0.89,0.69,0.01,1.1,0.15
817.58,32,0.57,0.3,0.76,1.04,0.97,0.76,0.83,1.04,0,0,0.88,0.69,0.01,1.09,0.15
818.58,32,0.57,0.3,0.75,1.04,0.97,0.76,0.83,1.04,0,0,0.89,0.69,0.01,1.09,0.15
819.58,32,0.57,0.3,0.75,1.04,0.97,0.75,0.83,1.03,0,0,0.89,0.68,0.01,1.1,0.14
820.6,32,0.57,0.29,0.76,1.04,0.97,0.76,0.83,1.05,0,0,0.89,0.68,0.01,1.09,0.14
821.6,32,0.57,0.3,0.76,1.04,0.97,0.75,0.83,1.05,0,0,0.89,0.69,0.02,1.1,0.15
822.6,32,0.57,0.3,0.76,1.04,0.96,0.76,0.84,1.04,0,0,0.89,0.7,0.02,1.1,0.15
823.6,32,0.57,0.3,0.76,1.04,0.97,0.76,0.84,1.04,0,0,0.89,0.69,0.01,1.1,0.15
824.6,32,0.57,0.31,0.78,1.05,0.97,0.77,0.85,1.05,0,0,0.89,0.7,0.02,1.1,0.15
825.6,32,0.57,0.3,0.76,1.03,0.97,0.76,0.84,1.05,0,0,0.89,0.69,0.03,1.1,0.15
826.6,32,0.57,0.3,0.76,1.04,0.97,0.76,0.83,1.04,0,0,0.89,0.69,0.01,1.09,0.15
827.6,32,0.57,0.3,0.76,1.05,0.97,0.77,0.84,1.05,0,0,0.89,0.69,0.02,1.1,0.15
828.62,32,0.57,0.3,0.77,1.04,0.97,0.76,0.83,1.04,0,0,0.88,0.68,0.01,1.09,0.15
829.62,32,0.57,0.3,0.77,1.04,0.97,0.76,0.83,1.04,0,0,0.89,0.68,0.01,1.1,0.15
830.62,32,0.57,0.3,0.77,1.04,0.97,0.77,0.84,1.05,0,0,0.89,0.69,0.01,1.1,0.15
831.62,32,0.57,0.3,0.76,1.03,0.97,0.75,0.83,1.02,0,0,0.88,0.68,0.01,1.09,0.15
832.62,32,0.57,0.3,0.77,1.05,0.97,0.76,0.84,1.05,0,0,0.89,0.69,0.01,1.1,0.15
833.62,32,0.57,0.3,0.76,1.05,0.97,0.75,0.84,1.04,0,0,0.89,0.69,0.01,1.1,0.15
834.62,32,0.57,0.3,0.76,1.04,0.97,0.75,0.83,1.03,0,0,0.89,0.68,0.01,1.09,0.14
835.62,32,0.57,0.3,0.77,1.05,0.97,0.77,0.84,1.05,0,0,0.89,0.69,0.02,1.1,0.16
836.62,32,0.57,0.3,0.76,1.04,0.97,0.75,0.83,1.04,0,0,0.88,0.68,0.01,1.1,0.15
837.63,32,0.57,0.3,0.76,1.05,0.97,0.76,0.83,1.05,0,0,0.89,0.69,0.01,1.1,0.15
838.63,32,0.57,0.3,0.76,1.03,0.97,0.76,0.84,1.05,0,0,0.88,0.69,0.01,1.1,0.15
839.63,32,0.57,0.3,0.77,1.05,0.97,0.76,0.85,1.04,0,0,0.89,0.69,0.02,1.1,0.15
840.65,32,0.57,0.3,0.76,1.03,0.96,0.75,0.84,1.04,0,0,0.88,0.68,0.02,1.09,0.14
841.65,32,0.57,0.3,0.76,1.05,0.97,0.77,0.83,1.04,0,0,0.89,0.69,0.01,1.09,0.15
842.65,32,0.57,0.3,0.77,1.05,0.97,0.77,0.84,1.05,0,0,0.89,0.69,0.02,1.1,0.15
843.67,32,0.57,0.3,0.76,1.04,0.97,0.76,0.83,1.04,0,0,0.89,0.69,0.01,1.09,0.15
844.67,32,0.57,0.3,0.76,1.04,0.97,0.76,0.84,1.04,0,0,0.89,0.69,0.01,1.1,0.15
845.67,32,0.57,0.3,0.77,1.04,0.97,0.77,0.84,1.04,0,0,0.89,0.68,0.01,1.1,0.15
846.68,32,0.57,0.3,0.77,1.05,0.97,0.77,0.84,1.04,0,0,0.89,0.7,0.03,1.1,0.15
847.68,32,0.58,0.31,0.78,1.05,0.97,0.78,0.85,1.05,0,0,0.89,0.69,0.02,1.11,0.16
848.68,32,0.57,0.3,0.76,1.04,0.97,0.77,0.83,1.04,0,0,0.89,0.69,0.01,1.1,0.15
849.7,32,0.57,0.3,0.77,1.03,0.97,0.75,0.83,1.04,0,0,0.89,0.68,0.01,1.1,0.15
850.7,32,0.56,0.3,0.76,1.03,0.97,0.75,0.83,1.03,0,0,0.88,0.68,0.01,1.09,0.15
851.7,32,0.57,0.3,0.77,1.04,0.97,0.76,0.84,1.04,0,0,0.89,0.69,0.01,1.1,0.15
852.7,32,0.57,0.3,0.77,1.04,0.97,0.76,0.84,1.05,0,0,0.89,0.68,0.02,1.1,0.15
853.7,32,0.57,0.3,0.75,1.03,0.96,0.76,0.83,1.04,0,0,0.89,0.69,0.01,1.1,0.15
854.7,32,0.57,0.3,0.76,1.03,0.97,0.77,0.83,1.04,0,0,0.88,0.69,0.01,1.1,0.15
855.72,32,0.57,0.3,0.75,1.04,0.97,0.75,0.83,1.04,0,0,0.89,0.69,0.02,1.09,0.15
856.72,32,0.57,0.3,0.75,1.04,0.97,0.76,0.83,1.04,0,0,0.88,0.68,0.01,1.09,0.15
857.72,32,0.57,0.3,0.76,1.04,0.97,0.76,0.84,1.04,0,0,0.89,0.69,0.02,1.11,0.15
858.72,32,0.57,0.3,0.76,1.03,0.97,0.76,0.83,1.04,0,0,0.89,0.69,0.02,1.09,0.15
859.73,32,0.57,0.3,0.77,1.04,0.97,0.76,0.84,1.05,0,0,0.89,0.7,0.01,1.1,0.15
860.73,32,0.57,0.3,0.77,1.04,0.97,0.76,0.84,1.04,0,0,0.89,0.69,0.02,1.09,0.15
861.73,32,0.57,0.3,0.76,1.04,0.97,0.76,0.84,1.04,0,0,0.89,0.69,0.02,1.09,0.15
862.75,32,0.57,0.3,0.76,1.05,0.97,0.75,0.84,1.05,0,0,0.89,0.69,0.02,1.09,0.15
863.75,32,0.57,0.3,0.76,1.04,0.97,0.76,0.83,1.05,0,0,0.89,0.69,0.02,1.1,0.15
864.75,32,0.57,0.3,0.76,1.03,0.97,0.76,0.83,1.04,0,0,0.88,0.68,0.01,1.09,0.15
865.75,32,0.57,0.3,0.77,1.04,0.97,0.75,0.84,1.05,0,0,0.89,0.69,0.02,1.11,0.15
866.75,32,0.57,0.3,0.77,1.05,0.97,0.76,0.84,1.05,0,0,0.89,0.7,0.02,1.09,0.15
867.75,32,0.57,0.3,0.76,1.04,0.97,0.76,0.84,1.04,0,0,0.89,0.69,0.01,1.1,0.15
868.77,32,0.57,0.3,0.76,1.03,0.97,0.75,0.84,1.04,0,0,0.89,0.69,0.01,1.1,0.14
869.77,32,0.57,0.3,0.76,1.03,0.97,0.76,0.84,1.04,0,0,0.89,0.68,0.01,1.1,0.15
870.77,32,0.57,0.3,0.76,1.03,0.97,0.75,0.83,1.03,0,0,0.89,0.68,0.01,1.09,0.15
871.77,32,0.57,0.3,0.78,1.05,0.97,0.77,0.84,1.05,0,0,0.89,0.69,0.02,1.11,0.15
872.78,32,0.57,0.3,0.77,1.04,0.97,0.76,0.84,1.05,0,0,0.89,0.68,0.02,1.11,0.15
873.78,32,0.57,0.3,0.77,1.03,0.97,0.76,0.84,1.04,0,0,0.89,0.69,0.01,1.1,0.16
874.78,32,0.57,0.3,0.76,1.03,0.97,0.76,0.84,1.04,0,0,0.89,0.69,0.01,1.1,0.15
875.8,32,0.57,0.3,0.77,1.04,0.97,0.76,0.84,1.05,0,0,0.89,0.68,0.02,1.11,0.15
876.8,32,0.57,0.3,0.76,1.03,0.97,0.77,0.83,1.04,0,0,0.89,0.68,0.01,1.1,0.15
877.8,32,0.57,0.3,0.77,1.04,0.97,0.76,0.84,1.05,0,0,0.89,0.69,0.02,1.09,0.15
878.8,32,0.57,0.3,0.76,1.04,0.97,0.76,0.84,1.04,0,0,0.89,0.69,0.02,1.09,0.15
879.82,32,0.57,0.3,0.76,1.04,0.97,0.75,0.84,1.03,0,0,0.89,0.69,0.01,1.09,0.15
880.82,32,0.57,0.3,0.76,1.03,0.96,0.76,0.83,1.04,0,0,0.89,0.69,0.01,1.09,0.15
881.83,32,0.58,0.3,0.76,1.04,0.97,0.76,0.83,1.04,0,0,0.89,0.68,0.02,1.09,0.15
882.83,32,0.57,0.3,0.76,1.04,0.97,0.75,0.84,1.04,0,0,0.89,0.69,0.01,1.09,0.15
883.83,32,0.57,0.3,0.76,1.04,0.97,0.76,0.83,1.04,0,0,0.89,0.68,0.01,1.09,0.15
884.85,32,0.57,0.3,0.77,1.04,0.97,0.77,0.84,1.05,0,0,0.89,0.69,0.02,1.1,0.15
885.85,32,0.57,0.3,0.75,1.04,0.97,0.76,0.84,1.04,0,0,0.89,0.69,0.02,1.1,0.15
886.85,32,0.57,0.3,0.76,1.03,0.97,0.76,0.83,1.04,0,0,0.88,0.69,0.01,1.09,0.14
887.87,32,0.57,0.3,0.76,1.04,0.96,0.75,0.83,1.04,0,0,0.89,0.69,0.02,1.1,0.15
888.87,32,0.57,0.3,0.75,1.03,0.96,0.76,0.83,1.03,0,0,0.89,0.68,0.01,1.09,0.15
889.87,32,0.57,0.3,0.76,1.04,0.97,0.75,0.84,1.05,0,0,0.88,0.68,0.01,1.09,0.15
890.88,32,0.57,0.3,0.77,1.03,0.97,0.76,0.83,1.05,0,0,0.88,0.69,0.02,1.1,0.15
891.88,32,0.57,0.3,0.76,1.04,0.97,0.76,0.84,1.05,0,0,0.89,0.69,0.01,1.09,0.15
892.88,32,0.57,0.3,0.76,1.05,0.97,0.75,0.84,1.05,0,0,0.88,0.69,0.01,1.09,0.15
893.88,32,0.57,0.3,0.75,1.03,0.96,0.76,0.83,1.03,0,0,0.88,0.69,0.01,1.09,0.15
894.88,32,0.57,0.3,0.76,1.04,0.97,0.76,0.83,1.05,0,0,0.89,0.69,0.02,1.09,0.15
895.88,32,0.57,0.31,0.77,1.04,0.97,0.75,0.84,1.05,0,0,0.89,0.7,0.02,1.09,0.15
896.9,32,0.57,0.3,0.76,1.04,0.97,0.76,0.84,1.05,0,0,0.89,0.7,0.01,1.09,0.15
897.9,32,0.57,0.3,0.75,1.04,0.97,0.76,0.83,1.04,0,0,0.89,0.69,0.01,1.09,0.15
898.9,32,0.57,0.3,0.77,1.04,0.97,0.76,0.84,1.04,0,0,0.88,0.69,0.01,1.1,0.15
899.9,32,0.57,0.3,0.76,1.04,0.97,0.75,0.84,1.05,0,0,0.89,0.69,0.01,1.09,0.15
900.9,32,0.57,0.3,0.77,1.04,0.97,0.76,0.85,1.05,0,0,0.89,0.69,0.02,1.1,0.16
901.92,32,0.57,0.3,0.76,1.04,0.97,0.76,0.83,1.03,0,0,0.89,0.69,0.01,1.1,0.15
902.92,32,0.57,0.3,0.76,1.03,0.97,0.76,0.84,1.05,0,0,0.89,0.69,0.01,1.09,0.15
903.92,32,0.57,0.3,0.76,1.04,0.97,0.75,0.84,1.05,0,0,0.89,0.69,0.01,1.1,0.15
904.93,32,0.57,0.31,0.77,1.04,0.97,0.77,0.84,1.05,0,0,0.89,0.69,0.01,1.1,0.15
905.93,32,0.57,0.3,0.76,1.05,0.97,0.75,0.83,1.04,0,0,0.89,0.68,0.02,1.09,0.14
906.93,32,0.57,0.3,0.76,1.04,0.97,0.75,0.84,1.05,0,0,0.89,0.69,0.01,1.1,0.15
907.95,32,0.57,0.3,0.78,1.05,0.97,0.77,0.85,1.05,0,0,0.89,0.69,0.03,1.1,0.15
908.95,32,0.57,0.3,0.77,1.03,0.97,0.76,0.84,1.04,0,0,0.89,0.69,0.02,1.09,0.15
909.95,32,0.57,0.3,0.76,1.04,0.97,0.77,0.84,1.04,0,0,0.89,0.69,0.02,1.1,0.15
910.95,32,0.56,0.3,0.75,1.03,0.97,0.75,0.83,1.03,0,0,0.88,0.68,0.01,1.08,0.14
911.95,32,0.57,0.3,0.76,1.03,0.97,0.75,0.83,1.04,0,0,0.89,0.68,0.01,1.09,0.15
912.97,32,0.57,0.3,0.77,1.04,0.97,0.75,0.85,1.05,0,0,0.89,0.69,0.01,1.1,0.15
913.97,32,0.57,0.3,0.76,1.04,0.97,0.75,0.83,1.05,0,0,0.88,0.68,0.01,1.09,0.15
914.97,32,0.57,0.3,0.76,1.03,0.97,0.75,0.83,1.04,0,0,0.88,0.68,0.02,1.09,0.15
915.97,32,0.57,0.3,0.76,1.03,0.97,0.75,0.83,1.04,0,0,0.88,0.68,0.01,1.09,0.15
916.97,32,0.58,0.31,0.76,1.04,0.97,0.76,0.84,1.05,0,0,0.89,0.69,0.02,1.1,0.15
917.97,32,0.57,0.3,0.76,1.04,0.97,0.76,0.84,1.04,0,0,0.89,0.69,0.02,1.09,0.15
918.97,32,0.57,0.3,0.77,1.04,0.97,0.76,0.83,1.04,0,0,0.89,0.68,0.01,1.09,0.15
919.97,32,0.57,0.3,0.76,1.04,0.97,0.76,0.83,1.05,0,0,0.89,0.68,0.02,1.08,0.15
920.97,32,0.57,0.3,0.76,1.03,0.96,0.75,0.83,1.04,0,0,0.88,0.68,0.01,1.09,0.14
921.97,32,0.57,0.3,0.76,1.05,0.97,0.75,0.84,1.05,0,0,0.89,0.69,0.02,1.1,0.15
922.97,32,0.57,0.3,0.76,1.04,0.97,0.75,0.84,1.05,0,0,0.89,0.7,0.01,1.1,0.15
923.97,32,0.57,0.3,0.77,1.04,0.97,0.76,0.84,1.04,0,0,0.89,0.69,0.01,1.1,0.15
924.97,32,0.57,0.3,0.76,1.04,0.97,0.75,0.83,1.04,0,0,0.89,0.68,0.02,1.09,0.15
925.97,32,0.57,0.31,0.76,1.03,0.96,0.76,0.84,1.04,0,0,0.89,0.7,0.01,1.1,0.15
926.97,32,0.57,0.3,0.76,1.04,0.97,0.76,0.83,1.05,0,0,0.89,0.68,0.02,1.1,0.15
927.97,32,0.58,0.3,0.77,1.05,0.97,0.77,0.83,1.05,0,0,0.89,0.69,0.01,1.1,0.15
928.98,32,0.57,0.3,0.75,1.03,0.97,0.75,0.83,1.04,0,0,0.88,0.68,0.02,1.08,0.14
929.98,32,0.57,0.31,0.78,1.05,0.97,0.77,0.84,1.05,0,0,0.89,0.7,0.03,1.1,0.16
930.98,32,0.57,0.3,0.77,1.04,0.97,0.77,0.84,1.05,0,0,0.89,0.68,0.02,1.1,0.15
931.98,32,0.57,0.3,0.76,1.04,0.97,0.76,0.84,1.05,0,0,0.89,0.68,0.02,1.09,0.15
932.98,32,0.57,0.3,0.75,1.03,0.96,0.75,0.83,1.04,0,0,0.87,0.68,0.01,1.09,0.14
933.98,32,0.57,0.3,0.76,1.04,0.97,0.75,0.83,1.04,0,0,0.89,0.68,0.01,1.1,0.15
934.98,32,0.57,0.3,0.75,1.03,0.97,0.77,0.83,1.05,0,0,0.89,0.69,0.01,1.09,0.15
935.98,32,0.57,0.3,0.75,1.04,0.97,0.75,0.83,1.04,0,0,0.89,0.69,0.01,1.08,0.15
936.98,32,0.57,0.3,0.76,1.04,0.97,0.76,0.83,1.05,0,0,0.89,0.7,0.01,1.1,0.15
937.98,32,0.57,0.3,0.76,1.04,0.97,0.76,0.84,1.04,0,0,0.89,0.68,0.02,1.1,0.15
939,32,0.57,0.3,0.76,1.03,0.97,0.75,0.83,1.05,0,0,0.89,0.69,0.01,1.09,0.15
940,32,0.57,0.3,0.76,1.04,0.97,0.75,0.83,1.04,0,0,0.89,0.68,0.01,1.08,0.15
941,32,0.57,0.3,0.76,1.04,0.97,0.75,0.84,1.04,0,0,0.88,0.68,0.01,1.1,0.15
942,32,0.57,0.3,0.75,1.04,0.96,0.75,0.83,1.03,0,0,0.88,0.69,0.01,1.09,0.14
943,32,0.57,0.3,0.76,1.04,0.97,0.75,0.84,1.05,0,0,0.89,0.69,0.02,1.09,0.15
944,32,0.57,0.3,0.75,1.04,0.97,0.76,0.83,1.04,0,0,0.89,0.69,0.01,1.09,0.15
945,32,0.57,0.3,0.77,1.05,0.97,0.76,0.84,1.05,0,0,0.89,0.7,0.02,1.1,0.15
946.02,32,0.57,0.3,0.75,1.03,0.96,0.76,0.83,1.04,0,0,0.89,0.69,0.01,1.09,0.15
947.02,32,0.57,0.3,0.76,1.04,0.97,0.76,0.84,1.05,0,0,0.89,0.68,0.02,1.09,0.15
948.02,32,0.57,0.3,0.76,1.04,0.97,0.76,0.83,1.04,0,0,0.88,0.69,0.01,1.09,0.15
949.02,32,0.57,0.3,0.75,1.04,0.96,0.76,0.83,1.04,0,0,0.89,0.69,0.01,1.09,0.15
950.02,32,0.57,0.3,0.75,1.04,0.97,0.75,0.84,1.04,0,0,0.89,0.68,0.02,1.09,0.15
951.02,32,0.57,0.3,0.75,1.03,0.97,0.76,0.84,1.04,0,0,0.89,0.69,0.01,1.09,0.15
952.02,32,0.57,0.3,0.77,1.04,0.97,0.76,0.84,1.04,0,0,0.89,0.68,0.01,1.09,0.15
953.02,32,0.57,0.3,0.77,1.05,0.97,0.75,0.84,1.05,0,0,0.89,0.69,0.03,1.09,0.15
954.03,32,0.57,0.3,0.76,1.04,0.96,0.75,0.83,1.03,0,0,0.88,0.68,0.01,1.09,0.14
955.03,32,0.57,0.3,0.76,1.04,0.97,0.76,0.83,1.05,0,0,0.89,0.7,0.02,1.1,0.15
956.03,32,0.57,0.3,0.76,1.02,0.97,0.75,0.84,1.03,0,0,0.89,0.68,0.01,1.1,0.15
957.03,32,0.57,0.3,0.76,1.04,0.97,0.74,0.83,1.04,0,0,0.88,0.68,0.01,1.09,0.14
958.03,32,0.57,0.3,0.75,1.04,0.97,0.77,0.83,1.05,0,0,0.89,0.69,0.02,1.1,0.15
959.03,32,0.57,0.3,0.76,1.04,0.97,0.76,0.84,1.04,0,0,0.89,0.68,0.02,1.09,0.15
960.05,32,0.57,0.3,0.76,1.04,0.96,0.77,0.83,1.04,0,0,0.88,0.68,0.01,1.09,0.15
961.05,32,0.57,0.3,0.75,1.03,0.97,0.75,0.83,1.03,0,0,0.89,0.68,0.01,1.1,0.15
962.05,32,0.57,0.3,0.76,1.03,0.97,0.75,0.84,1.03,0,0,0.89,0.68,0.01,1.1,0.15
963.05,32,0.57,0.29,0.75,1.03,0.97,0.76,0.83,1.05,0,0,0.88,0.68,0.01,1.09,0.15
964.07,32,0.57,0.3,0.75,1.03,0.96,0.75,0.83,1.04,0,0,0.89,0.69,0.01,1.08,0.15
965.07,32,0.57,0.3,0.76,1.03,0.97,0.75,0.84,1.04,0,0,0.89,0.69,0.01,1.09,0.15
966.07,32,0.57,0.29,0.76,1.04,0.97,0.76,0.84,1.04,0,0,0.89,0.68,0.01,1.1,0.15
967.08,32,0.56,0.29,0.75,1.03,0.97,0.75,0.83,1.04,0,0,0.87,0.68,0.01,1.09,0.14
968.08,32,0.57,0.3,0.77,1.04,0.97,0.76,0.84,1.04,0,0,0.88,0.68,0.01,1.1,0.15
969.08,32,0.57,0.3,0.76,1.04,0.97,0.76,0.84,1.04,0,0,0.89,0.68,0.01,1.09,0.15
970.1,32,0.57,0.3,0.76,1.04,0.97,0.77,0.83,1.04,0,0,0.89,0.69,0.01,1.09,0.15
971.1,32,0.57,0.29,0.76,1.05,0.97,0.75,0.84,1.05,0,0,0.89,0.68,0.02,1.1,0.15
972.1,32,0.57,0.3,0.76,1.05,0.97,0.77,0.84,1.05,0,0,0.89,0.69,0.02,1.09,0.15
973.1,32,0.57,0.3,0.75,1.04,0.97,0.76,0.83,1.04,0,0,0.89,0.69,0.01,1.09,0.15
974.1,32,0.57,0.3,0.75,1.04,0.97,0.75,0.84,1.04,0,0,0.88,0.68,0.01,1.09,0.15
975.12,32,0.57,0.3,0.76,1.04,0.97,0.76,0.84,1.04,0,0,0.89,0.69,0.01,1.11,0.15
976.12,32,0.57,0.3,0.76,1.04,0.97,0.75,0.83,1.04,0,0,0.89,0.68,0.01,1.09,0.15
977.12,32,0.57,0.3,0.76,1.03,0.97,0.75,0.83,1.04,0,0,0.89,0.68,0.02,1.09,0.15
978.12,32,0.57,0.28,0.76,1.03,0.97,0.76,0.83,1.03,0,0,0.89,0.69,0.01,1.09,0.15
979.12,32,0.57,0.3,0.76,1.03,0.97,0.75,0.83,1.04,0,0,0.88,0.68,0.01,1.09,0.15
980.13,32,0.57,0.3,0.76,1.04,0.97,0.75,0.83,1.04,0,0,0.88,0.68,0.01,1.09,0.15
981.13,32,0.57,0.3,0.76,1.04,0.97,0.75,0.84,1.04,0,0,0.89,0.69,0.02,1.09,0.15
982.13,32,0.57,0.3,0.76,1.04,0.97,0.75,0.83,1.05,0,0,0.89,0.69,0.01,1.09,0.15
983.13,32,0.58,0.3,0.77,1.05,0.98,0.77,0.85,1.05,0,0,0.89,0.69,0.02,1.1,0.16
984.13,32,0.57,0.3,0.75,1.03,0.97,0.75,0.83,1.03,0,0,0.88,0.69,0.01,1.09,0.15
985.15,32,0.57,0.3,0.77,1.04,0.97,0.77,0.83,1.04,0,0,0.89,0.7,0.03,1.1,0.15
986.15,32,0.57,0.3,0.76,1.05,0.98,0.75,0.84,1.05,0,0,0.89,0.68,0.02,1.1,0.15
987.15,32,0.57,0.3,0.76,1.03,0.97,0.76,0.83,1.04,0,0,0.89,0.69,0.02,1.09,0.14
988.17,32,0.57,0.3,0.76,1.04,0.97,0.75,0.83,1.03,0,0,0.88,0.69,0.01,1.09,0.14
989.17,32,0.57,0.3,0.76,1.03,0.97,0.75,0.83,1.03,0,0,0.89,0.68,0.01,1.09,0.15
990.17,32,0.57,0.3,0.75,1.04,0.97,0.76,0.84,1.04,0,0,0.89,0.69,0.01,1.09,0.15
991.17,32,0.57,0.3,0.75,1.03,0.97,0.75,0.83,1.04,0,0,0.88,0.69,0.01,1.09,0.15
992.18,32,0.57,0.3,0.77,1.04,0.97,0.75,0.84,1.04,0,0,0.89,0.69,0.02,1.1,0.15
993.18,32,0.57,0.3,0.76,1.03,0.97,0.75,0.83,1.04,0,0,0.89,0.69,0.01,1.09,0.15
994.18,32,0.57,0.3,0.76,1.03,0.97,0.76,0.83,1.05,0,0,0.88,0.68,0.01,1.1,0.15
995.18,32,0.57,0.29,0.75,1.03,0.97,0.75,0.83,1.03,0,0,0.88,0.68,0.01,1.09,0.15
996.18,32,0.57,0.3,0.75,1.04,0.97,0.76,0.83,1.03,0,0,0.88,0.68,0.01,1.09,0.15
997.18,32,0.57,0.3,0.76,1.04,0.97,0.76,0.83,1.04,0,0,0.89,0.68,0.01,1.09,0.15
998.2,32,0.57,0.3,0.75,1.03,0.97,0.75,0.83,1.03,0,0,0.89,0.68,0.01,1.08,0.14
999.2,32,0.57,0.3,0.76,1.04,0.97,0.76,0.84,1.04,0,0,0.89,0.69,0.01,1.09,0.15
1000.2,32,0.57,0.3,0.76,1.03,0.97,0.76,0.83,1.04,0,0,0.88,0.68,0.01,1.09,0.15
1001.2,32,0.57,0.3,0.77,1.04,0.97,0.75,0.84,1.05,0,0,0.89,0.69,0.02,1.09,0.15
1002.2,32,0.57,0.3,0.76,1.04,0.97,0.76,0.83,1.03,0,0,0.89,0.68,0.02,1.1,0.15
1003.2,32,0.57,0.3,0.77,1.04,0.97,0.76,0.84,1.04,0,0,0.89,0.69,0.01,1.1,0.15
1004.22,32,0.57,0.3,0.75,1.03,0.97,0.75,0.83,1.04,0,0,0.89,0.68,0.01,1.09,0.15
1005.22,32,0.57,0.31,0.76,1.05,0.97,0.77,0.83,1.04,0,0,0.89,0.7,0.01,1.11,0.15
1006.22,32,0.57,0.3,0.76,1.04,0.97,0.75,0.83,1.04,0,0,0.89,0.68,0.01,1.09,0.14
1007.22,32,0.57,0.3,0.76,1.04,0.97,0.76,0.83,1.04,0,0,0.88,0.68,0.02,1.1,0.15
1008.22,32,0.57,0.3,0.76,1.03,0.97,0.75,0.83,1.04,0,0,0.88,0.68,0.01,1.09,0.15
1009.23,32,0.56,0.3,0.75,1.02,0.97,0.74,0.83,1.04,0,0,0.88,0.68,0.01,1.08,0.15
1010.23,32,0.57,0.29,0.76,1.04,0.97,0.75,0.83,1.04,0,0,0.88,0.69,0.01,1.09,0.15
1011.23,32,0.57,0.29,0.76,1.04,0.97,0.75,0.84,1.04,0,0,0.89,0.68,0.01,1.1,0.15
1012.23,32,0.57,0.3,0.77,1.04,0.98,0.77,0.84,1.05,0,0,0.89,0.69,0.02,1.1,0.15
1013.23,32,0.57,0.3,0.76,1.04,0.97,0.76,0.83,1.03,0,0,0.88,0.68,0.01,1.09,0.15
1014.23,32,0.57,0.31,0.76,1.05,0.98,0.76,0.84,1.05,0,0,0.89,0.69,0.02,1.1,0.15
1015.25,32,0.57,0.3,0.76,1.04,0.97,0.77,0.84,1.05,0,0,0.89,0.69,0.01,1.1,0.15
1016.25,32,0.57,0.3,0.75,1.04,0.97,0.75,0.83,1.04,0,0,0.88,0.68,0.01,1.09,0.15
1017.25,32,0.57,0.3,0.76,1.04,0.97,0.76,0.84,1.04,0,0,0.89,0.69,0.02,1.1,0.15
1018.25,32,0.57,0.3,0.76,1.04,0.97,0.76,0.84,1.04,0,0,0.89,0.69,0.02,1.09,0.15
1019.27,32,0.57,0.3,0.76,1.04,0.97,0.75,0.83,1.04,0,0,0.89,0.69,0.01,1.09,0.15
1020.27,32,0.57,0.3,0.77,1.05,0.98,0.75,0.83,1.05,0,0,0.89,0.7,0.01,1.09,0.15
1021.27,32,0.57,0.3,0.76,1.04,0.97,0.76,0.83,1.03,0,0,0.89,0.69,0.02,1.1,0.14
1022.27,32,0.57,0.3,0.76,1.04,0.97,0.75,0.83,1.04,0,0,0.89,0.69,0.02,1.09,0.15
1023.28,32,0.57,0.3,0.76,1.04,0.97,0.75,0.83,1.04,0,0,0.89,0.69,0.01,1.1,0.15
1024.28,32,0.57,0.3,0.75,1.04,0.97,0.75,0.83,1.04,0,0,0.88,0.68,0.01,1.09,0.15
1025.28,32,0.57,0.3,0.76,1.04,0.97,0.75,0.83,1.04,0,0,0.88,0.69,0.01,1.1,0.15
1026.28,32,0.57,0.3,0.76,1.05,0.97,0.75,0.84,1.03,0,0,0.88,0.69,0.02,1.09,0.15
1027.3,32,0.56,0.29,0.75,1.03,0.97,0.75,0.83,1.04,0,0,0.89,0.68,0.01,1.08,0.14
1028.3,32,0.57,0.3,0.76,1.05,0.97,0.77,0.83,1.04,0,0,0.89,0.68,0.02,1.09,0.15
1029.3,32,0.57,0.3,0.75,1.03,0.97,0.75,0.83,1.05,0,0,0.88,0.68,0.01,1.09,0.14
1030.3,32,0.57,0.3,0.77,1.04,0.97,0.77,0.85,1.04,0,0,0.89,0.69,0.03,1.1,0.15
1031.3,32,0.57,0.3,0.76,1.04,0.97,0.76,0.83,1.05,0,0,0.88,0.69,0.02,1.1,0.15
1032.3,32,0.57,0.3,0.76,1.04,0.97,0.75,0.84,1.04,0,0,0.88,0.69,0.02,1.09,0.15
1033.32,32,0.57,0.3,0.75,1.03,0.97,0.75,0.83,1.04,0,0,0.89,0.69,0.01,1.09,0.15
1034.32,32,0.57,0.3,0.76,1.04,0.98,0.76,0.83,1.04,0,0,0.89,0.69,0.01,1.1,0.15
1035.32,32,0.57,0.3,0.76,1.04,0.97,0.76,0.83,1.05,0,0,0.89,0.69,0.02,1.1,0.15
1036.32,32,0.57,0.3,0.76,1.04,0.97,0.75,0.83,1.04,0,0,0.88,0.69,0.01,1.09,0.15
1037.32,32,0.57,0.3,0.77,1.04,0.97,0.76,0.83,1.05,0,0,0.89,0.68,0.02,1.1,0.15
1038.32,32,0.57,0.3,0.76,1.04,0.97,0.75,0.83,1.04,0,0,0.88,0.69,0.01,1.09,0.15
1039.33,32,0.57,0.3,0.76,1.03,0.97,0.75,0.83,1.04,0,0,0.89,0.68,0.01,1.1,0.15
1040.33,32,0.57,0.3,0.76,1.04,0.97,0.76,0.84,1.05,0,0,0.89,0.69,0.01,1.1,0.15
1041.33,32,0.57,0.3,0.76,1.04,0.97,0.75,0.83,1.04,0,0,0.89,0.68,0.02,1.09,0.15
1042.35,32,0.57,0.3,0.76,1.03,0.97,0.76,0.84,1.04,0,0,0.89,0.68,0.02,1.09,0.15
1043.35,32,0.57,0.29,0.76,1.04,0.97,0.76,0.83,1.04,0,0,0.89,0.69,0.01,1.09,0.15
1044.35,32,0.57,0.3,0.76,1.04,0.97,0.75,0.83,1.04,0,0,0.89,0.69,0.01,1.1,0.15
1045.35,32,0.56,0.3,0.75,1.04,0.97,0.75,0.83,1.04,0,0,0.88,0.68,0.02,1.09,0.14
1046.35,32,0.57,0.3,0.76,1.04,0.97,0.75,0.84,1.04,0,0,0.89,0.69,0.01,1.09,0.15
1047.37,32,0.57,0.3,0.76,1.04,0.97,0.76,0.83,1.04,0,0,0.89,0.69,0.02,1.1,0.15
1048.37,32,0.57,0.3,0.76,1.04,0.97,0.76,0.84,1.05,0,0,0.89,0.69,0.01,1.1,0.15
1049.37,32,0.57,0.3,0.76,1.04,0.97,0.75,0.84,1.04,0,0,0.89,0.68,0.02,1.09,0.15
1050.38,32,0.57,0.3,0.75,1.04,0.97,0.75,0.83,1.04,0,0,0.89,0.69,0.01,1.09,0.15
1051.38,32,0.57,0.3,0.76,1.04,0.97,0.75,0.83,1.04,0,0,0.89,0.68,0.01,1.09,0.15
1052.38,32,0.56,0.29,0.75,1.03,0.97,0.76,0.83,1.04,0,0,0.88,0.68,0.01,1.08,0.15
1053.38,32,0.57,0.3,0.75,1.03,0.97,0.75,0.83,1.03,0,0,0.88,0.68,0.01,1.09,0.15
1054.38,32,0.58,0.3,0.77,1.04,0.97,0.77,0.84,1.04,0,0,0.89,0.69,0.02,1.1,0.15
1055.38,32,0.57,0.3,0.76,1.03,0.96,0.75,0.83,1.04,0,0,0.88,0.68,0.01,1.09,0.14
1056.4,32,0.57,0.3,0.76,1.04,0.97,0.75,0.83,1.04,0,0,0.89,0.69,0.02,1.09,0.15
1057.4,32,0.57,0.3,0.76,1.03,0.97,0.75,0.83,1.03,0,0,0.89,0.69,0.02,1.09,0.15
1058.4,32,0.56,0.3,0.76,1.03,0.97,0.75,0.83,1.03,0,0,0.89,0.68,0.01,1.09,0.15
1059.42,32,0.57,0.3,0.76,1.04,0.97,0.75,0.84,1.04,0,0,0.88,0.68,0.02,1.09,0.14
1060.42,32,0.57,0.3,0.76,1.03,0.97,0.75,0.83,1.04,0,0,0.88,0.68,0.01,1.09,0.15
1061.42,32,0.57,0.29,0.77,1.04,0.97,0.76,0.83,1.04,0,0,0.89,0.69,0.01,1.1,0.15
1062.42,32,0.57,0.3,0.76,1.05,0.97,0.76,0.84,1.04,0,0,0.89,0.69,0.03,1.1,0.15
1063.42,32,0.57,0.3,0.75,1.03,0.97,0.75,0.83,1.05,0,0,0.89,0.68,0.01,1.08,0.14
1064.42,32,0.57,0.31,0.76,1.04,0.98,0.76,0.84,1.05,0,0,0.89,0.7,0.01,1.1,0.15
1065.43,32,0.57,0.3,0.76,1.05,0.97,0.76,0.83,1.05,0,0,0.88,0.68,0.02,1.09,0.15
1066.43,32,0.57,0.3,0.75,1.04,0.97,0.76,0.83,1.05,0,0,0.89,0.69,0.01,1.09,0.15
1067.43,32,0.57,0.3,0.75,1.03,0.97,0.75,0.83,1.03,0,0,0.88,0.68,0.01,1.09,0.14
1068.45,32,0.57,0.3,0.76,1.04,0.97,0.77,0.84,1.05,0,0,0.89,0.7,0.03,1.09,0.15
1069.45,32,0.56,0.3,0.76,1.03,0.97,0.76,0.83,1.04,0,0,0.88,0.68,0.01,1.09,0.15
1070.45,32,0.57,0.3,0.75,1.04,0.98,0.77,0.83,1.04,0,0,0.88,0.68,0.01,1.09,0.15
1071.45,32,0.57,0.3,0.76,1.04,0.97,0.75,0.84,1.04,0,0,0.89,0.68,0.01,1.09,0.15
1072.45,32,0.57,0.3,0.77,1.04,0.97,0.75,0.84,1.04,0,0,0.89,0.69,0.01,1.1,0.15
1073.47,32,0.57,0.3,0.75,1.04,0.97,0.75,0.84,1.05,0,0,0.89,0.69,0.02,1.1,0.15
1074.47,32,0.57,0.3,0.76,1.04,0.97,0.76,0.84,1.04,0,0,0.88,0.69,0.02,1.1,0.15
1075.47,32,0.57,0.3,0.75,1.04,0.98,0.76,0.83,1.04,0,0,0.89,0.68,0.02,1.09,0.15
1076.47,32,0.57,0.3,0.76,1.04,0.97,0.76,0.83,1.04,0,0,0.89,0.68,0.01,1.09,0.15
1077.48,32,0.57,0.3,0.77,1.04,0.97,0.75,0.84,1.04,0,0,0.89,0.69,0.02,1.09,0.15
1078.48,32,0.57,0.29,0.77,1.03,0.97,0.76,0.84,1.03,0,0,0.88,0.69,0.02,1.09,0.15
1079.48,32,0.56,0.3,0.76,1.03,0.97,0.75,0.83,1.03,0,0,0.89,0.68,0.01,1.09,0.14
1080.48,32,0.57,0.3,0.76,1.04,0.97,0.75,0.83,1.04,0,0,0.88,0.69,0.01,1.1,0.15
1081.48,32,0.56,0.29,0.75,1.03,0.97,0.75,0.83,1.03,0,0,0.88,0.68,0.01,1.09,0.15
1082.5,32,0.57,0.3,0.76,1.05,0.97,0.75,0.84,1.04,0,0,0.89,0.69,0.02,1.1,0.15
1083.5,32,0.57,0.3,0.77,1.04,0.97,0.76,0.83,1.04,0,0,0.89,0.69,0.01,1.09,0.15
1084.5,32,0.57,0.3,0.77,1.05,0.98,0.76,0.84,1.04,0,0,0.89,0.69,0.02,1.1,0.15
1085.5,32,0.57,0.3,0.76,1.04,0.97,0.77,0.84,1.04,0,0,0.89,0.69,0.02,1.1,0.15
1086.52,32,0.57,0.3,0.77,1.04,0.97,0.76,0.84,1.04,0,0,0.89,0.68,0.02,1.1,0.15
1087.52,32,0.57,0.3,0.76,1.04,0.97,0.75,0.83,1.04,0,0,0.89,0.68,0.02,1.08,0.14
1088.52,32,0.57,0.3,0.77,1.04,0.98,0.77,0.84,1.05,0,0,0.89,0.69,0.02,1.1,0.15
1089.52,32,0.57,0.3,0.76,1.04,0.97,0.76,0.83,1.05,0,0,0.89,0.69,0.02,1.1,0.15
1090.52,32,0.57,0.3,0.76,1.04,0.97,0.77,0.84,1.04,0,0,0.89,0.7,0.02,1.1,0.15
1091.53,32,0.57,0.3,0.76,1.03,0.97,0.76,0.83,1.04,0,0,0.89,0.68,0.02,1.1,0.15
1092.53,32,0.57,0.3,0.77,1.05,0.97,0.76,0.84,1.04,0,0,0.89,0.7,0.02,1.09,0.15
1093.53,32,0.56,0.3,0.75,1.04,0.97,0.75,0.83,1.03,0,0,0.89,0.68,0.01,1.09,0.15
1094.53,32,0.57,0.3,0.77,1.05,0.97,0.76,0.84,1.05,0,0,0.89,0.68,0.02,1.09,0.15
1095.55,32,0.57,0.3,0.77,1.04,0.97,0.76,0.84,1.04,0,0,0.89,0.68,0.02,1.1,0.15
1096.55,32,0.57,0.3,0.77,1.05,0.97,0.76,0.84,1.05,0,0,0.89,0.7,0.02,1.1,0.15
1097.55,32,0.57,0.3,0.76,1.05,0.98,0.76,0.83,1.04,0,0,0.89,0.69,0.02,1.1,0.15
1098.55,32,0.57,0.3,0.75,1.04,0.97,0.75,0.83,1.04,0,0,0.89,0.68,0.02,1.09,0.15
1099.57,32,0.57,0.3,0.77,1.04,0.97,0.75,0.84,1.03,0,0,0.89,0.69,0.02,1.09,0.15
1100.57,32,0.57,0.3,0.76,1.03,0.97,0.75,0.83,1.04,0,0,0.88,0.69,0.01,1.09,0.15
1101.57,32,0.57,0.3,0.76,1.04,0.97,0.76,0.84,1.04,0,0,0.89,0.68,0.01,1.1,0.15
1102.57,32,0.57,0.3,0.75,1.04,0.97,0.77,0.83,1.04,0,0,0.88,0.69,0.02,1.09,0.15
1103.57,32,0.57,0.31,0.76,1.05,0.97,0.77,0.85,1.05,0,0,0.89,0.7,0.02,1.1,0.15
1104.58,32,0.58,0.31,0.77,1.04,0.98,0.76,0.84,1.05,0,0,0.89,0.7,0.02,1.1,0.15
1105.58,32,0.57,0.3,0.76,1.04,0.97,0.77,0.83,1.05,0,0,0.89,0.68,0.01,1.1,0.15
1106.58,32,0.57,0.29,0.76,1.03,0.97,0.75,0.83,1.03,0,0,0.88,0.68,0.01,1.09,0.15
1107.58,32,0.57,0.3,0.77,1.04,0.97,0.76,0.83,1.04,0,0,0.88,0.69,0.01,1.09,0.15
1108.6,32,0.57,0.3,0.76,1.05,0.97,0.77,0.85,1.05,0,0,0.89,0.68,0.01,1.1,0.15
1109.6,32,0.57,0.29,0.78,1.04,0.97,0.75,0.84,1.04,0,0,0.89,0.68,0.03,1.1,0.15
1110.6,32,0.57,0.3,0.76,1.03,0.97,0.75,0.83,1.03,0,0,0.89,0.69,0.01,1.09,0.15
1111.62,32,0.57,0.3,0.76,1.04,0.98,0.76,0.84,1.03,0,0,0.89,0.69,0.01,1.1,0.15
1112.62,32,0.57,0.3,0.76,1.04,0.97,0.75,0.83,1.04,0,0,0.88,0.7,0.01,1.09,0.15
1113.62,32,0.57,0.3,0.76,1.04,0.97,0.76,0.83,1.04,0,0,0.89,0.68,0.01,1.1,0.15
1114.63,32,0.57,0.3,0.75,1.03,0.97,0.75,0.84,1.05,0,0,0.88,0.69,0.01,1.09,0.14
1115.63,32,0.57,0.3,0.76,1.04,0.97,0.75,0.84,1.04,0,0,0.88,0.68,0.01,1.09,0.15
1116.63,32,0.57,0.3,0.77,1.03,0.97,0.76,0.84,1.05,0,0,0.89,0.69,0.02,1.1,0.15
1117.65,32,0.57,0.3,0.75,1.04,0.97,0.76,0.83,1.04,0,0,0.88,0.68,0.02,1.1,0.15
1118.65,32,0.56,0.3,0.75,1.02,0.97,0.76,0.83,1.03,0,0,0.88,0.68,0.01,1.08,0.15
1119.65,32,0.57,0.3,0.75,1.05,0.98,0.76,0.85,1.05,0,0,0.89,0.69,0.02,1.1,0.16
1120.65,32,0.57,0.3,0.77,1.04,0.98,0.75,0.84,1.04,0,0,0.89,0.69,0.02,1.1,0.15
1121.67,32,0.57,0.3,0.77,1.03,0.97,0.76,0.83,1.04,0,0,0.89,0.7,0.02,1.1,0.15
1122.67,32,0.57,0.3,0.76,1.05,0.97,0.76,0.84,1.04,0,0,0.89,0.68,0.02,1.09,0.15
1123.67,32,0.57,0.3,0.77,1.05,0.98,0.77,0.84,1.04,0,0,0.89,0.7,0.03,1.1,0.16
1124.67,32,0.57,0.3,0.76,1.04,0.97,0.76,0.83,1.05,0,0,0.89,0.69,0.02,1.09,0.15
1125.67,32,0.57,0.3,0.76,1.03,0.97,0.75,0.84,1.04,0,0,0.88,0.68,0.01,1.09,0.14
1126.68,32,0.57,0.3,0.76,1.04,0.97,0.76,0.83,1.04,0,0,0.89,0.68,0.01,1.1,0.15
1127.68,32,0.57,0.3,0.77,1.04,0.97,0.76,0.84,1.04,0,0,0.89,0.69,0.02,1.1,0.15
1128.68,32,0.58,0.3,0.77,1.05,0.97,0.76,0.84,1.05,0,0,0.89,0.7,0.03,1.1,0.15
1129.7,32,0.57,0.3,0.76,1.04,0.97,0.75,0.83,1.05,0,0,0.89,0.69,0.01,1.09,0.15
1130.7,32,0.57,0.3,0.77,1.05,0.97,0.76,0.83,1.04,0,0,0.89,0.69,0.02,1.1,0.15
1131.72,32,0.58,0.3,0.76,1.05,0.98,0.77,0.84,1.05,0,0,0.89,0.69,0.03,1.1,0.15
1132.72,32,0.57,0.3,0.76,1.03,0.97,0.76,0.83,1.04,0,0,0.89,0.68,0.01,1.1,0.15
1133.72,32,0.57,0.3,0.76,1.03,0.97,0.76,0.84,1.05,0,0,0.89,0.68,0.02,1.09,0.15
1134.72,32,0.57,0.3,0.77,1.04,0.97,0.76,0.84,1.04,0,0,0.89,0.69,0.02,1.1,0.15
1135.73,32,0.57,0.3,0.75,1.04,0.97,0.76,0.84,1.05,0,0,0.89,0.69,0.02,1.1,0.15
1136.73,32,0.57,0.3,0.77,1.05,0.97,0.75,0.84,1.05,0,0,0.89,0.7,0.01,1.1,0.15
1137.75,32,0.57,0.3,0.77,1.03,0.97,0.75,0.84,1.04,0,0,0.89,0.69,0.02,1.09,0.15
1138.75,32,0.57,0.3,0.75,1.03,0.97,0.76,0.83,1.03,0,0,0.89,0.69,0.01,1.08,0.15
1139.75,32,0.57,0.3,0.76,1.03,0.97,0.76,0.83,1.04,0,0,0.88,0.68,0.01,1.09,0.15
1140.77,32,0.57,0.3,0.76,1.04,0.97,0.75,0.84,1.05,0,0,0.88,0.68,0.02,1.1,0.15
1141.77,32,0.57,0.29,0.75,1.04,0.96,0.76,0.83,1.04,0,0,0.88,0.68,0.01,1.09,0.15
1142.77,32,0.57,0.3,0.75,1.04,0.97,0.76,0.83,1.04,0,0,0.89,0.69,0.01,1.1,0.14
1143.78,32,0.56,0.3,0.76,1.04,0.97,0.75,0.83,1.04,0,0,0.89,0.69,0.01,1.09,0.15
1144.78,32,0.57,0.3,0.76,1.03,0.97,0.75,0.83,1.04,0,0,0.89,0.68,0.01,1.08,0.15
1145.78,32,0.57,0.3,0.75,1.04,0.97,0.75,0.84,1.03,0,0,0.89,0.69,0.01,1.1,0.15
1146.78,32,0.57,0.3,0.76,1.05,0.97,0.75,0.84,1.04,0,0,0.89,0.7,0.02,1.09,0.15
1147.8,32,0.57,0.3,0.75,1.04,0.97,0.75,0.83,1.04,0,0,0.89,0.68,0.02,1.1,0.14
1148.8,32,0.57,0.3,0.76,1.03,0.97,0.76,0.83,1.05,0,0,0.88,0.69,0.01,1.09,0.15
1149.8,32,0.57,0.3,0.76,1.04,0.97,0.77,0.85,1.05,0,0,0.9,0.69,0.03,1.09,0.15
1150.8,32,0.57,0.29,0.75,1.04,0.97,0.75,0.83,1.03,0,0,0.88,0.68,0.01,1.09,0.15
1151.8,32,0.57,0.3,0.76,1.04,0.97,0.76,0.84,1.04,0,0,0.89,0.69,0.02,1.1,0.15
1152.8,32,0.57,0.3,0.77,1.05,0.98,0.76,0.84,1.05,0,0,0.89,0.7,0.02,1.1,0.15
1153.82,32,0.57,0.3,0.77,1.05,0.98,0.77,0.84,1.05,0,0,0.89,0.7,0.02,1.1,0.16
1154.82,32,0.57,0.3,0.77,1.03,0.97,0.76,0.83,1.04,0,0,0.89,0.69,0.02,1.09,0.15
1155.82,32,0.57,0.31,0.76,1.04,0.97,0.76,0.84,1.04,0,0,0.89,0.69,0.02,1.09,0.15
1156.82,32,0.57,0.3,0.76,1.04,0.97,0.77,0.84,1.04,0,0,0.89,0.69,0.03,1.11,0.15
1157.82,32,0.57,0.3,0.77,1.05,0.97,0.77,0.83,1.05,0,0,0.89,0.69,0.02,1.1,0.15
1158.82,32,0.57,0.3,0.76,1.04,0.97,0.75,0.83,1.04,0,0,0.89,0.69,0.01,1.1,0.15
1159.82,32,0.57,0.3,0.77,1.04,0.97,0.76,0.85,1.04,0,0,0.89,0.69,0.02,1.11,0.15
1160.82,32,0.57,0.29,0.75,1.03,0.96,0.75,0.83,1.03,0,0,0.87,0.68,0.01,1.08,0.14
1161.83,32,0.56,0.3,0.75,1.03,0.96,0.75,0.83,1.03,0,0,0.89,0.68,0.01,1.09,0.14
1162.83,32,0.57,0.3,0.76,1.04,0.97,0.76,0.83,1.05,0,0,0.89,0.69,0.02,1.09,0.15
1163.85,32,0.57,0.31,0.77,1.04,0.98,0.77,0.84,1.05,0,0,0.89,0.69,0.03,1.11,0.15
1164.85,32,0.57,0.3,0.76,1.04,0.97,0.76,0.83,1.04,0,0,0.89,0.68,0.01,1.09,0.15
1165.87,32,0.57,0.3,0.76,1.05,0.97,0.75,0.84,1.04,0,0,0.88,0.69,0.02,1.09,0.15
1166.87,32,0.57,0.3,0.75,1.03,0.97,0.75,0.83,1.04,0,0,0.89,0.68,0.01,1.09,0.14
1167.87,32,0.57,0.29,0.75,1.03,0.97,0.75,0.83,1.03,0,0,0.88,0.68,0.01,1.09,0.14
1168.88,32,0.57,0.3,0.76,1.03,0.97,0.76,0.83,1.04,0,0,0.88,0.68,0.02,1.1,0.15
1169.88,32,0.57,0.3,0.76,1.04,0.97,0.75,0.83,1.04,0,0,0.88,0.69,0.01,1.09,0.15
1170.88,32,0.57,0.3,0.76,1.04,0.97,0.76,0.84,1.04,0,0,0.89,0.7,0.02,1.1,0.15
1171.88,32,0.57,0.3,0.76,1.04,0.97,0.76,0.84,1.05,0,0,0.89,0.7,0.01,1.09,0.15
1172.88,32,0.57,0.3,0.76,1.03,0.97,0.75,0.83,1.03,0,0,0.88,0.68,0.02,1.08,0.15
1173.88,32,0.57,0.3,0.77,1.04,0.97,0.75,0.83,1.04,0,0,0.89,0.69,0.02,1.09,0.15
1174.9,32,0.57,0.3,0.76,1.04,0.97,0.75,0.84,1.05,0,0,0.89,0.68,0.02,1.1,0.15
1175.9,32,0.57,0.3,0.76,1.04,0.98,0.76,0.83,1.04,0,0,0.89,0.69,0.03,1.1,0.15
1176.9,32,0.57,0.3,0.77,1.04,0.97,0.75,0.84,1.04,0,0,0.89,0.68,0.02,1.1,0.15
1177.92,32,0.57,0.3,0.77,1.04,0.97,0.76,0.84,1.04,0,0,0.89,0.69,0.02,1.1,0.15
1178.92,32,0.56,0.3,0.75,1.03,0.96,0.75,0.83,1.03,0,0,0.88,0.68,0.01,1.09,0.14
1179.92,32,0.57,0.3,0.76,1.04,0.97,0.76,0.83,1.05,0,0,0.89,0.68,0.02,1.09,0.14
1180.92,32,0.56,0.29,0.75,1.03,0.97,0.75,0.83,1.03,0,0,0.87,0.68,0.01,1.08,0.14
1181.93,32,0.57,0.3,0.76,1.04,0.97,0.75,0.84,1.04,0,0,0.89,0.68,0.02,1.1,0.15
1182.93,32,0.57,0.3,0.76,1.05,0.98,0.75,0.83,1.03,0,0,0.87,0.69,0.03,1.1,0.15
1183.93,32,0.57,0.3,0.77,1.04,0.97,0.77,0.84,1.05,0,0,0.89,0.69,0.02,1.1,0.15
1184.95,32,0.57,0.3,0.75,1.04,0.97,0.76,0.83,1.04,0,0,0.89,0.68,0.02,1.09,0.15
1185.95,32,0.57,0.3,0.76,1.03,0.97,0.75,0.83,1.03,0,0,0.88,0.68,0.01,1.09,0.15
1186.95,32,0.57,0.3,0.75,1.04,0.97,0.75,0.84,1.03,0,0,0.89,0.69,0.01,1.09,0.15
1187.95,32,0.57,0.3,0.76,1.05,0.98,0.76,0.84,1.05,0,0,0.89,0.7,0.03,1.1,0.15
1188.95,32,0.57,0.3,0.77,1.04,0.97,0.75,0.84,1.04,0,0,0.89,0.69,0.01,1.1,0.15
1189.97,32,0.57,0.3,0.76,1.04,0.97,0.76,0.84,1.05,0,0,0.89,0.68,0.02,1.1,0.15
1190.97,32,0.57,0.3,0.76,1.04,0.97,0.76,0.84,1.05,0,0,0.88,0.69,0.02,1.1,0.15
1191.97,32,0.57,0.3,0.75,1.03,0.97,0.76,0.83,1.04,0,0,0.88,0.68,0.02,1.09,0.15
1192.97,32,0.57,0.3,0.76,1.04,0.97,0.76,0.84,1.04,0,0,0.88,0.69,0.01,1.1,0.15
1193.97,32,0.57,0.3,0.75,1.04,0.97,0.75,0.83,1.03,0,0,0.89,0.68,0.01,1.09,0.15
1194.97,32,0.57,0.3,0.77,1.05,0.97,0.76,0.84,1.05,0,0,0.89,0.69,0.02,1.1,0.15
1195.97,32,0.57,0.3,0.75,1.04,0.97,0.76,0.84,1.04,0,0,0.89,0.68,0.01,1.1,0.15
1196.97,32,0.57,0.3,0.76,1.04,0.97,0.75,0.84,1.05,0,0,0.88,0.69,0.02,1.1,0.15
1197.98,32,0.57,0.3,0.75,1.04,0.97,0.75,0.83,1.04,0,0,0.88,0.68,0.02,1.09,0.15
1198.98,32,0.57,0.3,0.76,1.04,0.97,0.76,0.84,1.04,0,0,0.89,0.69,0.01,1.1,0.15
1199.98,32,0.57,0.3,0.76,1.04,0.97,0.76,0.83,1.04,0,0,0.89,0.68,0.01,1.1,0.15
1200.98,32,0.57,0.31,0.76,1.04,0.97,0.76,0.84,1.04,0,0,0.89,0.69,0.01,1.1,0.15
1201.98,32,0.56,0.3,0.75,1.04,0.97,0.76,0.83,1.03,0,0,0.88,0.69,0.01,1.09,0.15
1202.98,32,0.57,0.3,0.76,1.04,0.97,0.76,0.84,1.04,0,0,0.89,0.68,0.02,1.08,0.15
1203.98,32,0.57,0.3,0.77,1.05,0.97,0.77,0.84,1.05,0,0,0.89,0.69,0.01,1.1,0.15
1205,32,0.57,0.29,0.76,1.04,0.97,0.76,0.83,1.04,0,0,0.89,0.69,0.02,1.09,0.15
1206,32,0.57,0.3,0.75,1.03,0.97,0.76,0.84,1.04,0,0,0.89,0.68,0.01,1.1,0.15
1207,32,0.57,0.3,0.76,1.04,0.98,0.76,0.84,1.04,0,0,0.89,0.69,0.02,1.1,0.15
1208,32,0.57,0.3,0.76,1.04,0.97,0.76,0.84,1.05,0,0,0.89,0.69,0.02,1.09,0.15
1209,32,0.57,0.31,0.76,1.05,0.98,0.77,0.84,1.04,0,0,0.89,0.7,0.03,1.1,0.15
1210,32,0.57,0.3,0.77,1.04,0.97,0.75,0.83,1.04,0,0,0.89,0.69,0.01,1.1,0.14
1211,32,0.57,0.3,0.76,1.04,0.97,0.76,0.84,1.05,0,0,0.88,0.69,0.01,1.09,0.15
1212.02,32,0.57,0.3,0.77,1.04,0.97,0.75,0.83,1.04,0,0,0.89,0.69,0.02,1.09,0.15
1213.02,32,0.57,0.29,0.75,1.03,0.96,0.75,0.83,1.03,0,0,0.89,0.69,0.01,1.09,0.15
1214.02,32,0.57,0.3,0.76,1.04,0.97,0.76,0.84,1.04,0,0,0.89,0.69,0.02,1.09,0.15
1215.02,32,0.57,0.3,0.77,1.04,0.97,0.76,0.84,1.05,0,0,0.89,0.7,0.03,1.1,0.15
1216.02,32,0.57,0.3,0.76,1.03,0.97,0.76,0.83,1.04,0,0,0.89,0.69,0.02,1.1,0.15
1217.02,32,0.57,0.3,0.76,1.05,0.97,0.76,0.84,1.05,0,0,0.9,0.7,0.02,1.1,0.15
1218.02,32,0.57,0.3,0.75,1.03,0.97,0.75,0.83,1.04,0,0,0.89,0.69,0.02,1.09,0.15
1219.03,32,0.56,0.3,0.76,1.03,0.97,0.75,0.83,1.04,0,0,0.88,0.69,0.02,1.09,0.15
1220.03,32,0.57,0.3,0.75,1.04,0.96,0.76,0.83,1.04,0,0,0.89,0.68,0.01,1.1,0.14
1221.03,32,0.57,0.3,0.75,1.05,0.97,0.76,0.84,1.05,0,0,0.89,0.68,0.02,1.1,0.15
1222.03,32,0.57,0.3,0.75,1.04,0.97,0.75,0.83,1.03,0,0,0.88,0.68,0.01,1.09,0.15
1223.05,32,0.57,0.3,0.76,1.04,0.97,0.76,0.83,1.04,0,0,0.89,0.69,0.01,1.08,0.15
1224.05,32,0.57,0.3,0.75,1.03,0.97,0.76,0.83,1.04,0,0,0.89,0.7,0.01,1.1,0.15
1225.05,32,0.57,0.3,0.75,1.04,0.97,0.76,0.84,1.04,0,0,0.89,0.69,0.01,1.09,0.15
1226.07,32,0.57,0.29,0.76,1.04,0.97,0.76,0.83,1.04,0,0,0.89,0.69,0.01,1.09,0.15
1227.07,32,0.56,0.29,0.76,1.03,0.96,0.75,0.83,1.04,0,0,0.88,0.68,0.01,1.09,0.15
1228.07,32,0.57,0.3,0.76,1.04,0.97,0.75,0.83,1.04,0,0,0.89,0.69,0.02,1.09,0.15
1229.07,32,0.57,0.3,0.76,1.04,0.97,0.75,0.83,1.03,0,0,0.89,0.69,0.01,1.09,0.15
1230.07,32,0.57,0.3,0.76,1.04,0.97,0.76,0.84,1.04,0,0,0.89,0.69,0.02,1.1,0.15
1231.07,32,0.57,0.3,0.77,1.05,0.97,0.77,0.84,1.04,0,0,0.89,0.7,0.02,1.1,0.15
1232.08,32,0.57,0.3,0.76,1.05,0.98,0.77,0.84,1.04,0,0,0.89,0.69,0.02,1.1,0.16
1233.08,32,0.57,0.3,0.75,1.04,0.97,0.76,0.83,1.04,0,0,0.89,0.68,0.02,1.09,0.15
1234.08,32,0.57,0.3,0.76,1.04,0.97,0.75,0.84,1.05,0,0,0.89,0.69,0.02,1.1,0.15
1235.08,32,0.57,0.3,0.75,1.04,0.97,0.75,0.84,1.03,0,0,0.89,0.69,0.02,1.09,0.15
1236.1,32,0.57,0.31,0.76,1.04,0.97,0.77,0.84,1.05,0,0,0.89,0.69,0.02,1.1,0.15
1237.1,32,0.56,0.3,0.75,1.03,0.97,0.75,0.83,1.04,0,0,0.89,0.68,0.02,1.08,0.15
1238.1,32,0.57,0.3,0.76,1.04,0.97,0.75,0.83,1.04,0,0,0.89,0.68,0.01,1.09,0.15
1239.1,32,0.57,0.31,0.77,1.05,0.97,0.76,0.84,1.05,0,0,0.89,0.7,0.02,1.1,0.15
1240.12,32,0.57,0.3,0.76,1.04,0.97,0.77,0.83,1.05,0,0,0.89,0.69,0.02,1.1,0.15
1241.12,32,0.57,0.3,0.76,1.04,0.97,0.75,0.83,1.04,0,0,0.89,0.69,0.02,1.09,0.15
1242.13,32,0.57,0.3,0.77,1.04,0.97,0.77,0.84,1.04,0,0,0.89,0.69,0.02,1.1,0.15
1243.13,32,0.57,0.3,0.75,1.03,0.97,0.75,0.83,1.04,0,0,0.88,0.68,0.02,1.09,0.15
1244.13,32,0.57,0.3,0.75,1.04,0.97,0.76,0.83,1.03,0,0,0.89,0.69,0.02,1.09,0.15
1245.13,32,0.57,0.3,0.76,1.04,0.97,0.76,0.84,1.05,0,0,0.89,0.69,0.02,1.1,0.15
1246.13,32,0.57,0.3,0.75,1.04,0.98,0.75,0.83,1.04,0,0,0.89,0.68,0.02,1.08,0.15
1247.13,32,0.57,0.3,0.75,1.04,0.97,0.76,0.83,1.04,0,0,0.89,0.69,0.02,1.1,0.15
1248.15,32,0.57,0.29,0.75,1.04,0.97,0.76,0.84,1.03,0,0,0.89,0.68,0.01,1.09,0.15
1249.15,32,0.57,0.3,0.76,1.04,0.97,0.76,0.83,1.03,0,0,0.89,0.68,0.01,1.1,0.15
1250.15,32,0.57,0.3,0.76,1.04,0.97,0.76,0.83,1.03,0,0,0.89,0.69,0.01,1.09,0.15
1251.15,32,0.58,0.3,0.77,1.04,0.97,0.77,0.83,1.05,0,0,0.89,0.7,0.02,1.1,0.15
1252.17,32,0.57,0.3,0.76,1.04,0.97,0.76,0.84,1.05,0,0,0.89,0.69,0.01,1.1,0.15
1253.17,32,0.57,0.3,0.77,1.03,0.97,0.76,0.83,1.04,0,0,0.88,0.69,0.02,1.09,0.15
1254.17,32,0.57,0.3,0.76,1.04,0.97,0.76,0.84,1.05,0,0,0.89,0.68,0.02,1.09,0.15
1255.17,32,0.58,0.3,0.75,1.04,0.97,0.76,0.84,1.04,0,0,0.89,0.69,0.02,1.1,0.15
1256.17,32,0.57,0.3,0.75,1.04,0.97,0.76,0.83,1.03,0,0,0.89,0.69,0.01,1.09,0.15
1257.17,32,0.57,0.3,0.76,1.04,0.97,0.76,0.83,1.04,0,0,0.89,0.68,0.01,1.09,0.15
1258.17,32,0.57,0.31,0.76,1.05,0.97,0.76,0.84,1.04,0,0,0.89,0.7,0.02,1.1,0.15
1259.18,32,0.57,0.3,0.76,1.04,0.97,0.75,0.83,1.03,0,0,0.89,0.68,0.01,1.09,0.15
1260.18,32,0.57,0.3,0.76,1.04,0.97,0.77,0.84,1.05,0,0,0.89,0.69,0.01,1.09,0.15
1261.18,32,0.57,0.3,0.76,1.04,0.97,0.76,0.83,1.04,0,0,0.88,0.68,0.01,1.09,0.15
1262.18,32,0.57,0.3,0.76,1.04,0.97,0.76,0.84,1.05,0,0,0.89,0.69,0.02,1.09,0.15
1263.2,32,0.57,0.3,0.76,1.05,0.97,0.76,0.83,1.05,0,0,0.89,0.68,0.02,1.1,0.15
1264.2,32,0.57,0.3,0.76,1.04,0.97,0.75,0.84,1.04,0,0,0.89,0.69,0.02,1.1,0.15
1265.2,32,0.57,0.31,0.76,1.05,0.97,0.77,0.84,1.05,0,0,0.89,0.7,0.02,1.11,0.15
1266.2,32,0.57,0.3,0.75,1.03,0.97,0.75,0.83,1.04,0,0,0.89,0.68,0.02,1.09,0.15
1267.22,32,0.57,0.3,0.76,1.04,0.97,0.76,0.84,1.04,0,0,0.89,0.68,0.02,1.1,0.15
1268.22,32,0.56,0.3,0.75,1.03,0.97,0.76,0.83,1.03,0,0,0.88,0.68,0.01,1.08,0.15
1269.22,32,0.57,0.3,0.75,1.04,0.97,0.76,0.83,1.04,0,0,0.89,0.68,0.02,1.1,0.15
1270.22,32,0.56,0.3,0.76,1.04,0.96,0.75,0.83,1.04,0,0,0.88,0.68,0.01,1.09,0.14
1271.22,32,0.57,0.29,0.76,1.03,0.97,0.76,0.83,1.03,0,0,0.89,0.69,0.01,1.1,0.15
1272.23,32,0.57,0.3,0.75,1.04,0.97,0.76,0.84,1.05,0,0,0.89,0.68,0.03,1.1,0.15
1273.23,32,0.57,0.31,0.77,1.03,0.98,0.76,0.84,1.04,0,0,0.89,0.69,0.02,1.1,0.15
1274.23,32,0.57,0.3,0.76,1.04,0.97,0.76,0.84,1.05,0,0,0.89,0.7,0.02,1.1,0.15
1275.23,32,0.57,0.3,0.76,1.04,0.97,0.76,0.84,1.04,0,0,0.89,0.69,0.03,1.1,0.15
1276.25,32,0.57,0.3,0.76,1.04,0.97,0.76,0.84,1.03,0,0,0.89,0.69,0.02,1.09,0.15
1277.25,32,0.57,0.3,0.76,1.04,0.97,0.76,0.84,1.04,0,0,0.89,0.68,0.01,1.09,0.15
1278.25,32,0.57,0.31,0.77,1.04,0.97,0.76,0.84,1.05,0,0,0.89,0.69,0.02,1.09,0.15
1279.25,32,0.57,0.3,0.76,1.04,0.97,0.77,0.84,1.04,0,0,0.89,0.69,0.02,1.11,0.14
1280.25,32,0.57,0.3,0.76,1.04,0.97,0.76,0.84,1.05,0,0,0.89,0.69,0.02,1.1,0.15
1281.25,32,0.57,0.3,0.76,1.03,0.97,0.76,0.84,1.04,0,0,0.89,0.69,0.02,1.09,0.15
1282.25,32,0.56,0.3,0.75,1.04,0.97,0.75,0.83,1.04,0,0,0.88,0.68,0.02,1.09,0.14
1283.27,32,0.57,0.3,0.76,1.04,0.97,0.75,0.83,1.05,0,0,0.89,0.68,0.02,1.1,0.15
1284.27,32,0.57,0.3,0.76,1.04,0.97,0.76,0.83,1.04,0,0,0.89,0.69,0.02,1.1,0.15
1285.27,32,0.57,0.3,0.77,1.04,0.97,0.75,0.83,1.04,0,0,0.89,0.68,0.02,1.09,0.15
1286.27,32,0.57,0.3,0.77,1.04,0.97,0.76,0.84,1.05,0,0,0.89,0.7,0.02,1.1,0.15
1287.27,32,0.57,0.3,0.76,1.05,0.97,0.77,0.84,1.04,0,0,0.89,0.69,0.03,1.1,0.15
1288.27,32,0.57,0.3,0.75,1.03,0.97,0.75,0.83,1.03,0,0,0.88,0.68,0.01,1.09,0.15
1289.28,32,0.57,0.3,0.76,1.03,0.97,0.75,0.84,1.04,0,0,0.88,0.69,0.02,1.1,0.15
1290.28,32,0.57,0.31,0.77,1.05,0.97,0.76,0.84,1.05,0,0,0.89,0.7,0.03,1.1,0.15
1291.28,32,0.57,0.3,0.75,1.04,0.97,0.76,0.83,1.04,0,0,0.88,0.68,0.01,1.09,0.15
1292.28,32,0.57,0.3,0.76,1.04,0.97,0.76,0.83,1.05,0,0,0.89,0.69,0.02,1.09,0.15
1293.3,32,0.57,0.3,0.76,1.05,0.97,0.75,0.84,1.04,0,0,0.89,0.69,0.02,1.1,0.15
1294.3,32,0.56,0.3,0.76,1.04,0.97,0.75,0.83,1.04,0,0,0.88,0.69,0.02,1.1,0.14
1295.32,32,0.57,0.3,0.77,1.04,0.97,0.76,0.84,1.05,0,0,0.89,0.69,0.02,1.09,0.15
1296.32,32,0.57,0.3,0.76,1.04,0.97,0.75,0.84,1.04,0,0,0.89,0.69,0.02,1.1,0.15
1297.32,32,0.57,0.3,0.75,1.03,0.96,0.76,0.83,1.03,0,0,0.88,0.69,0.01,1.09,0.15
1298.32,32,0.57,0.3,0.75,1.03,0.97,0.76,0.84,1.05,0,0,0.89,0.68,0.02,1.09,0.15
1299.32,32,0.57,0.3,0.76,1.03,0.97,0.76,0.83,1.04,0,0,0.89,0.68,0.01,1.09,0.15
1300.32,32,0.57,0.3,0.76,1.03,0.97,0.75,0.83,1.04,0,0,0.89,0.68,0.02,1.09,0.14
