Time,T,OTU7_R1,OTU8_R1,OTU9_R1,OTU7_R2,OTU8_R2,OTU9_R2,OTU7_R3,OTU8_R3,OTU9_R3,OTU7_R4,OTU8_R4,OTU9_R4,OTU7_R5,OTU8_R5,OTU9_R5
0.03,30,7.28,7.08,7.2,7.29,7.2,7.09,7.29,6.55,6.48,7.12,6.63,6.33,7.67,6.3,6.99
1.05,30,7.41,7.22,7.35,7.41,7.3,7.19,7.4,6.66,6.61,7.24,6.71,6.45,7.81,6.43,7.11
2.05,30,7.54,7.34,7.47,7.53,7.4,7.32,7.54,6.75,6.71,7.36,6.8,6.56,7.95,6.54,7.22
3.05,30,7.64,7.45,7.59,7.63,7.46,7.41,7.64,6.87,6.81,7.48,6.88,6.65,8.06,6.65,7.33
4.05,30,7.75,7.56,7.71,7.74,7.55,7.54,7.75,6.98,6.92,7.6,6.94,6.75,8.19,6.75,7.42
5.05,30,7.87,7.67,7.81,7.86,7.64,7.63,7.86,7.07,7.02,7.71,7.02,6.85,8.31,6.84,7.53
6.05,30,7.95,7.77,7.91,7.95,7.73,7.72,7.93,7.15,7.1,7.79,7.08,6.95,8.4,6.93,7.61
7.05,30,8.05,7.88,8.029999999999998,8.04,7.81,7.82,8.04,7.25,7.18,7.91,7.15,7.05,8.52,7.03,7.72
8.05,30,8.12,7.96,8.12,8.12,7.89,7.91,8.12,7.34,7.26,8,7.21,7.14,8.61,7.12,7.81
9.05,30,8.199999999999998,8.04,8.19,8.21,7.95,7.98,8.199999999999998,7.43,7.35,8.07,7.26,7.21,8.67,7.2,7.89
10.05,30,8.29,8.14,8.29,8.31,8.04,8.06,8.29,7.52,7.42,8.16,7.34,7.3,8.779999999999998,7.3,7.97
11.05,30,8.32,8.22,8.34,8.38,8.09,8.15,8.35,7.58,7.48,8.23,7.39,7.36,8.84,7.37,8.05
12.05,30,8.39,8.279999999999998,8.42,8.449999999999998,8.17,8.21,8.41,7.65,7.55,8.3,7.44,7.43,8.91,7.43,8.1
13.05,30,8.449999999999998,8.35,8.5,8.54,8.24,8.31,8.49,7.74,7.63,8.36,7.49,7.52,8.99,7.52,8.19
14.05,30,8.51,8.43,8.56,8.61,8.3,8.36,8.55,7.81,7.7,8.44,7.56,7.57,9.05,7.59,8.26
15.05,30,8.56,8.5,8.62,8.67,8.35,8.42,8.62,7.88,7.75,8.49,7.59,7.63,9.1,7.65,8.31
16.05,30,8.6,8.55,8.67,8.74,8.42,8.51,8.66,7.95,7.8,8.54,7.63,7.71,9.17,7.71,8.38
17.05,30,8.64,8.6,8.73,8.8,8.46,8.56,8.72,8.01,7.87,8.6,7.66,7.75,9.21,7.76,8.42
18.05,30,8.68,8.66,8.77,8.85,8.52,8.61,8.77,8.06,7.92,8.64,7.72,7.82,9.26,7.83,8.47
19.05,30,8.72,8.72,8.83,8.91,8.57,8.67,8.81,8.12,7.96,8.68,7.75,7.88,9.29,7.89,8.54
20.05,30,8.74,8.76,8.87,8.949999999999998,8.63,8.73,8.84,8.18,8.029999999999998,8.73,7.77,7.93,9.34,7.94,8.58
21.07,30,8.77,8.81,8.91,8.99,8.66,8.77,8.87,8.22,8.06,8.76,7.79,7.96,9.37,7.97,8.61
22.07,30,8.8,8.86,8.94,9.05,8.72,8.83,8.92,8.27,8.09,8.81,7.82,8.02,9.4,8.029999999999998,8.66
23.07,30,8.84,8.91,8.98,9.1,8.76,8.89,8.949999999999998,8.33,8.16,8.83,7.86,8.07,9.44,8.08,8.72
24.07,30,8.86,8.949999999999998,9.02,9.14,8.82,8.93,8.99,8.39,8.19,8.87,7.89,8.11,9.49,8.12,8.76
25.08,30,8.89,9,9.03,9.19,8.86,8.98,9.02,8.41,8.24,8.9,7.91,8.17,9.51,8.16,8.779999999999998
26.08,30,8.91,9.03,9.08,9.22,8.9,9.04,9.04,8.449999999999998,8.29,8.94,7.92,8.199999999999998,9.52,8.199999999999998,8.83
27.08,30,8.93,9.07,9.1,9.25,8.93,9.05,9.08,8.51,8.31,8.96,7.94,8.24,9.56,8.23,8.86
28.08,30,8.949999999999998,9.1,9.12,9.28,8.98,9.11,9.11,8.54,8.35,9,7.97,8.29,9.57,8.27,8.91
29.08,30,8.98,9.13,9.14,9.3,9.01,9.13,9.12,8.57,8.39,9.01,7.98,8.32,9.59,8.31,8.92
30.08,30,8.99,9.17,9.18,9.33,9.03,9.18,9.16,8.61,8.42,9.04,8,8.35,9.63,8.34,8.96
31.08,30,9.01,9.21,9.21,9.35,9.07,9.22,9.19,8.64,8.46,9.07,8.02,8.39,9.64,8.36,8.99
32.08,30,9.04,9.25,9.24,9.4,9.11,9.26,9.22,8.699999999999998,8.5,9.09,8.04,8.43,9.66,8.41,9.03
33.1,30,9.05,9.28,9.25,9.4,9.13,9.27,9.24,8.72,8.529999999999998,9.09,8.04,8.44,9.68,8.43,9.04
34.1,30,9.09,9.32,9.27,9.42,9.14,9.3,9.24,8.75,8.55,9.12,8.05,8.47,9.7,8.46,9.07
35.1,30,9.09,9.34,9.29,9.43,9.19,9.33,9.27,8.77,8.57,9.13,8.08,8.52,9.71,8.47,9.1
36.1,30,9.11,9.36,9.32,9.45,9.21,9.35,9.28,8.779999999999998,8.61,9.16,8.07,8.54,9.72,8.51,9.12
37.1,30,9.12,9.4,9.34,9.46,9.25,9.38,9.32,8.82,8.64,9.18,8.09,8.57,9.74,8.529999999999998,9.14
38.1,30,9.13,9.42,9.35,9.48,9.26,9.41,9.32,8.85,8.67,9.18,8.1,8.58,9.75,8.55,9.17
39.1,30,9.14,9.44,9.36,9.49,9.28,9.43,9.34,8.87,8.699999999999998,9.19,8.1,8.63,9.75,8.57,9.19
40.12,30,9.17,9.48,9.38,9.51,9.29,9.44,9.35,8.9,8.72,9.21,8.1,8.64,9.78,8.6,9.21
41.12,30,9.16,9.49,9.4,9.51,9.33,9.46,9.37,8.91,8.75,9.21,8.11,8.66,9.77,8.62,9.22
42.12,30,9.18,9.51,9.42,9.52,9.33,9.46,9.37,8.92,8.76,9.24,8.11,8.67,9.8,8.63,9.24
43.12,30,9.19,9.55,9.42,9.53,9.36,9.5,9.38,8.949999999999998,8.779999999999998,9.25,8.11,8.72,9.8,8.64,9.26
44.12,30,9.18,9.55,9.43,9.55,9.37,9.49,9.41,8.949999999999998,8.81,9.26,8.11,8.72,9.8,8.66,9.28
45.13,30,9.2,9.58,9.46,9.56,9.4,9.52,9.42,8.99,8.83,9.28,8.14,8.75,9.81,8.68,9.29
46.13,30,9.2,9.57,9.46,9.55,9.37,9.53,9.42,8.99,8.82,9.28,8.14,8.75,9.81,8.68,9.3
47.13,30,9.2,9.6,9.46,9.57,9.41,9.56,9.44,9.01,8.85,9.28,8.14,8.779999999999998,9.84,8.71,9.3
48.13,30,9.22,9.63,9.48,9.58,9.43,9.56,9.44,9.02,8.87,9.29,8.14,8.8,9.85,8.73,9.34
49.15,30,9.22,9.64,9.49,9.59,9.43,9.58,9.46,9.04,8.9,9.3,8.15,8.82,9.85,8.73,9.35
50.15,30,9.24,9.65,9.49,9.58,9.43,9.58,9.45,9.05,8.89,9.3,8.14,8.82,9.85,8.75,9.34
51.15,30,9.24,9.66,9.5,9.59,9.45,9.59,9.46,9.05,8.92,9.32,8.15,8.84,9.86,8.75,9.36
52.15,30,9.25,9.67,9.51,9.59,9.46,9.6,9.48,9.08,8.93,9.34,8.15,8.86,9.87,8.76,9.37
53.15,30,9.25,9.7,9.51,9.6,9.48,9.63,9.49,9.1,8.94,9.35,8.15,8.87,9.9,8.779999999999998,9.41
54.15,30,9.26,9.71,9.52,9.59,9.48,9.62,9.49,9.09,8.949999999999998,9.33,8.15,8.86,9.87,8.779999999999998,9.38
55.15,30,9.25,9.7,9.52,9.62,9.49,9.64,9.5,9.09,8.94,9.35,8.14,8.89,9.87,8.779999999999998,9.41
56.17,30,9.26,9.72,9.53,9.63,9.49,9.64,9.5,9.11,8.96,9.35,8.15,8.9,9.88,8.8,9.42
57.17,30,9.27,9.73,9.56,9.63,9.51,9.64,9.52,9.12,8.96,9.36,8.15,8.91,9.88,8.81,9.42
58.17,30,9.26,9.74,9.55,9.63,9.52,9.64,9.51,9.12,8.99,9.36,8.16,8.91,9.87,8.81,9.44
59.17,30,9.27,9.75,9.56,9.65,9.52,9.67,9.52,9.13,9.01,9.37,8.16,8.93,9.9,8.83,9.45
60.17,30,9.27,9.75,9.56,9.64,9.53,9.66,9.52,9.14,9,9.36,8.15,8.93,9.9,8.82,9.45
61.18,30,9.27,9.75,9.56,9.65,9.52,9.67,9.51,9.13,9.02,9.37,8.14,8.93,9.91,8.83,9.45
62.18,30,9.28,9.75,9.57,9.63,9.52,9.67,9.53,9.14,9.02,9.37,8.15,8.94,9.88,8.84,9.44
63.18,30,9.27,9.75,9.57,9.65,9.53,9.67,9.52,9.17,9.01,9.36,8.15,8.94,9.9,8.84,9.46
64.18,30,9.27,9.74,9.56,9.65,9.53,9.67,9.52,9.16,9.02,9.37,8.15,8.949999999999998,9.9,8.84,9.46
65.2,30,9.26,9.75,9.55,9.64,9.52,9.67,9.53,9.16,9.02,9.37,8.14,8.96,9.9,8.84,9.45
66.2,30,9.26,9.75,9.56,9.65,9.53,9.7,9.53,9.17,9.03,9.37,8.15,8.96,9.88,8.84,9.46
67.2,30,9.26,9.77,9.57,9.64,9.53,9.7,9.53,9.16,9.05,9.37,8.14,8.98,9.91,8.85,9.48
68.2,30,9.27,9.77,9.57,9.65,9.56,9.7,9.53,9.18,9.05,9.38,8.14,8.99,9.92,8.86,9.49
69.22,30,9.27,9.77,9.58,9.64,9.55,9.68,9.52,9.17,9.05,9.37,8.14,8.99,9.9,8.85,9.49
70.22,30,9.27,9.75,9.57,9.66,9.55,9.71,9.55,9.18,9.05,9.38,8.14,8.99,9.91,8.85,9.48
71.22,30,9.27,9.74,9.56,9.65,9.55,9.68,9.51,9.18,9.05,9.36,8.12,8.98,9.88,8.85,9.48
72.23,30,9.26,9.75,9.57,9.66,9.56,9.7,9.52,9.18,9.05,9.37,8.11,8.99,9.88,8.85,9.49
73.23,30,9.26,9.75,9.57,9.65,9.56,9.7,9.52,9.18,9.05,9.37,8.11,9,9.87,8.86,9.48
74.23,30,9.26,9.75,9.56,9.65,9.56,9.7,9.53,9.18,9.04,9.36,8.11,8.99,9.88,8.85,9.5
75.23,30,9.26,9.75,9.57,9.65,9.56,9.71,9.53,9.19,9.07,9.37,8.11,9.01,9.88,8.86,9.5
76.25,30,9.25,9.74,9.57,9.66,9.56,9.71,9.53,9.19,9.08,9.37,8.11,9.01,9.88,8.86,9.5
77.25,30,9.26,9.74,9.57,9.65,9.56,9.7,9.52,9.18,9.08,9.36,8.1,9,9.88,8.86,9.5
78.25,30,9.25,9.73,9.55,9.65,9.55,9.71,9.52,9.2,9.05,9.36,8.1,9,9.88,8.86,9.49
79.25,30,9.25,9.74,9.56,9.65,9.55,9.7,9.5,9.19,9.07,9.35,8.09,9.01,9.87,8.86,9.49
80.25,30,9.26,9.73,9.57,9.66,9.57,9.72,9.53,9.19,9.08,9.36,8.1,9.01,9.9,8.87,9.51
81.25,30,9.26,9.73,9.57,9.65,9.56,9.72,9.53,9.2,9.08,9.37,8.1,9.02,9.87,8.87,9.5
82.25,30,9.24,9.72,9.56,9.64,9.56,9.7,9.51,9.19,9.08,9.36,8.09,9.01,9.86,8.86,9.5
83.25,30,9.24,9.71,9.56,9.64,9.55,9.7,9.52,9.18,9.08,9.36,8.08,9,9.85,8.85,9.5
84.25,30,9.25,9.72,9.57,9.64,9.57,9.71,9.51,9.19,9.09,9.36,8.09,9.02,9.87,8.87,9.5
85.25,30,9.26,9.72,9.56,9.64,9.57,9.71,9.52,9.2,9.09,9.35,8.07,9.01,9.85,8.86,9.5
86.27,30,9.24,9.71,9.55,9.63,9.56,9.68,9.5,9.2,9.08,9.34,8.08,9.01,9.85,8.85,9.5
87.27,30,9.24,9.71,9.55,9.63,9.57,9.7,9.51,9.19,9.08,9.34,8.08,9.01,9.86,8.85,9.5
88.27,30,9.25,9.7,9.55,9.63,9.55,9.7,9.5,9.19,9.08,9.35,8.06,9.01,9.85,8.85,9.49
89.27,30,9.22,9.68,9.53,9.63,9.55,9.67,9.49,9.18,9.07,9.33,8.06,9,9.85,8.84,9.48
90.27,30,9.22,9.68,9.52,9.62,9.55,9.68,9.49,9.18,9.07,9.33,8.06,9,9.84,8.83,9.49
91.28,30,9.22,9.67,9.53,9.63,9.55,9.68,9.49,9.18,9.07,9.32,8.06,8.99,9.82,8.84,9.49
92.28,30,9.21,9.67,9.53,9.62,9.55,9.68,9.48,9.19,9.07,9.3,8.05,9,9.82,8.84,9.48
93.28,30,9.21,9.66,9.52,9.62,9.55,9.67,9.48,9.18,9.07,9.32,8.04,9,9.82,8.83,9.49
94.28,30,9.2,9.66,9.51,9.6,9.53,9.68,9.46,9.17,9.05,9.32,8.04,8.99,9.81,8.83,9.48
95.28,30,9.19,9.65,9.51,9.62,9.55,9.68,9.46,9.18,9.07,9.32,8.04,9,9.81,8.83,9.49
96.3,30,9.2,9.64,9.51,9.6,9.53,9.68,9.46,9.17,9.05,9.3,8.029999999999998,8.99,9.8,8.83,9.48
97.3,30,9.18,9.65,9.5,9.59,9.52,9.65,9.44,9.16,9.05,9.29,8.029999999999998,8.99,9.79,8.82,9.46
98.3,30,9.19,9.64,9.51,9.59,9.53,9.67,9.45,9.16,9.07,9.3,8.029999999999998,8.99,9.79,8.82,9.48
99.32,30,9.18,9.62,9.5,9.58,9.51,9.65,9.43,9.16,9.05,9.29,8.02,8.98,9.8,8.81,9.45
100.32,30,9.18,9.64,9.5,9.59,9.52,9.66,9.44,9.16,9.07,9.29,8.02,8.99,9.79,8.82,9.46
101.32,30,9.18,9.63,9.5,9.59,9.52,9.66,9.45,9.16,9.05,9.28,8.02,8.99,9.79,8.81,9.48
102.32,30,9.17,9.62,9.48,9.58,9.52,9.66,9.43,9.16,9.05,9.29,8.01,8.98,9.77,8.81,9.46
103.32,30,9.17,9.59,9.49,9.58,9.5,9.66,9.42,9.13,9.04,9.28,8,8.96,9.77,8.8,9.44
104.32,30,9.17,9.6,9.48,9.57,9.5,9.65,9.42,9.13,9.04,9.27,8,8.949999999999998,9.75,8.8,9.45
105.32,30,9.14,9.6,9.48,9.56,9.5,9.66,9.41,9.13,9.03,9.27,7.98,8.96,9.74,8.77,9.43
106.32,30,9.13,9.59,9.46,9.55,9.49,9.65,9.41,9.13,9.03,9.25,7.96,8.949999999999998,9.74,8.77,9.43
107.32,30,9.13,9.58,9.45,9.56,9.49,9.63,9.41,9.13,9.02,9.25,7.97,8.949999999999998,9.73,8.76,9.44
108.32,30,9.12,9.58,9.45,9.55,9.49,9.63,9.4,9.12,9.02,9.25,7.97,8.94,9.72,8.77,9.43
109.32,30,9.13,9.57,9.44,9.55,9.5,9.64,9.37,9.12,9.03,9.25,7.96,8.949999999999998,9.73,8.77,9.43
110.32,30,9.12,9.56,9.44,9.53,9.48,9.62,9.38,9.12,9.02,9.25,7.95,8.94,9.71,8.76,9.43
111.32,30,9.11,9.56,9.44,9.53,9.48,9.64,9.36,9.1,9.02,9.22,7.95,8.93,9.72,8.75,9.42
112.32,30,9.1,9.55,9.42,9.52,9.46,9.63,9.36,9.11,9.01,9.21,7.95,8.92,9.7,8.75,9.41
113.32,30,9.1,9.55,9.43,9.52,9.48,9.62,9.35,9.1,9,9.22,7.94,8.93,9.71,8.74,9.42
114.32,30,9.09,9.55,9.42,9.51,9.46,9.6,9.35,9.09,9.01,9.2,7.94,8.91,9.68,8.73,9.41
115.33,30,9.1,9.53,9.42,9.52,9.46,9.62,9.35,9.11,9,9.21,7.93,8.93,9.7,8.74,9.41
116.33,30,9.09,9.53,9.41,9.51,9.46,9.6,9.35,9.1,9,9.2,7.93,8.92,9.67,8.73,9.41
117.33,30,9.09,9.53,9.4,9.5,9.45,9.6,9.33,9.09,8.99,9.18,7.93,8.9,9.66,8.72,9.4
118.35,30,9.05,9.51,9.4,9.49,9.45,9.58,9.33,9.08,8.99,9.18,7.92,8.91,9.65,8.72,9.38
119.35,30,9.07,9.51,9.37,9.5,9.43,9.59,9.3,9.08,8.98,9.17,7.91,8.89,9.64,8.699999999999998,9.37
120.35,30,9.05,9.49,9.38,9.48,9.44,9.59,9.3,9.07,8.98,9.17,7.9,8.89,9.63,8.699999999999998,9.36
121.35,30,9.04,9.49,9.36,9.48,9.43,9.58,9.3,9.05,8.98,9.16,7.9,8.86,9.63,8.68,9.37
122.35,30,9.05,9.49,9.37,9.49,9.44,9.58,9.3,9.08,8.99,9.17,7.9,8.89,9.63,8.699999999999998,9.37
123.37,30,9.03,9.48,9.36,9.46,9.41,9.57,9.29,9.05,8.96,9.13,7.88,8.87,9.62,8.67,9.35
124.37,30,9.03,9.46,9.35,9.45,9.42,9.56,9.27,9.05,8.96,9.14,7.89,8.87,9.6,8.67,9.35
125.37,30,9.03,9.46,9.35,9.44,9.4,9.56,9.28,9.05,8.96,9.13,7.88,8.86,9.59,8.66,9.35
126.37,30,9.02,9.45,9.34,9.45,9.41,9.56,9.27,9.03,8.949999999999998,9.12,7.87,8.86,9.58,8.65,9.33
127.37,30,9.01,9.45,9.34,9.44,9.42,9.56,9.27,9.03,8.94,9.11,7.87,8.85,9.58,8.65,9.33
128.38,30,9,9.44,9.33,9.43,9.41,9.56,9.25,9.03,8.94,9.11,7.87,8.84,9.57,8.64,9.33
129.38,30,9,9.43,9.32,9.43,9.4,9.53,9.22,9.02,8.93,9.08,7.86,8.84,9.55,8.64,9.32
130.38,30,8.99,9.44,9.3,9.41,9.4,9.53,9.22,9.02,8.92,9.09,7.84,8.84,9.55,8.63,9.32
131.38,30,8.98,9.43,9.29,9.41,9.38,9.52,9.22,9.01,8.92,9.07,7.84,8.82,9.53,8.62,9.29
132.38,30,8.99,9.43,9.32,9.42,9.37,9.53,9.22,9.02,8.93,9.09,7.84,8.84,9.52,8.62,9.3
133.4,30,8.949999999999998,9.41,9.29,9.41,9.36,9.52,9.21,9,8.92,9.04,7.82,8.81,9.52,8.6,9.29
134.4,30,8.949999999999998,9.4,9.27,9.38,9.35,9.5,9.19,8.99,8.9,9.04,7.81,8.81,9.5,8.58,9.28
135.4,30,8.949999999999998,9.4,9.27,9.38,9.35,9.5,9.19,9,8.9,9.04,7.81,8.81,9.5,8.58,9.28
136.4,30,8.94,9.38,9.25,9.37,9.35,9.51,9.18,8.98,8.9,9.02,7.8,8.8,9.46,8.57,9.27
137.42,30,8.93,9.37,9.26,9.36,9.35,9.49,9.18,8.96,8.9,9.02,7.8,8.77,9.46,8.57,9.26
138.42,30,8.93,9.36,9.25,9.37,9.34,9.5,9.17,8.96,8.9,9,7.8,8.779999999999998,9.45,8.57,9.26
139.42,30,8.92,9.36,9.25,9.37,9.34,9.46,9.16,8.96,8.89,9.01,7.8,8.779999999999998,9.44,8.56,9.24
140.42,30,8.91,9.36,9.24,9.35,9.33,9.46,9.16,8.96,8.87,8.99,7.79,8.77,9.43,8.55,9.24
141.42,30,8.9,9.33,9.21,9.34,9.3,9.46,9.13,8.93,8.85,8.96,7.78,8.74,9.41,8.52,9.21
142.43,30,8.89,9.34,9.19,9.34,9.33,9.46,9.11,8.92,8.86,8.96,7.78,8.74,9.4,8.529999999999998,9.21
143.43,30,8.87,9.34,9.2,9.35,9.32,9.46,9.12,8.93,8.87,8.96,7.77,8.75,9.38,8.52,9.21
144.43,30,8.87,9.33,9.2,9.34,9.3,9.45,9.11,8.93,8.86,8.949999999999998,7.77,8.75,9.38,8.51,9.21
145.43,30,8.86,9.33,9.18,9.33,9.3,9.44,9.1,8.92,8.84,8.93,7.76,8.74,9.37,8.51,9.19
146.45,30,8.84,9.3,9.17,9.32,9.29,9.43,9.1,8.9,8.85,8.91,7.75,8.72,9.35,8.47,9.18
147.45,30,8.84,9.29,9.17,9.3,9.28,9.42,9.08,8.89,8.84,8.91,7.75,8.72,9.33,8.47,9.18
148.45,30,8.84,9.28,9.17,9.32,9.27,9.43,9.09,8.91,8.83,8.91,7.75,8.72,9.33,8.46,9.17
149.45,30,8.83,9.28,9.14,9.29,9.27,9.4,9.07,8.87,8.82,8.87,7.73,8.71,9.3,8.46,9.16
150.47,30,8.81,9.26,9.12,9.27,9.25,9.4,9.04,8.86,8.82,8.87,7.72,8.68,9.29,8.44,9.14
151.47,30,8.82,9.27,9.14,9.3,9.26,9.41,9.04,8.87,8.82,8.86,7.73,8.68,9.29,8.44,9.13
152.47,30,8.8,9.25,9.12,9.27,9.25,9.41,9.02,8.86,8.8,8.86,7.72,8.67,9.28,8.44,9.12
153.47,30,8.779999999999998,9.24,9.1,9.27,9.24,9.37,9.02,8.85,8.8,8.84,7.71,8.67,9.25,8.42,9.11
154.48,30,8.77,9.24,9.1,9.26,9.22,9.37,9.01,8.84,8.8,8.83,7.7,8.67,9.25,8.41,9.1
155.48,30,8.77,9.22,9.09,9.26,9.22,9.37,9.01,8.84,8.77,8.81,7.7,8.66,9.22,8.41,9.1
156.48,30,8.76,9.21,9.1,9.26,9.24,9.37,8.99,8.83,8.779999999999998,8.8,7.69,8.66,9.24,8.4,9.1
157.48,30,8.75,9.21,9.08,9.24,9.21,9.36,8.98,8.82,8.779999999999998,8.8,7.69,8.65,9.2,8.4,9.08
158.48,30,8.73,9.18,9.05,9.21,9.2,9.35,8.949999999999998,8.81,8.75,8.76,7.66,8.63,9.17,8.36,9.05
159.48,30,8.72,9.17,9.07,9.21,9.2,9.35,8.94,8.8,8.76,8.75,7.66,8.62,9.17,8.36,9.05
160.48,30,8.71,9.17,9.03,9.2,9.19,9.34,8.93,8.77,8.75,8.74,7.65,8.61,9.14,8.34,9.03
161.5,30,8.71,9.17,9.04,9.2,9.2,9.33,8.93,8.779999999999998,8.75,8.74,7.64,8.62,9.14,8.34,9.03
162.5,30,8.699999999999998,9.14,9.02,9.19,9.18,9.3,8.93,8.779999999999998,8.74,8.73,7.64,8.61,9.13,8.33,9.01
163.5,30,8.67,9.12,9.01,9.18,9.17,9.3,8.91,8.75,8.73,8.71,7.63,8.6,9.11,8.31,9
164.52,30,8.67,9.12,9,9.17,9.16,9.32,8.9,8.76,8.73,8.68,7.63,8.58,9.1,8.31,9
165.52,30,8.65,9.11,9,9.16,9.16,9.29,8.87,8.74,8.73,8.68,7.61,8.58,9.09,8.29,8.96
166.52,30,8.65,9.09,8.98,9.14,9.16,9.29,8.87,8.74,8.72,8.66,7.61,8.56,9.05,8.29,8.949999999999998
167.53,30,8.63,9.1,8.949999999999998,9.13,9.13,9.26,8.86,8.72,8.699999999999998,8.65,7.6,8.55,9.03,8.27,8.949999999999998
168.53,30,8.63,9.08,8.949999999999998,9.12,9.12,9.25,8.83,8.71,8.68,8.62,7.59,8.54,9.01,8.24,8.93
169.53,30,8.62,9.08,8.94,9.12,9.12,9.27,8.83,8.71,8.68,8.61,7.59,8.529999999999998,9.01,8.24,8.93
170.53,30,8.6,9.07,8.94,9.12,9.11,9.26,8.82,8.699999999999998,8.68,8.61,7.59,8.529999999999998,9,8.22,8.93
171.53,30,8.57,9.04,8.92,9.1,9.1,9.25,8.8,8.699999999999998,8.67,8.57,7.57,8.51,8.96,8.22,8.92
172.55,30,8.57,9.04,8.91,9.08,9.09,9.25,8.77,8.67,8.66,8.56,7.57,8.51,8.96,8.199999999999998,8.9
173.55,30,8.57,9.05,8.91,9.09,9.09,9.22,8.779999999999998,8.67,8.66,8.55,7.57,8.5,8.94,8.199999999999998,8.89
174.55,30,8.54,9.02,8.87,9.07,9.07,9.22,8.74,8.63,8.64,8.52,7.54,8.49,8.91,8.17,8.86
175.55,30,8.529999999999998,9.01,8.87,9.07,9.07,9.21,8.74,8.64,8.63,8.51,7.54,8.47,8.91,8.16,8.86
176.55,30,8.529999999999998,9.01,8.86,9.04,9.07,9.21,8.72,8.63,8.64,8.52,7.54,8.46,8.91,8.16,8.84
177.55,30,8.51,9,8.85,9.03,9.03,9.18,8.71,8.62,8.62,8.49,7.53,8.449999999999998,8.85,8.14,8.82
178.55,30,8.51,8.99,8.85,9.03,9.03,9.2,8.699999999999998,8.61,8.63,8.47,7.53,8.449999999999998,8.85,8.12,8.82
179.57,30,8.49,8.99,8.83,9.02,9.03,9.19,8.67,8.62,8.61,8.449999999999998,7.52,8.43,8.84,8.12,8.81
180.57,30,8.46,8.949999999999998,8.81,8.99,9.01,9.17,8.65,8.58,8.58,8.43,7.51,8.41,8.82,8.09,8.779999999999998
181.57,30,8.449999999999998,8.949999999999998,8.81,8.99,9.01,9.16,8.64,8.57,8.6,8.42,7.51,8.41,8.81,8.08,8.779999999999998
182.57,30,8.44,8.94,8.779999999999998,8.99,9,9.17,8.64,8.57,8.57,8.41,7.48,8.4,8.779999999999998,8.07,8.77
183.57,30,8.41,8.92,8.779999999999998,8.96,8.99,9.14,8.61,8.55,8.57,8.39,7.47,8.4,8.75,8.05,8.75
184.58,30,8.4,8.9,8.76,8.949999999999998,8.98,9.13,8.6,8.54,8.56,8.36,7.47,8.36,8.74,8.029999999999998,8.74
185.58,30,8.39,8.9,8.76,8.949999999999998,8.96,9.13,8.58,8.529999999999998,8.55,8.34,7.46,8.38,8.73,8.029999999999998,8.73
186.6,30,8.38,8.87,8.74,8.93,8.949999999999998,9.12,8.56,8.52,8.54,8.32,7.45,8.34,8.72,8.01,8.699999999999998
187.6,30,8.36,8.86,8.73,8.93,8.949999999999998,9.12,8.55,8.52,8.54,8.31,7.45,8.34,8.699999999999998,8,8.699999999999998
188.6,30,8.34,8.84,8.72,8.9,8.93,9.1,8.529999999999998,8.49,8.529999999999998,8.3,7.44,8.33,8.68,7.97,8.68
189.6,30,8.32,8.82,8.71,8.89,8.92,9.09,8.52,8.49,8.51,8.279999999999998,7.43,8.31,8.65,7.97,8.67
190.6,30,8.31,8.81,8.68,8.86,8.9,9.08,8.5,8.46,8.52,8.26,7.43,8.3,8.64,7.95,8.65
191.6,30,8.29,8.8,8.67,8.86,8.9,9.05,8.47,8.46,8.5,8.23,7.4,8.3,8.62,7.93,8.63
192.6,30,8.279999999999998,8.75,8.65,8.84,8.89,9.07,8.46,8.44,8.47,8.21,7.4,8.279999999999998,8.6,7.91,8.61
193.6,30,8.26,8.76,8.64,8.84,8.87,9.03,8.449999999999998,8.43,8.47,8.19,7.4,8.279999999999998,8.57,7.9,8.61
194.6,30,8.23,8.74,8.63,8.82,8.86,9.04,8.43,8.42,8.47,8.18,7.39,8.26,8.56,7.9,8.6
195.6,30,8.21,8.72,8.61,8.8,8.84,9.03,8.42,8.4,8.44,8.16,7.37,8.24,8.54,7.87,8.56
196.62,30,8.199999999999998,8.71,8.61,8.81,8.84,9.02,8.42,8.4,8.449999999999998,8.15,7.38,8.23,8.52,7.87,8.56
197.62,30,8.18,8.67,8.58,8.77,8.82,9.01,8.41,8.38,8.44,8.11,7.36,8.22,8.5,7.84,8.54
198.62,30,8.17,8.68,8.57,8.77,8.83,9,8.4,8.38,8.43,8.1,7.37,8.21,8.5,7.83,8.529999999999998
199.62,30,8.15,8.64,8.55,8.74,8.779999999999998,8.98,8.38,8.34,8.42,8.08,7.34,8.19,8.449999999999998,7.81,8.51
200.62,30,8.12,8.63,8.54,8.73,8.8,8.98,8.36,8.33,8.42,8.05,7.34,8.18,8.43,7.79,8.5
201.62,30,8.1,8.61,8.52,8.72,8.77,8.949999999999998,8.35,8.31,8.41,8.04,7.33,8.17,8.41,7.77,8.49
202.62,30,8.07,8.6,8.51,8.699999999999998,8.76,8.96,8.33,8.31,8.39,8.02,7.32,8.15,8.38,7.76,8.46
203.62,30,8.05,8.57,8.49,8.68,8.74,8.91,8.33,8.29,8.38,8,7.3,8.12,8.35,7.75,8.44
204.62,30,8.029999999999998,8.55,8.46,8.67,8.73,8.92,8.31,8.279999999999998,8.36,7.96,7.29,8.12,8.33,7.72,8.43
205.62,30,8.01,8.54,8.44,8.65,8.72,8.92,8.29,8.26,8.34,7.95,7.29,8.11,8.31,7.71,8.4
206.62,30,7.98,8.52,8.43,8.64,8.71,8.9,8.279999999999998,8.26,8.34,7.92,7.28,8.08,8.279999999999998,7.7,8.4
207.62,30,7.97,8.51,8.43,8.62,8.699999999999998,8.91,8.27,8.23,8.33,7.92,7.28,8.08,8.27,7.7,8.39
208.62,30,7.93,8.49,8.4,8.61,8.67,8.89,8.23,8.21,8.33,7.89,7.25,8.06,8.24,7.66,8.38
209.62,30,7.91,8.46,8.39,8.6,8.67,8.87,8.22,8.21,8.32,7.87,7.25,8.06,8.21,7.65,8.35
210.62,30,7.89,8.42,8.36,8.57,8.65,8.84,8.21,8.18,8.3,7.84,7.24,8.04,8.19,7.63,8.33
211.62,30,7.87,8.42,8.33,8.56,8.64,8.85,8.19,8.18,8.3,7.82,7.23,8.029999999999998,8.17,7.62,8.33
212.62,30,7.83,8.39,8.32,8.54,8.62,8.82,8.17,8.16,8.279999999999998,7.8,7.19,8.01,8.15,7.59,8.3
213.63,30,7.8,8.36,8.3,8.52,8.61,8.82,8.15,8.14,8.279999999999998,7.78,7.2,8,8.12,7.58,8.279999999999998
214.63,30,7.78,8.34,8.279999999999998,8.51,8.6,8.81,8.12,8.11,8.26,7.76,7.2,7.97,8.09,7.56,8.26
215.63,30,7.75,8.31,8.27,8.49,8.58,8.77,8.11,8.1,8.24,7.74,7.18,7.96,8.06,7.54,8.24
216.63,30,7.73,8.3,8.27,8.46,8.57,8.779999999999998,8.09,8.08,8.24,7.71,7.18,7.95,8.04,7.53,8.24
217.63,30,7.7,8.279999999999998,8.23,8.449999999999998,8.56,8.76,8.06,8.07,8.21,7.67,7.17,7.93,8.02,7.51,8.21
218.65,30,7.66,8.26,8.21,8.43,8.529999999999998,8.75,8.04,8.05,8.21,7.64,7.15,7.92,7.97,7.47,8.19
219.65,30,7.64,8.22,8.19,8.42,8.52,8.73,8.029999999999998,8.04,8.19,7.62,7.13,7.89,7.95,7.45,8.18
220.65,30,7.61,8.21,8.17,8.4,8.51,8.74,8.02,8.04,8.19,7.6,7.14,7.9,7.93,7.45,8.17
221.65,30,7.6,8.19,8.17,8.39,8.51,8.73,8.01,8.02,8.18,7.58,7.13,7.88,7.91,7.44,8.15
222.67,30,7.56,8.17,8.14,8.38,8.47,8.71,7.97,8,8.17,7.56,7.11,7.86,7.89,7.4,8.11
223.67,30,7.53,8.14,8.12,8.33,8.449999999999998,8.68,7.94,7.96,8.14,7.53,7.08,7.82,7.86,7.37,8.09
224.67,30,7.51,8.11,8.09,8.32,8.43,8.66,7.93,7.94,8.12,7.49,7.07,7.81,7.83,7.36,8.08
225.67,30,7.47,8.1,8.07,8.3,8.41,8.65,7.91,7.92,8.09,7.46,7.06,7.8,7.8,7.34,8.06
226.68,30,7.45,8.07,8.06,8.279999999999998,8.41,8.64,7.89,7.91,8.1,7.45,7.06,7.79,7.79,7.32,8.05
227.68,30,7.42,8.06,8.04,8.24,8.39,8.62,7.86,7.89,8.08,7.41,7.04,7.77,7.75,7.29,8.029999999999998
228.68,30,7.38,8.029999999999998,8.01,8.23,8.36,8.58,7.83,7.86,8.06,7.38,7.02,7.74,7.73,7.26,8
229.68,30,7.35,8,8,8.199999999999998,8.34,8.58,7.81,7.84,8.05,7.36,6.99,7.73,7.7,7.24,7.96
230.68,30,7.33,7.97,7.98,8.199999999999998,8.34,8.57,7.77,7.81,8.04,7.34,7,7.71,7.66,7.22,7.96
231.68,30,7.3,7.95,7.95,8.17,8.32,8.55,7.77,7.79,8.04,7.31,6.99,7.71,7.63,7.2,7.94
232.7,30,7.26,7.92,7.93,8.15,8.3,8.55,7.74,7.77,8.01,7.28,6.98,7.69,7.58,7.18,7.92
233.7,30,7.24,7.89,7.92,8.12,8.29,8.529999999999998,7.72,7.74,8,7.24,6.95,7.65,7.54,7.16,7.89
234.7,30,7.21,7.86,7.89,8.09,8.27,8.52,7.7,7.73,7.98,7.21,6.95,7.64,7.52,7.15,7.88
235.7,30,7.19,7.82,7.88,8.08,8.24,8.5,7.69,7.71,7.96,7.18,6.93,7.63,7.48,7.13,7.86
236.72,30,7.14,7.77,7.84,8.06,8.22,8.47,7.65,7.66,7.94,7.14,6.91,7.6,7.45,7.09,7.81
237.72,30,7.11,7.72,7.82,8.029999999999998,8.199999999999998,8.43,7.6,7.64,7.91,7.11,6.89,7.58,7.4,7.06,7.78
238.72,30,7.1,7.69,7.82,8.02,8.18,8.44,7.61,7.63,7.91,7.09,6.89,7.57,7.4,7.05,7.78
239.72,30,7.07,7.64,7.79,7.98,8.16,8.42,7.58,7.58,7.9,7.05,6.87,7.54,7.37,7.02,7.76
240.73,30,7.04,7.59,7.77,7.96,8.16,8.41,7.54,7.57,7.89,7.01,6.85,7.53,7.32,6.99,7.72
241.73,30,7,7.53,7.75,7.92,8.11,8.39,7.51,7.54,7.86,6.96,6.84,7.49,7.28,6.95,7.7
242.73,30,6.98,7.47,7.73,7.91,8.1,8.35,7.48,7.52,7.84,6.93,6.83,7.48,7.24,6.94,7.69
243.73,30,6.93,7.45,7.71,7.88,8.07,8.34,7.45,7.47,7.82,6.87,6.81,7.45,7.17,6.89,7.64
244.73,30,6.92,7.45,7.7,7.87,8.05,8.32,7.44,7.46,7.81,6.85,6.8,7.44,7.14,6.87,7.62
245.75,30,6.9,7.45,7.7,7.83,8.04,8.3,7.42,7.43,7.78,6.8,6.78,7.41,7.11,6.85,7.6
246.75,30,6.9,7.47,7.69,7.82,8.02,8.29,7.4,7.41,7.78,6.79,6.77,7.4,7.08,6.82,7.58
247.75,30,6.89,7.47,7.66,7.77,7.98,8.26,7.36,7.38,7.75,6.74,6.76,7.38,7.04,6.8,7.55
248.75,30,6.89,7.44,7.64,7.78,7.97,8.24,7.34,7.36,7.75,6.72,6.74,7.35,7.01,6.78,7.53
249.75,30,6.87,7.43,7.61,7.74,7.94,8.23,7.32,7.32,7.72,6.67,6.72,7.33,6.98,6.74,7.51
250.77,30,6.84,7.41,7.57,7.7,7.92,8.199999999999998,7.28,7.29,7.7,6.64,6.7,7.31,6.94,6.7,7.46
251.77,30,6.82,7.4,7.56,7.65,7.9,8.19,7.24,7.24,7.69,6.6,6.68,7.28,6.91,6.67,7.44
252.77,30,6.78,7.36,7.53,7.62,7.87,8.17,7.18,7.21,7.65,6.55,6.66,7.25,6.86,6.64,7.4
253.78,30,6.76,7.36,7.52,7.59,7.84,8.15,7.14,7.18,7.63,6.51,6.65,7.22,6.83,6.6,7.37
254.78,30,6.75,7.37,7.52,7.56,7.82,8.12,7.11,7.16,7.62,6.46,6.64,7.21,6.79,6.59,7.35
255.78,30,6.72,7.36,7.52,7.55,7.8,8.1,7.07,7.13,7.61,6.41,6.62,7.18,6.72,6.57,7.32
256.78,30,6.71,7.34,7.49,7.51,7.77,8.09,7.04,7.11,7.59,6.37,6.61,7.15,6.68,6.54,7.29
257.78,30,6.68,7.32,7.46,7.47,7.75,8.05,7.01,7.07,7.57,6.31,6.58,7.12,6.65,6.5,7.24
258.78,30,6.66,7.31,7.44,7.44,7.73,8.04,6.99,7.05,7.55,6.25,6.57,7.09,6.61,6.46,7.21
259.8,30,6.63,7.28,7.42,7.42,7.7,8.02,6.95,7.02,7.53,6.21,6.55,7.07,6.57,6.43,7.19
260.8,30,6.61,7.24,7.41,7.38,7.66,7.98,6.93,6.99,7.51,6.16,6.53,7.05,6.54,6.4,7.16
261.8,30,6.57,7.2,7.38,7.35,7.63,7.98,6.89,6.93,7.48,6.13,6.51,7.01,6.51,6.36,7.13
262.8,30,6.55,7.18,7.37,7.32,7.63,7.95,6.86,6.92,7.46,6.08,6.5,7.01,6.48,6.33,7.11
263.82,30,6.51,7.12,7.34,7.26,7.59,7.92,6.83,6.87,7.44,6.03,6.48,6.98,6.43,6.28,7.07
264.82,30,6.48,7.1,7.31,7.23,7.57,7.9,6.79,6.85,7.42,5.98,6.46,6.93,6.4,6.26,7.04
265.82,30,6.43,7.03,7.28,7.18,7.52,7.87,6.74,6.8,7.39,5.94,6.43,6.9,6.32,6.21,7.01
266.82,30,6.39,7.01,7.25,7.13,7.49,7.84,6.7,6.76,7.37,5.88,6.42,6.86,6.26,6.18,6.98
267.83,30,6.36,6.98,7.23,7.09,7.48,7.84,6.68,6.75,7.35,5.85,6.41,6.85,6.23,6.16,6.94
268.83,30,6.32,6.92,7.2,7.05,7.45,7.78,6.63,6.69,7.33,5.8,6.38,6.81,6.16,6.1,6.89
269.83,30,6.28,6.88,7.19,7.01,7.42,7.77,6.58,6.67,7.32,5.76,6.36,6.79,6.14,6.07,6.87
270.85,30,6.24,6.85,7.16,6.94,7.39,7.75,6.53,6.64,7.29,5.69,6.33,6.75,6.08,6.03,6.82
271.85,30,6.2,6.8,7.12,6.9,7.37,7.72,6.5,6.6,7.25,5.65,6.32,6.73,6.05,5.98,6.79
272.85,30,6.15,6.76,7.11,6.85,7.34,7.7,6.44,6.56,7.24,5.6,6.3,6.69,6.01,5.94,6.76
273.85,30,6.11,6.73,7.07,6.8,7.31,7.67,6.4,6.53,7.2,5.55,6.27,6.67,5.97,5.9,6.72
274.85,30,6.06,6.68,7.04,6.73,7.28,7.63,6.35,6.48,7.18,5.51,6.25,6.64,5.92,5.86,6.67
275.85,30,6.02,6.64,7.02,6.68,7.24,7.61,6.32,6.45,7.16,5.46,6.23,6.61,5.87,5.82,6.63
276.87,30,5.98,6.59,6.98,6.63,7.21,7.58,6.26,6.41,7.14,5.41,6.21,6.58,5.84,5.77,6.6
277.87,30,5.93,6.54,6.96,6.56,7.16,7.55,6.21,6.37,7.12,5.34,6.18,6.53,5.79,5.73,6.55
278.87,30,5.88,6.48,6.9,6.5,7.13,7.52,6.15,6.33,7.09,5.29,6.15,6.5,5.74,5.68,6.5
279.87,30,5.85,6.44,6.89,6.46,7.11,7.51,6.11,6.3,7.07,5.25,6.14,6.48,5.69,5.65,6.47
280.88,30,5.81,6.39,6.85,6.39,7.07,7.48,6.04,6.26,7.04,5.2,6.1,6.44,5.65,5.6,6.42
281.88,30,5.75,6.35,6.82,6.32,7.04,7.43,5.99,6.23,7.02,5.14,6.09,6.39,5.58,5.55,6.38
282.9,30,5.71,6.3,6.78,6.26,7,7.41,5.94,6.21,6.99,5.07,6.07,6.36,5.54,5.5,6.34
283.9,30,5.66,6.25,6.75,6.21,6.98,7.4,5.88,6.17,6.95,5.01,6.04,6.34,5.48,5.48,6.3
284.9,30,5.61,6.21,6.72,6.14,6.92,7.37,5.83,6.14,6.94,4.97,6.01,6.29,5.43,5.41,6.25
285.9,30,5.57,6.16,6.67,6.08,6.88,7.33,5.77,6.09,6.91,4.9,5.99,6.27,5.37,5.36,6.2
286.9,30,5.53,6.11,6.65,6.02,6.85,7.31,5.71,6.05,6.89,4.85,5.96,6.24,5.32,5.32,6.16
287.92,30,5.48,6.07,6.61,5.96,6.82,7.26,5.66,6.01,6.87,4.8,5.94,6.19,5.28,5.28,6.12
288.92,30,5.43,6.02,6.58,5.89,6.77,7.22,5.58,5.96,6.83,4.74,5.91,6.15,5.2,5.22,6.07
289.92,30,5.38,5.97,6.54,5.85,6.74,7.2,5.53,5.93,6.8,4.66,5.88,6.11,5.14,5.16,6.02
290.92,30,5.34,5.92,6.51,5.78,6.69,7.18,5.48,5.88,6.77,4.62,5.85,6.08,5.06,5.13,5.96
291.92,30,5.3,5.88,6.48,5.72,6.65,7.15,5.41,5.83,6.75,4.56,5.83,6.04,4.99,5.07,5.92
292.93,30,5.23,5.84,6.44,5.66,6.62,7.12,5.36,5.79,6.72,4.51,5.81,6,4.9,5.02,5.87
293.93,30,5.19,5.8,6.41,5.61,6.57,7.07,5.29,5.74,6.69,4.45,5.77,5.96,4.84,4.97,5.83
294.93,30,5.14,5.74,6.36,5.54,6.53,7.04,5.21,5.68,6.66,4.39,5.74,5.9,4.74,4.9,5.77
295.93,30,5.09,5.7,6.33,5.49,6.48,7.01,5.16,5.64,6.62,4.33,5.72,5.87,4.69,4.87,5.73
296.93,30,5.04,5.65,6.28,5.43,6.44,6.96,5.09,5.59,6.6,4.27,5.67,5.84,4.63,4.79,5.68
297.95,30,4.99,5.59,6.24,5.37,6.41,6.93,5.03,5.54,6.57,4.21,5.65,5.79,4.59,4.74,5.63
298.95,30,4.94,5.55,6.19,5.31,6.35,6.9,4.96,5.49,6.53,4.13,5.61,5.76,4.54,4.68,5.57
299.95,30,4.88,5.5,6.15,5.26,6.3,6.87,4.89,5.44,6.51,4.07,5.58,5.71,4.5,4.62,5.53
300.97,30,4.84,5.46,6.11,5.19,6.26,6.83,4.83,5.38,6.46,4.02,5.56,5.68,4.44,4.56,5.47
301.97,30,4.78,5.4,6.06,5.14,6.2,6.79,4.75,5.33,6.44,3.95,5.53,5.63,4.38,4.51,5.41
302.97,30,4.72,5.36,6.02,5.09,6.15,6.76,4.69,5.27,6.39,3.88,5.5,5.58,4.32,4.44,5.35
303.98,30,4.64,5.3,5.97,5.02,6.1,6.7,4.61,5.21,6.36,3.81,5.46,5.53,4.24,4.37,5.3
304.98,30,4.59,5.22,5.9,4.95,6.05,6.66,4.53,5.16,6.32,3.74,5.41,5.49,4.16,4.3,5.23
305.98,30,4.53,5.17,5.87,4.89,6,6.63,4.47,5.12,6.29,3.68,5.4,5.44,4.08,4.24,5.17
306.98,30,4.47,5.11,5.83,4.84,5.96,6.6,4.4,5.05,6.27,3.6,5.35,5.4,4.01,4.17,5.13
308,30,4.41,5.07,5.79,4.78,5.91,6.56,4.32,5,6.23,3.53,5.34,5.35,3.93,4.11,5.05
309,30,4.34,5,5.73,4.73,5.85,6.52,4.24,4.95,6.19,3.45,5.29,5.31,3.85,4.04,5
310,30,4.28,4.96,5.68,4.66,5.81,6.48,4.16,4.89,6.17,3.36,5.26,5.26,3.8,3.96,4.94
311,30,4.22,4.9,5.63,4.61,5.76,6.44,4.09,4.84,6.14,3.29,5.21,5.21,3.76,3.9,4.87
312,30,4.15,4.85,5.59,4.55,5.7,6.39,4.02,4.78,6.1,3.22,5.17,5.16,3.71,3.84,4.8
313.02,30,4.08,4.8,5.55,4.5,5.64,6.36,3.93,4.73,6.05,3.14,5.14,5.11,3.68,3.78,4.73
314.02,30,4.02,4.74,5.52,4.44,5.59,6.31,3.84,4.66,6.02,3.06,5.11,5.06,3.65,3.72,4.65
315.02,30,3.96,4.7,5.48,4.39,5.55,6.27,3.77,4.62,5.97,2.99,5.07,5.01,3.6,3.65,4.6
316.02,30,3.88,4.65,5.42,4.33,5.5,6.21,3.68,4.54,5.93,2.91,5.03,4.95,3.54,3.58,4.51
317.02,30,3.8,4.6,5.38,4.28,5.46,6.17,3.58,4.5,5.88,2.85,4.99,4.89,3.5,3.51,4.43
318.03,30,3.74,4.54,5.34,4.22,5.42,6.13,3.5,4.42,5.84,2.78,4.95,4.85,3.44,3.43,4.35
319.03,30,3.67,4.49,5.29,4.16,5.38,6.09,3.4,4.37,5.8,2.69,4.91,4.78,3.38,3.35,4.27
320.03,30,3.6,4.42,5.24,4.11,5.35,6.05,3.32,4.31,5.75,2.61,4.88,4.73,3.3,3.27,4.18
321.05,30,3.54,4.38,5.19,4.04,5.33,6.01,3.24,4.26,5.72,2.54,4.85,4.68,3.23,3.22,4.11
322.05,30,3.47,4.33,5.14,3.97,5.28,5.96,3.14,4.2,5.66,2.44,4.8,4.61,3.15,3.15,4.02
323.05,30,3.4,4.27,5.08,3.9,5.24,5.9,3.08,4.13,5.61,2.35,4.75,4.54,3.07,3.08,3.93
324.05,30,3.34,4.23,5.03,3.84,5.19,5.85,3,4.07,5.56,2.24,4.72,4.5,2.98,3.02,3.86
325.05,30,3.26,4.16,4.97,3.77,5.13,5.81,2.91,4.01,5.5,2.13,4.67,4.41,2.89,2.95,3.75
326.07,30,3.2,4.12,4.91,3.7,5.08,5.78,2.85,3.96,5.44,2.02,4.63,4.37,2.8,2.9,3.66
327.07,30,3.12,4.04,4.87,3.62,5.03,5.72,2.77,3.88,5.38,1.91,4.61,4.3,2.71,2.83,3.57
328.07,30,3.03,3.98,4.83,3.53,4.96,5.65,2.67,3.82,5.33,1.78,4.55,4.22,2.61,2.75,3.46
329.08,30,2.96,3.94,4.8,3.46,4.9,5.6,2.59,3.75,5.27,1.67,4.51,4.15,2.53,2.69,3.37
330.08,30,2.89,3.88,4.77,3.36,4.85,5.55,2.49,3.68,5.2,1.56,4.46,4.08,2.45,2.63,3.26
331.08,30,2.82,3.84,4.75,3.28,4.79,5.51,2.4,3.62,5.16,1.49,4.42,4.02,2.37,2.57,3.14
332.1,30,2.77,3.81,4.73,3.2,4.75,5.45,2.31,3.58,5.11,1.44,4.38,3.94,2.31,2.51,3.02
333.1,30,2.71,3.77,4.68,3.12,4.69,5.41,2.21,3.52,5.05,1.4,4.31,3.87,2.24,2.45,2.91
334.1,30,2.69,3.74,4.65,3.06,4.66,5.37,2.13,3.48,5,1.4,4.29,3.8,2.2,2.4,2.8
335.1,30,2.64,3.7,4.61,2.97,4.6,5.34,2.04,3.43,4.96,1.38,4.24,3.73,2.16,2.34,2.66
336.12,30,2.61,3.65,4.55,2.91,4.54,5.28,1.94,3.38,4.91,1.33,4.19,3.67,2.14,2.26,2.53
337.12,30,2.56,3.61,4.5,2.81,4.48,5.22,1.83,3.32,4.84,1.29,4.14,3.62,2.12,2.18,2.4
338.12,30,2.53,3.59,4.44,2.74,4.43,5.16,1.75,3.25,4.79,1.24,4.1,3.57,2.1,2.11,2.29
339.12,30,2.48,3.55,4.39,2.64,4.36,5.11,1.67,3.18,4.74,1.19,4.05,3.51,2.08,2.02,2.16
340.13,30,2.41,3.49,4.33,2.54,4.3,5.05,1.59,3.11,4.65,1.14,4.02,3.45,2.04,1.91,2.04
341.13,30,2.35,3.43,4.28,2.44,4.24,5,1.55,3.03,4.58,1.1,3.96,3.41,2,1.83,1.94
342.13,30,2.26,3.38,4.22,2.33,4.18,4.92,1.51,2.95,4.5,1.07,3.91,3.36,1.97,1.72,1.83
343.13,30,2.19,3.31,4.17,2.21,4.11,4.87,1.48,2.87,4.42,1.05,3.87,3.3,1.97,1.62,1.73
344.15,30,2.09,3.22,4.1,2.09,4.04,4.8,1.44,2.79,4.35,1.02,3.81,3.24,1.99,1.5,1.63
345.15,30,2.01,3.16,4.05,1.98,3.97,4.75,1.4,2.71,4.26,1.01,3.78,3.2,2.01,1.4,1.54
346.15,30,1.91,3.08,4,1.86,3.9,4.69,1.35,2.63,4.17,1,3.72,3.12,2,1.28,1.44
347.17,30,1.8,3.02,3.95,1.75,3.83,4.62,1.3,2.55,4.08,0.99,3.65,3.06,1.99,1.16,1.34
348.17,30,1.71,2.96,3.88,1.67,3.74,4.58,1.26,2.48,4,0.99,3.6,2.97,1.95,1.05,1.26
349.17,30,1.62,2.89,3.85,1.58,3.67,4.51,1.22,2.4,3.94,0.98,3.56,2.9,1.87,0.95,1.2
350.17,30,1.54,2.82,3.79,1.52,3.59,4.45,1.19,2.32,3.85,0.98,3.5,2.79,1.79,0.85,1.17
351.18,30,1.45,2.75,3.73,1.51,3.52,4.4,1.15,2.24,3.78,0.98,3.44,2.69,1.69,0.75,1.14
352.18,30,1.4,2.69,3.65,1.49,3.45,4.35,1.15,2.17,3.72,0.98,3.38,2.59,1.62,0.67,1.13
353.18,30,1.34,2.6,3.59,1.51,3.36,4.28,1.16,2.08,3.65,0.98,3.32,2.47,1.57,0.59,1.13
354.18,30,1.29,2.51,3.52,1.52,3.27,4.22,1.15,2,3.56,0.97,3.27,2.34,1.53,0.51,1.12
355.2,30,1.22,2.42,3.46,1.52,3.19,4.14,1.18,1.92,3.49,0.97,3.2,2.21,1.52,0.45,1.11
356.2,30,1.18,2.34,3.39,1.5,3.1,4.08,1.18,1.84,3.42,0.98,3.14,2.08,1.5,0.38,1.09
357.2,30,1.12,2.26,3.34,1.47,3.03,4.03,1.19,1.76,3.36,0.99,3.1,1.96,1.51,0.33,1.08
358.2,30,1.08,2.17,3.26,1.41,2.93,3.95,1.16,1.68,3.28,0.98,3.03,1.83,1.49,0.26,1.05
359.22,30,1.04,2.08,3.2,1.34,2.85,3.88,1.15,1.6,3.21,0.98,2.97,1.67,1.48,0.19,1.03
360.22,30,1,1.99,3.13,1.26,2.77,3.8,1.12,1.52,3.12,0.97,2.91,1.53,1.47,0.13,1.01
361.23,30,0.97,1.91,3.06,1.19,2.69,3.74,1.11,1.43,3.05,0.96,2.84,1.37,1.47,0.09,0.99
362.23,30,0.94,1.82,2.99,1.13,2.6,3.66,1.08,1.34,2.96,0.95,2.78,1.21,1.45,0.07,0.97
363.23,30,0.93,1.75,2.93,1.09,2.52,3.59,1.07,1.27,2.88,0.94,2.72,1.06,1.44,0.04,0.97
364.23,30,0.92,1.7,2.89,1.09,2.45,3.54,1.06,1.21,2.81,0.93,2.67,0.92,1.47,0.04,0.97
365.25,30,0.91,1.62,2.83,1.08,2.37,3.45,1.04,1.14,2.73,0.92,2.6,0.78,1.45,0.03,0.95
366.25,30,0.91,1.55,2.77,1.06,2.29,3.38,1.05,1.06,2.65,0.93,2.54,0.68,1.46,0.01,0.95
367.25,30,0.9,1.49,2.72,1.05,2.21,3.3,1.02,0.99,2.56,0.93,2.47,0.6,1.45,0,0.95
368.27,30,0.89,1.44,2.64,1.05,2.13,3.23,1.03,0.93,2.48,0.93,2.41,0.54,1.44,0,0.95
369.27,30,0.88,1.37,2.55,1.05,2.04,3.14,1.02,0.85,2.39,0.92,2.34,0.51,1.43,0,0.93
370.27,30,0.88,1.32,2.49,1.05,1.95,3.07,1.02,0.81,2.31,0.93,2.28,0.52,1.43,0,0.95
371.27,30,0.88,1.28,2.4,1.05,1.87,2.99,1.02,0.75,2.23,0.93,2.22,0.53,1.44,0,0.95
372.27,30,0.85,1.22,2.31,1.05,1.76,2.91,1.01,0.7,2.14,0.93,2.15,0.53,1.43,0,0.93
373.27,30,0.85,1.18,2.25,1.05,1.67,2.8,1.01,0.66,2.05,0.93,2.08,0.55,1.42,0,0.93
374.27,30,0.84,1.14,2.18,1.05,1.57,2.71,1.02,0.63,1.95,0.93,2.03,0.52,1.42,0,0.92
375.27,30,0.82,1.12,2.13,1.06,1.49,2.64,1.03,0.6,1.86,0.95,1.97,0.48,1.42,0,0.93
376.27,30,0.82,1.08,2.06,1.06,1.41,2.55,1.03,0.56,1.77,0.94,1.91,0.41,1.43,0,0.92
377.27,30,0.81,1.06,2,1.05,1.35,2.46,1.03,0.54,1.67,0.93,1.87,0.35,1.42,0,0.93
378.28,30,0.81,1.04,1.94,1.04,1.29,2.35,1.02,0.52,1.56,0.94,1.81,0.3,1.41,0,0.92
379.28,30,0.8,1.02,1.87,1.04,1.25,2.26,1.02,0.5,1.48,0.93,1.77,0.27,1.41,0,0.92
380.28,30,0.79,0.99,1.79,1.02,1.21,2.14,1.02,0.49,1.39,0.92,1.72,0.24,1.4,0,0.92
381.28,30,0.78,0.98,1.74,1.02,1.18,2.05,1.02,0.48,1.29,0.92,1.67,0.23,1.4,0,0.92
382.3,30,0.78,0.97,1.65,1.02,1.14,1.95,1.02,0.47,1.19,0.92,1.63,0.22,1.39,0,0.92
383.3,30,0.78,0.96,1.59,1.02,1.12,1.87,1.02,0.47,1.08,0.92,1.6,0.21,1.4,0,0.92
384.3,30,0.78,0.95,1.52,1.01,1.1,1.76,1.02,0.45,0.95,0.91,1.55,0.21,1.39,0,0.92
385.3,30,0.78,0.95,1.44,1.01,1.08,1.67,1.02,0.44,0.84,0.91,1.52,0.21,1.38,0,0.91
386.3,30,0.76,0.93,1.37,1.01,1.08,1.56,1.02,0.43,0.72,0.91,1.48,0.21,1.38,0,0.91
387.3,30,0.78,0.94,1.33,1.02,1.08,1.48,1.02,0.44,0.63,0.92,1.46,0.21,1.39,0,0.92
388.3,30,0.77,0.92,1.26,1.02,1.06,1.39,1.02,0.42,0.51,0.92,1.42,0.21,1.37,0,0.92
389.3,30,0.75,0.92,1.22,1.01,1.05,1.29,1.02,0.4,0.44,0.9,1.38,0.19,1.37,0,0.93
390.32,30,0.75,0.91,1.18,1.01,1.05,1.22,1.02,0.39,0.4,0.9,1.36,0.18,1.38,0,0.95
391.32,30,0.75,0.9,1.14,1,1.04,1.16,1.02,0.39,0.37,0.91,1.33,0.18,1.38,0,0.96
392.32,30,0.75,0.9,1.12,1.01,1.04,1.13,1.02,0.39,0.37,0.91,1.31,0.18,1.38,0,0.98
393.32,30,0.75,0.89,1.08,0.99,1.02,1.09,1.01,0.38,0.35,0.9,1.29,0.15,1.37,0,0.96
394.32,30,0.75,0.89,1.07,1,1.02,1.06,1.01,0.38,0.35,0.9,1.27,0.17,1.37,0,0.96
395.32,30,0.75,0.9,1.06,1.01,1.02,1.05,1.02,0.38,0.36,0.91,1.26,0.16,1.38,0,0.97
396.32,30,0.74,0.89,1.05,1,1,1.03,1.01,0.37,0.35,0.91,1.22,0.16,1.37,0,0.97
397.32,30,0.74,0.88,1.04,1,0.99,1.02,1,0.37,0.37,0.91,1.21,0.15,1.37,0,0.97
398.32,30,0.73,0.88,1.02,1.01,1,1.01,1.01,0.37,0.38,0.92,1.19,0.16,1.37,0,0.95
399.33,30,0.74,0.88,1.02,1.01,0.99,1.01,1.01,0.38,0.38,0.93,1.17,0.16,1.37,0,0.95
400.33,30,0.74,0.88,1.02,1,0.99,1,1.02,0.37,0.38,0.94,1.15,0.17,1.37,0,0.95
401.33,30,0.74,0.87,1.01,1,0.98,1,1.01,0.37,0.38,0.93,1.14,0.16,1.37,0,0.93
402.35,30,0.73,0.87,1,0.99,0.99,0.99,1.01,0.37,0.37,0.93,1.12,0.17,1.37,0,0.93
403.35,30,0.72,0.86,0.98,0.99,0.98,0.98,1.01,0.36,0.35,0.92,1.1,0.17,1.37,0,0.93
404.35,30,0.73,0.87,0.98,0.98,0.98,0.97,1.01,0.35,0.34,0.92,1.09,0.17,1.37,0,0.93
405.35,30,0.72,0.85,0.97,0.98,0.96,0.96,0.98,0.35,0.31,0.9,1.08,0.15,1.36,0,0.92
406.35,30,0.72,0.86,0.96,0.98,0.97,0.98,1,0.34,0.3,0.91,1.06,0.16,1.36,0,0.92
407.37,30,0.73,0.87,0.96,0.98,0.97,0.97,0.99,0.35,0.3,0.91,1.05,0.15,1.37,0,0.93
408.37,30,0.72,0.86,0.96,0.98,0.97,0.97,0.99,0.35,0.29,0.91,1.04,0.13,1.37,0,0.92
409.37,30,0.72,0.85,0.95,0.98,0.96,0.96,0.98,0.34,0.29,0.89,1.03,0.12,1.37,0,0.92
410.37,30,0.73,0.85,0.96,0.97,0.96,0.97,0.99,0.35,0.28,0.9,1.02,0.12,1.37,0,0.92
411.37,30,0.72,0.85,0.95,0.97,0.96,0.95,0.99,0.35,0.27,0.9,1.02,0.12,1.36,0,0.92
412.38,30,0.72,0.86,0.95,0.96,0.96,0.95,0.98,0.34,0.27,0.9,1.01,0.12,1.36,0,0.92
413.38,30,0.72,0.86,0.95,0.96,0.96,0.95,0.98,0.35,0.27,0.89,1,0.12,1.36,0,0.92
414.38,30,0.74,0.86,0.95,0.98,0.95,0.95,0.99,0.34,0.27,0.9,0.98,0.12,1.36,0,0.92
415.38,30,0.73,0.86,0.95,0.98,0.95,0.95,0.99,0.35,0.28,0.9,0.98,0.11,1.36,0,0.92
416.4,30,0.73,0.86,0.93,0.98,0.95,0.95,0.99,0.34,0.28,0.9,0.98,0.11,1.35,0,0.92
417.4,30,0.72,0.85,0.92,0.96,0.95,0.95,0.98,0.33,0.27,0.88,0.96,0.1,1.34,0,0.9
418.4,30,0.72,0.85,0.93,0.96,0.95,0.95,0.99,0.33,0.27,0.88,0.96,0.1,1.34,0,0.9
419.4,30,0.72,0.85,0.92,0.97,0.95,0.94,0.98,0.34,0.27,0.88,0.95,0.1,1.34,0,0.9
420.4,30,0.72,0.85,0.92,0.97,0.96,0.95,0.98,0.34,0.27,0.88,0.95,0.1,1.35,0,0.91
421.42,30,0.73,0.85,0.92,0.97,0.96,0.95,0.98,0.33,0.28,0.88,0.95,0.1,1.35,0,0.91
422.42,30,0.73,0.85,0.92,0.97,0.95,0.95,0.99,0.34,0.28,0.88,0.95,0.11,1.35,0,0.91
423.42,30,0.72,0.85,0.92,0.97,0.95,0.95,0.98,0.33,0.27,0.88,0.94,0.1,1.35,0,0.91
424.42,30,0.72,0.85,0.92,0.97,0.95,0.95,0.99,0.33,0.27,0.88,0.94,0.11,1.35,0,0.91
425.42,30,0.72,0.85,0.91,0.97,0.95,0.94,0.98,0.33,0.27,0.88,0.93,0.11,1.34,0,0.91
426.43,30,0.72,0.83,0.89,0.96,0.94,0.93,0.98,0.32,0.26,0.87,0.92,0.09,1.33,0,0.9
427.43,30,0.71,0.84,0.9,0.95,0.94,0.93,0.98,0.32,0.26,0.87,0.92,0.1,1.33,0,0.89
428.43,30,0.71,0.83,0.91,0.95,0.95,0.95,0.98,0.33,0.25,0.87,0.92,0.11,1.35,0,0.9
429.43,30,0.72,0.84,0.9,0.95,0.95,0.93,0.98,0.32,0.24,0.87,0.92,0.1,1.34,0,0.89
430.43,30,0.72,0.85,0.92,0.95,0.94,0.95,0.98,0.32,0.26,0.88,0.92,0.11,1.36,0,0.9
431.45,30,0.71,0.84,0.91,0.96,0.95,0.95,0.98,0.32,0.25,0.88,0.91,0.11,1.35,0,0.9
432.45,30,0.72,0.83,0.89,0.95,0.94,0.95,0.98,0.32,0.25,0.88,0.9,0.09,1.35,0,0.9
433.45,30,0.72,0.83,0.89,0.95,0.94,0.95,0.98,0.32,0.25,0.88,0.9,0.09,1.35,0,0.89
434.45,30,0.71,0.83,0.88,0.94,0.93,0.95,0.98,0.32,0.26,0.88,0.91,0.1,1.34,0,0.9
435.47,30,0.71,0.83,0.89,0.95,0.93,0.94,0.97,0.32,0.25,0.87,0.89,0.09,1.34,0,0.89
436.47,30,0.71,0.83,0.88,0.94,0.93,0.95,0.97,0.32,0.26,0.87,0.89,0.09,1.34,0,0.9
437.47,30,0.71,0.82,0.88,0.95,0.93,0.95,0.97,0.32,0.25,0.88,0.9,0.09,1.34,0,0.89
438.47,30,0.7,0.82,0.88,0.94,0.92,0.95,0.96,0.31,0.25,0.86,0.88,0.08,1.33,0,0.88
439.47,30,0.71,0.83,0.88,0.95,0.94,0.95,0.98,0.32,0.25,0.88,0.89,0.09,1.34,0,0.9
440.47,30,0.71,0.82,0.88,0.95,0.93,0.94,0.97,0.32,0.24,0.88,0.88,0.08,1.33,0,0.89
441.47,30,0.72,0.84,0.88,0.95,0.93,0.95,0.98,0.32,0.25,0.88,0.88,0.09,1.34,0,0.89
442.48,30,0.7,0.82,0.88,0.95,0.93,0.93,0.97,0.3,0.24,0.87,0.88,0.09,1.34,0,0.88
443.48,30,0.69,0.83,0.87,0.95,0.93,0.93,0.97,0.31,0.24,0.87,0.87,0.08,1.33,0,0.89
444.48,30,0.71,0.83,0.88,0.95,0.94,0.95,0.98,0.32,0.24,0.88,0.88,0.09,1.34,0,0.9
445.48,30,0.7,0.82,0.87,0.95,0.93,0.93,0.97,0.32,0.24,0.87,0.87,0.07,1.33,0,0.89
446.48,30,0.69,0.82,0.87,0.95,0.93,0.94,0.96,0.31,0.23,0.86,0.87,0.08,1.33,0,0.89
447.48,30,0.7,0.82,0.87,0.95,0.92,0.92,0.96,0.3,0.22,0.88,0.88,0.07,1.33,0,0.89
448.5,30,0.7,0.82,0.87,0.95,0.93,0.94,0.97,0.31,0.22,0.87,0.87,0.08,1.33,0,0.89
449.5,30,0.7,0.82,0.86,0.95,0.92,0.93,0.95,0.31,0.22,0.87,0.86,0.07,1.33,0,0.88
450.5,30,0.7,0.82,0.87,0.95,0.94,0.94,0.97,0.32,0.23,0.87,0.88,0.08,1.34,0,0.89
451.5,30,0.7,0.82,0.86,0.95,0.93,0.94,0.97,0.32,0.23,0.87,0.87,0.07,1.34,0,0.89
452.52,30,0.7,0.82,0.85,0.95,0.92,0.92,0.97,0.31,0.23,0.87,0.87,0.07,1.33,0,0.88
453.52,30,0.69,0.82,0.86,0.94,0.93,0.92,0.97,0.31,0.22,0.88,0.87,0.07,1.33,0,0.88
454.52,30,0.69,0.82,0.86,0.93,0.92,0.92,0.96,0.3,0.21,0.87,0.86,0.06,1.32,0,0.88
455.53,30,0.71,0.82,0.87,0.95,0.92,0.93,0.98,0.32,0.23,0.88,0.87,0.07,1.34,0,0.89
456.53,30,0.7,0.82,0.87,0.95,0.93,0.93,0.97,0.31,0.22,0.87,0.86,0.07,1.33,0,0.88
457.53,30,0.69,0.82,0.86,0.94,0.92,0.92,0.97,0.3,0.22,0.86,0.85,0.07,1.33,0,0.88
458.53,30,0.7,0.82,0.86,0.95,0.92,0.94,0.98,0.31,0.23,0.88,0.87,0.08,1.34,0,0.9
459.53,30,0.69,0.82,0.86,0.93,0.93,0.92,0.97,0.3,0.23,0.87,0.86,0.07,1.33,0,0.88
460.53,30,0.69,0.82,0.87,0.93,0.92,0.92,0.96,0.3,0.22,0.86,0.86,0.06,1.33,0,0.88
461.55,30,0.71,0.82,0.87,0.95,0.93,0.92,0.98,0.31,0.23,0.87,0.87,0.07,1.33,0,0.9
462.55,30,0.7,0.82,0.86,0.94,0.93,0.92,0.97,0.3,0.21,0.86,0.86,0.07,1.33,0,0.88
463.55,30,0.7,0.82,0.87,0.94,0.92,0.93,0.97,0.32,0.23,0.87,0.87,0.08,1.34,0,0.88
464.55,30,0.7,0.82,0.86,0.94,0.92,0.92,0.96,0.31,0.22,0.86,0.86,0.07,1.33,0,0.88
465.55,30,0.69,0.81,0.86,0.94,0.92,0.92,0.97,0.3,0.22,0.87,0.87,0.07,1.33,0,0.88
466.55,30,0.69,0.82,0.86,0.94,0.92,0.92,0.95,0.3,0.23,0.86,0.86,0.07,1.33,0,0.88
467.55,30,0.69,0.82,0.86,0.94,0.92,0.92,0.97,0.29,0.23,0.87,0.86,0.07,1.33,0,0.88
468.57,30,0.7,0.82,0.86,0.94,0.93,0.92,0.97,0.31,0.24,0.86,0.86,0.07,1.33,0,0.88
469.57,30,0.7,0.82,0.87,0.94,0.93,0.92,0.96,0.3,0.24,0.87,0.86,0.07,1.33,0,0.88
470.57,30,0.69,0.82,0.86,0.94,0.92,0.92,0.96,0.3,0.22,0.87,0.86,0.06,1.33,0,0.88
471.57,30,0.7,0.82,0.86,0.94,0.92,0.92,0.97,0.31,0.23,0.87,0.87,0.06,1.34,0,0.88
472.57,30,0.7,0.81,0.86,0.93,0.92,0.91,0.97,0.3,0.23,0.86,0.86,0.06,1.33,0,0.88
473.57,30,0.69,0.81,0.86,0.94,0.92,0.92,0.96,0.3,0.23,0.86,0.86,0.06,1.33,0,0.88
474.58,30,0.69,0.81,0.86,0.93,0.92,0.92,0.95,0.29,0.23,0.87,0.86,0.06,1.33,0,0.88
475.58,30,0.7,0.81,0.86,0.94,0.92,0.92,0.97,0.3,0.21,0.86,0.86,0.06,1.33,0,0.88
476.58,30,0.69,0.81,0.85,0.93,0.92,0.92,0.96,0.29,0.22,0.86,0.86,0.06,1.32,0,0.88
477.6,30,0.7,0.82,0.85,0.93,0.92,0.92,0.97,0.31,0.23,0.87,0.87,0.07,1.34,0,0.88
478.6,30,0.69,0.81,0.85,0.93,0.92,0.92,0.96,0.3,0.23,0.87,0.86,0.06,1.33,0,0.88
479.6,30,0.69,0.81,0.85,0.94,0.92,0.9,0.96,0.3,0.22,0.86,0.86,0.06,1.33,0,0.88
480.6,30,0.7,0.82,0.86,0.94,0.93,0.92,0.97,0.31,0.24,0.87,0.87,0.07,1.34,0,0.89
481.6,30,0.69,0.82,0.86,0.94,0.92,0.92,0.96,0.31,0.23,0.87,0.86,0.07,1.34,0,0.89
482.6,30,0.7,0.82,0.86,0.93,0.92,0.92,0.97,0.31,0.22,0.86,0.86,0.07,1.33,0,0.89
483.6,30,0.69,0.81,0.85,0.94,0.92,0.92,0.96,0.3,0.21,0.86,0.85,0.06,1.33,0,0.88
484.62,30,0.7,0.81,0.85,0.94,0.92,0.92,0.96,0.3,0.22,0.87,0.86,0.06,1.33,0,0.88
485.62,30,0.7,0.82,0.86,0.94,0.92,0.92,0.97,0.31,0.22,0.87,0.86,0.07,1.33,0,0.88
486.62,30,0.69,0.82,0.85,0.93,0.92,0.91,0.96,0.3,0.21,0.86,0.86,0.06,1.33,0,0.88
487.62,30,0.69,0.82,0.85,0.93,0.92,0.92,0.96,0.29,0.21,0.87,0.86,0.06,1.33,0,0.88
488.63,30,0.69,0.82,0.86,0.94,0.92,0.92,0.96,0.3,0.23,0.86,0.86,0.06,1.33,0,0.88
489.63,30,0.69,0.81,0.85,0.92,0.92,0.92,0.96,0.29,0.21,0.86,0.85,0.06,1.33,0,0.88
490.63,30,0.69,0.82,0.85,0.93,0.92,0.92,0.96,0.29,0.22,0.86,0.86,0.05,1.33,0,0.88
491.63,30,0.69,0.81,0.85,0.93,0.92,0.92,0.97,0.29,0.22,0.87,0.86,0.07,1.33,0,0.88
492.63,30,0.69,0.8,0.84,0.93,0.92,0.91,0.95,0.29,0.21,0.85,0.85,0.07,1.33,0,0.87
493.63,30,0.7,0.82,0.85,0.94,0.92,0.92,0.96,0.31,0.21,0.87,0.86,0.07,1.34,0,0.88
494.63,30,0.69,0.8,0.84,0.93,0.92,0.92,0.96,0.29,0.21,0.86,0.85,0.06,1.33,0,0.88
495.63,30,0.69,0.8,0.85,0.93,0.92,0.91,0.96,0.29,0.21,0.86,0.86,0.06,1.33,0,0.87
496.65,30,0.69,0.8,0.85,0.92,0.92,0.92,0.96,0.29,0.21,0.86,0.85,0.05,1.33,0,0.88
497.65,30,0.69,0.81,0.84,0.93,0.92,0.91,0.96,0.29,0.21,0.85,0.85,0.06,1.32,0,0.88
498.65,30,0.69,0.81,0.85,0.92,0.92,0.91,0.96,0.3,0.21,0.87,0.86,0.06,1.33,0,0.88
499.65,30,0.68,0.8,0.85,0.92,0.92,0.91,0.95,0.29,0.21,0.86,0.85,0.06,1.33,0,0.88
500.65,30,0.69,0.81,0.85,0.93,0.92,0.92,0.96,0.3,0.21,0.86,0.86,0.07,1.33,0,0.88
501.67,30,0.69,0.82,0.85,0.93,0.92,0.91,0.96,0.3,0.21,0.85,0.86,0.07,1.33,0,0.88
502.67,30,0.69,0.81,0.85,0.93,0.92,0.9,0.96,0.29,0.21,0.86,0.86,0.06,1.32,0,0.88
503.67,30,0.68,0.8,0.84,0.92,0.92,0.9,0.95,0.29,0.21,0.85,0.85,0.06,1.32,0,0.86
504.67,30,0.69,0.8,0.85,0.92,0.92,0.9,0.96,0.29,0.21,0.86,0.85,0.05,1.33,0,0.88
505.67,30,0.69,0.81,0.85,0.93,0.92,0.91,0.95,0.29,0.21,0.86,0.86,0.06,1.33,0,0.88
506.68,30,0.69,0.81,0.85,0.93,0.92,0.91,0.95,0.29,0.21,0.86,0.85,0.07,1.33,0,0.88
507.68,30,0.69,0.79,0.85,0.92,0.9,0.9,0.95,0.29,0.21,0.85,0.85,0.05,1.32,0,0.88
508.68,30,0.69,0.81,0.85,0.92,0.92,0.9,0.96,0.29,0.21,0.86,0.86,0.06,1.33,0,0.87
509.68,30,0.69,0.81,0.85,0.93,0.92,0.92,0.97,0.3,0.21,0.86,0.86,0.06,1.33,0,0.88
510.7,30,0.69,0.79,0.85,0.92,0.9,0.91,0.95,0.29,0.21,0.85,0.86,0.05,1.32,0,0.87
511.7,30,0.69,0.8,0.85,0.92,0.91,0.92,0.95,0.29,0.21,0.85,0.85,0.05,1.33,0,0.87
512.7,30,0.69,0.81,0.85,0.92,0.92,0.9,0.96,0.29,0.21,0.85,0.86,0.06,1.33,0,0.88
513.7,30,0.69,0.8,0.85,0.92,0.92,0.92,0.95,0.29,0.21,0.85,0.86,0.06,1.33,0,0.88
514.7,30,0.69,0.81,0.85,0.93,0.92,0.92,0.96,0.29,0.21,0.87,0.86,0.06,1.33,0,0.88
515.7,30,0.69,0.81,0.85,0.93,0.92,0.91,0.97,0.29,0.21,0.86,0.87,0.06,1.33,0,0.88
516.7,30,0.69,0.8,0.85,0.92,0.91,0.91,0.95,0.3,0.21,0.86,0.85,0.06,1.32,0,0.88
517.7,30,0.68,0.8,0.85,0.92,0.91,0.91,0.95,0.29,0.2,0.86,0.85,0.05,1.32,0,0.88
518.72,30,0.69,0.8,0.85,0.92,0.91,0.91,0.96,0.29,0.21,0.85,0.85,0.06,1.31,0,0.87
519.72,30,0.69,0.8,0.84,0.92,0.92,0.91,0.95,0.29,0.21,0.86,0.86,0.05,1.33,0,0.87
520.72,30,0.69,0.79,0.84,0.92,0.91,0.9,0.95,0.29,0.2,0.85,0.85,0.05,1.32,0,0.87
521.72,30,0.69,0.8,0.85,0.92,0.91,0.9,0.95,0.29,0.21,0.85,0.85,0.05,1.31,0,0.88
522.72,30,0.69,0.8,0.85,0.92,0.92,0.91,0.96,0.29,0.21,0.86,0.86,0.05,1.33,0,0.87
523.72,30,0.69,0.81,0.85,0.92,0.92,0.91,0.95,0.29,0.21,0.85,0.86,0.06,1.32,0,0.88
524.72,30,0.69,0.81,0.85,0.92,0.91,0.91,0.95,0.29,0.21,0.85,0.85,0.05,1.33,0,0.87
525.73,30,0.69,0.81,0.85,0.92,0.92,0.92,0.96,0.3,0.21,0.87,0.86,0.06,1.33,0,0.88
526.73,30,0.68,0.8,0.85,0.93,0.92,0.91,0.95,0.29,0.21,0.86,0.86,0.05,1.33,0,0.88
527.73,30,0.69,0.81,0.85,0.93,0.92,0.91,0.96,0.3,0.21,0.86,0.86,0.06,1.33,0,0.87
528.73,30,0.69,0.8,0.85,0.92,0.92,0.89,0.95,0.29,0.21,0.85,0.86,0.05,1.33,0,0.88
529.73,30,0.69,0.8,0.85,0.92,0.91,0.91,0.95,0.29,0.2,0.85,0.86,0.05,1.32,0,0.87
530.73,30,0.69,0.81,0.85,0.92,0.91,0.9,0.95,0.28,0.21,0.85,0.86,0.06,1.33,0,0.87
531.75,30,0.69,0.81,0.84,0.92,0.91,0.9,0.95,0.29,0.2,0.85,0.85,0.05,1.33,0,0.87
532.75,30,0.69,0.81,0.85,0.93,0.92,0.92,0.95,0.3,0.22,0.85,0.86,0.06,1.33,0,0.88
533.75,30,0.69,0.81,0.85,0.93,0.92,0.91,0.95,0.29,0.2,0.85,0.86,0.05,1.31,0,0.88
534.75,30,0.68,0.8,0.84,0.92,0.91,0.9,0.95,0.29,0.21,0.85,0.85,0.05,1.32,0,0.87
535.75,30,0.69,0.8,0.84,0.92,0.92,0.9,0.95,0.29,0.21,0.85,0.85,0.05,1.32,0,0.87
536.75,30,0.69,0.81,0.85,0.93,0.92,0.91,0.96,0.3,0.21,0.87,0.86,0.06,1.33,0,0.88
537.75,30,0.69,0.8,0.85,0.92,0.91,0.9,0.95,0.29,0.2,0.86,0.85,0.05,1.33,0,0.88
538.77,30,0.69,0.8,0.85,0.93,0.92,0.9,0.95,0.29,0.21,0.85,0.86,0.05,1.32,0,0.87
539.77,30,0.69,0.81,0.85,0.92,0.91,0.91,0.95,0.29,0.21,0.85,0.85,0.05,1.33,0,0.87
540.77,30,0.69,0.82,0.86,0.93,0.93,0.91,0.96,0.31,0.21,0.86,0.86,0.06,1.33,0,0.88
541.77,30,0.69,0.81,0.85,0.92,0.92,0.91,0.96,0.29,0.21,0.85,0.86,0.05,1.32,0,0.87
542.77,30,0.69,0.81,0.85,0.92,0.92,0.91,0.96,0.3,0.21,0.85,0.86,0.06,1.33,0,0.88
543.77,30,0.69,0.81,0.85,0.93,0.91,0.91,0.96,0.3,0.21,0.85,0.86,0.06,1.33,0,0.88
544.78,30,0.69,0.82,0.85,0.92,0.92,0.9,0.96,0.3,0.21,0.86,0.86,0.05,1.33,0,0.88
545.78,30,0.69,0.81,0.85,0.92,0.92,0.91,0.95,0.3,0.2,0.85,0.86,0.05,1.32,0,0.87
546.78,30,0.68,0.8,0.85,0.92,0.91,0.91,0.95,0.29,0.2,0.85,0.85,0.04,1.33,0,0.88
547.78,30,0.69,0.8,0.85,0.92,0.92,0.89,0.95,0.29,0.2,0.84,0.85,0.04,1.32,0,0.87
548.78,30,0.68,0.8,0.83,0.92,0.91,0.89,0.95,0.29,0.2,0.85,0.85,0.04,1.32,0,0.87
549.8,30,0.68,0.81,0.85,0.92,0.9,0.9,0.95,0.29,0.2,0.85,0.85,0.05,1.31,0,0.85
550.8,30,0.69,0.8,0.85,0.92,0.91,0.89,0.95,0.29,0.2,0.85,0.85,0.04,1.32,0,0.87
551.8,30,0.69,0.8,0.85,0.93,0.92,0.9,0.95,0.3,0.21,0.86,0.86,0.05,1.33,0,0.88
552.8,30,0.69,0.8,0.85,0.92,0.92,0.9,0.95,0.29,0.21,0.85,0.86,0.05,1.32,0,0.88
553.8,30,0.68,0.81,0.85,0.92,0.92,0.91,0.95,0.29,0.2,0.86,0.86,0.06,1.32,0,0.88
554.82,30,0.68,0.81,0.84,0.92,0.91,0.9,0.95,0.29,0.21,0.85,0.85,0.04,1.31,0,0.87
555.82,30,0.68,0.81,0.84,0.92,0.91,0.91,0.95,0.29,0.2,0.85,0.85,0.05,1.32,0,0.86
556.82,30,0.69,0.8,0.85,0.92,0.92,0.9,0.95,0.29,0.2,0.85,0.85,0.04,1.32,0,0.87
557.82,30,0.69,0.8,0.84,0.92,0.91,0.92,0.95,0.3,0.21,0.86,0.86,0.05,1.32,0,0.88
558.82,30,0.69,0.81,0.85,0.92,0.92,0.9,0.96,0.29,0.21,0.85,0.87,0.05,1.33,0,0.87
559.83,30,0.68,0.81,0.84,0.92,0.91,0.9,0.95,0.29,0.2,0.85,0.85,0.05,1.32,0,0.87
560.83,30,0.69,0.81,0.85,0.92,0.92,0.9,0.95,0.3,0.21,0.86,0.87,0.05,1.33,0,0.87
561.83,30,0.69,0.8,0.85,0.92,0.91,0.89,0.96,0.29,0.21,0.86,0.86,0.06,1.33,0,0.88
562.85,30,0.69,0.81,0.85,0.92,0.92,0.91,0.95,0.29,0.2,0.85,0.86,0.05,1.33,0,0.88
563.85,30,0.69,0.81,0.85,0.92,0.92,0.9,0.96,0.29,0.21,0.86,0.86,0.06,1.33,0,0.86
564.85,30,0.69,0.81,0.85,0.92,0.92,0.9,0.96,0.3,0.21,0.86,0.86,0.06,1.32,0,0.88
565.85,30,0.68,0.81,0.85,0.92,0.92,0.9,0.95,0.29,0.21,0.85,0.86,0.04,1.33,0,0.87
566.85,30,0.69,0.81,0.85,0.92,0.91,0.9,0.95,0.29,0.2,0.86,0.86,0.04,1.32,0,0.87
567.85,30,0.69,0.8,0.85,0.92,0.92,0.9,0.95,0.29,0.21,0.85,0.86,0.05,1.33,0,0.88
568.85,30,0.68,0.81,0.85,0.92,0.91,0.9,0.95,0.29,0.19,0.86,0.86,0.05,1.33,0,0.87
569.85,30,0.68,0.81,0.85,0.91,0.92,0.9,0.95,0.29,0.19,0.85,0.85,0.04,1.32,0,0.87
570.85,30,0.69,0.81,0.85,0.92,0.92,0.9,0.95,0.29,0.19,0.85,0.85,0.05,1.32,0,0.87
571.87,30,0.69,0.8,0.85,0.92,0.92,0.91,0.95,0.29,0.2,0.85,0.86,0.06,1.32,0,0.88
572.87,30,0.69,0.8,0.84,0.93,0.92,0.91,0.95,0.29,0.21,0.86,0.86,0.04,1.33,0,0.87
573.87,30,0.69,0.81,0.85,0.92,0.92,0.9,0.95,0.3,0.2,0.86,0.86,0.05,1.32,0,0.88
574.87,30,0.68,0.81,0.85,0.92,0.92,0.9,0.95,0.29,0.21,0.85,0.86,0.05,1.33,0,0.88
575.87,30,0.69,0.8,0.85,0.92,0.92,0.89,0.95,0.29,0.2,0.85,0.86,0.05,1.32,0,0.86
576.87,30,0.68,0.81,0.84,0.92,0.91,0.9,0.95,0.29,0.21,0.86,0.85,0.04,1.33,0,0.87
577.87,30,0.69,0.8,0.85,0.92,0.92,0.91,0.95,0.29,0.2,0.85,0.86,0.05,1.33,0,0.88
578.88,30,0.69,0.8,0.85,0.92,0.91,0.91,0.95,0.3,0.2,0.85,0.86,0.05,1.33,0,0.88
579.88,30,0.69,0.8,0.85,0.92,0.91,0.89,0.96,0.29,0.2,0.85,0.85,0.05,1.32,0,0.86
580.88,30,0.69,0.8,0.85,0.92,0.92,0.9,0.96,0.3,0.21,0.85,0.87,0.05,1.33,0,0.88
581.88,30,0.69,0.81,0.85,0.92,0.92,0.91,0.95,0.29,0.2,0.85,0.86,0.05,1.33,0,0.87
582.9,30,0.69,0.81,0.84,0.92,0.92,0.9,0.96,0.29,0.21,0.85,0.86,0.05,1.33,0,0.88
583.9,30,0.68,0.8,0.84,0.92,0.92,0.89,0.95,0.3,0.2,0.85,0.85,0.05,1.32,0,0.87
584.9,30,0.69,0.81,0.85,0.92,0.92,0.9,0.96,0.3,0.21,0.85,0.87,0.05,1.33,0,0.88
585.9,30,0.69,0.81,0.85,0.92,0.92,0.9,0.95,0.29,0.2,0.85,0.85,0.05,1.33,0,0.87
586.9,30,0.68,0.8,0.83,0.91,0.91,0.89,0.95,0.29,0.2,0.85,0.85,0.04,1.32,0,0.86
587.92,30,0.68,0.82,0.85,0.93,0.92,0.91,0.95,0.29,0.21,0.85,0.86,0.05,1.33,0,0.87
588.92,30,0.69,0.8,0.85,0.92,0.92,0.89,0.95,0.29,0.2,0.85,0.85,0.04,1.33,0,0.87
589.92,30,0.69,0.8,0.85,0.92,0.91,0.9,0.95,0.29,0.2,0.85,0.85,0.05,1.33,0,0.87
590.92,30,0.69,0.8,0.85,0.92,0.91,0.89,0.95,0.29,0.19,0.85,0.85,0.04,1.33,0,0.87
591.92,30,0.69,0.81,0.85,0.92,0.91,0.89,0.95,0.29,0.2,0.86,0.86,0.05,1.32,0,0.87
592.92,30,0.69,0.81,0.85,0.92,0.92,0.9,0.95,0.29,0.2,0.85,0.85,0.05,1.32,0,0.87
593.93,30,0.69,0.8,0.85,0.92,0.92,0.88,0.95,0.29,0.19,0.85,0.85,0.04,1.32,0,0.87
594.93,30,0.69,0.82,0.85,0.92,0.92,0.91,0.95,0.3,0.21,0.86,0.86,0.06,1.33,0,0.88
595.93,30,0.68,0.79,0.85,0.92,0.91,0.9,0.95,0.29,0.2,0.85,0.85,0.04,1.32,0,0.87
596.93,30,0.69,0.81,0.85,0.92,0.92,0.91,0.96,0.3,0.21,0.86,0.87,0.05,1.33,0,0.88
597.95,30,0.69,0.8,0.85,0.92,0.92,0.9,0.95,0.29,0.2,0.85,0.86,0.04,1.32,0,0.87
598.95,30,0.69,0.8,0.85,0.92,0.92,0.91,0.95,0.29,0.21,0.85,0.86,0.05,1.32,0,0.87
599.95,30,0.69,0.81,0.85,0.92,0.92,0.9,0.95,0.29,0.21,0.85,0.86,0.04,1.32,0,0.88
600.95,30,0.69,0.8,0.85,0.92,0.92,0.9,0.96,0.29,0.2,0.85,0.86,0.05,1.32,0,0.87
601.95,30,0.69,0.81,0.85,0.92,0.92,0.9,0.96,0.29,0.21,0.85,0.86,0.05,1.33,0,0.88
602.95,30,0.69,0.8,0.84,0.92,0.91,0.91,0.95,0.3,0.2,0.85,0.85,0.04,1.32,0,0.86
603.97,30,0.68,0.8,0.85,0.91,0.91,0.89,0.95,0.29,0.2,0.85,0.85,0.04,1.32,0,0.87
604.97,30,0.69,0.8,0.85,0.92,0.92,0.91,0.95,0.29,0.2,0.85,0.87,0.05,1.33,0,0.88
605.97,30,0.68,0.8,0.84,0.91,0.91,0.9,0.95,0.29,0.19,0.85,0.85,0.05,1.31,0,0.86
606.97,30,0.7,0.81,0.85,0.92,0.92,0.9,0.96,0.29,0.21,0.86,0.87,0.05,1.33,0,0.88
607.97,30,0.68,0.8,0.85,0.92,0.92,0.89,0.95,0.29,0.19,0.85,0.85,0.05,1.32,0,0.87
608.98,30,0.69,0.81,0.85,0.92,0.92,0.9,0.95,0.29,0.21,0.85,0.86,0.05,1.33,0,0.87
609.98,30,0.68,0.82,0.85,0.92,0.91,0.88,0.96,0.29,0.21,0.86,0.86,0.04,1.33,0,0.88
610.98,30,0.69,0.81,0.85,0.92,0.91,0.89,0.95,0.29,0.2,0.85,0.86,0.05,1.32,0,0.87
611.98,30,0.68,0.8,0.84,0.92,0.92,0.89,0.95,0.29,0.19,0.85,0.86,0.05,1.32,0,0.87
612.98,30,0.69,0.8,0.85,0.92,0.92,0.9,0.95,0.29,0.21,0.85,0.85,0.06,1.33,0,0.88
614,30,0.69,0.82,0.85,0.92,0.92,0.9,0.95,0.29,0.21,0.86,0.87,0.05,1.33,0,0.88
615,30,0.69,0.81,0.85,0.92,0.92,0.9,0.96,0.29,0.21,0.87,0.86,0.06,1.33,0,0.88
616,30,0.69,0.8,0.84,0.92,0.91,0.9,0.95,0.29,0.2,0.85,0.86,0.04,1.32,0,0.86
617,30,0.69,0.82,0.85,0.92,0.92,0.9,0.96,0.29,0.2,0.85,0.86,0.06,1.32,0,0.87
618,30,0.69,0.81,0.85,0.92,0.92,0.9,0.95,0.29,0.21,0.86,0.86,0.06,1.32,0,0.88
619,30,0.69,0.81,0.85,0.92,0.92,0.9,0.95,0.29,0.2,0.85,0.86,0.05,1.32,0,0.87
620,30,0.69,0.8,0.84,0.92,0.92,0.9,0.95,0.29,0.2,0.85,0.85,0.04,1.32,0,0.86
621,30,0.69,0.81,0.85,0.93,0.92,0.9,0.96,0.3,0.21,0.86,0.86,0.05,1.32,0,0.88
622,30,0.69,0.8,0.84,0.93,0.91,0.9,0.95,0.29,0.2,0.85,0.86,0.05,1.32,0,0.87
623,30,0.69,0.81,0.85,0.92,0.91,0.89,0.95,0.29,0.2,0.85,0.86,0.05,1.33,0,0.87
624.02,30,0.68,0.8,0.85,0.92,0.92,0.9,0.95,0.29,0.2,0.85,0.85,0.04,1.33,0,0.87
625.02,30,0.68,0.81,0.84,0.92,0.92,0.9,0.95,0.29,0.2,0.85,0.85,0.05,1.32,0,0.87
626.02,30,0.68,0.8,0.85,0.92,0.92,0.9,0.95,0.29,0.2,0.85,0.86,0.05,1.32,0,0.87
627.02,30,0.69,0.8,0.85,0.92,0.91,0.9,0.95,0.29,0.2,0.85,0.85,0.05,1.32,0,0.87
628.02,30,0.69,0.81,0.85,0.93,0.92,0.89,0.96,0.29,0.21,0.86,0.86,0.06,1.32,0,0.88
629.02,30,0.69,0.79,0.84,0.92,0.91,0.88,0.95,0.29,0.21,0.84,0.86,0.04,1.31,0,0.86
630.03,30,0.68,0.8,0.85,0.92,0.9,0.88,0.95,0.29,0.19,0.85,0.85,0.05,1.32,0,0.86
631.03,30,0.69,0.81,0.85,0.92,0.92,0.91,0.96,0.3,0.21,0.85,0.86,0.06,1.32,0,0.88
632.03,30,0.68,0.81,0.85,0.92,0.92,0.9,0.95,0.29,0.2,0.85,0.87,0.05,1.32,0,0.87
633.03,30,0.69,0.8,0.85,0.92,0.91,0.89,0.95,0.29,0.2,0.85,0.85,0.04,1.32,0,0.87
634.03,30,0.69,0.8,0.84,0.92,0.91,0.89,0.95,0.29,0.2,0.85,0.86,0.04,1.31,0,0.86
635.03,30,0.68,0.81,0.84,0.92,0.91,0.89,0.95,0.29,0.19,0.85,0.85,0.04,1.32,0,0.87
636.03,30,0.69,0.8,0.84,0.92,0.91,0.9,0.96,0.29,0.21,0.85,0.86,0.04,1.32,0,0.87
637.03,30,0.69,0.8,0.85,0.92,0.92,0.9,0.96,0.29,0.21,0.85,0.85,0.05,1.32,0,0.88
638.05,30,0.69,0.81,0.85,0.92,0.92,0.9,0.96,0.3,0.21,0.86,0.86,0.05,1.33,0,0.88
639.05,30,0.69,0.8,0.85,0.92,0.91,0.91,0.95,0.29,0.21,0.85,0.86,0.05,1.33,0,0.87
640.05,30,0.68,0.8,0.85,0.92,0.91,0.88,0.95,0.29,0.2,0.85,0.85,0.05,1.32,0,0.86
641.05,30,0.68,0.8,0.85,0.92,0.92,0.9,0.95,0.29,0.21,0.85,0.86,0.05,1.33,0,0.87
642.05,30,0.68,0.8,0.85,0.92,0.91,0.89,0.95,0.29,0.2,0.85,0.85,0.04,1.32,0,0.87
643.07,30,0.69,0.8,0.84,0.92,0.92,0.9,0.95,0.29,0.2,0.85,0.86,0.04,1.33,0,0.87
644.07,30,0.67,0.79,0.84,0.91,0.9,0.88,0.94,0.29,0.2,0.84,0.85,0.04,1.31,0,0.87
645.07,30,0.67,0.8,0.84,0.92,0.91,0.9,0.95,0.29,0.2,0.85,0.86,0.05,1.31,0,0.86
646.07,30,0.69,0.8,0.85,0.92,0.92,0.91,0.95,0.3,0.21,0.86,0.86,0.05,1.33,0,0.88
647.07,30,0.68,0.8,0.83,0.92,0.91,0.9,0.95,0.29,0.2,0.85,0.85,0.04,1.32,0,0.87
648.07,30,0.68,0.8,0.83,0.91,0.91,0.89,0.95,0.28,0.19,0.85,0.85,0.05,1.32,0,0.87
649.07,30,0.69,0.8,0.85,0.92,0.91,0.9,0.95,0.29,0.21,0.85,0.86,0.05,1.32,0,0.87
650.08,30,0.68,0.79,0.84,0.92,0.91,0.88,0.94,0.29,0.19,0.85,0.86,0.05,1.31,0,0.86
651.08,30,0.68,0.8,0.84,0.92,0.92,0.89,0.95,0.29,0.21,0.85,0.86,0.04,1.32,0,0.87
652.08,30,0.68,0.79,0.84,0.92,0.91,0.9,0.95,0.29,0.19,0.85,0.86,0.05,1.32,0,0.87
653.08,30,0.69,0.8,0.85,0.91,0.92,0.89,0.95,0.29,0.2,0.85,0.85,0.04,1.32,0,0.87
654.08,30,0.69,0.82,0.84,0.92,0.91,0.88,0.95,0.3,0.19,0.85,0.86,0.05,1.32,0,0.87
655.08,30,0.68,0.81,0.85,0.92,0.91,0.89,0.95,0.29,0.21,0.85,0.86,0.04,1.32,0,0.87
656.08,30,0.67,0.8,0.84,0.91,0.91,0.89,0.95,0.29,0.19,0.85,0.85,0.05,1.31,0,0.86
657.1,30,0.67,0.79,0.84,0.91,0.9,0.89,0.95,0.28,0.19,0.85,0.85,0.04,1.32,0,0.86
658.1,30,0.68,0.8,0.83,0.92,0.91,0.88,0.95,0.29,0.19,0.85,0.85,0.04,1.32,0,0.85
659.1,30,0.68,0.8,0.85,0.92,0.91,0.89,0.95,0.29,0.2,0.85,0.86,0.05,1.32,0,0.87
660.1,30,0.68,0.79,0.85,0.92,0.91,0.89,0.95,0.29,0.19,0.85,0.85,0.04,1.32,0,0.86
661.1,30,0.69,0.8,0.85,0.92,0.92,0.89,0.96,0.29,0.2,0.85,0.86,0.05,1.32,0,0.87
662.1,30,0.68,0.79,0.84,0.91,0.91,0.89,0.94,0.29,0.19,0.85,0.85,0.04,1.31,0,0.86
663.12,30,0.68,0.8,0.84,0.92,0.9,0.89,0.95,0.29,0.2,0.85,0.85,0.04,1.32,0,0.86
664.12,30,0.69,0.81,0.84,0.92,0.92,0.9,0.95,0.29,0.21,0.85,0.86,0.04,1.32,0,0.87
665.12,30,0.69,0.8,0.85,0.91,0.9,0.89,0.95,0.29,0.19,0.85,0.86,0.04,1.32,0,0.87
666.12,30,0.67,0.79,0.83,0.9,0.91,0.89,0.95,0.29,0.19,0.85,0.85,0.04,1.31,0,0.86
667.12,30,0.68,0.81,0.83,0.91,0.91,0.9,0.95,0.29,0.2,0.85,0.86,0.04,1.32,0,0.86
668.13,30,0.68,0.8,0.84,0.92,0.92,0.88,0.95,0.29,0.2,0.85,0.86,0.05,1.32,0,0.86
669.13,30,0.68,0.8,0.85,0.92,0.91,0.89,0.95,0.29,0.2,0.85,0.86,0.05,1.32,0,0.87
670.13,30,0.69,0.79,0.84,0.92,0.92,0.89,0.95,0.29,0.2,0.85,0.85,0.04,1.32,0,0.86
671.13,30,0.68,0.81,0.85,0.91,0.91,0.89,0.95,0.29,0.2,0.85,0.86,0.04,1.31,0,0.86
672.15,30,0.69,0.81,0.84,0.92,0.92,0.89,0.95,0.29,0.21,0.85,0.86,0.05,1.31,0,0.87
673.15,30,0.68,0.8,0.83,0.91,0.91,0.89,0.95,0.29,0.2,0.84,0.85,0.04,1.31,0,0.85
674.15,30,0.68,0.8,0.85,0.92,0.91,0.9,0.95,0.29,0.19,0.85,0.86,0.04,1.32,0,0.86
675.15,30,0.69,0.8,0.84,0.92,0.91,0.9,0.95,0.29,0.2,0.85,0.85,0.04,1.32,0,0.87
676.15,30,0.69,0.8,0.84,0.92,0.91,0.88,0.95,0.29,0.2,0.85,0.85,0.04,1.32,0,0.87
677.17,30,0.69,0.79,0.85,0.91,0.92,0.88,0.95,0.29,0.19,0.85,0.85,0.05,1.31,0,0.86
678.17,30,0.68,0.79,0.84,0.92,0.91,0.89,0.95,0.29,0.2,0.85,0.85,0.04,1.32,0,0.86
679.17,30,0.68,0.81,0.84,0.92,0.9,0.89,0.95,0.29,0.2,0.85,0.86,0.04,1.32,0,0.87
680.17,30,0.68,0.81,0.84,0.91,0.91,0.89,0.95,0.29,0.19,0.85,0.86,0.04,1.32,0,0.87
681.18,30,0.68,0.81,0.85,0.92,0.91,0.89,0.94,0.29,0.2,0.85,0.85,0.04,1.32,0,0.86
682.18,30,0.68,0.8,0.84,0.91,0.92,0.89,0.95,0.29,0.19,0.85,0.86,0.05,1.32,0,0.87
683.18,30,0.68,0.8,0.84,0.92,0.92,0.89,0.95,0.29,0.21,0.85,0.85,0.04,1.32,0,0.87
684.18,30,0.67,0.8,0.84,0.92,0.9,0.89,0.95,0.29,0.19,0.85,0.85,0.04,1.31,0,0.86
685.2,30,0.68,0.8,0.84,0.92,0.9,0.88,0.95,0.29,0.18,0.85,0.85,0.04,1.31,0,0.86
686.2,30,0.68,0.8,0.84,0.92,0.91,0.89,0.95,0.29,0.2,0.85,0.85,0.04,1.31,0,0.87
687.2,30,0.68,0.81,0.84,0.92,0.91,0.89,0.95,0.29,0.2,0.85,0.85,0.04,1.31,0,0.87
688.2,30,0.68,0.81,0.84,0.92,0.91,0.89,0.95,0.29,0.2,0.85,0.85,0.05,1.33,0,0.87
689.2,30,0.69,0.8,0.85,0.92,0.92,0.9,0.95,0.29,0.2,0.85,0.86,0.05,1.32,0,0.87
690.22,30,0.66,0.79,0.84,0.9,0.89,0.88,0.93,0.28,0.18,0.85,0.85,0.04,1.31,0,0.86
691.22,30,0.68,0.8,0.84,0.92,0.92,0.88,0.95,0.29,0.2,0.85,0.86,0.05,1.33,0,0.88
692.23,30,0.68,0.8,0.85,0.91,0.91,0.88,0.95,0.29,0.19,0.85,0.85,0.05,1.31,0,0.86
693.23,30,0.68,0.8,0.84,0.91,0.91,0.88,0.95,0.29,0.2,0.85,0.85,0.04,1.32,0,0.86
694.23,30,0.69,0.81,0.85,0.92,0.91,0.9,0.95,0.29,0.2,0.85,0.85,0.04,1.31,0,0.88
695.23,30,0.69,0.8,0.84,0.92,0.92,0.9,0.95,0.29,0.2,0.85,0.85,0.05,1.32,0,0.87
696.23,30,0.69,0.81,0.85,0.92,0.91,0.9,0.95,0.29,0.21,0.85,0.85,0.05,1.32,0,0.87
697.25,30,0.69,0.8,0.85,0.92,0.92,0.9,0.95,0.29,0.2,0.85,0.85,0.05,1.33,0,0.87
698.25,30,0.68,0.81,0.84,0.92,0.91,0.89,0.95,0.29,0.19,0.85,0.85,0.04,1.31,0,0.86
699.25,30,0.68,0.81,0.84,0.92,0.91,0.88,0.95,0.29,0.19,0.85,0.85,0.05,1.31,0,0.86
700.27,30,0.69,0.8,0.84,0.92,0.92,0.9,0.96,0.29,0.2,0.85,0.86,0.05,1.33,0,0.87
701.27,30,0.69,0.8,0.85,0.92,0.92,0.89,0.95,0.29,0.2,0.85,0.86,0.05,1.32,0,0.87
702.27,30,0.68,0.8,0.85,0.92,0.91,0.9,0.95,0.29,0.2,0.85,0.85,0.05,1.32,0,0.87
703.27,30,0.69,0.8,0.85,0.92,0.91,0.9,0.95,0.29,0.2,0.85,0.86,0.04,1.32,0,0.87
704.28,30,0.67,0.8,0.84,0.92,0.92,0.89,0.95,0.29,0.2,0.85,0.86,0.04,1.32,0,0.86
705.28,30,0.69,0.8,0.84,0.92,0.91,0.89,0.95,0.29,0.2,0.85,0.85,0.05,1.31,0,0.87
706.28,30,0.69,0.81,0.84,0.92,0.92,0.9,0.95,0.29,0.21,0.86,0.86,0.04,1.32,0,0.86
707.28,30,0.68,0.79,0.84,0.92,0.91,0.9,0.95,0.29,0.19,0.85,0.85,0.04,1.31,0,0.86
708.28,30,0.69,0.81,0.85,0.92,0.91,0.89,0.95,0.29,0.21,0.86,0.85,0.04,1.33,0,0.87
709.3,30,0.68,0.81,0.85,0.92,0.91,0.9,0.95,0.29,0.19,0.85,0.85,0.04,1.32,0,0.87
710.3,30,0.68,0.79,0.83,0.92,0.9,0.88,0.95,0.28,0.19,0.85,0.85,0.04,1.31,0,0.87
711.3,30,0.69,0.8,0.84,0.91,0.91,0.9,0.95,0.29,0.2,0.85,0.85,0.04,1.33,0,0.87
712.3,30,0.69,0.81,0.84,0.92,0.91,0.88,0.95,0.29,0.2,0.85,0.86,0.04,1.32,0,0.87
713.3,30,0.68,0.8,0.84,0.92,0.92,0.88,0.95,0.29,0.2,0.85,0.86,0.05,1.32,0,0.87
714.3,30,0.68,0.8,0.85,0.92,0.91,0.88,0.95,0.29,0.2,0.85,0.85,0.04,1.32,0,0.86
715.32,30,0.69,0.8,0.85,0.92,0.91,0.89,0.95,0.29,0.2,0.85,0.85,0.04,1.33,0,0.87
716.32,30,0.68,0.8,0.84,0.92,0.91,0.9,0.95,0.29,0.19,0.85,0.86,0.04,1.32,0,0.86
717.32,30,0.67,0.79,0.84,0.91,0.91,0.88,0.95,0.28,0.19,0.85,0.86,0.04,1.32,0,0.86
718.32,30,0.69,0.81,0.85,0.92,0.91,0.9,0.95,0.29,0.2,0.85,0.86,0.05,1.32,0,0.87
719.32,30,0.69,0.8,0.84,0.92,0.9,0.89,0.95,0.29,0.2,0.85,0.85,0.04,1.31,0,0.86
720.33,30,0.68,0.8,0.85,0.92,0.92,0.9,0.95,0.29,0.19,0.85,0.85,0.04,1.32,0,0.87
721.33,30,0.69,0.8,0.84,0.91,0.92,0.88,0.95,0.29,0.19,0.85,0.85,0.04,1.32,0,0.86
722.33,30,0.69,0.8,0.84,0.92,0.92,0.9,0.95,0.29,0.19,0.85,0.85,0.04,1.32,0,0.87
723.33,30,0.67,0.8,0.84,0.91,0.91,0.88,0.95,0.29,0.19,0.85,0.85,0.04,1.31,0,0.86
724.35,30,0.69,0.8,0.84,0.91,0.91,0.89,0.95,0.29,0.2,0.85,0.85,0.04,1.31,0,0.86
725.35,30,0.69,0.8,0.84,0.91,0.91,0.88,0.95,0.29,0.19,0.85,0.85,0.04,1.32,0,0.86
726.35,30,0.69,0.81,0.85,0.92,0.92,0.89,0.95,0.29,0.2,0.85,0.86,0.04,1.31,0,0.87
727.35,30,0.67,0.8,0.84,0.91,0.91,0.89,0.94,0.29,0.2,0.85,0.85,0.04,1.31,0,0.87
728.35,30,0.68,0.81,0.84,0.92,0.92,0.9,0.95,0.29,0.19,0.85,0.86,0.05,1.32,0,0.87
729.37,30,0.68,0.79,0.83,0.92,0.91,0.88,0.95,0.29,0.19,0.85,0.85,0.04,1.31,0,0.87
730.37,30,0.67,0.8,0.84,0.9,0.9,0.88,0.94,0.28,0.19,0.85,0.85,0.04,1.32,0,0.86
731.37,30,0.68,0.79,0.84,0.91,0.91,0.88,0.95,0.29,0.2,0.85,0.85,0.04,1.32,0,0.86
732.37,30,0.68,0.8,0.83,0.92,0.9,0.88,0.95,0.28,0.19,0.85,0.85,0.04,1.3,0,0.86
733.37,30,0.68,0.8,0.84,0.92,0.9,0.89,0.95,0.29,0.2,0.84,0.85,0.04,1.31,0,0.87
734.38,30,0.69,0.81,0.85,0.92,0.92,0.9,0.95,0.29,0.21,0.85,0.87,0.05,1.33,0,0.88
735.38,30,0.68,0.8,0.84,0.91,0.91,0.88,0.95,0.29,0.2,0.85,0.85,0.04,1.31,0,0.86
736.38,30,0.68,0.8,0.84,0.92,0.92,0.89,0.95,0.29,0.19,0.85,0.86,0.04,1.32,0,0.86
737.38,30,0.68,0.8,0.83,0.92,0.91,0.89,0.95,0.29,0.2,0.85,0.85,0.04,1.32,0,0.87
738.38,30,0.68,0.8,0.84,0.92,0.91,0.88,0.94,0.29,0.19,0.85,0.85,0.04,1.31,0,0.87
739.4,30,0.68,0.79,0.84,0.91,0.9,0.89,0.95,0.29,0.2,0.85,0.85,0.04,1.31,0,0.86
740.4,30,0.69,0.81,0.83,0.92,0.91,0.88,0.95,0.29,0.2,0.85,0.86,0.05,1.32,0,0.87
741.4,30,0.69,0.8,0.84,0.91,0.91,0.89,0.95,0.29,0.2,0.85,0.85,0.04,1.32,0,0.87
742.4,30,0.69,0.79,0.84,0.92,0.91,0.9,0.95,0.29,0.21,0.85,0.86,0.04,1.32,0,0.87
743.4,30,0.68,0.79,0.84,0.91,0.91,0.88,0.95,0.28,0.2,0.85,0.85,0.04,1.31,0,0.86
744.4,30,0.69,0.8,0.85,0.92,0.91,0.91,0.95,0.29,0.19,0.85,0.86,0.05,1.32,0,0.88
745.42,30,0.66,0.79,0.84,0.91,0.9,0.88,0.95,0.29,0.19,0.84,0.85,0.04,1.31,0,0.87
746.42,30,0.69,0.8,0.85,0.92,0.91,0.89,0.95,0.29,0.2,0.85,0.86,0.04,1.32,0,0.86
747.42,30,0.67,0.79,0.84,0.91,0.91,0.88,0.95,0.28,0.19,0.85,0.85,0.04,1.31,0,0.86
748.42,30,0.68,0.79,0.84,0.92,0.91,0.89,0.95,0.29,0.2,0.84,0.85,0.05,1.31,0,0.86
749.43,30,0.68,0.81,0.84,0.91,0.91,0.88,0.95,0.29,0.19,0.85,0.85,0.04,1.32,0,0.87
750.43,30,0.67,0.81,0.83,0.92,0.91,0.89,0.95,0.29,0.2,0.85,0.85,0.04,1.32,0,0.86
751.43,30,0.67,0.8,0.84,0.91,0.9,0.89,0.94,0.29,0.2,0.85,0.85,0.04,1.31,0,0.86
752.43,30,0.69,0.81,0.85,0.92,0.92,0.9,0.95,0.29,0.21,0.85,0.86,0.05,1.31,0,0.87
753.43,30,0.69,0.8,0.84,0.92,0.91,0.89,0.95,0.29,0.2,0.85,0.86,0.04,1.32,0,0.87
754.45,30,0.68,0.81,0.84,0.92,0.91,0.89,0.95,0.29,0.2,0.85,0.85,0.04,1.33,0,0.86
755.45,30,0.69,0.81,0.85,0.92,0.92,0.88,0.95,0.29,0.2,0.85,0.86,0.05,1.32,0,0.86
756.45,30,0.68,0.81,0.84,0.92,0.91,0.88,0.95,0.29,0.2,0.85,0.85,0.04,1.32,0,0.86
757.45,30,0.68,0.79,0.84,0.91,0.91,0.88,0.94,0.28,0.2,0.85,0.85,0.04,1.31,0,0.86
758.45,30,0.68,0.81,0.84,0.92,0.91,0.88,0.95,0.29,0.2,0.85,0.85,0.04,1.33,0,0.86
759.47,30,0.67,0.79,0.85,0.91,0.92,0.89,0.95,0.29,0.18,0.85,0.85,0.04,1.3,0,0.86
760.47,30,0.68,0.8,0.84,0.92,0.92,0.88,0.95,0.29,0.19,0.85,0.85,0.04,1.32,0,0.87
761.47,30,0.67,0.79,0.83,0.91,0.9,0.88,0.95,0.29,0.19,0.85,0.85,0.04,1.3,0,0.85
762.47,30,0.69,0.8,0.85,0.91,0.91,0.88,0.95,0.29,0.21,0.85,0.86,0.05,1.31,0,0.87
763.47,30,0.69,0.79,0.84,0.92,0.9,0.89,0.95,0.29,0.2,0.85,0.85,0.04,1.31,0,0.86
764.47,30,0.68,0.8,0.84,0.91,0.9,0.88,0.95,0.29,0.2,0.85,0.85,0.05,1.32,0,0.86
765.48,30,0.67,0.8,0.84,0.91,0.91,0.89,0.95,0.28,0.19,0.85,0.85,0.04,1.31,0,0.86
766.48,30,0.68,0.79,0.84,0.91,0.91,0.89,0.95,0.29,0.19,0.85,0.85,0.04,1.33,0,0.86
767.48,30,0.69,0.8,0.83,0.92,0.9,0.88,0.95,0.29,0.2,0.85,0.85,0.04,1.31,0,0.86
768.48,30,0.66,0.79,0.83,0.92,0.9,0.89,0.94,0.28,0.19,0.85,0.85,0.04,1.31,0,0.86
769.48,30,0.68,0.79,0.84,0.91,0.9,0.88,0.95,0.29,0.19,0.85,0.85,0.04,1.31,0,0.86
770.48,30,0.67,0.78,0.83,0.91,0.9,0.88,0.94,0.28,0.18,0.84,0.85,0.04,1.31,0,0.86
771.5,30,0.67,0.8,0.84,0.92,0.91,0.9,0.95,0.29,0.19,0.85,0.85,0.05,1.31,0,0.87
772.5,30,0.67,0.8,0.85,0.91,0.91,0.89,0.95,0.29,0.2,0.84,0.85,0.05,1.32,0,0.86
773.5,30,0.68,0.8,0.84,0.91,0.91,0.88,0.95,0.28,0.19,0.85,0.85,0.04,1.32,0,0.86
774.5,30,0.68,0.8,0.83,0.91,0.91,0.88,0.94,0.28,0.18,0.84,0.85,0.04,1.31,0,0.86
775.52,30,0.68,0.8,0.84,0.92,0.91,0.89,0.95,0.29,0.21,0.85,0.86,0.04,1.33,0,0.87
776.52,30,0.67,0.8,0.83,0.9,0.9,0.88,0.94,0.28,0.19,0.84,0.85,0.04,1.31,0,0.85
777.52,30,0.67,0.79,0.83,0.91,0.9,0.88,0.95,0.29,0.19,0.85,0.85,0.04,1.31,0,0.86
778.52,30,0.67,0.8,0.84,0.91,0.9,0.88,0.94,0.28,0.19,0.85,0.85,0.04,1.31,0,0.86
779.53,30,0.67,0.8,0.82,0.91,0.89,0.88,0.95,0.29,0.18,0.84,0.85,0.04,1.31,0,0.86
780.53,30,0.68,0.79,0.83,0.91,0.91,0.88,0.95,0.29,0.2,0.85,0.85,0.04,1.32,0,0.86
781.53,30,0.68,0.8,0.83,0.91,0.9,0.89,0.95,0.29,0.2,0.84,0.85,0.04,1.31,0,0.86
782.53,30,0.67,0.79,0.84,0.91,0.9,0.88,0.95,0.29,0.19,0.85,0.85,0.04,1.31,0,0.85
783.53,30,0.67,0.79,0.84,0.91,0.91,0.89,0.95,0.29,0.19,0.85,0.85,0.04,1.32,0,0.86
784.55,30,0.67,0.8,0.84,0.91,0.91,0.89,0.95,0.28,0.19,0.85,0.85,0.04,1.31,0,0.86
785.55,30,0.68,0.8,0.83,0.91,0.91,0.88,0.94,0.29,0.2,0.85,0.86,0.04,1.32,0,0.86
786.55,30,0.68,0.79,0.84,0.91,0.91,0.88,0.95,0.29,0.19,0.85,0.86,0.04,1.31,0,0.86
787.55,30,0.69,0.8,0.84,0.91,0.91,0.89,0.95,0.29,0.2,0.85,0.85,0.04,1.32,0,0.86
788.55,30,0.67,0.8,0.84,0.91,0.9,0.88,0.94,0.29,0.19,0.84,0.85,0.04,1.31,0,0.87
789.57,30,0.69,0.8,0.84,0.92,0.9,0.89,0.95,0.29,0.19,0.85,0.85,0.04,1.32,0,0.87
790.57,30,0.67,0.8,0.84,0.92,0.91,0.89,0.94,0.29,0.19,0.85,0.85,0.04,1.31,0,0.87
791.57,30,0.68,0.8,0.85,0.92,0.91,0.89,0.95,0.29,0.2,0.85,0.85,0.04,1.32,0,0.86
792.57,30,0.68,0.79,0.84,0.92,0.92,0.89,0.95,0.29,0.19,0.85,0.85,0.04,1.32,0,0.86
793.57,30,0.67,0.79,0.83,0.9,0.9,0.88,0.93,0.28,0.19,0.83,0.85,0.04,1.3,0,0.85
794.57,30,0.68,0.79,0.85,0.92,0.91,0.89,0.95,0.28,0.2,0.85,0.85,0.04,1.31,0,0.86
795.58,30,0.67,0.8,0.83,0.92,0.9,0.88,0.95,0.29,0.2,0.85,0.85,0.04,1.31,0,0.86
796.58,30,0.67,0.79,0.84,0.9,0.9,0.88,0.95,0.28,0.19,0.85,0.85,0.04,1.31,0,0.86
797.58,30,0.67,0.8,0.84,0.91,0.91,0.89,0.95,0.29,0.19,0.85,0.85,0.04,1.3,0,0.86
798.58,30,0.68,0.8,0.84,0.92,0.91,0.88,0.95,0.28,0.2,0.85,0.85,0.04,1.31,0,0.85
799.6,30,0.69,0.8,0.85,0.91,0.92,0.88,0.94,0.29,0.2,0.85,0.85,0.05,1.32,0,0.86
800.6,30,0.69,0.79,0.85,0.92,0.9,0.89,0.95,0.29,0.2,0.85,0.86,0.04,1.33,0,0.86
801.6,30,0.68,0.8,0.85,0.92,0.91,0.89,0.95,0.29,0.2,0.85,0.86,0.05,1.32,0,0.86
802.6,30,0.67,0.8,0.84,0.91,0.91,0.88,0.94,0.29,0.2,0.85,0.85,0.05,1.32,0,0.86
803.6,30,0.67,0.8,0.84,0.91,0.91,0.89,0.95,0.29,0.19,0.85,0.85,0.04,1.31,0,0.87
804.6,30,0.69,0.8,0.84,0.92,0.92,0.89,0.95,0.29,0.2,0.85,0.85,0.04,1.32,0,0.87
805.62,30,0.68,0.8,0.84,0.91,0.9,0.89,0.94,0.29,0.19,0.85,0.86,0.04,1.31,0,0.87
806.62,30,0.68,0.78,0.84,0.91,0.91,0.89,0.94,0.28,0.2,0.85,0.85,0.04,1.31,0,0.86
807.62,30,0.68,0.79,0.84,0.91,0.91,0.88,0.95,0.28,0.19,0.85,0.85,0.04,1.31,0,0.85
808.62,30,0.68,0.8,0.83,0.91,0.91,0.88,0.95,0.29,0.19,0.85,0.85,0.04,1.31,0,0.86
809.62,30,0.68,0.8,0.84,0.92,0.92,0.89,0.95,0.29,0.2,0.85,0.85,0.04,1.32,0,0.86
810.63,30,0.67,0.8,0.84,0.91,0.91,0.88,0.94,0.29,0.2,0.85,0.85,0.04,1.32,0,0.86
811.63,30,0.69,0.81,0.85,0.92,0.92,0.89,0.95,0.29,0.2,0.85,0.86,0.05,1.32,0,0.87
812.63,30,0.68,0.8,0.83,0.91,0.9,0.89,0.95,0.29,0.19,0.84,0.85,0.04,1.32,0,0.86
813.63,30,0.68,0.8,0.83,0.9,0.9,0.89,0.95,0.29,0.19,0.85,0.85,0.04,1.32,0,0.86
814.63,30,0.68,0.8,0.83,0.91,0.9,0.88,0.94,0.29,0.19,0.84,0.85,0.04,1.31,0,0.86
815.65,30,0.67,0.79,0.82,0.9,0.9,0.88,0.95,0.28,0.18,0.84,0.85,0.04,1.3,0,0.85
816.65,30,0.68,0.79,0.84,0.91,0.91,0.89,0.94,0.29,0.19,0.85,0.85,0.04,1.32,0,0.87
817.65,30,0.67,0.79,0.83,0.91,0.9,0.88,0.94,0.28,0.19,0.85,0.85,0.04,1.31,0,0.85
818.65,30,0.69,0.79,0.84,0.91,0.91,0.88,0.95,0.29,0.19,0.85,0.86,0.04,1.31,0,0.86
819.65,30,0.68,0.8,0.84,0.91,0.91,0.88,0.95,0.29,0.19,0.85,0.85,0.05,1.32,0,0.87
820.65,30,0.68,0.8,0.83,0.9,0.9,0.89,0.94,0.29,0.18,0.84,0.85,0.04,1.31,0,0.86
821.65,30,0.68,0.8,0.84,0.91,0.91,0.89,0.95,0.29,0.2,0.85,0.85,0.04,1.31,0,0.86
822.65,30,0.68,0.8,0.83,0.91,0.91,0.89,0.95,0.28,0.19,0.85,0.85,0.04,1.31,0,0.87
823.65,30,0.69,0.8,0.84,0.92,0.92,0.89,0.95,0.29,0.2,0.85,0.85,0.04,1.33,0,0.86
824.65,30,0.68,0.8,0.85,0.92,0.91,0.89,0.95,0.29,0.2,0.85,0.85,0.04,1.33,0,0.86
825.67,30,0.67,0.8,0.84,0.91,0.89,0.88,0.95,0.29,0.19,0.85,0.85,0.04,1.31,0,0.87
826.67,30,0.68,0.79,0.84,0.91,0.9,0.89,0.95,0.29,0.2,0.85,0.85,0.04,1.31,0,0.85
827.67,30,0.67,0.8,0.85,0.91,0.91,0.88,0.95,0.29,0.19,0.85,0.86,0.04,1.33,0,0.87
828.68,30,0.69,0.8,0.84,0.92,0.91,0.89,0.95,0.29,0.2,0.85,0.85,0.04,1.31,0,0.86
829.68,30,0.68,0.8,0.84,0.92,0.91,0.88,0.95,0.29,0.19,0.85,0.85,0.04,1.31,0,0.86
830.68,30,0.69,0.8,0.85,0.92,0.91,0.89,0.95,0.29,0.19,0.85,0.86,0.05,1.32,0,0.88
831.68,30,0.67,0.79,0.83,0.91,0.9,0.88,0.94,0.29,0.2,0.85,0.85,0.04,1.32,0,0.85
832.68,30,0.68,0.8,0.85,0.92,0.91,0.88,0.95,0.29,0.2,0.85,0.85,0.05,1.32,0,0.87
833.68,30,0.68,0.8,0.84,0.92,0.9,0.89,0.95,0.29,0.19,0.85,0.85,0.04,1.3,0,0.86
834.68,30,0.68,0.79,0.84,0.92,0.91,0.89,0.95,0.29,0.19,0.85,0.85,0.04,1.32,0,0.86
835.7,30,0.68,0.79,0.83,0.92,0.91,0.89,0.95,0.29,0.2,0.85,0.85,0.04,1.32,0,0.86
836.7,30,0.67,0.79,0.83,0.9,0.9,0.89,0.94,0.28,0.19,0.84,0.85,0.04,1.31,0,0.86
837.7,30,0.68,0.79,0.83,0.91,0.91,0.88,0.95,0.28,0.19,0.84,0.85,0.04,1.31,0,0.86
838.7,30,0.68,0.79,0.84,0.92,0.91,0.89,0.95,0.29,0.19,0.85,0.85,0.04,1.31,0,0.86
839.72,30,0.68,0.8,0.84,0.92,0.91,0.88,0.95,0.29,0.2,0.85,0.85,0.04,1.32,0,0.86
840.72,30,0.68,0.8,0.85,0.92,0.91,0.89,0.95,0.29,0.21,0.85,0.85,0.06,1.32,0,0.87
841.73,30,0.68,0.8,0.85,0.92,0.91,0.88,0.95,0.28,0.19,0.85,0.85,0.04,1.31,0,0.85
842.73,30,0.69,0.81,0.85,0.92,0.91,0.89,0.95,0.29,0.2,0.85,0.85,0.05,1.32,0,0.87
843.73,30,0.69,0.8,0.84,0.92,0.91,0.89,0.95,0.29,0.2,0.85,0.86,0.05,1.32,0,0.86
844.75,30,0.68,0.79,0.84,0.91,0.9,0.88,0.95,0.29,0.19,0.85,0.85,0.04,1.31,0,0.86
845.75,30,0.67,0.79,0.84,0.91,0.9,0.88,0.94,0.28,0.18,0.85,0.85,0.04,1.3,0,0.85
846.75,30,0.68,0.79,0.84,0.92,0.91,0.89,0.95,0.29,0.19,0.85,0.85,0.04,1.32,0,0.86
847.77,30,0.67,0.79,0.83,0.9,0.89,0.88,0.94,0.29,0.18,0.84,0.85,0.04,1.3,0,0.86
848.77,30,0.68,0.8,0.83,0.92,0.9,0.89,0.95,0.29,0.19,0.85,0.85,0.04,1.32,0,0.86
849.77,30,0.68,0.8,0.85,0.91,0.91,0.9,0.95,0.29,0.19,0.85,0.86,0.04,1.31,0,0.86
850.78,30,0.67,0.8,0.84,0.91,0.92,0.88,0.95,0.29,0.19,0.85,0.85,0.04,1.32,0,0.86
851.78,30,0.69,0.8,0.84,0.92,0.91,0.88,0.95,0.29,0.19,0.85,0.85,0.04,1.32,0,0.87
852.78,30,0.69,0.8,0.85,0.91,0.91,0.89,0.95,0.29,0.19,0.85,0.85,0.04,1.32,0,0.86
853.78,30,0.69,0.8,0.84,0.92,0.91,0.88,0.95,0.28,0.19,0.85,0.85,0.04,1.31,0,0.86
854.8,30,0.69,0.8,0.85,0.92,0.91,0.89,0.95,0.29,0.2,0.85,0.86,0.04,1.32,0,0.86
855.8,30,0.68,0.8,0.84,0.91,0.9,0.88,0.94,0.28,0.19,0.84,0.85,0.05,1.31,0,0.86
856.8,30,0.68,0.8,0.84,0.92,0.92,0.89,0.95,0.29,0.2,0.85,0.85,0.05,1.32,0,0.87
857.8,30,0.67,0.8,0.85,0.91,0.91,0.89,0.95,0.29,0.19,0.85,0.85,0.04,1.32,0,0.86
858.8,30,0.68,0.79,0.84,0.91,0.91,0.88,0.94,0.28,0.2,0.85,0.85,0.04,1.31,0,0.86
859.82,30,0.68,0.79,0.84,0.91,0.9,0.88,0.95,0.29,0.19,0.85,0.85,0.04,1.32,0,0.86
860.82,30,0.68,0.8,0.83,0.92,0.91,0.88,0.95,0.29,0.2,0.85,0.85,0.04,1.32,0,0.87
861.82,30,0.68,0.8,0.84,0.92,0.9,0.89,0.94,0.29,0.19,0.84,0.85,0.04,1.31,0,0.86
862.82,30,0.68,0.8,0.84,0.92,0.91,0.89,0.95,0.28,0.19,0.85,0.85,0.04,1.32,0,0.87
863.82,30,0.68,0.8,0.85,0.92,0.91,0.89,0.95,0.29,0.19,0.85,0.86,0.04,1.32,0,0.87
864.83,30,0.66,0.79,0.84,0.91,0.9,0.88,0.94,0.28,0.19,0.85,0.85,0.04,1.32,0,0.86
865.83,30,0.67,0.8,0.83,0.91,0.9,0.88,0.95,0.28,0.19,0.84,0.85,0.04,1.31,0,0.86
866.83,30,0.68,0.8,0.84,0.91,0.9,0.88,0.95,0.28,0.19,0.85,0.85,0.03,1.31,0,0.86
867.83,30,0.67,0.79,0.84,0.91,0.9,0.89,0.94,0.28,0.18,0.85,0.85,0.04,1.3,0,0.85
868.83,30,0.68,0.81,0.84,0.92,0.91,0.89,0.95,0.29,0.2,0.85,0.86,0.04,1.32,0,0.87
869.83,30,0.67,0.8,0.83,0.91,0.9,0.88,0.95,0.28,0.19,0.85,0.85,0.04,1.31,0,0.86
870.83,30,0.67,0.8,0.84,0.92,0.91,0.88,0.94,0.29,0.19,0.85,0.85,0.04,1.31,0,0.86
871.83,30,0.68,0.8,0.83,0.91,0.9,0.88,0.95,0.29,0.19,0.85,0.85,0.04,1.31,0,0.85
872.83,30,0.69,0.79,0.83,0.91,0.9,0.88,0.94,0.29,0.18,0.84,0.85,0.04,1.31,0,0.86
873.85,30,0.68,0.8,0.84,0.92,0.91,0.88,0.95,0.29,0.2,0.85,0.85,0.04,1.32,0,0.86
874.85,30,0.69,0.8,0.83,0.92,0.91,0.88,0.95,0.29,0.2,0.85,0.85,0.05,1.31,0,0.87
875.85,30,0.68,0.8,0.85,0.91,0.91,0.89,0.95,0.28,0.2,0.85,0.85,0.04,1.31,0,0.87
876.85,30,0.68,0.8,0.83,0.92,0.91,0.89,0.95,0.29,0.19,0.85,0.85,0.04,1.32,0,0.85
877.85,30,0.68,0.8,0.83,0.92,0.89,0.88,0.94,0.29,0.18,0.85,0.85,0.04,1.31,0,0.86
878.85,30,0.68,0.79,0.84,0.91,0.9,0.89,0.94,0.29,0.19,0.85,0.85,0.04,1.31,0,0.86
879.87,30,0.67,0.8,0.84,0.91,0.9,0.88,0.95,0.29,0.19,0.85,0.85,0.04,1.31,0,0.86
880.87,30,0.67,0.8,0.83,0.91,0.91,0.88,0.95,0.29,0.19,0.85,0.85,0.04,1.32,0,0.86
881.87,30,0.67,0.79,0.84,0.91,0.9,0.88,0.94,0.29,0.2,0.85,0.85,0.04,1.32,0,0.85
882.88,30,0.68,0.79,0.83,0.91,0.91,0.88,0.94,0.29,0.19,0.85,0.85,0.04,1.31,0,0.86
883.88,30,0.68,0.8,0.84,0.91,0.91,0.89,0.95,0.29,0.2,0.85,0.85,0.04,1.31,0,0.87
884.88,30,0.68,0.8,0.85,0.92,0.92,0.89,0.95,0.29,0.2,0.85,0.85,0.05,1.32,0,0.87
885.88,30,0.67,0.8,0.84,0.91,0.91,0.89,0.94,0.29,0.2,0.85,0.85,0.04,1.32,0,0.86
886.9,30,0.68,0.8,0.85,0.91,0.92,0.89,0.95,0.29,0.19,0.85,0.85,0.05,1.32,0,0.87
887.9,30,0.67,0.79,0.84,0.91,0.91,0.89,0.95,0.28,0.19,0.85,0.85,0.04,1.31,0,0.86
888.9,30,0.68,0.8,0.84,0.91,0.92,0.88,0.95,0.29,0.2,0.85,0.85,0.04,1.31,0,0.86
889.9,30,0.68,0.8,0.84,0.92,0.91,0.89,0.95,0.29,0.19,0.85,0.86,0.04,1.31,0,0.86
890.9,30,0.67,0.79,0.83,0.91,0.91,0.88,0.94,0.28,0.19,0.85,0.85,0.03,1.3,0,0.86
891.92,30,0.67,0.8,0.84,0.91,0.91,0.88,0.95,0.29,0.19,0.85,0.85,0.04,1.31,0,0.87
892.92,30,0.67,0.79,0.83,0.91,0.91,0.87,0.93,0.29,0.19,0.84,0.85,0.04,1.3,0,0.86
893.92,30,0.68,0.8,0.84,0.91,0.91,0.89,0.95,0.29,0.2,0.85,0.85,0.04,1.31,0,0.87
894.92,30,0.67,0.8,0.84,0.92,0.91,0.88,0.95,0.28,0.2,0.85,0.86,0.04,1.32,0,0.87
895.93,30,0.69,0.8,0.83,0.92,0.91,0.89,0.95,0.29,0.2,0.85,0.86,0.04,1.32,0,0.87
896.93,30,0.69,0.8,0.84,0.92,0.91,0.89,0.95,0.29,0.19,0.85,0.85,0.05,1.32,0,0.87
897.93,30,0.67,0.79,0.83,0.91,0.9,0.89,0.95,0.29,0.2,0.84,0.85,0.04,1.32,0,0.86
898.93,30,0.68,0.8,0.83,0.91,0.9,0.88,0.94,0.29,0.19,0.85,0.85,0.04,1.3,0,0.86
899.95,30,0.69,0.8,0.84,0.92,0.9,0.89,0.95,0.29,0.2,0.85,0.85,0.05,1.31,0,0.86
900.95,30,0.68,0.79,0.84,0.91,0.9,0.88,0.94,0.29,0.18,0.85,0.85,0.04,1.31,0,0.86
901.95,30,0.68,0.79,0.84,0.92,0.91,0.89,0.94,0.29,0.19,0.84,0.85,0.04,1.31,0,0.86
902.95,30,0.69,0.81,0.85,0.92,0.92,0.9,0.95,0.29,0.2,0.85,0.86,0.04,1.32,0,0.87
903.95,30,0.68,0.8,0.83,0.9,0.91,0.9,0.95,0.29,0.18,0.85,0.85,0.04,1.3,0,0.86
904.97,30,0.67,0.79,0.84,0.92,0.91,0.88,0.95,0.29,0.2,0.85,0.86,0.04,1.32,0,0.86
905.97,30,0.67,0.79,0.84,0.91,0.9,0.88,0.95,0.29,0.18,0.84,0.85,0.04,1.31,0,0.86
906.97,30,0.68,0.79,0.82,0.91,0.91,0.88,0.94,0.29,0.19,0.85,0.85,0.04,1.31,0,0.86
907.97,30,0.67,0.79,0.84,0.91,0.9,0.88,0.94,0.28,0.19,0.85,0.85,0.04,1.31,0,0.85
908.97,30,0.67,0.8,0.84,0.92,0.91,0.88,0.95,0.29,0.19,0.85,0.85,0.04,1.31,0,0.85
909.97,30,0.67,0.8,0.83,0.91,0.91,0.89,0.95,0.29,0.18,0.85,0.85,0.04,1.31,0,0.86
910.98,30,0.67,0.8,0.83,0.9,0.9,0.88,0.95,0.29,0.19,0.85,0.85,0.04,1.31,0,0.85
911.98,30,0.69,0.8,0.85,0.91,0.91,0.88,0.95,0.29,0.21,0.85,0.86,0.05,1.32,0,0.88
912.98,30,0.68,0.79,0.85,0.91,0.9,0.88,0.95,0.29,0.19,0.85,0.85,0.04,1.31,0,0.85
913.98,30,0.68,0.79,0.84,0.92,0.91,0.88,0.94,0.29,0.2,0.85,0.85,0.04,1.31,0,0.87
915,30,0.68,0.79,0.83,0.91,0.9,0.88,0.94,0.29,0.19,0.85,0.85,0.04,1.3,0,0.86
916,30,0.68,0.8,0.84,0.91,0.91,0.88,0.94,0.29,0.19,0.85,0.85,0.04,1.31,0,0.86
917,30,0.68,0.8,0.84,0.92,0.91,0.89,0.95,0.29,0.2,0.85,0.85,0.04,1.32,0,0.87
918,30,0.68,0.79,0.84,0.9,0.91,0.88,0.94,0.29,0.19,0.85,0.85,0.04,1.31,0,0.86
919,30,0.68,0.8,0.84,0.92,0.9,0.89,0.95,0.29,0.2,0.85,0.85,0.04,1.32,0,0.87
920.02,30,0.68,0.8,0.84,0.92,0.91,0.89,0.95,0.29,0.2,0.85,0.86,0.04,1.32,0,0.87
921.02,30,0.67,0.79,0.83,0.91,0.9,0.88,0.95,0.29,0.19,0.84,0.85,0.04,1.31,0,0.86
922.02,30,0.68,0.8,0.85,0.91,0.91,0.88,0.95,0.28,0.19,0.84,0.85,0.04,1.31,0,0.86
923.03,30,0.68,0.8,0.84,0.92,0.91,0.89,0.95,0.29,0.19,0.85,0.86,0.05,1.32,0,0.86
924.03,30,0.68,0.8,0.84,0.91,0.91,0.89,0.95,0.29,0.2,0.85,0.85,0.04,1.31,0,0.86
925.03,30,0.68,0.79,0.84,0.91,0.9,0.89,0.95,0.28,0.18,0.84,0.85,0.04,1.32,0,0.86
926.03,30,0.67,0.8,0.84,0.91,0.9,0.88,0.95,0.28,0.19,0.84,0.85,0.04,1.31,0,0.86
927.03,30,0.67,0.79,0.84,0.91,0.9,0.88,0.95,0.28,0.2,0.85,0.85,0.04,1.32,0,0.86
928.03,30,0.67,0.8,0.84,0.91,0.91,0.88,0.94,0.29,0.19,0.85,0.85,0.04,1.31,0,0.86
929.05,30,0.67,0.8,0.83,0.91,0.9,0.88,0.94,0.28,0.19,0.84,0.85,0.04,1.31,0,0.86
930.05,30,0.67,0.8,0.83,0.91,0.9,0.89,0.94,0.28,0.18,0.85,0.85,0.04,1.31,0,0.86
931.05,30,0.67,0.79,0.84,0.9,0.9,0.88,0.94,0.28,0.18,0.85,0.85,0.04,1.31,0,0.86
932.05,30,0.68,0.8,0.83,0.91,0.91,0.88,0.94,0.29,0.18,0.85,0.85,0.04,1.3,0,0.85
933.07,30,0.68,0.8,0.84,0.91,0.9,0.88,0.95,0.29,0.18,0.85,0.85,0.04,1.31,0,0.85
934.07,30,0.67,0.78,0.82,0.9,0.9,0.88,0.94,0.28,0.18,0.84,0.85,0.04,1.31,0,0.86
935.07,30,0.68,0.8,0.84,0.91,0.91,0.89,0.94,0.29,0.19,0.85,0.85,0.05,1.32,0,0.86
936.07,30,0.67,0.79,0.84,0.91,0.9,0.88,0.95,0.29,0.19,0.84,0.85,0.04,1.32,0,0.86
937.08,30,0.68,0.8,0.84,0.91,0.9,0.88,0.94,0.29,0.19,0.85,0.85,0.04,1.31,0,0.86
938.08,30,0.67,0.8,0.85,0.91,0.91,0.89,0.95,0.29,0.2,0.85,0.85,0.04,1.32,0,0.87
939.08,30,0.67,0.8,0.84,0.91,0.9,0.88,0.95,0.29,0.18,0.85,0.85,0.04,1.31,0,0.86
940.08,30,0.68,0.79,0.84,0.91,0.9,0.9,0.95,0.29,0.2,0.85,0.85,0.04,1.31,0,0.85
941.1,30,0.67,0.79,0.84,0.91,0.9,0.88,0.95,0.28,0.19,0.85,0.85,0.04,1.31,0,0.86
942.1,30,0.67,0.78,0.84,0.91,0.9,0.88,0.95,0.28,0.19,0.85,0.85,0.04,1.31,0,0.86
943.1,30,0.68,0.79,0.84,0.9,0.91,0.88,0.95,0.29,0.19,0.85,0.85,0.04,1.31,0,0.86
944.1,30,0.68,0.8,0.83,0.91,0.91,0.89,0.94,0.29,0.19,0.85,0.85,0.04,1.31,0,0.86
945.12,30,0.66,0.79,0.83,0.91,0.9,0.88,0.94,0.27,0.18,0.83,0.85,0.03,1.3,0,0.85
946.12,30,0.68,0.79,0.84,0.91,0.91,0.89,0.95,0.29,0.19,0.85,0.85,0.05,1.31,0,0.86
947.12,30,0.67,0.78,0.84,0.92,0.91,0.88,0.94,0.29,0.19,0.84,0.85,0.04,1.31,0,0.86
948.12,30,0.68,0.79,0.84,0.92,0.92,0.89,0.95,0.29,0.19,0.85,0.85,0.04,1.32,0,0.86
949.12,30,0.68,0.8,0.84,0.91,0.91,0.88,0.95,0.29,0.19,0.85,0.85,0.04,1.32,0,0.86
950.12,30,0.67,0.78,0.83,0.91,0.9,0.88,0.93,0.28,0.19,0.84,0.85,0.03,1.31,0,0.85
951.13,30,0.67,0.79,0.84,0.91,0.9,0.87,0.94,0.28,0.18,0.84,0.85,0.04,1.3,0,0.86
952.13,30,0.68,0.79,0.83,0.91,0.9,0.88,0.95,0.29,0.19,0.85,0.85,0.04,1.32,0,0.86
953.13,30,0.68,0.79,0.84,0.91,0.9,0.88,0.94,0.29,0.19,0.85,0.85,0.04,1.32,0,0.86
954.13,30,0.66,0.79,0.84,0.91,0.9,0.88,0.95,0.28,0.19,0.85,0.85,0.04,1.31,0,0.85
955.15,30,0.67,0.8,0.84,0.92,0.91,0.88,0.95,0.29,0.19,0.85,0.85,0.04,1.31,0,0.86
956.15,30,0.67,0.79,0.84,0.91,0.91,0.88,0.95,0.29,0.19,0.84,0.85,0.04,1.31,0,0.86
957.15,30,0.67,0.8,0.83,0.91,0.91,0.88,0.95,0.28,0.18,0.85,0.85,0.04,1.31,0,0.85
958.15,30,0.67,0.79,0.84,0.91,0.91,0.88,0.94,0.29,0.2,0.85,0.85,0.04,1.31,0,0.86
959.17,30,0.67,0.79,0.83,0.91,0.9,0.88,0.95,0.28,0.18,0.85,0.85,0.04,1.31,0,0.85
960.17,30,0.67,0.79,0.83,0.91,0.9,0.88,0.95,0.29,0.19,0.85,0.85,0.04,1.32,0,0.85
961.17,30,0.68,0.8,0.84,0.92,0.92,0.89,0.95,0.29,0.2,0.85,0.85,0.04,1.32,0,0.87
962.18,30,0.67,0.78,0.83,0.91,0.9,0.88,0.94,0.29,0.19,0.85,0.85,0.04,1.31,0,0.86
963.18,30,0.67,0.78,0.83,0.91,0.9,0.88,0.93,0.28,0.18,0.84,0.85,0.04,1.31,0,0.86
964.18,30,0.68,0.79,0.83,0.91,0.9,0.88,0.95,0.29,0.18,0.85,0.85,0.04,1.31,0,0.86
965.18,30,0.67,0.79,0.83,0.9,0.9,0.88,0.94,0.28,0.18,0.84,0.85,0.04,1.31,0,0.85
966.18,30,0.67,0.79,0.84,0.9,0.91,0.88,0.94,0.28,0.19,0.85,0.85,0.04,1.32,0,0.86
967.18,30,0.68,0.79,0.84,0.91,0.91,0.88,0.95,0.29,0.19,0.85,0.85,0.05,1.31,0,0.87
968.18,30,0.67,0.79,0.84,0.91,0.9,0.88,0.95,0.28,0.19,0.85,0.85,0.04,1.31,0,0.87
969.18,30,0.68,0.8,0.85,0.92,0.9,0.88,0.95,0.28,0.19,0.85,0.86,0.05,1.32,0,0.86
970.18,30,0.67,0.79,0.83,0.9,0.89,0.88,0.94,0.28,0.18,0.84,0.85,0.04,1.31,0,0.86
971.2,30,0.68,0.8,0.84,0.92,0.9,0.88,0.94,0.29,0.19,0.85,0.85,0.04,1.31,0,0.86
972.2,30,0.67,0.79,0.83,0.9,0.89,0.88,0.94,0.28,0.19,0.84,0.85,0.03,1.31,0,0.85
973.22,30,0.68,0.78,0.84,0.91,0.9,0.88,0.94,0.29,0.19,0.84,0.85,0.04,1.31,0,0.85
974.22,30,0.67,0.8,0.84,0.91,0.9,0.88,0.95,0.28,0.18,0.84,0.85,0.04,1.31,0,0.86
975.22,30,0.68,0.79,0.83,0.91,0.9,0.88,0.95,0.28,0.19,0.85,0.85,0.04,1.32,0,0.86
976.22,30,0.67,0.8,0.83,0.91,0.9,0.89,0.95,0.28,0.19,0.85,0.85,0.04,1.31,0,0.86
977.22,30,0.68,0.78,0.83,0.9,0.89,0.89,0.95,0.29,0.18,0.84,0.85,0.04,1.31,0,0.86
978.23,30,0.68,0.78,0.83,0.9,0.89,0.88,0.94,0.28,0.18,0.84,0.85,0.04,1.3,0,0.85
979.23,30,0.67,0.8,0.84,0.91,0.9,0.88,0.95,0.29,0.19,0.85,0.85,0.04,1.31,0,0.86
980.23,30,0.68,0.8,0.85,0.9,0.91,0.89,0.95,0.29,0.2,0.84,0.85,0.04,1.32,0,0.86
981.23,30,0.68,0.8,0.84,0.92,0.9,0.89,0.95,0.29,0.19,0.85,0.85,0.04,1.32,0,0.86
982.23,30,0.67,0.78,0.82,0.91,0.9,0.88,0.93,0.29,0.18,0.84,0.85,0.04,1.31,0,0.85
983.23,30,0.69,0.79,0.84,0.91,0.91,0.89,0.95,0.29,0.19,0.85,0.85,0.04,1.31,0,0.86
984.23,30,0.69,0.8,0.84,0.92,0.91,0.88,0.94,0.29,0.19,0.85,0.85,0.04,1.3,0,0.86
985.23,30,0.68,0.8,0.84,0.91,0.9,0.88,0.95,0.29,0.19,0.85,0.85,0.04,1.31,0,0.85
986.23,30,0.68,0.8,0.85,0.92,0.91,0.89,0.95,0.29,0.2,0.85,0.85,0.04,1.32,0,0.86
987.23,30,0.68,0.79,0.84,0.91,0.9,0.88,0.95,0.29,0.18,0.84,0.84,0.04,1.31,0,0.85
988.25,30,0.67,0.79,0.84,0.91,0.9,0.88,0.93,0.29,0.18,0.84,0.85,0.04,1.31,0,0.86
989.25,30,0.67,0.79,0.83,0.91,0.9,0.89,0.95,0.29,0.19,0.85,0.85,0.04,1.32,0,0.86
990.25,30,0.68,0.81,0.84,0.92,0.91,0.89,0.95,0.29,0.19,0.85,0.85,0.05,1.32,0,0.86
991.27,30,0.67,0.8,0.84,0.91,0.91,0.9,0.95,0.29,0.19,0.85,0.85,0.04,1.32,0,0.86
992.27,30,0.68,0.8,0.84,0.92,0.91,0.88,0.95,0.29,0.19,0.85,0.85,0.04,1.31,0,0.86
993.27,30,0.68,0.79,0.84,0.91,0.9,0.88,0.94,0.29,0.19,0.85,0.85,0.04,1.3,0,0.86
994.27,30,0.68,0.8,0.84,0.91,0.91,0.89,0.95,0.29,0.2,0.85,0.86,0.04,1.32,0,0.87
995.27,30,0.67,0.79,0.84,0.91,0.9,0.88,0.94,0.28,0.18,0.84,0.85,0.04,1.31,0,0.86
996.27,30,0.67,0.79,0.83,0.91,0.9,0.88,0.93,0.29,0.18,0.85,0.85,0.04,1.3,0,0.85
997.28,30,0.67,0.79,0.84,0.91,0.9,0.88,0.95,0.28,0.2,0.84,0.85,0.04,1.31,0,0.85
998.28,30,0.68,0.79,0.84,0.91,0.91,0.88,0.95,0.29,0.19,0.85,0.85,0.04,1.32,0,0.86
999.28,30,0.67,0.78,0.84,0.9,0.9,0.88,0.95,0.28,0.18,0.84,0.85,0.04,1.31,0,0.86
1000.28,30,0.68,0.8,0.84,0.92,0.92,0.89,0.95,0.29,0.19,0.85,0.85,0.04,1.31,0,0.86
1001.28,30,0.69,0.81,0.85,0.92,0.91,0.88,0.95,0.29,0.2,0.85,0.85,0.04,1.33,0,0.87
1002.3,30,0.68,0.81,0.84,0.92,0.91,0.89,0.94,0.29,0.19,0.85,0.85,0.04,1.32,0,0.86
1003.3,30,0.68,0.81,0.84,0.92,0.91,0.89,0.95,0.29,0.2,0.85,0.86,0.04,1.32,0,0.86
1004.3,30,0.68,0.79,0.83,0.91,0.91,0.88,0.94,0.28,0.18,0.84,0.85,0.04,1.31,0,0.86
1005.3,30,0.68,0.8,0.85,0.91,0.91,0.89,0.95,0.28,0.19,0.85,0.85,0.04,1.32,0,0.86
1006.3,30,0.67,0.8,0.83,0.91,0.9,0.88,0.95,0.28,0.18,0.85,0.85,0.04,1.3,0,0.85
1007.3,30,0.68,0.8,0.85,0.92,0.92,0.88,0.95,0.29,0.2,0.85,0.86,0.04,1.33,0,0.86
1008.32,30,0.68,0.81,0.85,0.92,0.91,0.89,0.95,0.29,0.2,0.85,0.85,0.04,1.31,0,0.86
1009.32,30,0.69,0.8,0.85,0.92,0.91,0.88,0.95,0.28,0.19,0.85,0.85,0.05,1.32,0,0.87
1010.32,30,0.69,0.81,0.85,0.92,0.91,0.89,0.95,0.29,0.21,0.85,0.86,0.04,1.33,0,0.87
1011.32,30,0.68,0.8,0.84,0.92,0.91,0.89,0.95,0.29,0.18,0.85,0.86,0.04,1.32,0,0.86
1012.32,30,0.67,0.79,0.84,0.91,0.9,0.88,0.93,0.29,0.19,0.84,0.85,0.04,1.31,0,0.85
1013.33,30,0.69,0.8,0.85,0.92,0.91,0.89,0.95,0.29,0.2,0.85,0.86,0.04,1.31,0,0.88
1014.33,30,0.68,0.79,0.83,0.91,0.91,0.88,0.94,0.29,0.19,0.85,0.85,0.04,1.32,0,0.87
1015.33,30,0.67,0.8,0.84,0.91,0.91,0.89,0.95,0.29,0.19,0.84,0.85,0.04,1.32,0,0.86
1016.33,30,0.68,0.79,0.84,0.92,0.91,0.89,0.95,0.29,0.19,0.85,0.85,0.04,1.32,0,0.86
1017.33,30,0.68,0.78,0.83,0.91,0.91,0.88,0.94,0.28,0.19,0.85,0.85,0.04,1.31,0,0.86
1018.33,30,0.69,0.8,0.84,0.92,0.91,0.89,0.95,0.29,0.2,0.85,0.86,0.04,1.32,0,0.87
1019.35,30,0.68,0.8,0.84,0.92,0.9,0.89,0.95,0.29,0.2,0.85,0.85,0.06,1.32,0,0.86
1020.35,30,0.68,0.79,0.84,0.92,0.91,0.89,0.94,0.29,0.19,0.85,0.86,0.04,1.32,0,0.87
1021.35,30,0.68,0.8,0.85,0.92,0.91,0.88,0.95,0.29,0.2,0.85,0.86,0.05,1.31,0,0.87
1022.35,30,0.68,0.8,0.84,0.91,0.92,0.89,0.95,0.29,0.19,0.85,0.85,0.04,1.31,0,0.87
1023.35,30,0.68,0.79,0.84,0.92,0.9,0.88,0.95,0.29,0.19,0.85,0.85,0.04,1.33,0,0.86
1024.35,30,0.68,0.81,0.84,0.9,0.91,0.89,0.95,0.29,0.19,0.84,0.85,0.04,1.32,0,0.87
1025.35,30,0.68,0.79,0.83,0.91,0.91,0.88,0.95,0.29,0.2,0.85,0.85,0.05,1.31,0,0.87
1026.37,30,0.68,0.8,0.84,0.91,0.9,0.88,0.95,0.29,0.2,0.85,0.85,0.04,1.31,0,0.87
1027.37,30,0.67,0.79,0.84,0.89,0.9,0.88,0.94,0.28,0.19,0.85,0.85,0.04,1.31,0,0.85
1028.37,30,0.68,0.79,0.83,0.92,0.9,0.88,0.95,0.29,0.19,0.85,0.85,0.04,1.32,0,0.86
1029.37,30,0.68,0.8,0.84,0.92,0.91,0.89,0.95,0.29,0.19,0.85,0.85,0.04,1.31,0,0.86
1030.37,30,0.68,0.79,0.83,0.9,0.9,0.88,0.95,0.29,0.2,0.84,0.85,0.04,1.3,0,0.86
1031.37,30,0.67,0.8,0.84,0.91,0.91,0.89,0.95,0.29,0.19,0.84,0.85,0.04,1.31,0,0.85
1032.37,30,0.68,0.8,0.83,0.91,0.91,0.89,0.95,0.28,0.19,0.85,0.85,0.04,1.31,0,0.86
1033.37,30,0.68,0.8,0.84,0.92,0.91,0.89,0.95,0.29,0.2,0.85,0.86,0.05,1.32,0,0.87
1034.37,30,0.68,0.79,0.84,0.9,0.9,0.89,0.94,0.29,0.19,0.84,0.85,0.04,1.31,0,0.85
1035.37,30,0.67,0.8,0.83,0.9,0.89,0.88,0.93,0.28,0.18,0.84,0.85,0.04,1.31,0,0.86
1036.38,30,0.68,0.8,0.84,0.92,0.9,0.88,0.95,0.29,0.19,0.85,0.85,0.04,1.31,0,0.86
1037.38,30,0.68,0.8,0.85,0.92,0.91,0.89,0.95,0.29,0.21,0.85,0.85,0.05,1.32,0,0.87
1038.38,30,0.68,0.8,0.84,0.92,0.91,0.88,0.95,0.29,0.2,0.85,0.85,0.05,1.31,0,0.86
1039.38,30,0.68,0.8,0.84,0.92,0.91,0.89,0.95,0.29,0.2,0.85,0.85,0.04,1.32,0,0.86
1040.38,30,0.67,0.79,0.84,0.91,0.9,0.88,0.95,0.28,0.19,0.85,0.85,0.04,1.32,0,0.86
1041.38,30,0.68,0.8,0.84,0.92,0.91,0.89,0.95,0.29,0.2,0.85,0.85,0.04,1.31,0,0.86
1042.4,30,0.68,0.79,0.84,0.91,0.91,0.89,0.95,0.29,0.19,0.84,0.85,0.04,1.32,0,0.87
1043.4,30,0.68,0.8,0.83,0.91,0.91,0.89,0.95,0.29,0.19,0.85,0.85,0.04,1.3,0,0.86
1044.4,30,0.68,0.8,0.84,0.92,0.91,0.88,0.95,0.28,0.2,0.85,0.85,0.05,1.32,0,0.86
1045.4,30,0.67,0.79,0.84,0.91,0.91,0.89,0.95,0.29,0.19,0.85,0.85,0.04,1.31,0,0.86
1046.4,30,0.68,0.79,0.83,0.9,0.91,0.88,0.94,0.28,0.19,0.84,0.85,0.04,1.31,0,0.86
1047.4,30,0.69,0.8,0.85,0.92,0.91,0.89,0.95,0.29,0.19,0.85,0.85,0.04,1.32,0,0.87
1048.4,30,0.67,0.79,0.83,0.91,0.9,0.88,0.94,0.29,0.19,0.84,0.85,0.04,1.32,0,0.86
1049.42,30,0.66,0.79,0.84,0.91,0.91,0.89,0.95,0.28,0.19,0.85,0.86,0.04,1.31,0,0.86
1050.42,30,0.68,0.79,0.84,0.9,0.91,0.89,0.95,0.29,0.19,0.85,0.86,0.04,1.31,0,0.86
1051.42,30,0.67,0.79,0.83,0.92,0.91,0.89,0.95,0.29,0.2,0.84,0.85,0.04,1.31,0,0.87
1052.42,30,0.68,0.8,0.84,0.9,0.91,0.89,0.95,0.29,0.19,0.85,0.85,0.04,1.31,0,0.86
1053.43,30,0.67,0.79,0.84,0.91,0.91,0.88,0.94,0.29,0.2,0.85,0.85,0.05,1.31,0,0.85
1054.43,30,0.68,0.8,0.83,0.91,0.9,0.88,0.94,0.29,0.19,0.85,0.85,0.04,1.31,0,0.86
1055.43,30,0.67,0.8,0.83,0.91,0.91,0.88,0.95,0.29,0.18,0.85,0.85,0.04,1.32,0,0.85
1056.43,30,0.68,0.8,0.83,0.91,0.9,0.88,0.94,0.29,0.19,0.85,0.85,0.04,1.32,0,0.85
1057.43,30,0.69,0.8,0.83,0.92,0.91,0.88,0.95,0.29,0.19,0.85,0.85,0.04,1.32,0,0.87
1058.43,30,0.68,0.81,0.83,0.92,0.91,0.88,0.95,0.29,0.19,0.85,0.85,0.04,1.31,0,0.86
1059.43,30,0.68,0.8,0.84,0.92,0.91,0.88,0.95,0.29,0.2,0.85,0.85,0.04,1.32,0,0.87
1060.45,30,0.67,0.79,0.83,0.91,0.89,0.88,0.94,0.28,0.18,0.84,0.85,0.04,1.3,0,0.85
1061.45,30,0.67,0.79,0.83,0.91,0.9,0.88,0.94,0.28,0.19,0.84,0.85,0.04,1.31,0,0.86
1062.47,30,0.67,0.8,0.84,0.91,0.91,0.88,0.95,0.28,0.19,0.85,0.85,0.04,1.31,0,0.85
1063.47,30,0.68,0.79,0.84,0.91,0.9,0.88,0.95,0.28,0.19,0.85,0.85,0.04,1.31,0,0.86
1064.47,30,0.68,0.8,0.84,0.91,0.91,0.88,0.95,0.29,0.19,0.85,0.85,0.05,1.31,0,0.87
1065.47,30,0.68,0.79,0.84,0.91,0.91,0.89,0.94,0.29,0.18,0.84,0.85,0.04,1.31,0,0.86
1066.47,30,0.68,0.79,0.84,0.92,0.9,0.88,0.94,0.29,0.19,0.84,0.85,0.04,1.31,0,0.86
1067.48,30,0.67,0.79,0.82,0.9,0.9,0.88,0.95,0.29,0.18,0.85,0.85,0.04,1.31,0,0.86
1068.48,30,0.67,0.79,0.84,0.91,0.91,0.88,0.95,0.28,0.2,0.85,0.85,0.04,1.31,0,0.86
1069.48,30,0.67,0.79,0.84,0.91,0.92,0.88,0.94,0.28,0.19,0.85,0.85,0.05,1.31,0,0.86
1070.48,30,0.68,0.79,0.84,0.91,0.9,0.88,0.95,0.29,0.19,0.84,0.85,0.04,1.3,0,0.87
1071.48,30,0.67,0.79,0.85,0.91,0.91,0.88,0.95,0.29,0.19,0.85,0.85,0.04,1.32,0,0.87
1072.48,30,0.68,0.79,0.84,0.92,0.9,0.89,0.95,0.29,0.2,0.85,0.85,0.04,1.31,0,0.87
1073.5,30,0.68,0.8,0.85,0.91,0.91,0.9,0.95,0.29,0.2,0.85,0.86,0.05,1.31,0,0.86
1074.5,30,0.68,0.8,0.85,0.92,0.91,0.89,0.95,0.29,0.19,0.85,0.86,0.04,1.32,0,0.86
1075.5,30,0.68,0.8,0.84,0.91,0.92,0.88,0.95,0.29,0.19,0.85,0.85,0.05,1.31,0,0.86
1076.5,30,0.68,0.8,0.85,0.92,0.91,0.89,0.95,0.29,0.19,0.85,0.86,0.04,1.32,0,0.87
1077.52,30,0.68,0.8,0.83,0.91,0.9,0.88,0.95,0.29,0.19,0.85,0.85,0.04,1.31,0,0.86
1078.52,30,0.67,0.8,0.83,0.91,0.9,0.88,0.94,0.29,0.19,0.84,0.85,0.04,1.31,0,0.86
1079.52,30,0.69,0.8,0.84,0.92,0.91,0.89,0.95,0.29,0.2,0.85,0.86,0.05,1.33,0,0.87
1080.52,30,0.68,0.78,0.83,0.9,0.9,0.88,0.94,0.28,0.18,0.84,0.85,0.04,1.31,0,0.85
1081.52,30,0.68,0.8,0.83,0.9,0.9,0.88,0.94,0.28,0.18,0.84,0.85,0.04,1.31,0,0.85
1082.53,30,0.68,0.8,0.84,0.92,0.91,0.88,0.95,0.28,0.18,0.85,0.85,0.04,1.32,0,0.87
1083.53,30,0.68,0.79,0.84,0.91,0.91,0.89,0.95,0.29,0.18,0.85,0.85,0.04,1.31,0,0.86
1084.53,30,0.68,0.8,0.85,0.92,0.91,0.88,0.95,0.29,0.19,0.84,0.85,0.04,1.33,0,0.86
1085.53,30,0.67,0.79,0.84,0.91,0.9,0.88,0.95,0.28,0.19,0.85,0.85,0.04,1.31,0,0.86
1086.53,30,0.67,0.79,0.83,0.91,0.9,0.89,0.95,0.28,0.19,0.84,0.85,0.04,1.3,0,0.85
1087.53,30,0.69,0.81,0.85,0.92,0.91,0.9,0.95,0.29,0.2,0.85,0.86,0.06,1.33,0,0.87
1088.53,30,0.67,0.8,0.84,0.91,0.9,0.89,0.95,0.29,0.19,0.85,0.85,0.04,1.31,0,0.86
1089.55,30,0.68,0.81,0.84,0.92,0.91,0.89,0.95,0.29,0.2,0.85,0.85,0.04,1.31,0,0.86
1090.55,30,0.68,0.81,0.85,0.91,0.92,0.89,0.95,0.29,0.2,0.85,0.85,0.04,1.32,0,0.87
1091.55,30,0.67,0.8,0.84,0.92,0.91,0.88,0.95,0.29,0.19,0.85,0.85,0.04,1.31,0,0.86
1092.55,30,0.67,0.79,0.84,0.91,0.9,0.88,0.95,0.28,0.19,0.84,0.85,0.04,1.31,0,0.85
1093.55,30,0.68,0.79,0.84,0.91,0.9,0.88,0.94,0.29,0.19,0.85,0.85,0.04,1.31,0,0.86
1094.55,30,0.67,0.8,0.84,0.9,0.9,0.88,0.94,0.29,0.19,0.85,0.85,0.04,1.31,0,0.85
1095.55,30,0.68,0.79,0.83,0.92,0.9,0.88,0.94,0.29,0.19,0.85,0.85,0.04,1.31,0,0.85
1096.57,30,0.69,0.8,0.83,0.91,0.91,0.88,0.95,0.29,0.19,0.85,0.86,0.04,1.31,0,0.86
1097.57,30,0.67,0.8,0.83,0.91,0.9,0.88,0.95,0.28,0.19,0.85,0.85,0.04,1.3,0,0.86
1098.57,30,0.68,0.81,0.85,0.91,0.91,0.89,0.95,0.29,0.19,0.85,0.85,0.05,1.32,0,0.86
1099.57,30,0.67,0.79,0.83,0.9,0.9,0.88,0.94,0.28,0.18,0.85,0.85,0.04,1.31,0,0.85
1100.57,30,0.68,0.8,0.84,0.9,0.9,0.88,0.95,0.29,0.19,0.85,0.85,0.04,1.31,0,0.85
1101.57,30,0.67,0.79,0.84,0.91,0.9,0.89,0.94,0.28,0.19,0.84,0.85,0.04,1.31,0,0.85
1102.57,30,0.69,0.79,0.84,0.91,0.91,0.88,0.95,0.29,0.2,0.85,0.85,0.04,1.31,0,0.86
1103.58,30,0.68,0.79,0.84,0.91,0.91,0.88,0.95,0.29,0.19,0.85,0.85,0.04,1.31,0,0.86
1104.58,30,0.67,0.8,0.84,0.92,0.91,0.88,0.94,0.29,0.19,0.84,0.85,0.04,1.31,0,0.86
1105.6,30,0.68,0.8,0.84,0.92,0.91,0.89,0.95,0.28,0.2,0.85,0.85,0.04,1.31,0,0.86
1106.6,30,0.68,0.8,0.84,0.91,0.9,0.88,0.95,0.29,0.19,0.85,0.85,0.04,1.31,0,0.86
1107.6,30,0.68,0.8,0.84,0.92,0.91,0.88,0.95,0.29,0.18,0.85,0.85,0.04,1.31,0,0.87
1108.62,30,0.69,0.81,0.85,0.91,0.91,0.89,0.95,0.29,0.19,0.85,0.86,0.05,1.32,0,0.87
1109.62,30,0.68,0.8,0.84,0.92,0.91,0.89,0.95,0.29,0.19,0.85,0.85,0.05,1.32,0,0.86
1110.62,30,0.68,0.8,0.84,0.9,0.91,0.88,0.95,0.29,0.19,0.84,0.85,0.04,1.32,0,0.87
1111.62,30,0.68,0.81,0.83,0.92,0.9,0.88,0.95,0.29,0.2,0.85,0.86,0.04,1.32,0,0.86
1112.63,30,0.68,0.8,0.84,0.9,0.91,0.88,0.95,0.29,0.2,0.85,0.85,0.04,1.32,0,0.86
1113.63,30,0.68,0.8,0.83,0.91,0.91,0.88,0.95,0.29,0.19,0.85,0.85,0.04,1.31,0,0.86
1114.63,30,0.68,0.79,0.84,0.91,0.91,0.88,0.95,0.29,0.19,0.85,0.85,0.04,1.32,0,0.86
1115.65,30,0.69,0.8,0.85,0.92,0.92,0.89,0.95,0.29,0.19,0.85,0.86,0.04,1.32,0,0.86
1116.65,30,0.68,0.79,0.85,0.92,0.9,0.88,0.95,0.29,0.19,0.85,0.85,0.05,1.31,0,0.87
1117.65,30,0.68,0.8,0.84,0.91,0.9,0.88,0.94,0.29,0.19,0.85,0.85,0.04,1.31,0,0.86
1118.65,30,0.69,0.8,0.84,0.92,0.9,0.88,0.95,0.29,0.19,0.85,0.85,0.04,1.32,0,0.86
1119.67,30,0.68,0.79,0.84,0.92,0.91,0.88,0.95,0.29,0.19,0.85,0.85,0.04,1.3,0,0.86
1120.67,30,0.68,0.8,0.83,0.91,0.9,0.89,0.95,0.29,0.18,0.85,0.85,0.04,1.32,0,0.86
1121.67,30,0.68,0.8,0.83,0.91,0.9,0.88,0.94,0.29,0.19,0.84,0.85,0.04,1.31,0,0.86
1122.67,30,0.68,0.8,0.83,0.92,0.91,0.88,0.95,0.29,0.2,0.85,0.85,0.04,1.31,0,0.86
1123.67,30,0.68,0.79,0.83,0.92,0.91,0.89,0.95,0.29,0.19,0.85,0.85,0.04,1.31,0,0.86
1124.67,30,0.69,0.8,0.84,0.92,0.91,0.89,0.95,0.29,0.2,0.85,0.85,0.05,1.32,0,0.87
1125.68,30,0.67,0.79,0.83,0.91,0.91,0.88,0.95,0.29,0.19,0.84,0.85,0.04,1.31,0,0.87
1126.68,30,0.68,0.8,0.84,0.91,0.91,0.88,0.95,0.29,0.2,0.85,0.85,0.04,1.31,0,0.86
1127.68,30,0.67,0.79,0.83,0.92,0.9,0.88,0.95,0.29,0.19,0.85,0.85,0.05,1.31,0,0.86
1128.68,30,0.68,0.79,0.84,0.91,0.9,0.88,0.94,0.29,0.19,0.85,0.85,0.05,1.32,0,0.86
1129.7,30,0.68,0.81,0.84,0.92,0.91,0.89,0.95,0.29,0.19,0.85,0.85,0.05,1.33,0,0.87
1130.7,30,0.68,0.8,0.84,0.91,0.9,0.88,0.95,0.29,0.18,0.85,0.85,0.04,1.32,0,0.86
1131.7,30,0.68,0.81,0.84,0.92,0.91,0.89,0.95,0.29,0.2,0.85,0.85,0.05,1.32,0,0.86
1132.7,30,0.68,0.8,0.84,0.92,0.91,0.88,0.95,0.29,0.2,0.85,0.85,0.04,1.31,0,0.86
1133.72,30,0.69,0.81,0.85,0.92,0.92,0.89,0.95,0.29,0.2,0.85,0.86,0.05,1.32,0,0.86
1134.72,30,0.68,0.79,0.84,0.91,0.91,0.88,0.95,0.29,0.19,0.85,0.85,0.04,1.32,0,0.86
1135.72,30,0.68,0.79,0.85,0.91,0.91,0.89,0.95,0.29,0.19,0.85,0.85,0.04,1.31,0,0.86
1136.72,30,0.68,0.79,0.84,0.92,0.91,0.88,0.94,0.29,0.19,0.85,0.85,0.04,1.31,0,0.87
1137.73,30,0.67,0.79,0.83,0.92,0.91,0.88,0.95,0.29,0.19,0.85,0.85,0.04,1.31,0,0.86
1138.73,30,0.68,0.79,0.84,0.91,0.91,0.89,0.95,0.29,0.19,0.85,0.85,0.04,1.32,0,0.86
1139.73,30,0.67,0.78,0.84,0.91,0.91,0.88,0.94,0.29,0.19,0.85,0.85,0.04,1.31,0,0.86
1140.75,30,0.67,0.79,0.83,0.9,0.9,0.88,0.95,0.29,0.19,0.85,0.85,0.04,1.31,0,0.86
1141.75,30,0.68,0.8,0.84,0.91,0.9,0.88,0.95,0.29,0.2,0.85,0.85,0.04,1.3,0,0.86
1142.75,30,0.68,0.8,0.84,0.92,0.92,0.89,0.95,0.29,0.19,0.85,0.85,0.04,1.32,0,0.87
1143.75,30,0.68,0.8,0.84,0.92,0.91,0.88,0.95,0.29,0.19,0.85,0.85,0.04,1.32,0,0.86
1144.75,30,0.66,0.79,0.83,0.92,0.9,0.89,0.95,0.28,0.19,0.85,0.85,0.04,1.31,0,0.86
1145.75,30,0.68,0.79,0.84,0.92,0.91,0.88,0.95,0.29,0.18,0.85,0.85,0.04,1.31,0,0.86
1146.77,30,0.68,0.8,0.83,0.92,0.9,0.88,0.95,0.29,0.2,0.85,0.85,0.04,1.32,0,0.87
1147.77,30,0.68,0.8,0.83,0.91,0.9,0.88,0.94,0.29,0.19,0.85,0.85,0.04,1.32,0,0.86
1148.77,30,0.67,0.79,0.83,0.91,0.91,0.88,0.95,0.29,0.2,0.84,0.85,0.04,1.31,0,0.86
1149.77,30,0.69,0.79,0.84,0.92,0.9,0.89,0.95,0.29,0.19,0.85,0.85,0.04,1.32,0,0.86
1150.77,30,0.67,0.8,0.83,0.91,0.91,0.88,0.94,0.29,0.19,0.85,0.85,0.04,1.32,0,0.85
1151.77,30,0.68,0.8,0.84,0.92,0.91,0.88,0.95,0.29,0.2,0.85,0.85,0.04,1.31,0,0.87
1152.77,30,0.67,0.8,0.82,0.9,0.9,0.89,0.95,0.28,0.2,0.85,0.85,0.04,1.31,0,0.86
1153.77,30,0.68,0.79,0.83,0.91,0.9,0.88,0.95,0.29,0.19,0.85,0.85,0.05,1.31,0,0.86
1154.77,30,0.69,0.81,0.84,0.92,0.91,0.88,0.95,0.29,0.2,0.85,0.85,0.05,1.32,0,0.86
1155.77,30,0.68,0.8,0.84,0.92,0.91,0.89,0.95,0.29,0.2,0.85,0.85,0.05,1.31,0,0.86
1156.78,30,0.67,0.8,0.83,0.9,0.91,0.88,0.95,0.29,0.19,0.84,0.85,0.04,1.32,0,0.86
1157.78,30,0.68,0.8,0.84,0.92,0.9,0.89,0.95,0.29,0.21,0.85,0.85,0.05,1.32,0,0.87
1158.78,30,0.67,0.79,0.84,0.91,0.9,0.88,0.95,0.29,0.19,0.84,0.85,0.04,1.31,0,0.86
1159.8,30,0.68,0.8,0.85,0.92,0.91,0.89,0.95,0.29,0.2,0.85,0.85,0.05,1.32,0,0.86
1160.8,30,0.68,0.79,0.84,0.92,0.91,0.89,0.95,0.29,0.2,0.85,0.85,0.04,1.31,0,0.86
1161.8,30,0.68,0.81,0.84,0.91,0.91,0.89,0.94,0.29,0.2,0.85,0.85,0.04,1.31,0,0.86
1162.8,30,0.68,0.8,0.84,0.91,0.91,0.89,0.94,0.29,0.19,0.85,0.85,0.04,1.31,0,0.86
1163.82,30,0.67,0.8,0.83,0.91,0.9,0.88,0.95,0.28,0.18,0.85,0.85,0.04,1.31,0,0.86
1164.82,30,0.68,0.81,0.85,0.92,0.91,0.89,0.95,0.29,0.2,0.85,0.86,0.05,1.32,0,0.87
1165.82,30,0.69,0.79,0.84,0.91,0.92,0.88,0.95,0.29,0.19,0.85,0.85,0.05,1.33,0,0.86
1166.82,30,0.68,0.8,0.84,0.92,0.91,0.88,0.94,0.29,0.2,0.85,0.85,0.04,1.31,0,0.86
1167.82,30,0.68,0.81,0.84,0.92,0.91,0.89,0.94,0.29,0.2,0.85,0.85,0.05,1.32,0,0.86
1168.82,30,0.68,0.81,0.84,0.91,0.91,0.89,0.95,0.29,0.2,0.85,0.85,0.05,1.31,0,0.86
1169.82,30,0.68,0.8,0.84,0.91,0.91,0.88,0.95,0.29,0.2,0.85,0.85,0.04,1.31,0,0.87
1170.82,30,0.68,0.81,0.84,0.91,0.91,0.88,0.95,0.29,0.2,0.85,0.86,0.05,1.32,0,0.86
1171.83,30,0.67,0.79,0.83,0.9,0.9,0.88,0.95,0.29,0.19,0.84,0.85,0.04,1.31,0,0.86
1172.83,30,0.68,0.79,0.84,0.92,0.91,0.88,0.94,0.29,0.19,0.85,0.85,0.04,1.31,0,0.87
1173.83,30,0.67,0.79,0.84,0.91,0.91,0.88,0.95,0.29,0.19,0.85,0.85,0.04,1.31,0,0.86
1174.83,30,0.67,0.8,0.85,0.91,0.91,0.88,0.95,0.29,0.19,0.85,0.85,0.04,1.31,0,0.85
1175.83,30,0.68,0.8,0.83,0.92,0.91,0.88,0.95,0.29,0.2,0.85,0.85,0.05,1.31,0,0.87
1176.83,30,0.68,0.8,0.85,0.92,0.92,0.89,0.95,0.29,0.19,0.85,0.85,0.05,1.31,0,0.87
1177.83,30,0.68,0.8,0.83,0.91,0.9,0.88,0.94,0.28,0.18,0.85,0.85,0.04,1.31,0,0.86
1178.85,30,0.69,0.81,0.84,0.92,0.91,0.88,0.95,0.29,0.2,0.85,0.85,0.04,1.32,0,0.87
1179.85,30,0.68,0.8,0.84,0.91,0.91,0.89,0.94,0.29,0.19,0.85,0.85,0.05,1.32,0,0.86
1180.85,30,0.68,0.8,0.83,0.91,0.9,0.89,0.95,0.29,0.2,0.85,0.85,0.04,1.32,0,0.86
1181.85,30,0.67,0.79,0.83,0.9,0.9,0.88,0.95,0.29,0.18,0.84,0.85,0.03,1.31,0,0.86
1182.87,30,0.68,0.81,0.84,0.92,0.91,0.88,0.95,0.29,0.21,0.85,0.85,0.04,1.32,0,0.86
1183.87,30,0.67,0.8,0.85,0.91,0.9,0.88,0.94,0.29,0.19,0.85,0.85,0.04,1.31,0,0.87
1184.87,30,0.68,0.8,0.84,0.91,0.91,0.89,0.95,0.28,0.19,0.84,0.85,0.04,1.31,0,0.87
1185.87,30,0.68,0.81,0.84,0.92,0.92,0.88,0.95,0.29,0.2,0.85,0.85,0.05,1.31,0,0.87
1186.87,30,0.67,0.79,0.83,0.91,0.9,0.88,0.95,0.29,0.19,0.85,0.85,0.04,1.31,0,0.86
1187.88,30,0.67,0.8,0.83,0.91,0.9,0.88,0.94,0.28,0.19,0.84,0.85,0.04,1.31,0,0.85
1188.88,30,0.67,0.8,0.84,0.91,0.91,0.88,0.95,0.29,0.19,0.85,0.85,0.04,1.32,0,0.87
1189.88,30,0.68,0.79,0.84,0.91,0.9,0.88,0.94,0.29,0.2,0.83,0.85,0.04,1.31,0,0.86
1190.88,30,0.68,0.79,0.84,0.9,0.9,0.88,0.94,0.29,0.2,0.84,0.85,0.04,1.31,0,0.87
1191.88,30,0.67,0.8,0.84,0.92,0.91,0.89,0.95,0.29,0.19,0.85,0.86,0.04,1.32,0,0.87
1192.9,30,0.67,0.79,0.83,0.91,0.91,0.87,0.94,0.28,0.2,0.85,0.85,0.04,1.31,0,0.86
1193.9,30,0.67,0.79,0.84,0.91,0.9,0.88,0.94,0.29,0.19,0.85,0.85,0.04,1.31,0,0.85
1194.9,30,0.67,0.79,0.82,0.9,0.89,0.88,0.94,0.28,0.18,0.84,0.85,0.04,1.3,0,0.85
1195.9,30,0.68,0.79,0.83,0.91,0.9,0.88,0.95,0.28,0.19,0.85,0.85,0.04,1.31,0,0.85
1196.9,30,0.67,0.79,0.82,0.91,0.9,0.88,0.94,0.28,0.19,0.84,0.85,0.04,1.3,0,0.85
1197.9,30,0.67,0.78,0.83,0.9,0.9,0.88,0.94,0.28,0.19,0.84,0.85,0.04,1.29,0,0.85
1198.92,30,0.67,0.79,0.83,0.91,0.9,0.88,0.95,0.29,0.2,0.85,0.85,0.05,1.31,0,0.86
1199.92,30,0.68,0.8,0.84,0.92,0.92,0.89,0.95,0.29,0.2,0.85,0.86,0.05,1.32,0,0.87
1200.92,30,0.67,0.78,0.84,0.91,0.9,0.89,0.94,0.29,0.18,0.84,0.85,0.04,1.31,0,0.86
1201.92,30,0.67,0.79,0.83,0.92,0.91,0.88,0.95,0.29,0.19,0.84,0.85,0.04,1.3,0,0.86
1202.93,30,0.66,0.79,0.83,0.9,0.9,0.88,0.94,0.28,0.18,0.84,0.85,0.04,1.31,0,0.85
1203.93,30,0.68,0.8,0.84,0.91,0.91,0.89,0.95,0.29,0.19,0.85,0.86,0.05,1.31,0,0.86
1204.93,30,0.68,0.8,0.84,0.91,0.91,0.88,0.95,0.29,0.2,0.84,0.85,0.04,1.32,0,0.86
1205.95,30,0.68,0.8,0.84,0.91,0.9,0.88,0.94,0.29,0.19,0.85,0.85,0.04,1.31,0,0.86
1206.95,30,0.68,0.8,0.84,0.91,0.91,0.88,0.95,0.29,0.19,0.85,0.85,0.04,1.31,0,0.86
1207.95,30,0.67,0.8,0.83,0.91,0.91,0.88,0.95,0.29,0.19,0.85,0.85,0.04,1.32,0,0.86
1208.95,30,0.67,0.79,0.83,0.91,0.91,0.88,0.94,0.28,0.19,0.84,0.85,0.04,1.32,0,0.86
1209.95,30,0.68,0.81,0.84,0.91,0.9,0.9,0.95,0.29,0.2,0.85,0.85,0.05,1.32,0,0.86
1210.95,30,0.67,0.79,0.83,0.91,0.9,0.88,0.94,0.28,0.18,0.85,0.85,0.04,1.31,0,0.86
1211.95,30,0.68,0.8,0.83,0.91,0.9,0.88,0.95,0.29,0.19,0.85,0.85,0.04,1.31,0,0.86
1212.97,30,0.67,0.79,0.83,0.9,0.9,0.89,0.94,0.29,0.18,0.84,0.84,0.04,1.31,0,0.86
1213.97,30,0.68,0.8,0.84,0.92,0.91,0.89,0.95,0.29,0.19,0.85,0.86,0.04,1.31,0,0.86
1214.97,30,0.66,0.79,0.83,0.9,0.9,0.88,0.94,0.28,0.18,0.84,0.85,0.04,1.31,0,0.86
1215.97,30,0.68,0.79,0.84,0.91,0.9,0.88,0.94,0.28,0.19,0.85,0.85,0.04,1.31,0,0.85
1216.98,30,0.68,0.8,0.84,0.91,0.91,0.88,0.95,0.29,0.2,0.85,0.85,0.05,1.31,0,0.87
1217.98,30,0.68,0.81,0.83,0.92,0.91,0.89,0.95,0.28,0.19,0.85,0.85,0.04,1.31,0,0.86
1218.98,30,0.68,0.8,0.84,0.92,0.91,0.88,0.95,0.29,0.19,0.85,0.85,0.04,1.31,0,0.86
1219.98,30,0.68,0.8,0.84,0.91,0.9,0.88,0.95,0.29,0.19,0.85,0.85,0.04,1.32,0,0.86
1220.98,30,0.68,0.8,0.84,0.92,0.9,0.88,0.95,0.29,0.19,0.85,0.85,0.04,1.32,0,0.87
1221.98,30,0.68,0.79,0.84,0.91,0.91,0.88,0.94,0.29,0.18,0.84,0.85,0.04,1.3,0,0.86
1222.98,30,0.68,0.8,0.85,0.92,0.91,0.9,0.95,0.29,0.19,0.85,0.86,0.04,1.32,0,0.86
1223.98,30,0.68,0.8,0.83,0.92,0.91,0.89,0.95,0.29,0.19,0.85,0.85,0.05,1.32,0,0.86
1225,30,0.67,0.79,0.84,0.91,0.9,0.89,0.93,0.28,0.18,0.85,0.85,0.04,1.32,0,0.85
1226,30,0.67,0.79,0.83,0.91,0.9,0.88,0.95,0.28,0.19,0.84,0.85,0.04,1.31,0,0.85
1227,30,0.67,0.79,0.84,0.91,0.9,0.89,0.95,0.29,0.18,0.84,0.85,0.04,1.31,0,0.85
1228,30,0.68,0.8,0.83,0.92,0.91,0.89,0.94,0.29,0.19,0.84,0.85,0.04,1.31,0,0.85
1229,30,0.69,0.8,0.84,0.92,0.9,0.9,0.95,0.29,0.18,0.85,0.85,0.05,1.32,0,0.87
1230,30,0.69,0.8,0.85,0.92,0.91,0.89,0.95,0.29,0.2,0.85,0.85,0.05,1.32,0,0.87
1231,30,0.68,0.8,0.83,0.91,0.91,0.88,0.95,0.29,0.19,0.85,0.85,0.04,1.31,0,0.86
1232.02,30,0.67,0.79,0.83,0.91,0.9,0.88,0.95,0.29,0.19,0.84,0.85,0.04,1.31,0,0.87
1233.02,30,0.68,0.8,0.83,0.92,0.91,0.89,0.95,0.29,0.19,0.85,0.85,0.05,1.32,0,0.86
1234.02,30,0.67,0.79,0.83,0.9,0.9,0.88,0.95,0.29,0.18,0.84,0.85,0.04,1.31,0,0.85
1235.02,30,0.68,0.8,0.84,0.91,0.91,0.88,0.95,0.29,0.19,0.85,0.85,0.04,1.31,0,0.86
1236.02,30,0.67,0.79,0.84,0.92,0.92,0.89,0.95,0.29,0.19,0.85,0.85,0.04,1.31,0,0.87
1237.02,30,0.68,0.79,0.84,0.92,0.9,0.89,0.95,0.29,0.19,0.85,0.85,0.04,1.32,0,0.86
1238.02,30,0.69,0.79,0.84,0.92,0.91,0.88,0.95,0.29,0.18,0.85,0.85,0.04,1.32,0,0.86
1239.02,30,0.67,0.79,0.84,0.9,0.9,0.88,0.95,0.29,0.2,0.85,0.85,0.04,1.31,0,0.85
1240.02,30,0.68,0.79,0.84,0.91,0.91,0.89,0.95,0.29,0.2,0.84,0.85,0.04,1.32,0,0.86
1241.03,30,0.68,0.8,0.84,0.91,0.9,0.88,0.95,0.29,0.19,0.85,0.85,0.05,1.31,0,0.87
1242.03,30,0.67,0.8,0.85,0.92,0.91,0.88,0.95,0.29,0.2,0.85,0.85,0.04,1.32,0,0.87
1243.03,30,0.67,0.8,0.83,0.91,0.9,0.88,0.93,0.28,0.18,0.84,0.85,0.04,1.31,0,0.86
1244.03,30,0.67,0.79,0.84,0.91,0.91,0.89,0.94,0.29,0.2,0.85,0.85,0.04,1.31,0,0.86
1245.03,30,0.69,0.8,0.84,0.91,0.91,0.89,0.95,0.29,0.19,0.84,0.85,0.04,1.31,0,0.86
1246.03,30,0.68,0.79,0.84,0.91,0.9,0.88,0.95,0.29,0.19,0.85,0.85,0.04,1.3,0,0.86
1247.05,30,0.68,0.81,0.85,0.91,0.91,0.89,0.95,0.29,0.19,0.85,0.85,0.04,1.32,0,0.87
1248.05,30,0.68,0.81,0.85,0.92,0.91,0.88,0.95,0.29,0.2,0.85,0.85,0.04,1.32,0,0.87
1249.05,30,0.67,0.79,0.84,0.91,0.91,0.88,0.94,0.28,0.18,0.85,0.85,0.04,1.3,0,0.86
1250.05,30,0.67,0.79,0.83,0.91,0.9,0.89,0.95,0.28,0.19,0.85,0.85,0.04,1.31,0,0.86
1251.07,30,0.67,0.79,0.84,0.92,0.91,0.89,0.95,0.29,0.19,0.85,0.85,0.04,1.32,0,0.86
1252.07,30,0.67,0.8,0.83,0.9,0.9,0.88,0.94,0.28,0.19,0.84,0.85,0.04,1.31,0,0.86
1253.07,30,0.67,0.79,0.84,0.9,0.89,0.88,0.95,0.29,0.19,0.84,0.85,0.04,1.31,0,0.86
1254.07,30,0.68,0.8,0.84,0.92,0.91,0.89,0.94,0.29,0.2,0.85,0.85,0.05,1.33,0,0.87
1255.07,30,0.67,0.81,0.84,0.91,0.91,0.9,0.95,0.29,0.19,0.85,0.85,0.05,1.31,0,0.87
1256.08,30,0.67,0.79,0.83,0.91,0.9,0.88,0.95,0.29,0.18,0.84,0.85,0.04,1.32,0,0.86
1257.1,30,0.68,0.8,0.84,0.91,0.9,0.88,0.95,0.29,0.19,0.85,0.85,0.04,1.31,0,0.86
1258.1,30,0.67,0.79,0.84,0.9,0.91,0.88,0.94,0.28,0.19,0.84,0.85,0.04,1.31,0,0.85
1259.1,30,0.68,0.8,0.84,0.91,0.9,0.89,0.95,0.29,0.2,0.85,0.85,0.04,1.31,0,0.86
1260.1,30,0.68,0.8,0.84,0.92,0.91,0.88,0.95,0.29,0.19,0.85,0.85,0.04,1.31,0,0.86
1261.1,30,0.68,0.79,0.84,0.92,0.91,0.89,0.95,0.29,0.2,0.85,0.85,0.04,1.31,0,0.86
1262.1,30,0.68,0.8,0.84,0.91,0.91,0.89,0.94,0.28,0.19,0.84,0.85,0.04,1.3,0,0.86
1263.1,30,0.68,0.81,0.84,0.92,0.91,0.88,0.95,0.29,0.19,0.85,0.86,0.05,1.32,0,0.88
1264.1,30,0.67,0.79,0.84,0.91,0.9,0.88,0.95,0.28,0.19,0.85,0.85,0.04,1.31,0,0.85
1265.12,30,0.67,0.8,0.85,0.92,0.92,0.89,0.95,0.29,0.19,0.85,0.86,0.05,1.32,0,0.86
1266.12,30,0.67,0.79,0.84,0.91,0.9,0.88,0.95,0.28,0.18,0.85,0.85,0.04,1.31,0,0.86
1267.12,30,0.68,0.79,0.84,0.91,0.91,0.88,0.95,0.29,0.19,0.85,0.85,0.05,1.31,0,0.86
1268.12,30,0.68,0.8,0.85,0.92,0.91,0.88,0.95,0.29,0.2,0.85,0.85,0.05,1.32,0,0.87
1269.12,30,0.68,0.8,0.85,0.92,0.92,0.89,0.95,0.29,0.2,0.85,0.86,0.05,1.32,0,0.87
1270.12,30,0.68,0.8,0.84,0.92,0.91,0.89,0.95,0.28,0.19,0.85,0.85,0.04,1.32,0,0.87
1271.12,30,0.68,0.8,0.83,0.91,0.91,0.88,0.94,0.29,0.19,0.85,0.85,0.04,1.31,0,0.86
1272.13,30,0.68,0.79,0.84,0.91,0.91,0.88,0.95,0.28,0.18,0.85,0.85,0.04,1.31,0,0.86
1273.13,30,0.68,0.8,0.85,0.92,0.9,0.89,0.95,0.29,0.2,0.85,0.85,0.04,1.32,0,0.87
1274.13,30,0.67,0.79,0.83,0.91,0.9,0.88,0.95,0.29,0.19,0.85,0.85,0.04,1.32,0,0.86
1275.13,30,0.68,0.8,0.83,0.92,0.9,0.88,0.95,0.29,0.19,0.84,0.85,0.04,1.31,0,0.86
1276.13,30,0.68,0.8,0.85,0.91,0.91,0.89,0.95,0.29,0.2,0.85,0.86,0.05,1.33,0,0.86
1277.13,30,0.67,0.8,0.84,0.92,0.91,0.88,0.95,0.29,0.2,0.85,0.85,0.04,1.31,0,0.86
1278.15,30,0.67,0.8,0.84,0.91,0.91,0.88,0.95,0.29,0.19,0.84,0.85,0.04,1.31,0,0.86
1279.15,30,0.69,0.8,0.85,0.92,0.91,0.89,0.95,0.29,0.19,0.85,0.85,0.04,1.32,0,0.86
1280.15,30,0.67,0.8,0.84,0.91,0.91,0.89,0.95,0.29,0.2,0.85,0.85,0.04,1.32,0,0.87
1281.15,30,0.68,0.78,0.83,0.91,0.9,0.89,0.95,0.29,0.19,0.85,0.85,0.04,1.31,0,0.86
1282.15,30,0.68,0.8,0.84,0.92,0.9,0.88,0.95,0.29,0.19,0.85,0.85,0.04,1.31,0,0.85
1283.17,30,0.67,0.78,0.83,0.91,0.9,0.88,0.94,0.28,0.18,0.84,0.84,0.04,1.31,0,0.85
1284.17,30,0.67,0.79,0.84,0.91,0.9,0.88,0.94,0.29,0.18,0.85,0.85,0.04,1.31,0,0.87
1285.17,30,0.67,0.8,0.84,0.91,0.91,0.89,0.95,0.29,0.2,0.85,0.85,0.05,1.3,0,0.86
1286.17,30,0.67,0.79,0.83,0.91,0.91,0.88,0.95,0.29,0.18,0.85,0.85,0.04,1.31,0,0.85
1287.17,30,0.67,0.79,0.83,0.91,0.91,0.88,0.95,0.29,0.18,0.84,0.86,0.04,1.3,0,0.87
1288.17,30,0.67,0.79,0.84,0.91,0.9,0.88,0.94,0.29,0.19,0.84,0.85,0.04,1.31,0,0.86
1289.17,30,0.67,0.8,0.83,0.91,0.9,0.88,0.94,0.28,0.18,0.84,0.85,0.04,1.31,0,0.85
1290.18,30,0.67,0.79,0.83,0.91,0.9,0.88,0.95,0.29,0.18,0.85,0.85,0.04,1.31,0,0.86
1291.18,30,0.68,0.8,0.84,0.92,0.91,0.89,0.95,0.29,0.19,0.85,0.85,0.04,1.32,0,0.86
1292.2,30,0.68,0.8,0.84,0.91,0.91,0.89,0.95,0.29,0.2,0.85,0.85,0.04,1.31,0,0.87
1293.2,30,0.69,0.81,0.84,0.91,0.9,0.87,0.95,0.29,0.19,0.85,0.85,0.04,1.31,0,0.86
1294.2,30,0.68,0.8,0.83,0.92,0.91,0.89,0.95,0.29,0.2,0.85,0.86,0.05,1.32,0,0.87
1295.2,30,0.68,0.8,0.84,0.91,0.92,0.88,0.95,0.29,0.2,0.85,0.85,0.04,1.31,0,0.87
1296.2,30,0.68,0.8,0.84,0.92,0.91,0.89,0.95,0.3,0.2,0.85,0.85,0.04,1.32,0,0.87
1297.22,30,0.67,0.8,0.84,0.92,0.91,0.89,0.95,0.29,0.19,0.85,0.85,0.04,1.32,0,0.86
1298.22,30,0.68,0.8,0.84,0.91,0.9,0.88,0.94,0.28,0.19,0.84,0.85,0.04,1.31,0,0.86
1299.22,30,0.67,0.8,0.83,0.91,0.9,0.88,0.95,0.29,0.19,0.84,0.85,0.04,1.31,0,0.86
1300.22,30,0.68,0.79,0.83,0.91,0.91,0.88,0.95,0.28,0.18,0.85,0.85,0.04,1.31,0,0.86
1301.22,30,0.68,0.79,0.83,0.9,0.91,0.88,0.94,0.29,0.18,0.84,0.85,0.04,1.31,0,0.85
1302.22,30,0.67,0.79,0.83,0.91,0.91,0.87,0.95,0.29,0.18,0.84,0.85,0.04,1.31,0,0.85
1303.22,30,0.67,0.8,0.83,0.91,0.9,0.88,0.94,0.29,0.19,0.85,0.85,0.04,1.31,0,0.86
1304.23,30,0.68,0.79,0.83,0.91,0.91,0.89,0.95,0.27,0.19,0.85,0.85,0.04,1.32,0,0.86
1305.23,30,0.67,0.78,0.83,0.9,0.9,0.88,0.95,0.28,0.19,0.84,0.85,0.04,1.31,0,0.86
1306.23,30,0.68,0.8,0.84,0.92,0.92,0.89,0.95,0.29,0.2,0.85,0.86,0.04,1.32,0,0.87
1307.23,30,0.68,0.79,0.84,0.91,0.9,0.88,0.95,0.28,0.19,0.84,0.85,0.04,1.31,0,0.85
1308.23,30,0.68,0.79,0.83,0.91,0.91,0.89,0.95,0.29,0.2,0.85,0.85,0.04,1.31,0,0.86
1309.23,30,0.67,0.78,0.83,0.9,0.89,0.88,0.93,0.28,0.18,0.83,0.85,0.04,1.3,0,0.85
1310.25,30,0.66,0.78,0.82,0.9,0.9,0.88,0.94,0.28,0.18,0.84,0.84,0.04,1.3,0,0.85
1311.25,30,0.68,0.79,0.84,0.91,0.91,0.88,0.95,0.29,0.19,0.85,0.85,0.04,1.32,0,0.85
1312.25,30,0.67,0.79,0.83,0.9,0.91,0.88,0.94,0.29,0.19,0.85,0.85,0.04,1.31,0,0.86
1313.25,30,0.67,0.8,0.83,0.91,0.91,0.89,0.95,0.28,0.19,0.85,0.85,0.04,1.31,0,0.86
1314.25,30,0.68,0.81,0.84,0.91,0.91,0.88,0.95,0.29,0.19,0.85,0.85,0.04,1.32,0,0.86
1315.25,30,0.67,0.79,0.83,0.9,0.9,0.88,0.94,0.27,0.19,0.84,0.85,0.04,1.3,0,0.86
1316.25,30,0.67,0.79,0.83,0.91,0.91,0.88,0.95,0.28,0.18,0.85,0.85,0.04,1.31,0,0.86
1317.27,30,0.68,0.8,0.83,0.91,0.9,0.88,0.95,0.29,0.19,0.85,0.85,0.04,1.31,0,0.86
1318.27,30,0.67,0.78,0.83,0.91,0.9,0.88,0.94,0.29,0.19,0.85,0.85,0.04,1.31,0,0.85
1319.28,30,0.67,0.8,0.83,0.91,0.89,0.88,0.95,0.29,0.19,0.84,0.85,0.04,1.31,0,0.85
1320.28,30,0.67,0.78,0.82,0.9,0.9,0.88,0.94,0.28,0.18,0.84,0.85,0.04,1.31,0,0.85
1321.28,30,0.67,0.79,0.84,0.9,0.9,0.88,0.94,0.28,0.19,0.84,0.85,0.04,1.31,0,0.85
1322.3,30,0.67,0.8,0.84,0.91,0.9,0.88,0.95,0.29,0.19,0.85,0.85,0.04,1.32,0,0.86
1323.3,30,0.67,0.79,0.83,0.91,0.9,0.88,0.95,0.29,0.19,0.85,0.85,0.04,1.32,0,0.85
1324.3,30,0.67,0.79,0.84,0.91,0.9,0.87,0.94,0.28,0.18,0.84,0.84,0.04,1.31,0,0.85
1325.32,30,0.66,0.79,0.83,0.91,0.89,0.88,0.94,0.29,0.19,0.84,0.85,0.04,1.31,0,0.85
1326.32,30,0.66,0.8,0.83,0.91,0.91,0.88,0.93,0.29,0.19,0.85,0.85,0.04,1.31,0,0.85
1327.32,30,0.67,0.78,0.83,0.91,0.9,0.88,0.94,0.28,0.18,0.84,0.85,0.04,1.31,0,0.86
1328.32,30,0.67,0.78,0.84,0.91,0.9,0.87,0.94,0.28,0.18,0.85,0.85,0.04,1.31,0,0.85
1329.32,30,0.67,0.8,0.84,0.91,0.9,0.88,0.95,0.28,0.19,0.85,0.85,0.04,1.31,0,0.85
1330.33,30,0.66,0.78,0.82,0.9,0.9,0.88,0.94,0.28,0.18,0.83,0.85,0.04,1.3,0,0.85
1331.33,30,0.67,0.79,0.83,0.9,0.91,0.88,0.95,0.29,0.19,0.85,0.85,0.04,1.32,0,0.86
1332.33,30,0.68,0.8,0.84,0.92,0.91,0.89,0.95,0.29,0.2,0.85,0.86,0.04,1.32,0,0.86
1333.33,30,0.66,0.79,0.83,0.91,0.9,0.87,0.95,0.28,0.19,0.84,0.85,0.04,1.32,0,0.86
1334.33,30,0.67,0.79,0.83,0.91,0.9,0.88,0.95,0.29,0.18,0.84,0.85,0.04,1.31,0,0.86
1335.33,30,0.68,0.79,0.84,0.92,0.9,0.88,0.94,0.28,0.2,0.85,0.85,0.04,1.3,0,0.87
1336.33,30,0.67,0.79,0.84,0.91,0.9,0.88,0.95,0.28,0.18,0.84,0.85,0.04,1.31,0,0.85
1337.33,30,0.67,0.79,0.83,0.91,0.9,0.88,0.93,0.28,0.18,0.84,0.85,0.04,1.31,0,0.85
1338.33,30,0.68,0.8,0.84,0.92,0.91,0.89,0.95,0.29,0.19,0.84,0.85,0.04,1.32,0,0.86
1339.35,30,0.67,0.78,0.83,0.91,0.9,0.88,0.94,0.28,0.18,0.85,0.85,0.04,1.31,0,0.85
1340.35,30,0.68,0.8,0.84,0.92,0.91,0.88,0.94,0.29,0.2,0.84,0.85,0.04,1.32,0,0.86
1341.35,30,0.67,0.79,0.84,0.92,0.9,0.88,0.94,0.29,0.19,0.84,0.85,0.04,1.31,0,0.85
1342.35,30,0.67,0.79,0.84,0.9,0.9,0.88,0.95,0.28,0.19,0.83,0.85,0.04,1.31,0,0.86
1343.35,30,0.68,0.8,0.83,0.91,0.9,0.87,0.94,0.29,0.18,0.85,0.85,0.04,1.3,0,0.85
1344.37,30,0.67,0.8,0.84,0.92,0.91,0.89,0.95,0.29,0.2,0.85,0.85,0.04,1.32,0,0.86
1345.37,30,0.67,0.79,0.84,0.91,0.9,0.88,0.94,0.29,0.19,0.85,0.85,0.04,1.31,0,0.85
1346.37,30,0.66,0.8,0.84,0.91,0.91,0.88,0.95,0.29,0.19,0.85,0.85,0.04,1.32,0,0.86
1347.37,30,0.67,0.79,0.83,0.91,0.91,0.88,0.94,0.29,0.18,0.84,0.85,0.04,1.31,0,0.86
1348.38,30,0.67,0.79,0.84,0.91,0.89,0.88,0.95,0.29,0.19,0.85,0.85,0.04,1.31,0,0.86
1349.38,30,0.67,0.79,0.83,0.91,0.89,0.88,0.95,0.29,0.19,0.84,0.85,0.04,1.31,0,0.85
1350.38,30,0.67,0.8,0.83,0.91,0.9,0.88,0.95,0.28,0.19,0.85,0.85,0.04,1.3,0,0.86
1351.38,30,0.66,0.79,0.82,0.9,0.9,0.88,0.94,0.28,0.19,0.84,0.85,0.04,1.3,0,0.85
1352.38,30,0.67,0.79,0.84,0.91,0.9,0.88,0.94,0.29,0.19,0.84,0.85,0.04,1.3,0,0.85
1353.38,30,0.67,0.79,0.84,0.9,0.91,0.88,0.95,0.28,0.18,0.85,0.86,0.04,1.3,0,0.86
1354.38,30,0.67,0.79,0.84,0.92,0.91,0.88,0.95,0.29,0.19,0.85,0.85,0.04,1.31,0,0.86
1355.4,30,0.66,0.79,0.83,0.9,0.9,0.88,0.94,0.29,0.19,0.83,0.85,0.04,1.3,0,0.85
1356.4,30,0.67,0.8,0.83,0.91,0.9,0.88,0.95,0.29,0.19,0.84,0.85,0.04,1.31,0,0.85
1357.4,30,0.66,0.79,0.83,0.9,0.89,0.88,0.94,0.28,0.18,0.83,0.85,0.04,1.31,0,0.85
1358.4,30,0.66,0.79,0.84,0.91,0.91,0.87,0.94,0.28,0.18,0.84,0.85,0.04,1.3,0,0.86
1359.42,30,0.67,0.79,0.83,0.9,0.9,0.88,0.94,0.27,0.18,0.84,0.84,0.03,1.31,0,0.85
1360.42,30,0.67,0.78,0.83,0.9,0.89,0.88,0.94,0.29,0.19,0.84,0.84,0.04,1.31,0,0.86
1361.42,30,0.66,0.79,0.82,0.91,0.9,0.87,0.94,0.28,0.19,0.84,0.85,0.04,1.32,0,0.85
1362.43,30,0.67,0.8,0.84,0.91,0.9,0.88,0.95,0.28,0.19,0.85,0.85,0.04,1.31,0,0.85
1363.43,30,0.67,0.79,0.83,0.91,0.9,0.88,0.95,0.29,0.19,0.85,0.85,0.04,1.31,0,0.85
1364.43,30,0.67,0.79,0.83,0.91,0.9,0.88,0.94,0.28,0.19,0.85,0.85,0.04,1.3,0,0.85
1365.43,30,0.67,0.79,0.83,0.91,0.91,0.88,0.95,0.28,0.18,0.84,0.85,0.04,1.31,0,0.86
1366.43,30,0.67,0.79,0.83,0.91,0.91,0.88,0.94,0.29,0.19,0.85,0.85,0.04,1.31,0,0.86
1367.45,30,0.66,0.79,0.84,0.91,0.9,0.87,0.94,0.28,0.18,0.84,0.85,0.04,1.3,0,0.85
1368.45,30,0.67,0.78,0.83,0.91,0.9,0.88,0.94,0.29,0.19,0.84,0.85,0.04,1.31,0,0.86
1369.45,30,0.68,0.79,0.83,0.91,0.91,0.88,0.94,0.29,0.19,0.84,0.85,0.04,1.31,0,0.86
1370.45,30,0.66,0.78,0.82,0.9,0.89,0.88,0.94,0.28,0.18,0.83,0.85,0.04,1.3,0,0.86
1371.45,30,0.66,0.79,0.83,0.9,0.9,0.88,0.94,0.29,0.18,0.84,0.84,0.04,1.31,0,0.86
1372.45,30,0.67,0.79,0.83,0.9,0.89,0.88,0.94,0.28,0.19,0.84,0.85,0.04,1.3,0,0.85
1373.45,30,0.67,0.79,0.83,0.9,0.9,0.88,0.95,0.27,0.19,0.84,0.85,0.03,1.3,0,0.85
1374.45,30,0.67,0.79,0.83,0.91,0.89,0.87,0.95,0.29,0.18,0.84,0.85,0.04,1.31,0,0.85
1375.47,30,0.68,0.8,0.84,0.92,0.91,0.89,0.95,0.29,0.19,0.85,0.85,0.05,1.31,0,0.86
1376.47,30,0.67,0.79,0.82,0.91,0.9,0.88,0.93,0.28,0.18,0.84,0.85,0.04,1.3,0,0.86
1377.47,30,0.66,0.78,0.83,0.9,0.89,0.88,0.94,0.28,0.18,0.84,0.85,0.04,1.3,0,0.85
1378.47,30,0.66,0.79,0.83,0.91,0.9,0.87,0.94,0.28,0.18,0.85,0.85,0.04,1.3,0,0.85
1379.47,30,0.66,0.8,0.82,0.91,0.9,0.88,0.94,0.29,0.19,0.84,0.85,0.03,1.31,0,0.85
1380.48,30,0.67,0.79,0.83,0.9,0.89,0.88,0.94,0.29,0.18,0.84,0.85,0.04,1.31,0,0.85
1381.48,30,0.67,0.79,0.84,0.91,0.9,0.88,0.95,0.28,0.18,0.84,0.85,0.04,1.3,0,0.85
1382.48,30,0.67,0.79,0.84,0.92,0.9,0.88,0.94,0.28,0.19,0.84,0.85,0.04,1.3,0,0.86
1383.48,30,0.67,0.79,0.83,0.91,0.9,0.88,0.94,0.29,0.18,0.84,0.85,0.04,1.31,0,0.86
1384.48,30,0.68,0.8,0.83,0.92,0.91,0.88,0.95,0.28,0.18,0.85,0.85,0.04,1.32,0,0.86
1385.5,30,0.66,0.79,0.83,0.9,0.9,0.88,0.94,0.28,0.18,0.84,0.85,0.04,1.3,0,0.85
1386.5,30,0.66,0.79,0.83,0.92,0.9,0.88,0.95,0.29,0.18,0.84,0.85,0.04,1.31,0,0.86
1387.5,30,0.67,0.78,0.84,0.91,0.9,0.88,0.94,0.28,0.19,0.85,0.85,0.04,1.3,0,0.85
1388.5,30,0.67,0.79,0.84,0.91,0.9,0.88,0.95,0.29,0.19,0.84,0.85,0.04,1.31,0,0.86
1389.5,30,0.66,0.79,0.83,0.9,0.91,0.88,0.94,0.28,0.19,0.84,0.85,0.03,1.3,0,0.85
1390.52,30,0.67,0.79,0.84,0.92,0.9,0.88,0.95,0.28,0.19,0.84,0.85,0.04,1.31,0,0.86
1391.52,30,0.66,0.78,0.83,0.9,0.89,0.87,0.94,0.28,0.18,0.84,0.85,0.03,1.3,0,0.85
1392.52,30,0.68,0.8,0.83,0.91,0.91,0.88,0.95,0.29,0.19,0.85,0.85,0.05,1.32,0,0.87
1393.52,30,0.67,0.79,0.84,0.91,0.9,0.88,0.95,0.28,0.18,0.85,0.85,0.04,1.3,0,0.86
1394.53,30,0.66,0.79,0.84,0.91,0.89,0.87,0.94,0.28,0.18,0.84,0.85,0.04,1.3,0,0.85
1395.53,30,0.67,0.8,0.83,0.9,0.9,0.88,0.94,0.28,0.19,0.84,0.85,0.04,1.3,0,0.85
1396.53,30,0.66,0.78,0.83,0.91,0.89,0.88,0.95,0.28,0.18,0.84,0.85,0.04,1.3,0,0.85
1397.53,30,0.67,0.79,0.84,0.91,0.9,0.88,0.95,0.29,0.18,0.85,0.85,0.04,1.3,0,0.86
1398.53,30,0.68,0.8,0.85,0.91,0.91,0.88,0.95,0.29,0.2,0.85,0.85,0.05,1.32,0,0.86
1399.55,30,0.67,0.78,0.83,0.9,0.89,0.87,0.94,0.28,0.19,0.84,0.85,0.03,1.31,0,0.85
1400.55,30,0.67,0.78,0.83,0.91,0.89,0.88,0.94,0.28,0.18,0.83,0.84,0.04,1.29,0,0.86
1401.55,30,0.66,0.8,0.83,0.91,0.9,0.88,0.95,0.28,0.18,0.85,0.85,0.04,1.32,0,0.85
1402.57,30,0.67,0.79,0.83,0.92,0.91,0.88,0.94,0.28,0.19,0.84,0.85,0.04,1.31,0,0.85
1403.57,30,0.67,0.79,0.84,0.91,0.91,0.88,0.95,0.28,0.2,0.85,0.85,0.04,1.31,0,0.86
1404.57,30,0.66,0.78,0.83,0.91,0.9,0.88,0.94,0.29,0.18,0.85,0.85,0.04,1.31,0,0.85
1405.58,30,0.67,0.79,0.84,0.91,0.89,0.88,0.94,0.29,0.18,0.84,0.85,0.04,1.31,0,0.86
1406.58,30,0.67,0.78,0.82,0.9,0.88,0.88,0.94,0.28,0.18,0.84,0.85,0.04,1.3,0,0.85
1407.58,30,0.66,0.78,0.83,0.89,0.9,0.88,0.94,0.28,0.18,0.84,0.85,0.04,1.29,0,0.86
1408.58,30,0.68,0.79,0.83,0.91,0.91,0.88,0.95,0.28,0.19,0.84,0.85,0.04,1.31,0,0.86
1409.6,30,0.67,0.8,0.84,0.91,0.91,0.88,0.94,0.29,0.18,0.85,0.85,0.04,1.3,0,0.86
1410.6,30,0.68,0.8,0.84,0.91,0.91,0.88,0.95,0.29,0.19,0.85,0.85,0.04,1.31,0,0.86
1411.6,30,0.67,0.79,0.83,0.91,0.9,0.88,0.94,0.29,0.19,0.85,0.85,0.04,1.31,0,0.85
1412.6,30,0.68,0.79,0.82,0.9,0.89,0.88,0.94,0.28,0.19,0.83,0.85,0.04,1.31,0,0.85
1413.6,30,0.68,0.81,0.84,0.91,0.91,0.88,0.95,0.29,0.18,0.85,0.85,0.04,1.32,0,0.87
1414.62,30,0.67,0.78,0.84,0.9,0.89,0.88,0.95,0.27,0.18,0.84,0.85,0.04,1.29,0,0.85
1415.62,30,0.66,0.78,0.82,0.9,0.89,0.88,0.94,0.28,0.18,0.84,0.84,0.04,1.29,0,0.85
1416.62,30,0.68,0.8,0.83,0.91,0.9,0.88,0.94,0.29,0.19,0.84,0.85,0.04,1.31,0,0.86
1417.62,30,0.67,0.8,0.83,0.9,0.9,0.89,0.94,0.28,0.19,0.84,0.85,0.04,1.3,0,0.85
1418.63,30,0.68,0.79,0.84,0.91,0.91,0.88,0.95,0.28,0.18,0.84,0.85,0.04,1.31,0,0.86
1419.63,30,0.67,0.8,0.84,0.91,0.91,0.88,0.95,0.28,0.19,0.84,0.85,0.04,1.31,0,0.86
1420.63,30,0.67,0.8,0.85,0.92,0.91,0.88,0.95,0.29,0.19,0.85,0.85,0.04,1.31,0,0.86
1421.63,30,0.68,0.8,0.85,0.92,0.91,0.89,0.95,0.29,0.2,0.85,0.85,0.04,1.31,0,0.86
1422.63,30,0.67,0.79,0.84,0.9,0.91,0.89,0.94,0.29,0.18,0.84,0.85,0.04,1.31,0,0.85
1423.63,30,0.68,0.8,0.85,0.92,0.91,0.89,0.95,0.29,0.19,0.85,0.86,0.04,1.32,0,0.86
1424.65,30,0.68,0.79,0.84,0.92,0.91,0.88,0.95,0.29,0.2,0.84,0.85,0.04,1.31,0,0.87
1425.65,30,0.68,0.79,0.83,0.91,0.9,0.88,0.95,0.29,0.18,0.85,0.85,0.04,1.31,0,0.86
1426.65,30,0.67,0.79,0.83,0.92,0.9,0.88,0.94,0.29,0.19,0.85,0.85,0.04,1.31,0,0.85
1427.67,30,0.67,0.78,0.83,0.91,0.89,0.88,0.94,0.28,0.18,0.84,0.85,0.04,1.3,0,0.85
1428.67,30,0.68,0.79,0.83,0.92,0.91,0.89,0.95,0.29,0.19,0.85,0.86,0.04,1.32,0,0.86
1429.67,30,0.66,0.78,0.83,0.91,0.89,0.88,0.93,0.28,0.18,0.84,0.84,0.04,1.3,0,0.85
