Time,T,OTU7_R1,OTU8_R1,OTU9_R1,OTU7_R2,OTU8_R2,OTU9_R2,OTU7_R3,OTU8_R3,OTU9_R3,OTU7_R4,OTU8_R4,OTU9_R4,OTU7_R5,OTU8_R5,OTU9_R5
0.03,22,11.66,9.97,10.85,10.57,10.63,10.28,11.24,10.51,10.84,10.81,10.46,11.19,11.55,10.26,10.77
1.05,22,11.64,10.01,10.91,10.57,10.61,10.29,11.22,10.53,10.87,10.81,10.47,11.22,11.5,10.28,10.78
2.05,22,11.66,10.07,10.95,10.58,10.63,10.33,11.24,10.56,10.91,10.78,10.5,11.25,11.5,10.32,10.82
3.05,22,11.66,10.11,10.99,10.6,10.61,10.39,11.26,10.57,10.94,10.78,10.51,11.31,11.52,10.33,10.84
4.05,22,11.64,10.15,11.06,10.61,10.67,10.4,11.26,10.6,10.95,10.81,10.56,11.34,11.5,10.36,10.87
5.05,22,11.66,10.19,11.09,10.63,10.68,10.44,11.26,10.6,10.99,10.81,10.57,11.37,11.51,10.37,10.89
6.05,22,11.63,10.21,11.16,10.64,10.68,10.51,11.26,10.61,11.02,10.81,10.6,11.39,11.5,10.4,10.92
7.05,22,11.63,10.23,11.22,10.64,10.7,10.5,11.26,10.63,11.05,10.81,10.63,11.41,11.51,10.4,10.95
8.05,22,11.63,10.26,11.26,10.63,10.71,10.54,11.26,10.61,11.05,10.79,10.64,11.42,11.48,10.43,10.96
9.05,22,11.63,10.29,11.28,10.65,10.75,10.58,11.28,10.67,11.08,10.81,10.67,11.45,11.5,10.43,10.98
10.05,22,11.63,10.32,11.32,10.65,10.78,10.6,11.31,10.71,11.09,10.84,10.67,11.48,11.5,10.47,10.99
11.05,22,11.63,10.35,11.34,10.67,10.79,10.63,11.31,10.71,11.09,10.82,10.68,11.48,11.51,10.47,11.01
12.05,22,11.64,10.35,11.37,10.67,10.82,10.65,11.29,10.72,11.09,10.84,10.71,11.5,11.51,10.49,11.04
13.05,22,11.66,10.39,11.42,10.68,10.87,10.68,11.34,10.77,11.12,10.87,10.71,11.54,11.54,10.51,11.05
14.05,22,11.67,10.39,11.45,10.71,10.88,10.74,11.32,10.77,11.15,10.88,10.75,11.55,11.55,10.5,11.08
15.05,22,11.64,10.4,11.45,10.71,10.88,10.74,11.35,10.77,11.12,10.87,10.74,11.54,11.51,10.5,11.06
16.05,22,11.67,10.44,11.52,10.71,10.92,10.77,11.37,10.81,11.16,10.89,10.77,11.58,11.54,10.53,11.09
17.05,22,11.68,10.44,11.54,10.72,10.94,10.79,11.37,10.82,11.19,10.91,10.78,11.58,11.54,10.54,11.09
18.05,22,11.68,10.46,11.55,10.74,10.94,10.79,11.38,10.81,11.19,10.91,10.79,11.58,11.52,10.54,11.09
19.05,22,11.67,10.46,11.58,10.75,10.96,10.79,11.38,10.82,11.21,10.91,10.81,11.6,11.55,10.53,11.11
20.05,22,11.66,10.46,11.58,10.75,10.96,10.81,11.39,10.84,11.22,10.87,10.79,11.61,11.55,10.54,11.12
21.07,22,11.66,10.47,11.54,10.74,10.96,10.81,11.39,10.84,11.22,10.88,10.81,11.63,11.54,10.56,11.12
22.07,22,11.64,10.44,11.5,10.74,10.96,10.81,11.39,10.82,11.22,10.87,10.82,11.61,11.55,10.56,11.11
23.07,22,11.66,10.47,11.48,10.77,10.99,10.84,11.44,10.85,11.25,10.88,10.84,11.64,11.55,10.57,11.15
24.07,22,11.66,10.47,11.45,10.74,10.99,10.84,11.41,10.85,11.25,10.85,10.84,11.63,11.55,10.54,11.14
25.08,22,11.66,10.49,11.45,10.77,10.99,10.84,11.44,10.87,11.25,10.88,10.85,11.64,11.54,10.57,11.15
26.08,22,11.64,10.49,11.47,10.75,10.99,10.85,11.47,10.87,11.25,10.88,10.85,11.66,11.54,10.56,11.15
27.08,22,11.67,10.49,11.5,10.75,11.01,10.87,11.47,10.88,11.26,10.89,10.87,11.66,11.55,10.57,11.16
28.08,22,11.67,10.49,11.5,10.75,11.02,10.85,11.47,10.88,11.26,10.89,10.87,11.66,11.55,10.58,11.18
29.08,22,11.67,10.5,11.51,10.75,11.02,10.88,11.48,10.88,11.26,10.88,10.87,11.66,11.55,10.58,11.18
30.08,22,11.68,10.53,11.54,10.78,11.04,10.89,11.51,10.91,11.29,10.91,10.89,11.7,11.57,10.6,11.19
31.08,22,11.68,10.51,11.55,10.78,11.04,10.88,11.51,10.91,11.29,10.92,10.88,11.67,11.57,10.58,11.19
32.08,22,11.7,10.54,11.6,10.78,11.05,10.91,11.51,10.92,11.32,10.92,10.89,11.68,11.58,10.6,11.21
33.1,22,11.7,10.56,11.61,10.78,11.06,10.92,11.52,10.94,11.32,10.92,10.89,11.7,11.6,10.6,11.21
34.1,22,11.71,10.56,11.66,10.81,11.08,10.95,11.55,10.95,11.34,10.95,10.92,11.73,11.6,10.63,11.22
35.1,22,11.7,10.56,11.63,10.81,11.06,10.94,11.52,10.94,11.34,10.94,10.91,11.71,11.6,10.63,11.21
36.1,22,11.67,10.53,11.61,10.79,11.08,10.94,11.51,10.94,11.32,10.91,10.92,11.71,11.58,10.61,11.22
37.1,22,11.67,10.54,11.57,10.79,11.09,10.94,11.54,10.95,11.32,10.92,10.94,11.71,11.6,10.63,11.22
38.1,22,11.67,10.51,11.55,10.79,11.08,10.92,11.54,10.92,11.32,10.91,10.92,11.7,11.55,10.63,11.21
39.1,22,11.67,10.51,11.54,10.78,11.06,10.92,11.52,10.94,11.34,10.88,10.91,11.7,11.58,10.63,11.22
40.12,22,11.67,10.54,11.52,10.78,11.08,10.92,11.51,10.94,11.34,10.89,10.92,11.71,11.58,10.64,11.22
41.12,22,11.67,10.53,11.54,10.77,11.08,10.92,11.5,10.92,11.32,10.88,10.92,11.71,11.57,10.63,11.22
42.12,22,11.66,10.53,11.52,10.75,11.06,10.91,11.47,10.92,11.34,10.87,10.89,11.71,11.58,10.63,11.21
43.12,22,11.68,10.53,11.54,10.78,11.08,10.94,11.5,10.95,11.35,10.89,10.94,11.74,11.6,10.61,11.24
44.12,22,11.68,10.53,11.51,10.79,11.08,10.92,11.51,10.95,11.32,10.89,10.92,11.74,11.6,10.63,11.24
45.13,22,11.67,10.54,11.52,10.78,11.06,10.94,11.52,10.95,11.34,10.89,10.94,11.74,11.6,10.64,11.24
46.13,22,11.68,10.54,11.52,10.79,11.09,10.94,11.54,10.95,11.35,10.89,10.94,11.74,11.6,10.63,11.24
47.13,22,11.7,10.56,11.55,10.79,11.09,10.94,11.55,10.96,11.37,10.92,10.95,11.76,11.6,10.64,11.28
48.13,22,11.7,10.56,11.57,10.79,11.09,10.95,11.57,10.95,11.37,10.91,10.95,11.76,11.6,10.63,11.28
49.15,22,11.7,10.56,11.57,10.78,11.08,10.96,11.55,10.95,11.34,10.89,10.94,11.73,11.58,10.61,11.25
50.15,22,11.71,10.57,11.6,10.81,11.11,10.98,11.6,10.98,11.37,10.92,10.96,11.74,11.61,10.65,11.29
51.15,22,11.7,10.57,11.6,10.79,11.11,10.98,11.6,10.99,11.38,10.94,10.96,11.77,11.6,10.64,11.29
52.15,22,11.67,10.56,11.58,10.79,11.09,10.96,11.58,10.96,11.37,10.89,10.96,11.74,11.61,10.65,11.28
53.15,22,11.66,10.53,11.57,10.79,11.09,10.96,11.6,10.95,11.37,10.88,10.95,11.74,11.58,10.64,11.26
54.15,22,11.66,10.53,11.55,10.78,11.09,10.96,11.58,10.96,11.38,10.88,10.94,11.74,11.58,10.64,11.28
55.15,22,11.66,10.53,11.55,10.77,11.09,10.96,11.57,10.95,11.34,10.88,10.94,11.73,11.58,10.64,11.25
56.17,22,11.67,10.53,11.58,10.78,11.09,10.94,11.58,10.96,11.35,10.88,10.95,11.74,11.58,10.65,11.25
57.17,22,11.67,10.53,11.57,10.78,11.09,10.95,11.54,10.96,11.35,10.85,10.95,11.74,11.6,10.64,11.25
58.17,22,11.67,10.54,11.57,10.78,11.09,10.95,11.54,10.96,11.34,10.85,10.94,11.73,11.57,10.63,11.24
59.17,22,11.67,10.56,11.58,10.77,11.09,10.95,11.54,10.98,11.38,10.85,10.94,11.74,11.58,10.64,11.24
60.17,22,11.66,10.53,11.6,10.75,11.06,10.95,11.51,10.96,11.35,10.85,10.94,11.73,11.57,10.64,11.24
61.18,22,11.67,10.53,11.58,10.78,11.09,10.95,11.51,10.96,11.37,10.87,10.95,11.74,11.57,10.64,11.25
62.18,22,11.66,10.53,11.58,10.78,11.08,10.95,11.5,10.95,11.35,10.85,10.94,11.74,11.6,10.64,11.24
63.18,22,11.66,10.53,11.58,10.77,11.08,10.94,11.5,10.94,11.35,10.82,10.94,11.71,11.55,10.61,11.24
64.18,22,11.68,10.53,11.6,10.78,11.09,10.95,11.52,10.96,11.38,10.85,10.96,11.74,11.55,10.65,11.26
65.2,22,11.68,10.53,11.6,10.78,11.09,10.96,11.54,10.95,11.37,10.87,10.95,11.74,11.58,10.63,11.26
66.2,22,11.68,10.54,11.61,10.78,11.09,10.95,11.55,10.96,11.37,10.87,10.96,11.76,11.58,10.63,11.28
67.2,22,11.68,10.54,11.6,10.79,11.11,10.96,11.57,10.96,11.38,10.87,10.94,11.76,11.6,10.64,11.28
68.2,22,11.67,10.57,11.61,10.79,11.09,10.98,11.57,10.96,11.38,10.87,10.95,11.76,11.58,10.64,11.28
69.22,22,11.63,10.51,11.58,10.77,11.09,10.95,11.57,10.95,11.37,10.85,10.95,11.73,11.57,10.64,11.28
70.22,22,11.64,10.51,11.6,10.77,11.11,10.95,11.58,10.95,11.37,10.84,10.94,11.71,11.58,10.64,11.25
71.22,22,11.64,10.51,11.58,10.77,11.08,10.96,11.57,10.95,11.34,10.84,10.94,11.7,11.57,10.63,11.24
72.23,22,11.66,10.53,11.6,10.77,11.09,10.95,11.57,10.96,11.35,10.84,10.94,11.73,11.57,10.64,11.25
73.23,22,11.63,10.51,11.6,10.77,11.08,10.95,11.57,10.96,11.37,10.82,10.94,11.73,11.55,10.61,11.24
74.23,22,11.64,10.51,11.58,10.75,11.06,10.95,11.55,10.95,11.34,10.81,10.92,11.73,11.55,10.61,11.22
75.23,22,11.63,10.51,11.58,10.74,11.06,10.94,11.54,10.94,11.34,10.81,10.92,11.71,11.54,10.61,11.22
76.25,22,11.63,10.51,11.58,10.74,11.06,10.94,11.57,10.94,11.32,10.81,10.94,11.7,11.54,10.61,11.22
77.25,22,11.64,10.53,11.6,10.75,11.08,10.94,11.55,10.95,11.32,10.79,10.92,11.71,11.55,10.61,11.22
78.25,22,11.64,10.51,11.63,10.74,11.08,10.94,11.57,10.95,11.35,10.81,10.92,11.73,11.55,10.63,11.25
79.25,22,11.64,10.53,11.61,10.75,11.06,10.94,11.58,10.95,11.35,10.79,10.95,11.71,11.55,10.61,11.25
80.25,22,11.64,10.51,11.6,10.75,11.06,10.94,11.57,10.94,11.34,10.81,10.94,11.71,11.54,10.61,11.24
81.25,22,11.66,10.53,11.61,10.77,11.08,10.95,11.58,10.96,11.37,10.82,10.94,11.73,11.54,10.61,11.25
82.25,22,11.67,10.53,11.61,10.75,11.08,10.94,11.58,10.96,11.38,10.82,10.94,11.73,11.55,10.63,11.25
83.25,22,11.66,10.51,11.6,10.75,11.05,10.92,11.57,10.92,11.34,10.81,10.91,11.7,11.55,10.6,11.24
84.25,22,11.64,10.51,11.58,10.75,11.09,10.95,11.6,10.95,11.37,10.81,10.94,11.71,11.55,10.6,11.24
85.25,22,11.61,10.47,11.57,10.75,11.08,10.94,11.58,10.94,11.35,10.78,10.91,11.68,11.52,10.61,11.24
86.27,22,11.61,10.49,11.58,10.74,11.06,10.91,11.57,10.92,11.32,10.77,10.88,11.7,11.52,10.6,11.21
87.27,22,11.6,10.5,11.6,10.72,11.06,10.92,11.57,10.94,11.32,10.77,10.92,11.68,11.54,10.58,11.22
88.27,22,11.61,10.49,11.58,10.72,11.05,10.91,11.55,10.92,11.32,10.77,10.91,11.68,11.51,10.6,11.21
89.27,22,11.58,10.47,11.57,10.71,11.04,10.89,11.54,10.92,11.29,10.75,10.91,11.67,11.51,10.58,11.18
90.27,22,11.6,10.47,11.57,10.71,11.02,10.89,11.55,10.91,11.29,10.74,10.89,11.67,11.5,10.57,11.19
91.28,22,11.61,10.5,11.6,10.72,11.04,10.89,11.57,10.92,11.31,10.77,10.91,11.7,11.51,10.61,11.21
92.28,22,11.6,10.49,11.6,10.71,11.04,10.91,11.55,10.91,11.31,10.75,10.89,11.67,11.51,10.57,11.18
93.28,22,11.6,10.49,11.6,10.71,11.04,10.91,11.55,10.91,11.31,10.77,10.91,11.68,11.51,10.58,11.21
94.28,22,11.61,10.47,11.61,10.7,11.04,10.91,11.55,10.92,11.31,10.75,10.89,11.68,11.51,10.58,11.19
95.28,22,11.63,10.49,11.61,10.72,11.05,10.91,11.57,10.92,11.31,10.74,10.91,11.67,11.5,10.58,11.19
96.3,22,11.6,10.47,11.6,10.71,11.04,10.88,11.55,10.91,11.32,10.74,10.91,11.68,11.5,10.57,11.21
97.3,22,11.61,10.49,11.6,10.74,11.05,10.91,11.55,10.92,11.32,10.74,10.91,11.7,11.52,10.58,11.21
98.3,22,11.6,10.5,11.61,10.72,11.04,10.91,11.57,10.92,11.31,10.75,10.91,11.68,11.5,10.56,11.21
99.32,22,11.63,10.5,11.6,10.71,11.04,10.91,11.57,10.92,11.34,10.75,10.92,11.7,11.5,10.58,11.21
100.32,22,11.6,10.49,11.58,10.71,11.04,10.89,11.55,10.91,11.32,10.72,10.89,11.67,11.5,10.57,11.21
101.32,22,11.57,10.46,11.55,10.71,11.02,10.91,11.57,10.91,11.31,10.71,10.89,11.66,11.48,10.57,11.19
102.32,22,11.57,10.44,11.58,10.7,11.02,10.88,11.55,10.89,11.31,10.71,10.88,11.66,11.48,10.58,11.18
103.32,22,11.55,10.47,11.57,10.7,11.01,10.88,11.57,10.89,11.29,10.71,10.87,11.66,11.48,10.57,11.16
104.32,22,11.55,10.43,11.54,10.67,10.99,10.87,11.52,10.88,11.28,10.7,10.85,11.64,11.47,10.53,11.15
105.32,22,11.57,10.43,11.57,10.65,11.01,10.87,11.54,10.88,11.28,10.7,10.87,11.64,11.45,10.54,11.16
106.32,22,11.57,10.44,11.57,10.67,10.98,10.85,11.52,10.88,11.28,10.68,10.87,11.66,11.47,10.54,11.16
107.32,22,11.57,10.44,11.6,10.68,11.01,10.85,11.54,10.88,11.29,10.7,10.87,11.64,11.47,10.54,11.18
108.32,22,11.57,10.46,11.57,10.7,10.99,10.88,11.55,10.89,11.29,10.71,10.88,11.63,11.48,10.56,11.16
109.32,22,11.57,10.46,11.58,10.68,11.01,10.85,11.54,10.89,11.29,10.67,10.87,11.67,11.47,10.54,11.16
110.32,22,11.57,10.44,11.58,10.67,10.98,10.85,11.52,10.88,11.26,10.68,10.88,11.66,11.44,10.54,11.15
111.32,22,11.57,10.44,11.6,10.68,11.01,10.87,11.55,10.88,11.29,10.68,10.88,11.66,11.47,10.54,11.16
112.32,22,11.55,10.44,11.58,10.67,10.99,10.87,11.55,10.88,11.28,10.67,10.87,11.63,11.45,10.53,11.16
113.32,22,11.57,10.44,11.58,10.67,10.99,10.87,11.55,10.88,11.28,10.67,10.87,11.66,11.45,10.53,11.16
114.32,22,11.57,10.46,11.57,10.67,10.99,10.87,11.52,10.88,11.28,10.67,10.87,11.64,11.45,10.53,11.16
115.33,22,11.57,10.46,11.58,10.67,11.01,10.87,11.55,10.88,11.28,10.68,10.87,11.66,11.45,10.53,11.16
116.33,22,11.57,10.46,11.57,10.68,11.01,10.85,11.54,10.88,11.28,10.68,10.85,11.66,11.44,10.54,11.16
117.33,22,11.54,10.43,11.55,10.67,10.99,10.84,11.52,10.87,11.28,10.65,10.85,11.64,11.44,10.54,11.16
118.35,22,11.54,10.42,11.54,10.64,10.98,10.85,11.54,10.88,11.26,10.64,10.85,11.63,11.44,10.53,11.15
119.35,22,11.52,10.39,11.55,10.64,10.98,10.85,11.52,10.87,11.25,10.64,10.85,11.63,11.44,10.53,11.14
120.35,22,11.54,10.42,11.54,10.64,10.96,10.82,11.51,10.85,11.26,10.63,10.85,11.61,11.44,10.51,11.12
121.35,22,11.54,10.42,11.52,10.64,10.96,10.84,11.52,10.85,11.25,10.64,10.82,11.61,11.42,10.5,11.12
122.35,22,11.52,10.42,11.54,10.63,10.96,10.82,11.51,10.85,11.25,10.64,10.84,11.61,11.42,10.5,11.11
123.37,22,11.52,10.4,11.54,10.63,10.96,10.81,11.51,10.85,11.24,10.64,10.84,11.6,11.42,10.5,11.11
124.37,22,11.51,10.4,11.55,10.63,10.98,10.82,11.52,10.82,11.25,10.61,10.84,11.61,11.39,10.5,11.09
125.37,22,11.51,10.4,11.55,10.61,10.96,10.79,11.48,10.84,11.24,10.63,10.82,11.6,11.42,10.5,11.09
126.37,22,11.52,10.4,11.55,10.63,10.96,10.82,11.51,10.85,11.24,10.63,10.82,11.61,11.42,10.5,11.09
127.37,22,11.54,10.4,11.55,10.63,10.95,10.81,11.5,10.84,11.24,10.61,10.82,11.6,11.41,10.49,11.09
128.38,22,11.52,10.39,11.55,10.63,10.96,10.78,11.51,10.84,11.25,10.61,10.84,11.6,11.39,10.49,11.11
129.38,22,11.52,10.39,11.54,10.61,10.95,10.81,11.5,10.82,11.24,10.61,10.81,11.58,11.39,10.49,11.08
130.38,22,11.52,10.4,11.52,10.6,10.95,10.81,11.5,10.82,11.24,10.6,10.82,11.6,11.38,10.49,11.06
131.38,22,11.54,10.42,11.57,10.61,10.96,10.78,11.51,10.84,11.25,10.61,10.82,11.6,11.41,10.49,11.08
132.38,22,11.54,10.42,11.55,10.63,10.95,10.82,11.52,10.85,11.24,10.63,10.82,11.6,11.41,10.5,11.09
133.4,22,11.52,10.42,11.55,10.63,10.95,10.79,11.51,10.84,11.25,10.61,10.84,11.61,11.39,10.5,11.08
134.4,22,11.48,10.37,11.51,10.61,10.95,10.78,11.48,10.82,11.24,10.58,10.81,11.58,11.37,10.47,11.08
135.4,22,11.5,10.37,11.51,10.6,10.95,10.79,11.51,10.84,11.22,10.57,10.81,11.58,11.39,10.49,11.06
136.4,22,11.47,10.36,11.51,10.57,10.92,10.78,11.48,10.81,11.21,10.57,10.78,11.55,11.37,10.47,11.05
137.42,22,11.48,10.37,11.51,10.57,10.94,10.79,11.48,10.81,11.21,10.57,10.79,11.57,11.38,10.46,11.05
138.42,22,11.48,10.36,11.5,10.57,10.92,10.78,11.48,10.81,11.19,10.56,10.78,11.57,11.37,10.44,11.02
139.42,22,11.48,10.36,11.51,10.57,10.92,10.75,11.47,10.79,11.19,10.57,10.78,11.55,11.37,10.46,11.04
140.42,22,11.48,10.35,11.51,10.57,10.92,10.78,11.47,10.79,11.18,10.57,10.78,11.55,11.37,10.44,11.01
141.42,22,11.48,10.39,11.54,10.58,10.92,10.77,11.5,10.81,11.21,10.58,10.81,11.57,11.37,10.46,11.04
142.43,22,11.47,10.36,11.51,10.56,10.92,10.75,11.47,10.79,11.18,10.54,10.78,11.54,11.37,10.44,11.02
143.43,22,11.47,10.35,11.5,10.56,10.92,10.77,11.47,10.78,11.18,10.54,10.78,11.54,11.34,10.43,10.99
144.43,22,11.5,10.37,11.52,10.58,10.92,10.77,11.47,10.81,11.21,10.56,10.79,11.57,11.35,10.44,11.02
145.43,22,11.47,10.35,11.51,10.56,10.91,10.75,11.44,10.79,11.19,10.53,10.78,11.55,11.35,10.43,10.99
146.45,22,11.47,10.35,11.51,10.57,10.91,10.74,11.45,10.77,11.18,10.53,10.78,11.55,11.34,10.42,11.01
147.45,22,11.5,10.37,11.51,10.56,10.91,10.75,11.47,10.81,11.19,10.54,10.78,11.57,11.35,10.46,11.02
148.45,22,11.48,10.37,11.51,10.57,10.92,10.75,11.47,10.79,11.19,10.56,10.78,11.57,11.35,10.44,11.01
149.45,22,11.48,10.36,11.51,10.57,10.91,10.77,11.45,10.79,11.18,10.54,10.77,11.55,11.35,10.44,11.01
150.47,22,11.5,10.37,11.51,10.56,10.89,10.75,11.45,10.79,11.21,10.56,10.79,11.54,11.35,10.44,11.02
151.47,22,11.47,10.35,11.5,10.54,10.91,10.74,11.47,10.79,11.16,10.53,10.79,11.52,11.34,10.43,10.99
152.47,22,11.44,10.33,11.47,10.54,10.89,10.74,11.45,10.77,11.15,10.5,10.77,11.51,11.29,10.42,10.99
153.47,22,11.44,10.32,11.48,10.53,10.89,10.72,11.44,10.77,11.15,10.5,10.77,11.54,11.29,10.42,10.98
154.48,22,11.44,10.33,11.48,10.54,10.88,10.72,11.44,10.77,11.18,10.49,10.75,11.52,11.32,10.42,10.98
155.48,22,11.44,10.33,11.48,10.53,10.87,10.74,11.41,10.77,11.16,10.5,10.77,11.51,11.32,10.4,10.98
156.48,22,11.42,10.33,11.47,10.53,10.87,10.71,11.42,10.75,11.15,10.5,10.75,11.51,11.32,10.4,10.98
157.48,22,11.42,10.32,11.47,10.53,10.87,10.71,11.42,10.75,11.15,10.49,10.74,11.51,11.31,10.39,10.96
158.48,22,11.44,10.32,11.47,10.53,10.88,10.7,11.42,10.75,11.15,10.49,10.74,11.52,11.31,10.42,10.98
159.48,22,11.42,10.3,11.47,10.5,10.87,10.7,11.42,10.75,11.14,10.47,10.74,11.51,11.28,10.39,10.95
160.48,22,11.44,10.32,11.47,10.51,10.87,10.71,11.41,10.74,11.15,10.5,10.74,11.51,11.32,10.39,10.96
161.5,22,11.44,10.32,11.48,10.53,10.87,10.71,11.42,10.75,11.15,10.5,10.75,11.52,11.31,10.39,10.95
162.5,22,11.44,10.3,11.47,10.5,10.87,10.68,11.41,10.75,11.15,10.47,10.74,11.5,11.28,10.39,10.94
163.5,22,11.42,10.32,11.47,10.51,10.88,10.7,11.42,10.75,11.15,10.47,10.74,11.5,11.31,10.39,10.95
164.52,22,11.42,10.3,11.45,10.5,10.85,10.68,11.39,10.72,11.14,10.46,10.72,11.5,11.28,10.36,10.94
165.52,22,11.45,10.33,11.48,10.51,10.87,10.71,11.42,10.77,11.15,10.49,10.75,11.51,11.29,10.39,10.96
166.52,22,11.42,10.33,11.48,10.5,10.87,10.7,11.39,10.74,11.14,10.47,10.74,11.5,11.28,10.39,10.95
167.53,22,11.44,10.33,11.45,10.5,10.87,10.7,11.41,10.75,11.14,10.46,10.74,11.5,11.28,10.37,10.94
168.53,22,11.41,10.3,11.42,10.49,10.84,10.7,11.39,10.74,11.14,10.46,10.74,11.47,11.25,10.37,10.95
169.53,22,11.39,10.28,11.42,10.46,10.85,10.67,11.39,10.72,11.12,10.43,10.71,11.48,11.25,10.37,10.94
170.53,22,11.39,10.28,11.44,10.47,10.81,10.68,11.38,10.71,11.11,10.42,10.71,11.47,11.24,10.37,10.95
171.53,22,11.38,10.25,11.42,10.47,10.82,10.64,11.35,10.72,11.09,10.43,10.68,11.45,11.25,10.35,10.92
172.55,22,11.39,10.26,11.44,10.47,10.84,10.67,11.38,10.72,11.12,10.44,10.72,11.47,11.28,10.35,10.94
173.55,22,11.37,10.28,11.42,10.46,10.82,10.65,11.37,10.71,11.09,10.43,10.71,11.47,11.26,10.33,10.92
174.55,22,11.38,10.28,11.44,10.47,10.82,10.64,11.37,10.72,11.11,10.43,10.7,11.47,11.25,10.33,10.89
175.55,22,11.38,10.26,11.44,10.46,10.82,10.64,11.38,10.71,11.09,10.43,10.7,11.47,11.26,10.35,10.91
176.55,22,11.37,10.25,11.42,10.44,10.81,10.63,11.35,10.7,11.09,10.42,10.7,11.45,11.24,10.33,10.89
177.55,22,11.37,10.26,11.44,10.44,10.82,10.64,11.35,10.7,11.09,10.4,10.68,11.44,11.25,10.33,10.89
178.55,22,11.38,10.26,11.44,10.46,10.81,10.64,11.35,10.7,11.09,10.42,10.71,11.45,11.25,10.33,10.89
179.57,22,11.37,10.26,11.42,10.44,10.79,10.63,11.35,10.7,11.09,10.39,10.68,11.44,11.22,10.33,10.88
180.57,22,11.37,10.28,11.41,10.43,10.79,10.61,11.35,10.7,11.09,10.39,10.68,11.44,11.24,10.32,10.88
181.57,22,11.38,10.28,11.44,10.44,10.82,10.63,11.37,10.71,11.11,10.42,10.7,11.47,11.24,10.35,10.89
182.57,22,11.39,10.26,11.42,10.44,10.82,10.64,11.35,10.71,11.09,10.4,10.71,11.45,11.22,10.33,10.91
183.57,22,11.38,10.29,11.44,10.44,10.81,10.64,11.35,10.7,11.11,10.42,10.7,11.47,11.24,10.33,10.92
184.58,22,11.35,10.26,11.39,10.43,10.79,10.63,11.34,10.68,11.06,10.39,10.68,11.44,11.22,10.32,10.91
185.58,22,11.34,10.23,11.39,10.43,10.81,10.63,11.37,10.68,11.09,10.36,10.68,11.44,11.19,10.33,10.91
186.6,22,11.34,10.23,11.38,10.4,10.75,10.6,11.32,10.67,11.05,10.36,10.67,11.41,11.18,10.3,10.89
187.6,22,11.34,10.22,11.38,10.42,10.77,10.61,11.31,10.65,11.05,10.36,10.67,11.42,11.19,10.32,10.88
188.6,22,11.35,10.23,11.39,10.4,10.79,10.63,11.31,10.67,11.06,10.36,10.67,11.44,11.21,10.3,10.89
189.6,22,11.34,10.23,11.39,10.42,10.78,10.61,11.32,10.67,11.06,10.36,10.65,11.41,11.22,10.29,10.89
190.6,22,11.32,10.23,11.38,10.42,10.77,10.58,11.32,10.67,11.05,10.37,10.64,11.42,11.21,10.28,10.88
191.6,22,11.32,10.22,11.38,10.4,10.78,10.6,11.32,10.65,11.06,10.36,10.65,11.41,11.21,10.28,10.88
192.6,22,11.31,10.22,11.38,10.39,10.75,10.58,11.32,10.65,11.06,10.35,10.64,11.39,11.21,10.29,10.87
193.6,22,11.31,10.21,11.39,10.39,10.77,10.58,11.31,10.65,11.05,10.35,10.65,11.39,11.19,10.26,10.85
194.6,22,11.32,10.22,11.38,10.39,10.77,10.58,11.31,10.65,11.04,10.33,10.64,11.39,11.19,10.29,10.87
195.6,22,11.34,10.23,11.39,10.39,10.77,10.57,11.32,10.65,11.06,10.35,10.64,11.39,11.16,10.29,10.87
196.62,22,11.34,10.22,11.38,10.39,10.77,10.58,11.31,10.64,11.04,10.35,10.63,11.41,11.16,10.26,10.85
197.62,22,11.32,10.23,11.38,10.37,10.75,10.54,11.28,10.64,11.05,10.33,10.64,11.39,11.18,10.29,10.84
198.62,22,11.31,10.22,11.37,10.36,10.74,10.56,11.28,10.63,11.04,10.33,10.64,11.38,11.16,10.28,10.84
199.62,22,11.32,10.22,11.37,10.37,10.75,10.56,11.29,10.63,11.05,10.33,10.65,11.39,11.15,10.28,10.84
200.62,22,11.32,10.22,11.38,10.37,10.75,10.57,11.29,10.65,11.04,10.33,10.65,11.39,11.18,10.28,10.87
201.62,22,11.29,10.21,11.35,10.36,10.72,10.56,11.29,10.63,11.04,10.32,10.64,11.37,11.15,10.25,10.84
202.62,22,11.29,10.19,11.34,10.36,10.74,10.56,11.26,10.63,11.04,10.3,10.63,11.35,11.11,10.25,10.84
203.62,22,11.29,10.21,11.34,10.35,10.72,10.56,11.28,10.64,11.01,10.28,10.63,11.37,11.14,10.26,10.82
204.62,22,11.29,10.18,11.34,10.36,10.72,10.54,11.25,10.63,11.01,10.29,10.61,11.35,11.14,10.26,10.82
205.62,22,11.29,10.19,11.35,10.36,10.72,10.54,11.26,10.63,11.01,10.3,10.61,11.38,11.15,10.23,10.84
206.62,22,11.26,10.19,11.35,10.36,10.74,10.54,11.25,10.6,11.01,10.29,10.58,11.37,11.14,10.23,10.82
207.62,22,11.29,10.19,11.35,10.36,10.74,10.54,11.26,10.63,11.01,10.32,10.61,11.37,11.16,10.25,10.84
208.62,22,11.26,10.18,11.34,10.35,10.74,10.53,11.26,10.61,11.01,10.28,10.61,11.35,11.15,10.22,10.82
209.62,22,11.26,10.17,11.34,10.35,10.72,10.53,11.25,10.6,11.01,10.29,10.58,11.34,11.14,10.23,10.79
210.62,22,11.26,10.17,11.34,10.33,10.71,10.5,11.25,10.61,10.99,10.28,10.58,11.35,11.14,10.22,10.79
211.62,22,11.26,10.19,11.34,10.33,10.72,10.54,11.26,10.61,11.01,10.28,10.6,11.37,11.15,10.22,10.81
212.62,22,11.28,10.18,11.32,10.33,10.72,10.51,11.25,10.6,10.99,10.28,10.6,11.35,11.14,10.23,10.79
213.63,22,11.28,10.18,11.32,10.32,10.72,10.51,11.25,10.58,10.99,10.26,10.6,11.34,11.11,10.22,10.78
214.63,22,11.26,10.17,11.32,10.32,10.71,10.5,11.25,10.58,10.99,10.26,10.58,11.34,11.09,10.22,10.79
215.63,22,11.28,10.19,11.32,10.33,10.71,10.51,11.24,10.61,11.01,10.28,10.6,11.37,11.11,10.21,10.79
216.63,22,11.29,10.18,11.32,10.32,10.71,10.5,11.25,10.6,10.98,10.28,10.6,11.34,11.11,10.21,10.79
217.63,22,11.24,10.15,11.29,10.3,10.7,10.5,11.22,10.57,10.96,10.23,10.57,11.32,11.08,10.21,10.78
218.65,22,11.24,10.14,11.28,10.29,10.68,10.49,11.21,10.57,10.98,10.21,10.57,11.31,11.08,10.19,10.78
219.65,22,11.24,10.14,11.28,10.29,10.67,10.49,11.21,10.58,10.95,10.22,10.58,11.32,11.08,10.22,10.78
220.65,22,11.24,10.14,11.28,10.29,10.67,10.5,11.19,10.57,10.98,10.22,10.58,11.32,11.09,10.19,10.77
221.65,22,11.22,10.14,11.31,10.3,10.68,10.49,11.19,10.57,10.96,10.23,10.57,11.32,11.11,10.18,10.77
222.67,22,11.22,10.14,11.29,10.28,10.67,10.46,11.21,10.56,10.95,10.23,10.57,11.29,11.11,10.18,10.75
223.67,22,11.24,10.15,11.29,10.29,10.67,10.47,11.22,10.57,10.96,10.21,10.57,11.32,11.11,10.18,10.77
224.67,22,11.22,10.14,11.28,10.28,10.67,10.46,11.21,10.56,10.94,10.22,10.56,11.29,11.09,10.17,10.74
225.67,22,11.21,10.11,11.28,10.26,10.67,10.44,11.19,10.57,10.95,10.19,10.54,11.29,11.06,10.17,10.72
226.68,22,11.21,10.12,11.28,10.26,10.68,10.46,11.21,10.54,10.95,10.21,10.54,11.29,11.08,10.17,10.72
227.68,22,11.19,10.14,11.26,10.26,10.67,10.44,11.21,10.56,10.95,10.19,10.53,11.28,11.06,10.17,10.72
228.68,22,11.19,10.12,11.26,10.23,10.65,10.43,11.16,10.53,10.92,10.18,10.54,11.26,11.05,10.15,10.72
229.68,22,11.21,10.12,11.26,10.25,10.67,10.46,11.18,10.56,10.92,10.21,10.54,11.29,11.05,10.17,10.71
230.68,22,11.21,10.12,11.26,10.25,10.65,10.42,11.19,10.54,10.94,10.18,10.54,11.28,11.04,10.14,10.72
231.68,22,11.24,10.14,11.28,10.25,10.65,10.43,11.19,10.56,10.94,10.19,10.54,11.28,11.05,10.17,10.72
232.7,22,11.22,10.14,11.28,10.25,10.67,10.43,11.16,10.56,10.95,10.21,10.54,11.29,11.05,10.15,10.72
233.7,22,11.19,10.11,11.24,10.25,10.63,10.43,11.16,10.53,10.92,10.17,10.53,11.26,11.02,10.17,10.7
234.7,22,11.16,10.08,11.22,10.22,10.63,10.4,11.15,10.53,10.92,10.14,10.53,11.25,11.01,10.14,10.71
235.7,22,11.18,10.08,11.25,10.22,10.61,10.42,11.15,10.53,10.92,10.12,10.51,11.26,11.02,10.14,10.71
236.72,22,11.18,10.1,11.24,10.23,10.6,10.42,11.14,10.51,10.91,10.14,10.53,11.25,11.04,10.14,10.71
237.72,22,11.16,10.08,11.25,10.22,10.61,10.42,11.14,10.5,10.89,10.14,10.5,11.25,11.02,10.12,10.7
238.72,22,11.15,10.1,11.24,10.22,10.61,10.42,11.15,10.51,10.89,10.17,10.51,11.25,11.05,10.12,10.7
239.72,22,11.15,10.08,11.24,10.22,10.63,10.39,11.15,10.51,10.89,10.14,10.5,11.24,11.02,10.11,10.68
240.73,22,11.16,10.1,11.25,10.21,10.63,10.42,11.15,10.51,10.91,10.15,10.5,11.25,11.04,10.11,10.68
241.73,22,11.15,10.08,11.22,10.22,10.63,10.4,11.15,10.51,10.88,10.14,10.5,11.24,11.02,10.11,10.68
242.73,22,11.12,10.08,11.22,10.19,10.61,10.39,11.14,10.5,10.87,10.12,10.47,11.21,10.99,10.08,10.67
243.73,22,11.12,10.05,11.22,10.19,10.6,10.39,11.14,10.49,10.88,10.12,10.5,11.22,10.99,10.1,10.65
244.73,22,11.14,10.07,11.21,10.19,10.6,10.37,11.12,10.49,10.89,10.12,10.47,11.22,11.01,10.1,10.67
245.75,22,11.14,10.07,11.21,10.18,10.6,10.37,11.14,10.49,10.89,10.12,10.49,11.22,10.99,10.1,10.67
246.75,22,11.12,10.08,11.21,10.18,10.58,10.37,11.12,10.49,10.88,10.1,10.47,11.22,10.98,10.1,10.65
247.75,22,11.12,10.07,11.19,10.19,10.58,10.35,11.11,10.47,10.88,10.11,10.47,11.19,10.95,10.08,10.65
248.75,22,11.14,10.05,11.21,10.17,10.58,10.37,11.11,10.47,10.89,10.11,10.49,11.21,10.96,10.1,10.65
249.75,22,11.12,10.05,11.18,10.15,10.56,10.33,11.09,10.47,10.88,10.08,10.47,11.19,10.94,10.08,10.64
250.77,22,11.11,10.03,11.16,10.14,10.53,10.33,11.09,10.47,10.85,10.05,10.46,11.19,10.94,10.07,10.63
251.77,22,11.11,10.04,11.18,10.15,10.54,10.33,11.08,10.46,10.85,10.05,10.47,11.19,10.95,10.07,10.64
252.77,22,11.12,10.04,11.18,10.15,10.54,10.35,11.05,10.46,10.85,10.07,10.46,11.21,10.96,10.08,10.64
253.78,22,11.11,10.04,11.21,10.15,10.57,10.36,11.06,10.47,10.88,10.08,10.47,11.21,10.98,10.07,10.63
254.78,22,11.11,10.03,11.18,10.15,10.56,10.35,11.06,10.44,10.85,10.08,10.44,11.18,10.96,10.05,10.63
255.78,22,11.09,10.03,11.18,10.15,10.54,10.33,11.06,10.46,10.84,10.05,10.44,11.19,10.96,10.04,10.63
256.78,22,11.09,10.03,11.18,10.15,10.56,10.33,11.06,10.44,10.84,10.07,10.46,11.18,10.95,10.04,10.63
257.78,22,11.09,10.03,11.19,10.14,10.56,10.33,11.06,10.44,10.84,10.07,10.44,11.18,10.95,10.03,10.61
258.78,22,11.08,10.01,11.16,10.14,10.54,10.32,11.08,10.43,10.82,10.07,10.46,11.16,10.94,10.04,10.6
259.8,22,11.06,10.01,11.16,10.12,10.54,10.3,11.06,10.43,10.81,10.04,10.43,11.16,10.94,10.03,10.57
260.8,22,11.05,10,11.14,10.11,10.54,10.29,11.04,10.43,10.84,10.04,10.43,11.15,10.91,10.03,10.6
261.8,22,11.06,10.01,11.15,10.11,10.56,10.3,11.06,10.44,10.84,10.05,10.43,11.16,10.92,10.03,10.6
262.8,22,11.06,10.03,11.15,10.11,10.56,10.29,11.05,10.44,10.82,10.04,10.43,11.15,10.91,10.03,10.6
263.82,22,11.05,9.99,11.12,10.08,10.5,10.28,11.01,10.4,10.79,10.01,10.42,11.14,10.89,10.01,10.57
264.82,22,11.06,10.01,11.12,10.1,10.51,10.29,11.04,10.42,10.81,10.03,10.44,11.14,10.89,10.04,10.58
265.82,22,11.04,10.01,11.11,10.08,10.5,10.28,11.04,10.43,10.81,10.01,10.43,11.14,10.88,10.03,10.58
266.82,22,11.04,9.97,11.11,10.07,10.5,10.25,11.01,10.4,10.79,9.96,10.42,11.14,10.87,10,10.57
267.83,22,11.04,9.97,11.12,10.05,10.47,10.26,10.99,10.4,10.79,9.96,10.4,11.14,10.87,10,10.57
268.83,22,11.04,10,11.14,10.08,10.49,10.28,10.96,10.4,10.79,9.97,10.4,11.12,10.89,10,10.57
269.83,22,11.04,9.99,11.12,10.07,10.49,10.28,10.98,10.4,10.79,10,10.4,11.14,10.92,9.99,10.57
270.85,22,11.04,9.97,11.11,10.08,10.49,10.26,10.99,10.39,10.78,9.99,10.4,11.14,10.91,9.97,10.56
271.85,22,10.99,9.96,11.09,10.04,10.49,10.26,10.99,10.37,10.78,9.99,10.39,11.11,10.91,9.99,10.53
272.85,22,10.99,9.94,11.11,10.05,10.49,10.23,10.99,10.37,10.75,9.97,10.37,11.09,10.88,9.96,10.53
273.85,22,11.01,9.96,11.11,10.07,10.49,10.22,11.01,10.39,10.78,9.99,10.37,11.11,10.89,9.97,10.53
274.85,22,10.99,9.96,11.11,10.05,10.5,10.23,10.98,10.37,10.77,9.97,10.4,11.11,10.88,9.97,10.54
275.85,22,10.98,9.96,11.09,10.04,10.49,10.23,11.01,10.37,10.77,9.96,10.36,11.09,10.84,9.96,10.51
276.87,22,10.96,9.94,11.06,10.03,10.47,10.22,10.98,10.35,10.74,9.94,10.37,11.09,10.82,9.94,10.51
277.87,22,10.96,9.93,11.06,10.01,10.46,10.19,10.96,10.36,10.72,9.94,10.36,11.08,10.82,9.94,10.5
278.87,22,10.95,9.92,11.05,10,10.43,10.19,10.95,10.33,10.74,9.93,10.35,11.06,10.81,9.93,10.46
279.87,22,10.96,9.94,11.05,10,10.46,10.19,10.95,10.33,10.74,9.93,10.36,11.06,10.79,9.94,10.49
280.88,22,10.99,9.96,11.06,10.01,10.46,10.18,10.96,10.36,10.74,9.94,10.37,11.08,10.82,9.96,10.5
281.88,22,10.99,9.96,11.05,9.99,10.46,10.19,10.96,10.35,10.77,9.93,10.36,11.05,10.81,9.96,10.5
282.9,22,10.96,9.92,11.04,9.97,10.43,10.17,10.94,10.35,10.74,9.89,10.35,11.06,10.77,9.94,10.49
283.9,22,10.96,9.92,11.04,9.96,10.4,10.15,10.89,10.33,10.71,9.88,10.35,11.04,10.79,9.93,10.47
284.9,22,10.96,9.92,11.06,9.99,10.4,10.19,10.89,10.32,10.71,9.89,10.33,11.05,10.81,9.92,10.5
285.9,22,10.96,9.92,11.04,9.97,10.42,10.19,10.91,10.32,10.71,9.9,10.35,11.05,10.82,9.92,10.49
286.9,22,10.95,9.92,11.05,9.99,10.42,10.19,10.92,10.33,10.72,9.9,10.35,11.05,10.82,9.89,10.49
287.92,22,10.95,9.92,11.05,10,10.43,10.18,10.94,10.32,10.71,9.9,10.33,11.05,10.82,9.89,10.49
288.92,22,10.94,9.92,11.04,9.99,10.42,10.17,10.92,10.33,10.72,9.9,10.33,11.05,10.82,9.89,10.47
289.92,22,10.91,9.89,11.02,9.96,10.42,10.15,10.91,10.32,10.68,9.89,10.3,11.02,10.79,9.88,10.44
290.92,22,10.91,9.88,11.02,9.96,10.4,10.14,10.91,10.3,10.68,9.89,10.3,11.02,10.79,9.86,10.43
291.92,22,10.89,9.88,11.02,9.94,10.42,10.12,10.92,10.32,10.68,9.86,10.3,11.01,10.78,9.86,10.44
292.93,22,10.91,9.88,11.02,9.96,10.42,10.14,10.91,10.3,10.7,9.89,10.32,11.01,10.79,9.89,10.44
293.93,22,10.88,9.88,10.98,9.93,10.4,10.12,10.88,10.29,10.67,9.86,10.29,11.01,10.75,9.86,10.42
294.93,22,10.87,9.88,10.99,9.92,10.39,10.11,10.88,10.29,10.67,9.86,10.29,10.99,10.74,9.86,10.42
295.93,22,10.87,9.86,10.96,9.9,10.36,10.1,10.85,10.28,10.65,9.84,10.29,10.98,10.72,9.85,10.39
296.93,22,10.88,9.88,10.99,9.9,10.37,10.1,10.88,10.28,10.65,9.86,10.29,10.99,10.74,9.86,10.4
297.95,22,10.87,9.88,10.98,9.89,10.36,10.1,10.85,10.28,10.65,9.84,10.28,10.99,10.72,9.86,10.39
298.95,22,10.85,9.86,10.95,9.89,10.35,10.07,10.85,10.26,10.65,9.81,10.28,10.96,10.7,9.85,10.4
299.95,22,10.87,9.84,10.96,9.86,10.35,10.04,10.82,10.28,10.63,9.78,10.28,10.96,10.67,9.85,10.39
300.97,22,10.88,9.86,10.98,9.85,10.32,10.08,10.81,10.26,10.63,9.78,10.26,10.95,10.7,9.85,10.39
301.97,22,10.88,9.85,10.96,9.88,10.33,10.08,10.78,10.26,10.64,9.79,10.28,10.98,10.72,9.82,10.4
302.97,22,10.87,9.86,10.98,9.9,10.35,10.08,10.81,10.25,10.65,9.82,10.26,10.98,10.74,9.82,10.4
303.98,22,10.87,9.85,10.96,9.89,10.35,10.08,10.84,10.26,10.64,9.81,10.26,10.98,10.74,9.81,10.39
304.98,22,10.85,9.84,10.96,9.89,10.35,10.08,10.84,10.25,10.63,9.81,10.25,10.95,10.72,9.78,10.37
305.98,22,10.85,9.84,10.94,9.89,10.35,10.07,10.84,10.22,10.63,9.79,10.26,10.95,10.72,9.79,10.36
306.98,22,10.81,9.79,10.95,9.86,10.33,10.07,10.81,10.22,10.6,9.79,10.23,10.94,10.71,9.77,10.35
308,22,10.82,9.84,10.95,9.88,10.35,10.05,10.81,10.23,10.63,9.79,10.23,10.94,10.71,9.79,10.36
309,22,10.79,9.81,10.94,9.85,10.33,10.03,10.81,10.22,10.58,9.78,10.23,10.92,10.7,9.78,10.35
310,22,10.79,9.78,10.89,9.82,10.32,10.03,10.78,10.21,10.6,9.77,10.22,10.91,10.67,9.75,10.32
311,22,10.78,9.77,10.89,9.82,10.32,10.01,10.77,10.19,10.57,9.75,10.22,10.89,10.67,9.78,10.29
312,22,10.79,9.78,10.91,9.82,10.32,10.01,10.78,10.21,10.58,9.75,10.22,10.88,10.64,9.78,10.3
313.02,22,10.78,9.79,10.91,9.81,10.3,10.01,10.77,10.19,10.6,9.74,10.21,10.91,10.64,9.77,10.3
314.02,22,10.78,9.78,10.89,9.81,10.29,10,10.77,10.21,10.58,9.75,10.21,10.89,10.63,9.77,10.3
315.02,22,10.77,9.78,10.89,9.78,10.28,9.97,10.75,10.19,10.57,9.74,10.18,10.89,10.6,9.77,10.3
316.02,22,10.77,9.75,10.87,9.77,10.26,9.97,10.74,10.18,10.56,9.71,10.21,10.88,10.6,9.77,10.29
317.02,22,10.75,9.75,10.85,9.78,10.26,9.94,10.74,10.18,10.58,9.71,10.19,10.88,10.57,9.77,10.29
318.03,22,10.78,9.75,10.88,9.74,10.23,9.96,10.7,10.17,10.54,9.67,10.18,10.88,10.6,9.75,10.29
319.03,22,10.78,9.78,10.89,9.77,10.22,9.97,10.68,10.18,10.54,9.7,10.19,10.89,10.61,9.73,10.29
320.03,22,10.78,9.77,10.89,9.78,10.22,9.99,10.68,10.18,10.54,9.7,10.21,10.89,10.64,9.73,10.3
321.05,22,10.78,9.78,10.91,9.79,10.25,9.99,10.71,10.18,10.56,9.7,10.21,10.88,10.63,9.73,10.29
322.05,22,10.77,9.77,10.89,9.79,10.26,9.99,10.74,10.18,10.56,9.7,10.19,10.88,10.63,9.71,10.29
323.05,22,10.74,9.75,10.88,9.79,10.26,9.96,10.74,10.17,10.53,9.7,10.17,10.87,10.61,9.7,10.26
324.05,22,10.74,9.75,10.87,9.78,10.28,9.94,10.71,10.17,10.54,9.7,10.17,10.87,10.6,9.7,10.28
325.05,22,10.71,9.73,10.87,9.77,10.25,9.94,10.72,10.15,10.54,9.69,10.17,10.85,10.6,9.69,10.25
326.07,22,10.7,9.71,10.84,9.74,10.25,9.92,10.71,10.14,10.51,9.64,10.17,10.82,10.58,9.67,10.23
327.07,22,10.68,9.73,10.84,9.73,10.23,9.92,10.68,10.14,10.5,9.67,10.15,10.82,10.57,9.69,10.22
328.07,22,10.68,9.71,10.81,9.73,10.22,9.92,10.68,10.12,10.5,9.64,10.17,10.79,10.56,9.69,10.22
329.08,22,10.68,9.69,10.79,9.7,10.21,9.88,10.67,10.12,10.49,9.63,10.14,10.79,10.53,9.66,10.21
330.08,22,10.68,9.69,10.79,9.71,10.22,9.89,10.67,10.12,10.49,9.64,10.12,10.81,10.51,9.67,10.19
331.08,22,10.68,9.69,10.79,9.7,10.22,9.9,10.67,10.11,10.49,9.63,10.14,10.81,10.54,9.66,10.19
332.1,22,10.67,9.7,10.79,9.69,10.19,9.88,10.64,10.11,10.49,9.63,10.14,10.79,10.53,9.67,10.21
333.1,22,10.65,9.67,10.77,9.66,10.17,9.86,10.61,10.1,10.5,9.6,10.12,10.79,10.49,9.67,10.18
334.1,22,10.67,9.66,10.77,9.64,10.15,9.85,10.61,10.1,10.46,9.56,10.12,10.78,10.44,9.66,10.18
335.1,22,10.7,9.7,10.81,9.64,10.15,9.85,10.56,10.1,10.46,9.56,10.14,10.79,10.5,9.64,10.19
336.12,22,10.68,9.69,10.82,9.67,10.15,9.88,10.57,10.08,10.46,9.58,10.14,10.79,10.54,9.63,10.21
337.12,22,10.68,9.67,10.82,9.67,10.15,9.88,10.58,10.1,10.46,9.58,10.12,10.79,10.54,9.63,10.19
338.12,22,10.67,9.67,10.81,9.7,10.17,9.89,10.6,10.1,10.46,9.59,10.1,10.79,10.54,9.62,10.19
339.12,22,10.65,9.69,10.81,9.69,10.18,9.88,10.61,10.1,10.44,9.58,10.11,10.78,10.53,9.6,10.18
340.13,22,10.64,9.67,10.78,9.69,10.18,9.85,10.61,10.07,10.44,9.59,10.1,10.78,10.53,9.58,10.17
341.13,22,10.63,9.67,10.78,9.67,10.19,9.85,10.61,10.07,10.44,9.58,10.08,10.75,10.51,9.59,10.15
342.13,22,10.6,9.66,10.77,9.67,10.19,9.85,10.6,10.07,10.46,9.58,10.08,10.77,10.5,9.59,10.14
343.13,22,10.6,9.64,10.75,9.64,10.18,9.84,10.58,10.04,10.43,9.58,10.07,10.74,10.47,9.59,10.14
344.15,22,10.57,9.6,10.72,9.62,10.15,9.81,10.57,10.03,10.4,9.54,10.05,10.72,10.46,9.56,10.11
345.15,22,10.6,9.6,10.72,9.63,10.17,9.81,10.58,10.05,10.42,9.55,10.08,10.72,10.44,9.59,10.11
346.15,22,10.58,9.62,10.72,9.62,10.14,9.77,10.56,10.03,10.4,9.54,10.05,10.71,10.42,9.58,10.1
347.17,22,10.57,9.6,10.71,9.6,10.12,9.77,10.57,10.03,10.4,9.52,10.04,10.7,10.4,9.58,10.08
348.17,22,10.57,9.6,10.7,9.59,10.11,9.75,10.54,10.01,10.39,9.52,10.07,10.7,10.42,9.58,10.1
349.17,22,10.54,9.59,10.68,9.56,10.08,9.74,10.51,10.01,10.37,9.51,10.03,10.68,10.37,9.56,10.07
350.17,22,10.56,9.56,10.65,9.55,10.08,9.73,10.51,10,10.39,9.45,10.04,10.68,10.36,9.56,10.08
351.18,22,10.58,9.59,10.71,9.54,10.05,9.71,10.46,9.99,10.36,9.44,10.04,10.67,10.37,9.55,10.08
352.18,22,10.6,9.6,10.71,9.55,10.05,9.74,10.46,9.97,10.36,9.44,10.03,10.7,10.43,9.54,10.08
353.18,22,10.58,9.62,10.72,9.58,10.08,9.77,10.46,9.99,10.36,9.47,10.04,10.71,10.44,9.52,10.11
354.18,22,10.57,9.62,10.72,9.55,10.1,9.77,10.49,9.99,10.37,9.47,10.04,10.68,10.44,9.51,10.1
355.2,22,10.57,9.59,10.72,9.56,10.11,9.77,10.51,10,10.37,9.5,10.03,10.68,10.44,9.51,10.1
356.2,22,10.54,9.59,10.71,9.58,10.11,9.75,10.53,9.99,10.37,9.48,10.01,10.68,10.44,9.48,10.08
357.2,22,10.53,9.58,10.67,9.55,10.1,9.73,10.51,9.96,10.35,9.45,9.97,10.65,10.42,9.45,10.04
358.2,22,10.51,9.56,10.68,9.54,10.08,9.71,10.51,9.96,10.35,9.44,10,10.65,10.4,9.47,10.04
359.22,22,10.49,9.55,10.67,9.52,10.07,9.71,10.5,9.96,10.33,9.45,9.97,10.64,10.39,9.45,10.01
360.22,22,10.49,9.54,10.65,9.51,10.07,9.7,10.49,9.94,10.33,9.44,9.99,10.63,10.37,9.45,10.01
361.23,22,10.47,9.52,10.64,9.5,10.07,9.69,10.47,9.94,10.32,9.43,9.99,10.61,10.36,9.44,9.99
362.23,22,10.46,9.5,10.61,9.47,10.04,9.64,10.44,9.93,10.29,9.4,9.97,10.58,10.32,9.43,9.97
363.23,22,10.46,9.51,10.6,9.45,10.04,9.66,10.43,9.93,10.28,9.41,9.97,10.6,10.3,9.45,9.97
364.23,22,10.43,9.5,10.58,9.44,10.03,9.63,10.4,9.89,10.28,9.39,9.94,10.56,10.28,9.43,9.94
365.25,22,10.44,9.5,10.58,9.43,10.01,9.62,10.4,9.9,10.28,9.4,9.96,10.57,10.28,9.43,9.94
366.25,22,10.43,9.48,10.56,9.41,9.99,9.6,10.39,9.9,10.26,9.37,9.93,10.54,10.26,9.43,9.93
367.25,22,10.42,9.5,10.56,9.4,9.99,9.59,10.37,9.89,10.26,9.36,9.94,10.57,10.25,9.43,9.94
368.27,22,10.42,9.47,10.56,9.36,9.96,9.54,10.33,9.88,10.23,9.32,9.92,10.54,10.22,9.41,9.93
369.27,22,10.46,9.5,10.58,9.35,9.94,9.58,10.32,9.88,10.23,9.31,9.94,10.54,10.28,9.41,9.92
370.27,22,10.47,9.5,10.61,9.36,9.94,9.62,10.32,9.86,10.23,9.32,9.94,10.57,10.3,9.39,9.94
371.27,22,10.47,9.51,10.63,9.41,9.97,9.63,10.35,9.88,10.28,9.36,9.94,10.58,10.33,9.39,9.94
372.27,22,10.46,9.5,10.61,9.41,9.99,9.62,10.36,9.88,10.26,9.36,9.93,10.58,10.3,9.36,9.94
373.27,22,10.44,9.51,10.61,9.43,10,9.63,10.4,9.88,10.28,9.36,9.93,10.57,10.3,9.37,9.94
374.27,22,10.42,9.48,10.58,9.41,9.99,9.62,10.39,9.88,10.26,9.35,9.92,10.57,10.32,9.35,9.93
375.27,22,10.39,9.48,10.56,9.4,9.97,9.59,10.39,9.88,10.22,9.33,9.9,10.56,10.29,9.36,9.92
376.27,22,10.39,9.45,10.54,9.39,9.99,9.58,10.36,9.86,10.22,9.32,9.89,10.51,10.25,9.32,9.9
377.27,22,10.37,9.44,10.54,9.39,9.99,9.56,10.36,9.85,10.23,9.31,9.88,10.5,10.25,9.32,9.89
378.28,22,10.36,9.43,10.51,9.36,9.97,9.56,10.35,9.84,10.21,9.31,9.88,10.49,10.22,9.33,9.86
379.28,22,10.32,9.41,10.5,9.32,9.93,9.52,10.29,9.81,10.18,9.29,9.86,10.47,10.21,9.31,9.85
380.28,22,10.33,9.41,10.49,9.31,9.94,9.5,10.3,9.82,10.17,9.28,9.85,10.46,10.18,9.31,9.84
381.28,22,10.3,9.39,10.46,9.29,9.92,9.5,10.29,9.79,10.15,9.28,9.85,10.43,10.15,9.31,9.82
382.3,22,10.3,9.39,10.44,9.28,9.9,9.47,10.26,9.79,10.15,9.25,9.84,10.43,10.14,9.31,9.82
383.3,22,10.3,9.37,10.44,9.27,9.89,9.44,10.25,9.79,10.15,9.24,9.82,10.43,10.12,9.31,9.81
384.3,22,10.28,9.37,10.43,9.27,9.88,9.45,10.22,9.79,10.15,9.21,9.82,10.43,10.11,9.32,9.81
385.3,22,10.32,9.37,10.44,9.24,9.85,9.44,10.21,9.77,10.12,9.19,9.82,10.43,10.08,9.31,9.81
386.3,22,10.35,9.39,10.47,9.21,9.81,9.43,10.15,9.75,10.1,9.17,9.82,10.43,10.15,9.29,9.82
387.3,22,10.33,9.41,10.5,9.24,9.84,9.47,10.18,9.75,10.12,9.2,9.84,10.46,10.18,9.28,9.84
388.3,22,10.36,9.43,10.51,9.28,9.88,9.5,10.23,9.75,10.17,9.23,9.85,10.47,10.22,9.27,9.84
389.3,22,10.33,9.41,10.5,9.29,9.89,9.5,10.23,9.75,10.14,9.23,9.85,10.46,10.21,9.25,9.84
390.32,22,10.32,9.4,10.5,9.29,9.9,9.48,10.26,9.74,10.15,9.21,9.82,10.44,10.19,9.23,9.82
391.32,22,10.29,9.37,10.47,9.28,9.88,9.45,10.25,9.75,10.12,9.21,9.81,10.44,10.17,9.23,9.79
392.32,22,10.26,9.37,10.46,9.28,9.89,9.47,10.26,9.75,10.12,9.2,9.81,10.42,10.15,9.21,9.79
393.32,22,10.25,9.35,10.43,9.25,9.89,9.44,10.23,9.75,10.11,9.19,9.78,10.4,10.11,9.21,9.77
394.32,22,10.22,9.33,10.4,9.23,9.86,9.41,10.21,9.74,10.1,9.17,9.75,10.36,10.1,9.19,9.74
395.32,22,10.21,9.32,10.39,9.21,9.85,9.4,10.18,9.73,10.07,9.16,9.77,10.35,10.05,9.19,9.71
396.32,22,10.19,9.31,10.36,9.2,9.86,9.39,10.18,9.74,10.05,9.15,9.78,10.36,10.05,9.19,9.71
397.32,22,10.19,9.29,10.35,9.17,9.84,9.36,10.15,9.7,10.03,9.13,9.74,10.33,10.01,9.19,9.7
398.32,22,10.18,9.28,10.35,9.15,9.81,9.35,10.14,9.7,10.03,9.15,9.74,10.32,10,9.2,9.69
399.33,22,10.17,9.28,10.33,9.15,9.79,9.32,10.12,9.69,10.04,9.12,9.75,10.3,10.01,9.19,9.69
400.33,22,10.17,9.27,10.33,9.13,9.79,9.31,10.11,9.69,10.03,9.09,9.74,10.32,9.97,9.19,9.69
401.33,22,10.17,9.24,10.29,9.11,9.74,9.29,10.07,9.67,10,9.05,9.71,10.29,9.93,9.19,9.67
402.35,22,10.22,9.29,10.36,9.07,9.71,9.29,10.03,9.66,9.99,9.03,9.73,10.28,9.99,9.15,9.67
403.35,22,10.23,9.33,10.39,9.08,9.74,9.33,10.04,9.64,10,9.07,9.75,10.33,10.04,9.16,9.71
404.35,22,10.23,9.33,10.42,9.13,9.75,9.37,10.1,9.66,10.04,9.08,9.75,10.35,10.07,9.15,9.73
405.35,22,10.21,9.31,10.39,9.15,9.77,9.36,10.11,9.64,10.04,9.08,9.74,10.33,10.07,9.11,9.71
406.35,22,10.19,9.32,10.4,9.16,9.79,9.35,10.14,9.67,10.03,9.11,9.74,10.33,10.05,9.12,9.71
407.37,22,10.17,9.27,10.36,9.15,9.78,9.33,10.12,9.66,10.03,9.09,9.7,10.3,10.04,9.11,9.67
408.37,22,10.14,9.27,10.36,9.12,9.78,9.32,10.12,9.66,10.01,9.08,9.7,10.29,10.03,9.09,9.66
409.37,22,10.11,9.25,10.32,9.11,9.77,9.29,10.11,9.64,10,9.07,9.69,10.29,10,9.08,9.64
410.37,22,10.08,9.21,10.3,9.08,9.75,9.28,10.07,9.62,9.96,9.04,9.67,10.25,9.96,9.05,9.62
411.37,22,10.08,9.2,10.29,9.07,9.75,9.27,10.05,9.62,9.94,9.04,9.67,10.23,9.96,9.07,9.6
412.38,22,10.05,9.19,10.25,9.05,9.73,9.23,10.03,9.59,9.93,9.01,9.64,10.21,9.89,9.05,9.56
413.38,22,10.04,9.19,10.22,9.04,9.71,9.21,9.99,9.56,9.9,9,9.63,10.19,9.88,9.04,9.55
414.38,22,10.03,9.17,10.22,9.01,9.7,9.19,9.96,9.56,9.9,8.97,9.63,10.18,9.88,9.04,9.54
415.38,22,10.03,9.16,10.21,9,9.69,9.17,9.97,9.55,9.89,8.99,9.63,10.15,9.86,9.04,9.52
416.4,22,10.01,9.13,10.18,8.96,9.64,9.15,9.94,9.54,9.88,8.97,9.6,10.15,9.84,9.03,9.52
417.4,22,10,9.13,10.17,8.96,9.63,9.13,9.93,9.52,9.88,8.949999999999998,9.59,10.15,9.82,9.04,9.51
418.4,22,10.01,9.13,10.15,8.949999999999998,9.6,9.12,9.9,9.52,9.86,8.92,9.59,10.12,9.78,9.04,9.52
419.4,22,10.07,9.17,10.22,8.92,9.6,9.12,9.86,9.52,9.86,8.88,9.6,10.14,9.84,9.03,9.52
420.4,22,10.1,9.21,10.26,8.92,9.59,9.17,9.85,9.51,9.85,8.91,9.63,10.18,9.9,9.01,9.55
421.42,22,10.07,9.21,10.26,8.96,9.63,9.16,9.88,9.5,9.86,8.92,9.6,10.17,9.9,8.97,9.55
422.42,22,10.07,9.2,10.26,8.97,9.64,9.17,9.92,9.51,9.89,8.92,9.6,10.17,9.92,8.96,9.56
423.42,22,10.04,9.17,10.25,9,9.66,9.19,9.94,9.52,9.89,8.93,9.6,10.18,9.9,8.93,9.55
424.42,22,10.03,9.17,10.23,8.97,9.63,9.17,9.94,9.52,9.88,8.92,9.58,10.17,9.89,8.91,9.52
425.42,22,10,9.16,10.23,8.99,9.66,9.16,9.96,9.52,9.86,8.93,9.59,10.17,9.88,8.91,9.51
426.43,22,9.97,9.13,10.19,8.96,9.64,9.16,9.94,9.52,9.84,8.91,9.56,10.12,9.85,8.88,9.5
427.43,22,9.94,9.12,10.17,8.93,9.62,9.12,9.92,9.5,9.82,8.88,9.54,10.1,9.82,8.88,9.45
428.43,22,9.93,9.11,10.17,8.92,9.63,9.11,9.89,9.48,9.82,8.89,9.54,10.1,9.79,8.88,9.44
429.43,22,9.9,9.08,10.12,8.89,9.6,9.07,9.86,9.45,9.78,8.87,9.52,10.05,9.78,8.85,9.41
430.43,22,9.88,9.05,10.08,8.85,9.59,9.03,9.82,9.44,9.77,8.85,9.51,10.03,9.74,8.85,9.39
431.45,22,9.86,9.04,10.08,8.83,9.56,9.01,9.81,9.43,9.75,8.81,9.48,10,9.7,8.84,9.36
432.45,22,9.88,9.04,10.07,8.81,9.54,9.04,9.81,9.41,9.74,8.83,9.5,9.99,9.71,8.84,9.36
433.45,22,9.85,9.04,10.05,8.8,9.52,8.99,9.81,9.4,9.74,8.8,9.48,9.97,9.69,8.85,9.36
434.45,22,9.84,8.99,10,8.77,9.5,8.96,9.77,9.37,9.7,8.77,9.45,9.96,9.66,8.84,9.32
435.47,22,9.82,8.97,9.97,8.76,9.5,8.96,9.75,9.37,9.71,8.75,9.47,9.96,9.63,8.84,9.33
436.47,22,9.88,9.01,10.04,8.73,9.45,8.93,9.69,9.36,9.67,8.71,9.45,9.94,9.63,8.84,9.32
437.47,22,9.93,9.07,10.1,8.699999999999998,9.43,8.96,9.66,9.36,9.66,8.72,9.45,9.97,9.71,8.81,9.35
438.47,22,9.93,9.08,10.1,8.699999999999998,9.43,8.99,9.67,9.33,9.7,8.75,9.48,10,9.74,8.79,9.37
439.47,22,9.93,9.08,10.12,8.75,9.5,9.03,9.74,9.35,9.73,8.76,9.5,10.03,9.77,8.79,9.4
440.47,22,9.9,9.07,10.12,8.79,9.52,9.03,9.77,9.37,9.74,8.79,9.47,10.03,9.75,8.75,9.39
441.47,22,9.88,9.04,10.1,8.79,9.52,9.01,9.78,9.39,9.74,8.77,9.45,10.03,9.74,8.72,9.37
442.48,22,9.84,9.03,10.08,8.77,9.52,9,9.77,9.37,9.74,8.76,9.45,10,9.74,8.71,9.35
443.48,22,9.82,9.01,10.05,8.76,9.52,8.97,9.77,9.37,9.71,8.75,9.43,9.99,9.71,8.699999999999998,9.32
444.48,22,9.78,8.99,10.04,8.75,9.52,8.97,9.77,9.37,9.7,8.75,9.41,9.94,9.69,8.67,9.31
445.48,22,9.74,8.949999999999998,9.99,8.72,9.5,8.93,9.71,9.33,9.67,8.72,9.39,9.93,9.64,8.66,9.27
446.48,22,9.74,8.92,9.97,8.699999999999998,9.47,8.91,9.7,9.32,9.63,8.699999999999998,9.37,9.88,9.6,8.66,9.24
447.48,22,9.7,8.91,9.93,8.64,9.44,8.88,9.66,9.29,9.62,8.67,9.36,9.86,9.58,8.64,9.21
448.5,22,9.7,8.92,9.93,8.63,9.44,8.87,9.64,9.29,9.6,8.67,9.35,9.85,9.54,8.64,9.19
449.5,22,9.69,8.89,9.9,8.59,9.41,8.83,9.6,9.27,9.56,8.66,9.33,9.82,9.52,8.64,9.17
450.5,22,9.69,8.85,9.86,8.59,9.39,8.79,9.58,9.25,9.56,8.64,9.32,9.79,9.5,8.63,9.16
451.5,22,9.66,8.87,9.85,8.56,9.37,8.77,9.58,9.24,9.56,8.63,9.31,9.79,9.48,8.63,9.16
452.52,22,9.63,8.84,9.82,8.54,9.35,8.76,9.55,9.23,9.55,8.6,9.31,9.78,9.47,8.64,9.16
453.52,22,9.74,8.91,9.9,8.51,9.32,8.73,9.48,9.23,9.52,8.54,9.29,9.77,9.5,8.66,9.13
454.52,22,9.77,8.93,9.97,8.47,9.31,8.77,9.47,9.2,9.5,8.59,9.31,9.82,9.58,8.63,9.17
455.53,22,9.77,8.949999999999998,9.99,8.5,9.35,8.81,9.55,9.19,9.56,8.62,9.33,9.85,9.62,8.62,9.2
456.53,22,9.75,8.96,9.99,8.56,9.39,8.83,9.62,9.2,9.59,8.63,9.33,9.88,9.63,8.59,9.21
457.53,22,9.74,8.949999999999998,9.97,8.58,9.4,8.84,9.63,9.23,9.59,8.63,9.33,9.86,9.62,8.56,9.21
458.53,22,9.7,8.91,9.93,8.59,9.4,8.81,9.63,9.23,9.6,8.63,9.29,9.85,9.56,8.54,9.2
459.53,22,9.67,8.89,9.92,8.58,9.4,8.81,9.62,9.23,9.58,8.6,9.29,9.85,9.56,8.51,9.17
460.53,22,9.63,8.85,9.88,8.56,9.37,8.77,9.59,9.21,9.55,8.59,9.27,9.79,9.51,8.49,9.13
461.55,22,9.6,8.83,9.86,8.54,9.37,8.75,9.56,9.19,9.52,8.58,9.24,9.77,9.48,8.47,9.12
462.55,22,9.56,8.79,9.81,8.5,9.35,8.72,9.52,9.17,9.5,8.54,9.21,9.74,9.45,8.449999999999998,9.07
463.55,22,9.54,8.79,9.78,8.46,9.31,8.699999999999998,9.5,9.15,9.45,8.52,9.21,9.7,9.4,8.46,9.04
464.55,22,9.54,8.77,9.75,8.449999999999998,9.31,8.66,9.45,9.12,9.44,8.5,9.19,9.67,9.37,8.449999999999998,9.03
465.55,22,9.52,8.76,9.74,8.42,9.28,8.66,9.43,9.11,9.41,8.5,9.19,9.66,9.35,8.43,9
466.55,22,9.51,8.73,9.73,8.39,9.27,8.6,9.43,9.07,9.4,8.49,9.17,9.62,9.32,8.449999999999998,8.97
467.55,22,9.48,8.699999999999998,9.67,8.37,9.21,8.56,9.39,9.05,9.35,8.449999999999998,9.13,9.62,9.29,8.42,8.96
468.57,22,9.47,8.699999999999998,9.64,8.34,9.2,8.56,9.37,9.04,9.36,8.43,9.13,9.6,9.27,8.449999999999998,8.96
469.57,22,9.55,8.75,9.71,8.3,9.17,8.55,9.32,9.01,9.32,8.39,9.13,9.59,9.31,8.449999999999998,8.96
470.57,22,9.62,8.81,9.81,8.279999999999998,9.13,8.58,9.28,8.99,9.32,8.39,9.13,9.64,9.37,8.41,8.97
471.57,22,9.62,8.81,9.82,8.3,9.2,8.62,9.33,9,9.39,8.43,9.19,9.7,9.43,8.39,9.03
472.57,22,9.6,8.83,9.81,8.33,9.23,8.64,9.39,9,9.4,8.46,9.17,9.7,9.44,8.37,9.03
473.57,22,9.56,8.8,9.79,8.38,9.25,8.66,9.41,9.04,9.4,8.449999999999998,9.16,9.69,9.4,8.33,9.01
474.58,22,9.52,8.77,9.79,8.39,9.27,8.66,9.43,9.04,9.41,8.46,9.17,9.69,9.4,8.32,9.01
475.58,22,9.48,8.75,9.75,8.38,9.25,8.63,9.4,9.05,9.4,8.42,9.13,9.66,9.35,8.279999999999998,8.99
476.58,22,9.44,8.71,9.73,8.36,9.24,8.59,9.39,9.04,9.37,8.39,9.12,9.63,9.32,8.25,8.96
477.6,22,9.41,8.68,9.7,8.33,9.21,8.56,9.37,9.03,9.35,8.38,9.11,9.59,9.31,8.24,8.92
478.6,22,9.37,8.64,9.64,8.32,9.21,8.54,9.33,9,9.32,8.37,9.08,9.55,9.25,8.24,8.89
479.6,22,9.35,8.62,9.62,8.26,9.17,8.51,9.29,8.96,9.29,8.34,9.05,9.54,9.21,8.21,8.87
480.6,22,9.35,8.62,9.59,8.26,9.16,8.49,9.25,8.99,9.27,8.32,9.04,9.51,9.17,8.21,8.84
481.6,22,9.33,8.6,9.58,8.23,9.13,8.47,9.25,8.96,9.24,8.3,9.03,9.47,9.16,8.21,8.81
482.6,22,9.32,8.59,9.56,8.21,9.11,8.42,9.21,8.92,9.21,8.29,9,9.45,9.15,8.23,8.8
483.6,22,9.29,8.55,9.51,8.17,9.07,8.38,9.19,8.89,9.19,8.26,8.97,9.41,9.12,8.21,8.76
484.62,22,9.28,8.55,9.5,8.15,9.04,8.37,9.17,8.88,9.19,8.23,8.97,9.43,9.09,8.21,8.77
485.62,22,9.35,8.58,9.54,8.1,8.97,8.32,9.07,8.83,9.13,8.17,8.93,9.39,9.07,8.21,8.75
486.62,22,9.43,8.66,9.64,8.1,8.97,8.36,9.07,8.83,9.12,8.199999999999998,8.96,9.48,9.19,8.21,8.81
487.62,22,9.45,8.68,9.67,8.1,9.01,8.42,9.11,8.81,9.2,8.25,9,9.52,9.24,8.21,8.87
488.63,22,9.41,8.68,9.66,8.15,9.07,8.43,9.16,8.83,9.25,8.26,9.01,9.54,9.25,8.17,8.87
489.63,22,9.39,8.64,9.64,8.199999999999998,9.09,8.449999999999998,9.21,8.85,9.24,8.26,9.01,9.54,9.25,8.15,8.87
490.63,22,9.36,8.63,9.64,8.21,9.09,8.449999999999998,9.23,8.87,9.24,8.25,9,9.52,9.23,8.12,8.84
491.63,22,9.32,8.62,9.62,8.19,9.11,8.449999999999998,9.23,8.88,9.23,8.24,8.99,9.5,9.19,8.1,8.81
492.63,22,9.29,8.56,9.56,8.16,9.09,8.42,9.21,8.88,9.2,8.24,8.96,9.47,9.15,8.08,8.76
493.63,22,9.24,8.54,9.52,8.15,9.08,8.38,9.19,8.85,9.19,8.199999999999998,8.93,9.43,9.11,8.07,8.73
494.63,22,9.19,8.5,9.5,8.11,9.04,8.33,9.12,8.85,9.13,8.17,8.91,9.37,9.05,8.05,8.699999999999998
495.63,22,9.17,8.49,9.45,8.1,9.03,8.3,9.09,8.81,9.12,8.16,8.89,9.35,9.03,8.05,8.67
496.65,22,9.13,8.46,9.4,8.029999999999998,8.99,8.26,9.04,8.79,9.07,8.12,8.87,9.31,8.99,8.029999999999998,8.63
497.65,22,9.13,8.449999999999998,9.4,8.01,8.97,8.24,9.01,8.76,9.05,8.1,8.85,9.28,8.96,8.02,8.6
498.65,22,9.12,8.449999999999998,9.36,7.98,8.93,8.21,8.99,8.73,9.01,8.08,8.83,9.25,8.92,8.02,8.58
499.65,22,9.08,8.41,9.33,7.96,8.91,8.17,8.96,8.699999999999998,8.99,8.07,8.8,9.23,8.89,8.02,8.55
500.65,22,9.08,8.38,9.29,7.9,8.88,8.15,8.92,8.699999999999998,8.96,8.029999999999998,8.79,9.21,8.87,8.02,8.54
501.67,22,9.2,8.449999999999998,9.4,7.85,8.83,8.14,8.85,8.66,8.93,7.99,8.77,9.2,8.92,8.01,8.51
502.67,22,9.25,8.51,9.47,7.83,8.81,8.17,8.87,8.64,8.89,8.029999999999998,8.79,9.28,9.03,7.99,8.58
503.67,22,9.27,8.54,9.51,7.87,8.89,8.23,8.949999999999998,8.67,8.96,8.08,8.83,9.33,9.08,7.97,8.64
504.67,22,9.24,8.54,9.52,7.93,8.949999999999998,8.26,9.03,8.71,9.03,8.11,8.84,9.36,9.09,7.97,8.67
505.67,22,9.19,8.5,9.48,7.94,8.949999999999998,8.24,9.04,8.72,9.01,8.08,8.84,9.33,9.05,7.93,8.64
506.68,22,9.16,8.47,9.45,7.94,8.96,8.25,9.04,8.72,9.03,8.07,8.83,9.32,9.03,7.9,8.62
507.68,22,9.09,8.42,9.4,7.93,8.92,8.21,9.01,8.72,9,8.06,8.8,9.27,8.99,7.87,8.58
508.68,22,9.05,8.41,9.36,7.9,8.92,8.17,8.99,8.699999999999998,8.97,8.02,8.77,9.25,8.93,7.85,8.54
509.68,22,9.01,8.36,9.32,7.89,8.89,8.16,8.96,8.67,8.949999999999998,8.01,8.75,9.21,8.88,7.84,8.51
510.7,22,8.99,8.33,9.29,7.85,8.88,8.11,8.92,8.66,8.949999999999998,7.98,8.73,9.19,8.85,7.83,8.47
511.7,22,8.949999999999998,8.32,9.24,7.81,8.85,8.07,8.87,8.62,8.88,7.96,8.699999999999998,9.13,8.81,7.81,8.43
512.7,22,8.93,8.29,9.21,7.78,8.81,8.05,8.81,8.58,8.87,7.92,8.699999999999998,9.09,8.76,7.79,8.39
513.7,22,8.91,8.279999999999998,9.17,7.75,8.79,8.01,8.77,8.56,8.8,7.89,8.66,9.07,8.72,7.79,8.36
514.7,22,8.89,8.24,9.15,7.7,8.73,7.97,8.76,8.51,8.76,7.87,8.63,9.03,8.699999999999998,7.78,8.33
515.7,22,8.88,8.23,9.13,7.69,8.72,7.94,8.73,8.49,8.73,7.87,8.62,9.03,8.68,7.79,8.33
516.7,22,8.85,8.19,9.05,7.65,8.66,7.89,8.699999999999998,8.449999999999998,8.699999999999998,7.8,8.58,8.99,8.62,7.75,8.29
517.7,22,9,8.3,9.23,7.61,8.63,7.88,8.62,8.42,8.66,7.76,8.58,9.01,8.699999999999998,7.76,8.3
518.72,22,9.04,8.36,9.29,7.6,8.62,7.93,8.6,8.41,8.67,7.81,8.62,9.09,8.81,7.74,8.37
519.72,22,9.05,8.36,9.32,7.62,8.66,7.99,8.67,8.41,8.73,7.85,8.64,9.15,8.85,7.69,8.42
520.72,22,9.03,8.37,9.33,7.7,8.75,8.05,8.77,8.47,8.81,7.88,8.68,9.16,8.88,7.68,8.449999999999998
521.72,22,8.99,8.34,9.29,7.73,8.76,8.029999999999998,8.77,8.5,8.8,7.87,8.67,9.13,8.84,7.64,8.43
522.72,22,8.93,8.3,9.27,7.74,8.76,8.02,8.77,8.5,8.81,7.85,8.63,9.12,8.8,7.6,8.39
523.72,22,8.89,8.279999999999998,9.23,7.73,8.75,7.99,8.8,8.51,8.8,7.83,8.62,9.07,8.77,7.59,8.37
524.72,22,8.84,8.24,9.19,7.7,8.75,7.97,8.77,8.49,8.79,7.81,8.6,9.05,8.72,7.57,8.33
525.73,22,8.79,8.19,9.13,7.66,8.71,7.92,8.72,8.46,8.75,7.78,8.56,9,8.67,7.55,8.279999999999998
526.73,22,8.75,8.16,9.09,7.64,8.699999999999998,7.88,8.68,8.43,8.71,7.76,8.55,8.97,8.63,7.54,8.25
527.73,22,8.72,8.12,9.04,7.59,8.66,7.84,8.63,8.41,8.66,7.7,8.5,8.92,8.56,7.51,8.19
528.73,22,8.68,8.1,9,7.55,8.63,7.8,8.56,8.36,8.62,7.69,8.49,8.87,8.5,7.5,8.16
529.73,22,8.68,8.1,8.97,7.51,8.6,7.76,8.52,8.33,8.56,7.68,8.47,8.84,8.49,7.49,8.14
530.73,22,8.66,8.06,8.93,7.47,8.56,7.73,8.5,8.3,8.54,7.64,8.42,8.81,8.47,7.47,8.1
531.75,22,8.66,8.05,8.92,7.45,8.54,7.69,8.49,8.26,8.51,7.62,8.41,8.8,8.449999999999998,7.49,8.08
532.75,22,8.62,8.01,8.87,7.4,8.47,7.64,8.43,8.21,8.46,7.57,8.38,8.76,8.38,7.46,8.05
533.75,22,8.77,8.12,9.03,7.35,8.449999999999998,7.62,8.34,8.19,8.42,7.55,8.37,8.79,8.43,7.45,8.06
534.75,22,8.83,8.19,9.12,7.35,8.43,7.68,8.34,8.12,8.46,7.59,8.39,8.91,8.56,7.42,8.16
535.75,22,8.84,8.21,9.13,7.4,8.5,7.75,8.43,8.12,8.59,7.62,8.43,8.949999999999998,8.63,7.36,8.23
536.75,22,8.81,8.19,9.13,7.46,8.56,7.79,8.52,8.19,8.63,7.66,8.47,8.949999999999998,8.64,7.33,8.23
537.75,22,8.76,8.17,9.11,7.49,8.58,7.8,8.55,8.25,8.63,7.65,8.46,8.93,8.6,7.28,8.21
538.77,22,8.72,8.14,9.08,7.5,8.6,7.8,8.59,8.279999999999998,8.63,7.64,8.449999999999998,8.91,8.59,7.25,8.19
539.77,22,8.67,8.1,9.03,7.47,8.58,7.75,8.56,8.279999999999998,8.6,7.6,8.41,8.88,8.54,7.21,8.15
540.77,22,8.62,8.06,8.99,7.45,8.56,7.71,8.52,8.26,8.58,7.6,8.39,8.83,8.5,7.18,8.08
541.77,22,8.55,8.01,8.92,7.41,8.52,7.66,8.47,8.25,8.52,7.56,8.34,8.77,8.43,7.16,8.05
542.77,22,8.51,7.97,8.88,7.37,8.5,7.64,8.43,8.21,8.5,7.52,8.33,8.73,8.39,7.17,8.01
543.77,22,8.47,7.92,8.83,7.33,8.46,7.59,8.37,8.17,8.46,7.49,8.29,8.68,8.32,7.15,7.96
544.78,22,8.43,7.89,8.76,7.27,8.43,7.55,8.32,8.14,8.37,7.45,8.26,8.63,8.279999999999998,7.12,7.89
545.78,22,8.42,7.88,8.75,7.23,8.41,7.51,8.26,8.1,8.36,7.42,8.23,8.59,8.21,7.11,7.88
546.78,22,8.41,7.87,8.71,7.17,8.37,7.47,8.21,8.029999999999998,8.3,7.4,8.21,8.55,8.19,7.08,7.84
547.78,22,8.39,7.84,8.68,7.16,8.32,7.44,8.199999999999998,8.01,8.26,7.4,8.16,8.54,8.17,7.1,7.81
548.78,22,8.36,7.81,8.63,7.12,8.279999999999998,7.4,8.16,7.97,8.24,7.35,8.15,8.51,8.15,7.08,7.79
549.8,22,8.449999999999998,7.84,8.699999999999998,7.06,8.21,7.36,8.1,7.92,8.17,7.28,8.12,8.49,8.12,7.07,7.76
550.8,22,8.56,7.96,8.83,7.01,8.17,7.38,8.02,7.85,8.12,7.31,8.11,8.54,8.279999999999998,7.05,7.78
551.8,22,8.59,7.99,8.91,7.02,8.21,7.45,8.07,7.84,8.199999999999998,7.36,8.15,8.64,8.37,7.04,7.87
552.8,22,8.58,7.99,8.91,7.08,8.3,7.51,8.16,7.88,8.29,7.4,8.19,8.68,8.39,6.99,7.9
553.8,22,8.54,7.98,8.88,7.15,8.36,7.52,8.25,7.96,8.36,7.41,8.21,8.67,8.37,6.94,7.92
554.82,22,8.49,7.93,8.85,7.17,8.37,7.51,8.26,8.02,8.37,7.38,8.199999999999998,8.66,8.34,6.9,7.9
555.82,22,8.42,7.89,8.81,7.17,8.36,7.49,8.26,8.02,8.36,7.37,8.19,8.62,8.29,6.86,7.87
556.82,22,8.36,7.84,8.75,7.15,8.36,7.46,8.24,8.029999999999998,8.34,7.35,8.16,8.58,8.24,6.81,7.83
557.82,22,8.3,7.78,8.68,7.11,8.3,7.42,8.21,8.01,8.3,7.31,8.14,8.54,8.16,6.79,7.79
558.82,22,8.25,7.75,8.63,7.07,8.279999999999998,7.35,8.14,7.96,8.24,7.26,8.1,8.47,8.11,6.74,7.71
559.83,22,8.199999999999998,7.7,8.58,7.04,8.25,7.32,8.08,7.93,8.199999999999998,7.21,8.07,8.42,8.05,6.71,7.66
560.83,22,8.19,7.69,8.54,7,8.23,7.27,8.05,7.9,8.16,7.2,8.05,8.39,8.01,6.7,7.65
561.83,22,8.17,7.66,8.51,6.95,8.19,7.22,7.97,7.85,8.11,7.17,8.01,8.36,7.96,6.68,7.61
562.85,22,8.15,7.64,8.47,6.92,8.14,7.18,7.94,7.8,8.06,7.15,7.98,8.32,7.93,6.67,7.55
563.85,22,8.11,7.6,8.43,6.86,8.08,7.12,7.9,7.74,8.02,7.11,7.93,8.29,7.9,6.67,7.52
564.85,22,8.1,7.56,8.38,6.83,8.029999999999998,7.1,7.87,7.7,7.98,7.08,7.93,8.279999999999998,7.85,6.68,7.51
565.85,22,8.25,7.69,8.55,6.75,7.98,7.06,7.78,7.64,7.92,7.04,7.88,8.26,7.94,6.67,7.47
566.85,22,8.34,7.79,8.66,6.73,7.97,7.11,7.75,7.59,7.94,7.08,7.9,8.38,8.07,6.65,7.59
567.85,22,8.36,7.81,8.71,6.76,8.02,7.18,7.84,7.6,8.06,7.15,7.94,8.46,8.14,6.62,7.66
568.85,22,8.33,7.8,8.68,6.81,8.11,7.25,7.96,7.68,8.12,7.16,7.99,8.46,8.15,6.57,7.69
569.85,22,8.279999999999998,7.76,8.66,6.87,8.16,7.25,8.01,7.76,8.16,7.15,8.01,8.46,8.12,6.54,7.69
570.85,22,8.21,7.74,8.62,6.9,8.16,7.26,8.029999999999998,7.79,8.16,7.15,7.98,8.42,8.08,6.49,7.65
571.87,22,8.15,7.68,8.56,6.87,8.15,7.21,7.99,7.79,8.14,7.11,7.97,8.37,8.029999999999998,6.43,7.61
572.87,22,8.1,7.64,8.51,6.86,8.12,7.17,7.97,7.78,8.1,7.07,7.94,8.3,7.97,6.37,7.54
573.87,22,8.02,7.57,8.449999999999998,6.83,8.08,7.12,7.9,7.75,8.06,7.05,7.89,8.25,7.9,6.35,7.49
574.87,22,7.97,7.54,8.38,6.78,8.05,7.07,7.85,7.71,7.99,7,7.88,8.199999999999998,7.84,6.31,7.44
575.87,22,7.92,7.49,8.32,6.73,8.02,7.01,7.79,7.68,7.94,6.94,7.83,8.14,7.75,6.26,7.37
576.87,22,7.89,7.45,8.25,6.68,7.96,6.96,7.71,7.62,7.89,6.91,7.79,8.08,7.71,6.24,7.33
577.87,22,7.88,7.42,8.24,6.63,7.93,6.91,7.66,7.56,7.81,6.89,7.74,8.05,7.66,6.23,7.27
578.88,22,7.87,7.4,8.21,6.59,7.88,6.89,7.61,7.51,7.76,6.86,7.71,8.01,7.61,6.22,7.23
579.88,22,7.83,7.36,8.16,6.54,7.84,6.85,7.6,7.45,7.73,6.84,7.69,7.98,7.6,6.25,7.22
580.88,22,7.81,7.33,8.11,6.49,7.78,6.81,7.55,7.4,7.69,6.8,7.65,7.97,7.57,6.29,7.2
581.88,22,7.98,7.45,8.26,6.43,7.73,6.75,7.45,7.32,7.62,6.75,7.61,7.94,7.64,6.29,7.16
582.9,22,8.06,7.56,8.39,6.4,7.69,6.78,7.44,7.26,7.65,6.79,7.64,8.06,7.79,6.28,7.26
583.9,22,8.07,7.59,8.449999999999998,6.43,7.76,6.89,7.52,7.23,7.78,6.86,7.69,8.15,7.87,6.26,7.36
584.9,22,8.029999999999998,7.57,8.43,6.48,7.84,6.92,7.64,7.31,7.85,6.87,7.74,8.16,7.85,6.22,7.4
585.9,22,7.99,7.54,8.41,6.53,7.9,6.95,7.7,7.42,7.9,6.89,7.75,8.15,7.84,6.18,7.38
586.9,22,7.92,7.49,8.36,6.57,7.92,6.95,7.7,7.47,7.89,6.85,7.74,8.11,7.79,6.12,7.35
587.92,22,7.84,7.42,8.29,6.56,7.89,6.9,7.69,7.49,7.87,6.81,7.71,8.06,7.71,6.07,7.3
588.92,22,7.79,7.38,8.24,6.52,7.88,6.86,7.66,7.5,7.83,6.8,7.68,8.02,7.68,6.04,7.25
589.92,22,7.7,7.31,8.14,6.47,7.84,6.79,7.57,7.45,7.76,6.73,7.62,7.94,7.57,5.99,7.18
590.92,22,7.66,7.26,8.08,6.43,7.81,6.74,7.51,7.4,7.7,6.69,7.6,7.88,7.5,5.96,7.12
591.92,22,7.62,7.22,8.02,6.39,7.75,6.68,7.44,7.36,7.64,6.64,7.54,7.81,7.45,5.94,7.06
592.92,22,7.61,7.2,7.98,6.32,7.71,6.64,7.38,7.31,7.6,6.6,7.5,7.78,7.4,5.93,7
593.93,22,7.59,7.18,7.98,6.3,7.68,6.59,7.35,7.25,7.54,6.62,7.5,7.74,7.36,5.92,6.99
594.93,22,7.56,7.13,7.92,6.24,7.61,6.54,7.31,7.18,7.49,6.58,7.44,7.71,7.32,5.93,6.94
595.93,22,7.5,7.08,7.83,6.19,7.56,6.47,7.25,7.11,7.45,6.53,7.4,7.69,7.26,5.92,6.87
596.93,22,7.69,7.2,7.99,6.13,7.51,6.46,7.17,7.07,7.38,6.47,7.37,7.64,7.3,5.89,6.84
597.95,22,7.8,7.33,8.16,6.07,7.47,6.51,7.11,7.01,7.33,6.52,7.36,7.73,7.49,5.86,6.91
598.95,22,7.8,7.36,8.19,6.06,7.54,6.59,7.18,7.06,7.42,6.56,7.41,7.81,7.56,5.79,7.01
599.95,22,7.78,7.36,8.199999999999998,6.14,7.64,6.64,7.31,7.16,7.54,6.6,7.47,7.84,7.57,5.71,7.06
600.95,22,7.71,7.32,8.17,6.19,7.68,6.65,7.37,7.25,7.6,6.6,7.49,7.84,7.55,5.64,7.05
601.95,22,7.66,7.3,8.12,6.23,7.7,6.65,7.41,7.28,7.62,6.59,7.51,7.84,7.52,5.6,7.02
602.95,22,7.6,7.22,8.06,6.22,7.68,6.6,7.38,7.27,7.59,6.56,7.46,7.79,7.46,5.54,6.99
603.97,22,7.51,7.16,7.99,6.2,7.66,6.57,7.35,7.25,7.55,6.51,7.44,7.71,7.38,5.49,6.92
604.97,22,7.44,7.1,7.92,6.17,7.61,6.51,7.3,7.21,7.5,6.47,7.4,7.66,7.3,5.44,6.85
605.97,22,7.36,7.04,7.84,6.11,7.57,6.43,7.21,7.15,7.44,6.42,7.35,7.6,7.23,5.38,6.76
606.97,22,7.32,6.99,7.76,6.06,7.52,6.37,7.13,7.08,7.37,6.37,7.3,7.51,7.13,5.34,6.7
607.97,22,7.27,6.95,7.71,6,7.47,6.3,7.06,7.05,7.32,6.32,7.26,7.45,7.07,5.29,6.65
608.98,22,7.27,6.91,7.66,5.96,7.42,6.26,7.01,6.97,7.23,6.29,7.22,7.4,7.02,5.28,6.59
609.98,22,7.26,6.89,7.64,5.9,7.37,6.2,6.97,6.92,7.18,6.26,7.17,7.37,6.99,5.26,6.56
610.98,22,7.21,6.85,7.59,5.86,7.32,6.17,6.94,6.85,7.15,6.24,7.13,7.35,6.96,5.3,6.53
611.98,22,7.18,6.8,7.54,5.82,7.26,6.13,6.9,6.8,7.12,6.22,7.1,7.32,6.9,5.34,6.51
612.98,22,7.37,6.92,7.73,5.73,7.18,6.08,6.79,6.71,7.06,6.14,7.05,7.3,6.97,5.35,6.47
614,22,7.49,7.05,7.87,5.66,7.16,6.16,6.76,6.68,7.01,6.19,7.06,7.4,7.15,5.34,6.54
615,22,7.5,7.11,7.9,5.64,7.23,6.24,6.9,6.71,7.15,6.26,7.11,7.52,7.25,5.31,6.69
616,22,7.45,7.1,7.9,5.7,7.35,6.3,7.01,6.83,7.23,6.28,7.17,7.55,7.25,5.27,6.73
617,22,7.4,7.04,7.88,5.76,7.4,6.31,7.06,6.92,7.31,6.28,7.22,7.54,7.22,5.21,6.73
618,22,7.33,7.01,7.84,5.82,7.41,6.3,7.07,6.97,7.32,6.26,7.21,7.51,7.18,5.16,6.71
619,22,7.25,6.95,7.76,5.82,7.4,6.25,7.05,6.96,7.28,6.23,7.18,7.46,7.12,5.11,6.64
620,22,7.18,6.87,7.7,5.79,7.35,6.22,7.02,6.94,7.25,6.19,7.15,7.41,7.04,5.06,6.59
621,22,7.1,6.79,7.6,5.74,7.32,6.13,6.92,6.89,7.17,6.12,7.08,7.32,6.94,5.01,6.52
622,22,7.04,6.74,7.52,5.69,7.28,6.07,6.86,6.83,7.11,6.08,7.06,7.25,6.86,4.98,6.45
623,22,6.99,6.68,7.46,5.66,7.22,6,6.76,6.76,7.05,6.04,6.99,7.17,6.79,4.91,6.36
624.02,22,6.96,6.65,7.38,5.61,7.17,5.94,6.7,6.7,6.96,5.98,6.96,7.11,6.7,4.87,6.3
625.02,22,6.94,6.6,7.35,5.55,7.12,5.88,6.62,6.63,6.89,5.94,6.91,7.06,6.64,4.84,6.24
626.02,22,6.91,6.57,7.31,5.51,7.05,5.82,6.58,6.57,6.83,5.92,6.85,7.01,6.63,4.85,6.18
627.02,22,6.87,6.51,7.26,5.47,6.97,5.79,6.56,6.51,6.79,5.88,6.81,6.99,6.58,4.83,6.16
628.02,22,6.95,6.54,7.27,5.4,6.91,5.74,6.47,6.43,6.75,5.82,6.75,6.95,6.54,4.83,6.11
629.02,22,7.16,6.74,7.52,5.34,6.84,5.74,6.39,6.39,6.68,5.82,6.71,6.97,6.74,4.81,6.13
630.03,22,7.23,6.85,7.64,5.33,6.9,5.87,6.48,6.41,6.76,5.95,6.76,7.13,6.92,4.75,6.3
631.03,22,7.2,6.86,7.66,5.37,7.01,5.96,6.63,6.52,6.92,6,6.84,7.21,6.96,4.67,6.41
632.03,22,7.16,6.84,7.64,5.48,7.12,5.99,6.75,6.63,6.99,6.01,6.9,7.22,6.96,4.6,6.42
633.03,22,7.11,6.8,7.6,5.54,7.15,6.01,6.76,6.71,7.04,6,6.91,7.21,6.91,4.54,6.4
634.03,22,7.01,6.73,7.52,5.53,7.13,5.96,6.74,6.7,7,5.95,6.89,7.17,6.85,4.46,6.36
635.03,22,6.94,6.67,7.47,5.53,7.12,5.92,6.73,6.68,6.96,5.93,6.86,7.12,6.78,4.43,6.29
636.03,22,6.84,6.59,7.38,5.47,7.07,5.86,6.64,6.62,6.91,5.87,6.83,7.04,6.68,4.34,6.2
637.03,22,6.75,6.51,7.27,5.38,7.02,5.76,6.56,6.54,6.83,5.8,6.75,6.94,6.59,4.27,6.11
638.05,22,6.69,6.43,7.18,5.34,6.97,5.69,6.46,6.48,6.73,5.74,6.7,6.85,6.48,4.18,6.02
639.05,22,6.63,6.37,7.1,5.26,6.91,5.61,6.36,6.41,6.65,5.68,6.65,6.76,6.41,4.12,5.94
640.05,22,6.59,6.32,7.02,5.2,6.85,5.56,6.29,6.35,6.59,5.62,6.59,6.69,6.34,4.05,5.88
641.05,22,6.59,6.31,7,5.14,6.79,5.49,6.22,6.29,6.52,5.58,6.53,6.63,6.28,4.01,5.82
642.05,22,6.56,6.26,6.95,5.07,6.71,5.44,6.17,6.22,6.48,5.56,6.46,6.59,6.23,4.01,5.77
643.07,22,6.51,6.2,6.9,5.02,6.64,5.38,6.12,6.13,6.43,5.51,6.41,6.54,6.18,4.03,5.73
644.07,22,6.57,6.22,6.91,4.94,6.57,5.33,6.05,6.06,6.36,5.46,6.36,6.48,6.13,4.09,5.69
645.07,22,6.79,6.42,7.16,4.86,6.51,5.33,5.95,6,6.32,5.44,6.32,6.52,6.34,4.13,5.68
646.07,22,6.86,6.52,7.28,4.83,6.54,5.43,6.04,6.01,6.39,5.55,6.34,6.67,6.52,4.13,5.82
647.07,22,6.86,6.53,7.3,4.87,6.64,5.51,6.18,6.11,6.54,5.61,6.43,6.76,6.56,4.09,5.93
648.07,22,6.79,6.51,7.27,4.96,6.74,5.57,6.3,6.23,6.64,5.62,6.51,6.8,6.56,4.06,5.96
649.07,22,6.7,6.43,7.22,5.01,6.79,5.56,6.32,6.29,6.64,5.6,6.53,6.78,6.51,4.01,5.95
650.08,22,6.6,6.39,7.15,5.02,6.79,5.53,6.31,6.29,6.63,5.56,6.52,6.74,6.42,3.96,5.92
651.08,22,6.52,6.29,7.07,5.02,6.78,5.49,6.28,6.28,6.6,5.51,6.51,6.69,6.35,3.91,5.86
652.08,22,6.43,6.2,6.96,4.96,6.71,5.41,6.2,6.23,6.53,5.46,6.46,6.6,6.25,3.86,5.77
653.08,22,6.36,6.14,6.89,4.91,6.67,5.34,6.13,6.17,6.46,5.4,6.42,6.53,6.17,3.83,5.7
654.08,22,6.3,6.06,6.79,4.86,6.6,5.24,6.02,6.1,6.39,5.34,6.35,6.43,6.06,3.78,5.62
655.08,22,6.25,6.01,6.73,4.81,6.54,5.19,5.94,6.02,6.3,5.27,6.29,6.36,5.96,3.75,5.51
656.08,22,6.23,5.99,6.68,4.75,6.47,5.08,5.85,5.96,6.23,5.21,6.23,6.3,5.9,3.72,5.44
657.1,22,6.2,5.95,6.63,4.69,6.41,5.05,5.8,5.88,6.16,5.19,6.17,6.25,5.85,3.72,5.38
658.1,22,6.16,5.9,6.57,4.66,6.34,4.99,5.75,5.82,6.13,5.16,6.11,6.19,5.82,3.73,5.35
659.1,22,6.1,5.81,6.47,4.58,6.25,4.93,5.69,5.74,6.07,5.09,6.05,6.16,5.74,3.72,5.28
660.1,22,6.34,6,6.7,4.49,6.19,4.91,5.58,5.66,6.02,5.02,5.98,6.13,5.81,3.68,5.22
661.1,22,6.48,6.18,6.9,4.43,6.14,4.92,5.55,5.61,6,5.13,5.98,6.26,6.06,3.62,5.36
662.1,22,6.51,6.22,6.99,4.44,6.23,5.04,5.71,5.64,6.18,5.22,6.04,6.43,6.18,3.53,5.55
663.12,22,6.45,6.18,6.95,4.5,6.34,5.11,5.82,5.73,6.26,5.24,6.12,6.47,6.18,3.43,5.61
664.12,22,6.39,6.14,6.92,4.57,6.43,5.15,5.9,5.83,6.3,5.22,6.18,6.46,6.14,3.39,5.62
665.12,22,6.3,6.1,6.86,4.62,6.47,5.14,5.93,5.9,6.3,5.21,6.2,6.42,6.1,3.35,5.57
666.12,22,6.18,6.02,6.76,4.61,6.45,5.09,5.88,5.89,6.28,5.16,6.16,6.34,6,3.32,5.51
667.12,22,6.1,5.94,6.69,4.59,6.41,5.04,5.83,5.86,6.22,5.11,6.13,6.26,5.9,3.29,5.43
668.13,22,6.01,5.86,6.57,4.55,6.36,4.96,5.76,5.82,6.13,5.04,6.08,6.18,5.8,3.25,5.34
669.13,22,5.92,5.76,6.46,4.45,6.31,4.86,5.66,5.75,6.04,4.98,6.01,6.07,5.7,3.18,5.23
670.13,22,5.86,5.68,6.37,4.4,6.25,4.77,5.54,5.67,5.94,4.9,5.93,5.95,5.58,3.16,5.14
671.13,22,5.82,5.64,6.3,4.32,6.19,4.7,5.43,5.61,5.86,4.84,5.87,5.88,5.5,3.14,5.06
672.15,22,5.81,5.62,6.26,4.27,6.12,4.65,5.35,5.54,5.8,4.81,5.81,5.82,5.44,3.15,4.98
673.15,22,5.76,5.56,6.2,4.2,6.06,4.59,5.3,5.46,5.75,4.75,5.74,5.76,5.41,3.17,4.92
674.15,22,5.7,5.49,6.14,4.16,5.99,4.54,5.27,5.4,5.69,4.7,5.68,5.71,5.35,3.23,4.87
675.15,22,5.81,5.53,6.2,4.07,5.93,4.5,5.19,5.31,5.64,4.63,5.62,5.67,5.3,3.27,4.83
676.15,22,6.07,5.8,6.49,3.96,5.88,4.51,5.08,5.24,5.55,4.65,5.56,5.68,5.56,3.26,4.86
677.17,22,6.14,5.89,6.6,3.91,5.98,4.63,5.2,5.22,5.64,4.76,5.58,5.88,5.74,3.17,5.07
678.17,22,6.13,5.89,6.64,3.99,6.13,4.75,5.4,5.31,5.81,4.84,5.67,6,5.82,3.08,5.19
679.17,22,6.06,5.86,6.62,4.09,6.22,4.79,5.5,5.46,5.92,4.86,5.75,6.04,5.8,2.97,5.23
680.17,22,5.98,5.8,6.54,4.18,6.24,4.79,5.54,5.53,5.94,4.83,5.8,6.01,5.75,2.86,5.21
681.18,22,5.86,5.73,6.46,4.19,6.22,4.71,5.51,5.54,5.89,4.79,5.77,5.95,5.66,2.75,5.15
682.18,22,5.76,5.63,6.37,4.17,6.19,4.68,5.47,5.51,5.85,4.73,5.76,5.89,5.57,2.69,5.08
683.18,22,5.64,5.51,6.24,4.1,6.11,4.55,5.35,5.46,5.76,4.67,5.69,5.79,5.43,2.6,4.97
684.18,22,5.56,5.44,6.14,4.05,6.06,4.48,5.26,5.38,5.67,4.6,5.63,5.68,5.35,2.56,4.86
685.2,22,5.48,5.35,6.02,3.96,5.99,4.37,5.13,5.3,5.57,4.51,5.55,5.57,5.22,2.49,4.77
686.2,22,5.43,5.29,5.95,3.88,5.92,4.28,5.04,5.2,5.49,4.44,5.48,5.48,5.11,2.43,4.68
687.2,22,5.4,5.24,5.88,3.79,5.83,4.22,4.92,5.12,5.41,4.37,5.41,5.38,5.01,2.37,4.59
688.2,22,5.36,5.22,5.83,3.74,5.76,4.15,4.84,5.02,5.34,4.33,5.34,5.33,4.97,2.32,4.52
689.2,22,5.31,5.16,5.77,3.67,5.68,4.08,4.79,4.93,5.3,4.28,5.26,5.26,4.93,2.29,4.46
690.22,22,5.23,5.06,5.68,3.61,5.6,4.01,4.76,4.84,5.24,4.22,5.18,5.2,4.86,2.28,4.4
691.22,22,5.47,5.2,5.87,3.5,5.49,3.97,4.63,4.76,5.15,4.15,5.11,5.14,4.9,2.27,4.34
692.23,22,5.68,5.44,6.13,3.42,5.46,4.01,4.6,4.71,5.09,4.26,5.08,5.23,5.2,2.27,4.44
693.23,22,5.73,5.5,6.22,3.44,5.54,4.15,4.79,4.74,5.2,4.36,5.12,5.43,5.35,2.29,4.63
694.23,22,5.69,5.5,6.23,3.55,5.69,4.27,4.96,4.86,5.36,4.43,5.21,5.55,5.4,2.32,4.75
695.23,22,5.61,5.46,6.2,3.65,5.79,4.31,5.06,4.98,5.44,4.43,5.3,5.57,5.36,2.38,4.77
696.23,22,5.54,5.42,6.16,3.73,5.83,4.32,5.09,5.06,5.49,4.41,5.37,5.55,5.3,2.47,4.75
697.25,22,5.43,5.31,6.05,3.73,5.8,4.26,5.06,5.08,5.46,4.36,5.35,5.49,5.21,2.56,4.68
698.25,22,5.3,5.23,5.94,3.68,5.77,4.16,4.98,5.05,5.4,4.28,5.3,5.41,5.09,2.65,4.59
699.25,22,5.2,5.12,5.82,3.59,5.7,4.06,4.87,4.98,5.31,4.22,5.23,5.28,4.97,2.72,4.48
700.27,22,5.09,5.01,5.71,3.52,5.64,3.98,4.77,4.92,5.23,4.13,5.18,5.18,4.86,2.84,4.36
701.27,22,5.02,4.93,5.6,3.43,5.56,3.88,4.63,4.83,5.13,4.05,5.08,5.06,4.73,2.95,4.26
702.27,22,4.96,4.86,5.5,3.34,5.5,3.78,4.51,4.75,5.02,3.95,5,4.94,4.62,3.07,4.16
703.27,22,4.92,4.82,5.42,3.27,5.4,3.7,4.4,4.66,4.93,3.87,4.93,4.86,4.52,3.18,4.08
704.28,22,4.9,4.79,5.38,3.21,5.34,3.66,4.32,4.61,4.87,3.83,4.86,4.81,4.46,3.29,4
705.28,22,4.85,4.74,5.33,3.15,5.23,3.59,4.26,4.52,4.81,3.79,4.78,4.73,4.42,3.35,3.93
706.28,22,4.77,4.65,5.21,3.08,5.15,3.55,4.2,4.45,4.74,3.73,4.69,4.69,4.35,3.43,3.88
707.28,22,4.99,4.76,5.41,2.98,5.06,3.47,4.08,4.39,4.62,3.64,4.62,4.61,4.35,3.47,3.78
708.28,22,5.23,5.02,5.68,2.87,5.01,3.53,4.04,4.34,4.55,3.73,4.57,4.67,4.68,3.47,3.78
709.3,22,5.29,5.09,5.79,2.87,5.13,3.66,4.23,4.37,4.69,3.87,4.58,4.87,4.84,3.44,3.97
710.3,22,5.26,5.12,5.82,2.97,5.29,3.78,4.42,4.49,4.86,3.94,4.68,5.02,4.9,3.39,4.12
711.3,22,5.19,5.06,5.75,3.07,5.38,3.8,4.52,4.58,4.96,3.95,4.78,5.06,4.87,3.31,4.18
712.3,22,5.07,4.99,5.68,3.14,5.41,3.82,4.55,4.62,4.98,3.93,4.85,5.02,4.81,3.23,4.17
713.3,22,4.97,4.91,5.6,3.16,5.4,3.75,4.51,4.63,4.96,3.88,4.86,4.99,4.73,3.17,4.14
714.3,22,4.83,4.79,5.47,3.11,5.35,3.66,4.44,4.58,4.91,3.79,4.83,4.89,4.59,3.11,4.05
715.32,22,4.71,4.69,5.33,3.03,5.28,3.55,4.34,4.52,4.82,3.72,4.76,4.78,4.46,3.05,3.95
716.32,22,4.61,4.57,5.22,2.94,5.19,3.44,4.2,4.43,4.7,3.62,4.68,4.68,4.32,3,3.83
717.32,22,4.54,4.48,5.11,2.84,5.12,3.35,4.09,4.35,4.62,3.53,4.61,4.58,4.2,2.98,3.74
718.32,22,4.48,4.42,5,2.75,5.02,3.23,3.96,4.24,4.52,3.44,4.52,4.45,4.09,2.97,3.62
719.32,22,4.44,4.37,4.94,2.68,4.93,3.18,3.85,4.13,4.42,3.37,4.43,4.36,4,2.95,3.51
720.33,22,4.4,4.33,4.89,2.59,4.84,3.09,3.77,4.03,4.34,3.31,4.34,4.29,3.94,2.95,3.42
721.33,22,4.33,4.25,4.81,2.54,4.75,3.04,3.72,3.93,4.26,3.28,4.25,4.23,3.88,2.92,3.34
722.33,22,4.28,4.17,4.74,2.47,4.66,2.99,3.66,3.86,4.19,3.21,4.17,4.17,3.82,2.9,3.29
723.33,22,4.63,4.44,5.05,2.31,4.53,2.93,3.51,3.78,4.08,3.13,4.08,4.1,3.9,2.83,3.18
724.35,22,4.79,4.65,5.29,2.22,4.52,2.99,3.54,3.75,4.04,3.28,4.05,4.29,4.23,2.74,3.32
725.35,22,4.81,4.69,5.34,2.2,4.65,3.14,3.74,3.78,4.16,3.41,4.09,4.49,4.35,2.62,3.54
726.35,22,4.76,4.67,5.34,2.32,4.81,3.23,3.93,3.91,4.34,3.45,4.22,4.59,4.39,2.52,3.65
727.35,22,4.65,4.6,5.26,2.43,4.9,3.26,4,4.03,4.43,3.45,4.32,4.59,4.33,2.38,3.68
728.35,22,4.53,4.5,5.16,2.51,4.92,3.23,4.01,4.08,4.43,3.4,4.35,4.54,4.25,2.29,3.65
729.37,22,4.41,4.41,5.06,2.51,4.9,3.17,3.96,4.07,4.4,3.34,4.35,4.45,4.14,2.19,3.58
730.37,22,4.27,4.31,4.91,2.47,4.84,3.06,3.87,4.03,4.35,3.26,4.31,4.34,4,2.12,3.47
731.37,22,4.16,4.18,4.78,2.41,4.77,2.98,3.76,3.97,4.26,3.17,4.24,4.24,3.88,2.08,3.38
732.37,22,4.06,4.09,4.67,2.32,4.68,2.85,3.62,3.89,4.16,3.06,4.16,4.12,3.75,2.04,3.26
733.37,22,3.98,4,4.54,2.21,4.59,2.75,3.49,3.83,4.04,2.95,4.07,3.99,3.62,2.01,3.16
734.38,22,3.95,3.94,4.46,2.12,4.49,2.65,3.37,3.73,3.9,2.87,3.97,3.87,3.5,2,3.04
735.38,22,3.91,3.9,4.41,2.06,4.37,2.56,3.27,3.64,3.83,2.82,3.88,3.79,3.42,2.01,2.95
736.38,22,3.86,3.84,4.33,1.97,4.27,2.49,3.2,3.56,3.75,2.77,3.79,3.7,3.38,2.02,2.88
737.38,22,3.77,3.74,4.24,1.91,4.17,2.42,3.14,3.49,3.67,2.71,3.69,3.65,3.3,2.08,2.8
738.38,22,4.06,3.9,4.45,1.8,4.06,2.37,3.03,3.42,3.58,2.6,3.61,3.55,3.32,2.13,2.7
739.4,22,4.33,4.18,4.78,1.69,3.97,2.38,2.94,3.34,3.47,2.74,3.54,3.62,3.69,2.14,2.76
740.4,22,4.41,4.29,4.91,1.71,4.05,2.59,3.2,3.37,3.63,2.93,3.56,3.89,3.9,2.12,3.03
741.4,22,4.36,4.29,4.92,1.84,4.25,2.73,3.44,3.45,3.83,3.03,3.67,4.07,3.97,2.07,3.19
742.4,22,4.27,4.25,4.87,2,4.41,2.77,3.56,3.55,3.93,3.04,3.77,4.1,3.94,2,3.25
743.4,22,4.16,4.18,4.79,2.1,4.48,2.78,3.61,3.63,3.98,3.01,3.85,4.08,3.87,1.91,3.23
744.4,22,4.04,4.07,4.68,2.13,4.46,2.72,3.56,3.63,3.96,2.93,3.85,4,3.75,1.82,3.16
745.42,22,3.91,3.95,4.54,2.08,4.43,2.63,3.46,3.58,3.91,2.86,3.8,3.91,3.62,1.72,3.06
746.42,22,3.77,3.82,4.41,1.97,4.37,2.52,3.34,3.53,3.83,2.76,3.74,3.79,3.49,1.62,2.94
747.42,22,3.66,3.68,4.27,1.87,4.29,2.4,3.21,3.45,3.74,2.66,3.66,3.67,3.33,1.55,2.83
748.42,22,3.54,3.55,4.12,1.76,4.18,2.29,3.07,3.35,3.61,2.54,3.55,3.53,3.18,1.48,2.71
749.43,22,3.45,3.46,3.99,1.65,4.08,2.16,2.9,3.27,3.49,2.42,3.45,3.4,3.05,1.45,2.59
750.43,22,3.41,3.4,3.91,1.54,3.95,2.08,2.78,3.15,3.37,2.34,3.34,3.28,2.94,1.43,2.49
751.43,22,3.39,3.39,3.87,1.46,3.85,2,2.7,3.05,3.27,2.28,3.26,3.2,2.87,1.44,2.42
752.43,22,3.33,3.31,3.79,1.4,3.72,1.93,2.63,2.92,3.15,2.25,3.13,3.09,2.82,1.44,2.34
753.43,22,3.26,3.23,3.69,1.35,3.61,1.9,2.6,2.83,3.07,2.19,3.05,3.05,2.78,1.47,2.27
754.45,22,3.38,3.22,3.77,1.24,3.5,1.85,2.51,2.73,2.97,2.1,2.95,2.97,2.7,1.47,2.18
755.45,22,3.75,3.58,4.17,1.11,3.38,1.87,2.43,2.65,2.84,2.16,2.88,3,3.06,1.44,2.26
756.45,22,3.88,3.75,4.34,1.04,3.4,1.97,2.63,2.59,2.95,2.37,2.88,3.3,3.33,1.37,2.54
757.45,22,3.87,3.79,4.4,1.12,3.59,2.13,2.9,2.62,3.18,2.5,2.95,3.5,3.43,1.3,2.72
758.45,22,3.8,3.76,4.37,1.31,3.79,2.22,3.05,2.75,3.34,2.55,3.08,3.56,3.44,1.25,2.79
759.47,22,3.68,3.68,4.29,1.44,3.9,2.23,3.09,2.85,3.4,2.53,3.18,3.55,3.37,1.18,2.76
760.47,22,3.56,3.57,4.17,1.5,3.93,2.18,3.07,2.9,3.4,2.48,3.22,3.5,3.27,1.11,2.7
761.47,22,3.43,3.46,4.05,1.48,3.91,2.1,2.99,2.91,3.34,2.39,3.19,3.4,3.13,1.06,2.6
762.47,22,3.28,3.32,3.89,1.41,3.86,1.98,2.87,2.88,3.28,2.29,3.13,3.28,2.99,1.01,2.48
763.47,22,3.16,3.19,3.75,1.31,3.77,1.86,2.72,2.8,3.16,2.18,3.05,3.15,2.84,0.99,2.34
764.47,22,3.04,3.06,3.59,1.19,3.67,1.75,2.58,2.73,3.06,2.06,2.94,3.02,2.7,0.98,2.22
765.48,22,2.97,2.95,3.47,1.1,3.56,1.65,2.44,2.66,2.97,1.95,2.87,2.88,2.57,0.98,2.1
766.48,22,2.92,2.89,3.38,1.03,3.44,1.56,2.32,2.55,2.84,1.85,2.77,2.75,2.47,0.99,2
767.48,22,2.88,2.85,3.3,0.98,3.31,1.5,2.21,2.45,2.75,1.8,2.67,2.65,2.39,1.01,1.91
768.48,22,2.85,2.79,3.23,0.93,3.19,1.45,2.17,2.34,2.67,1.77,2.56,2.56,2.35,1.03,1.82
769.48,22,2.76,2.69,3.13,0.91,3.06,1.4,2.15,2.25,2.6,1.72,2.43,2.49,2.31,1.02,1.76
770.48,22,2.94,2.71,3.23,0.85,2.94,1.37,2.08,2.14,2.5,1.65,2.33,2.41,2.27,1.01,1.68
771.5,22,3.33,3.09,3.67,0.81,2.85,1.41,2.06,2.03,2.37,1.78,2.23,2.37,2.66,0.99,1.62
772.5,22,3.45,3.26,3.85,0.81,2.93,1.57,2.32,1.96,2.34,2.02,2.22,2.6,2.92,0.96,1.81
773.5,22,3.42,3.29,3.89,0.94,3.15,1.7,2.55,2,2.52,2.12,2.28,2.84,3,0.93,2.03
774.5,22,3.31,3.22,3.83,1.07,3.31,1.73,2.66,2.1,2.7,2.13,2.36,2.93,2.95,0.9,2.11
775.52,22,3.18,3.15,3.72,1.17,3.39,1.72,2.66,2.2,2.76,2.1,2.47,2.94,2.86,0.89,2.13
776.52,22,3.03,3.01,3.57,1.17,3.39,1.63,2.58,2.25,2.76,2.01,2.52,2.88,2.71,0.88,2.08
777.52,22,2.89,2.87,3.41,1.12,3.34,1.54,2.49,2.27,2.74,1.91,2.54,2.78,2.59,0.88,2
778.52,22,2.75,2.73,3.27,1.02,3.28,1.43,2.36,2.25,2.69,1.8,2.5,2.67,2.44,0.87,1.89
779.53,22,2.66,2.59,3.12,0.95,3.18,1.33,2.23,2.18,2.6,1.7,2.43,2.55,2.33,0.87,1.77
780.53,22,2.58,2.49,2.98,0.86,3.06,1.24,2.11,2.12,2.5,1.61,2.35,2.44,2.22,0.87,1.67
781.53,22,2.54,2.39,2.88,0.82,2.94,1.17,2.04,2.03,2.4,1.55,2.27,2.33,2.14,0.88,1.57
782.53,22,2.52,2.34,2.82,0.81,2.82,1.13,2.01,1.92,2.3,1.53,2.18,2.23,2.14,0.87,1.51
783.53,22,2.5,2.27,2.75,0.8,2.71,1.11,2,1.82,2.21,1.53,2.08,2.17,2.13,0.89,1.47
784.55,22,2.45,2.15,2.63,0.78,2.57,1.09,2,1.72,2.16,1.51,1.98,2.12,2.11,0.89,1.43
785.55,22,2.85,2.42,3,0.75,2.45,1.09,1.94,1.58,2.08,1.49,1.86,2.07,2.19,0.88,1.4
786.55,22,3.11,2.76,3.37,0.73,2.36,1.17,2.05,1.49,2.03,1.71,1.76,2.26,2.56,0.86,1.52
787.55,22,3.16,2.88,3.51,0.77,2.48,1.31,2.3,1.48,2.26,1.88,1.74,2.55,2.72,0.84,1.77
788.55,22,3.08,2.88,3.51,0.86,2.71,1.41,2.44,1.62,2.44,1.92,1.83,2.68,2.73,0.82,1.89
789.57,22,2.97,2.83,3.43,0.98,2.9,1.44,2.48,1.78,2.57,1.89,1.95,2.7,2.66,0.83,1.91
790.57,22,2.85,2.71,3.32,1.04,2.98,1.4,2.43,1.89,2.59,1.83,2.07,2.66,2.54,0.83,1.87
791.57,22,2.68,2.57,3.16,0.99,2.95,1.31,2.32,1.9,2.54,1.74,2.1,2.56,2.4,0.81,1.76
792.57,22,2.55,2.41,3,0.93,2.89,1.21,2.19,1.88,2.44,1.62,2.07,2.44,2.26,0.82,1.66
793.57,22,2.44,2.25,2.82,0.85,2.82,1.14,2.08,1.82,2.35,1.54,1.98,2.32,2.17,0.81,1.55
794.57,22,2.38,2.06,2.66,0.79,2.68,1.07,2,1.74,2.23,1.47,1.91,2.2,2.1,0.81,1.48
795.58,22,2.36,1.91,2.51,0.75,2.54,1.04,1.94,1.65,2.12,1.44,1.81,2.1,2.06,0.82,1.43
796.58,22,2.37,1.81,2.39,0.74,2.41,1.04,1.93,1.56,2.05,1.42,1.72,2.05,2.06,0.84,1.41
797.58,22,2.36,1.73,2.3,0.72,2.26,1.01,1.91,1.45,1.97,1.41,1.59,2.01,2.05,0.86,1.39
798.58,22,2.37,1.7,2.27,0.72,2.12,1.02,1.91,1.36,1.94,1.42,1.49,2,2.05,0.89,1.38
799.6,22,2.36,1.65,2.23,0.74,2,1.02,1.94,1.3,1.95,1.43,1.4,1.98,2.07,0.89,1.38
800.6,22,2.33,1.53,2.14,0.72,1.87,1.01,1.93,1.26,1.96,1.42,1.34,1.97,2.06,0.9,1.37
801.6,22,2.56,1.65,2.34,0.7,1.78,1.01,1.9,1.23,1.93,1.4,1.29,1.97,2.09,0.88,1.36
802.6,22,2.83,2.08,2.79,0.7,1.72,1.06,1.95,1.21,1.9,1.54,1.27,2.06,2.37,0.86,1.42
803.6,22,2.86,2.26,2.97,0.73,1.84,1.13,2.1,1.19,2,1.68,1.31,2.27,2.48,0.84,1.58
804.6,22,2.78,2.3,3,0.83,2.12,1.2,2.22,1.23,2.15,1.71,1.37,2.39,2.45,0.83,1.69
805.62,22,2.67,2.25,2.93,0.88,2.31,1.18,2.23,1.3,2.23,1.67,1.45,2.41,2.37,0.81,1.68
806.62,22,2.53,2.15,2.83,0.87,2.39,1.14,2.18,1.39,2.26,1.6,1.53,2.34,2.27,0.83,1.61
807.62,22,2.42,2.02,2.7,0.83,2.4,1.09,2.1,1.43,2.23,1.52,1.57,2.26,2.15,0.83,1.53
808.62,22,2.35,1.87,2.53,0.77,2.35,1.02,2,1.43,2.15,1.45,1.55,2.15,2.06,0.82,1.44
809.62,22,2.32,1.72,2.36,0.74,2.28,1.02,1.95,1.39,2.07,1.41,1.52,2.07,2.05,0.82,1.4
810.63,22,2.3,1.53,2.19,0.71,2.16,0.98,1.9,1.34,1.97,1.37,1.43,2,2.02,0.81,1.35
811.63,22,2.3,1.39,2.07,0.7,2.04,0.98,1.88,1.29,1.93,1.36,1.36,1.97,2.02,0.81,1.34
812.63,22,2.3,1.27,1.98,0.68,1.89,0.98,1.88,1.25,1.9,1.36,1.31,1.95,2,0.82,1.34
813.63,22,2.32,1.21,1.96,0.69,1.77,0.99,1.89,1.23,1.91,1.37,1.28,1.94,2.02,0.83,1.33
814.63,22,2.32,1.16,1.94,0.69,1.67,0.98,1.89,1.19,1.9,1.37,1.26,1.94,2.04,0.82,1.34
815.65,22,2.3,1.1,1.92,0.68,1.57,0.97,1.89,1.16,1.89,1.36,1.22,1.92,2.02,0.82,1.32
816.65,22,2.3,1.01,1.9,0.69,1.54,0.98,1.9,1.15,1.91,1.37,1.22,1.95,2.02,0.84,1.33
817.65,22,2.51,1.22,2.2,0.66,1.52,0.97,1.87,1.14,1.89,1.35,1.2,1.92,2.05,0.83,1.31
818.65,22,2.68,1.69,2.58,0.66,1.49,1,1.9,1.13,1.87,1.47,1.2,1.98,2.23,0.81,1.36
819.65,22,2.67,1.85,2.71,0.67,1.57,1.07,2.02,1.13,1.93,1.56,1.21,2.12,2.32,0.8,1.48
820.65,22,2.58,1.87,2.69,0.73,1.8,1.09,2.09,1.17,2.03,1.58,1.23,2.21,2.28,0.8,1.54
821.65,22,2.45,1.8,2.61,0.77,2,1.06,2.08,1.23,2.09,1.53,1.26,2.19,2.18,0.8,1.51
822.65,22,2.36,1.7,2.49,0.79,2.07,1.03,2.03,1.27,2.1,1.45,1.29,2.13,2.1,0.79,1.46
823.65,22,2.31,1.54,2.34,0.76,2.07,1,1.96,1.28,2.05,1.4,1.31,2.04,2.05,0.78,1.39
824.65,22,2.29,1.41,2.19,0.73,2.03,0.99,1.91,1.27,1.98,1.38,1.3,1.98,2.03,0.79,1.35
825.67,22,2.28,1.23,2.06,0.7,1.91,0.96,1.88,1.24,1.92,1.35,1.26,1.95,2.01,0.79,1.33
826.67,22,2.27,1.07,1.94,0.69,1.8,0.96,1.88,1.21,1.9,1.34,1.23,1.93,2.01,0.79,1.31
827.67,22,2.27,0.92,1.87,0.67,1.69,0.95,1.86,1.17,1.88,1.34,1.21,1.92,1.98,0.78,1.31
828.68,22,2.26,0.79,1.84,0.68,1.56,0.95,1.86,1.15,1.86,1.33,1.2,1.92,1.97,0.78,1.3
829.68,22,2.27,0.75,1.86,0.67,1.5,0.95,1.84,1.14,1.87,1.33,1.18,1.92,1.98,0.78,1.29
830.68,22,2.28,0.76,1.86,0.67,1.45,0.94,1.86,1.12,1.87,1.33,1.18,1.91,2,0.8,1.3
831.68,22,2.28,0.76,1.87,0.68,1.45,0.95,1.85,1.12,1.86,1.34,1.18,1.92,2,0.79,1.31
832.68,22,2.27,0.74,1.85,0.68,1.42,0.95,1.87,1.11,1.88,1.34,1.17,1.92,2,0.79,1.3
833.68,22,2.27,0.69,1.84,0.67,1.42,0.95,1.85,1.11,1.86,1.33,1.15,1.91,1.98,0.81,1.29
834.68,22,2.48,1.04,2.16,0.66,1.41,0.95,1.84,1.1,1.86,1.35,1.16,1.91,2.06,0.82,1.29
835.7,22,2.54,1.37,2.38,0.65,1.42,0.97,1.9,1.1,1.87,1.42,1.16,1.97,2.17,0.82,1.34
836.7,22,2.49,1.45,2.42,0.69,1.51,1.01,1.98,1.11,1.92,1.49,1.16,2.08,2.18,0.81,1.41
837.7,22,2.36,1.39,2.34,0.71,1.65,0.99,2,1.12,1.96,1.44,1.18,2.06,2.1,0.8,1.41
838.7,22,2.3,1.28,2.2,0.72,1.75,0.97,1.95,1.15,1.98,1.39,1.19,2.03,2.04,0.8,1.37
839.72,22,2.27,1.15,2.06,0.71,1.77,0.95,1.92,1.17,1.96,1.36,1.19,1.98,2,0.79,1.34
840.72,22,2.27,1,1.95,0.7,1.74,0.95,1.88,1.16,1.92,1.35,1.21,1.94,2.01,0.8,1.32
841.73,22,2.26,0.84,1.87,0.67,1.65,0.94,1.86,1.14,1.88,1.33,1.2,1.92,1.98,0.78,1.3
842.73,22,2.25,0.74,1.82,0.67,1.57,0.93,1.85,1.13,1.87,1.31,1.18,1.91,1.96,0.79,1.28
843.73,22,2.26,0.67,1.82,0.66,1.5,0.93,1.85,1.12,1.86,1.32,1.18,1.91,1.97,0.79,1.29
844.75,22,2.25,0.64,1.82,0.66,1.44,0.94,1.85,1.11,1.86,1.32,1.17,1.9,1.96,0.81,1.28
845.75,22,2.25,0.65,1.81,0.65,1.41,0.92,1.85,1.1,1.85,1.32,1.15,1.9,1.97,0.8,1.29
846.75,22,2.27,0.66,1.83,0.66,1.4,0.94,1.84,1.11,1.86,1.31,1.15,1.9,1.96,0.81,1.3
847.77,22,2.25,0.66,1.82,0.65,1.39,0.93,1.85,1.09,1.85,1.32,1.16,1.9,1.97,0.82,1.28
848.77,22,2.25,0.64,1.82,0.66,1.39,0.93,1.86,1.1,1.84,1.32,1.15,1.9,1.97,0.83,1.29
849.77,22,2.25,0.62,1.81,0.65,1.38,0.93,1.85,1.09,1.84,1.31,1.15,1.89,1.96,0.83,1.28
850.78,22,2.39,0.91,2.06,0.65,1.38,0.94,1.85,1.08,1.84,1.32,1.14,1.89,2.02,0.84,1.28
851.78,22,2.41,1.15,2.21,0.65,1.4,0.95,1.88,1.08,1.84,1.4,1.14,1.94,2.1,0.82,1.31
852.78,22,2.34,1.16,2.2,0.67,1.46,0.96,1.92,1.06,1.87,1.39,1.13,1.96,2.07,0.81,1.33
853.78,22,2.28,1.08,2.09,0.68,1.53,0.95,1.91,1.07,1.88,1.36,1.13,1.96,2,0.8,1.33
854.8,22,2.26,0.95,1.98,0.69,1.58,0.95,1.88,1.09,1.9,1.34,1.13,1.95,2,0.81,1.32
855.8,22,2.25,0.82,1.87,0.68,1.56,0.94,1.85,1.1,1.88,1.32,1.14,1.92,1.96,0.8,1.31
856.8,22,2.23,0.71,1.84,0.67,1.52,0.93,1.85,1.1,1.88,1.32,1.14,1.9,1.96,0.81,1.29
857.8,22,2.23,0.64,1.8,0.66,1.46,0.93,1.84,1.1,1.86,1.3,1.14,1.89,1.96,0.78,1.28
858.8,22,2.23,0.61,1.8,0.65,1.42,0.92,1.84,1.1,1.85,1.31,1.14,1.9,1.96,0.78,1.28
859.82,22,2.22,0.6,1.78,0.65,1.39,0.92,1.83,1.09,1.84,1.3,1.14,1.89,1.94,0.78,1.28
860.82,22,2.25,0.61,1.79,0.65,1.39,0.93,1.84,1.1,1.84,1.31,1.15,1.89,1.95,0.79,1.28
861.82,22,2.25,0.61,1.8,0.64,1.37,0.92,1.83,1.09,1.83,1.3,1.13,1.89,1.94,0.79,1.27
862.82,22,2.25,0.62,1.81,0.66,1.38,0.91,1.84,1.09,1.84,1.31,1.14,1.88,1.96,0.79,1.28
863.82,22,2.23,0.61,1.8,0.64,1.36,0.92,1.83,1.08,1.84,1.3,1.13,1.89,1.94,0.79,1.27
864.83,22,2.23,0.59,1.78,0.64,1.36,0.92,1.84,1.08,1.84,1.3,1.14,1.88,1.95,0.79,1.27
865.83,22,2.32,0.74,1.91,0.65,1.36,0.93,1.83,1.07,1.83,1.3,1.13,1.89,1.97,0.8,1.26
866.83,22,2.36,0.98,2.09,0.64,1.36,0.93,1.85,1.07,1.82,1.35,1.13,1.91,2.04,0.79,1.28
867.83,22,2.31,1.02,2.1,0.64,1.4,0.93,1.88,1.07,1.86,1.37,1.12,1.94,2.01,0.79,1.3
868.83,22,2.27,0.94,2.01,0.68,1.47,0.94,1.89,1.09,1.87,1.34,1.13,1.94,2,0.78,1.31
869.83,22,2.23,0.81,1.9,0.66,1.5,0.93,1.86,1.09,1.87,1.32,1.12,1.91,1.96,0.77,1.3
870.83,22,2.23,0.72,1.84,0.66,1.48,0.92,1.85,1.08,1.86,1.32,1.11,1.9,1.94,0.77,1.29
871.83,22,2.22,0.63,1.81,0.65,1.44,0.92,1.84,1.1,1.85,1.3,1.12,1.88,1.95,0.77,1.27
872.83,22,2.22,0.61,1.8,0.64,1.4,0.91,1.83,1.08,1.85,1.3,1.12,1.89,1.95,0.78,1.26
873.85,22,2.21,0.57,1.78,0.63,1.36,0.91,1.81,1.07,1.83,1.29,1.12,1.87,1.94,0.77,1.26
874.85,22,2.22,0.58,1.77,0.65,1.37,0.92,1.83,1.08,1.84,1.29,1.13,1.88,1.94,0.78,1.27
875.85,22,2.22,0.56,1.77,0.64,1.36,0.9,1.82,1.07,1.83,1.28,1.13,1.87,1.93,0.77,1.26
876.85,22,2.23,0.58,1.78,0.64,1.36,0.92,1.82,1.07,1.82,1.3,1.14,1.87,1.95,0.79,1.28
877.85,22,2.22,0.58,1.78,0.64,1.35,0.92,1.82,1.07,1.84,1.29,1.13,1.87,1.94,0.78,1.27
878.85,22,2.22,0.58,1.78,0.64,1.34,0.9,1.83,1.05,1.82,1.3,1.12,1.87,1.94,0.77,1.26
879.87,22,2.22,0.58,1.79,0.64,1.35,0.92,1.83,1.07,1.84,1.3,1.13,1.88,1.95,0.79,1.27
880.87,22,2.23,0.58,1.79,0.64,1.35,0.92,1.84,1.07,1.84,1.3,1.12,1.89,1.95,0.79,1.27
881.87,22,2.23,0.58,1.79,0.65,1.35,0.9,1.82,1.06,1.84,1.28,1.12,1.88,1.93,0.79,1.26
882.88,22,2.29,0.79,1.93,0.63,1.33,0.92,1.82,1.05,1.83,1.3,1.12,1.88,1.97,0.79,1.26
883.88,22,2.28,0.87,1.97,0.65,1.36,0.91,1.85,1.05,1.83,1.33,1.11,1.9,2.01,0.79,1.27
884.88,22,2.25,0.8,1.92,0.65,1.4,0.93,1.85,1.06,1.85,1.34,1.12,1.9,1.96,0.78,1.29
885.88,22,2.23,0.71,1.85,0.65,1.43,0.93,1.84,1.06,1.87,1.31,1.11,1.91,1.96,0.78,1.28
886.9,22,2.22,0.63,1.81,0.65,1.43,0.92,1.84,1.07,1.85,1.3,1.11,1.9,1.94,0.76,1.27
887.9,22,2.22,0.6,1.8,0.65,1.39,0.92,1.83,1.07,1.83,1.29,1.12,1.89,1.93,0.78,1.27
888.9,22,2.21,0.58,1.78,0.64,1.37,0.91,1.81,1.07,1.83,1.28,1.11,1.88,1.95,0.78,1.27
889.9,22,2.21,0.56,1.78,0.64,1.36,0.91,1.82,1.07,1.83,1.28,1.12,1.88,1.93,0.78,1.26
890.9,22,2.22,0.56,1.77,0.64,1.35,0.9,1.82,1.07,1.83,1.28,1.12,1.88,1.94,0.78,1.26
891.92,22,2.22,0.55,1.77,0.63,1.35,0.91,1.81,1.06,1.83,1.27,1.12,1.88,1.95,0.78,1.26
892.92,22,2.21,0.55,1.76,0.64,1.34,0.9,1.82,1.05,1.83,1.28,1.12,1.87,1.93,0.78,1.26
893.92,22,2.22,0.56,1.77,0.64,1.34,0.9,1.82,1.06,1.83,1.28,1.12,1.87,1.94,0.77,1.26
894.92,22,2.22,0.57,1.77,0.64,1.34,0.91,1.83,1.06,1.83,1.29,1.12,1.87,1.94,0.78,1.26
895.93,22,2.22,0.57,1.78,0.64,1.34,0.92,1.83,1.05,1.83,1.29,1.12,1.87,1.94,0.79,1.26
896.93,22,2.22,0.56,1.77,0.64,1.33,0.91,1.83,1.05,1.83,1.28,1.11,1.87,1.95,0.77,1.26
897.93,22,2.22,0.55,1.77,0.63,1.33,0.9,1.82,1.05,1.82,1.28,1.11,1.87,1.94,0.78,1.25
898.93,22,2.27,0.67,1.85,0.64,1.33,0.91,1.81,1.05,1.82,1.28,1.11,1.88,1.95,0.78,1.26
899.95,22,2.26,0.77,1.88,0.64,1.33,0.91,1.83,1.05,1.83,1.31,1.11,1.89,1.96,0.78,1.26
900.95,22,2.22,0.71,1.85,0.63,1.34,0.91,1.83,1.04,1.83,1.3,1.11,1.89,1.95,0.77,1.27
901.95,22,2.21,0.62,1.8,0.63,1.37,0.91,1.83,1.04,1.84,1.29,1.11,1.88,1.94,0.75,1.26
902.95,22,2.21,0.6,1.79,0.65,1.38,0.91,1.83,1.06,1.84,1.3,1.11,1.89,1.94,0.77,1.27
903.95,22,2.22,0.57,1.79,0.64,1.38,0.91,1.83,1.06,1.83,1.28,1.11,1.88,1.94,0.78,1.27
904.97,22,2.22,0.57,1.78,0.64,1.36,0.9,1.83,1.06,1.83,1.28,1.12,1.88,1.95,0.77,1.27
905.97,22,2.2,0.55,1.75,0.64,1.35,0.9,1.82,1.06,1.83,1.27,1.11,1.87,1.93,0.77,1.25
906.97,22,2.21,0.55,1.76,0.62,1.34,0.91,1.81,1.06,1.81,1.27,1.11,1.88,1.94,0.76,1.26
907.97,22,2.21,0.53,1.75,0.63,1.32,0.9,1.81,1.05,1.81,1.26,1.11,1.86,1.92,0.77,1.25
908.97,22,2.2,0.54,1.75,0.62,1.32,0.9,1.81,1.05,1.83,1.27,1.1,1.87,1.92,0.77,1.25
909.97,22,2.2,0.54,1.77,0.63,1.33,0.89,1.81,1.04,1.82,1.27,1.1,1.87,1.93,0.76,1.26
910.98,22,2.2,0.54,1.76,0.63,1.33,0.9,1.81,1.05,1.82,1.27,1.1,1.87,1.93,0.76,1.25
911.98,22,2.21,0.56,1.77,0.63,1.33,0.9,1.82,1.05,1.82,1.28,1.11,1.88,1.94,0.77,1.26
912.98,22,2.21,0.55,1.77,0.63,1.33,0.91,1.82,1.05,1.83,1.28,1.12,1.87,1.93,0.78,1.25
913.98,22,2.21,0.54,1.77,0.64,1.33,0.9,1.82,1.05,1.81,1.27,1.11,1.87,1.94,0.78,1.26
915,22,2.23,0.6,1.8,0.63,1.32,0.9,1.81,1.05,1.82,1.28,1.1,1.87,1.94,0.78,1.24
916,22,2.25,0.67,1.83,0.62,1.32,0.91,1.83,1.05,1.82,1.29,1.11,1.87,1.95,0.78,1.27
917,22,2.22,0.63,1.8,0.63,1.33,0.9,1.83,1.04,1.83,1.3,1.1,1.88,1.94,0.79,1.26
918,22,2.2,0.58,1.78,0.64,1.34,0.9,1.82,1.04,1.82,1.28,1.1,1.88,1.94,0.77,1.26
919,22,2.2,0.56,1.77,0.64,1.34,0.9,1.82,1.04,1.83,1.28,1.09,1.87,1.94,0.78,1.25
920.02,22,2.21,0.55,1.76,0.62,1.35,0.9,1.82,1.04,1.81,1.28,1.1,1.86,1.92,0.77,1.26
921.02,22,2.19,0.53,1.75,0.62,1.33,0.9,1.8,1.03,1.81,1.27,1.09,1.87,1.91,0.76,1.25
922.02,22,2.21,0.53,1.75,0.63,1.33,0.91,1.8,1.05,1.81,1.28,1.1,1.87,1.93,0.77,1.25
923.03,22,2.21,0.54,1.75,0.63,1.33,0.88,1.81,1.03,1.81,1.27,1.09,1.86,1.93,0.77,1.25
924.03,22,2.2,0.53,1.75,0.63,1.32,0.9,1.81,1.03,1.82,1.27,1.1,1.87,1.93,0.78,1.25
925.03,22,2.21,0.54,1.75,0.63,1.34,0.91,1.81,1.04,1.81,1.26,1.1,1.87,1.93,0.78,1.25
926.03,22,2.21,0.54,1.75,0.63,1.32,0.9,1.81,1.04,1.81,1.27,1.1,1.86,1.92,0.78,1.25
927.03,22,2.2,0.54,1.76,0.63,1.32,0.9,1.81,1.03,1.81,1.27,1.1,1.86,1.93,0.78,1.25
928.03,22,2.21,0.53,1.76,0.63,1.32,0.9,1.82,1.05,1.82,1.27,1.1,1.86,1.93,0.78,1.26
929.05,22,2.2,0.54,1.75,0.62,1.31,0.9,1.82,1.04,1.8,1.27,1.1,1.86,1.92,0.78,1.25
930.05,22,2.21,0.53,1.76,0.62,1.32,0.9,1.81,1.05,1.81,1.27,1.11,1.86,1.93,0.77,1.25
931.05,22,2.22,0.61,1.8,0.63,1.32,0.9,1.81,1.04,1.8,1.27,1.1,1.86,1.94,0.78,1.25
932.05,22,2.21,0.6,1.79,0.62,1.32,0.9,1.82,1.03,1.81,1.28,1.09,1.87,1.94,0.77,1.25
933.07,22,2.2,0.57,1.78,0.63,1.32,0.91,1.82,1.03,1.82,1.28,1.1,1.87,1.94,0.77,1.25
934.07,22,2.19,0.54,1.76,0.62,1.33,0.9,1.8,1.04,1.83,1.27,1.09,1.86,1.93,0.77,1.24
935.07,22,2.2,0.53,1.76,0.62,1.33,0.89,1.81,1.03,1.81,1.27,1.09,1.86,1.93,0.76,1.24
936.07,22,2.21,0.54,1.76,0.64,1.34,0.9,1.82,1.05,1.82,1.27,1.11,1.88,1.92,0.78,1.25
937.08,22,2.2,0.52,1.75,0.62,1.33,0.9,1.81,1.05,1.82,1.26,1.08,1.87,1.91,0.76,1.25
938.08,22,2.21,0.53,1.76,0.63,1.33,0.91,1.82,1.05,1.82,1.27,1.1,1.87,1.93,0.77,1.25
939.08,22,2.19,0.52,1.74,0.61,1.31,0.88,1.81,1.04,1.81,1.26,1.07,1.85,1.92,0.75,1.23
940.08,22,2.2,0.51,1.74,0.62,1.31,0.89,1.8,1.03,1.82,1.27,1.09,1.85,1.92,0.77,1.25
941.1,22,2.2,0.53,1.75,0.62,1.32,0.9,1.81,1.04,1.81,1.27,1.1,1.86,1.93,0.77,1.25
942.1,22,2.21,0.53,1.75,0.63,1.31,0.89,1.81,1.04,1.82,1.27,1.09,1.87,1.93,0.76,1.25
943.1,22,2.2,0.53,1.75,0.62,1.32,0.89,1.81,1.03,1.81,1.25,1.09,1.87,1.93,0.77,1.25
944.1,22,2.2,0.53,1.76,0.63,1.32,0.9,1.81,1.04,1.82,1.27,1.09,1.86,1.94,0.77,1.25
945.12,22,2.19,0.52,1.75,0.61,1.32,0.89,1.82,1.04,1.8,1.26,1.09,1.86,1.91,0.77,1.24
946.12,22,2.2,0.53,1.75,0.62,1.31,0.88,1.8,1.03,1.81,1.26,1.09,1.86,1.92,0.77,1.25
947.12,22,2.22,0.58,1.78,0.62,1.32,0.89,1.81,1.03,1.82,1.27,1.1,1.87,1.92,0.77,1.24
948.12,22,2.2,0.57,1.77,0.62,1.31,0.9,1.8,1.03,1.81,1.27,1.09,1.87,1.92,0.77,1.25
949.12,22,2.19,0.54,1.75,0.61,1.3,0.88,1.81,1.03,1.81,1.26,1.08,1.86,1.91,0.76,1.24
950.12,22,2.19,0.52,1.75,0.61,1.32,0.89,1.81,1.02,1.81,1.26,1.08,1.86,1.92,0.76,1.24
951.13,22,2.2,0.54,1.76,0.63,1.33,0.89,1.82,1.04,1.83,1.27,1.1,1.87,1.93,0.77,1.25
952.13,22,2.18,0.53,1.75,0.62,1.32,0.89,1.81,1.03,1.8,1.26,1.08,1.85,1.92,0.76,1.24
953.13,22,2.19,0.51,1.75,0.62,1.32,0.89,1.8,1.03,1.8,1.27,1.09,1.86,1.92,0.75,1.25
954.13,22,2.2,0.51,1.75,0.61,1.31,0.88,1.8,1.03,1.8,1.26,1.09,1.85,1.93,0.76,1.24
955.15,22,2.19,0.51,1.74,0.61,1.3,0.88,1.79,1.03,1.81,1.25,1.07,1.85,1.9,0.76,1.23
956.15,22,2.2,0.52,1.76,0.62,1.32,0.88,1.8,1.04,1.82,1.26,1.09,1.86,1.93,0.77,1.24
957.15,22,2.2,0.52,1.75,0.62,1.32,0.9,1.81,1.03,1.82,1.25,1.09,1.86,1.92,0.76,1.24
958.15,22,2.2,0.53,1.75,0.62,1.32,0.89,1.81,1.03,1.81,1.25,1.09,1.85,1.92,0.77,1.25
959.17,22,2.19,0.52,1.73,0.61,1.3,0.87,1.79,1.02,1.8,1.26,1.08,1.83,1.9,0.75,1.24
960.17,22,2.2,0.52,1.75,0.62,1.31,0.89,1.8,1.02,1.81,1.26,1.09,1.86,1.92,0.78,1.24
961.17,22,2.21,0.53,1.75,0.62,1.31,0.89,1.81,1.04,1.82,1.27,1.09,1.86,1.92,0.77,1.24
962.18,22,2.2,0.52,1.75,0.63,1.31,0.89,1.8,1.03,1.81,1.27,1.09,1.86,1.92,0.77,1.24
963.18,22,2.21,0.54,1.76,0.62,1.31,0.89,1.81,1.04,1.8,1.27,1.09,1.85,1.93,0.76,1.24
964.18,22,2.2,0.55,1.76,0.62,1.31,0.89,1.81,1.03,1.81,1.26,1.09,1.86,1.92,0.76,1.24
965.18,22,2.19,0.53,1.75,0.62,1.3,0.89,1.8,1.02,1.81,1.27,1.09,1.86,1.92,0.76,1.25
966.18,22,2.19,0.52,1.74,0.61,1.31,0.89,1.82,1.03,1.81,1.26,1.09,1.86,1.91,0.77,1.25
967.18,22,2.18,0.51,1.73,0.6,1.31,0.87,1.8,1.02,1.8,1.25,1.07,1.85,1.91,0.76,1.23
968.18,22,2.19,0.51,1.75,0.61,1.31,0.88,1.81,1.03,1.79,1.25,1.08,1.85,1.91,0.75,1.23
969.18,22,2.19,0.52,1.75,0.62,1.31,0.87,1.81,1.04,1.8,1.26,1.08,1.85,1.92,0.76,1.24
970.18,22,2.19,0.51,1.74,0.61,1.31,0.88,1.81,1.03,1.81,1.25,1.08,1.86,1.91,0.75,1.23
971.2,22,2.19,0.51,1.73,0.61,1.29,0.88,1.8,1.03,1.79,1.25,1.09,1.84,1.91,0.76,1.24
972.2,22,2.19,0.5,1.74,0.6,1.3,0.87,1.8,1.02,1.79,1.24,1.07,1.85,1.91,0.74,1.22
973.22,22,2.19,0.51,1.74,0.61,1.31,0.88,1.8,1.03,1.81,1.26,1.09,1.86,1.91,0.75,1.24
974.22,22,2.2,0.51,1.74,0.61,1.31,0.89,1.81,1.02,1.81,1.25,1.09,1.84,1.92,0.75,1.24
975.22,22,2.19,0.51,1.74,0.62,1.3,0.88,1.81,1.01,1.79,1.26,1.09,1.85,1.91,0.76,1.24
976.22,22,2.19,0.53,1.75,0.62,1.3,0.88,1.82,1.03,1.8,1.26,1.09,1.85,1.92,0.76,1.25
977.22,22,2.2,0.53,1.75,0.62,1.3,0.88,1.81,1.03,1.8,1.26,1.09,1.85,1.91,0.77,1.23
978.23,22,2.18,0.51,1.74,0.61,1.3,0.88,1.8,1.02,1.81,1.25,1.08,1.86,1.92,0.76,1.23
979.23,22,2.2,0.53,1.74,0.61,1.3,0.88,1.8,1.04,1.79,1.25,1.08,1.85,1.91,0.76,1.24
980.23,22,2.19,0.53,1.75,0.62,1.3,0.89,1.81,1.02,1.81,1.26,1.08,1.86,1.92,0.75,1.23
981.23,22,2.19,0.51,1.74,0.61,1.3,0.89,1.81,1.03,1.81,1.26,1.09,1.86,1.91,0.75,1.24
982.23,22,2.19,0.51,1.74,0.61,1.29,0.88,1.8,1.02,1.81,1.26,1.07,1.85,1.92,0.75,1.23
983.23,22,2.19,0.51,1.74,0.61,1.3,0.89,1.8,1.03,1.8,1.26,1.07,1.86,1.91,0.75,1.24
984.23,22,2.18,0.51,1.73,0.61,1.31,0.88,1.8,1.02,1.8,1.25,1.08,1.85,1.92,0.76,1.23
985.23,22,2.19,0.51,1.73,0.61,1.31,0.88,1.81,1.03,1.79,1.26,1.08,1.85,1.91,0.75,1.23
986.23,22,2.19,0.5,1.74,0.61,1.31,0.88,1.8,1.02,1.8,1.25,1.08,1.85,1.92,0.76,1.24
987.23,22,2.19,0.51,1.73,0.61,1.31,0.88,1.81,1.02,1.8,1.25,1.08,1.85,1.91,0.75,1.24
988.25,22,2.18,0.5,1.73,0.61,1.3,0.88,1.8,1.02,1.81,1.26,1.08,1.85,1.91,0.75,1.24
989.25,22,2.19,0.5,1.74,0.62,1.31,0.89,1.8,1.02,1.8,1.25,1.08,1.84,1.91,0.75,1.23
990.25,22,2.19,0.51,1.73,0.6,1.29,0.88,1.81,1.01,1.79,1.25,1.07,1.84,1.9,0.75,1.23
991.27,22,2.19,0.51,1.73,0.6,1.3,0.88,1.8,1.03,1.8,1.24,1.08,1.85,1.91,0.75,1.22
992.27,22,2.2,0.53,1.74,0.62,1.3,0.88,1.81,1.02,1.82,1.26,1.09,1.86,1.93,0.76,1.24
993.27,22,2.19,0.51,1.73,0.61,1.3,0.88,1.81,1.02,1.79,1.26,1.08,1.84,1.91,0.75,1.23
994.27,22,2.19,0.5,1.75,0.6,1.29,0.88,1.8,1.02,1.8,1.25,1.08,1.85,1.9,0.75,1.23
995.27,22,2.2,0.51,1.75,0.61,1.31,0.89,1.81,1.03,1.79,1.26,1.08,1.85,1.91,0.75,1.24
996.27,22,2.19,0.53,1.75,0.61,1.29,0.88,1.8,1.02,1.8,1.25,1.08,1.85,1.91,0.75,1.24
997.28,22,2.18,0.52,1.74,0.62,1.3,0.89,1.79,1.02,1.81,1.26,1.08,1.86,1.92,0.76,1.23
998.28,22,2.18,0.51,1.73,0.61,1.3,0.87,1.79,1.01,1.79,1.25,1.08,1.85,1.91,0.75,1.24
999.28,22,2.18,0.51,1.73,0.61,1.29,0.88,1.8,1.02,1.8,1.24,1.07,1.84,1.9,0.75,1.22
1000.28,22,2.2,0.51,1.75,0.61,1.31,0.9,1.81,1.03,1.8,1.25,1.1,1.85,1.92,0.76,1.24
1001.28,22,2.19,0.51,1.74,0.61,1.31,0.88,1.81,1.02,1.8,1.25,1.08,1.84,1.91,0.76,1.23
1002.3,22,2.18,0.51,1.73,0.61,1.3,0.88,1.8,1.02,1.79,1.24,1.08,1.84,1.9,0.75,1.23
1003.3,22,2.19,0.5,1.73,0.61,1.31,0.87,1.81,1.03,1.8,1.26,1.08,1.84,1.91,0.75,1.23
1004.3,22,2.2,0.51,1.74,0.61,1.3,0.89,1.8,1.02,1.81,1.25,1.08,1.86,1.92,0.75,1.24
1005.3,22,2.18,0.5,1.73,0.61,1.3,0.87,1.81,1.02,1.79,1.25,1.07,1.84,1.9,0.75,1.23
1006.3,22,2.19,0.5,1.74,0.62,1.29,0.88,1.8,1.02,1.8,1.25,1.08,1.86,1.91,0.76,1.24
1007.3,22,2.2,0.52,1.75,0.62,1.31,0.89,1.81,1.03,1.81,1.26,1.09,1.85,1.91,0.76,1.24
1008.32,22,2.19,0.5,1.73,0.61,1.3,0.88,1.8,1.02,1.8,1.26,1.07,1.86,1.91,0.75,1.23
1009.32,22,2.19,0.51,1.74,0.62,1.29,0.89,1.8,1.03,1.79,1.25,1.08,1.86,1.9,0.76,1.24
1010.32,22,2.18,0.5,1.73,0.6,1.3,0.88,1.8,1.02,1.78,1.23,1.07,1.85,1.91,0.75,1.23
1011.32,22,2.19,0.51,1.74,0.61,1.3,0.89,1.8,1.02,1.79,1.25,1.08,1.85,1.92,0.75,1.23
1012.32,22,2.18,0.51,1.74,0.61,1.29,0.89,1.8,1.01,1.79,1.26,1.07,1.84,1.91,0.75,1.23
1013.33,22,2.18,0.51,1.73,0.61,1.3,0.89,1.8,1.01,1.79,1.24,1.07,1.84,1.9,0.75,1.23
1014.33,22,2.19,0.51,1.74,0.61,1.3,0.87,1.8,1.03,1.8,1.25,1.08,1.85,1.91,0.75,1.23
1015.33,22,2.18,0.5,1.72,0.6,1.29,0.88,1.8,1.02,1.81,1.25,1.08,1.84,1.91,0.75,1.23
1016.33,22,2.18,0.5,1.72,0.6,1.3,0.88,1.8,1.02,1.8,1.25,1.07,1.85,1.91,0.76,1.23
1017.33,22,2.18,0.5,1.72,0.61,1.3,0.88,1.8,1.02,1.79,1.24,1.07,1.85,1.9,0.75,1.23
1018.33,22,2.19,0.5,1.75,0.61,1.3,0.88,1.8,1.02,1.8,1.25,1.08,1.85,1.91,0.75,1.23
1019.35,22,2.18,0.49,1.73,0.59,1.29,0.86,1.79,1.02,1.79,1.24,1.08,1.83,1.9,0.75,1.22
1020.35,22,2.17,0.49,1.73,0.6,1.3,0.88,1.79,1.02,1.79,1.24,1.07,1.84,1.91,0.75,1.22
1021.35,22,2.17,0.5,1.74,0.6,1.29,0.88,1.8,1.01,1.8,1.25,1.07,1.85,1.9,0.75,1.24
1022.35,22,2.18,0.5,1.74,0.61,1.3,0.87,1.8,1.02,1.79,1.25,1.08,1.84,1.91,0.75,1.23
1023.35,22,2.19,0.5,1.74,0.61,1.3,0.88,1.8,1.02,1.8,1.25,1.08,1.84,1.91,0.76,1.23
1024.35,22,2.18,0.5,1.74,0.61,1.29,0.88,1.8,1.01,1.8,1.25,1.08,1.84,1.91,0.75,1.23
1025.35,22,2.19,0.51,1.73,0.61,1.29,0.87,1.8,1.02,1.8,1.25,1.08,1.85,1.91,0.76,1.23
1026.37,22,2.19,0.5,1.74,0.6,1.28,0.88,1.8,1.02,1.79,1.24,1.07,1.85,1.9,0.74,1.22
1027.37,22,2.2,0.51,1.74,0.6,1.3,0.89,1.81,1.02,1.8,1.25,1.08,1.85,1.91,0.75,1.23
1028.37,22,2.19,0.5,1.74,0.6,1.3,0.87,1.8,1.02,1.8,1.24,1.08,1.85,1.9,0.75,1.23
1029.37,22,2.19,0.52,1.74,0.62,1.3,0.88,1.81,1.02,1.81,1.26,1.08,1.86,1.91,0.75,1.23
1030.37,22,2.18,0.5,1.73,0.6,1.3,0.88,1.81,1.02,1.8,1.24,1.08,1.85,1.91,0.75,1.23
1031.37,22,2.17,0.49,1.74,0.6,1.29,0.88,1.79,1.02,1.79,1.25,1.08,1.84,1.9,0.75,1.22
1032.37,22,2.17,0.5,1.74,0.6,1.29,0.88,1.8,1.01,1.79,1.25,1.08,1.83,1.9,0.75,1.22
1033.37,22,2.18,0.5,1.73,0.6,1.29,0.88,1.8,1.02,1.79,1.24,1.09,1.84,1.91,0.75,1.22
1034.37,22,2.19,0.5,1.73,0.6,1.28,0.87,1.8,1.02,1.79,1.24,1.07,1.84,1.9,0.74,1.22
1035.37,22,2.19,0.5,1.73,0.6,1.29,0.87,1.79,1.02,1.8,1.24,1.07,1.84,1.9,0.75,1.23
1036.38,22,2.18,0.5,1.72,0.6,1.29,0.86,1.8,1,1.79,1.24,1.07,1.83,1.9,0.76,1.22
1037.38,22,2.19,0.5,1.73,0.61,1.29,0.87,1.8,1.02,1.8,1.24,1.07,1.85,1.9,0.75,1.23
1038.38,22,2.18,0.49,1.73,0.6,1.29,0.87,1.8,1.01,1.79,1.24,1.07,1.84,1.9,0.74,1.23
1039.38,22,2.19,0.51,1.73,0.61,1.28,0.88,1.8,1.02,1.8,1.24,1.08,1.85,1.9,0.75,1.23
1040.38,22,2.18,0.5,1.73,0.6,1.29,0.88,1.79,1.02,1.79,1.25,1.07,1.84,1.9,0.75,1.23
1041.38,22,2.18,0.5,1.73,0.61,1.29,0.87,1.8,1.02,1.8,1.24,1.07,1.84,1.9,0.74,1.23
1042.4,22,2.19,0.51,1.74,0.61,1.3,0.88,1.8,1.02,1.8,1.25,1.08,1.84,1.91,0.75,1.23
1043.4,22,2.2,0.51,1.74,0.62,1.29,0.88,1.81,1.02,1.8,1.25,1.07,1.85,1.91,0.75,1.23
1044.4,22,2.18,0.5,1.73,0.61,1.3,0.88,1.79,1.01,1.8,1.24,1.07,1.85,1.9,0.74,1.23
1045.4,22,2.18,0.51,1.73,0.6,1.3,0.87,1.8,1.01,1.79,1.25,1.09,1.85,1.91,0.75,1.23
1046.4,22,2.18,0.5,1.74,0.61,1.28,0.88,1.8,1.02,1.79,1.25,1.07,1.84,1.9,0.75,1.23
1047.4,22,2.18,0.5,1.73,0.59,1.29,0.88,1.8,1.02,1.8,1.25,1.08,1.85,1.91,0.76,1.22
1048.4,22,2.18,0.5,1.73,0.61,1.29,0.87,1.8,1.01,1.8,1.25,1.08,1.85,1.91,0.75,1.22
1049.42,22,2.17,0.49,1.73,0.6,1.28,0.87,1.79,1.01,1.79,1.25,1.06,1.83,1.9,0.75,1.22
1050.42,22,2.18,0.51,1.73,0.61,1.3,0.88,1.8,1.02,1.8,1.24,1.07,1.85,1.9,0.75,1.23
1051.42,22,2.17,0.5,1.73,0.6,1.29,0.87,1.79,1.01,1.79,1.25,1.08,1.83,1.9,0.75,1.22
1052.42,22,2.18,0.49,1.72,0.6,1.29,0.87,1.79,1.01,1.79,1.25,1.07,1.84,1.9,0.74,1.22
1053.43,22,2.18,0.49,1.72,0.6,1.29,0.87,1.8,1.01,1.79,1.25,1.06,1.83,1.9,0.73,1.22
1054.43,22,2.19,0.5,1.74,0.61,1.3,0.88,1.81,1.02,1.8,1.25,1.08,1.86,1.9,0.75,1.23
1055.43,22,2.19,0.5,1.73,0.62,1.3,0.87,1.8,1.02,1.79,1.24,1.07,1.85,1.92,0.75,1.23
1056.43,22,2.18,0.5,1.73,0.6,1.29,0.88,1.79,1.01,1.8,1.24,1.07,1.85,1.9,0.75,1.23
1057.43,22,2.18,0.49,1.72,0.6,1.28,0.87,1.79,1.01,1.79,1.24,1.07,1.84,1.9,0.75,1.22
1058.43,22,2.19,0.49,1.73,0.61,1.29,0.88,1.8,1.02,1.79,1.24,1.07,1.85,1.9,0.75,1.23
1059.43,22,2.19,0.5,1.73,0.62,1.29,0.88,1.81,1.02,1.8,1.25,1.07,1.85,1.91,0.75,1.23
1060.45,22,2.19,0.51,1.74,0.62,1.3,0.87,1.8,1.03,1.8,1.25,1.08,1.85,1.92,0.76,1.23
1061.45,22,2.17,0.5,1.73,0.6,1.3,0.87,1.81,1.01,1.78,1.25,1.07,1.85,1.9,0.76,1.23
1062.47,22,2.18,0.51,1.73,0.61,1.29,0.86,1.8,1.01,1.8,1.25,1.08,1.84,1.9,0.74,1.23
1063.47,22,2.18,0.49,1.72,0.61,1.29,0.87,1.8,1.02,1.79,1.24,1.08,1.84,1.9,0.75,1.23
1064.47,22,2.18,0.49,1.72,0.6,1.29,0.87,1.8,1.02,1.79,1.24,1.08,1.84,1.91,0.73,1.23
1065.47,22,2.18,0.49,1.73,0.6,1.28,0.88,1.79,1.02,1.79,1.23,1.07,1.84,1.9,0.74,1.22
1066.47,22,2.18,0.51,1.73,0.61,1.29,0.88,1.8,1.01,1.79,1.25,1.08,1.84,1.9,0.75,1.23
1067.48,22,2.18,0.48,1.73,0.59,1.29,0.87,1.79,1.01,1.79,1.24,1.07,1.84,1.88,0.74,1.22
1068.48,22,2.18,0.5,1.72,0.61,1.28,0.87,1.8,1.01,1.79,1.24,1.08,1.85,1.9,0.75,1.22
1069.48,22,2.18,0.5,1.73,0.6,1.3,0.88,1.79,1.02,1.8,1.25,1.08,1.85,1.91,0.75,1.22
1070.48,22,2.17,0.49,1.72,0.59,1.28,0.86,1.8,1.01,1.79,1.24,1.08,1.84,1.91,0.74,1.21
1071.48,22,2.18,0.49,1.72,0.61,1.28,0.88,1.79,1.01,1.79,1.24,1.07,1.84,1.9,0.75,1.22
1072.48,22,2.18,0.5,1.74,0.6,1.29,0.88,1.8,1.01,1.79,1.25,1.07,1.84,1.91,0.75,1.23
1073.5,22,2.19,0.5,1.73,0.61,1.28,0.88,1.79,1.01,1.78,1.25,1.08,1.85,1.9,0.74,1.23
1074.5,22,2.18,0.5,1.73,0.59,1.28,0.87,1.79,1.02,1.79,1.25,1.08,1.84,1.9,0.75,1.22
1075.5,22,2.19,0.5,1.74,0.61,1.28,0.87,1.8,1.01,1.79,1.25,1.07,1.84,1.9,0.75,1.23
1076.5,22,2.19,0.5,1.72,0.61,1.28,0.88,1.8,1.01,1.79,1.24,1.06,1.84,1.91,0.75,1.22
1077.52,22,2.17,0.49,1.71,0.59,1.29,0.87,1.79,1.01,1.78,1.23,1.07,1.83,1.89,0.74,1.21
1078.52,22,2.18,0.49,1.72,0.6,1.28,0.87,1.79,1.01,1.79,1.24,1.07,1.83,1.89,0.74,1.22
1079.52,22,2.18,0.5,1.72,0.6,1.28,0.87,1.81,1.01,1.8,1.24,1.07,1.84,1.9,0.74,1.23
1080.52,22,2.18,0.49,1.72,0.6,1.29,0.88,1.8,1.01,1.77,1.25,1.07,1.85,1.9,0.75,1.22
1081.52,22,2.18,0.49,1.72,0.59,1.28,0.87,1.79,0.99,1.79,1.23,1.06,1.83,1.88,0.74,1.22
1082.53,22,2.17,0.48,1.73,0.59,1.28,0.86,1.79,1.01,1.79,1.23,1.07,1.84,1.89,0.74,1.22
1083.53,22,2.18,0.49,1.72,0.6,1.28,0.87,1.79,1.01,1.79,1.23,1.07,1.84,1.9,0.74,1.22
1084.53,22,2.19,0.49,1.72,0.6,1.28,0.86,1.8,1.01,1.78,1.24,1.06,1.84,1.9,0.73,1.22
1085.53,22,2.18,0.49,1.73,0.61,1.3,0.87,1.8,1.01,1.8,1.24,1.08,1.85,1.91,0.75,1.23
1086.53,22,2.18,0.5,1.73,0.6,1.28,0.88,1.8,1.01,1.8,1.25,1.07,1.85,1.91,0.75,1.23
1087.53,22,2.19,0.5,1.73,0.61,1.29,0.88,1.8,1.02,1.8,1.25,1.08,1.85,1.91,0.76,1.23
1088.53,22,2.18,0.49,1.73,0.6,1.29,0.88,1.79,1.01,1.79,1.25,1.07,1.85,1.91,0.74,1.23
1089.55,22,2.18,0.49,1.73,0.6,1.28,0.87,1.8,1,1.79,1.24,1.07,1.84,1.9,0.73,1.22
1090.55,22,2.18,0.5,1.73,0.61,1.3,0.88,1.8,1.02,1.8,1.24,1.07,1.84,1.91,0.75,1.23
1091.55,22,2.18,0.49,1.73,0.6,1.28,0.87,1.79,1.01,1.78,1.24,1.07,1.83,1.89,0.74,1.22
1092.55,22,2.18,0.5,1.73,0.61,1.29,0.89,1.81,1.02,1.79,1.23,1.07,1.85,1.91,0.75,1.22
1093.55,22,2.17,0.49,1.72,0.61,1.29,0.87,1.8,1.01,1.8,1.25,1.07,1.84,1.91,0.74,1.23
1094.55,22,2.17,0.49,1.72,0.6,1.29,0.88,1.8,1.01,1.79,1.24,1.07,1.84,1.9,0.75,1.23
1095.55,22,2.16,0.48,1.71,0.59,1.28,0.86,1.79,1,1.78,1.23,1.07,1.83,1.89,0.74,1.21
1096.57,22,2.17,0.48,1.72,0.61,1.28,0.85,1.8,1,1.79,1.24,1.07,1.83,1.89,0.75,1.22
1097.57,22,2.17,0.49,1.72,0.6,1.28,0.87,1.79,1.01,1.79,1.24,1.06,1.83,1.9,0.74,1.22
1098.57,22,2.17,0.48,1.72,0.6,1.28,0.87,1.79,1.01,1.78,1.24,1.07,1.84,1.9,0.73,1.22
1099.57,22,2.18,0.48,1.72,0.6,1.28,0.87,1.79,1.01,1.79,1.24,1.06,1.84,1.9,0.75,1.22
1100.57,22,2.19,0.49,1.74,0.61,1.29,0.86,1.8,1.02,1.8,1.25,1.08,1.85,1.91,0.75,1.23
1101.57,22,2.17,0.49,1.72,0.6,1.28,0.85,1.79,1,1.78,1.23,1.06,1.83,1.89,0.74,1.21
1102.57,22,2.17,0.5,1.72,0.6,1.29,0.87,1.8,1,1.79,1.22,1.06,1.84,1.9,0.74,1.22
1103.58,22,2.18,0.5,1.72,0.6,1.29,0.88,1.79,1.02,1.79,1.25,1.07,1.85,1.9,0.75,1.23
1104.58,22,2.18,0.5,1.72,0.6,1.28,0.87,1.79,1.01,1.79,1.25,1.07,1.84,1.89,0.75,1.22
1105.6,22,2.18,0.5,1.73,0.61,1.28,0.87,1.8,1.01,1.79,1.24,1.07,1.85,1.91,0.75,1.22
1106.6,22,2.19,0.5,1.74,0.61,1.29,0.88,1.8,1.01,1.8,1.24,1.06,1.84,1.91,0.74,1.23
1107.6,22,2.18,0.5,1.73,0.61,1.28,0.87,1.8,1.02,1.79,1.24,1.08,1.85,1.9,0.76,1.23
1108.62,22,2.18,0.49,1.72,0.6,1.27,0.86,1.8,1,1.78,1.23,1.07,1.83,1.91,0.74,1.22
1109.62,22,2.17,0.48,1.72,0.59,1.28,0.87,1.79,1.01,1.79,1.24,1.05,1.83,1.89,0.73,1.22
1110.62,22,2.17,0.48,1.71,0.59,1.27,0.86,1.78,1,1.77,1.23,1.06,1.83,1.88,0.74,1.21
1111.62,22,2.17,0.48,1.72,0.6,1.29,0.87,1.8,1.01,1.78,1.23,1.07,1.83,1.89,0.73,1.22
1112.63,22,2.16,0.49,1.71,0.59,1.27,0.86,1.78,1,1.79,1.24,1.06,1.83,1.89,0.74,1.21
1113.63,22,2.17,0.48,1.72,0.6,1.28,0.87,1.78,1,1.78,1.24,1.07,1.84,1.89,0.73,1.21
1114.63,22,2.18,0.48,1.72,0.59,1.28,0.87,1.79,1,1.78,1.23,1.07,1.83,1.89,0.74,1.22
1115.65,22,2.18,0.48,1.73,0.6,1.27,0.87,1.79,1.02,1.79,1.24,1.07,1.83,1.89,0.73,1.22
1116.65,22,2.18,0.48,1.71,0.59,1.28,0.86,1.78,1,1.78,1.23,1.06,1.82,1.9,0.74,1.22
1117.65,22,2.17,0.49,1.72,0.6,1.27,0.87,1.79,1.01,1.78,1.23,1.07,1.83,1.9,0.75,1.22
1118.65,22,2.17,0.48,1.73,0.59,1.28,0.86,1.79,1,1.78,1.24,1.06,1.83,1.9,0.73,1.21
1119.67,22,2.17,0.5,1.74,0.6,1.29,0.88,1.8,1.01,1.8,1.25,1.08,1.85,1.91,0.75,1.23
1120.67,22,2.18,0.49,1.73,0.6,1.27,0.87,1.78,1.01,1.79,1.24,1.07,1.84,1.9,0.74,1.22
1121.67,22,2.18,0.49,1.73,0.6,1.29,0.86,1.8,1,1.79,1.24,1.07,1.84,1.9,0.74,1.23
1122.67,22,2.18,0.49,1.73,0.61,1.28,0.87,1.79,1.01,1.78,1.24,1.07,1.83,1.9,0.75,1.24
1123.67,22,2.19,0.49,1.73,0.61,1.28,0.86,1.8,1,1.78,1.24,1.07,1.83,1.9,0.74,1.24
1124.67,22,2.18,0.49,1.72,0.61,1.27,0.87,1.8,1.01,1.79,1.23,1.07,1.84,1.9,0.75,1.24
1125.68,22,2.18,0.48,1.72,0.6,1.28,0.87,1.79,1.01,1.78,1.23,1.06,1.83,1.89,0.74,1.23
1126.68,22,2.17,0.48,1.72,0.6,1.28,0.87,1.79,1,1.77,1.23,1.06,1.84,1.89,0.74,1.24
1127.68,22,2.17,0.48,1.72,0.61,1.28,0.86,1.79,1,1.79,1.24,1.06,1.84,1.88,0.74,1.25
1128.68,22,2.18,0.49,1.72,0.61,1.29,0.89,1.8,1,1.79,1.25,1.07,1.85,1.91,0.75,1.24
1129.7,22,2.17,0.49,1.72,0.59,1.28,0.86,1.78,1.01,1.77,1.23,1.05,1.83,1.89,0.74,1.23
1130.7,22,2.16,0.49,1.71,0.59,1.26,0.87,1.78,1,1.77,1.23,1.06,1.83,1.88,0.73,1.23
1131.7,22,2.17,0.47,1.72,0.59,1.27,0.86,1.79,1,1.78,1.22,1.06,1.83,1.88,0.73,1.23
1132.7,22,2.17,0.49,1.73,0.6,1.28,0.87,1.8,1.01,1.78,1.24,1.07,1.83,1.89,0.74,1.24
1133.72,22,2.17,0.48,1.71,0.59,1.28,0.85,1.78,1,1.79,1.23,1.06,1.83,1.88,0.72,1.23
1134.72,22,2.18,0.5,1.72,0.6,1.28,0.87,1.8,1.01,1.79,1.23,1.07,1.84,1.91,0.73,1.24
1135.72,22,2.17,0.49,1.72,0.6,1.28,0.87,1.79,1.01,1.78,1.24,1.06,1.84,1.9,0.74,1.24
1136.72,22,2.18,0.5,1.73,0.61,1.29,0.88,1.8,1.01,1.8,1.25,1.07,1.85,1.91,0.75,1.25
1137.73,22,2.19,0.5,1.74,0.61,1.29,0.87,1.81,1.02,1.81,1.25,1.08,1.86,1.92,0.75,1.25
1138.73,22,2.18,0.49,1.72,0.6,1.28,0.87,1.79,1,1.78,1.24,1.06,1.83,1.91,0.73,1.24
1139.73,22,2.18,0.5,1.72,0.6,1.28,0.86,1.79,1.01,1.77,1.24,1.07,1.83,1.9,0.73,1.24
1140.75,22,2.17,0.48,1.73,0.59,1.27,0.87,1.79,1.01,1.79,1.24,1.07,1.84,1.89,0.74,1.23
1141.75,22,2.17,0.49,1.72,0.61,1.29,0.86,1.8,1.01,1.79,1.25,1.07,1.84,1.9,0.75,1.24
1142.75,22,2.16,0.48,1.71,0.6,1.28,0.87,1.79,1,1.79,1.23,1.06,1.84,1.9,0.73,1.22
1143.75,22,2.16,0.47,1.71,0.59,1.28,0.86,1.78,1,1.77,1.22,1.05,1.83,1.88,0.72,1.22
1144.75,22,2.17,0.48,1.72,0.6,1.28,0.87,1.78,1.01,1.79,1.24,1.06,1.83,1.9,0.73,1.24
1145.75,22,2.17,0.48,1.71,0.6,1.27,0.88,1.79,1.01,1.78,1.23,1.07,1.83,1.9,0.74,1.23
1146.77,22,2.17,0.48,1.71,0.59,1.28,0.87,1.79,1,1.78,1.23,1.05,1.83,1.89,0.73,1.24
1147.77,22,2.16,0.48,1.72,0.59,1.28,0.85,1.78,1,1.78,1.23,1.05,1.83,1.89,0.73,1.24
1148.77,22,2.18,0.49,1.73,0.6,1.29,0.88,1.8,1.01,1.79,1.24,1.07,1.85,1.9,0.74,1.25
1149.77,22,2.16,0.48,1.72,0.6,1.28,0.88,1.78,1.01,1.78,1.24,1.06,1.84,1.9,0.74,1.24
1150.77,22,2.18,0.49,1.71,0.59,1.28,0.87,1.8,1,1.79,1.24,1.07,1.83,1.9,0.74,1.23
1151.77,22,2.17,0.47,1.72,0.59,1.28,0.87,1.78,1,1.79,1.23,1.05,1.83,1.9,0.74,1.23
1152.77,22,2.18,0.49,1.73,0.6,1.28,0.87,1.8,1.01,1.79,1.24,1.07,1.84,1.9,0.75,1.24
1153.77,22,2.18,0.49,1.72,0.6,1.29,0.87,1.79,1.01,1.78,1.24,1.07,1.84,1.9,0.74,1.24
1154.77,22,2.18,0.49,1.72,0.6,1.28,0.86,1.79,1.01,1.78,1.23,1.06,1.85,1.9,0.74,1.23
1155.77,22,2.17,0.49,1.73,0.6,1.28,0.87,1.8,0.99,1.78,1.24,1.07,1.83,1.9,0.74,1.23
1156.78,22,2.17,0.49,1.72,0.6,1.29,0.88,1.79,1.01,1.79,1.24,1.07,1.84,1.9,0.75,1.24
1157.78,22,2.17,0.48,1.71,0.6,1.28,0.87,1.79,1.01,1.79,1.23,1.06,1.83,1.89,0.74,1.24
1158.78,22,2.16,0.48,1.72,0.6,1.28,0.87,1.79,1,1.79,1.24,1.07,1.83,1.89,0.74,1.23
1159.8,22,2.16,0.48,1.71,0.59,1.27,0.86,1.78,1,1.78,1.23,1.06,1.82,1.89,0.73,1.22
1160.8,22,2.16,0.48,1.72,0.58,1.27,0.86,1.77,1.01,1.78,1.23,1.07,1.83,1.88,0.74,1.23
1161.8,22,2.18,0.49,1.72,0.6,1.28,0.88,1.79,1.02,1.8,1.24,1.08,1.84,1.9,0.75,1.24
1162.8,22,2.17,0.48,1.71,0.59,1.27,0.86,1.78,1,1.78,1.23,1.06,1.82,1.89,0.73,1.22
1163.82,22,2.17,0.48,1.71,0.6,1.28,0.87,1.79,1,1.79,1.24,1.06,1.82,1.89,0.73,1.23
1164.82,22,2.18,0.49,1.71,0.59,1.27,0.87,1.8,1,1.79,1.23,1.06,1.83,1.88,0.74,1.22
1165.82,22,2.17,0.49,1.72,0.59,1.27,0.87,1.79,1.01,1.78,1.24,1.07,1.84,1.9,0.74,1.24
1166.82,22,2.18,0.49,1.72,0.6,1.27,0.87,1.8,1.02,1.79,1.24,1.07,1.84,1.9,0.74,1.24
1167.82,22,2.18,0.49,1.73,0.61,1.28,0.88,1.81,1.01,1.8,1.25,1.07,1.84,1.9,0.74,1.25
1168.82,22,2.18,0.49,1.72,0.61,1.27,0.85,1.78,1.01,1.77,1.23,1.06,1.83,1.89,0.73,1.24
1169.82,22,2.18,0.48,1.72,0.6,1.27,0.87,1.8,1,1.78,1.23,1.06,1.82,1.9,0.74,1.24
1170.82,22,2.18,0.48,1.72,0.61,1.28,0.87,1.8,1,1.78,1.24,1.06,1.83,1.9,0.74,1.24
1171.83,22,2.17,0.48,1.72,0.6,1.28,0.86,1.79,1,1.78,1.24,1.06,1.83,1.9,0.73,1.23
1172.83,22,2.17,0.49,1.72,0.6,1.28,0.87,1.79,1.01,1.79,1.23,1.05,1.83,1.89,0.73,1.25
1173.83,22,2.17,0.47,1.71,0.6,1.27,0.86,1.79,0.99,1.78,1.22,1.07,1.81,1.88,0.73,1.23
1174.83,22,2.17,0.48,1.71,0.6,1.28,0.86,1.79,1,1.78,1.23,1.05,1.84,1.89,0.73,1.23
1175.83,22,2.16,0.47,1.71,0.6,1.28,0.86,1.79,1,1.78,1.23,1.06,1.83,1.89,0.74,1.23
1176.83,22,2.16,0.46,1.71,0.59,1.26,0.86,1.77,1,1.78,1.22,1.06,1.82,1.89,0.74,1.23
1177.83,22,2.17,0.49,1.72,0.6,1.28,0.87,1.79,1.01,1.79,1.24,1.07,1.84,1.89,0.74,1.23
1178.85,22,2.17,0.49,1.72,0.6,1.28,0.87,1.8,1,1.78,1.24,1.07,1.84,1.9,0.75,1.23
1179.85,22,2.17,0.48,1.71,0.59,1.27,0.87,1.78,1,1.78,1.23,1.05,1.83,1.9,0.73,1.23
1180.85,22,2.17,0.49,1.73,0.61,1.28,0.88,1.79,1.01,1.79,1.24,1.07,1.84,1.91,0.74,1.24
1181.85,22,2.17,0.48,1.71,0.6,1.27,0.87,1.79,1,1.78,1.23,1.05,1.83,1.9,0.73,1.24
1182.87,22,2.18,0.49,1.73,0.61,1.28,0.88,1.79,1.02,1.79,1.24,1.07,1.84,1.89,0.75,1.25
1183.87,22,2.18,0.48,1.72,0.6,1.29,0.88,1.79,1.01,1.79,1.23,1.07,1.84,1.9,0.74,1.24
1184.87,22,2.17,0.49,1.71,0.6,1.27,0.87,1.78,1,1.78,1.23,1.06,1.83,1.88,0.73,1.22
1185.87,22,2.18,0.49,1.72,0.6,1.28,0.87,1.79,1,1.79,1.24,1.06,1.83,1.91,0.74,1.24
1186.87,22,2.17,0.49,1.73,0.6,1.29,0.88,1.8,1.01,1.78,1.24,1.07,1.84,1.9,0.75,1.24
1187.88,22,2.17,0.49,1.72,0.6,1.27,0.85,1.8,1,1.77,1.24,1.06,1.83,1.9,0.74,1.24
1188.88,22,2.17,0.48,1.72,0.6,1.29,0.87,1.8,1.01,1.79,1.23,1.07,1.83,1.9,0.74,1.23
1189.88,22,2.16,0.48,1.72,0.6,1.28,0.87,1.79,1,1.79,1.24,1.06,1.83,1.89,0.74,1.24
1190.88,22,2.16,0.47,1.71,0.59,1.27,0.86,1.79,1,1.78,1.22,1.05,1.83,1.89,0.74,1.23
1191.88,22,2.16,0.49,1.72,0.6,1.28,0.86,1.79,1.01,1.78,1.23,1.06,1.83,1.9,0.74,1.23
1192.9,22,2.17,0.48,1.72,0.6,1.27,0.86,1.79,1.01,1.77,1.23,1.07,1.82,1.9,0.74,1.23
1193.9,22,2.17,0.48,1.7,0.59,1.27,0.87,1.78,1,1.78,1.23,1.05,1.82,1.88,0.74,1.22
1194.9,22,2.18,0.5,1.72,0.61,1.29,0.87,1.79,1.01,1.79,1.24,1.07,1.84,1.9,0.75,1.24
1195.9,22,2.17,0.48,1.71,0.59,1.27,0.85,1.77,1,1.78,1.23,1.06,1.82,1.89,0.72,1.23
1196.9,22,2.16,0.48,1.7,0.59,1.28,0.86,1.79,1.01,1.78,1.23,1.05,1.82,1.89,0.72,1.23
1197.9,22,2.16,0.48,1.71,0.6,1.28,0.86,1.8,1,1.79,1.23,1.06,1.84,1.9,0.74,1.23
1198.92,22,2.17,0.48,1.71,0.6,1.27,0.87,1.79,1,1.77,1.24,1.06,1.83,1.89,0.74,1.24
1199.92,22,2.17,0.48,1.72,0.61,1.28,0.87,1.79,1.01,1.78,1.24,1.08,1.84,1.91,0.74,1.25
1200.92,22,2.17,0.49,1.71,0.59,1.27,0.87,1.79,1,1.78,1.23,1.06,1.83,1.9,0.72,1.23
1201.92,22,2.18,0.49,1.72,0.6,1.28,0.88,1.8,1.01,1.78,1.23,1.06,1.84,1.9,0.74,1.24
1202.93,22,2.17,0.49,1.73,0.61,1.28,0.87,1.79,1,1.79,1.24,1.07,1.84,1.9,0.73,1.24
1203.93,22,2.16,0.48,1.71,0.6,1.27,0.87,1.78,1,1.78,1.23,1.06,1.84,1.88,0.73,1.23
1204.93,22,2.17,0.49,1.72,0.61,1.28,0.88,1.79,1.01,1.79,1.24,1.08,1.84,1.89,0.73,1.24
1205.95,22,2.17,0.48,1.73,0.61,1.29,0.86,1.78,1.01,1.78,1.24,1.07,1.83,1.89,0.74,1.24
1206.95,22,2.16,0.47,1.7,0.59,1.26,0.87,1.78,1,1.76,1.23,1.06,1.83,1.89,0.73,1.23
1207.95,22,2.17,0.48,1.72,0.6,1.26,0.86,1.78,1.01,1.77,1.22,1.06,1.84,1.89,0.72,1.23
1208.95,22,2.17,0.48,1.72,0.6,1.27,0.85,1.79,1,1.78,1.23,1.06,1.83,1.89,0.74,1.24
1209.95,22,2.16,0.48,1.71,0.59,1.28,0.85,1.79,1.01,1.77,1.23,1.05,1.83,1.9,0.73,1.23
1210.95,22,2.17,0.47,1.71,0.59,1.26,0.87,1.78,1,1.77,1.22,1.06,1.82,1.89,0.73,1.22
1211.95,22,2.17,0.48,1.72,0.6,1.28,0.88,1.79,1,1.78,1.23,1.06,1.83,1.9,0.74,1.24
1212.97,22,2.18,0.49,1.72,0.61,1.28,0.87,1.79,1.01,1.78,1.24,1.07,1.84,1.9,0.74,1.23
1213.97,22,2.18,0.48,1.71,0.58,1.28,0.87,1.79,1.01,1.78,1.23,1.05,1.83,1.89,0.74,1.24
1214.97,22,2.17,0.47,1.71,0.59,1.28,0.85,1.78,1,1.78,1.23,1.05,1.83,1.89,0.74,1.22
1215.97,22,2.18,0.49,1.73,0.61,1.27,0.87,1.8,1.01,1.79,1.24,1.07,1.85,1.91,0.74,1.24
1216.98,22,2.18,0.49,1.73,0.61,1.29,0.87,1.8,1.01,1.79,1.24,1.06,1.84,1.91,0.75,1.25
1217.98,22,2.18,0.5,1.72,0.61,1.28,0.88,1.8,1.01,1.79,1.24,1.06,1.83,1.91,0.74,1.24
1218.98,22,2.16,0.48,1.72,0.6,1.28,0.87,1.78,1.01,1.79,1.23,1.06,1.84,1.89,0.74,1.24
1219.98,22,2.17,0.47,1.71,0.6,1.27,0.87,1.78,1.01,1.78,1.22,1.06,1.83,1.89,0.73,1.24
1220.98,22,2.16,0.47,1.71,0.59,1.27,0.85,1.78,1,1.78,1.22,1.06,1.83,1.89,0.73,1.22
1221.98,22,2.17,0.49,1.71,0.6,1.28,0.88,1.79,1,1.78,1.24,1.05,1.84,1.9,0.74,1.23
1222.98,22,2.16,0.48,1.71,0.6,1.28,0.85,1.78,1,1.79,1.22,1.06,1.83,1.88,0.73,1.23
1223.98,22,2.16,0.48,1.72,0.59,1.27,0.86,1.78,1.01,1.78,1.23,1.05,1.83,1.89,0.73,1.23
1225,22,2.18,0.49,1.72,0.6,1.29,0.88,1.78,1,1.78,1.24,1.06,1.84,1.89,0.73,1.23
1226,22,2.16,0.47,1.71,0.59,1.26,0.86,1.78,1,1.78,1.22,1.06,1.83,1.88,0.73,1.22
1227,22,2.17,0.47,1.71,0.6,1.27,0.87,1.79,1,1.78,1.23,1.07,1.83,1.89,0.73,1.23
1228,22,2.17,0.49,1.71,0.59,1.27,0.87,1.78,1,1.79,1.23,1.07,1.82,1.89,0.73,1.24
1229,22,2.17,0.49,1.72,0.6,1.28,0.86,1.79,1,1.77,1.23,1.06,1.83,1.91,0.73,1.23
1230,22,2.17,0.48,1.73,0.59,1.29,0.87,1.79,1,1.79,1.24,1.05,1.83,1.9,0.74,1.23
1231,22,2.17,0.48,1.72,0.6,1.28,0.87,1.78,0.99,1.79,1.24,1.05,1.83,1.89,0.74,1.23
1232.02,22,2.17,0.48,1.72,0.6,1.27,0.86,1.78,1,1.79,1.24,1.06,1.83,1.9,0.73,1.23
1233.02,22,2.17,0.49,1.71,0.59,1.28,0.87,1.78,1,1.78,1.23,1.06,1.83,1.9,0.73,1.24
1234.02,22,2.17,0.47,1.71,0.59,1.27,0.86,1.79,1,1.78,1.23,1.06,1.84,1.89,0.72,1.23
1235.02,22,2.17,0.48,1.72,0.6,1.27,0.87,1.79,1.01,1.78,1.23,1.07,1.83,1.9,0.73,1.24
1236.02,22,2.16,0.47,1.71,0.59,1.28,0.86,1.78,1,1.78,1.23,1.07,1.83,1.89,0.73,1.23
1237.02,22,2.17,0.48,1.71,0.59,1.28,0.87,1.79,1,1.78,1.23,1.05,1.84,1.9,0.74,1.24
1238.02,22,2.17,0.47,1.72,0.59,1.27,0.85,1.79,1.01,1.77,1.23,1.06,1.84,1.9,0.73,1.23
1239.02,22,2.17,0.49,1.71,0.6,1.27,0.86,1.78,1,1.78,1.22,1.05,1.83,1.89,0.72,1.23
1240.02,22,2.17,0.48,1.71,0.59,1.27,0.86,1.78,1,1.78,1.23,1.06,1.83,1.89,0.74,1.23
1241.03,22,2.17,0.48,1.71,0.6,1.28,0.86,1.78,1,1.78,1.23,1.06,1.83,1.89,0.74,1.23
1242.03,22,2.16,0.48,1.71,0.59,1.27,0.86,1.79,1,1.79,1.23,1.07,1.83,1.89,0.73,1.23
1243.03,22,2.17,0.48,1.72,0.59,1.27,0.86,1.79,1,1.78,1.23,1.06,1.83,1.9,0.73,1.24
1244.03,22,2.18,0.49,1.73,0.6,1.28,0.87,1.8,1.02,1.79,1.24,1.07,1.84,1.9,0.74,1.25
1245.03,22,2.18,0.49,1.72,0.61,1.28,0.87,1.8,1.01,1.79,1.24,1.07,1.83,1.9,0.74,1.24
1246.03,22,2.18,0.48,1.71,0.6,1.27,0.87,1.8,1,1.78,1.23,1.05,1.83,1.89,0.73,1.23
1247.05,22,2.17,0.5,1.72,0.6,1.28,0.87,1.79,1,1.79,1.24,1.06,1.83,1.9,0.73,1.23
1248.05,22,2.18,0.49,1.73,0.6,1.28,0.87,1.79,1.01,1.78,1.24,1.07,1.82,1.9,0.74,1.23
1249.05,22,2.18,0.49,1.71,0.61,1.28,0.87,1.8,1.01,1.78,1.24,1.06,1.84,1.9,0.74,1.24
1250.05,22,2.16,0.47,1.71,0.6,1.28,0.88,1.8,1,1.79,1.23,1.06,1.83,1.89,0.74,1.24
1251.07,22,2.17,0.47,1.72,0.6,1.27,0.87,1.78,1,1.77,1.23,1.06,1.83,1.89,0.74,1.23
1252.07,22,2.17,0.48,1.71,0.59,1.28,0.87,1.79,0.98,1.78,1.21,1.06,1.83,1.89,0.73,1.23
1253.07,22,2.15,0.48,1.7,0.59,1.27,0.86,1.78,0.99,1.78,1.23,1.06,1.82,1.88,0.73,1.22
1254.07,22,2.17,0.48,1.72,0.6,1.28,0.87,1.79,1,1.78,1.22,1.06,1.84,1.89,0.73,1.24
1255.07,22,2.16,0.47,1.71,0.58,1.26,0.86,1.78,1,1.76,1.22,1.04,1.82,1.89,0.74,1.23
1256.08,22,2.17,0.48,1.71,0.6,1.27,0.87,1.79,1.01,1.78,1.24,1.06,1.82,1.88,0.74,1.23
1257.1,22,2.16,0.48,1.71,0.58,1.26,0.85,1.78,1,1.77,1.22,1.05,1.82,1.89,0.73,1.22
1258.1,22,2.16,0.48,1.71,0.59,1.27,0.85,1.77,0.99,1.77,1.23,1.05,1.8,1.88,0.72,1.22
1259.1,22,2.16,0.47,1.71,0.59,1.27,0.86,1.78,1,1.77,1.23,1.05,1.83,1.9,0.73,1.23
1260.1,22,2.17,0.48,1.72,0.59,1.27,0.87,1.78,0.99,1.78,1.23,1.06,1.84,1.91,0.73,1.24
1261.1,22,2.17,0.49,1.71,0.59,1.28,0.88,1.79,1.01,1.78,1.24,1.07,1.83,1.9,0.73,1.24
1262.1,22,2.18,0.49,1.72,0.6,1.27,0.87,1.8,1.01,1.79,1.23,1.06,1.83,1.9,0.74,1.23
1263.1,22,2.17,0.49,1.72,0.6,1.26,0.86,1.79,1,1.79,1.23,1.04,1.82,1.9,0.73,1.24
1264.1,22,2.17,0.47,1.71,0.6,1.27,0.86,1.79,0.99,1.78,1.23,1.06,1.83,1.89,0.73,1.22
1265.12,22,2.17,0.49,1.72,0.6,1.27,0.87,1.79,1,1.79,1.24,1.07,1.83,1.9,0.74,1.24
1266.12,22,2.17,0.47,1.72,0.6,1.27,0.86,1.78,1,1.79,1.24,1.06,1.84,1.88,0.74,1.23
1267.12,22,2.16,0.48,1.7,0.59,1.27,0.86,1.78,1.01,1.78,1.23,1.07,1.83,1.89,0.74,1.24
1268.12,22,2.17,0.48,1.71,0.6,1.28,0.88,1.8,1.01,1.79,1.24,1.07,1.83,1.9,0.74,1.24
1269.12,22,2.17,0.48,1.72,0.59,1.28,0.86,1.78,1.01,1.77,1.23,1.07,1.83,1.89,0.73,1.23
1270.12,22,2.17,0.48,1.71,0.59,1.27,0.86,1.78,1,1.76,1.23,1.07,1.83,1.89,0.74,1.23
1271.12,22,2.16,0.49,1.71,0.59,1.27,0.87,1.78,1,1.77,1.23,1.06,1.83,1.88,0.73,1.24
1272.13,22,2.17,0.49,1.72,0.59,1.27,0.87,1.78,1,1.78,1.23,1.06,1.83,1.89,0.73,1.24
1273.13,22,2.17,0.47,1.71,0.59,1.28,0.86,1.78,0.99,1.78,1.22,1.05,1.83,1.9,0.73,1.23
1274.13,22,2.18,0.49,1.72,0.6,1.28,0.88,1.79,1.01,1.79,1.24,1.06,1.83,1.89,0.73,1.24
1275.13,22,2.17,0.49,1.72,0.59,1.28,0.86,1.79,1,1.79,1.23,1.07,1.84,1.9,0.74,1.24
1276.13,22,2.17,0.48,1.72,0.6,1.28,0.86,1.79,1,1.78,1.23,1.05,1.83,1.89,0.74,1.24
1277.13,22,2.18,0.49,1.72,0.59,1.27,0.86,1.79,1.01,1.78,1.24,1.06,1.84,1.9,0.74,1.23
1278.15,22,2.17,0.48,1.71,0.6,1.27,0.86,1.79,1,1.78,1.23,1.06,1.84,1.9,0.73,1.23
1279.15,22,2.17,0.48,1.71,0.6,1.28,0.87,1.78,1,1.79,1.24,1.06,1.84,1.9,0.73,1.24
1280.15,22,2.17,0.5,1.72,0.6,1.27,0.85,1.79,1,1.78,1.24,1.06,1.84,1.89,0.74,1.23
1281.15,22,2.17,0.48,1.72,0.6,1.28,0.87,1.79,1,1.78,1.23,1.06,1.83,1.91,0.74,1.24
1282.15,22,2.16,0.48,1.71,0.6,1.28,0.86,1.79,1,1.78,1.23,1.06,1.83,1.89,0.73,1.23
1283.17,22,2.17,0.47,1.71,0.6,1.27,0.87,1.79,1,1.79,1.23,1.05,1.84,1.89,0.73,1.23
1284.17,22,2.16,0.47,1.72,0.59,1.28,0.87,1.78,1,1.78,1.22,1.06,1.84,1.9,0.72,1.23
1285.17,22,2.16,0.47,1.71,0.59,1.26,0.86,1.77,1,1.78,1.22,1.06,1.83,1.88,0.74,1.22
1286.17,22,2.16,0.47,1.7,0.58,1.27,0.85,1.78,0.99,1.77,1.22,1.05,1.82,1.88,0.73,1.22
1287.17,22,2.16,0.47,1.72,0.59,1.27,0.86,1.78,0.99,1.78,1.22,1.06,1.83,1.89,0.73,1.23
1288.17,22,2.17,0.49,1.71,0.6,1.28,0.88,1.79,1.01,1.77,1.23,1.07,1.83,1.9,0.73,1.23
1289.17,22,2.16,0.48,1.71,0.6,1.27,0.86,1.78,0.99,1.77,1.22,1.05,1.83,1.89,0.73,1.23
1290.18,22,2.17,0.48,1.72,0.6,1.27,0.87,1.79,1,1.78,1.23,1.06,1.83,1.89,0.74,1.23
1291.18,22,2.17,0.48,1.71,0.59,1.27,0.87,1.79,1.01,1.78,1.23,1.06,1.83,1.9,0.73,1.24
1292.2,22,2.18,0.49,1.72,0.6,1.28,0.87,1.8,1.01,1.79,1.24,1.06,1.84,1.9,0.74,1.24
1293.2,22,2.17,0.49,1.72,0.59,1.27,0.87,1.78,1,1.77,1.23,1.05,1.82,1.9,0.74,1.22
1294.2,22,2.17,0.48,1.73,0.59,1.28,0.87,1.79,1,1.79,1.24,1.06,1.84,1.9,0.74,1.23
1295.2,22,2.18,0.5,1.74,0.61,1.28,0.87,1.8,1.01,1.79,1.24,1.07,1.84,1.91,0.75,1.24
1296.2,22,2.18,0.5,1.73,0.61,1.28,0.87,1.8,1.01,1.78,1.24,1.06,1.84,1.9,0.74,1.25
1297.22,22,2.18,0.49,1.72,0.6,1.27,0.87,1.79,1.01,1.79,1.24,1.06,1.84,1.9,0.74,1.23
1298.22,22,2.16,0.47,1.71,0.6,1.27,0.86,1.78,1,1.78,1.24,1.05,1.83,1.89,0.73,1.22
1299.22,22,2.15,0.46,1.7,0.59,1.27,0.85,1.77,1,1.77,1.23,1.06,1.83,1.88,0.72,1.23
1300.22,22,2.16,0.49,1.71,0.6,1.28,0.87,1.78,1,1.78,1.22,1.06,1.83,1.89,0.74,1.23
1301.22,22,2.16,0.48,1.71,0.6,1.27,0.87,1.79,1,1.78,1.23,1.06,1.84,1.88,0.74,1.23
1302.22,22,2.17,0.48,1.71,0.6,1.27,0.87,1.78,1,1.78,1.23,1.07,1.83,1.89,0.74,1.23
1303.22,22,2.17,0.47,1.71,0.59,1.26,0.86,1.78,1,1.77,1.22,1.05,1.83,1.88,0.73,1.23
1304.23,22,2.16,0.47,1.7,0.59,1.27,0.86,1.78,1,1.77,1.22,1.05,1.82,1.88,0.72,1.23
1305.23,22,2.16,0.48,1.71,0.59,1.27,0.87,1.78,0.99,1.78,1.22,1.06,1.83,1.89,0.74,1.24
1306.23,22,2.16,0.48,1.71,0.59,1.26,0.86,1.78,1,1.77,1.23,1.06,1.82,1.88,0.74,1.22
1307.23,22,2.17,0.49,1.72,0.6,1.26,0.87,1.79,1.01,1.79,1.24,1.06,1.83,1.89,0.73,1.23
1308.23,22,2.17,0.49,1.72,0.59,1.28,0.87,1.79,1.01,1.78,1.23,1.06,1.84,1.88,0.74,1.24
1309.23,22,2.18,0.49,1.72,0.6,1.28,0.86,1.8,1.01,1.78,1.23,1.06,1.83,1.9,0.74,1.24
1310.25,22,2.17,0.48,1.72,0.6,1.27,0.87,1.78,1,1.77,1.23,1.06,1.83,1.89,0.73,1.23
1311.25,22,2.17,0.48,1.72,0.59,1.27,0.86,1.79,1,1.79,1.24,1.05,1.84,1.9,0.74,1.23
1312.25,22,2.19,0.49,1.73,0.61,1.28,0.88,1.8,1.02,1.79,1.23,1.07,1.84,1.91,0.75,1.25
1313.25,22,2.19,0.49,1.72,0.61,1.29,0.87,1.79,1.01,1.79,1.24,1.05,1.84,1.9,0.74,1.24
1314.25,22,2.16,0.46,1.7,0.59,1.26,0.85,1.77,0.99,1.76,1.22,1.05,1.82,1.89,0.71,1.22
1315.25,22,2.17,0.48,1.71,0.6,1.29,0.89,1.8,1.01,1.79,1.24,1.07,1.84,1.9,0.73,1.25
1316.25,22,2.16,0.48,1.71,0.59,1.27,0.86,1.79,1.01,1.78,1.23,1.05,1.82,1.89,0.73,1.22
1317.27,22,2.16,0.47,1.71,0.59,1.28,0.86,1.78,1,1.77,1.23,1.06,1.83,1.89,0.74,1.23
1318.27,22,2.17,0.47,1.71,0.6,1.28,0.87,1.78,1,1.78,1.23,1.06,1.83,1.89,0.73,1.23
1319.28,22,2.16,0.48,1.71,0.59,1.27,0.85,1.78,1,1.77,1.23,1.06,1.83,1.89,0.73,1.22
1320.28,22,2.17,0.47,1.71,0.6,1.27,0.85,1.78,1,1.77,1.23,1.06,1.82,1.9,0.73,1.23
1321.28,22,2.16,0.48,1.71,0.59,1.27,0.85,1.78,0.99,1.78,1.23,1.06,1.82,1.89,0.73,1.23
1322.3,22,2.18,0.49,1.72,0.6,1.28,0.86,1.79,1.01,1.78,1.24,1.06,1.84,1.9,0.74,1.24
1323.3,22,2.17,0.48,1.72,0.61,1.28,0.87,1.79,1.01,1.79,1.24,1.06,1.84,1.9,0.74,1.24
1324.3,22,2.17,0.48,1.71,0.58,1.27,0.85,1.78,1,1.77,1.23,1.05,1.82,1.89,0.73,1.24
1325.32,22,2.16,0.48,1.71,0.59,1.27,0.86,1.78,1,1.76,1.22,1.06,1.83,1.88,0.73,1.23
1326.32,22,2.17,0.48,1.71,0.59,1.27,0.85,1.78,1,1.77,1.22,1.05,1.83,1.89,0.73,1.23
1327.32,22,2.17,0.48,1.71,0.6,1.27,0.85,1.78,1,1.77,1.23,1.05,1.83,1.88,0.73,1.23
1328.32,22,2.17,0.48,1.71,0.59,1.27,0.87,1.79,0.99,1.78,1.23,1.06,1.82,1.9,0.72,1.24
1329.32,22,2.18,0.49,1.73,0.61,1.27,0.87,1.79,1.01,1.78,1.24,1.06,1.84,1.9,0.74,1.24
1330.33,22,2.17,0.48,1.72,0.6,1.27,0.87,1.79,1.01,1.78,1.23,1.06,1.84,1.9,0.73,1.23
1331.33,22,2.17,0.49,1.72,0.6,1.28,0.87,1.8,1.01,1.78,1.23,1.06,1.84,1.9,0.74,1.24
1332.33,22,2.17,0.49,1.71,0.6,1.29,0.88,1.79,1.02,1.79,1.23,1.07,1.84,1.91,0.75,1.25
1333.33,22,2.16,0.48,1.71,0.59,1.28,0.86,1.8,1,1.78,1.23,1.07,1.84,1.89,0.74,1.23
1334.33,22,2.16,0.46,1.71,0.59,1.27,0.86,1.77,0.99,1.77,1.22,1.05,1.83,1.88,0.72,1.22
1335.33,22,2.16,0.47,1.71,0.59,1.27,0.87,1.77,1,1.77,1.23,1.06,1.83,1.88,0.74,1.23
1336.33,22,2.17,0.47,1.7,0.6,1.27,0.87,1.78,1.01,1.78,1.23,1.06,1.82,1.89,0.73,1.22
1337.33,22,2.16,0.47,1.7,0.58,1.25,0.86,1.79,0.99,1.77,1.22,1.04,1.81,1.89,0.73,1.22
1338.33,22,2.16,0.47,1.71,0.6,1.27,0.85,1.77,1,1.78,1.23,1.06,1.83,1.89,0.73,1.22
1339.35,22,2.16,0.48,1.71,0.6,1.28,0.86,1.78,0.99,1.78,1.23,1.06,1.83,1.89,0.73,1.24
1340.35,22,2.16,0.48,1.7,0.59,1.26,0.86,1.78,0.99,1.77,1.22,1.05,1.83,1.9,0.73,1.23
1341.35,22,2.16,0.49,1.71,0.6,1.28,0.87,1.8,0.99,1.79,1.23,1.06,1.84,1.89,0.73,1.23
1342.35,22,2.17,0.48,1.72,0.59,1.27,0.86,1.79,1,1.78,1.23,1.05,1.82,1.89,0.72,1.23
1343.35,22,2.17,0.48,1.71,0.6,1.27,0.86,1.79,1,1.78,1.23,1.06,1.82,1.9,0.73,1.24
1344.37,22,2.16,0.48,1.71,0.59,1.26,0.86,1.77,1,1.78,1.23,1.05,1.83,1.89,0.72,1.23
1345.37,22,2.16,0.48,1.7,0.58,1.27,0.86,1.78,0.99,1.78,1.23,1.05,1.82,1.9,0.73,1.23
1346.37,22,2.17,0.47,1.71,0.58,1.27,0.86,1.78,1,1.77,1.22,1.06,1.82,1.89,0.73,1.22
1347.37,22,2.18,0.49,1.72,0.6,1.27,0.87,1.79,1,1.78,1.23,1.06,1.83,1.89,0.74,1.22
1348.38,22,2.18,0.49,1.72,0.6,1.28,0.88,1.8,1,1.78,1.23,1.07,1.83,1.9,0.74,1.24
1349.38,22,2.17,0.48,1.71,0.59,1.27,0.86,1.79,1,1.78,1.23,1.05,1.83,1.89,0.73,1.23
1350.38,22,2.17,0.49,1.71,0.6,1.27,0.87,1.78,1,1.77,1.23,1.05,1.83,1.9,0.73,1.23
1351.38,22,2.16,0.48,1.71,0.6,1.28,0.87,1.78,1,1.79,1.24,1.06,1.83,1.89,0.74,1.23
1352.38,22,2.16,0.48,1.7,0.59,1.27,0.86,1.77,0.99,1.77,1.22,1.06,1.81,1.88,0.73,1.23
1353.38,22,2.17,0.48,1.7,0.59,1.27,0.85,1.79,1,1.78,1.22,1.06,1.82,1.89,0.73,1.24
1354.38,22,2.16,0.48,1.71,0.6,1.28,0.86,1.79,1,1.78,1.23,1.06,1.83,1.89,0.74,1.22
1355.4,22,2.16,0.48,1.71,0.59,1.27,0.84,1.79,1,1.78,1.23,1.06,1.83,1.9,0.74,1.23
1356.4,22,2.17,0.49,1.72,0.6,1.27,0.86,1.79,1,1.78,1.23,1.06,1.83,1.88,0.73,1.23
1357.4,22,2.17,0.48,1.71,0.59,1.27,0.86,1.79,1,1.78,1.23,1.05,1.83,1.9,0.73,1.23
1358.4,22,2.16,0.47,1.71,0.6,1.28,0.86,1.79,1,1.79,1.23,1.06,1.83,1.89,0.72,1.24
1359.42,22,2.17,0.48,1.72,0.6,1.28,0.86,1.78,1.01,1.79,1.23,1.06,1.83,1.9,0.74,1.25
1360.42,22,2.16,0.48,1.71,0.6,1.27,0.85,1.78,1,1.78,1.23,1.05,1.83,1.9,0.72,1.23
1361.42,22,2.17,0.48,1.71,0.6,1.27,0.85,1.78,1,1.77,1.23,1.05,1.83,1.9,0.73,1.23
1362.43,22,2.18,0.49,1.72,0.61,1.28,0.87,1.8,1,1.78,1.24,1.06,1.84,1.9,0.74,1.24
1363.43,22,2.17,0.48,1.72,0.6,1.28,0.87,1.79,1.01,1.77,1.24,1.06,1.84,1.9,0.74,1.23
1364.43,22,2.17,0.49,1.71,0.6,1.27,0.87,1.78,1,1.78,1.24,1.06,1.83,1.89,0.73,1.23
1365.43,22,2.16,0.48,1.71,0.59,1.27,0.86,1.77,1,1.78,1.23,1.06,1.82,1.89,0.72,1.22
1366.43,22,2.17,0.48,1.71,0.6,1.27,0.86,1.78,1,1.78,1.22,1.05,1.82,1.89,0.74,1.23
1367.45,22,2.16,0.48,1.7,0.59,1.28,0.87,1.78,1,1.77,1.24,1.05,1.83,1.89,0.72,1.24
1368.45,22,2.17,0.47,1.7,0.59,1.28,0.86,1.78,1,1.78,1.23,1.06,1.82,1.89,0.74,1.22
1369.45,22,2.17,0.48,1.71,0.6,1.26,0.86,1.77,1.01,1.77,1.22,1.06,1.83,1.88,0.73,1.23
1370.45,22,2.17,0.48,1.71,0.6,1.27,0.87,1.79,1.01,1.78,1.24,1.06,1.84,1.89,0.75,1.23
1371.45,22,2.16,0.47,1.71,0.59,1.27,0.86,1.78,1,1.77,1.23,1.05,1.82,1.89,0.73,1.23
1372.45,22,2.17,0.48,1.71,0.6,1.27,0.87,1.78,1,1.78,1.23,1.07,1.83,1.89,0.73,1.23
1373.45,22,2.16,0.48,1.71,0.59,1.27,0.86,1.78,1,1.77,1.23,1.06,1.83,1.89,0.72,1.23
1374.45,22,2.18,0.49,1.72,0.59,1.27,0.87,1.79,1,1.77,1.24,1.06,1.84,1.89,0.73,1.22
1375.47,22,2.17,0.48,1.7,0.59,1.27,0.86,1.79,1,1.76,1.23,1.06,1.83,1.89,0.73,1.23
1376.47,22,2.17,0.48,1.71,0.59,1.27,0.84,1.78,1,1.77,1.23,1.06,1.83,1.89,0.74,1.23
1377.47,22,2.17,0.48,1.71,0.59,1.27,0.87,1.78,1,1.77,1.23,1.05,1.83,1.89,0.72,1.23
1378.47,22,2.16,0.48,1.72,0.59,1.26,0.85,1.78,0.99,1.77,1.23,1.05,1.83,1.9,0.72,1.23
1379.47,22,2.18,0.49,1.72,0.61,1.28,0.87,1.8,1.01,1.78,1.24,1.07,1.84,1.9,0.74,1.24
1380.48,22,2.18,0.47,1.72,0.6,1.28,0.87,1.79,1.01,1.77,1.23,1.06,1.83,1.89,0.74,1.23
1381.48,22,2.18,0.49,1.72,0.61,1.28,0.87,1.8,1.01,1.79,1.24,1.07,1.83,1.9,0.74,1.24
1382.48,22,2.18,0.5,1.73,0.6,1.27,0.86,1.79,1,1.79,1.23,1.06,1.84,1.9,0.73,1.23
1383.48,22,2.16,0.48,1.71,0.6,1.27,0.86,1.78,1,1.78,1.23,1.05,1.83,1.89,0.73,1.22
1384.48,22,2.16,0.47,1.7,0.59,1.27,0.84,1.78,1,1.78,1.22,1.06,1.83,1.89,0.73,1.23
1385.5,22,2.16,0.48,1.71,0.6,1.28,0.86,1.78,1,1.77,1.23,1.06,1.83,1.88,0.73,1.23
1386.5,22,2.17,0.49,1.72,0.6,1.28,0.87,1.79,1.01,1.78,1.23,1.06,1.83,1.89,0.73,1.24
1387.5,22,2.17,0.47,1.71,0.58,1.27,0.87,1.79,1,1.77,1.23,1.06,1.82,1.89,0.73,1.23
1388.5,22,2.17,0.48,1.71,0.59,1.28,0.86,1.78,1,1.77,1.22,1.05,1.82,1.89,0.73,1.22
1389.5,22,2.16,0.47,1.7,0.59,1.28,0.84,1.77,1,1.77,1.22,1.05,1.82,1.87,0.73,1.22
1390.52,22,2.16,0.49,1.71,0.59,1.27,0.86,1.78,1,1.78,1.23,1.06,1.83,1.9,0.74,1.23
1391.52,22,2.16,0.47,1.71,0.59,1.27,0.87,1.79,1,1.77,1.22,1.04,1.82,1.88,0.73,1.23
1392.52,22,2.17,0.47,1.72,0.6,1.28,0.86,1.79,1,1.77,1.23,1.06,1.84,1.9,0.73,1.23
1393.52,22,2.18,0.48,1.72,0.61,1.27,0.86,1.79,1,1.78,1.24,1.06,1.83,1.89,0.74,1.24
1394.53,22,2.17,0.49,1.72,0.61,1.28,0.86,1.79,1.01,1.79,1.24,1.05,1.83,1.89,0.73,1.24
1395.53,22,2.16,0.48,1.71,0.58,1.27,0.86,1.78,0.99,1.77,1.23,1.05,1.83,1.89,0.73,1.23
1396.53,22,2.17,0.49,1.71,0.58,1.26,0.87,1.78,1,1.78,1.24,1.05,1.83,1.9,0.73,1.23
1397.53,22,2.18,0.49,1.73,0.6,1.28,0.87,1.81,1.01,1.79,1.25,1.06,1.84,1.9,0.74,1.24
1398.53,22,2.18,0.49,1.72,0.61,1.28,0.87,1.78,1,1.79,1.24,1.06,1.83,1.9,0.74,1.23
1399.55,22,2.17,0.48,1.71,0.6,1.28,0.87,1.79,1,1.78,1.23,1.06,1.83,1.9,0.74,1.24
1400.55,22,2.16,0.48,1.7,0.59,1.26,0.86,1.78,0.99,1.78,1.22,1.04,1.82,1.89,0.72,1.23
1401.55,22,2.17,0.48,1.71,0.6,1.28,0.87,1.79,1.01,1.78,1.23,1.06,1.83,1.9,0.73,1.24
1402.57,22,2.17,0.48,1.7,0.59,1.28,0.86,1.78,1,1.76,1.23,1.05,1.84,1.88,0.73,1.22
1403.57,22,2.16,0.47,1.7,0.6,1.27,0.86,1.78,1,1.77,1.22,1.05,1.82,1.89,0.73,1.23
1404.57,22,2.17,0.48,1.71,0.59,1.28,0.86,1.79,1,1.78,1.23,1.06,1.83,1.9,0.73,1.23
1405.58,22,2.16,0.48,1.72,0.58,1.27,0.85,1.77,1,1.77,1.22,1.04,1.82,1.88,0.72,1.23
1406.58,22,2.18,0.49,1.71,0.6,1.27,0.86,1.79,1,1.78,1.24,1.06,1.83,1.89,0.74,1.23
1407.58,22,2.17,0.47,1.71,0.6,1.27,0.86,1.78,1,1.78,1.23,1.05,1.83,1.88,0.74,1.23
1408.58,22,2.16,0.48,1.71,0.6,1.27,0.87,1.79,1,1.78,1.23,1.05,1.82,1.89,0.74,1.22
1409.6,22,2.16,0.48,1.71,0.59,1.27,0.86,1.78,1,1.77,1.22,1.06,1.82,1.88,0.73,1.24
1410.6,22,2.17,0.48,1.71,0.6,1.27,0.87,1.79,1.01,1.78,1.23,1.05,1.84,1.89,0.73,1.23
1411.6,22,2.17,0.48,1.71,0.6,1.28,0.87,1.79,1,1.77,1.24,1.05,1.83,1.89,0.73,1.23
1412.6,22,2.18,0.49,1.72,0.6,1.28,0.85,1.79,1.01,1.77,1.24,1.06,1.83,1.9,0.74,1.24
1413.6,22,2.17,0.49,1.72,0.61,1.28,0.87,1.8,1.01,1.78,1.24,1.06,1.84,1.91,0.74,1.24
1414.62,22,2.18,0.48,1.72,0.6,1.28,0.87,1.79,1,1.78,1.23,1.07,1.83,1.9,0.74,1.24
1415.62,22,2.17,0.48,1.72,0.59,1.28,0.86,1.79,0.99,1.77,1.23,1.05,1.83,1.88,0.73,1.23
1416.62,22,2.17,0.48,1.71,0.6,1.27,0.86,1.79,1.01,1.77,1.23,1.06,1.84,1.89,0.73,1.23
1417.62,22,2.16,0.47,1.71,0.59,1.27,0.86,1.78,1.01,1.77,1.22,1.06,1.83,1.89,0.73,1.23
1418.63,22,2.17,0.48,1.71,0.6,1.28,0.87,1.79,1.01,1.79,1.24,1.07,1.84,1.89,0.74,1.23
1419.63,22,2.17,0.48,1.71,0.6,1.27,0.87,1.79,1,1.78,1.23,1.05,1.83,1.89,0.74,1.23
1420.63,22,2.17,0.48,1.71,0.6,1.28,0.87,1.79,1,1.78,1.24,1.06,1.82,1.89,0.74,1.24
1421.63,22,2.16,0.47,1.71,0.59,1.27,0.86,1.79,1.01,1.77,1.23,1.07,1.82,1.89,0.73,1.23
1422.63,22,2.17,0.47,1.7,0.59,1.26,0.86,1.78,1,1.76,1.23,1.04,1.82,1.89,0.73,1.22
1423.63,22,2.15,0.47,1.7,0.59,1.26,0.84,1.77,0.99,1.77,1.22,1.05,1.83,1.88,0.73,1.22
1424.65,22,2.16,0.48,1.71,0.59,1.27,0.85,1.78,1,1.76,1.22,1.05,1.83,1.89,0.72,1.23
1425.65,22,2.17,0.47,1.71,0.6,1.27,0.85,1.78,0.99,1.77,1.23,1.06,1.82,1.88,0.73,1.23
1426.65,22,2.17,0.48,1.72,0.6,1.27,0.87,1.79,1,1.78,1.23,1.06,1.84,1.89,0.74,1.24
1427.67,22,2.17,0.49,1.71,0.61,1.28,0.86,1.78,1.01,1.79,1.24,1.06,1.82,1.9,0.74,1.24
1428.67,22,2.16,0.47,1.71,0.59,1.27,0.85,1.78,1,1.76,1.23,1.06,1.82,1.89,0.73,1.22
1429.67,22,2.17,0.48,1.72,0.6,1.27,0.87,1.78,1.01,1.78,1.23,1.05,1.84,1.89,0.74,1.24
