Time,T,OTU7_R1,OTU8_R1,OTU9_R1,OTU7_R2,OTU8_R2,OTU9_R2,OTU7_R3,OTU8_R3,OTU9_R3,OTU7_R4,OTU8_R4,OTU9_R4,OTU7_R5,OTU8_R5,OTU9_R5
0.03,38,5.73,5.43,5.28,5.62,4.72,5.48,4.84,5.05,4.78,5.3,5.14,5.18,5.81,5.38,4.87
1.05,38,5.94,5.64,5.52,5.82,4.89,5.59,5.03,5.2,4.96,5.48,5.29,5.39,6.04,5.61,5.1
2.05,38,6.14,5.86,5.73,6.02,5.08,5.74,5.22,5.36,5.1,5.66,5.43,5.59,6.25,5.83,5.33
3.05,38,6.35,6.09,5.94,6.19,5.26,5.91,5.4,5.52,5.29,5.84,5.58,5.8,6.45,6.04,5.53
4.05,38,6.51,6.29,6.14,6.37,5.43,6.08,5.59,5.66,5.47,6,5.71,5.98,6.65,6.19,5.73
5.05,38,6.67,6.48,6.3,6.52,5.58,6.24,5.75,5.8,5.64,6.16,5.83,6.15,6.84,6.36,5.91
6.05,38,6.88,6.66,6.49,6.69,5.76,6.43,5.92,5.93,5.8,6.32,5.98,6.32,7.01,6.52,6.09
7.05,38,7.06,6.83,6.65,6.83,5.91,6.59,6.08,6.06,5.97,6.45,6.1,6.47,7.19,6.67,6.26
8.05,38,7.22,6.96,6.81,6.93,6.04,6.72,6.22,6.2,6.12,6.6,6.23,6.6,7.33,6.79,6.41
9.05,38,7.31,7.11,6.96,7.06,6.18,6.87,6.36,6.33,6.26,6.73,6.35,6.74,7.48,6.93,6.56
10.05,38,7.48,7.25,7.08,7.17,6.3,7,6.48,6.45,6.39,6.84,6.45,6.86,7.61,7.04,6.69
11.05,38,7.62,7.37,7.22,7.3,6.43,7.14,6.61,6.58,6.53,6.96,6.58,6.99,7.74,7.16,6.82
12.05,38,7.74,7.48,7.34,7.42,6.56,7.27,6.74,6.69,6.68,7.08,6.69,7.12,7.88,7.28,6.96
13.05,38,7.84,7.58,7.45,7.54,6.67,7.39,6.85,6.8,6.78,7.18,6.79,7.25,7.99,7.37,7.07
14.05,38,7.94,7.7,7.57,7.64,6.78,7.5,6.96,6.92,6.9,7.29,6.91,7.35,8.1,7.45,7.19
15.05,38,7.97,7.78,7.65,7.74,6.88,7.6,7.06,7.02,7.01,7.37,7,7.44,8.19,7.54,7.29
16.05,38,8.13,7.89,7.75,7.84,6.96,7.73,7.16,7.13,7.12,7.46,7.11,7.56,8.279999999999998,7.64,7.39
17.05,38,8.22,7.98,7.84,7.94,7.06,7.79,7.24,7.22,7.22,7.55,7.21,7.65,8.35,7.73,7.48
18.05,38,8.279999999999998,8.05,7.93,8.02,7.16,7.91,7.34,7.31,7.32,7.64,7.3,7.75,8.44,7.8,7.57
19.05,38,8.36,8.15,8.01,8.12,7.26,8,7.42,7.42,7.42,7.73,7.4,7.86,8.52,7.87,7.67
20.05,38,8.44,8.22,8.09,8.19,7.34,8.07,7.49,7.5,7.5,7.79,7.48,7.94,8.59,7.93,7.74
21.07,38,8.51,8.3,8.17,8.279999999999998,7.44,8.18,7.58,7.59,7.58,7.87,7.57,8.02,8.67,8,7.82
22.07,38,8.57,8.36,8.24,8.35,7.52,8.27,7.66,7.67,7.67,7.93,7.66,8.09,8.72,8.08,7.89
23.07,38,8.59,8.449999999999998,8.3,8.42,7.61,8.33,7.73,7.75,7.74,8,7.74,8.19,8.79,8.16,7.97
24.07,38,8.69,8.49,8.37,8.48,7.69,8.4,7.78,7.83,7.81,8.05,7.81,8.26,8.83,8.21,8.02
25.08,38,8.71,8.55,8.41,8.54,7.75,8.449999999999998,7.85,7.89,7.87,8.1,7.86,8.31,8.88,8.279999999999998,8.07
26.08,38,8.79,8.6,8.47,8.61,7.84,8.52,7.92,7.96,7.95,8.17,7.96,8.39,8.94,8.33,8.14
27.08,38,8.84,8.66,8.52,8.66,7.91,8.59,7.96,8.029999999999998,8.01,8.23,8.02,8.449999999999998,8.99,8.39,8.199999999999998
28.08,38,8.88,8.699999999999998,8.58,8.73,7.96,8.66,8.02,8.11,8.06,8.279999999999998,8.09,8.5,9.04,8.44,8.24
29.08,38,8.91,8.75,8.62,8.779999999999998,8.029999999999998,8.69,8.08,8.16,8.12,8.32,8.15,8.55,9.1,8.49,8.279999999999998
30.08,38,8.96,8.779999999999998,8.66,8.82,8.08,8.76,8.12,8.22,8.17,8.35,8.19,8.61,9.13,8.529999999999998,8.33
31.08,38,8.99,8.82,8.699999999999998,8.86,8.15,8.82,8.18,8.279999999999998,8.22,8.4,8.26,8.67,9.17,8.59,8.37
32.08,38,8.99,8.86,8.73,8.91,8.21,8.86,8.22,8.33,8.279999999999998,8.44,8.3,8.71,9.2,8.64,8.42
33.1,38,9.05,8.89,8.75,8.93,8.24,8.87,8.25,8.37,8.3,8.47,8.32,8.74,9.21,8.66,8.42
34.1,38,9.1,8.94,8.8,8.99,8.29,8.94,8.279999999999998,8.43,8.35,8.51,8.39,8.79,9.26,8.71,8.47
35.1,38,9.12,8.97,8.83,9.01,8.33,8.97,8.31,8.47,8.39,8.529999999999998,8.42,8.82,9.27,8.73,8.51
36.1,38,9.08,9,8.85,9.05,8.37,9.01,8.34,8.51,8.44,8.56,8.46,8.86,9.29,8.76,8.529999999999998
37.1,38,9.16,9.03,8.87,9.09,8.41,9.04,8.37,8.55,8.46,8.59,8.49,8.89,9.31,8.79,8.55
38.1,38,9.19,9.08,8.9,9.13,8.449999999999998,9.08,8.41,8.59,8.5,8.64,8.54,8.94,9.34,8.82,8.59
39.1,38,9.2,9.11,8.91,9.14,8.49,9.13,8.43,8.62,8.54,8.65,8.57,8.96,9.36,8.85,8.6
40.12,38,9.23,9.13,8.92,9.16,8.52,9.16,8.46,8.66,8.57,8.68,8.6,8.97,9.37,8.87,8.63
41.12,38,9.25,9.17,8.96,9.2,8.56,9.2,8.49,8.71,8.6,8.71,8.64,9.03,9.4,8.9,8.66
42.12,38,9.24,9.19,8.97,9.21,8.57,9.23,8.5,8.72,8.62,8.71,8.65,9.04,9.41,8.91,8.66
43.12,38,9.27,9.21,8.99,9.23,8.6,9.25,8.52,8.75,8.64,8.75,8.68,9.07,9.43,8.94,8.68
44.12,38,9.29,9.24,9.02,9.27,8.64,9.28,8.529999999999998,8.79,8.67,8.77,8.72,9.11,9.45,8.97,8.71
45.13,38,9.31,9.27,9.04,9.29,8.68,9.31,8.56,8.83,8.71,8.79,8.75,9.14,9.47,8.99,8.74
46.13,38,9.31,9.28,9.05,9.29,8.699999999999998,9.32,8.57,8.84,8.71,8.8,8.76,9.14,9.48,8.99,8.73
47.13,38,9.32,9.31,9.04,9.3,8.71,9.34,8.58,8.86,8.73,8.81,8.779999999999998,9.17,9.48,9.01,8.75
48.13,38,9.34,9.33,9.07,9.33,8.74,9.35,8.6,8.89,8.75,8.82,8.81,9.18,9.5,9.02,8.76
49.15,38,9.34,9.33,9.08,9.33,8.73,9.35,8.6,8.89,8.75,8.82,8.81,9.17,9.5,9.03,8.76
50.15,38,9.35,9.36,9.09,9.35,8.77,9.37,8.61,8.92,8.77,8.86,8.84,9.21,9.51,9.04,8.779999999999998
51.15,38,9.36,9.37,9.1,9.35,8.779999999999998,9.38,8.63,8.94,8.779999999999998,8.86,8.86,9.22,9.52,9.05,8.779999999999998
52.15,38,9.34,9.41,9.11,9.36,8.79,9.41,8.65,8.949999999999998,8.79,8.87,8.86,9.23,9.53,9.08,8.79
53.15,38,9.37,9.4,9.1,9.37,8.81,9.41,8.64,8.96,8.79,8.87,8.87,9.23,9.54,9.07,8.779999999999998
54.15,38,9.38,9.43,9.11,9.41,8.83,9.43,8.66,8.99,8.82,8.89,8.89,9.25,9.56,9.08,8.8
55.15,38,9.32,9.44,9.12,9.41,8.84,9.43,8.68,9,8.82,8.89,8.91,9.26,9.56,9.09,8.81
56.17,38,9.4,9.44,9.12,9.41,8.85,9.43,8.69,9.02,8.82,8.89,8.9,9.28,9.56,9.09,8.81
57.17,38,9.31,9.46,9.13,9.4,8.86,9.45,8.69,9.02,8.84,8.9,8.92,9.28,9.56,9.1,8.81
58.17,38,9.38,9.46,9.13,9.41,8.86,9.44,8.69,9.03,8.84,8.9,8.93,9.28,9.56,9.09,8.8
59.17,38,9.38,9.47,9.13,9.44,8.88,9.44,8.71,9.04,8.84,8.91,8.93,9.3,9.57,9.1,8.82
60.17,38,9.38,9.48,9.13,9.43,8.89,9.45,8.699999999999998,9.03,8.84,8.91,8.94,9.3,9.55,9.1,8.82
61.18,38,9.4,9.48,9.14,9.43,8.9,9.48,8.72,9.05,8.87,8.92,8.949999999999998,9.31,9.57,9.11,8.83
62.18,38,9.37,9.47,9.11,9.41,8.89,9.47,8.699999999999998,9.04,8.86,8.9,8.93,9.29,9.56,9.11,8.81
63.18,38,9.38,9.5,9.13,9.44,8.91,9.47,8.71,9.08,8.87,8.91,8.96,9.31,9.58,9.12,8.83
64.18,38,9.35,9.49,9.12,9.43,8.91,9.49,8.72,9.07,8.87,8.92,8.96,9.33,9.57,9.12,8.83
65.2,38,9.37,9.47,9.12,9.42,8.91,9.48,8.71,9.08,8.86,8.9,8.96,9.31,9.57,9.09,8.8
66.2,38,9.38,9.49,9.12,9.43,8.93,9.49,8.73,9.08,8.87,8.92,8.96,9.33,9.57,9.12,8.82
67.2,38,9.32,9.49,9.11,9.43,8.92,9.49,8.71,9.08,8.88,8.91,8.97,9.31,9.57,9.1,8.82
68.2,38,9.36,9.48,9.11,9.42,8.92,9.49,8.71,9.07,8.87,8.91,8.97,9.32,9.56,9.09,8.81
69.22,38,9.36,9.47,9.11,9.42,8.92,9.49,8.71,9.08,8.88,8.9,8.98,9.31,9.57,9.1,8.82
70.22,38,9.37,9.48,9.12,9.44,8.92,9.5,8.71,9.09,8.89,8.92,8.98,9.32,9.56,9.11,8.82
71.22,38,9.38,9.48,9.12,9.41,8.93,9.5,8.72,9.09,8.89,8.92,8.99,9.32,9.56,9.11,8.82
72.23,38,9.37,9.46,9.12,9.43,8.93,9.49,8.72,9.09,8.88,8.91,8.97,9.32,9.57,9.1,8.81
73.23,38,9.34,9.46,9.09,9.42,8.91,9.48,8.69,9.08,8.88,8.9,8.97,9.31,9.56,9.08,8.8
74.23,38,9.35,9.45,9.1,9.42,8.92,9.48,8.71,9.07,8.87,8.9,8.98,9.3,9.57,9.1,8.81
75.23,38,9.35,9.46,9.09,9.42,8.91,9.5,8.71,9.08,8.89,8.9,8.99,9.3,9.55,9.09,8.8
76.25,38,9.34,9.45,9.09,9.42,8.92,9.49,8.71,9.08,8.89,8.9,8.97,9.3,9.55,9.08,8.79
77.25,38,9.34,9.46,9.09,9.42,8.92,9.5,8.71,9.1,8.89,8.9,8.99,9.31,9.56,9.09,8.79
78.25,38,9.29,9.43,9.07,9.41,8.91,9.49,8.72,9.09,8.88,8.9,8.98,9.32,9.54,9.09,8.79
79.25,38,9.29,9.45,9.08,9.41,8.92,9.49,8.71,9.08,8.88,8.89,8.98,9.31,9.55,9.08,8.79
80.25,38,9.32,9.43,9.05,9.38,8.9,9.49,8.699999999999998,9.07,8.88,8.89,8.98,9.3,9.53,9.07,8.79
81.25,38,9.28,9.43,9.07,9.38,8.91,9.47,8.699999999999998,9.08,8.87,8.87,8.98,9.3,9.53,9.08,8.79
82.25,38,9.3,9.42,9.04,9.37,8.9,9.48,8.699999999999998,9.07,8.87,8.87,8.97,9.29,9.52,9.05,8.77
83.25,38,9.3,9.42,9.04,9.38,8.9,9.47,8.69,9.07,8.87,8.88,8.97,9.29,9.53,9.05,8.779999999999998
84.25,38,9.29,9.4,9.03,9.37,8.89,9.45,8.69,9.04,8.86,8.86,8.96,9.28,9.52,9.04,8.77
85.25,38,9.29,9.41,9.03,9.35,8.89,9.46,8.68,9.07,8.86,8.86,8.97,9.29,9.51,9.04,8.77
86.27,38,9.27,9.38,9.02,9.35,8.89,9.46,8.68,9.04,8.87,8.85,8.96,9.28,9.5,9.03,8.77
87.27,38,9.27,9.38,9.03,9.36,8.88,9.47,8.68,9.04,8.86,8.86,8.97,9.28,9.51,9.04,8.77
88.27,38,9.26,9.38,9.02,9.35,8.88,9.45,8.68,9.04,8.85,8.84,8.949999999999998,9.27,9.5,9.02,8.76
89.27,38,9.25,9.35,9,9.32,8.87,9.44,8.68,9.02,8.84,8.84,8.949999999999998,9.26,9.48,9.01,8.75
90.27,38,9.24,9.36,8.99,9.33,8.87,9.43,8.66,9.02,8.84,8.84,8.949999999999998,9.25,9.47,9,8.75
91.28,38,9.21,9.33,8.98,9.33,8.86,9.43,8.66,9.02,8.84,8.82,8.949999999999998,9.25,9.47,9.01,8.73
92.28,38,9.23,9.33,8.98,9.31,8.85,9.42,8.66,9.02,8.83,8.83,8.94,9.23,9.46,9,8.74
93.28,38,9.22,9.31,8.97,9.31,8.84,9.43,8.65,9,8.83,8.81,8.94,9.24,9.45,8.99,8.73
94.28,38,9.21,9.31,8.96,9.29,8.83,9.42,8.64,8.99,8.82,8.81,8.92,9.23,9.44,8.97,8.72
95.28,38,9.22,9.3,8.949999999999998,9.29,8.83,9.41,8.63,8.99,8.83,8.8,8.93,9.23,9.45,8.98,8.72
96.3,38,9.18,9.27,8.93,9.27,8.81,9.38,8.62,8.97,8.8,8.779999999999998,8.9,9.21,9.41,8.949999999999998,8.699999999999998
97.3,38,9.18,9.29,8.93,9.27,8.81,9.38,8.61,8.97,8.8,8.79,8.9,9.21,9.43,8.96,8.72
98.3,38,9.18,9.28,8.92,9.26,8.81,9.38,8.61,8.97,8.8,8.79,8.91,9.21,9.42,8.96,8.699999999999998
99.32,38,9.1,9.25,8.9,9.26,8.79,9.37,8.6,8.949999999999998,8.8,8.77,8.91,9.19,9.41,8.949999999999998,8.69
100.32,38,9.13,9.24,8.9,9.25,8.8,9.36,8.6,8.949999999999998,8.79,8.779999999999998,8.9,9.2,9.4,8.94,8.69
101.32,38,9.15,9.24,8.89,9.24,8.779999999999998,9.36,8.6,8.94,8.779999999999998,8.77,8.89,9.18,9.38,8.94,8.68
102.32,38,9.13,9.22,8.87,9.22,8.77,9.35,8.58,8.93,8.779999999999998,8.75,8.88,9.17,9.37,8.92,8.67
103.32,38,9.12,9.21,8.86,9.2,8.76,9.34,8.58,8.92,8.77,8.74,8.87,9.16,9.36,8.92,8.66
104.32,38,9.12,9.21,8.86,9.22,8.76,9.33,8.58,8.93,8.77,8.73,8.88,9.15,9.36,8.91,8.66
105.32,38,9.11,9.19,8.85,9.21,8.76,9.33,8.57,8.9,8.77,8.73,8.88,9.16,9.36,8.9,8.65
106.32,38,9.09,9.17,8.81,9.19,8.73,9.3,8.56,8.9,8.74,8.71,8.86,9.14,9.35,8.88,8.63
107.32,38,9.05,9.16,8.81,9.18,8.73,9.31,8.56,8.89,8.74,8.72,8.85,9.14,9.34,8.88,8.64
108.32,38,9.08,9.15,8.79,9.17,8.71,9.3,8.54,8.87,8.73,8.71,8.84,9.12,9.32,8.86,8.62
109.32,38,9.07,9.13,8.77,9.17,8.71,9.29,8.529999999999998,8.87,8.73,8.68,8.84,9.12,9.31,8.85,8.61
110.32,38,9.05,9.13,8.76,9.15,8.699999999999998,9.28,8.529999999999998,8.85,8.72,8.69,8.84,9.11,9.3,8.85,8.61
111.32,38,9.02,9.1,8.75,9.13,8.67,9.27,8.51,8.83,8.699999999999998,8.67,8.81,9.09,9.28,8.82,8.58
112.32,38,9.02,9.1,8.74,9.13,8.68,9.26,8.51,8.83,8.71,8.67,8.8,9.08,9.28,8.82,8.58
113.32,38,9,9.07,8.71,9.11,8.66,9.25,8.49,8.8,8.68,8.64,8.8,9.05,9.25,8.8,8.56
114.32,38,9.01,9.08,8.71,9.11,8.65,9.25,8.5,8.82,8.68,8.64,8.8,9.07,9.25,8.81,8.56
115.33,38,9,9.05,8.71,9.09,8.64,9.23,8.49,8.8,8.67,8.64,8.79,9.05,9.23,8.8,8.54
116.33,38,8.98,9.03,8.68,9.09,8.63,9.21,8.48,8.79,8.65,8.63,8.77,9.03,9.21,8.77,8.529999999999998
117.33,38,8.97,9.01,8.68,9.08,8.62,9.22,8.49,8.79,8.67,8.62,8.79,9.04,9.21,8.77,8.52
118.35,38,8.949999999999998,9.01,8.66,9.08,8.61,9.21,8.46,8.779999999999998,8.65,8.61,8.75,9.03,9.2,8.76,8.52
119.35,38,8.93,8.99,8.64,9.05,8.59,9.19,8.449999999999998,8.75,8.63,8.59,8.75,9,9.17,8.74,8.5
120.35,38,8.91,8.97,8.63,9.03,8.57,9.18,8.44,8.74,8.61,8.58,8.73,8.99,9.16,8.73,8.49
121.35,38,8.91,8.94,8.62,9.01,8.56,9.17,8.42,8.73,8.61,8.57,8.72,8.99,9.13,8.72,8.46
122.35,38,8.9,8.92,8.61,9.02,8.55,9.16,8.43,8.72,8.6,8.56,8.71,8.97,9.13,8.699999999999998,8.46
123.37,38,8.88,8.91,8.58,9,8.54,9.16,8.42,8.71,8.59,8.55,8.699999999999998,8.97,9.12,8.699999999999998,8.46
124.37,38,8.87,8.9,8.56,8.99,8.529999999999998,9.14,8.4,8.69,8.57,8.55,8.69,8.949999999999998,9.1,8.67,8.43
125.37,38,8.86,8.89,8.54,8.98,8.52,9.11,8.39,8.67,8.57,8.52,8.66,8.94,9.09,8.67,8.43
126.37,38,8.83,8.86,8.52,8.949999999999998,8.5,9.11,8.38,8.66,8.55,8.51,8.65,8.92,9.08,8.65,8.41
127.37,38,8.83,8.84,8.51,8.94,8.49,9.1,8.36,8.65,8.54,8.51,8.64,8.91,9.07,8.64,8.41
128.38,38,8.81,8.8,8.49,8.91,8.47,9.08,8.35,8.63,8.52,8.49,8.63,8.9,9.03,8.61,8.37
129.38,38,8.8,8.8,8.46,8.91,8.46,9.04,8.34,8.61,8.5,8.46,8.61,8.88,9.04,8.6,8.36
130.38,38,8.79,8.77,8.46,8.9,8.44,9.05,8.34,8.61,8.5,8.46,8.59,8.87,9.05,8.59,8.35
131.38,38,8.77,8.76,8.43,8.88,8.42,9.02,8.33,8.6,8.48,8.449999999999998,8.6,8.86,9.04,8.58,8.34
132.38,38,8.76,8.74,8.41,8.87,8.41,9.02,8.3,8.58,8.48,8.44,8.57,8.84,9.04,8.56,8.33
133.4,38,8.75,8.73,8.41,8.87,8.41,9,8.3,8.56,8.47,8.42,8.57,8.84,9.04,8.55,8.32
134.4,38,8.74,8.71,8.38,8.86,8.39,8.99,8.29,8.56,8.449999999999998,8.42,8.57,8.83,9.03,8.54,8.3
135.4,38,8.71,8.66,8.36,8.82,8.38,8.97,8.279999999999998,8.529999999999998,8.43,8.39,8.529999999999998,8.8,9,8.52,8.279999999999998
136.4,38,8.71,8.65,8.35,8.82,8.36,8.97,8.279999999999998,8.54,8.43,8.39,8.529999999999998,8.8,9.01,8.51,8.27
137.42,38,8.69,8.62,8.33,8.8,8.34,8.949999999999998,8.27,8.51,8.4,8.36,8.51,8.779999999999998,8.99,8.49,8.27
138.42,38,8.67,8.61,8.3,8.79,8.32,8.92,8.25,8.48,8.38,8.34,8.49,8.76,8.97,8.47,8.24
139.42,38,8.65,8.56,8.279999999999998,8.779999999999998,8.3,8.91,8.22,8.47,8.37,8.32,8.47,8.76,8.96,8.449999999999998,8.22
140.42,38,8.63,8.529999999999998,8.26,8.76,8.279999999999998,8.89,8.21,8.44,8.36,8.3,8.449999999999998,8.74,8.94,8.44,8.21
141.42,38,8.63,8.529999999999998,8.26,8.74,8.279999999999998,8.87,8.21,8.44,8.34,8.29,8.449999999999998,8.73,8.93,8.44,8.19
142.43,38,8.61,8.51,8.23,8.72,8.27,8.88,8.199999999999998,8.41,8.33,8.279999999999998,8.42,8.71,8.9,8.42,8.18
143.43,38,8.6,8.48,8.21,8.71,8.25,8.86,8.18,8.41,8.32,8.26,8.41,8.71,8.9,8.4,8.15
144.43,38,8.57,8.44,8.18,8.699999999999998,8.22,8.84,8.17,8.38,8.3,8.25,8.39,8.68,8.87,8.38,8.14
145.43,38,8.55,8.42,8.16,8.69,8.21,8.83,8.15,8.37,8.29,8.21,8.37,8.66,8.86,8.36,8.12
146.45,38,8.54,8.39,8.15,8.66,8.18,8.8,8.14,8.35,8.27,8.199999999999998,8.36,8.66,8.84,8.34,8.11
147.45,38,8.529999999999998,8.37,8.14,8.65,8.16,8.779999999999998,8.12,8.34,8.27,8.18,8.34,8.63,8.82,8.33,8.09
148.45,38,8.51,8.34,8.12,8.63,8.15,8.77,8.12,8.32,8.25,8.16,8.31,8.62,8.8,8.3,8.07
149.45,38,8.5,8.33,8.11,8.61,8.13,8.74,8.1,8.31,8.23,8.14,8.3,8.61,8.79,8.29,8.04
150.47,38,8.48,8.31,8.09,8.6,8.11,8.73,8.08,8.279999999999998,8.21,8.12,8.279999999999998,8.6,8.75,8.279999999999998,8.029999999999998
151.47,38,8.47,8.279999999999998,8.06,8.6,8.09,8.72,8.07,8.27,8.199999999999998,8.1,8.26,8.58,8.73,8.26,8.01
152.47,38,8.44,8.24,8.04,8.56,8.07,8.69,8.04,8.23,8.17,8.06,8.23,8.56,8.69,8.23,7.98
153.47,38,8.43,8.23,8.01,8.54,8.04,8.69,8.02,8.22,8.16,8.05,8.22,8.54,8.67,8.22,7.96
154.48,38,8.41,8.199999999999998,8,8.54,8.04,8.66,8.01,8.22,8.15,8.04,8.21,8.529999999999998,8.65,8.199999999999998,7.95
155.48,38,8.38,8.18,7.97,8.52,7.99,8.64,7.99,8.17,8.11,8.01,8.17,8.5,8.61,8.17,7.93
156.48,38,8.37,8.16,7.96,8.5,8,8.62,7.98,8.17,8.11,7.99,8.15,8.5,8.59,8.14,7.92
157.48,38,8.35,8.12,7.93,8.48,7.96,8.59,7.96,8.14,8.07,7.96,8.13,8.47,8.55,8.13,7.89
158.48,38,8.3,8.11,7.92,8.47,7.96,8.58,7.96,8.13,8.07,7.96,8.11,8.47,8.54,8.11,7.87
159.48,38,8.31,8.08,7.89,8.44,7.93,8.56,7.93,8.1,8.04,7.93,8.07,8.43,8.5,8.08,7.84
160.48,38,8.31,8.05,7.89,8.42,7.9,8.529999999999998,7.93,8.08,8.029999999999998,7.92,8.05,8.42,8.48,8.07,7.82
161.5,38,8.279999999999998,8.02,7.85,8.41,7.88,8.51,7.9,8.06,8,7.89,8.029999999999998,8.41,8.44,8.04,7.8
162.5,38,8.27,8.01,7.82,8.4,7.86,8.5,7.88,8.04,7.97,7.86,8.01,8.38,8.41,8.01,7.78
163.5,38,8.25,7.98,7.81,8.38,7.84,8.48,7.86,8.02,7.96,7.84,7.98,8.37,8.39,8,7.75
164.52,38,8.23,7.96,7.77,8.36,7.82,8.46,7.85,7.99,7.94,7.83,7.95,8.34,8.36,7.96,7.73
165.52,38,8.199999999999998,7.93,7.74,8.33,7.79,8.44,7.82,7.97,7.92,7.8,7.93,8.33,8.33,7.93,7.71
166.52,38,8.19,7.89,7.7,8.31,7.77,8.41,7.8,7.95,7.9,7.78,7.9,8.3,8.29,7.9,7.69
167.53,38,8.15,7.88,7.66,8.3,7.74,8.38,7.78,7.93,7.89,7.75,7.87,8.279999999999998,8.26,7.86,7.67
168.53,38,8.14,7.85,7.6,8.279999999999998,7.73,8.36,7.77,7.91,7.86,7.74,7.84,8.27,8.24,7.83,7.64
169.53,38,8.11,7.81,7.56,8.26,7.7,8.34,7.74,7.88,7.84,7.71,7.8,8.24,8.21,7.79,7.61
170.53,38,8.09,7.79,7.51,8.24,7.68,8.31,7.73,7.85,7.82,7.69,7.78,8.23,8.18,7.76,7.58
171.53,38,8.08,7.76,7.46,8.22,7.65,8.31,7.7,7.83,7.79,7.67,7.75,8.199999999999998,8.15,7.72,7.56
172.55,38,8,7.75,7.41,8.21,7.64,8.29,7.7,7.81,7.78,7.65,7.73,8.199999999999998,8.11,7.7,7.53
173.55,38,8.029999999999998,7.71,7.35,8.19,7.6,8.26,7.67,7.79,7.77,7.62,7.7,8.18,8.09,7.65,7.5
174.55,38,8.01,7.67,7.28,8.15,7.58,8.24,7.64,7.76,7.74,7.59,7.65,8.14,8.04,7.59,7.46
175.55,38,8,7.64,7.22,8.14,7.55,8.23,7.62,7.74,7.72,7.57,7.62,8.12,8.02,7.57,7.42
176.55,38,7.96,7.63,7.17,8.12,7.53,8.199999999999998,7.6,7.72,7.7,7.55,7.59,8.1,7.99,7.51,7.4
177.55,38,7.94,7.59,7.08,8.08,7.5,8.16,7.57,7.69,7.66,7.51,7.56,8.07,7.96,7.46,7.35
178.55,38,7.87,7.58,7.04,8.09,7.49,8.15,7.57,7.69,7.65,7.51,7.55,8.05,7.94,7.44,7.33
179.57,38,7.91,7.56,6.96,8.04,7.45,8.12,7.53,7.64,7.62,7.48,7.51,8.029999999999998,7.9,7.39,7.29
180.57,38,7.88,7.54,6.9,8.02,7.41,8.1,7.5,7.61,7.58,7.44,7.47,8,7.89,7.34,7.25
181.57,38,7.81,7.5,6.85,7.99,7.4,8.08,7.48,7.58,7.57,7.43,7.45,7.98,7.85,7.29,7.21
182.57,38,7.83,7.48,6.77,7.97,7.36,8.02,7.44,7.56,7.54,7.39,7.41,7.96,7.81,7.25,7.17
183.57,38,7.81,7.46,6.72,7.96,7.33,8.02,7.43,7.54,7.52,7.36,7.38,7.94,7.77,7.2,7.13
184.58,38,7.78,7.43,6.66,7.94,7.29,7.97,7.41,7.5,7.48,7.35,7.35,7.91,7.74,7.15,7.08
185.58,38,7.75,7.41,6.59,7.91,7.24,7.95,7.37,7.47,7.46,7.31,7.32,7.89,7.72,7.11,7.05
186.6,38,7.74,7.39,6.53,7.88,7.2,7.94,7.35,7.45,7.44,7.3,7.29,7.86,7.7,7.07,7.01
187.6,38,7.71,7.35,6.46,7.86,7.15,7.9,7.3,7.41,7.41,7.25,7.24,7.82,7.66,7.01,6.96
188.6,38,7.69,7.31,6.39,7.83,7.11,7.87,7.28,7.38,7.38,7.21,7.2,7.79,7.63,6.96,6.91
189.6,38,7.66,7.29,6.32,7.8,7.06,7.83,7.26,7.36,7.34,7.2,7.17,7.77,7.6,6.92,6.86
190.6,38,7.63,7.25,6.26,7.77,7,7.81,7.23,7.32,7.32,7.17,7.14,7.74,7.57,6.86,6.82
191.6,38,7.61,7.23,6.2,7.76,6.97,7.79,7.21,7.3,7.3,7.16,7.1,7.73,7.55,6.83,6.77
192.6,38,7.58,7.17,6.11,7.73,6.92,7.74,7.17,7.26,7.26,7.11,7.06,7.69,7.51,6.77,6.73
193.6,38,7.57,7.16,6.06,7.72,6.87,7.73,7.14,7.25,7.23,7.09,7.02,7.67,7.5,6.74,6.69
194.6,38,7.52,7.12,5.98,7.68,6.83,7.68,7.1,7.21,7.2,7.06,6.98,7.63,7.47,6.7,6.64
195.6,38,7.52,7.09,5.91,7.65,6.78,7.65,7.06,7.18,7.17,7.03,6.95,7.6,7.43,6.64,6.59
196.62,38,7.49,7.06,5.83,7.63,6.73,7.62,7.05,7.16,7.14,6.98,6.89,7.58,7.41,6.6,6.55
197.62,38,7.46,7.01,5.76,7.59,6.68,7.59,7.01,7.11,7.1,6.96,6.85,7.55,7.37,6.55,6.5
198.62,38,7.41,6.96,5.69,7.57,6.64,7.57,6.98,7.07,7.07,6.92,6.81,7.51,7.34,6.49,6.46
199.62,38,7.42,6.95,5.63,7.56,6.59,7.53,6.96,7.06,7.04,6.9,6.77,7.49,7.31,6.45,6.42
200.62,38,7.38,6.9,5.55,7.49,6.52,7.49,6.91,7.01,6.99,6.85,6.71,7.44,7.28,6.39,6.35
201.62,38,7.34,6.86,5.47,7.47,6.48,7.46,6.88,6.98,6.96,6.82,6.68,7.43,7.25,6.34,6.3
202.62,38,7.33,6.83,5.41,7.45,6.44,7.42,6.87,6.96,6.95,6.8,6.64,7.4,7.23,6.3,6.28
203.62,38,7.28,6.79,5.31,7.41,6.37,7.39,6.82,6.91,6.89,6.76,6.59,7.36,7.2,6.24,6.21
204.62,38,7.26,6.76,5.24,7.39,6.32,7.36,6.79,6.87,6.86,6.71,6.54,7.33,7.17,6.2,6.17
205.62,38,7.23,6.72,5.16,7.37,6.29,7.32,6.77,6.86,6.83,6.69,6.48,7.29,7.14,6.16,6.13
206.62,38,7.2,6.67,5.07,7.32,6.23,7.28,6.73,6.8,6.78,6.64,6.44,7.27,7.09,6.11,6.08
207.62,38,7.16,6.63,4.98,7.29,6.17,7.24,6.7,6.77,6.74,6.6,6.38,7.23,7.06,6.05,6.02
208.62,38,7.12,6.58,4.89,7.26,6.11,7.2,6.66,6.73,6.7,6.57,6.34,7.2,7.03,6.01,5.97
209.62,38,7.1,6.55,4.81,7.23,6.07,7.17,6.64,6.69,6.66,6.52,6.3,7.17,7,5.97,5.92
210.62,38,7.07,6.52,4.73,7.19,6.02,7.13,6.6,6.67,6.61,6.49,6.23,7.13,6.96,5.91,5.87
211.62,38,7.04,6.48,4.64,7.17,5.97,7.09,6.58,6.63,6.58,6.45,6.19,7.1,6.93,5.87,5.82
212.62,38,7.01,6.45,4.56,7.14,5.92,7.06,6.54,6.6,6.56,6.43,6.15,7.08,6.89,5.82,5.78
213.63,38,6.97,6.41,4.47,7.11,5.88,7.03,6.51,6.56,6.5,6.37,6.1,7.04,6.86,5.77,5.73
214.63,38,6.95,6.37,4.4,7.06,5.84,6.98,6.48,6.52,6.47,6.35,6.04,7,6.83,5.72,5.68
215.63,38,6.92,6.33,4.32,7.05,5.79,6.94,6.45,6.48,6.43,6.3,5.99,6.96,6.77,5.68,5.62
216.63,38,6.88,6.29,4.25,7.01,5.74,6.88,6.41,6.43,6.37,6.27,5.92,6.92,6.74,5.62,5.56
217.63,38,6.82,6.25,4.21,6.98,5.71,6.86,6.38,6.41,6.34,6.23,5.89,6.89,6.71,5.58,5.53
218.65,38,6.81,6.21,4.16,6.93,5.64,6.8,6.33,6.37,6.29,6.18,5.82,6.86,6.67,5.51,5.45
219.65,38,6.78,6.16,4.13,6.9,5.59,6.77,6.3,6.33,6.25,6.14,5.77,6.83,6.63,5.47,5.4
220.65,38,6.75,6.11,4.1,6.86,5.54,6.71,6.27,6.28,6.2,6.1,5.72,6.79,6.58,5.41,5.34
221.65,38,6.71,6.05,4.07,6.83,5.48,6.68,6.23,6.23,6.15,6.06,5.66,6.75,6.54,5.36,5.28
222.67,38,6.69,6.01,4.05,6.8,5.43,6.62,6.21,6.21,6.1,6.03,5.6,6.7,6.5,5.31,5.22
223.67,38,6.66,5.97,4.04,6.77,5.39,6.6,6.18,6.17,6.07,6,5.56,6.69,6.47,5.26,5.18
224.67,38,6.57,5.92,3.99,6.73,5.33,6.55,6.15,6.12,6.02,5.95,5.51,6.64,6.44,5.2,5.11
225.67,38,6.58,5.86,3.94,6.69,5.28,6.5,6.1,6.08,5.98,5.9,5.44,6.6,6.37,5.15,5.06
226.68,38,6.54,5.83,3.9,6.66,5.24,6.46,6.07,6.04,5.92,5.86,5.39,6.57,6.33,5.09,4.99
227.68,38,6.51,5.77,3.82,6.6,5.18,6.41,6.03,5.98,5.86,5.81,5.33,6.52,6.29,5.03,4.93
228.68,38,6.46,5.73,3.76,6.57,5.14,6.34,5.99,5.93,5.82,5.77,5.26,6.47,6.23,4.97,4.88
229.68,38,6.41,5.68,3.68,6.52,5.08,6.28,5.95,5.89,5.75,5.73,5.19,6.44,6.18,4.9,4.81
230.68,38,6.38,5.64,3.61,6.5,5.03,6.25,5.92,5.86,5.72,5.69,5.14,6.4,6.15,4.85,4.75
231.68,38,6.34,5.58,3.55,6.45,4.97,6.19,5.86,5.8,5.66,5.64,5.08,6.35,6.1,4.78,4.68
232.7,38,6.3,5.54,3.49,6.41,4.93,6.15,5.84,5.77,5.62,5.59,5.01,6.31,6.06,4.74,4.62
233.7,38,6.27,5.5,3.43,6.35,4.86,6.1,5.79,5.72,5.55,5.53,4.95,6.27,6.01,4.67,4.55
234.7,38,6.23,5.45,3.38,6.32,4.81,6.05,5.74,5.69,5.5,5.48,4.89,6.23,5.98,4.61,4.49
235.7,38,6.17,5.38,3.3,6.26,4.75,5.98,5.69,5.63,5.43,5.43,4.81,6.17,5.91,4.53,4.41
236.72,38,6.13,5.34,3.24,6.23,4.69,5.93,5.66,5.58,5.37,5.39,4.75,6.15,5.86,4.48,4.35
237.72,38,6.09,5.29,3.18,6.19,4.64,5.88,5.61,5.53,5.31,5.36,4.69,6.1,5.81,4.42,4.28
238.72,38,6.04,5.24,3.11,6.13,4.57,5.81,5.57,5.48,5.24,5.29,4.61,6.04,5.75,4.34,4.2
239.72,38,5.99,5.17,3.09,6.09,4.51,5.76,5.53,5.43,5.16,5.24,4.54,6,5.7,4.28,4.14
240.73,38,5.95,5.11,3.05,6.04,4.44,5.7,5.47,5.38,5.09,5.19,4.48,5.95,5.64,4.21,4.07
241.73,38,5.91,5.06,3.02,5.98,4.39,5.64,5.43,5.33,5.03,5.12,4.42,5.92,5.6,4.13,3.99
242.73,38,5.87,5.01,2.97,5.95,4.32,5.59,5.39,5.29,4.95,5.08,4.35,5.86,5.55,4.07,3.92
243.73,38,5.83,4.95,2.94,5.9,4.25,5.53,5.36,5.24,4.89,5.05,4.29,5.83,5.51,4,3.86
244.73,38,5.78,4.88,2.85,5.84,4.19,5.48,5.3,5.18,4.81,4.97,4.21,5.77,5.45,3.93,3.77
245.75,38,5.74,4.82,2.78,5.8,4.12,5.41,5.25,5.14,4.72,4.92,4.15,5.74,5.39,3.85,3.68
246.75,38,5.69,4.77,2.7,5.75,4.05,5.36,5.2,5.09,4.65,4.86,4.08,5.69,5.33,3.8,3.61
247.75,38,5.65,4.7,2.6,5.69,3.99,5.3,5.15,5.02,4.57,4.8,4.01,5.64,5.28,3.73,3.52
248.75,38,5.61,4.64,2.51,5.65,3.92,5.24,5.1,4.97,4.49,4.73,3.94,5.6,5.23,3.67,3.43
249.75,38,5.54,4.55,2.41,5.58,3.83,5.16,5.03,4.9,4.39,4.67,3.87,5.54,5.15,3.58,3.34
250.77,38,5.48,4.5,2.34,5.55,3.78,5.1,5,4.87,4.32,4.63,3.8,5.5,5.11,3.51,3.26
251.77,38,5.48,4.42,2.27,5.5,3.7,5.05,4.95,4.81,4.24,4.57,3.73,5.45,5.06,3.44,3.17
252.77,38,5.38,4.37,2.22,5.44,3.64,4.97,4.91,4.76,4.15,4.51,3.66,5.4,4.99,3.37,3.07
253.78,38,5.37,4.3,2.19,5.38,3.57,4.9,4.85,4.69,4.07,4.46,3.58,5.34,4.93,3.28,2.97
254.78,38,5.26,4.24,2.19,5.33,3.51,4.83,4.81,4.63,3.99,4.39,3.49,5.29,4.87,3.2,2.87
255.78,38,5.27,4.19,2.18,5.28,3.43,4.77,4.76,4.58,3.91,4.33,3.42,5.24,4.81,3.12,2.77
256.78,38,5.22,4.14,2.17,5.23,3.37,4.7,4.71,4.52,3.82,4.27,3.32,5.19,4.75,3.03,2.66
257.78,38,5.16,4.07,2.13,5.16,3.29,4.62,4.65,4.46,3.73,4.21,3.24,5.14,4.67,2.93,2.53
258.78,38,5.14,4,2.06,5.12,3.21,4.57,4.61,4.41,3.64,4.15,3.16,5.1,4.59,2.81,2.39
259.8,38,5.06,3.94,1.98,5.09,3.14,4.54,4.58,4.36,3.54,4.13,3.08,5.06,4.5,2.68,2.24
260.8,38,5.06,3.92,1.87,5.05,3.08,4.51,4.57,4.31,3.43,4.1,3,5.02,4.43,2.54,2.09
261.8,38,5,3.88,1.79,4.97,3,4.48,4.52,4.24,3.29,4.05,2.92,4.95,4.35,2.37,1.94
262.8,38,4.95,3.87,1.79,4.92,2.94,4.43,4.48,4.2,3.18,4,2.85,4.89,4.31,2.22,1.8
263.82,38,4.89,3.85,2.1,4.85,2.89,4.36,4.42,4.13,3.07,3.96,2.78,4.82,4.28,2.04,1.67
264.82,38,4.82,3.84,2.49,4.79,2.84,4.28,4.37,4.05,2.95,3.9,2.72,4.76,4.28,1.88,1.54
265.82,38,4.76,3.79,2.75,4.71,2.78,4.18,4.31,3.98,2.82,3.82,2.67,4.68,4.26,1.7,1.4
266.82,38,4.7,3.74,2.87,4.65,2.72,4.09,4.24,3.91,2.72,3.76,2.6,4.6,4.27,1.53,1.25
267.83,38,4.63,3.68,2.91,4.57,2.65,4,4.18,3.85,2.6,3.65,2.53,4.52,4.25,1.37,1.08
268.83,38,4.58,3.61,2.94,4.5,2.56,3.91,4.13,3.77,2.52,3.59,2.44,4.45,4.24,1.21,0.94
269.83,38,4.47,3.53,2.93,4.42,2.48,3.81,4.05,3.7,2.44,3.52,2.34,4.35,4.18,1.09,0.8
270.85,38,4.43,3.44,2.87,4.35,2.37,3.7,3.98,3.61,2.35,3.44,2.22,4.27,4.11,0.99,0.71
271.85,38,4.38,3.38,2.82,4.28,2.29,3.62,3.92,3.55,2.27,3.38,2.13,4.2,4.04,0.95,0.71
272.85,38,4.31,3.3,2.72,4.22,2.2,3.52,3.86,3.49,2.18,3.31,2.02,4.13,3.98,0.93,0.76
273.85,38,4.25,3.21,2.63,4.15,2.1,3.43,3.79,3.41,2.06,3.21,1.91,4.05,3.88,0.92,0.86
274.85,38,4.19,3.13,2.53,4.08,2,3.32,3.72,3.34,1.96,3.12,1.8,3.98,3.79,0.93,1.01
275.85,38,4.11,3.03,2.42,4,1.9,3.21,3.64,3.26,1.83,3.03,1.69,3.91,3.67,0.93,1.16
276.87,38,4.04,2.95,2.32,3.94,1.81,3.12,3.58,3.2,1.75,2.95,1.59,3.85,3.58,0.95,1.29
277.87,38,3.98,2.85,2.21,3.87,1.72,3.03,3.51,3.13,1.65,2.9,1.51,3.77,3.49,0.93,1.36
278.87,38,3.9,2.73,2.08,3.76,1.61,2.9,3.43,3.04,1.55,2.8,1.41,3.7,3.37,0.91,1.38
279.87,38,3.84,2.62,1.97,3.7,1.51,2.82,3.38,2.97,1.46,2.72,1.35,3.64,3.29,0.89,1.38
280.88,38,3.76,2.5,1.85,3.63,1.42,2.72,3.3,2.9,1.38,2.63,1.28,3.57,3.21,0.88,1.33
281.88,38,3.7,2.4,1.74,3.56,1.33,2.63,3.24,2.83,1.29,2.53,1.21,3.52,3.13,0.86,1.24
282.9,38,3.62,2.3,1.62,3.5,1.25,2.57,3.18,2.76,1.21,2.45,1.16,3.46,3.05,0.86,1.14
283.9,38,3.55,2.19,1.5,3.42,1.16,2.48,3.1,2.68,1.11,2.35,1.11,3.38,2.94,0.84,1.02
284.9,38,3.49,2.11,1.39,3.35,1.07,2.39,3.05,2.6,1.03,2.29,1.07,3.32,2.85,0.84,0.9
285.9,38,3.4,2,1.31,3.26,0.99,2.3,2.97,2.51,0.94,2.22,1.04,3.24,2.75,0.84,0.77
286.9,38,3.33,1.92,1.25,3.18,0.91,2.21,2.9,2.44,0.86,2.15,1.03,3.17,2.66,0.83,0.65
287.92,38,3.25,1.83,1.2,3.09,0.81,2.11,2.82,2.35,0.78,2.06,1.02,3.1,2.56,0.84,0.52
288.92,38,3.18,1.77,1.18,3.03,0.74,2.02,2.77,2.28,0.72,1.99,1.02,3.03,2.48,0.84,0.41
289.92,38,3.11,1.69,1.15,2.95,0.66,1.92,2.7,2.22,0.64,1.92,1,2.95,2.38,0.84,0.32
290.92,38,3.03,1.62,1.11,2.87,0.61,1.83,2.62,2.14,0.56,1.83,0.98,2.88,2.28,0.85,0.27
291.92,38,2.95,1.55,1.07,2.8,0.53,1.73,2.55,2.06,0.47,1.76,0.96,2.8,2.19,0.84,0.23
292.93,38,2.87,1.48,1.04,2.72,0.47,1.64,2.49,1.97,0.41,1.71,0.94,2.73,2.12,0.84,0.21
293.93,38,2.79,1.43,1.02,2.63,0.41,1.55,2.41,1.9,0.35,1.65,0.92,2.65,2.06,0.84,0.2
294.93,38,2.72,1.38,1,2.56,0.36,1.48,2.33,1.81,0.31,1.59,0.91,2.58,2,0.83,0.19
295.93,38,2.64,1.31,0.98,2.46,0.3,1.42,2.26,1.74,0.28,1.54,0.89,2.5,1.93,0.82,0.19
296.93,38,2.58,1.25,0.96,2.38,0.27,1.35,2.2,1.67,0.25,1.47,0.89,2.42,1.88,0.82,0.19
297.95,38,2.5,1.19,0.95,2.3,0.23,1.29,2.12,1.6,0.24,1.4,0.89,2.34,1.84,0.81,0.19
298.95,38,2.42,1.14,0.93,2.22,0.22,1.24,2.04,1.53,0.2,1.34,0.87,2.26,1.79,0.8,0.19
299.95,38,2.35,1.1,0.93,2.14,0.2,1.2,1.96,1.46,0.19,1.27,0.86,2.18,1.75,0.8,0.2
300.97,38,2.27,1.05,0.91,2.06,0.18,1.16,1.88,1.4,0.16,1.22,0.85,2.1,1.7,0.8,0.2
301.97,38,2.19,1.02,0.9,2,0.16,1.12,1.82,1.34,0.14,1.18,0.85,2,1.64,0.79,0.2
302.97,38,2.13,0.99,0.89,1.93,0.14,1.11,1.76,1.3,0.12,1.15,0.85,1.92,1.58,0.79,0.21
303.98,38,2.05,0.96,0.88,1.85,0.13,1.08,1.68,1.25,0.11,1.12,0.84,1.85,1.52,0.78,0.22
304.98,38,1.98,0.95,0.88,1.79,0.11,1.07,1.61,1.21,0.11,1.1,0.84,1.77,1.46,0.79,0.22
305.98,38,1.92,0.94,0.88,1.7,0.1,1.05,1.52,1.17,0.1,1.05,0.84,1.67,1.42,0.79,0.22
306.98,38,1.86,0.94,0.88,1.64,0.1,1.04,1.45,1.14,0.09,1.02,0.84,1.59,1.42,0.8,0.22
308,38,1.8,0.95,0.87,1.58,0.1,1.03,1.39,1.12,0.08,0.98,0.84,1.51,1.4,0.8,0.21
309,38,1.73,0.94,0.86,1.53,0.08,1.02,1.33,1.1,0.08,0.96,0.84,1.43,1.38,0.79,0.21
310,38,1.65,0.94,0.86,1.48,0.08,1.01,1.25,1.08,0.07,0.95,0.84,1.35,1.38,0.79,0.2
311,38,1.59,0.92,0.84,1.42,0.07,1,1.18,1.05,0.06,0.93,0.82,1.29,1.36,0.79,0.2
312,38,1.53,0.9,0.84,1.36,0.07,0.98,1.1,1.05,0.05,0.91,0.82,1.22,1.34,0.79,0.2
313.02,38,1.46,0.88,0.84,1.33,0.05,0.98,1.03,1.02,0.04,0.89,0.82,1.17,1.33,0.79,0.2
314.02,38,1.44,0.89,0.84,1.29,0.05,0.97,0.98,1.02,0.05,0.89,0.82,1.13,1.31,0.79,0.19
315.02,38,1.38,0.87,0.82,1.27,0.04,0.97,0.91,1,0.04,0.86,0.81,1.09,1.29,0.77,0.19
316.02,38,1.34,0.86,0.82,1.23,0.04,0.97,0.84,0.99,0.04,0.84,0.81,1.06,1.28,0.77,0.17
317.02,38,1.33,0.86,0.83,1.22,0.05,0.97,0.8,1,0.04,0.84,0.81,1.05,1.27,0.78,0.18
318.03,38,1.3,0.87,0.82,1.2,0.04,0.96,0.74,0.98,0.05,0.84,0.81,1.02,1.26,0.78,0.18
319.03,38,1.23,0.85,0.81,1.17,0.02,0.95,0.67,0.97,0.03,0.81,0.8,1,1.22,0.76,0.16
320.03,38,1.25,0.86,0.82,1.15,0.04,0.95,0.62,0.97,0.03,0.82,0.81,1,1.21,0.76,0.17
321.05,38,1.23,0.86,0.82,1.16,0.04,0.96,0.57,0.97,0.03,0.82,0.81,0.98,1.2,0.76,0.17
322.05,38,1.21,0.85,0.82,1.14,0.03,0.96,0.52,0.96,0.03,0.82,0.81,0.98,1.2,0.76,0.16
323.05,38,1.18,0.83,0.81,1.11,0.02,0.94,0.47,0.95,0.02,0.79,0.79,0.96,1.18,0.75,0.14
324.05,38,1.18,0.84,0.82,1.11,0.02,0.95,0.44,0.95,0.02,0.79,0.79,0.95,1.17,0.76,0.14
325.05,38,1.16,0.82,0.82,1.11,0.02,0.95,0.41,0.95,0.02,0.79,0.79,0.95,1.18,0.76,0.14
326.07,38,1.14,0.82,0.81,1.09,0.02,0.94,0.37,0.94,0.02,0.77,0.8,0.95,1.17,0.75,0.13
327.07,38,1.13,0.82,0.81,1.08,0.01,0.94,0.33,0.93,0.01,0.77,0.79,0.93,1.16,0.75,0.13
328.07,38,1.12,0.82,0.81,1.07,0.01,0.94,0.3,0.93,0.01,0.77,0.81,0.93,1.15,0.76,0.13
329.08,38,1.12,0.81,0.8,1.06,0.01,0.93,0.28,0.92,0.01,0.77,0.79,0.93,1.14,0.75,0.13
330.08,38,1.12,0.82,0.81,1.07,0.01,0.93,0.27,0.93,0.01,0.77,0.8,0.93,1.14,0.76,0.14
331.08,38,1.1,0.81,0.8,1.05,0,0.93,0.24,0.92,0,0.76,0.79,0.92,1.14,0.76,0.14
332.1,38,1.09,0.81,0.8,1.04,0,0.93,0.22,0.92,0,0.76,0.8,0.92,1.14,0.76,0.13
333.1,38,1.09,0.81,0.8,1.05,0.01,0.94,0.2,0.91,0.01,0.76,0.79,0.92,1.14,0.76,0.13
334.1,38,1.08,0.81,0.81,1.04,0.01,0.93,0.19,0.91,0.01,0.76,0.79,0.92,1.14,0.76,0.13
335.1,38,1.07,0.8,0.81,1.03,0,0.93,0.17,0.91,0,0.76,0.79,0.91,1.14,0.76,0.13
336.12,38,1.08,0.8,0.81,1.03,0,0.93,0.17,0.91,0,0.76,0.79,0.92,1.13,0.76,0.13
337.12,38,1.07,0.79,0.81,1.03,0,0.93,0.15,0.91,0,0.75,0.79,0.91,1.13,0.75,0.12
338.12,38,1.03,0.79,0.79,1.02,0,0.92,0.13,0.9,0,0.75,0.79,0.9,1.12,0.74,0.12
339.12,38,1.06,0.81,0.81,1.03,0,0.92,0.13,0.91,0,0.74,0.79,0.91,1.12,0.75,0.13
340.13,38,1.06,0.79,0.8,1.02,0,0.92,0.13,0.9,0,0.74,0.79,0.91,1.12,0.74,0.13
341.13,38,1.05,0.79,0.79,1.01,0,0.91,0.11,0.89,0,0.74,0.77,0.9,1.11,0.73,0.11
342.13,38,1.05,0.81,0.79,1.02,0,0.93,0.1,0.9,0,0.74,0.78,0.89,1.11,0.74,0.11
343.13,38,1.05,0.79,0.79,1.01,0,0.91,0.1,0.89,0,0.73,0.78,0.9,1.11,0.74,0.11
344.15,38,1.05,0.8,0.8,1.02,0,0.91,0.09,0.89,0,0.74,0.78,0.89,1.11,0.74,0.11
345.15,38,1.05,0.81,0.8,1.02,0,0.91,0.08,0.9,0,0.74,0.79,0.89,1.12,0.74,0.11
346.15,38,1.01,0.79,0.79,1.01,0,0.91,0.07,0.89,0,0.72,0.77,0.89,1.1,0.74,0.11
347.17,38,1.05,0.8,0.79,1,0,0.91,0.07,0.89,0,0.73,0.79,0.89,1.11,0.74,0.11
348.17,38,1.04,0.79,0.79,1,0,0.91,0.07,0.89,0,0.72,0.78,0.89,1.1,0.74,0.11
349.17,38,1.04,0.8,0.79,1,0,0.91,0.06,0.89,0,0.73,0.79,0.89,1.1,0.74,0.11
350.17,38,1.01,0.79,0.79,1,0,0.91,0.06,0.89,0,0.73,0.78,0.89,1.1,0.74,0.11
351.18,38,1.03,0.79,0.79,1,0,0.91,0.05,0.89,0,0.72,0.78,0.89,1.1,0.74,0.11
352.18,38,1.02,0.78,0.77,0.99,0,0.91,0.04,0.88,0,0.72,0.77,0.88,1.09,0.73,0.1
353.18,38,1.03,0.79,0.79,1,0,0.91,0.05,0.89,0,0.73,0.78,0.89,1.11,0.74,0.11
354.18,38,1.03,0.79,0.77,0.98,0,0.9,0.04,0.88,0,0.72,0.77,0.88,1.09,0.74,0.1
355.2,38,1.03,0.79,0.78,0.99,0,0.9,0.04,0.89,0,0.72,0.77,0.88,1.1,0.74,0.1
356.2,38,1.03,0.79,0.78,0.99,0,0.91,0.04,0.88,0,0.72,0.77,0.88,1.09,0.74,0.1
357.2,38,1.03,0.79,0.78,1,0,0.91,0.04,0.89,0,0.72,0.78,0.89,1.1,0.74,0.11
358.2,38,1.02,0.79,0.78,0.98,0,0.91,0.04,0.88,0,0.72,0.77,0.88,1.09,0.74,0.1
359.22,38,1.02,0.79,0.78,0.98,0,0.91,0.04,0.88,0,0.72,0.78,0.88,1.09,0.74,0.1
360.22,38,1.02,0.78,0.77,0.99,0,0.9,0.03,0.88,0,0.72,0.77,0.88,1.09,0.73,0.1
361.23,38,1.02,0.79,0.79,0.99,0,0.91,0.03,0.88,0,0.71,0.78,0.88,1.09,0.74,0.1
362.23,38,1.03,0.79,0.78,0.99,0,0.91,0.02,0.88,0,0.71,0.77,0.88,1.08,0.74,0.1
363.23,38,1.02,0.77,0.77,0.98,0,0.9,0.02,0.88,0,0.71,0.77,0.86,1.09,0.73,0.1
364.23,38,1.02,0.78,0.77,0.98,0,0.9,0.02,0.88,0,0.71,0.77,0.88,1.09,0.73,0.1
365.25,38,1.02,0.78,0.78,0.98,0,0.89,0.02,0.88,0,0.71,0.77,0.88,1.09,0.73,0.1
366.25,38,1.02,0.77,0.77,0.98,0,0.9,0.01,0.88,0,0.71,0.76,0.87,1.09,0.72,0.1
367.25,38,1.02,0.78,0.78,0.98,0,0.9,0.02,0.88,0,0.71,0.77,0.88,1.09,0.73,0.11
368.27,38,1.02,0.77,0.77,0.98,0,0.9,0.02,0.88,0,0.71,0.77,0.88,1.09,0.74,0.11
369.27,38,1.01,0.77,0.77,0.98,0,0.9,0.02,0.88,0,0.71,0.76,0.86,1.09,0.73,0.1
370.27,38,1.01,0.77,0.77,0.98,0,0.89,0.01,0.86,0,0.71,0.76,0.86,1.08,0.72,0.09
371.27,38,1.02,0.77,0.77,0.97,0,0.89,0.01,0.87,0,0.71,0.76,0.86,1.07,0.72,0.1
372.27,38,1.02,0.77,0.77,0.97,0,0.89,0.01,0.87,0,0.71,0.77,0.87,1.07,0.72,0.1
373.27,38,1.01,0.77,0.77,0.98,0,0.89,0,0.87,0,0.71,0.77,0.86,1.08,0.72,0.1
374.27,38,1.01,0.77,0.77,0.97,0,0.89,0.01,0.87,0,0.71,0.77,0.87,1.08,0.72,0.1
375.27,38,1.02,0.78,0.77,0.96,0,0.9,0.01,0.87,0,0.71,0.77,0.86,1.07,0.73,0.1
376.27,38,1.02,0.78,0.78,0.98,0,0.9,0.01,0.88,0,0.71,0.77,0.88,1.07,0.74,0.11
377.27,38,1.01,0.77,0.77,0.97,0,0.9,0.01,0.87,0,0.71,0.77,0.87,1.07,0.72,0.09
378.28,38,1.02,0.77,0.78,0.97,0,0.9,0.01,0.88,0,0.71,0.76,0.87,1.07,0.73,0.1
379.28,38,1.01,0.78,0.77,0.96,0,0.9,0,0.87,0,0.71,0.77,0.87,1.07,0.72,0.09
380.28,38,1.01,0.77,0.77,0.98,0,0.89,0,0.88,0,0.71,0.77,0.86,1.07,0.72,0.09
381.28,38,1.01,0.77,0.77,0.97,0,0.9,0,0.87,0,0.71,0.76,0.87,1.07,0.72,0.1
382.3,38,0.98,0.78,0.77,0.97,0,0.9,0,0.88,0,0.71,0.76,0.87,1.07,0.74,0.1
383.3,38,0.99,0.77,0.77,0.97,0,0.89,0,0.87,0,0.7,0.76,0.86,1.07,0.72,0.1
384.3,38,1,0.77,0.77,0.96,0,0.89,0,0.87,0,0.7,0.76,0.86,1.07,0.72,0.09
385.3,38,1.01,0.77,0.77,0.97,0,0.89,0,0.88,0,0.71,0.76,0.86,1.07,0.72,0.1
386.3,38,1,0.77,0.77,0.96,0,0.89,0,0.87,0,0.7,0.76,0.86,1.07,0.72,0.09
387.3,38,1.01,0.77,0.77,0.97,0,0.89,0,0.87,0,0.7,0.77,0.86,1.08,0.73,0.09
388.3,38,1,0.77,0.77,0.96,0,0.89,0,0.87,0,0.71,0.77,0.86,1.07,0.72,0.09
389.3,38,0.96,0.76,0.76,0.96,0,0.89,0,0.86,0,0.69,0.76,0.85,1.07,0.71,0.08
390.32,38,1.01,0.78,0.77,0.97,0,0.89,0,0.88,0,0.7,0.77,0.87,1.07,0.73,0.09
391.32,38,1.01,0.77,0.77,0.97,0,0.88,0,0.87,0,0.7,0.77,0.86,1.07,0.72,0.09
392.32,38,0.98,0.77,0.77,0.97,0,0.89,0,0.87,0,0.7,0.77,0.86,1.07,0.72,0.09
393.32,38,0.98,0.77,0.77,0.97,0,0.89,0,0.87,0,0.69,0.76,0.86,1.07,0.73,0.08
394.32,38,1,0.77,0.77,0.97,0,0.89,0,0.87,0,0.69,0.76,0.86,1.07,0.72,0.08
395.32,38,1,0.76,0.77,0.96,0,0.89,0,0.87,0,0.7,0.76,0.86,1.06,0.72,0.08
396.32,38,0.96,0.77,0.77,0.96,0,0.89,0,0.87,0,0.69,0.76,0.86,1.07,0.72,0.09
397.32,38,1.01,0.77,0.77,0.96,0,0.89,0,0.87,0,0.69,0.76,0.86,1.07,0.73,0.09
398.32,38,1,0.77,0.76,0.96,0,0.89,0,0.87,0,0.7,0.76,0.86,1.07,0.72,0.09
399.33,38,0.98,0.76,0.77,0.96,0,0.89,0,0.87,0,0.69,0.76,0.86,1.06,0.72,0.08
400.33,38,1.01,0.77,0.77,0.96,0,0.89,0,0.88,0,0.7,0.76,0.86,1.07,0.72,0.08
401.33,38,1,0.78,0.77,0.97,0,0.89,0,0.87,0,0.7,0.76,0.86,1.07,0.72,0.09
402.35,38,1,0.77,0.77,0.96,0,0.89,0,0.87,0,0.69,0.76,0.86,1.06,0.72,0.09
403.35,38,1,0.77,0.77,0.96,0,0.9,0,0.87,0,0.69,0.77,0.86,1.07,0.72,0.09
404.35,38,0.99,0.77,0.77,0.96,0,0.89,0,0.86,0,0.69,0.76,0.86,1.06,0.72,0.08
405.35,38,1.01,0.77,0.77,0.96,0,0.89,0,0.87,0,0.7,0.76,0.86,1.07,0.72,0.08
406.35,38,1,0.77,0.76,0.96,0,0.89,0,0.88,0,0.7,0.76,0.86,1.06,0.72,0.08
407.37,38,1,0.77,0.76,0.96,0,0.89,0,0.86,0,0.69,0.76,0.85,1.06,0.71,0.08
408.37,38,1,0.77,0.76,0.95,0,0.88,0,0.86,0,0.69,0.76,0.86,1.06,0.72,0.08
409.37,38,1,0.77,0.77,0.96,0,0.89,0,0.87,0,0.69,0.76,0.86,1.07,0.72,0.08
410.37,38,1,0.77,0.77,0.96,0,0.88,0,0.88,0,0.69,0.76,0.86,1.07,0.73,0.08
411.37,38,0.98,0.77,0.76,0.96,0,0.89,0,0.87,0,0.7,0.76,0.86,1.06,0.73,0.08
412.38,38,1,0.77,0.76,0.96,0,0.89,0,0.87,0,0.69,0.76,0.86,1.06,0.72,0.08
413.38,38,0.98,0.77,0.76,0.96,0,0.89,0,0.87,0,0.69,0.76,0.86,1.06,0.72,0.08
414.38,38,1,0.77,0.77,0.96,0,0.89,0,0.87,0,0.7,0.76,0.86,1.07,0.72,0.08
415.38,38,1.01,0.78,0.77,0.96,0,0.89,0,0.88,0,0.7,0.77,0.86,1.07,0.72,0.08
416.4,38,0.97,0.77,0.76,0.96,0,0.89,0,0.86,0,0.69,0.76,0.86,1.05,0.72,0.08
417.4,38,1,0.77,0.77,0.96,0,0.89,0,0.87,0,0.69,0.76,0.86,1.06,0.72,0.08
418.4,38,1,0.77,0.76,0.96,0,0.89,0,0.87,0,0.69,0.76,0.86,1.05,0.72,0.08
419.4,38,1,0.77,0.77,0.96,0,0.89,0,0.88,0,0.69,0.76,0.86,1.06,0.72,0.08
420.4,38,1,0.77,0.76,0.96,0,0.89,0,0.87,0,0.69,0.76,0.86,1.05,0.72,0.08
421.42,38,1,0.77,0.76,0.96,0,0.89,0,0.87,0,0.69,0.76,0.86,1.06,0.72,0.08
422.42,38,1.01,0.76,0.76,0.96,0,0.89,0,0.87,0,0.69,0.76,0.86,1.06,0.72,0.08
423.42,38,1,0.77,0.76,0.96,0,0.88,0,0.87,0,0.69,0.76,0.86,1.05,0.72,0.08
424.42,38,1,0.77,0.76,0.96,0,0.89,0,0.87,0,0.69,0.76,0.86,1.07,0.72,0.08
425.42,38,1.01,0.77,0.77,0.96,0,0.89,0,0.88,0,0.7,0.77,0.86,1.06,0.72,0.08
426.43,38,1,0.76,0.76,0.96,0,0.88,0,0.87,0,0.69,0.76,0.86,1.06,0.72,0.08
427.43,38,0.96,0.77,0.76,0.96,0,0.88,0,0.87,0,0.69,0.76,0.86,1.06,0.72,0.08
428.43,38,0.96,0.77,0.76,0.95,0,0.89,0,0.87,0,0.69,0.76,0.86,1.05,0.72,0.08
429.43,38,1.01,0.77,0.76,0.96,0,0.89,0,0.87,0,0.7,0.77,0.86,1.05,0.72,0.08
430.43,38,1,0.77,0.76,0.96,0,0.89,0,0.87,0,0.69,0.76,0.86,1.06,0.72,0.08
431.45,38,0.98,0.76,0.76,0.95,0,0.88,0,0.86,0,0.69,0.76,0.86,1.06,0.72,0.08
432.45,38,1,0.76,0.76,0.96,0,0.88,0,0.87,0,0.69,0.75,0.86,1.05,0.72,0.07
433.45,38,0.97,0.77,0.76,0.95,0,0.89,0,0.87,0,0.69,0.76,0.86,1.05,0.71,0.07
434.45,38,0.98,0.77,0.77,0.96,0,0.88,0,0.88,0,0.7,0.76,0.86,1.06,0.72,0.08
435.47,38,0.99,0.77,0.76,0.96,0,0.89,0,0.87,0,0.69,0.76,0.86,1.05,0.72,0.07
436.47,38,1,0.77,0.76,0.96,0,0.89,0,0.87,0,0.69,0.76,0.86,1.05,0.72,0.08
437.47,38,1,0.76,0.76,0.96,0,0.88,0,0.86,0,0.69,0.76,0.86,1.05,0.72,0.07
438.47,38,1.01,0.77,0.76,0.96,0,0.89,0,0.87,0,0.7,0.77,0.86,1.07,0.72,0.08
439.47,38,1,0.78,0.77,0.95,0,0.89,0,0.86,0,0.7,0.76,0.86,1.06,0.72,0.08
440.47,38,1,0.77,0.77,0.96,0,0.89,0,0.88,0,0.69,0.76,0.86,1.06,0.72,0.08
441.47,38,1,0.77,0.76,0.96,0,0.89,0,0.87,0,0.7,0.76,0.86,1.06,0.72,0.07
442.48,38,1,0.77,0.76,0.96,0,0.89,0,0.88,0,0.69,0.76,0.86,1.06,0.72,0.08
443.48,38,0.99,0.77,0.77,0.96,0,0.89,0,0.86,0,0.69,0.76,0.86,1.05,0.72,0.08
444.48,38,1,0.77,0.76,0.96,0,0.89,0,0.88,0,0.69,0.76,0.86,1.05,0.72,0.08
445.48,38,1,0.77,0.76,0.96,0,0.89,0,0.88,0,0.69,0.76,0.86,1.05,0.71,0.08
446.48,38,1,0.77,0.76,0.96,0,0.88,0,0.86,0,0.69,0.76,0.86,1.06,0.72,0.07
447.48,38,0.98,0.77,0.76,0.96,0,0.89,0,0.87,0,0.69,0.76,0.86,1.06,0.72,0.08
448.5,38,1,0.77,0.76,0.95,0,0.88,0,0.87,0,0.69,0.76,0.86,1.05,0.71,0.08
449.5,38,1,0.77,0.76,0.95,0,0.89,0,0.87,0,0.7,0.76,0.86,1.05,0.72,0.08
450.5,38,1,0.76,0.76,0.95,0,0.88,0,0.87,0,0.69,0.76,0.85,1.05,0.72,0.07
451.5,38,1,0.76,0.77,0.96,0,0.89,0,0.87,0,0.7,0.76,0.86,1.06,0.72,0.08
452.52,38,1,0.77,0.76,0.96,0,0.88,0,0.88,0,0.69,0.76,0.86,1.05,0.72,0.08
453.52,38,1,0.76,0.76,0.96,0,0.89,0,0.87,0,0.68,0.76,0.86,1.05,0.72,0.08
454.52,38,1,0.77,0.76,0.96,0,0.89,0,0.87,0,0.7,0.76,0.86,1.05,0.72,0.07
455.53,38,1.01,0.77,0.77,0.96,0,0.88,0,0.88,0,0.69,0.76,0.86,1.07,0.72,0.08
456.53,38,1,0.77,0.77,0.96,0,0.89,0,0.88,0,0.7,0.77,0.86,1.05,0.71,0.08
457.53,38,1,0.77,0.77,0.95,0,0.89,0,0.87,0,0.7,0.76,0.86,1.06,0.72,0.08
458.53,38,1,0.77,0.76,0.95,0,0.88,0,0.87,0,0.69,0.76,0.86,1.05,0.71,0.07
459.53,38,1,0.76,0.76,0.96,0,0.88,0,0.87,0,0.69,0.76,0.86,1.06,0.72,0.08
460.53,38,1,0.76,0.76,0.96,0,0.89,0,0.87,0,0.69,0.76,0.86,1.06,0.72,0.08
461.55,38,1,0.77,0.76,0.96,0,0.89,0,0.88,0,0.69,0.76,0.86,1.05,0.72,0.08
462.55,38,1,0.77,0.77,0.96,0,0.89,0,0.87,0,0.69,0.76,0.86,1.05,0.72,0.08
463.55,38,1,0.77,0.76,0.96,0,0.88,0,0.87,0,0.69,0.76,0.86,1.05,0.72,0.07
464.55,38,1,0.76,0.75,0.95,0,0.88,0,0.86,0,0.69,0.76,0.86,1.04,0.71,0.07
465.55,38,0.96,0.77,0.76,0.96,0,0.89,0,0.87,0,0.69,0.76,0.86,1.05,0.71,0.07
466.55,38,1.01,0.78,0.77,0.96,0,0.9,0,0.88,0,0.71,0.77,0.87,1.07,0.72,0.08
467.55,38,1,0.77,0.76,0.95,0,0.89,0,0.87,0,0.69,0.76,0.86,1.06,0.72,0.07
468.57,38,0.98,0.77,0.76,0.96,0,0.87,0,0.87,0,0.69,0.76,0.85,1.05,0.71,0.07
469.57,38,1,0.77,0.76,0.96,0,0.88,0,0.87,0,0.69,0.76,0.86,1.06,0.72,0.07
470.57,38,1,0.76,0.76,0.95,0,0.88,0,0.87,0,0.69,0.76,0.86,1.05,0.72,0.07
471.57,38,1,0.77,0.76,0.95,0,0.89,0,0.87,0,0.69,0.76,0.86,1.06,0.71,0.07
472.57,38,0.99,0.77,0.76,0.95,0,0.88,0,0.86,0,0.69,0.76,0.86,1.05,0.72,0.07
473.57,38,1,0.77,0.76,0.96,0,0.88,0,0.87,0,0.69,0.76,0.86,1.05,0.72,0.07
474.58,38,1,0.76,0.76,0.96,0,0.88,0,0.87,0,0.69,0.76,0.86,1.05,0.72,0.08
475.58,38,0.98,0.77,0.76,0.96,0,0.88,0,0.86,0,0.69,0.76,0.86,1.05,0.71,0.08
476.58,38,1.01,0.77,0.76,0.96,0,0.89,0,0.88,0,0.69,0.76,0.86,1.05,0.72,0.08
477.6,38,1.01,0.77,0.77,0.96,0,0.89,0,0.88,0,0.69,0.77,0.86,1.06,0.72,0.08
478.6,38,1,0.77,0.76,0.95,0,0.89,0,0.87,0,0.69,0.76,0.86,1.05,0.72,0.08
479.6,38,1,0.76,0.76,0.95,0,0.88,0,0.86,0,0.68,0.76,0.85,1.05,0.71,0.07
480.6,38,0.96,0.77,0.76,0.96,0,0.89,0,0.86,0,0.69,0.76,0.86,1.06,0.71,0.08
481.6,38,1.01,0.77,0.76,0.96,0,0.89,0,0.88,0,0.7,0.76,0.86,1.06,0.72,0.08
482.6,38,0.97,0.77,0.76,0.96,0,0.89,0,0.86,0,0.69,0.76,0.86,1.05,0.72,0.07
483.6,38,1.01,0.78,0.77,0.96,0,0.89,0,0.88,0,0.7,0.76,0.87,1.06,0.72,0.08
484.62,38,0.98,0.77,0.76,0.96,0,0.89,0,0.86,0,0.69,0.76,0.86,1.05,0.72,0.07
485.62,38,1,0.77,0.76,0.96,0,0.89,0,0.88,0,0.69,0.76,0.86,1.05,0.72,0.07
486.62,38,0.97,0.77,0.76,0.96,0,0.88,0,0.87,0,0.69,0.76,0.86,1.05,0.71,0.08
487.62,38,0.96,0.76,0.76,0.95,0,0.88,0,0.86,0,0.69,0.76,0.86,1.05,0.72,0.07
488.63,38,1.01,0.77,0.77,0.97,0,0.89,0,0.88,0,0.71,0.77,0.87,1.07,0.73,0.08
489.63,38,1,0.77,0.76,0.96,0,0.89,0,0.87,0,0.69,0.76,0.86,1.06,0.72,0.07
490.63,38,0.99,0.77,0.76,0.95,0,0.88,0,0.87,0,0.69,0.76,0.86,1.05,0.71,0.07
491.63,38,1,0.76,0.76,0.95,0,0.88,0,0.86,0,0.69,0.76,0.86,1.05,0.71,0.07
492.63,38,1,0.77,0.76,0.96,0,0.88,0,0.86,0,0.69,0.76,0.86,1.05,0.71,0.07
493.63,38,1,0.77,0.77,0.96,0,0.89,0,0.88,0,0.7,0.77,0.87,1.07,0.72,0.08
494.63,38,1,0.76,0.76,0.95,0,0.89,0,0.87,0,0.69,0.76,0.86,1.05,0.72,0.07
495.63,38,1,0.77,0.77,0.96,0,0.89,0,0.88,0,0.7,0.76,0.87,1.06,0.72,0.08
496.65,38,1,0.77,0.77,0.96,0,0.89,0,0.88,0,0.69,0.77,0.86,1.06,0.72,0.08
497.65,38,1,0.77,0.76,0.96,0,0.89,0,0.87,0,0.69,0.76,0.86,1.05,0.71,0.07
498.65,38,1,0.77,0.76,0.96,0,0.89,0,0.88,0,0.69,0.76,0.86,1.05,0.72,0.08
499.65,38,0.97,0.77,0.75,0.96,0,0.87,0,0.87,0,0.69,0.76,0.86,1.05,0.71,0.07
500.65,38,1,0.76,0.75,0.95,0,0.88,0,0.86,0,0.69,0.76,0.85,1.04,0.71,0.07
501.67,38,1,0.76,0.76,0.95,0,0.88,0,0.87,0,0.69,0.76,0.86,1.05,0.72,0.07
502.67,38,0.99,0.76,0.74,0.95,0,0.87,0,0.86,0,0.68,0.76,0.84,1.04,0.71,0.07
503.67,38,1,0.76,0.76,0.96,0,0.88,0,0.87,0,0.69,0.76,0.86,1.05,0.71,0.07
504.67,38,1,0.77,0.76,0.96,0,0.88,0,0.87,0,0.68,0.76,0.85,1.05,0.71,0.08
505.67,38,1,0.77,0.76,0.96,0,0.88,0,0.88,0,0.69,0.76,0.86,1.05,0.72,0.08
506.68,38,1,0.76,0.76,0.95,0,0.88,0,0.86,0,0.68,0.76,0.85,1.04,0.71,0.07
507.68,38,1,0.76,0.76,0.95,0,0.88,0,0.86,0,0.69,0.76,0.86,1.05,0.71,0.07
508.68,38,0.99,0.76,0.75,0.95,0,0.87,0,0.86,0,0.67,0.75,0.85,1.04,0.71,0.06
509.68,38,0.99,0.76,0.75,0.95,0,0.87,0,0.86,0,0.68,0.76,0.85,1.04,0.71,0.07
510.7,38,1,0.76,0.76,0.95,0,0.88,0,0.87,0,0.68,0.76,0.85,1.05,0.71,0.07
511.7,38,1,0.76,0.76,0.96,0,0.88,0,0.87,0,0.69,0.75,0.86,1.04,0.72,0.07
512.7,38,1,0.77,0.76,0.95,0,0.88,0,0.87,0,0.69,0.76,0.86,1.04,0.71,0.07
513.7,38,1,0.76,0.76,0.95,0,0.88,0,0.86,0,0.69,0.76,0.86,1.05,0.72,0.07
514.7,38,1,0.77,0.76,0.96,0,0.88,0,0.87,0,0.69,0.76,0.86,1.05,0.72,0.07
515.7,38,0.97,0.77,0.76,0.96,0,0.88,0,0.87,0,0.69,0.76,0.86,1.05,0.72,0.07
516.7,38,1,0.77,0.76,0.95,0,0.88,0,0.88,0,0.69,0.76,0.86,1.05,0.72,0.07
517.7,38,0.99,0.77,0.76,0.95,0,0.88,0,0.87,0,0.69,0.76,0.85,1.04,0.71,0.07
518.72,38,1,0.76,0.75,0.95,0,0.88,0,0.86,0,0.68,0.75,0.85,1.04,0.71,0.07
519.72,38,1,0.76,0.76,0.95,0,0.88,0,0.86,0,0.68,0.76,0.85,1.05,0.71,0.07
520.72,38,1,0.77,0.76,0.95,0,0.89,0,0.88,0,0.69,0.76,0.86,1.05,0.72,0.08
521.72,38,1,0.76,0.76,0.95,0,0.88,0,0.86,0,0.69,0.76,0.85,1.05,0.71,0.07
522.72,38,1,0.76,0.76,0.95,0,0.88,0,0.86,0,0.69,0.76,0.86,1.05,0.71,0.07
523.72,38,1,0.77,0.76,0.95,0,0.88,0,0.86,0,0.69,0.76,0.85,1.04,0.71,0.07
524.72,38,1,0.76,0.76,0.95,0,0.88,0,0.87,0,0.69,0.76,0.85,1.05,0.71,0.07
525.73,38,1,0.76,0.76,0.95,0,0.87,0,0.86,0,0.69,0.75,0.85,1.05,0.71,0.07
526.73,38,1,0.76,0.75,0.95,0,0.88,0,0.87,0,0.68,0.76,0.85,1.05,0.71,0.07
527.73,38,0.99,0.77,0.76,0.95,0,0.88,0,0.86,0,0.69,0.76,0.86,1.05,0.71,0.07
528.73,38,0.98,0.77,0.76,0.95,0,0.88,0,0.86,0,0.69,0.76,0.86,1.05,0.71,0.07
529.73,38,1,0.76,0.76,0.95,0,0.88,0,0.86,0,0.69,0.75,0.86,1.05,0.71,0.07
530.73,38,0.99,0.76,0.76,0.95,0,0.88,0,0.86,0,0.68,0.76,0.86,1.05,0.71,0.07
531.75,38,1,0.76,0.76,0.95,0,0.88,0,0.86,0,0.68,0.76,0.86,1.05,0.71,0.07
532.75,38,1,0.77,0.75,0.95,0,0.88,0,0.87,0,0.69,0.76,0.85,1.05,0.71,0.07
533.75,38,1,0.77,0.76,0.95,0,0.88,0,0.87,0,0.69,0.76,0.86,1.05,0.71,0.07
534.75,38,1,0.77,0.76,0.95,0,0.88,0,0.87,0,0.69,0.76,0.86,1.05,0.71,0.07
535.75,38,0.99,0.76,0.75,0.94,0,0.88,0,0.86,0,0.67,0.75,0.84,1.05,0.71,0.06
536.75,38,1,0.76,0.76,0.95,0,0.88,0,0.87,0,0.69,0.76,0.86,1.05,0.72,0.07
537.75,38,1,0.77,0.76,0.95,0,0.88,0,0.87,0,0.69,0.76,0.86,1.05,0.72,0.08
538.77,38,1,0.77,0.76,0.96,0,0.88,0,0.87,0,0.69,0.76,0.86,1.05,0.71,0.08
539.77,38,1,0.77,0.76,0.95,0,0.88,0,0.87,0,0.69,0.76,0.86,1.05,0.71,0.07
540.77,38,1,0.76,0.76,0.95,0,0.88,0,0.86,0,0.69,0.76,0.85,1.04,0.72,0.07
541.77,38,0.96,0.77,0.76,0.96,0,0.88,0,0.87,0,0.69,0.76,0.86,1.05,0.72,0.07
542.77,38,0.99,0.77,0.75,0.96,0,0.88,0,0.87,0,0.68,0.76,0.85,1.05,0.71,0.07
543.77,38,0.97,0.76,0.75,0.94,0,0.88,0,0.86,0,0.68,0.76,0.84,1.04,0.71,0.07
544.78,38,1,0.76,0.76,0.95,0,0.88,0,0.86,0,0.67,0.75,0.84,1.05,0.71,0.07
545.78,38,1,0.77,0.76,0.96,0,0.88,0,0.87,0,0.69,0.76,0.86,1.05,0.71,0.07
546.78,38,1,0.77,0.76,0.95,0,0.88,0,0.87,0,0.68,0.75,0.86,1.05,0.72,0.07
547.78,38,1,0.77,0.76,0.95,0,0.88,0,0.88,0,0.69,0.76,0.85,1.05,0.71,0.07
548.78,38,1,0.76,0.76,0.96,0,0.88,0,0.87,0,0.69,0.76,0.86,1.05,0.72,0.07
549.8,38,1,0.77,0.76,0.96,0,0.88,0,0.87,0,0.69,0.76,0.86,1.05,0.71,0.07
550.8,38,1,0.76,0.76,0.95,0,0.88,0,0.87,0,0.69,0.76,0.86,1.05,0.71,0.07
551.8,38,1,0.76,0.76,0.95,0,0.88,0,0.87,0,0.69,0.76,0.85,1.05,0.71,0.07
552.8,38,0.95,0.76,0.76,0.95,0,0.88,0,0.86,0,0.69,0.75,0.85,1.05,0.71,0.07
553.8,38,1,0.77,0.76,0.95,0,0.88,0,0.86,0,0.69,0.76,0.86,1.05,0.71,0.07
554.82,38,0.97,0.77,0.76,0.95,0,0.88,0,0.87,0,0.69,0.76,0.85,1.05,0.72,0.07
555.82,38,1,0.76,0.76,0.95,0,0.88,0,0.87,0,0.69,0.76,0.85,1.05,0.71,0.08
556.82,38,1,0.77,0.76,0.96,0,0.89,0,0.87,0,0.69,0.76,0.86,1.06,0.71,0.08
557.82,38,1,0.77,0.76,0.96,0,0.89,0,0.87,0,0.69,0.76,0.86,1.06,0.72,0.08
558.82,38,0.98,0.77,0.76,0.95,0,0.88,0,0.87,0,0.69,0.76,0.86,1.05,0.71,0.07
559.83,38,0.98,0.76,0.76,0.95,0,0.88,0,0.86,0,0.69,0.75,0.85,1.05,0.71,0.07
560.83,38,1,0.77,0.76,0.96,0,0.88,0,0.86,0,0.69,0.76,0.86,1.05,0.72,0.07
561.83,38,1,0.77,0.76,0.96,0,0.89,0,0.87,0,0.69,0.76,0.86,1.06,0.72,0.07
562.85,38,1,0.77,0.76,0.96,0,0.88,0,0.87,0,0.69,0.76,0.86,1.05,0.72,0.07
563.85,38,1,0.77,0.76,0.96,0,0.88,0,0.88,0,0.69,0.76,0.86,1.05,0.72,0.08
564.85,38,1,0.77,0.77,0.96,0,0.89,0,0.87,0,0.69,0.76,0.86,1.05,0.71,0.08
565.85,38,1,0.77,0.76,0.96,0,0.88,0,0.88,0,0.69,0.76,0.86,1.06,0.72,0.08
566.85,38,0.99,0.77,0.76,0.96,0,0.89,0,0.86,0,0.69,0.76,0.86,1.06,0.72,0.07
567.85,38,0.97,0.77,0.76,0.95,0,0.88,0,0.86,0,0.68,0.76,0.84,1.05,0.71,0.07
568.85,38,0.98,0.77,0.76,0.95,0,0.88,0,0.87,0,0.69,0.76,0.86,1.05,0.71,0.07
569.85,38,1,0.77,0.76,0.96,0,0.88,0,0.88,0,0.69,0.76,0.86,1.05,0.72,0.08
570.85,38,1,0.76,0.76,0.95,0,0.88,0,0.87,0,0.69,0.76,0.86,1.05,0.71,0.07
571.87,38,0.98,0.77,0.76,0.95,0,0.88,0,0.87,0,0.69,0.76,0.86,1.05,0.71,0.07
572.87,38,1,0.77,0.76,0.96,0,0.88,0,0.88,0,0.7,0.77,0.86,1.06,0.72,0.08
573.87,38,1,0.77,0.76,0.95,0,0.88,0,0.87,0,0.69,0.76,0.85,1.05,0.72,0.07
574.87,38,1,0.77,0.76,0.96,0,0.89,0,0.87,0,0.69,0.76,0.86,1.06,0.72,0.08
575.87,38,1,0.76,0.76,0.95,0,0.88,0,0.87,0,0.69,0.76,0.85,1.05,0.71,0.07
576.87,38,0.99,0.76,0.76,0.95,0,0.87,0,0.86,0,0.68,0.76,0.84,1.05,0.71,0.07
577.87,38,1,0.76,0.76,0.95,0,0.88,0,0.87,0,0.69,0.76,0.84,1.05,0.71,0.07
578.88,38,1,0.77,0.76,0.96,0,0.89,0,0.87,0,0.69,0.76,0.86,1.05,0.72,0.08
579.88,38,1,0.77,0.76,0.96,0,0.89,0,0.87,0,0.69,0.76,0.86,1.05,0.72,0.08
580.88,38,1,0.77,0.76,0.96,0,0.89,0,0.88,0,0.7,0.76,0.86,1.06,0.72,0.07
581.88,38,1,0.77,0.76,0.96,0,0.88,0,0.87,0,0.69,0.76,0.86,1.05,0.72,0.07
582.9,38,1,0.77,0.76,0.96,0,0.89,0,0.88,0,0.69,0.76,0.86,1.06,0.72,0.08
583.9,38,1.01,0.77,0.76,0.96,0,0.89,0,0.88,0,0.7,0.77,0.86,1.05,0.72,0.08
584.9,38,1,0.77,0.76,0.96,0,0.88,0,0.87,0,0.69,0.76,0.86,1.05,0.72,0.07
585.9,38,1,0.77,0.76,0.96,0,0.88,0,0.88,0,0.69,0.76,0.86,1.05,0.72,0.08
586.9,38,1,0.77,0.76,0.96,0,0.89,0,0.88,0,0.69,0.76,0.86,1.05,0.72,0.07
587.92,38,1,0.77,0.77,0.96,0,0.89,0,0.87,0,0.69,0.77,0.86,1.05,0.72,0.07
588.92,38,1,0.76,0.76,0.95,0,0.88,0,0.86,0,0.69,0.76,0.85,1.05,0.71,0.07
589.92,38,1,0.77,0.77,0.96,0,0.89,0,0.88,0,0.69,0.76,0.86,1.06,0.72,0.08
590.92,38,1,0.77,0.76,0.95,0,0.88,0,0.86,0,0.69,0.76,0.86,1.05,0.72,0.07
591.92,38,1,0.77,0.76,0.96,0,0.88,0,0.87,0,0.69,0.76,0.86,1.05,0.72,0.08
592.92,38,1,0.76,0.76,0.96,0,0.88,0,0.87,0,0.69,0.76,0.86,1.05,0.72,0.07
593.93,38,1.01,0.76,0.76,0.96,0,0.89,0,0.88,0,0.69,0.76,0.86,1.05,0.72,0.08
594.93,38,1,0.77,0.77,0.96,0,0.89,0,0.88,0,0.69,0.76,0.86,1.07,0.72,0.08
595.93,38,1,0.77,0.76,0.96,0,0.88,0,0.88,0,0.69,0.77,0.86,1.05,0.72,0.08
596.93,38,0.96,0.77,0.76,0.96,0,0.88,0,0.87,0,0.69,0.76,0.86,1.05,0.71,0.07
597.95,38,1,0.77,0.76,0.96,0,0.89,0,0.87,0,0.69,0.76,0.86,1.06,0.71,0.07
598.95,38,1,0.77,0.76,0.95,0,0.89,0,0.88,0,0.69,0.76,0.86,1.05,0.72,0.08
599.95,38,0.98,0.76,0.76,0.95,0,0.88,0,0.87,0,0.69,0.76,0.85,1.05,0.71,0.07
600.95,38,1,0.77,0.76,0.95,0,0.88,0,0.88,0,0.69,0.76,0.85,1.05,0.72,0.07
601.95,38,0.98,0.77,0.76,0.96,0,0.88,0,0.87,0,0.69,0.76,0.86,1.05,0.72,0.07
602.95,38,1,0.77,0.76,0.97,0,0.89,0,0.88,0,0.69,0.76,0.87,1.05,0.72,0.08
603.97,38,1,0.77,0.76,0.96,0,0.89,0,0.88,0,0.69,0.76,0.86,1.05,0.72,0.07
604.97,38,1,0.76,0.76,0.95,0,0.88,0,0.87,0,0.69,0.76,0.86,1.05,0.72,0.08
605.97,38,1.01,0.77,0.76,0.96,0,0.89,0,0.88,0,0.69,0.77,0.86,1.05,0.72,0.08
606.97,38,0.99,0.76,0.76,0.95,0,0.88,0,0.88,0,0.69,0.76,0.86,1.05,0.72,0.07
607.97,38,0.98,0.76,0.76,0.96,0,0.88,0,0.87,0,0.69,0.76,0.86,1.05,0.72,0.07
608.98,38,1,0.77,0.76,0.96,0,0.88,0,0.87,0,0.69,0.76,0.86,1.05,0.72,0.07
609.98,38,0.99,0.77,0.76,0.95,0,0.88,0,0.87,0,0.69,0.76,0.86,1.05,0.72,0.07
610.98,38,0.96,0.77,0.76,0.96,0,0.88,0,0.87,0,0.69,0.76,0.86,1.05,0.71,0.07
611.98,38,0.96,0.76,0.76,0.95,0,0.88,0,0.87,0,0.69,0.76,0.86,1.05,0.71,0.07
612.98,38,0.98,0.77,0.76,0.96,0,0.89,0,0.88,0,0.69,0.76,0.86,1.05,0.72,0.07
614,38,1,0.77,0.76,0.96,0,0.89,0,0.87,0,0.69,0.76,0.86,1.05,0.71,0.08
615,38,1,0.77,0.76,0.96,0,0.89,0,0.88,0,0.69,0.76,0.86,1.06,0.72,0.08
616,38,1,0.77,0.76,0.96,0,0.89,0,0.88,0,0.69,0.76,0.86,1.05,0.72,0.07
617,38,0.98,0.77,0.76,0.95,0,0.88,0,0.87,0,0.68,0.76,0.86,1.05,0.72,0.07
618,38,1,0.77,0.76,0.96,0,0.89,0,0.88,0,0.69,0.77,0.86,1.06,0.72,0.08
619,38,1,0.77,0.76,0.95,0,0.88,0,0.88,0,0.69,0.76,0.86,1.05,0.72,0.08
620,38,0.99,0.76,0.76,0.95,0,0.88,0,0.86,0,0.69,0.76,0.85,1.05,0.71,0.07
621,38,1,0.77,0.76,0.96,0,0.89,0,0.88,0,0.69,0.76,0.86,1.05,0.72,0.07
622,38,0.98,0.77,0.76,0.96,0,0.88,0,0.88,0,0.69,0.76,0.86,1.05,0.72,0.08
623,38,1,0.77,0.76,0.96,0,0.89,0,0.88,0,0.69,0.76,0.86,1.05,0.72,0.08
624.02,38,1,0.76,0.76,0.95,0,0.88,0,0.87,0,0.69,0.76,0.86,1.06,0.72,0.08
625.02,38,1,0.77,0.76,0.96,0,0.88,0,0.87,0,0.69,0.76,0.86,1.05,0.71,0.07
626.02,38,1,0.77,0.76,0.96,0,0.89,0,0.87,0,0.69,0.76,0.86,1.06,0.72,0.07
627.02,38,1,0.77,0.76,0.96,0,0.89,0,0.88,0,0.7,0.76,0.86,1.06,0.72,0.08
628.02,38,1,0.76,0.76,0.96,0,0.89,0,0.88,0,0.69,0.76,0.86,1.06,0.72,0.08
629.02,38,1,0.78,0.77,0.96,0,0.89,0,0.88,0,0.7,0.77,0.87,1.06,0.72,0.08
630.03,38,1,0.77,0.76,0.96,0,0.88,0,0.88,0,0.69,0.75,0.85,1.05,0.71,0.07
631.03,38,1,0.77,0.76,0.95,0,0.89,0,0.88,0,0.69,0.76,0.86,1.06,0.72,0.08
632.03,38,1,0.77,0.76,0.96,0,0.89,0,0.88,0,0.69,0.76,0.86,1.06,0.72,0.08
633.03,38,1,0.77,0.76,0.95,0,0.88,0,0.86,0,0.69,0.76,0.86,1.05,0.71,0.07
634.03,38,0.98,0.77,0.76,0.96,0,0.89,0,0.88,0,0.69,0.76,0.86,1.05,0.72,0.08
635.03,38,1,0.77,0.77,0.96,0,0.88,0,0.88,0,0.7,0.77,0.86,1.05,0.72,0.08
636.03,38,1,0.77,0.76,0.96,0,0.88,0,0.87,0,0.69,0.76,0.86,1.06,0.72,0.08
637.03,38,1,0.77,0.76,0.95,0,0.89,0,0.88,0,0.69,0.76,0.85,1.05,0.72,0.07
638.05,38,1,0.77,0.76,0.95,0,0.89,0,0.87,0,0.69,0.76,0.86,1.06,0.72,0.07
639.05,38,1,0.77,0.76,0.96,0,0.89,0,0.87,0,0.69,0.76,0.86,1.05,0.72,0.07
640.05,38,1,0.77,0.76,0.95,0,0.88,0,0.87,0,0.69,0.76,0.86,1.05,0.71,0.07
641.05,38,1,0.77,0.76,0.95,0,0.88,0,0.87,0,0.69,0.76,0.86,1.05,0.71,0.07
642.05,38,0.99,0.76,0.76,0.95,0,0.88,0,0.87,0,0.69,0.76,0.86,1.05,0.72,0.07
643.07,38,1,0.77,0.76,0.96,0,0.88,0,0.87,0,0.7,0.76,0.86,1.05,0.72,0.07
644.07,38,1,0.77,0.76,0.95,0,0.89,0,0.87,0,0.69,0.76,0.85,1.05,0.72,0.07
645.07,38,1,0.77,0.76,0.95,0,0.89,0,0.87,0,0.69,0.76,0.86,1.05,0.72,0.08
646.07,38,1,0.77,0.76,0.96,0,0.89,0,0.87,0,0.69,0.76,0.86,1.05,0.72,0.08
647.07,38,1,0.77,0.76,0.96,0,0.88,0,0.87,0,0.69,0.76,0.86,1.05,0.72,0.08
648.07,38,1,0.77,0.76,0.95,0,0.88,0,0.87,0,0.69,0.76,0.85,1.05,0.72,0.07
649.07,38,1,0.77,0.75,0.96,0,0.88,0,0.86,0,0.69,0.75,0.85,1.05,0.71,0.07
650.08,38,1,0.77,0.76,0.95,0,0.89,0,0.88,0,0.69,0.76,0.86,1.05,0.72,0.07
651.08,38,1,0.77,0.76,0.96,0,0.89,0,0.88,0,0.69,0.76,0.86,1.06,0.72,0.07
652.08,38,1,0.77,0.76,0.95,0,0.89,0,0.88,0,0.69,0.76,0.86,1.06,0.71,0.08
653.08,38,1,0.77,0.76,0.96,0,0.88,0,0.87,0,0.69,0.76,0.86,1.05,0.72,0.07
654.08,38,1,0.77,0.76,0.95,0,0.89,0,0.88,0,0.7,0.76,0.86,1.06,0.72,0.08
655.08,38,0.98,0.76,0.76,0.95,0,0.89,0,0.87,0,0.69,0.76,0.86,1.05,0.72,0.07
656.08,38,1,0.77,0.76,0.96,0,0.88,0,0.88,0,0.69,0.76,0.86,1.06,0.72,0.07
657.1,38,0.99,0.77,0.76,0.96,0,0.88,0,0.87,0,0.69,0.76,0.86,1.05,0.72,0.07
658.1,38,1,0.77,0.76,0.95,0,0.89,0,0.86,0,0.69,0.76,0.86,1.05,0.71,0.07
659.1,38,1.01,0.77,0.77,0.96,0,0.89,0,0.88,0,0.69,0.76,0.86,1.06,0.72,0.08
660.1,38,1,0.77,0.76,0.95,0,0.88,0,0.86,0,0.68,0.76,0.86,1.05,0.71,0.07
661.1,38,0.96,0.76,0.76,0.95,0,0.88,0,0.87,0,0.69,0.76,0.85,1.05,0.71,0.07
662.1,38,0.96,0.76,0.76,0.95,0,0.88,0,0.87,0,0.69,0.76,0.86,1.05,0.71,0.07
663.12,38,0.96,0.77,0.75,0.95,0,0.88,0,0.87,0,0.69,0.76,0.86,1.05,0.71,0.07
664.12,38,1,0.76,0.76,0.95,0,0.88,0,0.88,0,0.69,0.75,0.86,1.05,0.71,0.07
665.12,38,1,0.77,0.76,0.96,0,0.88,0,0.88,0,0.69,0.76,0.86,1.05,0.72,0.07
666.12,38,1,0.76,0.76,0.95,0,0.88,0,0.88,0,0.69,0.76,0.86,1.05,0.72,0.07
667.12,38,0.96,0.76,0.76,0.95,0,0.88,0,0.87,0,0.69,0.76,0.85,1.05,0.72,0.07
668.13,38,1,0.77,0.76,0.96,0,0.88,0,0.88,0,0.69,0.76,0.86,1.05,0.72,0.08
669.13,38,1,0.77,0.76,0.95,0,0.88,0,0.87,0,0.7,0.76,0.86,1.05,0.72,0.07
670.13,38,1,0.77,0.76,0.95,0,0.88,0,0.88,0,0.69,0.76,0.86,1.05,0.72,0.07
671.13,38,1,0.77,0.76,0.95,0,0.88,0,0.88,0,0.69,0.76,0.86,1.06,0.72,0.07
672.15,38,0.98,0.77,0.76,0.95,0,0.88,0,0.87,0,0.69,0.76,0.86,1.05,0.71,0.07
673.15,38,1,0.77,0.76,0.96,0,0.89,0,0.88,0,0.69,0.76,0.86,1.06,0.72,0.08
674.15,38,1,0.77,0.76,0.96,0,0.88,0,0.88,0,0.69,0.76,0.86,1.05,0.72,0.07
675.15,38,0.96,0.77,0.76,0.96,0,0.89,0,0.88,0,0.69,0.76,0.86,1.05,0.72,0.07
676.15,38,0.96,0.76,0.75,0.95,0,0.88,0,0.87,0,0.69,0.76,0.86,1.05,0.71,0.07
677.17,38,1,0.76,0.76,0.95,0,0.88,0,0.87,0,0.69,0.76,0.86,1.05,0.72,0.07
678.17,38,1.01,0.77,0.77,0.96,0,0.88,0,0.88,0,0.7,0.76,0.86,1.05,0.72,0.08
679.17,38,1,0.77,0.76,0.96,0,0.89,0,0.87,0,0.69,0.76,0.86,1.05,0.71,0.07
680.17,38,1.01,0.77,0.76,0.96,0,0.89,0,0.88,0,0.69,0.76,0.86,1.05,0.72,0.08
681.18,38,1,0.78,0.77,0.96,0,0.89,0,0.88,0,0.7,0.77,0.87,1.06,0.72,0.08
682.18,38,1,0.77,0.76,0.96,0,0.88,0,0.88,0,0.69,0.76,0.86,1.05,0.72,0.08
683.18,38,1,0.76,0.76,0.95,0,0.88,0,0.86,0,0.68,0.75,0.84,1.05,0.71,0.07
684.18,38,1,0.77,0.76,0.96,0,0.89,0,0.88,0,0.69,0.76,0.86,1.05,0.72,0.07
685.2,38,1,0.77,0.76,0.96,0,0.88,0,0.87,0,0.69,0.76,0.86,1.05,0.72,0.07
686.2,38,1.01,0.77,0.76,0.96,0,0.89,0,0.88,0,0.7,0.76,0.86,1.06,0.72,0.08
687.2,38,0.98,0.77,0.76,0.95,0,0.87,0,0.87,0,0.69,0.75,0.85,1.05,0.72,0.07
688.2,38,1.01,0.77,0.77,0.97,0,0.9,0,0.89,0,0.71,0.77,0.88,1.07,0.72,0.09
689.2,38,0.97,0.76,0.76,0.95,0,0.89,0,0.87,0,0.69,0.75,0.86,1.05,0.71,0.07
690.22,38,0.96,0.76,0.76,0.95,0,0.88,0,0.87,0,0.68,0.76,0.85,1.05,0.71,0.07
691.22,38,1,0.77,0.76,0.96,0,0.88,0,0.88,0,0.69,0.76,0.85,1.05,0.71,0.07
692.23,38,0.96,0.76,0.76,0.96,0,0.88,0,0.87,0,0.68,0.76,0.85,1.05,0.71,0.07
693.23,38,0.98,0.77,0.76,0.95,0,0.88,0,0.87,0,0.69,0.76,0.86,1.05,0.72,0.07
694.23,38,1,0.77,0.76,0.95,0,0.89,0,0.87,0,0.69,0.76,0.86,1.05,0.72,0.07
695.23,38,1,0.77,0.76,0.96,0,0.88,0,0.87,0,0.69,0.75,0.86,1.05,0.71,0.07
696.23,38,1,0.77,0.76,0.96,0,0.88,0,0.88,0,0.69,0.76,0.86,1.05,0.72,0.07
697.25,38,1,0.76,0.77,0.95,0,0.88,0,0.88,0,0.69,0.76,0.86,1.05,0.72,0.07
698.25,38,1,0.76,0.76,0.95,0,0.88,0,0.87,0,0.69,0.76,0.86,1.06,0.72,0.07
699.25,38,1,0.77,0.76,0.95,0,0.88,0,0.88,0,0.69,0.76,0.86,1.05,0.71,0.07
700.27,38,1,0.76,0.76,0.96,0,0.89,0,0.87,0,0.69,0.76,0.86,1.05,0.72,0.07
701.27,38,1,0.77,0.76,0.96,0,0.88,0,0.88,0,0.68,0.76,0.86,1.05,0.72,0.07
702.27,38,1,0.77,0.76,0.96,0,0.88,0,0.87,0,0.69,0.76,0.86,1.05,0.72,0.07
703.27,38,1,0.76,0.76,0.95,0,0.88,0,0.87,0,0.69,0.76,0.86,1.05,0.72,0.07
704.28,38,0.99,0.76,0.76,0.95,0,0.88,0,0.87,0,0.67,0.75,0.85,1.05,0.71,0.07
705.28,38,0.97,0.77,0.76,0.95,0,0.88,0,0.86,0,0.69,0.76,0.86,1.05,0.72,0.07
706.28,38,1,0.77,0.76,0.96,0,0.88,0,0.88,0,0.69,0.76,0.86,1.05,0.72,0.08
707.28,38,1,0.77,0.76,0.96,0,0.88,0,0.87,0,0.69,0.76,0.86,1.05,0.71,0.07
708.28,38,1,0.77,0.76,0.95,0,0.88,0,0.87,0,0.69,0.76,0.85,1.05,0.71,0.07
709.3,38,1,0.76,0.76,0.95,0,0.88,0,0.86,0,0.68,0.75,0.85,1.04,0.71,0.07
710.3,38,1,0.77,0.76,0.95,0,0.88,0,0.87,0,0.69,0.76,0.86,1.05,0.71,0.07
711.3,38,1,0.76,0.76,0.95,0,0.88,0,0.87,0,0.69,0.76,0.86,1.05,0.71,0.07
712.3,38,0.99,0.76,0.75,0.94,0,0.87,0,0.87,0,0.68,0.75,0.84,1.05,0.71,0.06
713.3,38,1,0.77,0.76,0.95,0,0.88,0,0.86,0,0.69,0.76,0.85,1.05,0.71,0.07
714.3,38,0.99,0.76,0.76,0.95,0,0.88,0,0.86,0,0.68,0.75,0.85,1.05,0.71,0.07
715.32,38,1,0.77,0.76,0.95,0,0.88,0,0.88,0,0.69,0.76,0.86,1.05,0.72,0.07
716.32,38,0.99,0.77,0.76,0.95,0,0.88,0,0.87,0,0.68,0.76,0.86,1.05,0.72,0.07
717.32,38,1,0.76,0.76,0.95,0,0.88,0,0.87,0,0.69,0.76,0.85,1.05,0.71,0.07
718.32,38,0.99,0.76,0.75,0.94,0,0.87,0,0.86,0,0.68,0.76,0.85,1.05,0.71,0.07
719.32,38,0.99,0.76,0.75,0.95,0,0.88,0,0.86,0,0.68,0.75,0.85,1.04,0.71,0.07
720.33,38,0.99,0.76,0.76,0.95,0,0.88,0,0.87,0,0.68,0.76,0.85,1.05,0.71,0.07
721.33,38,1,0.76,0.76,0.95,0,0.88,0,0.87,0,0.69,0.75,0.86,1.05,0.72,0.07
722.33,38,0.99,0.76,0.76,0.95,0,0.88,0,0.87,0,0.68,0.76,0.86,1.05,0.71,0.07
723.33,38,0.98,0.76,0.76,0.95,0,0.87,0,0.86,0,0.69,0.75,0.85,1.05,0.71,0.07
724.35,38,1,0.76,0.75,0.95,0,0.88,0,0.86,0,0.68,0.75,0.85,1.05,0.71,0.07
725.35,38,1,0.77,0.76,0.95,0,0.88,0,0.87,0,0.69,0.76,0.86,1.05,0.72,0.07
726.35,38,1,0.77,0.76,0.95,0,0.88,0,0.87,0,0.69,0.76,0.86,1.05,0.71,0.08
727.35,38,0.99,0.76,0.75,0.95,0,0.88,0,0.86,0,0.68,0.76,0.85,1.05,0.71,0.07
728.35,38,0.99,0.77,0.76,0.96,0,0.88,0,0.87,0,0.69,0.76,0.86,1.05,0.72,0.07
729.37,38,1,0.76,0.76,0.95,0,0.88,0,0.87,0,0.69,0.76,0.86,1.05,0.72,0.07
730.37,38,1,0.76,0.76,0.96,0,0.88,0,0.88,0,0.69,0.76,0.86,1.05,0.71,0.07
731.37,38,1,0.77,0.76,0.95,0,0.88,0,0.87,0,0.69,0.76,0.86,1.05,0.72,0.07
732.37,38,1,0.76,0.76,0.95,0,0.87,0,0.88,0,0.69,0.76,0.86,1.05,0.71,0.07
733.37,38,1,0.76,0.76,0.95,0,0.88,0,0.86,0,0.68,0.76,0.85,1.05,0.71,0.07
734.38,38,0.99,0.76,0.76,0.95,0,0.87,0,0.86,0,0.68,0.75,0.85,1.04,0.7,0.06
735.38,38,1,0.76,0.76,0.95,0,0.88,0,0.87,0,0.69,0.76,0.86,1.05,0.71,0.07
736.38,38,1,0.76,0.76,0.95,0,0.88,0,0.86,0,0.69,0.76,0.86,1.05,0.72,0.07
737.38,38,1,0.77,0.76,0.95,0,0.88,0,0.87,0,0.68,0.76,0.86,1.05,0.71,0.07
738.38,38,0.99,0.76,0.76,0.95,0,0.88,0,0.86,0,0.68,0.76,0.85,1.05,0.71,0.07
739.4,38,0.99,0.76,0.75,0.95,0,0.88,0,0.86,0,0.69,0.75,0.85,1.05,0.71,0.07
740.4,38,0.95,0.76,0.75,0.95,0,0.87,0,0.87,0,0.69,0.75,0.86,1.05,0.71,0.07
741.4,38,1,0.76,0.76,0.95,0,0.88,0,0.87,0,0.69,0.76,0.86,1.05,0.72,0.08
742.4,38,0.99,0.76,0.76,0.95,0,0.88,0,0.87,0,0.68,0.76,0.86,1.05,0.71,0.07
743.4,38,0.98,0.76,0.76,0.95,0,0.88,0,0.88,0,0.69,0.76,0.86,1.06,0.72,0.08
744.4,38,0.99,0.77,0.76,0.95,0,0.88,0,0.86,0,0.69,0.76,0.86,1.05,0.72,0.07
745.42,38,1,0.76,0.76,0.95,0,0.88,0,0.86,0,0.69,0.76,0.86,1.05,0.71,0.07
746.42,38,1,0.77,0.76,0.95,0,0.88,0,0.87,0,0.69,0.76,0.86,1.05,0.71,0.08
747.42,38,1,0.76,0.76,0.95,0,0.88,0,0.87,0,0.69,0.76,0.85,1.05,0.71,0.07
748.42,38,0.95,0.76,0.76,0.95,0,0.88,0,0.87,0,0.69,0.75,0.85,1.05,0.72,0.07
749.43,38,1,0.77,0.76,0.96,0,0.88,0,0.88,0,0.69,0.76,0.85,1.05,0.72,0.07
750.43,38,1,0.77,0.76,0.96,0,0.88,0,0.87,0,0.69,0.76,0.85,1.05,0.71,0.08
751.43,38,1,0.77,0.76,0.96,0,0.88,0,0.88,0,0.69,0.76,0.86,1.06,0.72,0.08
752.43,38,0.99,0.77,0.77,0.95,0,0.89,0,0.87,0,0.69,0.76,0.86,1.06,0.72,0.08
753.43,38,1,0.77,0.76,0.95,0,0.88,0,0.88,0,0.69,0.76,0.86,1.05,0.72,0.08
754.45,38,1,0.77,0.76,0.96,0,0.88,0,0.88,0,0.69,0.76,0.86,1.06,0.72,0.08
755.45,38,1,0.76,0.76,0.95,0,0.88,0,0.87,0,0.69,0.76,0.86,1.05,0.72,0.07
756.45,38,0.97,0.77,0.76,0.95,0,0.88,0,0.87,0,0.69,0.76,0.86,1.05,0.71,0.07
757.45,38,1,0.77,0.76,0.96,0,0.88,0,0.88,0,0.69,0.76,0.86,1.05,0.72,0.08
758.45,38,1,0.76,0.76,0.96,0,0.89,0,0.87,0,0.69,0.76,0.86,1.05,0.72,0.07
759.47,38,1,0.77,0.76,0.96,0,0.89,0,0.87,0,0.69,0.76,0.86,1.05,0.72,0.07
760.47,38,1,0.77,0.76,0.95,0,0.88,0,0.87,0,0.69,0.76,0.86,1.05,0.71,0.07
761.47,38,1,0.76,0.76,0.95,0,0.89,0,0.87,0,0.69,0.76,0.86,1.05,0.72,0.07
762.47,38,1,0.77,0.76,0.95,0,0.89,0,0.88,0,0.69,0.76,0.86,1.05,0.72,0.07
763.47,38,0.98,0.77,0.76,0.95,0,0.88,0,0.87,0,0.69,0.76,0.86,1.05,0.71,0.07
764.47,38,1.01,0.77,0.76,0.96,0,0.89,0,0.87,0,0.69,0.76,0.86,1.05,0.72,0.08
765.48,38,1,0.77,0.76,0.95,0,0.88,0,0.87,0,0.68,0.76,0.86,1.05,0.72,0.08
766.48,38,1,0.77,0.76,0.95,0,0.89,0,0.87,0,0.69,0.76,0.86,1.05,0.71,0.07
767.48,38,0.96,0.77,0.76,0.95,0,0.88,0,0.87,0,0.69,0.76,0.86,1.05,0.72,0.07
768.48,38,1,0.77,0.77,0.96,0,0.89,0,0.88,0,0.7,0.76,0.86,1.06,0.72,0.07
769.48,38,1,0.77,0.76,0.95,0,0.89,0,0.87,0,0.69,0.76,0.86,1.05,0.72,0.07
770.48,38,0.97,0.76,0.76,0.95,0,0.88,0,0.87,0,0.69,0.76,0.86,1.05,0.71,0.07
771.5,38,1,0.77,0.76,0.96,0,0.88,0,0.87,0,0.69,0.76,0.86,1.05,0.72,0.07
772.5,38,0.99,0.76,0.74,0.95,0,0.88,0,0.86,0,0.69,0.74,0.84,1.05,0.71,0.06
773.5,38,1,0.76,0.76,0.96,0,0.88,0,0.87,0,0.69,0.76,0.85,1.05,0.72,0.07
774.5,38,0.99,0.76,0.75,0.94,0,0.88,0,0.86,0,0.68,0.74,0.85,1.05,0.71,0.06
775.52,38,0.98,0.76,0.75,0.95,0,0.88,0,0.87,0,0.69,0.76,0.86,1.05,0.71,0.07
776.52,38,1,0.76,0.75,0.95,0,0.88,0,0.86,0,0.68,0.75,0.85,1.04,0.71,0.07
777.52,38,1,0.76,0.76,0.96,0,0.88,0,0.87,0,0.69,0.76,0.86,1.05,0.71,0.07
778.52,38,0.99,0.76,0.76,0.95,0,0.88,0,0.86,0,0.68,0.75,0.85,1.04,0.71,0.07
779.53,38,0.98,0.76,0.76,0.95,0,0.88,0,0.88,0,0.68,0.76,0.85,1.05,0.71,0.07
780.53,38,1,0.76,0.75,0.95,0,0.88,0,0.86,0,0.69,0.75,0.85,1.03,0.71,0.06
781.53,38,1,0.77,0.76,0.95,0,0.87,0,0.87,0,0.69,0.76,0.85,1.05,0.71,0.07
782.53,38,1,0.76,0.76,0.95,0,0.88,0,0.87,0,0.69,0.76,0.86,1.05,0.72,0.08
783.53,38,1,0.76,0.76,0.95,0,0.88,0,0.87,0,0.69,0.76,0.86,1.05,0.71,0.07
784.55,38,0.99,0.76,0.75,0.95,0,0.88,0,0.86,0,0.68,0.75,0.85,1.05,0.71,0.06
785.55,38,1,0.77,0.76,0.96,0,0.88,0,0.86,0,0.69,0.76,0.86,1.05,0.72,0.07
786.55,38,1,0.77,0.76,0.96,0,0.88,0,0.87,0,0.69,0.76,0.86,1.05,0.72,0.08
787.55,38,0.99,0.77,0.76,0.95,0,0.88,0,0.87,0,0.69,0.76,0.86,1.05,0.72,0.07
788.55,38,0.96,0.76,0.76,0.95,0,0.88,0,0.87,0,0.69,0.76,0.86,1.05,0.72,0.07
789.57,38,1,0.76,0.76,0.95,0,0.88,0,0.87,0,0.68,0.76,0.86,1.05,0.71,0.07
790.57,38,0.99,0.76,0.75,0.95,0,0.87,0,0.86,0,0.68,0.75,0.85,1.05,0.71,0.07
791.57,38,0.98,0.77,0.76,0.96,0,0.88,0,0.88,0,0.69,0.76,0.86,1.05,0.72,0.07
792.57,38,0.99,0.77,0.76,0.95,0,0.88,0,0.88,0,0.68,0.76,0.85,1.05,0.71,0.07
793.57,38,1,0.76,0.75,0.95,0,0.87,0,0.86,0,0.68,0.76,0.85,1.05,0.71,0.07
794.57,38,0.98,0.76,0.75,0.94,0,0.88,0,0.86,0,0.67,0.75,0.84,1.04,0.71,0.06
795.58,38,1,0.76,0.76,0.95,0,0.88,0,0.87,0,0.69,0.76,0.86,1.05,0.71,0.07
796.58,38,1,0.77,0.76,0.95,0,0.88,0,0.88,0,0.69,0.76,0.86,1.06,0.72,0.07
797.58,38,0.99,0.76,0.76,0.95,0,0.88,0,0.87,0,0.68,0.75,0.86,1.05,0.72,0.07
798.58,38,1,0.76,0.76,0.96,0,0.88,0,0.87,0,0.69,0.76,0.85,1.05,0.72,0.07
799.6,38,0.95,0.76,0.76,0.95,0,0.88,0,0.86,0,0.68,0.75,0.85,1.04,0.72,0.07
800.6,38,0.99,0.76,0.75,0.95,0,0.88,0,0.86,0,0.68,0.75,0.85,1.05,0.71,0.07
801.6,38,0.96,0.76,0.76,0.95,0,0.88,0,0.86,0,0.69,0.76,0.86,1.05,0.71,0.07
802.6,38,1,0.76,0.76,0.95,0,0.88,0,0.87,0,0.69,0.75,0.85,1.05,0.71,0.07
803.6,38,1,0.76,0.76,0.95,0,0.88,0,0.86,0,0.69,0.76,0.86,1.04,0.72,0.07
804.6,38,1,0.77,0.76,0.96,0,0.88,0,0.87,0,0.69,0.76,0.85,1.05,0.72,0.07
805.62,38,0.98,0.77,0.76,0.95,0,0.88,0,0.88,0,0.69,0.76,0.86,1.05,0.71,0.07
806.62,38,1,0.77,0.76,0.95,0,0.88,0,0.87,0,0.69,0.76,0.86,1.06,0.71,0.08
807.62,38,0.99,0.76,0.76,0.94,0,0.87,0,0.86,0,0.68,0.75,0.85,1.05,0.71,0.06
808.62,38,1,0.77,0.76,0.95,0,0.88,0,0.86,0,0.69,0.75,0.86,1.05,0.71,0.07
809.62,38,0.96,0.76,0.76,0.95,0,0.88,0,0.86,0,0.69,0.75,0.85,1.05,0.71,0.07
810.63,38,1,0.76,0.76,0.96,0,0.88,0,0.87,0,0.69,0.76,0.86,1.05,0.72,0.07
811.63,38,0.96,0.77,0.76,0.95,0,0.88,0,0.87,0,0.69,0.76,0.85,1.05,0.71,0.07
812.63,38,0.96,0.77,0.76,0.96,0,0.88,0,0.87,0,0.69,0.75,0.85,1.05,0.72,0.07
813.63,38,0.97,0.77,0.76,0.95,0,0.88,0,0.87,0,0.69,0.76,0.85,1.06,0.72,0.08
814.63,38,0.96,0.77,0.76,0.96,0,0.88,0,0.87,0,0.69,0.76,0.86,1.05,0.72,0.07
815.65,38,1,0.77,0.77,0.96,0,0.88,0,0.88,0,0.69,0.76,0.86,1.06,0.72,0.07
816.65,38,0.97,0.76,0.76,0.95,0,0.88,0,0.87,0,0.68,0.76,0.84,1.05,0.71,0.07
817.65,38,1,0.76,0.76,0.95,0,0.89,0,0.88,0,0.69,0.76,0.86,1.05,0.72,0.07
818.65,38,1,0.77,0.76,0.95,0,0.88,0,0.87,0,0.69,0.76,0.86,1.05,0.72,0.07
819.65,38,1,0.76,0.76,0.95,0,0.88,0,0.87,0,0.69,0.76,0.86,1.05,0.71,0.07
820.65,38,0.96,0.76,0.75,0.95,0,0.88,0,0.86,0,0.69,0.75,0.86,1.05,0.71,0.07
821.65,38,1,0.77,0.76,0.95,0,0.89,0,0.87,0,0.69,0.76,0.86,1.05,0.72,0.07
822.65,38,1,0.77,0.76,0.95,0,0.88,0,0.86,0,0.69,0.76,0.86,1.05,0.71,0.07
823.65,38,1,0.76,0.75,0.95,0,0.88,0,0.86,0,0.68,0.75,0.85,1.05,0.71,0.07
824.65,38,1,0.76,0.75,0.95,0,0.88,0,0.86,0,0.69,0.75,0.86,1.05,0.72,0.07
825.67,38,1,0.77,0.77,0.96,0,0.88,0,0.88,0,0.69,0.76,0.86,1.06,0.72,0.08
826.67,38,0.98,0.77,0.76,0.95,0,0.88,0,0.87,0,0.69,0.76,0.86,1.05,0.72,0.07
827.67,38,0.99,0.76,0.76,0.95,0,0.88,0,0.87,0,0.69,0.76,0.86,1.05,0.72,0.07
828.68,38,1,0.77,0.77,0.95,0,0.88,0,0.87,0,0.69,0.76,0.85,1.05,0.72,0.07
829.68,38,0.96,0.77,0.76,0.95,0,0.88,0,0.87,0,0.68,0.76,0.85,1.05,0.72,0.07
830.68,38,0.99,0.77,0.76,0.95,0,0.88,0,0.86,0,0.69,0.76,0.85,1.05,0.72,0.07
831.68,38,1,0.77,0.76,0.95,0,0.89,0,0.87,0,0.69,0.76,0.85,1.05,0.71,0.08
832.68,38,1,0.77,0.77,0.95,0,0.88,0,0.87,0,0.69,0.76,0.86,1.05,0.72,0.07
833.68,38,1,0.78,0.76,0.96,0,0.89,0,0.88,0,0.69,0.76,0.86,1.06,0.72,0.08
834.68,38,1,0.77,0.76,0.96,0,0.88,0,0.87,0,0.69,0.76,0.86,1.05,0.72,0.07
835.7,38,1,0.77,0.77,0.96,0,0.89,0,0.88,0,0.69,0.76,0.86,1.06,0.72,0.07
836.7,38,1,0.77,0.76,0.95,0,0.88,0,0.87,0,0.69,0.76,0.86,1.05,0.71,0.07
837.7,38,1,0.77,0.77,0.96,0,0.89,0,0.88,0,0.69,0.76,0.86,1.05,0.72,0.08
838.7,38,1,0.77,0.76,0.95,0,0.88,0,0.87,0,0.68,0.76,0.86,1.05,0.71,0.07
839.72,38,1,0.77,0.76,0.95,0,0.88,0,0.87,0,0.69,0.76,0.86,1.05,0.72,0.07
840.72,38,1,0.77,0.76,0.95,0,0.88,0,0.87,0,0.69,0.76,0.86,1.05,0.72,0.07
841.73,38,1,0.77,0.76,0.96,0,0.89,0,0.88,0,0.69,0.76,0.86,1.05,0.72,0.08
842.73,38,1,0.76,0.76,0.95,0,0.88,0,0.88,0,0.69,0.76,0.86,1.05,0.71,0.07
843.73,38,1,0.77,0.76,0.96,0,0.88,0,0.87,0,0.69,0.76,0.86,1.05,0.72,0.07
844.75,38,0.95,0.76,0.76,0.95,0,0.88,0,0.87,0,0.69,0.76,0.86,1.05,0.71,0.07
845.75,38,1.01,0.77,0.76,0.95,0,0.88,0,0.88,0,0.69,0.76,0.86,1.06,0.72,0.07
846.75,38,0.98,0.76,0.76,0.96,0,0.88,0,0.88,0,0.69,0.76,0.86,1.05,0.72,0.07
847.77,38,1.01,0.77,0.76,0.95,0,0.89,0,0.88,0,0.69,0.76,0.86,1.06,0.72,0.08
848.77,38,1,0.77,0.76,0.95,0,0.88,0,0.88,0,0.69,0.76,0.86,1.05,0.72,0.07
849.77,38,1,0.76,0.76,0.95,0,0.88,0,0.88,0,0.69,0.76,0.86,1.05,0.72,0.07
850.78,38,1.01,0.78,0.77,0.96,0,0.89,0,0.88,0,0.7,0.77,0.86,1.07,0.72,0.08
851.78,38,0.98,0.76,0.76,0.95,0,0.88,0,0.87,0,0.69,0.76,0.86,1.05,0.72,0.07
852.78,38,1.01,0.76,0.77,0.95,0,0.89,0,0.88,0,0.69,0.76,0.86,1.05,0.72,0.08
853.78,38,1,0.77,0.76,0.96,0,0.88,0,0.87,0,0.7,0.76,0.86,1.05,0.72,0.07
854.8,38,1,0.77,0.76,0.95,0,0.88,0,0.86,0,0.69,0.76,0.86,1.05,0.71,0.07
855.8,38,1,0.76,0.76,0.95,0,0.88,0,0.87,0,0.69,0.76,0.86,1.05,0.71,0.07
856.8,38,1,0.77,0.76,0.96,0,0.88,0,0.87,0,0.69,0.76,0.86,1.05,0.71,0.07
857.8,38,1,0.76,0.76,0.95,0,0.87,0,0.87,0,0.68,0.75,0.86,1.05,0.71,0.07
858.8,38,1,0.77,0.76,0.95,0,0.88,0,0.88,0,0.69,0.76,0.86,1.05,0.71,0.07
859.82,38,1,0.77,0.76,0.95,0,0.88,0,0.86,0,0.69,0.76,0.86,1.06,0.72,0.07
860.82,38,1,0.77,0.76,0.96,0,0.89,0,0.88,0,0.69,0.76,0.86,1.05,0.72,0.07
861.82,38,1,0.77,0.76,0.96,0,0.88,0,0.88,0,0.69,0.76,0.86,1.06,0.72,0.08
862.82,38,1,0.77,0.77,0.96,0,0.89,0,0.88,0,0.69,0.76,0.86,1.05,0.72,0.08
863.82,38,1,0.77,0.77,0.95,0,0.88,0,0.87,0,0.69,0.76,0.86,1.06,0.72,0.07
864.83,38,1,0.76,0.75,0.95,0,0.88,0,0.86,0,0.68,0.75,0.86,1.05,0.72,0.06
865.83,38,0.97,0.77,0.76,0.95,0,0.88,0,0.88,0,0.68,0.76,0.86,1.05,0.72,0.08
866.83,38,1,0.77,0.76,0.95,0,0.88,0,0.88,0,0.69,0.76,0.86,1.06,0.72,0.08
867.83,38,0.99,0.76,0.75,0.95,0,0.87,0,0.86,0,0.67,0.75,0.85,1.04,0.71,0.07
868.83,38,1,0.76,0.76,0.95,0,0.88,0,0.87,0,0.69,0.76,0.86,1.05,0.72,0.08
869.83,38,0.98,0.77,0.77,0.95,0,0.88,0,0.88,0,0.69,0.76,0.85,1.05,0.72,0.07
870.83,38,0.95,0.76,0.76,0.95,0,0.88,0,0.87,0,0.69,0.76,0.85,1.05,0.71,0.07
871.83,38,1,0.76,0.76,0.95,0,0.88,0,0.86,0,0.69,0.76,0.85,1.05,0.71,0.07
872.83,38,1,0.76,0.76,0.95,0,0.88,0,0.87,0,0.69,0.76,0.85,1.05,0.71,0.07
873.85,38,1,0.77,0.76,0.95,0,0.89,0,0.88,0,0.69,0.76,0.86,1.05,0.72,0.07
874.85,38,1,0.77,0.77,0.96,0,0.89,0,0.88,0,0.7,0.76,0.86,1.06,0.72,0.08
875.85,38,0.96,0.77,0.76,0.95,0,0.89,0,0.87,0,0.68,0.76,0.85,1.05,0.71,0.07
876.85,38,1,0.76,0.76,0.95,0,0.88,0,0.86,0,0.68,0.76,0.86,1.05,0.71,0.07
877.85,38,1,0.77,0.76,0.96,0,0.88,0,0.88,0,0.69,0.76,0.86,1.05,0.72,0.07
878.85,38,0.97,0.77,0.76,0.95,0,0.88,0,0.87,0,0.69,0.76,0.86,1.05,0.71,0.08
879.87,38,1,0.76,0.76,0.95,0,0.89,0,0.87,0,0.69,0.76,0.86,1.05,0.72,0.07
880.87,38,1,0.76,0.76,0.95,0,0.88,0,0.87,0,0.68,0.76,0.86,1.05,0.71,0.07
881.87,38,1,0.76,0.76,0.96,0,0.88,0,0.88,0,0.69,0.76,0.86,1.05,0.72,0.07
882.88,38,0.98,0.76,0.76,0.95,0,0.88,0,0.87,0,0.68,0.76,0.86,1.04,0.72,0.07
883.88,38,0.98,0.77,0.76,0.96,0,0.89,0,0.87,0,0.69,0.76,0.86,1.05,0.72,0.07
884.88,38,1,0.77,0.76,0.95,0,0.88,0,0.87,0,0.69,0.76,0.86,1.05,0.72,0.07
885.88,38,0.95,0.76,0.76,0.94,0,0.88,0,0.86,0,0.68,0.75,0.86,1.04,0.71,0.07
886.9,38,1,0.76,0.76,0.95,0,0.88,0,0.87,0,0.69,0.76,0.86,1.05,0.72,0.07
887.9,38,1,0.76,0.76,0.95,0,0.88,0,0.86,0,0.68,0.75,0.85,1.04,0.71,0.07
888.9,38,1,0.77,0.76,0.95,0,0.88,0,0.87,0,0.69,0.76,0.86,1.05,0.71,0.07
889.9,38,1,0.76,0.76,0.95,0,0.88,0,0.88,0,0.68,0.76,0.85,1.05,0.71,0.06
890.9,38,1,0.76,0.75,0.95,0,0.88,0,0.87,0,0.69,0.76,0.85,1.04,0.71,0.06
891.92,38,0.99,0.76,0.76,0.95,0,0.88,0,0.86,0,0.67,0.75,0.85,1.05,0.71,0.07
892.92,38,1,0.77,0.76,0.95,0,0.88,0,0.87,0,0.69,0.76,0.85,1.05,0.71,0.07
893.92,38,1,0.76,0.76,0.95,0,0.88,0,0.87,0,0.68,0.76,0.85,1.05,0.71,0.07
894.92,38,1,0.76,0.76,0.96,0,0.87,0,0.86,0,0.67,0.76,0.85,1.05,0.71,0.07
895.93,38,1,0.77,0.76,0.95,0,0.88,0,0.87,0,0.69,0.76,0.86,1.05,0.71,0.07
896.93,38,0.98,0.77,0.76,0.95,0,0.88,0,0.87,0,0.68,0.76,0.85,1.05,0.71,0.07
897.93,38,1,0.76,0.76,0.95,0,0.88,0,0.87,0,0.68,0.76,0.86,1.05,0.71,0.07
898.93,38,0.97,0.77,0.76,0.95,0,0.88,0,0.87,0,0.69,0.76,0.86,1.05,0.72,0.07
899.95,38,1,0.77,0.76,0.95,0,0.88,0,0.87,0,0.69,0.76,0.86,1.05,0.72,0.08
900.95,38,0.96,0.76,0.75,0.95,0,0.88,0,0.86,0,0.68,0.76,0.85,1.05,0.71,0.07
901.95,38,0.99,0.76,0.75,0.94,0,0.88,0,0.86,0,0.68,0.75,0.85,1.04,0.71,0.07
902.95,38,0.99,0.77,0.76,0.95,0,0.89,0,0.87,0,0.69,0.76,0.86,1.05,0.71,0.07
903.95,38,0.98,0.76,0.76,0.95,0,0.88,0,0.86,0,0.69,0.75,0.85,1.04,0.71,0.07
904.97,38,1,0.77,0.76,0.96,0,0.88,0,0.87,0,0.69,0.76,0.85,1.05,0.71,0.08
905.97,38,1,0.77,0.76,0.95,0,0.88,0,0.86,0,0.69,0.76,0.85,1.05,0.71,0.07
906.97,38,0.96,0.76,0.76,0.95,0,0.88,0,0.86,0,0.68,0.75,0.85,1.05,0.71,0.07
907.97,38,1,0.77,0.76,0.95,0,0.88,0,0.87,0,0.69,0.75,0.86,1.05,0.72,0.07
908.97,38,1,0.77,0.76,0.95,0,0.88,0,0.86,0,0.69,0.75,0.85,1.04,0.71,0.07
909.97,38,0.96,0.77,0.76,0.96,0,0.89,0,0.87,0,0.69,0.76,0.85,1.05,0.72,0.07
910.98,38,1,0.77,0.76,0.96,0,0.88,0,0.88,0,0.69,0.76,0.86,1.05,0.72,0.07
911.98,38,0.98,0.77,0.76,0.95,0,0.88,0,0.87,0,0.69,0.76,0.85,1.04,0.71,0.07
912.98,38,1,0.77,0.76,0.96,0,0.88,0,0.86,0,0.69,0.76,0.85,1.05,0.72,0.07
913.98,38,1,0.77,0.76,0.96,0,0.88,0,0.88,0,0.69,0.76,0.86,1.05,0.71,0.07
915,38,1,0.76,0.76,0.95,0,0.88,0,0.87,0,0.69,0.76,0.85,1.05,0.71,0.07
916,38,1,0.76,0.76,0.95,0,0.88,0,0.87,0,0.68,0.76,0.86,1.05,0.72,0.07
917,38,1,0.76,0.76,0.95,0,0.88,0,0.86,0,0.69,0.75,0.86,1.05,0.71,0.07
918,38,0.99,0.76,0.76,0.95,0,0.88,0,0.87,0,0.68,0.76,0.86,1.05,0.71,0.07
919,38,1,0.76,0.75,0.95,0,0.87,0,0.86,0,0.69,0.76,0.85,1.05,0.71,0.07
920.02,38,1,0.77,0.76,0.95,0,0.89,0,0.87,0,0.69,0.76,0.86,1.05,0.71,0.07
921.02,38,1,0.77,0.76,0.95,0,0.88,0,0.87,0,0.69,0.76,0.85,1.05,0.72,0.07
922.02,38,0.96,0.77,0.76,0.95,0,0.88,0,0.88,0,0.69,0.77,0.86,1.05,0.72,0.07
923.03,38,1,0.76,0.76,0.95,0,0.88,0,0.87,0,0.69,0.76,0.86,1.05,0.72,0.07
924.03,38,1,0.77,0.76,0.96,0,0.88,0,0.87,0,0.69,0.76,0.86,1.05,0.72,0.07
925.03,38,0.99,0.75,0.76,0.95,0,0.88,0,0.86,0,0.68,0.75,0.84,1.05,0.72,0.07
926.03,38,1,0.77,0.76,0.95,0,0.88,0,0.87,0,0.69,0.76,0.86,1.05,0.71,0.07
927.03,38,1,0.77,0.76,0.96,0,0.88,0,0.87,0,0.7,0.76,0.86,1.05,0.72,0.07
928.03,38,1,0.77,0.76,0.95,0,0.88,0,0.87,0,0.69,0.76,0.86,1.05,0.71,0.07
929.05,38,1,0.77,0.76,0.95,0,0.88,0,0.87,0,0.69,0.76,0.85,1.05,0.72,0.07
930.05,38,1,0.77,0.76,0.96,0,0.88,0,0.88,0,0.69,0.76,0.86,1.06,0.72,0.07
931.05,38,1,0.76,0.77,0.96,0,0.89,0,0.88,0,0.69,0.76,0.87,1.06,0.72,0.08
932.05,38,1,0.77,0.76,0.96,0,0.88,0,0.88,0,0.69,0.76,0.86,1.05,0.72,0.08
933.07,38,1,0.76,0.75,0.94,0,0.88,0,0.86,0,0.69,0.75,0.85,1.05,0.71,0.07
934.07,38,1,0.77,0.76,0.95,0,0.88,0,0.87,0,0.69,0.76,0.86,1.05,0.72,0.07
935.07,38,1,0.76,0.76,0.95,0,0.88,0,0.86,0,0.68,0.75,0.85,1.04,0.71,0.06
936.07,38,1,0.76,0.76,0.95,0,0.88,0,0.87,0,0.69,0.76,0.86,1.05,0.72,0.07
937.08,38,1,0.76,0.76,0.95,0,0.88,0,0.87,0,0.69,0.76,0.86,1.05,0.72,0.08
938.08,38,0.98,0.77,0.76,0.96,0,0.88,0,0.87,0,0.69,0.76,0.86,1.05,0.72,0.08
939.08,38,1,0.77,0.76,0.96,0,0.89,0,0.88,0,0.69,0.76,0.86,1.06,0.72,0.08
940.08,38,0.99,0.76,0.76,0.96,0,0.88,0,0.87,0,0.69,0.76,0.86,1.05,0.72,0.07
941.1,38,1,0.76,0.76,0.95,0,0.88,0,0.87,0,0.69,0.76,0.86,1.05,0.72,0.07
942.1,38,0.97,0.76,0.76,0.95,0,0.88,0,0.87,0,0.69,0.75,0.86,1.04,0.71,0.07
943.1,38,1,0.76,0.76,0.95,0,0.89,0,0.87,0,0.69,0.76,0.85,1.06,0.71,0.07
944.1,38,1,0.78,0.77,0.95,0,0.89,0,0.87,0,0.69,0.76,0.86,1.06,0.72,0.08
945.12,38,1,0.77,0.77,0.96,0,0.89,0,0.88,0,0.69,0.76,0.86,1.05,0.72,0.08
946.12,38,0.99,0.76,0.76,0.95,0,0.87,0,0.87,0,0.69,0.76,0.86,1.05,0.71,0.07
947.12,38,1,0.77,0.76,0.95,0,0.88,0,0.88,0,0.68,0.76,0.86,1.05,0.71,0.07
948.12,38,1,0.77,0.76,0.95,0,0.88,0,0.87,0,0.69,0.76,0.86,1.05,0.72,0.07
949.12,38,0.99,0.76,0.76,0.95,0,0.88,0,0.87,0,0.68,0.75,0.85,1.05,0.72,0.07
950.12,38,1,0.77,0.76,0.95,0,0.88,0,0.87,0,0.69,0.76,0.86,1.05,0.72,0.07
951.13,38,1,0.77,0.76,0.95,0,0.88,0,0.88,0,0.68,0.76,0.86,1.05,0.72,0.07
952.13,38,0.98,0.77,0.76,0.96,0,0.88,0,0.87,0,0.68,0.76,0.86,1.05,0.72,0.08
953.13,38,1,0.77,0.76,0.95,0,0.88,0,0.87,0,0.69,0.75,0.86,1.05,0.71,0.07
954.13,38,0.96,0.76,0.76,0.95,0,0.88,0,0.87,0,0.69,0.76,0.86,1.05,0.71,0.07
955.15,38,1,0.77,0.76,0.95,0,0.89,0,0.88,0,0.69,0.76,0.86,1.05,0.72,0.07
956.15,38,1,0.78,0.76,0.95,0,0.89,0,0.88,0,0.7,0.77,0.86,1.05,0.72,0.08
957.15,38,0.98,0.77,0.76,0.95,0,0.88,0,0.87,0,0.69,0.76,0.86,1.05,0.72,0.07
958.15,38,0.96,0.76,0.76,0.95,0,0.88,0,0.86,0,0.68,0.75,0.85,1.04,0.71,0.07
959.17,38,1,0.77,0.76,0.96,0,0.88,0,0.88,0,0.69,0.76,0.86,1.05,0.72,0.08
960.17,38,1,0.77,0.76,0.96,0,0.88,0,0.87,0,0.69,0.76,0.86,1.05,0.72,0.07
961.17,38,1,0.77,0.75,0.95,0,0.89,0,0.87,0,0.68,0.76,0.85,1.05,0.72,0.07
962.18,38,1,0.76,0.76,0.95,0,0.88,0,0.87,0,0.69,0.75,0.85,1.05,0.71,0.07
963.18,38,1,0.76,0.76,0.95,0,0.88,0,0.87,0,0.68,0.76,0.86,1.04,0.71,0.07
964.18,38,1,0.76,0.77,0.96,0,0.89,0,0.87,0,0.69,0.76,0.86,1.05,0.72,0.07
965.18,38,1,0.77,0.76,0.95,0,0.88,0,0.87,0,0.69,0.76,0.86,1.05,0.72,0.07
966.18,38,1,0.76,0.76,0.94,0,0.88,0,0.86,0,0.69,0.76,0.85,1.05,0.72,0.07
967.18,38,0.96,0.76,0.75,0.95,0,0.88,0,0.86,0,0.69,0.76,0.85,1.05,0.71,0.07
968.18,38,1,0.77,0.76,0.96,0,0.89,0,0.88,0,0.69,0.76,0.86,1.05,0.71,0.08
969.18,38,0.96,0.76,0.76,0.96,0,0.88,0,0.88,0,0.69,0.76,0.86,1.05,0.72,0.07
970.18,38,1,0.76,0.76,0.95,0,0.88,0,0.86,0,0.69,0.75,0.86,1.05,0.71,0.07
971.2,38,1,0.77,0.76,0.95,0,0.88,0,0.87,0,0.69,0.76,0.86,1.05,0.72,0.07
972.2,38,1,0.77,0.77,0.95,0,0.88,0,0.87,0,0.69,0.76,0.86,1.05,0.71,0.08
973.22,38,1,0.76,0.76,0.96,0,0.89,0,0.88,0,0.69,0.76,0.86,1.05,0.71,0.07
974.22,38,0.97,0.76,0.76,0.95,0,0.88,0,0.86,0,0.68,0.76,0.84,1.05,0.71,0.07
975.22,38,1,0.77,0.76,0.96,0,0.89,0,0.88,0,0.69,0.76,0.86,1.05,0.71,0.07
976.22,38,1,0.77,0.76,0.96,0,0.88,0,0.87,0,0.69,0.76,0.86,1.05,0.72,0.07
977.22,38,1,0.77,0.76,0.95,0,0.88,0,0.87,0,0.69,0.76,0.86,1.05,0.72,0.07
978.23,38,1,0.77,0.76,0.96,0,0.89,0,0.87,0,0.68,0.76,0.85,1.05,0.72,0.07
979.23,38,0.99,0.76,0.76,0.95,0,0.88,0,0.87,0,0.69,0.76,0.86,1.05,0.71,0.07
980.23,38,1,0.77,0.77,0.95,0,0.88,0,0.88,0,0.69,0.76,0.86,1.05,0.72,0.08
981.23,38,1,0.77,0.77,0.95,0,0.88,0,0.87,0,0.69,0.76,0.86,1.05,0.72,0.08
982.23,38,1,0.76,0.76,0.95,0,0.88,0,0.87,0,0.68,0.76,0.85,1.05,0.71,0.07
983.23,38,1,0.77,0.76,0.95,0,0.88,0,0.88,0,0.69,0.76,0.85,1.05,0.72,0.07
984.23,38,1,0.77,0.76,0.96,0,0.88,0,0.88,0,0.68,0.76,0.86,1.05,0.72,0.07
985.23,38,1,0.76,0.76,0.95,0,0.88,0,0.86,0,0.69,0.75,0.86,1.05,0.72,0.07
986.23,38,1,0.77,0.76,0.95,0,0.88,0,0.87,0,0.69,0.76,0.86,1.05,0.72,0.08
987.23,38,0.99,0.77,0.76,0.95,0,0.88,0,0.86,0,0.69,0.75,0.85,1.05,0.71,0.07
988.25,38,0.96,0.77,0.76,0.95,0,0.88,0,0.86,0,0.68,0.75,0.85,1.05,0.72,0.07
989.25,38,0.97,0.76,0.76,0.95,0,0.88,0,0.87,0,0.69,0.76,0.85,1.05,0.71,0.07
990.25,38,1,0.76,0.76,0.95,0,0.88,0,0.87,0,0.68,0.76,0.85,1.05,0.71,0.07
991.27,38,1,0.76,0.76,0.96,0,0.89,0,0.86,0,0.69,0.76,0.86,1.06,0.72,0.07
992.27,38,0.98,0.76,0.76,0.95,0,0.88,0,0.87,0,0.69,0.76,0.86,1.05,0.71,0.08
993.27,38,1,0.77,0.75,0.96,0,0.88,0,0.87,0,0.67,0.76,0.85,1.05,0.72,0.07
994.27,38,1,0.77,0.76,0.95,0,0.88,0,0.87,0,0.68,0.76,0.85,1.05,0.71,0.07
995.27,38,0.98,0.76,0.75,0.95,0,0.87,0,0.86,0,0.68,0.75,0.84,1.03,0.71,0.07
996.27,38,1,0.77,0.76,0.95,0,0.88,0,0.88,0,0.69,0.76,0.85,1.05,0.72,0.07
997.28,38,0.96,0.76,0.76,0.95,0,0.88,0,0.86,0,0.68,0.75,0.85,1.05,0.71,0.07
998.28,38,0.99,0.77,0.76,0.96,0,0.88,0,0.87,0,0.69,0.76,0.86,1.05,0.71,0.07
999.28,38,0.96,0.77,0.76,0.95,0,0.88,0,0.86,0,0.69,0.75,0.86,1.05,0.72,0.07
1000.28,38,0.96,0.77,0.75,0.95,0,0.88,0,0.87,0,0.69,0.75,0.86,1.05,0.72,0.07
1001.28,38,1,0.77,0.76,0.95,0,0.89,0,0.88,0,0.69,0.76,0.86,1.05,0.72,0.08
1002.3,38,0.98,0.77,0.76,0.95,0,0.87,0,0.86,0,0.68,0.75,0.85,1.04,0.71,0.07
1003.3,38,0.98,0.77,0.76,0.95,0,0.89,0,0.87,0,0.69,0.76,0.85,1.05,0.71,0.07
1004.3,38,1,0.77,0.76,0.95,0,0.88,0,0.87,0,0.69,0.76,0.86,1.05,0.72,0.07
1005.3,38,1,0.77,0.76,0.95,0,0.88,0,0.87,0,0.69,0.76,0.86,1.06,0.71,0.08
1006.3,38,1,0.76,0.76,0.95,0,0.88,0,0.88,0,0.69,0.76,0.86,1.05,0.71,0.08
1007.3,38,1,0.76,0.76,0.95,0,0.88,0,0.87,0,0.69,0.75,0.86,1.05,0.72,0.07
1008.32,38,1.01,0.77,0.76,0.95,0,0.88,0,0.88,0,0.69,0.76,0.86,1.05,0.72,0.08
1009.32,38,1,0.77,0.77,0.95,0,0.89,0,0.87,0,0.69,0.76,0.86,1.05,0.71,0.07
1010.32,38,1,0.76,0.76,0.95,0,0.88,0,0.88,0,0.69,0.76,0.86,1.05,0.72,0.08
1011.32,38,0.96,0.77,0.76,0.95,0,0.88,0,0.87,0,0.69,0.76,0.86,1.05,0.71,0.07
1012.32,38,1,0.76,0.76,0.95,0,0.88,0,0.88,0,0.69,0.76,0.85,1.05,0.71,0.07
1013.33,38,0.99,0.76,0.76,0.95,0,0.88,0,0.87,0,0.69,0.75,0.85,1.04,0.71,0.07
1014.33,38,1,0.77,0.76,0.95,0,0.88,0,0.86,0,0.69,0.76,0.86,1.05,0.72,0.07
1015.33,38,0.95,0.76,0.75,0.94,0,0.88,0,0.87,0,0.69,0.75,0.85,1.05,0.71,0.07
1016.33,38,1,0.77,0.76,0.95,0,0.88,0,0.86,0,0.68,0.76,0.85,1.05,0.71,0.07
1017.33,38,1,0.77,0.77,0.95,0,0.88,0,0.88,0,0.69,0.76,0.86,1.05,0.72,0.07
1018.33,38,1,0.76,0.76,0.95,0,0.88,0,0.87,0,0.69,0.76,0.85,1.05,0.71,0.07
1019.35,38,0.99,0.76,0.76,0.95,0,0.88,0,0.87,0,0.69,0.76,0.86,1.05,0.71,0.07
1020.35,38,0.98,0.76,0.76,0.95,0,0.88,0,0.87,0,0.69,0.76,0.85,1.05,0.71,0.07
1021.35,38,0.98,0.77,0.76,0.95,0,0.88,0,0.87,0,0.69,0.76,0.86,1.06,0.72,0.08
1022.35,38,1,0.77,0.76,0.95,0,0.88,0,0.87,0,0.69,0.75,0.86,1.05,0.72,0.06
1023.35,38,1,0.76,0.76,0.95,0,0.88,0,0.87,0,0.69,0.76,0.86,1.05,0.72,0.07
1024.35,38,1,0.76,0.76,0.95,0,0.88,0,0.86,0,0.68,0.76,0.85,1.05,0.71,0.07
1025.35,38,1,0.76,0.76,0.95,0,0.89,0,0.87,0,0.69,0.76,0.85,1.05,0.71,0.07
1026.37,38,0.96,0.77,0.76,0.95,0,0.89,0,0.88,0,0.69,0.76,0.86,1.05,0.72,0.07
1027.37,38,1,0.76,0.76,0.95,0,0.88,0,0.87,0,0.69,0.76,0.86,1.05,0.71,0.07
1028.37,38,1,0.77,0.76,0.96,0,0.88,0,0.88,0,0.69,0.76,0.86,1.05,0.72,0.07
1029.37,38,0.97,0.77,0.76,0.95,0,0.88,0,0.87,0,0.69,0.76,0.85,1.05,0.71,0.07
1030.37,38,1,0.77,0.76,0.95,0,0.88,0,0.87,0,0.69,0.76,0.86,1.05,0.72,0.07
1031.37,38,1,0.77,0.76,0.95,0,0.88,0,0.87,0,0.69,0.76,0.85,1.05,0.71,0.08
1032.37,38,1,0.77,0.76,0.95,0,0.88,0,0.87,0,0.69,0.75,0.86,1.05,0.72,0.08
1033.37,38,1,0.76,0.76,0.95,0,0.88,0,0.86,0,0.69,0.75,0.84,1.05,0.71,0.07
1034.37,38,1,0.77,0.76,0.95,0,0.89,0,0.88,0,0.69,0.76,0.86,1.06,0.72,0.08
1035.37,38,0.98,0.76,0.76,0.95,0,0.88,0,0.87,0,0.69,0.76,0.86,1.05,0.71,0.07
1036.38,38,0.99,0.77,0.76,0.95,0,0.88,0,0.87,0,0.68,0.76,0.85,1.05,0.71,0.07
1037.38,38,0.96,0.76,0.76,0.95,0,0.88,0,0.86,0,0.68,0.74,0.85,1.05,0.71,0.07
1038.38,38,0.99,0.76,0.76,0.95,0,0.88,0,0.86,0,0.69,0.76,0.85,1.05,0.71,0.07
1039.38,38,0.98,0.77,0.76,0.96,0,0.88,0,0.87,0,0.69,0.76,0.86,1.05,0.72,0.07
1040.38,38,0.98,0.76,0.76,0.95,0,0.88,0,0.86,0,0.68,0.75,0.85,1.05,0.71,0.07
1041.38,38,0.99,0.76,0.76,0.95,0,0.88,0,0.87,0,0.69,0.76,0.86,1.05,0.71,0.07
1042.4,38,1,0.77,0.76,0.95,0,0.88,0,0.88,0,0.69,0.76,0.86,1.05,0.72,0.07
1043.4,38,0.99,0.76,0.76,0.95,0,0.88,0,0.86,0,0.68,0.75,0.85,1.04,0.71,0.07
1044.4,38,0.99,0.77,0.76,0.95,0,0.88,0,0.87,0,0.69,0.76,0.85,1.05,0.71,0.07
1045.4,38,1,0.77,0.76,0.95,0,0.88,0,0.86,0,0.67,0.76,0.86,1.05,0.72,0.07
1046.4,38,0.99,0.76,0.75,0.95,0,0.88,0,0.86,0,0.68,0.76,0.85,1.05,0.71,0.07
1047.4,38,0.97,0.76,0.76,0.96,0,0.88,0,0.87,0,0.69,0.76,0.86,1.05,0.72,0.07
1048.4,38,1,0.76,0.76,0.96,0,0.88,0,0.86,0,0.68,0.75,0.86,1.05,0.71,0.07
1049.42,38,0.96,0.76,0.76,0.95,0,0.88,0,0.86,0,0.68,0.75,0.85,1.05,0.7,0.07
1050.42,38,1,0.76,0.76,0.95,0,0.88,0,0.87,0,0.68,0.76,0.85,1.05,0.71,0.07
1051.42,38,0.98,0.77,0.76,0.96,0,0.88,0,0.86,0,0.69,0.76,0.86,1.05,0.71,0.07
1052.42,38,0.97,0.76,0.76,0.95,0,0.88,0,0.87,0,0.69,0.75,0.85,1.04,0.71,0.07
1053.43,38,0.98,0.77,0.76,0.95,0,0.88,0,0.87,0,0.69,0.76,0.85,1.05,0.71,0.07
1054.43,38,0.97,0.76,0.76,0.95,0,0.88,0,0.87,0,0.69,0.76,0.85,1.05,0.71,0.07
1055.43,38,0.99,0.76,0.76,0.95,0,0.88,0,0.87,0,0.69,0.76,0.85,1.05,0.71,0.07
1056.43,38,0.97,0.76,0.76,0.95,0,0.87,0,0.86,0,0.68,0.76,0.85,1.05,0.71,0.06
1057.43,38,0.99,0.77,0.76,0.95,0,0.88,0,0.87,0,0.68,0.76,0.86,1.05,0.72,0.07
1058.43,38,0.97,0.76,0.77,0.95,0,0.88,0,0.87,0,0.69,0.76,0.85,1.05,0.72,0.07
1059.43,38,1,0.77,0.77,0.95,0,0.88,0,0.86,0,0.69,0.76,0.86,1.05,0.71,0.07
1060.45,38,0.98,0.77,0.76,0.95,0,0.88,0,0.87,0,0.69,0.76,0.86,1.05,0.71,0.07
1061.45,38,0.97,0.76,0.76,0.96,0,0.88,0,0.86,0,0.68,0.76,0.86,1.05,0.71,0.07
1062.47,38,0.98,0.76,0.75,0.95,0,0.88,0,0.86,0,0.67,0.74,0.85,1.05,0.71,0.07
1063.47,38,1,0.76,0.76,0.95,0,0.88,0,0.86,0,0.67,0.75,0.85,1.04,0.71,0.07
1064.47,38,0.98,0.77,0.76,0.95,0,0.88,0,0.88,0,0.68,0.75,0.86,1.05,0.72,0.07
1065.47,38,1,0.76,0.76,0.95,0,0.88,0,0.86,0,0.68,0.76,0.86,1.05,0.72,0.08
1066.47,38,1,0.76,0.75,0.95,0,0.88,0,0.86,0,0.67,0.75,0.86,1.04,0.71,0.07
1067.48,38,0.96,0.76,0.76,0.95,0,0.88,0,0.86,0,0.68,0.76,0.85,1.04,0.71,0.07
1068.48,38,1,0.77,0.76,0.95,0,0.88,0,0.87,0,0.69,0.76,0.86,1.05,0.72,0.07
1069.48,38,0.98,0.76,0.76,0.95,0,0.88,0,0.87,0,0.69,0.76,0.86,1.05,0.71,0.07
1070.48,38,0.99,0.77,0.76,0.95,0,0.88,0,0.88,0,0.69,0.75,0.86,1.05,0.72,0.07
1071.48,38,0.96,0.76,0.76,0.95,0,0.87,0,0.86,0,0.69,0.75,0.85,1.04,0.71,0.07
1072.48,38,0.99,0.76,0.76,0.95,0,0.88,0,0.86,0,0.68,0.76,0.85,1.05,0.71,0.06
1073.5,38,1,0.77,0.76,0.95,0,0.89,0,0.87,0,0.68,0.76,0.86,1.05,0.72,0.07
1074.5,38,0.97,0.76,0.76,0.95,0,0.87,0,0.86,0,0.69,0.75,0.86,1.05,0.72,0.07
1075.5,38,0.98,0.76,0.76,0.95,0,0.88,0,0.87,0,0.68,0.76,0.86,1.05,0.72,0.07
1076.5,38,0.96,0.77,0.76,0.95,0,0.88,0,0.87,0,0.68,0.76,0.86,1.06,0.71,0.07
1077.52,38,1,0.77,0.76,0.95,0,0.87,0,0.87,0,0.69,0.75,0.85,1.05,0.72,0.07
1078.52,38,0.97,0.76,0.76,0.95,0,0.88,0,0.86,0,0.68,0.74,0.85,1.05,0.71,0.07
1079.52,38,1,0.77,0.76,0.95,0,0.88,0,0.87,0,0.69,0.76,0.86,1.05,0.72,0.07
1080.52,38,0.98,0.76,0.76,0.95,0,0.88,0,0.87,0,0.68,0.76,0.86,1.05,0.72,0.07
1081.52,38,0.99,0.76,0.75,0.95,0,0.87,0,0.86,0,0.69,0.75,0.85,1.04,0.71,0.07
1082.53,38,1,0.76,0.76,0.95,0,0.88,0,0.86,0,0.69,0.75,0.85,1.05,0.72,0.06
1083.53,38,0.96,0.76,0.76,0.95,0,0.88,0,0.86,0,0.68,0.76,0.85,1.05,0.71,0.07
1084.53,38,0.97,0.76,0.76,0.95,0,0.88,0,0.87,0,0.68,0.75,0.85,1.05,0.72,0.07
1085.53,38,0.99,0.75,0.75,0.94,0,0.86,0,0.86,0,0.67,0.74,0.85,1.04,0.71,0.06
1086.53,38,0.98,0.77,0.76,0.95,0,0.88,0,0.87,0,0.69,0.75,0.85,1.05,0.71,0.07
1087.53,38,0.99,0.76,0.75,0.94,0,0.86,0,0.86,0,0.68,0.74,0.84,1.03,0.71,0.07
1088.53,38,1,0.76,0.75,0.95,0,0.88,0,0.86,0,0.67,0.76,0.85,1.05,0.71,0.06
1089.55,38,0.96,0.76,0.76,0.95,0,0.88,0,0.86,0,0.68,0.76,0.85,1.04,0.71,0.07
1090.55,38,1,0.77,0.75,0.95,0,0.88,0,0.87,0,0.68,0.76,0.85,1.05,0.71,0.07
1091.55,38,0.98,0.76,0.76,0.95,0,0.88,0,0.87,0,0.69,0.75,0.84,1.05,0.72,0.07
1092.55,38,0.95,0.76,0.76,0.95,0,0.88,0,0.86,0,0.69,0.76,0.84,1.05,0.71,0.07
1093.55,38,0.99,0.76,0.76,0.95,0,0.88,0,0.87,0,0.68,0.76,0.86,1.05,0.72,0.07
1094.55,38,1,0.76,0.76,0.95,0,0.88,0,0.87,0,0.69,0.76,0.86,1.04,0.72,0.07
1095.55,38,1,0.76,0.76,0.95,0,0.87,0,0.86,0,0.68,0.76,0.86,1.04,0.71,0.07
1096.57,38,0.98,0.77,0.76,0.95,0,0.88,0,0.87,0,0.68,0.76,0.85,1.05,0.72,0.07
1097.57,38,0.97,0.76,0.76,0.95,0,0.88,0,0.87,0,0.69,0.75,0.85,1.05,0.71,0.07
1098.57,38,1,0.77,0.77,0.95,0,0.88,0,0.87,0,0.69,0.76,0.85,1.05,0.71,0.08
1099.57,38,0.99,0.76,0.75,0.95,0,0.88,0,0.86,0,0.67,0.75,0.84,1.05,0.71,0.07
1100.57,38,0.96,0.76,0.75,0.95,0,0.88,0,0.86,0,0.68,0.75,0.85,1.05,0.71,0.07
1101.57,38,1,0.77,0.76,0.95,0,0.88,0,0.87,0,0.69,0.76,0.85,1.04,0.71,0.07
1102.57,38,0.96,0.76,0.76,0.95,0,0.88,0,0.86,0,0.69,0.76,0.85,1.05,0.71,0.07
1103.58,38,0.96,0.76,0.76,0.95,0,0.88,0,0.86,0,0.69,0.76,0.85,1.05,0.71,0.07
1104.58,38,0.99,0.76,0.75,0.95,0,0.86,0,0.86,0,0.68,0.75,0.85,1.05,0.7,0.07
1105.6,38,0.98,0.76,0.76,0.95,0,0.88,0,0.87,0,0.68,0.75,0.85,1.05,0.71,0.07
1106.6,38,1,0.77,0.76,0.95,0,0.88,0,0.87,0,0.69,0.76,0.86,1.05,0.71,0.08
1107.6,38,1,0.77,0.76,0.95,0,0.89,0,0.87,0,0.69,0.76,0.85,1.05,0.71,0.07
1108.62,38,1,0.77,0.76,0.95,0,0.88,0,0.87,0,0.69,0.76,0.86,1.05,0.72,0.07
1109.62,38,1,0.76,0.75,0.95,0,0.88,0,0.87,0,0.68,0.75,0.85,1.05,0.71,0.06
1110.62,38,1,0.76,0.76,0.95,0,0.88,0,0.87,0,0.67,0.76,0.86,1.05,0.71,0.07
1111.62,38,0.99,0.77,0.75,0.95,0,0.88,0,0.87,0,0.67,0.75,0.86,1.05,0.71,0.07
1112.63,38,0.96,0.76,0.76,0.95,0,0.88,0,0.87,0,0.69,0.76,0.85,1.05,0.71,0.07
1113.63,38,0.97,0.76,0.76,0.95,0,0.88,0,0.87,0,0.68,0.76,0.85,1.05,0.72,0.07
1114.63,38,0.97,0.76,0.76,0.95,0,0.87,0,0.86,0,0.69,0.75,0.85,1.05,0.71,0.07
1115.65,38,0.99,0.76,0.75,0.95,0,0.88,0,0.86,0,0.68,0.75,0.84,1.04,0.71,0.07
1116.65,38,1,0.77,0.76,0.96,0,0.88,0,0.88,0,0.69,0.76,0.86,1.06,0.72,0.08
1117.65,38,0.97,0.77,0.76,0.95,0,0.88,0,0.88,0,0.69,0.76,0.86,1.05,0.72,0.08
1118.65,38,1,0.77,0.76,0.95,0,0.88,0,0.87,0,0.69,0.76,0.86,1.05,0.71,0.07
1119.67,38,1,0.77,0.76,0.95,0,0.88,0,0.87,0,0.69,0.76,0.86,1.05,0.71,0.07
1120.67,38,0.99,0.76,0.75,0.95,0,0.88,0,0.86,0,0.69,0.75,0.85,1.04,0.71,0.07
1121.67,38,1,0.77,0.76,0.95,0,0.88,0,0.87,0,0.68,0.75,0.85,1.05,0.71,0.07
1122.67,38,0.97,0.76,0.76,0.95,0,0.88,0,0.86,0,0.68,0.75,0.84,1.05,0.71,0.07
1123.67,38,1,0.76,0.77,0.95,0,0.88,0,0.87,0,0.69,0.76,0.86,1.05,0.71,0.07
1124.67,38,0.97,0.76,0.75,0.95,0,0.88,0,0.86,0,0.68,0.75,0.85,1.04,0.71,0.07
1125.68,38,0.96,0.76,0.76,0.95,0,0.88,0,0.86,0,0.69,0.76,0.85,1.05,0.71,0.07
1126.68,38,1,0.77,0.76,0.95,0,0.88,0,0.88,0,0.69,0.76,0.86,1.06,0.71,0.07
1127.68,38,1,0.76,0.76,0.96,0,0.88,0,0.87,0,0.68,0.75,0.85,1.05,0.71,0.07
1128.68,38,1,0.77,0.76,0.95,0,0.88,0,0.87,0,0.69,0.76,0.86,1.05,0.71,0.07
1129.7,38,1,0.76,0.75,0.95,0,0.88,0,0.87,0,0.68,0.75,0.85,1.05,0.71,0.07
1130.7,38,1,0.77,0.76,0.94,0,0.88,0,0.87,0,0.69,0.76,0.86,1.05,0.71,0.07
1131.7,38,0.99,0.76,0.76,0.96,0,0.88,0,0.87,0,0.69,0.75,0.86,1.05,0.72,0.07
1132.7,38,1,0.76,0.76,0.95,0,0.88,0,0.87,0,0.69,0.76,0.86,1.05,0.72,0.07
1133.72,38,1,0.76,0.76,0.95,0,0.88,0,0.87,0,0.69,0.76,0.86,1.05,0.72,0.07
1134.72,38,1,0.77,0.76,0.95,0,0.88,0,0.86,0,0.68,0.75,0.86,1.05,0.71,0.07
1135.72,38,1,0.76,0.76,0.95,0,0.88,0,0.87,0,0.69,0.76,0.85,1.05,0.71,0.07
1136.72,38,0.98,0.77,0.76,0.96,0,0.88,0,0.87,0,0.69,0.76,0.86,1.05,0.72,0.08
1137.73,38,1,0.77,0.77,0.96,0,0.89,0,0.88,0,0.69,0.76,0.86,1.05,0.72,0.08
1138.73,38,1,0.77,0.76,0.95,0,0.88,0,0.87,0,0.69,0.76,0.85,1.05,0.71,0.07
1139.73,38,1,0.76,0.76,0.95,0,0.88,0,0.87,0,0.69,0.75,0.85,1.05,0.71,0.07
1140.75,38,0.98,0.76,0.75,0.95,0,0.87,0,0.86,0,0.68,0.75,0.85,1.03,0.71,0.07
1141.75,38,1,0.77,0.77,0.95,0,0.89,0,0.87,0,0.69,0.76,0.86,1.05,0.71,0.08
1142.75,38,0.96,0.77,0.76,0.96,0,0.88,0,0.87,0,0.69,0.76,0.86,1.05,0.72,0.07
1143.75,38,0.99,0.77,0.76,0.95,0,0.88,0,0.87,0,0.69,0.76,0.86,1.05,0.72,0.07
1144.75,38,0.97,0.76,0.76,0.96,0,0.88,0,0.87,0,0.69,0.76,0.85,1.05,0.72,0.08
1145.75,38,0.98,0.76,0.76,0.95,0,0.88,0,0.87,0,0.69,0.75,0.85,1.05,0.71,0.07
1146.77,38,1,0.77,0.76,0.96,0,0.89,0,0.88,0,0.69,0.76,0.86,1.06,0.72,0.08
1147.77,38,0.99,0.76,0.76,0.95,0,0.88,0,0.87,0,0.69,0.76,0.86,1.05,0.71,0.07
1148.77,38,0.99,0.76,0.76,0.95,0,0.88,0,0.86,0,0.68,0.75,0.85,1.05,0.71,0.07
1149.77,38,1,0.77,0.76,0.95,0,0.88,0,0.86,0,0.68,0.76,0.86,1.04,0.71,0.07
1150.77,38,1,0.76,0.76,0.95,0,0.87,0,0.86,0,0.68,0.75,0.86,1.05,0.71,0.07
1151.77,38,1,0.77,0.76,0.95,0,0.88,0,0.87,0,0.68,0.75,0.85,1.05,0.72,0.07
1152.77,38,1,0.77,0.76,0.95,0,0.89,0,0.87,0,0.68,0.76,0.86,1.05,0.72,0.07
1153.77,38,1,0.77,0.77,0.95,0,0.89,0,0.87,0,0.69,0.76,0.86,1.05,0.72,0.08
1154.77,38,1,0.76,0.75,0.95,0,0.88,0,0.87,0,0.69,0.74,0.86,1.05,0.71,0.07
1155.77,38,0.96,0.76,0.76,0.95,0,0.88,0,0.86,0,0.67,0.76,0.85,1.05,0.71,0.07
1156.78,38,1,0.76,0.76,0.96,0,0.88,0,0.88,0,0.69,0.76,0.86,1.05,0.72,0.08
1157.78,38,1,0.76,0.76,0.95,0,0.88,0,0.87,0,0.69,0.76,0.86,1.05,0.72,0.08
1158.78,38,1,0.77,0.76,0.96,0,0.89,0,0.87,0,0.69,0.76,0.86,1.05,0.72,0.07
1159.8,38,0.96,0.77,0.76,0.95,0,0.89,0,0.87,0,0.69,0.76,0.86,1.05,0.72,0.07
1160.8,38,0.98,0.77,0.76,0.95,0,0.88,0,0.88,0,0.69,0.75,0.85,1.05,0.71,0.07
1161.8,38,1,0.76,0.76,0.95,0,0.88,0,0.87,0,0.69,0.76,0.86,1.05,0.72,0.07
1162.8,38,0.96,0.76,0.76,0.95,0,0.88,0,0.86,0,0.68,0.75,0.85,1.04,0.71,0.07
1163.82,38,1,0.76,0.76,0.95,0,0.88,0,0.87,0,0.69,0.76,0.86,1.05,0.72,0.07
1164.82,38,0.99,0.76,0.75,0.95,0,0.87,0,0.86,0,0.68,0.74,0.85,1.05,0.71,0.06
1165.82,38,1,0.77,0.76,0.95,0,0.88,0,0.87,0,0.69,0.76,0.86,1.05,0.72,0.07
1166.82,38,0.96,0.76,0.76,0.95,0,0.87,0,0.86,0,0.68,0.75,0.84,1.05,0.71,0.07
1167.82,38,0.96,0.76,0.76,0.95,0,0.88,0,0.86,0,0.68,0.76,0.86,1.04,0.71,0.07
1168.82,38,0.96,0.76,0.76,0.96,0,0.88,0,0.87,0,0.68,0.76,0.86,1.04,0.71,0.07
1169.82,38,1,0.77,0.76,0.96,0,0.88,0,0.87,0,0.69,0.76,0.86,1.05,0.72,0.08
1170.82,38,1,0.76,0.76,0.96,0,0.88,0,0.87,0,0.68,0.76,0.85,1.05,0.71,0.07
1171.83,38,0.99,0.77,0.76,0.95,0,0.88,0,0.87,0,0.69,0.76,0.85,1.05,0.71,0.07
1172.83,38,1,0.76,0.75,0.95,0,0.87,0,0.86,0,0.68,0.75,0.84,1.05,0.71,0.07
1173.83,38,0.98,0.76,0.76,0.94,0,0.88,0,0.87,0,0.69,0.76,0.86,1.05,0.71,0.07
1174.83,38,0.99,0.77,0.76,0.95,0,0.88,0,0.87,0,0.67,0.76,0.85,1.05,0.71,0.07
1175.83,38,1,0.76,0.76,0.95,0,0.88,0,0.87,0,0.69,0.76,0.86,1.05,0.72,0.07
1176.83,38,1,0.77,0.76,0.95,0,0.88,0,0.87,0,0.69,0.76,0.85,1.05,0.72,0.07
1177.83,38,1,0.77,0.76,0.96,0,0.88,0,0.87,0,0.69,0.76,0.86,1.05,0.71,0.07
1178.85,38,1,0.76,0.76,0.95,0,0.88,0,0.87,0,0.69,0.76,0.85,1.05,0.72,0.07
1179.85,38,0.99,0.76,0.76,0.95,0,0.88,0,0.86,0,0.68,0.76,0.85,1.05,0.71,0.07
1180.85,38,0.96,0.76,0.76,0.95,0,0.88,0,0.87,0,0.68,0.76,0.85,1.05,0.71,0.07
1181.85,38,1,0.77,0.76,0.95,0,0.88,0,0.87,0,0.69,0.75,0.86,1.05,0.71,0.07
1182.87,38,1,0.77,0.76,0.95,0,0.88,0,0.87,0,0.69,0.76,0.85,1.05,0.71,0.07
1183.87,38,0.95,0.77,0.76,0.95,0,0.88,0,0.87,0,0.68,0.75,0.85,1.05,0.71,0.07
1184.87,38,0.99,0.77,0.76,0.95,0,0.88,0,0.87,0,0.69,0.76,0.86,1.05,0.71,0.07
1185.87,38,1,0.77,0.76,0.95,0,0.88,0,0.87,0,0.69,0.76,0.86,1.05,0.72,0.07
1186.87,38,0.98,0.76,0.76,0.95,0,0.88,0,0.88,0,0.68,0.76,0.86,1.05,0.72,0.08
1187.88,38,0.96,0.76,0.76,0.95,0,0.88,0,0.87,0,0.69,0.76,0.85,1.05,0.71,0.07
1188.88,38,1,0.76,0.76,0.95,0,0.88,0,0.86,0,0.69,0.76,0.86,1.05,0.71,0.07
1189.88,38,0.97,0.76,0.76,0.95,0,0.87,0,0.87,0,0.69,0.76,0.84,1.04,0.72,0.07
1190.88,38,1,0.77,0.76,0.95,0,0.89,0,0.87,0,0.69,0.76,0.86,1.05,0.72,0.07
1191.88,38,1.01,0.77,0.77,0.95,0,0.89,0,0.88,0,0.69,0.76,0.86,1.05,0.72,0.07
1192.9,38,1,0.77,0.75,0.95,0,0.88,0,0.87,0,0.69,0.75,0.86,1.04,0.72,0.07
1193.9,38,1,0.76,0.76,0.95,0,0.88,0,0.87,0,0.69,0.76,0.86,1.05,0.71,0.07
1194.9,38,1,0.77,0.76,0.96,0,0.88,0,0.87,0,0.69,0.76,0.85,1.05,0.72,0.07
1195.9,38,0.96,0.76,0.76,0.95,0,0.88,0,0.86,0,0.68,0.76,0.86,1.05,0.71,0.07
1196.9,38,1,0.76,0.76,0.96,0,0.88,0,0.87,0,0.69,0.76,0.86,1.05,0.72,0.07
1197.9,38,1,0.77,0.76,0.95,0,0.87,0,0.86,0,0.69,0.76,0.85,1.05,0.71,0.07
1198.92,38,1,0.77,0.76,0.95,0,0.89,0,0.88,0,0.69,0.76,0.86,1.05,0.72,0.07
1199.92,38,1,0.77,0.76,0.95,0,0.89,0,0.88,0,0.69,0.76,0.86,1.05,0.72,0.07
1200.92,38,1,0.76,0.76,0.95,0,0.88,0,0.87,0,0.69,0.76,0.86,1.05,0.72,0.07
1201.92,38,1,0.77,0.76,0.95,0,0.88,0,0.87,0,0.68,0.76,0.85,1.05,0.71,0.07
1202.93,38,1,0.76,0.76,0.95,0,0.88,0,0.87,0,0.69,0.76,0.85,1.05,0.72,0.07
1203.93,38,1,0.77,0.76,0.95,0,0.88,0,0.86,0,0.69,0.76,0.86,1.05,0.72,0.07
1204.93,38,0.98,0.77,0.76,0.95,0,0.88,0,0.88,0,0.69,0.76,0.86,1.05,0.72,0.07
1205.95,38,1,0.77,0.77,0.96,0,0.88,0,0.88,0,0.69,0.76,0.86,1.05,0.72,0.08
1206.95,38,1,0.76,0.76,0.95,0,0.88,0,0.87,0,0.69,0.76,0.86,1.05,0.71,0.07
1207.95,38,1,0.77,0.76,0.95,0,0.88,0,0.87,0,0.69,0.76,0.86,1.05,0.72,0.08
1208.95,38,1,0.77,0.76,0.96,0,0.88,0,0.87,0,0.69,0.76,0.86,1.06,0.72,0.08
1209.95,38,1,0.77,0.76,0.96,0,0.88,0,0.88,0,0.69,0.76,0.86,1.06,0.72,0.08
1210.95,38,1.02,0.77,0.77,0.96,0,0.89,0,0.88,0,0.7,0.77,0.87,1.06,0.72,0.08
1211.95,38,1,0.77,0.76,0.96,0,0.88,0,0.87,0,0.69,0.76,0.86,1.05,0.71,0.07
1212.97,38,0.99,0.76,0.76,0.95,0,0.88,0,0.86,0,0.69,0.76,0.86,1.05,0.72,0.07
1213.97,38,1,0.76,0.76,0.95,0,0.88,0,0.87,0,0.69,0.75,0.85,1.05,0.72,0.07
1214.97,38,0.98,0.76,0.76,0.95,0,0.88,0,0.86,0,0.69,0.76,0.85,1.04,0.71,0.06
1215.97,38,1,0.76,0.76,0.95,0,0.88,0,0.87,0,0.69,0.76,0.86,1.05,0.71,0.07
1216.98,38,1,0.77,0.76,0.96,0,0.89,0,0.87,0,0.69,0.76,0.86,1.05,0.72,0.08
1217.98,38,1,0.76,0.76,0.96,0,0.88,0,0.87,0,0.69,0.76,0.86,1.05,0.71,0.07
1218.98,38,0.98,0.77,0.76,0.95,0,0.88,0,0.87,0,0.69,0.76,0.86,1.05,0.71,0.07
1219.98,38,1,0.76,0.76,0.95,0,0.88,0,0.87,0,0.69,0.76,0.86,1.05,0.71,0.07
1220.98,38,1,0.77,0.76,0.95,0,0.89,0,0.87,0,0.69,0.76,0.86,1.05,0.72,0.08
1221.98,38,1,0.77,0.76,0.96,0,0.88,0,0.87,0,0.69,0.76,0.86,1.05,0.72,0.07
1222.98,38,1,0.76,0.76,0.96,0,0.88,0,0.87,0,0.7,0.76,0.86,1.06,0.72,0.08
1223.98,38,1,0.77,0.76,0.95,0,0.89,0,0.88,0,0.7,0.76,0.86,1.05,0.72,0.08
1225,38,0.99,0.77,0.76,0.95,0,0.87,0,0.87,0,0.69,0.76,0.86,1.05,0.72,0.07
1226,38,1,0.77,0.76,0.95,0,0.88,0,0.87,0,0.69,0.76,0.85,1.05,0.72,0.07
1227,38,0.99,0.76,0.76,0.95,0,0.88,0,0.87,0,0.69,0.76,0.86,1.05,0.71,0.07
1228,38,0.98,0.76,0.76,0.95,0,0.88,0,0.86,0,0.68,0.75,0.84,1.04,0.71,0.07
1229,38,1,0.77,0.76,0.95,0,0.88,0,0.87,0,0.69,0.76,0.86,1.05,0.72,0.07
1230,38,1,0.77,0.77,0.96,0,0.89,0,0.88,0,0.69,0.76,0.86,1.05,0.72,0.07
1231,38,0.99,0.76,0.76,0.95,0,0.88,0,0.87,0,0.68,0.76,0.85,1.04,0.71,0.07
1232.02,38,1,0.77,0.76,0.95,0,0.88,0,0.87,0,0.69,0.76,0.86,1.06,0.72,0.07
1233.02,38,1,0.76,0.76,0.95,0,0.88,0,0.87,0,0.68,0.76,0.86,1.05,0.72,0.08
1234.02,38,1,0.76,0.76,0.96,0,0.88,0,0.87,0,0.69,0.76,0.86,1.05,0.72,0.07
1235.02,38,1,0.76,0.76,0.96,0,0.88,0,0.86,0,0.69,0.76,0.86,1.05,0.72,0.07
1236.02,38,1,0.77,0.76,0.95,0,0.88,0,0.87,0,0.69,0.75,0.85,1.05,0.71,0.07
1237.02,38,1,0.77,0.77,0.96,0,0.88,0,0.88,0,0.69,0.77,0.86,1.06,0.72,0.07
1238.02,38,1,0.76,0.76,0.96,0,0.88,0,0.87,0,0.69,0.76,0.86,1.05,0.72,0.07
1239.02,38,1,0.76,0.76,0.95,0,0.88,0,0.87,0,0.69,0.76,0.85,1.05,0.71,0.07
1240.02,38,1,0.77,0.76,0.95,0,0.88,0,0.87,0,0.69,0.76,0.85,1.05,0.71,0.07
1241.03,38,0.95,0.76,0.76,0.95,0,0.88,0,0.86,0,0.69,0.75,0.84,1.05,0.71,0.07
1242.03,38,1,0.77,0.76,0.96,0,0.89,0,0.88,0,0.69,0.76,0.85,1.05,0.72,0.07
1243.03,38,1,0.76,0.76,0.95,0,0.88,0,0.87,0,0.69,0.76,0.86,1.05,0.72,0.08
1244.03,38,1,0.76,0.76,0.95,0,0.88,0,0.87,0,0.68,0.76,0.86,1.06,0.72,0.07
1245.03,38,1,0.77,0.76,0.95,0,0.89,0,0.88,0,0.68,0.76,0.86,1.05,0.72,0.07
1246.03,38,1,0.77,0.76,0.95,0,0.88,0,0.88,0,0.69,0.75,0.86,1.05,0.71,0.07
1247.05,38,0.99,0.77,0.76,0.95,0,0.89,0,0.87,0,0.68,0.76,0.86,1.05,0.72,0.07
1248.05,38,1,0.76,0.76,0.95,0,0.88,0,0.86,0,0.69,0.76,0.85,1.05,0.71,0.07
1249.05,38,1,0.77,0.76,0.96,0,0.89,0,0.88,0,0.69,0.77,0.86,1.05,0.71,0.07
1250.05,38,1,0.77,0.76,0.96,0,0.88,0,0.87,0,0.69,0.76,0.86,1.05,0.72,0.07
1251.07,38,1,0.77,0.76,0.96,0,0.88,0,0.87,0,0.69,0.76,0.86,1.05,0.72,0.07
1252.07,38,1,0.76,0.76,0.95,0,0.87,0,0.86,0,0.68,0.76,0.86,1.05,0.71,0.07
1253.07,38,1,0.76,0.76,0.95,0,0.87,0,0.86,0,0.68,0.75,0.85,1.05,0.71,0.07
1254.07,38,1,0.77,0.76,0.96,0,0.89,0,0.88,0,0.69,0.77,0.86,1.05,0.72,0.07
1255.07,38,0.97,0.76,0.76,0.95,0,0.88,0,0.86,0,0.68,0.76,0.85,1.05,0.71,0.07
1256.08,38,1,0.77,0.76,0.95,0,0.88,0,0.87,0,0.69,0.76,0.86,1.05,0.71,0.07
1257.1,38,1,0.77,0.76,0.95,0,0.88,0,0.87,0,0.69,0.76,0.85,1.05,0.71,0.07
1258.1,38,1,0.76,0.76,0.95,0,0.88,0,0.87,0,0.69,0.76,0.86,1.05,0.72,0.07
1259.1,38,1,0.76,0.76,0.95,0,0.88,0,0.88,0,0.69,0.76,0.86,1.05,0.72,0.07
1260.1,38,0.99,0.77,0.75,0.95,0,0.88,0,0.88,0,0.69,0.76,0.86,1.05,0.72,0.07
1261.1,38,1,0.77,0.76,0.95,0,0.88,0,0.87,0,0.69,0.76,0.86,1.05,0.72,0.07
1262.1,38,1,0.77,0.76,0.96,0,0.88,0,0.87,0,0.69,0.76,0.86,1.05,0.72,0.08
1263.1,38,0.97,0.77,0.77,0.95,0,0.89,0,0.88,0,0.69,0.76,0.86,1.05,0.71,0.08
1264.1,38,1,0.76,0.75,0.96,0,0.88,0,0.87,0,0.69,0.75,0.85,1.05,0.71,0.07
1265.12,38,1,0.77,0.76,0.95,0,0.89,0,0.87,0,0.68,0.76,0.86,1.05,0.72,0.07
1266.12,38,1,0.77,0.77,0.95,0,0.89,0,0.88,0,0.69,0.76,0.85,1.05,0.72,0.08
1267.12,38,0.96,0.76,0.75,0.95,0,0.88,0,0.87,0,0.69,0.75,0.86,1.05,0.71,0.07
1268.12,38,1,0.76,0.76,0.95,0,0.88,0,0.87,0,0.69,0.76,0.85,1.05,0.71,0.07
1269.12,38,1,0.77,0.76,0.95,0,0.88,0,0.87,0,0.69,0.76,0.86,1.05,0.72,0.07
1270.12,38,1,0.77,0.77,0.95,0,0.89,0,0.88,0,0.69,0.76,0.86,1.05,0.71,0.07
1271.12,38,1,0.77,0.77,0.96,0,0.89,0,0.88,0,0.69,0.76,0.86,1.06,0.72,0.07
1272.13,38,0.98,0.76,0.76,0.96,0,0.89,0,0.87,0,0.69,0.76,0.85,1.05,0.71,0.07
1273.13,38,1,0.76,0.76,0.95,0,0.88,0,0.86,0,0.69,0.76,0.85,1.05,0.71,0.07
1274.13,38,1,0.77,0.76,0.95,0,0.88,0,0.86,0,0.69,0.76,0.86,1.05,0.71,0.07
1275.13,38,1,0.76,0.76,0.95,0,0.88,0,0.87,0,0.69,0.75,0.86,1.05,0.71,0.07
1276.13,38,0.98,0.76,0.76,0.95,0,0.89,0,0.87,0,0.69,0.76,0.86,1.05,0.72,0.07
1277.13,38,1,0.76,0.76,0.95,0,0.88,0,0.87,0,0.69,0.76,0.85,1.05,0.71,0.07
1278.15,38,1,0.76,0.76,0.95,0,0.88,0,0.87,0,0.69,0.76,0.85,1.05,0.72,0.07
1279.15,38,1,0.76,0.76,0.95,0,0.88,0,0.86,0,0.69,0.75,0.85,1.04,0.71,0.07
1280.15,38,1,0.77,0.76,0.96,0,0.88,0,0.87,0,0.69,0.75,0.86,1.05,0.72,0.07
1281.15,38,1,0.77,0.76,0.95,0,0.89,0,0.87,0,0.69,0.76,0.86,1.05,0.72,0.08
1282.15,38,1,0.76,0.76,0.95,0,0.88,0,0.87,0,0.68,0.76,0.86,1.05,0.71,0.07
1283.17,38,1,0.76,0.76,0.95,0,0.88,0,0.87,0,0.69,0.76,0.86,1.05,0.71,0.07
1284.17,38,0.97,0.76,0.76,0.95,0,0.88,0,0.86,0,0.69,0.76,0.85,1.04,0.71,0.07
1285.17,38,1,0.76,0.76,0.95,0,0.88,0,0.86,0,0.69,0.76,0.86,1.05,0.71,0.07
1286.17,38,1,0.77,0.76,0.95,0,0.88,0,0.86,0,0.69,0.75,0.85,1.06,0.71,0.07
1287.17,38,1,0.77,0.76,0.95,0,0.88,0,0.86,0,0.68,0.75,0.86,1.05,0.71,0.07
1288.17,38,1,0.76,0.76,0.95,0,0.87,0,0.87,0,0.68,0.76,0.85,1.05,0.71,0.07
1289.17,38,1,0.76,0.76,0.95,0,0.88,0,0.86,0,0.68,0.76,0.85,1.05,0.71,0.07
1290.18,38,1,0.77,0.76,0.95,0,0.88,0,0.87,0,0.68,0.76,0.86,1.05,0.71,0.07
1291.18,38,0.96,0.76,0.76,0.94,0,0.88,0,0.87,0,0.68,0.75,0.85,1.04,0.71,0.07
1292.2,38,0.98,0.76,0.76,0.95,0,0.88,0,0.86,0,0.69,0.76,0.85,1.05,0.71,0.07
1293.2,38,1,0.76,0.76,0.95,0,0.88,0,0.87,0,0.69,0.76,0.85,1.05,0.72,0.07
1294.2,38,0.96,0.77,0.76,0.95,0,0.88,0,0.87,0,0.68,0.76,0.86,1.05,0.72,0.07
1295.2,38,0.95,0.76,0.75,0.95,0,0.88,0,0.87,0,0.68,0.75,0.85,1.05,0.71,0.07
1296.2,38,1,0.77,0.76,0.95,0,0.88,0,0.86,0,0.68,0.76,0.85,1.05,0.71,0.07
1297.22,38,1,0.76,0.76,0.95,0,0.87,0,0.87,0,0.68,0.76,0.85,1.05,0.71,0.07
1298.22,38,1,0.76,0.76,0.94,0,0.88,0,0.87,0,0.69,0.76,0.85,1.05,0.71,0.07
1299.22,38,1,0.76,0.76,0.95,0,0.88,0,0.86,0,0.68,0.76,0.85,1.05,0.72,0.07
1300.22,38,1,0.76,0.76,0.95,0,0.88,0,0.87,0,0.69,0.76,0.86,1.05,0.71,0.07
1301.22,38,0.95,0.76,0.76,0.95,0,0.88,0,0.86,0,0.68,0.75,0.85,1.05,0.71,0.07
1302.22,38,1,0.77,0.76,0.95,0,0.88,0,0.86,0,0.68,0.75,0.85,1.04,0.71,0.07
1303.22,38,0.99,0.77,0.76,0.95,0,0.89,0,0.87,0,0.69,0.76,0.86,1.06,0.72,0.07
1304.23,38,1,0.77,0.77,0.96,0,0.89,0,0.88,0,0.69,0.76,0.86,1.05,0.72,0.08
1305.23,38,1,0.76,0.76,0.95,0,0.88,0,0.86,0,0.69,0.76,0.85,1.05,0.71,0.07
1306.23,38,1,0.77,0.76,0.95,0,0.88,0,0.87,0,0.69,0.76,0.86,1.05,0.72,0.07
1307.23,38,0.99,0.76,0.76,0.95,0,0.87,0,0.86,0,0.68,0.76,0.85,1.05,0.71,0.07
1308.23,38,0.97,0.76,0.76,0.95,0,0.88,0,0.86,0,0.69,0.76,0.86,1.04,0.71,0.07
1309.23,38,1,0.76,0.76,0.95,0,0.88,0,0.86,0,0.69,0.76,0.85,1.05,0.71,0.07
1310.25,38,0.98,0.76,0.76,0.95,0,0.88,0,0.88,0,0.69,0.76,0.86,1.05,0.71,0.07
1311.25,38,1,0.76,0.76,0.95,0,0.88,0,0.87,0,0.69,0.76,0.86,1.05,0.71,0.07
1312.25,38,1,0.76,0.76,0.95,0,0.88,0,0.86,0,0.68,0.76,0.86,1.05,0.71,0.07
1313.25,38,0.98,0.76,0.76,0.95,0,0.88,0,0.87,0,0.69,0.76,0.86,1.05,0.71,0.07
1314.25,38,0.99,0.76,0.76,0.95,0,0.87,0,0.86,0,0.68,0.75,0.86,1.05,0.71,0.07
1315.25,38,0.96,0.76,0.75,0.95,0,0.88,0,0.86,0,0.68,0.76,0.85,1.05,0.71,0.07
1316.25,38,1,0.77,0.76,0.95,0,0.88,0,0.87,0,0.69,0.75,0.86,1.05,0.71,0.07
1317.27,38,0.99,0.76,0.76,0.95,0,0.88,0,0.86,0,0.69,0.76,0.85,1.05,0.71,0.07
1318.27,38,1,0.76,0.76,0.94,0,0.88,0,0.87,0,0.69,0.76,0.85,1.05,0.71,0.07
1319.28,38,0.99,0.76,0.76,0.95,0,0.88,0,0.87,0,0.68,0.76,0.86,1.05,0.71,0.07
1320.28,38,1,0.76,0.76,0.95,0,0.88,0,0.86,0,0.69,0.76,0.86,1.04,0.71,0.07
1321.28,38,0.95,0.76,0.76,0.94,0,0.88,0,0.86,0,0.67,0.75,0.85,1.04,0.71,0.07
1322.3,38,1,0.77,0.76,0.95,0,0.88,0,0.86,0,0.68,0.75,0.85,1.05,0.71,0.07
1323.3,38,0.99,0.76,0.76,0.95,0,0.88,0,0.86,0,0.68,0.75,0.85,1.05,0.72,0.07
1324.3,38,1,0.77,0.76,0.94,0,0.88,0,0.86,0,0.68,0.74,0.85,1.04,0.71,0.06
1325.32,38,0.99,0.76,0.76,0.95,0,0.88,0,0.86,0,0.69,0.75,0.85,1.04,0.71,0.07
1326.32,38,0.98,0.76,0.75,0.95,0,0.88,0,0.87,0,0.69,0.75,0.85,1.05,0.71,0.07
1327.32,38,1,0.77,0.76,0.96,0,0.88,0,0.87,0,0.69,0.76,0.86,1.04,0.71,0.07
1328.32,38,0.99,0.76,0.76,0.94,0,0.87,0,0.86,0,0.68,0.75,0.85,1.04,0.71,0.07
1329.32,38,0.95,0.76,0.76,0.95,0,0.88,0,0.86,0,0.68,0.75,0.85,1.05,0.71,0.07
1330.33,38,0.99,0.76,0.75,0.94,0,0.87,0,0.86,0,0.68,0.75,0.85,1.05,0.71,0.07
1331.33,38,1,0.76,0.77,0.96,0,0.88,0,0.87,0,0.69,0.76,0.86,1.06,0.72,0.07
1332.33,38,1,0.77,0.76,0.96,0,0.88,0,0.87,0,0.68,0.76,0.86,1.05,0.71,0.07
1333.33,38,1,0.77,0.76,0.95,0,0.88,0,0.87,0,0.68,0.76,0.86,1.05,0.72,0.07
1334.33,38,0.96,0.76,0.76,0.95,0,0.88,0,0.86,0,0.68,0.75,0.85,1.05,0.71,0.07
1335.33,38,0.96,0.76,0.76,0.95,0,0.88,0,0.86,0,0.68,0.75,0.85,1.05,0.71,0.07
1336.33,38,0.99,0.76,0.75,0.94,0,0.87,0,0.86,0,0.68,0.74,0.84,1.05,0.71,0.06
1337.33,38,0.99,0.76,0.76,0.94,0,0.88,0,0.87,0,0.68,0.75,0.85,1.04,0.71,0.07
1338.33,38,1,0.76,0.76,0.95,0,0.88,0,0.86,0,0.69,0.75,0.86,1.05,0.71,0.07
1339.35,38,0.98,0.76,0.75,0.95,0,0.88,0,0.86,0,0.69,0.75,0.86,1.05,0.71,0.07
1340.35,38,1,0.76,0.76,0.95,0,0.88,0,0.86,0,0.67,0.75,0.85,1.05,0.71,0.07
1341.35,38,1,0.76,0.76,0.95,0,0.88,0,0.86,0,0.69,0.76,0.85,1.05,0.72,0.07
1342.35,38,0.97,0.76,0.75,0.95,0,0.88,0,0.87,0,0.69,0.75,0.85,1.05,0.71,0.06
1343.35,38,1,0.77,0.76,0.95,0,0.88,0,0.87,0,0.69,0.76,0.86,1.05,0.71,0.07
1344.37,38,1,0.76,0.76,0.95,0,0.88,0,0.87,0,0.69,0.75,0.85,1.05,0.71,0.07
1345.37,38,1,0.77,0.76,0.95,0,0.88,0,0.87,0,0.69,0.76,0.86,1.05,0.72,0.07
1346.37,38,0.96,0.75,0.76,0.95,0,0.88,0,0.86,0,0.68,0.75,0.84,1.04,0.71,0.07
1347.37,38,1,0.76,0.76,0.95,0,0.88,0,0.86,0,0.68,0.75,0.85,1.05,0.72,0.07
1348.38,38,0.97,0.76,0.75,0.95,0,0.88,0,0.86,0,0.69,0.75,0.85,1.04,0.71,0.07
1349.38,38,0.99,0.76,0.76,0.95,0,0.87,0,0.86,0,0.68,0.75,0.85,1.05,0.71,0.07
1350.38,38,1,0.77,0.76,0.95,0,0.88,0,0.86,0,0.69,0.76,0.86,1.05,0.72,0.07
1351.38,38,1,0.76,0.76,0.95,0,0.88,0,0.87,0,0.69,0.76,0.85,1.05,0.71,0.07
1352.38,38,0.98,0.77,0.76,0.95,0,0.88,0,0.87,0,0.69,0.76,0.86,1.06,0.71,0.08
1353.38,38,1,0.76,0.76,0.95,0,0.88,0,0.87,0,0.69,0.76,0.86,1.05,0.72,0.07
1354.38,38,1,0.76,0.76,0.95,0,0.88,0,0.87,0,0.68,0.75,0.85,1.05,0.72,0.07
1355.4,38,1,0.77,0.76,0.95,0,0.88,0,0.88,0,0.69,0.76,0.86,1.05,0.72,0.07
1356.4,38,1,0.76,0.76,0.95,0,0.88,0,0.86,0,0.69,0.75,0.86,1.05,0.71,0.07
1357.4,38,1,0.77,0.76,0.96,0,0.88,0,0.88,0,0.69,0.76,0.86,1.05,0.72,0.07
1358.4,38,1,0.76,0.76,0.95,0,0.88,0,0.87,0,0.69,0.76,0.85,1.05,0.71,0.07
1359.42,38,1,0.76,0.76,0.95,0,0.88,0,0.87,0,0.69,0.75,0.85,1.05,0.71,0.07
1360.42,38,1,0.77,0.77,0.95,0,0.88,0,0.88,0,0.69,0.76,0.86,1.05,0.72,0.08
1361.42,38,1,0.77,0.76,0.95,0,0.88,0,0.88,0,0.7,0.76,0.86,1.05,0.72,0.07
1362.43,38,0.99,0.76,0.76,0.95,0,0.88,0,0.86,0,0.68,0.75,0.85,1.05,0.71,0.07
1363.43,38,0.96,0.77,0.76,0.95,0,0.88,0,0.87,0,0.69,0.76,0.86,1.05,0.72,0.07
1364.43,38,1,0.76,0.76,0.95,0,0.89,0,0.86,0,0.69,0.76,0.85,1.05,0.72,0.07
1365.43,38,1,0.77,0.76,0.95,0,0.89,0,0.88,0,0.69,0.76,0.85,1.05,0.72,0.08
1366.43,38,1,0.77,0.76,0.95,0,0.88,0,0.88,0,0.69,0.76,0.86,1.06,0.72,0.08
1367.45,38,1,0.77,0.76,0.96,0,0.88,0,0.87,0,0.69,0.76,0.86,1.05,0.72,0.07
1368.45,38,1,0.76,0.76,0.95,0,0.89,0,0.87,0,0.69,0.76,0.86,1.05,0.71,0.07
1369.45,38,1,0.77,0.76,0.95,0,0.88,0,0.88,0,0.69,0.76,0.86,1.05,0.72,0.07
1370.45,38,1,0.76,0.76,0.95,0,0.88,0,0.87,0,0.68,0.76,0.86,1.04,0.71,0.07
1371.45,38,1,0.76,0.76,0.95,0,0.88,0,0.87,0,0.69,0.76,0.85,1.05,0.72,0.07
1372.45,38,1,0.77,0.76,0.95,0,0.88,0,0.87,0,0.68,0.76,0.85,1.05,0.71,0.07
1373.45,38,0.97,0.77,0.77,0.96,0,0.89,0,0.88,0,0.69,0.76,0.86,1.05,0.72,0.07
1374.45,38,1,0.76,0.76,0.95,0,0.88,0,0.87,0,0.69,0.76,0.86,1.05,0.71,0.07
1375.47,38,1,0.76,0.76,0.95,0,0.88,0,0.86,0,0.69,0.75,0.86,1.05,0.72,0.07
1376.47,38,1,0.76,0.76,0.95,0,0.88,0,0.88,0,0.69,0.76,0.86,1.05,0.72,0.07
1377.47,38,0.96,0.76,0.76,0.95,0,0.88,0,0.86,0,0.68,0.76,0.86,1.05,0.71,0.07
1378.47,38,1,0.77,0.76,0.95,0,0.88,0,0.88,0,0.69,0.76,0.86,1.05,0.72,0.07
1379.47,38,0.97,0.76,0.76,0.95,0,0.88,0,0.86,0,0.69,0.76,0.85,1.05,0.71,0.07
1380.48,38,0.96,0.77,0.76,0.95,0,0.88,0,0.86,0,0.68,0.75,0.85,1.04,0.71,0.07
1381.48,38,0.96,0.76,0.75,0.94,0,0.88,0,0.86,0,0.67,0.75,0.84,1.05,0.71,0.07
1382.48,38,0.97,0.76,0.76,0.95,0,0.88,0,0.87,0,0.68,0.76,0.85,1.05,0.72,0.07
1383.48,38,0.99,0.76,0.76,0.95,0,0.88,0,0.87,0,0.68,0.76,0.84,1.04,0.71,0.07
1384.48,38,1,0.77,0.75,0.95,0,0.88,0,0.87,0,0.69,0.76,0.85,1.05,0.71,0.06
1385.5,38,0.95,0.76,0.75,0.95,0,0.88,0,0.87,0,0.69,0.76,0.86,1.04,0.71,0.07
1386.5,38,1,0.76,0.76,0.95,0,0.88,0,0.86,0,0.68,0.76,0.86,1.05,0.71,0.07
1387.5,38,1,0.76,0.76,0.95,0,0.88,0,0.86,0,0.68,0.76,0.85,1.05,0.72,0.07
1388.5,38,1,0.76,0.76,0.95,0,0.88,0,0.86,0,0.69,0.76,0.85,1.05,0.71,0.07
1389.5,38,1,0.76,0.76,0.96,0,0.89,0,0.88,0,0.69,0.76,0.86,1.05,0.72,0.07
1390.52,38,1,0.77,0.76,0.96,0,0.88,0,0.87,0,0.69,0.76,0.86,1.05,0.72,0.08
1391.52,38,1,0.77,0.76,0.95,0,0.88,0,0.87,0,0.69,0.76,0.86,1.05,0.72,0.07
1392.52,38,0.99,0.76,0.76,0.95,0,0.87,0,0.86,0,0.68,0.76,0.85,1.04,0.71,0.07
1393.52,38,1,0.77,0.76,0.96,0,0.88,0,0.87,0,0.69,0.76,0.86,1.05,0.72,0.07
1394.53,38,0.97,0.76,0.76,0.95,0,0.88,0,0.86,0,0.68,0.75,0.85,1.04,0.71,0.07
1395.53,38,0.96,0.76,0.75,0.94,0,0.88,0,0.86,0,0.67,0.75,0.85,1.05,0.71,0.07
1396.53,38,0.98,0.76,0.76,0.95,0,0.88,0,0.86,0,0.69,0.75,0.85,1.05,0.71,0.07
1397.53,38,0.99,0.76,0.76,0.95,0,0.87,0,0.86,0,0.68,0.76,0.85,1.04,0.71,0.07
1398.53,38,1,0.76,0.76,0.95,0,0.88,0,0.87,0,0.68,0.75,0.86,1.05,0.71,0.07
1399.55,38,0.98,0.77,0.76,0.95,0,0.88,0,0.86,0,0.69,0.75,0.85,1.04,0.71,0.07
1400.55,38,0.99,0.76,0.76,0.93,0,0.88,0,0.86,0,0.68,0.75,0.85,1.04,0.71,0.06
1401.55,38,0.96,0.76,0.75,0.95,0,0.88,0,0.86,0,0.67,0.76,0.85,1.05,0.71,0.07
1402.57,38,1,0.77,0.76,0.95,0,0.88,0,0.86,0,0.69,0.76,0.85,1.05,0.72,0.07
1403.57,38,0.96,0.76,0.76,0.95,0,0.88,0,0.86,0,0.69,0.75,0.85,1.05,0.71,0.07
1404.57,38,1,0.76,0.76,0.94,0,0.88,0,0.86,0,0.68,0.76,0.85,1.04,0.71,0.07
1405.58,38,0.96,0.76,0.75,0.95,0,0.87,0,0.86,0,0.68,0.75,0.85,1.05,0.71,0.07
1406.58,38,0.96,0.76,0.75,0.95,0,0.88,0,0.87,0,0.68,0.75,0.85,1.05,0.72,0.07
1407.58,38,0.99,0.76,0.76,0.95,0,0.88,0,0.87,0,0.69,0.75,0.86,1.05,0.71,0.07
1408.58,38,1,0.76,0.76,0.95,0,0.88,0,0.87,0,0.68,0.75,0.86,1.05,0.72,0.07
1409.6,38,0.96,0.76,0.76,0.95,0,0.88,0,0.86,0,0.69,0.76,0.86,1.05,0.71,0.07
1410.6,38,1,0.76,0.76,0.95,0,0.88,0,0.86,0,0.69,0.76,0.86,1.05,0.71,0.07
1411.6,38,0.96,0.76,0.75,0.95,0,0.88,0,0.86,0,0.68,0.75,0.84,1.04,0.71,0.07
1412.6,38,0.98,0.76,0.76,0.95,0,0.88,0,0.86,0,0.68,0.75,0.85,1.05,0.71,0.07
1413.6,38,1,0.76,0.76,0.95,0,0.88,0,0.86,0,0.69,0.76,0.85,1.05,0.71,0.07
1414.62,38,1,0.77,0.76,0.95,0,0.88,0,0.87,0,0.68,0.76,0.86,1.05,0.72,0.07
1415.62,38,1,0.76,0.76,0.95,0,0.88,0,0.87,0,0.69,0.76,0.86,1.05,0.72,0.07
1416.62,38,1,0.76,0.76,0.95,0,0.88,0,0.86,0,0.68,0.75,0.85,1.05,0.71,0.07
1417.62,38,0.97,0.76,0.76,0.95,0,0.88,0,0.86,0,0.68,0.75,0.86,1.05,0.72,0.07
1418.63,38,1,0.76,0.76,0.95,0,0.88,0,0.87,0,0.68,0.76,0.85,1.05,0.71,0.07
1419.63,38,0.97,0.76,0.76,0.95,0,0.88,0,0.86,0,0.68,0.75,0.84,1.04,0.71,0.07
1420.63,38,1,0.77,0.76,0.96,0,0.88,0,0.87,0,0.69,0.76,0.85,1.05,0.72,0.07
1421.63,38,1,0.76,0.76,0.95,0,0.88,0,0.87,0,0.69,0.75,0.85,1.05,0.71,0.07
1422.63,38,1,0.76,0.76,0.95,0,0.88,0,0.86,0,0.68,0.74,0.85,1.05,0.71,0.07
1423.63,38,1,0.76,0.75,0.95,0,0.87,0,0.86,0,0.68,0.75,0.85,1.05,0.71,0.07
1424.65,38,1,0.77,0.76,0.95,0,0.88,0,0.86,0,0.69,0.76,0.85,1.05,0.71,0.07
1425.65,38,0.99,0.76,0.76,0.95,0,0.88,0,0.86,0,0.68,0.75,0.85,1.05,0.71,0.07
1426.65,38,1,0.76,0.76,0.95,0,0.88,0,0.86,0,0.69,0.76,0.85,1.05,0.72,0.07
1427.67,38,1,0.77,0.76,0.96,0,0.88,0,0.86,0,0.69,0.76,0.85,1.05,0.71,0.07
1428.67,38,1,0.76,0.76,0.95,0,0.88,0,0.87,0,0.69,0.75,0.85,1.05,0.72,0.07
1429.67,38,1,0.77,0.76,0.95,0,0.88,0,0.86,0,0.69,0.76,0.85,1.05,0.71,0.07
