Time,T,OTU7_R1,OTU8_R1,OTU9_R1,OTU7_R2,OTU8_R2,OTU9_R2,OTU7_R3,OTU8_R3,OTU9_R3,OTU7_R4,OTU8_R4,OTU9_R4,OTU7_R5,OTU8_R5,OTU9_R5
0.03,36,5.39,4.86,5.47,5.22,5.08,5.56,5.42,5.62,5.29,5.31,4.84,5.07,5.53,5,5.26
1.03,36,5.61,5.07,5.64,5.41,5.24,5.73,5.57,5.75,5.41,5.47,4.95,5.2,5.66,5.12,5.38
2.03,36,5.81,5.27,5.81,5.6,5.41,5.81,5.73,5.85,5.52,5.62,5.07,5.34,5.82,5.24,5.53
3.03,36,6.03,5.45,6.02,5.79,5.58,5.93,5.89,5.98,5.66,5.76,5.19,5.48,6.01,5.38,5.67
4.03,36,6.22,5.6,6.21,5.95,5.72,6.04,6.04,6.11,5.76,5.88,5.3,5.61,6.17,5.54,5.81
5.03,36,6.4,5.74,6.4,6.13,5.84,6.14,6.21,6.24,5.88,6.05,5.41,5.75,6.33,5.68,5.95
6.03,36,6.58,5.9,6.58,6.29,5.99,6.28,6.37,6.38,5.99,6.21,5.54,5.89,6.49,5.85,6.11
7.03,36,6.74,6.03,6.73,6.44,6.11,6.4,6.5,6.48,6.11,6.37,5.64,6.01,6.64,5.98,6.24
8.029999999999998,36,6.89,6.15,6.88,6.58,6.25,6.53,6.63,6.6,6.21,6.5,5.75,6.16,6.8,6.12,6.39
9.03,36,7.04,6.26,7.03,6.72,6.38,6.68,6.76,6.71,6.32,6.66,5.87,6.29,6.95,6.26,6.52
10.03,36,7.17,6.38,7.17,6.86,6.5,6.77,6.89,6.83,6.42,6.79,5.99,6.41,7.06,6.38,6.66
11.03,36,7.29,6.48,7.3,6.98,6.61,6.9,7.01,6.95,6.51,6.92,6.11,6.54,7.2,6.51,6.78
12.03,36,7.41,6.55,7.42,7.09,6.73,7,7.11,7.04,6.61,7.03,6.2,6.63,7.29,6.61,6.91
13.03,36,7.52,6.65,7.54,7.21,6.84,7.1,7.23,7.16,6.7,7.15,6.31,6.74,7.42,6.73,7.02
14.03,36,7.63,6.71,7.64,7.32,6.96,7.23,7.32,7.26,6.82,7.27,6.43,6.85,7.51,6.82,7.13
15.03,36,7.72,6.79,7.74,7.41,7.07,7.33,7.41,7.35,6.88,7.36,6.52,6.95,7.61,6.92,7.24
16.03,36,7.81,6.84,7.83,7.5,7.17,7.41,7.5,7.45,6.98,7.46,6.61,7.02,7.71,7,7.33
17.03,36,7.89,6.91,7.91,7.59,7.28,7.51,7.59,7.55,7.07,7.54,6.71,7.12,7.8,7.1,7.44
18.05,36,7.98,6.97,8.01,7.69,7.38,7.61,7.66,7.65,7.17,7.65,6.82,7.22,7.88,7.2,7.54
19.05,36,8.04,7.02,8.07,7.76,7.46,7.69,7.73,7.73,7.25,7.72,6.9,7.28,7.93,7.28,7.61
20.05,36,8.12,7.06,8.15,7.84,7.55,7.78,7.81,7.8,7.32,7.8,6.98,7.37,8,7.36,7.71
21.05,36,8.17,7.1,8.199999999999998,7.89,7.63,7.84,7.85,7.87,7.39,7.85,7.05,7.43,8.05,7.43,7.77
22.05,36,8.23,7.12,8.27,7.96,7.71,7.9,7.91,7.95,7.47,7.92,7.12,7.5,8.11,7.49,7.84
23.07,36,8.27,7.15,8.32,8.02,7.79,7.97,7.96,8.02,7.53,7.98,7.2,7.57,8.17,7.55,7.91
24.07,36,8.33,7.18,8.39,8.08,7.84,8.05,8.029999999999998,8.09,7.59,8.05,7.28,7.64,8.22,7.63,7.98
25.07,36,8.38,7.2,8.44,8.13,7.91,8.11,8.09,8.17,7.68,8.11,7.34,7.71,8.279999999999998,7.7,8.05
26.07,36,8.41,7.22,8.48,8.16,7.98,8.17,8.13,8.23,7.74,8.16,7.41,7.76,8.32,7.76,8.1
27.07,36,8.46,7.25,8.52,8.22,8.04,8.24,8.18,8.3,7.81,8.21,7.48,7.84,8.36,7.82,8.17
28.08,36,8.5,7.26,8.56,8.26,8.1,8.29,8.23,8.37,7.86,8.25,7.53,7.89,8.4,7.87,8.23
29.08,36,8.529999999999998,7.26,8.61,8.31,8.16,8.35,8.279999999999998,8.42,7.92,8.31,7.59,7.96,8.44,7.92,8.29
30.08,36,8.56,7.28,8.65,8.34,8.199999999999998,8.39,8.32,8.47,7.97,8.34,7.64,8,8.46,7.96,8.33
31.1,36,8.59,7.28,8.68,8.38,8.25,8.449999999999998,8.36,8.529999999999998,8.02,8.38,7.7,8.06,8.49,8,8.37
32.1,36,8.63,7.29,8.72,8.41,8.31,8.47,8.39,8.57,8.09,8.41,7.75,8.12,8.529999999999998,8.05,8.42
33.1,36,8.66,7.29,8.76,8.449999999999998,8.35,8.54,8.42,8.65,8.14,8.44,7.81,8.17,8.56,8.1,8.47
34.1,36,8.68,7.31,8.779999999999998,8.48,8.4,8.57,8.46,8.68,8.18,8.48,7.84,8.23,8.61,8.14,8.51
35.12,36,8.699999999999998,7.3,8.8,8.5,8.43,8.63,8.48,8.71,8.23,8.49,7.88,8.26,8.62,8.17,8.55
36.12,36,8.72,7.31,8.83,8.51,8.47,8.67,8.5,8.76,8.27,8.529999999999998,7.92,8.31,8.64,8.21,8.57
37.12,36,8.74,7.31,8.85,8.54,8.49,8.699999999999998,8.529999999999998,8.8,8.31,8.55,7.96,8.36,8.67,8.24,8.62
38.12,36,8.75,7.32,8.87,8.57,8.54,8.74,8.54,8.85,8.33,8.57,8,8.39,8.69,8.27,8.65
39.12,36,8.76,7.3,8.89,8.56,8.55,8.76,8.56,8.87,8.37,8.58,8.02,8.42,8.69,8.29,8.67
40.13,36,8.77,7.3,8.9,8.61,8.61,8.79,8.58,8.9,8.41,8.61,8.06,8.46,8.72,8.32,8.699999999999998
41.13,36,8.79,7.32,8.93,8.63,8.63,8.81,8.61,8.94,8.449999999999998,8.62,8.09,8.49,8.74,8.35,8.72
42.13,36,8.81,7.32,8.96,8.64,8.65,8.84,8.64,8.98,8.48,8.65,8.12,8.54,8.76,8.38,8.77
43.13,36,8.82,7.31,8.96,8.66,8.67,8.86,8.63,9.01,8.52,8.65,8.15,8.55,8.77,8.39,8.77
44.13,36,8.82,7.3,8.98,8.67,8.68,8.87,8.65,9.03,8.54,8.67,8.16,8.57,8.779999999999998,8.42,8.79
45.15,36,8.84,7.32,8.99,8.69,8.72,8.92,8.67,9.07,8.58,8.69,8.199999999999998,8.61,8.79,8.449999999999998,8.81
46.15,36,8.84,7.3,9.01,8.69,8.74,8.92,8.67,9.09,8.59,8.699999999999998,8.22,8.63,8.79,8.449999999999998,8.83
47.15,36,8.86,7.32,9.02,8.72,8.76,8.94,8.69,9.11,8.64,8.72,8.23,8.65,8.81,8.49,8.85
48.15,36,8.86,7.31,9.03,8.72,8.77,8.97,8.69,9.13,8.67,8.72,8.25,8.66,8.81,8.5,8.87
49.15,36,8.87,7.32,9.05,8.73,8.79,8.99,8.71,9.16,8.699999999999998,8.73,8.27,8.69,8.82,8.52,8.87
50.17,36,8.88,7.3,9.06,8.73,8.79,9,8.72,9.17,8.69,8.74,8.279999999999998,8.69,8.83,8.52,8.89
51.17,36,8.88,7.31,9.06,8.73,8.81,9.03,8.71,9.19,8.71,8.74,8.3,8.71,8.83,8.54,8.9
52.17,36,8.89,7.3,9.06,8.74,8.82,9.04,8.73,9.22,8.75,8.74,8.32,8.73,8.83,8.55,8.92
53.17,36,8.89,7.3,9.07,8.74,8.83,9.06,8.73,9.24,8.75,8.75,8.33,8.74,8.85,8.56,8.92
54.18,36,8.89,7.29,9.08,8.73,8.83,9.07,8.72,9.23,8.76,8.75,8.33,8.74,8.83,8.56,8.92
55.18,36,8.89,7.29,9.08,8.74,8.84,9.06,8.74,9.26,8.79,8.76,8.36,8.77,8.85,8.58,8.94
56.18,36,8.91,7.3,9.09,8.75,8.87,9.09,8.75,9.27,8.8,8.76,8.36,8.779999999999998,8.84,8.58,8.97
57.2,36,8.89,7.28,9.08,8.75,8.86,9.1,8.73,9.26,8.8,8.75,8.36,8.779999999999998,8.84,8.58,8.94
58.2,36,8.89,7.28,9.08,8.74,8.86,9.08,8.74,9.26,8.8,8.75,8.37,8.779999999999998,8.85,8.59,8.96
59.2,36,8.9,7.29,9.09,8.75,8.88,9.1,8.75,9.29,8.83,8.76,8.38,8.8,8.85,8.61,8.98
60.22,36,8.89,7.28,9.09,8.74,8.87,9.11,8.75,9.28,8.83,8.74,8.39,8.81,8.84,8.61,8.99
61.22,36,8.89,7.28,9.09,8.75,8.89,9.11,8.74,9.3,8.85,8.76,8.41,8.81,8.85,8.61,8.98
62.22,36,8.9,7.27,9.1,8.75,8.89,9.11,8.76,9.32,8.86,8.76,8.42,8.83,8.86,8.62,8.99
63.22,36,8.89,7.28,9.1,8.75,8.9,9.13,8.76,9.33,8.88,8.76,8.43,8.84,8.85,8.63,9.01
64.23,36,8.89,7.28,9.11,8.75,8.9,9.14,8.77,9.34,8.88,8.76,8.43,8.86,8.86,8.64,9
65.23,36,8.89,7.27,9.09,8.75,8.91,9.13,8.76,9.32,8.88,8.76,8.43,8.85,8.86,8.63,9.01
66.23,36,8.89,7.28,9.11,8.76,8.92,9.15,8.779999999999998,9.35,8.9,8.76,8.449999999999998,8.87,8.86,8.64,9.01
67.25,36,8.89,7.28,9.1,8.75,8.92,9.14,8.76,9.37,8.9,8.76,8.44,8.88,8.87,8.64,9.01
68.25,36,8.88,7.26,9.11,8.74,8.91,9.15,8.75,9.33,8.9,8.74,8.44,8.87,8.86,8.64,9.01
69.25,36,8.88,7.26,9.1,8.75,8.92,9.15,8.76,9.38,8.9,8.76,8.449999999999998,8.88,8.85,8.66,9.02
70.25,36,8.87,7.24,9.1,8.74,8.91,9.15,8.76,9.37,8.89,8.75,8.449999999999998,8.89,8.86,8.64,9.02
71.25,36,8.87,7.25,9.08,8.74,8.91,9.15,8.75,9.37,8.91,8.73,8.449999999999998,8.88,8.85,8.64,9.01
72.27,36,8.87,7.24,9.1,8.75,8.92,9.16,8.76,9.37,8.93,8.73,8.46,8.9,8.84,8.65,9.03
73.27,36,8.87,7.23,9.1,8.75,8.92,9.15,8.76,9.39,8.93,8.73,8.47,8.9,8.86,8.65,9.02
74.27,36,8.86,7.23,9.1,8.74,8.93,9.15,8.75,9.38,8.93,8.74,8.46,8.91,8.83,8.65,9.03
75.27,36,8.85,7.23,9.08,8.73,8.91,9.15,8.76,9.38,8.93,8.72,8.47,8.9,8.85,8.64,9.02
76.27,36,8.85,7.22,9.08,8.72,8.92,9.15,8.75,9.37,8.93,8.72,8.47,8.91,8.85,8.65,9.02
77.27,36,8.84,7.22,9.08,8.73,8.92,9.15,8.74,9.38,8.93,8.72,8.47,8.9,8.84,8.64,9.01
78.27,36,8.84,7.22,9.08,8.72,8.92,9.17,8.76,9.4,8.94,8.72,8.47,8.92,8.83,8.65,9.02
79.27,36,8.83,7.21,9.07,8.72,8.91,9.15,8.74,9.39,8.94,8.71,8.47,8.91,8.83,8.64,9.02
80.27,36,8.82,7.21,9.06,8.71,8.91,9.13,8.74,9.38,8.94,8.699999999999998,8.46,8.91,8.82,8.64,9
81.27,36,8.81,7.2,9.07,8.71,8.91,9.15,8.74,9.39,8.94,8.699999999999998,8.47,8.91,8.82,8.65,9.03
82.28,36,8.8,7.19,9.06,8.699999999999998,8.91,9.13,8.74,9.37,8.93,8.68,8.46,8.91,8.81,8.62,9
83.28,36,8.79,7.18,9.05,8.699999999999998,8.9,9.12,8.73,9.37,8.93,8.68,8.449999999999998,8.9,8.8,8.62,9
84.28,36,8.79,7.19,9.04,8.699999999999998,8.91,9.13,8.74,9.38,8.94,8.68,8.46,8.91,8.8,8.64,9.01
85.28,36,8.79,7.17,9.05,8.699999999999998,8.9,9.13,8.74,9.38,8.94,8.68,8.46,8.91,8.8,8.62,9
86.28,36,8.779999999999998,7.16,9.05,8.699999999999998,8.91,9.14,8.74,9.37,8.94,8.67,8.46,8.92,8.8,8.62,9
87.28,36,8.76,7.16,9.04,8.68,8.89,9.12,8.72,9.35,8.93,8.64,8.449999999999998,8.92,8.779999999999998,8.59,8.99
88.28,36,8.75,7.17,9.02,8.67,8.89,9.11,8.71,9.37,8.93,8.65,8.449999999999998,8.91,8.77,8.59,8.99
89.28,36,8.73,7.13,9.01,8.67,8.87,9.09,8.699999999999998,9.33,8.92,8.63,8.42,8.9,8.76,8.58,8.97
90.28,36,8.73,7.13,9.01,8.68,8.88,9.09,8.69,9.35,8.92,8.62,8.43,8.89,8.75,8.58,8.98
91.28,36,8.73,7.14,9.01,8.68,8.88,9.11,8.699999999999998,9.35,8.92,8.63,8.43,8.9,8.76,8.59,8.99
92.28,36,8.72,7.13,9,8.66,8.87,9.09,8.69,9.34,8.92,8.59,8.42,8.88,8.74,8.57,8.98
93.28,36,8.71,7.13,8.99,8.66,8.87,9.08,8.69,9.33,8.91,8.61,8.43,8.89,8.75,8.58,8.98
94.28,36,8.699999999999998,7.11,8.99,8.65,8.86,9.08,8.68,9.33,8.92,8.58,8.42,8.88,8.73,8.56,8.96
95.28,36,8.69,7.11,8.97,8.65,8.86,9.07,8.68,9.32,8.91,8.57,8.4,8.88,8.74,8.56,8.96
96.28,36,8.68,7.1,8.97,8.64,8.85,9.08,8.67,9.32,8.91,8.57,8.41,8.88,8.72,8.55,8.94
97.28,36,8.67,7.1,8.96,8.63,8.85,9.05,8.66,9.3,8.9,8.55,8.39,8.87,8.71,8.54,8.94
98.28,36,8.65,7.09,8.96,8.63,8.84,9.04,8.65,9.29,8.9,8.54,8.4,8.87,8.699999999999998,8.529999999999998,8.96
99.28,36,8.64,7.07,8.92,8.61,8.83,9.04,8.63,9.29,8.89,8.52,8.37,8.85,8.68,8.52,8.91
100.28,36,8.64,7.08,8.92,8.61,8.82,9.03,8.63,9.29,8.88,8.51,8.38,8.86,8.68,8.51,8.93
101.28,36,8.63,7.08,8.92,8.61,8.82,9.02,8.63,9.29,8.89,8.51,8.37,8.85,8.68,8.52,8.93
102.28,36,8.62,7.06,8.91,8.59,8.81,9.02,8.62,9.27,8.88,8.5,8.37,8.85,8.67,8.51,8.91
103.28,36,8.59,7.04,8.9,8.57,8.8,9.02,8.61,9.27,8.88,8.49,8.36,8.84,8.65,8.49,8.9
104.28,36,8.58,7.04,8.89,8.58,8.8,8.99,8.59,9.25,8.87,8.48,8.35,8.84,8.64,8.49,8.9
105.28,36,8.56,7.03,8.88,8.56,8.79,8.98,8.58,9.26,8.87,8.449999999999998,8.34,8.82,8.63,8.47,8.9
106.3,36,8.56,7.03,8.88,8.55,8.79,8.98,8.58,9.25,8.88,8.46,8.34,8.83,8.63,8.47,8.89
107.3,36,8.54,7.02,8.87,8.529999999999998,8.779999999999998,8.98,8.57,9.24,8.85,8.43,8.32,8.81,8.62,8.46,8.88
108.3,36,8.529999999999998,7,8.85,8.54,8.77,8.96,8.56,9.23,8.85,8.41,8.33,8.81,8.59,8.449999999999998,8.88
109.3,36,8.529999999999998,7,8.85,8.52,8.76,8.97,8.55,9.22,8.86,8.43,8.32,8.81,8.59,8.44,8.88
110.3,36,8.5,6.98,8.83,8.51,8.74,8.94,8.54,9.21,8.83,8.39,8.279999999999998,8.79,8.56,8.42,8.86
111.3,36,8.5,6.99,8.84,8.51,8.75,8.94,8.529999999999998,9.21,8.84,8.38,8.3,8.79,8.56,8.42,8.85
112.32,36,8.48,6.97,8.83,8.49,8.73,8.93,8.52,9.2,8.83,8.37,8.29,8.79,8.55,8.4,8.86
113.32,36,8.47,6.95,8.8,8.48,8.72,8.91,8.51,9.19,8.82,8.35,8.26,8.779999999999998,8.54,8.39,8.84
114.32,36,8.449999999999998,6.95,8.8,8.47,8.699999999999998,8.89,8.5,9.15,8.81,8.34,8.26,8.77,8.529999999999998,8.39,8.83
115.32,36,8.449999999999998,6.95,8.79,8.46,8.699999999999998,8.9,8.5,9.16,8.81,8.33,8.26,8.77,8.51,8.38,8.84
116.32,36,8.43,6.93,8.779999999999998,8.44,8.699999999999998,8.87,8.48,9.14,8.8,8.32,8.24,8.74,8.49,8.36,8.82
117.33,36,8.41,6.91,8.75,8.42,8.68,8.87,8.46,9.11,8.779999999999998,8.3,8.22,8.72,8.47,8.33,8.79
118.33,36,8.39,6.91,8.75,8.41,8.66,8.85,8.46,9.12,8.779999999999998,8.279999999999998,8.21,8.73,8.46,8.34,8.8
119.33,36,8.39,6.9,8.74,8.4,8.66,8.84,8.44,9.11,8.77,8.27,8.21,8.72,8.44,8.32,8.79
120.35,36,8.37,6.89,8.73,8.39,8.65,8.83,8.44,9.11,8.77,8.26,8.199999999999998,8.71,8.44,8.31,8.79
121.35,36,8.36,6.88,8.72,8.39,8.65,8.83,8.43,9.1,8.76,8.24,8.18,8.71,8.44,8.3,8.779999999999998
122.35,36,8.35,6.86,8.699999999999998,8.37,8.63,8.82,8.41,9.08,8.75,8.22,8.18,8.69,8.41,8.29,8.77
123.35,36,8.32,6.84,8.699999999999998,8.35,8.61,8.8,8.4,9.07,8.73,8.21,8.15,8.67,8.39,8.27,8.75
124.35,36,8.32,6.86,8.68,8.35,8.61,8.8,8.4,9.08,8.74,8.199999999999998,8.15,8.67,8.39,8.27,8.76
125.35,36,8.3,6.83,8.67,8.33,8.58,8.77,8.38,9.05,8.72,8.18,8.13,8.67,8.37,8.25,8.75
126.35,36,8.29,6.83,8.66,8.32,8.56,8.77,8.36,9.03,8.72,8.16,8.13,8.66,8.35,8.24,8.74
127.35,36,8.27,6.82,8.64,8.29,8.57,8.74,8.35,9.02,8.72,8.15,8.12,8.65,8.35,8.22,8.73
128.35,36,8.26,6.82,8.64,8.279999999999998,8.55,8.75,8.34,9,8.699999999999998,8.13,8.11,8.64,8.33,8.21,8.72
129.37,36,8.25,6.8,8.62,8.27,8.529999999999998,8.72,8.32,9,8.699999999999998,8.11,8.1,8.64,8.32,8.21,8.71
130.37,36,8.23,6.79,8.61,8.24,8.51,8.71,8.31,8.98,8.68,8.1,8.08,8.62,8.3,8.18,8.699999999999998
131.38,36,8.23,6.78,8.61,8.24,8.51,8.699999999999998,8.31,8.98,8.68,8.09,8.08,8.61,8.3,8.18,8.699999999999998
132.38,36,8.21,6.76,8.58,8.22,8.49,8.699999999999998,8.279999999999998,8.96,8.67,8.06,8.06,8.59,8.279999999999998,8.15,8.68
133.38,36,8.19,6.75,8.56,8.19,8.47,8.67,8.27,8.94,8.66,8.04,8.04,8.58,8.26,8.15,8.67
134.4,36,8.18,6.75,8.55,8.18,8.449999999999998,8.67,8.25,8.93,8.64,8.02,8.029999999999998,8.57,8.24,8.12,8.66
135.4,36,8.16,6.72,8.529999999999998,8.16,8.42,8.64,8.23,8.92,8.64,8,8.01,8.56,8.23,8.1,8.63
136.4,36,8.16,6.72,8.529999999999998,8.15,8.43,8.64,8.23,8.91,8.64,8,8,8.56,8.22,8.11,8.65
137.4,36,8.14,6.71,8.52,8.12,8.41,8.63,8.199999999999998,8.89,8.61,7.97,8,8.529999999999998,8.199999999999998,8.08,8.62
138.42,36,8.12,6.7,8.5,8.1,8.39,8.61,8.18,8.87,8.59,7.93,7.97,8.529999999999998,8.17,8.07,8.61
139.42,36,8.11,6.69,8.49,8.08,8.38,8.59,8.18,8.85,8.59,7.93,7.96,8.52,8.16,8.05,8.61
140.42,36,8.08,6.67,8.47,8.05,8.36,8.56,8.14,8.84,8.56,7.9,7.93,8.5,8.14,8.029999999999998,8.56
141.42,36,8.07,6.67,8.47,8.05,8.34,8.57,8.14,8.83,8.57,7.88,7.93,8.5,8.14,8.02,8.58
142.42,36,8.04,6.64,8.43,8.01,8.3,8.54,8.11,8.81,8.529999999999998,7.84,7.9,8.47,8.09,7.98,8.55
143.42,36,8.04,6.64,8.43,7.99,8.3,8.52,8.1,8.79,8.529999999999998,7.85,7.89,8.47,8.1,7.98,8.54
144.42,36,8.02,6.63,8.41,7.97,8.29,8.51,8.09,8.779999999999998,8.51,7.83,7.87,8.46,8.07,7.97,8.529999999999998
145.42,36,8,6.59,8.4,7.96,8.27,8.49,8.07,8.77,8.51,7.81,7.85,8.449999999999998,8.06,7.94,8.51
146.43,36,7.99,6.6,8.39,7.93,8.24,8.48,8.06,8.75,8.49,7.79,7.84,8.43,8.04,7.93,8.5
147.43,36,7.97,6.58,8.38,7.91,8.23,8.47,8.04,8.74,8.47,7.76,7.83,8.41,8.04,7.91,8.5
148.43,36,7.95,6.57,8.36,7.89,8.21,8.449999999999998,8.02,8.72,8.46,7.74,7.81,8.41,8.01,7.89,8.48
149.43,36,7.93,6.56,8.34,7.85,8.18,8.43,8.01,8.699999999999998,8.449999999999998,7.72,7.8,8.4,7.99,7.88,8.46
150.43,36,7.92,6.55,8.32,7.84,8.17,8.43,7.99,8.68,8.43,7.69,7.78,8.38,7.99,7.85,8.449999999999998
151.43,36,7.89,6.53,8.31,7.82,8.15,8.4,7.98,8.66,8.42,7.66,7.76,8.36,7.97,7.84,8.43
152.43,36,7.88,6.51,8.29,7.8,8.12,8.38,7.94,8.65,8.41,7.64,7.74,8.35,7.96,7.82,8.41
153.43,36,7.86,6.5,8.279999999999998,7.78,8.1,8.38,7.94,8.64,8.4,7.62,7.73,8.34,7.95,7.81,8.4
154.43,36,7.85,6.48,8.26,7.75,8.09,8.36,7.9,8.61,8.38,7.59,7.71,8.32,7.93,7.78,8.4
155.43,36,7.83,6.47,8.24,7.71,8.05,8.33,7.88,8.58,8.36,7.56,7.68,8.3,7.91,7.76,8.38
156.45,36,7.83,6.47,8.24,7.7,8.04,8.32,7.86,8.56,8.35,7.53,7.68,8.29,7.9,7.75,8.38
157.45,36,7.81,6.45,8.21,7.67,8.02,8.3,7.84,8.55,8.33,7.5,7.65,8.27,7.88,7.72,8.35
158.45,36,7.78,6.43,8.19,7.64,7.98,8.279999999999998,7.81,8.529999999999998,8.31,7.47,7.61,8.26,7.85,7.69,8.33
159.45,36,7.77,6.43,8.19,7.62,7.97,8.27,7.8,8.51,8.31,7.46,7.6,8.25,7.86,7.68,8.32
160.47,36,7.74,6.39,8.16,7.58,7.94,8.23,7.76,8.48,8.27,7.41,7.57,8.22,7.84,7.64,8.3
161.47,36,7.73,6.38,8.14,7.57,7.92,8.24,7.74,8.47,8.279999999999998,7.4,7.56,8.22,7.82,7.64,8.29
162.47,36,7.71,6.38,8.12,7.55,7.89,8.21,7.71,8.44,8.26,7.37,7.53,8.199999999999998,7.81,7.61,8.27
163.47,36,7.67,6.35,8.1,7.52,7.86,8.19,7.67,8.42,8.24,7.33,7.5,8.18,7.78,7.59,8.25
164.47,36,7.66,6.34,8.09,7.5,7.85,8.17,7.64,8.41,8.22,7.31,7.5,8.17,7.77,7.56,8.24
165.47,36,7.64,6.33,8.07,7.48,7.84,8.15,7.61,8.38,8.21,7.28,7.47,8.15,7.75,7.54,8.22
166.47,36,7.6,6.3,8.029999999999998,7.46,7.79,8.12,7.58,8.35,8.19,7.25,7.44,8.12,7.72,7.5,8.199999999999998
167.48,36,7.58,6.3,8.02,7.44,7.77,8.11,7.54,8.34,8.17,7.23,7.43,8.12,7.71,7.5,8.18
168.48,36,7.55,6.28,7.99,7.4,7.74,8.07,7.5,8.31,8.14,7.19,7.4,8.08,7.67,7.47,8.15
169.5,36,7.52,6.26,7.97,7.38,7.7,8.029999999999998,7.45,8.29,8.13,7.17,7.37,8.07,7.65,7.43,8.14
170.5,36,7.5,6.24,7.95,7.36,7.67,8.01,7.42,8.26,8.09,7.12,7.34,8.05,7.62,7.41,8.11
171.5,36,7.47,6.22,7.93,7.32,7.65,7.99,7.37,8.24,8.09,7.1,7.32,8.04,7.61,7.38,8.09
172.5,36,7.44,6.2,7.9,7.3,7.62,7.95,7.33,8.22,8.08,7.07,7.29,8.02,7.57,7.35,8.07
173.5,36,7.41,6.18,7.88,7.26,7.58,7.91,7.28,8.19,8.04,7.04,7.26,7.99,7.55,7.32,8.06
174.52,36,7.39,6.17,7.87,7.23,7.55,7.9,7.24,8.17,8.029999999999998,6.99,7.25,7.97,7.54,7.29,8.029999999999998
175.52,36,7.35,6.13,7.84,7.19,7.51,7.87,7.18,8.12,8.01,6.96,7.2,7.95,7.52,7.27,8
176.52,36,7.33,6.13,7.83,7.18,7.5,7.84,7.14,8.11,7.98,6.95,7.18,7.94,7.5,7.25,7.98
177.52,36,7.3,6.11,7.82,7.14,7.47,7.83,7.09,8.09,7.98,6.9,7.17,7.92,7.48,7.22,7.96
178.52,36,7.28,6.09,7.79,7.1,7.44,7.81,7.04,8.07,7.95,6.86,7.13,7.89,7.47,7.18,7.94
179.52,36,7.25,6.07,7.78,7.07,7.4,7.78,6.97,8.04,7.93,6.82,7.11,7.86,7.43,7.14,7.9
180.53,36,7.21,6.04,7.74,7.03,7.36,7.75,6.92,8.02,7.9,6.78,7.09,7.84,7.41,7.11,7.87
181.53,36,7.19,6.03,7.72,6.99,7.34,7.72,6.86,7.98,7.89,6.73,7.07,7.83,7.38,7.09,7.84
182.53,36,7.17,6.01,7.7,6.96,7.3,7.7,6.82,7.96,7.87,6.71,7.04,7.81,7.36,7.07,7.84
183.53,36,7.12,5.96,7.66,6.91,7.26,7.66,6.72,7.92,7.84,6.66,6.99,7.77,7.31,7.01,7.79
184.55,36,7.1,5.95,7.64,6.89,7.22,7.63,6.66,7.89,7.82,6.61,6.96,7.76,7.31,6.98,7.75
185.55,36,7.08,5.95,7.63,6.87,7.2,7.6,6.61,7.86,7.79,6.58,6.95,7.74,7.28,6.95,7.74
186.55,36,7.03,5.91,7.57,6.81,7.16,7.57,6.52,7.84,7.77,6.52,6.9,7.7,7.25,6.91,7.71
187.55,36,7,5.9,7.57,6.79,7.13,7.55,6.46,7.81,7.74,6.49,6.88,7.69,7.23,6.89,7.67
188.57,36,6.97,5.88,7.54,6.74,7.1,7.52,6.38,7.78,7.72,6.45,6.86,7.67,7.2,6.86,7.64
189.57,36,6.95,5.85,7.52,6.71,7.07,7.49,6.29,7.75,7.7,6.41,6.83,7.64,7.18,6.82,7.61
190.58,36,6.92,5.82,7.49,6.67,7.02,7.47,6.19,7.73,7.67,6.36,6.8,7.61,7.14,6.78,7.58
191.58,36,6.89,5.79,7.47,6.62,6.98,7.43,6.1,7.69,7.65,6.3,6.77,7.58,7.11,6.76,7.55
192.58,36,6.85,5.78,7.44,6.6,6.95,7.41,6.01,7.66,7.61,6.26,6.74,7.56,7.1,6.74,7.53
193.58,36,6.82,5.76,7.41,6.56,6.91,7.38,5.91,7.62,7.59,6.2,6.7,7.52,7.06,6.7,7.5
194.6,36,6.8,5.73,7.39,6.52,6.87,7.35,5.83,7.59,7.56,6.16,6.69,7.5,7.05,6.7,7.47
195.6,36,6.77,5.7,7.36,6.48,6.83,7.34,5.73,7.55,7.52,6.11,6.66,7.47,7.03,6.68,7.43
196.6,36,6.72,5.67,7.33,6.44,6.8,7.3,5.65,7.53,7.5,6.06,6.62,7.43,6.99,6.64,7.4
197.62,36,6.7,5.66,7.3,6.41,6.76,7.28,5.57,7.5,7.48,6.03,6.59,7.41,6.97,6.62,7.37
198.62,36,6.66,5.61,7.27,6.36,6.7,7.25,5.47,7.46,7.45,5.95,6.55,7.36,6.93,6.58,7.33
199.63,36,6.61,5.59,7.23,6.32,6.66,7.22,5.37,7.42,7.41,5.9,6.51,7.33,6.89,6.54,7.29
200.63,36,6.59,5.56,7.21,6.29,6.64,7.2,5.29,7.4,7.38,5.86,6.49,7.31,6.88,6.52,7.3
201.63,36,6.55,5.54,7.17,6.24,6.58,7.17,5.19,7.36,7.34,5.81,6.45,7.28,6.84,6.48,7.3
202.63,36,6.51,5.52,7.14,6.2,6.55,7.14,5.12,7.33,7.32,5.74,6.42,7.25,6.82,6.44,7.32
203.65,36,6.46,5.48,7.1,6.15,6.5,7.1,5.02,7.28,7.28,5.69,6.38,7.21,6.77,6.4,7.3
204.65,36,6.43,5.46,7.07,6.11,6.46,7.07,4.92,7.26,7.25,5.64,6.34,7.18,6.73,6.38,7.28
205.65,36,6.38,5.41,7.03,6.06,6.4,7.03,4.82,7.22,7.22,5.59,6.29,7.14,6.7,6.32,7.28
206.65,36,6.33,5.4,7,6.03,6.36,7,4.74,7.19,7.17,5.54,6.26,7.1,6.66,6.29,7.27
207.65,36,6.29,5.37,6.97,5.99,6.32,6.96,4.66,7.15,7.15,5.49,6.21,7.09,6.64,6.26,7.24
208.67,36,6.22,5.33,6.92,5.94,6.28,6.93,4.57,7.11,7.1,5.44,6.18,7.04,6.59,6.21,7.2
209.67,36,6.19,5.31,6.88,5.9,6.22,6.88,4.49,7.08,7.09,5.38,6.14,7.01,6.57,6.18,7.18
210.67,36,6.12,5.26,6.84,5.84,6.17,6.85,4.4,7.03,7.04,5.32,6.09,6.96,6.53,6.13,7.14
211.67,36,6.08,5.24,6.81,5.81,6.11,6.82,4.31,6.99,7.01,5.28,6.06,6.93,6.48,6.09,7.1
212.67,36,6.03,5.21,6.77,5.75,6.05,6.78,4.22,6.95,6.96,5.21,6.02,6.89,6.44,6.04,7.07
213.68,36,5.97,5.18,6.74,5.71,6.01,6.73,4.13,6.92,6.94,5.16,5.98,6.87,6.42,6.01,7.03
214.68,36,5.91,5.15,6.69,5.67,5.95,6.7,4.03,6.88,6.9,5.1,5.93,6.82,6.38,5.96,6.98
215.68,36,5.87,5.12,6.66,5.61,5.91,6.66,3.94,6.83,6.84,5.03,5.89,6.78,6.36,5.92,6.94
216.68,36,5.81,5.09,6.64,5.57,5.85,6.62,3.84,6.81,6.82,4.96,5.85,6.75,6.32,5.88,6.9
217.68,36,5.76,5.06,6.59,5.53,5.81,6.58,3.74,6.75,6.79,4.89,5.81,6.71,6.27,5.83,6.85
218.68,36,5.71,5.02,6.55,5.47,5.73,6.55,3.63,6.7,6.73,4.82,5.76,6.68,6.23,5.78,6.79
219.7,36,5.66,4.98,6.5,5.43,5.7,6.52,3.53,6.67,6.7,4.77,5.73,6.65,6.2,5.73,6.75
220.7,36,5.6,4.95,6.45,5.36,5.63,6.45,3.42,6.6,6.66,4.71,5.67,6.61,6.13,5.69,6.67
221.7,36,5.54,4.91,6.41,5.32,5.58,6.42,3.32,6.57,6.61,4.63,5.63,6.58,6.11,5.63,6.61
222.7,36,5.48,4.87,6.36,5.26,5.52,6.38,3.19,6.5,6.56,4.58,5.56,6.53,6.05,5.57,6.54
223.7,36,5.43,4.84,6.32,5.2,5.45,6.31,3.08,6.46,6.52,4.51,5.51,6.48,6,5.52,6.48
224.7,36,5.39,4.81,6.29,5.16,5.41,6.29,2.96,6.42,6.49,4.44,5.47,6.44,5.96,5.47,6.45
225.72,36,5.33,4.77,6.23,5.11,5.34,6.25,2.85,6.38,6.45,4.38,5.41,6.41,5.93,5.42,6.4
226.72,36,5.26,4.73,6.2,5.05,5.28,6.2,2.74,6.32,6.39,4.3,5.36,6.36,5.88,5.35,6.33
227.73,36,5.2,4.69,6.14,5,5.21,6.15,2.62,6.28,6.36,4.23,5.3,6.32,5.82,5.3,6.28
228.73,36,5.15,4.64,6.1,4.93,5.15,6.11,2.51,6.22,6.31,4.15,5.24,6.29,5.78,5.24,6.26
229.73,36,5.1,4.61,6.04,4.89,5.09,6.07,2.4,6.19,6.27,4.09,5.19,6.24,5.74,5.19,6.28
230.73,36,5.04,4.56,6.01,4.82,5.02,6.03,2.29,6.12,6.22,4.01,5.14,6.19,5.69,5.13,6.29
231.73,36,4.98,4.52,5.95,4.77,4.96,5.99,2.18,6.07,6.18,3.92,5.07,6.13,5.64,5.07,6.28
232.75,36,4.92,4.48,5.89,4.7,4.89,5.95,2.07,6.02,6.12,3.85,5,6.07,5.6,5.03,6.27
233.75,36,4.86,4.43,5.83,4.62,4.81,5.88,1.97,5.95,6.07,3.77,4.93,6.03,5.54,4.98,6.23
234.75,36,4.81,4.4,5.79,4.57,4.76,5.85,1.86,5.92,6.04,3.7,4.87,5.97,5.49,4.95,6.21
235.75,36,4.74,4.33,5.73,4.49,4.69,5.8,1.75,5.86,5.98,3.61,4.81,5.91,5.43,4.9,6.18
236.75,36,4.69,4.31,5.68,4.43,4.63,5.76,1.64,5.81,5.95,3.53,4.75,5.88,5.39,4.86,6.15
237.77,36,4.62,4.26,5.63,4.36,4.55,5.71,1.53,5.75,5.89,3.43,4.67,5.82,5.34,4.83,6.1
238.77,36,4.56,4.21,5.57,4.29,4.49,5.66,1.42,5.7,5.84,3.33,4.61,5.76,5.29,4.8,6.04
239.77,36,4.49,4.18,5.52,4.2,4.41,5.61,1.34,5.64,5.78,3.24,4.53,5.71,5.24,4.77,6
240.78,36,4.43,4.11,5.46,4.14,4.34,5.55,1.24,5.58,5.73,3.14,4.46,5.65,5.17,4.72,5.94
241.78,36,4.37,4.07,5.4,4.07,4.26,5.52,1.17,5.53,5.68,3.05,4.4,5.6,5.12,4.67,5.88
242.8,36,4.31,4.03,5.34,4,4.19,5.47,1.11,5.47,5.63,2.96,4.31,5.54,5.07,4.62,5.81
243.8,36,4.23,3.99,5.27,3.92,4.13,5.42,1.06,5.4,5.57,2.87,4.24,5.47,5.01,4.56,5.73
244.8,36,4.16,3.93,5.21,3.83,4.04,5.36,1.04,5.33,5.54,2.79,4.15,5.41,4.95,4.51,5.67
245.8,36,4.08,3.88,5.15,3.76,3.96,5.29,1.02,5.28,5.47,2.71,4.07,5.35,4.89,4.46,5.57
246.8,36,4,3.81,5.08,3.68,3.89,5.24,1,5.22,5.42,2.62,4,5.27,4.82,4.4,5.49
247.82,36,3.92,3.77,5.02,3.6,3.81,5.18,0.98,5.14,5.36,2.56,3.92,5.22,4.77,4.33,5.41
248.82,36,3.85,3.72,4.96,3.53,3.75,5.12,0.98,5.09,5.32,2.48,3.85,5.16,4.71,4.28,5.33
249.82,36,3.77,3.67,4.88,3.44,3.66,5.07,0.97,5.02,5.25,2.4,3.75,5.07,4.62,4.21,5.24
250.83,36,3.7,3.61,4.81,3.36,3.59,5.01,0.96,4.96,5.2,2.31,3.68,5.02,4.57,4.15,5.17
251.83,36,3.62,3.56,4.75,3.26,3.49,4.94,0.96,4.87,5.14,2.22,3.61,4.96,4.5,4.09,5.1
252.83,36,3.54,3.49,4.68,3.15,3.42,4.88,0.95,4.81,5.08,2.11,3.53,4.88,4.41,4.03,5.02
253.83,36,3.47,3.43,4.62,3.05,3.33,4.81,0.94,4.73,5.04,2.01,3.46,4.81,4.36,3.97,4.94
254.83,36,3.41,3.38,4.56,2.96,3.25,4.77,0.94,4.67,4.99,1.91,3.39,4.76,4.28,3.91,4.87
255.85,36,3.33,3.31,4.49,2.82,3.15,4.69,0.92,4.6,4.91,1.8,3.31,4.67,4.19,3.85,4.84
256.85,36,3.25,3.26,4.43,2.7,3.08,4.64,0.92,4.53,4.86,1.69,3.23,4.62,4.14,3.78,4.91
257.85,36,3.19,3.2,4.37,2.59,3,4.6,0.93,4.46,4.81,1.58,3.17,4.55,4.06,3.74,4.96
258.87,36,3.12,3.14,4.32,2.45,2.93,4.53,0.94,4.4,4.75,1.47,3.09,4.49,3.99,3.67,4.95
259.87,36,3.05,3.07,4.24,2.3,2.84,4.49,0.93,4.32,4.68,1.35,3.01,4.41,3.89,3.6,4.91
260.87,36,3.01,3.02,4.19,2.16,2.78,4.44,0.93,4.26,4.64,1.24,2.94,4.36,3.81,3.55,4.89
261.88,36,2.94,2.96,4.11,2.01,2.71,4.36,0.93,4.19,4.58,1.13,2.86,4.27,3.72,3.49,4.84
262.88,36,2.88,2.87,4.03,1.85,2.63,4.3,0.92,4.11,4.51,1.04,2.78,4.2,3.63,3.42,4.78
263.88,36,2.82,2.81,3.98,1.69,2.55,4.23,0.93,4.03,4.45,0.98,2.7,4.13,3.55,3.36,4.72
264.88,36,2.76,2.76,3.91,1.55,2.48,4.15,0.94,3.96,4.39,0.94,2.62,4.05,3.46,3.29,4.66
265.9,36,2.68,2.69,3.83,1.39,2.39,4.07,0.92,3.88,4.31,0.9,2.53,3.97,3.35,3.2,4.57
266.9,36,2.6,2.62,3.75,1.25,2.3,3.99,0.92,3.8,4.23,0.87,2.45,3.88,3.24,3.11,4.48
267.9,36,2.51,2.55,3.67,1.15,2.2,3.91,0.91,3.73,4.16,0.85,2.36,3.8,3.14,3.02,4.4
268.9,36,2.44,2.48,3.6,1.09,2.1,3.83,0.92,3.65,4.1,0.84,2.28,3.72,3.02,2.94,4.31
269.92,36,2.36,2.42,3.51,1.05,1.97,3.74,0.92,3.56,4.03,0.82,2.19,3.63,2.9,2.85,4.2
270.92,36,2.29,2.35,3.43,1.04,1.85,3.66,0.92,3.48,3.96,0.81,2.1,3.54,2.78,2.78,4.09
271.92,36,2.2,2.28,3.34,1.03,1.74,3.58,0.91,3.4,3.88,0.8,2.02,3.45,2.67,2.7,3.99
272.93,36,2.12,2.2,3.23,1.02,1.62,3.49,0.91,3.32,3.81,0.78,1.92,3.34,2.53,2.61,3.87
273.93,36,2.04,2.14,3.15,1.04,1.52,3.41,0.91,3.24,3.74,0.78,1.84,3.26,2.43,2.53,3.74
274.93,36,1.95,2.06,3.05,1.06,1.4,3.33,0.9,3.17,3.67,0.77,1.74,3.14,2.29,2.43,3.61
275.95,36,1.87,1.99,2.95,1.1,1.28,3.23,0.9,3.08,3.58,0.75,1.66,3.03,2.17,2.33,3.49
276.95,36,1.8,1.92,2.86,1.14,1.17,3.17,0.9,3.01,3.51,0.75,1.59,2.93,2.03,2.25,3.39
277.95,36,1.7,1.84,2.76,1.17,1.03,3.07,0.91,2.93,3.43,0.75,1.51,2.81,1.9,2.16,3.3
278.95,36,1.62,1.77,2.66,1.19,0.91,2.98,0.91,2.84,3.36,0.75,1.41,2.69,1.76,2.06,3.2
279.97,36,1.55,1.69,2.55,1.19,0.81,2.88,0.9,2.75,3.27,0.75,1.31,2.56,1.63,1.96,3.21
280.97,36,1.49,1.62,2.45,1.18,0.76,2.78,0.91,2.67,3.2,0.76,1.22,2.43,1.51,1.87,3.28
281.97,36,1.44,1.54,2.35,1.13,0.72,2.69,0.9,2.58,3.11,0.75,1.11,2.3,1.4,1.78,3.3
282.97,36,1.4,1.47,2.26,1.08,0.73,2.6,0.9,2.5,3.05,0.76,1.02,2.18,1.31,1.69,3.27
283.97,36,1.36,1.39,2.16,1.04,0.7,2.51,0.9,2.4,2.97,0.75,0.92,2.04,1.24,1.59,3.22
284.98,36,1.32,1.34,2.07,1.02,0.69,2.43,0.91,2.34,2.9,0.75,0.83,1.93,1.21,1.52,3.19
285.98,36,1.27,1.27,1.97,1,0.66,2.34,0.9,2.26,2.81,0.75,0.73,1.8,1.17,1.42,3.14
286.98,36,1.24,1.21,1.86,0.98,0.63,2.24,0.9,2.17,2.74,0.75,0.65,1.68,1.14,1.34,3.07
287.98,36,1.21,1.15,1.76,0.96,0.59,2.16,0.9,2.08,2.66,0.74,0.56,1.55,1.13,1.25,3.01
288.98,36,1.18,1.09,1.65,0.95,0.55,2.06,0.9,1.99,2.56,0.74,0.48,1.42,1.1,1.15,2.93
290,36,1.16,1.04,1.57,0.96,0.52,1.96,0.91,1.91,2.51,0.75,0.43,1.31,1.09,1.05,2.87
291,36,1.13,0.98,1.48,0.95,0.5,1.85,0.9,1.82,2.42,0.73,0.37,1.19,1.06,0.94,2.78
292,36,1.13,0.94,1.4,0.95,0.5,1.74,0.91,1.74,2.36,0.74,0.34,1.08,1.06,0.88,2.7
293,36,1.11,0.88,1.34,0.94,0.46,1.64,0.9,1.66,2.28,0.73,0.31,0.97,1.04,0.8,2.61
294,36,1.1,0.84,1.27,0.93,0.46,1.56,0.91,1.6,2.21,0.73,0.3,0.9,1.05,0.74,2.53
295,36,1.09,0.79,1.2,0.92,0.43,1.49,0.9,1.55,2.12,0.72,0.26,0.82,1.03,0.66,2.43
296,36,1.08,0.77,1.15,0.91,0.42,1.44,0.9,1.5,2.04,0.73,0.25,0.76,1.02,0.61,2.35
297,36,1.07,0.72,1.11,0.91,0.4,1.39,0.9,1.46,1.95,0.72,0.24,0.71,1.03,0.56,2.27
298,36,1.06,0.68,1.07,0.9,0.39,1.34,0.89,1.42,1.87,0.73,0.22,0.67,1.03,0.5,2.18
299.02,36,1.04,0.64,1.04,0.89,0.37,1.3,0.89,1.4,1.78,0.73,0.21,0.63,1.02,0.46,2.09
300.02,36,1.04,0.61,1.02,0.89,0.37,1.24,0.9,1.38,1.7,0.73,0.2,0.61,1.02,0.41,2
301.02,36,1.04,0.58,1.01,0.89,0.37,1.18,0.9,1.35,1.64,0.73,0.19,0.59,1.02,0.39,1.92
302.02,36,1.03,0.55,0.99,0.89,0.36,1.13,0.89,1.34,1.57,0.74,0.19,0.58,1.02,0.37,1.83
303.02,36,1.02,0.51,0.97,0.88,0.34,1.08,0.89,1.31,1.5,0.74,0.18,0.55,1.01,0.35,1.72
304.02,36,1.02,0.49,0.96,0.88,0.35,1.04,0.9,1.31,1.46,0.73,0.16,0.54,1.01,0.34,1.66
305.02,36,1.03,0.47,0.96,0.9,0.36,1.02,0.9,1.3,1.42,0.75,0.17,0.54,1.02,0.33,1.59
306.02,36,1.02,0.45,0.95,0.89,0.35,0.98,0.9,1.29,1.37,0.74,0.16,0.54,1.01,0.31,1.49
307.02,36,1.01,0.43,0.94,0.88,0.34,0.96,0.89,1.28,1.31,0.73,0.15,0.52,1,0.3,1.41
308.03,36,1.01,0.41,0.94,0.88,0.34,0.95,0.9,1.27,1.27,0.73,0.14,0.53,1,0.29,1.32
309.03,36,1.01,0.38,0.92,0.88,0.33,0.92,0.89,1.27,1.22,0.73,0.14,0.52,0.99,0.28,1.24
310.03,36,1,0.37,0.92,0.88,0.34,0.91,0.89,1.26,1.18,0.73,0.13,0.52,1,0.28,1.17
311.03,36,1,0.35,0.91,0.88,0.34,0.9,0.9,1.26,1.14,0.73,0.13,0.51,1,0.26,1.09
312.03,36,1,0.34,0.9,0.87,0.32,0.89,0.89,1.25,1.08,0.73,0.12,0.5,0.98,0.25,1
313.05,36,1,0.32,0.9,0.86,0.32,0.88,0.9,1.25,1.06,0.72,0.12,0.5,0.98,0.26,0.93
314.05,36,0.99,0.32,0.89,0.87,0.32,0.86,0.89,1.24,1.03,0.71,0.11,0.49,0.98,0.25,0.86
315.05,36,0.99,0.31,0.89,0.86,0.32,0.86,0.89,1.25,1.01,0.72,0.11,0.5,0.98,0.24,0.8
316.05,36,0.99,0.3,0.89,0.86,0.32,0.85,0.88,1.23,1,0.72,0.11,0.48,0.98,0.23,0.75
317.05,36,0.99,0.29,0.88,0.86,0.31,0.84,0.89,1.23,0.99,0.72,0.11,0.48,0.98,0.23,0.69
318.05,36,0.99,0.28,0.88,0.86,0.31,0.83,0.89,1.23,0.97,0.72,0.11,0.48,0.97,0.23,0.64
319.07,36,0.99,0.28,0.87,0.86,0.31,0.83,0.89,1.22,0.96,0.71,0.09,0.48,0.98,0.22,0.61
320.07,36,0.99,0.28,0.88,0.87,0.31,0.83,0.89,1.23,0.95,0.71,0.1,0.48,0.98,0.23,0.58
321.07,36,0.99,0.29,0.88,0.87,0.32,0.82,0.9,1.23,0.95,0.72,0.1,0.48,0.98,0.23,0.55
322.07,36,0.98,0.27,0.87,0.86,0.32,0.81,0.89,1.22,0.93,0.71,0.09,0.47,0.98,0.22,0.52
323.07,36,0.97,0.27,0.86,0.86,0.32,0.8,0.88,1.21,0.92,0.7,0.08,0.46,0.96,0.21,0.49
324.08,36,0.98,0.28,0.87,0.87,0.33,0.81,0.9,1.22,0.92,0.71,0.1,0.48,0.98,0.21,0.5
325.08,36,0.98,0.27,0.86,0.86,0.32,0.8,0.89,1.21,0.91,0.71,0.09,0.46,0.97,0.21,0.47
326.08,36,0.97,0.27,0.86,0.86,0.32,0.8,0.88,1.21,0.91,0.71,0.08,0.46,0.96,0.2,0.46
327.08,36,0.97,0.26,0.86,0.86,0.31,0.79,0.9,1.21,0.9,0.7,0.09,0.46,0.96,0.2,0.43
328.1,36,0.98,0.27,0.86,0.87,0.31,0.79,0.9,1.21,0.9,0.71,0.09,0.46,0.97,0.21,0.44
329.1,36,0.98,0.26,0.86,0.86,0.32,0.79,0.9,1.21,0.9,0.71,0.09,0.46,0.97,0.21,0.43
330.1,36,0.97,0.25,0.86,0.86,0.3,0.78,0.88,1.21,0.88,0.71,0.09,0.46,0.96,0.2,0.41
331.1,36,0.96,0.25,0.85,0.86,0.3,0.78,0.89,1.2,0.89,0.7,0.09,0.45,0.96,0.2,0.4
332.12,36,0.96,0.25,0.85,0.86,0.3,0.77,0.88,1.21,0.88,0.7,0.09,0.45,0.96,0.19,0.39
333.12,36,0.97,0.25,0.85,0.85,0.3,0.77,0.88,1.19,0.87,0.7,0.09,0.45,0.96,0.19,0.39
334.12,36,0.96,0.25,0.85,0.86,0.3,0.77,0.89,1.2,0.88,0.7,0.09,0.45,0.96,0.19,0.39
335.13,36,0.96,0.25,0.85,0.86,0.3,0.78,0.89,1.2,0.88,0.7,0.09,0.45,0.96,0.19,0.38
336.13,36,0.96,0.25,0.85,0.86,0.3,0.77,0.89,1.19,0.88,0.7,0.09,0.45,0.95,0.19,0.38
337.13,36,0.96,0.25,0.84,0.85,0.3,0.77,0.89,1.2,0.87,0.7,0.08,0.45,0.96,0.19,0.37
338.13,36,0.96,0.25,0.84,0.86,0.29,0.77,0.88,1.19,0.86,0.7,0.08,0.45,0.96,0.18,0.37
339.13,36,0.96,0.25,0.84,0.86,0.3,0.77,0.89,1.2,0.87,0.7,0.07,0.45,0.96,0.19,0.37
340.13,36,0.96,0.25,0.84,0.86,0.29,0.76,0.89,1.19,0.86,0.69,0.07,0.43,0.96,0.18,0.36
341.13,36,0.96,0.25,0.84,0.86,0.3,0.76,0.9,1.19,0.87,0.7,0.08,0.44,0.95,0.19,0.35
342.15,36,0.95,0.24,0.84,0.85,0.28,0.76,0.88,1.18,0.86,0.69,0.07,0.43,0.95,0.18,0.35
343.15,36,0.96,0.24,0.84,0.84,0.28,0.75,0.89,1.19,0.85,0.69,0.07,0.43,0.94,0.17,0.35
344.15,36,0.96,0.25,0.84,0.86,0.29,0.75,0.89,1.19,0.86,0.69,0.07,0.44,0.94,0.18,0.35
345.15,36,0.96,0.25,0.84,0.85,0.3,0.76,0.89,1.19,0.86,0.7,0.07,0.44,0.96,0.18,0.35
346.15,36,0.96,0.24,0.83,0.85,0.29,0.75,0.88,1.19,0.85,0.69,0.07,0.44,0.95,0.17,0.34
347.17,36,0.96,0.25,0.84,0.85,0.28,0.75,0.89,1.19,0.86,0.69,0.07,0.43,0.95,0.18,0.34
348.17,36,0.96,0.24,0.84,0.85,0.3,0.75,0.89,1.19,0.85,0.7,0.07,0.43,0.95,0.18,0.35
349.17,36,0.96,0.24,0.83,0.85,0.28,0.75,0.88,1.19,0.85,0.69,0.07,0.43,0.95,0.17,0.34
350.17,36,0.96,0.24,0.83,0.84,0.29,0.75,0.89,1.19,0.85,0.7,0.07,0.43,0.95,0.17,0.34
351.17,36,0.96,0.24,0.83,0.84,0.28,0.76,0.89,1.19,0.84,0.7,0.07,0.43,0.95,0.17,0.34
352.18,36,0.95,0.23,0.83,0.85,0.28,0.75,0.89,1.19,0.84,0.7,0.07,0.43,0.95,0.17,0.34
353.18,36,0.95,0.23,0.83,0.84,0.28,0.75,0.88,1.19,0.84,0.7,0.06,0.43,0.94,0.16,0.34
354.18,36,0.95,0.23,0.83,0.84,0.28,0.75,0.89,1.18,0.84,0.69,0.06,0.43,0.94,0.17,0.33
355.18,36,0.95,0.23,0.83,0.84,0.28,0.74,0.89,1.17,0.84,0.69,0.06,0.43,0.95,0.17,0.34
356.2,36,0.94,0.23,0.83,0.84,0.28,0.74,0.89,1.17,0.84,0.69,0.06,0.43,0.94,0.16,0.33
357.2,36,0.95,0.23,0.82,0.85,0.28,0.73,0.88,1.17,0.83,0.69,0.06,0.43,0.94,0.16,0.32
358.2,36,0.96,0.23,0.83,0.84,0.28,0.75,0.89,1.18,0.84,0.69,0.07,0.43,0.95,0.16,0.34
359.22,36,0.95,0.23,0.82,0.84,0.28,0.75,0.88,1.18,0.84,0.69,0.06,0.43,0.95,0.17,0.33
360.22,36,0.94,0.23,0.82,0.84,0.28,0.75,0.88,1.17,0.84,0.69,0.06,0.42,0.95,0.16,0.32
361.22,36,0.94,0.22,0.82,0.83,0.27,0.73,0.88,1.17,0.83,0.68,0.05,0.42,0.94,0.16,0.32
362.22,36,0.95,0.23,0.82,0.84,0.28,0.73,0.88,1.17,0.83,0.69,0.06,0.42,0.95,0.16,0.32
363.22,36,0.95,0.22,0.82,0.84,0.28,0.75,0.88,1.17,0.84,0.69,0.06,0.42,0.94,0.17,0.32
364.22,36,0.94,0.22,0.81,0.83,0.27,0.73,0.88,1.17,0.82,0.68,0.06,0.41,0.94,0.16,0.32
365.23,36,0.94,0.23,0.82,0.84,0.28,0.73,0.89,1.17,0.84,0.68,0.07,0.43,0.95,0.17,0.33
366.23,36,0.94,0.23,0.82,0.84,0.28,0.75,0.88,1.17,0.83,0.69,0.06,0.43,0.94,0.17,0.32
367.23,36,0.94,0.23,0.82,0.84,0.28,0.74,0.89,1.17,0.82,0.69,0.05,0.42,0.94,0.16,0.32
368.23,36,0.94,0.23,0.82,0.84,0.28,0.74,0.89,1.17,0.83,0.68,0.05,0.42,0.94,0.16,0.32
369.23,36,0.94,0.23,0.82,0.84,0.28,0.73,0.89,1.17,0.82,0.67,0.05,0.42,0.94,0.16,0.32
370.23,36,0.94,0.23,0.81,0.83,0.28,0.73,0.89,1.17,0.82,0.68,0.05,0.42,0.94,0.16,0.32
371.25,36,0.95,0.23,0.82,0.84,0.28,0.73,0.88,1.18,0.82,0.68,0.05,0.42,0.94,0.17,0.32
372.25,36,0.94,0.22,0.82,0.84,0.28,0.72,0.88,1.17,0.82,0.68,0.05,0.41,0.94,0.16,0.31
373.25,36,0.94,0.23,0.82,0.84,0.28,0.72,0.89,1.18,0.82,0.68,0.06,0.42,0.94,0.17,0.32
374.25,36,0.93,0.22,0.81,0.84,0.27,0.72,0.88,1.17,0.82,0.67,0.05,0.41,0.94,0.15,0.31
375.25,36,0.94,0.23,0.82,0.84,0.28,0.73,0.89,1.18,0.83,0.69,0.06,0.41,0.95,0.16,0.32
376.25,36,0.94,0.23,0.81,0.84,0.28,0.73,0.88,1.17,0.82,0.69,0.05,0.42,0.94,0.16,0.32
377.25,36,0.94,0.23,0.82,0.83,0.27,0.72,0.88,1.17,0.82,0.68,0.05,0.41,0.94,0.16,0.31
378.25,36,0.94,0.23,0.82,0.84,0.28,0.73,0.88,1.18,0.83,0.69,0.06,0.42,0.94,0.16,0.32
379.25,36,0.94,0.23,0.82,0.84,0.28,0.73,0.89,1.17,0.82,0.69,0.05,0.42,0.94,0.17,0.32
380.25,36,0.94,0.23,0.81,0.84,0.28,0.73,0.88,1.17,0.82,0.68,0.05,0.41,0.94,0.16,0.32
381.25,36,0.94,0.22,0.8,0.84,0.27,0.73,0.88,1.17,0.82,0.68,0.05,0.41,0.94,0.16,0.31
382.27,36,0.94,0.23,0.81,0.82,0.27,0.72,0.88,1.17,0.82,0.68,0.05,0.41,0.94,0.16,0.3
383.27,36,0.94,0.23,0.82,0.84,0.28,0.73,0.88,1.17,0.82,0.69,0.06,0.42,0.94,0.16,0.3
384.27,36,0.94,0.23,0.81,0.82,0.27,0.72,0.88,1.17,0.81,0.68,0.05,0.41,0.93,0.16,0.31
385.27,36,0.94,0.23,0.82,0.84,0.28,0.73,0.88,1.17,0.82,0.68,0.05,0.41,0.94,0.16,0.3
386.27,36,0.93,0.22,0.81,0.83,0.27,0.72,0.88,1.17,0.81,0.67,0.05,0.41,0.92,0.16,0.3
387.27,36,0.94,0.23,0.82,0.84,0.28,0.72,0.89,1.18,0.82,0.69,0.07,0.42,0.94,0.17,0.32
388.27,36,0.94,0.23,0.82,0.84,0.28,0.73,0.89,1.17,0.82,0.69,0.05,0.42,0.94,0.17,0.32
389.28,36,0.93,0.22,0.81,0.82,0.27,0.72,0.87,1.17,0.81,0.67,0.05,0.41,0.93,0.16,0.3
390.28,36,0.93,0.22,0.81,0.82,0.28,0.72,0.88,1.17,0.81,0.67,0.05,0.41,0.93,0.16,0.31
391.28,36,0.94,0.23,0.81,0.84,0.28,0.72,0.88,1.17,0.82,0.68,0.05,0.41,0.94,0.16,0.3
392.28,36,0.94,0.23,0.82,0.83,0.27,0.73,0.88,1.18,0.82,0.68,0.06,0.41,0.94,0.16,0.3
393.3,36,0.93,0.23,0.81,0.83,0.27,0.72,0.88,1.17,0.81,0.67,0.05,0.41,0.92,0.16,0.3
394.3,36,0.94,0.22,0.81,0.83,0.27,0.71,0.88,1.17,0.81,0.68,0.05,0.42,0.94,0.16,0.3
395.3,36,0.93,0.23,0.81,0.83,0.28,0.72,0.88,1.17,0.81,0.68,0.05,0.41,0.93,0.16,0.3
396.32,36,0.94,0.23,0.81,0.83,0.28,0.72,0.88,1.17,0.81,0.67,0.05,0.41,0.93,0.16,0.3
397.32,36,0.94,0.23,0.82,0.84,0.28,0.73,0.88,1.17,0.82,0.68,0.06,0.42,0.94,0.17,0.3
398.32,36,0.94,0.23,0.81,0.83,0.27,0.71,0.88,1.17,0.81,0.67,0.05,0.41,0.94,0.16,0.3
399.32,36,0.94,0.23,0.81,0.82,0.28,0.72,0.88,1.17,0.82,0.67,0.05,0.41,0.94,0.16,0.31
400.32,36,0.94,0.23,0.82,0.84,0.28,0.73,0.88,1.17,0.81,0.67,0.06,0.41,0.94,0.16,0.31
401.32,36,0.93,0.22,0.81,0.83,0.28,0.73,0.87,1.16,0.8,0.67,0.05,0.41,0.93,0.16,0.3
402.33,36,0.93,0.23,0.81,0.84,0.27,0.72,0.87,1.17,0.81,0.67,0.05,0.41,0.93,0.16,0.3
403.33,36,0.93,0.22,0.81,0.83,0.27,0.71,0.87,1.17,0.8,0.67,0.05,0.4,0.93,0.16,0.3
404.33,36,0.94,0.22,0.81,0.82,0.27,0.72,0.88,1.17,0.8,0.67,0.05,0.41,0.92,0.16,0.3
405.35,36,0.94,0.23,0.81,0.84,0.27,0.72,0.88,1.17,0.82,0.67,0.05,0.41,0.93,0.16,0.3
406.35,36,0.94,0.23,0.82,0.83,0.28,0.73,0.88,1.17,0.81,0.67,0.05,0.41,0.94,0.16,0.3
407.35,36,0.93,0.23,0.81,0.82,0.28,0.72,0.88,1.17,0.82,0.67,0.05,0.41,0.93,0.16,0.3
408.35,36,0.94,0.22,0.82,0.83,0.26,0.72,0.88,1.17,0.81,0.68,0.06,0.41,0.94,0.16,0.31
409.35,36,0.94,0.23,0.82,0.83,0.28,0.73,0.88,1.18,0.82,0.67,0.05,0.41,0.94,0.17,0.3
410.35,36,0.94,0.23,0.81,0.83,0.28,0.72,0.87,1.17,0.81,0.67,0.05,0.41,0.94,0.16,0.3
411.35,36,0.93,0.23,0.8,0.82,0.27,0.71,0.87,1.17,0.81,0.67,0.05,0.41,0.93,0.16,0.3
412.35,36,0.94,0.23,0.8,0.83,0.28,0.73,0.87,1.17,0.8,0.67,0.05,0.41,0.93,0.16,0.3
413.35,36,0.94,0.23,0.81,0.83,0.27,0.72,0.88,1.17,0.81,0.67,0.05,0.41,0.93,0.16,0.3
414.35,36,0.93,0.23,0.81,0.83,0.27,0.72,0.87,1.17,0.81,0.67,0.05,0.41,0.92,0.16,0.3
415.35,36,0.94,0.23,0.81,0.83,0.28,0.72,0.87,1.17,0.8,0.68,0.05,0.41,0.94,0.16,0.3
416.35,36,0.94,0.23,0.82,0.83,0.27,0.72,0.88,1.16,0.81,0.68,0.06,0.41,0.94,0.16,0.31
417.35,36,0.93,0.23,0.81,0.83,0.27,0.71,0.88,1.17,0.8,0.67,0.05,0.41,0.93,0.16,0.3
418.37,36,0.93,0.22,0.81,0.82,0.28,0.72,0.87,1.17,0.82,0.67,0.05,0.41,0.94,0.16,0.3
419.37,36,0.93,0.23,0.81,0.83,0.28,0.73,0.88,1.17,0.82,0.67,0.06,0.41,0.94,0.17,0.3
420.37,36,0.94,0.23,0.81,0.83,0.28,0.72,0.88,1.17,0.82,0.68,0.05,0.41,0.94,0.16,0.3
421.37,36,0.94,0.24,0.82,0.83,0.28,0.72,0.88,1.17,0.82,0.68,0.05,0.41,0.93,0.17,0.31
422.37,36,0.94,0.23,0.81,0.83,0.28,0.72,0.87,1.17,0.82,0.68,0.05,0.4,0.93,0.16,0.3
423.38,36,0.93,0.23,0.81,0.83,0.28,0.71,0.88,1.17,0.82,0.67,0.05,0.41,0.94,0.16,0.3
424.38,36,0.93,0.23,0.8,0.82,0.27,0.71,0.88,1.16,0.8,0.67,0.05,0.4,0.93,0.16,0.3
425.38,36,0.93,0.23,0.8,0.83,0.28,0.71,0.87,1.17,0.8,0.67,0.05,0.41,0.93,0.16,0.3
426.38,36,0.94,0.23,0.81,0.83,0.27,0.72,0.87,1.18,0.81,0.68,0.05,0.41,0.94,0.16,0.3
427.38,36,0.94,0.22,0.81,0.84,0.28,0.73,0.88,1.17,0.82,0.67,0.05,0.41,0.94,0.16,0.3
428.38,36,0.94,0.23,0.82,0.82,0.28,0.72,0.88,1.17,0.81,0.67,0.05,0.41,0.93,0.17,0.31
429.4,36,0.94,0.23,0.81,0.82,0.28,0.71,0.88,1.17,0.81,0.67,0.05,0.41,0.94,0.16,0.3
430.4,36,0.94,0.23,0.8,0.83,0.27,0.73,0.87,1.17,0.81,0.67,0.05,0.4,0.94,0.16,0.3
431.4,36,0.93,0.23,0.81,0.84,0.27,0.73,0.87,1.17,0.81,0.67,0.05,0.41,0.93,0.16,0.31
432.4,36,0.93,0.22,0.81,0.82,0.28,0.71,0.87,1.17,0.81,0.67,0.05,0.41,0.92,0.16,0.3
433.4,36,0.94,0.23,0.81,0.83,0.27,0.73,0.88,1.17,0.81,0.67,0.06,0.41,0.94,0.17,0.31
434.4,36,0.93,0.22,0.8,0.83,0.26,0.71,0.86,1.17,0.8,0.67,0.05,0.4,0.93,0.16,0.3
435.4,36,0.92,0.23,0.8,0.82,0.26,0.72,0.86,1.17,0.81,0.67,0.05,0.4,0.92,0.16,0.3
436.4,36,0.94,0.24,0.82,0.84,0.28,0.72,0.88,1.18,0.82,0.68,0.06,0.41,0.94,0.17,0.31
437.42,36,0.93,0.23,0.81,0.83,0.27,0.72,0.87,1.17,0.8,0.67,0.05,0.41,0.93,0.16,0.31
438.42,36,0.93,0.23,0.82,0.84,0.28,0.73,0.88,1.17,0.82,0.68,0.05,0.41,0.94,0.16,0.32
439.42,36,0.93,0.22,0.81,0.82,0.27,0.71,0.87,1.17,0.8,0.67,0.05,0.4,0.92,0.16,0.3
440.42,36,0.94,0.23,0.81,0.83,0.28,0.73,0.88,1.17,0.82,0.69,0.05,0.41,0.94,0.17,0.32
441.42,36,0.92,0.23,0.8,0.83,0.27,0.72,0.86,1.15,0.8,0.67,0.04,0.4,0.92,0.16,0.3
442.42,36,0.94,0.23,0.82,0.84,0.28,0.73,0.88,1.18,0.82,0.68,0.06,0.42,0.94,0.17,0.32
443.43,36,0.93,0.23,0.81,0.83,0.27,0.73,0.87,1.17,0.81,0.68,0.05,0.41,0.94,0.16,0.3
444.43,36,0.94,0.24,0.81,0.84,0.28,0.72,0.88,1.17,0.81,0.67,0.05,0.41,0.94,0.16,0.3
445.43,36,0.93,0.23,0.81,0.82,0.27,0.72,0.87,1.17,0.82,0.67,0.05,0.41,0.93,0.16,0.31
446.43,36,0.94,0.23,0.81,0.82,0.28,0.71,0.88,1.17,0.81,0.69,0.05,0.41,0.93,0.17,0.3
447.45,36,0.93,0.23,0.81,0.83,0.28,0.73,0.87,1.17,0.81,0.67,0.05,0.41,0.92,0.16,0.3
448.45,36,0.94,0.23,0.82,0.83,0.28,0.71,0.87,1.16,0.82,0.67,0.05,0.41,0.94,0.16,0.31
449.45,36,0.94,0.23,0.82,0.84,0.28,0.73,0.88,1.18,0.82,0.69,0.05,0.41,0.94,0.17,0.32
450.45,36,0.94,0.24,0.82,0.82,0.28,0.72,0.88,1.17,0.82,0.68,0.05,0.41,0.93,0.16,0.3
451.45,36,0.93,0.23,0.8,0.83,0.27,0.71,0.87,1.17,0.81,0.67,0.05,0.41,0.93,0.16,0.3
452.45,36,0.94,0.23,0.81,0.83,0.28,0.72,0.88,1.17,0.81,0.68,0.06,0.41,0.94,0.17,0.31
453.45,36,0.94,0.23,0.81,0.83,0.27,0.72,0.88,1.17,0.82,0.68,0.05,0.41,0.94,0.17,0.32
454.45,36,0.94,0.24,0.82,0.84,0.28,0.73,0.88,1.18,0.82,0.68,0.06,0.41,0.94,0.16,0.31
455.45,36,0.94,0.23,0.81,0.84,0.28,0.73,0.88,1.17,0.82,0.68,0.05,0.41,0.94,0.16,0.31
456.45,36,0.94,0.23,0.81,0.83,0.28,0.73,0.88,1.17,0.81,0.68,0.05,0.41,0.94,0.16,0.3
457.45,36,0.94,0.23,0.82,0.83,0.27,0.73,0.88,1.17,0.81,0.68,0.06,0.41,0.93,0.17,0.3
458.45,36,0.94,0.24,0.82,0.84,0.27,0.73,0.88,1.17,0.81,0.68,0.05,0.41,0.94,0.16,0.3
459.47,36,0.94,0.23,0.82,0.83,0.28,0.73,0.88,1.17,0.82,0.68,0.06,0.41,0.94,0.17,0.31
460.47,36,0.94,0.23,0.82,0.83,0.28,0.73,0.87,1.17,0.82,0.67,0.05,0.41,0.94,0.17,0.31
461.47,36,0.94,0.23,0.82,0.84,0.28,0.72,0.88,1.17,0.82,0.68,0.06,0.42,0.94,0.16,0.31
462.47,36,0.94,0.23,0.81,0.83,0.28,0.73,0.88,1.17,0.81,0.67,0.05,0.41,0.93,0.17,0.31
463.47,36,0.94,0.23,0.81,0.83,0.28,0.72,0.87,1.17,0.81,0.68,0.05,0.41,0.94,0.16,0.31
464.47,36,0.94,0.23,0.81,0.82,0.28,0.72,0.87,1.17,0.82,0.67,0.05,0.41,0.93,0.16,0.31
465.47,36,0.94,0.24,0.82,0.84,0.28,0.72,0.88,1.17,0.82,0.68,0.06,0.41,0.94,0.18,0.32
466.47,36,0.93,0.23,0.81,0.82,0.27,0.72,0.87,1.17,0.81,0.67,0.05,0.41,0.92,0.16,0.3
467.48,36,0.94,0.24,0.82,0.84,0.28,0.73,0.88,1.17,0.81,0.68,0.07,0.41,0.94,0.17,0.31
468.48,36,0.93,0.23,0.81,0.83,0.28,0.72,0.86,1.17,0.81,0.67,0.05,0.41,0.93,0.16,0.3
469.48,36,0.94,0.23,0.82,0.84,0.28,0.73,0.88,1.18,0.82,0.68,0.06,0.41,0.94,0.18,0.32
470.48,36,0.94,0.23,0.82,0.83,0.28,0.73,0.88,1.17,0.82,0.68,0.06,0.41,0.94,0.17,0.31
471.48,36,0.94,0.24,0.81,0.83,0.28,0.72,0.88,1.17,0.82,0.68,0.06,0.41,0.94,0.17,0.32
472.48,36,0.94,0.23,0.81,0.84,0.28,0.73,0.88,1.17,0.82,0.68,0.06,0.42,0.94,0.16,0.31
473.48,36,0.94,0.24,0.82,0.84,0.28,0.73,0.88,1.18,0.81,0.68,0.06,0.42,0.94,0.17,0.31
474.5,36,0.94,0.24,0.82,0.84,0.28,0.73,0.88,1.18,0.82,0.69,0.06,0.41,0.94,0.18,0.31
475.5,36,0.94,0.23,0.81,0.83,0.28,0.72,0.88,1.17,0.82,0.68,0.06,0.41,0.93,0.16,0.31
476.5,36,0.94,0.23,0.82,0.83,0.28,0.72,0.87,1.17,0.81,0.68,0.05,0.41,0.94,0.17,0.3
477.5,36,0.94,0.23,0.81,0.83,0.27,0.72,0.88,1.17,0.81,0.67,0.05,0.41,0.94,0.16,0.3
478.52,36,0.94,0.23,0.82,0.83,0.28,0.73,0.88,1.17,0.82,0.69,0.06,0.41,0.94,0.17,0.32
479.52,36,0.94,0.24,0.82,0.84,0.28,0.73,0.88,1.17,0.82,0.68,0.06,0.42,0.93,0.17,0.31
480.52,36,0.94,0.23,0.82,0.84,0.28,0.73,0.88,1.17,0.81,0.68,0.06,0.42,0.93,0.17,0.32
481.52,36,0.94,0.23,0.82,0.84,0.28,0.72,0.88,1.18,0.82,0.69,0.06,0.42,0.94,0.17,0.32
482.52,36,0.94,0.23,0.82,0.84,0.28,0.72,0.88,1.18,0.82,0.68,0.06,0.42,0.94,0.18,0.32
483.52,36,0.94,0.23,0.81,0.83,0.28,0.72,0.88,1.16,0.81,0.67,0.06,0.41,0.93,0.16,0.31
484.53,36,0.94,0.23,0.81,0.83,0.28,0.73,0.87,1.17,0.82,0.68,0.05,0.41,0.93,0.17,0.31
485.53,36,0.94,0.24,0.82,0.84,0.28,0.72,0.88,1.18,0.82,0.69,0.07,0.42,0.94,0.18,0.32
486.53,36,0.94,0.23,0.82,0.82,0.28,0.72,0.88,1.17,0.81,0.67,0.05,0.41,0.94,0.16,0.31
487.53,36,0.94,0.23,0.81,0.83,0.28,0.71,0.87,1.17,0.82,0.67,0.05,0.41,0.94,0.17,0.3
488.53,36,0.93,0.23,0.81,0.82,0.28,0.72,0.88,1.17,0.8,0.67,0.05,0.41,0.94,0.16,0.31
489.53,36,0.94,0.23,0.81,0.84,0.28,0.73,0.88,1.18,0.82,0.68,0.06,0.41,0.94,0.17,0.31
490.55,36,0.94,0.23,0.81,0.84,0.28,0.73,0.88,1.18,0.81,0.68,0.06,0.41,0.93,0.17,0.3
491.55,36,0.94,0.23,0.82,0.83,0.28,0.72,0.88,1.17,0.81,0.67,0.05,0.41,0.93,0.16,0.3
492.55,36,0.93,0.23,0.8,0.82,0.28,0.72,0.88,1.17,0.81,0.67,0.06,0.41,0.93,0.16,0.3
493.55,36,0.94,0.23,0.81,0.83,0.28,0.72,0.88,1.17,0.81,0.69,0.06,0.41,0.94,0.16,0.31
494.57,36,0.94,0.23,0.81,0.83,0.28,0.71,0.88,1.17,0.81,0.67,0.06,0.41,0.93,0.17,0.32
495.57,36,0.94,0.23,0.81,0.83,0.27,0.73,0.87,1.17,0.81,0.67,0.05,0.41,0.93,0.16,0.3
496.57,36,0.93,0.23,0.81,0.83,0.28,0.72,0.88,1.17,0.82,0.67,0.05,0.41,0.94,0.16,0.31
497.57,36,0.94,0.23,0.81,0.83,0.28,0.72,0.88,1.17,0.82,0.67,0.06,0.41,0.94,0.17,0.32
498.58,36,0.93,0.23,0.81,0.83,0.27,0.72,0.87,1.17,0.82,0.67,0.05,0.41,0.92,0.16,0.3
499.58,36,0.94,0.23,0.81,0.83,0.28,0.72,0.88,1.17,0.8,0.68,0.05,0.41,0.92,0.17,0.31
500.58,36,0.93,0.23,0.81,0.83,0.28,0.72,0.88,1.17,0.82,0.67,0.05,0.41,0.93,0.16,0.3
501.58,36,0.94,0.24,0.82,0.84,0.28,0.72,0.88,1.18,0.81,0.68,0.05,0.41,0.94,0.17,0.3
502.58,36,0.93,0.23,0.81,0.82,0.28,0.71,0.87,1.17,0.81,0.67,0.05,0.41,0.93,0.17,0.3
503.58,36,0.93,0.23,0.81,0.83,0.27,0.72,0.88,1.17,0.82,0.67,0.05,0.41,0.93,0.16,0.31
504.6,36,0.93,0.23,0.81,0.83,0.28,0.72,0.88,1.17,0.81,0.68,0.05,0.41,0.94,0.16,0.3
505.6,36,0.94,0.23,0.82,0.84,0.28,0.72,0.88,1.18,0.82,0.69,0.06,0.41,0.94,0.17,0.31
506.6,36,0.94,0.23,0.81,0.83,0.28,0.71,0.88,1.17,0.81,0.68,0.05,0.41,0.93,0.17,0.3
507.6,36,0.94,0.23,0.82,0.82,0.28,0.72,0.87,1.17,0.81,0.68,0.05,0.41,0.92,0.17,0.3
508.62,36,0.94,0.23,0.82,0.83,0.28,0.73,0.88,1.18,0.82,0.68,0.06,0.41,0.94,0.17,0.3
509.62,36,0.94,0.23,0.81,0.83,0.28,0.73,0.87,1.17,0.81,0.68,0.05,0.41,0.94,0.16,0.31
510.62,36,0.93,0.23,0.81,0.82,0.27,0.71,0.87,1.16,0.8,0.67,0.05,0.41,0.92,0.16,0.3
511.62,36,0.93,0.23,0.81,0.83,0.27,0.71,0.86,1.17,0.81,0.67,0.05,0.41,0.93,0.16,0.3
512.62,36,0.93,0.22,0.8,0.82,0.27,0.72,0.87,1.17,0.8,0.67,0.05,0.41,0.93,0.16,0.3
513.62,36,0.93,0.23,0.81,0.82,0.28,0.71,0.86,1.16,0.8,0.67,0.05,0.41,0.94,0.16,0.31
514.62,36,0.94,0.23,0.82,0.83,0.28,0.72,0.87,1.17,0.82,0.69,0.06,0.41,0.94,0.17,0.31
515.63,36,0.94,0.23,0.81,0.82,0.27,0.72,0.87,1.17,0.81,0.67,0.05,0.41,0.93,0.16,0.31
516.63,36,0.94,0.23,0.81,0.82,0.27,0.72,0.87,1.17,0.82,0.68,0.05,0.41,0.93,0.16,0.3
517.63,36,0.94,0.23,0.82,0.83,0.28,0.72,0.87,1.17,0.81,0.67,0.06,0.41,0.93,0.17,0.3
518.63,36,0.93,0.23,0.8,0.83,0.28,0.72,0.87,1.17,0.8,0.67,0.05,0.41,0.93,0.16,0.3
519.65,36,0.94,0.24,0.82,0.84,0.28,0.73,0.88,1.18,0.82,0.68,0.05,0.41,0.94,0.18,0.31
520.65,36,0.94,0.23,0.81,0.83,0.27,0.71,0.87,1.17,0.81,0.67,0.05,0.41,0.93,0.16,0.3
521.65,36,0.93,0.23,0.81,0.83,0.27,0.71,0.87,1.16,0.8,0.67,0.05,0.41,0.93,0.16,0.3
522.67,36,0.94,0.23,0.82,0.83,0.27,0.72,0.87,1.17,0.81,0.67,0.06,0.41,0.94,0.17,0.31
523.67,36,0.94,0.23,0.82,0.84,0.28,0.73,0.88,1.17,0.81,0.67,0.05,0.41,0.94,0.17,0.31
524.67,36,0.94,0.23,0.81,0.83,0.28,0.73,0.88,1.17,0.81,0.68,0.05,0.41,0.93,0.16,0.31
525.68,36,0.93,0.23,0.81,0.82,0.28,0.72,0.87,1.18,0.81,0.67,0.06,0.41,0.94,0.16,0.3
526.68,36,0.94,0.23,0.82,0.83,0.28,0.72,0.88,1.17,0.82,0.68,0.05,0.41,0.92,0.16,0.31
527.68,36,0.93,0.24,0.81,0.83,0.27,0.71,0.87,1.17,0.8,0.67,0.05,0.41,0.93,0.16,0.3
528.68,36,0.94,0.23,0.82,0.83,0.28,0.72,0.88,1.17,0.81,0.67,0.05,0.41,0.94,0.17,0.31
529.68,36,0.94,0.23,0.81,0.82,0.28,0.71,0.87,1.17,0.81,0.67,0.05,0.4,0.93,0.16,0.3
530.68,36,0.94,0.24,0.81,0.83,0.28,0.73,0.87,1.17,0.81,0.67,0.06,0.41,0.94,0.17,0.31
531.7,36,0.94,0.23,0.81,0.82,0.27,0.72,0.87,1.17,0.81,0.67,0.05,0.41,0.92,0.16,0.31
532.7,36,0.94,0.23,0.81,0.82,0.28,0.73,0.87,1.17,0.81,0.68,0.05,0.41,0.93,0.17,0.3
533.7,36,0.94,0.23,0.82,0.83,0.28,0.73,0.88,1.17,0.82,0.68,0.06,0.41,0.94,0.17,0.31
534.72,36,0.93,0.23,0.81,0.82,0.27,0.72,0.87,1.17,0.8,0.67,0.05,0.41,0.93,0.16,0.3
535.72,36,0.94,0.23,0.82,0.84,0.28,0.73,0.88,1.17,0.81,0.67,0.06,0.41,0.94,0.17,0.31
536.72,36,0.94,0.22,0.81,0.82,0.28,0.72,0.86,1.17,0.81,0.67,0.06,0.41,0.93,0.17,0.3
537.72,36,0.93,0.23,0.81,0.82,0.27,0.72,0.87,1.17,0.8,0.67,0.05,0.41,0.93,0.17,0.31
538.72,36,0.93,0.23,0.82,0.84,0.28,0.73,0.87,1.17,0.81,0.68,0.05,0.41,0.94,0.17,0.3
539.73,36,0.94,0.23,0.82,0.84,0.28,0.72,0.87,1.17,0.81,0.68,0.06,0.41,0.94,0.17,0.31
540.73,36,0.94,0.24,0.81,0.83,0.28,0.73,0.88,1.17,0.81,0.68,0.05,0.41,0.94,0.17,0.31
541.73,36,0.94,0.24,0.82,0.83,0.28,0.73,0.88,1.18,0.82,0.69,0.06,0.42,0.94,0.18,0.32
542.73,36,0.94,0.23,0.8,0.83,0.28,0.72,0.87,1.17,0.81,0.68,0.05,0.41,0.94,0.17,0.31
543.73,36,0.94,0.23,0.82,0.83,0.28,0.72,0.87,1.17,0.81,0.67,0.06,0.41,0.93,0.16,0.3
544.73,36,0.94,0.24,0.82,0.82,0.28,0.71,0.88,1.17,0.81,0.67,0.05,0.41,0.94,0.17,0.3
545.73,36,0.94,0.23,0.81,0.84,0.28,0.73,0.88,1.17,0.81,0.67,0.05,0.41,0.93,0.18,0.31
546.73,36,0.94,0.24,0.82,0.84,0.28,0.73,0.88,1.18,0.82,0.69,0.06,0.42,0.94,0.18,0.32
547.73,36,0.94,0.23,0.81,0.83,0.27,0.72,0.87,1.17,0.81,0.67,0.05,0.41,0.93,0.16,0.3
548.73,36,0.94,0.23,0.81,0.82,0.27,0.71,0.87,1.16,0.81,0.67,0.05,0.41,0.92,0.16,0.3
549.73,36,0.94,0.23,0.8,0.83,0.28,0.73,0.88,1.17,0.81,0.67,0.06,0.41,0.94,0.18,0.3
550.73,36,0.93,0.23,0.82,0.83,0.27,0.72,0.87,1.17,0.82,0.68,0.05,0.41,0.93,0.17,0.3
551.73,36,0.93,0.23,0.8,0.83,0.27,0.71,0.87,1.17,0.8,0.67,0.05,0.41,0.92,0.16,0.3
552.73,36,0.94,0.23,0.82,0.82,0.28,0.72,0.88,1.17,0.81,0.67,0.05,0.41,0.93,0.17,0.3
553.75,36,0.94,0.23,0.81,0.83,0.27,0.73,0.88,1.17,0.81,0.67,0.06,0.41,0.93,0.16,0.31
554.75,36,0.94,0.23,0.82,0.83,0.28,0.73,0.87,1.17,0.82,0.68,0.06,0.41,0.94,0.17,0.31
555.75,36,0.94,0.24,0.82,0.84,0.28,0.72,0.88,1.18,0.82,0.68,0.06,0.41,0.94,0.18,0.31
556.75,36,0.94,0.23,0.81,0.82,0.28,0.73,0.88,1.17,0.8,0.68,0.06,0.41,0.93,0.17,0.3
557.77,36,0.94,0.23,0.81,0.82,0.28,0.73,0.88,1.17,0.82,0.68,0.05,0.41,0.94,0.17,0.31
558.77,36,0.94,0.23,0.81,0.83,0.28,0.72,0.88,1.17,0.82,0.67,0.06,0.41,0.93,0.17,0.31
559.77,36,0.94,0.23,0.81,0.83,0.28,0.71,0.88,1.17,0.81,0.67,0.06,0.41,0.94,0.17,0.3
560.77,36,0.94,0.23,0.81,0.82,0.27,0.71,0.88,1.18,0.81,0.67,0.06,0.41,0.93,0.17,0.3
561.77,36,0.94,0.23,0.81,0.82,0.27,0.71,0.87,1.18,0.81,0.68,0.05,0.41,0.93,0.17,0.31
562.77,36,0.93,0.23,0.8,0.82,0.27,0.71,0.87,1.17,0.81,0.67,0.05,0.41,0.92,0.16,0.3
563.78,36,0.93,0.23,0.81,0.82,0.27,0.71,0.87,1.17,0.8,0.67,0.05,0.41,0.94,0.16,0.31
564.78,36,0.93,0.23,0.81,0.82,0.27,0.72,0.86,1.17,0.81,0.67,0.05,0.41,0.92,0.16,0.3
565.78,36,0.93,0.23,0.82,0.83,0.27,0.71,0.87,1.17,0.8,0.68,0.06,0.41,0.93,0.16,0.3
566.78,36,0.93,0.23,0.82,0.82,0.28,0.72,0.88,1.18,0.82,0.67,0.05,0.41,0.93,0.17,0.31
567.8,36,0.93,0.22,0.81,0.83,0.28,0.71,0.87,1.17,0.81,0.67,0.05,0.41,0.92,0.16,0.31
568.8,36,0.93,0.23,0.82,0.82,0.28,0.72,0.88,1.17,0.82,0.67,0.05,0.41,0.93,0.17,0.3
569.8,36,0.94,0.23,0.82,0.83,0.28,0.71,0.88,1.17,0.82,0.68,0.06,0.41,0.93,0.17,0.31
570.8,36,0.93,0.23,0.81,0.83,0.28,0.72,0.87,1.17,0.81,0.68,0.05,0.41,0.94,0.17,0.3
571.8,36,0.93,0.23,0.81,0.82,0.28,0.71,0.87,1.16,0.8,0.67,0.05,0.41,0.93,0.16,0.3
572.8,36,0.94,0.23,0.82,0.84,0.28,0.72,0.88,1.18,0.82,0.68,0.06,0.41,0.93,0.18,0.31
573.82,36,0.93,0.23,0.81,0.83,0.28,0.71,0.86,1.17,0.8,0.68,0.05,0.41,0.93,0.16,0.3
574.82,36,0.93,0.23,0.81,0.82,0.27,0.72,0.88,1.17,0.8,0.68,0.05,0.41,0.93,0.17,0.3
575.82,36,0.94,0.23,0.81,0.82,0.28,0.72,0.86,1.17,0.81,0.67,0.06,0.41,0.93,0.17,0.3
576.83,36,0.94,0.21,0.81,0.83,0.28,0.71,0.87,1.17,0.8,0.67,0.05,0.41,0.93,0.16,0.3
577.83,36,0.94,0.23,0.82,0.83,0.28,0.72,0.88,1.17,0.82,0.69,0.06,0.41,0.94,0.17,0.31
578.83,36,0.93,0.23,0.81,0.82,0.28,0.73,0.88,1.17,0.82,0.68,0.06,0.41,0.93,0.16,0.31
579.83,36,0.93,0.23,0.81,0.82,0.27,0.71,0.87,1.17,0.81,0.67,0.05,0.41,0.92,0.16,0.3
580.85,36,0.93,0.23,0.81,0.82,0.28,0.72,0.87,1.17,0.81,0.67,0.05,0.41,0.92,0.16,0.31
581.85,36,0.93,0.23,0.81,0.83,0.27,0.72,0.88,1.17,0.81,0.67,0.05,0.41,0.94,0.17,0.3
582.85,36,0.93,0.23,0.81,0.83,0.28,0.71,0.87,1.17,0.81,0.67,0.06,0.41,0.93,0.17,0.3
583.85,36,0.94,0.23,0.81,0.83,0.26,0.71,0.87,1.17,0.81,0.67,0.05,0.41,0.92,0.17,0.3
584.85,36,0.94,0.23,0.81,0.83,0.28,0.71,0.88,1.17,0.8,0.67,0.05,0.41,0.94,0.16,0.3
585.87,36,0.93,0.23,0.8,0.82,0.27,0.71,0.87,1.17,0.81,0.67,0.05,0.4,0.93,0.16,0.3
586.87,36,0.93,0.23,0.81,0.83,0.27,0.71,0.86,1.16,0.81,0.67,0.05,0.4,0.93,0.16,0.3
587.87,36,0.94,0.23,0.81,0.82,0.28,0.71,0.87,1.17,0.82,0.67,0.05,0.41,0.93,0.16,0.31
588.87,36,0.93,0.23,0.81,0.83,0.27,0.72,0.88,1.17,0.8,0.67,0.05,0.41,0.92,0.16,0.3
589.87,36,0.93,0.23,0.81,0.82,0.27,0.72,0.87,1.17,0.81,0.68,0.05,0.41,0.93,0.17,0.31
590.87,36,0.94,0.23,0.81,0.82,0.26,0.72,0.86,1.17,0.8,0.67,0.05,0.41,0.92,0.16,0.3
591.88,36,0.93,0.23,0.8,0.82,0.26,0.71,0.86,1.16,0.8,0.67,0.05,0.4,0.92,0.16,0.3
592.88,36,0.93,0.23,0.81,0.83,0.27,0.71,0.87,1.17,0.81,0.67,0.05,0.41,0.93,0.17,0.3
593.88,36,0.93,0.23,0.81,0.83,0.27,0.71,0.87,1.17,0.81,0.67,0.05,0.41,0.93,0.17,0.3
594.88,36,0.93,0.23,0.82,0.83,0.27,0.72,0.88,1.17,0.81,0.68,0.06,0.41,0.92,0.17,0.3
595.9,36,0.93,0.23,0.8,0.82,0.27,0.71,0.86,1.17,0.81,0.67,0.05,0.4,0.93,0.16,0.3
596.9,36,0.93,0.23,0.81,0.82,0.28,0.72,0.87,1.17,0.81,0.68,0.06,0.41,0.93,0.17,0.3
597.9,36,0.93,0.23,0.8,0.82,0.28,0.72,0.88,1.17,0.81,0.67,0.05,0.41,0.92,0.16,0.3
598.9,36,0.94,0.23,0.81,0.82,0.28,0.71,0.88,1.17,0.82,0.68,0.05,0.41,0.93,0.17,0.3
599.9,36,0.93,0.23,0.82,0.83,0.28,0.71,0.88,1.17,0.8,0.68,0.05,0.41,0.93,0.16,0.31
600.92,36,0.94,0.24,0.81,0.83,0.28,0.71,0.86,1.17,0.8,0.67,0.05,0.41,0.93,0.17,0.3
601.92,36,0.94,0.23,0.8,0.82,0.27,0.72,0.87,1.17,0.8,0.67,0.05,0.41,0.93,0.16,0.3
602.92,36,0.93,0.23,0.8,0.82,0.26,0.71,0.86,1.16,0.81,0.66,0.04,0.4,0.92,0.16,0.3
603.92,36,0.93,0.23,0.8,0.82,0.27,0.71,0.87,1.16,0.8,0.67,0.05,0.41,0.93,0.16,0.3
604.93,36,0.93,0.23,0.82,0.83,0.28,0.72,0.87,1.17,0.82,0.68,0.06,0.41,0.93,0.17,0.3
605.93,36,0.94,0.23,0.81,0.83,0.28,0.72,0.88,1.17,0.81,0.67,0.05,0.41,0.93,0.17,0.3
606.93,36,0.93,0.23,0.8,0.82,0.27,0.71,0.86,1.17,0.8,0.67,0.05,0.41,0.92,0.16,0.3
607.93,36,0.94,0.23,0.82,0.83,0.28,0.72,0.87,1.17,0.8,0.67,0.05,0.41,0.93,0.17,0.3
608.93,36,0.93,0.23,0.82,0.83,0.28,0.73,0.87,1.17,0.81,0.67,0.05,0.41,0.93,0.16,0.31
609.95,36,0.94,0.24,0.82,0.83,0.28,0.73,0.87,1.17,0.81,0.68,0.06,0.41,0.94,0.17,0.32
610.95,36,0.93,0.23,0.81,0.83,0.28,0.71,0.88,1.17,0.8,0.67,0.05,0.41,0.94,0.17,0.3
611.95,36,0.94,0.24,0.82,0.83,0.27,0.71,0.88,1.17,0.81,0.67,0.06,0.41,0.93,0.16,0.31
612.95,36,0.94,0.24,0.82,0.83,0.28,0.73,0.87,1.17,0.82,0.69,0.06,0.42,0.94,0.17,0.31
613.97,36,0.94,0.23,0.81,0.82,0.27,0.71,0.87,1.17,0.8,0.67,0.06,0.4,0.93,0.16,0.3
614.97,36,0.93,0.23,0.81,0.83,0.27,0.72,0.87,1.17,0.81,0.67,0.05,0.41,0.93,0.17,0.3
615.97,36,0.94,0.23,0.82,0.83,0.28,0.72,0.88,1.17,0.82,0.67,0.05,0.41,0.93,0.17,0.3
616.97,36,0.94,0.23,0.81,0.83,0.27,0.73,0.88,1.17,0.82,0.67,0.05,0.41,0.93,0.17,0.3
617.97,36,0.94,0.24,0.82,0.83,0.27,0.72,0.87,1.17,0.81,0.68,0.05,0.41,0.93,0.17,0.31
618.98,36,0.94,0.23,0.82,0.83,0.28,0.72,0.88,1.18,0.8,0.68,0.05,0.41,0.94,0.17,0.31
619.98,36,0.94,0.23,0.81,0.83,0.27,0.71,0.86,1.17,0.8,0.67,0.05,0.41,0.93,0.16,0.3
620.98,36,0.93,0.23,0.81,0.82,0.28,0.71,0.87,1.17,0.81,0.67,0.05,0.4,0.92,0.16,0.3
622,36,0.94,0.23,0.82,0.82,0.28,0.73,0.88,1.17,0.82,0.67,0.05,0.41,0.94,0.17,0.3
623,36,0.94,0.24,0.8,0.83,0.27,0.71,0.87,1.17,0.81,0.67,0.05,0.41,0.92,0.17,0.3
624,36,0.93,0.23,0.8,0.82,0.27,0.72,0.86,1.17,0.8,0.67,0.05,0.41,0.92,0.16,0.3
625,36,0.94,0.24,0.82,0.83,0.28,0.72,0.88,1.17,0.82,0.68,0.06,0.42,0.94,0.17,0.31
626,36,0.94,0.23,0.81,0.82,0.27,0.72,0.88,1.17,0.81,0.68,0.05,0.41,0.94,0.16,0.3
627,36,0.93,0.23,0.8,0.83,0.27,0.71,0.87,1.17,0.81,0.67,0.05,0.4,0.93,0.16,0.3
628,36,0.94,0.23,0.82,0.83,0.28,0.73,0.88,1.18,0.81,0.67,0.06,0.41,0.94,0.17,0.3
629,36,0.93,0.23,0.81,0.83,0.28,0.71,0.88,1.17,0.81,0.68,0.06,0.41,0.93,0.16,0.3
630.02,36,0.94,0.23,0.81,0.82,0.27,0.72,0.86,1.17,0.81,0.67,0.05,0.41,0.93,0.17,0.3
631.02,36,0.94,0.23,0.81,0.84,0.28,0.72,0.88,1.17,0.8,0.68,0.05,0.41,0.93,0.17,0.3
632.02,36,0.94,0.23,0.81,0.82,0.27,0.71,0.88,1.17,0.81,0.67,0.05,0.41,0.94,0.16,0.3
633.02,36,0.94,0.23,0.81,0.82,0.28,0.72,0.87,1.17,0.82,0.67,0.05,0.41,0.94,0.17,0.31
634.02,36,0.93,0.23,0.81,0.83,0.28,0.72,0.86,1.17,0.81,0.67,0.05,0.41,0.93,0.16,0.3
635.03,36,0.94,0.23,0.82,0.83,0.28,0.72,0.88,1.17,0.82,0.68,0.05,0.41,0.93,0.16,0.31
636.03,36,0.94,0.24,0.82,0.84,0.28,0.73,0.88,1.18,0.82,0.68,0.06,0.42,0.94,0.17,0.31
637.03,36,0.94,0.23,0.81,0.83,0.28,0.72,0.87,1.17,0.81,0.68,0.05,0.42,0.94,0.17,0.3
638.03,36,0.94,0.23,0.81,0.83,0.28,0.71,0.87,1.16,0.81,0.68,0.05,0.41,0.93,0.17,0.31
639.03,36,0.94,0.24,0.81,0.84,0.28,0.73,0.88,1.17,0.82,0.68,0.06,0.41,0.94,0.17,0.31
640.03,36,0.94,0.23,0.82,0.83,0.28,0.73,0.88,1.17,0.8,0.67,0.05,0.41,0.93,0.17,0.3
641.05,36,0.93,0.23,0.81,0.82,0.27,0.73,0.87,1.17,0.81,0.68,0.05,0.41,0.93,0.16,0.3
642.05,36,0.94,0.23,0.82,0.83,0.28,0.72,0.87,1.17,0.82,0.68,0.06,0.41,0.94,0.17,0.31
643.05,36,0.94,0.23,0.81,0.83,0.28,0.73,0.87,1.17,0.81,0.67,0.06,0.41,0.94,0.17,0.3
644.05,36,0.93,0.23,0.82,0.83,0.28,0.72,0.88,1.17,0.82,0.67,0.06,0.41,0.94,0.17,0.31
645.05,36,0.93,0.23,0.8,0.82,0.27,0.71,0.87,1.17,0.8,0.67,0.05,0.41,0.93,0.16,0.3
646.05,36,0.93,0.23,0.81,0.82,0.27,0.73,0.87,1.17,0.81,0.67,0.05,0.41,0.93,0.16,0.31
647.05,36,0.94,0.24,0.82,0.83,0.28,0.71,0.88,1.17,0.82,0.67,0.06,0.41,0.94,0.16,0.3
648.05,36,0.93,0.23,0.81,0.83,0.28,0.71,0.87,1.16,0.8,0.67,0.05,0.41,0.93,0.17,0.3
649.07,36,0.94,0.24,0.81,0.84,0.28,0.73,0.87,1.18,0.82,0.68,0.06,0.41,0.93,0.18,0.3
650.07,36,0.94,0.23,0.8,0.83,0.27,0.71,0.86,1.17,0.81,0.67,0.05,0.4,0.93,0.16,0.3
651.07,36,0.93,0.23,0.82,0.82,0.27,0.73,0.88,1.17,0.82,0.67,0.06,0.41,0.93,0.17,0.3
652.08,36,0.94,0.24,0.81,0.83,0.28,0.73,0.88,1.17,0.81,0.67,0.06,0.41,0.92,0.17,0.32
653.08,36,0.94,0.24,0.82,0.83,0.28,0.71,0.88,1.18,0.82,0.68,0.06,0.41,0.94,0.17,0.31
654.08,36,0.93,0.23,0.81,0.82,0.27,0.71,0.87,1.17,0.81,0.67,0.05,0.41,0.93,0.17,0.31
655.08,36,0.94,0.23,0.81,0.84,0.28,0.72,0.88,1.17,0.82,0.67,0.06,0.41,0.94,0.16,0.31
656.08,36,0.93,0.24,0.82,0.82,0.28,0.72,0.87,1.17,0.81,0.68,0.05,0.41,0.93,0.16,0.3
657.08,36,0.94,0.23,0.8,0.82,0.27,0.71,0.87,1.17,0.81,0.67,0.05,0.41,0.93,0.16,0.3
658.1,36,0.94,0.23,0.81,0.83,0.27,0.71,0.87,1.17,0.8,0.67,0.05,0.41,0.93,0.16,0.3
659.1,36,0.93,0.22,0.8,0.82,0.27,0.71,0.87,1.17,0.81,0.67,0.05,0.41,0.92,0.16,0.3
660.1,36,0.93,0.23,0.81,0.82,0.28,0.72,0.87,1.17,0.81,0.67,0.06,0.41,0.93,0.17,0.3
661.1,36,0.94,0.23,0.81,0.83,0.27,0.72,0.87,1.17,0.8,0.67,0.05,0.41,0.93,0.17,0.3
662.1,36,0.93,0.23,0.81,0.83,0.27,0.72,0.87,1.17,0.81,0.67,0.05,0.41,0.92,0.17,0.3
663.1,36,0.93,0.23,0.81,0.82,0.28,0.73,0.87,1.17,0.81,0.67,0.05,0.41,0.93,0.16,0.3
664.12,36,0.93,0.23,0.81,0.82,0.28,0.72,0.87,1.17,0.81,0.67,0.05,0.41,0.93,0.17,0.31
665.12,36,0.94,0.23,0.81,0.83,0.28,0.72,0.87,1.17,0.82,0.67,0.06,0.41,0.93,0.17,0.3
666.12,36,0.94,0.23,0.8,0.83,0.28,0.71,0.87,1.17,0.81,0.67,0.06,0.41,0.93,0.16,0.31
667.12,36,0.93,0.23,0.8,0.82,0.28,0.71,0.86,1.17,0.81,0.67,0.05,0.41,0.93,0.17,0.3
668.12,36,0.94,0.23,0.81,0.83,0.28,0.72,0.87,1.17,0.81,0.68,0.05,0.41,0.93,0.16,0.3
669.12,36,0.94,0.23,0.81,0.83,0.27,0.71,0.87,1.17,0.8,0.67,0.05,0.41,0.92,0.17,0.3
670.12,36,0.94,0.23,0.8,0.82,0.28,0.72,0.86,1.17,0.81,0.67,0.05,0.41,0.93,0.17,0.31
671.13,36,0.93,0.23,0.8,0.82,0.27,0.71,0.87,1.17,0.81,0.67,0.05,0.41,0.93,0.16,0.3
672.13,36,0.93,0.23,0.81,0.82,0.27,0.72,0.86,1.17,0.8,0.67,0.05,0.41,0.93,0.16,0.3
673.13,36,0.93,0.23,0.8,0.83,0.28,0.71,0.87,1.17,0.81,0.67,0.05,0.41,0.93,0.16,0.3
674.13,36,0.93,0.23,0.8,0.82,0.27,0.71,0.87,1.17,0.8,0.67,0.05,0.41,0.93,0.16,0.3
675.13,36,0.94,0.24,0.82,0.83,0.28,0.72,0.88,1.17,0.82,0.67,0.05,0.41,0.93,0.17,0.3
676.13,36,0.93,0.23,0.81,0.83,0.28,0.73,0.88,1.17,0.82,0.68,0.06,0.41,0.93,0.17,0.31
677.13,36,0.93,0.23,0.8,0.82,0.27,0.72,0.86,1.16,0.81,0.67,0.05,0.41,0.92,0.16,0.3
678.15,36,0.94,0.23,0.81,0.83,0.28,0.72,0.87,1.17,0.81,0.68,0.05,0.41,0.93,0.16,0.31
679.15,36,0.94,0.23,0.81,0.82,0.28,0.72,0.87,1.17,0.81,0.67,0.06,0.41,0.94,0.17,0.3
680.15,36,0.93,0.23,0.82,0.83,0.27,0.73,0.87,1.17,0.81,0.67,0.05,0.41,0.93,0.16,0.31
681.15,36,0.93,0.23,0.81,0.83,0.28,0.72,0.87,1.17,0.8,0.67,0.05,0.41,0.93,0.16,0.3
682.17,36,0.93,0.23,0.81,0.82,0.28,0.73,0.87,1.17,0.82,0.67,0.05,0.41,0.93,0.17,0.31
683.17,36,0.93,0.23,0.8,0.82,0.27,0.72,0.87,1.17,0.81,0.67,0.05,0.4,0.92,0.16,0.3
684.17,36,0.93,0.23,0.8,0.83,0.27,0.71,0.87,1.17,0.8,0.67,0.05,0.41,0.92,0.16,0.3
685.17,36,0.94,0.22,0.81,0.83,0.27,0.72,0.87,1.17,0.82,0.67,0.05,0.41,0.93,0.16,0.3
686.18,36,0.93,0.23,0.8,0.83,0.27,0.72,0.87,1.17,0.81,0.67,0.05,0.41,0.93,0.16,0.3
687.18,36,0.93,0.23,0.81,0.82,0.27,0.72,0.87,1.17,0.81,0.67,0.05,0.4,0.93,0.17,0.3
688.18,36,0.92,0.22,0.8,0.82,0.27,0.71,0.86,1.17,0.8,0.66,0.05,0.4,0.92,0.16,0.3
689.18,36,0.92,0.23,0.8,0.82,0.27,0.71,0.86,1.16,0.8,0.67,0.05,0.4,0.92,0.16,0.3
690.18,36,0.93,0.23,0.81,0.82,0.27,0.71,0.87,1.16,0.8,0.67,0.05,0.41,0.93,0.16,0.31
691.2,36,0.93,0.23,0.81,0.82,0.27,0.71,0.88,1.17,0.81,0.68,0.06,0.41,0.93,0.16,0.31
692.2,36,0.93,0.23,0.8,0.82,0.27,0.72,0.88,1.17,0.81,0.67,0.05,0.41,0.93,0.16,0.3
693.2,36,0.92,0.23,0.8,0.82,0.27,0.71,0.86,1.17,0.8,0.67,0.05,0.4,0.92,0.16,0.3
694.2,36,0.93,0.23,0.8,0.83,0.27,0.72,0.86,1.17,0.8,0.67,0.05,0.41,0.92,0.16,0.3
695.2,36,0.93,0.23,0.81,0.82,0.27,0.72,0.87,1.17,0.8,0.67,0.05,0.4,0.92,0.16,0.3
696.2,36,0.93,0.23,0.81,0.82,0.27,0.71,0.86,1.17,0.81,0.67,0.05,0.41,0.93,0.16,0.3
697.2,36,0.93,0.23,0.8,0.83,0.27,0.71,0.86,1.16,0.8,0.67,0.05,0.4,0.93,0.16,0.3
698.22,36,0.93,0.23,0.81,0.82,0.27,0.71,0.87,1.17,0.8,0.67,0.05,0.41,0.93,0.17,0.3
699.22,36,0.93,0.23,0.8,0.82,0.26,0.71,0.87,1.17,0.81,0.66,0.05,0.41,0.92,0.16,0.3
700.22,36,0.92,0.23,0.8,0.83,0.26,0.71,0.86,1.16,0.8,0.67,0.05,0.41,0.92,0.16,0.3
701.22,36,0.92,0.22,0.8,0.82,0.26,0.71,0.86,1.17,0.81,0.67,0.05,0.41,0.92,0.16,0.3
702.22,36,0.93,0.23,0.8,0.82,0.27,0.72,0.86,1.16,0.8,0.67,0.05,0.41,0.92,0.16,0.3
703.23,36,0.93,0.23,0.8,0.82,0.27,0.71,0.86,1.17,0.8,0.67,0.05,0.41,0.93,0.16,0.3
704.23,36,0.93,0.23,0.8,0.82,0.27,0.71,0.86,1.16,0.8,0.67,0.05,0.4,0.92,0.16,0.3
705.23,36,0.93,0.23,0.81,0.83,0.27,0.71,0.87,1.16,0.81,0.67,0.05,0.41,0.92,0.16,0.3
706.23,36,0.93,0.23,0.8,0.82,0.27,0.71,0.86,1.16,0.8,0.67,0.05,0.41,0.92,0.16,0.3
707.23,36,0.93,0.23,0.81,0.83,0.28,0.71,0.87,1.17,0.81,0.67,0.05,0.4,0.92,0.16,0.3
708.25,36,0.94,0.23,0.8,0.82,0.27,0.73,0.87,1.17,0.81,0.67,0.06,0.41,0.93,0.17,0.3
709.25,36,0.93,0.23,0.81,0.83,0.28,0.72,0.87,1.17,0.81,0.67,0.06,0.41,0.92,0.17,0.31
710.25,36,0.93,0.23,0.81,0.83,0.28,0.71,0.87,1.17,0.81,0.67,0.05,0.41,0.93,0.16,0.3
711.25,36,0.92,0.22,0.8,0.82,0.26,0.71,0.86,1.17,0.8,0.67,0.05,0.4,0.92,0.16,0.3
712.25,36,0.92,0.22,0.8,0.82,0.26,0.71,0.86,1.15,0.8,0.66,0.05,0.4,0.92,0.16,0.3
713.25,36,0.93,0.23,0.8,0.82,0.26,0.71,0.86,1.17,0.8,0.67,0.05,0.4,0.92,0.16,0.3
714.27,36,0.92,0.23,0.8,0.82,0.26,0.71,0.86,1.17,0.81,0.67,0.05,0.4,0.92,0.16,0.3
715.27,36,0.93,0.22,0.81,0.82,0.27,0.71,0.86,1.16,0.81,0.67,0.05,0.4,0.92,0.16,0.3
716.27,36,0.94,0.23,0.81,0.83,0.27,0.72,0.87,1.17,0.81,0.67,0.05,0.41,0.93,0.17,0.3
717.27,36,0.94,0.23,0.82,0.83,0.28,0.73,0.88,1.17,0.82,0.68,0.06,0.41,0.94,0.17,0.31
718.27,36,0.93,0.23,0.81,0.82,0.27,0.71,0.86,1.17,0.8,0.67,0.05,0.4,0.92,0.16,0.3
719.27,36,0.93,0.24,0.81,0.83,0.28,0.73,0.88,1.17,0.82,0.68,0.06,0.41,0.93,0.17,0.3
720.28,36,0.93,0.23,0.8,0.82,0.26,0.72,0.86,1.17,0.81,0.67,0.05,0.41,0.92,0.17,0.3
721.28,36,0.93,0.23,0.81,0.83,0.27,0.71,0.86,1.16,0.81,0.67,0.05,0.41,0.93,0.16,0.3
722.28,36,0.93,0.22,0.8,0.82,0.27,0.71,0.87,1.17,0.8,0.67,0.05,0.4,0.93,0.16,0.29
723.28,36,0.94,0.23,0.82,0.83,0.28,0.71,0.87,1.17,0.81,0.67,0.05,0.41,0.93,0.17,0.3
724.28,36,0.93,0.23,0.8,0.83,0.28,0.72,0.87,1.17,0.8,0.67,0.05,0.41,0.92,0.16,0.3
725.3,36,0.93,0.22,0.81,0.83,0.27,0.71,0.87,1.17,0.8,0.67,0.05,0.41,0.93,0.16,0.3
726.3,36,0.93,0.23,0.81,0.82,0.28,0.72,0.87,1.17,0.81,0.67,0.06,0.41,0.93,0.16,0.3
727.3,36,0.93,0.23,0.81,0.82,0.27,0.71,0.86,1.17,0.81,0.67,0.05,0.4,0.92,0.16,0.3
728.3,36,0.93,0.23,0.81,0.82,0.27,0.72,0.87,1.17,0.81,0.67,0.05,0.41,0.93,0.16,0.3
729.3,36,0.93,0.23,0.81,0.83,0.26,0.72,0.86,1.15,0.81,0.67,0.05,0.4,0.92,0.16,0.3
730.32,36,0.94,0.23,0.8,0.83,0.27,0.71,0.86,1.17,0.81,0.67,0.05,0.41,0.93,0.16,0.3
731.32,36,0.94,0.23,0.81,0.83,0.27,0.72,0.87,1.17,0.81,0.67,0.06,0.41,0.94,0.16,0.3
732.32,36,0.93,0.23,0.8,0.82,0.27,0.71,0.87,1.16,0.81,0.67,0.05,0.41,0.92,0.16,0.3
733.32,36,0.93,0.22,0.81,0.82,0.27,0.71,0.87,1.17,0.8,0.67,0.05,0.4,0.92,0.16,0.3
734.32,36,0.93,0.23,0.81,0.82,0.27,0.72,0.87,1.17,0.81,0.67,0.05,0.41,0.93,0.16,0.3
735.32,36,0.94,0.23,0.81,0.83,0.27,0.72,0.87,1.17,0.81,0.67,0.05,0.41,0.93,0.16,0.3
736.32,36,0.94,0.24,0.82,0.83,0.28,0.73,0.87,1.17,0.8,0.67,0.05,0.41,0.93,0.17,0.31
737.33,36,0.94,0.23,0.82,0.82,0.28,0.72,0.87,1.17,0.81,0.67,0.06,0.41,0.93,0.17,0.3
738.33,36,0.93,0.23,0.8,0.82,0.27,0.72,0.86,1.16,0.81,0.67,0.05,0.41,0.93,0.17,0.3
739.33,36,0.92,0.23,0.81,0.82,0.26,0.71,0.87,1.17,0.8,0.67,0.05,0.41,0.92,0.16,0.3
740.33,36,0.94,0.23,0.82,0.83,0.28,0.72,0.87,1.17,0.81,0.67,0.06,0.41,0.93,0.17,0.3
741.35,36,0.94,0.23,0.81,0.83,0.28,0.73,0.87,1.17,0.82,0.68,0.06,0.41,0.93,0.16,0.31
742.35,36,0.93,0.23,0.8,0.83,0.28,0.71,0.87,1.16,0.8,0.67,0.05,0.4,0.93,0.16,0.3
743.35,36,0.93,0.23,0.81,0.82,0.27,0.72,0.87,1.17,0.82,0.67,0.06,0.41,0.92,0.16,0.3
744.35,36,0.93,0.23,0.8,0.82,0.27,0.71,0.86,1.16,0.8,0.67,0.05,0.41,0.92,0.16,0.3
745.37,36,0.94,0.23,0.81,0.82,0.28,0.71,0.88,1.17,0.8,0.67,0.05,0.41,0.93,0.16,0.3
746.37,36,0.93,0.23,0.81,0.83,0.27,0.71,0.87,1.17,0.81,0.68,0.05,0.41,0.94,0.17,0.3
747.37,36,0.92,0.23,0.81,0.82,0.26,0.71,0.87,1.17,0.81,0.67,0.06,0.41,0.93,0.16,0.3
748.37,36,0.94,0.23,0.81,0.82,0.27,0.72,0.88,1.17,0.81,0.67,0.05,0.41,0.93,0.16,0.3
749.38,36,0.94,0.23,0.81,0.82,0.26,0.71,0.87,1.17,0.81,0.67,0.05,0.41,0.92,0.17,0.3
750.38,36,0.94,0.24,0.82,0.84,0.28,0.72,0.88,1.17,0.82,0.68,0.06,0.41,0.94,0.18,0.3
751.38,36,0.94,0.23,0.82,0.83,0.27,0.71,0.87,1.17,0.81,0.67,0.06,0.41,0.94,0.16,0.3
752.38,36,0.94,0.23,0.81,0.83,0.28,0.73,0.86,1.17,0.82,0.67,0.05,0.41,0.93,0.17,0.3
753.38,36,0.93,0.23,0.82,0.83,0.27,0.71,0.87,1.17,0.81,0.67,0.06,0.41,0.93,0.17,0.31
754.38,36,0.93,0.23,0.8,0.82,0.27,0.71,0.87,1.16,0.81,0.67,0.05,0.41,0.93,0.16,0.3
755.4,36,0.92,0.23,0.8,0.82,0.26,0.71,0.86,1.16,0.8,0.67,0.05,0.4,0.92,0.16,0.29
756.4,36,0.94,0.25,0.81,0.83,0.28,0.71,0.87,1.17,0.82,0.68,0.06,0.41,0.94,0.17,0.31
757.4,36,0.93,0.23,0.82,0.82,0.28,0.72,0.87,1.17,0.82,0.67,0.05,0.4,0.93,0.16,0.31
758.4,36,0.94,0.23,0.81,0.82,0.28,0.71,0.88,1.17,0.81,0.67,0.05,0.41,0.93,0.17,0.31
759.42,36,0.93,0.23,0.82,0.83,0.28,0.73,0.88,1.17,0.82,0.67,0.06,0.41,0.93,0.17,0.3
760.42,36,0.93,0.23,0.81,0.83,0.27,0.71,0.86,1.17,0.8,0.67,0.05,0.41,0.92,0.16,0.3
761.42,36,0.93,0.23,0.81,0.83,0.27,0.72,0.87,1.17,0.81,0.67,0.05,0.41,0.93,0.17,0.3
762.42,36,0.92,0.23,0.8,0.82,0.26,0.71,0.86,1.17,0.8,0.67,0.05,0.4,0.92,0.16,0.3
763.42,36,0.93,0.22,0.8,0.82,0.26,0.71,0.87,1.17,0.81,0.67,0.05,0.41,0.92,0.16,0.3
764.43,36,0.94,0.23,0.81,0.82,0.27,0.72,0.87,1.17,0.81,0.67,0.05,0.4,0.93,0.17,0.3
765.43,36,0.93,0.23,0.8,0.82,0.27,0.71,0.86,1.17,0.8,0.68,0.05,0.4,0.92,0.16,0.3
766.43,36,0.93,0.23,0.82,0.82,0.27,0.72,0.87,1.17,0.81,0.67,0.06,0.41,0.93,0.17,0.31
767.43,36,0.93,0.23,0.8,0.82,0.27,0.72,0.87,1.17,0.8,0.67,0.05,0.41,0.92,0.16,0.3
768.43,36,0.93,0.23,0.81,0.83,0.27,0.71,0.87,1.17,0.8,0.67,0.05,0.41,0.93,0.16,0.3
769.43,36,0.93,0.23,0.81,0.83,0.27,0.72,0.88,1.17,0.82,0.67,0.05,0.41,0.93,0.17,0.3
770.43,36,0.94,0.23,0.81,0.83,0.28,0.72,0.88,1.17,0.82,0.67,0.05,0.42,0.93,0.17,0.31
771.43,36,0.92,0.23,0.8,0.82,0.27,0.71,0.86,1.16,0.81,0.67,0.05,0.41,0.92,0.16,0.3
772.45,36,0.93,0.22,0.81,0.82,0.27,0.72,0.86,1.17,0.8,0.67,0.05,0.4,0.93,0.16,0.31
773.45,36,0.93,0.22,0.8,0.82,0.27,0.71,0.87,1.17,0.81,0.67,0.05,0.4,0.92,0.17,0.3
774.45,36,0.94,0.23,0.8,0.83,0.28,0.72,0.88,1.17,0.82,0.67,0.06,0.41,0.94,0.17,0.3
775.45,36,0.93,0.23,0.81,0.82,0.27,0.71,0.88,1.17,0.81,0.68,0.06,0.41,0.93,0.17,0.3
776.45,36,0.93,0.23,0.81,0.82,0.27,0.71,0.87,1.17,0.8,0.67,0.05,0.41,0.92,0.16,0.3
777.45,36,0.93,0.22,0.81,0.82,0.27,0.72,0.87,1.17,0.81,0.67,0.05,0.41,0.93,0.16,0.3
778.45,36,0.92,0.23,0.8,0.82,0.27,0.71,0.87,1.17,0.8,0.67,0.05,0.4,0.92,0.16,0.3
779.45,36,0.94,0.23,0.81,0.83,0.27,0.72,0.87,1.16,0.82,0.68,0.05,0.41,0.93,0.17,0.31
780.47,36,0.93,0.23,0.8,0.82,0.27,0.71,0.86,1.16,0.8,0.67,0.05,0.4,0.92,0.16,0.3
781.47,36,0.93,0.23,0.81,0.82,0.26,0.71,0.87,1.16,0.8,0.67,0.05,0.41,0.93,0.16,0.3
782.47,36,0.93,0.23,0.81,0.83,0.27,0.71,0.87,1.17,0.8,0.67,0.05,0.41,0.93,0.16,0.31
783.47,36,0.93,0.23,0.81,0.82,0.27,0.72,0.87,1.17,0.81,0.67,0.06,0.41,0.92,0.17,0.3
784.47,36,0.93,0.22,0.8,0.82,0.27,0.71,0.86,1.16,0.8,0.67,0.05,0.4,0.92,0.16,0.3
785.47,36,0.92,0.23,0.8,0.82,0.27,0.71,0.86,1.16,0.8,0.67,0.05,0.4,0.92,0.16,0.3
786.47,36,0.93,0.23,0.8,0.83,0.26,0.71,0.86,1.16,0.81,0.67,0.05,0.41,0.93,0.16,0.3
787.48,36,0.93,0.22,0.81,0.83,0.27,0.71,0.86,1.16,0.81,0.67,0.06,0.41,0.92,0.16,0.3
788.48,36,0.92,0.23,0.81,0.82,0.27,0.71,0.87,1.17,0.8,0.67,0.05,0.4,0.92,0.16,0.3
789.48,36,0.94,0.23,0.81,0.82,0.27,0.71,0.87,1.17,0.8,0.68,0.06,0.41,0.92,0.16,0.3
790.48,36,0.93,0.23,0.8,0.82,0.26,0.71,0.87,1.17,0.8,0.67,0.05,0.4,0.92,0.16,0.3
791.48,36,0.92,0.23,0.8,0.82,0.27,0.71,0.86,1.16,0.8,0.67,0.05,0.41,0.92,0.16,0.3
792.5,36,0.92,0.23,0.8,0.82,0.26,0.71,0.86,1.17,0.81,0.67,0.05,0.4,0.92,0.16,0.3
793.5,36,0.93,0.22,0.81,0.82,0.27,0.72,0.87,1.17,0.8,0.67,0.05,0.41,0.92,0.16,0.3
794.5,36,0.92,0.23,0.8,0.82,0.27,0.71,0.86,1.17,0.8,0.67,0.05,0.41,0.93,0.16,0.3
795.5,36,0.93,0.23,0.81,0.83,0.27,0.71,0.87,1.17,0.8,0.67,0.05,0.41,0.93,0.16,0.3
796.5,36,0.93,0.23,0.81,0.82,0.26,0.71,0.87,1.17,0.8,0.66,0.05,0.4,0.92,0.16,0.3
797.5,36,0.93,0.23,0.81,0.83,0.28,0.71,0.86,1.17,0.81,0.67,0.06,0.41,0.93,0.17,0.3
798.5,36,0.93,0.23,0.81,0.83,0.28,0.71,0.86,1.17,0.81,0.67,0.05,0.41,0.93,0.16,0.3
799.52,36,0.94,0.23,0.81,0.83,0.28,0.71,0.87,1.17,0.81,0.67,0.05,0.41,0.93,0.17,0.3
800.52,36,0.93,0.23,0.81,0.82,0.28,0.71,0.86,1.17,0.81,0.67,0.05,0.41,0.93,0.16,0.3
801.52,36,0.93,0.23,0.8,0.82,0.27,0.72,0.87,1.17,0.81,0.67,0.05,0.4,0.92,0.16,0.3
802.52,36,0.93,0.23,0.81,0.82,0.27,0.71,0.87,1.17,0.82,0.67,0.06,0.4,0.93,0.16,0.3
803.52,36,0.93,0.22,0.8,0.82,0.27,0.71,0.87,1.16,0.81,0.67,0.05,0.41,0.92,0.16,0.3
804.53,36,0.93,0.23,0.8,0.83,0.26,0.72,0.87,1.16,0.81,0.67,0.05,0.41,0.92,0.16,0.3
805.53,36,0.93,0.23,0.8,0.82,0.27,0.71,0.86,1.17,0.8,0.67,0.05,0.4,0.92,0.16,0.3
806.53,36,0.93,0.23,0.82,0.82,0.28,0.73,0.87,1.17,0.81,0.67,0.06,0.41,0.93,0.17,0.3
807.53,36,0.93,0.22,0.8,0.82,0.28,0.72,0.87,1.16,0.81,0.67,0.05,0.41,0.92,0.16,0.3
808.53,36,0.93,0.23,0.81,0.83,0.28,0.71,0.87,1.17,0.81,0.67,0.05,0.41,0.92,0.16,0.3
809.55,36,0.93,0.23,0.81,0.82,0.28,0.72,0.86,1.17,0.81,0.67,0.05,0.41,0.93,0.17,0.31
810.55,36,0.93,0.23,0.8,0.83,0.28,0.71,0.86,1.17,0.81,0.67,0.05,0.41,0.93,0.16,0.3
811.55,36,0.94,0.23,0.81,0.83,0.27,0.72,0.86,1.16,0.81,0.67,0.05,0.41,0.92,0.16,0.31
812.57,36,0.93,0.23,0.8,0.82,0.26,0.7,0.87,1.17,0.8,0.67,0.05,0.4,0.92,0.16,0.3
813.57,36,0.93,0.23,0.81,0.82,0.27,0.71,0.86,1.17,0.8,0.67,0.05,0.41,0.93,0.16,0.3
814.57,36,0.92,0.23,0.81,0.82,0.27,0.71,0.87,1.16,0.8,0.67,0.05,0.41,0.92,0.16,0.3
815.58,36,0.93,0.23,0.81,0.82,0.27,0.71,0.86,1.16,0.8,0.67,0.05,0.41,0.93,0.16,0.3
816.58,36,0.93,0.23,0.81,0.83,0.28,0.72,0.88,1.17,0.81,0.67,0.05,0.41,0.92,0.17,0.3
817.58,36,0.92,0.23,0.8,0.82,0.26,0.7,0.86,1.16,0.8,0.66,0.04,0.41,0.92,0.16,0.3
818.58,36,0.93,0.23,0.8,0.83,0.27,0.71,0.87,1.17,0.8,0.67,0.05,0.41,0.93,0.16,0.3
819.58,36,0.93,0.23,0.81,0.83,0.28,0.72,0.88,1.17,0.82,0.67,0.06,0.41,0.93,0.16,0.3
820.6,36,0.93,0.23,0.81,0.83,0.27,0.71,0.88,1.16,0.81,0.67,0.06,0.41,0.92,0.17,0.3
821.6,36,0.93,0.23,0.8,0.82,0.26,0.71,0.86,1.17,0.8,0.67,0.05,0.41,0.93,0.16,0.3
822.6,36,0.93,0.23,0.82,0.83,0.28,0.71,0.88,1.17,0.81,0.67,0.05,0.41,0.94,0.17,0.3
823.6,36,0.93,0.24,0.82,0.82,0.27,0.72,0.88,1.17,0.82,0.67,0.05,0.41,0.92,0.16,0.3
824.6,36,0.93,0.23,0.8,0.83,0.27,0.71,0.86,1.16,0.8,0.67,0.05,0.4,0.92,0.16,0.3
825.6,36,0.94,0.23,0.81,0.84,0.27,0.72,0.87,1.17,0.82,0.67,0.06,0.41,0.93,0.17,0.3
826.6,36,0.92,0.23,0.81,0.82,0.27,0.71,0.86,1.16,0.8,0.67,0.05,0.4,0.92,0.16,0.3
827.6,36,0.93,0.23,0.81,0.84,0.28,0.72,0.87,1.16,0.81,0.67,0.06,0.41,0.93,0.16,0.3
828.62,36,0.93,0.23,0.81,0.82,0.27,0.71,0.87,1.16,0.81,0.67,0.05,0.41,0.93,0.16,0.3
829.62,36,0.94,0.23,0.81,0.83,0.27,0.71,0.87,1.17,0.81,0.67,0.06,0.41,0.92,0.17,0.31
830.62,36,0.93,0.23,0.81,0.82,0.27,0.71,0.86,1.17,0.8,0.67,0.05,0.4,0.92,0.16,0.3
831.62,36,0.94,0.23,0.81,0.83,0.27,0.71,0.87,1.17,0.81,0.67,0.06,0.41,0.93,0.17,0.3
832.62,36,0.93,0.23,0.81,0.83,0.27,0.72,0.86,1.17,0.81,0.67,0.05,0.41,0.92,0.16,0.3
833.62,36,0.94,0.23,0.81,0.82,0.27,0.71,0.86,1.17,0.8,0.67,0.05,0.41,0.92,0.16,0.3
834.62,36,0.94,0.23,0.81,0.84,0.27,0.72,0.88,1.17,0.8,0.67,0.05,0.41,0.93,0.16,0.3
835.62,36,0.94,0.24,0.82,0.83,0.28,0.73,0.88,1.17,0.82,0.68,0.06,0.42,0.94,0.18,0.31
836.62,36,0.93,0.23,0.81,0.83,0.28,0.72,0.87,1.17,0.82,0.67,0.06,0.41,0.93,0.17,0.3
837.63,36,0.94,0.24,0.82,0.83,0.28,0.72,0.88,1.17,0.81,0.67,0.06,0.41,0.93,0.17,0.31
838.63,36,0.93,0.23,0.81,0.82,0.27,0.71,0.86,1.17,0.8,0.67,0.05,0.4,0.92,0.16,0.3
839.63,36,0.94,0.23,0.81,0.83,0.28,0.72,0.87,1.17,0.81,0.68,0.06,0.41,0.92,0.17,0.3
840.65,36,0.93,0.23,0.81,0.83,0.28,0.71,0.88,1.17,0.81,0.67,0.06,0.41,0.94,0.17,0.31
841.65,36,0.94,0.23,0.81,0.82,0.28,0.73,0.87,1.17,0.82,0.67,0.05,0.41,0.94,0.16,0.3
842.65,36,0.93,0.24,0.81,0.82,0.28,0.72,0.86,1.17,0.81,0.67,0.06,0.41,0.93,0.17,0.31
843.67,36,0.94,0.23,0.81,0.83,0.27,0.73,0.87,1.17,0.81,0.67,0.05,0.41,0.92,0.17,0.31
844.67,36,0.93,0.23,0.8,0.83,0.27,0.72,0.87,1.17,0.8,0.67,0.05,0.41,0.94,0.16,0.3
845.67,36,0.94,0.23,0.81,0.83,0.28,0.72,0.88,1.17,0.82,0.67,0.06,0.41,0.92,0.17,0.3
846.68,36,0.94,0.23,0.82,0.83,0.28,0.71,0.87,1.17,0.82,0.68,0.06,0.41,0.93,0.17,0.3
847.68,36,0.93,0.23,0.81,0.82,0.27,0.71,0.87,1.17,0.8,0.67,0.05,0.4,0.92,0.17,0.31
848.68,36,0.93,0.23,0.81,0.83,0.27,0.71,0.87,1.16,0.81,0.67,0.05,0.41,0.93,0.16,0.3
849.7,36,0.93,0.23,0.82,0.83,0.28,0.72,0.87,1.17,0.82,0.68,0.06,0.41,0.93,0.17,0.31
850.7,36,0.93,0.23,0.81,0.84,0.28,0.73,0.87,1.17,0.81,0.68,0.06,0.41,0.93,0.16,0.31
851.7,36,0.93,0.23,0.81,0.83,0.27,0.71,0.87,1.16,0.8,0.68,0.05,0.41,0.93,0.16,0.3
852.7,36,0.93,0.22,0.81,0.82,0.28,0.71,0.87,1.17,0.8,0.67,0.05,0.41,0.92,0.16,0.3
853.7,36,0.92,0.22,0.8,0.82,0.26,0.71,0.86,1.16,0.8,0.67,0.05,0.4,0.92,0.16,0.3
854.7,36,0.93,0.23,0.82,0.84,0.28,0.72,0.87,1.18,0.81,0.67,0.06,0.41,0.92,0.17,0.31
855.72,36,0.94,0.23,0.81,0.84,0.28,0.72,0.87,1.17,0.81,0.67,0.05,0.41,0.93,0.17,0.3
856.72,36,0.93,0.23,0.8,0.82,0.28,0.71,0.87,1.17,0.8,0.67,0.05,0.41,0.92,0.16,0.3
857.72,36,0.93,0.22,0.8,0.82,0.27,0.71,0.87,1.16,0.8,0.67,0.05,0.39,0.92,0.16,0.3
858.72,36,0.93,0.23,0.81,0.83,0.27,0.71,0.87,1.17,0.81,0.67,0.06,0.41,0.93,0.17,0.3
859.73,36,0.93,0.23,0.81,0.83,0.27,0.71,0.87,1.17,0.81,0.67,0.06,0.41,0.93,0.16,0.3
860.73,36,0.93,0.23,0.81,0.83,0.28,0.72,0.87,1.17,0.81,0.67,0.06,0.41,0.93,0.17,0.31
861.73,36,0.92,0.22,0.8,0.82,0.26,0.71,0.86,1.15,0.8,0.66,0.05,0.4,0.92,0.16,0.29
862.75,36,0.93,0.23,0.81,0.82,0.27,0.71,0.87,1.17,0.81,0.67,0.05,0.41,0.92,0.16,0.3
863.75,36,0.94,0.23,0.82,0.82,0.27,0.72,0.88,1.17,0.82,0.67,0.05,0.41,0.94,0.17,0.32
864.75,36,0.93,0.23,0.81,0.83,0.28,0.71,0.87,1.17,0.81,0.67,0.05,0.41,0.92,0.16,0.31
865.75,36,0.93,0.23,0.81,0.83,0.28,0.72,0.87,1.16,0.8,0.67,0.05,0.41,0.93,0.17,0.3
866.75,36,0.94,0.23,0.81,0.83,0.28,0.72,0.88,1.17,0.81,0.67,0.06,0.41,0.93,0.17,0.31
867.75,36,0.93,0.23,0.81,0.82,0.27,0.71,0.86,1.17,0.81,0.67,0.05,0.4,0.94,0.18,0.3
868.77,36,0.93,0.23,0.8,0.82,0.27,0.72,0.86,1.15,0.8,0.67,0.05,0.4,0.92,0.16,0.3
869.77,36,0.92,0.21,0.8,0.82,0.27,0.71,0.86,1.16,0.8,0.67,0.05,0.4,0.92,0.16,0.3
870.77,36,0.92,0.23,0.8,0.82,0.26,0.71,0.86,1.15,0.8,0.67,0.05,0.4,0.92,0.16,0.3
871.77,36,0.92,0.23,0.81,0.82,0.27,0.72,0.86,1.17,0.8,0.67,0.05,0.41,0.93,0.16,0.3
872.78,36,0.93,0.23,0.81,0.82,0.28,0.72,0.87,1.17,0.81,0.67,0.05,0.41,0.93,0.16,0.3
873.78,36,0.93,0.23,0.8,0.83,0.28,0.71,0.87,1.16,0.82,0.67,0.06,0.4,0.93,0.16,0.3
874.78,36,0.93,0.23,0.8,0.82,0.27,0.71,0.87,1.16,0.81,0.67,0.05,0.41,0.92,0.16,0.3
875.8,36,0.93,0.23,0.81,0.82,0.27,0.71,0.86,1.17,0.81,0.67,0.05,0.41,0.93,0.16,0.3
876.8,36,0.93,0.23,0.81,0.83,0.28,0.71,0.87,1.17,0.81,0.67,0.05,0.41,0.93,0.16,0.3
877.8,36,0.93,0.23,0.81,0.82,0.27,0.71,0.87,1.17,0.81,0.68,0.05,0.41,0.93,0.17,0.3
878.8,36,0.94,0.23,0.81,0.83,0.28,0.71,0.87,1.17,0.81,0.67,0.05,0.41,0.93,0.17,0.31
879.82,36,0.93,0.23,0.81,0.82,0.27,0.71,0.87,1.16,0.81,0.67,0.05,0.41,0.92,0.16,0.3
880.82,36,0.92,0.23,0.8,0.82,0.26,0.71,0.86,1.16,0.8,0.66,0.05,0.4,0.92,0.16,0.3
881.83,36,0.93,0.23,0.81,0.83,0.27,0.72,0.87,1.17,0.81,0.67,0.05,0.41,0.94,0.17,0.3
882.83,36,0.92,0.23,0.8,0.82,0.26,0.71,0.87,1.16,0.8,0.67,0.05,0.4,0.92,0.16,0.3
883.83,36,0.93,0.23,0.8,0.82,0.27,0.71,0.86,1.17,0.81,0.67,0.05,0.4,0.92,0.16,0.3
884.85,36,0.93,0.23,0.81,0.82,0.27,0.72,0.87,1.17,0.8,0.67,0.05,0.41,0.93,0.16,0.3
885.85,36,0.93,0.23,0.81,0.82,0.28,0.72,0.87,1.17,0.8,0.67,0.05,0.41,0.93,0.16,0.3
886.85,36,0.93,0.23,0.8,0.82,0.27,0.71,0.86,1.17,0.8,0.67,0.05,0.41,0.93,0.16,0.3
887.87,36,0.93,0.23,0.8,0.82,0.26,0.71,0.87,1.16,0.8,0.67,0.05,0.41,0.92,0.16,0.3
888.87,36,0.92,0.22,0.8,0.82,0.27,0.71,0.87,1.15,0.8,0.67,0.05,0.4,0.92,0.16,0.3
889.87,36,0.93,0.22,0.8,0.83,0.27,0.71,0.87,1.17,0.81,0.67,0.05,0.41,0.93,0.16,0.3
890.88,36,0.92,0.23,0.8,0.82,0.27,0.71,0.86,1.16,0.8,0.67,0.05,0.4,0.92,0.16,0.3
891.88,36,0.94,0.23,0.81,0.82,0.28,0.71,0.88,1.17,0.81,0.68,0.05,0.41,0.93,0.16,0.3
892.88,36,0.94,0.23,0.8,0.82,0.28,0.72,0.87,1.17,0.81,0.67,0.05,0.4,0.92,0.16,0.3
893.88,36,0.93,0.23,0.81,0.83,0.27,0.72,0.87,1.17,0.81,0.67,0.05,0.4,0.93,0.16,0.3
894.88,36,0.93,0.23,0.8,0.83,0.27,0.71,0.86,1.17,0.8,0.67,0.05,0.41,0.92,0.16,0.31
895.88,36,0.92,0.23,0.8,0.82,0.27,0.71,0.87,1.16,0.8,0.67,0.05,0.4,0.93,0.16,0.3
896.9,36,0.93,0.23,0.81,0.83,0.27,0.72,0.87,1.17,0.82,0.67,0.05,0.41,0.93,0.16,0.3
897.9,36,0.93,0.23,0.81,0.83,0.28,0.71,0.86,1.17,0.8,0.67,0.05,0.4,0.92,0.16,0.3
898.9,36,0.94,0.24,0.82,0.82,0.28,0.72,0.88,1.17,0.82,0.67,0.05,0.4,0.94,0.17,0.31
899.9,36,0.94,0.24,0.81,0.83,0.28,0.72,0.87,1.17,0.81,0.67,0.06,0.41,0.93,0.17,0.3
900.9,36,0.94,0.23,0.81,0.83,0.28,0.72,0.88,1.17,0.81,0.67,0.06,0.41,0.93,0.17,0.32
901.92,36,0.94,0.23,0.82,0.84,0.28,0.71,0.88,1.17,0.81,0.68,0.06,0.41,0.93,0.17,0.31
902.92,36,0.94,0.23,0.81,0.83,0.28,0.72,0.88,1.17,0.81,0.67,0.06,0.41,0.93,0.17,0.3
903.92,36,0.94,0.24,0.82,0.84,0.28,0.73,0.88,1.17,0.81,0.67,0.06,0.41,0.94,0.18,0.31
904.93,36,0.94,0.23,0.8,0.82,0.27,0.71,0.87,1.17,0.8,0.67,0.05,0.41,0.92,0.16,0.31
905.93,36,0.94,0.24,0.82,0.83,0.28,0.72,0.88,1.17,0.82,0.67,0.06,0.41,0.94,0.18,0.31
906.93,36,0.93,0.23,0.8,0.83,0.26,0.72,0.87,1.15,0.8,0.67,0.05,0.39,0.92,0.16,0.3
907.95,36,0.94,0.23,0.81,0.83,0.28,0.73,0.87,1.18,0.81,0.67,0.06,0.41,0.94,0.17,0.3
908.95,36,0.94,0.23,0.82,0.83,0.28,0.72,0.88,1.17,0.81,0.67,0.05,0.41,0.93,0.17,0.3
909.95,36,0.94,0.23,0.81,0.82,0.27,0.73,0.87,1.17,0.81,0.68,0.06,0.41,0.93,0.17,0.3
910.95,36,0.93,0.23,0.8,0.82,0.27,0.72,0.86,1.17,0.8,0.67,0.05,0.41,0.92,0.17,0.3
911.95,36,0.94,0.23,0.82,0.83,0.28,0.72,0.88,1.17,0.82,0.67,0.06,0.41,0.94,0.17,0.32
912.97,36,0.94,0.23,0.81,0.83,0.27,0.73,0.87,1.17,0.81,0.67,0.05,0.41,0.94,0.17,0.31
913.97,36,0.93,0.23,0.81,0.83,0.28,0.73,0.87,1.17,0.82,0.68,0.06,0.41,0.94,0.17,0.31
914.97,36,0.94,0.24,0.82,0.83,0.28,0.71,0.88,1.17,0.82,0.67,0.06,0.42,0.94,0.18,0.31
915.97,36,0.94,0.23,0.81,0.82,0.27,0.72,0.88,1.17,0.8,0.67,0.05,0.41,0.93,0.17,0.3
916.97,36,0.94,0.24,0.81,0.83,0.27,0.71,0.88,1.17,0.81,0.67,0.05,0.41,0.93,0.17,0.3
917.97,36,0.93,0.23,0.82,0.83,0.27,0.71,0.86,1.17,0.81,0.67,0.05,0.41,0.93,0.16,0.3
918.97,36,0.94,0.23,0.82,0.83,0.28,0.73,0.87,1.17,0.81,0.67,0.07,0.41,0.93,0.17,0.3
919.97,36,0.94,0.24,0.82,0.82,0.28,0.72,0.87,1.17,0.81,0.67,0.06,0.41,0.93,0.17,0.3
920.97,36,0.94,0.23,0.81,0.83,0.28,0.73,0.88,1.17,0.82,0.67,0.05,0.41,0.94,0.17,0.31
921.97,36,0.94,0.23,0.81,0.83,0.28,0.72,0.88,1.17,0.82,0.67,0.06,0.41,0.93,0.17,0.31
922.97,36,0.94,0.24,0.82,0.84,0.28,0.73,0.88,1.17,0.81,0.68,0.07,0.41,0.94,0.17,0.3
923.97,36,0.93,0.22,0.81,0.82,0.27,0.71,0.87,1.17,0.8,0.67,0.05,0.4,0.93,0.17,0.3
924.97,36,0.94,0.23,0.82,0.84,0.28,0.72,0.87,1.17,0.82,0.68,0.06,0.41,0.93,0.18,0.3
925.97,36,0.94,0.24,0.82,0.83,0.28,0.72,0.88,1.17,0.82,0.67,0.06,0.41,0.94,0.17,0.31
926.97,36,0.94,0.23,0.82,0.83,0.27,0.71,0.87,1.17,0.82,0.67,0.05,0.41,0.93,0.17,0.3
927.97,36,0.93,0.23,0.81,0.82,0.27,0.72,0.86,1.17,0.8,0.67,0.05,0.41,0.93,0.16,0.3
928.98,36,0.94,0.23,0.82,0.83,0.28,0.73,0.87,1.17,0.82,0.68,0.05,0.41,0.94,0.17,0.31
929.98,36,0.93,0.23,0.82,0.83,0.28,0.71,0.87,1.17,0.81,0.68,0.06,0.41,0.94,0.16,0.31
930.98,36,0.94,0.23,0.82,0.83,0.28,0.73,0.88,1.17,0.82,0.68,0.06,0.41,0.93,0.17,0.31
931.98,36,0.93,0.23,0.81,0.82,0.28,0.73,0.86,1.17,0.81,0.67,0.05,0.41,0.93,0.17,0.3
932.98,36,0.93,0.23,0.82,0.83,0.27,0.72,0.87,1.17,0.82,0.67,0.06,0.41,0.93,0.17,0.3
933.98,36,0.94,0.23,0.81,0.83,0.27,0.72,0.88,1.17,0.81,0.67,0.06,0.41,0.93,0.16,0.3
934.98,36,0.93,0.23,0.81,0.83,0.27,0.73,0.87,1.17,0.81,0.67,0.06,0.41,0.93,0.17,0.3
935.98,36,0.94,0.23,0.81,0.83,0.28,0.72,0.87,1.17,0.82,0.68,0.06,0.41,0.93,0.18,0.31
936.98,36,0.94,0.23,0.81,0.82,0.28,0.72,0.88,1.17,0.82,0.67,0.06,0.42,0.93,0.17,0.3
937.98,36,0.93,0.22,0.8,0.83,0.27,0.71,0.86,1.17,0.8,0.67,0.05,0.41,0.93,0.16,0.3
939,36,0.93,0.23,0.81,0.82,0.27,0.71,0.86,1.17,0.81,0.67,0.06,0.41,0.92,0.17,0.3
940,36,0.93,0.23,0.81,0.82,0.27,0.71,0.87,1.17,0.82,0.67,0.05,0.41,0.93,0.16,0.3
941,36,0.93,0.23,0.8,0.82,0.26,0.72,0.88,1.17,0.81,0.68,0.06,0.41,0.92,0.17,0.3
942,36,0.93,0.23,0.81,0.83,0.27,0.72,0.87,1.17,0.81,0.67,0.05,0.41,0.93,0.16,0.3
943,36,0.92,0.22,0.8,0.82,0.27,0.71,0.87,1.16,0.8,0.67,0.05,0.41,0.92,0.16,0.3
944,36,0.93,0.22,0.8,0.82,0.27,0.71,0.86,1.17,0.81,0.67,0.06,0.41,0.92,0.16,0.3
945,36,0.93,0.23,0.81,0.83,0.27,0.71,0.87,1.17,0.8,0.67,0.05,0.41,0.93,0.17,0.3
946.02,36,0.93,0.23,0.81,0.82,0.27,0.71,0.87,1.16,0.81,0.67,0.05,0.4,0.92,0.17,0.3
947.02,36,0.93,0.23,0.81,0.83,0.27,0.72,0.88,1.17,0.81,0.67,0.05,0.4,0.93,0.16,0.3
948.02,36,0.92,0.23,0.81,0.82,0.27,0.71,0.86,1.16,0.8,0.67,0.05,0.41,0.93,0.16,0.3
949.02,36,0.93,0.23,0.81,0.83,0.27,0.71,0.87,1.17,0.8,0.67,0.05,0.41,0.93,0.16,0.3
950.02,36,0.93,0.23,0.8,0.83,0.27,0.72,0.87,1.17,0.81,0.67,0.05,0.41,0.93,0.16,0.3
951.02,36,0.93,0.23,0.8,0.82,0.27,0.71,0.86,1.16,0.81,0.67,0.05,0.41,0.92,0.16,0.31
952.02,36,0.94,0.23,0.81,0.83,0.27,0.73,0.87,1.17,0.81,0.68,0.05,0.41,0.93,0.17,0.3
953.02,36,0.93,0.23,0.8,0.82,0.27,0.71,0.87,1.17,0.8,0.67,0.05,0.4,0.92,0.16,0.3
954.03,36,0.94,0.23,0.81,0.83,0.27,0.72,0.88,1.17,0.8,0.67,0.05,0.41,0.94,0.16,0.31
955.03,36,0.93,0.23,0.8,0.83,0.28,0.72,0.87,1.17,0.81,0.68,0.06,0.41,0.93,0.16,0.31
956.03,36,0.94,0.23,0.82,0.83,0.27,0.73,0.88,1.17,0.82,0.68,0.06,0.41,0.93,0.17,0.31
957.03,36,0.93,0.23,0.81,0.82,0.27,0.71,0.87,1.17,0.81,0.67,0.05,0.41,0.92,0.16,0.3
958.03,36,0.94,0.23,0.81,0.83,0.28,0.72,0.88,1.17,0.82,0.68,0.06,0.41,0.94,0.16,0.3
959.03,36,0.92,0.22,0.8,0.82,0.27,0.71,0.87,1.16,0.8,0.67,0.05,0.4,0.92,0.16,0.3
960.05,36,0.93,0.23,0.81,0.82,0.27,0.71,0.87,1.16,0.81,0.67,0.05,0.41,0.92,0.16,0.3
961.05,36,0.93,0.23,0.81,0.82,0.27,0.71,0.86,1.17,0.8,0.67,0.05,0.41,0.92,0.16,0.3
962.05,36,0.93,0.23,0.81,0.83,0.28,0.71,0.86,1.17,0.81,0.67,0.05,0.4,0.92,0.16,0.3
963.05,36,0.93,0.23,0.81,0.82,0.26,0.71,0.87,1.17,0.8,0.67,0.05,0.4,0.92,0.16,0.3
964.07,36,0.93,0.23,0.81,0.82,0.28,0.72,0.87,1.17,0.8,0.67,0.05,0.41,0.92,0.16,0.3
965.07,36,0.93,0.23,0.81,0.82,0.28,0.72,0.88,1.17,0.81,0.67,0.05,0.41,0.92,0.16,0.3
966.07,36,0.94,0.23,0.81,0.82,0.28,0.72,0.87,1.17,0.81,0.67,0.05,0.41,0.93,0.16,0.31
967.08,36,0.93,0.22,0.81,0.82,0.27,0.71,0.86,1.16,0.8,0.67,0.05,0.41,0.92,0.17,0.3
968.08,36,0.93,0.23,0.81,0.82,0.28,0.72,0.87,1.17,0.81,0.68,0.06,0.41,0.93,0.16,0.31
969.08,36,0.93,0.23,0.81,0.82,0.28,0.72,0.87,1.17,0.81,0.67,0.05,0.41,0.93,0.16,0.3
970.1,36,0.93,0.22,0.8,0.82,0.27,0.72,0.86,1.17,0.8,0.67,0.05,0.4,0.92,0.16,0.3
971.1,36,0.93,0.23,0.81,0.82,0.27,0.71,0.86,1.17,0.81,0.67,0.06,0.41,0.93,0.16,0.3
972.1,36,0.93,0.23,0.81,0.82,0.28,0.71,0.88,1.17,0.81,0.67,0.06,0.41,0.93,0.16,0.31
973.1,36,0.93,0.23,0.81,0.83,0.28,0.72,0.87,1.17,0.81,0.67,0.05,0.41,0.92,0.16,0.3
974.1,36,0.92,0.23,0.8,0.82,0.27,0.71,0.86,1.17,0.8,0.67,0.05,0.41,0.92,0.16,0.3
975.12,36,0.94,0.23,0.82,0.83,0.28,0.72,0.88,1.17,0.81,0.67,0.06,0.41,0.94,0.17,0.3
976.12,36,0.93,0.23,0.81,0.82,0.27,0.72,0.87,1.16,0.81,0.67,0.05,0.41,0.93,0.17,0.3
977.12,36,0.93,0.23,0.82,0.83,0.28,0.71,0.87,1.17,0.81,0.67,0.05,0.41,0.94,0.17,0.3
978.12,36,0.93,0.23,0.8,0.82,0.27,0.71,0.86,1.17,0.8,0.66,0.05,0.4,0.92,0.16,0.3
979.12,36,0.93,0.23,0.81,0.83,0.27,0.71,0.87,1.17,0.81,0.67,0.05,0.41,0.92,0.16,0.3
980.13,36,0.92,0.23,0.8,0.82,0.27,0.71,0.86,1.17,0.81,0.67,0.05,0.41,0.92,0.17,0.3
981.13,36,0.93,0.23,0.81,0.82,0.28,0.71,0.87,1.16,0.8,0.67,0.05,0.41,0.92,0.16,0.3
982.13,36,0.93,0.23,0.82,0.82,0.28,0.71,0.88,1.17,0.81,0.68,0.05,0.41,0.93,0.17,0.3
983.13,36,0.93,0.23,0.81,0.82,0.27,0.71,0.87,1.17,0.81,0.67,0.05,0.4,0.93,0.16,0.31
984.13,36,0.94,0.24,0.82,0.82,0.27,0.73,0.88,1.17,0.81,0.68,0.05,0.41,0.94,0.17,0.3
985.15,36,0.93,0.23,0.81,0.83,0.28,0.72,0.87,1.17,0.81,0.68,0.05,0.41,0.93,0.16,0.3
986.15,36,0.92,0.23,0.81,0.82,0.26,0.71,0.86,1.17,0.8,0.67,0.05,0.4,0.92,0.16,0.3
987.15,36,0.93,0.23,0.81,0.83,0.26,0.71,0.87,1.17,0.81,0.67,0.05,0.41,0.93,0.17,0.3
988.17,36,0.94,0.23,0.82,0.83,0.28,0.71,0.88,1.17,0.82,0.67,0.06,0.41,0.93,0.17,0.31
989.17,36,0.93,0.23,0.81,0.82,0.27,0.71,0.87,1.17,0.8,0.67,0.05,0.41,0.93,0.17,0.3
990.17,36,0.93,0.23,0.8,0.82,0.26,0.7,0.87,1.16,0.8,0.67,0.05,0.4,0.92,0.16,0.3
991.17,36,0.92,0.23,0.8,0.82,0.27,0.71,0.86,1.16,0.8,0.67,0.05,0.4,0.92,0.16,0.3
992.18,36,0.93,0.23,0.81,0.83,0.27,0.71,0.87,1.17,0.8,0.67,0.05,0.41,0.93,0.17,0.3
993.18,36,0.93,0.23,0.8,0.82,0.28,0.71,0.87,1.17,0.81,0.67,0.06,0.41,0.92,0.17,0.3
994.18,36,0.93,0.23,0.81,0.82,0.27,0.71,0.86,1.17,0.81,0.66,0.05,0.41,0.93,0.16,0.3
995.18,36,0.93,0.23,0.8,0.82,0.27,0.71,0.86,1.16,0.8,0.67,0.05,0.4,0.93,0.16,0.3
996.18,36,0.93,0.23,0.81,0.82,0.27,0.72,0.86,1.17,0.81,0.67,0.05,0.41,0.93,0.17,0.3
997.18,36,0.93,0.23,0.8,0.82,0.27,0.71,0.86,1.16,0.81,0.67,0.05,0.41,0.93,0.16,0.3
998.2,36,0.92,0.22,0.8,0.82,0.27,0.71,0.86,1.16,0.8,0.67,0.05,0.4,0.92,0.16,0.3
999.2,36,0.93,0.23,0.81,0.83,0.27,0.71,0.87,1.16,0.81,0.67,0.05,0.41,0.92,0.16,0.3
1000.2,36,0.92,0.23,0.8,0.82,0.27,0.71,0.86,1.17,0.8,0.67,0.05,0.4,0.92,0.16,0.3
1001.2,36,0.93,0.23,0.81,0.83,0.27,0.72,0.87,1.17,0.8,0.67,0.05,0.41,0.93,0.17,0.3
1002.2,36,0.92,0.23,0.8,0.82,0.27,0.71,0.86,1.17,0.8,0.67,0.05,0.4,0.92,0.16,0.3
1003.2,36,0.93,0.23,0.8,0.83,0.28,0.71,0.87,1.17,0.81,0.67,0.05,0.41,0.92,0.16,0.3
1004.22,36,0.93,0.23,0.81,0.83,0.28,0.71,0.88,1.17,0.8,0.67,0.06,0.41,0.93,0.17,0.3
1005.22,36,0.92,0.23,0.8,0.82,0.27,0.72,0.86,1.16,0.8,0.67,0.05,0.4,0.92,0.16,0.3
1006.22,36,0.93,0.23,0.81,0.83,0.27,0.71,0.86,1.17,0.81,0.67,0.05,0.41,0.92,0.16,0.29
1007.22,36,0.93,0.23,0.81,0.83,0.27,0.71,0.86,1.16,0.82,0.67,0.05,0.41,0.93,0.17,0.3
1008.22,36,0.94,0.23,0.81,0.82,0.28,0.72,0.87,1.17,0.8,0.67,0.05,0.41,0.93,0.17,0.3
1009.23,36,0.92,0.23,0.8,0.82,0.26,0.71,0.86,1.15,0.8,0.67,0.05,0.4,0.92,0.16,0.3
1010.23,36,0.92,0.23,0.8,0.82,0.26,0.71,0.86,1.17,0.8,0.66,0.05,0.4,0.92,0.16,0.3
1011.23,36,0.92,0.22,0.8,0.82,0.26,0.71,0.86,1.16,0.8,0.67,0.05,0.41,0.92,0.16,0.3
1012.23,36,0.93,0.23,0.8,0.82,0.27,0.71,0.86,1.17,0.8,0.67,0.05,0.4,0.92,0.16,0.3
1013.23,36,0.93,0.23,0.82,0.83,0.27,0.71,0.87,1.16,0.82,0.67,0.06,0.41,0.93,0.17,0.3
1014.23,36,0.93,0.23,0.8,0.83,0.28,0.72,0.87,1.17,0.81,0.67,0.06,0.41,0.93,0.17,0.3
1015.25,36,0.92,0.22,0.8,0.82,0.26,0.71,0.86,1.16,0.8,0.66,0.05,0.4,0.92,0.16,0.3
1016.25,36,0.93,0.23,0.81,0.82,0.28,0.72,0.87,1.17,0.81,0.67,0.05,0.41,0.93,0.17,0.3
1017.25,36,0.93,0.23,0.8,0.81,0.26,0.71,0.86,1.16,0.81,0.67,0.05,0.41,0.92,0.16,0.3
1018.25,36,0.94,0.23,0.81,0.82,0.28,0.72,0.87,1.17,0.81,0.67,0.06,0.41,0.93,0.17,0.3
1019.27,36,0.93,0.23,0.81,0.82,0.27,0.71,0.86,1.17,0.8,0.67,0.05,0.41,0.92,0.16,0.3
1020.27,36,0.92,0.22,0.8,0.82,0.27,0.71,0.86,1.16,0.8,0.67,0.05,0.4,0.92,0.16,0.3
1021.27,36,0.93,0.23,0.81,0.83,0.28,0.71,0.86,1.16,0.8,0.67,0.05,0.41,0.93,0.16,0.3
1022.27,36,0.93,0.23,0.81,0.82,0.27,0.71,0.86,1.16,0.81,0.67,0.05,0.41,0.93,0.17,0.3
1023.28,36,0.92,0.23,0.81,0.82,0.27,0.71,0.87,1.17,0.8,0.67,0.05,0.4,0.93,0.16,0.3
1024.28,36,0.93,0.23,0.8,0.82,0.27,0.71,0.87,1.16,0.8,0.67,0.05,0.41,0.93,0.16,0.3
1025.28,36,0.93,0.23,0.81,0.82,0.27,0.72,0.86,1.16,0.81,0.67,0.05,0.4,0.92,0.16,0.3
1026.28,36,0.93,0.23,0.81,0.82,0.27,0.71,0.86,1.16,0.8,0.66,0.05,0.41,0.92,0.16,0.3
1027.3,36,0.93,0.23,0.8,0.82,0.27,0.71,0.86,1.17,0.82,0.67,0.05,0.41,0.93,0.16,0.3
1028.3,36,0.92,0.23,0.8,0.82,0.27,0.71,0.86,1.16,0.8,0.66,0.05,0.41,0.92,0.16,0.3
1029.3,36,0.92,0.22,0.8,0.82,0.27,0.71,0.86,1.15,0.8,0.67,0.04,0.4,0.92,0.16,0.3
1030.3,36,0.93,0.22,0.8,0.82,0.27,0.72,0.86,1.17,0.8,0.67,0.05,0.4,0.93,0.16,0.3
1031.3,36,0.93,0.21,0.8,0.82,0.26,0.71,0.86,1.16,0.8,0.67,0.05,0.41,0.92,0.16,0.3
1032.3,36,0.93,0.23,0.81,0.82,0.28,0.71,0.87,1.17,0.81,0.67,0.05,0.41,0.92,0.17,0.3
1033.32,36,0.93,0.22,0.81,0.82,0.28,0.71,0.87,1.17,0.8,0.67,0.05,0.41,0.92,0.16,0.3
1034.32,36,0.93,0.23,0.8,0.83,0.28,0.71,0.87,1.17,0.81,0.67,0.05,0.41,0.93,0.16,0.3
1035.32,36,0.93,0.23,0.8,0.82,0.27,0.71,0.86,1.17,0.8,0.67,0.05,0.41,0.92,0.16,0.3
1036.32,36,0.92,0.23,0.8,0.82,0.27,0.7,0.86,1.16,0.8,0.67,0.05,0.4,0.92,0.16,0.3
1037.32,36,0.92,0.23,0.8,0.82,0.27,0.71,0.86,1.17,0.81,0.66,0.05,0.39,0.92,0.16,0.3
1038.32,36,0.92,0.23,0.8,0.82,0.28,0.71,0.87,1.16,0.8,0.67,0.05,0.41,0.92,0.17,0.3
1039.33,36,0.92,0.23,0.8,0.82,0.26,0.71,0.87,1.16,0.8,0.67,0.05,0.41,0.93,0.16,0.3
1040.33,36,0.92,0.23,0.81,0.82,0.26,0.71,0.86,1.17,0.8,0.67,0.05,0.41,0.92,0.16,0.29
1041.33,36,0.92,0.23,0.8,0.82,0.27,0.71,0.86,1.16,0.81,0.67,0.05,0.4,0.92,0.16,0.3
1042.35,36,0.93,0.23,0.8,0.82,0.27,0.71,0.86,1.16,0.8,0.67,0.05,0.4,0.93,0.16,0.3
1043.35,36,0.92,0.23,0.81,0.82,0.27,0.71,0.86,1.16,0.8,0.67,0.05,0.4,0.92,0.16,0.3
1044.35,36,0.92,0.23,0.8,0.82,0.27,0.71,0.87,1.17,0.82,0.67,0.05,0.41,0.93,0.16,0.3
1045.35,36,0.94,0.23,0.81,0.83,0.27,0.72,0.87,1.17,0.8,0.67,0.05,0.41,0.93,0.17,0.3
1046.35,36,0.93,0.23,0.81,0.82,0.28,0.72,0.87,1.17,0.81,0.68,0.05,0.41,0.92,0.16,0.3
1047.37,36,0.92,0.22,0.8,0.82,0.27,0.71,0.87,1.16,0.8,0.67,0.05,0.41,0.93,0.16,0.3
1048.37,36,0.92,0.23,0.8,0.82,0.27,0.72,0.86,1.17,0.81,0.67,0.05,0.41,0.93,0.16,0.3
1049.37,36,0.92,0.22,0.8,0.82,0.26,0.71,0.86,1.15,0.8,0.66,0.05,0.4,0.92,0.16,0.3
1050.38,36,0.92,0.22,0.8,0.82,0.26,0.71,0.86,1.15,0.8,0.66,0.05,0.39,0.92,0.16,0.29
1051.38,36,0.92,0.21,0.8,0.82,0.26,0.71,0.86,1.15,0.8,0.66,0.05,0.39,0.92,0.16,0.29
1052.38,36,0.92,0.23,0.8,0.82,0.27,0.71,0.86,1.15,0.8,0.67,0.05,0.41,0.92,0.16,0.3
1053.38,36,0.93,0.22,0.8,0.82,0.27,0.7,0.86,1.16,0.8,0.67,0.05,0.41,0.92,0.16,0.3
1054.38,36,0.93,0.23,0.81,0.82,0.28,0.71,0.86,1.16,0.81,0.67,0.05,0.41,0.92,0.16,0.3
1055.38,36,0.93,0.23,0.81,0.82,0.27,0.71,0.87,1.16,0.8,0.67,0.05,0.41,0.92,0.16,0.3
1056.4,36,0.92,0.21,0.8,0.82,0.26,0.7,0.86,1.16,0.8,0.67,0.05,0.4,0.92,0.16,0.3
1057.4,36,0.94,0.23,0.81,0.83,0.28,0.72,0.88,1.17,0.82,0.67,0.05,0.41,0.93,0.17,0.3
1058.4,36,0.93,0.23,0.8,0.82,0.26,0.72,0.86,1.17,0.8,0.67,0.05,0.41,0.92,0.16,0.3
1059.42,36,0.92,0.23,0.8,0.82,0.26,0.71,0.86,1.17,0.8,0.67,0.05,0.4,0.92,0.16,0.3
1060.42,36,0.93,0.22,0.8,0.82,0.27,0.71,0.86,1.16,0.8,0.67,0.05,0.4,0.92,0.16,0.3
1061.42,36,0.93,0.23,0.81,0.83,0.28,0.71,0.87,1.17,0.81,0.67,0.06,0.41,0.93,0.16,0.3
1062.42,36,0.93,0.23,0.8,0.83,0.27,0.72,0.87,1.17,0.8,0.67,0.05,0.41,0.93,0.16,0.3
1063.42,36,0.93,0.23,0.81,0.82,0.27,0.71,0.87,1.17,0.8,0.67,0.05,0.41,0.92,0.16,0.3
1064.42,36,0.93,0.23,0.82,0.83,0.28,0.71,0.87,1.16,0.81,0.67,0.05,0.41,0.93,0.16,0.3
1065.43,36,0.93,0.23,0.8,0.82,0.28,0.72,0.87,1.17,0.8,0.67,0.05,0.41,0.93,0.16,0.3
1066.43,36,0.92,0.23,0.81,0.82,0.27,0.71,0.86,1.15,0.8,0.67,0.05,0.4,0.92,0.16,0.3
1067.43,36,0.93,0.23,0.8,0.82,0.27,0.71,0.86,1.17,0.8,0.67,0.05,0.41,0.93,0.16,0.3
1068.45,36,0.93,0.22,0.81,0.82,0.27,0.71,0.87,1.17,0.8,0.67,0.05,0.4,0.92,0.16,0.3
1069.45,36,0.93,0.23,0.8,0.82,0.27,0.73,0.87,1.17,0.8,0.67,0.05,0.41,0.93,0.16,0.3
1070.45,36,0.93,0.23,0.8,0.82,0.27,0.72,0.87,1.17,0.81,0.67,0.05,0.41,0.92,0.16,0.3
1071.45,36,0.92,0.23,0.8,0.82,0.27,0.71,0.86,1.16,0.8,0.66,0.05,0.4,0.92,0.16,0.3
1072.45,36,0.94,0.23,0.81,0.83,0.28,0.72,0.88,1.17,0.8,0.67,0.05,0.41,0.93,0.16,0.3
1073.47,36,0.92,0.23,0.8,0.82,0.27,0.71,0.87,1.16,0.8,0.67,0.05,0.4,0.92,0.16,0.3
1074.47,36,0.92,0.23,0.8,0.82,0.27,0.71,0.86,1.16,0.81,0.67,0.05,0.41,0.92,0.16,0.29
1075.47,36,0.93,0.22,0.81,0.82,0.27,0.71,0.86,1.16,0.8,0.67,0.05,0.41,0.92,0.16,0.3
1076.47,36,0.93,0.23,0.8,0.82,0.27,0.72,0.86,1.17,0.81,0.67,0.05,0.41,0.93,0.16,0.3
1077.48,36,0.93,0.23,0.8,0.82,0.27,0.72,0.86,1.16,0.8,0.66,0.05,0.4,0.92,0.16,0.3
1078.48,36,0.93,0.23,0.8,0.82,0.27,0.7,0.86,1.17,0.81,0.67,0.05,0.41,0.92,0.17,0.3
1079.48,36,0.92,0.23,0.8,0.82,0.26,0.71,0.86,1.17,0.8,0.67,0.05,0.4,0.92,0.16,0.3
1080.48,36,0.92,0.23,0.8,0.82,0.27,0.71,0.86,1.16,0.81,0.67,0.05,0.4,0.92,0.16,0.3
1081.48,36,0.93,0.23,0.81,0.82,0.28,0.71,0.87,1.16,0.81,0.67,0.05,0.4,0.92,0.17,0.3
1082.5,36,0.93,0.23,0.82,0.82,0.28,0.71,0.87,1.16,0.8,0.67,0.05,0.41,0.93,0.17,0.3
1083.5,36,0.93,0.23,0.81,0.83,0.27,0.71,0.87,1.17,0.81,0.67,0.05,0.41,0.92,0.16,0.3
1084.5,36,0.93,0.23,0.81,0.82,0.27,0.71,0.87,1.16,0.81,0.67,0.05,0.41,0.92,0.17,0.31
1085.5,36,0.92,0.22,0.8,0.82,0.26,0.7,0.86,1.15,0.8,0.66,0.05,0.4,0.92,0.16,0.29
1086.52,36,0.93,0.22,0.81,0.82,0.27,0.71,0.86,1.16,0.81,0.67,0.05,0.4,0.92,0.16,0.3
1087.52,36,0.92,0.23,0.8,0.82,0.26,0.72,0.86,1.17,0.8,0.67,0.05,0.39,0.92,0.16,0.3
1088.52,36,0.93,0.22,0.8,0.82,0.26,0.71,0.86,1.17,0.81,0.67,0.05,0.4,0.92,0.16,0.3
1089.52,36,0.93,0.23,0.8,0.82,0.26,0.72,0.87,1.16,0.81,0.67,0.05,0.41,0.92,0.17,0.29
1090.52,36,0.93,0.23,0.81,0.83,0.28,0.72,0.87,1.17,0.81,0.67,0.05,0.41,0.93,0.16,0.3
1091.53,36,0.93,0.23,0.8,0.83,0.27,0.72,0.86,1.17,0.8,0.67,0.05,0.41,0.93,0.16,0.3
1092.53,36,0.93,0.23,0.8,0.82,0.27,0.71,0.87,1.17,0.81,0.67,0.05,0.41,0.93,0.16,0.3
1093.53,36,0.92,0.22,0.8,0.82,0.27,0.7,0.86,1.16,0.8,0.67,0.05,0.4,0.92,0.16,0.29
1094.53,36,0.93,0.23,0.8,0.82,0.27,0.72,0.86,1.17,0.81,0.67,0.05,0.41,0.93,0.17,0.3
1095.55,36,0.92,0.23,0.8,0.82,0.26,0.71,0.86,1.17,0.8,0.67,0.05,0.41,0.92,0.16,0.29
1096.55,36,0.94,0.23,0.81,0.83,0.28,0.71,0.87,1.17,0.81,0.67,0.05,0.41,0.92,0.17,0.3
1097.55,36,0.93,0.23,0.81,0.82,0.28,0.73,0.87,1.17,0.81,0.67,0.05,0.4,0.93,0.17,0.3
1098.55,36,0.92,0.22,0.8,0.82,0.26,0.71,0.87,1.16,0.8,0.67,0.05,0.4,0.92,0.16,0.29
1099.57,36,0.93,0.23,0.81,0.83,0.27,0.71,0.87,1.16,0.81,0.67,0.06,0.41,0.93,0.17,0.3
1100.57,36,0.92,0.22,0.81,0.82,0.27,0.71,0.87,1.16,0.8,0.67,0.05,0.4,0.92,0.16,0.3
1101.57,36,0.92,0.23,0.8,0.82,0.26,0.71,0.87,1.16,0.8,0.66,0.05,0.4,0.92,0.16,0.3
1102.57,36,0.93,0.23,0.8,0.82,0.27,0.71,0.86,1.17,0.8,0.67,0.05,0.4,0.92,0.16,0.3
1103.57,36,0.93,0.23,0.8,0.83,0.28,0.71,0.87,1.17,0.81,0.67,0.05,0.41,0.93,0.16,0.3
1104.58,36,0.92,0.23,0.8,0.82,0.27,0.7,0.86,1.16,0.79,0.67,0.04,0.4,0.92,0.16,0.3
1105.58,36,0.93,0.23,0.81,0.82,0.27,0.71,0.86,1.16,0.8,0.67,0.05,0.41,0.93,0.17,0.3
1106.58,36,0.92,0.23,0.8,0.83,0.27,0.71,0.87,1.17,0.8,0.67,0.05,0.4,0.92,0.16,0.3
1107.58,36,0.93,0.22,0.8,0.82,0.26,0.71,0.86,1.16,0.8,0.67,0.05,0.41,0.92,0.16,0.3
1108.6,36,0.92,0.23,0.8,0.82,0.27,0.71,0.86,1.16,0.8,0.67,0.05,0.4,0.92,0.16,0.3
1109.6,36,0.92,0.22,0.8,0.82,0.27,0.71,0.86,1.16,0.8,0.67,0.05,0.39,0.92,0.16,0.3
1110.6,36,0.94,0.23,0.81,0.83,0.28,0.72,0.88,1.17,0.81,0.68,0.05,0.41,0.94,0.17,0.31
1111.62,36,0.93,0.22,0.8,0.82,0.27,0.72,0.86,1.16,0.81,0.67,0.05,0.41,0.92,0.16,0.3
1112.62,36,0.92,0.21,0.8,0.82,0.27,0.71,0.87,1.17,0.8,0.67,0.05,0.4,0.93,0.16,0.3
1113.62,36,0.93,0.23,0.8,0.82,0.26,0.71,0.87,1.17,0.8,0.67,0.05,0.41,0.92,0.16,0.3
1114.63,36,0.93,0.23,0.81,0.83,0.28,0.71,0.88,1.17,0.81,0.67,0.06,0.41,0.94,0.17,0.31
1115.63,36,0.92,0.22,0.8,0.82,0.26,0.71,0.86,1.16,0.8,0.67,0.05,0.41,0.92,0.16,0.3
1116.63,36,0.93,0.23,0.8,0.82,0.27,0.71,0.86,1.17,0.81,0.67,0.05,0.41,0.92,0.16,0.3
1117.65,36,0.93,0.23,0.81,0.83,0.28,0.71,0.87,1.17,0.8,0.67,0.05,0.41,0.93,0.17,0.3
1118.65,36,0.93,0.23,0.81,0.83,0.28,0.71,0.87,1.17,0.81,0.67,0.05,0.41,0.93,0.16,0.3
1119.65,36,0.93,0.23,0.8,0.82,0.27,0.71,0.86,1.16,0.8,0.67,0.05,0.4,0.92,0.16,0.3
1120.65,36,0.93,0.23,0.8,0.82,0.27,0.71,0.87,1.17,0.81,0.67,0.05,0.4,0.92,0.16,0.31
1121.67,36,0.92,0.22,0.81,0.82,0.27,0.71,0.87,1.16,0.8,0.67,0.05,0.41,0.92,0.16,0.3
1122.67,36,0.93,0.22,0.81,0.83,0.26,0.71,0.86,1.16,0.8,0.67,0.05,0.41,0.92,0.16,0.3
1123.67,36,0.93,0.23,0.8,0.82,0.27,0.71,0.87,1.15,0.8,0.67,0.05,0.4,0.92,0.16,0.3
1124.67,36,0.92,0.22,0.8,0.82,0.26,0.71,0.86,1.16,0.8,0.67,0.04,0.39,0.92,0.16,0.3
1125.67,36,0.93,0.22,0.81,0.82,0.27,0.71,0.86,1.17,0.8,0.67,0.05,0.41,0.92,0.16,0.3
1126.68,36,0.92,0.23,0.81,0.82,0.27,0.71,0.86,1.17,0.8,0.67,0.05,0.41,0.92,0.16,0.3
1127.68,36,0.92,0.23,0.81,0.82,0.27,0.71,0.87,1.16,0.8,0.67,0.05,0.41,0.92,0.16,0.3
1128.68,36,0.93,0.23,0.81,0.82,0.28,0.71,0.87,1.17,0.81,0.67,0.05,0.41,0.93,0.17,0.3
1129.7,36,0.92,0.23,0.8,0.82,0.27,0.71,0.86,1.16,0.81,0.67,0.05,0.4,0.93,0.16,0.3
1130.7,36,0.93,0.23,0.81,0.82,0.28,0.71,0.87,1.17,0.8,0.67,0.05,0.4,0.93,0.16,0.3
1131.72,36,0.93,0.23,0.81,0.82,0.28,0.73,0.88,1.17,0.81,0.68,0.06,0.41,0.92,0.17,0.31
1132.72,36,0.93,0.23,0.8,0.82,0.27,0.71,0.87,1.16,0.8,0.67,0.05,0.41,0.93,0.16,0.31
1133.72,36,0.94,0.23,0.8,0.83,0.27,0.71,0.87,1.17,0.81,0.67,0.05,0.41,0.93,0.16,0.3
1134.72,36,0.94,0.23,0.81,0.82,0.27,0.71,0.87,1.16,0.81,0.67,0.06,0.41,0.93,0.17,0.3
1135.73,36,0.94,0.23,0.81,0.82,0.27,0.71,0.87,1.17,0.82,0.67,0.05,0.41,0.93,0.16,0.3
1136.73,36,0.93,0.23,0.8,0.82,0.27,0.72,0.86,1.17,0.81,0.67,0.05,0.4,0.93,0.16,0.3
1137.75,36,0.93,0.23,0.8,0.83,0.28,0.71,0.87,1.16,0.81,0.67,0.05,0.41,0.93,0.17,0.3
1138.75,36,0.94,0.23,0.82,0.82,0.28,0.72,0.88,1.17,0.81,0.67,0.05,0.41,0.93,0.17,0.3
1139.75,36,0.94,0.23,0.81,0.82,0.27,0.72,0.88,1.17,0.8,0.67,0.05,0.41,0.93,0.16,0.3
1140.77,36,0.92,0.23,0.8,0.82,0.26,0.71,0.86,1.17,0.8,0.67,0.05,0.4,0.93,0.16,0.29
1141.77,36,0.93,0.23,0.8,0.82,0.28,0.71,0.87,1.16,0.8,0.67,0.05,0.4,0.92,0.16,0.29
1142.77,36,0.93,0.24,0.81,0.83,0.28,0.71,0.88,1.17,0.82,0.67,0.05,0.41,0.94,0.17,0.3
1143.78,36,0.93,0.23,0.81,0.82,0.28,0.71,0.87,1.16,0.8,0.67,0.05,0.41,0.93,0.16,0.3
1144.78,36,0.94,0.23,0.81,0.83,0.28,0.71,0.87,1.17,0.81,0.67,0.05,0.41,0.92,0.17,0.3
1145.78,36,0.94,0.23,0.82,0.82,0.28,0.72,0.87,1.17,0.82,0.67,0.05,0.41,0.93,0.17,0.3
1146.78,36,0.92,0.22,0.8,0.82,0.27,0.71,0.86,1.16,0.8,0.67,0.05,0.41,0.92,0.16,0.3
1147.8,36,0.93,0.23,0.8,0.82,0.27,0.72,0.86,1.17,0.8,0.66,0.05,0.41,0.92,0.16,0.3
1148.8,36,0.93,0.23,0.8,0.83,0.27,0.71,0.87,1.17,0.8,0.67,0.05,0.41,0.92,0.16,0.3
1149.8,36,0.92,0.23,0.8,0.83,0.27,0.71,0.87,1.17,0.8,0.67,0.05,0.4,0.93,0.16,0.3
1150.8,36,0.93,0.23,0.8,0.83,0.27,0.71,0.87,1.17,0.8,0.67,0.05,0.41,0.92,0.17,0.31
1151.8,36,0.93,0.23,0.8,0.83,0.27,0.72,0.87,1.17,0.8,0.67,0.05,0.4,0.92,0.16,0.3
1152.8,36,0.94,0.23,0.81,0.83,0.28,0.72,0.87,1.17,0.81,0.67,0.06,0.41,0.94,0.17,0.31
1153.82,36,0.93,0.23,0.81,0.83,0.27,0.71,0.87,1.17,0.8,0.67,0.05,0.41,0.93,0.17,0.3
1154.82,36,0.94,0.23,0.82,0.83,0.28,0.73,0.87,1.17,0.82,0.67,0.06,0.42,0.93,0.17,0.31
1155.82,36,0.93,0.22,0.8,0.82,0.26,0.71,0.86,1.17,0.8,0.67,0.05,0.4,0.93,0.16,0.3
1156.82,36,0.93,0.23,0.8,0.82,0.27,0.71,0.87,1.16,0.8,0.67,0.05,0.41,0.93,0.16,0.3
1157.82,36,0.94,0.23,0.82,0.83,0.27,0.73,0.88,1.17,0.82,0.67,0.06,0.41,0.94,0.17,0.31
1158.82,36,0.94,0.23,0.81,0.84,0.28,0.72,0.88,1.17,0.81,0.67,0.05,0.41,0.93,0.17,0.31
1159.82,36,0.93,0.23,0.81,0.83,0.27,0.71,0.87,1.17,0.81,0.67,0.06,0.41,0.93,0.17,0.3
1160.82,36,0.94,0.23,0.82,0.84,0.28,0.73,0.88,1.18,0.82,0.68,0.07,0.41,0.94,0.18,0.31
1161.83,36,0.92,0.23,0.81,0.82,0.27,0.71,0.87,1.16,0.8,0.67,0.05,0.4,0.92,0.16,0.3
1162.83,36,0.94,0.23,0.81,0.83,0.28,0.71,0.87,1.17,0.81,0.67,0.06,0.41,0.93,0.17,0.31
1163.85,36,0.93,0.23,0.81,0.83,0.28,0.71,0.87,1.17,0.81,0.67,0.05,0.41,0.93,0.16,0.3
1164.85,36,0.93,0.22,0.81,0.82,0.26,0.71,0.86,1.17,0.8,0.67,0.05,0.41,0.92,0.16,0.29
1165.87,36,0.93,0.23,0.81,0.83,0.28,0.71,0.88,1.16,0.81,0.67,0.05,0.41,0.92,0.17,0.3
1166.87,36,0.93,0.23,0.8,0.82,0.27,0.71,0.87,1.16,0.81,0.66,0.05,0.41,0.92,0.16,0.3
1167.87,36,0.94,0.23,0.81,0.83,0.28,0.73,0.87,1.16,0.81,0.68,0.06,0.41,0.94,0.17,0.3
1168.88,36,0.93,0.22,0.81,0.82,0.28,0.72,0.87,1.17,0.81,0.67,0.05,0.41,0.93,0.16,0.3
1169.88,36,0.94,0.23,0.81,0.83,0.28,0.71,0.88,1.17,0.81,0.67,0.05,0.41,0.93,0.16,0.31
1170.88,36,0.93,0.23,0.8,0.82,0.27,0.71,0.87,1.17,0.81,0.67,0.05,0.41,0.92,0.17,0.31
1171.88,36,0.94,0.23,0.81,0.82,0.28,0.72,0.87,1.17,0.81,0.67,0.05,0.41,0.93,0.17,0.3
1172.88,36,0.94,0.23,0.81,0.82,0.27,0.72,0.87,1.17,0.81,0.67,0.05,0.41,0.93,0.17,0.3
1173.88,36,0.93,0.23,0.81,0.83,0.26,0.71,0.86,1.16,0.81,0.67,0.05,0.4,0.93,0.16,0.3
1174.9,36,0.92,0.23,0.8,0.82,0.27,0.7,0.86,1.17,0.8,0.67,0.05,0.4,0.92,0.16,0.3
1175.9,36,0.93,0.23,0.81,0.82,0.27,0.72,0.86,1.16,0.8,0.66,0.05,0.41,0.93,0.16,0.3
1176.9,36,0.92,0.23,0.8,0.82,0.27,0.71,0.87,1.16,0.8,0.66,0.05,0.41,0.92,0.16,0.3
1177.92,36,0.93,0.23,0.81,0.83,0.28,0.71,0.87,1.17,0.81,0.67,0.05,0.41,0.92,0.16,0.3
1178.92,36,0.93,0.23,0.8,0.82,0.27,0.71,0.88,1.16,0.81,0.67,0.05,0.41,0.93,0.17,0.3
1179.92,36,0.94,0.23,0.81,0.82,0.28,0.71,0.87,1.16,0.81,0.67,0.05,0.41,0.93,0.17,0.3
1180.92,36,0.93,0.23,0.81,0.82,0.28,0.72,0.87,1.16,0.81,0.67,0.05,0.41,0.92,0.17,0.3
1181.93,36,0.93,0.23,0.81,0.82,0.28,0.72,0.87,1.16,0.82,0.67,0.05,0.41,0.92,0.17,0.3
1182.93,36,0.93,0.23,0.81,0.82,0.28,0.71,0.87,1.17,0.81,0.67,0.05,0.41,0.93,0.16,0.31
1183.93,36,0.92,0.22,0.8,0.82,0.27,0.71,0.86,1.17,0.81,0.67,0.05,0.4,0.93,0.16,0.3
1184.95,36,0.93,0.23,0.81,0.82,0.27,0.71,0.86,1.17,0.8,0.67,0.05,0.4,0.93,0.16,0.3
1185.95,36,0.94,0.24,0.82,0.83,0.28,0.72,0.88,1.17,0.82,0.68,0.05,0.41,0.94,0.18,0.32
1186.95,36,0.93,0.23,0.8,0.82,0.27,0.71,0.86,1.17,0.81,0.67,0.05,0.41,0.92,0.16,0.3
1187.95,36,0.92,0.23,0.8,0.82,0.27,0.71,0.86,1.17,0.8,0.67,0.05,0.41,0.92,0.16,0.3
1188.95,36,0.93,0.23,0.81,0.82,0.27,0.71,0.86,1.17,0.81,0.67,0.05,0.41,0.92,0.16,0.3
1189.97,36,0.93,0.23,0.81,0.82,0.28,0.71,0.86,1.16,0.81,0.67,0.05,0.41,0.93,0.16,0.3
1190.97,36,0.93,0.22,0.8,0.82,0.27,0.71,0.86,1.16,0.8,0.66,0.05,0.41,0.92,0.16,0.3
1191.97,36,0.93,0.23,0.81,0.83,0.28,0.71,0.87,1.17,0.8,0.67,0.05,0.41,0.93,0.17,0.3
1192.97,36,0.93,0.22,0.8,0.82,0.26,0.71,0.86,1.17,0.8,0.67,0.05,0.4,0.93,0.16,0.3
1193.97,36,0.93,0.23,0.8,0.82,0.27,0.71,0.86,1.16,0.8,0.68,0.05,0.41,0.92,0.17,0.3
1194.97,36,0.93,0.23,0.8,0.82,0.27,0.71,0.86,1.15,0.8,0.66,0.05,0.39,0.92,0.16,0.3
1195.97,36,0.93,0.23,0.81,0.83,0.28,0.72,0.87,1.17,0.82,0.67,0.05,0.41,0.94,0.17,0.3
1196.97,36,0.93,0.21,0.8,0.82,0.27,0.71,0.87,1.16,0.8,0.67,0.05,0.41,0.92,0.16,0.3
1197.98,36,0.93,0.22,0.8,0.83,0.27,0.71,0.86,1.16,0.81,0.67,0.05,0.4,0.92,0.16,0.3
1198.98,36,0.93,0.22,0.81,0.84,0.28,0.72,0.87,1.17,0.81,0.67,0.05,0.41,0.93,0.17,0.3
1199.98,36,0.93,0.23,0.81,0.83,0.27,0.72,0.87,1.17,0.8,0.67,0.05,0.41,0.93,0.16,0.3
1200.98,36,0.94,0.24,0.82,0.83,0.28,0.72,0.87,1.17,0.81,0.67,0.06,0.41,0.93,0.17,0.31
1201.98,36,0.93,0.23,0.82,0.83,0.27,0.72,0.87,1.17,0.81,0.67,0.05,0.41,0.93,0.17,0.31
1202.98,36,0.93,0.23,0.81,0.82,0.28,0.72,0.88,1.17,0.81,0.67,0.05,0.41,0.94,0.17,0.3
1203.98,36,0.94,0.23,0.81,0.83,0.28,0.72,0.87,1.17,0.81,0.67,0.06,0.41,0.92,0.16,0.31
1205,36,0.93,0.23,0.81,0.83,0.27,0.72,0.87,1.17,0.81,0.67,0.05,0.41,0.93,0.17,0.3
1206,36,0.94,0.23,0.8,0.83,0.28,0.72,0.87,1.17,0.81,0.67,0.05,0.41,0.94,0.16,0.31
1207,36,0.93,0.23,0.81,0.83,0.27,0.72,0.87,1.17,0.81,0.67,0.05,0.41,0.93,0.17,0.3
1208,36,0.93,0.23,0.81,0.83,0.28,0.71,0.86,1.17,0.8,0.67,0.05,0.41,0.92,0.16,0.3
1209,36,0.94,0.23,0.81,0.83,0.28,0.72,0.87,1.17,0.8,0.67,0.06,0.41,0.94,0.16,0.31
1210,36,0.94,0.23,0.82,0.84,0.28,0.71,0.88,1.17,0.82,0.67,0.06,0.42,0.94,0.17,0.3
1211,36,0.93,0.23,0.81,0.83,0.27,0.72,0.87,1.17,0.81,0.67,0.05,0.41,0.93,0.16,0.29
1212.02,36,0.93,0.23,0.81,0.84,0.28,0.72,0.87,1.17,0.81,0.68,0.06,0.41,0.93,0.17,0.3
1213.02,36,0.93,0.23,0.81,0.83,0.28,0.72,0.88,1.17,0.81,0.67,0.05,0.41,0.92,0.17,0.3
1214.02,36,0.93,0.23,0.81,0.83,0.27,0.72,0.86,1.16,0.81,0.67,0.05,0.41,0.92,0.17,0.3
1215.02,36,0.94,0.23,0.81,0.83,0.27,0.71,0.86,1.17,0.8,0.67,0.06,0.41,0.92,0.16,0.3
1216.02,36,0.93,0.23,0.81,0.83,0.27,0.71,0.87,1.17,0.8,0.67,0.05,0.41,0.93,0.17,0.3
1217.02,36,0.94,0.23,0.81,0.83,0.28,0.73,0.86,1.17,0.82,0.67,0.06,0.41,0.94,0.16,0.3
1218.02,36,0.94,0.24,0.82,0.83,0.28,0.72,0.88,1.17,0.82,0.68,0.06,0.41,0.94,0.17,0.31
1219.03,36,0.93,0.23,0.81,0.83,0.28,0.72,0.87,1.17,0.82,0.67,0.06,0.41,0.94,0.17,0.31
1220.03,36,0.94,0.23,0.82,0.83,0.27,0.73,0.88,1.17,0.8,0.67,0.05,0.41,0.93,0.17,0.31
1221.03,36,0.94,0.23,0.82,0.83,0.28,0.72,0.87,1.17,0.82,0.67,0.05,0.41,0.94,0.17,0.3
1222.03,36,0.93,0.23,0.81,0.83,0.27,0.71,0.87,1.17,0.8,0.67,0.05,0.41,0.92,0.16,0.3
1223.05,36,0.92,0.23,0.81,0.82,0.27,0.72,0.86,1.17,0.81,0.67,0.05,0.41,0.93,0.17,0.3
1224.05,36,0.92,0.21,0.8,0.82,0.27,0.71,0.86,1.17,0.8,0.66,0.05,0.41,0.92,0.16,0.3
1225.05,36,0.93,0.23,0.82,0.83,0.28,0.72,0.87,1.17,0.82,0.68,0.05,0.41,0.93,0.17,0.3
1226.07,36,0.93,0.23,0.81,0.82,0.27,0.71,0.86,1.17,0.8,0.67,0.05,0.4,0.92,0.16,0.3
1227.07,36,0.93,0.23,0.82,0.83,0.28,0.72,0.87,1.17,0.81,0.67,0.06,0.41,0.93,0.17,0.3
1228.07,36,0.93,0.23,0.81,0.83,0.28,0.72,0.86,1.17,0.81,0.67,0.05,0.41,0.93,0.17,0.3
1229.07,36,0.94,0.23,0.8,0.83,0.27,0.71,0.88,1.17,0.82,0.67,0.06,0.41,0.94,0.16,0.31
1230.07,36,0.94,0.23,0.8,0.83,0.28,0.71,0.87,1.17,0.8,0.67,0.06,0.41,0.93,0.17,0.3
1231.07,36,0.93,0.23,0.81,0.82,0.27,0.72,0.87,1.17,0.82,0.67,0.05,0.41,0.93,0.17,0.3
1232.08,36,0.93,0.23,0.8,0.83,0.27,0.72,0.87,1.17,0.8,0.67,0.05,0.41,0.93,0.16,0.3
1233.08,36,0.93,0.23,0.8,0.82,0.27,0.71,0.87,1.16,0.8,0.67,0.05,0.41,0.92,0.16,0.3
1234.08,36,0.93,0.23,0.82,0.83,0.28,0.71,0.87,1.17,0.8,0.67,0.05,0.41,0.94,0.16,0.3
1235.08,36,0.94,0.23,0.8,0.82,0.27,0.71,0.87,1.17,0.8,0.67,0.05,0.41,0.93,0.16,0.3
1236.1,36,0.94,0.23,0.81,0.83,0.27,0.72,0.87,1.17,0.81,0.67,0.06,0.41,0.92,0.17,0.31
1237.1,36,0.93,0.23,0.82,0.82,0.28,0.72,0.87,1.17,0.81,0.67,0.05,0.41,0.93,0.18,0.31
1238.1,36,0.92,0.23,0.8,0.82,0.27,0.72,0.86,1.17,0.81,0.67,0.05,0.41,0.92,0.16,0.31
1239.1,36,0.94,0.23,0.81,0.82,0.28,0.71,0.87,1.17,0.81,0.67,0.05,0.41,0.93,0.16,0.3
1240.12,36,0.93,0.23,0.8,0.82,0.26,0.71,0.87,1.17,0.81,0.67,0.05,0.41,0.92,0.16,0.3
1241.12,36,0.93,0.22,0.8,0.82,0.26,0.71,0.86,1.16,0.8,0.68,0.05,0.41,0.92,0.16,0.3
1242.13,36,0.92,0.23,0.8,0.82,0.27,0.72,0.86,1.17,0.81,0.67,0.05,0.41,0.92,0.16,0.3
1243.13,36,0.93,0.23,0.8,0.82,0.27,0.72,0.87,1.16,0.81,0.67,0.05,0.4,0.92,0.16,0.3
1244.13,36,0.93,0.23,0.81,0.82,0.27,0.72,0.87,1.17,0.8,0.67,0.05,0.41,0.92,0.17,0.3
1245.13,36,0.93,0.23,0.8,0.82,0.27,0.71,0.87,1.17,0.8,0.67,0.05,0.41,0.93,0.17,0.3
1246.13,36,0.93,0.23,0.82,0.83,0.28,0.71,0.87,1.17,0.81,0.67,0.05,0.41,0.94,0.17,0.3
1247.13,36,0.93,0.23,0.8,0.82,0.27,0.71,0.86,1.17,0.81,0.67,0.05,0.41,0.92,0.16,0.31
1248.15,36,0.94,0.23,0.81,0.83,0.27,0.71,0.87,1.17,0.8,0.68,0.05,0.41,0.92,0.17,0.3
1249.15,36,0.93,0.23,0.8,0.82,0.27,0.71,0.86,1.17,0.8,0.66,0.05,0.4,0.92,0.16,0.3
1250.15,36,0.93,0.23,0.8,0.83,0.27,0.72,0.87,1.17,0.81,0.67,0.05,0.4,0.92,0.17,0.3
1251.15,36,0.93,0.24,0.81,0.83,0.28,0.73,0.88,1.17,0.8,0.67,0.05,0.41,0.93,0.17,0.3
1252.17,36,0.93,0.23,0.81,0.83,0.27,0.71,0.87,1.16,0.8,0.67,0.05,0.41,0.93,0.17,0.3
1253.17,36,0.93,0.23,0.8,0.83,0.27,0.72,0.87,1.17,0.81,0.67,0.05,0.41,0.93,0.17,0.3
1254.17,36,0.94,0.23,0.81,0.84,0.28,0.72,0.87,1.17,0.81,0.68,0.06,0.41,0.93,0.17,0.31
1255.17,36,0.94,0.23,0.82,0.83,0.28,0.72,0.88,1.17,0.82,0.67,0.06,0.41,0.94,0.17,0.3
1256.17,36,0.93,0.23,0.8,0.82,0.27,0.72,0.86,1.17,0.81,0.67,0.05,0.41,0.92,0.16,0.3
1257.17,36,0.94,0.23,0.81,0.82,0.27,0.72,0.87,1.17,0.8,0.67,0.05,0.4,0.93,0.16,0.3
1258.17,36,0.94,0.23,0.81,0.83,0.28,0.71,0.88,1.17,0.82,0.67,0.06,0.41,0.93,0.18,0.31
1259.18,36,0.93,0.23,0.8,0.83,0.27,0.71,0.87,1.17,0.8,0.67,0.05,0.41,0.93,0.17,0.3
1260.18,36,0.94,0.23,0.82,0.83,0.28,0.73,0.87,1.17,0.81,0.68,0.06,0.41,0.94,0.18,0.31
1261.18,36,0.93,0.23,0.8,0.82,0.27,0.71,0.86,1.16,0.8,0.67,0.05,0.41,0.92,0.16,0.3
1262.18,36,0.94,0.23,0.81,0.83,0.28,0.72,0.87,1.17,0.81,0.67,0.05,0.41,0.93,0.16,0.3
1263.2,36,0.94,0.23,0.82,0.84,0.28,0.72,0.88,1.17,0.82,0.68,0.05,0.41,0.94,0.17,0.31
1264.2,36,0.93,0.23,0.81,0.83,0.27,0.71,0.88,1.17,0.81,0.67,0.05,0.41,0.93,0.17,0.3
1265.2,36,0.93,0.23,0.8,0.82,0.28,0.71,0.86,1.17,0.8,0.67,0.05,0.41,0.93,0.16,0.3
1266.2,36,0.93,0.22,0.81,0.82,0.26,0.71,0.86,1.16,0.8,0.67,0.05,0.4,0.93,0.16,0.3
1267.22,36,0.92,0.23,0.8,0.82,0.26,0.71,0.87,1.16,0.8,0.67,0.05,0.41,0.92,0.16,0.3
1268.22,36,0.92,0.23,0.8,0.82,0.26,0.71,0.86,1.16,0.8,0.67,0.05,0.4,0.92,0.16,0.3
1269.22,36,0.92,0.23,0.8,0.82,0.27,0.71,0.86,1.16,0.8,0.67,0.05,0.4,0.92,0.16,0.29
1270.22,36,0.93,0.22,0.8,0.82,0.27,0.72,0.87,1.16,0.81,0.67,0.05,0.41,0.92,0.16,0.3
1271.22,36,0.93,0.23,0.8,0.82,0.27,0.71,0.86,1.17,0.81,0.67,0.05,0.41,0.92,0.16,0.3
1272.23,36,0.93,0.23,0.8,0.83,0.27,0.72,0.87,1.17,0.81,0.67,0.05,0.41,0.92,0.16,0.3
1273.23,36,0.93,0.23,0.82,0.84,0.28,0.72,0.87,1.17,0.81,0.67,0.05,0.41,0.93,0.17,0.31
1274.23,36,0.93,0.23,0.81,0.82,0.26,0.71,0.87,1.16,0.8,0.67,0.05,0.41,0.93,0.16,0.3
1275.23,36,0.93,0.23,0.81,0.82,0.28,0.71,0.87,1.17,0.8,0.68,0.05,0.41,0.93,0.17,0.3
1276.25,36,0.93,0.23,0.8,0.82,0.27,0.71,0.86,1.15,0.8,0.67,0.05,0.4,0.92,0.17,0.3
1277.25,36,0.93,0.23,0.8,0.82,0.27,0.71,0.86,1.16,0.8,0.67,0.05,0.41,0.93,0.16,0.3
1278.25,36,0.93,0.23,0.81,0.83,0.27,0.71,0.86,1.16,0.8,0.67,0.05,0.41,0.92,0.16,0.3
1279.25,36,0.93,0.23,0.81,0.83,0.28,0.72,0.88,1.17,0.8,0.67,0.05,0.41,0.93,0.17,0.3
1280.25,36,0.93,0.22,0.8,0.82,0.27,0.71,0.86,1.16,0.81,0.67,0.05,0.41,0.92,0.16,0.3
1281.25,36,0.92,0.23,0.8,0.82,0.27,0.71,0.86,1.17,0.81,0.67,0.05,0.41,0.92,0.16,0.3
1282.25,36,0.93,0.23,0.81,0.84,0.28,0.72,0.87,1.17,0.81,0.67,0.05,0.41,0.93,0.17,0.3
1283.27,36,0.93,0.22,0.8,0.83,0.26,0.7,0.86,1.17,0.8,0.67,0.05,0.4,0.92,0.16,0.3
1284.27,36,0.93,0.22,0.8,0.82,0.27,0.71,0.86,1.16,0.81,0.67,0.05,0.41,0.92,0.16,0.3
1285.27,36,0.94,0.23,0.81,0.82,0.28,0.72,0.88,1.17,0.82,0.67,0.05,0.41,0.93,0.16,0.31
1286.27,36,0.93,0.22,0.8,0.82,0.27,0.71,0.87,1.17,0.8,0.67,0.05,0.41,0.92,0.17,0.3
1287.27,36,0.94,0.23,0.81,0.82,0.28,0.71,0.88,1.17,0.8,0.67,0.05,0.41,0.92,0.17,0.3
1288.27,36,0.93,0.23,0.81,0.83,0.28,0.71,0.87,1.17,0.82,0.67,0.05,0.41,0.93,0.17,0.3
1289.28,36,0.93,0.23,0.82,0.82,0.28,0.71,0.87,1.17,0.81,0.67,0.06,0.4,0.93,0.17,0.3
1290.28,36,0.93,0.23,0.81,0.83,0.27,0.71,0.87,1.17,0.8,0.67,0.05,0.41,0.93,0.16,0.3
1291.28,36,0.92,0.22,0.8,0.82,0.27,0.71,0.86,1.17,0.8,0.67,0.05,0.41,0.92,0.16,0.3
1292.28,36,0.93,0.24,0.82,0.84,0.28,0.72,0.87,1.17,0.81,0.67,0.05,0.41,0.93,0.17,0.31
1293.3,36,0.94,0.22,0.81,0.83,0.28,0.71,0.87,1.17,0.81,0.67,0.05,0.41,0.93,0.17,0.3
1294.3,36,0.93,0.23,0.8,0.82,0.27,0.71,0.86,1.16,0.8,0.67,0.05,0.41,0.92,0.16,0.3
1295.32,36,0.93,0.23,0.8,0.82,0.27,0.71,0.86,1.17,0.81,0.67,0.05,0.4,0.92,0.16,0.3
1296.32,36,0.92,0.22,0.81,0.82,0.27,0.71,0.86,1.17,0.81,0.67,0.05,0.4,0.93,0.16,0.3
1297.32,36,0.94,0.23,0.81,0.82,0.28,0.72,0.87,1.17,0.82,0.68,0.05,0.41,0.93,0.17,0.3
1298.32,36,0.93,0.23,0.81,0.82,0.27,0.71,0.86,1.17,0.81,0.67,0.05,0.41,0.93,0.17,0.3
1299.32,36,0.93,0.23,0.81,0.83,0.28,0.71,0.87,1.17,0.81,0.68,0.06,0.4,0.92,0.17,0.3
1300.32,36,0.94,0.24,0.82,0.84,0.27,0.72,0.88,1.18,0.81,0.67,0.06,0.42,0.92,0.18,0.31
