Time,T,OTU1_R1,OTU2_R1,OTU3_R1,OTU1_R2,OTU2_R2,OTU3_R2,OTU1_R3,OTU2_R3,OTU3_R3,OTU1_R4,OTU2_R4,OTU3_R4,OTU1_R5,OTU2_R5,OTU3_R5
0.03,24,8.07,8.63,8.67,8.3,8.23,8.59,8.73,7.57,8.49,8.39,7.97,7.43,8.39,8.99,8.199999999999998
1.03,24,8.17,8.73,8.77,8.4,8.33,8.73,8.82,7.65,8.6,8.49,8.08,7.55,8.5,9.1,8.35
2.03,24,8.279999999999998,8.86,8.93,8.5,8.43,8.87,8.92,7.76,8.76,8.6,8.19,7.69,8.6,9.19,8.49
3.03,24,8.37,9,9.1,8.59,8.52,9,9,7.85,8.87,8.71,8.27,7.82,8.69,9.26,8.6
4.03,24,8.47,9.1,9.22,8.68,8.59,9.1,9.08,7.93,8.96,8.77,8.34,7.91,8.779999999999998,9.32,8.71
5.03,24,8.58,9.23,9.37,8.77,8.69,9.23,9.17,8.04,9.09,8.87,8.43,8.029999999999998,8.88,9.41,8.82
6.03,24,8.64,9.32,9.46,8.82,8.74,9.31,9.2,8.08,9.18,8.93,8.48,8.09,8.93,9.46,8.9
7.03,24,8.73,9.41,9.59,8.91,8.82,9.41,9.28,8.18,9.27,9,8.55,8.19,9.02,9.54,9
8.029999999999998,24,8.81,9.5,9.67,9,8.87,9.5,9.35,8.24,9.37,9.06,8.62,8.279999999999998,9.09,9.59,9.09
9.03,24,8.87,9.57,9.76,9.06,8.92,9.57,9.41,8.3,9.45,9.13,8.67,8.37,9.14,9.65,9.15
10.03,24,8.93,9.66,9.84,9.14,8.99,9.66,9.46,8.38,9.52,9.19,8.74,8.44,9.19,9.7,9.22
11.03,24,9,9.71,9.94,9.19,9.06,9.74,9.54,8.449999999999998,9.59,9.26,8.79,8.52,9.26,9.76,9.29
12.03,24,9.04,9.76,9.99,9.26,9.11,9.8,9.57,8.49,9.67,9.29,8.86,8.59,9.29,9.79,9.36
13.03,24,9.1,9.83,10.07,9.31,9.17,9.88,9.62,8.57,9.75,9.36,8.91,8.67,9.36,9.84,9.42
14.03,24,9.13,9.87,10.09,9.33,9.22,9.94,9.65,8.62,9.8,9.39,8.96,8.71,9.37,9.87,9.46
15.03,24,9.18,9.92,10.16,9.4,9.27,10,9.71,8.68,9.87,9.44,9.01,8.77,9.44,9.92,9.53
16.03,24,9.2,9.98,10.2,9.44,9.31,10.07,9.74,8.72,9.92,9.46,9.05,8.85,9.46,9.96,9.57
17.05,24,9.23,10,10.24,9.49,9.35,10.11,9.79,8.779999999999998,9.96,9.53,9.1,8.9,9.52,9.99,9.63
18.05,24,9.28,10.04,10.3,9.54,9.39,10.16,9.84,8.83,10.04,9.57,9.15,8.96,9.54,10.04,9.69
19.05,24,9.31,10.07,10.34,9.55,9.44,10.22,9.87,8.9,10.09,9.62,9.2,9.01,9.58,10.08,9.74
20.05,24,9.35,10.11,10.38,9.62,9.45,10.26,9.91,8.949999999999998,10.15,9.66,9.26,9.06,9.62,10.11,9.78
21.05,24,9.35,10.13,10.39,9.65,9.49,10.28,9.94,8.97,10.18,9.67,9.28,9.1,9.65,10.12,9.79
22.07,24,9.4,10.16,10.44,9.7,9.54,10.34,9.98,9.04,10.22,9.72,9.35,9.14,9.69,10.18,9.84
23.07,24,9.41,10.2,10.46,9.71,9.57,10.36,10,9.08,10.26,9.75,9.39,9.19,9.71,10.2,9.87
24.07,24,9.44,10.23,10.48,9.76,9.58,10.4,10.03,9.11,10.3,9.78,9.42,9.22,9.74,10.22,9.91
25.07,24,9.46,10.24,10.51,9.79,9.62,10.43,10.06,9.14,10.34,9.8,9.46,9.27,9.76,10.24,9.94
26.07,24,9.48,10.27,10.52,9.8,9.63,10.44,10.08,9.18,10.38,9.83,9.5,9.32,9.79,10.28,9.99
27.07,24,9.5,10.28,10.55,9.82,9.66,10.47,10.11,9.2,10.4,9.87,9.53,9.33,9.82,10.28,10
28.08,24,9.52,10.3,10.55,9.86,9.67,10.48,10.13,9.24,10.43,9.88,9.55,9.37,9.84,10.32,10.04
29.08,24,9.52,10.3,10.55,9.88,9.69,10.52,10.15,9.28,10.44,9.91,9.59,9.41,9.84,10.32,10.06
30.08,24,9.53,10.32,10.58,9.88,9.7,10.51,10.18,9.32,10.5,9.91,9.61,9.44,9.87,10.34,10.08
31.08,24,9.52,10.31,10.57,9.9,9.71,10.52,10.19,9.33,10.48,9.94,9.65,9.42,9.87,10.36,10.07
32.08,24,9.53,10.36,10.58,9.91,9.74,10.55,10.2,9.36,10.51,9.98,9.66,9.48,9.88,10.36,10.11
33.1,24,9.54,10.34,10.58,9.92,9.74,10.55,10.22,9.39,10.51,9.98,9.67,9.48,9.88,10.36,10.12
34.1,24,9.55,10.34,10.59,9.95,9.75,10.55,10.23,9.4,10.52,9.98,9.71,9.5,9.9,10.39,10.13
35.1,24,9.54,10.36,10.61,9.96,9.75,10.58,10.24,9.42,10.57,10,9.74,9.53,9.91,10.39,10.16
36.1,24,9.55,10.36,10.59,9.98,9.75,10.58,10.24,9.44,10.57,10.02,9.74,9.54,9.91,10.4,10.18
37.1,24,9.57,10.38,10.59,9.98,9.76,10.58,10.27,9.48,10.59,10.03,9.78,9.55,9.95,10.42,10.18
38.1,24,9.57,10.38,10.59,10,9.78,10.57,10.27,9.49,10.58,10.03,9.76,9.57,9.94,10.43,10.19
39.1,24,9.58,10.38,10.62,10.02,9.8,10.61,10.3,9.5,10.62,10.07,9.79,9.61,9.96,10.44,10.2
40.1,24,9.58,10.38,10.59,10.02,9.79,10.59,10.31,9.5,10.61,10.07,9.82,9.59,9.96,10.43,10.2
41.1,24,9.58,10.4,10.59,10.02,9.79,10.59,10.32,9.53,10.63,10.07,9.82,9.61,9.99,10.46,10.23
42.1,24,9.59,10.4,10.63,10.04,9.8,10.59,10.32,9.53,10.63,10.09,9.84,9.63,9.98,10.47,10.24
43.1,24,9.58,10.38,10.61,10.04,9.8,10.59,10.32,9.54,10.63,10.08,9.83,9.63,10,10.46,10.23
44.1,24,9.59,10.39,10.62,10.04,9.8,10.59,10.34,9.57,10.65,10.11,9.86,9.65,10,10.46,10.26
45.1,24,9.61,10.42,10.62,10.07,9.83,10.61,10.36,9.57,10.66,10.11,9.9,9.67,10.02,10.47,10.27
46.1,24,9.61,10.42,10.62,10.08,9.82,10.62,10.38,9.58,10.66,10.12,9.88,9.67,10.02,10.48,10.27
47.1,24,9.61,10.39,10.62,10.08,9.82,10.61,10.38,9.59,10.67,10.12,9.88,9.67,10.03,10.48,10.27
48.1,24,9.62,10.42,10.63,10.09,9.82,10.61,10.38,9.61,10.67,10.13,9.91,9.7,10.04,10.48,10.3
49.1,24,9.63,10.42,10.63,10.11,9.84,10.63,10.4,9.61,10.7,10.16,9.92,9.71,10.07,10.51,10.31
50.1,24,9.63,10.42,10.63,10.11,9.83,10.62,10.4,9.62,10.71,10.16,9.91,9.72,10.07,10.48,10.31
51.1,24,9.65,10.42,10.65,10.12,9.83,10.63,10.42,9.62,10.7,10.18,9.94,9.72,10.07,10.51,10.32
52.1,24,9.63,10.42,10.63,10.12,9.84,10.63,10.4,9.62,10.71,10.18,9.94,9.72,10.06,10.51,10.32
53.12,24,9.63,10.42,10.63,10.12,9.83,10.62,10.42,9.63,10.7,10.18,9.94,9.74,10.07,10.5,10.32
54.12,24,9.66,10.43,10.65,10.15,9.84,10.65,10.43,9.65,10.74,10.22,9.95,9.76,10.08,10.52,10.35
55.12,24,9.66,10.42,10.63,10.13,9.84,10.65,10.44,9.66,10.73,10.22,9.95,9.75,10.09,10.51,10.35
56.12,24,9.66,10.4,10.63,10.15,9.87,10.62,10.44,9.65,10.74,10.23,9.96,9.78,10.09,10.51,10.35
57.12,24,9.66,10.43,10.65,10.15,9.86,10.63,10.44,9.66,10.73,10.22,9.96,9.78,10.11,10.51,10.36
58.13,24,9.66,10.43,10.62,10.18,9.86,10.63,10.46,9.67,10.76,10.23,9.98,9.78,10.11,10.52,10.36
59.13,24,9.63,10.38,10.57,10.15,9.84,10.62,10.46,9.66,10.74,10.24,9.96,9.78,10.09,10.51,10.36
60.13,24,9.65,10.35,10.57,10.13,9.84,10.59,10.46,9.67,10.74,10.23,9.96,9.78,10.09,10.51,10.36
61.15,24,9.65,10.35,10.58,10.12,9.84,10.59,10.46,9.67,10.74,10.22,9.96,9.78,10.09,10.51,10.38
62.15,24,9.65,10.34,10.57,10.13,9.83,10.61,10.44,9.66,10.76,10.23,9.98,9.79,10.12,10.5,10.36
63.15,24,9.65,10.32,10.55,10.13,9.84,10.61,10.46,9.67,10.76,10.24,9.96,9.79,10.09,10.48,10.38
64.15,24,9.63,10.31,10.55,10.12,9.83,10.61,10.46,9.66,10.76,10.23,9.95,9.8,10.09,10.47,10.35
65.17,24,9.63,10.34,10.54,10.12,9.84,10.61,10.46,9.65,10.76,10.26,9.94,9.8,10.11,10.5,10.38
66.17,24,9.63,10.35,10.54,10.15,9.83,10.61,10.47,9.67,10.77,10.26,9.95,9.8,10.09,10.5,10.38
67.17,24,9.61,10.34,10.54,10.15,9.83,10.61,10.46,9.63,10.73,10.26,9.92,9.78,10.11,10.47,10.35
68.17,24,9.62,10.35,10.54,10.15,9.8,10.57,10.46,9.63,10.74,10.24,9.92,9.79,10.09,10.47,10.35
69.17,24,9.61,10.35,10.52,10.13,9.79,10.58,10.43,9.63,10.71,10.23,9.92,9.78,10.09,10.47,10.35
70.17,24,9.62,10.38,10.57,10.13,9.82,10.59,10.47,9.65,10.74,10.26,9.92,9.79,10.09,10.47,10.38
71.17,24,9.62,10.35,10.54,10.13,9.79,10.55,10.46,9.62,10.73,10.24,9.91,9.78,10.09,10.46,10.35
72.17,24,9.62,10.35,10.52,10.15,9.8,10.55,10.47,9.63,10.73,10.24,9.92,9.79,10.11,10.47,10.36
73.17,24,9.62,10.36,10.54,10.15,9.8,10.57,10.47,9.65,10.73,10.26,9.91,9.78,10.09,10.46,10.36
74.18,24,9.62,10.36,10.52,10.15,9.79,10.57,10.47,9.62,10.73,10.24,9.91,9.79,10.09,10.46,10.36
75.18,24,9.62,10.35,10.54,10.15,9.78,10.58,10.47,9.62,10.73,10.24,9.9,9.79,10.11,10.44,10.36
76.18,24,9.62,10.35,10.52,10.15,9.79,10.57,10.48,9.62,10.73,10.24,9.9,9.79,10.09,10.47,10.36
77.18,24,9.63,10.36,10.54,10.16,9.79,10.58,10.48,9.62,10.74,10.27,9.91,9.8,10.11,10.46,10.38
78.18,24,9.62,10.35,10.54,10.18,9.79,10.58,10.48,9.62,10.73,10.27,9.91,9.8,10.11,10.46,10.36
79.18,24,9.62,10.35,10.52,10.15,9.79,10.58,10.48,9.62,10.7,10.26,9.9,9.8,10.11,10.46,10.36
80.2,24,9.65,10.36,10.54,10.18,9.79,10.58,10.5,9.62,10.73,10.26,9.9,9.8,10.09,10.46,10.38
81.2,24,9.63,10.35,10.54,10.15,9.78,10.58,10.48,9.62,10.71,10.26,9.9,9.8,10.11,10.44,10.38
82.2,24,9.63,10.34,10.51,10.16,9.76,10.58,10.47,9.61,10.71,10.24,9.88,9.79,10.11,10.44,10.36
83.22,24,9.63,10.35,10.52,10.18,9.78,10.58,10.48,9.59,10.71,10.27,9.9,9.8,10.09,10.46,10.38
84.22,24,9.61,10.32,10.5,10.16,9.76,10.58,10.48,9.59,10.71,10.24,9.88,9.79,10.11,10.44,10.36
85.22,24,9.61,10.27,10.46,10.16,9.78,10.57,10.47,9.61,10.7,10.26,9.88,9.8,10.11,10.44,10.38
86.22,24,9.62,10.27,10.46,10.15,9.75,10.54,10.47,9.59,10.7,10.26,9.88,9.79,10.08,10.43,10.38
87.22,24,9.62,10.24,10.46,10.12,9.74,10.54,10.46,9.58,10.7,10.24,9.88,9.8,10.08,10.42,10.39
88.23,24,9.62,10.24,10.44,10.13,9.72,10.57,10.46,9.57,10.71,10.23,9.87,9.79,10.07,10.4,10.39
89.23,24,9.62,10.23,10.43,10.15,9.75,10.58,10.46,9.57,10.71,10.26,9.87,9.82,10.08,10.39,10.4
90.23,24,9.61,10.23,10.42,10.13,9.76,10.58,10.47,9.58,10.7,10.26,9.86,9.79,10.08,10.39,10.4
91.23,24,9.59,10.22,10.4,10.12,9.78,10.59,10.46,9.57,10.7,10.24,9.84,9.79,10.04,10.39,10.38
92.25,24,9.59,10.2,10.4,10.12,9.79,10.59,10.46,9.57,10.7,10.24,9.83,9.79,10.06,10.36,10.39
93.25,24,9.59,10.2,10.39,10.12,9.79,10.58,10.44,9.57,10.7,10.24,9.83,9.78,10.06,10.35,10.38
94.25,24,9.57,10.19,10.39,10.09,9.79,10.57,10.44,9.53,10.66,10.24,9.8,9.79,10.04,10.34,10.36
95.27,24,9.57,10.16,10.36,10.09,9.79,10.54,10.46,9.53,10.66,10.23,9.8,9.78,10.03,10.34,10.35
96.27,24,9.57,10.19,10.36,10.09,9.79,10.54,10.44,9.53,10.66,10.24,9.79,9.78,10.03,10.34,10.35
97.27,24,9.55,10.15,10.35,10.08,9.76,10.52,10.43,9.5,10.65,10.22,9.78,9.76,10.03,10.32,10.32
98.27,24,9.54,10.13,10.34,10.08,9.75,10.5,10.43,9.5,10.65,10.23,9.76,9.75,10.03,10.31,10.34
99.27,24,9.55,10.16,10.35,10.08,9.76,10.52,10.44,9.49,10.63,10.23,9.76,9.76,10,10.34,10.32
100.28,24,9.54,10.16,10.32,10.07,9.74,10.51,10.42,9.48,10.63,10.2,9.74,9.76,10,10.31,10.32
101.28,24,9.54,10.16,10.34,10.06,9.72,10.5,10.42,9.46,10.61,10.2,9.72,9.76,10,10.31,10.32
102.28,24,9.52,10.16,10.34,10.07,9.72,10.46,10.42,9.46,10.62,10.2,9.72,9.75,10,10.31,10.32
103.3,24,9.53,10.18,10.34,10.07,9.71,10.47,10.42,9.45,10.61,10.2,9.7,9.74,9.99,10.31,10.31
104.3,24,9.53,10.16,10.35,10.08,9.7,10.46,10.42,9.45,10.61,10.2,9.7,9.74,10,10.31,10.31
105.3,24,9.54,10.19,10.36,10.06,9.7,10.47,10.4,9.44,10.61,10.19,9.71,9.74,10.02,10.3,10.31
106.32,24,9.52,10.16,10.32,10.07,9.67,10.46,10.4,9.42,10.59,10.18,9.67,9.74,10,10.31,10.31
107.32,24,9.53,10.18,10.34,10.07,9.67,10.47,10.4,9.42,10.61,10.19,9.7,9.72,10.02,10.3,10.32
108.32,24,9.54,10.19,10.35,10.06,9.66,10.46,10.4,9.42,10.59,10.18,9.7,9.72,10.02,10.3,10.31
109.32,24,9.53,10.18,10.35,10.04,9.65,10.46,10.4,9.41,10.61,10.18,9.69,9.74,10.02,10.31,10.32
110.32,24,9.53,10.16,10.35,10.07,9.65,10.46,10.39,9.4,10.59,10.18,9.69,9.72,10.03,10.28,10.32
111.32,24,9.54,10.19,10.35,10.08,9.65,10.44,10.4,9.41,10.59,10.19,9.67,9.74,10.03,10.31,10.31
112.32,24,9.53,10.18,10.35,10.07,9.65,10.46,10.42,9.41,10.59,10.18,9.69,9.72,10,10.3,10.31
113.33,24,9.5,10.09,10.28,10.07,9.63,10.46,10.39,9.39,10.58,10.16,9.67,9.72,9.98,10.28,10.31
114.33,24,9.52,10.09,10.3,10.04,9.62,10.43,10.38,9.37,10.58,10.15,9.67,9.71,10,10.27,10.3
115.33,24,9.53,10.12,10.3,10.06,9.63,10.47,10.38,9.36,10.61,10.18,9.66,9.72,10,10.28,10.31
116.33,24,9.53,10.11,10.31,10.07,9.65,10.47,10.39,9.35,10.61,10.19,9.66,9.72,9.99,10.27,10.31
117.35,24,9.53,10.11,10.28,10.07,9.67,10.5,10.39,9.35,10.61,10.19,9.66,9.74,10,10.24,10.3
118.35,24,9.52,10.08,10.27,10.04,9.7,10.48,10.39,9.33,10.59,10.16,9.65,9.7,9.98,10.23,10.28
119.35,24,9.52,10.07,10.26,10.06,9.7,10.48,10.39,9.33,10.58,10.18,9.62,9.72,9.99,10.19,10.28
120.35,24,9.5,10.04,10.23,10.04,9.7,10.48,10.39,9.33,10.57,10.16,9.63,9.71,9.96,10.19,10.26
121.37,24,9.5,10.03,10.23,10.03,9.69,10.47,10.38,9.33,10.55,10.18,9.65,9.7,9.98,10.19,10.24
122.37,24,9.49,10.04,10.23,10.04,9.67,10.46,10.39,9.33,10.55,10.16,9.63,9.7,9.96,10.19,10.24
123.37,24,9.46,10,10.19,10.02,9.66,10.44,10.36,9.31,10.52,10.13,9.62,9.69,9.92,10.16,10.22
124.37,24,9.48,10,10.19,9.99,9.66,10.44,10.35,9.29,10.52,10.13,9.63,9.69,9.94,10.15,10.23
125.37,24,9.46,10,10.19,9.99,9.63,10.42,10.35,9.29,10.51,10.13,9.61,9.67,9.94,10.15,10.23
126.38,24,9.45,9.99,10.18,9.99,9.62,10.42,10.35,9.27,10.5,10.13,9.59,9.67,9.94,10.13,10.2
127.38,24,9.45,9.99,10.16,9.98,9.59,10.36,10.32,9.26,10.48,10.12,9.57,9.67,9.92,10.12,10.19
128.38,24,9.45,10,10.19,9.99,9.59,10.39,10.34,9.26,10.48,10.12,9.58,9.66,9.91,10.13,10.19
129.38,24,9.45,9.99,10.19,9.99,9.61,10.39,10.34,9.24,10.48,10.12,9.58,9.67,9.92,10.13,10.2
130.38,24,9.44,10.02,10.18,9.98,9.58,10.38,10.32,9.23,10.47,10.12,9.57,9.65,9.91,10.13,10.19
131.4,24,9.44,10,10.19,9.98,9.58,10.38,10.34,9.22,10.47,10.12,9.57,9.65,9.94,10.12,10.18
132.4,24,9.42,10,10.18,9.98,9.57,10.36,10.34,9.22,10.46,10.11,9.54,9.63,9.91,10.12,10.18
133.4,24,9.45,10.02,10.19,9.99,9.57,10.35,10.34,9.22,10.47,10.11,9.54,9.63,9.91,10.12,10.19
134.42,24,9.45,10.02,10.2,9.99,9.55,10.36,10.32,9.2,10.46,10.11,9.53,9.65,9.91,10.12,10.18
135.42,24,9.44,10.02,10.2,9.98,9.54,10.35,10.32,9.19,10.44,10.09,9.53,9.63,9.91,10.11,10.18
136.42,24,9.44,10,10.18,9.98,9.53,10.35,10.31,9.18,10.4,10.08,9.49,9.62,9.9,10.08,10.16
137.43,24,9.42,10,10.18,9.96,9.52,10.34,10.31,9.17,10.42,10.08,9.5,9.61,9.88,10.07,10.16
138.43,24,9.4,9.95,10.13,9.96,9.52,10.31,10.31,9.15,10.43,10.07,9.48,9.59,9.87,10.09,10.16
139.43,24,9.41,9.95,10.15,9.95,9.5,10.34,10.3,9.13,10.43,10.06,9.45,9.59,9.87,10.08,10.16
140.43,24,9.44,9.96,10.16,9.96,9.5,10.36,10.3,9.11,10.46,10.08,9.45,9.62,9.9,10.07,10.18
141.45,24,9.44,9.96,10.15,9.96,9.54,10.38,10.3,9.11,10.46,10.08,9.42,9.63,9.88,10.06,10.18
142.45,24,9.42,9.95,10.15,9.98,9.55,10.38,10.3,9.14,10.47,10.07,9.42,9.62,9.88,10.06,10.16
143.45,24,9.41,9.92,10.11,9.96,9.57,10.36,10.28,9.14,10.43,10.06,9.39,9.61,9.86,10.03,10.16
144.45,24,9.4,9.91,10.11,9.96,9.58,10.36,10.28,9.14,10.43,10.07,9.39,9.61,9.87,10.03,10.15
145.47,24,9.4,9.92,10.09,9.92,9.55,10.36,10.28,9.15,10.44,10.07,9.37,9.62,9.87,10.02,10.15
146.47,24,9.39,9.88,10.09,9.95,9.55,10.36,10.28,9.14,10.42,10.06,9.39,9.59,9.86,10.02,10.13
147.47,24,9.39,9.88,10.08,9.94,9.57,10.35,10.3,9.15,10.42,10.07,9.39,9.59,9.86,10.04,10.13
148.47,24,9.37,9.84,10.06,9.92,9.53,10.32,10.27,9.11,10.39,10.04,9.37,9.58,9.84,10.03,10.11
149.47,24,9.37,9.86,10.06,9.92,9.53,10.34,10.28,9.13,10.39,10.04,9.39,9.59,9.86,10.02,10.12
150.48,24,9.37,9.86,10.06,9.92,9.54,10.34,10.28,9.13,10.39,10.06,9.37,9.59,9.86,10.03,10.11
151.48,24,9.35,9.83,10.03,9.91,9.49,10.3,10.26,9.1,10.36,10.02,9.33,9.55,9.82,10,10.08
152.48,24,9.36,9.82,10.02,9.88,9.49,10.28,10.24,9.09,10.35,10.04,9.36,9.57,9.83,10.02,10.09
153.48,24,9.36,9.83,10.04,9.9,9.49,10.3,10.27,9.09,10.35,10.03,9.35,9.57,9.83,10,10.09
154.48,24,9.36,9.83,10.02,9.9,9.49,10.3,10.26,9.08,10.34,10.04,9.33,9.55,9.82,10,10.08
155.48,24,9.33,9.83,10.03,9.9,9.45,10.27,10.24,9.04,10.32,10.02,9.32,9.53,9.8,9.98,10.07
156.5,24,9.33,9.84,10.03,9.9,9.46,10.26,10.23,9.06,10.34,10.02,9.32,9.55,9.82,9.99,10.07
157.5,24,9.33,9.83,10.02,9.88,9.45,10.26,10.23,9.04,10.32,10.02,9.29,9.53,9.8,9.98,10.06
158.5,24,9.32,9.82,10.02,9.88,9.41,10.23,10.22,9.02,10.3,9.99,9.28,9.52,9.8,9.94,10.04
159.5,24,9.31,9.83,10.03,9.87,9.42,10.24,10.22,9.01,10.28,9.99,9.27,9.5,9.79,9.96,10.04
160.52,24,9.33,9.84,10.04,9.88,9.41,10.24,10.22,9.02,10.3,10,9.27,9.52,9.8,9.98,10.06
161.52,24,9.32,9.83,10.04,9.87,9.4,10.23,10.22,9,10.28,9.99,9.26,9.49,9.78,9.95,10.04
162.52,24,9.32,9.83,10.03,9.87,9.37,10.22,10.22,9,10.27,9.98,9.26,9.5,9.79,9.96,10.03
163.52,24,9.29,9.79,10.02,9.86,9.37,10.22,10.22,8.99,10.27,9.98,9.23,9.49,9.76,9.95,10.03
164.52,24,9.29,9.76,9.99,9.83,9.37,10.2,10.19,8.97,10.26,9.95,9.22,9.48,9.74,9.94,10.02
165.52,24,9.31,9.8,10.02,9.84,9.35,10.22,10.18,8.949999999999998,10.28,9.95,9.22,9.49,9.76,9.92,10.02
166.52,24,9.32,9.8,10,9.86,9.37,10.26,10.18,8.949999999999998,10.32,9.96,9.19,9.5,9.78,9.91,10.04
167.52,24,9.31,9.78,9.99,9.86,9.4,10.23,10.19,8.949999999999998,10.31,9.96,9.18,9.5,9.78,9.91,10.03
168.52,24,9.31,9.79,9.98,9.86,9.42,10.26,10.19,8.97,10.31,9.96,9.15,9.49,9.78,9.88,10.03
169.52,24,9.29,9.75,9.96,9.84,9.41,10.24,10.18,8.97,10.3,9.96,9.14,9.49,9.76,9.86,10.02
170.52,24,9.29,9.75,9.95,9.86,9.41,10.24,10.18,8.97,10.28,9.95,9.14,9.48,9.76,9.87,10.02
171.52,24,9.29,9.75,9.95,9.84,9.44,10.26,10.19,8.99,10.28,9.96,9.11,9.49,9.76,9.87,10.02
172.52,24,9.28,9.72,9.92,9.82,9.4,10.24,10.18,8.99,10.26,9.96,9.1,9.48,9.75,9.87,10
173.52,24,9.28,9.71,9.94,9.83,9.41,10.23,10.18,8.99,10.27,9.95,9.1,9.49,9.74,9.88,10.02
174.52,24,9.28,9.7,9.91,9.82,9.41,10.2,10.18,8.949999999999998,10.24,9.94,9.09,9.46,9.74,9.88,10
175.52,24,9.26,9.69,9.88,9.79,9.39,10.19,10.15,8.949999999999998,10.23,9.91,9.06,9.45,9.72,9.88,9.98
176.53,24,9.24,9.69,9.9,9.8,9.37,10.19,10.15,8.949999999999998,10.23,9.92,9.08,9.45,9.72,9.87,9.98
177.53,24,9.24,9.67,9.9,9.8,9.37,10.19,10.16,8.93,10.22,9.94,9.06,9.45,9.71,9.86,9.96
178.53,24,9.24,9.69,9.88,9.79,9.33,10.18,10.13,8.91,10.19,9.9,9.06,9.44,9.7,9.86,9.96
179.53,24,9.23,9.66,9.9,9.79,9.35,10.15,10.13,8.91,10.19,9.9,9.05,9.42,9.71,9.83,9.95
180.53,24,9.22,9.65,9.87,9.78,9.31,10.13,10.12,8.88,10.16,9.88,9.06,9.42,9.67,9.83,9.95
181.53,24,9.23,9.66,9.87,9.78,9.32,10.13,10.13,8.88,10.18,9.91,9.05,9.42,9.69,9.84,9.94
182.55,24,9.2,9.65,9.87,9.75,9.28,10.12,10.12,8.85,10.13,9.87,9.02,9.39,9.67,9.83,9.91
183.55,24,9.2,9.63,9.87,9.76,9.27,10.11,10.12,8.83,10.13,9.88,9.02,9.39,9.66,9.83,9.92
184.55,24,9.2,9.63,9.88,9.75,9.28,10.11,10.12,8.85,10.15,9.87,9.02,9.39,9.67,9.82,9.92
185.57,24,9.19,9.63,9.87,9.74,9.26,10.09,10.11,8.83,10.12,9.86,9.02,9.39,9.66,9.8,9.9
186.57,24,9.18,9.63,9.87,9.76,9.23,10.09,10.11,8.81,10.11,9.84,9.01,9.36,9.63,9.8,9.91
187.57,24,9.17,9.61,9.86,9.72,9.22,10.08,10.08,8.79,10.09,9.83,9,9.35,9.63,9.79,9.88
188.57,24,9.18,9.59,9.83,9.72,9.22,10.07,10.07,8.79,10.11,9.84,9.01,9.36,9.63,9.8,9.9
189.57,24,9.19,9.62,9.84,9.72,9.2,10.07,10.07,8.779999999999998,10.12,9.82,8.99,9.35,9.63,9.76,9.88
190.57,24,9.19,9.63,9.86,9.72,9.2,10.09,10.06,8.74,10.16,9.83,8.99,9.36,9.65,9.76,9.9
191.57,24,9.2,9.63,9.84,9.74,9.23,10.12,10.06,8.76,10.16,9.84,8.96,9.37,9.65,9.74,9.91
192.58,24,9.19,9.62,9.83,9.74,9.26,10.12,10.08,8.779999999999998,10.16,9.86,8.96,9.39,9.66,9.74,9.9
193.58,24,9.19,9.61,9.83,9.74,9.27,10.13,10.09,8.79,10.16,9.86,8.93,9.37,9.65,9.74,9.9
194.58,24,9.19,9.59,9.8,9.74,9.27,10.12,10.06,8.81,10.16,9.84,8.92,9.39,9.63,9.74,9.91
195.58,24,9.18,9.58,9.8,9.74,9.28,10.11,10.08,8.81,10.13,9.84,8.9,9.36,9.63,9.72,9.9
196.58,24,9.17,9.58,9.79,9.72,9.27,10.12,10.07,8.82,10.13,9.86,8.9,9.36,9.63,9.75,9.9
197.58,24,9.15,9.57,9.78,9.7,9.26,10.11,10.07,8.79,10.09,9.83,8.87,9.35,9.62,9.74,9.87
198.6,24,9.15,9.54,9.76,9.71,9.24,10.09,10.07,8.79,10.11,9.82,8.87,9.36,9.62,9.74,9.87
199.6,24,9.14,9.52,9.75,9.7,9.23,10.08,10.06,8.779999999999998,10.08,9.82,8.83,9.33,9.61,9.74,9.86
200.6,24,9.11,9.52,9.76,9.67,9.22,10.06,10.04,8.779999999999998,10.06,9.79,8.83,9.32,9.58,9.72,9.84
201.6,24,9.13,9.52,9.75,9.67,9.19,10.06,10.04,8.76,10.07,9.79,8.82,9.33,9.59,9.71,9.84
202.6,24,9.1,9.48,9.74,9.66,9.18,10.02,10,8.73,10.03,9.76,8.81,9.29,9.57,9.69,9.83
203.62,24,9.09,9.48,9.72,9.65,9.17,10.02,10.02,8.72,10.03,9.76,8.79,9.28,9.54,9.67,9.82
204.62,24,9.09,9.48,9.72,9.63,9.13,10.02,10,8.72,10.02,9.76,8.779999999999998,9.28,9.55,9.67,9.79
205.62,24,9.09,9.49,9.74,9.66,9.14,10,9.99,8.69,10.02,9.74,8.79,9.29,9.55,9.7,9.8
206.62,24,9.09,9.48,9.75,9.63,9.14,10,10,8.68,10,9.74,8.79,9.26,9.54,9.69,9.79
207.62,24,9.09,9.48,9.74,9.65,9.11,9.98,9.99,8.68,9.99,9.75,8.779999999999998,9.26,9.53,9.69,9.78
208.62,24,9.08,9.48,9.72,9.63,9.1,9.98,9.99,8.66,9.96,9.72,8.779999999999998,9.24,9.52,9.69,9.78
209.63,24,9.05,9.42,9.7,9.62,9.1,9.98,9.96,8.64,9.96,9.72,8.79,9.23,9.5,9.67,9.76
210.63,24,9.06,9.44,9.7,9.61,9.08,9.95,9.94,8.62,9.98,9.71,8.779999999999998,9.23,9.5,9.66,9.75
211.63,24,9.1,9.48,9.72,9.62,9.06,9.98,9.95,8.6,10.03,9.71,8.779999999999998,9.26,9.54,9.66,9.76
212.63,24,9.09,9.48,9.71,9.63,9.08,9.99,9.95,8.6,10.02,9.72,8.76,9.27,9.54,9.63,9.79
213.63,24,9.06,9.45,9.7,9.63,9.09,9.99,9.95,8.62,10.02,9.71,8.73,9.27,9.52,9.61,9.79
214.65,24,9.06,9.46,9.7,9.62,9.13,9.99,9.96,8.66,10.03,9.74,8.69,9.27,9.53,9.58,9.78
215.65,24,9.06,9.42,9.67,9.62,9.13,9.99,9.96,8.66,10.02,9.71,8.69,9.26,9.53,9.61,9.78
216.65,24,9.05,9.42,9.67,9.61,9.13,10,9.96,8.66,10,9.74,8.68,9.26,9.5,9.61,9.78
217.65,24,9.05,9.41,9.66,9.61,9.13,9.98,9.96,8.66,9.99,9.7,8.66,9.24,9.5,9.61,9.76
218.65,24,9.02,9.39,9.62,9.59,9.09,9.95,9.92,8.64,9.95,9.7,8.63,9.23,9.49,9.59,9.74
219.67,24,9.04,9.37,9.65,9.58,9.09,9.96,9.95,8.64,9.95,9.7,8.62,9.2,9.48,9.61,9.74
220.67,24,9.01,9.35,9.62,9.55,9.05,9.92,9.92,8.6,9.94,9.67,8.57,9.2,9.48,9.58,9.71
221.67,24,9,9.32,9.59,9.55,9.05,9.92,9.91,8.59,9.91,9.67,8.55,9.18,9.44,9.58,9.7
222.68,24,9,9.31,9.59,9.55,9.05,9.91,9.92,8.58,9.91,9.67,8.55,9.19,9.46,9.57,9.71
223.68,24,8.97,9.31,9.58,9.53,9.02,9.9,9.9,8.55,9.9,9.63,8.52,9.15,9.42,9.55,9.69
224.68,24,8.97,9.29,9.58,9.54,9.01,9.9,9.88,8.54,9.88,9.65,8.5,9.15,9.42,9.55,9.66
225.68,24,8.949999999999998,9.28,9.55,9.53,9,9.87,9.88,8.529999999999998,9.86,9.63,8.49,9.14,9.41,9.53,9.65
226.68,24,8.96,9.28,9.57,9.52,8.97,9.87,9.87,8.529999999999998,9.86,9.62,8.49,9.14,9.4,9.53,9.65
227.68,24,8.949999999999998,9.27,9.57,9.52,8.97,9.87,9.87,8.49,9.83,9.62,8.49,9.13,9.41,9.53,9.63
228.68,24,8.93,9.26,9.55,9.5,8.949999999999998,9.84,9.84,8.47,9.82,9.59,8.47,9.1,9.39,9.5,9.62
229.7,24,8.93,9.24,9.55,9.5,8.93,9.83,9.86,8.47,9.8,9.58,8.47,9.11,9.39,9.49,9.63
230.7,24,8.93,9.26,9.55,9.5,8.93,9.83,9.83,8.449999999999998,9.82,9.58,8.47,9.1,9.37,9.5,9.62
231.7,24,8.92,9.23,9.55,9.49,8.92,9.82,9.83,8.43,9.8,9.57,8.48,9.09,9.37,9.49,9.59
232.7,24,8.91,9.22,9.55,9.46,8.9,9.8,9.82,8.42,9.79,9.55,8.449999999999998,9.06,9.36,9.48,9.59
233.7,24,8.9,9.2,9.53,9.48,8.9,9.79,9.82,8.39,9.76,9.54,8.47,9.05,9.33,9.46,9.59
234.7,24,8.93,9.24,9.54,9.46,8.87,9.78,9.78,8.38,9.79,9.53,8.449999999999998,9.05,9.35,9.46,9.58
235.7,24,8.93,9.27,9.54,9.46,8.86,9.82,9.78,8.34,9.84,9.55,8.449999999999998,9.08,9.37,9.45,9.61
236.72,24,8.93,9.27,9.53,9.48,8.88,9.82,9.79,8.35,9.84,9.55,8.42,9.08,9.37,9.42,9.61
237.72,24,8.93,9.26,9.53,9.48,8.91,9.83,9.8,8.39,9.83,9.57,8.43,9.11,9.39,9.41,9.61
238.73,24,8.92,9.26,9.53,9.46,8.91,9.83,9.8,8.4,9.84,9.57,8.39,9.1,9.36,9.4,9.61
239.73,24,8.88,9.22,9.5,9.46,8.91,9.82,9.79,8.42,9.82,9.55,8.38,9.09,9.35,9.4,9.59
240.73,24,8.91,9.22,9.52,9.45,8.93,9.8,9.8,8.43,9.83,9.57,8.37,9.09,9.36,9.4,9.61
241.73,24,8.88,9.19,9.48,9.44,8.9,9.8,9.79,8.42,9.79,9.54,8.35,9.08,9.35,9.4,9.58
242.75,24,8.87,9.17,9.46,9.42,8.9,9.78,9.78,8.4,9.76,9.53,8.32,9.05,9.31,9.37,9.57
243.75,24,8.86,9.15,9.45,9.42,8.88,9.78,9.78,8.39,9.76,9.52,8.32,9.04,9.32,9.39,9.57
244.75,24,8.86,9.13,9.44,9.4,8.86,9.78,9.75,8.39,9.76,9.5,8.32,9.02,9.32,9.39,9.55
245.75,24,8.83,9.11,9.42,9.4,8.86,9.76,9.75,8.38,9.72,9.49,8.32,9.01,9.29,9.37,9.54
246.77,24,8.82,9.1,9.41,9.41,8.83,9.72,9.72,8.34,9.7,9.49,8.3,9.01,9.27,9.36,9.5
247.77,24,8.81,9.09,9.44,9.39,8.81,9.71,9.74,8.33,9.7,9.46,8.29,9,9.27,9.35,9.5
248.77,24,8.79,9.05,9.4,9.36,8.79,9.69,9.7,8.3,9.67,9.44,8.3,8.96,9.24,9.35,9.48
249.77,24,8.79,9.04,9.41,9.36,8.79,9.69,9.72,8.29,9.66,9.44,8.3,8.96,9.24,9.33,9.48
250.78,24,8.81,9.05,9.41,9.36,8.79,9.69,9.71,8.279999999999998,9.66,9.42,8.33,8.949999999999998,9.24,9.33,9.48
251.78,24,8.77,9.01,9.39,9.33,8.76,9.65,9.67,8.23,9.62,9.41,8.3,8.91,9.2,9.31,9.44
252.78,24,8.779999999999998,9.04,9.4,9.33,8.74,9.67,9.69,8.22,9.63,9.41,8.32,8.93,9.22,9.33,9.45
253.78,24,8.76,9,9.39,9.31,8.72,9.63,9.66,8.199999999999998,9.61,9.39,8.32,8.9,9.19,9.29,9.41
254.78,24,8.74,8.99,9.33,9.29,8.68,9.61,9.65,8.18,9.58,9.36,8.3,8.87,9.15,9.29,9.4
255.78,24,8.79,9.06,9.4,9.29,8.69,9.63,9.63,8.17,9.65,9.37,8.3,8.91,9.19,9.28,9.42
256.78,24,8.779999999999998,9.06,9.4,9.31,8.68,9.65,9.62,8.14,9.67,9.4,8.279999999999998,8.92,9.19,9.26,9.45
257.78,24,8.79,9.1,9.4,9.32,8.71,9.67,9.65,8.17,9.7,9.41,8.25,8.949999999999998,9.23,9.26,9.46
258.8,24,8.79,9.06,9.36,9.32,8.72,9.67,9.66,8.19,9.7,9.41,8.23,8.949999999999998,9.23,9.23,9.46
259.8,24,8.77,9.05,9.35,9.31,8.73,9.67,9.63,8.22,9.67,9.4,8.19,8.93,9.22,9.2,9.44
260.8,24,8.77,9.02,9.35,9.32,8.76,9.67,9.66,8.22,9.66,9.4,8.17,8.92,9.2,9.2,9.45
261.8,24,8.74,9.01,9.32,9.29,8.73,9.66,9.65,8.22,9.63,9.39,8.13,8.92,9.19,9.2,9.44
262.82,24,8.74,8.99,9.32,9.28,8.73,9.65,9.63,8.23,9.62,9.4,8.1,8.92,9.18,9.22,9.41
263.82,24,8.72,8.96,9.31,9.27,8.69,9.62,9.62,8.199999999999998,9.59,9.36,8.07,8.9,9.17,9.2,9.4
264.82,24,8.71,8.93,9.29,9.26,8.69,9.62,9.63,8.19,9.59,9.36,8.04,8.88,9.15,9.2,9.39
265.82,24,8.71,8.93,9.28,9.24,8.68,9.62,9.62,8.19,9.59,9.36,8.02,8.9,9.15,9.2,9.39
266.83,24,8.68,8.91,9.24,9.22,8.64,9.58,9.59,8.14,9.57,9.33,7.96,8.86,9.11,9.18,9.35
267.83,24,8.68,8.87,9.26,9.22,8.64,9.58,9.58,8.13,9.53,9.32,7.97,8.85,9.11,9.17,9.35
268.83,24,8.64,8.86,9.24,9.22,8.62,9.57,9.58,8.1,9.52,9.31,7.92,8.82,9.08,9.15,9.32
269.83,24,8.64,8.85,9.22,9.19,8.62,9.52,9.57,8.09,9.52,9.29,7.9,8.82,9.08,9.15,9.31
270.83,24,8.63,8.81,9.2,9.19,8.58,9.5,9.54,8.07,9.49,9.27,7.87,8.779999999999998,9.08,9.14,9.29
271.83,24,8.6,8.81,9.19,9.15,8.55,9.5,9.54,8.04,9.46,9.24,7.83,8.77,9.04,9.1,9.26
272.83,24,8.62,8.779999999999998,9.2,9.17,8.55,9.5,9.53,8.029999999999998,9.46,9.23,7.82,8.76,9.04,9.13,9.26
273.85,24,8.59,8.77,9.19,9.15,8.529999999999998,9.48,9.5,7.99,9.42,9.2,7.81,8.74,9.02,9.08,9.24
274.85,24,8.58,8.76,9.19,9.14,8.52,9.45,9.5,7.98,9.41,9.2,7.81,8.73,9.01,9.1,9.23
275.85,24,8.58,8.74,9.18,9.15,8.49,9.44,9.49,7.96,9.41,9.19,7.79,8.71,9,9.09,9.22
276.87,24,8.57,8.72,9.18,9.11,8.49,9.44,9.46,7.93,9.41,9.19,7.8,8.71,8.97,9.08,9.2
277.87,24,8.59,8.73,9.15,9.11,8.47,9.42,9.45,7.92,9.4,9.17,7.79,8.68,8.96,9.08,9.19
278.87,24,8.6,8.79,9.19,9.1,8.44,9.41,9.44,7.88,9.44,9.17,7.77,8.71,9.01,9.05,9.22
279.87,24,8.63,8.82,9.2,9.13,8.449999999999998,9.46,9.44,7.87,9.48,9.19,7.77,8.74,9.04,9.01,9.24
280.87,24,8.62,8.83,9.19,9.13,8.47,9.46,9.42,7.88,9.48,9.2,7.74,8.74,9.02,9,9.24
281.87,24,8.6,8.83,9.17,9.14,8.5,9.48,9.46,7.93,9.49,9.23,7.72,8.77,9.04,8.99,9.27
282.87,24,8.59,8.81,9.17,9.14,8.5,9.49,9.45,7.96,9.46,9.22,7.7,8.76,9.04,8.96,9.27
283.87,24,8.58,8.779999999999998,9.14,9.1,8.5,9.45,9.45,7.97,9.45,9.2,7.66,8.74,9,8.97,9.24
284.87,24,8.57,8.74,9.13,9.11,8.5,9.45,9.45,7.97,9.44,9.2,7.65,8.72,9,8.96,9.23
285.87,24,8.55,8.74,9.13,9.09,8.48,9.45,9.45,7.97,9.42,9.19,7.6,8.73,8.97,8.949999999999998,9.2
286.87,24,8.55,8.73,9.11,9.08,8.47,9.42,9.44,7.96,9.41,9.18,7.58,8.71,8.97,8.96,9.18
287.87,24,8.529999999999998,8.71,9.09,9.08,8.47,9.42,9.44,7.93,9.39,9.17,7.55,8.69,8.96,8.949999999999998,9.19
288.87,24,8.5,8.67,9.08,9.04,8.43,9.39,9.4,7.91,9.36,9.13,7.53,8.66,8.92,8.92,9.15
289.87,24,8.48,8.63,9.05,9.01,8.39,9.37,9.39,7.88,9.32,9.11,7.49,8.64,8.9,8.9,9.11
290.87,24,8.48,8.62,9.04,9.01,8.39,9.36,9.39,7.85,9.31,9.11,7.47,8.62,8.88,8.91,9.1
291.87,24,8.449999999999998,8.58,9.02,9,8.37,9.35,9.37,7.82,9.29,9.09,7.47,8.62,8.87,8.9,9.1
292.87,24,8.44,8.57,9.01,9,8.35,9.32,9.36,7.81,9.27,9.08,7.44,8.59,8.86,8.87,9.08
293.87,24,8.43,8.55,9.01,8.97,8.33,9.29,9.35,7.79,9.26,9.06,7.46,8.58,8.86,8.88,9.06
294.88,24,8.4,8.5,8.99,8.949999999999998,8.3,9.27,9.32,7.75,9.23,9.01,7.44,8.54,8.82,8.85,9.02
295.88,24,8.4,8.48,8.97,8.93,8.279999999999998,9.26,9.31,7.72,9.2,9,7.46,8.52,8.82,8.85,9.01
296.88,24,8.4,8.48,8.99,8.91,8.25,9.24,9.28,7.69,9.19,9,7.47,8.5,8.81,8.83,9
297.88,24,8.38,8.47,8.97,8.93,8.24,9.23,9.29,7.68,9.17,8.97,7.49,8.49,8.79,8.82,8.99
298.88,24,8.37,8.44,8.97,8.91,8.22,9.22,9.27,7.65,9.17,8.96,7.51,8.47,8.779999999999998,8.82,8.96
299.88,24,8.34,8.4,8.93,8.9,8.199999999999998,9.19,9.23,7.63,9.14,8.92,7.51,8.449999999999998,8.73,8.79,8.949999999999998
300.9,24,8.37,8.44,8.92,8.86,8.15,9.18,9.2,7.58,9.14,8.9,7.51,8.43,8.73,8.77,8.92
301.9,24,8.4,8.52,8.97,8.87,8.15,9.18,9.19,7.57,9.2,8.91,7.51,8.48,8.779999999999998,8.77,8.96
302.9,24,8.43,8.57,8.99,8.9,8.18,9.22,9.2,7.58,9.27,8.97,7.52,8.529999999999998,8.82,8.74,9.01
303.9,24,8.42,8.57,8.99,8.91,8.199999999999998,9.24,9.22,7.61,9.26,8.99,7.49,8.55,8.82,8.72,9.04
304.9,24,8.4,8.55,8.96,8.92,8.22,9.26,9.22,7.65,9.27,8.99,7.47,8.529999999999998,8.82,8.71,9.02
305.9,24,8.39,8.529999999999998,8.96,8.92,8.23,9.26,9.23,7.7,9.26,8.99,7.44,8.54,8.79,8.68,9.02
306.9,24,8.37,8.5,8.92,8.88,8.22,9.23,9.2,7.68,9.22,8.97,7.41,8.5,8.77,8.67,8.99
307.92,24,8.37,8.48,8.93,8.9,8.22,9.23,9.22,7.69,9.22,8.97,7.42,8.52,8.77,8.68,9
308.92,24,8.35,8.47,8.91,8.87,8.199999999999998,9.22,9.23,7.68,9.18,8.96,7.4,8.49,8.76,8.67,8.97
309.92,24,8.33,8.44,8.88,8.85,8.18,9.2,9.22,7.66,9.18,8.93,7.37,8.48,8.74,8.66,8.949999999999998
310.92,24,8.29,8.39,8.85,8.82,8.15,9.15,9.17,7.63,9.13,8.92,7.36,8.44,8.72,8.64,8.92
311.92,24,8.279999999999998,8.37,8.83,8.79,8.13,9.15,9.17,7.61,9.11,8.9,7.35,8.42,8.71,8.63,8.9
312.93,24,8.27,8.33,8.81,8.779999999999998,8.12,9.11,9.15,7.59,9.09,8.88,7.34,8.4,8.67,8.63,8.87
313.93,24,8.23,8.29,8.79,8.74,8.08,9.1,9.13,7.54,9.05,8.85,7.32,8.37,8.64,8.6,8.85
314.93,24,8.23,8.27,8.779999999999998,8.76,8.07,9.09,9.11,7.52,9.04,8.83,7.34,8.35,8.63,8.59,8.82
315.93,24,8.19,8.23,8.77,8.71,8.04,9.06,9.1,7.48,9.01,8.81,7.31,8.32,8.59,8.55,8.779999999999998
316.93,24,8.18,8.19,8.76,8.71,8.029999999999998,9.02,9.06,7.47,8.97,8.779999999999998,7.31,8.3,8.59,8.529999999999998,8.77
317.93,24,8.18,8.17,8.74,8.69,7.98,9.01,9.05,7.43,8.97,8.76,7.32,8.27,8.55,8.55,8.74
318.95,24,8.17,8.14,8.73,8.69,7.97,8.97,9.04,7.4,8.93,8.72,7.31,8.25,8.54,8.529999999999998,8.73
319.95,24,8.15,8.13,8.73,8.68,7.94,8.97,9.02,7.36,8.93,8.72,7.31,8.23,8.529999999999998,8.52,8.72
320.95,24,8.13,8.1,8.72,8.66,7.91,8.96,9.01,7.34,8.91,8.71,7.31,8.199999999999998,8.52,8.49,8.71
321.95,24,8.13,8.09,8.72,8.67,7.88,8.96,9,7.32,8.9,8.68,7.31,8.199999999999998,8.5,8.49,8.71
322.95,24,8.12,8.08,8.68,8.64,7.87,8.91,8.97,7.29,8.86,8.64,7.3,8.17,8.48,8.449999999999998,8.67
323.95,24,8.18,8.199999999999998,8.73,8.63,7.85,8.92,8.92,7.26,8.949999999999998,8.64,7.29,8.199999999999998,8.529999999999998,8.449999999999998,8.69
324.95,24,8.199999999999998,8.27,8.74,8.67,7.86,8.97,8.949999999999998,7.28,8.99,8.71,7.26,8.27,8.57,8.42,8.76
325.97,24,8.199999999999998,8.27,8.74,8.69,7.9,9,8.96,7.34,9.02,8.73,7.23,8.3,8.59,8.39,8.779999999999998
326.97,24,8.17,8.25,8.73,8.67,7.91,9,8.97,7.36,9.02,8.73,7.19,8.3,8.55,8.35,8.779999999999998
327.97,24,8.18,8.24,8.73,8.67,7.94,9.01,8.99,7.4,9.02,8.73,7.17,8.3,8.57,8.35,8.779999999999998
328.97,24,8.15,8.23,8.71,8.67,7.93,8.99,8.99,7.41,9.01,8.74,7.13,8.29,8.54,8.34,8.779999999999998
329.97,24,8.14,8.199999999999998,8.68,8.64,7.92,8.99,8.97,7.4,8.99,8.72,7.1,8.27,8.529999999999998,8.34,8.73
330.97,24,8.12,8.15,8.67,8.6,7.9,8.96,8.949999999999998,7.37,8.949999999999998,8.69,7.07,8.25,8.5,8.32,8.72
331.97,24,8.09,8.13,8.64,8.58,7.88,8.93,8.96,7.36,8.91,8.67,7.04,8.22,8.49,8.32,8.68
332.97,24,8.08,8.1,8.63,8.57,7.87,8.92,8.949999999999998,7.32,8.91,8.66,7.05,8.199999999999998,8.48,8.32,8.67
333.97,24,8.06,8.07,8.6,8.54,7.85,8.88,8.9,7.3,8.87,8.66,7.03,8.18,8.44,8.29,8.63
334.98,24,8.02,8.029999999999998,8.57,8.529999999999998,7.8,8.86,8.88,7.25,8.83,8.6,7.03,8.13,8.4,8.27,8.59
335.98,24,8.02,8.01,8.57,8.49,7.77,8.86,8.88,7.23,8.82,8.6,7.03,8.13,8.4,8.27,8.58
336.98,24,7.98,7.96,8.529999999999998,8.47,7.76,8.81,8.86,7.18,8.79,8.57,7.01,8.09,8.35,8.24,8.54
337.98,24,7.96,7.93,8.529999999999998,8.449999999999998,7.74,8.79,8.85,7.14,8.77,8.55,7.01,8.06,8.33,8.22,8.52
338.98,24,7.94,7.9,8.5,8.44,7.71,8.76,8.81,7.12,8.73,8.52,7.01,8.04,8.32,8.199999999999998,8.48
339.98,24,7.92,7.86,8.49,8.42,7.69,8.73,8.79,7.07,8.69,8.49,7,8.01,8.29,8.199999999999998,8.47
340.98,24,7.9,7.81,8.449999999999998,8.4,7.65,8.71,8.77,7.04,8.66,8.449999999999998,6.99,7.97,8.27,8.17,8.44
342,24,7.88,7.79,8.449999999999998,8.39,7.61,8.68,8.74,7.03,8.64,8.43,6.98,7.94,8.24,8.14,8.4
343,24,7.87,7.76,8.44,8.38,7.6,8.68,8.73,6.99,8.62,8.42,6.98,7.92,8.23,8.14,8.39
344,24,7.86,7.74,8.42,8.38,7.57,8.66,8.72,6.97,8.59,8.39,6.97,7.9,8.22,8.13,8.38
345,24,7.82,7.7,8.39,8.35,7.53,8.63,8.69,6.94,8.57,8.37,6.95,7.87,8.18,8.09,8.35
346,24,7.81,7.68,8.38,8.34,7.52,8.6,8.67,6.92,8.55,8.33,6.95,7.85,8.13,8.08,8.35
347,24,7.85,7.74,8.4,8.32,7.48,8.57,8.62,6.89,8.529999999999998,8.3,6.94,7.83,8.15,8.06,8.33
348.02,24,7.91,7.85,8.47,8.32,7.47,8.59,8.6,6.89,8.63,8.32,6.94,7.9,8.22,8.06,8.38
349.02,24,7.91,7.9,8.449999999999998,8.34,7.47,8.63,8.62,6.91,8.67,8.37,6.89,7.93,8.23,7.99,8.42
350.02,24,7.91,7.88,8.47,8.35,7.49,8.64,8.64,6.95,8.69,8.4,6.88,7.98,8.25,7.97,8.44
351.02,24,7.88,7.87,8.43,8.35,7.51,8.64,8.64,6.97,8.68,8.42,6.84,7.97,8.23,7.94,8.43
352.02,24,7.86,7.83,8.42,8.33,7.53,8.66,8.66,6.99,8.69,8.4,6.8,7.96,8.23,7.92,8.44
353.02,24,7.85,7.82,8.4,8.33,7.53,8.66,8.67,7.01,8.67,8.39,6.78,7.94,8.22,7.93,8.42
354.02,24,7.82,7.79,8.37,8.32,7.51,8.64,8.66,7,8.64,8.39,6.74,7.92,8.18,7.91,8.39
355.03,24,7.79,7.74,8.34,8.27,7.48,8.6,8.62,6.98,8.6,8.35,6.72,7.9,8.15,7.9,8.34
356.03,24,7.76,7.7,8.32,8.25,7.47,8.57,8.62,6.95,8.58,8.33,6.71,7.87,8.14,7.88,8.32
357.03,24,7.74,7.64,8.29,8.23,7.44,8.55,8.59,6.93,8.529999999999998,8.3,6.69,7.85,8.09,7.87,8.29
358.03,24,7.7,7.6,8.27,8.18,7.42,8.52,8.57,6.88,8.5,8.279999999999998,6.67,7.81,8.07,7.86,8.25
359.03,24,7.66,7.54,8.24,8.17,7.37,8.49,8.529999999999998,6.85,8.47,8.22,6.66,7.77,8.04,7.85,8.199999999999998
360.03,24,7.64,7.51,8.199999999999998,8.14,7.35,8.44,8.5,6.8,8.43,8.199999999999998,6.64,7.72,7.99,7.82,8.18
361.03,24,7.63,7.46,8.19,8.12,7.32,8.44,8.49,6.78,8.39,8.17,6.62,7.7,7.98,7.8,8.14
362.03,24,7.6,7.42,8.18,8.1,7.28,8.4,8.48,6.74,8.37,8.14,6.62,7.65,7.96,7.77,8.1
363.03,24,7.59,7.4,8.17,8.07,7.26,8.38,8.449999999999998,6.69,8.33,8.1,6.59,7.61,7.92,7.76,8.07
364.05,24,7.57,7.37,8.14,8.06,7.22,8.34,8.42,6.66,8.3,8.07,6.57,7.6,7.91,7.72,8.04
365.05,24,7.54,7.34,8.1,8.02,7.18,8.32,8.38,6.62,8.27,8.04,6.54,7.55,7.9,7.71,8.029999999999998
366.05,24,7.53,7.29,8.1,8.029999999999998,7.17,8.32,8.37,6.6,8.25,8.04,6.54,7.55,7.87,7.7,8.029999999999998
367.05,24,7.51,7.28,8.08,8.02,7.14,8.279999999999998,8.35,6.58,8.23,7.99,6.53,7.53,7.82,7.66,8.01
368.05,24,7.6,7.42,8.13,7.98,7.08,8.23,8.3,6.54,8.25,7.94,6.51,7.51,7.86,7.64,7.97
369.05,24,7.61,7.51,8.18,7.99,7.04,8.279999999999998,8.279999999999998,6.51,8.34,8.02,6.47,7.58,7.92,7.6,8.029999999999998
370.05,24,7.66,7.55,8.19,8.06,7.1,8.35,8.33,6.53,8.42,8.08,6.46,7.68,7.98,7.59,8.12
371.07,24,7.64,7.53,8.15,8.06,7.11,8.37,8.35,6.55,8.43,8.1,6.41,7.68,7.96,7.54,8.13
372.07,24,7.61,7.53,8.17,8.06,7.16,8.37,8.37,6.61,8.43,8.1,6.38,7.69,7.96,7.51,8.13
373.07,24,7.58,7.49,8.14,8.029999999999998,7.16,8.37,8.35,6.62,8.39,8.1,6.33,7.66,7.92,7.48,8.1
374.07,24,7.57,7.44,8.12,8.01,7.14,8.34,8.35,6.62,8.37,8.09,6.31,7.65,7.9,7.49,8.08
375.07,24,7.53,7.4,8.08,7.98,7.13,8.3,8.33,6.6,8.33,8.07,6.27,7.61,7.87,7.48,8.06
376.07,24,7.49,7.35,8.04,7.93,7.11,8.279999999999998,8.3,6.58,8.279999999999998,8.029999999999998,6.25,7.58,7.83,7.48,8.02
377.07,24,7.46,7.29,8.02,7.91,7.08,8.25,8.279999999999998,6.54,8.24,7.99,6.23,7.54,7.81,7.46,7.97
378.08,24,7.42,7.24,7.99,7.88,7.05,8.199999999999998,8.27,6.52,8.199999999999998,7.97,6.19,7.51,7.76,7.44,7.93
379.08,24,7.38,7.17,7.93,7.83,7.01,8.18,8.23,6.46,8.15,7.93,6.16,7.44,7.71,7.43,7.88
380.08,24,7.36,7.13,7.92,7.81,6.97,8.14,8.199999999999998,6.43,8.1,7.88,6.15,7.41,7.68,7.38,7.85
381.08,24,7.31,7.06,7.87,7.79,6.93,8.09,8.18,6.39,8.07,7.85,6.12,7.36,7.64,7.38,7.8
382.08,24,7.3,7.01,7.86,7.75,6.89,8.07,8.14,6.34,8.04,7.81,6.12,7.32,7.59,7.36,7.76
383.1,24,7.29,6.97,7.85,7.74,6.87,8.029999999999998,8.12,6.3,7.99,7.77,6.12,7.29,7.57,7.32,7.72
384.1,24,7.25,6.93,7.82,7.7,6.81,7.99,8.07,6.25,7.96,7.72,6.11,7.25,7.54,7.31,7.69
385.1,24,7.24,6.89,7.81,7.69,6.78,7.98,8.07,6.22,7.93,7.69,6.1,7.2,7.52,7.28,7.69
386.1,24,7.22,6.86,7.77,7.66,6.74,7.94,8.04,6.18,7.92,7.66,6.1,7.19,7.49,7.25,7.66
387.1,24,7.18,6.81,7.76,7.66,6.71,7.93,8.02,6.15,7.87,7.64,6.09,7.16,7.48,7.23,7.65
388.1,24,7.16,6.78,7.75,7.64,6.67,7.91,7.99,6.1,7.87,7.6,6.08,7.14,7.44,7.22,7.64
389.12,24,7.19,6.85,7.75,7.6,6.62,7.87,7.93,6.08,7.83,7.54,6.06,7.1,7.42,7.18,7.6
390.12,24,7.28,7.04,7.81,7.6,6.58,7.9,7.91,6.03,7.97,7.59,6.04,7.19,7.51,7.16,7.69
391.12,24,7.32,7.11,7.86,7.64,6.61,7.98,7.93,6.07,8.07,7.66,6.02,7.29,7.58,7.13,7.77
392.12,24,7.31,7.12,7.86,7.68,6.65,8.02,7.96,6.12,8.08,7.74,5.98,7.34,7.58,7.1,7.81
393.12,24,7.29,7.08,7.83,7.68,6.69,8.01,7.96,6.16,8.08,7.72,5.95,7.34,7.58,7.05,7.79
394.12,24,7.28,7.08,7.82,7.68,6.71,8.02,7.99,6.19,8.07,7.75,5.91,7.34,7.58,7.04,7.77
395.13,24,7.23,7.03,7.79,7.65,6.69,7.98,7.98,6.18,8.04,7.72,5.85,7.3,7.54,6.98,7.74
396.13,24,7.22,7,7.77,7.63,6.69,7.97,7.97,6.19,8.01,7.71,5.82,7.29,7.53,6.99,7.71
397.13,24,7.17,6.95,7.74,7.58,6.67,7.93,7.96,6.16,7.97,7.68,5.77,7.24,7.47,6.95,7.68
398.13,24,7.12,6.87,7.69,7.55,6.62,7.88,7.92,6.11,7.91,7.64,5.74,7.18,7.42,6.94,7.6
399.15,24,7.07,6.81,7.66,7.49,6.6,7.83,7.91,6.07,7.86,7.59,5.69,7.14,7.38,6.93,7.57
400.15,24,7.05,6.74,7.61,7.47,6.57,7.8,7.87,6.02,7.82,7.54,5.66,7.08,7.35,6.91,7.52
401.15,24,6.99,6.67,7.58,7.42,6.51,7.75,7.82,5.96,7.77,7.49,5.64,7.06,7.29,6.87,7.47
402.15,24,6.97,6.61,7.55,7.4,6.47,7.71,7.79,5.92,7.74,7.44,5.62,7.01,7.25,6.86,7.42
403.15,24,6.93,6.54,7.52,7.36,6.43,7.66,7.75,5.85,7.68,7.38,5.61,6.95,7.22,6.84,7.36
404.15,24,6.89,6.48,7.48,7.32,6.39,7.63,7.71,5.79,7.63,7.35,5.6,6.89,7.16,6.8,7.32
405.15,24,6.88,6.44,7.47,7.29,6.36,7.59,7.69,5.75,7.59,7.31,5.6,6.87,7.14,6.79,7.3
406.17,24,6.87,6.43,7.44,7.26,6.31,7.57,7.68,5.71,7.57,7.28,5.59,6.82,7.11,6.75,7.26
407.17,24,6.85,6.37,7.42,7.26,6.27,7.54,7.65,5.65,7.53,7.24,5.59,6.8,7.1,6.72,7.26
408.17,24,6.81,6.32,7.4,7.24,6.21,7.49,7.61,5.6,7.49,7.2,5.57,6.76,7.05,6.68,7.24
409.17,24,6.78,6.27,7.36,7.22,6.17,7.48,7.58,5.56,7.46,7.16,5.57,6.72,7.03,6.65,7.2
410.17,24,6.76,6.26,7.35,7.19,6.15,7.44,7.54,5.53,7.42,7.12,5.55,6.69,6.99,6.65,7.19
411.18,24,6.91,6.51,7.46,7.17,6.11,7.42,7.49,5.49,7.53,7.11,5.52,6.73,7.05,6.6,7.18
412.18,24,6.94,6.62,7.49,7.2,6.09,7.52,7.48,5.47,7.64,7.23,5.48,6.85,7.14,6.54,7.28
413.18,24,6.97,6.67,7.49,7.28,6.14,7.58,7.53,5.52,7.71,7.3,5.43,6.93,7.19,6.52,7.36
414.18,24,6.95,6.66,7.48,7.28,6.19,7.6,7.57,5.59,7.71,7.31,5.4,6.94,7.18,6.47,7.38
415.18,24,6.91,6.62,7.46,7.26,6.22,7.6,7.58,5.64,7.69,7.34,5.32,6.93,7.14,6.46,7.36
416.18,24,6.88,6.59,7.43,7.25,6.22,7.6,7.57,5.65,7.66,7.31,5.29,6.91,7.13,6.43,7.34
417.18,24,6.84,6.52,7.38,7.22,6.19,7.55,7.55,5.65,7.63,7.29,5.24,6.88,7.11,6.41,7.29
418.18,24,6.81,6.47,7.37,7.18,6.17,7.53,7.54,5.64,7.58,7.26,5.21,6.85,7.05,6.41,7.24
419.18,24,6.74,6.41,7.31,7.13,6.12,7.47,7.49,5.58,7.52,7.2,5.15,6.79,6.99,6.39,7.18
420.18,24,6.72,6.34,7.3,7.08,6.09,7.44,7.48,5.55,7.48,7.18,5.12,6.74,6.97,6.38,7.14
421.18,24,6.67,6.29,7.24,7.05,6.04,7.37,7.43,5.49,7.43,7.12,5.09,6.69,6.91,6.37,7.08
422.2,24,6.62,6.21,7.2,7,6,7.34,7.42,5.44,7.37,7.07,5.07,6.65,6.85,6.34,7.01
423.2,24,6.57,6.11,7.16,6.94,5.93,7.28,7.37,5.35,7.31,7.01,5.05,6.59,6.8,6.3,6.95
424.2,24,6.53,6.02,7.11,6.91,5.9,7.23,7.31,5.3,7.24,6.95,5.02,6.53,6.74,6.26,6.91
425.2,24,6.5,5.98,7.1,6.86,5.86,7.17,7.28,5.25,7.2,6.89,5.01,6.48,6.71,6.25,6.86
426.2,24,6.46,5.87,7.04,6.84,5.8,7.12,7.24,5.2,7.14,6.86,5.01,6.43,6.66,6.21,6.82
427.2,24,6.43,5.84,7.03,6.81,5.75,7.07,7.19,5.13,7.1,6.8,5,6.36,6.62,6.16,6.78
428.2,24,6.4,5.79,7,6.76,5.7,7.06,7.16,5.08,7.06,6.73,4.99,6.31,6.58,6.14,6.75
429.2,24,6.39,5.75,6.98,6.76,5.67,6.99,7.13,5.03,7.03,6.69,4.98,6.27,6.54,6.11,6.73
430.2,24,6.37,5.71,6.95,6.73,5.62,6.99,7.1,5,7.01,6.66,4.98,6.25,6.53,6.08,6.71
431.2,24,6.33,5.66,6.93,6.71,5.58,6.95,7.07,4.97,6.97,6.61,4.97,6.22,6.5,6.03,6.69
432.2,24,6.29,5.6,6.89,6.68,5.53,6.92,7.04,4.92,6.93,6.58,4.94,6.18,6.45,6,6.66
433.22,24,6.38,5.79,6.94,6.65,5.48,6.87,6.97,4.88,6.94,6.5,4.92,6.16,6.4,5.96,6.61
434.22,24,6.52,6.02,7.06,6.71,5.47,6.97,6.93,4.89,7.14,6.6,4.9,6.32,6.59,5.93,6.74
435.22,24,6.53,6.1,7.07,6.78,5.52,7.06,6.97,4.97,7.23,6.72,4.85,6.43,6.66,5.88,6.85
436.22,24,6.52,6.1,7.06,6.79,5.57,7.1,7,5.03,7.25,6.79,4.78,6.45,6.68,5.83,6.88
437.22,24,6.5,6.07,7.05,6.79,5.62,7.1,7.03,5.09,7.24,6.81,4.74,6.46,6.66,5.78,6.87
438.23,24,6.44,6.04,7,6.76,5.61,7.1,7.03,5.1,7.22,6.79,4.65,6.43,6.64,5.76,6.82
439.23,24,6.4,5.98,6.97,6.72,5.6,7.05,7.03,5.09,7.16,6.76,4.57,6.38,6.59,5.74,6.79
440.23,24,6.37,5.93,6.94,6.68,5.58,7.03,7.03,5.08,7.13,6.74,4.51,6.36,6.55,5.75,6.74
441.23,24,6.33,5.87,6.91,6.62,5.53,6.97,7,5.04,7.08,6.69,4.45,6.31,6.5,5.73,6.69
442.25,24,6.26,5.78,6.85,6.57,5.47,6.92,6.94,4.97,7,6.65,4.37,6.25,6.43,5.69,6.6
443.25,24,6.21,5.69,6.81,6.5,5.42,6.85,6.92,4.9,6.94,6.6,4.31,6.18,6.39,5.66,6.54
444.25,24,6.16,5.61,6.75,6.47,5.38,6.81,6.87,4.83,6.89,6.53,4.27,6.14,6.32,5.64,6.48
445.25,24,6.1,5.52,6.69,6.4,5.31,6.75,6.81,4.77,6.81,6.47,4.24,6.08,6.26,5.61,6.44
446.25,24,6.04,5.41,6.64,6.34,5.25,6.69,6.78,4.69,6.75,6.41,4.21,6.01,6.21,5.58,6.37
447.27,24,6,5.32,6.6,6.31,5.19,6.61,6.72,4.62,6.69,6.34,4.2,5.94,6.14,5.55,6.31
448.27,24,5.95,5.23,6.55,6.26,5.14,6.57,6.67,4.54,6.62,6.26,4.2,5.88,6.09,5.49,6.24
449.27,24,5.92,5.17,6.52,6.22,5.08,6.51,6.61,4.47,6.55,6.22,4.19,5.82,6.03,5.46,6.21
450.27,24,5.87,5.09,6.48,6.17,5.01,6.45,6.58,4.39,6.5,6.14,4.18,5.76,5.98,5.41,6.14
451.27,24,5.86,5.04,6.46,6.15,4.96,6.4,6.52,4.34,6.45,6.09,4.16,5.7,5.95,5.38,6.1
452.27,24,5.84,5.02,6.45,6.12,4.92,6.38,6.51,4.29,6.43,6.04,4.18,5.66,5.92,5.37,6.09
453.28,24,5.79,4.96,6.39,6.08,4.87,6.33,6.45,4.25,6.41,6.01,4.16,5.62,5.88,5.31,6.06
454.28,24,5.76,4.91,6.37,6.08,4.82,6.3,6.44,4.22,6.38,5.96,4.18,5.59,5.85,5.28,6.06
455.28,24,5.71,4.85,6.33,6.06,4.77,6.26,6.39,4.18,6.31,5.9,4.15,5.55,5.79,5.23,6.02
456.28,24,5.88,5.13,6.44,6.01,4.73,6.21,6.29,4.12,6.38,5.86,4.12,5.55,5.86,5.2,5.98
457.28,24,5.99,5.34,6.54,6.07,4.69,6.34,6.29,4.1,6.58,6.01,4.09,5.73,6.01,5.13,6.12
458.28,24,6.01,5.41,6.54,6.14,4.76,6.45,6.36,4.11,6.67,6.14,4.03,5.83,6.08,5.07,6.23
459.28,24,5.99,5.42,6.54,6.16,4.82,6.48,6.39,4.19,6.71,6.19,3.97,5.86,6.09,4.99,6.26
460.28,24,5.95,5.4,6.52,6.16,4.86,6.5,6.44,4.25,6.67,6.21,3.93,5.86,6.07,4.94,6.25
461.28,24,5.91,5.33,6.47,6.12,4.86,6.46,6.41,4.27,6.64,6.19,3.88,5.83,6.02,4.9,6.22
462.28,24,5.86,5.28,6.43,6.09,4.85,6.44,6.43,4.3,6.61,6.15,3.86,5.79,5.96,4.89,6.16
463.28,24,5.8,5.21,6.38,6.03,4.82,6.39,6.38,4.29,6.54,6.11,3.85,5.75,5.93,4.88,6.09
464.28,24,5.74,5.12,6.33,5.95,4.76,6.33,6.36,4.24,6.47,6.06,3.83,5.67,5.85,4.88,6.03
465.3,24,5.67,5.03,6.26,5.88,4.7,6.25,6.29,4.16,6.39,5.99,3.81,5.6,5.77,4.85,5.94
466.3,24,5.61,4.92,6.21,5.82,4.64,6.19,6.23,4.1,6.32,5.92,3.81,5.53,5.69,4.82,5.86
467.3,24,5.56,4.81,6.16,5.77,4.59,6.15,6.19,4.05,6.24,5.86,3.81,5.48,5.64,4.8,5.8
468.3,24,5.48,4.69,6.1,5.7,4.52,6.06,6.14,3.96,6.16,5.77,3.8,5.4,5.55,4.75,5.73
469.32,24,5.42,4.58,6.04,5.64,4.45,6,6.08,3.89,6.09,5.68,3.79,5.3,5.47,4.71,5.68
470.32,24,5.35,4.48,5.98,5.6,4.39,5.93,6.01,3.8,6,5.62,3.77,5.24,5.4,4.67,5.59
471.32,24,5.32,4.39,5.94,5.56,4.33,5.85,5.95,3.73,5.93,5.52,3.76,5.17,5.33,4.62,5.56
472.32,24,5.29,4.31,5.9,5.5,4.25,5.82,5.91,3.66,5.85,5.47,3.75,5.09,5.29,4.57,5.5
473.32,24,5.25,4.27,5.88,5.46,4.19,5.75,5.85,3.59,5.82,5.39,3.71,5.02,5.24,4.53,5.47
474.33,24,5.22,4.22,5.83,5.42,4.12,5.71,5.8,3.53,5.77,5.33,3.67,4.96,5.21,4.49,5.43
475.33,24,5.17,4.14,5.78,5.37,4.05,5.67,5.76,3.47,5.74,5.27,3.62,4.9,5.17,4.44,5.39
476.33,24,5.13,4.09,5.75,5.37,4,5.64,5.73,3.44,5.69,5.23,3.57,4.87,5.13,4.41,5.38
477.33,24,5.05,4.02,5.7,5.33,3.94,5.58,5.66,3.39,5.64,5.17,3.5,4.82,5.05,4.37,5.32
478.35,24,5.21,4.24,5.78,5.28,3.89,5.51,5.58,3.36,5.6,5.08,3.45,4.77,5.04,4.33,5.27
479.35,24,5.4,4.57,5.94,5.32,3.86,5.62,5.56,3.33,5.86,5.24,3.4,4.96,5.28,4.3,5.35
480.35,24,5.43,4.68,5.98,5.43,3.9,5.78,5.61,3.37,6.01,5.42,3.29,5.11,5.4,4.22,5.5
481.35,24,5.42,4.73,5.96,5.49,4,5.85,5.69,3.44,6.07,5.52,3.21,5.19,5.43,4.15,5.59
482.35,24,5.39,4.69,5.93,5.49,4.05,5.87,5.73,3.5,6.07,5.53,3.12,5.21,5.42,4.09,5.59
483.35,24,5.34,4.64,5.9,5.46,4.08,5.86,5.74,3.54,6.03,5.53,3.04,5.2,5.39,4.05,5.56
484.35,24,5.28,4.57,5.85,5.42,4.07,5.79,5.73,3.55,5.98,5.5,2.96,5.14,5.33,4.03,5.5
485.37,24,5.22,4.49,5.79,5.34,4,5.74,5.69,3.53,5.92,5.46,2.93,5.07,5.27,4.03,5.41
486.37,24,5.15,4.39,5.73,5.28,3.98,5.69,5.66,3.5,5.84,5.38,2.91,5.01,5.18,4.02,5.34
487.37,24,5.08,4.27,5.67,5.2,3.91,5.59,5.6,3.42,5.76,5.3,2.91,4.93,5.1,3.99,5.25
488.38,24,4.99,4.15,5.6,5.12,3.84,5.52,5.53,3.34,5.67,5.22,2.92,4.83,5.01,3.95,5.15
489.38,24,4.93,4.06,5.55,5.07,3.79,5.44,5.49,3.26,5.59,5.14,2.94,4.77,4.94,3.93,5.08
490.38,24,4.86,3.92,5.47,4.99,3.71,5.37,5.41,3.16,5.49,5.04,2.94,4.67,4.85,3.89,4.99
491.38,24,4.77,3.78,5.39,4.91,3.64,5.27,5.34,3.08,5.39,4.96,2.94,4.59,4.75,3.85,4.91
492.38,24,4.7,3.66,5.33,4.85,3.55,5.19,5.28,2.99,5.29,4.85,2.95,4.49,4.66,3.8,4.83
493.38,24,4.64,3.53,5.25,4.76,3.47,5.1,5.19,2.88,5.2,4.75,2.93,4.4,4.56,3.74,4.75
494.38,24,4.62,3.47,5.23,4.73,3.4,5.04,5.13,2.8,5.12,4.67,2.91,4.31,4.51,3.69,4.7
495.4,24,4.56,3.41,5.19,4.66,3.31,4.98,5.07,2.7,5.05,4.58,2.88,4.24,4.44,3.65,4.64
496.4,24,4.52,3.34,5.14,4.62,3.23,4.92,5.01,2.64,5.01,4.51,2.85,4.16,4.38,3.59,4.59
497.4,24,4.49,3.3,5.11,4.56,3.17,4.88,4.97,2.58,4.98,4.45,2.81,4.11,4.35,3.53,4.54
498.4,24,4.42,3.23,5.05,4.52,3.1,4.82,4.92,2.54,4.92,4.39,2.76,4.07,4.31,3.5,4.52
499.4,24,4.36,3.16,5,4.49,3.06,4.78,4.86,2.49,4.87,4.33,2.72,4,4.24,3.48,4.48
500.4,24,4.39,3.21,5.01,4.42,2.99,4.71,4.79,2.44,4.8,4.23,2.69,3.94,4.16,3.42,4.41
501.42,24,4.66,3.64,5.22,4.42,2.94,4.76,4.69,2.39,5.01,4.31,2.63,4.05,4.38,3.37,4.39
502.42,24,4.78,3.86,5.3,4.54,2.96,4.94,4.76,2.37,5.24,4.57,2.58,4.29,4.59,3.31,4.59
503.42,24,4.78,3.91,5.31,4.64,3.08,5.07,4.86,2.44,5.35,4.71,2.5,4.41,4.67,3.24,4.74
504.42,24,4.73,3.89,5.28,4.67,3.16,5.1,4.92,2.53,5.37,4.76,2.45,4.44,4.67,3.19,4.78
505.43,24,4.67,3.83,5.22,4.66,3.19,5.08,4.94,2.58,5.33,4.75,2.37,4.43,4.64,3.13,4.75
506.43,24,4.58,3.72,5.14,4.58,3.17,5.02,4.92,2.59,5.27,4.69,2.28,4.37,4.54,3.1,4.68
507.43,24,4.51,3.63,5.1,4.52,3.12,4.92,4.89,2.59,5.17,4.64,2.21,4.29,4.47,3.09,4.62
508.43,24,4.43,3.52,5.02,4.42,3.07,4.86,4.83,2.55,5.09,4.55,2.16,4.23,4.37,3.09,4.52
509.45,24,4.35,3.41,4.94,4.35,3.01,4.78,4.77,2.5,4.99,4.47,2.11,4.12,4.27,3.07,4.41
510.45,24,4.26,3.28,4.87,4.26,2.94,4.68,4.71,2.43,4.89,4.36,2.09,4.03,4.16,3.05,4.33
511.45,24,4.16,3.14,4.79,4.16,2.87,4.59,4.63,2.34,4.78,4.25,2.06,3.92,4.06,2.99,4.22
512.47,24,4.07,3,4.71,4.07,2.78,4.51,4.54,2.25,4.68,4.14,2.04,3.81,3.95,2.95,4.12
513.47,24,3.98,2.84,4.62,3.98,2.71,4.39,4.45,2.14,4.56,4,2,3.7,3.81,2.89,4.03
514.47,24,3.9,2.72,4.56,3.89,2.62,4.28,4.36,2.04,4.47,3.89,1.97,3.6,3.71,2.83,3.92
515.48,24,3.86,2.64,4.5,3.84,2.53,4.21,4.27,1.94,4.36,3.78,1.95,3.51,3.62,2.78,3.84
516.48,24,3.8,2.58,4.45,3.74,2.46,4.13,4.19,1.86,4.28,3.69,1.92,3.4,3.55,2.73,3.77
517.5,24,3.75,2.54,4.42,3.69,2.38,4.06,4.1,1.78,4.21,3.59,1.88,3.31,3.49,2.67,3.71
518.5,24,3.71,2.49,4.36,3.63,2.3,3.99,4.05,1.72,4.14,3.53,1.83,3.24,3.45,2.64,3.66
519.5,24,3.64,2.41,4.29,3.58,2.24,3.95,3.99,1.67,4.09,3.47,1.78,3.19,3.41,2.62,3.63
520.5,24,3.58,2.34,4.25,3.55,2.19,3.93,3.93,1.63,4.04,3.4,1.74,3.13,3.33,2.59,3.59
521.5,24,3.5,2.29,4.19,3.52,2.15,3.87,3.87,1.6,3.97,3.31,1.72,3.08,3.25,2.58,3.56
522.5,24,3.52,2.33,4.2,3.45,2.11,3.8,3.76,1.57,3.89,3.2,1.68,2.99,3.14,2.55,3.46
523.52,24,3.88,2.82,4.42,3.41,2.06,3.84,3.66,1.51,4.12,3.31,1.65,3.09,3.43,2.5,3.44
524.52,24,4.02,3.05,4.54,3.53,2.1,4.07,3.76,1.5,4.41,3.66,1.62,3.38,3.7,2.47,3.68
525.52,24,4.03,3.11,4.54,3.66,2.23,4.22,3.91,1.56,4.54,3.83,1.57,3.52,3.8,2.43,3.85
526.52,24,3.98,3.08,4.5,3.71,2.32,4.25,4,1.64,4.56,3.89,1.51,3.57,3.81,2.4,3.9
527.52,24,3.93,3.03,4.47,3.72,2.36,4.25,4.04,1.69,4.54,3.91,1.46,3.58,3.78,2.39,3.9
528.52,24,3.87,2.95,4.41,3.69,2.35,4.21,4.05,1.75,4.5,3.87,1.42,3.53,3.71,2.4,3.85
529.52,24,3.77,2.87,4.34,3.62,2.3,4.12,4.02,1.75,4.41,3.78,1.37,3.46,3.64,2.39,3.76
530.52,24,3.7,2.77,4.28,3.53,2.24,4.06,3.96,1.73,4.31,3.7,1.35,3.39,3.52,2.41,3.67
531.52,24,3.6,2.65,4.19,3.43,2.17,3.95,3.89,1.65,4.22,3.59,1.34,3.28,3.42,2.38,3.56
532.53,24,3.51,2.52,4.11,3.34,2.11,3.89,3.81,1.57,4.11,3.48,1.35,3.17,3.32,2.37,3.45
533.53,24,3.4,2.4,4.02,3.23,2.03,3.76,3.73,1.47,4,3.38,1.37,3.08,3.2,2.34,3.33
534.53,24,3.3,2.29,3.93,3.15,1.97,3.68,3.64,1.36,3.89,3.26,1.38,2.95,3.1,2.32,3.23
535.53,24,3.19,2.18,3.84,3.05,1.92,3.56,3.54,1.26,3.77,3.14,1.41,2.84,2.97,2.29,3.11
536.53,24,3.09,2.08,3.74,2.94,1.86,3.46,3.44,1.17,3.64,3,1.4,2.72,2.84,2.25,3
537.53,24,3.02,2.03,3.66,2.86,1.82,3.38,3.36,1.11,3.53,2.87,1.42,2.61,2.72,2.24,2.91
538.53,24,2.93,1.98,3.56,2.77,1.77,3.25,3.24,1.06,3.4,2.75,1.4,2.5,2.59,2.22,2.81
539.55,24,2.86,1.96,3.5,2.69,1.72,3.12,3.13,1.02,3.28,2.61,1.36,2.38,2.47,2.2,2.73
540.55,24,2.81,1.95,3.45,2.63,1.68,3.01,3.04,0.99,3.2,2.51,1.36,2.29,2.38,2.18,2.67
541.55,24,2.76,1.95,3.41,2.57,1.67,2.92,2.96,0.98,3.15,2.42,1.35,2.21,2.31,2.17,2.61
542.55,24,2.69,1.93,3.34,2.51,1.65,2.83,2.92,0.97,3.1,2.35,1.34,2.15,2.26,2.16,2.56
543.55,24,2.62,1.91,3.28,2.46,1.63,2.78,2.86,0.95,3.05,2.3,1.33,2.09,2.22,2.17,2.51
544.55,24,2.53,1.89,3.23,2.39,1.63,2.73,2.82,0.94,2.99,2.23,1.33,2.02,2.13,2.16,2.44
545.57,24,2.68,2.04,3.31,2.29,1.62,2.65,2.69,0.9,2.93,2.1,1.33,1.93,2.06,2.15,2.33
546.57,24,3.06,2.39,3.57,2.28,1.6,2.81,2.62,0.87,3.3,2.32,1.31,2.19,2.48,2.11,2.39
547.57,24,3.19,2.51,3.68,2.45,1.66,3.11,2.77,0.91,3.57,2.68,1.31,2.49,2.75,2.11,2.7
548.57,24,3.19,2.5,3.67,2.6,1.74,3.22,2.93,0.97,3.69,2.86,1.28,2.61,2.85,2.09,2.86
549.57,24,3.13,2.43,3.64,2.65,1.77,3.25,3.05,1.03,3.68,2.92,1.28,2.64,2.85,2.1,2.91
550.57,24,3.05,2.34,3.56,2.64,1.76,3.22,3.06,1.04,3.62,2.89,1.26,2.6,2.79,2.09,2.87
551.57,24,2.94,2.21,3.47,2.58,1.7,3.14,3.04,1.01,3.5,2.81,1.24,2.5,2.69,2.07,2.77
552.57,24,2.84,2.12,3.41,2.5,1.68,3.07,3,0.98,3.41,2.73,1.24,2.4,2.57,2.09,2.69
553.57,24,2.72,2.01,3.32,2.38,1.65,2.97,2.92,0.93,3.3,2.61,1.25,2.3,2.44,2.09,2.59
554.58,24,2.59,1.94,3.21,2.26,1.62,2.85,2.82,0.88,3.17,2.47,1.23,2.17,2.29,2.09,2.47
555.58,24,2.48,1.9,3.12,2.14,1.59,2.73,2.71,0.82,3.04,2.36,1.23,2.03,2.14,2.07,2.34
556.58,24,2.34,1.87,3,2.01,1.58,2.59,2.6,0.79,2.89,2.21,1.21,1.91,1.99,2.07,2.22
557.58,24,2.24,1.86,2.9,1.92,1.57,2.48,2.5,0.77,2.78,2.08,1.23,1.76,1.85,2.07,2.11
558.58,24,2.1,1.83,2.79,1.82,1.55,2.33,2.37,0.74,2.61,1.93,1.21,1.62,1.69,2.05,1.97
559.58,24,1.99,1.81,2.7,1.74,1.53,2.2,2.25,0.71,2.46,1.81,1.21,1.49,1.54,2.04,1.86
560.58,24,1.91,1.79,2.65,1.66,1.52,2.1,2.15,0.7,2.33,1.69,1.21,1.37,1.42,2.03,1.77
561.58,24,1.86,1.78,2.6,1.6,1.52,2.04,2.08,0.69,2.23,1.59,1.23,1.25,1.37,2.03,1.7
562.6,24,1.79,1.78,2.57,1.54,1.49,2.01,2.01,0.67,2.16,1.53,1.21,1.16,1.34,2.01,1.65
563.6,24,1.73,1.78,2.53,1.49,1.5,2.03,1.98,0.68,2.11,1.49,1.23,1.1,1.35,2.03,1.61
564.6,24,1.64,1.75,2.47,1.47,1.48,2.01,1.94,0.66,2.06,1.45,1.22,1.01,1.32,2.02,1.56
565.6,24,1.57,1.75,2.42,1.44,1.49,2,1.93,0.66,2.03,1.43,1.22,0.95,1.3,2,1.53
566.6,24,1.47,1.74,2.39,1.41,1.48,1.96,1.9,0.66,1.97,1.4,1.23,0.89,1.27,2.01,1.5
567.62,24,1.53,1.79,2.43,1.34,1.47,1.93,1.83,0.63,1.92,1.33,1.22,0.79,1.21,2,1.42
568.62,24,2.04,2.05,2.71,1.31,1.48,2.06,1.85,0.63,2.32,1.54,1.22,1.04,1.64,2,1.47
569.62,24,2.24,2.13,2.83,1.47,1.49,2.35,2.04,0.63,2.67,1.93,1.21,1.42,1.95,1.99,1.83
570.62,24,2.27,2.09,2.84,1.62,1.52,2.5,2.24,0.64,2.8,2.11,1.21,1.61,2.07,1.98,2.04
571.63,24,2.23,2.02,2.79,1.69,1.54,2.53,2.34,0.66,2.81,2.16,1.22,1.65,2.07,2,2.1
572.63,24,2.15,1.93,2.73,1.7,1.54,2.49,2.37,0.69,2.76,2.13,1.21,1.63,2.01,2,2.08
573.63,24,2.04,1.83,2.65,1.64,1.51,2.43,2.34,0.66,2.67,2.03,1.2,1.55,1.89,1.99,2.01
574.63,24,1.93,1.81,2.57,1.54,1.5,2.34,2.27,0.64,2.55,1.93,1.18,1.45,1.76,1.99,1.93
575.63,24,1.83,1.8,2.5,1.44,1.51,2.26,2.19,0.64,2.46,1.81,1.19,1.34,1.61,2,1.84
576.63,24,1.69,1.77,2.39,1.31,1.48,2.14,2.09,0.62,2.33,1.68,1.17,1.22,1.47,2,1.72
577.63,24,1.57,1.77,2.33,1.24,1.49,2.07,2.01,0.61,2.23,1.58,1.19,1.11,1.37,2,1.62
578.65,24,1.43,1.74,2.26,1.16,1.47,1.98,1.93,0.59,2.11,1.47,1.18,0.97,1.28,1.99,1.53
579.65,24,1.3,1.74,2.22,1.11,1.47,1.92,1.87,0.58,1.98,1.39,1.18,0.85,1.2,1.99,1.44
580.65,24,1.15,1.72,2.17,1.05,1.46,1.85,1.82,0.57,1.89,1.32,1.19,0.72,1.14,1.98,1.35
581.65,24,1.04,1.7,2.12,0.99,1.44,1.81,1.78,0.55,1.81,1.29,1.19,0.62,1.12,1.97,1.31
582.65,24,0.95,1.7,2.09,0.97,1.44,1.79,1.75,0.56,1.76,1.27,1.2,0.54,1.11,1.97,1.31
583.65,24,0.9,1.7,2.09,0.96,1.44,1.8,1.74,0.55,1.74,1.26,1.2,0.49,1.12,1.97,1.3
584.65,24,0.84,1.69,2.06,0.95,1.43,1.77,1.74,0.54,1.72,1.25,1.19,0.47,1.11,1.96,1.29
585.67,24,0.81,1.68,2.05,0.93,1.43,1.78,1.72,0.53,1.74,1.26,1.2,0.46,1.12,1.95,1.28
586.67,24,0.79,1.68,2.04,0.95,1.43,1.79,1.75,0.53,1.75,1.26,1.2,0.47,1.13,1.96,1.29
587.67,24,0.76,1.67,2.01,0.94,1.43,1.8,1.74,0.53,1.74,1.27,1.2,0.46,1.13,1.95,1.3
588.67,24,0.72,1.67,1.98,0.93,1.43,1.79,1.75,0.51,1.73,1.27,1.19,0.44,1.11,1.95,1.3
589.67,24,0.69,1.67,1.98,0.93,1.44,1.78,1.74,0.51,1.71,1.24,1.2,0.43,1.11,1.97,1.29
590.67,24,0.92,1.71,2.03,0.92,1.44,1.77,1.71,0.51,1.74,1.24,1.19,0.42,1.14,1.96,1.28
591.68,24,1.4,1.86,2.23,0.93,1.43,1.92,1.77,0.5,2.09,1.43,1.18,0.71,1.5,1.94,1.38
592.68,24,1.58,1.86,2.29,1.06,1.44,2.13,1.93,0.5,2.33,1.69,1.18,1.01,1.71,1.95,1.67
593.68,24,1.61,1.81,2.27,1.17,1.47,2.22,2.05,0.5,2.4,1.8,1.18,1.12,1.75,1.94,1.81
594.68,24,1.54,1.75,2.21,1.2,1.47,2.21,2.08,0.5,2.38,1.78,1.17,1.13,1.68,1.94,1.81
595.68,24,1.43,1.72,2.13,1.16,1.45,2.14,2.05,0.5,2.27,1.69,1.17,1.08,1.56,1.93,1.74
596.68,24,1.33,1.72,2.08,1.11,1.46,2.09,1.99,0.51,2.19,1.6,1.17,1,1.43,1.93,1.68
597.68,24,1.22,1.71,2.02,1.03,1.46,1.99,1.92,0.52,2.09,1.49,1.17,0.89,1.31,1.94,1.58
598.7,24,1.09,1.7,1.98,0.97,1.46,1.93,1.83,0.51,1.96,1.38,1.16,0.78,1.2,1.94,1.48
599.7,24,0.93,1.67,1.94,0.92,1.44,1.83,1.77,0.5,1.86,1.3,1.16,0.65,1.12,1.93,1.37
600.7,24,0.83,1.68,1.93,0.89,1.43,1.79,1.73,0.49,1.77,1.25,1.17,0.56,1.11,1.93,1.31
601.7,24,0.74,1.68,1.92,0.89,1.44,1.79,1.72,0.5,1.72,1.25,1.18,0.48,1.09,1.93,1.29
602.7,24,0.66,1.65,1.92,0.88,1.43,1.77,1.71,0.5,1.7,1.23,1.18,0.42,1.08,1.93,1.26
603.7,24,0.62,1.65,1.88,0.86,1.42,1.74,1.7,0.49,1.67,1.22,1.18,0.38,1.07,1.93,1.25
604.7,24,0.6,1.65,1.87,0.85,1.42,1.75,1.69,0.49,1.67,1.21,1.18,0.37,1.06,1.93,1.24
605.7,24,0.59,1.63,1.86,0.85,1.41,1.74,1.7,0.49,1.66,1.21,1.17,0.37,1.06,1.93,1.25
606.72,24,0.6,1.64,1.85,0.84,1.41,1.72,1.68,0.47,1.65,1.21,1.17,0.37,1.06,1.91,1.24
607.72,24,0.63,1.65,1.86,0.85,1.42,1.75,1.7,0.49,1.67,1.22,1.18,0.37,1.08,1.93,1.27
608.72,24,0.62,1.63,1.84,0.86,1.4,1.74,1.69,0.48,1.67,1.22,1.16,0.37,1.08,1.92,1.25
609.72,24,0.6,1.63,1.83,0.85,1.39,1.73,1.69,0.47,1.66,1.22,1.16,0.37,1.08,1.92,1.25
610.72,24,0.6,1.63,1.82,0.85,1.4,1.74,1.69,0.47,1.66,1.22,1.16,0.37,1.08,1.91,1.24
611.72,24,0.58,1.62,1.81,0.84,1.4,1.73,1.69,0.47,1.65,1.21,1.17,0.37,1.07,1.92,1.25
612.72,24,0.58,1.62,1.81,0.85,1.41,1.75,1.7,0.47,1.67,1.21,1.18,0.37,1.08,1.92,1.25
613.72,24,0.71,1.64,1.82,0.83,1.4,1.74,1.68,0.46,1.67,1.21,1.18,0.37,1.08,1.92,1.24
614.73,24,1.12,1.71,1.94,0.84,1.39,1.81,1.7,0.44,1.9,1.33,1.17,0.53,1.33,1.92,1.28
615.73,24,1.27,1.7,1.95,0.93,1.41,1.94,1.84,0.45,2.07,1.52,1.16,0.77,1.47,1.92,1.46
616.73,24,1.24,1.66,1.91,0.98,1.42,1.95,1.9,0.46,2.07,1.55,1.15,0.81,1.44,1.91,1.5
617.73,24,1.11,1.65,1.84,0.98,1.41,1.9,1.87,0.46,2.01,1.47,1.16,0.77,1.31,1.91,1.45
618.73,24,0.96,1.65,1.82,0.93,1.41,1.83,1.81,0.45,1.9,1.34,1.16,0.67,1.19,1.91,1.36
619.75,24,0.81,1.64,1.81,0.89,1.41,1.79,1.74,0.46,1.78,1.26,1.15,0.56,1.1,1.89,1.3
620.75,24,0.68,1.65,1.8,0.86,1.42,1.75,1.71,0.47,1.72,1.21,1.16,0.46,1.08,1.92,1.27
621.75,24,0.61,1.64,1.79,0.83,1.42,1.73,1.68,0.46,1.65,1.2,1.16,0.39,1.06,1.91,1.24
622.75,24,0.58,1.63,1.78,0.83,1.41,1.73,1.69,0.46,1.65,1.2,1.16,0.37,1.06,1.9,1.24
623.75,24,0.56,1.61,1.76,0.81,1.4,1.72,1.68,0.45,1.64,1.2,1.15,0.36,1.05,1.91,1.23
624.77,24,0.54,1.62,1.76,0.81,1.4,1.71,1.67,0.45,1.63,1.19,1.15,0.35,1.06,1.9,1.22
625.77,24,0.54,1.62,1.75,0.82,1.4,1.72,1.68,0.46,1.65,1.19,1.15,0.36,1.06,1.91,1.23
626.78,24,0.55,1.62,1.76,0.82,1.4,1.71,1.68,0.45,1.64,1.19,1.16,0.35,1.05,1.91,1.23
627.78,24,0.55,1.61,1.74,0.81,1.39,1.71,1.67,0.45,1.64,1.19,1.16,0.35,1.05,1.89,1.22
628.78,24,0.56,1.61,1.75,0.82,1.39,1.7,1.67,0.43,1.64,1.19,1.16,0.35,1.05,1.9,1.23
629.78,24,0.57,1.61,1.74,0.82,1.39,1.71,1.68,0.45,1.64,1.19,1.15,0.35,1.06,1.9,1.23
630.78,24,0.55,1.61,1.73,0.8,1.37,1.71,1.66,0.43,1.64,1.17,1.14,0.34,1.05,1.88,1.22
631.78,24,0.55,1.61,1.73,0.82,1.38,1.72,1.68,0.44,1.64,1.19,1.15,0.34,1.05,1.9,1.23
632.78,24,0.55,1.6,1.73,0.82,1.39,1.72,1.68,0.44,1.64,1.18,1.15,0.36,1.06,1.89,1.23
633.8,24,0.54,1.6,1.71,0.82,1.38,1.71,1.66,0.44,1.64,1.19,1.15,0.34,1.06,1.88,1.23
634.8,24,0.55,1.61,1.72,0.82,1.38,1.7,1.66,0.44,1.64,1.2,1.16,0.35,1.06,1.9,1.23
635.8,24,0.76,1.63,1.74,0.81,1.39,1.69,1.67,0.43,1.65,1.19,1.16,0.36,1.09,1.88,1.22
636.8,24,1,1.64,1.77,0.83,1.39,1.72,1.7,0.43,1.8,1.27,1.15,0.47,1.21,1.89,1.26
637.8,24,1,1.64,1.75,0.86,1.4,1.79,1.76,0.43,1.87,1.34,1.16,0.58,1.21,1.88,1.32
638.82,24,0.89,1.62,1.72,0.86,1.39,1.77,1.73,0.42,1.8,1.3,1.14,0.56,1.11,1.87,1.3
639.82,24,0.75,1.62,1.72,0.86,1.39,1.75,1.71,0.41,1.73,1.24,1.15,0.49,1.07,1.88,1.25
640.82,24,0.64,1.62,1.72,0.84,1.39,1.73,1.69,0.43,1.68,1.2,1.14,0.41,1.06,1.89,1.24
641.82,24,0.58,1.61,1.71,0.82,1.39,1.7,1.68,0.43,1.65,1.2,1.14,0.37,1.05,1.89,1.22
642.82,24,0.56,1.61,1.73,0.81,1.39,1.73,1.68,0.44,1.64,1.2,1.15,0.36,1.06,1.9,1.23
643.82,24,0.54,1.6,1.71,0.8,1.4,1.72,1.66,0.43,1.65,1.18,1.15,0.34,1.05,1.88,1.21
644.82,24,0.55,1.61,1.71,0.81,1.4,1.71,1.68,0.44,1.63,1.19,1.15,0.35,1.05,1.88,1.22
645.82,24,0.52,1.6,1.69,0.78,1.37,1.69,1.66,0.43,1.62,1.17,1.13,0.33,1.03,1.87,1.2
646.83,24,0.53,1.6,1.69,0.79,1.39,1.69,1.66,0.43,1.63,1.18,1.15,0.34,1.04,1.88,1.21
647.83,24,0.52,1.58,1.69,0.8,1.39,1.69,1.66,0.43,1.63,1.18,1.14,0.32,1.04,1.87,1.21
648.83,24,0.53,1.59,1.69,0.8,1.39,1.7,1.66,0.43,1.63,1.18,1.14,0.33,1.03,1.87,1.22
649.83,24,0.53,1.6,1.69,0.8,1.38,1.69,1.66,0.43,1.63,1.18,1.14,0.33,1.05,1.87,1.21
650.83,24,0.54,1.6,1.69,0.8,1.38,1.7,1.67,0.43,1.64,1.19,1.15,0.34,1.05,1.88,1.22
651.83,24,0.54,1.61,1.69,0.8,1.39,1.71,1.67,0.44,1.64,1.2,1.15,0.35,1.06,1.87,1.22
652.85,24,0.54,1.61,1.7,0.81,1.38,1.7,1.67,0.43,1.62,1.19,1.15,0.35,1.05,1.89,1.22
653.85,24,0.52,1.59,1.68,0.8,1.37,1.69,1.65,0.42,1.63,1.17,1.14,0.33,1.03,1.87,1.21
654.85,24,0.53,1.59,1.68,0.8,1.38,1.71,1.66,0.42,1.63,1.18,1.15,0.34,1.04,1.88,1.22
655.85,24,0.52,1.59,1.67,0.79,1.37,1.69,1.65,0.41,1.62,1.16,1.15,0.33,1.04,1.88,1.22
656.85,24,0.53,1.59,1.68,0.8,1.38,1.7,1.66,0.42,1.63,1.17,1.14,0.33,1.04,1.89,1.22
657.87,24,0.55,1.59,1.66,0.79,1.37,1.68,1.66,0.41,1.63,1.17,1.14,0.34,1.04,1.88,1.22
658.87,24,0.75,1.61,1.68,0.8,1.37,1.7,1.66,0.41,1.68,1.18,1.15,0.37,1.09,1.88,1.23
659.87,24,0.74,1.6,1.67,0.8,1.36,1.73,1.66,0.41,1.69,1.21,1.13,0.41,1.09,1.86,1.25
660.87,24,0.65,1.61,1.68,0.83,1.38,1.73,1.68,0.42,1.66,1.2,1.15,0.38,1.06,1.87,1.23
661.88,24,0.59,1.61,1.68,0.81,1.39,1.72,1.68,0.41,1.63,1.18,1.15,0.37,1.05,1.87,1.22
662.88,24,0.55,1.6,1.67,0.81,1.39,1.7,1.66,0.41,1.63,1.18,1.15,0.34,1.05,1.87,1.22
663.88,24,0.53,1.6,1.67,0.81,1.39,1.7,1.66,0.42,1.63,1.17,1.13,0.33,1.03,1.87,1.2
664.88,24,0.52,1.59,1.67,0.78,1.37,1.7,1.66,0.42,1.62,1.17,1.12,0.34,1.03,1.87,1.2
665.9,24,0.53,1.59,1.68,0.79,1.38,1.7,1.65,0.43,1.63,1.17,1.13,0.33,1.03,1.88,1.21
666.9,24,0.52,1.59,1.66,0.79,1.39,1.7,1.66,0.43,1.63,1.18,1.14,0.34,1.04,1.86,1.21
667.9,24,0.52,1.58,1.66,0.79,1.38,1.7,1.66,0.43,1.62,1.19,1.14,0.34,1.04,1.87,1.21
668.92,24,0.52,1.59,1.67,0.8,1.38,1.7,1.66,0.42,1.63,1.18,1.15,0.34,1.03,1.87,1.2
669.92,24,0.51,1.58,1.66,0.79,1.38,1.68,1.65,0.41,1.62,1.15,1.15,0.32,1.04,1.86,1.2
670.92,24,0.51,1.58,1.65,0.78,1.36,1.68,1.64,0.41,1.61,1.15,1.14,0.33,1.02,1.86,1.2
671.92,24,0.52,1.58,1.65,0.78,1.37,1.7,1.65,0.41,1.62,1.16,1.14,0.33,1.03,1.88,1.2
672.92,24,0.52,1.58,1.67,0.79,1.38,1.68,1.66,0.41,1.63,1.18,1.15,0.33,1.04,1.87,1.21
673.92,24,0.53,1.6,1.66,0.78,1.38,1.68,1.66,0.42,1.63,1.18,1.15,0.34,1.04,1.87,1.21
674.92,24,0.52,1.59,1.65,0.8,1.37,1.7,1.66,0.42,1.62,1.17,1.13,0.33,1.05,1.87,1.21
675.92,24,0.52,1.58,1.65,0.79,1.37,1.68,1.65,0.41,1.62,1.16,1.13,0.33,1.04,1.87,1.2
676.93,24,0.52,1.59,1.66,0.79,1.37,1.69,1.66,0.42,1.63,1.17,1.14,0.34,1.04,1.87,1.22
677.93,24,0.52,1.59,1.65,0.79,1.37,1.68,1.64,0.41,1.62,1.17,1.14,0.32,1.03,1.87,1.21
678.95,24,0.52,1.58,1.66,0.79,1.38,1.69,1.66,0.42,1.62,1.16,1.14,0.32,1.02,1.87,1.2
679.95,24,0.52,1.59,1.65,0.79,1.38,1.7,1.66,0.42,1.63,1.18,1.14,0.33,1.03,1.88,1.21
680.95,24,0.6,1.59,1.65,0.79,1.38,1.7,1.65,0.41,1.63,1.17,1.14,0.34,1.05,1.88,1.21
681.95,24,0.6,1.61,1.66,0.8,1.38,1.71,1.67,0.41,1.65,1.19,1.13,0.36,1.06,1.87,1.21
682.97,24,0.55,1.59,1.64,0.79,1.37,1.69,1.66,0.4,1.62,1.17,1.12,0.34,1.04,1.87,1.21
683.97,24,0.53,1.58,1.64,0.8,1.38,1.7,1.65,0.41,1.63,1.18,1.13,0.33,1.03,1.86,1.21
684.97,24,0.53,1.59,1.65,0.79,1.37,1.69,1.66,0.42,1.62,1.18,1.15,0.34,1.04,1.88,1.21
685.98,24,0.51,1.58,1.64,0.78,1.36,1.69,1.65,0.4,1.61,1.16,1.13,0.32,1.03,1.87,1.2
686.97,24,0.52,1.59,1.64,0.79,1.37,1.69,1.65,0.41,1.62,1.17,1.13,0.33,1.03,1.86,1.19
687.98,24,0.51,1.57,1.63,0.79,1.36,1.68,1.64,0.41,1.61,1.16,1.13,0.32,1.02,1.85,1.2
688.98,24,0.51,1.58,1.65,0.79,1.36,1.67,1.65,0.41,1.62,1.15,1.13,0.32,1.02,1.87,1.2
689.98,24,0.51,1.58,1.65,0.78,1.37,1.69,1.65,0.41,1.62,1.17,1.13,0.33,1.03,1.87,1.2
690.98,24,0.51,1.57,1.64,0.78,1.36,1.68,1.65,0.41,1.62,1.16,1.13,0.32,1.03,1.86,1.2
691.98,24,0.51,1.58,1.63,0.78,1.37,1.68,1.65,0.41,1.61,1.17,1.14,0.33,1.03,1.87,1.2
692.98,24,0.51,1.58,1.64,0.78,1.36,1.68,1.65,0.41,1.6,1.16,1.12,0.32,1.03,1.86,1.21
693.98,24,0.5,1.57,1.63,0.77,1.36,1.67,1.64,0.4,1.6,1.15,1.12,0.31,1.01,1.85,1.19
694.98,24,0.51,1.58,1.63,0.78,1.36,1.68,1.65,0.4,1.62,1.15,1.13,0.32,1.02,1.86,1.2
695.98,24,0.51,1.58,1.64,0.78,1.37,1.69,1.65,0.41,1.62,1.16,1.12,0.33,1.03,1.85,1.21
696.98,24,0.51,1.59,1.64,0.78,1.37,1.68,1.65,0.41,1.62,1.17,1.13,0.32,1.03,1.86,1.2
697.98,24,0.51,1.57,1.64,0.78,1.37,1.69,1.65,0.41,1.62,1.17,1.13,0.33,1.03,1.85,1.2
699,24,0.52,1.58,1.64,0.78,1.37,1.69,1.65,0.41,1.63,1.17,1.14,0.34,1.03,1.86,1.21
700,24,0.51,1.58,1.63,0.79,1.36,1.69,1.64,0.4,1.62,1.16,1.13,0.32,1.03,1.86,1.19
701,24,0.51,1.58,1.63,0.78,1.37,1.69,1.65,0.41,1.62,1.16,1.13,0.33,1.02,1.86,1.2
702,24,0.52,1.58,1.63,0.78,1.37,1.69,1.65,0.4,1.63,1.17,1.14,0.33,1.03,1.85,1.2
703,24,0.52,1.58,1.64,0.79,1.37,1.69,1.65,0.41,1.63,1.17,1.14,0.33,1.03,1.87,1.2
704,24,0.52,1.57,1.61,0.78,1.37,1.69,1.65,0.41,1.61,1.16,1.14,0.33,1.03,1.86,1.21
705,24,0.54,1.59,1.64,0.78,1.37,1.69,1.65,0.41,1.63,1.17,1.13,0.33,1.04,1.86,1.21
706,24,0.52,1.59,1.62,0.79,1.37,1.7,1.65,0.4,1.62,1.17,1.12,0.32,1.04,1.87,1.2
707,24,0.53,1.59,1.63,0.79,1.37,1.7,1.66,0.4,1.63,1.17,1.13,0.33,1.04,1.86,1.21
708,24,0.51,1.58,1.62,0.79,1.37,1.68,1.65,0.41,1.62,1.15,1.12,0.32,1.03,1.85,1.19
709.02,24,0.5,1.57,1.61,0.78,1.37,1.7,1.65,0.4,1.62,1.16,1.13,0.32,1.02,1.86,1.2
710.02,24,0.51,1.59,1.63,0.78,1.37,1.67,1.65,0.41,1.62,1.17,1.14,0.33,1.03,1.85,1.21
711.02,24,0.51,1.58,1.63,0.78,1.37,1.69,1.65,0.42,1.62,1.17,1.14,0.33,1.01,1.86,1.21
712.02,24,0.5,1.58,1.62,0.78,1.37,1.68,1.65,0.41,1.62,1.16,1.13,0.32,1.02,1.86,1.21
713.02,24,0.51,1.59,1.63,0.78,1.36,1.68,1.65,0.41,1.62,1.17,1.13,0.32,1.03,1.86,1.2
714.03,24,0.5,1.58,1.62,0.78,1.36,1.68,1.65,0.41,1.63,1.16,1.13,0.32,1.03,1.86,1.2
715.03,24,0.5,1.57,1.61,0.78,1.36,1.69,1.65,0.4,1.61,1.17,1.13,0.32,1.02,1.85,1.19
716.03,24,0.5,1.57,1.62,0.78,1.36,1.69,1.63,0.4,1.6,1.16,1.12,0.31,1.02,1.85,1.2
717.03,24,0.5,1.57,1.62,0.78,1.36,1.67,1.63,0.4,1.61,1.17,1.13,0.31,1.01,1.85,1.2
718.03,24,0.5,1.57,1.62,0.78,1.37,1.68,1.63,0.4,1.6,1.15,1.13,0.31,1.03,1.85,1.19
719.05,24,0.5,1.57,1.62,0.77,1.36,1.68,1.64,0.39,1.6,1.15,1.13,0.32,1.02,1.86,1.2
720.05,24,0.5,1.58,1.64,0.79,1.38,1.7,1.65,0.41,1.62,1.15,1.14,0.32,1.02,1.85,1.2
721.05,24,0.5,1.57,1.62,0.78,1.36,1.68,1.65,0.39,1.61,1.15,1.12,0.32,1.02,1.85,1.2
722.05,24,0.5,1.58,1.63,0.78,1.37,1.68,1.65,0.4,1.62,1.15,1.13,0.32,1.03,1.84,1.19
723.05,24,0.51,1.58,1.62,0.78,1.37,1.68,1.65,0.4,1.62,1.16,1.13,0.33,1.04,1.85,1.2
724.07,24,0.5,1.57,1.62,0.78,1.36,1.68,1.64,0.4,1.6,1.15,1.13,0.31,1.02,1.85,1.19
725.07,24,0.5,1.57,1.61,0.78,1.37,1.69,1.64,0.4,1.61,1.16,1.13,0.32,1.03,1.85,1.2
726.08,24,0.51,1.58,1.62,0.78,1.37,1.68,1.64,0.4,1.62,1.16,1.13,0.33,1.02,1.85,1.2
727.08,24,0.51,1.57,1.61,0.77,1.36,1.68,1.64,0.4,1.62,1.16,1.12,0.32,1.03,1.86,1.2
728.08,24,0.51,1.58,1.62,0.78,1.37,1.68,1.65,0.4,1.62,1.16,1.14,0.32,1.03,1.86,1.2
729.08,24,0.51,1.57,1.61,0.78,1.36,1.68,1.64,0.41,1.62,1.16,1.12,0.31,1.03,1.85,1.2
730.08,24,0.5,1.58,1.61,0.78,1.37,1.69,1.64,0.4,1.61,1.16,1.13,0.32,1.02,1.85,1.2
731.1,24,0.51,1.58,1.61,0.78,1.37,1.69,1.65,0.41,1.61,1.16,1.13,0.32,1.03,1.85,1.2
732.1,24,0.5,1.57,1.6,0.77,1.36,1.68,1.64,0.39,1.6,1.15,1.12,0.31,1.02,1.85,1.19
733.1,24,0.5,1.57,1.6,0.78,1.37,1.68,1.64,0.39,1.61,1.15,1.12,0.32,1.02,1.84,1.19
734.1,24,0.51,1.57,1.62,0.78,1.37,1.68,1.64,0.4,1.61,1.16,1.14,0.32,1.02,1.86,1.2
735.1,24,0.5,1.57,1.59,0.77,1.36,1.67,1.64,0.39,1.6,1.14,1.12,0.3,1.01,1.85,1.18
736.12,24,0.5,1.57,1.61,0.77,1.35,1.68,1.63,0.4,1.61,1.15,1.12,0.32,1.02,1.84,1.19
737.12,24,0.5,1.57,1.6,0.76,1.35,1.66,1.63,0.38,1.61,1.15,1.11,0.3,1.01,1.83,1.18
738.12,24,0.5,1.57,1.61,0.78,1.36,1.67,1.64,0.4,1.61,1.16,1.12,0.31,1.02,1.85,1.19
739.12,24,0.5,1.57,1.61,0.78,1.36,1.68,1.64,0.4,1.61,1.15,1.12,0.31,1.02,1.84,1.2
740.13,24,0.5,1.57,1.61,0.78,1.36,1.68,1.63,0.39,1.61,1.16,1.12,0.31,1.02,1.85,1.2
741.13,24,0.5,1.57,1.61,0.78,1.36,1.67,1.64,0.4,1.61,1.15,1.12,0.31,1.01,1.85,1.2
742.13,24,0.5,1.57,1.61,0.77,1.36,1.68,1.63,0.39,1.6,1.15,1.12,0.32,1.03,1.84,1.2
743.13,24,0.5,1.57,1.6,0.77,1.36,1.67,1.63,0.39,1.61,1.15,1.12,0.31,1.02,1.85,1.18
744.13,24,0.5,1.57,1.6,0.78,1.36,1.68,1.64,0.39,1.6,1.16,1.12,0.32,1.02,1.85,1.18
745.15,24,0.5,1.57,1.6,0.78,1.36,1.67,1.63,0.4,1.61,1.15,1.12,0.3,1.01,1.84,1.19
746.15,24,0.5,1.57,1.61,0.77,1.35,1.68,1.63,0.39,1.62,1.15,1.12,0.31,1.02,1.84,1.19
747.15,24,0.5,1.58,1.61,0.78,1.37,1.67,1.63,0.41,1.61,1.15,1.13,0.31,1.03,1.85,1.2
748.15,24,0.5,1.58,1.61,0.78,1.36,1.68,1.65,0.4,1.61,1.16,1.13,0.32,1.03,1.86,1.2
749.15,24,0.5,1.57,1.61,0.78,1.36,1.68,1.64,0.4,1.62,1.16,1.12,0.32,1.03,1.85,1.2
750.15,24,0.5,1.58,1.61,0.78,1.37,1.68,1.64,0.4,1.62,1.16,1.12,0.32,1.02,1.86,1.2
751.15,24,0.5,1.57,1.62,0.78,1.37,1.69,1.65,0.41,1.62,1.16,1.13,0.33,1.03,1.86,1.21
752.15,24,0.5,1.57,1.61,0.78,1.36,1.68,1.63,0.4,1.62,1.14,1.11,0.31,1.02,1.85,1.19
753.15,24,0.51,1.59,1.62,0.78,1.37,1.69,1.65,0.4,1.61,1.15,1.13,0.31,1.03,1.85,1.2
754.15,24,0.5,1.58,1.61,0.78,1.37,1.68,1.65,0.41,1.61,1.16,1.14,0.32,1.02,1.85,1.2
755.17,24,0.51,1.58,1.61,0.78,1.37,1.68,1.65,0.41,1.62,1.17,1.13,0.33,1.03,1.86,1.21
756.17,24,0.5,1.57,1.6,0.77,1.36,1.67,1.64,0.39,1.61,1.14,1.13,0.32,1.03,1.84,1.19
757.17,24,0.5,1.57,1.59,0.78,1.37,1.68,1.64,0.4,1.61,1.16,1.12,0.31,1.02,1.85,1.19
758.17,24,0.5,1.57,1.61,0.77,1.37,1.67,1.64,0.4,1.61,1.15,1.13,0.31,1.02,1.85,1.19
759.17,24,0.5,1.57,1.6,0.78,1.35,1.67,1.64,0.4,1.61,1.16,1.12,0.32,1.01,1.85,1.2
760.17,24,0.5,1.57,1.6,0.78,1.36,1.68,1.63,0.4,1.62,1.15,1.12,0.31,1.01,1.83,1.19
761.18,24,0.5,1.57,1.61,0.78,1.36,1.66,1.63,0.4,1.61,1.15,1.12,0.31,1.02,1.84,1.18
762.18,24,0.5,1.57,1.6,0.77,1.36,1.66,1.63,0.39,1.6,1.14,1.13,0.3,1.02,1.84,1.18
763.18,24,0.49,1.57,1.59,0.78,1.35,1.68,1.63,0.39,1.61,1.14,1.12,0.3,1.01,1.83,1.18
764.2,24,0.5,1.57,1.61,0.78,1.36,1.68,1.65,0.41,1.61,1.16,1.13,0.32,1.03,1.85,1.19
765.2,24,0.5,1.57,1.61,0.78,1.36,1.67,1.63,0.4,1.6,1.14,1.12,0.31,1.01,1.84,1.19
766.2,24,0.5,1.58,1.62,0.78,1.37,1.68,1.64,0.4,1.62,1.16,1.14,0.33,1.03,1.85,1.19
767.2,24,0.5,1.57,1.6,0.77,1.36,1.67,1.63,0.39,1.61,1.16,1.11,0.31,1,1.84,1.19
768.2,24,0.49,1.57,1.6,0.78,1.36,1.68,1.63,0.4,1.6,1.14,1.11,0.31,1,1.83,1.19
769.2,24,0.49,1.57,1.6,0.77,1.35,1.67,1.63,0.38,1.6,1.13,1.12,0.31,1.02,1.84,1.19
770.22,24,0.5,1.57,1.61,0.77,1.35,1.68,1.63,0.39,1.61,1.15,1.11,0.31,1.01,1.83,1.19
771.22,24,0.5,1.57,1.61,0.78,1.36,1.66,1.65,0.4,1.6,1.16,1.13,0.31,1.01,1.84,1.19
772.22,24,0.5,1.57,1.61,0.77,1.35,1.68,1.63,0.39,1.6,1.15,1.12,0.31,1.03,1.84,1.19
773.22,24,0.5,1.58,1.61,0.78,1.37,1.68,1.65,0.4,1.62,1.16,1.13,0.32,1.03,1.85,1.2
774.22,24,0.5,1.57,1.6,0.77,1.36,1.67,1.64,0.39,1.61,1.15,1.12,0.31,1.02,1.85,1.19
775.22,24,0.51,1.57,1.61,0.78,1.37,1.68,1.65,0.4,1.61,1.16,1.12,0.31,1.03,1.85,1.2
776.22,24,0.5,1.57,1.62,0.78,1.36,1.69,1.65,0.4,1.62,1.16,1.12,0.31,1.03,1.85,1.2
777.23,24,0.5,1.57,1.61,0.78,1.36,1.68,1.64,0.4,1.61,1.16,1.13,0.3,1.02,1.85,1.19
778.23,24,0.5,1.58,1.61,0.78,1.37,1.68,1.65,0.4,1.6,1.16,1.13,0.32,1.03,1.85,1.2
779.23,24,0.5,1.57,1.61,0.78,1.36,1.69,1.64,0.4,1.62,1.16,1.13,0.32,1.02,1.85,1.2
780.23,24,0.5,1.57,1.59,0.78,1.36,1.68,1.64,0.39,1.61,1.15,1.12,0.3,1.01,1.83,1.19
781.25,24,0.5,1.57,1.6,0.78,1.36,1.68,1.62,0.4,1.61,1.15,1.13,0.31,1.01,1.84,1.19
782.25,24,0.49,1.57,1.59,0.77,1.36,1.67,1.63,0.39,1.61,1.14,1.12,0.3,1,1.84,1.19
783.25,24,0.49,1.56,1.59,0.77,1.36,1.68,1.63,0.39,1.61,1.14,1.11,0.31,1.01,1.84,1.19
784.25,24,0.5,1.57,1.6,0.78,1.36,1.68,1.64,0.39,1.62,1.14,1.12,0.31,1.02,1.85,1.2
785.25,24,0.49,1.56,1.59,0.77,1.35,1.67,1.63,0.39,1.61,1.14,1.12,0.3,1.01,1.84,1.18
786.25,24,0.5,1.57,1.61,0.77,1.35,1.67,1.63,0.39,1.61,1.15,1.11,0.31,1.01,1.83,1.19
787.25,24,0.5,1.57,1.6,0.78,1.35,1.68,1.64,0.4,1.61,1.14,1.12,0.31,1.01,1.84,1.18
788.27,24,0.5,1.57,1.6,0.77,1.36,1.67,1.63,0.4,1.61,1.14,1.12,0.3,1.01,1.84,1.19
789.27,24,0.5,1.57,1.6,0.78,1.36,1.67,1.64,0.39,1.61,1.15,1.13,0.32,1.02,1.84,1.19
790.27,24,0.49,1.57,1.59,0.76,1.36,1.67,1.63,0.39,1.6,1.14,1.11,0.3,1.01,1.84,1.19
791.27,24,0.5,1.57,1.6,0.77,1.35,1.67,1.63,0.39,1.6,1.15,1.12,0.31,1.01,1.83,1.19
792.27,24,0.5,1.57,1.61,0.78,1.36,1.68,1.63,0.4,1.61,1.15,1.12,0.31,1.01,1.84,1.19
793.27,24,0.5,1.57,1.6,0.77,1.35,1.67,1.62,0.39,1.6,1.14,1.11,0.3,1.01,1.84,1.19
794.28,24,0.5,1.57,1.61,0.78,1.36,1.68,1.63,0.39,1.61,1.16,1.12,0.31,1.01,1.85,1.18
795.28,24,0.49,1.57,1.6,0.77,1.36,1.67,1.62,0.4,1.59,1.14,1.11,0.31,1.02,1.85,1.19
796.28,24,0.5,1.57,1.61,0.78,1.37,1.68,1.64,0.41,1.6,1.16,1.12,0.32,1.02,1.85,1.19
797.28,24,0.5,1.58,1.61,0.78,1.36,1.68,1.64,0.39,1.62,1.16,1.13,0.31,1.02,1.85,1.2
798.3,24,0.5,1.58,1.61,0.78,1.36,1.66,1.64,0.39,1.61,1.16,1.12,0.31,1.01,1.84,1.19
799.3,24,0.5,1.58,1.61,0.78,1.37,1.68,1.64,0.4,1.62,1.16,1.13,0.31,1.03,1.85,1.2
800.3,24,0.5,1.58,1.62,0.79,1.38,1.68,1.65,0.4,1.63,1.16,1.13,0.33,1.02,1.85,1.2
801.3,24,0.5,1.59,1.61,0.78,1.37,1.68,1.65,0.4,1.62,1.15,1.12,0.33,1.03,1.85,1.2
802.32,24,0.5,1.57,1.61,0.78,1.37,1.68,1.65,0.39,1.62,1.16,1.12,0.31,1.03,1.85,1.19
803.32,24,0.5,1.59,1.61,0.78,1.36,1.68,1.65,0.41,1.61,1.15,1.12,0.31,1.01,1.85,1.2
804.32,24,0.5,1.57,1.6,0.78,1.36,1.68,1.63,0.39,1.6,1.14,1.12,0.31,1.01,1.85,1.19
805.32,24,0.5,1.57,1.6,0.78,1.36,1.68,1.64,0.4,1.61,1.15,1.13,0.31,1.02,1.86,1.19
806.33,24,0.5,1.58,1.6,0.78,1.36,1.68,1.64,0.4,1.61,1.15,1.12,0.32,1.03,1.84,1.19
807.33,24,0.49,1.57,1.59,0.78,1.36,1.67,1.64,0.39,1.61,1.15,1.12,0.31,1.02,1.85,1.19
808.33,24,0.49,1.57,1.59,0.77,1.35,1.66,1.63,0.39,1.6,1.14,1.11,0.31,1,1.84,1.19
809.33,24,0.49,1.57,1.59,0.77,1.36,1.67,1.62,0.39,1.61,1.14,1.12,0.3,1.01,1.84,1.19
810.33,24,0.5,1.57,1.6,0.78,1.36,1.68,1.63,0.39,1.61,1.14,1.12,0.3,1,1.84,1.18
811.33,24,0.48,1.57,1.58,0.76,1.35,1.66,1.62,0.39,1.6,1.14,1.11,0.3,1,1.83,1.18
812.33,24,0.49,1.57,1.61,0.77,1.35,1.67,1.63,0.39,1.6,1.14,1.13,0.3,1.02,1.84,1.18
813.33,24,0.49,1.57,1.59,0.76,1.35,1.67,1.63,0.39,1.61,1.14,1.11,0.31,1,1.84,1.18
814.33,24,0.49,1.57,1.6,0.78,1.36,1.67,1.64,0.39,1.61,1.14,1.12,0.32,1.02,1.83,1.19
815.35,24,0.5,1.57,1.6,0.78,1.36,1.65,1.63,0.4,1.6,1.15,1.12,0.3,1.01,1.85,1.19
816.35,24,0.49,1.56,1.59,0.77,1.35,1.66,1.63,0.39,1.61,1.14,1.11,0.3,1,1.84,1.18
817.35,24,0.49,1.57,1.6,0.78,1.36,1.67,1.63,0.39,1.6,1.15,1.12,0.3,1.01,1.83,1.19
818.35,24,0.5,1.57,1.61,0.78,1.36,1.67,1.63,0.4,1.61,1.14,1.12,0.31,1.02,1.84,1.18
819.35,24,0.5,1.57,1.6,0.77,1.36,1.68,1.64,0.4,1.61,1.14,1.12,0.3,1.02,1.85,1.18
820.35,24,0.5,1.58,1.61,0.78,1.36,1.68,1.64,0.4,1.61,1.15,1.11,0.32,1.01,1.84,1.19
821.37,24,0.5,1.57,1.61,0.78,1.37,1.69,1.63,0.41,1.61,1.15,1.13,0.32,1.03,1.84,1.2
822.37,24,0.48,1.57,1.6,0.77,1.36,1.67,1.62,0.39,1.61,1.14,1.11,0.31,1.01,1.83,1.18
823.37,24,0.5,1.58,1.61,0.78,1.37,1.68,1.65,0.41,1.62,1.16,1.13,0.31,1.03,1.86,1.2
824.37,24,0.5,1.57,1.6,0.77,1.36,1.66,1.64,0.39,1.61,1.15,1.11,0.31,1.02,1.84,1.19
825.38,24,0.5,1.57,1.6,0.78,1.36,1.68,1.64,0.4,1.6,1.16,1.11,0.32,1.01,1.84,1.19
826.38,24,0.5,1.57,1.61,0.78,1.36,1.67,1.64,0.39,1.62,1.15,1.12,0.31,1.03,1.85,1.19
827.38,24,0.51,1.58,1.61,0.78,1.37,1.68,1.65,0.39,1.6,1.15,1.12,0.31,1.02,1.84,1.19
828.38,24,0.5,1.57,1.6,0.78,1.36,1.68,1.64,0.39,1.61,1.16,1.13,0.31,1.02,1.85,1.19
829.38,24,0.49,1.57,1.6,0.78,1.36,1.67,1.63,0.4,1.61,1.15,1.12,0.3,1.02,1.85,1.19
830.38,24,0.49,1.56,1.6,0.77,1.36,1.67,1.62,0.4,1.59,1.15,1.12,0.31,1.01,1.84,1.18
831.38,24,0.5,1.57,1.59,0.77,1.36,1.67,1.63,0.4,1.61,1.14,1.12,0.31,1.02,1.85,1.18
832.38,24,0.5,1.57,1.6,0.76,1.35,1.65,1.62,0.39,1.6,1.13,1.11,0.3,1.01,1.84,1.18
833.4,24,0.49,1.57,1.6,0.76,1.36,1.67,1.62,0.39,1.6,1.15,1.12,0.31,1,1.84,1.19
834.4,24,0.5,1.57,1.61,0.77,1.35,1.67,1.64,0.39,1.6,1.15,1.12,0.31,1.01,1.84,1.19
835.4,24,0.49,1.57,1.59,0.77,1.36,1.67,1.62,0.39,1.61,1.14,1.13,0.31,1.01,1.84,1.18
836.4,24,0.5,1.57,1.6,0.77,1.36,1.67,1.63,0.39,1.6,1.15,1.13,0.3,1.02,1.84,1.2
837.42,24,0.5,1.57,1.61,0.78,1.36,1.67,1.63,0.39,1.61,1.15,1.13,0.31,1.01,1.85,1.19
838.42,24,0.49,1.57,1.59,0.77,1.35,1.66,1.63,0.39,1.61,1.14,1.11,0.31,1.01,1.84,1.18
839.42,24,0.49,1.56,1.6,0.76,1.36,1.67,1.63,0.4,1.6,1.15,1.12,0.31,1.01,1.84,1.19
840.42,24,0.48,1.56,1.59,0.77,1.34,1.65,1.63,0.38,1.59,1.14,1.11,0.29,1,1.82,1.17
841.42,24,0.5,1.57,1.6,0.76,1.36,1.65,1.63,0.38,1.59,1.15,1.11,0.31,1,1.84,1.18
842.42,24,0.49,1.57,1.6,0.78,1.36,1.67,1.63,0.39,1.6,1.15,1.11,0.31,1.01,1.84,1.19
843.42,24,0.5,1.57,1.6,0.78,1.36,1.66,1.64,0.39,1.61,1.16,1.12,0.31,1.02,1.85,1.19
844.43,24,0.5,1.57,1.6,0.78,1.35,1.68,1.64,0.39,1.61,1.16,1.11,0.31,1.01,1.84,1.19
845.43,24,0.49,1.57,1.61,0.77,1.36,1.67,1.63,0.39,1.6,1.14,1.12,0.3,1.02,1.84,1.18
846.43,24,0.5,1.57,1.61,0.78,1.37,1.68,1.64,0.4,1.61,1.16,1.12,0.31,1.03,1.85,1.19
847.43,24,0.5,1.57,1.61,0.78,1.36,1.66,1.64,0.4,1.62,1.16,1.13,0.31,1.02,1.85,1.2
848.43,24,0.5,1.59,1.61,0.78,1.37,1.68,1.64,0.4,1.61,1.16,1.13,0.32,1.02,1.84,1.2
849.43,24,0.5,1.57,1.61,0.77,1.37,1.67,1.64,0.39,1.62,1.16,1.12,0.32,1.02,1.85,1.19
850.43,24,0.5,1.58,1.61,0.78,1.36,1.68,1.64,0.39,1.61,1.15,1.12,0.31,1.02,1.84,1.19
851.45,24,0.5,1.58,1.61,0.78,1.36,1.68,1.65,0.41,1.61,1.15,1.13,0.32,1.03,1.87,1.2
852.45,24,0.5,1.57,1.6,0.78,1.36,1.68,1.63,0.4,1.61,1.15,1.13,0.31,1.02,1.85,1.19
853.45,24,0.5,1.57,1.6,0.78,1.36,1.68,1.63,0.4,1.6,1.15,1.12,0.3,1.01,1.85,1.19
854.45,24,0.49,1.57,1.59,0.77,1.37,1.67,1.64,0.39,1.6,1.14,1.12,0.31,1,1.84,1.19
855.45,24,0.5,1.57,1.59,0.77,1.37,1.68,1.64,0.4,1.61,1.15,1.12,0.3,1.01,1.85,1.18
856.45,24,0.49,1.56,1.59,0.76,1.35,1.66,1.63,0.39,1.6,1.15,1.11,0.31,1.01,1.83,1.18
857.45,24,0.49,1.57,1.59,0.77,1.36,1.66,1.63,0.39,1.6,1.14,1.12,0.31,1.01,1.85,1.18
858.45,24,0.49,1.57,1.59,0.77,1.36,1.67,1.63,0.4,1.61,1.15,1.12,0.3,1.02,1.84,1.19
859.47,24,0.49,1.57,1.59,0.76,1.35,1.67,1.63,0.38,1.6,1.14,1.11,0.31,1,1.84,1.18
860.47,24,0.49,1.57,1.59,0.77,1.36,1.67,1.63,0.39,1.62,1.15,1.12,0.31,1.02,1.84,1.19
861.47,24,0.48,1.57,1.6,0.77,1.36,1.66,1.62,0.38,1.59,1.14,1.11,0.3,1.01,1.84,1.18
862.47,24,0.5,1.57,1.61,0.78,1.36,1.68,1.64,0.4,1.62,1.15,1.13,0.3,1.01,1.85,1.19
863.48,24,0.48,1.56,1.58,0.77,1.35,1.65,1.62,0.38,1.6,1.14,1.11,0.3,1,1.83,1.17
864.48,24,0.49,1.55,1.58,0.76,1.35,1.65,1.62,0.38,1.6,1.14,1.11,0.29,1,1.83,1.16
865.48,24,0.5,1.57,1.61,0.78,1.35,1.68,1.64,0.4,1.61,1.15,1.12,0.31,1.02,1.85,1.19
866.48,24,0.49,1.57,1.59,0.76,1.35,1.66,1.62,0.39,1.6,1.14,1.12,0.3,1,1.82,1.18
867.48,24,0.49,1.57,1.6,0.76,1.35,1.67,1.62,0.39,1.6,1.14,1.12,0.3,1.01,1.84,1.18
868.48,24,0.5,1.57,1.6,0.78,1.36,1.67,1.64,0.39,1.6,1.15,1.11,0.31,1.01,1.85,1.19
869.5,24,0.5,1.57,1.6,0.78,1.36,1.67,1.63,0.39,1.61,1.15,1.12,0.31,1.02,1.85,1.19
870.5,24,0.5,1.57,1.61,0.76,1.36,1.67,1.63,0.39,1.61,1.15,1.12,0.3,1.01,1.84,1.19
871.5,24,0.49,1.57,1.59,0.77,1.35,1.67,1.63,0.39,1.59,1.15,1.11,0.3,1.02,1.84,1.19
872.5,24,0.49,1.57,1.59,0.77,1.35,1.67,1.62,0.38,1.6,1.14,1.11,0.3,1.01,1.82,1.17
873.5,24,0.5,1.58,1.61,0.78,1.37,1.68,1.63,0.4,1.61,1.15,1.12,0.31,1.02,1.85,1.19
874.52,24,0.5,1.57,1.6,0.78,1.36,1.65,1.64,0.38,1.61,1.16,1.12,0.31,1.02,1.83,1.18
875.52,24,0.5,1.57,1.61,0.78,1.36,1.66,1.64,0.39,1.61,1.15,1.12,0.3,1.01,1.84,1.18
876.52,24,0.5,1.57,1.6,0.78,1.37,1.66,1.64,0.4,1.62,1.15,1.11,0.31,1.02,1.84,1.19
877.52,24,0.5,1.57,1.6,0.77,1.36,1.67,1.63,0.39,1.61,1.15,1.11,0.31,1.02,1.84,1.19
878.53,24,0.5,1.58,1.62,0.77,1.37,1.67,1.65,0.4,1.62,1.16,1.13,0.31,1.02,1.85,1.19
879.53,24,0.5,1.57,1.61,0.77,1.36,1.68,1.64,0.4,1.61,1.15,1.13,0.32,1.02,1.84,1.19
880.53,24,0.49,1.57,1.59,0.78,1.35,1.66,1.64,0.4,1.6,1.14,1.12,0.31,1.02,1.84,1.19
881.53,24,0.48,1.57,1.59,0.76,1.35,1.66,1.63,0.39,1.59,1.13,1.11,0.29,1,1.84,1.18
882.53,24,0.5,1.57,1.6,0.78,1.36,1.67,1.63,0.4,1.6,1.15,1.12,0.3,1,1.84,1.18
883.53,24,0.49,1.57,1.58,0.77,1.36,1.67,1.63,0.39,1.6,1.14,1.11,0.3,1.01,1.83,1.18
884.55,24,0.49,1.57,1.58,0.76,1.35,1.67,1.62,0.38,1.6,1.14,1.11,0.29,1.01,1.83,1.18
885.55,24,0.48,1.56,1.58,0.75,1.34,1.66,1.62,0.37,1.58,1.13,1.11,0.29,1,1.82,1.17
886.55,24,0.49,1.55,1.59,0.77,1.36,1.66,1.62,0.38,1.59,1.14,1.11,0.3,1.01,1.84,1.18
887.55,24,0.5,1.57,1.6,0.77,1.37,1.67,1.63,0.4,1.6,1.15,1.12,0.31,1.02,1.84,1.18
888.57,24,0.49,1.56,1.58,0.76,1.35,1.66,1.63,0.38,1.59,1.13,1.11,0.3,1,1.83,1.18
889.57,24,0.49,1.56,1.58,0.76,1.35,1.66,1.62,0.39,1.59,1.13,1.11,0.29,1,1.83,1.18
890.57,24,0.49,1.57,1.59,0.77,1.35,1.65,1.62,0.39,1.59,1.14,1.11,0.29,1.01,1.82,1.17
891.58,24,0.49,1.57,1.59,0.76,1.36,1.65,1.63,0.39,1.6,1.15,1.11,0.29,1.01,1.83,1.17
892.58,24,0.49,1.57,1.59,0.76,1.36,1.66,1.63,0.38,1.6,1.14,1.11,0.29,1.01,1.84,1.18
893.58,24,0.5,1.57,1.6,0.78,1.36,1.67,1.63,0.4,1.61,1.15,1.12,0.31,1.01,1.85,1.18
894.58,24,0.49,1.57,1.6,0.77,1.36,1.66,1.63,0.39,1.61,1.14,1.12,0.31,1.01,1.83,1.18
895.58,24,0.49,1.57,1.59,0.77,1.35,1.67,1.63,0.38,1.6,1.14,1.11,0.31,1.01,1.83,1.18
896.6,24,0.49,1.57,1.59,0.77,1.36,1.67,1.63,0.39,1.59,1.14,1.11,0.3,1.01,1.84,1.18
897.6,24,0.48,1.57,1.59,0.77,1.35,1.66,1.62,0.39,1.61,1.14,1.11,0.3,1.01,1.83,1.19
898.6,24,0.49,1.57,1.6,0.76,1.36,1.67,1.63,0.38,1.61,1.14,1.11,0.3,1.01,1.83,1.18
899.6,24,0.5,1.57,1.6,0.77,1.36,1.68,1.64,0.4,1.62,1.15,1.12,0.31,1.02,1.85,1.18
900.62,24,0.5,1.57,1.61,0.77,1.35,1.66,1.63,0.4,1.61,1.15,1.12,0.31,1.01,1.84,1.19
901.62,24,0.49,1.57,1.6,0.77,1.35,1.66,1.63,0.38,1.6,1.15,1.12,0.3,1.01,1.83,1.18
902.62,24,0.49,1.57,1.6,0.76,1.36,1.66,1.62,0.38,1.6,1.13,1.11,0.3,1.01,1.83,1.19
903.62,24,0.51,1.58,1.62,0.78,1.37,1.68,1.65,0.4,1.62,1.16,1.13,0.32,1.03,1.86,1.2
904.63,24,0.5,1.58,1.6,0.78,1.37,1.67,1.63,0.4,1.6,1.16,1.13,0.32,1.02,1.84,1.18
905.63,24,0.5,1.57,1.6,0.78,1.36,1.66,1.63,0.4,1.6,1.14,1.12,0.3,1.02,1.84,1.18
906.63,24,0.48,1.56,1.59,0.77,1.36,1.65,1.62,0.39,1.58,1.13,1.11,0.3,1,1.84,1.17
907.63,24,0.49,1.57,1.59,0.76,1.35,1.67,1.63,0.39,1.58,1.14,1.11,0.3,1,1.84,1.18
908.63,24,0.49,1.56,1.59,0.76,1.35,1.67,1.63,0.39,1.59,1.13,1.11,0.29,0.99,1.84,1.18
909.63,24,0.49,1.57,1.59,0.77,1.35,1.66,1.63,0.38,1.6,1.14,1.11,0.29,1,1.84,1.18
910.63,24,0.48,1.56,1.58,0.76,1.35,1.65,1.62,0.39,1.59,1.13,1.11,0.29,0.99,1.83,1.17
911.65,24,0.48,1.56,1.59,0.77,1.34,1.66,1.62,0.39,1.59,1.13,1.11,0.29,1,1.83,1.18
912.65,24,0.5,1.57,1.59,0.76,1.36,1.67,1.63,0.4,1.6,1.14,1.12,0.31,1,1.85,1.18
913.65,24,0.5,1.57,1.6,0.78,1.36,1.67,1.63,0.39,1.61,1.15,1.12,0.31,1.01,1.85,1.19
914.65,24,0.49,1.57,1.6,0.78,1.36,1.67,1.63,0.4,1.6,1.15,1.12,0.31,1.01,1.85,1.18
915.67,24,0.49,1.57,1.59,0.76,1.36,1.65,1.63,0.39,1.61,1.14,1.11,0.3,1.01,1.83,1.18
916.67,24,0.5,1.57,1.6,0.78,1.36,1.67,1.63,0.4,1.6,1.15,1.11,0.31,1.02,1.85,1.18
917.67,24,0.49,1.57,1.59,0.76,1.36,1.66,1.63,0.39,1.6,1.13,1.11,0.29,1,1.83,1.18
918.67,24,0.48,1.56,1.58,0.77,1.34,1.66,1.62,0.39,1.6,1.13,1.11,0.3,1,1.83,1.18
919.67,24,0.49,1.56,1.59,0.77,1.35,1.66,1.62,0.39,1.6,1.14,1.11,0.3,1.01,1.83,1.18
920.67,24,0.49,1.57,1.6,0.77,1.36,1.67,1.63,0.4,1.6,1.15,1.11,0.3,1.01,1.84,1.19
921.67,24,0.5,1.57,1.6,0.77,1.36,1.65,1.63,0.39,1.59,1.14,1.11,0.31,1.01,1.84,1.18
922.68,24,0.49,1.57,1.59,0.77,1.35,1.67,1.63,0.39,1.6,1.14,1.11,0.3,1,1.83,1.18
923.68,24,0.5,1.57,1.6,0.77,1.35,1.66,1.62,0.38,1.61,1.15,1.11,0.31,1.01,1.84,1.19
924.68,24,0.5,1.57,1.6,0.78,1.36,1.67,1.63,0.39,1.6,1.15,1.11,0.3,1.02,1.82,1.18
925.68,24,0.5,1.58,1.61,0.78,1.37,1.69,1.64,0.4,1.61,1.16,1.12,0.32,1.02,1.85,1.2
926.7,24,0.49,1.57,1.6,0.76,1.36,1.67,1.63,0.39,1.61,1.14,1.11,0.3,1.02,1.83,1.18
927.7,24,0.5,1.57,1.6,0.77,1.36,1.68,1.64,0.39,1.61,1.15,1.11,0.31,1.03,1.82,1.19
928.7,24,0.5,1.57,1.59,0.78,1.35,1.67,1.64,0.38,1.59,1.14,1.12,0.3,1.01,1.83,1.19
929.7,24,0.49,1.57,1.59,0.77,1.36,1.66,1.62,0.4,1.61,1.15,1.11,0.31,1.01,1.84,1.17
930.7,24,0.48,1.57,1.6,0.77,1.36,1.67,1.64,0.39,1.6,1.15,1.12,0.3,1.01,1.84,1.19
931.7,24,0.49,1.56,1.59,0.77,1.36,1.66,1.63,0.39,1.6,1.14,1.12,0.3,1,1.84,1.18
932.7,24,0.49,1.56,1.58,0.78,1.35,1.66,1.62,0.39,1.61,1.14,1.12,0.3,1,1.84,1.18
933.72,24,0.48,1.56,1.59,0.76,1.36,1.66,1.63,0.39,1.6,1.14,1.12,0.3,1,1.83,1.18
934.72,24,0.48,1.57,1.59,0.77,1.36,1.67,1.63,0.38,1.61,1.14,1.11,0.3,1,1.83,1.18
935.72,24,0.49,1.56,1.58,0.76,1.35,1.66,1.63,0.39,1.59,1.13,1.1,0.3,0.99,1.83,1.17
936.72,24,0.48,1.56,1.59,0.76,1.34,1.66,1.62,0.38,1.59,1.13,1.11,0.3,0.99,1.82,1.18
937.72,24,0.49,1.56,1.59,0.77,1.36,1.65,1.63,0.39,1.6,1.15,1.12,0.3,1.01,1.84,1.18
938.73,24,0.49,1.57,1.6,0.77,1.35,1.67,1.62,0.39,1.59,1.14,1.12,0.3,1.01,1.84,1.18
939.73,24,0.48,1.56,1.58,0.76,1.34,1.64,1.62,0.38,1.58,1.13,1.11,0.29,1,1.82,1.17
940.73,24,0.49,1.56,1.59,0.78,1.35,1.65,1.63,0.39,1.59,1.14,1.11,0.3,1,1.84,1.17
941.73,24,0.49,1.57,1.59,0.76,1.36,1.66,1.63,0.39,1.59,1.15,1.11,0.3,1.01,1.84,1.18
942.73,24,0.48,1.56,1.59,0.76,1.34,1.65,1.62,0.39,1.6,1.14,1.11,0.29,1,1.83,1.17
943.73,24,0.5,1.56,1.58,0.78,1.35,1.67,1.63,0.39,1.6,1.14,1.11,0.3,1.01,1.83,1.18
944.73,24,0.48,1.57,1.6,0.76,1.35,1.67,1.62,0.37,1.59,1.14,1.11,0.29,1,1.83,1.18
945.75,24,0.49,1.57,1.6,0.76,1.35,1.66,1.62,0.39,1.6,1.13,1.11,0.3,1.01,1.83,1.18
946.75,24,0.49,1.56,1.6,0.77,1.35,1.66,1.62,0.39,1.6,1.14,1.11,0.3,1,1.82,1.18
947.75,24,0.5,1.57,1.59,0.77,1.36,1.67,1.63,0.39,1.6,1.15,1.11,0.31,1.01,1.84,1.18
948.75,24,0.49,1.57,1.58,0.76,1.35,1.65,1.63,0.38,1.59,1.14,1.11,0.29,1.01,1.83,1.18
949.75,24,0.49,1.55,1.6,0.76,1.34,1.65,1.62,0.39,1.6,1.14,1.11,0.29,1,1.83,1.17
950.75,24,0.49,1.57,1.61,0.77,1.35,1.67,1.63,0.38,1.6,1.15,1.12,0.3,1.01,1.84,1.18
951.77,24,0.5,1.57,1.6,0.78,1.36,1.68,1.63,0.39,1.61,1.14,1.11,0.31,1.02,1.84,1.18
952.77,24,0.5,1.57,1.61,0.77,1.35,1.67,1.63,0.4,1.61,1.15,1.11,0.31,1.02,1.84,1.19
953.77,24,0.5,1.57,1.6,0.77,1.36,1.65,1.63,0.39,1.6,1.14,1.12,0.3,1.01,1.84,1.19
954.77,24,0.5,1.57,1.61,0.77,1.36,1.67,1.64,0.39,1.61,1.14,1.11,0.31,1.02,1.85,1.19
955.77,24,0.5,1.57,1.6,0.77,1.36,1.67,1.64,0.4,1.62,1.15,1.11,0.3,1.01,1.85,1.19
956.77,24,0.5,1.57,1.6,0.78,1.36,1.67,1.63,0.39,1.6,1.15,1.12,0.31,1.01,1.84,1.18
957.78,24,0.49,1.57,1.59,0.78,1.36,1.67,1.63,0.38,1.6,1.14,1.11,0.31,1.01,1.83,1.18
958.78,24,0.48,1.56,1.58,0.76,1.35,1.65,1.62,0.39,1.59,1.13,1.11,0.3,1,1.84,1.18
959.78,24,0.48,1.56,1.59,0.76,1.36,1.66,1.63,0.39,1.6,1.14,1.11,0.3,0.99,1.84,1.17
960.78,24,0.48,1.57,1.59,0.77,1.36,1.65,1.62,0.39,1.59,1.13,1.11,0.29,1.01,1.83,1.18
961.78,24,0.47,1.55,1.58,0.76,1.35,1.64,1.61,0.38,1.58,1.13,1.1,0.29,0.99,1.82,1.16
962.78,24,0.48,1.55,1.58,0.75,1.35,1.65,1.62,0.38,1.6,1.13,1.11,0.29,0.99,1.83,1.17
963.78,24,0.48,1.56,1.57,0.76,1.35,1.64,1.62,0.37,1.59,1.13,1.11,0.29,1,1.82,1.17
964.78,24,0.49,1.57,1.6,0.77,1.36,1.67,1.63,0.39,1.59,1.15,1.11,0.31,1,1.84,1.18
965.78,24,0.48,1.57,1.6,0.76,1.35,1.65,1.62,0.39,1.6,1.14,1.12,0.3,1,1.84,1.18
966.78,24,0.48,1.56,1.58,0.75,1.34,1.65,1.61,0.37,1.59,1.13,1.11,0.29,0.99,1.83,1.17
967.78,24,0.49,1.57,1.59,0.76,1.35,1.65,1.62,0.39,1.6,1.14,1.11,0.29,1.01,1.83,1.18
968.78,24,0.48,1.55,1.58,0.76,1.35,1.66,1.62,0.38,1.59,1.13,1.11,0.29,0.99,1.83,1.16
969.8,24,0.49,1.57,1.59,0.77,1.35,1.66,1.63,0.38,1.6,1.13,1.11,0.3,1,1.83,1.18
970.8,24,0.48,1.56,1.58,0.76,1.34,1.65,1.63,0.38,1.59,1.13,1.11,0.3,0.99,1.83,1.18
971.8,24,0.49,1.56,1.58,0.77,1.35,1.65,1.62,0.38,1.59,1.13,1.11,0.29,1,1.82,1.17
972.8,24,0.48,1.56,1.59,0.76,1.35,1.66,1.61,0.38,1.59,1.13,1.1,0.29,1,1.83,1.17
973.8,24,0.49,1.56,1.59,0.77,1.34,1.66,1.62,0.38,1.59,1.14,1.11,0.29,1.01,1.83,1.17
974.8,24,0.5,1.57,1.59,0.77,1.36,1.66,1.63,0.39,1.59,1.14,1.12,0.31,1,1.84,1.18
975.8,24,0.49,1.57,1.6,0.77,1.35,1.65,1.63,0.39,1.6,1.14,1.11,0.3,1,1.83,1.18
976.82,24,0.49,1.56,1.6,0.77,1.36,1.67,1.63,0.39,1.6,1.14,1.11,0.3,1,1.83,1.18
977.82,24,0.49,1.56,1.6,0.77,1.35,1.65,1.63,0.4,1.6,1.14,1.11,0.3,1.01,1.82,1.18
978.82,24,0.49,1.57,1.6,0.77,1.35,1.64,1.62,0.39,1.59,1.14,1.11,0.3,1.01,1.83,1.18
979.82,24,0.49,1.57,1.59,0.77,1.36,1.66,1.62,0.39,1.6,1.15,1.11,0.3,1.01,1.84,1.19
980.83,24,0.5,1.57,1.61,0.77,1.36,1.67,1.64,0.39,1.61,1.15,1.11,0.3,1.02,1.84,1.19
981.83,24,0.49,1.57,1.6,0.77,1.35,1.66,1.63,0.38,1.6,1.13,1.11,0.3,1.01,1.82,1.19
982.83,24,0.5,1.57,1.61,0.77,1.36,1.67,1.64,0.39,1.6,1.14,1.12,0.31,1.01,1.84,1.19
983.83,24,0.5,1.57,1.59,0.76,1.35,1.66,1.62,0.38,1.6,1.15,1.11,0.3,1.01,1.83,1.18
984.83,24,0.49,1.57,1.59,0.78,1.36,1.67,1.64,0.39,1.61,1.14,1.12,0.29,1.01,1.84,1.18
985.85,24,0.49,1.56,1.58,0.77,1.36,1.65,1.63,0.4,1.6,1.13,1.12,0.29,1.01,1.83,1.18
986.85,24,0.48,1.56,1.58,0.77,1.35,1.65,1.63,0.38,1.58,1.14,1.11,0.29,1,1.84,1.18
987.85,24,0.49,1.56,1.59,0.77,1.35,1.66,1.62,0.38,1.6,1.14,1.12,0.3,1,1.84,1.19
988.85,24,0.48,1.55,1.59,0.76,1.35,1.66,1.63,0.38,1.59,1.14,1.11,0.29,1,1.83,1.18
989.85,24,0.48,1.56,1.59,0.77,1.35,1.65,1.62,0.39,1.58,1.13,1.11,0.29,1,1.84,1.18
990.85,24,0.49,1.57,1.59,0.77,1.35,1.66,1.63,0.39,1.6,1.14,1.11,0.29,1.01,1.83,1.18
991.85,24,0.49,1.57,1.59,0.77,1.36,1.67,1.62,0.39,1.6,1.14,1.12,0.3,1,1.84,1.17
992.85,24,0.47,1.55,1.59,0.75,1.34,1.65,1.61,0.38,1.58,1.13,1.11,0.3,1,1.82,1.17
993.87,24,0.48,1.56,1.58,0.75,1.35,1.65,1.62,0.37,1.58,1.13,1.11,0.3,1,1.82,1.18
994.87,24,0.48,1.56,1.59,0.76,1.35,1.64,1.62,0.38,1.59,1.13,1.11,0.3,1,1.82,1.17
995.87,24,0.49,1.57,1.58,0.76,1.35,1.65,1.62,0.38,1.59,1.14,1.11,0.3,1.01,1.83,1.17
996.87,24,0.48,1.56,1.58,0.76,1.34,1.67,1.61,0.37,1.6,1.14,1.11,0.29,1.01,1.83,1.17
997.87,24,0.49,1.56,1.58,0.77,1.35,1.65,1.63,0.38,1.59,1.14,1.11,0.29,1.01,1.82,1.18
998.88,24,0.48,1.56,1.59,0.76,1.35,1.67,1.62,0.38,1.59,1.14,1.11,0.29,1.01,1.84,1.18
999.88,24,0.49,1.56,1.59,0.76,1.34,1.65,1.62,0.38,1.59,1.14,1.1,0.29,0.99,1.83,1.17
1000.88,24,0.47,1.56,1.58,0.75,1.34,1.65,1.61,0.37,1.58,1.13,1.11,0.28,0.99,1.82,1.16
1001.88,24,0.48,1.56,1.58,0.75,1.34,1.66,1.62,0.37,1.59,1.13,1.11,0.29,1,1.82,1.17
1002.88,24,0.5,1.56,1.59,0.76,1.34,1.66,1.62,0.38,1.6,1.14,1.11,0.3,1.01,1.82,1.17
1003.88,24,0.49,1.56,1.59,0.77,1.35,1.65,1.62,0.39,1.6,1.14,1.12,0.3,1,1.83,1.18
1004.9,24,0.49,1.57,1.59,0.77,1.35,1.67,1.63,0.38,1.59,1.13,1.11,0.3,1.01,1.83,1.18
1005.9,24,0.49,1.56,1.6,0.76,1.35,1.65,1.62,0.39,1.6,1.14,1.1,0.29,1.01,1.82,1.18
1006.9,24,0.5,1.57,1.61,0.77,1.36,1.66,1.63,0.4,1.6,1.15,1.12,0.3,1.01,1.83,1.18
1007.9,24,0.5,1.57,1.61,0.78,1.36,1.67,1.63,0.39,1.61,1.15,1.11,0.31,1.02,1.85,1.19
1008.9,24,0.5,1.57,1.59,0.77,1.35,1.66,1.63,0.39,1.6,1.15,1.12,0.3,1,1.83,1.18
1009.9,24,0.5,1.57,1.6,0.77,1.36,1.66,1.63,0.39,1.61,1.14,1.11,0.29,1.01,1.84,1.19
1010.9,24,0.5,1.57,1.61,0.77,1.36,1.67,1.64,0.4,1.61,1.15,1.13,0.32,1.02,1.85,1.19
1011.92,24,0.49,1.57,1.6,0.77,1.35,1.65,1.63,0.39,1.59,1.14,1.11,0.3,1.02,1.83,1.18
1012.92,24,0.5,1.57,1.6,0.77,1.36,1.65,1.63,0.39,1.59,1.15,1.12,0.3,1,1.84,1.18
1013.92,24,0.49,1.55,1.58,0.76,1.35,1.65,1.62,0.38,1.6,1.14,1.11,0.29,1,1.84,1.18
1014.93,24,0.48,1.55,1.58,0.76,1.35,1.66,1.63,0.39,1.59,1.13,1.11,0.3,1,1.83,1.17
1015.93,24,0.48,1.56,1.57,0.77,1.35,1.65,1.62,0.38,1.58,1.13,1.11,0.29,0.99,1.84,1.17
1016.93,24,0.48,1.55,1.57,0.75,1.34,1.65,1.61,0.37,1.59,1.13,1.11,0.28,1,1.82,1.17
1017.93,24,0.48,1.56,1.58,0.75,1.35,1.66,1.63,0.39,1.58,1.13,1.11,0.28,1,1.84,1.17
1018.93,24,0.49,1.57,1.59,0.76,1.35,1.66,1.63,0.39,1.6,1.13,1.11,0.3,1.01,1.83,1.17
1019.93,24,0.47,1.55,1.58,0.76,1.35,1.65,1.61,0.38,1.59,1.13,1.11,0.29,0.99,1.81,1.17
1020.93,24,0.49,1.56,1.58,0.76,1.34,1.66,1.62,0.38,1.59,1.14,1.11,0.3,1,1.84,1.17
1021.93,24,0.48,1.56,1.58,0.74,1.34,1.65,1.62,0.38,1.58,1.13,1.11,0.29,1,1.83,1.17
1022.95,24,0.48,1.56,1.58,0.76,1.34,1.66,1.62,0.38,1.6,1.14,1.11,0.3,0.99,1.83,1.17
1023.95,24,0.48,1.55,1.57,0.76,1.34,1.66,1.62,0.38,1.59,1.12,1.11,0.29,0.99,1.83,1.17
1024.95,24,0.48,1.56,1.58,0.75,1.35,1.65,1.63,0.38,1.59,1.13,1.11,0.29,1,1.82,1.17
1025.95,24,0.49,1.55,1.58,0.76,1.35,1.64,1.62,0.38,1.59,1.13,1.11,0.3,0.99,1.83,1.18
1026.95,24,0.48,1.56,1.58,0.76,1.34,1.65,1.63,0.38,1.58,1.13,1.11,0.29,1,1.83,1.17
1027.95,24,0.48,1.56,1.59,0.76,1.35,1.66,1.62,0.38,1.58,1.12,1.11,0.28,0.98,1.82,1.17
1028.95,24,0.47,1.54,1.58,0.74,1.34,1.64,1.61,0.37,1.57,1.13,1.11,0.29,0.98,1.82,1.17
1029.95,24,0.49,1.57,1.59,0.76,1.36,1.66,1.62,0.39,1.59,1.14,1.12,0.3,1,1.83,1.18
1030.95,24,0.48,1.56,1.59,0.76,1.35,1.66,1.62,0.38,1.6,1.13,1.11,0.29,1,1.83,1.16
1031.97,24,0.49,1.56,1.59,0.76,1.35,1.66,1.62,0.39,1.59,1.14,1.11,0.3,1.01,1.83,1.18
1032.97,24,0.49,1.55,1.58,0.76,1.34,1.64,1.62,0.38,1.59,1.13,1.1,0.29,1,1.82,1.17
1033.97,24,0.49,1.57,1.6,0.77,1.35,1.67,1.62,0.39,1.59,1.14,1.11,0.3,1.01,1.83,1.18
1034.97,24,0.49,1.57,1.59,0.77,1.35,1.65,1.62,0.38,1.6,1.13,1.11,0.29,1.01,1.83,1.17
1035.97,24,0.49,1.57,1.6,0.77,1.36,1.67,1.62,0.39,1.6,1.14,1.11,0.3,1.02,1.84,1.18
1036.97,24,0.48,1.56,1.58,0.77,1.35,1.66,1.63,0.38,1.59,1.12,1.11,0.3,1.01,1.82,1.16
1037.98,24,0.49,1.56,1.59,0.76,1.35,1.65,1.63,0.39,1.6,1.13,1.11,0.3,1.01,1.84,1.17
1038.98,24,0.5,1.57,1.6,0.77,1.36,1.66,1.64,0.4,1.61,1.15,1.11,0.31,1.01,1.84,1.19
1039.98,24,0.5,1.57,1.61,0.77,1.36,1.66,1.64,0.4,1.6,1.15,1.11,0.3,1.02,1.85,1.18
1040.98,24,0.5,1.57,1.6,0.77,1.36,1.67,1.62,0.38,1.6,1.14,1.11,0.3,1.01,1.83,1.17
1042,24,0.5,1.57,1.6,0.77,1.36,1.67,1.62,0.38,1.59,1.15,1.11,0.29,1,1.84,1.18
1043,24,0.49,1.56,1.59,0.77,1.35,1.66,1.62,0.39,1.6,1.13,1.11,0.29,1,1.84,1.18
1044,24,0.49,1.57,1.59,0.77,1.36,1.66,1.63,0.38,1.6,1.14,1.12,0.3,1.01,1.84,1.17
1045,24,0.48,1.55,1.58,0.77,1.35,1.65,1.62,0.38,1.59,1.13,1.11,0.3,0.98,1.82,1.17
1046,24,0.48,1.55,1.57,0.76,1.35,1.64,1.62,0.38,1.59,1.12,1.11,0.29,1,1.83,1.16
1047,24,0.48,1.56,1.58,0.78,1.35,1.66,1.61,0.39,1.6,1.14,1.11,0.29,1,1.82,1.17
1048.02,24,0.49,1.57,1.59,0.78,1.35,1.66,1.62,0.39,1.59,1.13,1.11,0.3,1,1.83,1.18
1049.02,24,0.48,1.55,1.58,0.75,1.34,1.66,1.62,0.39,1.59,1.13,1.12,0.3,1.01,1.82,1.18
1050.02,24,0.48,1.56,1.58,0.77,1.34,1.66,1.62,0.38,1.6,1.14,1.11,0.3,1.01,1.83,1.18
1051.02,24,0.48,1.56,1.59,0.77,1.35,1.66,1.62,0.39,1.59,1.13,1.11,0.3,1,1.84,1.17
1052.03,24,0.49,1.56,1.59,0.77,1.36,1.66,1.63,0.39,1.6,1.14,1.11,0.31,1,1.84,1.18
1053.03,24,0.48,1.54,1.57,0.75,1.34,1.65,1.62,0.38,1.58,1.13,1.11,0.29,1,1.82,1.17
1054.03,24,0.49,1.56,1.58,0.76,1.35,1.66,1.63,0.39,1.59,1.13,1.11,0.3,1,1.82,1.17
1055.03,24,0.48,1.54,1.58,0.76,1.34,1.64,1.61,0.37,1.58,1.13,1.11,0.29,0.99,1.82,1.17
1056.03,24,0.48,1.55,1.58,0.75,1.35,1.66,1.62,0.38,1.59,1.12,1.11,0.28,1,1.82,1.17
1057.03,24,0.48,1.56,1.57,0.75,1.34,1.65,1.62,0.38,1.59,1.13,1.11,0.29,0.99,1.82,1.17
1058.05,24,0.49,1.56,1.58,0.77,1.36,1.67,1.63,0.39,1.6,1.14,1.11,0.31,1.01,1.83,1.18
1059.05,24,0.49,1.56,1.59,0.75,1.34,1.64,1.61,0.37,1.59,1.13,1.11,0.3,0.99,1.83,1.17
1060.05,24,0.48,1.56,1.58,0.76,1.34,1.65,1.62,0.37,1.59,1.13,1.1,0.29,0.99,1.82,1.16
1061.05,24,0.49,1.57,1.59,0.75,1.34,1.65,1.63,0.39,1.59,1.14,1.11,0.3,1,1.83,1.17
1062.05,24,0.49,1.57,1.6,0.76,1.36,1.66,1.63,0.39,1.6,1.13,1.11,0.3,1.01,1.84,1.19
1063.05,24,0.49,1.56,1.58,0.76,1.35,1.64,1.61,0.37,1.59,1.14,1.1,0.28,0.99,1.83,1.17
1064.07,24,0.49,1.57,1.6,0.76,1.34,1.66,1.62,0.39,1.59,1.14,1.11,0.29,1.01,1.84,1.18
1065.07,24,0.5,1.57,1.59,0.77,1.36,1.67,1.64,0.4,1.6,1.15,1.12,0.31,1.02,1.85,1.19
1066.07,24,0.5,1.57,1.6,0.77,1.35,1.65,1.62,0.38,1.59,1.13,1.12,0.29,1.01,1.83,1.18
1067.07,24,0.5,1.57,1.61,0.78,1.36,1.66,1.63,0.39,1.6,1.14,1.11,0.31,1.01,1.84,1.18
1068.08,24,0.5,1.57,1.6,0.76,1.36,1.67,1.63,0.39,1.6,1.15,1.11,0.3,1.01,1.83,1.18
1069.08,24,0.5,1.57,1.62,0.78,1.37,1.67,1.63,0.4,1.61,1.14,1.12,0.31,1.02,1.85,1.19
1070.08,24,0.5,1.57,1.59,0.77,1.36,1.66,1.63,0.39,1.6,1.14,1.11,0.31,1.01,1.84,1.18
1071.1,24,0.5,1.57,1.6,0.77,1.37,1.67,1.63,0.39,1.61,1.15,1.11,0.3,1.01,1.83,1.18
1072.1,24,0.48,1.56,1.58,0.77,1.35,1.66,1.62,0.38,1.59,1.14,1.11,0.3,1,1.83,1.18
1073.1,24,0.48,1.55,1.58,0.76,1.35,1.65,1.62,0.38,1.57,1.12,1.11,0.28,1.01,1.82,1.17
1074.1,24,0.48,1.56,1.58,0.76,1.35,1.65,1.62,0.39,1.59,1.13,1.11,0.3,0.99,1.83,1.17
1075.12,24,0.49,1.56,1.59,0.77,1.36,1.66,1.63,0.39,1.6,1.14,1.11,0.3,1.01,1.83,1.18
1076.12,24,0.48,1.55,1.58,0.76,1.35,1.66,1.62,0.38,1.59,1.13,1.11,0.29,1,1.83,1.17
1077.12,24,0.48,1.56,1.58,0.76,1.34,1.66,1.62,0.38,1.59,1.13,1.11,0.29,0.99,1.82,1.16
1078.12,24,0.49,1.56,1.6,0.76,1.36,1.65,1.63,0.39,1.6,1.13,1.11,0.29,1.01,1.82,1.17
1079.12,24,0.49,1.57,1.58,0.77,1.35,1.66,1.62,0.39,1.58,1.14,1.11,0.28,1.01,1.83,1.17
1080.12,24,0.48,1.55,1.58,0.75,1.34,1.65,1.6,0.38,1.59,1.13,1.11,0.29,1,1.82,1.16
1081.12,24,0.48,1.56,1.58,0.75,1.34,1.65,1.61,0.38,1.59,1.13,1.11,0.29,1,1.82,1.16
1082.12,24,0.49,1.55,1.58,0.76,1.35,1.65,1.61,0.38,1.6,1.14,1.11,0.29,1,1.83,1.17
1083.12,24,0.49,1.56,1.59,0.77,1.35,1.65,1.62,0.38,1.59,1.14,1.11,0.29,1,1.83,1.18
1084.12,24,0.48,1.56,1.59,0.75,1.35,1.65,1.62,0.37,1.59,1.13,1.1,0.29,0.99,1.82,1.17
1085.12,24,0.49,1.55,1.58,0.75,1.35,1.64,1.61,0.37,1.58,1.13,1.11,0.29,0.99,1.82,1.17
1086.13,24,0.48,1.56,1.58,0.76,1.35,1.65,1.62,0.37,1.59,1.13,1.11,0.29,1,1.83,1.17
1087.13,24,0.48,1.56,1.59,0.75,1.34,1.65,1.61,0.37,1.59,1.13,1.11,0.29,1,1.82,1.17
1088.13,24,0.49,1.57,1.59,0.77,1.35,1.65,1.63,0.39,1.6,1.14,1.12,0.29,1,1.83,1.18
1089.15,24,0.49,1.55,1.6,0.76,1.36,1.66,1.63,0.38,1.59,1.13,1.11,0.31,1.01,1.84,1.18
1090.15,24,0.49,1.56,1.59,0.77,1.34,1.65,1.62,0.37,1.59,1.13,1.11,0.29,1,1.82,1.17
1091.15,24,0.5,1.56,1.6,0.76,1.36,1.67,1.63,0.39,1.61,1.14,1.11,0.3,1.01,1.84,1.18
1092.15,24,0.49,1.55,1.58,0.76,1.35,1.65,1.62,0.37,1.59,1.13,1.1,0.3,1.01,1.83,1.17
1093.15,24,0.5,1.56,1.59,0.76,1.36,1.66,1.63,0.39,1.59,1.13,1.11,0.3,0.99,1.83,1.17
1094.15,24,0.49,1.56,1.59,0.76,1.35,1.66,1.62,0.39,1.6,1.14,1.11,0.29,1.01,1.83,1.17
1095.15,24,0.49,1.57,1.59,0.76,1.36,1.66,1.63,0.38,1.59,1.13,1.1,0.3,1.01,1.83,1.17
1096.17,24,0.5,1.57,1.61,0.78,1.36,1.66,1.63,0.39,1.6,1.15,1.11,0.31,1.01,1.84,1.18
1097.17,24,0.5,1.57,1.61,0.78,1.37,1.67,1.63,0.4,1.61,1.15,1.12,0.31,1.02,1.85,1.19
1098.17,24,0.5,1.57,1.6,0.77,1.35,1.67,1.64,0.39,1.61,1.16,1.12,0.31,1.02,1.84,1.19
1099.17,24,0.5,1.57,1.59,0.77,1.36,1.67,1.63,0.39,1.6,1.14,1.11,0.3,1.01,1.84,1.19
1100.17,24,0.48,1.55,1.59,0.77,1.35,1.66,1.63,0.39,1.6,1.14,1.11,0.3,0.99,1.83,1.17
1101.17,24,0.49,1.56,1.58,0.77,1.36,1.66,1.63,0.39,1.59,1.14,1.11,0.3,1,1.83,1.18
1102.17,24,0.48,1.55,1.59,0.77,1.35,1.67,1.62,0.39,1.59,1.14,1.11,0.3,1.01,1.82,1.17
1103.18,24,0.48,1.56,1.58,0.76,1.35,1.66,1.62,0.39,1.59,1.12,1.12,0.29,1,1.84,1.17
1104.18,24,0.48,1.55,1.58,0.76,1.34,1.65,1.62,0.38,1.6,1.13,1.11,0.29,1,1.82,1.17
1105.18,24,0.48,1.55,1.58,0.76,1.35,1.65,1.62,0.39,1.59,1.14,1.11,0.29,1,1.83,1.18
1106.18,24,0.48,1.55,1.59,0.76,1.35,1.65,1.62,0.38,1.59,1.14,1.11,0.29,1,1.82,1.17
1107.18,24,0.48,1.54,1.57,0.76,1.34,1.65,1.62,0.38,1.59,1.14,1.11,0.29,1,1.83,1.17
1108.18,24,0.48,1.55,1.58,0.76,1.35,1.65,1.61,0.38,1.59,1.13,1.11,0.29,1,1.83,1.18
1109.18,24,0.48,1.56,1.57,0.75,1.33,1.65,1.61,0.37,1.58,1.13,1.11,0.28,0.98,1.82,1.17
1110.18,24,0.48,1.55,1.58,0.76,1.35,1.64,1.61,0.38,1.58,1.13,1.11,0.28,1,1.83,1.17
1111.18,24,0.48,1.55,1.58,0.75,1.33,1.64,1.62,0.38,1.59,1.13,1.11,0.29,1,1.82,1.17
1112.2,24,0.48,1.54,1.59,0.76,1.33,1.65,1.62,0.37,1.58,1.13,1.11,0.29,1,1.82,1.17
1113.2,24,0.48,1.55,1.59,0.76,1.34,1.65,1.62,0.38,1.59,1.13,1.11,0.29,1,1.82,1.17
1114.2,24,0.49,1.56,1.59,0.76,1.34,1.65,1.62,0.38,1.58,1.13,1.11,0.3,1.01,1.82,1.17
1115.2,24,0.49,1.55,1.59,0.77,1.35,1.65,1.63,0.38,1.6,1.15,1.11,0.29,1,1.82,1.17
1116.2,24,0.49,1.56,1.59,0.76,1.35,1.65,1.62,0.38,1.58,1.13,1.11,0.29,1,1.82,1.17
1117.22,24,0.47,1.56,1.59,0.76,1.34,1.65,1.61,0.37,1.59,1.14,1.11,0.29,1,1.82,1.17
1118.22,24,0.48,1.57,1.58,0.76,1.35,1.64,1.61,0.38,1.59,1.13,1.11,0.29,1,1.82,1.18
1119.22,24,0.49,1.55,1.58,0.76,1.35,1.65,1.62,0.38,1.59,1.13,1.1,0.29,1,1.82,1.17
1120.23,24,0.49,1.57,1.58,0.76,1.35,1.66,1.63,0.38,1.58,1.13,1.1,0.29,1,1.82,1.17
1121.23,24,0.48,1.56,1.59,0.76,1.35,1.66,1.62,0.37,1.59,1.14,1.1,0.3,1,1.83,1.17
1122.23,24,0.49,1.57,1.59,0.77,1.35,1.66,1.63,0.38,1.6,1.14,1.11,0.3,1.01,1.83,1.18
1123.23,24,0.5,1.57,1.59,0.77,1.35,1.66,1.63,0.39,1.59,1.14,1.12,0.3,1.01,1.84,1.19
1124.25,24,0.49,1.57,1.6,0.76,1.36,1.66,1.63,0.39,1.59,1.14,1.11,0.29,1,1.82,1.17
1125.25,24,0.5,1.57,1.59,0.77,1.37,1.66,1.63,0.39,1.6,1.14,1.11,0.29,1.01,1.83,1.18
1126.25,24,0.49,1.57,1.6,0.76,1.36,1.66,1.63,0.39,1.6,1.14,1.11,0.31,1.01,1.84,1.18
1127.25,24,0.5,1.57,1.6,0.77,1.35,1.66,1.63,0.38,1.59,1.14,1.11,0.3,1,1.83,1.18
1128.25,24,0.5,1.57,1.6,0.78,1.37,1.67,1.63,0.4,1.6,1.15,1.11,0.3,1.02,1.84,1.19
1129.25,24,0.5,1.57,1.59,0.78,1.36,1.66,1.64,0.4,1.61,1.14,1.12,0.3,1.01,1.84,1.19
1130.27,24,0.48,1.56,1.59,0.77,1.36,1.65,1.62,0.39,1.59,1.13,1.12,0.3,0.99,1.83,1.18
1131.27,24,0.49,1.55,1.59,0.77,1.35,1.66,1.62,0.39,1.59,1.13,1.11,0.29,1,1.83,1.18
1132.27,24,0.48,1.56,1.58,0.77,1.35,1.64,1.61,0.38,1.58,1.13,1.11,0.28,0.99,1.83,1.17
1133.27,24,0.48,1.56,1.58,0.75,1.34,1.65,1.62,0.38,1.59,1.13,1.11,0.28,1,1.82,1.17
1134.27,24,0.48,1.55,1.59,0.76,1.34,1.64,1.62,0.39,1.58,1.13,1.11,0.3,0.99,1.82,1.17
1135.27,24,0.47,1.55,1.58,0.75,1.34,1.64,1.61,0.37,1.57,1.12,1.1,0.28,0.99,1.82,1.16
1136.27,24,0.48,1.55,1.59,0.76,1.34,1.65,1.61,0.39,1.58,1.13,1.11,0.3,0.99,1.82,1.16
1137.28,24,0.48,1.54,1.57,0.75,1.35,1.64,1.61,0.38,1.58,1.12,1.11,0.29,0.99,1.82,1.17
1138.28,24,0.48,1.55,1.58,0.75,1.34,1.65,1.61,0.37,1.58,1.13,1.11,0.3,0.99,1.83,1.17
1139.28,24,0.48,1.55,1.59,0.76,1.35,1.65,1.61,0.38,1.59,1.12,1.11,0.3,1,1.83,1.16
1140.28,24,0.47,1.54,1.57,0.75,1.34,1.64,1.61,0.37,1.57,1.12,1.1,0.28,0.98,1.8,1.16
1141.28,24,0.49,1.56,1.59,0.76,1.35,1.64,1.63,0.39,1.59,1.14,1.11,0.29,1.01,1.83,1.16
1142.28,24,0.49,1.56,1.58,0.76,1.35,1.65,1.62,0.38,1.59,1.13,1.11,0.3,0.99,1.82,1.17
1143.28,24,0.5,1.56,1.58,0.77,1.35,1.66,1.63,0.39,1.6,1.14,1.11,0.3,1,1.83,1.17
1144.28,24,0.49,1.56,1.58,0.77,1.35,1.64,1.63,0.38,1.59,1.13,1.11,0.29,1,1.82,1.17
1145.28,24,0.49,1.55,1.58,0.77,1.34,1.64,1.62,0.38,1.59,1.13,1.11,0.3,1,1.83,1.18
1146.3,24,0.49,1.56,1.59,0.77,1.35,1.66,1.62,0.39,1.59,1.14,1.11,0.29,1,1.82,1.17
1147.3,24,0.49,1.56,1.6,0.76,1.35,1.66,1.62,0.39,1.59,1.13,1.11,0.29,1.01,1.83,1.18
1148.3,24,0.48,1.57,1.59,0.76,1.35,1.66,1.62,0.39,1.59,1.13,1.11,0.3,1.01,1.84,1.17
1149.3,24,0.49,1.56,1.58,0.77,1.35,1.65,1.63,0.37,1.59,1.14,1.11,0.29,1,1.83,1.17
1150.32,24,0.5,1.56,1.6,0.77,1.35,1.66,1.63,0.39,1.59,1.14,1.11,0.31,1,1.84,1.18
1151.32,24,0.49,1.57,1.6,0.77,1.35,1.66,1.62,0.38,1.6,1.13,1.11,0.3,1,1.83,1.18
1152.32,24,0.49,1.55,1.59,0.76,1.35,1.65,1.61,0.38,1.59,1.14,1.11,0.29,0.99,1.82,1.17
1153.32,24,0.49,1.57,1.6,0.77,1.35,1.67,1.62,0.38,1.6,1.13,1.11,0.29,1,1.83,1.18
1154.33,24,0.49,1.56,1.59,0.76,1.35,1.65,1.63,0.39,1.59,1.13,1.11,0.3,1,1.83,1.17
1155.33,24,0.49,1.56,1.59,0.76,1.35,1.64,1.62,0.38,1.59,1.13,1.11,0.3,1,1.82,1.17
1156.33,24,0.5,1.56,1.6,0.76,1.35,1.66,1.63,0.39,1.6,1.14,1.11,0.31,1.01,1.83,1.18
1157.33,24,0.49,1.57,1.59,0.77,1.36,1.65,1.63,0.38,1.6,1.15,1.1,0.3,1.01,1.82,1.18
1158.33,24,0.49,1.56,1.59,0.77,1.36,1.65,1.63,0.39,1.59,1.15,1.11,0.29,1,1.83,1.18
1159.35,24,0.48,1.54,1.58,0.76,1.35,1.64,1.61,0.39,1.59,1.12,1.11,0.29,0.99,1.83,1.17
1160.35,24,0.49,1.55,1.58,0.76,1.35,1.65,1.62,0.38,1.59,1.13,1.11,0.29,1,1.82,1.17
1161.35,24,0.48,1.56,1.58,0.76,1.35,1.64,1.61,0.38,1.58,1.13,1.11,0.28,0.99,1.82,1.17
1162.35,24,0.48,1.55,1.58,0.76,1.35,1.65,1.62,0.38,1.59,1.13,1.11,0.29,1,1.82,1.17
1163.35,24,0.48,1.55,1.58,0.76,1.34,1.64,1.61,0.38,1.58,1.12,1.11,0.29,0.99,1.82,1.16
1164.35,24,0.48,1.54,1.57,0.75,1.35,1.65,1.62,0.38,1.6,1.13,1.11,0.29,1,1.83,1.17
1165.37,24,0.47,1.54,1.57,0.75,1.34,1.64,1.6,0.37,1.57,1.12,1.1,0.28,0.98,1.82,1.16
1166.37,24,0.49,1.56,1.59,0.77,1.35,1.65,1.63,0.38,1.59,1.13,1.11,0.3,1.01,1.83,1.18
1167.37,24,0.48,1.55,1.58,0.76,1.35,1.65,1.61,0.37,1.59,1.14,1.1,0.29,1,1.82,1.17
1168.37,24,0.48,1.56,1.58,0.76,1.35,1.66,1.62,0.38,1.59,1.13,1.11,0.29,1,1.82,1.17
1169.38,24,0.49,1.55,1.58,0.76,1.34,1.65,1.61,0.38,1.59,1.13,1.11,0.29,0.99,1.83,1.16
1170.38,24,0.47,1.54,1.57,0.75,1.34,1.64,1.62,0.37,1.58,1.13,1.11,0.28,0.99,1.82,1.16
1171.38,24,0.47,1.56,1.58,0.75,1.35,1.65,1.61,0.38,1.58,1.13,1.1,0.29,0.99,1.82,1.17
1172.4,24,0.48,1.55,1.58,0.76,1.34,1.65,1.61,0.38,1.59,1.13,1.09,0.29,1,1.82,1.17
1173.4,24,0.49,1.56,1.58,0.76,1.35,1.65,1.62,0.38,1.59,1.12,1.11,0.29,1,1.81,1.17
1174.4,24,0.49,1.55,1.58,0.76,1.35,1.65,1.62,0.39,1.59,1.14,1.11,0.29,0.99,1.83,1.17
1175.4,24,0.48,1.56,1.59,0.76,1.35,1.64,1.61,0.37,1.58,1.13,1.11,0.29,0.99,1.82,1.17
1176.4,24,0.49,1.57,1.58,0.77,1.35,1.66,1.63,0.39,1.6,1.14,1.11,0.3,1.01,1.83,1.18
1177.4,24,0.49,1.56,1.59,0.76,1.35,1.66,1.62,0.37,1.58,1.13,1.12,0.3,1,1.82,1.17
1178.42,24,0.49,1.56,1.59,0.76,1.35,1.66,1.62,0.38,1.59,1.14,1.11,0.29,1,1.83,1.17
1179.42,24,0.49,1.56,1.6,0.77,1.35,1.65,1.62,0.39,1.6,1.14,1.11,0.3,1.01,1.83,1.17
1180.43,24,0.5,1.56,1.59,0.76,1.35,1.66,1.62,0.38,1.6,1.12,1.11,0.29,1,1.83,1.17
1181.43,24,0.5,1.57,1.59,0.77,1.35,1.66,1.63,0.39,1.6,1.14,1.11,0.3,1.01,1.83,1.18
1182.43,24,0.5,1.57,1.6,0.76,1.36,1.65,1.63,0.39,1.6,1.14,1.11,0.3,1.01,1.84,1.19
1183.43,24,0.5,1.57,1.6,0.78,1.35,1.65,1.63,0.39,1.61,1.14,1.11,0.31,1.02,1.84,1.19
1184.43,24,0.49,1.57,1.59,0.77,1.35,1.66,1.62,0.38,1.59,1.14,1.11,0.29,1,1.83,1.18
1185.43,24,0.49,1.55,1.59,0.75,1.35,1.64,1.61,0.38,1.59,1.13,1.1,0.3,1,1.83,1.17
1186.45,24,0.48,1.56,1.59,0.77,1.35,1.66,1.64,0.38,1.59,1.14,1.12,0.29,1,1.84,1.18
1187.45,24,0.48,1.56,1.58,0.76,1.35,1.66,1.62,0.38,1.58,1.13,1.11,0.29,1,1.83,1.18
1188.45,24,0.48,1.54,1.58,0.75,1.34,1.65,1.61,0.39,1.59,1.12,1.11,0.29,1,1.82,1.16
1189.45,24,0.48,1.55,1.58,0.76,1.35,1.66,1.62,0.39,1.59,1.13,1.11,0.29,1,1.83,1.17
1190.45,24,0.48,1.55,1.57,0.75,1.33,1.64,1.61,0.38,1.57,1.12,1.11,0.29,0.99,1.82,1.16
1191.47,24,0.49,1.55,1.59,0.76,1.35,1.64,1.63,0.39,1.59,1.14,1.11,0.29,1,1.83,1.17
1192.47,24,0.49,1.56,1.59,0.76,1.36,1.64,1.62,0.39,1.58,1.13,1.11,0.28,0.99,1.83,1.18
1193.47,24,0.49,1.55,1.59,0.77,1.34,1.65,1.62,0.38,1.6,1.14,1.11,0.3,1,1.83,1.18
1194.47,24,0.49,1.56,1.59,0.76,1.34,1.64,1.62,0.39,1.58,1.14,1.11,0.3,0.99,1.82,1.17
1195.47,24,0.48,1.55,1.58,0.75,1.34,1.64,1.61,0.38,1.58,1.12,1.11,0.29,0.99,1.82,1.16
1196.48,24,0.49,1.55,1.59,0.76,1.35,1.64,1.63,0.38,1.59,1.13,1.11,0.29,0.99,1.83,1.18
1197.48,24,0.48,1.55,1.58,0.75,1.35,1.66,1.62,0.38,1.58,1.13,1.1,0.29,1,1.82,1.16
1198.48,24,0.48,1.55,1.58,0.76,1.34,1.64,1.62,0.37,1.58,1.12,1.1,0.28,0.99,1.81,1.16
1199.48,24,0.48,1.56,1.59,0.75,1.34,1.65,1.61,0.39,1.58,1.13,1.11,0.29,1,1.82,1.17
1200.48,24,0.49,1.55,1.59,0.77,1.34,1.67,1.63,0.38,1.59,1.14,1.11,0.3,1,1.83,1.18
1201.5,24,0.48,1.55,1.58,0.75,1.34,1.63,1.61,0.37,1.58,1.13,1.11,0.29,0.99,1.81,1.17
1202.5,24,0.49,1.56,1.58,0.77,1.35,1.65,1.62,0.38,1.6,1.13,1.11,0.3,1.01,1.83,1.18
1203.52,24,0.49,1.57,1.59,0.77,1.35,1.65,1.62,0.38,1.58,1.14,1.11,0.29,1.01,1.82,1.17
1204.52,24,0.49,1.56,1.59,0.76,1.34,1.65,1.63,0.38,1.59,1.12,1.11,0.29,1,1.83,1.17
1205.52,24,0.48,1.56,1.58,0.76,1.35,1.66,1.62,0.38,1.58,1.14,1.11,0.29,1,1.83,1.17
1206.53,24,0.48,1.56,1.58,0.76,1.35,1.66,1.61,0.38,1.59,1.13,1.11,0.29,1.01,1.83,1.17
1207.53,24,0.5,1.57,1.6,0.76,1.36,1.66,1.63,0.38,1.6,1.14,1.11,0.31,1.01,1.83,1.18
1208.53,24,0.5,1.57,1.6,0.77,1.35,1.66,1.63,0.38,1.59,1.14,1.11,0.3,1,1.84,1.18
1209.53,24,0.5,1.57,1.6,0.78,1.36,1.67,1.63,0.39,1.6,1.15,1.11,0.32,1.02,1.83,1.19
1210.55,24,0.49,1.57,1.6,0.75,1.35,1.66,1.62,0.38,1.59,1.14,1.1,0.3,1,1.83,1.17
1211.55,24,0.49,1.56,1.59,0.77,1.34,1.66,1.61,0.38,1.58,1.14,1.1,0.29,0.99,1.83,1.17
1212.57,24,0.48,1.56,1.58,0.77,1.35,1.64,1.62,0.38,1.59,1.13,1.11,0.29,1,1.82,1.18
1213.57,24,0.48,1.55,1.58,0.77,1.35,1.65,1.62,0.38,1.59,1.12,1.11,0.29,0.99,1.83,1.17
1214.57,24,0.48,1.55,1.58,0.75,1.34,1.64,1.61,0.37,1.58,1.12,1.11,0.28,0.98,1.81,1.17
1215.57,24,0.48,1.54,1.58,0.77,1.35,1.65,1.62,0.39,1.59,1.14,1.11,0.3,0.99,1.83,1.17
1216.58,24,0.47,1.54,1.57,0.75,1.35,1.65,1.61,0.38,1.59,1.12,1.11,0.29,0.99,1.82,1.16
1217.58,24,0.48,1.55,1.57,0.75,1.34,1.64,1.6,0.38,1.58,1.12,1.11,0.29,0.98,1.81,1.16
1218.58,24,0.49,1.55,1.59,0.77,1.36,1.65,1.63,0.38,1.59,1.13,1.11,0.3,1,1.82,1.17
1219.6,24,0.49,1.55,1.58,0.76,1.34,1.65,1.63,0.38,1.59,1.14,1.11,0.28,1,1.81,1.17
1220.6,24,0.47,1.55,1.57,0.76,1.34,1.63,1.61,0.37,1.59,1.11,1.1,0.28,0.98,1.81,1.16
1221.6,24,0.48,1.56,1.58,0.75,1.34,1.65,1.62,0.38,1.59,1.13,1.1,0.29,1,1.83,1.17
1222.6,24,0.48,1.55,1.58,0.75,1.34,1.64,1.61,0.38,1.59,1.13,1.1,0.29,1,1.81,1.16
1223.62,24,0.48,1.55,1.58,0.76,1.34,1.63,1.61,0.37,1.59,1.13,1.1,0.29,0.98,1.81,1.16
1224.62,24,0.49,1.56,1.58,0.77,1.35,1.65,1.62,0.38,1.59,1.14,1.11,0.29,1,1.82,1.17
1225.62,24,0.49,1.56,1.59,0.76,1.34,1.65,1.62,0.39,1.59,1.13,1.11,0.3,1.01,1.83,1.17
1226.62,24,0.49,1.56,1.59,0.76,1.35,1.64,1.62,0.37,1.57,1.13,1.11,0.29,1,1.82,1.17
1227.63,24,0.48,1.56,1.58,0.76,1.34,1.66,1.61,0.38,1.59,1.13,1.1,0.29,0.99,1.82,1.16
1228.63,24,0.49,1.56,1.58,0.76,1.35,1.66,1.63,0.39,1.59,1.14,1.11,0.3,1,1.82,1.18
1229.65,24,0.5,1.56,1.59,0.76,1.35,1.65,1.62,0.38,1.59,1.13,1.11,0.3,1,1.83,1.17
1230.65,24,0.49,1.56,1.58,0.76,1.34,1.65,1.62,0.38,1.59,1.14,1.11,0.29,1.01,1.83,1.17
1231.65,24,0.5,1.56,1.59,0.77,1.36,1.65,1.62,0.39,1.6,1.14,1.11,0.3,1.01,1.84,1.17
1232.65,24,0.49,1.55,1.59,0.75,1.35,1.65,1.61,0.38,1.59,1.14,1.11,0.3,1.01,1.83,1.17
1233.67,24,0.49,1.56,1.59,0.76,1.35,1.65,1.61,0.38,1.59,1.13,1.11,0.3,1,1.84,1.18
1234.67,24,0.5,1.57,1.6,0.77,1.36,1.67,1.64,0.39,1.61,1.14,1.11,0.31,1.01,1.84,1.18
1235.67,24,0.49,1.56,1.59,0.76,1.35,1.65,1.62,0.38,1.6,1.14,1.11,0.3,1,1.83,1.18
1236.67,24,0.49,1.56,1.59,0.76,1.35,1.65,1.63,0.38,1.6,1.14,1.11,0.29,1,1.82,1.18
1237.67,24,0.5,1.57,1.6,0.77,1.36,1.66,1.64,0.4,1.6,1.15,1.12,0.3,1.01,1.83,1.19
1238.68,24,0.49,1.57,1.58,0.77,1.35,1.66,1.62,0.39,1.59,1.14,1.1,0.3,1,1.82,1.17
1239.68,24,0.48,1.56,1.58,0.77,1.35,1.65,1.63,0.38,1.59,1.13,1.11,0.3,1,1.82,1.17
1240.68,24,0.48,1.55,1.59,0.76,1.36,1.65,1.62,0.39,1.59,1.14,1.11,0.3,0.99,1.82,1.17
1241.68,24,0.46,1.54,1.57,0.75,1.34,1.64,1.6,0.37,1.58,1.12,1.1,0.28,0.99,1.82,1.15
1242.68,24,0.47,1.54,1.57,0.76,1.34,1.64,1.61,0.37,1.57,1.11,1.1,0.28,0.98,1.82,1.16
1243.7,24,0.48,1.56,1.58,0.76,1.35,1.64,1.62,0.39,1.59,1.14,1.11,0.3,1,1.83,1.17
1244.7,24,0.47,1.55,1.57,0.75,1.34,1.64,1.61,0.37,1.58,1.12,1.1,0.29,0.99,1.82,1.17
1245.7,24,0.48,1.55,1.59,0.77,1.35,1.66,1.63,0.39,1.59,1.14,1.11,0.29,1,1.82,1.18
1246.7,24,0.48,1.56,1.58,0.77,1.34,1.63,1.62,0.38,1.58,1.14,1.11,0.29,1,1.82,1.17
1247.7,24,0.48,1.55,1.58,0.75,1.34,1.65,1.61,0.38,1.58,1.13,1.1,0.29,0.99,1.82,1.16
1248.7,24,0.48,1.55,1.58,0.76,1.35,1.65,1.62,0.39,1.58,1.13,1.11,0.29,1,1.82,1.17
1249.7,24,0.49,1.55,1.58,0.76,1.35,1.65,1.62,0.38,1.59,1.13,1.1,0.29,1,1.83,1.17
1250.72,24,0.48,1.55,1.58,0.76,1.34,1.65,1.62,0.38,1.6,1.13,1.11,0.29,1.01,1.82,1.16
1251.72,24,0.47,1.55,1.57,0.76,1.34,1.65,1.61,0.37,1.59,1.13,1.11,0.28,0.99,1.82,1.16
1252.72,24,0.48,1.55,1.59,0.76,1.35,1.65,1.62,0.38,1.58,1.13,1.1,0.29,0.99,1.81,1.18
1253.72,24,0.48,1.55,1.58,0.76,1.34,1.65,1.62,0.38,1.58,1.13,1.11,0.29,1,1.82,1.16
1254.72,24,0.49,1.56,1.59,0.76,1.35,1.66,1.61,0.38,1.59,1.13,1.11,0.29,1.01,1.81,1.17
1255.72,24,0.49,1.56,1.59,0.77,1.35,1.66,1.62,0.38,1.59,1.14,1.11,0.3,1,1.84,1.17
1256.72,24,0.47,1.55,1.57,0.74,1.34,1.64,1.61,0.37,1.57,1.12,1.11,0.28,0.99,1.81,1.16
1257.73,24,0.49,1.56,1.58,0.76,1.34,1.65,1.62,0.37,1.59,1.13,1.11,0.29,1,1.83,1.16
1258.73,24,0.48,1.56,1.59,0.75,1.35,1.65,1.62,0.38,1.59,1.13,1.11,0.29,1.01,1.82,1.17
1259.73,24,0.5,1.56,1.59,0.77,1.35,1.66,1.62,0.4,1.6,1.13,1.11,0.3,1,1.83,1.17
1260.73,24,0.49,1.55,1.59,0.76,1.34,1.65,1.62,0.37,1.59,1.13,1.1,0.29,1,1.83,1.16
1261.73,24,0.49,1.57,1.59,0.76,1.35,1.64,1.62,0.37,1.6,1.13,1.11,0.3,1,1.82,1.18
1262.73,24,0.49,1.54,1.59,0.76,1.34,1.65,1.61,0.38,1.58,1.12,1.1,0.29,0.99,1.82,1.17
1263.75,24,0.49,1.56,1.6,0.76,1.35,1.64,1.62,0.39,1.58,1.13,1.11,0.29,1,1.82,1.17
1264.75,24,0.5,1.56,1.6,0.77,1.36,1.66,1.63,0.38,1.59,1.14,1.11,0.3,1,1.83,1.18
1265.75,24,0.5,1.57,1.6,0.77,1.36,1.66,1.63,0.39,1.59,1.14,1.11,0.3,1.01,1.83,1.18
1266.77,24,0.49,1.56,1.59,0.77,1.35,1.65,1.63,0.38,1.6,1.14,1.11,0.3,1,1.82,1.17
1267.77,24,0.49,1.56,1.59,0.77,1.35,1.67,1.62,0.38,1.6,1.14,1.11,0.3,0.99,1.83,1.18
1268.77,24,0.48,1.54,1.59,0.76,1.35,1.65,1.63,0.38,1.58,1.13,1.11,0.29,0.99,1.83,1.17
1269.77,24,0.48,1.55,1.58,0.76,1.34,1.65,1.61,0.38,1.58,1.13,1.11,0.29,0.99,1.82,1.17
1270.77,24,0.48,1.55,1.57,0.77,1.35,1.65,1.62,0.38,1.59,1.13,1.11,0.29,0.99,1.81,1.17
1271.77,24,0.47,1.54,1.58,0.76,1.35,1.65,1.61,0.38,1.57,1.12,1.11,0.28,1,1.82,1.16
1272.77,24,0.48,1.55,1.58,0.76,1.34,1.66,1.61,0.39,1.59,1.12,1.11,0.3,0.99,1.82,1.17
1273.78,24,0.49,1.56,1.58,0.76,1.35,1.66,1.63,0.38,1.6,1.14,1.11,0.29,1,1.82,1.18
1274.78,24,0.49,1.55,1.57,0.75,1.34,1.66,1.62,0.39,1.59,1.14,1.11,0.29,1,1.82,1.16
1275.78,24,0.49,1.56,1.58,0.75,1.35,1.64,1.62,0.38,1.59,1.14,1.11,0.3,1,1.81,1.17
1276.78,24,0.48,1.54,1.58,0.74,1.33,1.63,1.6,0.37,1.58,1.12,1.1,0.27,0.99,1.81,1.15
1277.78,24,0.48,1.55,1.58,0.76,1.35,1.65,1.61,0.38,1.58,1.13,1.1,0.29,0.99,1.82,1.17
1278.78,24,0.48,1.55,1.58,0.75,1.34,1.64,1.62,0.37,1.58,1.13,1.11,0.3,1,1.82,1.16
1279.78,24,0.48,1.54,1.58,0.76,1.34,1.64,1.61,0.37,1.58,1.12,1.11,0.29,0.99,1.81,1.16
1280.78,24,0.48,1.55,1.57,0.76,1.33,1.64,1.62,0.38,1.57,1.12,1.1,0.29,1,1.81,1.15
1281.8,24,0.48,1.56,1.58,0.76,1.35,1.64,1.61,0.37,1.59,1.13,1.1,0.3,1,1.82,1.17
1282.8,24,0.48,1.55,1.58,0.75,1.34,1.65,1.62,0.38,1.59,1.12,1.1,0.29,0.99,1.82,1.16
1283.8,24,0.49,1.56,1.59,0.76,1.34,1.65,1.62,0.38,1.59,1.13,1.11,0.3,0.99,1.82,1.17
1284.8,24,0.48,1.55,1.58,0.76,1.35,1.66,1.62,0.39,1.59,1.13,1.11,0.29,1,1.82,1.17
1285.8,24,0.49,1.55,1.58,0.76,1.34,1.65,1.62,0.38,1.58,1.13,1.11,0.29,1,1.82,1.17
1286.82,24,0.49,1.55,1.58,0.76,1.34,1.65,1.63,0.38,1.59,1.14,1.1,0.29,1.01,1.82,1.17
1287.82,24,0.49,1.56,1.6,0.77,1.35,1.65,1.63,0.39,1.59,1.14,1.11,0.3,1.01,1.82,1.17
1288.82,24,0.49,1.55,1.59,0.76,1.35,1.65,1.62,0.38,1.58,1.13,1.11,0.29,1,1.83,1.18
1289.82,24,0.49,1.56,1.59,0.77,1.34,1.65,1.63,0.39,1.59,1.14,1.11,0.3,1.01,1.83,1.17
1290.83,24,0.5,1.57,1.59,0.76,1.36,1.66,1.63,0.39,1.6,1.13,1.11,0.3,1.01,1.83,1.18
1291.83,24,0.49,1.56,1.59,0.76,1.35,1.66,1.62,0.38,1.6,1.13,1.11,0.3,1.01,1.83,1.18
1292.83,24,0.49,1.56,1.59,0.76,1.35,1.65,1.63,0.39,1.6,1.14,1.11,0.29,1.01,1.82,1.18
1293.83,24,0.49,1.55,1.58,0.76,1.34,1.65,1.61,0.37,1.59,1.13,1.1,0.29,1.01,1.82,1.17
1294.83,24,0.48,1.55,1.58,0.77,1.34,1.65,1.62,0.38,1.58,1.13,1.1,0.29,1,1.83,1.17
1295.83,24,0.49,1.55,1.58,0.76,1.35,1.66,1.63,0.39,1.59,1.13,1.11,0.3,1,1.82,1.17
1296.85,24,0.48,1.54,1.58,0.76,1.35,1.65,1.63,0.39,1.58,1.13,1.11,0.29,0.99,1.82,1.17
1297.85,24,0.48,1.54,1.58,0.76,1.35,1.66,1.62,0.38,1.59,1.13,1.11,0.28,1,1.82,1.17
1298.85,24,0.48,1.55,1.57,0.75,1.34,1.65,1.61,0.38,1.59,1.12,1.11,0.29,0.99,1.82,1.16
1299.85,24,0.47,1.55,1.57,0.76,1.34,1.64,1.62,0.38,1.58,1.13,1.11,0.29,0.99,1.81,1.16
1300.85,24,0.48,1.55,1.58,0.76,1.34,1.65,1.61,0.38,1.58,1.12,1.1,0.28,0.99,1.82,1.16
1301.87,24,0.48,1.53,1.58,0.75,1.34,1.64,1.62,0.38,1.58,1.13,1.11,0.29,0.99,1.82,1.15
1302.87,24,0.48,1.55,1.58,0.76,1.35,1.65,1.62,0.38,1.59,1.13,1.1,0.29,0.98,1.82,1.17
1303.87,24,0.48,1.54,1.58,0.75,1.34,1.63,1.61,0.37,1.58,1.13,1.11,0.29,0.98,1.82,1.16
1304.87,24,0.47,1.55,1.57,0.76,1.33,1.63,1.61,0.37,1.58,1.13,1.1,0.28,0.99,1.82,1.16
1305.88,24,0.48,1.54,1.57,0.76,1.35,1.63,1.62,0.38,1.58,1.12,1.1,0.29,1,1.82,1.16
1306.88,24,0.48,1.55,1.58,0.75,1.34,1.65,1.61,0.37,1.59,1.13,1.1,0.28,0.99,1.81,1.17
1307.88,24,0.48,1.55,1.59,0.75,1.34,1.65,1.61,0.38,1.59,1.13,1.1,0.29,0.99,1.82,1.17
1308.88,24,0.49,1.56,1.59,0.76,1.35,1.65,1.62,0.37,1.59,1.14,1.11,0.29,1,1.83,1.17
1309.88,24,0.48,1.55,1.59,0.75,1.33,1.64,1.61,0.37,1.59,1.13,1.1,0.29,0.99,1.82,1.16
1310.9,24,0.47,1.55,1.58,0.75,1.32,1.64,1.61,0.37,1.57,1.11,1.1,0.29,0.98,1.81,1.16
1311.9,24,0.49,1.56,1.58,0.75,1.35,1.65,1.62,0.38,1.6,1.13,1.11,0.29,1.01,1.82,1.17
1312.9,24,0.48,1.55,1.58,0.75,1.34,1.64,1.62,0.38,1.58,1.13,1.11,0.29,0.99,1.81,1.16
1313.92,24,0.5,1.56,1.59,0.77,1.35,1.65,1.62,0.38,1.58,1.14,1.11,0.3,1,1.82,1.17
1314.92,24,0.5,1.57,1.6,0.77,1.35,1.65,1.63,0.38,1.58,1.13,1.11,0.3,1.01,1.81,1.18
1315.92,24,0.48,1.55,1.58,0.77,1.34,1.64,1.61,0.38,1.59,1.12,1.11,0.3,1.01,1.82,1.17
1316.93,24,0.5,1.57,1.6,0.78,1.36,1.67,1.63,0.39,1.6,1.14,1.11,0.3,1.01,1.83,1.18
1317.93,24,0.5,1.57,1.61,0.78,1.37,1.65,1.62,0.39,1.59,1.15,1.11,0.31,1,1.83,1.18
1318.93,24,0.49,1.56,1.59,0.76,1.35,1.66,1.63,0.38,1.6,1.15,1.11,0.31,1,1.82,1.17
1319.93,24,0.49,1.56,1.58,0.77,1.34,1.66,1.62,0.38,1.58,1.13,1.11,0.29,1,1.83,1.17
1320.95,24,0.49,1.55,1.58,0.77,1.35,1.66,1.63,0.39,1.59,1.14,1.11,0.29,1,1.82,1.17
1321.95,24,0.49,1.55,1.57,0.76,1.36,1.65,1.62,0.38,1.58,1.13,1.11,0.29,1,1.82,1.17
1322.95,24,0.48,1.55,1.58,0.77,1.36,1.64,1.62,0.39,1.59,1.13,1.11,0.29,0.99,1.82,1.17
1323.95,24,0.49,1.54,1.58,0.77,1.35,1.65,1.62,0.38,1.57,1.14,1.11,0.29,0.99,1.82,1.17
1324.95,24,0.48,1.55,1.58,0.76,1.35,1.64,1.61,0.38,1.58,1.12,1.1,0.29,0.99,1.82,1.16
1325.95,24,0.47,1.55,1.57,0.75,1.34,1.65,1.61,0.37,1.58,1.12,1.1,0.28,0.98,1.82,1.16
1326.97,24,0.48,1.55,1.58,0.77,1.34,1.65,1.61,0.38,1.58,1.13,1.11,0.29,1,1.82,1.17
1327.97,24,0.49,1.54,1.58,0.77,1.35,1.65,1.62,0.38,1.59,1.12,1.1,0.3,1,1.83,1.17
1328.97,24,0.48,1.54,1.58,0.75,1.35,1.65,1.61,0.37,1.58,1.13,1.11,0.28,0.99,1.81,1.16
1329.97,24,0.49,1.55,1.57,0.75,1.35,1.64,1.61,0.38,1.59,1.13,1.11,0.29,1,1.82,1.17
1330.97,24,0.48,1.55,1.58,0.75,1.34,1.64,1.62,0.37,1.58,1.12,1.1,0.28,0.98,1.82,1.16
1331.98,24,0.48,1.54,1.58,0.75,1.34,1.64,1.61,0.38,1.58,1.12,1.11,0.29,0.99,1.81,1.16
1332.98,24,0.49,1.55,1.59,0.77,1.35,1.65,1.62,0.38,1.59,1.13,1.1,0.29,1.01,1.83,1.17
1333.98,24,0.47,1.55,1.58,0.75,1.33,1.64,1.61,0.37,1.59,1.14,1.1,0.29,1,1.81,1.16
1335,24,0.49,1.55,1.58,0.77,1.35,1.64,1.61,0.38,1.58,1.13,1.11,0.3,0.99,1.82,1.17
1336,24,0.49,1.55,1.59,0.76,1.36,1.66,1.61,0.37,1.6,1.14,1.1,0.3,1.01,1.82,1.18
1337,24,0.5,1.55,1.6,0.76,1.35,1.67,1.62,0.38,1.59,1.13,1.11,0.3,1.01,1.82,1.18
1338,24,0.49,1.55,1.58,0.76,1.34,1.65,1.62,0.38,1.58,1.13,1.11,0.29,1,1.83,1.18
1339.02,24,0.48,1.56,1.59,0.77,1.34,1.65,1.62,0.38,1.59,1.13,1.1,0.29,0.99,1.82,1.16
1340.02,24,0.49,1.56,1.59,0.77,1.35,1.65,1.62,0.39,1.6,1.14,1.11,0.3,1.01,1.83,1.18
1341.02,24,0.48,1.56,1.58,0.75,1.34,1.64,1.62,0.38,1.59,1.13,1.11,0.3,0.99,1.82,1.17
1342.02,24,0.5,1.56,1.59,0.77,1.35,1.66,1.63,0.39,1.6,1.14,1.11,0.3,1.01,1.83,1.17
1343.02,24,0.5,1.56,1.6,0.78,1.37,1.66,1.64,0.4,1.6,1.15,1.11,0.3,1.02,1.83,1.18
1344.03,24,0.49,1.56,1.6,0.77,1.35,1.65,1.62,0.38,1.59,1.14,1.11,0.3,1,1.82,1.17
1345.03,24,0.48,1.56,1.58,0.76,1.35,1.65,1.61,0.38,1.59,1.13,1.11,0.29,1,1.82,1.17
1346.03,24,0.47,1.54,1.58,0.75,1.34,1.63,1.61,0.38,1.58,1.12,1.1,0.28,0.99,1.82,1.16
1347.05,24,0.47,1.55,1.58,0.77,1.35,1.64,1.61,0.39,1.58,1.12,1.11,0.29,0.99,1.82,1.16
1348.05,24,0.49,1.56,1.58,0.77,1.35,1.66,1.62,0.39,1.59,1.14,1.11,0.29,1,1.83,1.17
1349.05,24,0.48,1.54,1.57,0.75,1.34,1.65,1.62,0.38,1.59,1.13,1.11,0.29,1,1.83,1.17
1350.05,24,0.48,1.55,1.59,0.75,1.35,1.65,1.62,0.38,1.58,1.14,1.11,0.29,0.99,1.82,1.17
1351.05,24,0.48,1.55,1.57,0.75,1.34,1.64,1.62,0.37,1.58,1.13,1.11,0.28,0.99,1.81,1.17
1352.05,24,0.48,1.54,1.58,0.76,1.34,1.63,1.62,0.37,1.59,1.12,1.1,0.28,0.99,1.82,1.16
1353.05,24,0.48,1.55,1.58,0.76,1.35,1.65,1.61,0.37,1.58,1.12,1.11,0.29,0.99,1.82,1.17
1354.07,24,0.47,1.54,1.57,0.75,1.34,1.64,1.61,0.37,1.57,1.12,1.1,0.29,0.99,1.81,1.16
1355.07,24,0.47,1.52,1.57,0.75,1.33,1.64,1.61,0.37,1.57,1.12,1.09,0.28,0.98,1.81,1.15
1356.07,24,0.48,1.55,1.58,0.76,1.33,1.65,1.62,0.38,1.58,1.13,1.11,0.29,1,1.81,1.15
1357.07,24,0.46,1.54,1.58,0.76,1.34,1.64,1.61,0.37,1.58,1.12,1.1,0.29,0.99,1.8,1.17
1358.08,24,0.49,1.54,1.58,0.76,1.34,1.65,1.61,0.38,1.58,1.14,1.11,0.29,1,1.82,1.17
1359.08,24,0.49,1.56,1.59,0.77,1.35,1.64,1.62,0.37,1.59,1.13,1.11,0.3,1.01,1.83,1.18
1360.08,24,0.48,1.55,1.58,0.75,1.33,1.64,1.61,0.37,1.59,1.13,1.09,0.29,0.99,1.82,1.17
1361.08,24,0.48,1.55,1.58,0.75,1.34,1.65,1.61,0.38,1.58,1.12,1.11,0.28,0.99,1.81,1.16
1362.1,24,0.49,1.56,1.59,0.76,1.35,1.65,1.62,0.38,1.59,1.14,1.11,0.28,1.01,1.82,1.17
1363.1,24,0.49,1.54,1.58,0.76,1.34,1.65,1.62,0.37,1.59,1.13,1.1,0.29,1,1.82,1.17
1364.1,24,0.49,1.55,1.6,0.76,1.36,1.66,1.62,0.38,1.6,1.13,1.11,0.31,1,1.83,1.17
1365.1,24,0.48,1.56,1.59,0.75,1.35,1.65,1.62,0.38,1.59,1.13,1.11,0.3,1,1.82,1.16
1366.1,24,0.5,1.56,1.59,0.77,1.35,1.67,1.63,0.39,1.6,1.14,1.11,0.3,1.01,1.82,1.17
1367.12,24,0.48,1.56,1.59,0.77,1.35,1.65,1.62,0.38,1.58,1.14,1.11,0.29,1,1.82,1.18
1368.12,24,0.49,1.57,1.58,0.76,1.34,1.65,1.63,0.39,1.6,1.14,1.11,0.29,1.01,1.82,1.17
1369.12,24,0.5,1.56,1.59,0.76,1.35,1.65,1.62,0.38,1.59,1.14,1.11,0.3,1,1.82,1.17
1370.12,24,0.49,1.56,1.58,0.76,1.34,1.65,1.62,0.38,1.59,1.13,1.1,0.29,1,1.82,1.17
1371.12,24,0.49,1.55,1.59,0.76,1.35,1.65,1.63,0.38,1.59,1.14,1.11,0.29,1,1.83,1.16
1372.12,24,0.48,1.55,1.58,0.75,1.34,1.64,1.62,0.38,1.59,1.14,1.11,0.29,0.99,1.82,1.17
1373.12,24,0.47,1.54,1.57,0.75,1.34,1.64,1.61,0.37,1.57,1.13,1.1,0.29,0.99,1.81,1.15
1374.13,24,0.48,1.55,1.57,0.76,1.35,1.65,1.61,0.37,1.58,1.12,1.1,0.28,1,1.83,1.16
1375.13,24,0.49,1.55,1.58,0.76,1.35,1.65,1.62,0.39,1.59,1.13,1.11,0.3,1.01,1.83,1.17
1376.13,24,0.47,1.54,1.57,0.75,1.34,1.64,1.61,0.37,1.58,1.12,1.09,0.28,0.99,1.82,1.16
1377.13,24,0.47,1.55,1.57,0.74,1.34,1.63,1.61,0.37,1.58,1.12,1.09,0.28,0.99,1.81,1.16
1378.13,24,0.48,1.54,1.57,0.74,1.34,1.65,1.61,0.37,1.58,1.13,1.1,0.28,0.99,1.81,1.17
1379.13,24,0.48,1.55,1.57,0.76,1.34,1.64,1.62,0.38,1.58,1.13,1.11,0.3,0.99,1.82,1.17
1380.15,24,0.47,1.54,1.57,0.75,1.33,1.63,1.61,0.38,1.57,1.12,1.1,0.29,0.99,1.82,1.15
1381.15,24,0.48,1.53,1.57,0.75,1.33,1.64,1.61,0.37,1.58,1.12,1.09,0.28,0.98,1.81,1.15
1382.15,24,0.48,1.55,1.58,0.76,1.33,1.65,1.61,0.38,1.59,1.12,1.11,0.29,1,1.82,1.17
1383.15,24,0.48,1.55,1.58,0.75,1.33,1.64,1.61,0.37,1.58,1.12,1.09,0.28,0.98,1.82,1.16
1384.15,24,0.48,1.55,1.58,0.75,1.35,1.63,1.61,0.38,1.59,1.13,1.1,0.29,1,1.81,1.17
1385.15,24,0.49,1.55,1.59,0.76,1.35,1.66,1.63,0.39,1.59,1.13,1.11,0.3,1.01,1.83,1.17
1386.17,24,0.49,1.55,1.59,0.75,1.34,1.65,1.62,0.38,1.59,1.13,1.1,0.28,1,1.82,1.17
1387.17,24,0.5,1.55,1.59,0.77,1.36,1.65,1.63,0.39,1.6,1.13,1.11,0.31,1,1.82,1.18
1388.17,24,0.49,1.56,1.59,0.76,1.34,1.64,1.63,0.39,1.59,1.14,1.11,0.29,1,1.83,1.17
1389.18,24,0.49,1.55,1.59,0.75,1.34,1.64,1.61,0.38,1.59,1.12,1.09,0.28,0.99,1.81,1.16
1390.18,24,0.48,1.56,1.59,0.76,1.35,1.65,1.63,0.38,1.59,1.13,1.11,0.29,1,1.81,1.17
1391.18,24,0.49,1.56,1.58,0.77,1.35,1.66,1.62,0.39,1.59,1.13,1.11,0.3,1.01,1.83,1.18
1392.18,24,0.48,1.56,1.58,0.75,1.34,1.64,1.62,0.38,1.58,1.12,1.1,0.29,1,1.82,1.16
1393.2,24,0.5,1.56,1.6,0.77,1.35,1.66,1.63,0.39,1.6,1.13,1.11,0.3,1,1.82,1.18
1394.2,24,0.5,1.56,1.6,0.76,1.35,1.66,1.63,0.39,1.59,1.14,1.11,0.29,1,1.83,1.17
1395.2,24,0.5,1.56,1.6,0.77,1.35,1.64,1.62,0.39,1.59,1.14,1.11,0.29,1.01,1.83,1.16
1396.2,24,0.48,1.56,1.58,0.76,1.35,1.65,1.62,0.38,1.59,1.14,1.1,0.29,1,1.82,1.17
1397.2,24,0.49,1.56,1.59,0.77,1.36,1.64,1.63,0.39,1.59,1.14,1.11,0.3,1.01,1.83,1.18
1398.22,24,0.48,1.55,1.57,0.75,1.34,1.65,1.62,0.38,1.58,1.13,1.1,0.28,0.99,1.82,1.16
1399.22,24,0.48,1.54,1.57,0.76,1.35,1.64,1.62,0.37,1.58,1.12,1.11,0.29,0.99,1.81,1.16
1400.22,24,0.48,1.56,1.58,0.76,1.35,1.64,1.62,0.39,1.58,1.13,1.11,0.3,1,1.83,1.16
1401.22,24,0.48,1.54,1.57,0.75,1.34,1.64,1.61,0.38,1.58,1.12,1.1,0.28,0.99,1.8,1.16
1402.22,24,0.48,1.54,1.57,0.75,1.34,1.65,1.61,0.38,1.57,1.13,1.11,0.29,0.99,1.81,1.16
1403.22,24,0.48,1.55,1.58,0.76,1.34,1.64,1.62,0.38,1.59,1.12,1.1,0.29,0.98,1.82,1.16
1404.22,24,0.48,1.53,1.57,0.75,1.34,1.65,1.61,0.37,1.57,1.11,1.1,0.28,1,1.81,1.16
1405.22,24,0.47,1.54,1.57,0.75,1.34,1.63,1.61,0.37,1.58,1.13,1.1,0.28,0.99,1.81,1.16
1406.23,24,0.47,1.54,1.57,0.73,1.33,1.64,1.61,0.37,1.57,1.12,1.1,0.27,0.98,1.81,1.16
1407.23,24,0.49,1.55,1.57,0.76,1.33,1.63,1.61,0.38,1.57,1.13,1.1,0.28,0.99,1.82,1.16
1408.23,24,0.47,1.54,1.57,0.75,1.33,1.64,1.6,0.37,1.57,1.12,1.1,0.28,0.98,1.81,1.16
1409.23,24,0.48,1.55,1.58,0.76,1.34,1.64,1.62,0.37,1.59,1.14,1.1,0.29,0.99,1.81,1.16
1410.23,24,0.47,1.54,1.58,0.76,1.34,1.65,1.62,0.37,1.58,1.12,1.1,0.29,1,1.82,1.16
1411.23,24,0.48,1.55,1.58,0.76,1.35,1.64,1.62,0.38,1.59,1.13,1.11,0.3,0.99,1.82,1.17
1412.23,24,0.48,1.55,1.58,0.76,1.34,1.65,1.62,0.38,1.58,1.13,1.09,0.3,1,1.81,1.16
1413.23,24,0.48,1.54,1.57,0.76,1.34,1.64,1.62,0.38,1.57,1.13,1.1,0.29,0.99,1.81,1.16
1414.23,24,0.48,1.55,1.57,0.75,1.33,1.64,1.61,0.37,1.58,1.12,1.1,0.29,1,1.82,1.17
1415.25,24,0.49,1.55,1.58,0.76,1.35,1.65,1.62,0.38,1.58,1.14,1.11,0.3,1,1.82,1.17
1416.25,24,0.49,1.56,1.59,0.76,1.35,1.65,1.63,0.38,1.59,1.13,1.1,0.3,1,1.82,1.17
1417.25,24,0.49,1.56,1.59,0.77,1.35,1.66,1.62,0.38,1.59,1.14,1.1,0.29,1.01,1.82,1.17
1418.25,24,0.49,1.56,1.59,0.76,1.35,1.65,1.62,0.38,1.58,1.14,1.11,0.3,1.01,1.83,1.17
1419.25,24,0.49,1.56,1.6,0.77,1.35,1.65,1.63,0.39,1.59,1.13,1.11,0.3,1,1.82,1.18
1420.25,24,0.49,1.55,1.59,0.77,1.34,1.65,1.62,0.38,1.59,1.12,1.09,0.28,1,1.82,1.16
1421.25,24,0.5,1.56,1.6,0.77,1.35,1.65,1.63,0.38,1.59,1.14,1.11,0.29,1,1.83,1.17
1422.25,24,0.48,1.54,1.58,0.77,1.35,1.65,1.62,0.38,1.59,1.12,1.1,0.29,1,1.82,1.16
1423.27,24,0.47,1.55,1.58,0.76,1.34,1.66,1.61,0.39,1.58,1.13,1.11,0.29,1,1.82,1.18
1424.27,24,0.48,1.54,1.58,0.76,1.35,1.65,1.62,0.38,1.59,1.12,1.1,0.29,0.99,1.82,1.17
1425.27,24,0.48,1.55,1.57,0.76,1.35,1.64,1.6,0.38,1.59,1.13,1.1,0.29,0.98,1.82,1.16
1426.27,24,0.47,1.54,1.57,0.75,1.34,1.63,1.61,0.37,1.58,1.12,1.1,0.27,0.98,1.82,1.16
1427.27,24,0.48,1.54,1.57,0.76,1.34,1.64,1.62,0.38,1.58,1.13,1.11,0.29,0.98,1.82,1.17
1428.27,24,0.48,1.54,1.57,0.75,1.33,1.63,1.61,0.38,1.57,1.12,1.1,0.29,0.98,1.82,1.16
1429.28,24,0.48,1.54,1.57,0.76,1.34,1.64,1.61,0.38,1.58,1.13,1.11,0.28,1,1.82,1.17
1430.28,24,0.47,1.54,1.56,0.74,1.33,1.62,1.61,0.37,1.58,1.12,1.09,0.27,0.98,1.81,1.15
1431.28,24,0.48,1.54,1.57,0.76,1.34,1.65,1.61,0.37,1.59,1.13,1.1,0.28,0.99,1.82,1.16
1432.28,24,0.48,1.55,1.58,0.76,1.34,1.65,1.62,0.37,1.58,1.12,1.1,0.28,0.99,1.81,1.16
1433.28,24,0.49,1.55,1.58,0.76,1.35,1.65,1.63,0.38,1.58,1.14,1.11,0.3,1,1.83,1.16
1434.3,24,0.48,1.55,1.57,0.75,1.33,1.64,1.61,0.37,1.57,1.12,1.09,0.29,0.99,1.8,1.16
1435.3,24,0.49,1.56,1.58,0.77,1.35,1.64,1.63,0.39,1.6,1.14,1.11,0.3,1.01,1.82,1.17
1436.3,24,0.47,1.55,1.58,0.75,1.34,1.64,1.61,0.37,1.59,1.12,1.1,0.28,0.99,1.81,1.16
1437.32,24,0.49,1.56,1.59,0.76,1.34,1.65,1.62,0.39,1.59,1.14,1.11,0.3,1.01,1.82,1.18
1438.32,24,0.49,1.55,1.58,0.76,1.34,1.64,1.62,0.38,1.59,1.13,1.09,0.29,1,1.82,1.17
1439.32,24,0.48,1.54,1.57,0.76,1.34,1.65,1.62,0.38,1.59,1.13,1.11,0.29,0.99,1.81,1.17
1440.33,24,0.48,1.55,1.58,0.75,1.34,1.64,1.61,0.37,1.58,1.13,1.1,0.28,0.98,1.81,1.16
1441.33,24,0.49,1.56,1.58,0.76,1.34,1.65,1.62,0.38,1.59,1.14,1.11,0.3,1.01,1.82,1.16
1442.33,24,0.49,1.55,1.58,0.76,1.35,1.66,1.63,0.37,1.59,1.13,1.11,0.3,1,1.82,1.17
1443.35,24,0.49,1.55,1.59,0.76,1.34,1.65,1.62,0.38,1.59,1.12,1.11,0.28,1,1.82,1.17
1444.35,24,0.47,1.54,1.58,0.75,1.33,1.64,1.61,0.37,1.58,1.12,1.09,0.28,0.98,1.81,1.15
1445.35,24,0.49,1.56,1.59,0.77,1.33,1.64,1.62,0.39,1.59,1.13,1.1,0.29,1,1.82,1.17
1446.35,24,0.49,1.56,1.58,0.77,1.34,1.64,1.62,0.37,1.58,1.13,1.09,0.28,1.01,1.81,1.17
1447.35,24,0.48,1.55,1.58,0.76,1.34,1.65,1.61,0.38,1.57,1.13,1.11,0.29,1,1.82,1.17
1448.35,24,0.47,1.54,1.57,0.76,1.34,1.64,1.61,0.38,1.57,1.12,1.1,0.28,0.99,1.82,1.16
1449.37,24,0.48,1.54,1.58,0.77,1.35,1.65,1.62,0.38,1.57,1.13,1.11,0.29,1,1.83,1.17
1450.37,24,0.48,1.54,1.57,0.75,1.34,1.64,1.61,0.37,1.58,1.12,1.1,0.29,0.99,1.81,1.17
1451.37,24,0.48,1.54,1.58,0.75,1.34,1.63,1.61,0.38,1.58,1.13,1.1,0.28,0.99,1.81,1.16
1452.37,24,0.47,1.54,1.58,0.76,1.33,1.64,1.62,0.37,1.58,1.13,1.1,0.28,0.99,1.81,1.15
1453.38,24,0.47,1.54,1.57,0.75,1.33,1.64,1.61,0.37,1.58,1.13,1.1,0.28,0.98,1.81,1.15
1454.38,24,0.48,1.55,1.58,0.75,1.35,1.64,1.61,0.38,1.59,1.13,1.11,0.29,0.99,1.82,1.16
1455.38,24,0.47,1.54,1.57,0.74,1.33,1.65,1.6,0.37,1.57,1.12,1.09,0.27,0.98,1.81,1.15
1456.38,24,0.48,1.55,1.58,0.76,1.34,1.64,1.61,0.38,1.58,1.13,1.11,0.29,0.99,1.82,1.17
1457.4,24,0.47,1.54,1.57,0.75,1.32,1.64,1.6,0.37,1.58,1.12,1.09,0.28,0.98,1.8,1.16
1458.4,24,0.48,1.55,1.57,0.75,1.33,1.65,1.62,0.37,1.58,1.12,1.1,0.28,0.99,1.81,1.16
1459.4,24,0.48,1.53,1.57,0.75,1.34,1.65,1.61,0.37,1.58,1.12,1.1,0.29,0.98,1.81,1.16
1460.4,24,0.48,1.54,1.58,0.76,1.34,1.64,1.61,0.38,1.58,1.13,1.1,0.28,1,1.82,1.16
1461.4,24,0.49,1.54,1.59,0.75,1.34,1.64,1.62,0.38,1.58,1.13,1.1,0.29,0.99,1.82,1.16
1462.42,24,0.48,1.54,1.58,0.75,1.34,1.65,1.61,0.38,1.58,1.12,1.1,0.28,0.99,1.81,1.16
1463.42,24,0.49,1.55,1.58,0.75,1.34,1.66,1.62,0.37,1.58,1.14,1.1,0.29,1,1.82,1.17
1464.42,24,0.48,1.55,1.57,0.76,1.35,1.64,1.61,0.38,1.58,1.13,1.1,0.29,1,1.82,1.16
1465.42,24,0.49,1.54,1.59,0.75,1.33,1.64,1.61,0.37,1.59,1.13,1.1,0.3,0.99,1.81,1.16
1466.42,24,0.49,1.56,1.59,0.76,1.35,1.66,1.62,0.38,1.58,1.13,1.1,0.29,1,1.82,1.17
1467.43,24,0.5,1.56,1.59,0.76,1.34,1.65,1.62,0.38,1.59,1.13,1.1,0.3,1,1.82,1.17
1468.43,24,0.48,1.56,1.58,0.76,1.35,1.65,1.62,0.38,1.59,1.13,1.1,0.3,1,1.82,1.17
1469.43,24,0.49,1.55,1.58,0.76,1.34,1.65,1.62,0.37,1.59,1.13,1.1,0.29,1,1.82,1.16
1470.43,24,0.49,1.55,1.58,0.76,1.35,1.66,1.63,0.37,1.58,1.14,1.1,0.29,1,1.82,1.17
1471.43,24,0.48,1.54,1.57,0.75,1.34,1.64,1.61,0.37,1.58,1.12,1.09,0.27,0.99,1.81,1.17
1472.43,24,0.48,1.54,1.57,0.76,1.34,1.65,1.61,0.38,1.57,1.13,1.11,0.29,1,1.83,1.16
1473.43,24,0.48,1.54,1.58,0.76,1.34,1.66,1.61,0.38,1.59,1.12,1.1,0.28,0.99,1.82,1.17
1474.45,24,0.47,1.53,1.57,0.76,1.34,1.64,1.61,0.37,1.57,1.12,1.09,0.28,0.98,1.81,1.15
1475.45,24,0.48,1.54,1.58,0.76,1.35,1.65,1.62,0.39,1.59,1.13,1.11,0.29,1,1.82,1.17
1476.45,24,0.47,1.56,1.57,0.76,1.34,1.64,1.62,0.38,1.58,1.13,1.11,0.29,1,1.82,1.17
1477.47,24,0.48,1.54,1.57,0.75,1.34,1.63,1.6,0.37,1.58,1.12,1.11,0.28,0.98,1.81,1.16
1478.47,24,0.48,1.55,1.57,0.76,1.34,1.65,1.62,0.37,1.58,1.13,1.1,0.28,0.99,1.8,1.16
1479.47,24,0.47,1.54,1.57,0.75,1.33,1.64,1.6,0.38,1.58,1.12,1.11,0.28,0.99,1.82,1.16
1480.48,24,0.47,1.54,1.57,0.75,1.33,1.64,1.61,0.37,1.58,1.12,1.09,0.27,0.97,1.81,1.15
1481.48,24,0.47,1.53,1.57,0.75,1.32,1.63,1.6,0.37,1.58,1.12,1.1,0.28,0.99,1.8,1.15
1482.48,24,0.47,1.54,1.57,0.74,1.33,1.65,1.62,0.37,1.58,1.12,1.09,0.28,0.99,1.82,1.16
1483.48,24,0.48,1.54,1.58,0.76,1.34,1.64,1.6,0.37,1.58,1.12,1.1,0.29,0.99,1.81,1.16
1484.48,24,0.48,1.54,1.57,0.75,1.33,1.64,1.61,0.37,1.57,1.11,1.09,0.28,0.99,1.81,1.16
1485.48,24,0.48,1.55,1.57,0.74,1.34,1.63,1.6,0.37,1.58,1.12,1.1,0.28,0.98,1.81,1.15
1486.5,24,0.49,1.55,1.58,0.76,1.35,1.65,1.61,0.37,1.58,1.13,1.11,0.29,1,1.82,1.16
1487.5,24,0.49,1.55,1.57,0.75,1.34,1.64,1.62,0.37,1.59,1.13,1.1,0.29,1,1.82,1.16
1488.5,24,0.49,1.55,1.57,0.76,1.34,1.64,1.61,0.38,1.58,1.13,1.09,0.28,1,1.82,1.17
1489.5,24,0.48,1.55,1.58,0.76,1.34,1.63,1.61,0.37,1.58,1.12,1.1,0.29,0.98,1.81,1.15
1490.5,24,0.48,1.55,1.59,0.75,1.34,1.64,1.62,0.38,1.57,1.12,1.11,0.28,0.99,1.81,1.17
1491.5,24,0.47,1.55,1.57,0.76,1.35,1.65,1.6,0.37,1.58,1.13,1.1,0.29,1,1.81,1.17
1492.5,24,0.49,1.54,1.58,0.77,1.34,1.66,1.62,0.38,1.6,1.13,1.1,0.3,0.99,1.82,1.17
1493.5,24,0.49,1.55,1.57,0.76,1.35,1.65,1.61,0.38,1.6,1.13,1.1,0.29,0.99,1.82,1.17
1494.52,24,0.49,1.55,1.58,0.76,1.34,1.66,1.63,0.39,1.59,1.14,1.11,0.29,1,1.82,1.17
1495.52,24,0.48,1.54,1.57,0.76,1.35,1.64,1.61,0.38,1.57,1.12,1.1,0.28,0.98,1.82,1.16
1496.52,24,0.48,1.54,1.57,0.75,1.35,1.64,1.61,0.37,1.58,1.13,1.1,0.28,0.99,1.81,1.16
1497.52,24,0.47,1.54,1.57,0.75,1.33,1.64,1.6,0.37,1.57,1.12,1.1,0.29,0.98,1.81,1.16
1498.52,24,0.48,1.55,1.57,0.76,1.34,1.65,1.61,0.37,1.59,1.12,1.1,0.28,1,1.82,1.17
1499.52,24,0.48,1.53,1.57,0.75,1.33,1.64,1.61,0.37,1.57,1.11,1.1,0.28,0.99,1.81,1.15
1500.52,24,0.47,1.54,1.57,0.77,1.33,1.64,1.61,0.37,1.58,1.12,1.1,0.29,0.99,1.82,1.16
1501.52,24,0.47,1.54,1.57,0.75,1.32,1.63,1.61,0.37,1.57,1.12,1.1,0.28,0.97,1.81,1.16
1502.53,24,0.47,1.53,1.57,0.74,1.33,1.63,1.6,0.37,1.57,1.11,1.1,0.27,0.98,1.81,1.16
1503.53,24,0.47,1.54,1.58,0.75,1.33,1.63,1.61,0.37,1.58,1.12,1.1,0.28,0.99,1.81,1.16
1504.53,24,0.48,1.54,1.57,0.75,1.33,1.64,1.62,0.37,1.58,1.12,1.1,0.29,1,1.8,1.16
1505.53,24,0.48,1.54,1.57,0.76,1.33,1.65,1.61,0.38,1.58,1.12,1.1,0.28,1,1.81,1.16
1506.53,24,0.48,1.54,1.57,0.74,1.33,1.63,1.6,0.37,1.58,1.13,1.1,0.28,0.98,1.8,1.15
1507.53,24,0.49,1.54,1.57,0.75,1.34,1.65,1.61,0.37,1.58,1.13,1.1,0.29,0.99,1.8,1.17
1508.55,24,0.48,1.54,1.57,0.75,1.33,1.64,1.61,0.37,1.57,1.11,1.1,0.29,1,1.8,1.16
1509.55,24,0.48,1.55,1.58,0.75,1.34,1.64,1.62,0.38,1.59,1.13,1.1,0.28,0.99,1.82,1.16
1510.55,24,0.49,1.55,1.58,0.76,1.34,1.64,1.63,0.38,1.59,1.12,1.1,0.29,0.99,1.82,1.16
1511.55,24,0.49,1.54,1.59,0.77,1.35,1.65,1.61,0.38,1.59,1.13,1.11,0.29,1,1.81,1.17
1512.55,24,0.48,1.55,1.58,0.76,1.33,1.65,1.62,0.38,1.57,1.13,1.1,0.28,1,1.81,1.16
1513.57,24,0.48,1.55,1.58,0.77,1.34,1.63,1.62,0.38,1.59,1.13,1.11,0.29,1,1.81,1.17
1514.57,24,0.49,1.56,1.58,0.76,1.34,1.65,1.61,0.37,1.59,1.12,1.1,0.29,1,1.82,1.17
1515.57,24,0.49,1.56,1.59,0.76,1.34,1.65,1.62,0.38,1.59,1.12,1.1,0.29,0.99,1.81,1.18
1516.57,24,0.49,1.54,1.59,0.76,1.35,1.64,1.62,0.38,1.59,1.14,1.11,0.29,0.99,1.82,1.17
1517.57,24,0.49,1.55,1.59,0.76,1.35,1.65,1.62,0.38,1.58,1.14,1.11,0.29,1,1.82,1.17
1518.57,24,0.49,1.55,1.59,0.76,1.35,1.65,1.62,0.39,1.59,1.14,1.11,0.3,1.01,1.82,1.17
1519.58,24,0.48,1.55,1.57,0.77,1.35,1.66,1.62,0.39,1.58,1.12,1.1,0.29,0.99,1.82,1.18
1520.58,24,0.48,1.55,1.58,0.76,1.35,1.64,1.61,0.38,1.58,1.13,1.1,0.28,0.99,1.82,1.18
1521.6,24,0.47,1.54,1.57,0.75,1.34,1.63,1.61,0.38,1.58,1.12,1.1,0.28,0.98,1.82,1.16
1522.6,24,0.46,1.53,1.57,0.74,1.33,1.63,1.6,0.37,1.58,1.11,1.09,0.27,0.98,1.81,1.15
1523.6,24,0.47,1.53,1.57,0.75,1.33,1.63,1.61,0.37,1.58,1.12,1.1,0.27,0.98,1.81,1.15
1524.62,24,0.48,1.55,1.58,0.76,1.34,1.65,1.62,0.38,1.59,1.13,1.1,0.28,1,1.82,1.17
1525.62,24,0.48,1.53,1.57,0.76,1.33,1.64,1.6,0.37,1.57,1.11,1.1,0.27,0.99,1.81,1.15
1526.62,24,0.48,1.55,1.58,0.75,1.34,1.65,1.61,0.38,1.58,1.13,1.11,0.29,1,1.81,1.17
1527.62,24,0.48,1.55,1.57,0.76,1.34,1.64,1.61,0.37,1.59,1.13,1.11,0.29,0.99,1.81,1.16
1528.62,24,0.48,1.55,1.58,0.77,1.35,1.65,1.62,0.38,1.57,1.13,1.1,0.3,1,1.81,1.16
1529.63,24,0.49,1.55,1.58,0.75,1.34,1.64,1.61,0.37,1.59,1.12,1.1,0.29,1,1.81,1.16
1530.63,24,0.49,1.55,1.58,0.76,1.34,1.63,1.62,0.38,1.58,1.13,1.1,0.29,1,1.82,1.17
1531.63,24,0.48,1.55,1.58,0.75,1.33,1.63,1.62,0.37,1.58,1.12,1.09,0.29,0.99,1.81,1.17
1532.65,24,0.47,1.54,1.58,0.76,1.34,1.64,1.61,0.37,1.59,1.13,1.1,0.28,0.99,1.82,1.16
1533.65,24,0.49,1.55,1.58,0.76,1.34,1.64,1.62,0.38,1.59,1.14,1.1,0.29,1,1.82,1.17
1534.67,24,0.48,1.55,1.57,0.76,1.34,1.64,1.61,0.37,1.58,1.13,1.09,0.29,0.99,1.81,1.16
1535.67,24,0.48,1.54,1.57,0.76,1.34,1.65,1.62,0.37,1.58,1.13,1.09,0.29,0.99,1.81,1.16
1536.67,24,0.5,1.55,1.59,0.77,1.34,1.64,1.62,0.38,1.59,1.14,1.11,0.3,1,1.83,1.18
1537.67,24,0.49,1.55,1.58,0.76,1.35,1.66,1.62,0.38,1.59,1.14,1.11,0.29,1,1.81,1.17
1538.68,24,0.49,1.55,1.58,0.76,1.34,1.66,1.62,0.38,1.59,1.14,1.1,0.3,1,1.82,1.17
1539.68,24,0.5,1.56,1.59,0.77,1.35,1.65,1.63,0.38,1.59,1.13,1.11,0.29,1,1.82,1.18
1540.68,24,0.49,1.55,1.58,0.76,1.34,1.65,1.63,0.38,1.59,1.13,1.11,0.29,1.01,1.81,1.17
1541.68,24,0.48,1.54,1.57,0.76,1.34,1.64,1.61,0.38,1.59,1.13,1.1,0.29,1,1.82,1.16
1542.7,24,0.47,1.54,1.57,0.75,1.34,1.64,1.61,0.37,1.57,1.11,1.1,0.29,0.99,1.81,1.16
1543.7,24,0.48,1.55,1.57,0.76,1.34,1.64,1.61,0.38,1.57,1.12,1.1,0.28,0.99,1.82,1.15
1544.7,24,0.47,1.54,1.57,0.75,1.33,1.63,1.61,0.37,1.57,1.12,1.1,0.28,0.99,1.82,1.15
1545.72,24,0.47,1.54,1.57,0.75,1.34,1.64,1.6,0.37,1.58,1.12,1.1,0.27,0.99,1.8,1.15
1546.72,24,0.48,1.53,1.57,0.74,1.33,1.63,1.61,0.37,1.58,1.11,1.1,0.29,0.99,1.81,1.16
1547.72,24,0.48,1.54,1.57,0.75,1.35,1.63,1.62,0.38,1.58,1.12,1.11,0.29,1,1.82,1.16
1548.72,24,0.48,1.55,1.57,0.75,1.34,1.64,1.6,0.37,1.58,1.12,1.1,0.29,0.99,1.81,1.16
1549.72,24,0.47,1.53,1.57,0.74,1.33,1.64,1.6,0.37,1.57,1.12,1.09,0.27,0.98,1.8,1.15
1550.73,24,0.48,1.54,1.58,0.75,1.33,1.62,1.61,0.37,1.57,1.12,1.09,0.28,0.99,1.81,1.15
1551.73,24,0.49,1.56,1.58,0.76,1.35,1.65,1.62,0.38,1.59,1.14,1.1,0.29,1.01,1.81,1.17
1552.73,24,0.48,1.54,1.57,0.74,1.34,1.63,1.61,0.37,1.57,1.12,1.09,0.27,0.98,1.81,1.15
1553.73,24,0.48,1.54,1.57,0.75,1.33,1.64,1.6,0.37,1.57,1.12,1.09,0.28,0.98,1.81,1.16
1554.73,24,0.49,1.54,1.58,0.76,1.34,1.63,1.61,0.38,1.57,1.13,1.1,0.28,0.99,1.82,1.16
1555.73,24,0.49,1.55,1.59,0.76,1.34,1.65,1.62,0.38,1.59,1.13,1.11,0.29,1,1.82,1.17
1556.75,24,0.49,1.56,1.58,0.76,1.34,1.64,1.62,0.37,1.58,1.12,1.08,0.28,0.99,1.81,1.16
1557.75,24,0.48,1.55,1.58,0.75,1.33,1.65,1.61,0.37,1.58,1.13,1.1,0.29,0.99,1.82,1.16
1558.75,24,0.48,1.55,1.57,0.76,1.34,1.66,1.62,0.37,1.58,1.13,1.1,0.28,1,1.81,1.17
1559.75,24,0.49,1.55,1.59,0.76,1.35,1.65,1.62,0.38,1.59,1.14,1.11,0.29,0.99,1.82,1.17
1560.75,24,0.49,1.56,1.59,0.76,1.35,1.65,1.62,0.38,1.6,1.14,1.11,0.29,1.01,1.82,1.17
1561.75,24,0.49,1.55,1.58,0.76,1.34,1.65,1.62,0.38,1.59,1.13,1.11,0.28,1,1.81,1.18
1562.77,24,0.49,1.56,1.59,0.78,1.35,1.66,1.62,0.38,1.59,1.14,1.1,0.29,1,1.82,1.17
1563.77,24,0.49,1.55,1.58,0.76,1.34,1.65,1.62,0.38,1.59,1.13,1.1,0.28,0.99,1.8,1.16
1564.77,24,0.48,1.55,1.57,0.77,1.34,1.64,1.62,0.37,1.58,1.13,1.1,0.29,0.99,1.81,1.17
1565.77,24,0.47,1.53,1.57,0.75,1.34,1.64,1.61,0.37,1.58,1.13,1.09,0.28,0.98,1.81,1.16
1566.77,24,0.47,1.53,1.57,0.75,1.33,1.64,1.61,0.37,1.58,1.12,1.09,0.28,0.99,1.82,1.16
1567.77,24,0.47,1.54,1.57,0.75,1.33,1.63,1.6,0.37,1.57,1.12,1.1,0.27,0.99,1.8,1.15
1568.78,24,0.47,1.53,1.57,0.75,1.32,1.63,1.61,0.37,1.57,1.12,1.09,0.28,0.98,1.81,1.15
1569.78,24,0.48,1.54,1.57,0.76,1.34,1.64,1.62,0.37,1.59,1.12,1.1,0.29,0.98,1.81,1.17
1570.78,24,0.48,1.55,1.57,0.76,1.35,1.65,1.61,0.37,1.59,1.13,1.11,0.3,1,1.82,1.17
1571.78,24,0.48,1.53,1.57,0.75,1.34,1.65,1.62,0.37,1.58,1.12,1.09,0.29,0.99,1.82,1.17
1572.8,24,0.47,1.53,1.57,0.75,1.33,1.64,1.61,0.37,1.58,1.12,1.1,0.28,0.99,1.81,1.16
1573.8,24,0.48,1.55,1.58,0.76,1.33,1.65,1.61,0.38,1.58,1.13,1.1,0.29,0.99,1.81,1.16
1574.8,24,0.48,1.55,1.57,0.75,1.33,1.65,1.62,0.38,1.58,1.13,1.09,0.28,0.99,1.81,1.16
1575.8,24,0.48,1.54,1.57,0.75,1.34,1.64,1.61,0.37,1.58,1.13,1.1,0.28,0.99,1.8,1.16
1576.8,24,0.48,1.54,1.57,0.76,1.33,1.65,1.61,0.38,1.58,1.12,1.1,0.29,0.99,1.81,1.16
1577.8,24,0.48,1.55,1.57,0.75,1.34,1.65,1.61,0.37,1.57,1.12,1.1,0.28,1,1.81,1.16
1578.8,24,0.49,1.55,1.59,0.76,1.34,1.65,1.62,0.38,1.58,1.13,1.1,0.3,1,1.82,1.16
1579.82,24,0.48,1.55,1.57,0.76,1.34,1.64,1.61,0.37,1.57,1.13,1.1,0.28,0.99,1.82,1.16
1580.82,24,0.48,1.54,1.57,0.74,1.33,1.62,1.6,0.37,1.57,1.12,1.09,0.27,0.99,1.8,1.16
1581.82,24,0.48,1.53,1.57,0.75,1.34,1.63,1.61,0.37,1.57,1.12,1.09,0.28,0.99,1.81,1.16
1582.82,24,0.48,1.54,1.58,0.76,1.33,1.64,1.61,0.37,1.59,1.12,1.09,0.28,1,1.81,1.16
1583.82,24,0.49,1.56,1.58,0.76,1.34,1.65,1.63,0.37,1.59,1.14,1.1,0.3,1.01,1.82,1.17
1584.82,24,0.49,1.55,1.59,0.76,1.34,1.64,1.62,0.38,1.6,1.14,1.1,0.29,0.99,1.82,1.17
1585.82,24,0.49,1.56,1.59,0.77,1.34,1.64,1.62,0.38,1.58,1.13,1.1,0.3,1,1.82,1.17
1586.82,24,0.5,1.57,1.59,0.77,1.35,1.64,1.62,0.39,1.6,1.15,1.11,0.3,1.01,1.83,1.17
1587.83,24,0.48,1.55,1.58,0.76,1.33,1.64,1.62,0.38,1.59,1.14,1.1,0.28,0.99,1.82,1.16
1588.83,24,0.48,1.53,1.57,0.75,1.33,1.64,1.6,0.37,1.57,1.13,1.1,0.28,1,1.81,1.17
1589.83,24,0.47,1.54,1.57,0.76,1.34,1.64,1.6,0.37,1.58,1.12,1.1,0.29,0.99,1.81,1.17
1590.83,24,0.47,1.54,1.57,0.77,1.33,1.64,1.61,0.37,1.59,1.12,1.1,0.28,0.99,1.81,1.16
1591.83,24,0.48,1.53,1.57,0.76,1.33,1.64,1.61,0.37,1.58,1.12,1.1,0.28,0.99,1.82,1.16
1592.85,24,0.47,1.53,1.57,0.77,1.33,1.64,1.61,0.37,1.58,1.12,1.09,0.28,0.98,1.8,1.16
1593.85,24,0.47,1.54,1.57,0.74,1.33,1.64,1.6,0.37,1.58,1.13,1.1,0.28,0.98,1.8,1.16
1594.85,24,0.47,1.53,1.57,0.74,1.33,1.63,1.61,0.37,1.57,1.12,1.09,0.28,0.98,1.8,1.15
1595.85,24,0.48,1.54,1.57,0.75,1.33,1.64,1.61,0.38,1.57,1.12,1.1,0.28,0.98,1.81,1.16
