Time,T,OTU4_R1,OTU5_R1,OTU6_R1,OTU4_R2,OTU5_R2,OTU6_R2,OTU4_R3,OTU5_R3,OTU6_R3,OTU4_R4,OTU5_R4,OTU6_R4,OTU4_R5,OTU5_R5,OTU6_R5
0.03,38,3.26,4.14,4.03,3.26,4.11,4.01,3.31,4.24,3.91,4.24,4.29,3.88,3.94,4.14,3.88
1.03,38,3.44,4.32,4.23,3.42,4.25,4.19,3.46,4.39,4.11,4.4,4.44,4.06,4.14,4.32,4.09
2.03,38,3.68,4.55,4.48,3.64,4.44,4.42,3.66,4.55,4.32,4.61,4.6,4.27,4.39,4.53,4.33
3.03,38,3.93,4.77,4.73,3.84,4.62,4.65,3.85,4.7,4.53,4.81,4.77,4.49,4.65,4.76,4.57
4.03,38,4.17,4.99,4.98,4.06,4.8,4.86,4.05,4.88,4.76,5.01,4.93,4.69,4.89,4.97,4.81
5.03,38,4.39,5.21,5.23,4.25,4.98,5.08,4.23,5.03,4.95,5.19,5.08,4.88,5.11,5.15,5.03
6.03,38,4.61,5.43,5.46,4.47,5.17,5.29,4.42,5.19,5.16,5.39,5.24,5.07,5.35,5.35,5.24
7.03,38,4.81,5.62,5.69,4.65,5.33,5.48,4.6,5.33,5.34,5.56,5.4,5.26,5.56,5.55,5.45
8.029999999999998,38,4.99,5.8,5.88,4.84,5.5,5.68,4.77,5.49,5.53,5.74,5.54,5.43,5.77,5.73,5.64
9.03,38,5.15,5.99,6.07,4.99,5.65,5.86,4.93,5.64,5.7,5.89,5.69,5.6,5.95,5.89,5.81
10.03,38,5.34,6.18,6.26,5.17,5.83,6.03,5.09,5.78,5.88,6.04,5.84,5.76,6.13,6.07,5.99
11.03,38,5.5,6.34,6.43,5.32,5.98,6.17,5.24,5.94,6.04,6.19,5.98,5.92,6.3,6.23,6.16
12.03,38,5.64,6.49,6.58,5.47,6.13,6.34,5.38,6.07,6.19,6.33,6.12,6.05,6.45,6.37,6.3
13.03,38,5.79,6.64,6.74,5.6,6.26,6.49,5.52,6.21,6.34,6.46,6.24,6.19,6.6,6.52,6.46
14.03,38,5.92,6.78,6.89,5.74,6.41,6.63,5.65,6.35,6.48,6.6,6.38,6.32,6.74,6.66,6.6
15.03,38,6.04,6.91,7.02,5.87,6.54,6.76,5.77,6.47,6.6,6.72,6.5,6.43,6.88,6.78,6.72
16.03,38,6.16,7.04,7.15,5.99,6.68,6.89,5.9,6.6,6.73,6.84,6.62,6.54,7,6.89,6.84
17.03,38,6.28,7.17,7.26,6.1,6.8,6.99,6.01,6.71,6.85,6.96,6.74,6.66,7.1,7.02,6.96
18.03,38,6.37,7.27,7.37,6.21,6.92,7.12,6.11,6.83,6.96,7.06,6.85,6.74,7.21,7.13,7.06
19.03,38,6.46,7.38,7.48,6.32,7.03,7.23,6.22,6.94,7.06,7.14,6.96,6.86,7.31,7.22,7.17
20.05,38,6.58,7.5,7.57,6.43,7.15,7.33,6.33,7.06,7.17,7.24,7.06,6.95,7.42,7.33,7.26
21.05,38,6.67,7.58,7.67,6.52,7.24,7.43,6.43,7.17,7.28,7.33,7.18,7.02,7.5,7.42,7.35
22.05,38,6.72,7.67,7.76,6.61,7.35,7.53,6.52,7.27,7.37,7.42,7.28,7.11,7.59,7.54,7.45
23.05,38,6.83,7.76,7.85,6.69,7.44,7.6,6.6,7.36,7.46,7.51,7.39,7.18,7.67,7.6,7.52
24.05,38,6.86,7.86,7.92,6.78,7.55,7.7,6.69,7.47,7.56,7.58,7.48,7.25,7.74,7.69,7.59
25.05,38,6.96,7.92,7.98,6.86,7.62,7.76,6.77,7.56,7.63,7.66,7.56,7.32,7.81,7.77,7.66
26.05,38,6.99,7.99,8.05,6.94,7.72,7.84,6.84,7.65,7.7,7.72,7.65,7.38,7.88,7.84,7.73
27.05,38,7.1,8.07,8.12,7.02,7.79,7.93,6.91,7.74,7.78,7.8,7.74,7.43,7.96,7.92,7.79
28.07,38,7.16,8.14,8.18,7.07,7.87,7.99,6.98,7.83,7.84,7.86,7.81,7.48,8.01,7.98,7.85
29.07,38,7.21,8.19,8.25,7.14,7.95,8.04,7.05,7.9,7.9,7.92,7.89,7.54,8.06,8.029999999999998,7.91
30.07,38,7.21,8.25,8.29,7.19,8.01,8.11,7.11,7.97,7.96,7.97,7.96,7.58,8.12,8.1,7.96
31.07,38,7.3,8.31,8.35,7.26,8.08,8.17,7.17,8.05,8.02,8.02,8.04,7.63,8.17,8.16,8.01
32.07,38,7.36,8.37,8.39,7.31,8.14,8.22,7.22,8.11,8.08,8.07,8.11,7.66,8.22,8.21,8.05
33.07,38,7.4,8.41,8.44,7.36,8.199999999999998,8.27,7.28,8.18,8.14,8.12,8.18,7.7,8.279999999999998,8.279999999999998,8.09
34.07,38,7.39,8.449999999999998,8.48,7.41,8.279999999999998,8.32,7.34,8.26,8.19,8.18,8.24,7.74,8.31,8.31,8.14
35.07,38,7.47,8.51,8.52,7.46,8.32,8.36,7.4,8.31,8.23,8.22,8.279999999999998,7.77,8.35,8.35,8.18
36.07,38,7.51,8.54,8.56,7.49,8.36,8.41,7.43,8.35,8.27,8.27,8.34,7.79,8.38,8.39,8.21
37.08,38,7.54,8.59,8.61,7.55,8.41,8.46,7.47,8.41,8.31,8.29,8.4,7.83,8.42,8.43,8.25
38.08,38,7.57,8.6,8.63,7.58,8.46,8.49,7.52,8.47,8.35,8.32,8.44,7.84,8.449999999999998,8.46,8.27
39.08,38,7.6,8.64,8.67,7.62,8.51,8.529999999999998,7.57,8.529999999999998,8.38,8.36,8.5,7.87,8.48,8.5,8.279999999999998
40.08,38,7.64,8.69,8.699999999999998,7.65,8.55,8.56,7.6,8.59,8.41,8.39,8.55,7.89,8.52,8.54,8.31
41.08,38,7.62,8.72,8.72,7.68,8.6,8.57,7.64,8.61,8.44,8.41,8.59,7.9,8.54,8.56,8.35
42.08,38,7.68,8.74,8.74,7.7,8.62,8.61,7.66,8.65,8.46,8.449999999999998,8.64,7.92,8.56,8.58,8.35
43.08,38,7.7,8.76,8.77,7.74,8.65,8.64,7.7,8.699999999999998,8.49,8.46,8.68,7.94,8.59,8.61,8.38
44.08,38,7.74,8.8,8.8,7.76,8.69,8.67,7.74,8.75,8.52,8.51,8.72,7.96,8.63,8.64,8.4
45.08,38,7.74,8.82,8.82,7.78,8.72,8.699999999999998,7.74,8.79,8.529999999999998,8.51,8.76,7.96,8.64,8.66,8.42
46.08,38,7.75,8.83,8.84,7.81,8.74,8.71,7.78,8.8,8.56,8.529999999999998,8.779999999999998,7.97,8.66,8.67,8.44
47.08,38,7.78,8.87,8.87,7.84,8.79,8.74,7.82,8.84,8.58,8.58,8.81,7.97,8.68,8.699999999999998,8.46
48.1,38,7.74,8.89,8.89,7.85,8.8,8.77,7.83,8.88,8.6,8.59,8.85,7.99,8.69,8.699999999999998,8.47
49.1,38,7.82,8.91,8.9,7.87,8.83,8.77,7.86,8.9,8.6,8.6,8.88,7.98,8.699999999999998,8.73,8.48
50.1,38,7.84,8.93,8.91,7.91,8.86,8.79,7.87,8.92,8.63,8.61,8.9,7.99,8.72,8.74,8.49
51.1,38,7.84,8.94,8.93,7.93,8.87,8.82,7.9,8.96,8.65,8.63,8.94,8,8.74,8.77,8.51
52.12,38,7.86,8.96,8.949999999999998,7.94,8.9,8.82,7.92,8.98,8.64,8.64,8.96,8.01,8.76,8.76,8.52
53.12,38,7.86,8.97,8.96,7.96,8.92,8.84,7.93,9.01,8.65,8.65,8.98,8,8.77,8.779999999999998,8.529999999999998
54.12,38,7.89,8.99,8.97,7.96,8.93,8.86,7.96,9.04,8.68,8.67,9.01,8.02,8.779999999999998,8.79,8.54
55.12,38,7.89,9.02,8.99,7.96,8.949999999999998,8.87,7.96,9.05,8.68,8.67,9.02,8.01,8.79,8.79,8.54
56.13,38,7.9,9.02,9,7.97,8.97,8.89,7.98,9.08,8.69,8.699999999999998,9.05,8.01,8.81,8.81,8.56
57.13,38,7.86,9.03,8.99,8,8.98,8.89,8,9.1,8.69,8.699999999999998,9.05,8.01,8.8,8.81,8.56
58.13,38,7.92,9.05,9.02,8,9,8.91,8.01,9.13,8.71,8.699999999999998,9.1,8.029999999999998,8.82,8.82,8.59
59.13,38,7.88,9.05,9.01,8,9.01,8.92,8.01,9.13,8.69,8.699999999999998,9.1,8,8.83,8.83,8.57
60.15,38,7.92,9.07,9.02,8,9.02,8.91,8.029999999999998,9.14,8.69,8.699999999999998,9.12,8,8.82,8.83,8.57
61.15,38,7.88,9.09,9.02,8.02,9.02,8.94,8.05,9.18,8.699999999999998,8.71,9.13,7.99,8.83,8.84,8.58
62.15,38,7.94,9.09,9.02,8.029999999999998,9.04,8.94,8.05,9.19,8.699999999999998,8.72,9.15,8.01,8.84,8.84,8.59
63.15,38,7.89,9.1,9.04,8.04,9.08,8.949999999999998,8.07,9.2,8.699999999999998,8.73,9.17,8,8.85,8.84,8.58
64.15,38,7.93,9.1,9.04,8.04,9.07,8.949999999999998,8.08,9.2,8.699999999999998,8.72,9.17,8,8.86,8.84,8.57
65.17,38,7.94,9.09,9.04,8.029999999999998,9.08,8.949999999999998,8.08,9.21,8.699999999999998,8.72,9.17,7.99,8.85,8.85,8.58
66.17,38,7.95,9.12,9.05,8.05,9.08,8.97,8.1,9.23,8.71,8.74,9.2,7.99,8.86,8.85,8.6
67.17,38,7.92,9.1,9.04,8.02,9.07,8.949999999999998,8.07,9.22,8.68,8.72,9.19,7.96,8.84,8.82,8.57
68.18,38,7.95,9.12,9.07,8.04,9.11,8.98,8.1,9.25,8.69,8.74,9.22,7.97,8.87,8.85,8.6
69.18,38,7.94,9.12,9.07,8.05,9.1,8.97,8.1,9.26,8.69,8.73,9.21,7.96,8.86,8.84,8.59
70.18,38,7.94,9.13,9.05,8.04,9.12,8.98,8.1,9.27,8.68,8.73,9.23,7.96,8.86,8.85,8.59
71.18,38,7.94,9.12,9.05,8.029999999999998,9.1,8.97,8.09,9.26,8.67,8.73,9.23,7.96,8.85,8.84,8.59
72.18,38,7.92,9.12,9.03,8.029999999999998,9.11,8.96,8.1,9.26,8.66,8.73,9.22,7.94,8.85,8.83,8.59
73.2,38,7.91,9.12,9.07,8.02,9.13,8.98,8.11,9.27,8.67,8.74,9.24,7.95,8.86,8.84,8.59
74.2,38,7.91,9.12,9.04,8.01,9.12,8.98,8.1,9.28,8.65,8.73,9.24,7.92,8.85,8.84,8.58
75.2,38,7.91,9.13,9.05,8.01,9.13,8.98,8.11,9.29,8.65,8.72,9.24,7.93,8.85,8.83,8.59
76.2,38,7.86,9.11,9.03,8,9.12,8.98,8.11,9.29,8.64,8.72,9.23,7.92,8.84,8.82,8.57
77.2,38,7.86,9.12,9.04,8,9.13,8.97,8.11,9.29,8.64,8.73,9.24,7.92,8.85,8.82,8.57
78.22,38,7.9,9.12,9.04,7.99,9.14,8.98,8.12,9.3,8.64,8.71,9.26,7.92,8.84,8.83,8.58
79.22,38,7.9,9.11,9.03,7.98,9.12,8.97,8.11,9.3,8.62,8.71,9.26,7.91,8.83,8.82,8.57
80.23,38,7.86,9.08,9.02,7.96,9.12,8.97,8.1,9.29,8.62,8.71,9.24,7.9,8.83,8.81,8.56
81.23,38,7.84,9.12,9.03,7.97,9.13,8.97,8.1,9.31,8.62,8.71,9.26,7.88,8.83,8.81,8.56
82.23,38,7.85,9.09,9.02,7.96,9.13,8.96,8.1,9.3,8.59,8.699999999999998,9.26,7.86,8.82,8.8,8.55
83.23,38,7.85,9.1,9.02,7.95,9.13,8.98,8.11,9.3,8.61,8.71,9.27,7.88,8.84,8.82,8.55
84.23,38,7.79,9.09,9,7.92,9.12,8.94,8.08,9.3,8.58,8.68,9.24,7.85,8.8,8.79,8.54
85.23,38,7.81,9.08,8.99,7.91,9.13,8.949999999999998,8.08,9.31,8.58,8.68,9.26,7.84,8.8,8.779999999999998,8.529999999999998
86.23,38,7.81,9.08,8.99,7.89,9.13,8.96,8.08,9.3,8.57,8.67,9.26,7.84,8.81,8.79,8.529999999999998
87.23,38,7.79,9.07,8.98,7.88,9.12,8.96,8.07,9.3,8.55,8.67,9.26,7.83,8.8,8.77,8.52
88.23,38,7.72,9.03,8.96,7.85,9.11,8.94,8.06,9.3,8.529999999999998,8.66,9.24,7.8,8.779999999999998,8.75,8.5
89.23,38,7.76,9.04,8.96,7.85,9.12,8.94,8.05,9.3,8.529999999999998,8.65,9.25,7.81,8.779999999999998,8.75,8.5
90.25,38,7.74,9.03,8.94,7.82,9.1,8.92,8.029999999999998,9.29,8.51,8.64,9.25,7.79,8.76,8.73,8.49
91.25,38,7.74,9.03,8.94,7.82,9.11,8.92,8.029999999999998,9.28,8.5,8.64,9.25,7.79,8.74,8.72,8.48
92.25,38,7.73,9.01,8.92,7.8,9.09,8.91,8.02,9.28,8.49,8.63,9.24,7.77,8.73,8.73,8.48
93.25,38,7.72,8.99,8.9,7.78,9.09,8.9,8.01,9.27,8.47,8.62,9.24,7.76,8.72,8.699999999999998,8.46
94.25,38,7.72,8.99,8.9,7.78,9.08,8.9,8.01,9.28,8.47,8.61,9.25,7.75,8.73,8.71,8.46
95.25,38,7.71,8.97,8.89,7.76,9.08,8.89,8,9.28,8.449999999999998,8.61,9.23,7.74,8.699999999999998,8.69,8.46
96.25,38,7.71,8.97,8.88,7.76,9.05,8.88,7.98,9.28,8.449999999999998,8.59,9.24,7.73,8.699999999999998,8.68,8.449999999999998
97.25,38,7.7,8.949999999999998,8.88,7.75,9.05,8.88,7.97,9.27,8.43,8.57,9.23,7.72,8.69,8.68,8.43
98.25,38,7.68,8.94,8.85,7.74,9.05,8.86,7.96,9.26,8.42,8.57,9.22,7.71,8.67,8.67,8.42
99.25,38,7.72,8.93,8.85,7.74,9.04,8.86,7.96,9.26,8.41,8.56,9.23,7.7,8.67,8.66,8.43
100.27,38,7.72,8.93,8.83,7.72,9.02,8.85,7.96,9.26,8.38,8.54,9.21,7.68,8.65,8.65,8.41
101.27,38,7.73,8.91,8.81,7.7,9.02,8.84,7.95,9.25,8.37,8.529999999999998,9.2,7.67,8.65,8.63,8.39
102.27,38,7.74,8.89,8.8,7.7,9,8.81,7.96,9.24,8.36,8.5,9.19,7.66,8.63,8.62,8.37
103.27,38,7.74,8.88,8.79,7.7,9,8.81,7.94,9.23,8.35,8.5,9.2,7.64,8.61,8.6,8.37
104.27,38,7.74,8.87,8.779999999999998,7.68,9,8.8,7.95,9.24,8.33,8.48,9.19,7.63,8.61,8.59,8.35
105.28,38,7.74,8.86,8.77,7.66,8.97,8.8,7.95,9.23,8.32,8.46,9.19,7.62,8.6,8.59,8.34
106.28,38,7.74,8.87,8.76,7.66,8.97,8.79,7.96,9.21,8.31,8.46,9.18,7.61,8.61,8.58,8.33
107.28,38,7.74,8.84,8.74,7.65,8.97,8.77,7.96,9.23,8.29,8.46,9.17,7.59,8.59,8.57,8.32
108.28,38,7.73,8.83,8.72,7.63,8.949999999999998,8.75,7.93,9.22,8.279999999999998,8.42,9.17,7.57,8.57,8.55,8.31
109.3,38,7.74,8.82,8.72,7.61,8.949999999999998,8.75,7.96,9.22,8.279999999999998,8.43,9.17,7.58,8.57,8.55,8.3
110.3,38,7.73,8.81,8.69,7.59,8.93,8.73,7.94,9.19,8.25,8.41,9.15,7.57,8.56,8.54,8.279999999999998
111.32,38,7.72,8.8,8.68,7.6,8.92,8.72,7.93,9.19,8.23,8.39,9.16,7.55,8.56,8.529999999999998,8.279999999999998
112.32,38,7.71,8.8,8.68,7.57,8.93,8.71,7.93,9.19,8.23,8.4,9.14,7.54,8.55,8.51,8.279999999999998
113.32,38,7.66,8.8,8.65,7.57,8.92,8.699999999999998,7.91,9.19,8.21,8.37,9.15,7.52,8.54,8.49,8.26
114.32,38,7.69,8.779999999999998,8.64,7.55,8.89,8.68,7.91,9.18,8.199999999999998,8.36,9.12,7.51,8.529999999999998,8.5,8.25
115.33,38,7.67,8.779999999999998,8.63,7.55,8.89,8.66,7.89,9.16,8.18,8.34,9.11,7.51,8.51,8.47,8.24
116.33,38,7.66,8.77,8.62,7.53,8.89,8.65,7.89,9.15,8.17,8.33,9.12,7.49,8.51,8.47,8.22
117.33,38,7.65,8.779999999999998,8.61,7.52,8.88,8.65,7.88,9.16,8.16,8.33,9.11,7.48,8.51,8.46,8.23
118.33,38,7.65,8.779999999999998,8.61,7.5,8.87,8.64,7.87,9.15,8.14,8.32,9.1,7.47,8.5,8.449999999999998,8.21
119.35,38,7.63,8.77,8.59,7.5,8.86,8.62,7.86,9.14,8.12,8.31,9.08,7.46,8.48,8.44,8.199999999999998
120.35,38,7.61,8.77,8.59,7.47,8.85,8.61,7.85,9.14,8.11,8.31,9.08,7.45,8.47,8.43,8.19
121.35,38,7.59,8.77,8.58,7.48,8.85,8.61,7.84,9.14,8.11,8.31,9.09,7.45,8.46,8.43,8.19
122.35,38,7.57,8.74,8.56,7.46,8.84,8.58,7.84,9.12,8.09,8.279999999999998,9.08,7.42,8.449999999999998,8.41,8.17
123.37,38,7.57,8.75,8.56,7.45,8.83,8.58,7.83,9.13,8.08,8.279999999999998,9.07,7.42,8.44,8.41,8.16
124.37,38,7.57,8.71,8.529999999999998,7.43,8.82,8.55,7.8,9.1,8.04,8.25,9.05,7.4,8.4,8.38,8.13
125.38,38,7.55,8.74,8.529999999999998,7.42,8.8,8.55,7.79,9.09,8.02,8.25,9.03,7.39,8.4,8.37,8.13
126.38,38,7.57,8.72,8.529999999999998,7.42,8.8,8.52,7.79,9.1,8.02,8.25,9.04,7.38,8.39,8.36,8.12
127.38,38,7.55,8.71,8.51,7.4,8.779999999999998,8.52,7.78,9.08,8,8.23,9.03,7.37,8.38,8.35,8.1
128.38,38,7.53,8.699999999999998,8.5,7.38,8.76,8.5,7.76,9.07,7.96,8.21,9,7.35,8.35,8.33,8.08
129.38,38,7.53,8.71,8.49,7.37,8.77,8.48,7.77,9.08,7.96,8.21,9.01,7.34,8.35,8.32,8.07
130.4,38,7.52,8.69,8.48,7.37,8.75,8.46,7.74,9.03,7.94,8.19,9,7.32,8.32,8.29,8.05
131.4,38,7.51,8.699999999999998,8.47,7.35,8.74,8.46,7.76,9.05,7.91,8.18,8.99,7.3,8.32,8.29,8.029999999999998
132.4,38,7.5,8.69,8.48,7.35,8.75,8.43,7.74,9.04,7.91,8.16,8.99,7.29,8.3,8.27,8.02
133.42,38,7.49,8.67,8.44,7.31,8.72,8.4,7.72,9.02,7.86,8.14,8.97,7.27,8.29,8.25,7.98
134.42,38,7.42,8.69,8.449999999999998,7.31,8.72,8.39,7.73,9.02,7.84,8.14,8.98,7.26,8.279999999999998,8.24,7.97
135.42,38,7.48,8.69,8.44,7.29,8.71,8.37,7.71,9.03,7.81,8.13,8.97,7.24,8.279999999999998,8.22,7.96
136.42,38,7.46,8.69,8.46,7.28,8.699999999999998,8.35,7.69,8.99,7.79,8.11,8.949999999999998,7.21,8.27,8.199999999999998,7.92
137.43,38,7.45,8.71,8.46,7.29,8.699999999999998,8.31,7.68,9,7.77,8.08,8.949999999999998,7.21,8.26,8.18,7.9
138.43,38,7.44,8.72,8.51,7.27,8.68,8.29,7.66,9,7.75,8.08,8.94,7.19,8.24,8.17,7.89
139.43,38,7.43,8.74,8.52,7.25,8.68,8.29,7.65,8.99,7.73,8.06,8.94,7.18,8.24,8.16,7.87
140.43,38,7.42,8.74,8.55,7.24,8.66,8.27,7.64,8.98,7.7,8.06,8.93,7.17,8.23,8.13,7.85
141.45,38,7.41,8.74,8.54,7.22,8.64,8.24,7.62,8.96,7.68,8.04,8.92,7.15,8.21,8.1,7.82
142.45,38,7.39,8.72,8.56,7.21,8.64,8.21,7.6,8.949999999999998,7.65,8.01,8.9,7.12,8.199999999999998,8.09,7.79
143.45,38,7.38,8.72,8.56,7.19,8.63,8.18,7.59,8.94,7.62,8,8.89,7.1,8.18,8.07,7.78
144.45,38,7.37,8.73,8.58,7.19,8.61,8.17,7.59,8.93,7.59,7.99,8.89,7.09,8.18,8.07,7.76
145.47,38,7.35,8.72,8.58,7.18,8.6,8.14,7.56,8.93,7.57,7.97,8.88,7.08,8.16,8.029999999999998,7.74
146.47,38,7.33,8.72,8.57,7.17,8.58,8.11,7.55,8.89,7.54,7.96,8.85,7.06,8.14,8,7.72
147.47,38,7.34,8.699999999999998,8.58,7.15,8.58,8.09,7.54,8.9,7.51,7.95,8.85,7.05,8.14,8,7.7
148.47,38,7.32,8.71,8.57,7.15,8.57,8.07,7.53,8.9,7.5,7.95,8.85,7.05,8.13,7.98,7.68
149.47,38,7.3,8.699999999999998,8.57,7.13,8.55,8.04,7.51,8.87,7.46,7.92,8.83,7.02,8.1,7.96,7.65
150.48,38,7.25,8.69,8.56,7.12,8.55,8.029999999999998,7.49,8.87,7.44,7.9,8.82,6.99,8.09,7.94,7.63
151.48,38,7.29,8.68,8.55,7.09,8.529999999999998,8,7.49,8.85,7.42,7.88,8.81,6.98,8.07,7.91,7.62
152.48,38,7.28,8.69,8.54,7.1,8.529999999999998,7.98,7.47,8.85,7.39,7.89,8.81,6.97,8.08,7.9,7.59
153.48,38,7.25,8.67,8.529999999999998,7.08,8.49,7.95,7.45,8.83,7.36,7.85,8.79,6.93,8.05,7.86,7.57
154.48,38,7.24,8.66,8.529999999999998,7.06,8.49,7.93,7.43,8.83,7.32,7.83,8.77,6.91,8.029999999999998,7.85,7.55
155.5,38,7.23,8.65,8.529999999999998,7.06,8.47,7.9,7.42,8.81,7.29,7.82,8.76,6.88,8.02,7.81,7.54
156.5,38,7.21,8.64,8.52,7.05,8.449999999999998,7.87,7.42,8.79,7.27,7.8,8.73,6.86,8.01,7.79,7.53
157.5,38,7.2,8.66,8.52,7.03,8.44,7.85,7.4,8.779999999999998,7.24,7.79,8.73,6.86,7.98,7.77,7.51
158.52,38,7.19,8.63,8.52,7.01,8.44,7.82,7.38,8.77,7.22,7.79,8.73,6.84,7.97,7.75,7.5
159.52,38,7.18,8.63,8.51,7,8.42,7.79,7.37,8.76,7.19,7.77,8.72,6.81,7.96,7.74,7.48
160.52,38,7.17,8.62,8.49,6.99,8.41,7.77,7.35,8.74,7.17,7.75,8.71,6.79,7.96,7.71,7.47
161.52,38,7.16,8.61,8.48,6.98,8.4,7.74,7.34,8.75,7.16,7.74,8.69,6.78,7.95,7.7,7.46
162.52,38,7.15,8.6,8.48,6.96,8.39,7.72,7.33,8.73,7.12,7.73,8.67,6.77,7.93,7.67,7.44
163.52,38,7.1,8.59,8.44,6.95,8.37,7.69,7.31,8.72,7.09,7.72,8.66,6.75,7.92,7.65,7.42
164.52,38,7.11,8.56,8.43,6.93,8.34,7.65,7.29,8.699999999999998,7.06,7.68,8.64,6.71,7.89,7.62,7.42
165.53,38,7.09,8.529999999999998,8.41,6.91,8.33,7.63,7.27,8.69,7.04,7.66,8.64,6.71,7.88,7.6,7.41
166.53,38,7.07,8.529999999999998,8.39,6.88,8.31,7.57,7.26,8.66,7,7.65,8.61,6.68,7.84,7.58,7.38
167.53,38,7.05,8.52,8.39,6.88,8.3,7.57,7.25,8.66,6.99,7.64,8.61,6.67,7.84,7.57,7.38
168.53,38,7.05,8.52,8.38,6.86,8.29,7.55,7.24,8.64,6.96,7.63,8.6,6.66,7.83,7.56,7.37
169.53,38,7.04,8.47,8.37,6.85,8.279999999999998,7.52,7.21,8.65,6.93,7.6,8.58,6.63,7.8,7.54,7.36
170.53,38,7.02,8.49,8.36,6.84,8.27,7.5,7.21,8.63,6.92,7.59,8.57,6.62,7.78,7.53,7.35
171.55,38,7.01,8.46,8.33,6.82,8.26,7.46,7.19,8.62,6.89,7.57,8.56,6.61,7.77,7.5,7.32
172.55,38,6.99,8.44,8.31,6.79,8.24,7.42,7.17,8.6,6.86,7.56,8.529999999999998,6.59,7.74,7.49,7.3
173.55,38,6.97,8.44,8.29,6.77,8.22,7.41,7.17,8.58,6.83,7.54,8.52,6.56,7.73,7.46,7.29
174.55,38,6.95,8.42,8.279999999999998,6.77,8.199999999999998,7.37,7.14,8.57,6.81,7.52,8.51,6.55,7.71,7.44,7.27
175.55,38,6.92,8.38,8.27,6.76,8.18,7.35,7.12,8.56,6.78,7.5,8.5,6.54,7.69,7.42,7.26
176.55,38,6.92,8.37,8.24,6.73,8.17,7.32,7.1,8.52,6.76,7.47,8.47,6.52,7.66,7.42,7.24
177.55,38,6.92,8.36,8.24,6.73,8.16,7.29,7.09,8.52,6.75,7.47,8.47,6.51,7.66,7.42,7.23
178.55,38,6.88,8.34,8.22,6.7,8.12,7.27,7.07,8.51,6.71,7.44,8.449999999999998,6.48,7.63,7.38,7.21
179.57,38,6.87,8.33,8.21,6.69,8.11,7.25,7.06,8.5,6.7,7.42,8.44,6.47,7.61,7.36,7.2
180.57,38,6.86,8.3,8.19,6.67,8.09,7.22,7.03,8.48,6.68,7.41,8.42,6.45,7.58,7.34,7.17
181.57,38,6.84,8.279999999999998,8.18,6.66,8.07,7.18,7.03,8.46,6.66,7.4,8.39,6.44,7.57,7.33,7.17
182.57,38,6.82,8.279999999999998,8.15,6.64,8.07,7.17,7.02,8.449999999999998,6.64,7.38,8.39,6.42,7.56,7.31,7.15
183.57,38,6.79,8.24,8.12,6.61,8.02,7.14,6.98,8.42,6.6,7.34,8.36,6.38,7.5,7.29,7.12
184.57,38,6.78,8.24,8.11,6.6,8.01,7.12,6.97,8.42,6.6,7.33,8.34,6.37,7.49,7.29,7.1
185.57,38,6.77,8.22,8.09,6.6,7.99,7.09,6.95,8.4,6.58,7.29,8.33,6.36,7.47,7.25,7.08
186.58,38,6.76,8.21,8.08,6.58,7.99,7.08,6.95,8.39,6.56,7.29,8.32,6.34,7.44,7.25,7.07
187.58,38,6.74,8.199999999999998,8.07,6.56,7.97,7.06,6.93,8.38,6.55,7.28,8.29,6.32,7.43,7.23,7.06
188.58,38,6.72,8.16,8.04,6.54,7.95,7.02,6.92,8.36,6.53,7.26,8.279999999999998,6.3,7.42,7.22,7.04
189.58,38,6.72,8.16,8.04,6.54,7.95,7.03,6.92,8.36,6.53,7.24,8.29,6.3,7.41,7.21,7.04
190.58,38,6.69,8.15,8.02,6.52,7.92,7,6.89,8.34,6.51,7.22,8.27,6.28,7.37,7.19,7.01
191.58,38,6.67,8.12,8,6.5,7.9,6.96,6.87,8.32,6.48,7.19,8.25,6.25,7.35,7.16,6.97
192.58,38,6.66,8.1,7.99,6.48,7.88,6.95,6.85,8.31,6.45,7.16,8.23,6.22,7.33,7.15,6.96
193.6,38,6.64,8.08,7.96,6.46,7.86,6.93,6.83,8.279999999999998,6.45,7.14,8.199999999999998,6.2,7.3,7.14,6.96
194.6,38,6.6,8.06,7.94,6.44,7.83,6.9,6.8,8.27,6.41,7.11,8.18,6.17,7.28,7.1,6.93
195.6,38,6.58,8.05,7.94,6.43,7.83,6.9,6.8,8.27,6.4,7.1,8.19,6.17,7.27,7.11,6.91
196.62,38,6.57,8.01,7.91,6.4,7.79,6.85,6.78,8.24,6.37,7.06,8.16,6.14,7.22,7.08,6.89
197.62,38,6.56,8.02,7.91,6.39,7.79,6.86,6.77,8.23,6.37,7.06,8.14,6.13,7.21,7.08,6.87
198.62,38,6.53,7.99,7.88,6.37,7.75,6.82,6.74,8.21,6.34,7.04,8.12,6.1,7.18,7.06,6.85
199.62,38,6.52,7.97,7.85,6.35,7.74,6.8,6.71,8.19,6.31,7.01,8.1,6.08,7.17,7.04,6.83
200.62,38,6.49,7.96,7.85,6.33,7.73,6.8,6.71,8.18,6.3,6.98,8.09,6.08,7.16,7.04,6.81
201.63,38,6.48,7.93,7.82,6.31,7.7,6.77,6.7,8.16,6.28,6.96,8.07,6.06,7.12,7.02,6.79
202.63,38,6.46,7.93,7.8,6.31,7.66,6.77,6.67,8.14,6.25,6.93,8.05,6.03,7.1,6.99,6.77
203.63,38,6.45,7.91,7.79,6.3,7.67,6.76,6.67,8.12,6.23,6.91,8.04,6.03,7.07,6.98,6.76
204.63,38,6.42,7.88,7.76,6.28,7.63,6.74,6.64,8.11,6.21,6.88,8.02,6.01,7.06,6.97,6.74
205.63,38,6.4,7.87,7.74,6.25,7.62,6.71,6.62,8.09,6.18,6.86,7.99,5.99,7.02,6.96,6.7
206.63,38,6.38,7.84,7.73,6.23,7.58,6.69,6.6,8.06,6.16,6.83,7.97,5.98,7.01,6.94,6.69
207.63,38,6.37,7.81,7.7,6.21,7.57,6.69,6.58,8.04,6.14,6.8,7.96,5.96,6.98,6.92,6.66
208.63,38,6.33,7.79,7.69,6.18,7.54,6.66,6.55,8.02,6.11,6.77,7.94,5.94,6.96,6.91,6.64
209.63,38,6.31,7.79,7.67,6.17,7.53,6.66,6.54,8.02,6.1,6.76,7.94,5.93,6.94,6.9,6.63
210.63,38,6.3,7.76,7.65,6.14,7.49,6.62,6.52,7.98,6.05,6.71,7.89,5.9,6.9,6.87,6.59
211.63,38,6.29,7.75,7.64,6.13,7.48,6.61,6.5,7.98,6.04,6.7,7.88,5.89,6.88,6.86,6.58
212.63,38,6.25,7.74,7.62,6.12,7.46,6.59,6.48,7.96,6.02,6.67,7.88,5.86,6.86,6.85,6.55
213.63,38,6.23,7.73,7.62,6.1,7.42,6.56,6.48,7.95,5.98,6.66,7.85,5.85,6.84,6.83,6.54
214.63,38,6.23,7.72,7.6,6.08,7.42,6.53,6.46,7.94,5.94,6.62,7.82,5.82,6.82,6.8,6.51
215.65,38,6.22,7.7,7.58,6.07,7.4,6.49,6.43,7.91,5.9,6.6,7.8,5.8,6.78,6.77,6.48
216.65,38,6.19,7.71,7.59,6.05,7.37,6.44,6.42,7.88,5.85,6.57,7.78,5.76,6.76,6.73,6.44
217.65,38,6.18,7.72,7.6,6.04,7.36,6.41,6.41,7.87,5.8,6.54,7.76,5.74,6.74,6.69,6.42
218.65,38,6.13,7.72,7.61,6.03,7.34,6.37,6.39,7.86,5.76,6.52,7.74,5.71,6.74,6.67,6.38
219.65,38,6.14,7.71,7.6,6,7.31,6.33,6.37,7.84,5.71,6.48,7.73,5.69,6.72,6.63,6.35
220.65,38,6.12,7.7,7.62,5.98,7.3,6.3,6.36,7.82,5.67,6.46,7.71,5.65,6.7,6.6,6.32
221.65,38,6.1,7.71,7.61,5.97,7.29,6.24,6.33,7.8,5.63,6.45,7.7,5.63,6.69,6.57,6.29
222.65,38,6.06,7.69,7.6,5.94,7.27,6.2,6.31,7.77,5.58,6.39,7.68,5.59,6.66,6.52,6.25
223.67,38,6.05,7.66,7.59,5.92,7.25,6.17,6.3,7.78,5.53,6.37,7.66,5.56,6.64,6.49,6.23
224.67,38,6.03,7.64,7.58,5.89,7.22,6.12,6.26,7.74,5.48,6.33,7.64,5.52,6.6,6.45,6.2
225.67,38,5.95,7.64,7.57,5.87,7.2,6.09,6.23,7.73,5.45,6.3,7.61,5.51,6.6,6.42,6.21
226.67,38,5.96,7.6,7.55,5.85,7.17,6.05,6.22,7.7,5.4,6.27,7.59,5.48,6.57,6.38,6.2
227.68,38,5.95,7.59,7.53,5.83,7.14,6.02,6.19,7.68,5.36,6.23,7.58,5.44,6.53,6.36,6.2
228.68,38,5.89,7.57,7.51,5.8,7.12,5.97,6.17,7.65,5.31,6.2,7.57,5.42,6.52,6.33,6.19
229.68,38,5.9,7.54,7.5,5.79,7.09,5.94,6.14,7.63,5.27,6.17,7.53,5.38,6.47,6.29,6.19
230.68,38,5.87,7.52,7.46,5.75,7.06,5.89,6.12,7.61,5.23,6.15,7.52,5.35,6.45,6.26,6.18
231.68,38,5.84,7.49,7.45,5.74,7.04,5.85,6.09,7.58,5.19,6.11,7.49,5.32,6.42,6.23,6.17
232.68,38,5.81,7.47,7.43,5.71,7.01,5.81,6.07,7.57,5.14,6.08,7.45,5.29,6.38,6.2,6.16
233.68,38,5.79,7.43,7.41,5.69,6.97,5.77,6.04,7.54,5.1,6.04,7.44,5.24,6.35,6.17,6.14
234.68,38,5.74,7.41,7.38,5.66,6.95,5.74,6.01,7.51,5.07,6,7.42,5.24,6.31,6.15,6.14
235.7,38,5.72,7.39,7.36,5.64,6.91,5.69,5.98,7.48,5.05,5.96,7.39,5.19,6.28,6.11,6.11
236.7,38,5.69,7.36,7.35,5.63,6.89,5.66,5.98,7.46,5.03,5.93,7.37,5.17,6.26,6.09,6.1
237.7,38,5.66,7.32,7.31,5.6,6.86,5.61,5.94,7.43,5,5.9,7.34,5.13,6.21,6.06,6.09
238.72,38,5.65,7.31,7.3,5.58,6.84,5.58,5.94,7.42,4.99,5.88,7.31,5.11,6.2,6.04,6.09
239.72,38,5.6,7.29,7.27,5.54,6.78,5.51,5.9,7.38,4.95,5.83,7.27,5.07,6.14,6.01,6.04
240.72,38,5.58,7.26,7.26,5.53,6.77,5.48,5.87,7.37,4.93,5.81,7.24,5.03,6.11,5.98,6.02
241.72,38,5.55,7.24,7.24,5.49,6.73,5.42,5.85,7.33,4.91,5.77,7.22,5,6.07,5.95,6
242.73,38,5.53,7.22,7.21,5.47,6.7,5.38,5.83,7.32,4.89,5.74,7.17,4.97,6.04,5.92,5.97
243.73,38,5.49,7.2,7.2,5.45,6.68,5.32,5.8,7.29,4.87,5.69,7.17,4.93,5.99,5.9,5.95
244.73,38,5.46,7.18,7.19,5.43,6.64,5.28,5.77,7.27,4.85,5.65,7.14,4.9,5.95,5.87,5.93
245.73,38,5.44,7.17,7.17,5.4,6.61,5.23,5.76,7.25,4.83,5.62,7.12,4.87,5.92,5.84,5.9
246.73,38,5.4,7.12,7.15,5.38,6.6,5.17,5.72,7.21,4.81,5.58,7.09,4.84,5.87,5.8,5.86
247.75,38,5.36,7.08,7.12,5.34,6.55,5.12,5.69,7.18,4.78,5.53,7.05,4.78,5.83,5.77,5.82
248.75,38,5.3,7.06,7.09,5.32,6.52,5.1,5.67,7.17,4.76,5.52,7.03,4.77,5.81,5.74,5.8
249.75,38,5.3,7.03,7.06,5.29,6.48,5.05,5.64,7.14,4.73,5.47,6.98,4.73,5.77,5.7,5.76
250.77,38,5.28,7,7.04,5.28,6.45,5.02,5.62,7.13,4.72,5.43,6.97,4.7,5.76,5.69,5.73
251.77,38,5.23,6.96,7,5.24,6.42,4.97,5.58,7.07,4.68,5.39,6.93,4.65,5.71,5.64,5.69
252.77,38,5.19,6.95,6.98,5.21,6.37,4.94,5.55,7.05,4.65,5.35,6.89,4.63,5.68,5.61,5.66
253.77,38,5.15,6.9,6.94,5.17,6.33,4.9,5.53,7.01,4.61,5.31,6.86,4.58,5.64,5.57,5.62
254.77,38,5.13,6.9,6.94,5.16,6.31,4.88,5.5,6.99,4.59,5.28,6.84,4.57,5.62,5.55,5.6
255.77,38,5.1,6.88,6.91,5.14,6.28,4.85,5.48,6.96,4.56,5.24,6.8,4.52,5.57,5.53,5.56
256.77,38,5.07,6.85,6.89,5.11,6.23,4.82,5.45,6.92,4.52,5.2,6.77,4.5,5.53,5.48,5.53
257.78,38,5.03,6.8,6.86,5.09,6.19,4.8,5.42,6.89,4.46,5.16,6.74,4.44,5.5,5.43,5.5
258.78,38,5.01,6.78,6.85,5.05,6.16,4.78,5.38,6.87,4.43,5.11,6.7,4.42,5.47,5.4,5.46
259.78,38,4.97,6.75,6.83,5.04,6.12,4.78,5.37,6.85,4.39,5.09,6.69,4.39,5.43,5.38,5.42
260.8,38,4.94,6.72,6.79,5.01,6.09,4.77,5.33,6.82,4.34,5.03,6.63,4.35,5.38,5.33,5.38
261.8,38,4.91,6.69,6.77,4.98,6.05,4.78,5.31,6.8,4.3,5,6.6,4.32,5.33,5.29,5.34
262.8,38,4.89,6.67,6.75,4.96,6.02,4.8,5.29,6.77,4.25,4.97,6.57,4.3,5.3,5.25,5.3
263.8,38,4.85,6.63,6.73,4.93,5.98,4.8,5.25,6.74,4.21,4.91,6.54,4.25,5.25,5.21,5.26
264.8,38,4.81,6.6,6.68,4.89,5.94,4.8,5.21,6.69,4.14,4.87,6.51,4.21,5.21,5.16,5.21
265.82,38,4.8,6.58,6.67,4.88,5.92,4.81,5.2,6.68,4.11,4.85,6.48,4.18,5.19,5.13,5.19
266.82,38,4.77,6.55,6.64,4.84,5.87,4.8,5.16,6.64,4.06,4.81,6.43,4.14,5.15,5.08,5.13
267.82,38,4.74,6.53,6.62,4.82,5.84,4.81,5.14,6.61,4.01,4.78,6.39,4.11,5.13,5.04,5.09
268.82,38,4.71,6.51,6.6,4.79,5.79,4.79,5.11,6.59,3.96,4.74,6.37,4.07,5.1,5.01,5.06
269.82,38,4.68,6.48,6.58,4.76,5.74,4.77,5.08,6.55,3.92,4.69,6.32,4.04,5.06,4.97,5.02
270.82,38,4.64,6.45,6.55,4.73,5.69,4.75,5.04,6.51,3.89,4.63,6.29,3.98,5.02,4.93,4.97
271.82,38,4.61,6.41,6.52,4.7,5.66,4.73,5.01,6.48,3.85,4.61,6.26,3.95,4.98,4.89,4.94
272.83,38,4.53,6.36,6.49,4.65,5.61,4.69,4.95,6.44,3.81,4.54,6.21,3.9,4.92,4.85,4.89
273.83,38,4.53,6.33,6.48,4.64,5.58,4.67,4.94,6.42,3.79,4.5,6.18,3.86,4.88,4.8,4.85
274.83,38,4.5,6.3,6.45,4.61,5.53,4.62,4.9,6.39,3.76,4.46,6.13,3.82,4.83,4.76,4.79
275.83,38,4.46,6.25,6.42,4.57,5.48,4.59,4.87,6.35,3.74,4.41,6.1,3.78,4.78,4.7,4.75
276.83,38,4.42,6.2,6.38,4.53,5.44,4.55,4.85,6.33,3.71,4.36,6.05,3.73,4.72,4.65,4.69
277.85,38,4.38,6.17,6.36,4.5,5.39,4.51,4.81,6.3,3.68,4.31,6.02,3.69,4.67,4.6,4.65
278.85,38,4.35,6.14,6.33,4.47,5.36,4.47,4.77,6.26,3.66,4.27,5.98,3.65,4.62,4.55,4.59
279.85,38,4.31,6.1,6.3,4.45,5.33,4.45,4.73,6.22,3.62,4.23,5.94,3.61,4.57,4.48,4.54
280.87,38,4.3,6.07,6.29,4.42,5.3,4.41,4.7,6.21,3.6,4.2,5.92,3.57,4.52,4.42,4.49
281.87,38,4.25,6.04,6.26,4.39,5.25,4.36,4.68,6.16,3.56,4.15,5.88,3.52,4.46,4.36,4.42
282.87,38,4.21,6.01,6.23,4.35,5.19,4.35,4.64,6.12,3.53,4.1,5.84,3.46,4.41,4.3,4.36
283.87,38,4.18,5.98,6.21,4.32,5.13,4.31,4.61,6.07,3.49,4.06,5.8,3.43,4.35,4.22,4.29
284.88,38,4.16,5.95,6.18,4.29,5.08,4.31,4.58,6.06,3.46,4.01,5.78,3.39,4.31,4.17,4.24
285.88,38,4.1,5.91,6.17,4.25,5.02,4.28,4.53,6.01,3.42,3.96,5.74,3.33,4.24,4.11,4.17
286.9,38,4.07,5.88,6.14,4.22,4.98,4.28,4.5,5.99,3.4,3.91,5.69,3.29,4.21,4.05,4.1
287.9,38,4.04,5.85,6.12,4.19,4.94,4.26,4.47,5.98,3.37,3.85,5.67,3.24,4.15,4.02,4.04
288.9,38,3.99,5.8,6.09,4.17,4.89,4.22,4.44,5.93,3.34,3.8,5.63,3.19,4.11,3.98,3.98
289.9,38,3.94,5.75,6.05,4.12,4.84,4.19,4.39,5.89,3.29,3.75,5.58,3.14,4.06,3.93,3.92
290.92,38,3.91,5.73,6.04,4.1,4.81,4.16,4.36,5.86,3.26,3.7,5.54,3.1,4.02,3.9,3.87
291.92,38,3.88,5.69,6.01,4.07,4.75,4.11,4.32,5.81,3.23,3.66,5.5,3.06,3.97,3.85,3.83
292.92,38,3.83,5.68,5.98,4.02,4.69,4.07,4.28,5.78,3.18,3.6,5.45,3.01,3.91,3.79,3.79
293.93,38,3.76,5.64,5.93,3.98,4.64,4.01,4.23,5.73,3.15,3.54,5.42,2.97,3.86,3.74,3.74
294.93,38,3.74,5.64,5.91,3.95,4.61,3.98,4.2,5.7,3.11,3.49,5.38,2.94,3.82,3.7,3.73
295.93,38,3.7,5.6,5.88,3.91,4.57,3.92,4.17,5.67,3.07,3.43,5.33,2.9,3.76,3.66,3.7
296.93,38,3.64,5.55,5.86,3.88,4.53,3.87,4.12,5.64,3.03,3.36,5.26,2.86,3.7,3.62,3.66
297.93,38,3.61,5.51,5.81,3.85,4.48,3.81,4.08,5.58,2.98,3.3,5.21,2.82,3.64,3.58,3.63
298.95,38,3.58,5.48,5.8,3.82,4.43,3.76,4.04,5.56,2.95,3.26,5.15,2.81,3.57,3.56,3.61
299.95,38,3.55,5.44,5.78,3.79,4.39,3.69,4.01,5.53,2.92,3.21,5.08,2.78,3.5,3.55,3.59
300.95,38,3.51,5.4,5.75,3.74,4.33,3.64,3.98,5.48,2.9,3.15,5.01,2.76,3.42,3.51,3.58
301.97,38,3.46,5.37,5.71,3.7,4.27,3.57,3.94,5.44,2.88,3.09,4.93,2.74,3.34,3.47,3.55
302.97,38,3.41,5.31,5.69,3.68,4.21,3.52,3.89,5.4,2.85,3.03,4.88,2.72,3.26,3.42,3.52
303.97,38,3.36,5.25,5.66,3.64,4.14,3.46,3.85,5.36,2.82,2.95,4.8,2.7,3.2,3.39,3.49
304.97,38,3.29,5.23,5.64,3.61,4.1,3.43,3.82,5.32,2.79,2.9,4.75,2.68,3.15,3.38,3.46
305.97,38,3.26,5.17,5.61,3.57,4.04,3.4,3.77,5.28,2.73,2.84,4.69,2.66,3.09,3.35,3.42
306.97,38,3.23,5.14,5.61,3.53,3.98,3.38,3.74,5.25,2.69,2.81,4.64,2.65,3.04,3.36,3.4
307.98,38,3.18,5.08,5.57,3.49,3.93,3.37,3.7,5.2,2.62,2.76,4.56,2.62,2.97,3.35,3.35
308.98,38,3.15,5.04,5.54,3.46,3.88,3.35,3.66,5.17,2.56,2.71,4.51,2.6,2.91,3.32,3.3
309.98,38,3.12,5.01,5.53,3.42,3.83,3.32,3.61,5.15,2.51,2.66,4.46,2.57,2.86,3.32,3.25
310.98,38,3.08,4.97,5.5,3.38,3.77,3.3,3.57,5.1,2.47,2.6,4.42,2.56,2.8,3.27,3.2
311.98,38,3,4.94,5.48,3.35,3.72,3.27,3.53,5.07,2.44,2.54,4.4,2.53,2.75,3.21,3.14
313,38,2.99,4.92,5.45,3.31,3.67,3.23,3.49,5.02,2.42,2.48,4.38,2.51,2.69,3.15,3.08
314,38,2.94,4.89,5.42,3.27,3.61,3.18,3.44,4.98,2.39,2.42,4.36,2.49,2.65,3.05,3.02
315,38,2.89,4.85,5.38,3.22,3.55,3.13,3.4,4.94,2.39,2.36,4.31,2.46,2.59,2.95,2.96
316,38,2.85,4.82,5.37,3.19,3.49,3.07,3.36,4.89,2.39,2.31,4.28,2.45,2.53,2.85,2.92
317,38,2.8,4.78,5.34,3.16,3.44,3,3.32,4.85,2.39,2.25,4.23,2.43,2.47,2.73,2.88
318.02,38,2.75,4.75,5.31,3.13,3.38,2.92,3.27,4.82,2.39,2.19,4.17,2.41,2.43,2.63,2.85
319.02,38,2.72,4.72,5.29,3.09,3.35,2.85,3.22,4.77,2.39,2.13,4.1,2.39,2.36,2.52,2.82
320.02,38,2.66,4.69,5.25,3.05,3.28,2.77,3.18,4.72,2.38,2.06,4.04,2.37,2.3,2.42,2.79
321.02,38,2.65,4.66,5.22,3.01,3.23,2.69,3.13,4.69,2.35,2,3.97,2.35,2.25,2.32,2.76
322.03,38,2.61,4.64,5.19,2.97,3.17,2.63,3.09,4.65,2.33,1.94,3.91,2.33,2.19,2.23,2.72
323.03,38,2.56,4.61,5.15,2.92,3.11,2.57,3.04,4.61,2.3,1.9,3.84,2.31,2.13,2.15,2.7
324.03,38,2.49,4.57,5.12,2.88,3.04,2.56,2.99,4.56,2.26,1.84,3.77,2.28,2.09,2.08,2.66
325.03,38,2.43,4.51,5.09,2.84,2.97,2.56,2.93,4.5,2.2,1.77,3.68,2.26,2.04,2.01,2.63
326.03,38,2.35,4.46,5.05,2.8,2.92,2.57,2.88,4.45,2.15,1.72,3.61,2.24,1.98,1.94,2.6
327.05,38,2.33,4.42,5.01,2.75,2.86,2.6,2.84,4.42,2.08,1.64,3.55,2.21,1.9,1.87,2.56
328.05,38,2.3,4.36,4.97,2.7,2.8,2.62,2.78,4.37,2,1.55,3.48,2.18,1.81,1.8,2.51
329.05,38,2.24,4.3,4.92,2.65,2.75,2.63,2.73,4.31,1.93,1.48,3.4,2.15,1.71,1.74,2.46
330.05,38,2.19,4.25,4.89,2.61,2.68,2.64,2.69,4.25,1.84,1.44,3.35,2.12,1.61,1.69,2.42
331.05,38,2.13,4.17,4.85,2.57,2.58,2.63,2.65,4.2,1.75,1.41,3.27,2.09,1.5,1.65,2.35
332.05,38,2.06,4.11,4.79,2.51,2.49,2.61,2.6,4.13,1.67,1.37,3.21,2.07,1.41,1.6,2.3
333.07,38,2,4.05,4.75,2.48,2.4,2.6,2.55,4.07,1.59,1.35,3.14,2.04,1.34,1.56,2.25
334.07,38,1.96,3.98,4.7,2.44,2.3,2.57,2.51,4.02,1.53,1.33,3.07,2.01,1.29,1.52,2.19
335.07,38,1.91,3.9,4.65,2.4,2.22,2.53,2.45,3.95,1.46,1.3,2.97,1.98,1.24,1.47,2.15
336.07,38,1.86,3.83,4.61,2.35,2.13,2.49,2.41,3.88,1.4,1.25,2.88,1.94,1.22,1.42,2.13
337.07,38,1.82,3.78,4.56,2.33,2.04,2.44,2.36,3.82,1.34,1.21,2.78,1.92,1.21,1.38,2.12
338.07,38,1.79,3.7,4.51,2.28,1.96,2.38,2.32,3.76,1.27,1.18,2.67,1.88,1.19,1.33,2.14
339.08,38,1.75,3.64,4.47,2.24,1.89,2.33,2.27,3.7,1.2,1.15,2.55,1.85,1.16,1.3,2.17
340.08,38,1.71,3.59,4.43,2.2,1.83,2.28,2.24,3.64,1.14,1.14,2.44,1.83,1.13,1.28,2.22
341.08,38,1.67,3.53,4.39,2.15,1.79,2.24,2.19,3.6,1.08,1.12,2.33,1.79,1.12,1.29,2.24
342.08,38,1.62,3.49,4.35,2.11,1.75,2.19,2.14,3.55,1.02,1.09,2.21,1.77,1.08,1.33,2.26
343.1,38,1.58,3.45,4.31,2.08,1.71,2.15,2.08,3.49,0.98,1.06,2.12,1.72,1.02,1.36,2.26
344.1,38,1.53,3.41,4.28,2.05,1.67,2.11,2.04,3.44,0.95,1.05,2.04,1.69,0.95,1.39,2.24
345.1,38,1.53,3.38,4.24,2.02,1.63,2.07,1.99,3.4,0.94,1.03,2,1.65,0.89,1.41,2.21
346.1,38,1.5,3.33,4.22,1.98,1.59,2.02,1.96,3.35,0.95,1.02,1.97,1.6,0.84,1.41,2.15
347.12,38,1.46,3.3,4.2,1.94,1.55,1.97,1.92,3.3,0.98,1,1.96,1.56,0.8,1.41,2.09
348.12,38,1.41,3.26,4.17,1.9,1.5,1.91,1.85,3.26,1,1,1.96,1.52,0.76,1.4,2.02
349.12,38,1.36,3.23,4.14,1.86,1.45,1.85,1.81,3.22,1.03,0.99,1.98,1.48,0.71,1.38,1.96
350.12,38,1.32,3.21,4.11,1.83,1.38,1.79,1.76,3.17,1.03,0.98,1.98,1.44,0.66,1.36,1.9
351.12,38,1.26,3.18,4.09,1.8,1.32,1.73,1.71,3.12,1.05,0.96,2,1.41,0.62,1.35,1.83
352.13,38,1.27,3.16,4.06,1.75,1.25,1.68,1.66,3.05,1.05,0.96,2,1.37,0.57,1.33,1.76
353.13,38,1.24,3.1,4.02,1.71,1.2,1.64,1.61,3,1.05,0.95,1.98,1.34,0.54,1.3,1.69
354.13,38,1.2,3.05,4,1.67,1.17,1.61,1.59,2.96,1.07,0.96,1.99,1.33,0.54,1.27,1.62
355.15,38,1.14,2.97,3.94,1.63,1.12,1.57,1.52,2.89,1.07,0.93,1.98,1.31,0.54,1.23,1.53
356.15,38,1.09,2.91,3.91,1.59,1.11,1.56,1.46,2.85,1.08,0.94,2.01,1.31,0.54,1.19,1.45
357.15,38,1.04,2.85,3.85,1.53,1.09,1.55,1.4,2.78,1.08,0.93,2.02,1.3,0.54,1.13,1.36
358.15,38,0.98,2.77,3.79,1.48,1.06,1.56,1.33,2.72,1.09,0.92,2.02,1.28,0.52,1.09,1.27
359.15,38,0.93,2.69,3.73,1.44,1.05,1.59,1.29,2.67,1.09,0.91,1.98,1.26,0.5,1.07,1.19
360.17,38,0.88,2.58,3.65,1.4,1.03,1.62,1.25,2.6,1.09,0.91,1.93,1.23,0.46,1.04,1.11
361.17,38,0.83,2.48,3.58,1.38,1.02,1.65,1.2,2.53,1.1,0.91,1.85,1.22,0.42,1.03,1.04
362.17,38,0.78,2.37,3.52,1.33,0.99,1.65,1.16,2.44,1.09,0.91,1.74,1.18,0.38,1.02,0.97
363.17,38,0.73,2.26,3.43,1.29,0.98,1.63,1.1,2.35,1.07,0.91,1.61,1.17,0.36,1.02,0.93
364.17,38,0.7,2.15,3.38,1.25,0.96,1.6,1.06,2.26,1.06,0.91,1.5,1.15,0.34,1.02,0.89
365.17,38,0.64,2.04,3.28,1.2,0.96,1.57,1.02,2.19,1.03,0.91,1.42,1.14,0.33,1.05,0.86
366.17,38,0.61,1.92,3.18,1.14,0.94,1.53,0.95,2.13,1.01,0.89,1.34,1.14,0.31,1.04,0.84
367.18,38,0.56,1.83,3.09,1.1,0.93,1.52,0.89,2.08,1,0.9,1.29,1.14,0.3,1.03,0.84
368.18,38,0.5,1.74,3,1.06,0.92,1.51,0.85,2.04,1,0.9,1.27,1.12,0.31,1.03,0.82
369.18,38,0.43,1.64,2.9,1.01,0.9,1.48,0.78,2.01,1,0.89,1.25,1.09,0.28,1.02,0.81
370.18,38,0.39,1.58,2.8,0.96,0.9,1.46,0.73,1.99,1.01,0.89,1.25,1.07,0.29,1.01,0.79
371.18,38,0.37,1.55,2.71,0.92,0.89,1.44,0.69,1.96,1,0.89,1.24,1.06,0.3,1.01,0.76
372.2,38,0.35,1.51,2.6,0.91,0.88,1.38,0.68,1.92,0.97,0.88,1.21,1.04,0.3,0.99,0.74
373.2,38,0.36,1.48,2.51,0.88,0.88,1.33,0.65,1.87,0.93,0.89,1.2,1.03,0.31,0.98,0.72
374.2,38,0.35,1.42,2.39,0.86,0.88,1.27,0.61,1.84,0.9,0.89,1.18,1.02,0.32,0.98,0.7
375.2,38,0.33,1.34,2.27,0.85,0.87,1.2,0.55,1.8,0.87,0.89,1.16,1,0.33,0.96,0.68
376.2,38,0.35,1.29,2.15,0.82,0.88,1.15,0.49,1.75,0.86,0.88,1.16,0.98,0.34,0.95,0.66
377.2,38,0.36,1.28,2.06,0.8,0.89,1.11,0.46,1.72,0.86,0.88,1.18,0.98,0.36,0.96,0.66
378.22,38,0.34,1.29,2.02,0.77,0.88,1.07,0.42,1.67,0.86,0.88,1.21,0.96,0.35,0.95,0.65
379.22,38,0.3,1.29,2.02,0.74,0.88,1.03,0.38,1.66,0.84,0.87,1.25,0.95,0.34,0.95,0.64
380.22,38,0.28,1.31,2.1,0.71,0.88,1.02,0.34,1.65,0.85,0.87,1.31,0.93,0.34,0.95,0.64
381.22,38,0.25,1.37,2.22,0.67,0.87,0.99,0.32,1.63,0.85,0.86,1.33,0.93,0.31,0.95,0.66
382.22,38,0.24,1.42,2.32,0.64,0.88,0.97,0.3,1.61,0.85,0.87,1.31,0.93,0.31,0.96,0.68
383.22,38,0.21,1.45,2.38,0.61,0.88,0.96,0.26,1.59,0.84,0.87,1.27,0.93,0.29,0.96,0.7
384.23,38,0.19,1.49,2.43,0.57,0.89,0.95,0.24,1.55,0.84,0.87,1.27,0.92,0.28,0.96,0.71
385.23,38,0.16,1.48,2.46,0.52,0.88,0.94,0.22,1.51,0.83,0.87,1.26,0.91,0.28,0.95,0.7
386.23,38,0.14,1.46,2.44,0.49,0.88,0.93,0.2,1.46,0.81,0.87,1.25,0.89,0.27,0.95,0.69
387.23,38,0.13,1.44,2.43,0.45,0.88,0.93,0.19,1.44,0.82,0.87,1.25,0.89,0.28,0.95,0.67
388.23,38,0.11,1.41,2.39,0.41,0.86,0.91,0.16,1.4,0.8,0.86,1.23,0.88,0.27,0.93,0.66
389.23,38,0.11,1.38,2.34,0.38,0.87,0.91,0.16,1.38,0.8,0.86,1.23,0.88,0.26,0.93,0.66
390.23,38,0.07,1.33,2.3,0.33,0.88,0.91,0.13,1.36,0.8,0.86,1.21,0.87,0.26,0.93,0.66
391.25,38,0.05,1.29,2.28,0.28,0.86,0.91,0.12,1.33,0.8,0.86,1.2,0.86,0.25,0.92,0.65
392.25,38,0.04,1.29,2.27,0.27,0.86,0.89,0.11,1.3,0.8,0.86,1.18,0.86,0.26,0.92,0.65
393.25,38,0.04,1.33,2.25,0.26,0.86,0.9,0.11,1.28,0.8,0.86,1.16,0.86,0.26,0.92,0.66
394.25,38,0.02,1.34,2.22,0.23,0.85,0.89,0.09,1.25,0.79,0.86,1.15,0.86,0.25,0.91,0.66
395.25,38,0.02,1.31,2.19,0.19,0.86,0.91,0.09,1.24,0.79,0.87,1.14,0.86,0.26,0.91,0.67
396.25,38,0,1.25,2.15,0.17,0.84,0.92,0.07,1.23,0.77,0.86,1.14,0.84,0.25,0.91,0.67
397.27,38,0.01,1.21,2.11,0.17,0.86,0.93,0.07,1.23,0.78,0.87,1.14,0.85,0.26,0.92,0.66
398.27,38,0.01,1.15,2.03,0.15,0.85,0.95,0.07,1.21,0.77,0.86,1.14,0.85,0.26,0.91,0.66
399.27,38,0,1.09,1.96,0.13,0.85,0.95,0.06,1.2,0.77,0.86,1.13,0.84,0.26,0.91,0.64
400.28,38,0,1.05,1.9,0.13,0.85,0.95,0.05,1.19,0.77,0.86,1.13,0.84,0.26,0.93,0.64
401.28,38,0,1.02,1.83,0.1,0.84,0.94,0.04,1.16,0.77,0.86,1.12,0.84,0.25,0.92,0.63
402.28,38,0,0.99,1.78,0.08,0.85,0.95,0.04,1.14,0.77,0.86,1.12,0.83,0.25,0.91,0.63
403.28,38,0,0.96,1.74,0.07,0.84,0.93,0.03,1.12,0.77,0.86,1.12,0.83,0.25,0.91,0.62
404.3,38,0,0.94,1.68,0.07,0.84,0.95,0.02,1.11,0.77,0.85,1.11,0.82,0.24,0.9,0.61
405.3,38,0,0.93,1.61,0.05,0.83,0.95,0.02,1.09,0.76,0.85,1.11,0.82,0.24,0.9,0.6
406.3,38,0,0.91,1.53,0.02,0.82,0.95,0.01,1.08,0.76,0.84,1.11,0.82,0.24,0.89,0.59
407.3,38,0,0.91,1.46,0.02,0.83,0.96,0.02,1.09,0.77,0.85,1.12,0.82,0.24,0.91,0.6
408.3,38,0,0.9,1.38,0,0.82,0.95,0.01,1.09,0.77,0.85,1.12,0.81,0.24,0.9,0.59
409.32,38,0,0.91,1.33,0,0.84,0.94,0.01,1.11,0.77,0.85,1.11,0.82,0.24,0.91,0.6
410.32,38,0,0.91,1.27,0,0.84,0.94,0,1.11,0.76,0.85,1.11,0.81,0.24,0.9,0.59
411.32,38,0,0.93,1.21,0,0.84,0.93,0.01,1.12,0.76,0.85,1.11,0.81,0.24,0.9,0.6
412.33,38,0,0.93,1.15,0,0.84,0.91,0,1.11,0.76,0.85,1.1,0.8,0.24,0.9,0.61
413.33,38,0,0.92,1.09,0,0.83,0.9,0,1.11,0.75,0.84,1.09,0.79,0.24,0.89,0.61
414.33,38,0,0.93,1.03,0,0.84,0.9,0,1.11,0.76,0.85,1.1,0.8,0.24,0.9,0.63
415.35,38,0,0.91,0.96,0,0.83,0.89,0,1.1,0.74,0.85,1.09,0.79,0.24,0.89,0.62
416.35,38,0,0.91,0.92,0,0.82,0.88,0,1.09,0.74,0.84,1.09,0.79,0.23,0.89,0.61
417.35,38,0,0.89,0.88,0,0.82,0.89,0,1.07,0.74,0.84,1.1,0.79,0.24,0.89,0.61
418.35,38,0,0.89,0.86,0,0.83,0.88,0,1.07,0.75,0.84,1.1,0.79,0.23,0.89,0.61
419.37,38,0,0.88,0.84,0,0.82,0.89,0,1.06,0.74,0.84,1.09,0.79,0.22,0.89,0.59
420.37,38,0,0.89,0.84,0,0.82,0.89,0,1.05,0.74,0.84,1.09,0.79,0.23,0.89,0.59
421.37,38,0,0.88,0.83,0,0.84,0.91,0,1.07,0.74,0.86,1.09,0.79,0.23,0.89,0.59
422.38,38,0,0.87,0.81,0,0.82,0.91,0,1.07,0.75,0.85,1.09,0.79,0.24,0.89,0.59
423.38,38,0,0.85,0.77,0,0.82,0.89,0,1.06,0.74,0.84,1.09,0.78,0.22,0.89,0.57
424.38,38,0,0.86,0.77,0,0.83,0.9,0,1.07,0.74,0.85,1.09,0.79,0.24,0.89,0.59
425.38,38,0,0.85,0.75,0,0.82,0.88,0,1.07,0.74,0.85,1.09,0.79,0.23,0.89,0.59
426.38,38,0,0.85,0.72,0,0.82,0.88,0,1.05,0.73,0.84,1.08,0.77,0.22,0.88,0.57
427.38,38,0,0.85,0.72,0,0.82,0.88,0,1.05,0.73,0.84,1.09,0.77,0.22,0.89,0.59
428.4,38,0,0.85,0.72,0,0.82,0.88,0,1.05,0.72,0.84,1.08,0.78,0.22,0.88,0.59
429.4,38,0,0.86,0.73,0,0.83,0.88,0,1.05,0.73,0.84,1.1,0.78,0.22,0.89,0.59
430.4,38,0,0.85,0.72,0,0.82,0.87,0,1.04,0.72,0.84,1.09,0.77,0.22,0.88,0.58
431.4,38,0,0.85,0.72,0,0.82,0.87,0,1.04,0.73,0.84,1.09,0.77,0.22,0.88,0.59
432.42,38,0,0.86,0.72,0,0.82,0.88,0,1.05,0.74,0.84,1.09,0.77,0.22,0.88,0.59
433.42,38,0,0.85,0.72,0,0.81,0.87,0,1.04,0.73,0.84,1.09,0.76,0.22,0.88,0.57
434.42,38,0,0.85,0.71,0,0.81,0.87,0,1.03,0.73,0.84,1.09,0.77,0.22,0.88,0.57
435.43,38,0,0.84,0.71,0,0.81,0.86,0,1.04,0.73,0.84,1.09,0.77,0.22,0.88,0.57
436.43,38,0,0.85,0.71,0,0.81,0.87,0,1.04,0.74,0.84,1.09,0.76,0.22,0.88,0.57
437.43,38,0,0.84,0.71,0,0.82,0.87,0,1.04,0.72,0.84,1.09,0.76,0.22,0.88,0.57
438.43,38,0,0.85,0.7,0,0.82,0.88,0,1.05,0.73,0.84,1.09,0.77,0.23,0.89,0.58
439.45,38,0,0.85,0.71,0,0.82,0.88,0,1.05,0.73,0.84,1.09,0.77,0.22,0.89,0.57
440.45,38,0,0.86,0.7,0,0.81,0.87,0,1.04,0.72,0.83,1.09,0.77,0.22,0.89,0.57
441.45,38,0,0.85,0.69,0,0.81,0.87,0,1.04,0.72,0.84,1.08,0.77,0.22,0.88,0.57
442.45,38,0,0.85,0.69,0,0.82,0.87,0,1.05,0.72,0.84,1.09,0.76,0.22,0.89,0.58
443.45,38,0,0.85,0.69,0,0.82,0.87,0,1.05,0.72,0.84,1.08,0.77,0.22,0.88,0.57
444.47,38,0,0.84,0.68,0,0.81,0.86,0,1.05,0.72,0.84,1.08,0.76,0.22,0.88,0.57
445.47,38,0,0.84,0.69,0,0.81,0.86,0,1.03,0.71,0.84,1.07,0.76,0.21,0.88,0.57
446.48,38,0,0.84,0.69,0,0.81,0.86,0,1.03,0.72,0.84,1.08,0.76,0.22,0.88,0.57
447.48,38,0,0.83,0.69,0,0.81,0.85,0,1.03,0.71,0.82,1.07,0.75,0.22,0.88,0.56
448.48,38,0,0.84,0.7,0,0.82,0.86,0,1.03,0.72,0.84,1.08,0.76,0.22,0.88,0.57
449.48,38,0,0.84,0.71,0,0.82,0.86,0,1.03,0.72,0.84,1.08,0.76,0.22,0.88,0.57
450.5,38,0,0.83,0.7,0,0.82,0.86,0,1.03,0.72,0.84,1.07,0.76,0.21,0.88,0.57
451.5,38,0,0.83,0.69,0,0.81,0.86,0,1.03,0.72,0.84,1.07,0.76,0.21,0.88,0.57
452.52,38,0,0.83,0.69,0,0.81,0.86,0,1.03,0.72,0.84,1.07,0.76,0.21,0.88,0.57
453.52,38,0,0.84,0.69,0,0.81,0.86,0,1.04,0.72,0.84,1.07,0.76,0.22,0.88,0.57
454.52,38,0,0.84,0.69,0,0.82,0.86,0,1.04,0.72,0.84,1.08,0.76,0.22,0.88,0.58
455.53,38,0,0.83,0.69,0,0.82,0.86,0,1.03,0.72,0.84,1.07,0.75,0.22,0.88,0.57
456.53,38,0,0.84,0.67,0,0.82,0.85,0,1.03,0.72,0.84,1.08,0.76,0.22,0.88,0.57
457.53,38,0,0.83,0.67,0,0.81,0.86,0,1.03,0.72,0.83,1.07,0.76,0.22,0.88,0.57
458.53,38,0,0.83,0.67,0,0.81,0.85,0,1.03,0.72,0.84,1.08,0.75,0.22,0.88,0.56
459.55,38,0,0.83,0.67,0,0.81,0.84,0,1.03,0.72,0.84,1.07,0.74,0.22,0.88,0.57
460.55,38,0,0.82,0.67,0,0.81,0.84,0,1.03,0.71,0.84,1.07,0.74,0.22,0.88,0.56
461.55,38,0,0.82,0.67,0,0.81,0.84,0,1.03,0.71,0.84,1.07,0.74,0.21,0.88,0.56
462.55,38,0,0.84,0.67,0,0.81,0.86,0,1.03,0.71,0.84,1.08,0.75,0.22,0.88,0.56
463.57,38,0,0.83,0.67,0,0.81,0.86,0,1.03,0.72,0.84,1.07,0.74,0.22,0.88,0.57
464.57,38,0,0.83,0.67,0,0.81,0.86,0,1.03,0.72,0.84,1.08,0.75,0.22,0.89,0.57
465.57,38,0,0.82,0.66,0,0.81,0.85,0,1.02,0.71,0.84,1.07,0.74,0.22,0.88,0.56
466.58,38,0,0.82,0.66,0,0.81,0.86,0,1.02,0.71,0.84,1.07,0.74,0.22,0.88,0.56
467.58,38,0,0.82,0.66,0,0.81,0.86,0,1.03,0.72,0.84,1.08,0.74,0.22,0.88,0.57
468.58,38,0,0.83,0.66,0,0.81,0.86,0,1.03,0.72,0.84,1.08,0.73,0.22,0.88,0.56
469.6,38,0,0.82,0.65,0,0.81,0.84,0,1.03,0.72,0.84,1.07,0.74,0.22,0.88,0.56
470.6,38,0,0.82,0.65,0,0.81,0.85,0,1.03,0.71,0.84,1.07,0.73,0.22,0.88,0.56
471.6,38,0,0.82,0.65,0,0.81,0.85,0,1.03,0.72,0.84,1.08,0.74,0.22,0.89,0.56
472.6,38,0,0.83,0.65,0,0.81,0.85,0,1.03,0.72,0.84,1.07,0.74,0.22,0.88,0.57
473.6,38,0,0.82,0.65,0,0.81,0.86,0,1.03,0.72,0.84,1.07,0.73,0.22,0.88,0.57
474.62,38,0,0.82,0.65,0,0.81,0.84,0,1.03,0.72,0.85,1.08,0.73,0.22,0.88,0.57
475.62,38,0,0.82,0.65,0,0.8,0.84,0,1.03,0.71,0.84,1.07,0.73,0.22,0.88,0.57
476.62,38,0,0.82,0.65,0,0.81,0.85,0,1.02,0.72,0.84,1.07,0.73,0.21,0.88,0.56
477.62,38,0,0.82,0.64,0,0.81,0.84,0,1.02,0.71,0.84,1.07,0.72,0.22,0.88,0.56
478.62,38,0,0.82,0.64,0,0.81,0.85,0,1.02,0.7,0.84,1.07,0.72,0.22,0.88,0.56
479.62,38,0,0.82,0.64,0,0.81,0.85,0,1.02,0.71,0.83,1.07,0.72,0.21,0.88,0.56
480.62,38,0,0.82,0.64,0,0.81,0.86,0,1.03,0.72,0.84,1.08,0.73,0.22,0.89,0.57
481.62,38,0,0.82,0.65,0,0.81,0.84,0,1.03,0.71,0.84,1.07,0.72,0.22,0.88,0.56
482.62,38,0,0.82,0.64,0,0.81,0.84,0,1.02,0.71,0.84,1.07,0.72,0.21,0.88,0.56
483.63,38,0,0.82,0.65,0,0.81,0.85,0,1.03,0.72,0.85,1.08,0.73,0.22,0.88,0.56
484.63,38,0,0.83,0.64,0,0.81,0.85,0,1.02,0.71,0.84,1.07,0.72,0.22,0.88,0.56
485.63,38,0,0.82,0.65,0,0.81,0.86,0,1.03,0.71,0.84,1.07,0.73,0.22,0.88,0.56
486.63,38,0,0.83,0.65,0,0.81,0.85,0,1.03,0.72,0.84,1.08,0.73,0.22,0.88,0.57
487.63,38,0,0.82,0.65,0,0.81,0.84,0,1.03,0.72,0.84,1.07,0.72,0.21,0.88,0.56
488.63,38,0,0.82,0.64,0,0.81,0.84,0,1.03,0.71,0.84,1.07,0.72,0.22,0.88,0.56
489.63,38,0,0.82,0.64,0,0.81,0.84,0,1.02,0.71,0.84,1.07,0.72,0.22,0.88,0.56
490.65,38,0,0.82,0.64,0,0.81,0.84,0,1.02,0.71,0.84,1.07,0.72,0.21,0.87,0.56
491.65,38,0,0.82,0.64,0,0.81,0.84,0,1.02,0.71,0.84,1.07,0.72,0.22,0.88,0.56
492.65,38,0,0.82,0.64,0,0.81,0.84,0,1.02,0.71,0.84,1.07,0.72,0.22,0.88,0.56
493.65,38,0,0.82,0.64,0,0.81,0.84,0,1.03,0.71,0.84,1.07,0.73,0.21,0.88,0.56
494.65,38,0,0.82,0.64,0,0.81,0.84,0,1.02,0.71,0.84,1.07,0.72,0.21,0.87,0.55
495.65,38,0,0.82,0.65,0,0.81,0.85,0,1.02,0.71,0.84,1.07,0.72,0.22,0.88,0.56
496.65,38,0,0.82,0.64,0,0.8,0.84,0,1.02,0.71,0.83,1.07,0.72,0.21,0.87,0.56
497.67,38,0,0.82,0.64,0,0.81,0.84,0,1.02,0.71,0.83,1.07,0.72,0.21,0.87,0.56
498.67,38,0,0.83,0.64,0,0.81,0.84,0,1.02,0.71,0.84,1.07,0.73,0.22,0.88,0.56
499.68,38,0,0.82,0.64,0,0.8,0.84,0,1.03,0.71,0.84,1.07,0.72,0.22,0.88,0.56
500.68,38,0,0.81,0.62,0,0.81,0.84,0,1.02,0.71,0.84,1.07,0.72,0.22,0.88,0.56
501.68,38,0,0.83,0.64,0,0.81,0.85,0,1.02,0.71,0.85,1.07,0.73,0.22,0.88,0.56
502.68,38,0,0.82,0.63,0,0.81,0.84,0,1.02,0.71,0.84,1.07,0.71,0.22,0.87,0.55
503.68,38,0,0.82,0.63,0,0.81,0.84,0,1.02,0.71,0.84,1.07,0.72,0.21,0.88,0.56
504.7,38,0,0.81,0.63,0,0.8,0.84,0,1.02,0.7,0.84,1.06,0.72,0.22,0.88,0.56
505.7,38,0,0.82,0.64,0,0.8,0.84,0,1.02,0.7,0.84,1.07,0.72,0.21,0.87,0.55
506.7,38,0,0.82,0.63,0,0.8,0.84,0,1.02,0.71,0.84,1.07,0.72,0.21,0.88,0.56
507.7,38,0,0.81,0.64,0,0.81,0.84,0,1.02,0.71,0.84,1.07,0.72,0.21,0.88,0.56
508.7,38,0,0.82,0.64,0,0.81,0.84,0,1.02,0.71,0.84,1.07,0.72,0.22,0.88,0.56
509.72,38,0,0.82,0.64,0,0.81,0.84,0,1.02,0.71,0.84,1.07,0.72,0.22,0.88,0.56
510.72,38,0,0.82,0.63,0,0.79,0.84,0,1.02,0.7,0.83,1.06,0.72,0.21,0.87,0.56
511.72,38,0,0.82,0.63,0,0.8,0.84,0,1.01,0.7,0.84,1.06,0.72,0.21,0.87,0.55
512.72,38,0,0.81,0.62,0,0.8,0.83,0,1.02,0.7,0.84,1.07,0.72,0.21,0.87,0.55
513.72,38,0,0.81,0.62,0,0.8,0.83,0,1.01,0.69,0.83,1.05,0.71,0.2,0.86,0.55
514.73,38,0,0.82,0.63,0,0.81,0.84,0,1.02,0.71,0.84,1.06,0.72,0.21,0.88,0.56
515.73,38,0,0.82,0.64,0,0.81,0.83,0,1.02,0.71,0.84,1.07,0.72,0.21,0.87,0.56
516.75,38,0,0.81,0.63,0,0.81,0.84,0,1.02,0.7,0.83,1.07,0.71,0.22,0.87,0.56
517.75,38,0,0.81,0.63,0,0.79,0.83,0,1.02,0.69,0.83,1.07,0.71,0.2,0.87,0.54
518.75,38,0,0.81,0.62,0,0.79,0.82,0,1,0.7,0.83,1.06,0.71,0.21,0.86,0.54
519.75,38,0,0.82,0.64,0,0.81,0.83,0,1.02,0.7,0.84,1.07,0.72,0.22,0.88,0.55
520.77,38,0,0.82,0.63,0,0.81,0.83,0,1.02,0.71,0.84,1.07,0.71,0.22,0.87,0.55
521.77,38,0,0.81,0.62,0,0.81,0.84,0,1.01,0.69,0.84,1.07,0.7,0.21,0.87,0.55
522.77,38,0,0.82,0.63,0,0.8,0.84,0,1.02,0.7,0.83,1.07,0.71,0.22,0.87,0.55
523.77,38,0,0.81,0.63,0,0.8,0.84,0,1.02,0.7,0.84,1.07,0.71,0.22,0.87,0.54
524.78,38,0,0.81,0.62,0,0.79,0.84,0,1.01,0.7,0.83,1.06,0.71,0.21,0.87,0.56
525.78,38,0,0.81,0.62,0,0.8,0.84,0,1.02,0.7,0.84,1.07,0.71,0.22,0.87,0.56
526.78,38,0,0.81,0.62,0,0.79,0.83,0,1,0.69,0.83,1.06,0.7,0.2,0.87,0.55
527.78,38,0,0.82,0.62,0,0.8,0.83,0,1.02,0.7,0.84,1.07,0.71,0.2,0.86,0.55
528.78,38,0,0.81,0.62,0,0.8,0.83,0,1.01,0.69,0.83,1.06,0.71,0.21,0.86,0.54
529.78,38,0,0.82,0.63,0,0.8,0.83,0,1.02,0.7,0.84,1.07,0.71,0.21,0.87,0.54
530.8,38,0,0.81,0.62,0,0.8,0.83,0,1.01,0.69,0.83,1.06,0.71,0.21,0.87,0.55
531.8,38,0,0.82,0.62,0,0.8,0.84,0,1.02,0.69,0.84,1.05,0.69,0.21,0.87,0.54
532.8,38,0,0.81,0.62,0,0.8,0.83,0,1.01,0.69,0.83,1.06,0.7,0.22,0.87,0.54
533.8,38,0,0.82,0.63,0,0.8,0.84,0,1.02,0.7,0.83,1.07,0.7,0.22,0.87,0.56
534.8,38,0,0.81,0.62,0,0.79,0.82,0,1.01,0.7,0.83,1.07,0.71,0.21,0.86,0.54
535.8,38,0,0.81,0.62,0,0.8,0.83,0,1.02,0.7,0.83,1.06,0.71,0.22,0.86,0.55
536.82,38,0,0.81,0.62,0,0.79,0.82,0,1.01,0.69,0.83,1.06,0.69,0.2,0.86,0.54
537.82,38,0,0.82,0.62,0,0.81,0.84,0,1.02,0.69,0.84,1.07,0.7,0.21,0.86,0.55
538.82,38,0,0.81,0.62,0,0.79,0.82,0,1.01,0.69,0.83,1.05,0.69,0.2,0.86,0.54
539.82,38,0,0.81,0.62,0,0.8,0.84,0,1.01,0.69,0.83,1.06,0.7,0.2,0.87,0.55
540.83,38,0,0.81,0.62,0,0.79,0.82,0,1.01,0.69,0.84,1.06,0.7,0.2,0.86,0.54
541.83,38,0,0.81,0.62,0,0.8,0.83,0,1.02,0.7,0.84,1.06,0.71,0.21,0.87,0.54
542.83,38,0,0.81,0.62,0,0.79,0.83,0,1.01,0.69,0.84,1.06,0.71,0.21,0.86,0.54
543.85,38,0,0.81,0.63,0,0.8,0.83,0,1.02,0.7,0.83,1.06,0.69,0.2,0.87,0.54
544.85,38,0,0.82,0.62,0,0.8,0.84,0,1.02,0.7,0.84,1.07,0.71,0.21,0.87,0.54
545.85,38,0,0.81,0.62,0,0.8,0.83,0,1.02,0.7,0.84,1.06,0.71,0.21,0.87,0.54
546.85,38,0,0.81,0.62,0,0.79,0.83,0,1.01,0.7,0.83,1.06,0.69,0.2,0.86,0.54
547.85,38,0,0.82,0.62,0,0.8,0.83,0,1.01,0.69,0.84,1.07,0.71,0.21,0.87,0.55
548.87,38,0,0.81,0.62,0,0.8,0.83,0,1.01,0.69,0.84,1.07,0.7,0.21,0.87,0.55
549.87,38,0,0.81,0.62,0,0.8,0.83,0,1.01,0.7,0.84,1.07,0.7,0.21,0.86,0.54
550.87,38,0,0.81,0.62,0,0.8,0.82,0,1.01,0.69,0.83,1.06,0.69,0.21,0.87,0.54
551.88,38,0,0.81,0.62,0,0.8,0.83,0,1.01,0.69,0.83,1.07,0.7,0.21,0.86,0.54
552.88,38,0,0.81,0.62,0,0.8,0.83,0,1,0.69,0.82,1.05,0.69,0.2,0.86,0.54
553.88,38,0,0.81,0.62,0,0.8,0.83,0,1.02,0.69,0.84,1.07,0.71,0.21,0.87,0.55
554.88,38,0,0.82,0.62,0,0.8,0.83,0,1.01,0.69,0.83,1.05,0.71,0.2,0.87,0.54
555.88,38,0,0.81,0.62,0,0.79,0.82,0,1.01,0.69,0.83,1.05,0.69,0.2,0.86,0.54
556.88,38,0,0.81,0.62,0,0.79,0.82,0,1.01,0.69,0.83,1.05,0.69,0.2,0.86,0.55
557.88,38,0,0.82,0.62,0,0.81,0.84,0,1.02,0.7,0.84,1.06,0.7,0.21,0.87,0.54
558.88,38,0,0.81,0.62,0,0.79,0.83,0,1.02,0.69,0.83,1.06,0.7,0.2,0.87,0.55
559.9,38,0,0.8,0.61,0,0.79,0.82,0,1,0.69,0.82,1.05,0.69,0.2,0.86,0.54
560.9,38,0,0.81,0.61,0,0.79,0.82,0,1.01,0.69,0.82,1.05,0.69,0.2,0.86,0.54
561.9,38,0,0.81,0.62,0,0.8,0.83,0,1.01,0.69,0.84,1.06,0.69,0.2,0.86,0.54
562.9,38,0,0.81,0.62,0,0.79,0.83,0,1.02,0.69,0.83,1.06,0.7,0.2,0.86,0.54
563.9,38,0,0.81,0.61,0,0.79,0.82,0,1,0.69,0.82,1.05,0.69,0.2,0.86,0.54
564.92,38,0,0.81,0.62,0,0.8,0.83,0,1.01,0.69,0.84,1.06,0.7,0.21,0.87,0.54
565.92,38,0,0.81,0.62,0,0.8,0.83,0,1.02,0.69,0.83,1.06,0.7,0.21,0.86,0.54
566.92,38,0,0.81,0.62,0,0.79,0.82,0,1.01,0.68,0.83,1.05,0.69,0.2,0.86,0.54
567.92,38,0,0.81,0.62,0,0.79,0.82,0,1.01,0.69,0.83,1.06,0.69,0.2,0.87,0.54
568.92,38,0,0.81,0.62,0,0.8,0.83,0,1.01,0.7,0.84,1.06,0.71,0.21,0.87,0.55
569.92,38,0,0.81,0.61,0,0.79,0.83,0,1.01,0.69,0.83,1.05,0.7,0.2,0.87,0.54
570.92,38,0,0.8,0.61,0,0.79,0.82,0,1,0.69,0.82,1.05,0.69,0.2,0.86,0.54
571.92,38,0,0.81,0.62,0,0.8,0.82,0,1.02,0.69,0.84,1.06,0.7,0.21,0.86,0.54
572.93,38,0,0.81,0.61,0,0.79,0.82,0,1.01,0.69,0.84,1.06,0.69,0.2,0.86,0.54
573.93,38,0,0.81,0.62,0,0.79,0.82,0,1,0.69,0.83,1.06,0.69,0.2,0.87,0.54
574.93,38,0,0.81,0.62,0,0.8,0.83,0,1.02,0.7,0.83,1.06,0.7,0.21,0.87,0.55
575.93,38,0,0.8,0.61,0,0.79,0.82,0,1,0.69,0.82,1.05,0.69,0.2,0.86,0.54
576.93,38,0,0.81,0.62,0,0.79,0.82,0,1.02,0.69,0.83,1.06,0.69,0.21,0.87,0.54
577.93,38,0,0.81,0.62,0,0.79,0.82,0,1,0.69,0.82,1.06,0.69,0.2,0.86,0.54
578.93,38,0,0.81,0.62,0,0.8,0.82,0,1,0.69,0.83,1.06,0.69,0.21,0.86,0.54
579.95,38,0,0.82,0.62,0,0.8,0.83,0,1.02,0.7,0.84,1.07,0.71,0.21,0.87,0.55
580.95,38,0,0.81,0.62,0,0.79,0.82,0,1.01,0.69,0.82,1.06,0.69,0.2,0.86,0.54
581.95,38,0,0.81,0.62,0,0.79,0.82,0,1.02,0.69,0.83,1.06,0.69,0.21,0.86,0.54
582.95,38,0,0.81,0.61,0,0.79,0.82,0,1,0.69,0.83,1.05,0.69,0.2,0.86,0.54
583.95,38,0,0.81,0.62,0,0.8,0.84,0,1.01,0.69,0.83,1.06,0.7,0.21,0.86,0.55
584.95,38,0,0.8,0.61,0,0.79,0.82,0,1,0.69,0.82,1.05,0.69,0.2,0.86,0.54
585.97,38,0,0.81,0.62,0,0.79,0.82,0,1.01,0.69,0.83,1.07,0.69,0.21,0.87,0.54
586.97,38,0,0.81,0.61,0,0.79,0.82,0,1.01,0.69,0.84,1.05,0.69,0.2,0.86,0.54
587.97,38,0,0.81,0.62,0,0.8,0.83,0,1.02,0.69,0.84,1.06,0.7,0.22,0.86,0.55
588.97,38,0,0.81,0.62,0,0.79,0.83,0,1.02,0.69,0.83,1.05,0.7,0.2,0.86,0.54
589.98,38,0,0.81,0.62,0,0.8,0.82,0,1.01,0.69,0.83,1.06,0.69,0.21,0.87,0.54
590.98,38,0,0.81,0.61,0,0.79,0.82,0,1.01,0.68,0.83,1.05,0.69,0.2,0.86,0.54
591.98,38,0,0.81,0.62,0,0.8,0.83,0,1.01,0.69,0.84,1.06,0.69,0.21,0.86,0.55
592.98,38,0,0.81,0.62,0,0.79,0.82,0,1.02,0.69,0.83,1.06,0.69,0.2,0.87,0.54
593.98,38,0,0.81,0.61,0,0.8,0.82,0,1,0.69,0.83,1.05,0.69,0.2,0.86,0.54
595,38,0,0.81,0.61,0,0.79,0.82,0,1.01,0.69,0.83,1.06,0.7,0.21,0.86,0.54
596,38,0,0.81,0.61,0,0.8,0.83,0,1.01,0.69,0.83,1.05,0.69,0.2,0.86,0.54
597,38,0,0.81,0.62,0,0.8,0.82,0,1.01,0.69,0.83,1.05,0.69,0.2,0.86,0.54
598,38,0,0.81,0.62,0,0.79,0.83,0,1.01,0.69,0.83,1.05,0.69,0.2,0.86,0.54
599,38,0,0.81,0.62,0,0.8,0.84,0,1.02,0.69,0.84,1.06,0.7,0.21,0.88,0.55
600,38,0,0.81,0.62,0,0.79,0.83,0,1.02,0.69,0.84,1.06,0.7,0.2,0.87,0.54
601,38,0,0.82,0.62,0,0.8,0.83,0,1.02,0.69,0.84,1.05,0.7,0.22,0.86,0.55
602.02,38,0,0.82,0.62,0,0.8,0.83,0,1.02,0.69,0.84,1.06,0.71,0.22,0.87,0.55
603.02,38,0,0.81,0.61,0,0.79,0.82,0,1.01,0.69,0.83,1.05,0.69,0.2,0.86,0.54
604.02,38,0,0.81,0.61,0,0.79,0.82,0,1.01,0.69,0.83,1.06,0.69,0.2,0.86,0.54
605.02,38,0,0.81,0.62,0,0.79,0.83,0,1,0.69,0.83,1.05,0.7,0.2,0.86,0.54
606.03,38,0,0.81,0.62,0,0.8,0.82,0,1.02,0.69,0.82,1.05,0.69,0.21,0.87,0.55
607.03,38,0,0.81,0.62,0,0.79,0.83,0,1.01,0.69,0.83,1.05,0.7,0.21,0.86,0.54
608.03,38,0,0.81,0.62,0,0.8,0.83,0,1.02,0.7,0.84,1.06,0.7,0.21,0.87,0.54
609.03,38,0,0.8,0.61,0,0.79,0.82,0,1,0.69,0.83,1.05,0.69,0.2,0.86,0.54
610.03,38,0,0.81,0.62,0,0.79,0.83,0,1.01,0.69,0.83,1.06,0.69,0.22,0.86,0.54
611.03,38,0,0.81,0.62,0,0.79,0.83,0,1.01,0.69,0.83,1.06,0.7,0.21,0.86,0.54
612.03,38,0,0.81,0.62,0,0.8,0.83,0,1.01,0.69,0.83,1.06,0.71,0.21,0.86,0.54
613.03,38,0,0.8,0.61,0,0.79,0.82,0,1,0.69,0.83,1.05,0.69,0.21,0.86,0.54
614.05,38,0,0.81,0.62,0,0.79,0.83,0,1.01,0.69,0.83,1.06,0.69,0.22,0.86,0.55
615.05,38,0,0.81,0.62,0,0.8,0.83,0,1.01,0.69,0.82,1.07,0.7,0.21,0.87,0.54
616.07,38,0,0.81,0.62,0,0.8,0.82,0,1.02,0.69,0.83,1.06,0.69,0.21,0.86,0.54
617.07,38,0,0.81,0.62,0,0.8,0.82,0,1.01,0.69,0.83,1.06,0.7,0.21,0.87,0.54
618.07,38,0,0.81,0.62,0,0.8,0.83,0,1.02,0.69,0.84,1.05,0.69,0.21,0.87,0.54
619.07,38,0,0.8,0.61,0,0.79,0.82,0,1.01,0.69,0.83,1.05,0.69,0.21,0.86,0.54
620.07,38,0,0.81,0.62,0,0.79,0.82,0,1.01,0.69,0.83,1.06,0.69,0.21,0.86,0.54
621.08,38,0,0.81,0.62,0,0.79,0.83,0,1,0.69,0.84,1.06,0.7,0.21,0.86,0.55
622.08,38,0,0.81,0.62,0,0.79,0.82,0,1.01,0.69,0.83,1.06,0.7,0.21,0.86,0.54
623.08,38,0,0.81,0.62,0,0.79,0.83,0,1.01,0.69,0.84,1.06,0.69,0.21,0.87,0.54
624.08,38,0,0.81,0.61,0,0.79,0.82,0,1.01,0.69,0.83,1.06,0.69,0.21,0.86,0.54
625.08,38,0,0.81,0.62,0,0.79,0.83,0,1,0.69,0.84,1.05,0.7,0.21,0.87,0.54
626.08,38,0,0.81,0.62,0,0.79,0.82,0,1,0.69,0.83,1.05,0.7,0.2,0.86,0.54
627.08,38,0,0.81,0.62,0,0.79,0.82,0,1,0.69,0.83,1.06,0.69,0.21,0.86,0.54
628.08,38,0,0.82,0.62,0,0.8,0.84,0,1.02,0.69,0.84,1.07,0.7,0.22,0.88,0.55
629.1,38,0,0.81,0.61,0,0.79,0.83,0,1.02,0.69,0.83,1.06,0.7,0.21,0.87,0.54
630.1,38,0,0.81,0.62,0,0.8,0.83,0,1.01,0.69,0.83,1.06,0.69,0.21,0.86,0.54
631.1,38,0,0.81,0.62,0,0.79,0.83,0,1.02,0.69,0.84,1.06,0.69,0.22,0.86,0.54
632.1,38,0,0.81,0.62,0,0.79,0.82,0,1.01,0.69,0.83,1.06,0.7,0.21,0.86,0.54
633.1,38,0,0.82,0.62,0,0.8,0.83,0,1.02,0.69,0.84,1.06,0.7,0.21,0.87,0.55
634.1,38,0,0.82,0.62,0,0.8,0.83,0,1.02,0.7,0.84,1.06,0.7,0.22,0.87,0.54
635.1,38,0,0.81,0.62,0,0.8,0.84,0,1.02,0.69,0.84,1.07,0.7,0.21,0.87,0.55
636.1,38,0,0.82,0.62,0,0.8,0.83,0,1.02,0.69,0.84,1.06,0.7,0.21,0.87,0.54
637.1,38,0,0.82,0.62,0,0.81,0.84,0,1.02,0.7,0.84,1.07,0.7,0.22,0.87,0.54
638.1,38,0,0.81,0.62,0,0.79,0.84,0,1.01,0.69,0.84,1.06,0.69,0.2,0.86,0.54
639.12,38,0,0.81,0.62,0,0.79,0.82,0,1.01,0.69,0.82,1.05,0.69,0.2,0.86,0.54
640.12,38,0,0.82,0.62,0,0.81,0.84,0,1.02,0.7,0.84,1.06,0.71,0.22,0.87,0.55
641.12,38,0,0.81,0.62,0,0.79,0.83,0,1.01,0.69,0.84,1.05,0.69,0.21,0.86,0.54
642.12,38,0,0.82,0.62,0,0.81,0.83,0,1.02,0.7,0.84,1.06,0.7,0.22,0.88,0.55
643.12,38,0,0.82,0.62,0,0.8,0.83,0,1.02,0.7,0.84,1.06,0.69,0.21,0.86,0.54
644.13,38,0,0.81,0.62,0,0.8,0.83,0,1.02,0.69,0.84,1.06,0.7,0.21,0.86,0.54
645.13,38,0,0.81,0.62,0,0.79,0.83,0,1.02,0.69,0.84,1.06,0.7,0.22,0.87,0.54
646.13,38,0,0.82,0.62,0,0.8,0.83,0,1.02,0.69,0.84,1.06,0.71,0.22,0.87,0.55
647.13,38,0,0.81,0.62,0,0.8,0.83,0,1.02,0.69,0.84,1.07,0.7,0.22,0.88,0.55
648.13,38,0,0.81,0.62,0,0.8,0.83,0,1.02,0.69,0.83,1.06,0.7,0.21,0.87,0.54
649.13,38,0,0.81,0.62,0,0.8,0.83,0,1.02,0.69,0.84,1.07,0.7,0.21,0.88,0.54
650.13,38,0,0.81,0.63,0,0.81,0.83,0,1.02,0.7,0.84,1.06,0.71,0.22,0.88,0.55
651.13,38,0,0.81,0.62,0,0.8,0.83,0,1.02,0.7,0.84,1.07,0.7,0.22,0.88,0.54
652.13,38,0,0.81,0.62,0,0.79,0.82,0,1.02,0.69,0.84,1.07,0.7,0.21,0.87,0.54
653.13,38,0,0.82,0.63,0,0.81,0.83,0,1.02,0.7,0.84,1.06,0.71,0.22,0.88,0.54
654.13,38,0,0.81,0.62,0,0.8,0.83,0,1.02,0.69,0.84,1.06,0.7,0.2,0.87,0.54
655.13,38,0,0.82,0.62,0,0.81,0.83,0,1.02,0.69,0.84,1.06,0.69,0.22,0.87,0.55
656.13,38,0,0.82,0.63,0,0.81,0.84,0,1.02,0.71,0.84,1.07,0.71,0.22,0.88,0.55
657.15,38,0,0.81,0.62,0,0.79,0.82,0,1.02,0.69,0.84,1.05,0.7,0.21,0.86,0.54
658.15,38,0,0.81,0.62,0,0.81,0.83,0,1.02,0.7,0.84,1.06,0.71,0.22,0.88,0.55
659.15,38,0,0.82,0.63,0,0.81,0.84,0,1.02,0.7,0.84,1.07,0.71,0.22,0.88,0.55
660.15,38,0,0.82,0.62,0,0.8,0.84,0,1.02,0.7,0.84,1.07,0.7,0.22,0.88,0.56
661.17,38,0,0.82,0.62,0,0.8,0.82,0,1.01,0.69,0.83,1.06,0.7,0.21,0.87,0.55
662.17,38,0,0.82,0.62,0,0.79,0.83,0,1.02,0.69,0.84,1.06,0.71,0.21,0.87,0.54
663.17,38,0,0.81,0.62,0,0.79,0.83,0,1,0.69,0.83,1.06,0.69,0.2,0.86,0.54
664.17,38,0,0.81,0.62,0,0.8,0.83,0,1.01,0.69,0.84,1.06,0.71,0.21,0.86,0.54
665.17,38,0,0.81,0.62,0,0.81,0.83,0,1.02,0.7,0.84,1.07,0.7,0.21,0.88,0.55
666.17,38,0,0.82,0.63,0,0.8,0.83,0,1.02,0.7,0.84,1.07,0.71,0.22,0.88,0.55
667.18,38,0,0.81,0.62,0,0.8,0.83,0,1.02,0.7,0.84,1.06,0.7,0.2,0.86,0.55
668.18,38,0,0.81,0.62,0,0.79,0.82,0,1.01,0.69,0.83,1.05,0.69,0.21,0.87,0.54
669.18,38,0,0.81,0.62,0,0.8,0.82,0,1.01,0.69,0.84,1.06,0.7,0.21,0.86,0.54
670.18,38,0,0.81,0.61,0,0.8,0.83,0,1.02,0.69,0.84,1.06,0.7,0.22,0.88,0.54
671.18,38,0,0.82,0.62,0,0.8,0.83,0,1.01,0.69,0.84,1.06,0.7,0.22,0.88,0.55
672.18,38,0,0.81,0.62,0,0.8,0.82,0,1.02,0.7,0.84,1.06,0.7,0.22,0.87,0.55
673.2,38,0,0.81,0.61,0,0.79,0.83,0,1.01,0.69,0.84,1.06,0.7,0.2,0.86,0.54
674.2,38,0,0.81,0.62,0,0.79,0.83,0,1.02,0.69,0.83,1.07,0.7,0.22,0.87,0.55
675.2,38,0,0.81,0.62,0,0.8,0.84,0,1.02,0.7,0.84,1.06,0.7,0.22,0.87,0.55
676.2,38,0,0.81,0.62,0,0.79,0.82,0,1.02,0.69,0.84,1.07,0.7,0.2,0.86,0.54
677.2,38,0,0.81,0.62,0,0.79,0.82,0,1,0.69,0.82,1.06,0.69,0.2,0.87,0.54
678.2,38,0,0.81,0.62,0,0.8,0.82,0,1.02,0.69,0.84,1.07,0.69,0.21,0.86,0.54
679.22,38,0,0.81,0.62,0,0.79,0.83,0,1.01,0.69,0.84,1.06,0.69,0.21,0.87,0.54
680.22,38,0,0.82,0.62,0,0.8,0.83,0,1.01,0.69,0.84,1.06,0.7,0.21,0.87,0.55
681.22,38,0,0.81,0.62,0,0.79,0.82,0,1.01,0.69,0.82,1.06,0.69,0.2,0.86,0.54
682.22,38,0,0.82,0.62,0,0.8,0.82,0,1.01,0.7,0.84,1.07,0.71,0.22,0.87,0.55
683.23,38,0,0.81,0.62,0,0.79,0.82,0,1.01,0.69,0.84,1.06,0.7,0.21,0.86,0.54
684.23,38,0,0.81,0.62,0,0.79,0.82,0,1.01,0.69,0.83,1.05,0.69,0.21,0.86,0.54
685.23,38,0,0.81,0.62,0,0.8,0.82,0,1.02,0.69,0.84,1.07,0.7,0.21,0.87,0.54
686.23,38,0,0.81,0.62,0,0.79,0.82,0,1.02,0.69,0.83,1.06,0.7,0.21,0.86,0.54
687.23,38,0,0.81,0.62,0,0.79,0.82,0,1.02,0.69,0.83,1.06,0.69,0.22,0.87,0.55
688.23,38,0,0.82,0.63,0,0.81,0.84,0,1.02,0.7,0.84,1.07,0.71,0.22,0.88,0.55
689.25,38,0,0.81,0.62,0,0.79,0.83,0,1.01,0.69,0.83,1.05,0.69,0.2,0.86,0.54
690.25,38,0,0.81,0.61,0,0.79,0.82,0,1,0.69,0.83,1.05,0.69,0.21,0.87,0.54
691.25,38,0,0.81,0.63,0,0.8,0.83,0,1.02,0.69,0.84,1.06,0.7,0.21,0.87,0.54
692.25,38,0,0.82,0.62,0,0.79,0.82,0,1.02,0.69,0.83,1.06,0.69,0.2,0.86,0.54
693.25,38,0,0.82,0.62,0,0.79,0.84,0,1.02,0.69,0.84,1.06,0.7,0.22,0.88,0.55
694.27,38,0,0.81,0.62,0,0.8,0.83,0,1.01,0.69,0.84,1.06,0.7,0.21,0.87,0.55
695.27,38,0,0.81,0.62,0,0.81,0.83,0,1.02,0.69,0.84,1.06,0.71,0.21,0.87,0.54
696.27,38,0,0.81,0.61,0,0.79,0.82,0,1.01,0.69,0.83,1.05,0.69,0.2,0.86,0.54
697.27,38,0,0.81,0.62,0,0.8,0.83,0,1,0.69,0.84,1.05,0.7,0.2,0.86,0.54
698.27,38,0,0.81,0.62,0,0.79,0.83,0,1.01,0.69,0.83,1.05,0.69,0.2,0.86,0.54
699.27,38,0,0.81,0.62,0,0.8,0.83,0,1.02,0.69,0.83,1.06,0.7,0.21,0.86,0.54
700.27,38,0,0.81,0.62,0,0.79,0.82,0,1.01,0.68,0.83,1.05,0.69,0.21,0.86,0.53
701.27,38,0,0.81,0.62,0,0.79,0.82,0,1.01,0.69,0.83,1.05,0.7,0.21,0.86,0.54
702.27,38,0,0.81,0.62,0,0.8,0.82,0,1.01,0.69,0.84,1.05,0.7,0.21,0.87,0.54
703.28,38,0,0.81,0.62,0,0.8,0.83,0,1.01,0.69,0.83,1.07,0.7,0.21,0.87,0.54
704.28,38,0,0.81,0.61,0,0.79,0.82,0,1.01,0.69,0.84,1.06,0.69,0.21,0.86,0.54
705.28,38,0,0.81,0.62,0,0.79,0.82,0,1.01,0.69,0.84,1.06,0.7,0.22,0.87,0.54
706.28,38,0,0.81,0.62,0,0.8,0.83,0,1.01,0.69,0.83,1.06,0.69,0.2,0.87,0.54
707.28,38,0,0.81,0.62,0,0.79,0.83,0,1,0.69,0.83,1.06,0.69,0.2,0.86,0.54
708.28,38,0,0.81,0.61,0,0.79,0.83,0,1,0.69,0.83,1.06,0.69,0.2,0.86,0.54
709.28,38,0,0.81,0.62,0,0.79,0.82,0,1.01,0.69,0.82,1.05,0.69,0.2,0.86,0.54
710.28,38,0,0.81,0.61,0,0.79,0.82,0,1,0.69,0.83,1.05,0.69,0.2,0.86,0.54
711.28,38,0,0.81,0.61,0,0.79,0.82,0,1.01,0.69,0.84,1.06,0.7,0.2,0.87,0.54
712.3,38,0,0.81,0.62,0,0.79,0.82,0,1.01,0.69,0.83,1.05,0.69,0.2,0.86,0.54
713.3,38,0,0.81,0.61,0,0.79,0.82,0,1.01,0.69,0.83,1.06,0.7,0.2,0.86,0.54
714.3,38,0,0.81,0.61,0,0.79,0.82,0,1,0.68,0.83,1.05,0.69,0.2,0.86,0.54
715.3,38,0,0.8,0.61,0,0.79,0.82,0,1.01,0.69,0.83,1.05,0.7,0.2,0.87,0.54
716.3,38,0,0.81,0.62,0,0.79,0.82,0,1,0.69,0.84,1.06,0.69,0.2,0.86,0.54
717.3,38,0,0.81,0.62,0,0.79,0.82,0,1,0.69,0.83,1.06,0.69,0.2,0.86,0.54
718.32,38,0,0.81,0.62,0,0.79,0.83,0,1.01,0.69,0.83,1.06,0.7,0.21,0.86,0.55
719.32,38,0,0.81,0.62,0,0.8,0.82,0,1.01,0.69,0.84,1.06,0.71,0.21,0.87,0.54
720.32,38,0,0.82,0.62,0,0.8,0.82,0,1,0.69,0.83,1.05,0.69,0.21,0.86,0.54
721.32,38,0,0.81,0.62,0,0.79,0.82,0,1.01,0.69,0.84,1.06,0.7,0.2,0.87,0.54
722.32,38,0,0.79,0.61,0,0.79,0.82,0,1,0.67,0.82,1.04,0.68,0.2,0.85,0.53
723.32,38,0,0.81,0.62,0,0.79,0.82,0,1.01,0.69,0.83,1.05,0.69,0.2,0.86,0.54
724.32,38,0,0.8,0.61,0,0.79,0.82,0,1,0.69,0.82,1.05,0.69,0.2,0.86,0.54
725.32,38,0,0.81,0.62,0,0.79,0.82,0,1.01,0.69,0.83,1.05,0.69,0.2,0.87,0.54
726.32,38,0,0.81,0.62,0,0.79,0.82,0,1.01,0.69,0.84,1.05,0.69,0.2,0.86,0.54
727.33,38,0,0.81,0.61,0,0.79,0.82,0,1,0.69,0.83,1.06,0.69,0.2,0.86,0.54
728.33,38,0,0.81,0.62,0,0.79,0.82,0,1,0.69,0.84,1.05,0.69,0.2,0.86,0.54
729.33,38,0,0.81,0.61,0,0.79,0.82,0,1,0.69,0.83,1.05,0.69,0.2,0.86,0.54
730.33,38,0,0.81,0.62,0,0.79,0.82,0,1.01,0.69,0.84,1.06,0.7,0.2,0.87,0.54
731.33,38,0,0.8,0.61,0,0.79,0.82,0,1,0.68,0.83,1.05,0.69,0.2,0.86,0.54
732.33,38,0,0.81,0.62,0,0.8,0.84,0,1.02,0.69,0.84,1.06,0.7,0.21,0.87,0.54
733.33,38,0,0.81,0.62,0,0.79,0.83,0,1.01,0.69,0.84,1.06,0.7,0.21,0.87,0.54
734.33,38,0,0.81,0.62,0,0.79,0.82,0,1.01,0.69,0.83,1.06,0.69,0.21,0.86,0.54
735.35,38,0,0.82,0.62,0,0.8,0.82,0,1.02,0.69,0.84,1.06,0.69,0.22,0.88,0.54
736.35,38,0,0.81,0.61,0,0.79,0.82,0,1,0.69,0.83,1.05,0.69,0.2,0.86,0.54
737.35,38,0,0.81,0.62,0,0.79,0.83,0,1.02,0.69,0.84,1.06,0.7,0.21,0.87,0.54
738.35,38,0,0.81,0.62,0,0.79,0.82,0,1.01,0.69,0.83,1.06,0.69,0.22,0.86,0.54
739.35,38,0,0.8,0.61,0,0.78,0.82,0,1,0.67,0.83,1.05,0.69,0.2,0.86,0.54
740.35,38,0,0.8,0.61,0,0.79,0.82,0,1,0.69,0.83,1.05,0.69,0.2,0.86,0.54
741.37,38,0,0.81,0.62,0,0.8,0.83,0,1,0.69,0.84,1.06,0.7,0.22,0.87,0.55
742.37,38,0,0.82,0.62,0,0.8,0.82,0,1.01,0.69,0.83,1.05,0.7,0.21,0.87,0.54
743.37,38,0,0.81,0.62,0,0.79,0.82,0,1.01,0.68,0.83,1.05,0.69,0.21,0.86,0.54
744.37,38,0,0.81,0.62,0,0.79,0.82,0,1,0.69,0.83,1.05,0.69,0.2,0.86,0.54
745.37,38,0,0.81,0.62,0,0.79,0.82,0,1,0.69,0.82,1.05,0.69,0.2,0.86,0.54
746.38,38,0,0.81,0.62,0,0.79,0.82,0,1,0.69,0.84,1.05,0.69,0.21,0.86,0.54
747.38,38,0,0.81,0.61,0,0.79,0.82,0,1.01,0.68,0.83,1.05,0.69,0.21,0.86,0.54
748.38,38,0,0.81,0.62,0,0.8,0.82,0,1.02,0.7,0.84,1.07,0.69,0.22,0.87,0.55
749.38,38,0,0.81,0.61,0,0.79,0.82,0,1.01,0.69,0.83,1.05,0.69,0.2,0.86,0.54
750.38,38,0,0.8,0.61,0,0.79,0.82,0,1,0.68,0.83,1.05,0.69,0.2,0.86,0.54
751.4,38,0,0.81,0.62,0,0.79,0.82,0,1,0.68,0.83,1.06,0.69,0.21,0.86,0.54
752.4,38,0,0.81,0.62,0,0.79,0.82,0,1.01,0.69,0.83,1.05,0.69,0.21,0.86,0.54
753.4,38,0,0.81,0.61,0,0.79,0.82,0,1,0.67,0.83,1.04,0.69,0.2,0.85,0.54
754.4,38,0,0.81,0.61,0,0.8,0.82,0,1.01,0.69,0.82,1.05,0.69,0.21,0.86,0.54
755.4,38,0,0.81,0.62,0,0.8,0.83,0,1,0.69,0.84,1.05,0.69,0.21,0.87,0.55
756.4,38,0,0.81,0.61,0,0.79,0.82,0,1.01,0.69,0.84,1.05,0.7,0.21,0.86,0.54
757.42,38,0,0.8,0.61,0,0.79,0.83,0,1.01,0.69,0.83,1.05,0.69,0.21,0.87,0.54
758.42,38,0,0.81,0.62,0,0.79,0.82,0,1.01,0.69,0.82,1.05,0.69,0.2,0.86,0.54
759.42,38,0,0.82,0.62,0,0.8,0.83,0,1.02,0.69,0.84,1.06,0.7,0.21,0.86,0.54
760.42,38,0,0.81,0.61,0,0.8,0.83,0,1.01,0.69,0.84,1.06,0.7,0.21,0.86,0.55
761.42,38,0,0.81,0.62,0,0.79,0.82,0,1.01,0.69,0.83,1.05,0.69,0.21,0.86,0.54
762.43,38,0,0.81,0.61,0,0.79,0.82,0,1.02,0.69,0.82,1.05,0.69,0.21,0.86,0.54
763.43,38,0,0.81,0.62,0,0.79,0.82,0,1.01,0.69,0.84,1.05,0.69,0.21,0.87,0.54
764.43,38,0,0.81,0.62,0,0.81,0.82,0,1.01,0.71,0.84,1.06,0.71,0.22,0.87,0.55
765.45,38,0,0.81,0.61,0,0.79,0.82,0,1,0.69,0.83,1.05,0.69,0.2,0.86,0.54
766.45,38,0,0.8,0.61,0,0.79,0.81,0,1,0.68,0.83,1.05,0.69,0.2,0.86,0.54
767.45,38,0,0.81,0.62,0,0.79,0.83,0,1,0.69,0.83,1.05,0.69,0.21,0.87,0.54
768.47,38,0,0.81,0.62,0,0.8,0.83,0,1.01,0.69,0.84,1.06,0.7,0.21,0.87,0.54
769.47,38,0,0.81,0.62,0,0.79,0.82,0,1,0.69,0.82,1.05,0.69,0.2,0.86,0.54
770.47,38,0,0.81,0.62,0,0.79,0.82,0,1.01,0.69,0.83,1.05,0.69,0.2,0.86,0.54
771.47,38,0,0.81,0.62,0,0.8,0.82,0,1.01,0.69,0.84,1.06,0.69,0.21,0.86,0.55
772.47,38,0,0.81,0.62,0,0.79,0.82,0,1.01,0.69,0.83,1.05,0.69,0.21,0.86,0.54
773.48,38,0,0.81,0.62,0,0.79,0.83,0,1.02,0.69,0.84,1.05,0.7,0.21,0.87,0.55
774.48,38,0,0.81,0.62,0,0.79,0.83,0,1.01,0.69,0.84,1.05,0.7,0.2,0.87,0.54
775.48,38,0,0.81,0.62,0,0.79,0.82,0,1.01,0.69,0.83,1.05,0.69,0.21,0.86,0.54
776.48,38,0,0.81,0.62,0,0.79,0.82,0,1,0.69,0.84,1.06,0.7,0.21,0.86,0.55
777.5,38,0,0.81,0.62,0,0.79,0.82,0,1.01,0.69,0.83,1.05,0.69,0.2,0.86,0.54
778.5,38,0,0.82,0.62,0,0.81,0.83,0,1.01,0.7,0.84,1.07,0.7,0.21,0.88,0.56
779.5,38,0,0.81,0.62,0,0.79,0.82,0,1,0.69,0.83,1.05,0.69,0.2,0.86,0.54
780.52,38,0,0.82,0.62,0,0.8,0.83,0,1.01,0.69,0.84,1.07,0.69,0.21,0.87,0.54
781.52,38,0,0.81,0.62,0,0.79,0.83,0,1.01,0.69,0.83,1.06,0.69,0.2,0.86,0.54
782.52,38,0,0.81,0.62,0,0.79,0.82,0,1.01,0.69,0.84,1.05,0.69,0.21,0.86,0.54
783.52,38,0,0.81,0.62,0,0.79,0.82,0,1,0.69,0.82,1.05,0.69,0.2,0.86,0.55
784.53,38,0,0.81,0.62,0,0.8,0.83,0,1.02,0.69,0.84,1.06,0.7,0.22,0.86,0.55
785.53,38,0,0.82,0.62,0,0.8,0.83,0,1.01,0.69,0.84,1.06,0.69,0.21,0.86,0.55
786.53,38,0,0.81,0.62,0,0.8,0.82,0,1.02,0.69,0.84,1.06,0.7,0.21,0.86,0.55
787.53,38,0,0.81,0.61,0,0.79,0.82,0,1,0.69,0.82,1.05,0.69,0.2,0.86,0.54
788.53,38,0,0.81,0.62,0,0.79,0.82,0,1,0.69,0.83,1.05,0.7,0.21,0.86,0.54
789.53,38,0,0.82,0.62,0,0.79,0.83,0,1.01,0.69,0.84,1.06,0.7,0.21,0.87,0.54
790.55,38,0,0.81,0.61,0,0.79,0.82,0,1,0.69,0.84,1.05,0.69,0.2,0.86,0.54
791.55,38,0,0.81,0.62,0,0.79,0.82,0,1.01,0.68,0.84,1.05,0.69,0.21,0.86,0.54
792.55,38,0,0.82,0.61,0,0.79,0.83,0,1.01,0.69,0.84,1.05,0.7,0.21,0.87,0.55
793.55,38,0,0.81,0.62,0,0.79,0.83,0,1.01,0.69,0.84,1.06,0.69,0.21,0.86,0.54
794.55,38,0,0.81,0.62,0,0.79,0.82,0,1,0.69,0.83,1.05,0.69,0.2,0.86,0.54
795.57,38,0,0.81,0.61,0,0.79,0.82,0,1.01,0.68,0.83,1.05,0.7,0.2,0.86,0.54
796.57,38,0,0.81,0.62,0,0.79,0.82,0,1.01,0.69,0.84,1.06,0.7,0.2,0.86,0.54
797.57,38,0,0.81,0.62,0,0.79,0.83,0,1.01,0.69,0.83,1.05,0.7,0.21,0.86,0.55
798.57,38,0,0.81,0.61,0,0.79,0.83,0,1.01,0.68,0.84,1.06,0.69,0.2,0.86,0.54
799.57,38,0,0.81,0.62,0,0.79,0.82,0,1.01,0.69,0.84,1.05,0.69,0.21,0.87,0.54
800.57,38,0,0.81,0.62,0,0.79,0.82,0,1,0.69,0.84,1.06,0.7,0.21,0.86,0.54
801.57,38,0,0.81,0.62,0,0.79,0.82,0,1.01,0.69,0.83,1.06,0.7,0.21,0.87,0.54
802.57,38,0,0.81,0.62,0,0.79,0.82,0,1.02,0.69,0.84,1.06,0.69,0.21,0.86,0.54
803.57,38,0,0.81,0.62,0,0.79,0.82,0,1.01,0.69,0.84,1.06,0.7,0.21,0.86,0.54
804.57,38,0,0.81,0.62,0,0.79,0.83,0,1.01,0.69,0.83,1.05,0.7,0.2,0.87,0.54
805.58,38,0,0.81,0.61,0,0.79,0.83,0,1.01,0.69,0.84,1.05,0.69,0.2,0.86,0.54
806.58,38,0,0.81,0.62,0,0.79,0.83,0,1.01,0.69,0.84,1.06,0.7,0.2,0.86,0.54
807.58,38,0,0.8,0.62,0,0.79,0.83,0,1.01,0.69,0.84,1.05,0.69,0.2,0.86,0.54
808.58,38,0,0.81,0.62,0,0.79,0.81,0,1.01,0.69,0.84,1.06,0.69,0.21,0.87,0.54
809.6,38,0,0.81,0.61,0,0.79,0.82,0,1,0.69,0.82,1.05,0.69,0.2,0.86,0.54
810.6,38,0,0.8,0.61,0,0.79,0.82,0,1.01,0.69,0.83,1.05,0.69,0.2,0.86,0.54
811.6,38,0,0.81,0.61,0,0.79,0.82,0,1,0.69,0.82,1.05,0.69,0.2,0.86,0.54
812.6,38,0,0.81,0.62,0,0.8,0.83,0,1.02,0.69,0.84,1.06,0.7,0.21,0.87,0.54
813.6,38,0,0.81,0.62,0,0.8,0.83,0,1.01,0.69,0.83,1.06,0.7,0.22,0.86,0.54
814.6,38,0,0.81,0.62,0,0.79,0.82,0,1.01,0.68,0.84,1.05,0.69,0.21,0.86,0.54
815.6,38,0,0.81,0.61,0,0.79,0.82,0,1,0.68,0.83,1.05,0.69,0.21,0.86,0.54
816.6,38,0,0.81,0.62,0,0.8,0.82,0,1.01,0.69,0.83,1.06,0.69,0.22,0.86,0.54
817.62,38,0,0.81,0.62,0,0.8,0.82,0,1.01,0.69,0.84,1.05,0.69,0.21,0.87,0.54
818.62,38,0,0.81,0.62,0,0.79,0.82,0,1.01,0.68,0.82,1.05,0.7,0.2,0.87,0.53
819.62,38,0,0.81,0.61,0,0.79,0.82,0,1.01,0.69,0.82,1.06,0.69,0.21,0.86,0.54
820.62,38,0,0.81,0.62,0,0.79,0.82,0,1.01,0.69,0.82,1.05,0.69,0.21,0.86,0.54
821.62,38,0,0.81,0.61,0,0.79,0.82,0,1,0.68,0.83,1.05,0.69,0.2,0.86,0.54
822.63,38,0,0.81,0.61,0,0.79,0.82,0,1.01,0.69,0.83,1.05,0.7,0.21,0.86,0.54
823.63,38,0,0.81,0.61,0,0.79,0.82,0,1.01,0.69,0.83,1.05,0.7,0.21,0.86,0.54
824.63,38,0,0.8,0.61,0,0.79,0.82,0,1,0.68,0.82,1.04,0.69,0.2,0.86,0.53
825.63,38,0,0.8,0.62,0,0.79,0.82,0,1,0.68,0.83,1.05,0.69,0.2,0.86,0.54
826.63,38,0,0.81,0.62,0,0.8,0.82,0,1.01,0.68,0.82,1.06,0.69,0.2,0.86,0.54
827.63,38,0,0.81,0.62,0,0.79,0.82,0,1.01,0.68,0.83,1.05,0.69,0.21,0.86,0.54
828.65,38,0,0.81,0.62,0,0.79,0.82,0,1,0.69,0.83,1.05,0.69,0.2,0.86,0.54
829.65,38,0,0.81,0.61,0,0.79,0.81,0,1.01,0.69,0.83,1.05,0.69,0.2,0.86,0.54
830.65,38,0,0.81,0.61,0,0.79,0.82,0,1,0.69,0.84,1.05,0.69,0.21,0.86,0.54
831.65,38,0,0.81,0.62,0,0.79,0.82,0,1.01,0.69,0.83,1.05,0.7,0.2,0.86,0.54
832.65,38,0,0.81,0.61,0,0.79,0.82,0,1.01,0.69,0.83,1.05,0.69,0.2,0.86,0.54
833.67,38,0,0.79,0.61,0,0.79,0.82,0,1,0.69,0.82,1.05,0.69,0.2,0.86,0.53
834.67,38,0,0.81,0.61,0,0.79,0.82,0,1,0.69,0.83,1.06,0.69,0.2,0.86,0.54
835.67,38,0,0.81,0.61,0,0.78,0.82,0,1,0.69,0.82,1.05,0.69,0.2,0.86,0.54
836.67,38,0,0.81,0.62,0,0.8,0.82,0,1.01,0.69,0.82,1.05,0.7,0.2,0.86,0.54
837.67,38,0,0.81,0.62,0,0.79,0.82,0,1,0.68,0.84,1.05,0.69,0.2,0.86,0.54
838.67,38,0,0.81,0.61,0,0.79,0.82,0,1,0.69,0.83,1.05,0.7,0.21,0.86,0.54
839.67,38,0,0.81,0.62,0,0.79,0.82,0,1.01,0.69,0.83,1.05,0.7,0.21,0.86,0.54
840.68,38,0,0.81,0.62,0,0.79,0.82,0,1.01,0.68,0.82,1.05,0.69,0.21,0.86,0.54
841.68,38,0,0.8,0.62,0,0.78,0.82,0,1,0.68,0.82,1.05,0.69,0.2,0.86,0.53
842.68,38,0,0.81,0.61,0,0.79,0.82,0,1,0.69,0.83,1.05,0.69,0.2,0.86,0.54
843.68,38,0,0.81,0.61,0,0.79,0.82,0,1,0.68,0.82,1.05,0.69,0.2,0.86,0.54
844.68,38,0,0.81,0.61,0,0.79,0.82,0,1,0.68,0.82,1.05,0.69,0.21,0.86,0.54
845.7,38,0,0.81,0.61,0,0.79,0.82,0,1,0.69,0.83,1.05,0.69,0.2,0.86,0.54
846.7,38,0,0.81,0.62,0,0.79,0.82,0,1,0.69,0.84,1.05,0.7,0.2,0.86,0.54
847.7,38,0,0.81,0.62,0,0.79,0.82,0,1.01,0.69,0.83,1.05,0.69,0.2,0.86,0.54
848.7,38,0,0.81,0.61,0,0.79,0.82,0,1,0.69,0.82,1.05,0.69,0.2,0.86,0.54
849.72,38,0,0.81,0.62,0,0.79,0.82,0,1.01,0.68,0.83,1.05,0.69,0.2,0.86,0.54
850.72,38,0,0.81,0.62,0,0.79,0.82,0,1,0.69,0.83,1.05,0.69,0.22,0.86,0.54
851.72,38,0,0.81,0.62,0,0.79,0.82,0,1.02,0.69,0.84,1.05,0.71,0.21,0.86,0.55
852.72,38,0,0.8,0.61,0,0.79,0.82,0,1,0.68,0.83,1.05,0.69,0.2,0.86,0.54
853.72,38,0,0.81,0.61,0,0.79,0.82,0,1,0.68,0.82,1.05,0.69,0.21,0.86,0.54
854.72,38,0,0.81,0.62,0,0.79,0.83,0,1.02,0.69,0.83,1.05,0.69,0.21,0.87,0.54
855.73,38,0,0.81,0.61,0,0.79,0.82,0,1,0.68,0.83,1.05,0.7,0.21,0.86,0.54
856.73,38,0,0.81,0.62,0,0.8,0.83,0,1,0.69,0.84,1.05,0.7,0.2,0.86,0.54
857.73,38,0,0.81,0.62,0,0.79,0.82,0,1,0.68,0.84,1.06,0.69,0.21,0.86,0.54
858.75,38,0,0.81,0.62,0,0.79,0.82,0,1,0.68,0.83,1.05,0.69,0.21,0.86,0.54
859.75,38,0,0.8,0.61,0,0.79,0.83,0,1,0.68,0.82,1.05,0.69,0.2,0.86,0.54
860.75,38,0,0.81,0.61,0,0.8,0.82,0,1.01,0.69,0.83,1.06,0.7,0.21,0.86,0.54
861.75,38,0,0.81,0.62,0,0.8,0.82,0,1,0.69,0.83,1.06,0.7,0.2,0.86,0.54
862.77,38,0,0.8,0.61,0,0.79,0.82,0,1,0.68,0.82,1.05,0.69,0.2,0.86,0.53
863.77,38,0,0.81,0.62,0,0.79,0.82,0,1.01,0.69,0.84,1.05,0.69,0.21,0.87,0.55
864.77,38,0,0.81,0.62,0,0.79,0.82,0,1.01,0.69,0.83,1.05,0.7,0.21,0.86,0.54
865.77,38,0,0.81,0.62,0,0.79,0.82,0,1.01,0.69,0.83,1.05,0.69,0.2,0.86,0.54
866.78,38,0,0.8,0.61,0,0.79,0.82,0,1,0.69,0.83,1.05,0.69,0.2,0.86,0.54
867.78,38,0,0.81,0.62,0,0.79,0.82,0,1,0.69,0.83,1.05,0.69,0.21,0.86,0.54
868.78,38,0,0.8,0.61,0,0.78,0.82,0,1,0.68,0.82,1.05,0.69,0.2,0.86,0.53
869.78,38,0,0.79,0.61,0,0.79,0.82,0,1,0.68,0.82,1.05,0.68,0.2,0.86,0.54
870.8,38,0,0.81,0.61,0,0.79,0.82,0,1,0.69,0.83,1.05,0.69,0.21,0.86,0.54
871.8,38,0,0.81,0.62,0,0.8,0.82,0,1.01,0.69,0.84,1.05,0.7,0.21,0.87,0.54
872.8,38,0,0.81,0.62,0,0.79,0.83,0,1,0.69,0.84,1.05,0.69,0.2,0.86,0.54
873.8,38,0,0.81,0.62,0,0.8,0.83,0,1.01,0.7,0.84,1.05,0.69,0.21,0.86,0.54
874.82,38,0,0.81,0.62,0,0.8,0.83,0,1.01,0.69,0.84,1.06,0.71,0.21,0.86,0.55
875.82,38,0,0.81,0.62,0,0.79,0.83,0,1.01,0.7,0.84,1.06,0.7,0.21,0.87,0.54
876.82,38,0,0.8,0.61,0,0.79,0.82,0,1,0.69,0.83,1.05,0.69,0.21,0.86,0.54
877.82,38,0,0.8,0.61,0,0.79,0.82,0,1,0.68,0.83,1.05,0.69,0.2,0.85,0.53
878.83,38,0,0.81,0.62,0,0.79,0.83,0,1.01,0.69,0.83,1.06,0.69,0.21,0.87,0.54
879.83,38,0,0.81,0.62,0,0.79,0.83,0,1,0.69,0.84,1.05,0.69,0.21,0.86,0.54
880.83,38,0,0.81,0.62,0,0.79,0.82,0,1.02,0.68,0.83,1.05,0.69,0.2,0.86,0.54
881.83,38,0,0.81,0.62,0,0.79,0.82,0,1.01,0.69,0.84,1.05,0.69,0.21,0.86,0.54
882.85,38,0,0.81,0.62,0,0.8,0.82,0,1,0.69,0.84,1.06,0.69,0.2,0.87,0.54
883.85,38,0,0.81,0.62,0,0.8,0.83,0,1.01,0.69,0.84,1.05,0.7,0.21,0.86,0.54
884.85,38,0,0.81,0.62,0,0.79,0.82,0,1,0.69,0.83,1.05,0.69,0.21,0.86,0.54
885.85,38,0,0.81,0.62,0,0.79,0.82,0,1.01,0.69,0.84,1.05,0.7,0.21,0.86,0.54
886.85,38,0,0.8,0.61,0,0.79,0.83,0,1.01,0.69,0.83,1.05,0.7,0.2,0.86,0.54
887.87,38,0,0.82,0.62,0,0.79,0.83,0,1.02,0.69,0.83,1.05,0.69,0.21,0.86,0.54
888.87,38,0,0.81,0.62,0,0.79,0.82,0,1.01,0.69,0.83,1.05,0.69,0.21,0.86,0.54
889.87,38,0,0.81,0.61,0,0.79,0.81,0,1,0.68,0.83,1.05,0.69,0.2,0.86,0.54
890.87,38,0,0.81,0.62,0,0.8,0.82,0,1.01,0.69,0.84,1.06,0.69,0.21,0.87,0.54
891.87,38,0,0.81,0.61,0,0.79,0.82,0,1,0.68,0.83,1.05,0.69,0.21,0.86,0.53
892.87,38,0,0.81,0.62,0,0.79,0.82,0,1.01,0.69,0.82,1.06,0.7,0.21,0.86,0.54
893.87,38,0,0.81,0.62,0,0.79,0.83,0,1,0.69,0.83,1.05,0.7,0.21,0.87,0.55
894.87,38,0,0.81,0.61,0,0.79,0.82,0,1.01,0.69,0.84,1.05,0.69,0.2,0.86,0.54
895.88,38,0,0.81,0.62,0,0.79,0.82,0,1,0.68,0.83,1.05,0.69,0.21,0.86,0.54
896.88,38,0,0.81,0.61,0,0.79,0.82,0,1,0.68,0.83,1.05,0.69,0.2,0.86,0.54
897.88,38,0,0.8,0.61,0,0.79,0.82,0,1,0.68,0.83,1.05,0.69,0.2,0.86,0.53
898.88,38,0,0.8,0.61,0,0.79,0.82,0,1,0.69,0.82,1.05,0.69,0.2,0.86,0.53
899.88,38,0,0.81,0.61,0,0.79,0.82,0,1,0.69,0.84,1.04,0.69,0.21,0.86,0.54
900.9,38,0,0.81,0.61,0,0.79,0.82,0,1,0.69,0.83,1.05,0.69,0.21,0.86,0.54
901.9,38,0,0.81,0.61,0,0.79,0.82,0,1,0.69,0.83,1.05,0.69,0.2,0.86,0.54
902.9,38,0,0.79,0.61,0,0.79,0.82,0,1,0.69,0.83,1.05,0.69,0.2,0.86,0.54
903.9,38,0,0.81,0.62,0,0.79,0.82,0,1.01,0.69,0.83,1.05,0.7,0.2,0.86,0.54
904.92,38,0,0.81,0.62,0,0.79,0.83,0,1.01,0.69,0.84,1.06,0.7,0.21,0.87,0.54
905.92,38,0,0.81,0.61,0,0.79,0.82,0,1,0.69,0.84,1.06,0.69,0.2,0.86,0.54
906.93,38,0,0.81,0.62,0,0.79,0.82,0,1.01,0.69,0.83,1.05,0.69,0.2,0.86,0.54
907.93,38,0,0.8,0.61,0,0.79,0.82,0,1,0.69,0.83,1.05,0.69,0.21,0.86,0.54
908.93,38,0,0.81,0.62,0,0.79,0.82,0,1.01,0.68,0.83,1.05,0.69,0.2,0.86,0.54
909.93,38,0,0.8,0.61,0,0.79,0.82,0,1.01,0.68,0.82,1.05,0.69,0.21,0.86,0.53
910.93,38,0,0.81,0.61,0,0.79,0.82,0,1,0.68,0.83,1.05,0.69,0.2,0.86,0.53
911.95,38,0,0.8,0.61,0,0.79,0.82,0,1,0.67,0.82,1.04,0.69,0.2,0.85,0.54
912.95,38,0,0.81,0.61,0,0.79,0.82,0,1,0.69,0.83,1.05,0.69,0.2,0.86,0.54
913.95,38,0,0.81,0.61,0,0.79,0.82,0,1,0.68,0.83,1.05,0.69,0.2,0.86,0.54
914.95,38,0,0.8,0.61,0,0.79,0.82,0,1,0.68,0.83,1.05,0.69,0.2,0.86,0.54
915.95,38,0,0.81,0.61,0,0.79,0.82,0,1,0.69,0.83,1.05,0.69,0.2,0.86,0.53
916.97,38,0,0.81,0.62,0,0.79,0.82,0,1,0.69,0.83,1.05,0.69,0.21,0.87,0.54
917.97,38,0,0.8,0.61,0,0.79,0.82,0,1,0.69,0.83,1.05,0.69,0.2,0.86,0.54
918.97,38,0,0.81,0.61,0,0.79,0.82,0,1,0.68,0.84,1.05,0.69,0.2,0.86,0.54
919.98,38,0,0.8,0.61,0,0.78,0.81,0,1,0.67,0.82,1.05,0.68,0.2,0.86,0.54
920.98,38,0,0.8,0.61,0,0.79,0.82,0,1,0.69,0.82,1.05,0.68,0.2,0.86,0.53
921.98,38,0,0.79,0.61,0,0.79,0.82,0,1,0.67,0.83,1.05,0.69,0.2,0.86,0.54
923,38,0,0.81,0.61,0,0.79,0.82,0,1,0.68,0.83,1.05,0.69,0.21,0.86,0.54
924,38,0,0.81,0.61,0,0.79,0.82,0,1,0.69,0.83,1.06,0.69,0.2,0.86,0.54
925,38,0,0.8,0.61,0,0.78,0.82,0,1,0.68,0.82,1.05,0.69,0.2,0.85,0.54
926,38,0,0.81,0.62,0,0.79,0.82,0,1,0.68,0.83,1.05,0.69,0.2,0.86,0.54
927.02,38,0,0.79,0.61,0,0.79,0.82,0,1,0.68,0.82,1.05,0.69,0.2,0.86,0.54
928.02,38,0,0.81,0.61,0,0.78,0.82,0,1,0.68,0.83,1.05,0.68,0.2,0.85,0.53
929.02,38,0,0.81,0.61,0,0.79,0.82,0,1,0.68,0.84,1.05,0.69,0.2,0.86,0.54
930.02,38,0,0.81,0.61,0,0.79,0.82,0,1.01,0.68,0.83,1.05,0.69,0.21,0.86,0.54
931.02,38,0,0.79,0.61,0,0.78,0.82,0,1,0.67,0.82,1.05,0.69,0.2,0.85,0.53
932.02,38,0,0.81,0.61,0,0.79,0.81,0,1,0.68,0.82,1.05,0.68,0.2,0.85,0.54
933.02,38,0,0.81,0.61,0,0.79,0.82,0,1,0.69,0.83,1.05,0.69,0.2,0.86,0.54
934.03,38,0,0.8,0.61,0,0.79,0.82,0,1,0.68,0.82,1.05,0.69,0.2,0.85,0.54
935.03,38,0,0.8,0.62,0,0.79,0.82,0,1,0.69,0.83,1.05,0.69,0.2,0.86,0.54
936.03,38,0,0.8,0.61,0,0.79,0.83,0,1,0.69,0.83,1.05,0.69,0.2,0.86,0.54
937.03,38,0,0.81,0.62,0,0.8,0.83,0,1.01,0.69,0.82,1.05,0.69,0.22,0.86,0.55
938.05,38,0,0.81,0.61,0,0.79,0.83,0,1.01,0.69,0.84,1.05,0.69,0.21,0.86,0.54
939.05,38,0,0.81,0.62,0,0.79,0.82,0,1.01,0.69,0.84,1.05,0.69,0.21,0.86,0.54
940.05,38,0,0.8,0.61,0,0.79,0.82,0,1.01,0.69,0.83,1.05,0.69,0.2,0.86,0.54
941.05,38,0,0.8,0.61,0,0.79,0.82,0,1,0.68,0.83,1.05,0.69,0.21,0.86,0.54
942.05,38,0,0.8,0.61,0,0.79,0.82,0,1,0.68,0.82,1.05,0.69,0.2,0.86,0.54
943.07,38,0,0.81,0.62,0,0.79,0.83,0,1,0.69,0.83,1.05,0.69,0.21,0.86,0.54
944.07,38,0,0.81,0.62,0,0.8,0.83,0,1.01,0.69,0.84,1.05,0.7,0.2,0.86,0.54
945.07,38,0,0.79,0.61,0,0.79,0.82,0,1,0.69,0.84,1.05,0.69,0.21,0.86,0.54
946.08,38,0,0.8,0.61,0,0.78,0.82,0,1,0.68,0.82,1.05,0.69,0.2,0.85,0.54
947.08,38,0,0.8,0.61,0,0.79,0.82,0,1,0.69,0.84,1.05,0.7,0.2,0.86,0.54
948.08,38,0,0.81,0.62,0,0.79,0.83,0,1.01,0.69,0.84,1.05,0.69,0.2,0.86,0.54
949.08,38,0,0.8,0.61,0,0.79,0.82,0,1,0.68,0.83,1.05,0.69,0.2,0.85,0.53
950.1,38,0,0.8,0.61,0,0.79,0.81,0,1,0.68,0.83,1.05,0.69,0.2,0.86,0.54
951.1,38,0,0.81,0.62,0,0.79,0.82,0,1,0.69,0.84,1.06,0.7,0.21,0.86,0.55
952.1,38,0,0.81,0.61,0,0.79,0.82,0,1,0.68,0.83,1.05,0.69,0.2,0.86,0.54
953.12,38,0,0.81,0.61,0,0.79,0.82,0,1,0.69,0.82,1.05,0.69,0.2,0.86,0.54
954.12,38,0,0.8,0.61,0,0.79,0.82,0,1,0.68,0.82,1.05,0.69,0.2,0.85,0.54
955.12,38,0,0.81,0.62,0,0.79,0.83,0,1.01,0.69,0.83,1.05,0.7,0.2,0.86,0.54
956.12,38,0,0.8,0.61,0,0.79,0.81,0,1,0.68,0.82,1.05,0.69,0.2,0.86,0.54
957.12,38,0,0.81,0.62,0,0.79,0.82,0,1.01,0.68,0.83,1.05,0.69,0.21,0.86,0.54
958.13,38,0,0.81,0.62,0,0.79,0.83,0,1.01,0.69,0.84,1.06,0.7,0.22,0.86,0.54
959.13,38,0,0.8,0.62,0,0.79,0.82,0,1,0.68,0.82,1.05,0.69,0.2,0.86,0.53
960.13,38,0,0.81,0.62,0,0.8,0.83,0,1.01,0.69,0.84,1.05,0.69,0.21,0.86,0.54
961.13,38,0,0.81,0.62,0,0.8,0.82,0,1.01,0.69,0.83,1.05,0.69,0.21,0.86,0.54
962.15,38,0,0.81,0.61,0,0.79,0.82,0,1,0.68,0.83,1.05,0.69,0.2,0.86,0.54
963.15,38,0,0.81,0.62,0,0.79,0.82,0,1.02,0.69,0.83,1.05,0.69,0.2,0.86,0.54
964.15,38,0,0.81,0.61,0,0.79,0.82,0,1,0.68,0.83,1.05,0.7,0.2,0.86,0.54
965.15,38,0,0.79,0.61,0,0.79,0.82,0,1,0.68,0.82,1.05,0.69,0.2,0.85,0.54
966.15,38,0,0.81,0.62,0,0.79,0.82,0,1.01,0.69,0.84,1.05,0.69,0.2,0.86,0.54
967.17,38,0,0.8,0.62,0,0.78,0.82,0,1,0.68,0.83,1.05,0.7,0.2,0.86,0.54
968.17,38,0,0.8,0.61,0,0.79,0.82,0,1,0.68,0.83,1.05,0.69,0.2,0.85,0.54
969.17,38,0,0.8,0.61,0,0.79,0.82,0,1,0.68,0.82,1.05,0.69,0.2,0.86,0.54
970.17,38,0,0.81,0.62,0,0.79,0.83,0,1.01,0.69,0.83,1.05,0.7,0.2,0.86,0.54
971.17,38,0,0.81,0.61,0,0.79,0.82,0,1.01,0.69,0.83,1.05,0.7,0.2,0.86,0.54
972.17,38,0,0.81,0.61,0,0.79,0.82,0,1,0.69,0.83,1.05,0.69,0.2,0.86,0.54
973.17,38,0,0.81,0.61,0,0.79,0.82,0,1,0.68,0.82,1.05,0.68,0.2,0.86,0.54
974.17,38,0,0.81,0.61,0,0.79,0.82,0,1.01,0.69,0.84,1.05,0.69,0.21,0.86,0.54
975.18,38,0,0.81,0.62,0,0.79,0.82,0,1.01,0.69,0.84,1.05,0.69,0.21,0.86,0.54
976.18,38,0,0.81,0.61,0,0.78,0.82,0,1,0.68,0.82,1.05,0.69,0.2,0.85,0.53
977.18,38,0,0.81,0.62,0,0.8,0.82,0,1.01,0.69,0.83,1.05,0.7,0.2,0.86,0.53
978.18,38,0,0.81,0.62,0,0.79,0.83,0,1.01,0.69,0.83,1.05,0.7,0.21,0.86,0.54
979.2,38,0,0.81,0.61,0,0.79,0.82,0,1,0.69,0.84,1.05,0.7,0.21,0.86,0.54
980.2,38,0,0.81,0.62,0,0.79,0.82,0,1,0.68,0.83,1.06,0.69,0.21,0.86,0.54
981.2,38,0,0.8,0.61,0,0.79,0.82,0,1,0.69,0.83,1.05,0.69,0.2,0.86,0.54
982.22,38,0,0.81,0.62,0,0.79,0.82,0,1,0.69,0.84,1.06,0.7,0.2,0.86,0.54
983.22,38,0,0.81,0.62,0,0.79,0.83,0,1,0.69,0.83,1.05,0.69,0.21,0.86,0.54
984.22,38,0,0.81,0.62,0,0.8,0.82,0,1.01,0.69,0.84,1.05,0.69,0.22,0.86,0.54
985.22,38,0,0.81,0.61,0,0.79,0.82,0,1.01,0.68,0.83,1.05,0.69,0.21,0.86,0.54
986.22,38,0,0.79,0.61,0,0.79,0.82,0,1,0.68,0.83,1.05,0.69,0.21,0.86,0.54
987.23,38,0,0.8,0.61,0,0.78,0.81,0,1,0.68,0.81,1.04,0.69,0.2,0.85,0.53
988.23,38,0,0.81,0.62,0,0.8,0.82,0,1.01,0.69,0.83,1.05,0.7,0.2,0.86,0.54
989.23,38,0,0.81,0.62,0,0.79,0.82,0,1.01,0.69,0.83,1.05,0.69,0.21,0.86,0.54
990.23,38,0,0.8,0.62,0,0.79,0.82,0,1.01,0.69,0.84,1.05,0.69,0.21,0.86,0.54
991.23,38,0,0.81,0.61,0,0.79,0.82,0,1,0.69,0.82,1.05,0.69,0.2,0.86,0.54
992.23,38,0,0.81,0.62,0,0.79,0.83,0,1,0.69,0.83,1.05,0.69,0.21,0.86,0.54
993.23,38,0,0.81,0.62,0,0.8,0.83,0,1.01,0.69,0.83,1.06,0.7,0.21,0.86,0.54
994.25,38,0,0.81,0.61,0,0.79,0.82,0,1,0.69,0.83,1.05,0.7,0.2,0.86,0.54
995.25,38,0,0.81,0.61,0,0.79,0.82,0,1,0.69,0.83,1.05,0.7,0.21,0.86,0.54
996.25,38,0,0.82,0.62,0,0.79,0.83,0,1.01,0.69,0.84,1.06,0.7,0.22,0.87,0.54
997.27,38,0,0.81,0.61,0,0.79,0.83,0,1.01,0.69,0.84,1.06,0.7,0.21,0.86,0.54
998.27,38,0,0.81,0.62,0,0.79,0.82,0,1,0.68,0.83,1.05,0.69,0.2,0.86,0.54
999.27,38,0,0.81,0.62,0,0.79,0.82,0,1.01,0.69,0.83,1.06,0.69,0.22,0.86,0.55
1000.27,38,0,0.81,0.62,0,0.79,0.82,0,1,0.69,0.83,1.05,0.69,0.2,0.86,0.54
1001.27,38,0,0.81,0.62,0,0.79,0.82,0,1,0.69,0.84,1.06,0.69,0.21,0.86,0.55
1002.28,38,0,0.8,0.61,0,0.79,0.82,0,1,0.69,0.82,1.05,0.69,0.2,0.85,0.53
1003.28,38,0,0.81,0.62,0,0.79,0.82,0,1.01,0.68,0.83,1.05,0.69,0.2,0.86,0.54
1004.28,38,0,0.81,0.62,0,0.8,0.84,0,1.02,0.7,0.84,1.06,0.7,0.22,0.86,0.55
1005.28,38,0,0.81,0.61,0,0.8,0.83,0,1.01,0.69,0.84,1.05,0.69,0.21,0.86,0.54
1006.28,38,0,0.81,0.61,0,0.79,0.83,0,1.01,0.69,0.83,1.05,0.69,0.21,0.86,0.54
1007.28,38,0,0.81,0.62,0,0.79,0.82,0,1,0.69,0.84,1.05,0.69,0.21,0.86,0.54
1008.28,38,0,0.81,0.61,0,0.79,0.82,0,1,0.69,0.84,1.05,0.69,0.21,0.86,0.54
1009.3,38,0,0.8,0.61,0,0.79,0.82,0,1,0.69,0.83,1.05,0.7,0.2,0.86,0.53
1010.3,38,0,0.81,0.62,0,0.8,0.82,0,1.01,0.69,0.84,1.05,0.7,0.22,0.86,0.54
1011.32,38,0,0.81,0.62,0,0.79,0.82,0,1.01,0.69,0.83,1.05,0.69,0.21,0.86,0.54
1012.32,38,0,0.8,0.62,0,0.79,0.82,0,1,0.69,0.83,1.05,0.69,0.2,0.86,0.54
1013.32,38,0,0.81,0.62,0,0.79,0.82,0,1.01,0.69,0.83,1.06,0.69,0.21,0.86,0.54
1014.32,38,0,0.81,0.62,0,0.79,0.82,0,1,0.68,0.83,1.05,0.69,0.2,0.86,0.54
1015.32,38,0,0.8,0.62,0,0.79,0.82,0,1,0.68,0.83,1.05,0.7,0.2,0.86,0.55
1016.32,38,0,0.81,0.61,0,0.79,0.82,0,1,0.68,0.83,1.05,0.68,0.2,0.85,0.53
1017.32,38,0,0.81,0.61,0,0.79,0.82,0,1,0.68,0.83,1.05,0.69,0.2,0.86,0.53
1018.32,38,0,0.81,0.62,0,0.79,0.82,0,1.01,0.69,0.83,1.05,0.69,0.21,0.86,0.55
1019.33,38,0,0.8,0.62,0,0.79,0.82,0,1,0.69,0.83,1.05,0.69,0.21,0.86,0.54
1020.33,38,0,0.82,0.62,0,0.8,0.83,0,1.01,0.69,0.84,1.06,0.7,0.22,0.87,0.55
1021.33,38,0,0.81,0.62,0,0.8,0.83,0,1.02,0.69,0.84,1.06,0.7,0.22,0.86,0.55
1022.33,38,0,0.81,0.61,0,0.79,0.82,0,1.01,0.69,0.83,1.05,0.69,0.21,0.86,0.54
1023.33,38,0,0.8,0.61,0,0.79,0.82,0,1,0.69,0.83,1.05,0.69,0.2,0.86,0.54
1024.35,38,0,0.81,0.62,0,0.8,0.82,0,1.01,0.69,0.84,1.06,0.7,0.21,0.86,0.54
1025.35,38,0,0.81,0.62,0,0.8,0.82,0,1,0.69,0.83,1.05,0.69,0.21,0.86,0.54
1026.35,38,0,0.81,0.61,0,0.79,0.82,0,1,0.68,0.83,1.05,0.69,0.2,0.86,0.54
1027.35,38,0,0.81,0.62,0,0.79,0.82,0,1.01,0.69,0.84,1.06,0.7,0.21,0.87,0.55
1028.35,38,0,0.8,0.61,0,0.79,0.82,0,1,0.68,0.82,1.05,0.69,0.2,0.86,0.53
1029.35,38,0,0.81,0.61,0,0.79,0.82,0,1.01,0.69,0.84,1.05,0.7,0.21,0.86,0.54
1030.35,38,0,0.8,0.61,0,0.79,0.82,0,1,0.69,0.83,1.05,0.69,0.2,0.86,0.54
1031.35,38,0,0.8,0.61,0,0.79,0.82,0,1,0.69,0.83,1.05,0.69,0.2,0.86,0.54
1032.35,38,0,0.81,0.62,0,0.79,0.82,0,1.01,0.69,0.83,1.05,0.69,0.21,0.86,0.54
1033.35,38,0,0.81,0.62,0,0.79,0.82,0,1,0.69,0.84,1.05,0.69,0.2,0.86,0.54
1034.35,38,0,0.81,0.62,0,0.79,0.82,0,1.01,0.69,0.84,1.05,0.69,0.2,0.86,0.54
1035.37,38,0,0.81,0.61,0,0.79,0.82,0,1.01,0.68,0.84,1.05,0.7,0.21,0.86,0.54
1036.37,38,0,0.8,0.61,0,0.79,0.82,0,1,0.68,0.82,1.05,0.69,0.21,0.86,0.54
1037.37,38,0,0.8,0.62,0,0.79,0.82,0,1,0.68,0.83,1.05,0.69,0.21,0.86,0.54
1038.37,38,0,0.81,0.61,0,0.79,0.82,0,1,0.68,0.83,1.05,0.69,0.2,0.86,0.54
1039.37,38,0,0.81,0.62,0,0.79,0.82,0,1.01,0.69,0.84,1.05,0.69,0.21,0.86,0.54
1040.38,38,0,0.81,0.62,0,0.8,0.82,0,1.01,0.69,0.84,1.06,0.69,0.21,0.86,0.54
1041.38,38,0,0.81,0.62,0,0.8,0.83,0,1.01,0.69,0.84,1.06,0.7,0.22,0.86,0.54
1042.38,38,0,0.81,0.62,0,0.8,0.83,0,1.02,0.69,0.83,1.06,0.7,0.21,0.86,0.54
1043.38,38,0,0.81,0.61,0,0.79,0.82,0,1,0.67,0.82,1.05,0.69,0.2,0.85,0.54
1044.38,38,0,0.79,0.61,0,0.78,0.81,0,1,0.67,0.82,1.04,0.68,0.19,0.84,0.52
1045.38,38,0,0.8,0.61,0,0.79,0.82,0,1.01,0.68,0.83,1.05,0.69,0.2,0.86,0.54
1046.4,38,0,0.81,0.62,0,0.79,0.82,0,1,0.68,0.83,1.05,0.69,0.2,0.86,0.54
1047.4,38,0,0.8,0.61,0,0.78,0.82,0,1,0.68,0.82,1.05,0.69,0.2,0.85,0.54
1048.4,38,0,0.81,0.62,0,0.79,0.82,0,1,0.69,0.84,1.05,0.69,0.21,0.86,0.54
1049.42,38,0,0.81,0.61,0,0.79,0.83,0,1.01,0.69,0.84,1.05,0.69,0.2,0.86,0.54
1050.42,38,0,0.8,0.61,0,0.79,0.82,0,1,0.68,0.83,1.05,0.69,0.2,0.86,0.54
1051.42,38,0,0.81,0.61,0,0.79,0.82,0,1,0.67,0.82,1.05,0.68,0.2,0.86,0.53
1052.43,38,0,0.81,0.62,0,0.79,0.82,0,1.01,0.69,0.82,1.05,0.69,0.21,0.86,0.54
1053.43,38,0,0.81,0.62,0,0.79,0.82,0,1.01,0.69,0.84,1.05,0.69,0.2,0.86,0.54
1054.43,38,0,0.81,0.62,0,0.79,0.82,0,1.01,0.69,0.82,1.05,0.7,0.2,0.86,0.54
1055.45,38,0,0.81,0.61,0,0.79,0.82,0,1.01,0.68,0.83,1.05,0.69,0.2,0.86,0.54
1056.45,38,0,0.8,0.61,0,0.79,0.82,0,1,0.68,0.83,1.05,0.69,0.2,0.86,0.54
1057.45,38,0,0.81,0.61,0,0.79,0.82,0,1,0.69,0.83,1.05,0.69,0.2,0.86,0.54
1058.47,38,0,0.8,0.61,0,0.79,0.81,0,1,0.68,0.82,1.05,0.69,0.2,0.86,0.54
1059.47,38,0,0.81,0.61,0,0.79,0.82,0,1.01,0.69,0.83,1.05,0.69,0.2,0.86,0.54
1060.47,38,0,0.81,0.62,0,0.79,0.83,0,1,0.69,0.83,1.05,0.7,0.21,0.86,0.54
1061.47,38,0,0.81,0.62,0,0.79,0.83,0,1.01,0.69,0.83,1.05,0.71,0.2,0.86,0.54
1062.47,38,0,0.81,0.61,0,0.79,0.82,0,1,0.68,0.82,1.05,0.69,0.2,0.86,0.54
1063.47,38,0,0.81,0.61,0,0.79,0.82,0,1,0.69,0.83,1.05,0.69,0.2,0.85,0.54
1064.47,38,0,0.81,0.61,0,0.79,0.82,0,1,0.69,0.83,1.05,0.69,0.2,0.86,0.54
1065.47,38,0,0.79,0.61,0,0.79,0.82,0,1,0.68,0.82,1.05,0.69,0.2,0.85,0.54
1066.47,38,0,0.8,0.61,0,0.78,0.81,0,1,0.68,0.82,1.05,0.69,0.2,0.86,0.54
1067.48,38,0,0.8,0.62,0,0.79,0.82,0,1,0.69,0.83,1.05,0.69,0.2,0.86,0.54
1068.48,38,0,0.81,0.62,0,0.79,0.83,0,1.01,0.69,0.83,1.05,0.69,0.21,0.86,0.54
1069.48,38,0,0.8,0.61,0,0.79,0.82,0,1,0.68,0.82,1.05,0.69,0.2,0.85,0.54
1070.48,38,0,0.8,0.61,0,0.79,0.81,0,1,0.69,0.83,1.05,0.69,0.21,0.86,0.53
1071.48,38,0,0.8,0.61,0,0.79,0.82,0,1,0.68,0.82,1.05,0.69,0.2,0.85,0.53
1072.48,38,0,0.81,0.62,0,0.79,0.82,0,1.01,0.68,0.83,1.05,0.69,0.2,0.86,0.54
1073.5,38,0,0.81,0.61,0,0.79,0.83,0,1.01,0.69,0.83,1.05,0.69,0.2,0.86,0.54
1074.5,38,0,0.8,0.61,0,0.78,0.82,0,1,0.67,0.82,1.04,0.69,0.2,0.86,0.53
1075.5,38,0,0.81,0.61,0,0.79,0.82,0,1,0.69,0.83,1.05,0.69,0.2,0.86,0.54
1076.5,38,0,0.8,0.61,0,0.79,0.81,0,1,0.68,0.82,1.05,0.69,0.2,0.85,0.53
1077.52,38,0,0.8,0.61,0,0.79,0.82,0,1,0.67,0.83,1.05,0.69,0.2,0.85,0.53
1078.52,38,0,0.81,0.61,0,0.79,0.82,0,1,0.68,0.83,1.05,0.69,0.21,0.85,0.54
1079.52,38,0,0.79,0.61,0,0.79,0.82,0,1,0.68,0.82,1.05,0.69,0.2,0.85,0.54
1080.52,38,0,0.81,0.62,0,0.79,0.82,0,1,0.68,0.83,1.04,0.69,0.2,0.86,0.54
1081.53,38,0,0.81,0.61,0,0.79,0.82,0,1,0.68,0.83,1.05,0.69,0.2,0.86,0.54
1082.53,38,0,0.8,0.61,0,0.79,0.82,0,1,0.68,0.82,1.05,0.69,0.2,0.86,0.54
1083.53,38,0,0.8,0.61,0,0.79,0.82,0,1,0.68,0.83,1.05,0.69,0.2,0.85,0.53
1084.55,38,0,0.81,0.61,0,0.79,0.82,0,1.01,0.68,0.82,1.05,0.69,0.21,0.86,0.54
1085.55,38,0,0.81,0.61,0,0.79,0.82,0,1,0.68,0.82,1.05,0.69,0.2,0.86,0.54
1086.55,38,0,0.81,0.61,0,0.79,0.82,0,1,0.68,0.83,1.05,0.69,0.2,0.86,0.54
1087.57,38,0,0.81,0.62,0,0.79,0.82,0,1,0.68,0.84,1.05,0.69,0.2,0.86,0.54
1088.57,38,0,0.8,0.61,0,0.79,0.82,0,1,0.69,0.83,1.05,0.69,0.2,0.86,0.54
1089.57,38,0,0.8,0.61,0,0.78,0.82,0,1,0.68,0.82,1.05,0.69,0.2,0.85,0.54
1090.57,38,0,0.79,0.61,0,0.79,0.81,0,1,0.67,0.82,1.05,0.69,0.2,0.85,0.54
1091.58,38,0,0.8,0.61,0,0.79,0.82,0,1,0.68,0.83,1.05,0.69,0.2,0.85,0.54
1092.58,38,0,0.81,0.61,0,0.79,0.82,0,1,0.68,0.83,1.05,0.69,0.2,0.86,0.54
1093.58,38,0,0.8,0.61,0,0.79,0.81,0,1,0.68,0.82,1.05,0.69,0.2,0.86,0.53
1094.58,38,0,0.81,0.62,0,0.79,0.82,0,1.01,0.69,0.84,1.05,0.69,0.21,0.86,0.54
1095.58,38,0,0.81,0.61,0,0.79,0.82,0,1.01,0.69,0.83,1.05,0.7,0.2,0.86,0.54
1096.58,38,0,0.8,0.61,0,0.79,0.82,0,1,0.68,0.82,1.05,0.69,0.2,0.85,0.53
1097.6,38,0,0.8,0.61,0,0.79,0.82,0,1,0.68,0.82,1.05,0.69,0.2,0.85,0.53
1098.6,38,0,0.81,0.62,0,0.79,0.82,0,1,0.69,0.84,1.05,0.69,0.22,0.86,0.54
1099.6,38,0,0.8,0.61,0,0.79,0.81,0,1,0.68,0.82,1.05,0.69,0.2,0.85,0.54
1100.6,38,0,0.79,0.61,0,0.78,0.82,0,1,0.67,0.83,1.05,0.69,0.2,0.85,0.53
1101.62,38,0,0.81,0.61,0,0.79,0.82,0,1.01,0.69,0.83,1.05,0.7,0.2,0.86,0.54
1102.62,38,0,0.81,0.61,0,0.8,0.82,0,1,0.69,0.83,1.05,0.69,0.21,0.86,0.54
1103.62,38,0,0.81,0.61,0,0.8,0.82,0,1.01,0.69,0.83,1.05,0.69,0.2,0.86,0.54
1104.62,38,0,0.81,0.62,0,0.79,0.83,0,1,0.68,0.82,1.05,0.69,0.21,0.86,0.55
1105.63,38,0,0.8,0.61,0,0.78,0.82,0,1,0.68,0.82,1.05,0.69,0.2,0.86,0.54
1106.63,38,0,0.81,0.62,0,0.79,0.82,0,1,0.69,0.83,1.05,0.69,0.21,0.86,0.54
1107.63,38,0,0.8,0.61,0,0.79,0.82,0,1,0.68,0.82,1.05,0.69,0.2,0.85,0.54
1108.65,38,0,0.81,0.61,0,0.79,0.82,0,1,0.69,0.82,1.05,0.69,0.2,0.86,0.54
1109.65,38,0,0.81,0.61,0,0.79,0.82,0,1,0.68,0.82,1.05,0.69,0.2,0.85,0.53
1110.65,38,0,0.8,0.62,0,0.79,0.82,0,1,0.69,0.83,1.05,0.69,0.21,0.86,0.54
1111.65,38,0,0.8,0.61,0,0.79,0.82,0,1,0.68,0.83,1.05,0.69,0.2,0.86,0.54
1112.67,38,0,0.81,0.61,0,0.79,0.82,0,1,0.68,0.83,1.04,0.69,0.2,0.86,0.53
1113.67,38,0,0.81,0.62,0,0.79,0.83,0,1,0.69,0.83,1.05,0.69,0.2,0.86,0.54
1114.68,38,0,0.81,0.61,0,0.79,0.82,0,1,0.69,0.83,1.05,0.69,0.21,0.86,0.54
1115.68,38,0,0.81,0.61,0,0.79,0.82,0,1,0.68,0.83,1.05,0.69,0.2,0.85,0.54
1116.68,38,0,0.8,0.61,0,0.79,0.82,0,1,0.67,0.83,1.05,0.69,0.2,0.86,0.54
1117.68,38,0,0.81,0.62,0,0.8,0.83,0,1.01,0.69,0.84,1.05,0.7,0.22,0.86,0.54
1118.68,38,0,0.81,0.61,0,0.79,0.82,0,1,0.69,0.83,1.05,0.69,0.2,0.86,0.54
1119.7,38,0,0.8,0.61,0,0.79,0.82,0,1,0.67,0.82,1.05,0.69,0.2,0.85,0.53
1120.7,38,0,0.8,0.61,0,0.79,0.82,0,1,0.69,0.83,1.05,0.69,0.21,0.86,0.53
1121.7,38,0,0.81,0.61,0,0.79,0.83,0,1,0.68,0.83,1.05,0.69,0.2,0.86,0.54
1122.7,38,0,0.81,0.61,0,0.79,0.82,0,1.01,0.68,0.83,1.05,0.69,0.21,0.86,0.54
1123.7,38,0,0.79,0.61,0,0.79,0.81,0,1,0.68,0.83,1.05,0.69,0.2,0.85,0.54
1124.7,38,0,0.8,0.61,0,0.79,0.82,0,1,0.68,0.83,1.04,0.68,0.2,0.86,0.53
1125.7,38,0,0.81,0.61,0,0.79,0.82,0,1,0.69,0.84,1.05,0.69,0.2,0.85,0.54
1126.72,38,0,0.8,0.61,0,0.79,0.82,0,1,0.69,0.83,1.05,0.69,0.2,0.86,0.54
1127.72,38,0,0.8,0.61,0,0.79,0.82,0,1,0.68,0.83,1.05,0.69,0.21,0.85,0.53
1128.72,38,0,0.81,0.61,0,0.79,0.82,0,1.01,0.69,0.83,1.05,0.69,0.2,0.85,0.54
1129.72,38,0,0.79,0.61,0,0.78,0.82,0,1,0.68,0.82,1.04,0.69,0.2,0.86,0.52
1130.73,38,0,0.8,0.62,0,0.79,0.82,0,1,0.69,0.83,1.05,0.69,0.2,0.86,0.54
1131.73,38,0,0.79,0.61,0,0.78,0.81,0,1,0.67,0.82,1.04,0.69,0.2,0.84,0.52
1132.73,38,0,0.81,0.61,0,0.78,0.82,0,1,0.68,0.83,1.04,0.69,0.2,0.85,0.54
1133.73,38,0,0.81,0.6,0,0.79,0.82,0,1,0.67,0.82,1.05,0.69,0.2,0.84,0.54
1134.75,38,0,0.81,0.61,0,0.8,0.82,0,1,0.69,0.83,1.05,0.69,0.21,0.86,0.54
1135.75,38,0,0.81,0.62,0,0.79,0.82,0,1.01,0.68,0.83,1.05,0.69,0.2,0.86,0.54
1136.75,38,0,0.8,0.61,0,0.78,0.82,0,1,0.69,0.82,1.05,0.69,0.2,0.85,0.54
1137.75,38,0,0.8,0.61,0,0.79,0.83,0,1.01,0.67,0.83,1.05,0.69,0.2,0.86,0.54
1138.75,38,0,0.8,0.61,0,0.79,0.82,0,1,0.69,0.83,1.05,0.69,0.2,0.86,0.54
1139.75,38,0,0.79,0.61,0,0.79,0.82,0,1,0.68,0.82,1.04,0.69,0.2,0.86,0.53
1140.77,38,0,0.81,0.62,0,0.79,0.82,0,1.01,0.69,0.83,1.05,0.69,0.2,0.86,0.54
1141.78,38,0,0.81,0.61,0,0.79,0.81,0,1,0.68,0.83,1.05,0.69,0.2,0.85,0.53
1142.78,38,0,0.81,0.61,0,0.79,0.82,0,1,0.68,0.82,1.05,0.69,0.21,0.86,0.54
1143.78,38,0,0.81,0.61,0,0.79,0.82,0,1,0.68,0.82,1.05,0.69,0.2,0.86,0.53
1144.78,38,0,0.81,0.61,0,0.79,0.82,0,1.01,0.68,0.83,1.05,0.69,0.2,0.86,0.53
1145.78,38,0,0.81,0.61,0,0.78,0.82,0,1,0.68,0.83,1.05,0.69,0.2,0.86,0.54
1146.78,38,0,0.81,0.62,0,0.79,0.82,0,1,0.69,0.83,1.05,0.69,0.21,0.86,0.54
1147.8,38,0,0.8,0.61,0,0.79,0.82,0,1,0.68,0.83,1.04,0.69,0.2,0.85,0.54
1148.8,38,0,0.81,0.61,0,0.79,0.81,0,1,0.68,0.83,1.05,0.69,0.2,0.86,0.54
1149.8,38,0,0.79,0.61,0,0.78,0.82,0,1,0.67,0.83,1.05,0.69,0.2,0.85,0.53
1150.8,38,0,0.8,0.61,0,0.79,0.82,0,1,0.69,0.83,1.05,0.69,0.2,0.86,0.54
1151.8,38,0,0.8,0.61,0,0.79,0.82,0,1,0.67,0.82,1.05,0.69,0.2,0.86,0.54
1152.8,38,0,0.81,0.61,0,0.79,0.82,0,1,0.68,0.82,1.05,0.69,0.2,0.86,0.54
1153.82,38,0,0.8,0.61,0,0.79,0.82,0,1,0.68,0.82,1.05,0.68,0.2,0.84,0.53
1154.82,38,0,0.81,0.62,0,0.79,0.82,0,1,0.69,0.83,1.05,0.69,0.2,0.86,0.53
1155.82,38,0,0.81,0.62,0,0.79,0.82,0,1,0.69,0.83,1.05,0.7,0.21,0.86,0.54
1156.82,38,0,0.81,0.61,0,0.79,0.82,0,1,0.68,0.83,1.05,0.69,0.2,0.86,0.54
1157.83,38,0,0.79,0.61,0,0.79,0.81,0,1,0.68,0.82,1.05,0.69,0.2,0.85,0.53
1158.83,38,0,0.8,0.61,0,0.78,0.81,0,1,0.68,0.82,1.04,0.69,0.2,0.85,0.54
1159.83,38,0,0.81,0.61,0,0.79,0.82,0,1,0.69,0.82,1.05,0.69,0.21,0.86,0.53
1160.83,38,0,0.81,0.62,0,0.79,0.82,0,1,0.69,0.83,1.05,0.69,0.21,0.86,0.54
1161.85,38,0,0.8,0.61,0,0.79,0.82,0,1,0.68,0.82,1.04,0.69,0.2,0.85,0.53
1162.85,38,0,0.79,0.6,0,0.79,0.82,0,0.99,0.67,0.82,1.04,0.69,0.2,0.84,0.53
1163.85,38,0,0.81,0.62,0,0.8,0.82,0,1.01,0.69,0.84,1.05,0.69,0.21,0.86,0.54
1164.85,38,0,0.81,0.61,0,0.8,0.82,0,1.01,0.69,0.83,1.05,0.7,0.21,0.86,0.54
1165.85,38,0,0.81,0.61,0,0.79,0.83,0,1.01,0.68,0.84,1.05,0.69,0.2,0.86,0.54
1166.85,38,0,0.81,0.62,0,0.79,0.82,0,1,0.69,0.83,1.05,0.69,0.21,0.86,0.54
1167.85,38,0,0.81,0.62,0,0.79,0.82,0,1.01,0.69,0.84,1.05,0.7,0.21,0.86,0.55
1168.87,38,0,0.8,0.61,0,0.79,0.82,0,1,0.68,0.82,1.05,0.69,0.2,0.85,0.54
1169.87,38,0,0.8,0.61,0,0.79,0.81,0,1,0.68,0.82,1.04,0.68,0.2,0.85,0.53
1170.87,38,0,0.81,0.62,0,0.79,0.82,0,1.01,0.69,0.83,1.06,0.69,0.2,0.86,0.54
1171.87,38,0,0.8,0.61,0,0.79,0.83,0,1,0.69,0.83,1.05,0.7,0.2,0.86,0.54
1172.87,38,0,0.81,0.62,0,0.8,0.83,0,1.01,0.69,0.83,1.05,0.69,0.2,0.86,0.54
1173.87,38,0,0.8,0.61,0,0.79,0.82,0,1,0.68,0.83,1.05,0.7,0.2,0.86,0.54
1174.88,38,0,0.8,0.61,0,0.79,0.82,0,1,0.68,0.83,1.05,0.69,0.21,0.86,0.54
1175.88,38,0,0.81,0.61,0,0.79,0.81,0,1,0.69,0.83,1.05,0.69,0.2,0.86,0.54
1176.88,38,0,0.8,0.61,0,0.78,0.82,0,1,0.68,0.83,1.05,0.68,0.2,0.84,0.54
1177.88,38,0,0.8,0.62,0,0.79,0.82,0,1,0.69,0.83,1.05,0.7,0.21,0.86,0.54
1178.9,38,0,0.81,0.62,0,0.79,0.83,0,1.01,0.69,0.84,1.05,0.69,0.21,0.86,0.54
1179.9,38,0,0.81,0.62,0,0.79,0.82,0,1.01,0.69,0.84,1.05,0.69,0.21,0.86,0.54
1180.9,38,0,0.8,0.61,0,0.8,0.82,0,1.01,0.69,0.83,1.05,0.7,0.21,0.86,0.54
1181.9,38,0,0.8,0.6,0,0.78,0.81,0,1,0.68,0.83,1.05,0.69,0.2,0.85,0.54
1182.9,38,0,0.81,0.61,0,0.79,0.82,0,1,0.69,0.82,1.05,0.69,0.2,0.85,0.53
1183.9,38,0,0.81,0.61,0,0.79,0.82,0,1,0.69,0.84,1.05,0.69,0.2,0.85,0.54
1184.92,38,0,0.79,0.61,0,0.79,0.82,0,1,0.67,0.82,1.05,0.69,0.2,0.85,0.53
1185.92,38,0,0.8,0.61,0,0.79,0.82,0,1,0.69,0.83,1.05,0.69,0.2,0.86,0.54
1186.92,38,0,0.81,0.62,0,0.8,0.83,0,1.01,0.69,0.84,1.06,0.69,0.21,0.86,0.55
1187.92,38,0,0.8,0.61,0,0.79,0.82,0,1,0.68,0.83,1.05,0.69,0.2,0.86,0.54
1188.92,38,0,0.81,0.61,0,0.79,0.82,0,1,0.68,0.83,1.05,0.69,0.2,0.86,0.54
1189.92,38,0,0.81,0.62,0,0.79,0.81,0,1,0.69,0.83,1.05,0.69,0.2,0.86,0.53
1190.92,38,0,0.81,0.61,0,0.79,0.82,0,1,0.69,0.82,1.04,0.69,0.2,0.86,0.53
1191.92,38,0,0.81,0.61,0,0.78,0.82,0,1,0.67,0.83,1.05,0.69,0.2,0.86,0.54
1192.92,38,0,0.81,0.62,0,0.79,0.82,0,1.01,0.69,0.84,1.06,0.7,0.21,0.86,0.55
1193.92,38,0,0.81,0.62,0,0.79,0.82,0,1,0.69,0.83,1.05,0.7,0.21,0.86,0.54
1194.92,38,0,0.81,0.62,0,0.79,0.82,0,1,0.69,0.83,1.05,0.69,0.2,0.86,0.54
1195.92,38,0,0.8,0.61,0,0.79,0.81,0,1,0.68,0.82,1.05,0.69,0.2,0.85,0.53
1196.93,38,0,0.81,0.62,0,0.79,0.82,0,1,0.69,0.83,1.05,0.7,0.21,0.86,0.54
1197.93,38,0,0.8,0.62,0,0.79,0.82,0,1,0.69,0.83,1.05,0.69,0.21,0.86,0.54
1198.93,38,0,0.8,0.62,0,0.79,0.81,0,1,0.69,0.83,1.05,0.69,0.21,0.86,0.54
1199.93,38,0,0.8,0.61,0,0.79,0.82,0,1,0.69,0.83,1.05,0.69,0.2,0.85,0.53
1200.95,38,0,0.81,0.62,0,0.8,0.83,0,1.01,0.69,0.84,1.05,0.7,0.21,0.86,0.54
1201.95,38,0,0.81,0.61,0,0.79,0.82,0,1,0.69,0.83,1.05,0.69,0.2,0.86,0.54
1202.95,38,0,0.79,0.61,0,0.79,0.82,0,0.99,0.68,0.82,1.04,0.68,0.2,0.85,0.53
1203.95,38,0,0.81,0.62,0,0.79,0.82,0,1,0.69,0.82,1.05,0.69,0.2,0.85,0.53
1204.95,38,0,0.81,0.61,0,0.79,0.82,0,1.01,0.69,0.83,1.06,0.69,0.21,0.86,0.54
1205.95,38,0,0.81,0.61,0,0.79,0.82,0,1.01,0.68,0.83,1.05,0.69,0.2,0.85,0.54
1206.97,38,0,0.8,0.62,0,0.78,0.82,0,1,0.68,0.83,1.04,0.69,0.2,0.86,0.54
1207.97,38,0,0.81,0.61,0,0.79,0.82,0,1.01,0.68,0.84,1.05,0.69,0.2,0.86,0.54
1208.97,38,0,0.81,0.61,0,0.79,0.82,0,1,0.68,0.82,1.05,0.69,0.2,0.85,0.54
1209.97,38,0,0.8,0.61,0,0.79,0.82,0,1,0.67,0.82,1.04,0.69,0.2,0.85,0.53
1210.97,38,0,0.81,0.61,0,0.79,0.81,0,1,0.68,0.83,1.04,0.69,0.2,0.86,0.54
1211.97,38,0,0.81,0.62,0,0.79,0.83,0,1.01,0.69,0.83,1.06,0.71,0.21,0.86,0.54
1212.97,38,0,0.81,0.61,0,0.79,0.82,0,1,0.68,0.83,1.05,0.69,0.2,0.85,0.54
1213.98,38,0,0.81,0.61,0,0.79,0.82,0,1,0.69,0.83,1.06,0.69,0.22,0.86,0.54
1214.98,38,0,0.8,0.61,0,0.78,0.81,0,1,0.68,0.82,1.05,0.68,0.2,0.84,0.53
1215.98,38,0,0.8,0.61,0,0.79,0.82,0,1,0.68,0.83,1.04,0.69,0.2,0.86,0.53
1217,38,0,0.8,0.61,0,0.79,0.82,0,0.99,0.67,0.82,1.04,0.69,0.2,0.84,0.52
1218,38,0,0.8,0.61,0,0.79,0.82,0,1.01,0.68,0.82,1.05,0.69,0.21,0.86,0.54
1219,38,0,0.81,0.62,0,0.79,0.82,0,1,0.69,0.82,1.05,0.69,0.2,0.85,0.54
1220.02,38,0,0.81,0.62,0,0.79,0.82,0,1,0.69,0.82,1.05,0.69,0.21,0.86,0.54
1221.02,38,0,0.81,0.61,0,0.79,0.82,0,1,0.68,0.83,1.05,0.69,0.21,0.86,0.54
1222.02,38,0,0.81,0.61,0,0.79,0.82,0,1.01,0.69,0.83,1.05,0.69,0.2,0.86,0.54
1223.02,38,0,0.81,0.62,0,0.79,0.83,0,1.01,0.69,0.82,1.05,0.7,0.21,0.86,0.55
1224.02,38,0,0.8,0.61,0,0.79,0.82,0,1,0.68,0.82,1.05,0.69,0.2,0.86,0.54
1225.03,38,0,0.79,0.61,0,0.78,0.82,0,1,0.68,0.82,1.05,0.69,0.2,0.86,0.54
1226.03,38,0,0.81,0.62,0,0.79,0.82,0,1.01,0.68,0.83,1.05,0.69,0.21,0.86,0.54
1227.05,38,0,0.79,0.6,0,0.78,0.82,0,1,0.68,0.82,1.04,0.69,0.2,0.85,0.53
1228.05,38,0,0.79,0.61,0,0.79,0.82,0,1,0.68,0.82,1.05,0.69,0.2,0.85,0.53
1229.05,38,0,0.8,0.62,0,0.79,0.82,0,1,0.69,0.82,1.05,0.69,0.2,0.85,0.54
1230.05,38,0,0.81,0.61,0,0.79,0.82,0,1,0.69,0.83,1.05,0.69,0.2,0.85,0.54
1231.05,38,0,0.81,0.61,0,0.79,0.82,0,1,0.68,0.82,1.05,0.69,0.2,0.85,0.53
1232.07,38,0,0.81,0.62,0,0.8,0.83,0,1.01,0.69,0.84,1.05,0.69,0.22,0.86,0.54
1233.07,38,0,0.8,0.61,0,0.78,0.81,0,1,0.67,0.82,1.04,0.69,0.2,0.84,0.53
1234.07,38,0,0.81,0.62,0,0.79,0.82,0,1,0.69,0.82,1.05,0.7,0.21,0.86,0.54
1235.07,38,0,0.79,0.61,0,0.79,0.82,0,1,0.67,0.82,1.05,0.69,0.2,0.85,0.54
1236.07,38,0,0.81,0.61,0,0.79,0.82,0,1,0.69,0.82,1.05,0.69,0.2,0.86,0.54
1237.08,38,0,0.8,0.62,0,0.79,0.82,0,1,0.68,0.82,1.05,0.69,0.2,0.85,0.54
1238.08,38,0,0.81,0.62,0,0.79,0.82,0,1,0.69,0.82,1.06,0.69,0.21,0.86,0.54
1239.08,38,0,0.81,0.62,0,0.79,0.82,0,1,0.69,0.83,1.05,0.69,0.21,0.86,0.54
1240.08,38,0,0.81,0.62,0,0.79,0.83,0,1.01,0.69,0.84,1.06,0.7,0.21,0.86,0.54
1241.08,38,0,0.81,0.61,0,0.78,0.82,0,1,0.68,0.82,1.04,0.69,0.2,0.85,0.54
1242.1,38,0,0.81,0.61,0,0.79,0.82,0,1,0.68,0.83,1.05,0.69,0.2,0.85,0.54
1243.1,38,0,0.8,0.61,0,0.78,0.82,0,1,0.68,0.82,1.04,0.69,0.2,0.86,0.54
1244.1,38,0,0.81,0.62,0,0.79,0.82,0,1.01,0.68,0.83,1.05,0.69,0.2,0.86,0.54
1245.12,38,0,0.8,0.62,0,0.79,0.82,0,1,0.69,0.83,1.05,0.69,0.2,0.86,0.54
1246.12,38,0,0.81,0.61,0,0.79,0.81,0,1,0.68,0.82,1.04,0.69,0.2,0.84,0.53
1247.12,38,0,0.81,0.62,0,0.79,0.82,0,1.01,0.69,0.83,1.05,0.69,0.21,0.86,0.54
1248.12,38,0,0.81,0.61,0,0.79,0.83,0,1.01,0.69,0.83,1.05,0.69,0.21,0.86,0.54
1249.12,38,0,0.81,0.61,0,0.79,0.82,0,1,0.69,0.83,1.05,0.69,0.21,0.85,0.54
1250.13,38,0,0.81,0.61,0,0.79,0.81,0,1.01,0.68,0.83,1.05,0.69,0.2,0.86,0.54
1251.13,38,0,0.8,0.62,0,0.79,0.82,0,1,0.68,0.82,1.05,0.69,0.2,0.86,0.54
1252.13,38,0,0.81,0.61,0,0.79,0.82,0,1,0.68,0.82,1.05,0.69,0.2,0.85,0.53
1253.13,38,0,0.8,0.61,0,0.79,0.82,0,1,0.68,0.82,1.05,0.69,0.2,0.85,0.53
1254.15,38,0,0.81,0.62,0,0.79,0.83,0,1,0.69,0.84,1.05,0.69,0.21,0.86,0.54
1255.15,38,0,0.8,0.61,0,0.79,0.82,0,1,0.68,0.82,1.05,0.69,0.2,0.86,0.54
1256.15,38,0,0.8,0.62,0,0.79,0.82,0,1,0.67,0.82,1.05,0.69,0.2,0.85,0.54
1257.15,38,0,0.81,0.61,0,0.79,0.82,0,1.01,0.69,0.83,1.05,0.69,0.21,0.85,0.54
1258.15,38,0,0.79,0.61,0,0.78,0.81,0,0.99,0.67,0.82,1.03,0.68,0.19,0.84,0.52
1259.15,38,0,0.79,0.61,0,0.79,0.81,0,1,0.68,0.82,1.04,0.68,0.2,0.85,0.53
1260.15,38,0,0.81,0.61,0,0.79,0.82,0,1,0.69,0.83,1.05,0.69,0.2,0.85,0.53
1261.15,38,0,0.81,0.62,0,0.79,0.82,0,1.01,0.69,0.83,1.05,0.69,0.2,0.86,0.54
1262.17,38,0,0.8,0.61,0,0.79,0.82,0,1,0.68,0.82,1.05,0.69,0.2,0.85,0.53
1263.17,38,0,0.81,0.61,0,0.79,0.82,0,1,0.68,0.82,1.05,0.69,0.2,0.85,0.54
1264.17,38,0,0.8,0.61,0,0.79,0.82,0,1,0.68,0.82,1.05,0.69,0.2,0.85,0.53
1265.17,38,0,0.81,0.61,0,0.79,0.82,0,1,0.69,0.83,1.05,0.69,0.21,0.86,0.54
1266.18,38,0,0.8,0.61,0,0.79,0.82,0,1,0.68,0.83,1.05,0.69,0.2,0.85,0.53
1267.18,38,0,0.81,0.61,0,0.79,0.82,0,1,0.69,0.83,1.05,0.69,0.21,0.86,0.53
1268.18,38,0,0.8,0.61,0,0.79,0.82,0,1,0.69,0.83,1.05,0.69,0.2,0.85,0.54
1269.18,38,0,0.81,0.61,0,0.79,0.82,0,1,0.68,0.83,1.04,0.69,0.2,0.85,0.53
1270.18,38,0,0.81,0.62,0,0.79,0.82,0,1,0.69,0.84,1.05,0.69,0.21,0.86,0.54
1271.18,38,0,0.8,0.61,0,0.78,0.81,0,1,0.68,0.82,1.05,0.68,0.2,0.85,0.53
1272.2,38,0,0.81,0.61,0,0.79,0.82,0,1,0.69,0.83,1.05,0.69,0.21,0.85,0.54
1273.2,38,0,0.8,0.61,0,0.79,0.82,0,1,0.68,0.82,1.05,0.69,0.2,0.85,0.54
1274.2,38,0,0.8,0.61,0,0.79,0.82,0,1,0.68,0.82,1.04,0.69,0.21,0.86,0.54
1275.2,38,0,0.81,0.61,0,0.79,0.82,0,1,0.68,0.84,1.05,0.69,0.21,0.86,0.54
1276.2,38,0,0.8,0.61,0,0.79,0.82,0,1,0.68,0.82,1.05,0.69,0.2,0.85,0.54
1277.2,38,0,0.8,0.61,0,0.79,0.82,0,1,0.68,0.82,1.04,0.69,0.21,0.85,0.54
1278.2,38,0,0.81,0.61,0,0.79,0.82,0,1,0.69,0.83,1.06,0.69,0.2,0.86,0.54
1279.2,38,0,0.81,0.62,0,0.79,0.83,0,1.01,0.69,0.83,1.05,0.7,0.22,0.86,0.54
1280.2,38,0,0.81,0.62,0,0.79,0.83,0,1,0.69,0.83,1.05,0.69,0.21,0.86,0.54
1281.2,38,0,0.8,0.61,0,0.79,0.82,0,1,0.68,0.83,1.05,0.69,0.2,0.85,0.54
1282.2,38,0,0.81,0.61,0,0.79,0.82,0,1,0.68,0.82,1.05,0.69,0.2,0.85,0.53
1283.2,38,0,0.81,0.62,0,0.79,0.82,0,1,0.68,0.83,1.05,0.69,0.2,0.85,0.54
1284.2,38,0,0.81,0.61,0,0.79,0.82,0,1,0.69,0.83,1.05,0.69,0.2,0.85,0.54
1285.2,38,0,0.81,0.61,0,0.79,0.82,0,1,0.69,0.83,1.05,0.69,0.2,0.85,0.54
1286.2,38,0,0.8,0.61,0,0.79,0.82,0,1,0.68,0.82,1.04,0.68,0.2,0.84,0.53
1287.22,38,0,0.81,0.61,0,0.79,0.81,0,1,0.68,0.83,1.05,0.69,0.2,0.85,0.54
1288.22,38,0,0.8,0.61,0,0.79,0.82,0,1,0.68,0.82,1.05,0.69,0.2,0.85,0.53
1289.22,38,0,0.81,0.61,0,0.79,0.82,0,1,0.69,0.82,1.05,0.69,0.2,0.85,0.54
1290.22,38,0,0.79,0.61,0,0.79,0.82,0,1,0.68,0.82,1.05,0.69,0.2,0.84,0.53
1291.22,38,0,0.8,0.61,0,0.79,0.82,0,1,0.68,0.83,1.05,0.69,0.21,0.85,0.54
1292.23,38,0,0.81,0.62,0,0.79,0.82,0,1,0.67,0.82,1.05,0.69,0.21,0.85,0.54
1293.23,38,0,0.81,0.61,0,0.79,0.82,0,1,0.68,0.82,1.05,0.69,0.2,0.86,0.54
1294.23,38,0,0.81,0.61,0,0.79,0.82,0,1.01,0.69,0.83,1.05,0.69,0.2,0.86,0.54
1295.23,38,0,0.8,0.61,0,0.78,0.82,0,1,0.68,0.82,1.04,0.69,0.2,0.85,0.53
1296.23,38,0,0.8,0.61,0,0.79,0.82,0,1,0.68,0.83,1.05,0.69,0.21,0.85,0.54
1297.23,38,0,0.81,0.61,0,0.79,0.81,0,1,0.68,0.83,1.05,0.69,0.2,0.85,0.54
1298.25,38,0,0.8,0.61,0,0.79,0.81,0,1,0.68,0.82,1.05,0.69,0.21,0.86,0.53
1299.25,38,0,0.8,0.61,0,0.79,0.81,0,1,0.68,0.82,1.05,0.69,0.2,0.85,0.53
1300.25,38,0,0.8,0.61,0,0.79,0.82,0,1,0.68,0.83,1.05,0.69,0.2,0.85,0.54
1301.25,38,0,0.81,0.61,0,0.79,0.82,0,1,0.68,0.84,1.04,0.7,0.2,0.86,0.54
1302.25,38,0,0.81,0.61,0,0.79,0.82,0,1,0.69,0.82,1.05,0.69,0.2,0.85,0.54
1303.25,38,0,0.8,0.61,0,0.79,0.82,0,1,0.68,0.82,1.04,0.69,0.2,0.86,0.53
1304.27,38,0,0.81,0.61,0,0.79,0.82,0,1,0.68,0.82,1.05,0.69,0.2,0.85,0.54
1305.27,38,0,0.8,0.61,0,0.79,0.82,0,1,0.69,0.83,1.05,0.69,0.2,0.86,0.54
1306.27,38,0,0.8,0.61,0,0.78,0.82,0,1,0.69,0.82,1.05,0.69,0.2,0.85,0.53
1307.27,38,0,0.79,0.6,0,0.79,0.81,0,1,0.67,0.82,1.04,0.69,0.2,0.84,0.53
1308.27,38,0,0.81,0.61,0,0.79,0.82,0,1.01,0.68,0.83,1.05,0.69,0.2,0.86,0.54
1309.27,38,0,0.8,0.61,0,0.78,0.82,0,1,0.68,0.82,1.05,0.69,0.2,0.86,0.53
1310.27,38,0,0.81,0.61,0,0.78,0.82,0,1,0.68,0.83,1.05,0.69,0.2,0.85,0.53
1311.28,38,0,0.8,0.61,0,0.79,0.81,0,1,0.67,0.82,1.05,0.69,0.2,0.85,0.53
1312.28,38,0,0.79,0.61,0,0.79,0.82,0,1,0.68,0.82,1.05,0.69,0.2,0.84,0.54
1313.28,38,0,0.81,0.61,0,0.79,0.82,0,1,0.68,0.82,1.04,0.68,0.2,0.85,0.53
1314.28,38,0,0.79,0.61,0,0.79,0.82,0,1,0.67,0.82,1.04,0.68,0.2,0.85,0.53
1315.28,38,0,0.79,0.61,0,0.78,0.81,0,1,0.68,0.82,1.03,0.69,0.2,0.84,0.53
1316.3,38,0,0.81,0.61,0,0.79,0.82,0,1,0.68,0.83,1.05,0.69,0.2,0.86,0.54
1317.3,38,0,0.79,0.61,0,0.79,0.82,0,1,0.68,0.82,1.04,0.68,0.2,0.85,0.54
1318.3,38,0,0.81,0.61,0,0.79,0.82,0,1,0.67,0.82,1.04,0.69,0.2,0.85,0.54
1319.3,38,0,0.8,0.61,0,0.79,0.82,0,1,0.68,0.82,1.05,0.69,0.2,0.85,0.53
1320.3,38,0,0.8,0.62,0,0.79,0.82,0,1,0.68,0.82,1.05,0.69,0.2,0.86,0.54
1321.3,38,0,0.81,0.61,0,0.79,0.82,0,1,0.69,0.84,1.05,0.69,0.2,0.86,0.54
1322.32,38,0,0.81,0.61,0,0.79,0.82,0,1,0.68,0.82,1.04,0.69,0.2,0.85,0.53
1323.32,38,0,0.8,0.62,0,0.79,0.82,0,1,0.68,0.82,1.04,0.69,0.2,0.86,0.53
1324.32,38,0,0.81,0.61,0,0.79,0.82,0,1.01,0.68,0.84,1.05,0.69,0.21,0.85,0.54
1325.32,38,0,0.8,0.61,0,0.79,0.81,0,1,0.68,0.82,1.04,0.69,0.2,0.84,0.52
1326.33,38,0,0.81,0.62,0,0.79,0.82,0,1,0.69,0.83,1.05,0.69,0.2,0.85,0.54
1327.33,38,0,0.81,0.62,0,0.79,0.82,0,1,0.69,0.83,1.05,0.69,0.2,0.86,0.54
1328.33,38,0,0.81,0.62,0,0.79,0.82,0,1,0.67,0.82,1.04,0.69,0.2,0.85,0.53
1329.33,38,0,0.79,0.61,0,0.78,0.81,0,1,0.67,0.81,1.03,0.67,0.2,0.84,0.53
1330.35,38,0,0.8,0.61,0,0.79,0.82,0,0.99,0.67,0.82,1.04,0.69,0.2,0.85,0.53
1331.35,38,0,0.8,0.61,0,0.79,0.82,0,1,0.68,0.82,1.05,0.69,0.2,0.85,0.54
1332.35,38,0,0.8,0.61,0,0.79,0.82,0,1,0.68,0.83,1.05,0.69,0.2,0.85,0.54
1333.35,38,0,0.81,0.61,0,0.78,0.82,0,1,0.68,0.82,1.05,0.69,0.2,0.85,0.54
1334.35,38,0,0.81,0.61,0,0.79,0.82,0,1,0.68,0.82,1.05,0.69,0.2,0.86,0.54
1335.35,38,0,0.81,0.61,0,0.79,0.82,0,1,0.68,0.82,1.05,0.69,0.2,0.85,0.53
1336.35,38,0,0.8,0.61,0,0.78,0.82,0,1,0.68,0.82,1.04,0.69,0.2,0.85,0.54
1337.37,38,0,0.8,0.61,0,0.78,0.81,0,1,0.67,0.82,1.03,0.68,0.2,0.84,0.52
1338.37,38,0,0.8,0.61,0,0.79,0.82,0,1,0.68,0.83,1.05,0.69,0.2,0.85,0.54
1339.37,38,0,0.81,0.61,0,0.79,0.81,0,1,0.68,0.82,1.04,0.68,0.2,0.84,0.54
1340.37,38,0,0.81,0.61,0,0.79,0.81,0,1.01,0.69,0.82,1.05,0.69,0.2,0.85,0.53
1341.37,38,0,0.81,0.62,0,0.79,0.82,0,1,0.69,0.83,1.05,0.69,0.2,0.86,0.54
1342.37,38,0,0.81,0.62,0,0.79,0.82,0,1.01,0.67,0.82,1.05,0.69,0.2,0.86,0.54
1343.37,38,0,0.8,0.61,0,0.79,0.81,0,1,0.67,0.83,1.05,0.68,0.2,0.84,0.53
1344.38,38,0,0.81,0.61,0,0.79,0.82,0,1,0.68,0.83,1.05,0.69,0.2,0.85,0.53
1345.38,38,0,0.79,0.61,0,0.79,0.82,0,1,0.68,0.83,1.04,0.69,0.2,0.85,0.54
1346.38,38,0,0.8,0.62,0,0.78,0.82,0,1,0.68,0.82,1.05,0.69,0.2,0.85,0.54
1347.38,38,0,0.8,0.62,0,0.79,0.82,0,1,0.69,0.82,1.05,0.69,0.2,0.86,0.54
1348.4,38,0,0.8,0.61,0,0.79,0.81,0,1,0.68,0.82,1.04,0.69,0.2,0.85,0.53
1349.4,38,0,0.79,0.61,0,0.78,0.82,0,1,0.67,0.82,1.04,0.68,0.2,0.84,0.53
1350.4,38,0,0.81,0.61,0,0.79,0.82,0,1,0.68,0.83,1.05,0.69,0.2,0.85,0.54
1351.4,38,0,0.79,0.61,0,0.78,0.81,0,1,0.67,0.82,1.04,0.69,0.2,0.84,0.53
1352.4,38,0,0.81,0.62,0,0.79,0.82,0,1,0.69,0.83,1.05,0.69,0.21,0.85,0.53
