Time,T,OTU1_R1,OTU2_R1,OTU3_R1,OTU1_R2,OTU2_R2,OTU3_R2,OTU1_R3,OTU2_R3,OTU3_R3,OTU1_R4,OTU2_R4,OTU3_R4,OTU1_R5,OTU2_R5,OTU3_R5
0.03,22,9.29,9.27,8.49,9.17,9.21,8.949999999999998,10.64,8.68,8.96,8.62,9.11,8.15,8.91,8.96,8.41
1.03,22,9.35,9.33,8.59,9.24,9.29,9.01,10.7,8.73,9.04,8.68,9.19,8.25,8.96,9.03,8.5
2.03,22,9.43,9.43,8.68,9.32,9.39,9.08,10.77,8.81,9.13,8.75,9.25,8.34,9.03,9.09,8.56
3.03,22,9.5,9.51,8.77,9.4,9.48,9.2,10.85,8.88,9.23,8.81,9.33,8.43,9.12,9.16,8.67
4.03,22,9.51,9.59,8.85,9.45,9.52,9.24,10.89,8.92,9.29,8.89,9.4,8.49,9.16,9.21,8.71
5.03,22,9.56,9.66,8.93,9.51,9.6,9.33,10.98,8.99,9.36,8.93,9.44,8.55,9.19,9.27,8.77
6.03,22,9.6,9.73,9,9.56,9.67,9.41,11.04,9.05,9.43,9,9.51,8.63,9.25,9.31,8.83
7.03,22,9.64,9.78,9.08,9.63,9.74,9.48,11.06,9.12,9.51,9.05,9.55,8.699999999999998,9.31,9.36,8.89
8.029999999999998,22,9.7,9.84,9.12,9.67,9.79,9.55,11.12,9.17,9.55,9.09,9.6,8.75,9.33,9.4,8.949999999999998
9.03,22,9.74,9.89,9.19,9.73,9.85,9.62,11.18,9.23,9.6,9.13,9.66,8.81,9.39,9.45,9
10.03,22,9.79,9.93,9.25,9.79,9.9,9.64,11.24,9.29,9.67,9.19,9.73,8.87,9.44,9.48,9.05
11.03,22,9.84,9.99,9.31,9.82,9.94,9.7,11.28,9.33,9.71,9.23,9.78,8.91,9.47,9.5,9.08
12.03,22,9.85,10.01,9.33,9.86,9.99,9.75,11.31,9.37,9.75,9.25,9.81,8.949999999999998,9.5,9.55,9.15
13.03,22,9.9,10.07,9.39,9.9,10.05,9.79,11.37,9.43,9.82,9.31,9.88,9.01,9.54,9.59,9.19
14.03,22,9.92,10.08,9.44,9.94,10.1,9.85,11.39,9.45,9.85,9.33,9.9,9.05,9.56,9.64,9.2
15.03,22,9.96,10.12,9.5,9.99,10.14,9.88,11.44,9.5,9.88,9.36,9.94,9.08,9.6,9.67,9.24
16.03,22,9.97,10.15,9.52,10.01,10.15,9.93,11.47,9.47,9.92,9.39,9.94,9.11,9.63,9.69,9.28
17.03,22,9.97,10.12,9.54,10.04,10.17,9.94,11.5,9.5,9.92,9.4,9.93,9.12,9.64,9.7,9.31
18.05,22,9.99,10.17,9.56,10.05,10.19,9.96,11.51,9.52,9.97,9.43,9.97,9.16,9.63,9.73,9.32
19.05,22,10,10.18,9.58,10.08,10.22,10,11.51,9.55,9.99,9.44,10.01,9.17,9.66,9.74,9.35
20.05,22,10.03,10.21,9.63,10.11,10.26,10.04,11.54,9.59,10.01,9.48,10.05,9.21,9.7,9.77,9.39
21.05,22,10.03,10.19,9.62,10.14,10.28,10.07,11.58,9.62,10.04,9.5,10.08,9.23,9.71,9.78,9.4
22.05,22,10.03,10.19,9.64,10.15,10.32,10.08,11.6,9.66,10.05,9.51,10.11,9.25,9.7,9.78,9.41
23.05,22,10.05,10.22,9.69,10.18,10.35,10.14,11.64,9.71,10.1,9.54,10.14,9.29,9.74,9.84,9.44
24.05,22,10.05,10.25,9.7,10.21,10.36,10.15,11.66,9.75,10.12,9.56,10.19,9.31,9.75,9.85,9.47
25.05,22,10.05,10.23,9.71,10.21,10.39,10.17,11.67,9.78,10.14,9.58,10.19,9.32,9.74,9.84,9.47
26.07,22,10.08,10.26,9.75,10.25,10.44,10.21,11.68,9.82,10.17,9.6,10.23,9.36,9.78,9.88,9.51
27.07,22,10.1,10.28,9.75,10.25,10.47,10.22,11.71,9.84,10.17,9.63,10.26,9.37,9.79,9.89,9.52
28.07,22,10.1,10.26,9.78,10.25,10.47,10.23,11.73,9.86,10.21,9.63,10.29,9.37,9.82,9.89,9.52
29.07,22,10.11,10.29,9.79,10.26,10.51,10.26,11.74,9.88,10.22,9.66,10.32,9.41,9.84,9.93,9.55
30.07,22,10.1,10.28,9.81,10.28,10.51,10.26,11.74,9.89,10.22,9.66,10.33,9.4,9.84,9.93,9.58
31.07,22,10.12,10.29,9.82,10.29,10.53,10.3,11.77,9.93,10.25,9.69,10.35,9.44,9.84,9.93,9.59
32.07,22,10.12,10.3,9.84,10.33,10.54,10.32,11.8,9.96,10.26,9.7,10.36,9.45,9.86,9.96,9.6
33.07,22,10.12,10.3,9.84,10.33,10.57,10.33,11.8,9.97,10.28,9.71,10.4,9.45,9.86,9.96,9.62
34.07,22,10.15,10.32,9.88,10.36,10.61,10.37,11.83,10.01,10.32,9.74,10.42,9.48,9.9,9.99,9.64
35.07,22,10.15,10.33,9.89,10.39,10.63,10.39,11.86,10.05,10.33,9.77,10.47,9.52,9.92,10.01,9.67
36.07,22,10.15,10.32,9.89,10.39,10.63,10.37,11.85,10.04,10.33,9.77,10.46,9.51,9.93,10,9.66
37.07,22,10.17,10.36,9.9,10.43,10.65,10.42,11.87,10.08,10.35,9.78,10.49,9.55,9.94,10.01,9.69
38.07,22,10.14,10.32,9.89,10.42,10.64,10.39,11.87,10.1,10.36,9.77,10.5,9.54,9.94,10.01,9.7
39.08,22,10.12,10.32,9.89,10.4,10.65,10.43,11.89,10.11,10.37,9.77,10.53,9.54,9.93,10,9.7
40.08,22,10.12,10.32,9.9,10.44,10.67,10.43,11.9,10.14,10.36,9.78,10.53,9.55,9.93,10,9.7
41.08,22,10.12,10.32,9.9,10.46,10.7,10.46,11.92,10.14,10.39,9.81,10.56,9.56,9.96,10.03,9.73
42.08,22,10.12,10.33,9.9,10.46,10.7,10.44,11.9,10.15,10.39,9.78,10.54,9.56,9.94,10.04,9.71
43.08,22,10.11,10.3,9.9,10.46,10.7,10.44,11.9,10.17,10.37,9.81,10.56,9.56,9.94,10.03,9.73
44.08,22,10.11,10.33,9.9,10.46,10.7,10.47,11.93,10.21,10.4,9.81,10.58,9.58,9.94,10.04,9.74
45.1,22,10.12,10.33,9.92,10.47,10.71,10.49,11.95,10.22,10.4,9.82,10.58,9.58,9.96,10.05,9.73
46.1,22,10.11,10.3,9.9,10.47,10.71,10.47,11.93,10.22,10.4,9.81,10.6,9.58,9.94,10.05,9.74
47.1,22,10.12,10.35,9.92,10.46,10.72,10.47,11.95,10.23,10.43,9.85,10.63,9.59,9.96,10.05,9.75
48.1,22,10.14,10.35,9.93,10.47,10.74,10.51,11.96,10.26,10.44,9.84,10.64,9.59,9.96,10.07,9.75
49.12,22,10.12,10.33,9.92,10.49,10.74,10.49,11.95,10.26,10.43,9.82,10.63,9.6,9.97,10.05,9.77
50.12,22,10.14,10.33,9.93,10.5,10.75,10.53,11.96,10.28,10.43,9.86,10.64,9.6,9.96,10.07,9.77
51.12,22,10.14,10.33,9.94,10.49,10.75,10.5,11.98,10.3,10.44,9.85,10.65,9.6,9.99,10.05,9.78
52.12,22,10.15,10.32,9.94,10.49,10.75,10.5,11.98,10.29,10.46,9.86,10.65,9.62,10,10.05,9.78
53.12,22,10.15,10.33,9.96,10.5,10.77,10.51,11.99,10.32,10.47,9.88,10.68,9.63,10,10.08,9.81
54.12,22,10.15,10.35,9.96,10.51,10.75,10.51,11.99,10.33,10.47,9.88,10.68,9.63,10,10.07,9.79
55.13,22,10.15,10.33,9.96,10.51,10.78,10.53,11.98,10.35,10.47,9.88,10.68,9.63,10,10.08,9.81
56.13,22,10.17,10.35,9.97,10.51,10.79,10.54,12.01,10.35,10.47,9.89,10.7,9.64,10.01,10.1,9.81
57.13,22,10.15,10.36,9.99,10.53,10.79,10.56,12.04,10.36,10.49,9.9,10.71,9.64,10.03,10.1,9.82
58.13,22,10.15,10.35,9.99,10.54,10.79,10.56,12.01,10.37,10.5,9.89,10.7,9.64,10.01,10.08,9.82
59.15,22,10.12,10.33,9.96,10.53,10.79,10.56,12.02,10.36,10.47,9.89,10.72,9.64,10.01,10.1,9.81
60.15,22,10.11,10.36,9.96,10.53,10.78,10.54,12.02,10.36,10.49,9.89,10.72,9.64,10,10.08,9.82
61.15,22,10.11,10.37,9.93,10.53,10.81,10.54,12.02,10.36,10.49,9.89,10.72,9.66,10.01,10.07,9.82
62.15,22,10.1,10.39,9.93,10.53,10.79,10.56,12.01,10.36,10.47,9.88,10.74,9.66,10.01,10.08,9.82
63.17,22,10.1,10.39,9.92,10.53,10.79,10.56,11.99,10.37,10.49,9.88,10.71,9.63,10.01,10.07,9.82
64.17,22,10.1,10.4,9.93,10.54,10.78,10.53,12.01,10.37,10.49,9.89,10.71,9.66,10,10.05,9.81
65.17,22,10.1,10.4,9.94,10.57,10.81,10.54,12.02,10.37,10.5,9.89,10.75,9.67,10.03,10.08,9.84
66.17,22,10.08,10.39,9.92,10.53,10.79,10.54,12.01,10.37,10.49,9.88,10.74,9.66,10.01,10.07,9.84
67.18,22,10.07,10.37,9.92,10.54,10.79,10.51,12.01,10.36,10.49,9.88,10.74,9.66,10,10.07,9.81
68.18,22,10.08,10.36,9.94,10.56,10.81,10.54,12.02,10.39,10.51,9.9,10.77,9.66,10.01,10.08,9.85
69.18,22,10.07,10.33,9.92,10.53,10.79,10.5,12.02,10.39,10.49,9.88,10.74,9.66,10,10.07,9.82
70.18,22,10.08,10.35,9.93,10.56,10.81,10.54,12.02,10.39,10.51,9.9,10.75,9.66,10.01,10.07,9.84
71.18,22,10.1,10.35,9.94,10.56,10.82,10.53,12.04,10.4,10.5,9.9,10.77,9.67,10.03,10.05,9.85
72.2,22,10.08,10.33,9.93,10.56,10.81,10.56,12.04,10.39,10.5,9.9,10.75,9.67,10.01,10.07,9.84
73.2,22,10.1,10.33,9.94,10.56,10.82,10.56,12.04,10.4,10.51,9.9,10.78,9.67,10.03,10.07,9.85
74.2,22,10.1,10.33,9.94,10.56,10.79,10.54,12.04,10.4,10.5,9.92,10.77,9.67,10.04,10.07,9.85
75.2,22,10.11,10.3,9.96,10.57,10.82,10.56,12.05,10.42,10.51,9.92,10.79,9.67,10.04,10.07,9.86
76.2,22,10.1,10.32,9.96,10.57,10.82,10.54,12.05,10.42,10.53,9.92,10.78,9.66,10.04,10.07,9.85
77.22,22,10.1,10.3,9.93,10.56,10.82,10.56,12.05,10.42,10.51,9.9,10.79,9.67,10.04,10.07,9.85
78.22,22,10.08,10.35,9.9,10.56,10.81,10.54,12.05,10.42,10.5,9.89,10.78,9.66,10.01,10.05,9.85
79.22,22,10.07,10.36,9.92,10.54,10.79,10.53,12.02,10.39,10.5,9.88,10.78,9.64,10.01,10.03,9.84
80.22,22,10.08,10.39,9.92,10.56,10.79,10.54,12.02,10.42,10.49,9.88,10.79,9.66,10.01,10.03,9.85
81.22,22,10.08,10.4,9.92,10.54,10.81,10.54,12.01,10.42,10.51,9.89,10.79,9.66,10.03,10.04,9.85
82.22,22,10.07,10.39,9.92,10.53,10.79,10.5,12.04,10.4,10.5,9.88,10.78,9.64,10.01,10.03,9.82
83.22,22,10.05,10.39,9.9,10.5,10.78,10.49,12.01,10.37,10.49,9.86,10.77,9.63,9.99,10.01,9.82
84.22,22,10.05,10.37,9.9,10.53,10.78,10.5,12.02,10.39,10.5,9.88,10.78,9.64,10.01,10.01,9.82
85.22,22,10.05,10.39,9.92,10.53,10.78,10.51,12.01,10.39,10.5,9.88,10.77,9.63,10.01,10.01,9.84
86.22,22,10.03,10.36,9.92,10.51,10.78,10.51,12.01,10.36,10.49,9.88,10.77,9.64,10,10,9.84
87.22,22,10.03,10.36,9.92,10.51,10.78,10.53,12.01,10.37,10.5,9.88,10.78,9.64,10,10.01,9.82
88.22,22,10.04,10.33,9.92,10.5,10.79,10.53,12.02,10.37,10.5,9.88,10.79,9.64,10.01,10.01,9.82
89.22,22,10.01,10.32,9.9,10.5,10.77,10.47,11.99,10.36,10.47,9.85,10.77,9.63,10,9.99,9.81
90.22,22,10.03,10.3,9.92,10.51,10.77,10.51,12.02,10.36,10.5,9.88,10.78,9.64,9.99,10,9.84
91.22,22,10.01,10.29,9.92,10.5,10.77,10.5,12.01,10.37,10.49,9.86,10.78,9.63,10,10.01,9.82
92.22,22,10.03,10.28,9.93,10.51,10.78,10.5,11.99,10.36,10.49,9.86,10.78,9.63,10,9.99,9.84
93.22,22,10.01,10.26,9.92,10.51,10.75,10.5,12.01,10.37,10.47,9.86,10.77,9.63,9.97,9.99,9.81
94.22,22,10.01,10.26,9.9,10.5,10.75,10.49,11.99,10.35,10.47,9.85,10.75,9.62,10,9.99,9.81
95.22,22,10.03,10.26,9.92,10.5,10.77,10.5,11.99,10.37,10.5,9.86,10.78,9.63,10,10,9.84
96.22,22,10.01,10.23,9.89,10.49,10.75,10.49,11.98,10.35,10.47,9.86,10.75,9.62,9.99,9.99,9.82
97.23,22,10,10.25,9.89,10.5,10.74,10.5,11.98,10.36,10.47,9.86,10.77,9.62,9.99,9.99,9.82
98.23,22,10,10.29,9.88,10.49,10.74,10.49,11.99,10.36,10.46,9.85,10.77,9.6,9.99,9.97,9.81
99.23,22,10.01,10.29,9.89,10.49,10.74,10.49,11.96,10.35,10.44,9.82,10.77,9.6,9.97,9.97,9.81
100.23,22,10.03,10.35,9.89,10.49,10.74,10.47,11.99,10.36,10.47,9.85,10.77,9.62,9.97,9.96,9.81
101.25,22,10.01,10.32,9.89,10.46,10.75,10.47,11.98,10.33,10.47,9.85,10.74,9.6,9.97,9.93,9.79
102.25,22,10,10.3,9.89,10.47,10.74,10.46,11.98,10.33,10.47,9.84,10.74,9.59,9.96,9.93,9.79
103.25,22,10,10.3,9.88,10.46,10.74,10.47,11.96,10.3,10.46,9.84,10.75,9.59,9.96,9.92,9.78
104.27,22,10,10.32,9.88,10.46,10.74,10.46,11.96,10.32,10.46,9.82,10.74,9.59,9.96,9.9,9.79
105.27,22,9.97,10.3,9.88,10.47,10.74,10.47,11.96,10.3,10.44,9.82,10.72,9.58,9.96,9.88,9.78
106.27,22,9.96,10.29,9.89,10.44,10.72,10.47,11.96,10.32,10.46,9.84,10.72,9.59,9.96,9.89,9.78
107.27,22,9.99,10.28,9.9,10.49,10.74,10.5,11.96,10.32,10.47,9.85,10.74,9.59,9.97,9.9,9.79
108.28,22,9.96,10.25,9.89,10.46,10.72,10.49,11.93,10.3,10.44,9.82,10.71,9.58,9.96,9.86,9.78
109.28,22,9.97,10.25,9.88,10.47,10.72,10.47,11.96,10.29,10.46,9.82,10.72,9.58,9.96,9.88,9.78
110.28,22,9.97,10.23,9.9,10.49,10.72,10.49,11.98,10.3,10.47,9.85,10.74,9.59,9.97,9.88,9.78
111.28,22,9.96,10.22,9.9,10.49,10.72,10.49,11.96,10.29,10.46,9.82,10.72,9.58,9.97,9.89,9.78
112.28,22,9.97,10.18,9.89,10.46,10.72,10.49,11.96,10.29,10.46,9.82,10.71,9.58,9.96,9.86,9.78
113.3,22,9.97,10.19,9.89,10.49,10.72,10.49,11.96,10.29,10.47,9.84,10.72,9.58,9.96,9.89,9.79
114.3,22,9.94,10.18,9.89,10.46,10.71,10.47,11.95,10.26,10.44,9.81,10.71,9.56,9.94,9.88,9.79
115.3,22,9.93,10.17,9.85,10.46,10.71,10.46,11.95,10.28,10.43,9.81,10.71,9.56,9.94,9.88,9.77
116.3,22,9.94,10.22,9.85,10.46,10.7,10.44,11.95,10.26,10.44,9.78,10.71,9.56,9.93,9.88,9.77
117.32,22,9.96,10.23,9.86,10.46,10.7,10.44,11.93,10.26,10.42,9.79,10.7,9.56,9.94,9.86,9.77
118.32,22,9.96,10.25,9.86,10.44,10.68,10.44,11.92,10.26,10.42,9.79,10.7,9.55,9.93,9.84,9.75
119.32,22,9.96,10.25,9.86,10.44,10.68,10.44,11.9,10.25,10.43,9.78,10.68,9.55,9.93,9.84,9.75
120.32,22,9.94,10.25,9.86,10.44,10.68,10.44,11.93,10.23,10.43,9.78,10.67,9.54,9.94,9.81,9.74
121.33,22,9.93,10.25,9.85,10.44,10.68,10.46,11.93,10.25,10.43,9.78,10.67,9.55,9.92,9.79,9.74
122.33,22,9.94,10.22,9.88,10.44,10.7,10.46,11.93,10.25,10.43,9.79,10.67,9.52,9.94,9.81,9.75
123.33,22,9.92,10.21,9.85,10.44,10.7,10.44,11.9,10.23,10.43,9.78,10.65,9.52,9.93,9.78,9.74
124.33,22,9.92,10.21,9.85,10.44,10.7,10.47,11.93,10.25,10.42,9.79,10.64,9.54,9.93,9.78,9.74
125.33,22,9.89,10.18,9.85,10.43,10.68,10.44,11.9,10.23,10.42,9.78,10.63,9.51,9.92,9.78,9.73
126.35,22,9.9,10.18,9.85,10.44,10.7,10.46,11.93,10.25,10.43,9.79,10.63,9.52,9.92,9.78,9.74
127.35,22,9.9,10.17,9.85,10.44,10.7,10.46,11.93,10.23,10.43,9.78,10.63,9.52,9.92,9.77,9.74
128.35,22,9.89,10.15,9.85,10.44,10.68,10.43,11.92,10.23,10.42,9.78,10.61,9.5,9.93,9.78,9.73
129.35,22,9.88,10.12,9.85,10.42,10.67,10.44,11.9,10.22,10.42,9.77,10.6,9.51,9.9,9.75,9.73
130.35,22,9.89,10.12,9.85,10.43,10.68,10.43,11.92,10.23,10.42,9.77,10.61,9.51,9.93,9.77,9.74
131.35,22,9.89,10.12,9.86,10.44,10.68,10.46,11.93,10.22,10.42,9.77,10.63,9.52,9.9,9.74,9.74
132.37,22,9.89,10.08,9.85,10.44,10.68,10.42,11.89,10.22,10.4,9.77,10.6,9.51,9.9,9.74,9.73
133.37,22,9.88,10.11,9.84,10.43,10.67,10.43,11.92,10.22,10.4,9.77,10.6,9.51,9.92,9.75,9.74
134.37,22,9.88,10.15,9.81,10.43,10.65,10.42,11.89,10.21,10.37,9.74,10.6,9.47,9.88,9.73,9.71
135.37,22,9.89,10.15,9.82,10.42,10.65,10.42,11.89,10.19,10.39,9.73,10.58,9.5,9.89,9.71,9.7
136.37,22,9.88,10.19,9.82,10.42,10.65,10.4,11.89,10.19,10.39,9.74,10.57,9.5,9.88,9.71,9.7
137.37,22,9.89,10.18,9.82,10.42,10.67,10.42,11.89,10.21,10.39,9.75,10.57,9.5,9.89,9.7,9.71
138.38,22,9.88,10.18,9.82,10.4,10.67,10.42,11.87,10.21,10.39,9.75,10.54,9.5,9.88,9.67,9.7
139.38,22,9.88,10.18,9.81,10.42,10.65,10.42,11.89,10.19,10.37,9.75,10.54,9.48,9.9,9.69,9.7
140.38,22,9.86,10.15,9.81,10.4,10.65,10.43,11.89,10.21,10.37,9.74,10.54,9.47,9.88,9.69,9.7
141.38,22,9.86,10.14,9.81,10.4,10.67,10.42,11.89,10.19,10.36,9.74,10.54,9.47,9.89,9.67,9.7
142.38,22,9.85,10.11,9.81,10.42,10.65,10.4,11.87,10.19,10.37,9.74,10.51,9.47,9.88,9.7,9.69
143.4,22,9.84,10.11,9.79,10.4,10.64,10.43,11.86,10.19,10.37,9.73,10.5,9.45,9.86,9.64,9.69
144.4,22,9.84,10.11,9.82,10.43,10.65,10.42,11.87,10.21,10.39,9.74,10.53,9.45,9.88,9.7,9.7
145.4,22,9.84,10.08,9.81,10.4,10.65,10.42,11.87,10.19,10.36,9.71,10.51,9.45,9.86,9.67,9.69
146.4,22,9.82,10.07,9.81,10.4,10.63,10.42,11.87,10.21,10.37,9.73,10.51,9.45,9.88,9.69,9.69
147.4,22,9.81,10.05,9.79,10.4,10.63,10.42,11.85,10.19,10.36,9.71,10.5,9.44,9.86,9.66,9.69
148.42,22,9.81,10.04,9.79,10.42,10.63,10.42,11.86,10.21,10.37,9.73,10.49,9.45,9.86,9.66,9.69
149.42,22,9.81,10.04,9.79,10.42,10.61,10.39,11.86,10.19,10.36,9.71,10.49,9.44,9.86,9.67,9.67
150.42,22,9.82,10.03,9.79,10.42,10.63,10.37,11.86,10.19,10.36,9.71,10.49,9.45,9.86,9.66,9.69
151.42,22,9.81,10.01,9.79,10.42,10.63,10.4,11.86,10.21,10.35,9.71,10.49,9.43,9.88,9.66,9.69
152.42,22,9.79,10,9.78,10.4,10.6,10.39,11.83,10.18,10.35,9.7,10.47,9.44,9.85,9.64,9.67
153.42,22,9.78,10.01,9.75,10.37,10.58,10.36,11.83,10.17,10.33,9.67,10.44,9.41,9.82,9.63,9.66
154.43,22,9.81,10.08,9.77,10.37,10.58,10.37,11.82,10.17,10.35,9.69,10.44,9.43,9.84,9.63,9.64
155.43,22,9.82,10.1,9.77,10.37,10.6,10.37,11.82,10.17,10.33,9.69,10.46,9.43,9.85,9.62,9.63
156.43,22,9.82,10.08,9.75,10.39,10.61,10.39,11.82,10.17,10.33,9.7,10.44,9.45,9.84,9.59,9.66
157.43,22,9.82,10.1,9.77,10.39,10.63,10.39,11.83,10.17,10.33,9.7,10.43,9.43,9.84,9.58,9.66
158.45,22,9.81,10.07,9.78,10.39,10.61,10.36,11.85,10.17,10.33,9.7,10.43,9.41,9.82,9.58,9.66
159.45,22,9.78,10.07,9.75,10.37,10.58,10.36,11.83,10.17,10.33,9.69,10.4,9.41,9.82,9.58,9.64
160.45,22,9.78,10.05,9.75,10.37,10.58,10.36,11.8,10.17,10.32,9.67,10.39,9.41,9.84,9.59,9.63
161.45,22,9.77,10.04,9.75,10.37,10.58,10.36,11.83,10.15,10.32,9.69,10.39,9.41,9.84,9.58,9.63
162.45,22,9.77,10.01,9.75,10.36,10.58,10.36,11.8,10.17,10.3,9.67,10.37,9.39,9.82,9.59,9.62
163.47,22,9.75,10,9.75,10.36,10.58,10.36,11.82,10.17,10.32,9.67,10.37,9.4,9.82,9.59,9.64
164.47,22,9.75,10,9.74,10.37,10.56,10.36,11.8,10.17,10.3,9.67,10.36,9.4,9.82,9.59,9.63
165.47,22,9.75,9.97,9.75,10.36,10.57,10.36,11.8,10.17,10.32,9.66,10.36,9.4,9.81,9.56,9.63
166.47,22,9.74,9.97,9.73,10.35,10.56,10.33,11.82,10.15,10.3,9.64,10.35,9.37,9.81,9.56,9.63
167.48,22,9.73,9.93,9.74,10.33,10.56,10.33,11.79,10.17,10.29,9.64,10.32,9.37,9.79,9.56,9.62
168.48,22,9.74,9.94,9.74,10.36,10.56,10.35,11.77,10.17,10.29,9.66,10.35,9.37,9.81,9.56,9.62
169.48,22,9.73,9.92,9.73,10.36,10.54,10.35,11.79,10.15,10.28,9.63,10.33,9.37,9.79,9.56,9.62
170.48,22,9.73,9.92,9.74,10.33,10.54,10.35,11.77,10.15,10.29,9.64,10.32,9.36,9.78,9.56,9.62
171.5,22,9.71,9.92,9.71,10.35,10.53,10.32,11.77,10.12,10.28,9.63,10.32,9.36,9.78,9.55,9.6
172.5,22,9.71,9.93,9.71,10.35,10.53,10.32,11.77,10.15,10.28,9.63,10.32,9.37,9.77,9.54,9.62
173.5,22,9.73,9.96,9.7,10.33,10.5,10.3,11.74,10.12,10.26,9.6,10.3,9.35,9.78,9.52,9.58
174.5,22,9.73,9.99,9.71,10.32,10.5,10.29,11.76,10.11,10.26,9.6,10.29,9.37,9.77,9.5,9.58
175.5,22,9.73,10,9.71,10.33,10.53,10.3,11.76,10.11,10.26,9.62,10.29,9.37,9.78,9.51,9.59
176.52,22,9.74,9.99,9.71,10.33,10.53,10.32,11.76,10.1,10.28,9.63,10.28,9.36,9.78,9.51,9.6
177.52,22,9.71,9.99,9.7,10.32,10.53,10.3,11.77,10.1,10.26,9.62,10.26,9.36,9.77,9.47,9.59
178.52,22,9.71,9.96,9.73,10.33,10.53,10.3,11.76,10.11,10.25,9.6,10.25,9.35,9.77,9.47,9.58
179.52,22,9.7,9.96,9.69,10.32,10.51,10.32,11.76,10.11,10.26,9.6,10.25,9.35,9.77,9.5,9.58
180.52,22,9.7,9.94,9.7,10.33,10.51,10.32,11.76,10.11,10.26,9.6,10.23,9.35,9.77,9.5,9.59
181.53,22,9.69,9.9,9.69,10.32,10.5,10.29,11.74,10.11,10.25,9.59,10.22,9.33,9.75,9.48,9.56
182.53,22,9.69,9.92,9.7,10.32,10.51,10.3,11.76,10.12,10.26,9.62,10.22,9.35,9.75,9.5,9.58
183.53,22,9.64,9.88,9.67,10.3,10.49,10.28,11.71,10.1,10.23,9.58,10.21,9.32,9.73,9.47,9.55
184.53,22,9.66,9.89,9.69,10.3,10.5,10.29,11.73,10.1,10.23,9.59,10.18,9.33,9.74,9.48,9.55
185.53,22,9.67,9.88,9.69,10.3,10.49,10.28,11.74,10.1,10.23,9.59,10.18,9.33,9.74,9.47,9.55
186.55,22,9.66,9.86,9.67,10.29,10.47,10.26,11.71,10.1,10.23,9.58,10.18,9.31,9.73,9.47,9.55
187.55,22,9.66,9.85,9.67,10.29,10.47,10.28,11.7,10.08,10.22,9.58,10.18,9.31,9.73,9.47,9.55
188.55,22,9.66,9.84,9.69,10.29,10.46,10.26,11.7,10.07,10.21,9.54,10.17,9.29,9.73,9.45,9.55
189.55,22,9.64,9.82,9.67,10.29,10.46,10.28,11.7,10.08,10.21,9.55,10.18,9.29,9.73,9.45,9.55
190.55,22,9.63,9.84,9.64,10.28,10.44,10.23,11.7,10.08,10.22,9.54,10.17,9.29,9.7,9.44,9.54
191.55,22,9.64,9.86,9.64,10.26,10.43,10.25,11.67,10.05,10.18,9.54,10.15,9.28,9.71,9.44,9.51
192.57,22,9.66,9.89,9.67,10.28,10.44,10.26,11.68,10.04,10.22,9.54,10.14,9.32,9.71,9.43,9.54
193.57,22,9.66,9.9,9.66,10.28,10.44,10.26,11.68,10.04,10.21,9.54,10.14,9.31,9.71,9.41,9.52
194.57,22,9.64,9.89,9.64,10.26,10.46,10.26,11.67,10.05,10.21,9.55,10.12,9.31,9.71,9.39,9.54
195.57,22,9.64,9.89,9.64,10.29,10.46,10.26,11.7,10.05,10.22,9.54,10.11,9.29,9.71,9.4,9.52
196.57,22,9.64,9.89,9.64,10.28,10.46,10.26,11.68,10.05,10.21,9.55,10.08,9.28,9.7,9.4,9.51
197.57,22,9.63,9.86,9.63,10.25,10.43,10.26,11.67,10.04,10.21,9.54,10.08,9.27,9.69,9.37,9.51
198.57,22,9.62,9.85,9.64,10.26,10.44,10.25,11.68,10.05,10.21,9.54,10.08,9.28,9.7,9.4,9.52
199.57,22,9.6,9.85,9.62,10.25,10.43,10.25,11.66,10.04,10.19,9.54,10.05,9.28,9.69,9.37,9.5
200.57,22,9.59,9.82,9.63,10.25,10.42,10.23,11.67,10.04,10.18,9.54,10.04,9.27,9.69,9.39,9.5
201.57,22,9.59,9.79,9.62,10.23,10.43,10.25,11.64,10.04,10.18,9.52,10.03,9.25,9.67,9.39,9.5
202.57,22,9.58,9.78,9.6,10.22,10.4,10.22,11.64,10.03,10.18,9.51,10.03,9.25,9.67,9.37,9.48
203.58,22,9.58,9.77,9.6,10.23,10.4,10.22,11.64,10.03,10.17,9.5,10,9.23,9.64,9.37,9.48
204.58,22,9.58,9.75,9.6,10.22,10.39,10.19,11.64,10,10.17,9.51,10.01,9.25,9.66,9.37,9.48
205.6,22,9.58,9.75,9.6,10.23,10.37,10.19,11.61,10.01,10.15,9.5,10,9.24,9.64,9.37,9.48
206.6,22,9.56,9.73,9.6,10.22,10.37,10.21,11.61,10,10.15,9.48,10,9.23,9.64,9.37,9.48
207.6,22,9.56,9.73,9.6,10.22,10.36,10.19,11.6,10,10.15,9.48,10.01,9.21,9.66,9.36,9.48
208.6,22,9.52,9.71,9.56,10.21,10.35,10.18,11.6,9.99,10.14,9.45,9.99,9.21,9.62,9.35,9.45
209.62,22,9.56,9.77,9.58,10.21,10.36,10.17,11.6,9.96,10.12,9.45,9.99,9.21,9.63,9.33,9.45
210.62,22,9.56,9.77,9.58,10.18,10.35,10.18,11.57,9.96,10.12,9.45,9.96,9.21,9.6,9.32,9.43
211.63,22,9.59,9.79,9.6,10.19,10.37,10.21,11.6,9.96,10.15,9.48,9.99,9.24,9.63,9.31,9.44
212.63,22,9.58,9.79,9.58,10.21,10.37,10.19,11.61,9.96,10.12,9.47,9.96,9.23,9.62,9.29,9.44
213.65,22,9.55,9.78,9.58,10.19,10.36,10.18,11.6,9.93,10.12,9.47,9.93,9.21,9.62,9.29,9.44
214.65,22,9.55,9.75,9.58,10.19,10.36,10.19,11.6,9.94,10.14,9.47,9.93,9.21,9.63,9.28,9.44
215.65,22,9.55,9.77,9.56,10.19,10.36,10.18,11.58,9.96,10.14,9.47,9.92,9.21,9.62,9.28,9.43
216.65,22,9.54,9.74,9.58,10.19,10.35,10.18,11.6,9.96,10.12,9.45,9.9,9.2,9.63,9.29,9.43
217.67,22,9.52,9.71,9.58,10.18,10.35,10.18,11.6,9.96,10.12,9.45,9.89,9.2,9.6,9.29,9.44
218.67,22,9.51,9.71,9.56,10.18,10.35,10.17,11.58,9.96,10.12,9.44,9.88,9.2,9.62,9.29,9.43
219.67,22,9.51,9.7,9.55,10.17,10.33,10.17,11.57,9.93,10.11,9.43,9.86,9.19,9.59,9.29,9.43
220.67,22,9.51,9.69,9.55,10.18,10.33,10.15,11.55,9.94,10.11,9.44,9.86,9.17,9.6,9.28,9.41
221.67,22,9.51,9.64,9.56,10.17,10.29,10.17,11.57,9.93,10.1,9.44,9.86,9.17,9.59,9.28,9.43
222.67,22,9.5,9.64,9.54,10.17,10.32,10.14,11.55,9.94,10.1,9.41,9.85,9.17,9.59,9.28,9.41
223.68,22,9.48,9.64,9.54,10.17,10.3,10.14,11.55,9.92,10.1,9.41,9.86,9.16,9.58,9.27,9.41
224.68,22,9.48,9.62,9.52,10.14,10.28,10.12,11.52,9.9,10.07,9.39,9.85,9.13,9.56,9.25,9.4
225.68,22,9.45,9.6,9.51,10.14,10.26,10.11,11.52,9.9,10.08,9.4,9.85,9.13,9.56,9.27,9.4
226.68,22,9.45,9.63,9.5,10.11,10.23,10.1,11.48,9.86,10.04,9.37,9.84,9.11,9.52,9.21,9.36
227.68,22,9.48,9.69,9.51,10.12,10.25,10.11,11.5,9.88,10.07,9.37,9.84,9.15,9.55,9.24,9.36
228.68,22,9.5,9.69,9.51,10.11,10.26,10.08,11.5,9.85,10.05,9.36,9.82,9.15,9.56,9.2,9.36
229.68,22,9.48,9.69,9.52,10.12,10.28,10.12,11.51,9.86,10.07,9.39,9.81,9.13,9.56,9.19,9.36
230.68,22,9.48,9.7,9.52,10.14,10.29,10.12,11.51,9.86,10.08,9.4,9.79,9.16,9.56,9.19,9.37
231.7,22,9.47,9.66,9.51,10.11,10.29,10.11,11.52,9.88,10.08,9.37,9.79,9.15,9.56,9.17,9.37
232.7,22,9.47,9.67,9.51,10.12,10.29,10.12,11.52,9.88,10.07,9.39,9.77,9.13,9.56,9.17,9.37
233.7,22,9.44,9.63,9.5,10.1,10.28,10.1,11.5,9.88,10.05,9.37,9.74,9.12,9.54,9.17,9.36
234.7,22,9.44,9.64,9.51,10.11,10.28,10.12,11.52,9.89,10.07,9.39,9.74,9.12,9.54,9.2,9.37
235.7,22,9.44,9.63,9.5,10.11,10.25,10.11,11.52,9.89,10.05,9.39,9.73,9.12,9.52,9.19,9.36
236.72,22,9.4,9.6,9.48,10.11,10.25,10.11,11.5,9.86,10.04,9.36,9.7,9.11,9.54,9.17,9.35
237.72,22,9.41,9.56,9.47,10.08,10.23,10.07,11.5,9.86,10.03,9.35,9.69,9.09,9.52,9.17,9.35
238.72,22,9.39,9.55,9.45,10.07,10.22,10.07,11.45,9.85,10.01,9.33,9.64,9.07,9.51,9.17,9.33
239.72,22,9.4,9.55,9.45,10.07,10.21,10.07,11.47,9.85,10,9.33,9.64,9.07,9.5,9.17,9.32
240.72,22,9.37,9.52,9.44,10.07,10.21,10.05,11.44,9.84,10,9.32,9.64,9.07,9.48,9.16,9.32
241.72,22,9.37,9.51,9.45,10.07,10.19,10.07,11.44,9.82,10,9.31,9.64,9.04,9.48,9.16,9.32
242.72,22,9.37,9.5,9.44,10.07,10.18,10.03,11.45,9.81,10,9.31,9.64,9.05,9.48,9.16,9.32
243.73,22,9.37,9.48,9.44,10.07,10.17,10.03,11.44,9.81,10,9.28,9.64,9.05,9.47,9.15,9.32
244.73,22,9.37,9.48,9.44,10.07,10.15,10.01,11.44,9.79,9.97,9.29,9.63,9.04,9.47,9.15,9.31
245.73,22,9.35,9.45,9.4,10.04,10.14,10.01,11.41,9.79,9.96,9.29,9.63,9.03,9.44,9.13,9.27
246.73,22,9.37,9.51,9.43,10.03,10.12,10,11.38,9.78,9.96,9.27,9.62,9.01,9.45,9.11,9.28
247.73,22,9.37,9.54,9.43,10,10.14,10,11.37,9.75,9.97,9.27,9.6,9.01,9.45,9.08,9.24
248.73,22,9.39,9.59,9.44,10.01,10.17,10.04,11.42,9.75,9.99,9.29,9.6,9.05,9.48,9.09,9.28
249.73,22,9.39,9.58,9.44,10.03,10.18,10.04,11.41,9.74,9.99,9.29,9.62,9.05,9.48,9.07,9.27
250.73,22,9.37,9.55,9.44,10.03,10.19,10.04,11.42,9.75,9.97,9.31,9.62,9.07,9.47,9.07,9.28
251.73,22,9.36,9.55,9.43,10.03,10.18,10.03,11.41,9.75,9.99,9.28,9.59,9.04,9.47,9.05,9.27
252.73,22,9.36,9.52,9.41,10.03,10.17,10.04,11.42,9.77,9.99,9.29,9.6,9.04,9.45,9.07,9.27
253.73,22,9.36,9.52,9.43,10.04,10.18,10.04,11.42,9.75,9.99,9.29,9.62,9.04,9.45,9.08,9.28
254.73,22,9.33,9.5,9.4,10,10.15,10,11.42,9.75,9.97,9.28,9.6,9.03,9.44,9.07,9.27
255.73,22,9.31,9.45,9.4,10,10.14,10,11.38,9.74,9.94,9.27,9.59,9.01,9.43,9.04,9.24
256.73,22,9.31,9.44,9.39,9.97,10.12,10,11.38,9.74,9.93,9.25,9.58,9,9.41,9.07,9.24
257.73,22,9.29,9.45,9.39,9.99,10.12,9.99,11.37,9.75,9.94,9.27,9.59,8.99,9.43,9.05,9.25
258.73,22,9.31,9.41,9.36,9.97,10.1,9.97,11.37,9.73,9.93,9.23,9.59,8.99,9.41,9.05,9.24
259.73,22,9.28,9.4,9.35,9.96,10.07,9.96,11.32,9.71,9.92,9.21,9.58,8.96,9.39,9.04,9.21
260.73,22,9.29,9.4,9.36,9.97,10.08,9.97,11.35,9.71,9.92,9.2,9.59,8.97,9.4,9.04,9.23
261.73,22,9.28,9.37,9.35,9.96,10.05,9.94,11.32,9.7,9.9,9.2,9.59,8.96,9.37,9.03,9.2
262.73,22,9.27,9.37,9.35,9.96,10.03,9.94,11.32,9.69,9.89,9.2,9.59,8.949999999999998,9.37,9.03,9.19
263.73,22,9.24,9.33,9.32,9.94,10,9.92,11.28,9.66,9.88,9.17,9.56,8.92,9.36,9.03,9.19
264.73,22,9.25,9.39,9.33,9.92,9.99,9.92,11.28,9.64,9.85,9.17,9.59,8.91,9.35,9,9.19
265.73,22,9.28,9.43,9.33,9.9,10,9.9,11.26,9.63,9.89,9.17,9.56,8.93,9.36,8.96,9.17
266.75,22,9.29,9.44,9.35,9.89,10.05,9.93,11.28,9.62,9.88,9.2,9.56,8.96,9.36,8.97,9.17
267.75,22,9.29,9.43,9.35,9.92,10.07,9.94,11.31,9.62,9.9,9.2,9.55,8.96,9.37,8.96,9.2
268.75,22,9.28,9.43,9.35,9.93,10.07,9.93,11.31,9.62,9.89,9.2,9.52,8.96,9.37,8.949999999999998,9.19
269.75,22,9.27,9.43,9.35,9.93,10.05,9.93,11.31,9.62,9.89,9.2,9.52,8.949999999999998,9.37,8.92,9.17
270.75,22,9.25,9.41,9.33,9.93,10.07,9.93,11.31,9.63,9.89,9.2,9.51,8.949999999999998,9.36,8.92,9.19
271.75,22,9.24,9.4,9.33,9.92,10.04,9.93,11.29,9.63,9.89,9.17,9.5,8.93,9.36,8.93,9.17
272.75,22,9.23,9.36,9.32,9.9,10.03,9.92,11.28,9.62,9.88,9.17,9.48,8.91,9.33,8.949999999999998,9.17
273.77,22,9.21,9.36,9.31,9.92,10.01,9.9,11.29,9.63,9.86,9.17,9.47,8.92,9.35,8.949999999999998,9.17
274.77,22,9.21,9.32,9.29,9.89,10.01,9.9,11.26,9.62,9.85,9.16,9.47,8.91,9.33,8.949999999999998,9.16
275.77,22,9.2,9.31,9.28,9.88,9.99,9.86,11.26,9.6,9.84,9.13,9.44,8.88,9.31,8.92,9.13
276.77,22,9.2,9.29,9.28,9.89,9.99,9.89,11.26,9.62,9.84,9.15,9.45,8.89,9.32,8.93,9.13
277.77,22,9.19,9.28,9.28,9.88,9.97,9.86,11.24,9.59,9.84,9.13,9.41,8.87,9.29,8.91,9.12
278.78,22,9.19,9.27,9.25,9.88,9.94,9.86,11.24,9.58,9.81,9.11,9.4,8.87,9.29,8.92,9.12
279.78,22,9.19,9.24,9.25,9.85,9.93,9.84,11.21,9.56,9.81,9.09,9.39,8.84,9.28,8.89,9.12
280.78,22,9.16,9.24,9.24,9.85,9.9,9.84,11.19,9.55,9.78,9.08,9.37,8.84,9.28,8.92,9.11
281.78,22,9.15,9.23,9.23,9.84,9.89,9.81,11.18,9.52,9.77,9.08,9.37,8.83,9.25,8.88,9.09
282.8,22,9.17,9.27,9.24,9.81,9.86,9.81,11.16,9.51,9.77,9.07,9.37,8.81,9.25,8.87,9.08
283.8,22,9.2,9.32,9.27,9.82,9.92,9.85,11.16,9.5,9.81,9.09,9.35,8.85,9.27,8.87,9.09
284.8,22,9.2,9.33,9.28,9.82,9.94,9.84,11.19,9.5,9.82,9.11,9.33,8.87,9.29,8.83,9.09
285.8,22,9.17,9.32,9.27,9.81,9.93,9.84,11.18,9.48,9.79,9.08,9.29,8.85,9.28,8.8,9.07
286.82,22,9.17,9.31,9.27,9.84,9.94,9.85,11.19,9.51,9.81,9.11,9.28,8.87,9.28,8.81,9.08
287.82,22,9.17,9.31,9.27,9.84,9.94,9.86,11.21,9.52,9.81,9.09,9.28,8.87,9.28,8.81,9.11
288.82,22,9.16,9.28,9.24,9.82,9.93,9.85,11.19,9.48,9.81,9.08,9.24,8.84,9.27,8.8,9.08
289.83,22,9.15,9.27,9.23,9.82,9.92,9.84,11.19,9.51,9.79,9.09,9.23,8.84,9.24,8.8,9.07
290.83,22,9.11,9.21,9.2,9.81,9.9,9.82,11.18,9.5,9.78,9.07,9.21,8.8,9.23,8.77,9.07
291.83,22,9.11,9.21,9.2,9.79,9.89,9.82,11.15,9.5,9.77,9.05,9.19,8.8,9.24,8.81,9.07
292.83,22,9.09,9.19,9.2,9.79,9.88,9.79,11.15,9.5,9.77,9.05,9.16,8.79,9.23,8.8,9.05
293.83,22,9.09,9.16,9.17,9.79,9.88,9.79,11.14,9.48,9.74,9.04,9.15,8.79,9.21,8.8,9.04
294.83,22,9.08,9.16,9.17,9.78,9.85,9.78,11.12,9.45,9.74,9.01,9.13,8.77,9.2,8.77,9.03
295.85,22,9.07,9.15,9.16,9.78,9.84,9.75,11.14,9.45,9.73,9.01,9.12,8.77,9.2,8.79,9.01
296.85,22,9.07,9.13,9.15,9.78,9.82,9.73,11.11,9.44,9.71,9.01,9.11,8.76,9.19,8.79,9.01
297.85,22,9.07,9.11,9.15,9.74,9.78,9.73,11.08,9.43,9.7,8.99,9.11,8.73,9.16,8.75,8.99
298.85,22,9.05,9.11,9.15,9.74,9.78,9.73,11.08,9.4,9.7,8.99,9.11,8.73,9.16,8.77,9
299.85,22,9.03,9.09,9.11,9.73,9.74,9.7,11.04,9.37,9.66,8.949999999999998,9.09,8.68,9.13,8.75,8.97
300.85,22,9.07,9.15,9.15,9.7,9.75,9.71,11.02,9.36,9.67,8.949999999999998,9.08,8.72,9.16,8.72,8.96
301.85,22,9.07,9.19,9.17,9.69,9.81,9.73,11.04,9.35,9.7,8.99,9.08,8.73,9.17,8.71,8.96
302.87,22,9.08,9.19,9.17,9.71,9.82,9.75,11.06,9.35,9.7,9,9.05,8.76,9.16,8.699999999999998,8.97
303.87,22,9.09,9.19,9.19,9.73,9.85,9.78,11.08,9.36,9.73,9,9.04,8.77,9.19,8.68,9
304.87,22,9.07,9.17,9.16,9.73,9.85,9.77,11.08,9.36,9.71,9,9,8.76,9.17,8.66,8.99
305.88,22,9.05,9.17,9.16,9.71,9.84,9.75,11.08,9.37,9.71,9,8.96,8.75,9.16,8.66,8.99
306.88,22,9.04,9.13,9.15,9.73,9.82,9.74,11.06,9.37,9.7,8.96,8.93,8.72,9.16,8.66,8.97
307.88,22,9.03,9.13,9.13,9.71,9.81,9.74,11.05,9.37,9.7,8.96,8.91,8.72,9.16,8.66,8.96
308.88,22,9.01,9.09,9.12,9.71,9.79,9.73,11.06,9.36,9.67,8.97,8.88,8.71,9.15,8.66,8.97
309.88,22,9,9.05,9.11,9.69,9.75,9.69,11.06,9.36,9.66,8.949999999999998,8.84,8.699999999999998,9.13,8.64,8.949999999999998
310.88,22,8.99,9.07,9.09,9.7,9.77,9.69,11.05,9.36,9.66,8.949999999999998,8.84,8.699999999999998,9.13,8.66,8.96
311.88,22,8.99,9.03,9.08,9.66,9.74,9.67,11.02,9.32,9.64,8.92,8.81,8.67,9.11,8.64,8.93
312.88,22,8.96,9,9.05,9.64,9.71,9.64,11.01,9.32,9.63,8.89,8.79,8.66,9.08,8.64,8.91
313.88,22,8.96,9,9.05,9.66,9.7,9.64,10.96,9.33,9.6,8.91,8.77,8.63,9.08,8.63,8.91
314.9,22,8.96,8.99,9.05,9.64,9.69,9.63,10.96,9.29,9.6,8.87,8.76,8.64,9.07,8.62,8.89
315.9,22,8.949999999999998,8.97,9.03,9.63,9.64,9.6,10.95,9.28,9.59,8.87,8.76,8.6,9.05,8.6,8.88
316.9,22,8.91,8.93,9,9.6,9.62,9.59,10.94,9.25,9.56,8.84,8.75,8.6,9.03,8.6,8.87
317.9,22,8.949999999999998,9.01,9.04,9.6,9.6,9.58,10.89,9.25,9.56,8.83,8.77,8.59,9.04,8.59,8.85
318.9,22,8.96,9.05,9.05,9.58,9.63,9.62,10.88,9.23,9.58,8.84,8.75,8.62,9.07,8.54,8.84
319.9,22,8.99,9.07,9.07,9.58,9.69,9.63,10.95,9.23,9.6,8.88,8.76,8.64,9.08,8.55,8.88
320.9,22,8.97,9.07,9.08,9.6,9.71,9.66,10.95,9.24,9.63,8.89,8.76,8.68,9.09,8.54,8.89
321.9,22,8.97,9.04,9.07,9.62,9.71,9.64,10.96,9.25,9.62,8.89,8.75,8.64,9.07,8.51,8.89
322.9,22,8.949999999999998,9.04,9.05,9.64,9.71,9.66,10.96,9.27,9.62,8.89,8.75,8.64,9.07,8.5,8.89
323.9,22,8.93,9,9.04,9.59,9.71,9.63,10.95,9.25,9.59,8.87,8.76,8.63,9.05,8.51,8.87
324.9,22,8.92,9.01,9.03,9.6,9.69,9.63,10.94,9.28,9.59,8.85,8.75,8.63,9.07,8.52,8.87
325.9,22,8.92,8.97,9.04,9.6,9.7,9.63,10.96,9.28,9.59,8.88,8.76,8.63,9.05,8.54,8.88
326.9,22,8.88,8.949999999999998,9,9.6,9.66,9.6,10.94,9.24,9.56,8.83,8.72,8.59,9.04,8.51,8.84
327.9,22,8.87,8.93,8.99,9.58,9.64,9.58,10.92,9.24,9.55,8.83,8.72,8.59,9,8.52,8.84
328.92,22,8.85,8.89,8.96,9.55,9.6,9.56,10.88,9.23,9.54,8.81,8.72,8.56,9,8.52,8.83
329.92,22,8.85,8.87,8.949999999999998,9.56,9.59,9.56,10.88,9.23,9.52,8.79,8.73,8.55,8.99,8.52,8.8
330.92,22,8.83,8.87,8.93,9.55,9.58,9.55,10.87,9.21,9.51,8.79,8.72,8.52,8.96,8.51,8.79
331.92,22,8.81,8.84,8.92,9.52,9.54,9.5,10.84,9.19,9.5,8.76,8.72,8.51,8.93,8.49,8.77
332.92,22,8.81,8.8,8.92,9.52,9.51,9.5,10.81,9.16,9.48,8.76,8.76,8.5,8.93,8.5,8.76
333.92,22,8.81,8.8,8.91,9.5,9.48,9.47,10.81,9.13,9.45,8.73,8.75,8.47,8.92,8.47,8.75
334.93,22,8.79,8.77,8.88,9.5,9.44,9.47,10.77,9.12,9.44,8.71,8.79,8.46,8.91,8.47,8.73
335.93,22,8.77,8.76,8.88,9.47,9.43,9.45,10.75,9.11,9.43,8.699999999999998,8.81,8.449999999999998,8.89,8.47,8.73
336.93,22,8.83,8.87,8.92,9.45,9.43,9.41,10.72,9.11,9.43,8.68,8.81,8.46,8.91,8.449999999999998,8.71
337.93,22,8.84,8.89,8.92,9.44,9.5,9.47,10.72,9.07,9.44,8.72,8.81,8.5,8.93,8.42,8.71
338.95,22,8.84,8.91,8.949999999999998,9.45,9.54,9.5,10.77,9.07,9.47,8.75,8.8,8.51,8.949999999999998,8.41,8.72
339.95,22,8.84,8.89,8.949999999999998,9.48,9.55,9.51,10.78,9.08,9.5,8.75,8.8,8.52,8.949999999999998,8.39,8.75
340.95,22,8.83,8.89,8.949999999999998,9.48,9.56,9.52,10.81,9.08,9.5,8.76,8.79,8.52,8.96,8.38,8.75
341.95,22,8.83,8.87,8.949999999999998,9.5,9.56,9.51,10.81,9.11,9.5,8.75,8.79,8.52,8.949999999999998,8.37,8.76
342.95,22,8.8,8.83,8.91,9.48,9.55,9.48,10.81,9.09,9.47,8.73,8.75,8.5,8.92,8.37,8.73
343.95,22,8.77,8.81,8.88,9.47,9.51,9.5,10.78,9.09,9.45,8.73,8.73,8.49,8.91,8.37,8.73
344.97,22,8.76,8.77,8.87,9.44,9.51,9.47,10.75,9.08,9.41,8.699999999999998,8.72,8.46,8.88,8.34,8.71
345.97,22,8.73,8.75,8.84,9.44,9.48,9.44,10.74,9.09,9.43,8.68,8.699999999999998,8.449999999999998,8.88,8.36,8.68
346.97,22,8.71,8.72,8.83,9.43,9.44,9.43,10.74,9.07,9.41,8.67,8.68,8.43,8.85,8.34,8.67
347.98,22,8.71,8.71,8.81,9.41,9.43,9.4,10.71,9.07,9.39,8.64,8.68,8.41,8.84,8.33,8.67
348.98,22,8.71,8.68,8.8,9.39,9.39,9.39,10.68,9.03,9.37,8.63,8.68,8.39,8.81,8.34,8.64
349.98,22,8.699999999999998,8.67,8.79,9.37,9.36,9.37,10.67,9.03,9.36,8.62,8.67,8.37,8.81,8.3,8.62
351,22,8.68,8.66,8.77,9.37,9.33,9.33,10.65,8.99,9.33,8.59,8.66,8.36,8.77,8.29,8.6
352,22,8.66,8.63,8.73,9.36,9.28,9.32,10.63,8.97,9.32,8.58,8.66,8.34,8.76,8.3,8.6
353,22,8.64,8.62,8.72,9.32,9.24,9.29,10.6,8.949999999999998,9.29,8.55,8.64,8.3,8.73,8.26,8.58
354.02,22,8.699999999999998,8.72,8.79,9.31,9.28,9.29,10.56,8.93,9.29,8.54,8.64,8.34,8.77,8.279999999999998,8.58
355.02,22,8.71,8.73,8.83,9.31,9.33,9.36,10.58,8.91,9.35,8.58,8.6,8.38,8.79,8.24,8.59
356.02,22,8.72,8.76,8.83,9.32,9.37,9.39,10.63,8.92,9.37,8.62,8.58,8.39,8.81,8.23,8.6
357.02,22,8.71,8.75,8.83,9.32,9.41,9.39,10.65,8.92,9.37,8.62,8.56,8.41,8.81,8.21,8.62
358.03,22,8.71,8.75,8.83,9.36,9.43,9.4,10.65,8.949999999999998,9.39,8.62,8.52,8.41,8.83,8.199999999999998,8.64
359.03,22,8.699999999999998,8.72,8.8,9.36,9.4,9.39,10.64,8.96,9.36,8.62,8.47,8.39,8.83,8.199999999999998,8.62
360.03,22,8.66,8.67,8.79,9.35,9.4,9.39,10.64,8.949999999999998,9.35,8.62,8.449999999999998,8.39,8.79,8.19,8.6
361.03,22,8.66,8.66,8.77,9.33,9.39,9.37,10.64,8.949999999999998,9.35,8.59,8.42,8.36,8.79,8.199999999999998,8.59
362.05,22,8.62,8.63,8.76,9.32,9.35,9.35,10.61,8.92,9.33,8.55,8.37,8.36,8.76,8.199999999999998,8.59
363.05,22,8.6,8.6,8.73,9.31,9.32,9.32,10.58,8.91,9.31,8.54,8.34,8.33,8.75,8.199999999999998,8.56
364.05,22,8.59,8.56,8.71,9.29,9.31,9.32,10.6,8.91,9.29,8.55,8.32,8.32,8.72,8.199999999999998,8.55
365.05,22,8.58,8.52,8.68,9.27,9.27,9.28,10.56,8.88,9.27,8.51,8.24,8.279999999999998,8.699999999999998,8.17,8.54
366.05,22,8.55,8.51,8.66,9.24,9.23,9.25,10.53,8.87,9.24,8.49,8.21,8.25,8.699999999999998,8.17,8.51
367.07,22,8.55,8.47,8.64,9.23,9.2,9.23,10.5,8.84,9.23,8.47,8.19,8.23,8.67,8.15,8.51
368.07,22,8.52,8.47,8.62,9.2,9.16,9.16,10.47,8.81,9.19,8.43,8.16,8.199999999999998,8.62,8.14,8.46
369.07,22,8.52,8.46,8.62,9.19,9.13,9.19,10.46,8.79,9.19,8.42,8.14,8.17,8.63,8.14,8.47
370.08,22,8.49,8.43,8.59,9.17,9.11,9.15,10.44,8.76,9.16,8.41,8.14,8.17,8.6,8.12,8.449999999999998
371.08,22,8.5,8.43,8.6,9.16,9.07,9.13,10.39,8.75,9.13,8.38,8.11,8.15,8.58,8.11,8.43
372.08,22,8.55,8.52,8.67,9.15,9.08,9.13,10.39,8.72,9.16,8.39,8.08,8.17,8.63,8.08,8.42
373.08,22,8.56,8.56,8.699999999999998,9.12,9.15,9.19,10.4,8.699999999999998,9.19,8.43,8.07,8.199999999999998,8.67,8.07,8.43
374.1,22,8.56,8.56,8.699999999999998,9.13,9.2,9.23,10.44,8.67,9.21,8.46,8.029999999999998,8.23,8.66,8.029999999999998,8.449999999999998
375.1,22,8.56,8.55,8.68,9.16,9.23,9.24,10.46,8.699999999999998,9.23,8.47,8.01,8.24,8.68,8.02,8.46
376.1,22,8.55,8.54,8.68,9.17,9.23,9.24,10.49,8.699999999999998,9.23,8.47,7.98,8.24,8.68,7.98,8.46
377.1,22,8.52,8.51,8.67,9.19,9.24,9.24,10.5,8.72,9.24,8.46,7.97,8.24,8.67,8.01,8.46
378.1,22,8.51,8.51,8.64,9.17,9.23,9.2,10.47,8.73,9.21,8.46,7.92,8.23,8.64,7.98,8.46
379.1,22,8.49,8.46,8.62,9.16,9.2,9.2,10.44,8.71,9.19,8.42,7.87,8.19,8.63,7.97,8.43
380.12,22,8.47,8.43,8.62,9.13,9.16,9.19,10.44,8.71,9.19,8.41,7.87,8.19,8.6,7.97,8.42
381.12,22,8.449999999999998,8.38,8.58,9.12,9.12,9.13,10.42,8.68,9.15,8.38,7.83,8.15,8.58,7.97,8.39
382.12,22,8.42,8.37,8.55,9.11,9.09,9.13,10.39,8.68,9.12,8.37,7.81,8.12,8.56,7.94,8.38
383.12,22,8.39,8.33,8.51,9.08,9.04,9.08,10.36,8.66,9.09,8.34,7.8,8.1,8.52,7.94,8.36
384.13,22,8.39,8.32,8.5,9.05,9.03,9.07,10.33,8.64,9.08,8.32,7.81,8.08,8.52,7.93,8.33
385.13,22,8.38,8.29,8.47,9.05,8.97,9.03,10.32,8.6,9.05,8.3,7.81,8.05,8.5,7.92,8.32
386.13,22,8.36,8.279999999999998,8.46,9.03,8.949999999999998,9.01,10.28,8.58,9.04,8.279999999999998,7.83,8.029999999999998,8.46,7.89,8.29
387.13,22,8.37,8.26,8.46,9.03,8.92,9,10.28,8.56,9.03,8.26,7.87,8.02,8.46,7.9,8.3
388.13,22,8.33,8.24,8.41,8.99,8.87,8.96,10.23,8.54,8.99,8.23,7.87,7.98,8.42,7.87,8.26
389.15,22,8.36,8.26,8.449999999999998,8.96,8.83,8.93,10.21,8.52,8.97,8.21,7.87,7.98,8.43,7.88,8.24
390.15,22,8.39,8.36,8.51,8.949999999999998,8.88,8.99,10.18,8.49,9.03,8.24,7.85,8.05,8.49,7.84,8.24
391.15,22,8.42,8.38,8.55,8.93,8.96,9.03,10.25,8.5,9.05,8.29,7.83,8.08,8.52,7.83,8.279999999999998
392.15,22,8.41,8.38,8.55,8.96,9.03,9.07,10.28,8.5,9.08,8.33,7.8,8.08,8.52,7.79,8.29
393.15,22,8.41,8.39,8.55,8.99,9.07,9.08,10.29,8.52,9.09,8.34,7.76,8.12,8.54,7.79,8.32
394.17,22,8.39,8.37,8.54,9,9.05,9.08,10.3,8.52,9.09,8.3,7.73,8.1,8.52,7.78,8.3
395.17,22,8.37,8.32,8.5,9,9.03,9.07,10.29,8.51,9.05,8.3,7.66,8.07,8.5,7.75,8.29
396.17,22,8.34,8.29,8.47,8.96,9.01,9.03,10.29,8.51,9.04,8.279999999999998,7.6,8.05,8.47,7.75,8.279999999999998
397.17,22,8.32,8.26,8.46,8.97,8.99,9.04,10.29,8.52,9.04,8.26,7.54,8.029999999999998,8.47,7.75,8.279999999999998
398.17,22,8.29,8.23,8.42,8.949999999999998,8.96,9,10.25,8.51,9,8.24,7.49,8.01,8.42,7.76,8.24
399.18,22,8.279999999999998,8.19,8.38,8.949999999999998,8.91,8.97,10.22,8.49,8.97,8.21,7.42,7.97,8.41,7.75,8.23
400.18,22,8.24,8.14,8.36,8.89,8.87,8.93,10.19,8.47,8.96,8.19,7.37,7.94,8.38,7.75,8.199999999999998
401.18,22,8.21,8.11,8.32,8.89,8.84,8.91,10.17,8.43,8.92,8.15,7.32,7.9,8.36,7.74,8.17
402.18,22,8.21,8.1,8.3,8.87,8.79,8.89,10.12,8.43,8.91,8.14,7.3,7.89,8.33,7.75,8.15
403.18,22,8.199999999999998,8.08,8.279999999999998,8.85,8.76,8.85,10.1,8.39,8.88,8.1,7.26,7.87,8.32,7.73,8.15
404.18,22,8.19,8.07,8.26,8.83,8.71,8.83,10.08,8.38,8.85,8.08,7.25,7.84,8.29,7.71,8.12
405.2,22,8.15,8.029999999999998,8.24,8.8,8.66,8.8,10.04,8.34,8.81,8.06,7.22,7.8,8.26,7.69,8.08
406.2,22,8.15,8.02,8.23,8.77,8.63,8.79,10.01,8.32,8.8,8.05,7.23,7.78,8.24,7.69,8.08
407.2,22,8.199999999999998,8.11,8.32,8.75,8.59,8.77,9.97,8.29,8.81,8.029999999999998,7.22,7.83,8.26,7.68,8.06
408.2,22,8.24,8.17,8.36,8.71,8.68,8.83,10.01,8.26,8.87,8.1,7.2,7.88,8.33,7.65,8.08
409.2,22,8.25,8.19,8.38,8.73,8.77,8.88,10.07,8.25,8.91,8.12,7.17,7.92,8.36,7.62,8.11
410.2,22,8.24,8.19,8.38,8.77,8.81,8.91,10.1,8.26,8.92,8.15,7.15,7.93,8.37,7.6,8.14
411.2,22,8.24,8.17,8.37,8.8,8.85,8.91,10.11,8.29,8.93,8.15,7.11,7.92,8.36,7.59,8.15
412.22,22,8.21,8.14,8.34,8.79,8.83,8.89,10.1,8.29,8.89,8.12,7.06,7.9,8.33,7.56,8.12
413.22,22,8.19,8.1,8.32,8.8,8.83,8.88,10.1,8.3,8.88,8.11,7.01,7.88,8.32,7.54,8.11
414.22,22,8.16,8.06,8.29,8.77,8.8,8.85,10.08,8.29,8.88,8.11,6.96,7.87,8.29,7.55,8.11
415.23,22,8.14,8.029999999999998,8.26,8.76,8.76,8.83,10.05,8.279999999999998,8.85,8.07,6.92,7.83,8.279999999999998,7.54,8.07
416.23,22,8.1,7.98,8.24,8.72,8.72,8.8,10.03,8.26,8.83,8.05,6.87,7.81,8.25,7.55,8.05
417.23,22,8.08,7.96,8.199999999999998,8.72,8.699999999999998,8.77,10,8.24,8.8,8.02,6.85,7.78,8.21,7.54,8.05
418.23,22,8.07,7.92,8.17,8.699999999999998,8.62,8.73,9.94,8.21,8.77,7.99,6.81,7.75,8.17,7.55,8.01
419.23,22,8.029999999999998,7.89,8.14,8.67,8.58,8.699999999999998,9.92,8.17,8.73,7.94,6.78,7.71,8.15,7.52,7.97
420.25,22,8.029999999999998,7.87,8.11,8.66,8.55,8.67,9.89,8.16,8.71,7.93,6.75,7.7,8.14,7.52,7.96
421.25,22,7.99,7.84,8.1,8.62,8.49,8.63,9.88,8.12,8.68,7.9,6.75,7.66,8.1,7.5,7.93
422.25,22,7.99,7.83,8.07,8.6,8.449999999999998,8.6,9.82,8.08,8.64,7.88,6.74,7.62,8.07,7.5,7.9
423.27,22,7.97,7.8,8.029999999999998,8.56,8.41,8.59,9.79,8.06,8.62,7.85,6.74,7.61,8.06,7.49,7.88
424.27,22,7.96,7.79,8.05,8.55,8.36,8.56,9.77,8.01,8.6,7.83,6.75,7.59,8.02,7.47,7.87
425.27,22,8.01,7.87,8.12,8.5,8.34,8.52,9.73,7.97,8.6,7.81,6.73,7.59,8.05,7.42,7.84
426.27,22,8.06,7.94,8.19,8.49,8.42,8.59,9.75,7.93,8.66,7.87,6.69,7.66,8.14,7.4,7.83
427.27,22,8.06,7.96,8.199999999999998,8.49,8.52,8.66,9.79,7.93,8.699999999999998,7.92,6.64,7.7,8.15,7.38,7.88
428.28,22,8.05,7.94,8.19,8.52,8.56,8.67,9.84,7.9,8.72,7.93,6.58,7.73,8.14,7.35,7.9
429.28,22,8.05,7.94,8.19,8.56,8.6,8.699999999999998,9.88,7.94,8.73,7.96,6.54,7.73,8.16,7.36,7.92
430.28,22,8.02,7.89,8.15,8.58,8.59,8.67,9.86,7.93,8.72,7.93,6.48,7.71,8.14,7.35,7.9
431.28,22,8.01,7.88,8.14,8.59,8.56,8.68,9.86,7.94,8.71,7.92,6.45,7.7,8.12,7.35,7.92
432.3,22,7.97,7.84,8.11,8.58,8.54,8.64,9.85,7.96,8.699999999999998,7.89,6.4,7.66,8.1,7.35,7.88
433.3,22,7.93,7.79,8.07,8.56,8.51,8.62,9.82,7.94,8.68,7.88,6.36,7.64,8.07,7.36,7.88
434.3,22,7.89,7.74,8.05,8.52,8.47,8.59,9.79,7.94,8.63,7.84,6.34,7.61,8.05,7.35,7.84
435.32,22,7.89,7.73,8.01,8.51,8.43,8.56,9.77,7.93,8.63,7.81,6.34,7.57,8.02,7.35,7.83
436.32,22,7.85,7.66,7.96,8.49,8.36,8.5,9.73,7.89,8.56,7.76,6.31,7.54,7.97,7.32,7.78
437.32,22,7.83,7.64,7.93,8.449999999999998,8.32,8.46,9.67,7.87,8.52,7.74,6.34,7.49,7.93,7.3,7.75
438.32,22,7.81,7.62,7.89,8.43,8.279999999999998,8.42,9.64,7.84,8.51,7.71,6.37,7.46,7.9,7.28,7.74
439.32,22,7.8,7.61,7.88,8.42,8.23,8.39,9.6,7.81,8.47,7.69,6.4,7.45,7.88,7.28,7.7
440.33,22,7.79,7.59,7.84,8.38,8.16,8.38,9.59,7.79,8.46,7.66,6.46,7.41,7.84,7.25,7.69
441.33,22,7.75,7.52,7.81,8.36,8.1,8.34,9.54,7.75,8.41,7.64,6.51,7.37,7.81,7.23,7.66
442.33,22,7.76,7.55,7.84,8.3,8.07,8.3,9.5,7.7,8.37,7.59,6.54,7.36,7.8,7.21,7.62
443.35,22,7.84,7.69,7.96,8.279999999999998,8.1,8.37,9.48,7.69,8.449999999999998,7.62,6.57,7.45,7.88,7.18,7.64
444.35,22,7.87,7.73,7.98,8.26,8.21,8.43,9.51,7.69,8.51,7.69,6.58,7.51,7.93,7.16,7.69
445.35,22,7.87,7.71,7.99,8.3,8.279999999999998,8.47,9.58,7.7,8.54,7.73,6.58,7.52,7.96,7.12,7.71
446.35,22,7.85,7.71,7.99,8.33,8.33,8.47,9.59,7.71,8.55,7.74,6.58,7.52,7.96,7.1,7.73
447.37,22,7.84,7.7,7.98,8.36,8.36,8.47,9.62,7.73,8.54,7.73,6.57,7.52,7.94,7.08,7.73
448.37,22,7.8,7.64,7.94,8.36,8.33,8.47,9.6,7.73,8.52,7.71,6.56,7.5,7.92,7.07,7.71
449.37,22,7.78,7.6,7.89,8.36,8.3,8.449999999999998,9.6,7.73,8.51,7.69,6.53,7.47,7.89,7.1,7.7
450.37,22,7.74,7.55,7.88,8.33,8.279999999999998,8.39,9.59,7.7,8.49,7.66,6.49,7.45,7.88,7.08,7.68
451.37,22,7.69,7.49,7.8,8.29,8.21,8.34,9.54,7.68,8.42,7.61,6.47,7.38,7.8,7.07,7.64
452.38,22,7.68,7.45,7.79,8.279999999999998,8.17,8.33,9.51,7.68,8.41,7.6,6.47,7.37,7.79,7.07,7.61
453.38,22,7.64,7.41,7.74,8.26,8.11,8.279999999999998,9.45,7.65,8.36,7.56,6.45,7.32,7.75,7.05,7.56
454.38,22,7.62,7.37,7.7,8.23,8.05,8.23,9.4,7.61,8.32,7.5,6.45,7.28,7.71,7.04,7.54
455.38,22,7.6,7.35,7.66,8.199999999999998,8.01,8.199999999999998,9.39,7.57,8.29,7.47,6.46,7.25,7.68,7.02,7.52
456.4,22,7.57,7.31,7.64,8.17,7.93,8.16,9.33,7.54,8.24,7.44,6.47,7.2,7.64,7,7.47
457.4,22,7.55,7.31,7.61,8.15,7.88,8.12,9.31,7.5,8.21,7.42,6.52,7.17,7.61,6.96,7.45
458.42,22,7.52,7.27,7.59,8.11,7.8,8.1,9.28,7.46,8.17,7.38,6.52,7.15,7.6,6.96,7.42
459.42,22,7.62,7.41,7.73,8.1,7.83,8.1,9.23,7.44,8.21,7.4,6.54,7.18,7.65,6.95,7.42
460.42,22,7.66,7.47,7.8,8.07,7.94,8.17,9.24,7.41,8.29,7.46,6.54,7.27,7.71,6.9,7.45
461.42,22,7.68,7.5,7.81,8.11,8.06,8.23,9.33,7.38,8.34,7.51,6.52,7.32,7.75,6.85,7.49
462.43,22,7.66,7.47,7.8,8.12,8.1,8.25,9.36,7.38,8.34,7.52,6.47,7.32,7.75,6.83,7.5
463.43,22,7.64,7.47,7.79,8.16,8.12,8.26,9.39,7.42,8.36,7.52,6.46,7.31,7.75,6.83,7.52
464.43,22,7.61,7.42,7.75,8.14,8.08,8.25,9.39,7.41,8.34,7.52,6.41,7.3,7.73,6.8,7.5
465.43,22,7.57,7.38,7.7,8.15,8.06,8.23,9.35,7.41,8.3,7.49,6.36,7.26,7.69,6.83,7.49
466.43,22,7.52,7.31,7.65,8.12,8.01,8.17,9.31,7.4,8.26,7.45,6.32,7.21,7.65,6.8,7.46
467.45,22,7.5,7.28,7.61,8.11,7.97,8.15,9.31,7.4,8.24,7.41,6.3,7.18,7.62,6.84,7.42
468.45,22,7.46,7.21,7.55,8.06,7.9,8.1,9.25,7.37,8.19,7.37,6.28,7.13,7.56,6.81,7.38
469.45,22,7.44,7.17,7.52,8.029999999999998,7.84,8.06,9.21,7.35,8.16,7.35,6.26,7.11,7.52,6.83,7.36
470.47,22,7.41,7.15,7.49,7.99,7.78,8.01,9.16,7.33,8.11,7.3,6.24,7.05,7.49,6.8,7.32
471.47,22,7.4,7.12,7.46,7.96,7.73,7.98,9.13,7.3,8.08,7.27,6.26,7.02,7.46,6.79,7.3
472.47,22,7.37,7.1,7.42,7.94,7.66,7.94,9.09,7.26,8.029999999999998,7.22,6.26,6.99,7.42,6.76,7.26
473.48,22,7.35,7.07,7.4,7.92,7.6,7.9,9.07,7.23,8.01,7.21,6.29,6.96,7.38,6.74,7.23
474.48,22,7.33,7.05,7.41,7.84,7.54,7.85,9,7.18,7.97,7.15,6.29,6.9,7.35,6.71,7.2
475.48,22,7.44,7.2,7.56,7.84,7.59,7.9,8.97,7.15,8.05,7.18,6.28,7,7.45,6.7,7.18
476.48,22,7.46,7.27,7.6,7.83,7.73,7.98,9.01,7.13,8.11,7.27,6.26,7.07,7.5,6.67,7.21
477.48,22,7.49,7.28,7.62,7.88,7.81,8.06,9.11,7.13,8.16,7.32,6.24,7.12,7.55,6.64,7.27
478.48,22,7.47,7.26,7.61,7.9,7.87,8.06,9.16,7.15,8.17,7.33,6.2,7.13,7.55,6.63,7.3
479.5,22,7.44,7.23,7.59,7.94,7.88,8.06,9.16,7.15,8.16,7.32,6.16,7.11,7.55,6.62,7.3
480.5,22,7.4,7.17,7.54,7.9,7.87,8.05,9.12,7.15,8.14,7.28,6.1,7.07,7.51,6.58,7.27
481.5,22,7.36,7.12,7.49,7.9,7.83,8.01,9.12,7.13,8.11,7.26,6.05,7.05,7.46,6.58,7.25
482.52,22,7.32,7.08,7.45,7.89,7.76,7.97,9.07,7.13,8.07,7.25,6.01,7.01,7.44,6.57,7.22
483.52,22,7.27,7,7.38,7.85,7.7,7.9,9.03,7.11,8.02,7.2,5.95,6.95,7.38,6.57,7.18
484.52,22,7.23,6.94,7.32,7.81,7.65,7.85,8.99,7.06,7.98,7.13,5.9,6.91,7.31,6.56,7.15
485.52,22,7.21,6.91,7.28,7.79,7.59,7.81,8.96,7.05,7.94,7.11,5.87,6.86,7.28,6.53,7.11
486.52,22,7.16,6.86,7.23,7.74,7.51,7.75,8.89,7,7.88,7.05,5.83,6.81,7.22,6.51,7.07
487.53,22,7.16,6.84,7.21,7.71,7.46,7.73,8.87,6.97,7.84,7.02,5.82,6.76,7.2,6.49,7.05
488.53,22,7.13,6.81,7.18,7.68,7.37,7.68,8.83,6.94,7.8,6.99,5.81,6.74,7.16,6.47,7
489.53,22,7.11,6.79,7.15,7.64,7.31,7.64,8.77,6.9,7.76,6.95,5.81,6.7,7.12,6.46,6.99
490.53,22,7.07,6.74,7.12,7.59,7.25,7.6,8.73,6.85,7.73,6.89,5.8,6.67,7.08,6.42,6.94
491.53,22,7.16,6.89,7.28,7.54,7.23,7.6,8.67,6.8,7.74,6.9,5.79,6.69,7.13,6.41,6.91
492.55,22,7.22,6.99,7.37,7.51,7.38,7.69,8.699999999999998,6.78,7.84,7,5.75,6.8,7.22,6.37,6.94
493.55,22,7.25,7.02,7.4,7.57,7.55,7.78,8.79,6.78,7.9,7.06,5.7,6.86,7.3,6.32,7.01
494.55,22,7.23,7.01,7.38,7.6,7.59,7.78,8.84,6.76,7.93,7.08,5.67,6.87,7.28,6.29,7.04
495.55,22,7.21,6.96,7.36,7.64,7.61,7.81,8.87,6.8,7.93,7.08,5.62,6.85,7.3,6.26,7.04
496.57,22,7.17,6.92,7.32,7.65,7.59,7.79,8.87,6.8,7.92,7.06,5.56,6.84,7.26,6.25,7.02
497.57,22,7.12,6.87,7.26,7.64,7.55,7.75,8.83,6.79,7.89,7.04,5.5,6.81,7.23,6.25,7.02
498.57,22,7.08,6.81,7.21,7.62,7.49,7.71,8.81,6.78,7.85,7,5.42,6.76,7.18,6.25,6.99
499.58,22,7.05,6.76,7.16,7.59,7.44,7.66,8.77,6.76,7.81,6.96,5.36,6.73,7.13,6.25,6.95
500.58,22,7,6.68,7.1,7.56,7.37,7.59,8.71,6.73,7.75,6.9,5.3,6.67,7.07,6.23,6.9
501.58,22,6.96,6.64,7.06,7.52,7.31,7.56,8.64,6.73,7.71,6.86,5.27,6.62,7.02,6.23,6.86
502.58,22,6.92,6.58,6.99,7.47,7.22,7.46,8.59,6.67,7.65,6.8,5.22,6.56,6.99,6.22,6.8
503.58,22,6.9,6.54,6.95,7.45,7.15,7.42,8.54,6.63,7.6,6.75,5.2,6.52,6.92,6.18,6.76
504.6,22,6.89,6.53,6.92,7.41,7.07,7.41,8.51,6.6,7.56,6.73,5.19,6.47,6.91,6.18,6.74
505.6,22,6.86,6.51,6.87,7.37,7,7.37,8.449999999999998,6.58,7.51,6.7,5.2,6.45,6.85,6.16,6.69
506.6,22,6.83,6.47,6.84,7.35,6.92,7.32,8.43,6.53,7.47,6.64,5.19,6.4,6.84,6.13,6.68
507.6,22,6.87,6.56,6.97,7.3,6.9,7.26,8.36,6.51,7.46,6.6,5.19,6.4,6.83,6.1,6.64
508.6,22,6.97,6.7,7.11,7.28,7,7.35,8.33,6.47,7.59,6.68,5.16,6.52,6.96,6.07,6.64
509.62,22,7,6.74,7.15,7.3,7.16,7.46,8.43,6.47,7.65,6.76,5.12,6.58,7.02,6.02,6.69
510.62,22,6.99,6.73,7.15,7.33,7.25,7.5,8.49,6.46,7.69,6.81,5.07,6.6,7.04,5.99,6.75
511.62,22,6.96,6.69,7.11,7.38,7.28,7.51,8.52,6.48,7.7,6.81,5.01,6.6,7.04,5.95,6.75
512.63,22,6.94,6.65,7.07,7.4,7.28,7.49,8.54,6.48,7.68,6.81,4.94,6.58,7.02,5.95,6.75
513.63,22,6.87,6.59,7.02,7.37,7.25,7.47,8.51,6.48,7.65,6.76,4.86,6.54,6.97,5.92,6.71
514.63,22,6.84,6.52,6.96,7.35,7.18,7.42,8.49,6.46,7.6,6.74,4.81,6.49,6.91,5.93,6.69
515.63,22,6.79,6.46,6.91,7.32,7.13,7.36,8.46,6.43,7.55,6.68,4.73,6.45,6.86,5.93,6.67
516.63,22,6.73,6.4,6.84,7.28,7.07,7.32,8.39,6.4,7.51,6.64,4.66,6.41,6.81,5.92,6.62
517.63,22,6.69,6.34,6.78,7.26,6.97,7.26,8.34,6.39,7.45,6.59,4.6,6.36,6.75,5.9,6.58
518.63,22,6.65,6.28,6.73,7.21,6.91,7.22,8.279999999999998,6.34,7.38,6.53,4.53,6.31,6.7,5.89,6.53
519.63,22,6.62,6.25,6.68,7.17,6.83,7.13,8.24,6.3,7.35,6.48,4.46,6.24,6.65,5.88,6.48
520.63,22,6.6,6.2,6.65,7.12,6.74,7.11,8.17,6.28,7.31,6.45,4.41,6.2,6.62,5.85,6.45
521.63,22,6.58,6.19,6.59,7.08,6.67,7.06,8.14,6.24,7.26,6.4,4.35,6.16,6.57,5.82,6.41
522.63,22,6.53,6.13,6.53,7.01,6.58,7,8.07,6.2,7.2,6.35,4.28,6.11,6.52,5.79,6.37
523.63,22,6.6,6.24,6.69,6.96,6.52,6.96,8.02,6.17,7.18,6.31,4.23,6.12,6.57,5.76,6.34
524.63,22,6.7,6.39,6.84,6.94,6.65,7.06,8.029999999999998,6.12,7.32,6.42,4.17,6.24,6.69,5.71,6.36
525.63,22,6.73,6.43,6.89,6.97,6.83,7.16,8.15,6.1,7.4,6.53,4.14,6.32,6.75,5.68,6.43
526.63,22,6.74,6.43,6.89,7.02,6.92,7.23,8.24,6.1,7.44,6.57,4.1,6.36,6.79,5.64,6.48
527.63,22,6.71,6.41,6.87,7.07,6.99,7.25,8.26,6.08,7.45,6.57,4.09,6.36,6.79,5.63,6.51
528.63,22,6.68,6.36,6.84,7.1,6.97,7.22,8.25,6.08,7.44,6.54,4.09,6.34,6.76,5.62,6.49
529.65,22,6.63,6.3,6.79,7.08,6.95,7.21,8.24,6.07,7.41,6.52,4.1,6.29,6.73,5.61,6.47
530.65,22,6.57,6.23,6.73,7.05,6.89,7.16,8.21,6.06,7.36,6.48,4.12,6.24,6.67,5.62,6.43
531.65,22,6.52,6.17,6.64,7.02,6.83,7.11,8.15,6.02,7.32,6.43,4.12,6.18,6.6,5.61,6.39
532.65,22,6.47,6.1,6.59,6.97,6.75,7.05,8.08,6.01,7.26,6.39,4.13,6.13,6.56,5.63,6.35
533.65,22,6.41,6.02,6.51,6.91,6.67,6.97,8.029999999999998,5.96,7.2,6.3,4.13,6.06,6.47,5.6,6.29
534.65,22,6.36,5.95,6.43,6.86,6.57,6.89,7.97,5.94,7.13,6.24,4.15,6,6.41,5.57,6.24
535.65,22,6.32,5.9,6.37,6.8,6.47,6.83,7.89,5.9,7.07,6.18,4.17,5.93,6.34,5.56,6.18
536.65,22,6.3,5.87,6.34,6.76,6.4,6.78,7.84,5.87,7.01,6.13,4.22,5.88,6.3,5.53,6.14
537.65,22,6.28,5.86,6.3,6.71,6.3,6.73,7.8,5.86,6.96,6.1,4.28,5.83,6.25,5.5,6.1
538.65,22,6.24,5.8,6.24,6.67,6.23,6.69,7.76,5.82,6.91,6.04,4.36,5.8,6.22,5.47,6.05
539.65,22,6.2,5.77,6.22,6.62,6.16,6.64,7.71,5.81,6.86,6.01,4.46,5.76,6.17,5.43,6.02
540.65,22,6.31,5.92,6.41,6.53,6.11,6.6,7.62,5.75,6.86,5.95,4.55,5.8,6.23,5.41,5.98
541.65,22,6.41,6.08,6.57,6.51,6.26,6.73,7.64,5.73,7.01,6.08,4.66,5.93,6.36,5.35,6.04
542.65,22,6.43,6.12,6.6,6.56,6.46,6.84,7.73,5.7,7.12,6.19,4.73,6.04,6.45,5.33,6.13
543.65,22,6.43,6.11,6.6,6.63,6.56,6.89,7.81,5.7,7.15,6.23,4.83,6.05,6.46,5.28,6.17
544.67,22,6.4,6.07,6.57,6.68,6.6,6.9,7.88,5.7,7.15,6.22,4.92,6.04,6.46,5.27,6.19
545.67,22,6.35,6.01,6.49,6.68,6.59,6.89,7.85,5.67,7.12,6.2,4.98,6.01,6.42,5.28,6.18
546.68,22,6.3,5.92,6.45,6.68,6.56,6.84,7.84,5.66,7.08,6.17,5.04,5.95,6.36,5.28,6.14
547.68,22,6.22,5.85,6.35,6.63,6.48,6.79,7.79,5.61,7.02,6.1,5.09,5.88,6.29,5.26,6.1
548.68,22,6.17,5.76,6.28,6.6,6.4,6.7,7.74,5.6,6.97,6.06,5.15,5.82,6.23,5.24,6.05
549.68,22,6.11,5.69,6.2,6.56,6.31,6.64,7.68,5.54,6.9,5.99,5.2,5.76,6.17,5.23,5.99
550.68,22,6.06,5.62,6.13,6.53,6.23,6.57,7.6,5.5,6.83,5.94,5.23,5.68,6.1,5.21,5.93
551.68,22,6.02,5.56,6.07,6.48,6.14,6.49,7.54,5.47,6.76,5.87,5.26,5.62,6.02,5.19,5.88
552.68,22,5.99,5.53,6.02,6.42,6.04,6.42,7.46,5.41,6.7,5.81,5.28,5.56,5.94,5.16,5.82
553.7,22,5.96,5.5,5.98,6.39,5.94,6.39,7.44,5.37,6.64,5.75,5.29,5.5,5.92,5.13,5.76
554.7,22,5.93,5.47,5.93,6.34,5.86,6.34,7.38,5.34,6.59,5.73,5.28,5.47,5.89,5.11,5.74
555.7,22,5.89,5.41,5.88,6.29,5.76,6.29,7.31,5.3,6.54,5.67,5.27,5.42,5.85,5.06,5.7
556.7,22,6,5.57,6.1,6.23,5.75,6.26,7.23,5.26,6.58,5.63,5.26,5.47,5.88,5.01,5.66
557.7,22,6.1,5.75,6.26,6.2,5.94,6.41,7.27,5.21,6.73,5.75,5.21,5.63,6.05,4.98,5.69
558.7,22,6.13,5.79,6.3,6.28,6.14,6.52,7.37,5.19,6.8,5.85,5.19,5.69,6.12,4.94,5.77
559.7,22,6.12,5.77,6.29,6.36,6.24,6.56,7.46,5.21,6.86,5.9,5.19,5.73,6.14,4.91,5.83
560.7,22,6.08,5.71,6.24,6.4,6.26,6.57,7.49,5.21,6.85,5.92,5.21,5.71,6.13,4.92,5.85
561.72,22,6.04,5.67,6.2,6.41,6.24,6.57,7.5,5.22,6.83,5.88,5.22,5.68,6.1,4.92,5.85
562.72,22,5.99,5.6,6.13,6.39,6.2,6.51,7.45,5.2,6.78,5.83,5.24,5.64,6.04,4.92,5.79
563.72,22,5.9,5.51,6.05,6.35,6.11,6.45,7.41,5.18,6.73,5.79,5.23,5.56,5.96,4.91,5.74
564.72,22,5.86,5.43,5.96,6.3,6.01,6.39,7.35,5.14,6.67,5.74,5.23,5.49,5.92,4.91,5.69
565.72,22,5.79,5.33,5.87,6.25,5.9,6.28,7.27,5.11,6.59,5.66,5.2,5.42,5.83,4.9,5.63
566.72,22,5.73,5.26,5.8,6.2,5.83,6.22,7.21,5.08,6.52,5.6,5.2,5.35,5.77,4.87,5.57
567.72,22,5.67,5.19,5.71,6.13,5.73,6.14,7.12,5.04,6.45,5.51,5.16,5.27,5.69,4.84,5.5
568.72,22,5.63,5.13,5.66,6.06,5.62,6.06,7.06,5,6.37,5.46,5.14,5.2,5.62,4.82,5.44
569.73,22,5.61,5.08,5.62,6.02,5.53,6,7,4.97,6.29,5.4,5.11,5.14,5.56,4.79,5.38
570.73,22,5.57,5.06,5.56,5.96,5.42,5.95,6.96,4.92,6.24,5.35,5.06,5.09,5.53,4.75,5.34
571.73,22,5.53,5,5.49,5.89,5.34,5.88,6.9,4.89,6.18,5.28,5.02,5.05,5.46,4.71,5.3
572.73,22,5.64,5.18,5.7,5.82,5.29,5.88,6.84,4.85,6.22,5.27,5.01,5.09,5.54,4.68,5.27
573.73,22,5.76,5.36,5.89,5.76,5.46,6.05,6.9,4.79,6.39,5.44,5,5.28,5.7,4.62,5.3
574.73,22,5.81,5.42,5.96,5.81,5.68,6.18,7.02,4.77,6.49,5.54,5.01,5.37,5.79,4.59,5.41
575.73,22,5.8,5.42,5.96,5.88,5.81,6.23,7.11,4.75,6.53,5.6,5.02,5.4,5.82,4.55,5.48
576.73,22,5.76,5.36,5.93,5.93,5.86,6.24,7.16,4.76,6.53,5.6,5.06,5.38,5.8,4.55,5.5
577.73,22,5.7,5.29,5.86,5.95,5.83,6.22,7.12,4.73,6.48,5.55,5.07,5.34,5.75,4.52,5.47
578.75,22,5.63,5.2,5.77,5.95,5.77,6.14,7.08,4.69,6.45,5.5,5.07,5.27,5.7,4.51,5.43
579.75,22,5.56,5.11,5.69,5.93,5.7,6.08,7.04,4.66,6.39,5.44,5.06,5.19,5.62,4.51,5.37
580.75,22,5.5,5.02,5.61,5.88,5.62,6.01,6.97,4.62,6.3,5.37,5.02,5.13,5.53,4.5,5.3
581.75,22,5.42,4.93,5.5,5.82,5.51,5.9,6.89,4.57,6.24,5.29,4.98,5.05,5.44,4.48,5.23
582.75,22,5.35,4.85,5.42,5.75,5.4,5.81,6.81,4.52,6.14,5.21,4.96,4.96,5.36,4.45,5.16
583.75,22,5.3,4.77,5.34,5.69,5.3,5.73,6.74,4.5,6.07,5.14,4.91,4.87,5.29,4.42,5.11
584.75,22,5.27,4.73,5.27,5.63,5.2,5.66,6.68,4.45,6,5.07,4.86,4.81,5.21,4.39,5.04
585.75,22,5.23,4.7,5.24,5.57,5.09,5.6,6.6,4.41,5.94,5.02,4.82,4.75,5.16,4.36,4.99
586.75,22,5.21,4.66,5.19,5.51,4.98,5.55,6.56,4.37,5.87,4.98,4.77,4.7,5.09,4.32,4.93
587.75,22,5.15,4.59,5.13,5.43,4.89,5.5,6.48,4.32,5.81,4.91,4.73,4.65,5.05,4.26,4.89
588.75,22,5.28,4.78,5.37,5.34,4.84,5.44,6.39,4.26,5.82,4.86,4.67,4.66,5.13,4.2,4.83
589.77,22,5.42,4.99,5.57,5.3,5.05,5.62,6.42,4.2,6.02,5.02,4.61,4.86,5.31,4.15,4.86
590.77,22,5.46,5.06,5.63,5.37,5.28,5.76,6.54,4.17,6.13,5.15,4.54,4.98,5.41,4.09,4.97
591.77,22,5.44,5.02,5.62,5.47,5.41,5.82,6.67,4.16,6.17,5.21,4.48,5,5.43,4.06,5.05
592.77,22,5.4,4.98,5.58,5.53,5.47,5.85,6.7,4.15,6.19,5.22,4.42,5.01,5.42,4.04,5.08
593.77,22,5.35,4.91,5.53,5.54,5.43,5.81,6.69,4.15,6.16,5.19,4.36,4.96,5.37,4.03,5.07
594.77,22,5.28,4.83,5.44,5.53,5.38,5.77,6.67,4.14,6.11,5.14,4.31,4.9,5.33,4.01,5.04
595.77,22,5.2,4.73,5.34,5.5,5.28,5.69,6.6,4.12,6.05,5.07,4.26,4.82,5.23,4,4.98
596.77,22,5.13,4.63,5.26,5.48,5.21,5.62,6.53,4.09,5.98,5,4.23,4.75,5.18,3.99,4.91
597.78,22,5.06,4.52,5.14,5.41,5.08,5.51,6.45,4.07,5.89,4.93,4.18,4.67,5.07,3.96,4.85
598.78,22,4.97,4.42,5.02,5.34,4.97,5.4,6.37,4.03,5.79,4.83,4.12,4.57,4.98,3.91,4.76
599.78,22,4.91,4.35,4.94,5.28,4.85,5.29,6.29,3.99,5.69,4.75,4.08,4.48,4.89,3.9,4.68
600.78,22,4.87,4.28,4.86,5.21,4.73,5.22,6.2,3.96,5.61,4.66,4.05,4.4,4.79,3.87,4.62
601.78,22,4.83,4.25,4.82,5.15,4.6,5.15,6.13,3.9,5.53,4.59,4.03,4.32,4.73,3.84,4.54
602.78,22,4.81,4.22,4.76,5.11,4.49,5.09,6.1,3.87,5.47,4.53,4,4.26,4.69,3.82,4.51
603.78,22,4.75,4.15,4.69,5.05,4.39,5.05,6.02,3.84,5.4,4.5,3.99,4.23,4.62,3.78,4.45
604.78,22,4.82,4.26,4.85,4.96,4.28,4.97,5.93,3.79,5.36,4.42,3.98,4.19,4.62,3.76,4.4
605.8,22,5,4.53,5.13,4.89,4.41,5.08,5.92,3.77,5.54,4.55,3.97,4.39,4.86,3.72,4.4
606.8,22,5.07,4.62,5.23,4.94,4.68,5.28,6.08,3.76,5.7,4.71,3.98,4.55,5,3.68,4.51
607.8,22,5.07,4.65,5.26,5.04,4.89,5.38,6.22,3.79,5.8,4.81,3.99,4.61,5.05,3.66,4.62
608.8,22,5.02,4.58,5.21,5.12,4.96,5.41,6.28,3.78,5.8,4.82,3.96,4.59,5.02,3.64,4.65
609.8,22,4.98,4.51,5.14,5.15,4.97,5.38,6.25,3.78,5.76,4.79,3.94,4.58,4.98,3.62,4.66
610.82,22,4.91,4.43,5.06,5.14,4.91,5.34,6.23,3.76,5.71,4.74,3.89,4.5,4.93,3.61,4.62
611.82,22,4.82,4.34,4.96,5.12,4.84,5.27,6.17,3.74,5.67,4.67,3.85,4.43,4.85,3.57,4.57
612.82,22,4.73,4.22,4.84,5.05,4.71,5.18,6.08,3.69,5.56,4.58,3.79,4.33,4.75,3.53,4.5
613.82,22,4.63,4.1,4.71,4.99,4.61,5.06,5.98,3.63,5.48,4.49,3.74,4.23,4.65,3.52,4.42
614.82,22,4.57,4.01,4.61,4.93,4.5,4.94,5.9,3.59,5.38,4.4,3.69,4.15,4.53,3.5,4.34
615.83,22,4.5,3.94,4.53,4.86,4.36,4.87,5.83,3.53,5.29,4.32,3.66,4.05,4.45,3.47,4.26
616.83,22,4.45,3.86,4.46,4.78,4.25,4.77,5.73,3.49,5.19,4.22,3.62,3.96,4.37,3.44,4.18
617.83,22,4.42,3.8,4.39,4.7,4.12,4.7,5.66,3.44,5.12,4.14,3.58,3.87,4.28,3.41,4.1
618.85,22,4.39,3.78,4.34,4.65,4,4.63,5.61,3.39,5.05,4.1,3.55,3.84,4.24,3.4,4.06
619.85,22,4.34,3.72,4.26,4.58,3.88,4.58,5.55,3.33,5,4.04,3.54,3.78,4.18,3.33,4.03
620.85,22,4.32,3.68,4.27,4.49,3.76,4.48,5.46,3.29,4.92,3.95,3.51,3.7,4.09,3.29,3.96
621.85,22,4.52,3.98,4.61,4.4,3.77,4.52,5.38,3.25,5.02,3.99,3.47,3.83,4.28,3.26,3.91
622.87,22,4.62,4.16,4.77,4.35,4.05,4.71,5.5,3.2,5.23,4.2,3.43,4.05,4.5,3.17,3.97
623.87,22,4.65,4.19,4.83,4.44,4.31,4.85,5.66,3.2,5.34,4.33,3.41,4.14,4.58,3.14,4.1
624.87,22,4.62,4.17,4.81,4.54,4.44,4.93,5.75,3.2,5.38,4.37,3.35,4.16,4.6,3.11,4.18
625.87,22,4.54,4.08,4.74,4.57,4.46,4.9,5.76,3.18,5.36,4.34,3.29,4.13,4.53,3.06,4.17
626.87,22,4.49,4,4.65,4.6,4.44,4.86,5.73,3.17,5.31,4.32,3.22,4.07,4.5,3.05,4.15
627.87,22,4.4,3.9,4.53,4.58,4.35,4.82,5.68,3.13,5.26,4.24,3.15,3.99,4.41,3.01,4.12
628.88,22,4.29,3.79,4.42,4.53,4.26,4.7,5.6,3.09,5.16,4.15,3.09,3.9,4.29,2.97,4.04
629.88,22,4.2,3.67,4.29,4.46,4.14,4.62,5.5,3.06,5.06,4.05,3.02,3.79,4.18,2.93,3.96
630.88,22,4.12,3.55,4.17,4.41,4,4.49,5.42,3.01,4.97,3.95,2.97,3.68,4.09,2.91,3.87
631.88,22,4.06,3.46,4.06,4.35,3.89,4.39,5.3,2.98,4.86,3.87,2.93,3.59,3.99,2.88,3.8
632.88,22,3.99,3.38,3.96,4.27,3.76,4.27,5.23,2.93,4.76,3.75,2.88,3.49,3.88,2.84,3.72
633.88,22,3.94,3.32,3.89,4.19,3.63,4.17,5.14,2.9,4.67,3.67,2.86,3.41,3.8,2.83,3.65
634.9,22,3.9,3.28,3.84,4.13,3.5,4.12,5.07,2.88,4.59,3.62,2.85,3.34,3.73,2.8,3.58
635.9,22,3.87,3.22,3.76,4.06,3.37,4.05,5.04,2.86,4.52,3.55,2.86,3.28,3.66,2.8,3.54
636.9,22,3.84,3.18,3.74,3.99,3.25,3.96,4.96,2.85,4.45,3.47,2.87,3.2,3.59,2.8,3.49
637.9,22,4.06,3.55,4.15,3.9,3.3,4.01,4.85,2.83,4.57,3.47,2.87,3.35,3.77,2.78,3.45
638.9,22,4.22,3.76,4.37,3.91,3.69,4.29,4.97,2.8,4.83,3.69,2.83,3.64,4.01,2.75,3.61
639.92,22,4.24,3.82,4.43,4.01,3.97,4.45,5.15,2.76,4.97,3.86,2.75,3.74,4.13,2.71,3.75
640.92,22,4.22,3.79,4.41,4.12,4.09,4.51,5.26,2.74,5.01,3.91,2.68,3.77,4.16,2.67,3.8
641.92,22,4.16,3.72,4.35,4.17,4.09,4.51,5.3,2.71,5.01,3.93,2.58,3.74,4.13,2.63,3.85
642.92,22,4.07,3.64,4.26,4.18,4.05,4.46,5.28,2.68,4.94,3.88,2.48,3.66,4.06,2.58,3.78
643.92,22,4,3.54,4.16,4.16,3.96,4.41,5.23,2.67,4.9,3.82,2.37,3.59,3.99,2.55,3.74
644.92,22,3.89,3.42,4.05,4.13,3.86,4.31,5.16,2.65,4.82,3.73,2.25,3.5,3.9,2.52,3.67
645.92,22,3.79,3.28,3.9,4.05,3.72,4.19,5.07,2.63,4.69,3.63,2.13,3.38,3.79,2.47,3.57
646.93,22,3.72,3.17,3.78,3.98,3.58,4.07,4.98,2.63,4.59,3.52,2.04,3.26,3.69,2.45,3.51
647.93,22,3.62,3.05,3.65,3.89,3.44,3.94,4.87,2.62,4.49,3.41,1.96,3.14,3.56,2.43,3.41
648.93,22,3.53,2.93,3.52,3.79,3.29,3.77,4.76,2.59,4.36,3.29,1.93,3.01,3.45,2.4,3.31
649.93,22,3.46,2.85,3.43,3.72,3.14,3.66,4.66,2.57,4.24,3.18,1.95,2.89,3.34,2.38,3.21
650.93,22,3.43,2.77,3.37,3.62,2.99,3.55,4.57,2.56,4.12,3.08,2.01,2.79,3.22,2.35,3.13
651.93,22,3.39,2.75,3.32,3.55,2.87,3.5,4.5,2.52,4.04,3.03,2.08,2.72,3.17,2.35,3.07
652.95,22,3.34,2.71,3.27,3.49,2.75,3.44,4.45,2.49,3.98,2.98,2.15,2.69,3.12,2.35,3.01
653.95,22,3.3,2.63,3.18,3.43,2.69,3.41,4.4,2.45,3.94,2.93,2.25,2.65,3.06,2.33,2.98
654.95,22,3.34,2.73,3.32,3.33,2.59,3.31,4.27,2.39,3.87,2.84,2.29,2.58,3.04,2.3,2.88
655.95,22,3.57,3.07,3.69,3.2,2.67,3.44,4.24,2.36,4.09,2.99,2.3,2.79,3.3,2.25,2.84
656.95,22,3.67,3.22,3.85,3.21,2.95,3.69,4.39,2.34,4.31,3.19,2.28,3.01,3.49,2.17,2.93
657.97,22,3.67,3.25,3.87,3.28,3.22,3.82,4.54,2.35,4.41,3.31,2.22,3.11,3.57,2.11,3.04
658.97,22,3.64,3.19,3.83,3.38,3.37,3.87,4.63,2.37,4.44,3.34,2.18,3.12,3.56,2.05,3.11
659.97,22,3.55,3.12,3.76,3.43,3.39,3.86,4.65,2.36,4.41,3.32,2.1,3.07,3.54,2.02,3.12
660.97,22,3.47,3.02,3.65,3.46,3.35,3.82,4.61,2.36,4.36,3.27,2.05,3.01,3.44,1.96,3.08
661.97,22,3.37,2.89,3.53,3.43,3.28,3.74,4.54,2.34,4.27,3.18,2.01,2.91,3.35,1.93,3.03
662.97,22,3.26,2.76,3.38,3.39,3.14,3.59,4.43,2.3,4.17,3.06,1.92,2.79,3.23,1.88,2.93
663.97,22,3.16,2.65,3.25,3.32,3.03,3.5,4.32,2.27,4.06,2.97,1.89,2.69,3.11,1.88,2.86
664.97,22,3.07,2.53,3.11,3.25,2.9,3.35,4.22,2.22,3.94,2.84,1.85,2.55,2.99,1.86,2.77
665.98,22,3.01,2.44,3,3.17,2.77,3.22,4.12,2.19,3.82,2.73,1.84,2.44,2.86,1.86,2.69
666.98,22,2.95,2.37,2.9,3.08,2.62,3.09,4.03,2.16,3.72,2.61,1.82,2.33,2.77,1.86,2.61
667.98,22,2.9,2.32,2.82,3.01,2.48,3.02,3.96,2.11,3.61,2.52,1.82,2.26,2.67,1.86,2.53
668.98,22,2.86,2.27,2.76,2.94,2.33,2.95,3.91,2.07,3.54,2.47,1.82,2.19,2.61,1.87,2.49
669.98,22,2.79,2.2,2.66,2.89,2.22,2.88,3.86,2.03,3.44,2.39,1.81,2.12,2.54,1.87,2.42
671,22,2.82,2.26,2.75,2.78,2.13,2.77,3.75,1.98,3.38,2.3,1.81,2.06,2.48,1.86,2.36
672,22,3.07,2.66,3.18,2.67,2.25,2.85,3.67,1.92,3.54,2.37,1.79,2.23,2.74,1.82,2.33
673,22,3.21,2.85,3.38,2.63,2.62,3.13,3.86,1.89,3.82,2.67,1.75,2.51,3,1.77,2.48
674,22,3.22,2.88,3.42,2.75,2.89,3.3,4.04,1.88,3.94,2.83,1.72,2.62,3.09,1.71,2.61
675,22,3.18,2.84,3.38,2.85,2.99,3.35,4.13,1.88,3.99,2.86,1.67,2.65,3.12,1.66,2.67
676,22,3.13,2.76,3.31,2.93,3.01,3.37,4.16,1.88,3.98,2.86,1.66,2.62,3.08,1.61,2.71
677,22,3.03,2.66,3.2,2.95,2.94,3.31,4.13,1.89,3.91,2.8,1.63,2.55,3,1.57,2.67
678,22,2.92,2.53,3.08,2.93,2.87,3.23,4.06,1.89,3.83,2.71,1.63,2.44,2.9,1.54,2.59
679.02,22,2.82,2.4,2.93,2.88,2.75,3.11,3.96,1.88,3.73,2.61,1.61,2.33,2.79,1.52,2.52
680.02,22,2.71,2.28,2.78,2.8,2.66,2.99,3.88,1.86,3.62,2.5,1.61,2.21,2.68,1.5,2.42
681.02,22,2.61,2.14,2.62,2.72,2.54,2.85,3.76,1.84,3.5,2.38,1.62,2.08,2.55,1.47,2.33
682.02,22,2.51,2.03,2.48,2.63,2.4,2.7,3.64,1.81,3.37,2.26,1.6,1.94,2.42,1.47,2.22
683.02,22,2.42,1.92,2.34,2.53,2.29,2.57,3.53,1.75,3.25,2.13,1.62,1.81,2.31,1.46,2.13
684.03,22,2.38,1.87,2.25,2.45,2.16,2.44,3.45,1.71,3.12,2.03,1.65,1.72,2.2,1.48,2.06
685.03,22,2.33,1.84,2.18,2.35,2.06,2.35,3.37,1.65,3.01,1.94,1.66,1.61,2.1,1.46,1.97
686.03,22,2.29,1.82,2.12,2.28,1.98,2.3,3.32,1.6,2.93,1.89,1.69,1.57,2.03,1.49,1.9
687.03,22,2.25,1.8,2.06,2.22,1.96,2.26,3.29,1.56,2.87,1.85,1.75,1.52,1.98,1.5,1.87
688.03,22,2.19,1.76,1.96,2.15,1.94,2.17,3.22,1.51,2.78,1.77,1.79,1.44,1.9,1.5,1.8
689.03,22,2.44,2.13,2.43,2.03,1.96,2.17,3.12,1.47,2.84,1.74,1.82,1.52,2.06,1.49,1.7
690.03,22,2.67,2.43,2.78,1.95,2.25,2.45,3.23,1.43,3.18,2.06,1.83,1.86,2.4,1.44,1.78
691.03,22,2.73,2.52,2.9,2.06,2.56,2.73,3.5,1.43,3.4,2.28,1.79,2.06,2.58,1.42,1.97
692.05,22,2.72,2.49,2.9,2.25,2.71,2.86,3.64,1.44,3.47,2.37,1.75,2.12,2.62,1.4,2.1
693.05,22,2.67,2.43,2.86,2.37,2.74,2.89,3.7,1.45,3.49,2.38,1.71,2.13,2.61,1.4,2.15
694.05,22,2.58,2.33,2.76,2.43,2.69,2.88,3.68,1.46,3.44,2.35,1.67,2.07,2.55,1.4,2.12
695.05,22,2.49,2.22,2.67,2.43,2.6,2.78,3.65,1.49,3.39,2.27,1.66,1.98,2.45,1.38,2.09
696.05,22,2.37,2.11,2.54,2.39,2.47,2.69,3.55,1.5,3.3,2.15,1.63,1.86,2.35,1.38,2.02
697.05,22,2.28,2,2.4,2.34,2.34,2.56,3.44,1.52,3.18,2.06,1.62,1.75,2.23,1.38,1.92
698.05,22,2.17,1.88,2.26,2.27,2.19,2.42,3.33,1.51,3.06,1.92,1.62,1.61,2.11,1.37,1.82
699.05,22,2.05,1.76,2.07,2.15,2.06,2.28,3.2,1.47,2.92,1.77,1.59,1.45,1.97,1.37,1.7
700.07,22,1.97,1.7,1.92,2.1,2,2.13,3.12,1.46,2.8,1.67,1.6,1.33,1.84,1.4,1.6
701.07,22,1.91,1.66,1.78,2.02,1.94,1.97,3.02,1.42,2.67,1.54,1.6,1.19,1.73,1.4,1.51
702.07,22,1.87,1.65,1.66,1.94,1.91,1.84,2.95,1.39,2.53,1.41,1.6,1.06,1.6,1.41,1.41
703.07,22,1.85,1.66,1.58,1.88,1.89,1.74,2.89,1.37,2.4,1.32,1.59,0.98,1.53,1.41,1.34
704.07,22,1.84,1.66,1.52,1.83,1.9,1.68,2.9,1.35,2.33,1.27,1.63,0.92,1.48,1.4,1.29
705.07,22,1.82,1.66,1.46,1.78,1.89,1.66,2.89,1.32,2.26,1.23,1.66,0.88,1.47,1.4,1.23
706.07,22,1.79,1.63,1.37,1.75,1.89,1.62,2.89,1.3,2.2,1.2,1.72,0.85,1.44,1.4,1.19
707.08,22,1.76,1.66,1.32,1.71,1.89,1.54,2.83,1.27,2.12,1.12,1.76,0.77,1.38,1.37,1.12
708.08,22,2.04,1.98,1.84,1.63,1.9,1.58,2.8,1.26,2.23,1.12,1.77,0.91,1.59,1.37,1.02
709.08,22,2.22,2.2,2.17,1.62,2.06,1.89,2.95,1.25,2.58,1.43,1.77,1.27,1.89,1.36,1.13
710.08,22,2.26,2.22,2.27,1.73,2.26,2.12,3.15,1.28,2.78,1.66,1.73,1.45,2.04,1.34,1.33
711.08,22,2.22,2.18,2.27,1.88,2.37,2.21,3.26,1.3,2.86,1.74,1.71,1.49,2.07,1.33,1.45
712.1,22,2.14,2.08,2.19,1.97,2.38,2.26,3.29,1.3,2.87,1.76,1.68,1.49,2.03,1.33,1.5
713.1,22,2.05,1.95,2.09,2.02,2.32,2.2,3.25,1.31,2.8,1.71,1.66,1.41,1.96,1.34,1.47
714.12,22,1.94,1.85,1.94,2,2.21,2.11,3.16,1.31,2.72,1.61,1.62,1.32,1.84,1.33,1.43
715.12,22,1.85,1.75,1.81,1.95,2.11,2.01,3.06,1.31,2.62,1.5,1.61,1.2,1.75,1.34,1.35
716.12,22,1.78,1.67,1.65,1.87,2.04,1.88,2.97,1.3,2.52,1.39,1.59,1.07,1.62,1.36,1.26
717.12,22,1.73,1.63,1.48,1.81,1.96,1.74,2.88,1.31,2.38,1.28,1.61,0.94,1.52,1.35,1.17
718.12,22,1.69,1.6,1.3,1.72,1.91,1.57,2.8,1.28,2.23,1.14,1.58,0.8,1.4,1.34,1.05
719.13,22,1.67,1.58,1.16,1.68,1.88,1.46,2.77,1.26,2.12,1.04,1.59,0.67,1.33,1.34,0.96
720.13,22,1.67,1.59,1.04,1.62,1.88,1.38,2.74,1.26,2.01,0.98,1.6,0.59,1.29,1.34,0.91
721.13,22,1.67,1.59,0.96,1.59,1.87,1.35,2.76,1.26,1.9,0.92,1.6,0.52,1.27,1.34,0.85
722.13,22,1.67,1.6,0.92,1.58,1.87,1.35,2.77,1.24,1.83,0.92,1.62,0.5,1.28,1.32,0.82
723.15,22,1.66,1.59,0.86,1.57,1.88,1.34,2.78,1.23,1.78,0.91,1.63,0.48,1.28,1.32,0.8
724.15,22,1.63,1.58,0.77,1.58,1.88,1.33,2.76,1.21,1.73,0.89,1.67,0.45,1.24,1.31,0.75
725.15,22,1.74,1.72,1.04,1.55,1.87,1.31,2.73,1.21,1.71,0.86,1.67,0.46,1.31,1.31,0.69
726.15,22,1.95,2,1.55,1.53,1.96,1.58,2.83,1.21,2.06,1.12,1.66,0.81,1.62,1.3,0.73
727.15,22,2.02,2.05,1.74,1.59,2.13,1.84,2.97,1.22,2.34,1.37,1.62,1.05,1.8,1.29,0.95
728.17,22,1.98,2.01,1.77,1.69,2.25,1.96,3.06,1.22,2.43,1.46,1.61,1.14,1.83,1.28,1.1
729.17,22,1.9,1.9,1.72,1.77,2.22,1.96,3.07,1.22,2.45,1.46,1.61,1.12,1.78,1.27,1.15
730.17,22,1.81,1.8,1.61,1.8,2.13,1.92,3.02,1.23,2.4,1.39,1.6,1.05,1.69,1.28,1.13
731.17,22,1.74,1.7,1.51,1.78,2.05,1.83,2.97,1.23,2.33,1.3,1.6,0.95,1.58,1.3,1.1
732.17,22,1.67,1.63,1.38,1.74,1.96,1.74,2.89,1.24,2.23,1.21,1.6,0.84,1.48,1.3,1.02
733.17,22,1.63,1.59,1.21,1.66,1.92,1.61,2.82,1.23,2.13,1.08,1.59,0.71,1.38,1.3,0.92
734.17,22,1.6,1.56,1.06,1.6,1.9,1.49,2.75,1.22,2.01,0.97,1.58,0.59,1.31,1.29,0.83
735.17,22,1.6,1.57,0.9,1.57,1.88,1.4,2.74,1.22,1.9,0.91,1.59,0.49,1.26,1.3,0.76
736.17,22,1.59,1.57,0.75,1.55,1.87,1.33,2.72,1.22,1.8,0.86,1.61,0.42,1.23,1.3,0.71
737.18,22,1.59,1.56,0.64,1.53,1.86,1.27,2.72,1.2,1.69,0.82,1.59,0.37,1.2,1.28,0.67
738.18,22,1.59,1.56,0.61,1.53,1.86,1.24,2.71,1.19,1.61,0.81,1.59,0.37,1.2,1.29,0.65
739.18,22,1.59,1.56,0.62,1.52,1.85,1.27,2.72,1.19,1.59,0.81,1.59,0.35,1.21,1.27,0.63
740.18,22,1.59,1.58,0.62,1.54,1.85,1.27,2.72,1.18,1.58,0.82,1.61,0.38,1.22,1.29,0.63
741.18,22,1.59,1.57,0.61,1.54,1.86,1.28,2.73,1.17,1.6,0.83,1.62,0.37,1.22,1.28,0.62
742.18,22,1.57,1.55,0.57,1.54,1.86,1.27,2.72,1.17,1.58,0.81,1.62,0.35,1.2,1.27,0.6
743.18,22,1.62,1.66,0.8,1.53,1.86,1.25,2.71,1.16,1.56,0.78,1.61,0.35,1.21,1.27,0.58
744.18,22,1.8,1.87,1.26,1.5,1.88,1.44,2.73,1.17,1.84,0.94,1.61,0.61,1.44,1.25,0.61
745.2,22,1.84,1.89,1.43,1.53,2,1.65,2.85,1.17,2.07,1.15,1.6,0.81,1.58,1.25,0.77
746.2,22,1.8,1.83,1.45,1.59,2.08,1.74,2.91,1.18,2.16,1.22,1.59,0.89,1.61,1.24,0.89
747.2,22,1.73,1.72,1.4,1.66,2.08,1.74,2.91,1.18,2.17,1.24,1.59,0.87,1.56,1.24,0.93
748.2,22,1.67,1.65,1.3,1.69,2.02,1.68,2.87,1.19,2.13,1.18,1.6,0.8,1.48,1.25,0.92
749.2,22,1.58,1.59,1.18,1.65,1.94,1.57,2.79,1.17,2.05,1.07,1.6,0.69,1.37,1.23,0.85
750.2,22,1.59,1.58,1.05,1.62,1.89,1.48,2.76,1.2,1.95,0.97,1.59,0.57,1.29,1.25,0.78
751.2,22,1.57,1.56,0.9,1.56,1.88,1.38,2.71,1.18,1.83,0.88,1.59,0.46,1.23,1.26,0.69
752.22,22,1.57,1.55,0.76,1.53,1.87,1.29,2.7,1.19,1.73,0.83,1.59,0.38,1.2,1.27,0.63
753.22,22,1.56,1.55,0.63,1.52,1.87,1.26,2.71,1.18,1.63,0.8,1.59,0.35,1.17,1.26,0.6
754.22,22,1.56,1.55,0.55,1.51,1.87,1.23,2.7,1.18,1.56,0.78,1.58,0.32,1.19,1.27,0.58
755.22,22,1.55,1.55,0.53,1.51,1.86,1.23,2.7,1.17,1.54,0.78,1.59,0.31,1.17,1.26,0.57
756.22,22,1.56,1.55,0.54,1.5,1.87,1.23,2.7,1.16,1.52,0.78,1.59,0.31,1.18,1.27,0.57
757.23,22,1.56,1.55,0.54,1.5,1.87,1.23,2.7,1.17,1.53,0.78,1.6,0.32,1.19,1.25,0.56
758.23,22,1.56,1.55,0.54,1.51,1.86,1.25,2.71,1.16,1.53,0.77,1.62,0.32,1.19,1.27,0.57
759.23,22,1.55,1.55,0.54,1.51,1.85,1.24,2.71,1.16,1.54,0.79,1.61,0.31,1.18,1.26,0.56
760.23,22,1.54,1.55,0.51,1.5,1.85,1.22,2.69,1.15,1.51,0.77,1.61,0.3,1.17,1.25,0.54
761.23,22,1.59,1.61,0.72,1.49,1.85,1.23,2.68,1.15,1.53,0.77,1.61,0.32,1.2,1.25,0.54
762.23,22,1.7,1.76,1.1,1.48,1.85,1.37,2.71,1.14,1.74,0.9,1.6,0.5,1.37,1.23,0.56
763.25,22,1.71,1.76,1.23,1.5,1.93,1.55,2.79,1.15,1.93,1.05,1.6,0.66,1.48,1.24,0.67
764.25,22,1.67,1.7,1.23,1.56,1.98,1.6,2.82,1.15,2.01,1.09,1.6,0.7,1.46,1.24,0.75
765.25,22,1.59,1.61,1.16,1.58,1.96,1.55,2.78,1.15,1.98,1.02,1.58,0.66,1.38,1.23,0.77
766.25,22,1.57,1.57,1.06,1.59,1.92,1.48,2.73,1.16,1.92,0.95,1.58,0.58,1.3,1.23,0.75
767.25,22,1.56,1.56,0.94,1.56,1.9,1.4,2.72,1.16,1.84,0.88,1.57,0.49,1.23,1.25,0.7
768.25,22,1.55,1.54,0.82,1.54,1.87,1.3,2.7,1.15,1.74,0.81,1.57,0.4,1.2,1.23,0.64
769.25,22,1.56,1.56,0.7,1.53,1.88,1.28,2.71,1.17,1.66,0.8,1.58,0.36,1.19,1.25,0.6
770.25,22,1.54,1.54,0.59,1.5,1.87,1.24,2.69,1.16,1.58,0.76,1.56,0.31,1.18,1.24,0.57
771.27,22,1.54,1.54,0.53,1.49,1.86,1.22,2.68,1.16,1.53,0.76,1.58,0.29,1.17,1.24,0.55
772.27,22,1.53,1.54,0.5,1.49,1.85,1.22,2.69,1.16,1.51,0.75,1.58,0.29,1.17,1.24,0.54
773.27,22,1.54,1.52,0.5,1.5,1.85,1.22,2.69,1.15,1.51,0.76,1.59,0.29,1.17,1.25,0.53
774.27,22,1.54,1.54,0.5,1.49,1.85,1.2,2.69,1.15,1.5,0.76,1.59,0.29,1.16,1.25,0.53
775.27,22,1.54,1.55,0.51,1.49,1.86,1.22,2.68,1.16,1.51,0.76,1.6,0.29,1.18,1.25,0.54
776.27,22,1.54,1.54,0.5,1.5,1.85,1.22,2.68,1.15,1.51,0.76,1.59,0.3,1.17,1.24,0.53
777.27,22,1.54,1.55,0.51,1.49,1.85,1.23,2.69,1.15,1.52,0.77,1.59,0.3,1.17,1.25,0.54
778.28,22,1.53,1.54,0.5,1.49,1.85,1.22,2.69,1.14,1.51,0.76,1.59,0.29,1.17,1.24,0.53
779.28,22,1.54,1.55,0.52,1.5,1.86,1.22,2.68,1.14,1.5,0.75,1.6,0.29,1.17,1.25,0.54
780.3,22,1.61,1.66,0.84,1.48,1.85,1.25,2.67,1.13,1.58,0.78,1.59,0.34,1.23,1.24,0.53
781.3,22,1.65,1.69,1.04,1.48,1.89,1.38,2.71,1.14,1.78,0.91,1.59,0.51,1.35,1.24,0.58
782.3,22,1.58,1.62,1.04,1.5,1.93,1.45,2.73,1.14,1.86,0.94,1.58,0.55,1.34,1.24,0.64
783.3,22,1.55,1.57,0.96,1.52,1.91,1.41,2.71,1.13,1.84,0.89,1.59,0.51,1.28,1.22,0.65
784.3,22,1.55,1.54,0.85,1.54,1.88,1.34,2.7,1.15,1.77,0.84,1.58,0.44,1.23,1.23,0.64
785.3,22,1.52,1.52,0.72,1.5,1.87,1.27,2.67,1.14,1.66,0.78,1.58,0.36,1.18,1.21,0.58
786.3,22,1.53,1.53,0.61,1.5,1.86,1.24,2.68,1.14,1.59,0.77,1.6,0.31,1.18,1.23,0.56
787.32,22,1.53,1.54,0.54,1.49,1.85,1.22,2.66,1.15,1.53,0.76,1.59,0.29,1.16,1.23,0.54
788.32,22,1.52,1.52,0.49,1.48,1.85,1.21,2.67,1.14,1.5,0.75,1.58,0.28,1.16,1.22,0.52
789.32,22,1.52,1.52,0.48,1.49,1.86,1.21,2.67,1.14,1.5,0.75,1.58,0.28,1.17,1.23,0.52
790.32,22,1.51,1.52,0.47,1.48,1.85,1.19,2.67,1.14,1.49,0.73,1.57,0.28,1.15,1.23,0.52
791.32,22,1.52,1.53,0.48,1.48,1.86,1.22,2.67,1.14,1.49,0.74,1.58,0.27,1.16,1.23,0.52
792.32,22,1.52,1.53,0.49,1.48,1.85,1.21,2.68,1.14,1.49,0.74,1.57,0.28,1.16,1.23,0.52
793.33,22,1.52,1.53,0.48,1.47,1.83,1.2,2.67,1.13,1.49,0.74,1.58,0.27,1.15,1.21,0.52
794.33,22,1.51,1.54,0.48,1.48,1.85,1.2,2.66,1.13,1.49,0.74,1.58,0.28,1.15,1.23,0.53
795.33,22,1.53,1.54,0.49,1.48,1.85,1.21,2.68,1.14,1.5,0.75,1.59,0.29,1.15,1.23,0.52
796.35,22,1.52,1.54,0.47,1.48,1.85,1.19,2.66,1.13,1.49,0.74,1.58,0.27,1.14,1.23,0.51
797.35,22,1.53,1.54,0.51,1.48,1.86,1.2,2.67,1.13,1.49,0.73,1.59,0.28,1.14,1.23,0.51
798.35,22,1.57,1.61,0.77,1.48,1.84,1.22,2.67,1.13,1.54,0.78,1.57,0.31,1.21,1.22,0.51
799.35,22,1.55,1.6,0.87,1.49,1.86,1.3,2.69,1.12,1.67,0.85,1.57,0.39,1.26,1.21,0.55
800.35,22,1.54,1.56,0.83,1.49,1.9,1.32,2.7,1.13,1.71,0.84,1.57,0.4,1.23,1.22,0.59
801.37,22,1.53,1.54,0.7,1.5,1.88,1.28,2.68,1.13,1.66,0.79,1.58,0.36,1.18,1.21,0.57
802.37,22,1.52,1.52,0.59,1.49,1.86,1.21,2.67,1.12,1.56,0.76,1.57,0.3,1.15,1.21,0.54
803.37,22,1.51,1.52,0.52,1.48,1.86,1.19,2.67,1.12,1.51,0.74,1.58,0.28,1.15,1.21,0.52
804.37,22,1.5,1.52,0.49,1.47,1.85,1.2,2.67,1.12,1.49,0.74,1.57,0.27,1.15,1.2,0.51
805.37,22,1.51,1.51,0.47,1.46,1.84,1.18,2.66,1.13,1.48,0.73,1.57,0.26,1.13,1.2,0.51
806.37,22,1.52,1.53,0.47,1.47,1.86,1.19,2.67,1.14,1.49,0.74,1.57,0.27,1.14,1.22,0.52
807.38,22,1.51,1.53,0.47,1.47,1.86,1.2,2.66,1.14,1.48,0.73,1.57,0.27,1.15,1.22,0.51
808.38,22,1.5,1.53,0.46,1.48,1.85,1.2,2.65,1.13,1.48,0.73,1.57,0.26,1.14,1.21,0.5
809.38,22,1.52,1.53,0.47,1.47,1.86,1.19,2.66,1.13,1.49,0.74,1.57,0.27,1.15,1.22,0.51
810.4,22,1.52,1.52,0.47,1.47,1.85,1.19,2.67,1.12,1.49,0.73,1.57,0.27,1.15,1.22,0.51
811.4,22,1.52,1.54,0.47,1.48,1.86,1.2,2.68,1.14,1.49,0.74,1.57,0.27,1.15,1.22,0.51
812.4,22,1.51,1.53,0.47,1.45,1.85,1.19,2.66,1.13,1.48,0.73,1.57,0.27,1.15,1.22,0.51
813.4,22,1.51,1.53,0.47,1.47,1.85,1.21,2.66,1.13,1.48,0.74,1.57,0.27,1.14,1.21,0.5
814.4,22,1.52,1.52,0.47,1.47,1.84,1.19,2.66,1.13,1.48,0.74,1.58,0.26,1.15,1.22,0.51
815.4,22,1.51,1.53,0.49,1.47,1.85,1.19,2.66,1.12,1.48,0.72,1.56,0.25,1.15,1.21,0.5
816.4,22,1.53,1.57,0.67,1.46,1.85,1.21,2.65,1.11,1.52,0.75,1.56,0.29,1.19,1.21,0.5
817.4,22,1.52,1.56,0.7,1.47,1.86,1.25,2.68,1.12,1.59,0.79,1.58,0.34,1.19,1.21,0.53
818.42,22,1.51,1.53,0.62,1.47,1.87,1.24,2.65,1.11,1.57,0.76,1.56,0.31,1.17,1.19,0.53
819.42,22,1.51,1.52,0.54,1.47,1.86,1.21,2.67,1.11,1.53,0.74,1.57,0.28,1.15,1.21,0.52
820.42,22,1.51,1.52,0.5,1.47,1.86,1.21,2.66,1.11,1.49,0.74,1.56,0.27,1.15,1.2,0.52
821.42,22,1.51,1.53,0.48,1.47,1.85,1.21,2.65,1.12,1.48,0.73,1.58,0.27,1.15,1.19,0.51
822.43,22,1.5,1.51,0.46,1.47,1.85,1.19,2.65,1.12,1.48,0.73,1.57,0.27,1.13,1.2,0.49
823.43,22,1.51,1.53,0.47,1.48,1.86,1.21,2.66,1.12,1.48,0.74,1.58,0.26,1.14,1.21,0.51
824.43,22,1.5,1.52,0.45,1.45,1.84,1.18,2.65,1.13,1.47,0.73,1.56,0.26,1.14,1.2,0.5
825.43,22,1.5,1.52,0.44,1.45,1.83,1.18,2.63,1.12,1.47,0.71,1.56,0.25,1.13,1.21,0.49
826.43,22,1.5,1.53,0.46,1.46,1.84,1.2,2.65,1.12,1.48,0.72,1.57,0.26,1.14,1.21,0.51
827.43,22,1.51,1.52,0.46,1.47,1.84,1.18,2.67,1.13,1.47,0.73,1.57,0.26,1.14,1.2,0.51
828.43,22,1.51,1.52,0.45,1.46,1.84,1.19,2.63,1.11,1.46,0.72,1.57,0.25,1.14,1.21,0.5
829.43,22,1.51,1.51,0.45,1.46,1.84,1.17,2.66,1.12,1.47,0.72,1.56,0.26,1.14,1.2,0.5
830.45,22,1.5,1.52,0.46,1.45,1.84,1.19,2.63,1.12,1.47,0.71,1.57,0.25,1.13,1.2,0.5
831.45,22,1.52,1.53,0.47,1.47,1.85,1.2,2.67,1.13,1.48,0.73,1.57,0.26,1.15,1.21,0.51
832.45,22,1.5,1.52,0.45,1.46,1.85,1.19,2.65,1.12,1.47,0.72,1.56,0.25,1.14,1.2,0.51
833.47,22,1.51,1.53,0.46,1.47,1.84,1.17,2.66,1.13,1.47,0.73,1.57,0.26,1.14,1.2,0.5
834.47,22,1.52,1.54,0.56,1.45,1.84,1.19,2.65,1.11,1.49,0.72,1.56,0.26,1.15,1.21,0.49
835.47,22,1.52,1.54,0.61,1.47,1.85,1.22,2.67,1.12,1.54,0.76,1.57,0.3,1.16,1.21,0.51
836.47,22,1.51,1.52,0.54,1.47,1.86,1.22,2.67,1.12,1.51,0.74,1.56,0.28,1.16,1.2,0.51
837.47,22,1.5,1.52,0.49,1.47,1.87,1.19,2.66,1.12,1.49,0.73,1.56,0.28,1.15,1.2,0.52
838.48,22,1.51,1.52,0.48,1.47,1.86,1.2,2.66,1.12,1.48,0.73,1.58,0.27,1.15,1.2,0.51
839.48,22,1.51,1.52,0.46,1.46,1.86,1.19,2.65,1.11,1.47,0.72,1.58,0.26,1.13,1.19,0.49
840.48,22,1.51,1.53,0.46,1.47,1.85,1.19,2.66,1.12,1.47,0.73,1.57,0.26,1.14,1.21,0.5
841.5,22,1.51,1.52,0.45,1.46,1.85,1.19,2.66,1.12,1.47,0.72,1.56,0.25,1.13,1.21,0.5
842.5,22,1.5,1.5,0.44,1.45,1.83,1.19,2.63,1.11,1.45,0.71,1.56,0.24,1.13,1.19,0.49
843.5,22,1.5,1.51,0.45,1.46,1.85,1.19,2.65,1.11,1.47,0.72,1.56,0.25,1.13,1.2,0.49
844.52,22,1.5,1.52,0.44,1.45,1.85,1.16,2.66,1.12,1.47,0.72,1.56,0.26,1.14,1.2,0.49
845.52,22,1.5,1.52,0.45,1.45,1.85,1.18,2.65,1.12,1.46,0.72,1.56,0.25,1.13,1.2,0.49
846.52,22,1.5,1.52,0.45,1.45,1.85,1.17,2.65,1.11,1.46,0.71,1.55,0.25,1.13,1.2,0.49
847.52,22,1.51,1.52,0.46,1.46,1.85,1.19,2.66,1.12,1.47,0.72,1.57,0.26,1.13,1.2,0.5
848.52,22,1.51,1.52,0.45,1.46,1.84,1.19,2.66,1.11,1.46,0.72,1.58,0.25,1.13,1.19,0.5
849.52,22,1.51,1.53,0.46,1.46,1.85,1.19,2.66,1.12,1.48,0.73,1.58,0.26,1.14,1.21,0.51
850.53,22,1.5,1.52,0.45,1.46,1.85,1.19,2.65,1.12,1.47,0.72,1.57,0.25,1.14,1.19,0.49
851.53,22,1.5,1.53,0.45,1.46,1.86,1.18,2.65,1.11,1.47,0.72,1.56,0.25,1.14,1.19,0.49
852.53,22,1.51,1.52,0.47,1.46,1.85,1.18,2.65,1.11,1.47,0.71,1.57,0.25,1.13,1.19,0.49
853.53,22,1.51,1.54,0.51,1.45,1.86,1.18,2.65,1.12,1.49,0.74,1.56,0.27,1.14,1.21,0.5
854.55,22,1.5,1.52,0.49,1.46,1.86,1.2,2.65,1.11,1.48,0.73,1.56,0.26,1.14,1.2,0.5
855.55,22,1.51,1.53,0.48,1.47,1.87,1.19,2.68,1.11,1.49,0.73,1.57,0.26,1.16,1.21,0.51
856.55,22,1.49,1.51,0.45,1.45,1.85,1.18,2.65,1.1,1.47,0.72,1.55,0.25,1.14,1.19,0.49
857.55,22,1.51,1.52,0.45,1.46,1.85,1.19,2.65,1.11,1.47,0.72,1.56,0.25,1.12,1.19,0.49
858.55,22,1.49,1.51,0.43,1.45,1.84,1.17,2.63,1.1,1.46,0.7,1.54,0.24,1.12,1.18,0.48
859.55,22,1.5,1.52,0.45,1.46,1.84,1.19,2.65,1.1,1.46,0.71,1.56,0.26,1.13,1.2,0.49
860.57,22,1.5,1.51,0.45,1.46,1.86,1.19,2.63,1.12,1.47,0.71,1.56,0.24,1.13,1.18,0.49
861.57,22,1.49,1.5,0.45,1.45,1.85,1.17,2.66,1.11,1.45,0.71,1.56,0.24,1.13,1.19,0.49
862.57,22,1.5,1.52,0.44,1.45,1.85,1.17,2.63,1.11,1.46,0.72,1.56,0.24,1.13,1.19,0.5
863.57,22,1.49,1.52,0.45,1.45,1.84,1.17,2.65,1.11,1.47,0.71,1.57,0.25,1.13,1.2,0.49
864.58,22,1.5,1.52,0.44,1.45,1.84,1.18,2.62,1.11,1.47,0.72,1.57,0.25,1.13,1.19,0.49
865.58,22,1.5,1.52,0.45,1.46,1.85,1.16,2.65,1.11,1.47,0.72,1.56,0.24,1.13,1.2,0.49
866.58,22,1.49,1.51,0.44,1.45,1.84,1.17,2.63,1.11,1.46,0.71,1.55,0.25,1.12,1.19,0.49
867.58,22,1.5,1.52,0.45,1.45,1.84,1.18,2.63,1.1,1.47,0.71,1.55,0.25,1.13,1.19,0.49
868.58,22,1.5,1.52,0.45,1.46,1.85,1.19,2.63,1.12,1.46,0.72,1.56,0.25,1.13,1.19,0.48
869.58,22,1.51,1.52,0.45,1.46,1.85,1.18,2.65,1.11,1.46,0.72,1.56,0.24,1.13,1.2,0.5
870.6,22,1.5,1.52,0.45,1.45,1.85,1.17,2.65,1.1,1.46,0.71,1.56,0.25,1.13,1.19,0.49
871.6,22,1.5,1.52,0.46,1.45,1.85,1.16,2.63,1.11,1.47,0.72,1.56,0.25,1.14,1.19,0.48
872.62,22,1.5,1.51,0.48,1.44,1.85,1.17,2.63,1.1,1.46,0.73,1.56,0.26,1.13,1.19,0.48
873.62,22,1.49,1.52,0.46,1.46,1.84,1.19,2.65,1.1,1.47,0.72,1.55,0.24,1.12,1.19,0.49
874.62,22,1.5,1.51,0.45,1.46,1.85,1.18,2.65,1.11,1.47,0.72,1.57,0.25,1.12,1.19,0.49
875.62,22,1.49,1.51,0.44,1.45,1.85,1.17,2.63,1.1,1.45,0.71,1.55,0.24,1.12,1.18,0.49
876.62,22,1.49,1.52,0.44,1.45,1.86,1.17,2.63,1.1,1.46,0.71,1.56,0.25,1.12,1.19,0.49
877.63,22,1.5,1.52,0.45,1.46,1.86,1.17,2.66,1.11,1.46,0.71,1.56,0.25,1.13,1.19,0.48
878.63,22,1.49,1.51,0.43,1.45,1.84,1.17,2.63,1.1,1.45,0.71,1.55,0.24,1.13,1.19,0.48
879.63,22,1.5,1.51,0.45,1.45,1.85,1.18,2.66,1.12,1.46,0.71,1.56,0.24,1.13,1.2,0.49
880.63,22,1.5,1.5,0.43,1.46,1.85,1.17,2.65,1.11,1.46,0.72,1.56,0.24,1.12,1.18,0.49
881.63,22,1.5,1.5,0.44,1.45,1.84,1.16,2.65,1.12,1.46,0.71,1.56,0.24,1.12,1.19,0.48
882.63,22,1.5,1.51,0.43,1.44,1.85,1.18,2.65,1.11,1.46,0.7,1.55,0.24,1.12,1.19,0.48
883.63,22,1.5,1.51,0.44,1.45,1.85,1.18,2.62,1.11,1.46,0.72,1.55,0.25,1.13,1.19,0.49
884.63,22,1.5,1.51,0.44,1.45,1.85,1.18,2.63,1.11,1.46,0.71,1.56,0.24,1.12,1.19,0.48
885.65,22,1.5,1.51,0.45,1.44,1.84,1.17,2.63,1.11,1.46,0.71,1.56,0.23,1.12,1.19,0.48
886.65,22,1.5,1.52,0.45,1.44,1.86,1.18,2.63,1.12,1.46,0.71,1.56,0.25,1.12,1.19,0.48
887.65,22,1.51,1.53,0.44,1.44,1.85,1.16,2.65,1.11,1.46,0.71,1.56,0.24,1.13,1.19,0.49
888.65,22,1.51,1.52,0.45,1.45,1.86,1.18,2.66,1.11,1.47,0.72,1.56,0.25,1.13,1.2,0.5
889.67,22,1.5,1.5,0.44,1.45,1.84,1.17,2.63,1.1,1.45,0.7,1.56,0.25,1.13,1.18,0.47
890.67,22,1.5,1.52,0.44,1.45,1.84,1.18,2.63,1.1,1.46,0.7,1.56,0.24,1.13,1.19,0.49
891.67,22,1.5,1.52,0.45,1.45,1.85,1.17,2.65,1.11,1.48,0.72,1.56,0.25,1.13,1.18,0.49
892.67,22,1.5,1.51,0.44,1.44,1.85,1.17,2.62,1.1,1.46,0.71,1.55,0.25,1.11,1.18,0.48
893.67,22,1.5,1.51,0.44,1.45,1.85,1.17,2.65,1.1,1.46,0.71,1.55,0.23,1.13,1.18,0.49
894.68,22,1.49,1.5,0.44,1.45,1.85,1.18,2.63,1.1,1.45,0.71,1.56,0.25,1.11,1.17,0.49
895.68,22,1.5,1.51,0.45,1.45,1.85,1.17,2.65,1.11,1.46,0.72,1.56,0.25,1.13,1.19,0.48
896.68,22,1.49,1.51,0.44,1.46,1.84,1.17,2.63,1.1,1.44,0.71,1.55,0.23,1.12,1.18,0.48
897.68,22,1.48,1.51,0.43,1.43,1.85,1.16,2.63,1.1,1.46,0.7,1.55,0.24,1.12,1.18,0.48
898.68,22,1.49,1.5,0.43,1.45,1.84,1.17,2.62,1.1,1.46,0.71,1.55,0.24,1.13,1.19,0.49
899.68,22,1.5,1.52,0.44,1.45,1.86,1.19,2.63,1.1,1.46,0.71,1.56,0.24,1.13,1.19,0.48
900.68,22,1.5,1.51,0.44,1.43,1.85,1.17,2.65,1.1,1.45,0.7,1.55,0.24,1.12,1.19,0.48
901.7,22,1.5,1.51,0.44,1.45,1.84,1.17,2.62,1.1,1.46,0.71,1.55,0.25,1.12,1.18,0.48
902.7,22,1.5,1.52,0.43,1.45,1.85,1.18,2.63,1.12,1.47,0.71,1.56,0.25,1.13,1.19,0.49
903.7,22,1.51,1.53,0.45,1.45,1.86,1.17,2.65,1.11,1.47,0.72,1.57,0.25,1.13,1.2,0.5
904.7,22,1.51,1.52,0.45,1.45,1.86,1.18,2.65,1.11,1.47,0.72,1.56,0.25,1.14,1.19,0.49
905.7,22,1.5,1.52,0.44,1.45,1.85,1.18,2.63,1.1,1.45,0.71,1.56,0.23,1.12,1.19,0.49
906.7,22,1.5,1.51,0.44,1.45,1.86,1.18,2.63,1.11,1.46,0.72,1.56,0.24,1.13,1.19,0.49
907.7,22,1.49,1.52,0.44,1.44,1.85,1.17,2.63,1.1,1.46,0.72,1.56,0.25,1.12,1.18,0.49
908.72,22,1.48,1.5,0.44,1.44,1.85,1.17,2.61,1.1,1.45,0.7,1.55,0.23,1.12,1.18,0.48
909.72,22,1.49,1.51,0.44,1.45,1.85,1.17,2.63,1.1,1.46,0.71,1.54,0.24,1.12,1.18,0.48
910.72,22,1.49,1.52,0.44,1.45,1.85,1.17,2.65,1.1,1.45,0.71,1.55,0.24,1.12,1.18,0.49
911.72,22,1.48,1.5,0.44,1.44,1.85,1.17,2.65,1.09,1.44,0.7,1.55,0.24,1.12,1.17,0.48
912.73,22,1.49,1.51,0.43,1.44,1.83,1.17,2.63,1.1,1.45,0.7,1.54,0.23,1.12,1.18,0.48
913.73,22,1.5,1.52,0.44,1.45,1.85,1.18,2.65,1.11,1.47,0.72,1.56,0.25,1.13,1.2,0.49
914.73,22,1.49,1.51,0.43,1.44,1.84,1.17,2.63,1.1,1.45,0.7,1.54,0.24,1.12,1.18,0.48
915.75,22,1.49,1.5,0.43,1.45,1.84,1.17,2.63,1.1,1.46,0.7,1.55,0.24,1.12,1.18,0.48
916.75,22,1.49,1.51,0.43,1.44,1.84,1.18,2.63,1.1,1.46,0.7,1.54,0.24,1.13,1.18,0.48
917.75,22,1.49,1.49,0.43,1.43,1.84,1.14,2.62,1.09,1.44,0.7,1.55,0.23,1.1,1.17,0.47
918.75,22,1.49,1.51,0.43,1.45,1.84,1.17,2.63,1.09,1.46,0.7,1.55,0.23,1.11,1.18,0.48
919.75,22,1.49,1.52,0.44,1.44,1.85,1.17,2.63,1.11,1.46,0.71,1.55,0.24,1.11,1.18,0.48
920.77,22,1.49,1.51,0.43,1.44,1.84,1.17,2.63,1.1,1.45,0.7,1.54,0.23,1.11,1.17,0.48
921.77,22,1.51,1.53,0.45,1.45,1.86,1.19,2.65,1.11,1.47,0.72,1.57,0.25,1.13,1.19,0.49
922.78,22,1.5,1.52,0.44,1.46,1.85,1.18,2.63,1.1,1.45,0.71,1.56,0.24,1.12,1.17,0.48
923.78,22,1.5,1.51,0.44,1.45,1.85,1.17,2.63,1.1,1.45,0.71,1.55,0.24,1.11,1.18,0.48
924.78,22,1.5,1.52,0.45,1.45,1.85,1.17,2.65,1.1,1.46,0.71,1.57,0.25,1.12,1.18,0.49
925.78,22,1.5,1.51,0.44,1.45,1.86,1.18,2.63,1.11,1.45,0.72,1.56,0.24,1.13,1.18,0.48
926.8,22,1.5,1.5,0.44,1.45,1.84,1.17,2.62,1.09,1.45,0.71,1.55,0.24,1.12,1.18,0.48
927.8,22,1.49,1.52,0.43,1.45,1.85,1.18,2.63,1.1,1.45,0.71,1.56,0.24,1.12,1.18,0.49
928.8,22,1.49,1.51,0.43,1.45,1.86,1.18,2.65,1.1,1.46,0.71,1.56,0.24,1.13,1.18,0.48
929.8,22,1.5,1.51,0.44,1.45,1.85,1.17,2.63,1.1,1.45,0.71,1.55,0.25,1.12,1.18,0.47
930.8,22,1.49,1.51,0.43,1.44,1.85,1.17,2.63,1.1,1.45,0.7,1.55,0.23,1.12,1.18,0.48
931.8,22,1.49,1.51,0.44,1.44,1.85,1.16,2.65,1.1,1.45,0.71,1.56,0.23,1.12,1.18,0.48
932.82,22,1.5,1.51,0.44,1.44,1.84,1.16,2.63,1.11,1.45,0.7,1.56,0.24,1.12,1.18,0.48
933.82,22,1.49,1.52,0.43,1.45,1.85,1.16,2.63,1.11,1.46,0.71,1.55,0.23,1.11,1.19,0.48
934.82,22,1.49,1.5,0.43,1.43,1.84,1.16,2.63,1.1,1.44,0.7,1.55,0.23,1.12,1.18,0.47
935.82,22,1.49,1.51,0.44,1.44,1.85,1.17,2.65,1.11,1.46,0.71,1.56,0.24,1.13,1.18,0.48
936.82,22,1.49,1.51,0.43,1.45,1.83,1.17,2.62,1.1,1.45,0.69,1.54,0.23,1.11,1.18,0.47
937.83,22,1.49,1.51,0.43,1.44,1.84,1.17,2.62,1.09,1.45,0.7,1.55,0.24,1.11,1.18,0.48
938.83,22,1.5,1.51,0.43,1.45,1.85,1.17,2.63,1.1,1.45,0.71,1.55,0.24,1.11,1.18,0.48
939.83,22,1.5,1.5,0.43,1.45,1.84,1.17,2.61,1.09,1.45,0.7,1.55,0.24,1.12,1.18,0.47
940.83,22,1.5,1.51,0.44,1.46,1.84,1.17,2.62,1.1,1.46,0.71,1.55,0.24,1.12,1.19,0.47
941.85,22,1.5,1.53,0.45,1.46,1.86,1.18,2.63,1.1,1.46,0.71,1.55,0.24,1.13,1.18,0.49
942.85,22,1.49,1.51,0.43,1.44,1.85,1.18,2.62,1.1,1.46,0.7,1.54,0.24,1.12,1.17,0.47
943.85,22,1.5,1.52,0.43,1.44,1.84,1.17,2.63,1.1,1.46,0.7,1.55,0.24,1.12,1.18,0.48
944.85,22,1.48,1.5,0.43,1.43,1.84,1.16,2.61,1.09,1.45,0.7,1.54,0.23,1.12,1.17,0.47
945.87,22,1.49,1.51,0.43,1.44,1.84,1.16,2.62,1.09,1.45,0.7,1.54,0.23,1.12,1.17,0.48
946.87,22,1.48,1.51,0.43,1.44,1.84,1.16,2.62,1.09,1.45,0.7,1.54,0.23,1.11,1.17,0.47
947.87,22,1.49,1.51,0.42,1.44,1.85,1.17,2.63,1.1,1.46,0.7,1.55,0.23,1.12,1.18,0.48
948.88,22,1.48,1.51,0.42,1.44,1.83,1.15,2.61,1.08,1.45,0.69,1.55,0.23,1.11,1.16,0.47
949.88,22,1.48,1.51,0.42,1.43,1.84,1.16,2.62,1.1,1.44,0.69,1.54,0.23,1.11,1.17,0.47
950.88,22,1.48,1.51,0.41,1.43,1.84,1.17,2.62,1.09,1.45,0.7,1.54,0.22,1.11,1.17,0.47
951.88,22,1.49,1.5,0.42,1.44,1.84,1.16,2.63,1.1,1.45,0.69,1.54,0.24,1.11,1.18,0.47
952.88,22,1.49,1.51,0.44,1.44,1.85,1.18,2.62,1.09,1.46,0.71,1.55,0.24,1.12,1.18,0.48
953.88,22,1.49,1.5,0.43,1.44,1.84,1.17,2.62,1.1,1.45,0.7,1.55,0.22,1.11,1.18,0.47
954.9,22,1.49,1.51,0.44,1.45,1.85,1.16,2.63,1.1,1.46,0.7,1.54,0.24,1.12,1.18,0.47
955.9,22,1.48,1.5,0.42,1.43,1.84,1.16,2.62,1.09,1.45,0.69,1.54,0.23,1.11,1.17,0.47
956.9,22,1.49,1.51,0.43,1.44,1.83,1.16,2.61,1.08,1.44,0.69,1.55,0.23,1.11,1.17,0.48
957.9,22,1.5,1.51,0.43,1.45,1.84,1.18,2.63,1.1,1.45,0.7,1.54,0.23,1.13,1.19,0.48
958.9,22,1.5,1.5,0.44,1.44,1.84,1.15,2.63,1.08,1.45,0.71,1.53,0.24,1.11,1.18,0.47
959.92,22,1.5,1.52,0.44,1.45,1.85,1.18,2.65,1.1,1.45,0.71,1.56,0.23,1.12,1.18,0.48
960.92,22,1.5,1.52,0.43,1.44,1.84,1.17,2.62,1.1,1.45,0.7,1.55,0.24,1.13,1.18,0.48
961.92,22,1.5,1.51,0.43,1.45,1.85,1.17,2.63,1.1,1.45,0.71,1.55,0.23,1.11,1.17,0.48
962.92,22,1.49,1.51,0.43,1.44,1.85,1.16,2.63,1.1,1.45,0.7,1.56,0.23,1.12,1.18,0.48
963.92,22,1.48,1.49,0.41,1.44,1.83,1.16,2.61,1.09,1.44,0.69,1.55,0.23,1.11,1.18,0.47
964.92,22,1.49,1.51,0.43,1.45,1.84,1.16,2.62,1.1,1.46,0.69,1.55,0.23,1.11,1.18,0.48
965.93,22,1.48,1.5,0.43,1.43,1.84,1.16,2.61,1.09,1.44,0.69,1.54,0.22,1.11,1.17,0.46
966.93,22,1.48,1.5,0.43,1.43,1.83,1.16,2.63,1.09,1.44,0.7,1.55,0.23,1.12,1.17,0.48
967.93,22,1.48,1.5,0.42,1.43,1.84,1.17,2.62,1.09,1.44,0.68,1.55,0.23,1.11,1.17,0.47
968.93,22,1.48,1.49,0.41,1.43,1.83,1.16,2.61,1.09,1.44,0.69,1.53,0.23,1.11,1.16,0.47
969.93,22,1.49,1.5,0.42,1.44,1.83,1.16,2.6,1.1,1.46,0.7,1.55,0.23,1.11,1.18,0.47
970.93,22,1.49,1.5,0.42,1.43,1.84,1.15,2.63,1.09,1.45,0.71,1.55,0.23,1.12,1.18,0.48
971.93,22,1.49,1.5,0.42,1.44,1.84,1.17,2.62,1.1,1.45,0.7,1.56,0.23,1.11,1.17,0.46
972.93,22,1.5,1.52,0.44,1.44,1.84,1.16,2.62,1.09,1.45,0.7,1.55,0.23,1.12,1.18,0.47
973.93,22,1.49,1.5,0.42,1.43,1.84,1.14,2.62,1.09,1.44,0.69,1.54,0.22,1.12,1.17,0.46
974.95,22,1.49,1.51,0.42,1.44,1.84,1.16,2.61,1.1,1.45,0.7,1.56,0.23,1.12,1.18,0.47
975.95,22,1.49,1.51,0.43,1.44,1.84,1.17,2.62,1.1,1.46,0.71,1.55,0.23,1.11,1.17,0.48
976.95,22,1.5,1.51,0.43,1.45,1.85,1.17,2.62,1.1,1.45,0.71,1.56,0.24,1.13,1.19,0.48
977.95,22,1.5,1.51,0.44,1.44,1.85,1.18,2.62,1.09,1.46,0.7,1.55,0.23,1.12,1.18,0.48
978.95,22,1.5,1.52,0.43,1.43,1.84,1.17,2.62,1.09,1.45,0.7,1.55,0.23,1.12,1.18,0.48
979.95,22,1.49,1.51,0.43,1.44,1.84,1.16,2.62,1.09,1.45,0.69,1.54,0.23,1.12,1.18,0.46
980.95,22,1.48,1.5,0.42,1.44,1.83,1.17,2.62,1.09,1.44,0.7,1.54,0.23,1.11,1.17,0.47
981.97,22,1.48,1.5,0.42,1.43,1.83,1.15,2.62,1.08,1.44,0.69,1.53,0.22,1.1,1.16,0.47
982.97,22,1.49,1.51,0.43,1.44,1.84,1.17,2.63,1.1,1.45,0.7,1.55,0.23,1.12,1.18,0.48
983.97,22,1.49,1.5,0.43,1.44,1.84,1.15,2.62,1.1,1.44,0.69,1.54,0.23,1.1,1.17,0.47
984.97,22,1.49,1.5,0.42,1.44,1.84,1.16,2.61,1.09,1.44,0.69,1.54,0.22,1.11,1.16,0.47
985.97,22,1.48,1.51,0.41,1.43,1.83,1.16,2.62,1.09,1.44,0.69,1.54,0.22,1.1,1.17,0.47
986.97,22,1.48,1.51,0.42,1.44,1.84,1.16,2.61,1.09,1.45,0.69,1.55,0.23,1.11,1.16,0.47
987.97,22,1.49,1.5,0.43,1.44,1.84,1.17,2.62,1.08,1.45,0.69,1.54,0.23,1.11,1.17,0.46
988.98,22,1.5,1.51,0.44,1.44,1.85,1.16,2.63,1.1,1.46,0.7,1.55,0.24,1.12,1.17,0.48
989.98,22,1.49,1.51,0.42,1.43,1.84,1.16,2.62,1.09,1.44,0.7,1.55,0.23,1.11,1.17,0.47
990.98,22,1.49,1.51,0.43,1.44,1.85,1.16,2.63,1.09,1.44,0.69,1.54,0.24,1.12,1.17,0.47
991.98,22,1.49,1.51,0.42,1.43,1.84,1.17,2.61,1.1,1.44,0.7,1.55,0.24,1.12,1.18,0.48
992.98,22,1.48,1.51,0.42,1.43,1.83,1.16,2.62,1.09,1.44,0.69,1.54,0.23,1.1,1.17,0.47
993.98,22,1.49,1.5,0.42,1.43,1.83,1.16,2.62,1.09,1.43,0.69,1.55,0.22,1.1,1.16,0.46
994.98,22,1.49,1.51,0.43,1.43,1.84,1.15,2.62,1.09,1.44,0.7,1.54,0.23,1.11,1.17,0.47
995.98,22,1.49,1.5,0.43,1.43,1.84,1.17,2.62,1.09,1.44,0.69,1.53,0.22,1.1,1.16,0.47
996.98,22,1.5,1.51,0.44,1.45,1.85,1.18,2.65,1.09,1.46,0.71,1.55,0.24,1.12,1.18,0.48
998,22,1.5,1.52,0.44,1.45,1.85,1.17,2.65,1.1,1.46,0.71,1.54,0.24,1.12,1.17,0.48
999,22,1.49,1.51,0.43,1.43,1.84,1.16,2.62,1.09,1.45,0.69,1.54,0.24,1.11,1.18,0.47
1000,22,1.49,1.51,0.42,1.44,1.84,1.16,2.62,1.09,1.45,0.7,1.56,0.23,1.12,1.17,0.47
1001,22,1.49,1.51,0.43,1.45,1.84,1.15,2.63,1.1,1.45,0.7,1.54,0.24,1.12,1.18,0.48
1002.02,22,1.48,1.49,0.42,1.43,1.83,1.15,2.61,1.09,1.44,0.69,1.55,0.22,1.1,1.17,0.46
1003.02,22,1.49,1.5,0.42,1.43,1.84,1.17,2.62,1.09,1.45,0.7,1.55,0.23,1.11,1.17,0.47
1004.02,22,1.48,1.51,0.42,1.44,1.84,1.17,2.62,1.08,1.45,0.7,1.54,0.23,1.1,1.18,0.47
1005.02,22,1.48,1.5,0.41,1.42,1.83,1.15,2.61,1.08,1.43,0.69,1.53,0.22,1.1,1.16,0.46
1006.02,22,1.49,1.52,0.43,1.45,1.85,1.17,2.62,1.1,1.46,0.7,1.56,0.23,1.12,1.17,0.47
1007.02,22,1.48,1.51,0.42,1.43,1.84,1.16,2.62,1.09,1.44,0.7,1.54,0.22,1.11,1.17,0.47
1008.02,22,1.48,1.5,0.42,1.43,1.82,1.16,2.61,1.09,1.43,0.68,1.53,0.22,1.1,1.16,0.47
1009.03,22,1.49,1.5,0.42,1.43,1.84,1.17,2.61,1.09,1.44,0.69,1.53,0.23,1.12,1.17,0.47
1010.03,22,1.49,1.5,0.42,1.44,1.84,1.15,2.62,1.09,1.45,0.69,1.54,0.23,1.12,1.18,0.47
1011.03,22,1.48,1.49,0.41,1.42,1.83,1.14,2.6,1.08,1.43,0.69,1.53,0.22,1.1,1.16,0.46
1012.03,22,1.5,1.51,0.43,1.44,1.84,1.17,2.62,1.09,1.46,0.7,1.55,0.23,1.11,1.18,0.47
1013.03,22,1.48,1.51,0.43,1.43,1.83,1.16,2.61,1.09,1.44,0.7,1.54,0.23,1.1,1.17,0.47
1014.03,22,1.49,1.5,0.42,1.43,1.84,1.16,2.62,1.09,1.45,0.7,1.53,0.22,1.11,1.17,0.47
1015.03,22,1.49,1.51,0.43,1.44,1.84,1.16,2.62,1.1,1.45,0.7,1.55,0.24,1.12,1.18,0.47
1016.03,22,1.5,1.51,0.42,1.44,1.85,1.16,2.63,1.09,1.44,0.69,1.55,0.24,1.12,1.18,0.48
1017.03,22,1.5,1.51,0.44,1.44,1.84,1.17,2.62,1.1,1.46,0.7,1.56,0.24,1.13,1.17,0.48
1018.05,22,1.49,1.52,0.43,1.45,1.85,1.15,2.63,1.1,1.45,0.71,1.55,0.23,1.12,1.18,0.47
1019.05,22,1.49,1.5,0.43,1.44,1.84,1.15,2.63,1.09,1.46,0.7,1.54,0.22,1.11,1.17,0.47
1020.05,22,1.48,1.51,0.43,1.44,1.83,1.17,2.62,1.09,1.44,0.7,1.53,0.23,1.12,1.18,0.48
1021.05,22,1.48,1.51,0.42,1.43,1.84,1.16,2.62,1.09,1.43,0.68,1.53,0.22,1.11,1.17,0.47
1022.05,22,1.48,1.5,0.41,1.44,1.83,1.16,2.62,1.09,1.43,0.69,1.53,0.23,1.09,1.16,0.47
1023.07,22,1.48,1.49,0.42,1.44,1.83,1.17,2.6,1.09,1.44,0.69,1.54,0.23,1.1,1.17,0.46
1024.07,22,1.49,1.51,0.43,1.44,1.84,1.16,2.62,1.09,1.45,0.69,1.54,0.23,1.11,1.18,0.47
1025.08,22,1.48,1.5,0.41,1.43,1.83,1.15,2.61,1.09,1.44,0.69,1.54,0.23,1.11,1.16,0.46
1026.08,22,1.48,1.5,0.42,1.43,1.83,1.15,2.61,1.08,1.44,0.69,1.54,0.22,1.11,1.17,0.47
1027.08,22,1.49,1.5,0.43,1.43,1.84,1.16,2.62,1.1,1.46,0.7,1.55,0.23,1.11,1.17,0.48
1028.08,22,1.48,1.51,0.42,1.44,1.83,1.14,2.62,1.1,1.45,0.7,1.54,0.24,1.11,1.16,0.48
1029.08,22,1.5,1.53,0.43,1.44,1.83,1.17,2.63,1.1,1.45,0.7,1.55,0.24,1.12,1.18,0.48
1030.1,22,1.48,1.5,0.42,1.44,1.83,1.16,2.63,1.09,1.44,0.69,1.54,0.23,1.11,1.17,0.47
1031.1,22,1.48,1.5,0.42,1.43,1.83,1.15,2.61,1.09,1.44,0.69,1.54,0.22,1.11,1.17,0.47
1032.1,22,1.48,1.5,0.42,1.43,1.82,1.16,2.61,1.09,1.44,0.69,1.54,0.22,1.1,1.16,0.47
1033.1,22,1.49,1.5,0.42,1.43,1.83,1.15,2.62,1.09,1.45,0.7,1.54,0.23,1.11,1.17,0.47
1034.1,22,1.49,1.51,0.42,1.43,1.83,1.16,2.62,1.09,1.44,0.7,1.54,0.22,1.11,1.17,0.47
1035.1,22,1.49,1.51,0.43,1.44,1.84,1.17,2.62,1.09,1.44,0.7,1.55,0.22,1.11,1.18,0.46
1036.12,22,1.49,1.51,0.43,1.44,1.83,1.16,2.62,1.09,1.45,0.7,1.55,0.23,1.11,1.17,0.47
1037.12,22,1.49,1.5,0.43,1.44,1.83,1.17,2.62,1.08,1.44,0.69,1.54,0.23,1.12,1.16,0.47
1038.12,22,1.5,1.5,0.43,1.44,1.83,1.16,2.62,1.09,1.44,0.7,1.54,0.22,1.11,1.17,0.47
1039.12,22,1.48,1.51,0.42,1.43,1.84,1.16,2.62,1.09,1.44,0.7,1.55,0.23,1.11,1.18,0.47
1040.12,22,1.49,1.51,0.43,1.44,1.84,1.16,2.63,1.09,1.44,0.7,1.55,0.24,1.11,1.17,0.48
1041.12,22,1.48,1.49,0.42,1.43,1.84,1.16,2.61,1.09,1.45,0.69,1.54,0.22,1.1,1.17,0.47
1042.13,22,1.48,1.49,0.42,1.43,1.84,1.15,2.61,1.09,1.43,0.68,1.54,0.22,1.1,1.17,0.47
1043.13,22,1.49,1.5,0.41,1.44,1.83,1.16,2.61,1.09,1.45,0.69,1.53,0.22,1.1,1.17,0.46
1044.13,22,1.48,1.5,0.42,1.44,1.84,1.15,2.62,1.09,1.44,0.7,1.54,0.22,1.11,1.17,0.47
1045.13,22,1.48,1.5,0.41,1.43,1.83,1.14,2.61,1.07,1.43,0.68,1.54,0.22,1.09,1.15,0.46
1046.13,22,1.47,1.49,0.41,1.42,1.82,1.14,2.6,1.09,1.43,0.68,1.53,0.21,1.09,1.16,0.46
1047.15,22,1.49,1.51,0.42,1.44,1.82,1.16,2.61,1.09,1.45,0.69,1.54,0.23,1.1,1.17,0.47
1048.15,22,1.47,1.5,0.41,1.42,1.82,1.15,2.62,1.08,1.44,0.68,1.53,0.22,1.1,1.16,0.46
1049.15,22,1.49,1.51,0.42,1.44,1.83,1.15,2.61,1.09,1.44,0.69,1.54,0.23,1.11,1.17,0.46
1050.17,22,1.47,1.5,0.42,1.43,1.83,1.15,2.6,1.09,1.44,0.69,1.53,0.23,1.1,1.17,0.47
1051.17,22,1.48,1.5,0.42,1.43,1.84,1.16,2.62,1.08,1.44,0.69,1.53,0.22,1.1,1.16,0.46
1052.17,22,1.49,1.51,0.43,1.44,1.84,1.16,2.62,1.09,1.44,0.7,1.54,0.24,1.11,1.18,0.48
1053.17,22,1.49,1.51,0.42,1.44,1.84,1.15,2.61,1.08,1.44,0.7,1.54,0.22,1.1,1.17,0.46
1054.17,22,1.49,1.51,0.43,1.43,1.82,1.16,2.62,1.09,1.44,0.7,1.54,0.22,1.11,1.17,0.46
1055.17,22,1.49,1.51,0.43,1.43,1.83,1.15,2.62,1.1,1.44,0.69,1.53,0.24,1.11,1.17,0.47
1056.18,22,1.5,1.51,0.43,1.43,1.83,1.17,2.62,1.09,1.45,0.69,1.53,0.22,1.11,1.17,0.47
1057.18,22,1.5,1.52,0.42,1.45,1.84,1.17,2.62,1.1,1.45,0.71,1.54,0.23,1.12,1.17,0.47
1058.18,22,1.48,1.5,0.41,1.43,1.83,1.15,2.61,1.08,1.44,0.69,1.54,0.22,1.1,1.16,0.46
1059.18,22,1.49,1.51,0.42,1.43,1.84,1.15,2.62,1.1,1.45,0.69,1.55,0.22,1.11,1.18,0.47
1060.18,22,1.47,1.48,0.41,1.42,1.83,1.15,2.6,1.07,1.43,0.68,1.53,0.22,1.1,1.16,0.46
1061.18,22,1.48,1.49,0.42,1.44,1.84,1.14,2.61,1.09,1.44,0.69,1.55,0.22,1.11,1.17,0.46
1062.18,22,1.48,1.5,0.42,1.43,1.84,1.15,2.61,1.09,1.44,0.69,1.54,0.22,1.1,1.16,0.46
1063.18,22,1.49,1.51,0.42,1.43,1.83,1.15,2.62,1.09,1.44,0.69,1.54,0.23,1.1,1.17,0.47
1064.18,22,1.49,1.49,0.42,1.44,1.84,1.17,2.61,1.09,1.44,0.7,1.54,0.23,1.12,1.17,0.46
1065.2,22,1.49,1.51,0.42,1.42,1.84,1.17,2.61,1.09,1.45,0.69,1.54,0.23,1.11,1.17,0.47
1066.2,22,1.49,1.5,0.42,1.43,1.84,1.16,2.61,1.09,1.45,0.69,1.54,0.23,1.1,1.17,0.47
1067.2,22,1.48,1.5,0.42,1.44,1.83,1.15,2.62,1.09,1.44,0.69,1.54,0.22,1.1,1.16,0.46
1068.2,22,1.47,1.49,0.42,1.43,1.83,1.16,2.62,1.08,1.43,0.68,1.53,0.21,1.11,1.17,0.46
1069.22,22,1.49,1.5,0.42,1.44,1.84,1.16,2.62,1.09,1.45,0.7,1.53,0.22,1.1,1.16,0.46
1070.22,22,1.49,1.51,0.42,1.44,1.83,1.16,2.62,1.1,1.44,0.7,1.53,0.22,1.11,1.17,0.47
1071.22,22,1.5,1.51,0.43,1.44,1.84,1.15,2.62,1.09,1.45,0.7,1.54,0.23,1.11,1.18,0.48
1072.22,22,1.49,1.51,0.42,1.44,1.84,1.17,2.62,1.09,1.44,0.7,1.54,0.23,1.12,1.17,0.47
1073.22,22,1.5,1.5,0.43,1.44,1.84,1.16,2.63,1.09,1.45,0.7,1.55,0.23,1.12,1.17,0.47
1074.22,22,1.49,1.51,0.42,1.44,1.84,1.16,2.63,1.08,1.44,0.69,1.54,0.23,1.12,1.17,0.47
1075.23,22,1.49,1.5,0.43,1.44,1.83,1.16,2.62,1.09,1.43,0.7,1.54,0.23,1.1,1.17,0.47
1076.23,22,1.49,1.5,0.41,1.45,1.83,1.16,2.61,1.08,1.44,0.69,1.54,0.22,1.12,1.16,0.47
1077.23,22,1.49,1.5,0.42,1.44,1.84,1.16,2.62,1.1,1.45,0.7,1.54,0.23,1.11,1.17,0.48
1078.23,22,1.48,1.5,0.42,1.44,1.84,1.15,2.62,1.09,1.44,0.7,1.55,0.23,1.12,1.17,0.47
1079.25,22,1.48,1.5,0.41,1.43,1.83,1.15,2.61,1.09,1.44,0.69,1.54,0.23,1.1,1.17,0.46
1080.25,22,1.48,1.49,0.4,1.42,1.83,1.14,2.61,1.08,1.43,0.68,1.54,0.22,1.09,1.16,0.45
1081.25,22,1.49,1.5,0.42,1.44,1.83,1.16,2.62,1.09,1.44,0.69,1.54,0.23,1.12,1.17,0.47
1082.25,22,1.48,1.49,0.42,1.43,1.83,1.15,2.61,1.09,1.43,0.68,1.54,0.22,1.1,1.16,0.47
1083.25,22,1.48,1.49,0.42,1.42,1.82,1.15,2.61,1.08,1.43,0.69,1.54,0.23,1.1,1.17,0.46
1084.27,22,1.49,1.49,0.41,1.42,1.83,1.15,2.62,1.09,1.44,0.69,1.54,0.22,1.1,1.17,0.47
1085.27,22,1.49,1.5,0.42,1.43,1.83,1.15,2.62,1.09,1.44,0.7,1.54,0.22,1.1,1.17,0.47
1086.27,22,1.49,1.51,0.42,1.42,1.84,1.16,2.62,1.09,1.45,0.7,1.54,0.22,1.1,1.17,0.47
1087.27,22,1.48,1.51,0.43,1.43,1.83,1.16,2.61,1.09,1.44,0.69,1.53,0.22,1.11,1.17,0.46
1088.28,22,1.49,1.5,0.43,1.43,1.82,1.16,2.61,1.08,1.43,0.68,1.53,0.23,1.11,1.16,0.47
1089.28,22,1.49,1.51,0.42,1.44,1.84,1.14,2.61,1.09,1.45,0.7,1.54,0.23,1.1,1.17,0.46
1090.28,22,1.49,1.5,0.43,1.44,1.83,1.15,2.61,1.09,1.44,0.69,1.53,0.23,1.1,1.17,0.47
1091.28,22,1.49,1.51,0.43,1.43,1.83,1.17,2.62,1.09,1.44,0.7,1.54,0.23,1.1,1.17,0.47
1092.28,22,1.5,1.51,0.43,1.44,1.83,1.16,2.61,1.09,1.45,0.7,1.53,0.24,1.11,1.17,0.47
1093.28,22,1.48,1.49,0.41,1.43,1.83,1.15,2.62,1.08,1.44,0.69,1.53,0.22,1.1,1.16,0.46
1094.28,22,1.49,1.51,0.42,1.43,1.83,1.15,2.61,1.08,1.44,0.69,1.54,0.22,1.11,1.16,0.46
1095.3,22,1.49,1.51,0.43,1.44,1.83,1.16,2.62,1.09,1.46,0.69,1.54,0.23,1.11,1.16,0.48
1096.3,22,1.49,1.51,0.42,1.44,1.85,1.16,2.62,1.1,1.45,0.69,1.54,0.23,1.12,1.18,0.47
1097.3,22,1.48,1.49,0.42,1.44,1.83,1.16,2.62,1.09,1.45,0.68,1.55,0.22,1.1,1.17,0.47
1098.3,22,1.48,1.51,0.41,1.42,1.82,1.14,2.59,1.07,1.43,0.68,1.53,0.22,1.1,1.16,0.45
1099.32,22,1.47,1.48,0.4,1.41,1.82,1.14,2.6,1.07,1.44,0.67,1.53,0.21,1.09,1.15,0.46
1100.32,22,1.48,1.49,0.41,1.43,1.83,1.16,2.61,1.08,1.44,0.69,1.54,0.22,1.1,1.16,0.46
1101.32,22,1.48,1.49,0.41,1.42,1.82,1.15,2.61,1.08,1.44,0.69,1.54,0.22,1.1,1.16,0.46
1102.32,22,1.48,1.49,0.42,1.42,1.84,1.15,2.61,1.09,1.45,0.68,1.54,0.23,1.1,1.16,0.46
1103.32,22,1.49,1.5,0.42,1.43,1.83,1.15,2.62,1.08,1.43,0.7,1.53,0.22,1.12,1.16,0.47
1104.32,22,1.48,1.49,0.41,1.43,1.83,1.15,2.61,1.08,1.44,0.69,1.54,0.22,1.1,1.16,0.46
1105.33,22,1.49,1.5,0.42,1.44,1.83,1.16,2.62,1.09,1.44,0.7,1.55,0.23,1.11,1.17,0.47
1106.33,22,1.48,1.49,0.42,1.43,1.83,1.14,2.6,1.08,1.44,0.69,1.54,0.22,1.1,1.16,0.46
1107.33,22,1.49,1.49,0.42,1.43,1.82,1.14,2.6,1.08,1.43,0.69,1.54,0.21,1.1,1.16,0.46
1108.33,22,1.49,1.5,0.41,1.43,1.83,1.16,2.61,1.08,1.43,0.7,1.54,0.22,1.1,1.17,0.46
1109.35,22,1.49,1.51,0.42,1.43,1.83,1.15,2.63,1.07,1.44,0.69,1.54,0.22,1.11,1.17,0.46
1110.35,22,1.49,1.5,0.42,1.42,1.83,1.16,2.61,1.08,1.44,0.69,1.52,0.22,1.11,1.16,0.46
1111.35,22,1.49,1.49,0.42,1.43,1.83,1.16,2.61,1.09,1.44,0.68,1.53,0.23,1.1,1.16,0.46
1112.37,22,1.49,1.51,0.43,1.44,1.84,1.16,2.61,1.09,1.44,0.7,1.55,0.23,1.1,1.16,0.47
1113.37,22,1.49,1.51,0.43,1.43,1.84,1.16,2.62,1.09,1.45,0.7,1.54,0.23,1.11,1.17,0.46
1114.37,22,1.48,1.51,0.42,1.44,1.83,1.16,2.61,1.09,1.44,0.7,1.54,0.22,1.11,1.16,0.46
1115.37,22,1.49,1.5,0.41,1.43,1.83,1.15,2.61,1.09,1.43,0.68,1.54,0.22,1.09,1.17,0.47
1116.37,22,1.47,1.5,0.41,1.42,1.83,1.14,2.6,1.08,1.42,0.68,1.54,0.22,1.09,1.16,0.46
1117.37,22,1.48,1.49,0.41,1.41,1.83,1.13,2.6,1.07,1.43,0.69,1.53,0.22,1.09,1.17,0.45
1118.38,22,1.48,1.5,0.42,1.43,1.84,1.15,2.62,1.09,1.44,0.68,1.55,0.22,1.1,1.18,0.47
1119.38,22,1.48,1.5,0.41,1.44,1.83,1.15,2.61,1.09,1.44,0.7,1.54,0.22,1.11,1.16,0.46
1120.38,22,1.47,1.49,0.41,1.42,1.83,1.15,2.6,1.08,1.43,0.68,1.53,0.22,1.09,1.16,0.46
1121.4,22,1.48,1.49,0.41,1.42,1.83,1.13,2.6,1.08,1.43,0.68,1.53,0.21,1.09,1.16,0.46
1122.4,22,1.48,1.49,0.41,1.42,1.83,1.15,2.61,1.08,1.43,0.69,1.53,0.21,1.09,1.16,0.45
1123.4,22,1.47,1.5,0.41,1.43,1.82,1.15,2.61,1.08,1.43,0.68,1.53,0.22,1.1,1.16,0.46
1124.4,22,1.48,1.49,0.42,1.43,1.83,1.16,2.61,1.08,1.44,0.69,1.54,0.22,1.11,1.17,0.46
1125.4,22,1.48,1.5,0.41,1.42,1.82,1.15,2.61,1.07,1.43,0.68,1.53,0.22,1.1,1.16,0.45
1126.42,22,1.48,1.49,0.41,1.43,1.82,1.16,2.61,1.08,1.44,0.7,1.54,0.22,1.1,1.16,0.47
1127.42,22,1.48,1.5,0.42,1.42,1.83,1.15,2.61,1.08,1.44,0.68,1.54,0.22,1.1,1.16,0.46
1128.42,22,1.48,1.5,0.42,1.42,1.82,1.15,2.61,1.08,1.43,0.68,1.53,0.22,1.1,1.15,0.45
1129.43,22,1.48,1.5,0.41,1.43,1.82,1.13,2.6,1.07,1.43,0.68,1.53,0.22,1.1,1.16,0.46
1130.43,22,1.48,1.5,0.42,1.43,1.82,1.15,2.61,1.09,1.44,0.69,1.54,0.22,1.09,1.16,0.46
1131.43,22,1.49,1.5,0.42,1.43,1.83,1.16,2.61,1.08,1.44,0.7,1.54,0.23,1.1,1.17,0.47
1132.43,22,1.49,1.5,0.43,1.44,1.84,1.16,2.62,1.09,1.45,0.69,1.54,0.23,1.12,1.17,0.47
1133.45,22,1.49,1.5,0.43,1.44,1.84,1.17,2.62,1.09,1.45,0.7,1.55,0.23,1.12,1.17,0.47
1134.45,22,1.49,1.5,0.42,1.43,1.83,1.16,2.61,1.08,1.44,0.7,1.53,0.23,1.11,1.16,0.46
1135.45,22,1.48,1.49,0.42,1.42,1.83,1.14,2.61,1.09,1.44,0.69,1.54,0.22,1.11,1.17,0.47
1136.47,22,1.48,1.49,0.41,1.42,1.83,1.15,2.59,1.08,1.43,0.68,1.54,0.22,1.09,1.16,0.45
1137.47,22,1.48,1.5,0.41,1.43,1.83,1.14,2.61,1.09,1.43,0.69,1.54,0.22,1.1,1.15,0.46
1138.47,22,1.47,1.5,0.41,1.43,1.83,1.14,2.6,1.08,1.43,0.69,1.53,0.22,1.09,1.17,0.46
1139.47,22,1.48,1.5,0.41,1.43,1.83,1.15,2.61,1.09,1.44,0.68,1.54,0.22,1.1,1.16,0.46
1140.47,22,1.47,1.5,0.41,1.43,1.83,1.15,2.61,1.09,1.44,0.69,1.53,0.22,1.1,1.17,0.46
1141.47,22,1.48,1.5,0.42,1.42,1.83,1.14,2.61,1.09,1.44,0.68,1.54,0.23,1.11,1.16,0.47
1142.47,22,1.48,1.5,0.41,1.43,1.82,1.14,2.61,1.08,1.44,0.69,1.54,0.22,1.09,1.15,0.46
1143.48,22,1.48,1.49,0.41,1.42,1.83,1.14,2.6,1.09,1.43,0.69,1.53,0.22,1.09,1.16,0.46
1144.48,22,1.48,1.49,0.42,1.43,1.83,1.14,2.61,1.07,1.44,0.69,1.53,0.22,1.1,1.17,0.46
1145.48,22,1.47,1.5,0.41,1.42,1.83,1.15,2.61,1.07,1.43,0.68,1.53,0.22,1.09,1.16,0.45
1146.48,22,1.48,1.5,0.41,1.43,1.83,1.14,2.62,1.09,1.44,0.69,1.53,0.22,1.11,1.16,0.46
1147.48,22,1.48,1.5,0.41,1.43,1.83,1.14,2.61,1.08,1.44,0.68,1.53,0.22,1.1,1.16,0.46
1148.48,22,1.48,1.5,0.42,1.42,1.83,1.16,2.6,1.09,1.44,0.69,1.53,0.22,1.1,1.16,0.46
1149.5,22,1.48,1.51,0.42,1.43,1.83,1.15,2.61,1.08,1.44,0.68,1.53,0.23,1.11,1.16,0.46
1150.5,22,1.49,1.51,0.42,1.43,1.84,1.16,2.61,1.09,1.44,0.7,1.54,0.24,1.11,1.17,0.47
1151.5,22,1.49,1.51,0.42,1.43,1.82,1.16,2.63,1.09,1.44,0.7,1.54,0.22,1.11,1.17,0.47
1152.52,22,1.5,1.52,0.44,1.43,1.85,1.16,2.62,1.09,1.45,0.71,1.55,0.23,1.11,1.17,0.47
1153.52,22,1.5,1.51,0.44,1.44,1.85,1.17,2.62,1.09,1.45,0.7,1.54,0.24,1.12,1.18,0.47
1154.52,22,1.49,1.49,0.42,1.44,1.84,1.17,2.62,1.09,1.44,0.7,1.54,0.23,1.11,1.16,0.47
1155.52,22,1.48,1.49,0.4,1.43,1.83,1.16,2.61,1.08,1.43,0.69,1.53,0.21,1.1,1.17,0.46
1156.52,22,1.47,1.5,0.41,1.42,1.83,1.14,2.61,1.08,1.44,0.69,1.53,0.22,1.1,1.16,0.45
1157.52,22,1.48,1.49,0.41,1.42,1.83,1.15,2.6,1.09,1.44,0.68,1.55,0.22,1.11,1.17,0.47
1158.52,22,1.47,1.49,0.41,1.42,1.81,1.14,2.6,1.08,1.42,0.68,1.54,0.22,1.09,1.16,0.46
1159.53,22,1.48,1.5,0.41,1.42,1.84,1.16,2.62,1.09,1.44,0.69,1.55,0.22,1.11,1.16,0.46
1160.53,22,1.49,1.51,0.41,1.44,1.84,1.15,2.62,1.09,1.45,0.69,1.54,0.23,1.1,1.18,0.47
1161.53,22,1.48,1.5,0.41,1.42,1.83,1.15,2.62,1.08,1.43,0.69,1.53,0.22,1.1,1.17,0.46
1162.53,22,1.48,1.5,0.41,1.43,1.83,1.14,2.6,1.08,1.42,0.68,1.53,0.21,1.1,1.16,0.46
1163.53,22,1.47,1.48,0.41,1.42,1.82,1.14,2.61,1.07,1.43,0.68,1.52,0.22,1.09,1.15,0.45
1164.53,22,1.48,1.5,0.4,1.43,1.82,1.15,2.61,1.08,1.43,0.68,1.54,0.21,1.1,1.16,0.46
1165.53,22,1.49,1.5,0.42,1.43,1.83,1.15,2.61,1.08,1.43,0.69,1.53,0.22,1.1,1.16,0.47
1166.53,22,1.48,1.5,0.41,1.43,1.83,1.16,2.61,1.08,1.42,0.69,1.54,0.23,1.1,1.15,0.46
1167.55,22,1.48,1.49,0.41,1.43,1.82,1.14,2.6,1.07,1.43,0.69,1.53,0.22,1.1,1.16,0.45
1168.55,22,1.48,1.5,0.42,1.43,1.83,1.15,2.61,1.08,1.44,0.69,1.54,0.23,1.1,1.16,0.46
1169.55,22,1.49,1.5,0.42,1.43,1.83,1.16,2.61,1.09,1.44,0.69,1.54,0.23,1.12,1.17,0.47
1170.55,22,1.48,1.49,0.42,1.43,1.83,1.15,2.61,1.09,1.44,0.68,1.54,0.21,1.1,1.15,0.46
1171.55,22,1.49,1.51,0.42,1.43,1.83,1.14,2.61,1.08,1.44,0.7,1.53,0.23,1.11,1.17,0.46
1172.57,22,1.49,1.49,0.42,1.43,1.83,1.15,2.6,1.08,1.43,0.69,1.53,0.22,1.1,1.16,0.45
1173.57,22,1.49,1.52,0.43,1.44,1.84,1.17,2.62,1.09,1.45,0.7,1.53,0.23,1.11,1.17,0.47
1174.57,22,1.48,1.5,0.42,1.44,1.82,1.15,2.61,1.08,1.44,0.68,1.54,0.22,1.11,1.16,0.47
1175.57,22,1.48,1.5,0.4,1.43,1.83,1.16,2.59,1.08,1.44,0.69,1.53,0.22,1.09,1.15,0.46
1176.57,22,1.47,1.5,0.42,1.43,1.83,1.15,2.6,1.09,1.44,0.69,1.53,0.22,1.09,1.17,0.46
1177.57,22,1.48,1.5,0.41,1.43,1.83,1.15,2.61,1.08,1.43,0.69,1.54,0.22,1.11,1.16,0.46
1178.58,22,1.48,1.49,0.41,1.43,1.83,1.15,2.61,1.08,1.43,0.69,1.55,0.22,1.1,1.17,0.46
1179.58,22,1.48,1.49,0.41,1.42,1.82,1.13,2.6,1.07,1.43,0.67,1.54,0.21,1.09,1.16,0.46
1180.58,22,1.48,1.49,0.4,1.42,1.82,1.14,2.6,1.08,1.43,0.68,1.53,0.21,1.1,1.15,0.44
1181.58,22,1.47,1.49,0.4,1.42,1.81,1.13,2.61,1.08,1.43,0.69,1.54,0.21,1.1,1.15,0.46
1182.58,22,1.48,1.49,0.41,1.42,1.83,1.15,2.61,1.09,1.44,0.69,1.53,0.21,1.09,1.15,0.46
1183.58,22,1.48,1.48,0.42,1.43,1.82,1.15,2.61,1.08,1.44,0.69,1.53,0.22,1.1,1.16,0.47
1184.6,22,1.48,1.49,0.41,1.43,1.82,1.13,2.61,1.08,1.43,0.68,1.53,0.21,1.1,1.15,0.46
1185.6,22,1.49,1.49,0.42,1.42,1.84,1.16,2.61,1.08,1.43,0.69,1.54,0.23,1.1,1.16,0.46
1186.6,22,1.48,1.5,0.42,1.42,1.83,1.14,2.61,1.08,1.44,0.69,1.53,0.22,1.1,1.15,0.46
1187.6,22,1.49,1.5,0.42,1.42,1.83,1.14,2.61,1.09,1.44,0.69,1.53,0.22,1.11,1.16,0.46
1188.6,22,1.47,1.48,0.41,1.42,1.82,1.14,2.6,1.07,1.43,0.68,1.52,0.21,1.09,1.16,0.45
1189.62,22,1.49,1.5,0.43,1.44,1.83,1.16,2.61,1.09,1.44,0.69,1.54,0.23,1.1,1.16,0.46
1190.62,22,1.49,1.49,0.42,1.43,1.82,1.16,2.6,1.08,1.43,0.69,1.53,0.22,1.1,1.15,0.46
1191.62,22,1.49,1.51,0.42,1.43,1.84,1.16,2.62,1.08,1.44,0.68,1.54,0.22,1.11,1.16,0.46
1192.62,22,1.49,1.5,0.43,1.43,1.83,1.15,2.61,1.08,1.44,0.69,1.53,0.23,1.11,1.16,0.47
1193.62,22,1.49,1.5,0.42,1.43,1.83,1.15,2.61,1.08,1.43,0.69,1.53,0.22,1.1,1.17,0.46
1194.62,22,1.49,1.51,0.42,1.44,1.83,1.16,2.61,1.08,1.45,0.69,1.55,0.22,1.09,1.17,0.46
1195.62,22,1.48,1.49,0.41,1.42,1.83,1.14,2.6,1.09,1.44,0.68,1.53,0.21,1.09,1.15,0.45
1196.62,22,1.48,1.49,0.41,1.43,1.82,1.15,2.6,1.09,1.43,0.69,1.55,0.22,1.1,1.16,0.46
1197.63,22,1.47,1.49,0.41,1.43,1.82,1.15,2.6,1.08,1.43,0.69,1.53,0.21,1.1,1.16,0.46
1198.63,22,1.48,1.49,0.42,1.44,1.83,1.15,2.61,1.09,1.43,0.69,1.53,0.22,1.1,1.15,0.46
1199.65,22,1.47,1.49,0.41,1.43,1.82,1.15,2.6,1.08,1.43,0.69,1.53,0.21,1.1,1.16,0.45
1200.65,22,1.47,1.49,0.41,1.42,1.82,1.14,2.6,1.08,1.43,0.68,1.53,0.21,1.09,1.15,0.45
1201.65,22,1.48,1.5,0.41,1.42,1.82,1.14,2.6,1.08,1.43,0.69,1.53,0.21,1.1,1.15,0.46
1202.67,22,1.48,1.49,0.42,1.42,1.83,1.16,2.61,1.08,1.43,0.69,1.53,0.22,1.1,1.17,0.46
1203.67,22,1.48,1.49,0.41,1.43,1.83,1.15,2.61,1.08,1.44,0.69,1.54,0.22,1.11,1.16,0.47
1204.67,22,1.48,1.5,0.41,1.42,1.83,1.15,2.6,1.08,1.44,0.68,1.53,0.22,1.09,1.15,0.46
1205.67,22,1.49,1.5,0.41,1.43,1.83,1.15,2.61,1.08,1.44,0.7,1.54,0.23,1.11,1.16,0.46
1206.67,22,1.49,1.49,0.42,1.43,1.83,1.15,2.61,1.08,1.43,0.69,1.53,0.22,1.11,1.16,0.46
1207.67,22,1.49,1.51,0.43,1.44,1.83,1.16,2.62,1.1,1.44,0.7,1.53,0.23,1.1,1.17,0.46
1208.68,22,1.48,1.5,0.42,1.44,1.82,1.16,2.61,1.08,1.44,0.69,1.53,0.23,1.11,1.16,0.47
1209.68,22,1.49,1.5,0.43,1.43,1.83,1.16,2.62,1.09,1.45,0.7,1.53,0.23,1.11,1.17,0.47
1210.68,22,1.48,1.5,0.42,1.44,1.82,1.16,2.61,1.07,1.44,0.68,1.53,0.23,1.11,1.16,0.46
1211.68,22,1.48,1.5,0.42,1.42,1.82,1.15,2.6,1.08,1.44,0.69,1.53,0.22,1.11,1.16,0.46
1212.7,22,1.49,1.51,0.42,1.43,1.84,1.15,2.62,1.08,1.44,0.69,1.53,0.22,1.11,1.17,0.46
1213.7,22,1.49,1.5,0.42,1.43,1.83,1.16,2.61,1.08,1.43,0.7,1.54,0.22,1.1,1.16,0.47
1214.7,22,1.48,1.5,0.42,1.42,1.82,1.15,2.6,1.08,1.44,0.69,1.53,0.23,1.11,1.16,0.47
1215.7,22,1.47,1.49,0.4,1.43,1.83,1.13,2.6,1.08,1.43,0.69,1.52,0.22,1.1,1.15,0.46
1216.7,22,1.48,1.5,0.41,1.43,1.82,1.14,2.6,1.07,1.43,0.68,1.53,0.21,1.09,1.16,0.45
1217.72,22,1.48,1.49,0.4,1.42,1.82,1.15,2.61,1.08,1.43,0.69,1.54,0.22,1.11,1.16,0.46
1218.72,22,1.47,1.49,0.41,1.41,1.83,1.13,2.6,1.08,1.42,0.69,1.53,0.21,1.1,1.16,0.45
1219.72,22,1.47,1.49,0.41,1.43,1.82,1.14,2.61,1.08,1.44,0.69,1.54,0.22,1.1,1.16,0.45
1220.72,22,1.48,1.5,0.41,1.43,1.82,1.15,2.6,1.09,1.44,0.68,1.53,0.22,1.1,1.16,0.46
1221.72,22,1.48,1.5,0.41,1.42,1.83,1.15,2.61,1.09,1.43,0.69,1.53,0.22,1.1,1.17,0.46
1222.72,22,1.48,1.5,0.41,1.41,1.82,1.16,2.61,1.08,1.43,0.68,1.53,0.22,1.09,1.16,0.45
1223.73,22,1.48,1.48,0.4,1.42,1.81,1.14,2.59,1.07,1.42,0.68,1.52,0.22,1.1,1.15,0.45
1224.73,22,1.48,1.5,0.41,1.43,1.83,1.15,2.61,1.09,1.45,0.68,1.54,0.23,1.09,1.17,0.47
1225.73,22,1.48,1.5,0.41,1.43,1.83,1.15,2.6,1.08,1.43,0.69,1.53,0.23,1.09,1.17,0.46
1226.73,22,1.48,1.49,0.41,1.42,1.82,1.15,2.61,1.08,1.44,0.68,1.53,0.22,1.09,1.16,0.45
1227.73,22,1.49,1.5,0.42,1.43,1.83,1.15,2.6,1.09,1.44,0.69,1.53,0.23,1.11,1.16,0.47
1228.73,22,1.48,1.49,0.42,1.42,1.83,1.15,2.6,1.07,1.44,0.69,1.53,0.21,1.1,1.16,0.46
1229.75,22,1.48,1.5,0.41,1.42,1.82,1.15,2.6,1.08,1.43,0.68,1.53,0.22,1.1,1.15,0.46
1230.75,22,1.49,1.51,0.42,1.43,1.83,1.16,2.61,1.09,1.44,0.69,1.54,0.22,1.12,1.17,0.46
1231.75,22,1.49,1.51,0.42,1.44,1.83,1.16,2.6,1.08,1.44,0.69,1.53,0.23,1.11,1.17,0.47
1232.77,22,1.48,1.5,0.42,1.43,1.83,1.16,2.6,1.09,1.43,0.69,1.53,0.23,1.11,1.17,0.47
1233.77,22,1.49,1.51,0.42,1.43,1.83,1.16,2.61,1.08,1.44,0.7,1.54,0.22,1.1,1.16,0.46
1234.77,22,1.48,1.5,0.41,1.43,1.82,1.14,2.6,1.08,1.43,0.68,1.54,0.22,1.1,1.17,0.46
1235.77,22,1.47,1.48,0.4,1.43,1.82,1.13,2.6,1.07,1.42,0.68,1.52,0.21,1.09,1.16,0.46
1236.77,22,1.48,1.51,0.41,1.44,1.83,1.16,2.61,1.09,1.45,0.7,1.54,0.22,1.1,1.18,0.47
1237.77,22,1.47,1.49,0.41,1.42,1.82,1.16,2.6,1.07,1.43,0.68,1.53,0.21,1.09,1.16,0.46
1238.78,22,1.47,1.5,0.4,1.42,1.82,1.14,2.6,1.08,1.43,0.68,1.53,0.22,1.09,1.15,0.45
1239.78,22,1.48,1.5,0.41,1.42,1.83,1.15,2.61,1.08,1.44,0.69,1.54,0.21,1.1,1.16,0.47
1240.78,22,1.47,1.49,0.41,1.41,1.82,1.15,2.59,1.07,1.43,0.68,1.53,0.21,1.1,1.16,0.45
1241.78,22,1.49,1.5,0.41,1.42,1.83,1.14,2.61,1.08,1.44,0.68,1.53,0.22,1.1,1.16,0.45
1242.78,22,1.48,1.49,0.41,1.42,1.82,1.14,2.59,1.07,1.43,0.68,1.53,0.22,1.1,1.16,0.46
1243.78,22,1.48,1.49,0.42,1.42,1.83,1.14,2.59,1.08,1.44,0.69,1.53,0.23,1.1,1.16,0.45
1244.8,22,1.48,1.5,0.41,1.43,1.82,1.15,2.61,1.08,1.44,0.7,1.53,0.23,1.1,1.17,0.46
1245.8,22,1.48,1.49,0.41,1.43,1.82,1.15,2.6,1.07,1.43,0.69,1.53,0.22,1.1,1.16,0.46
1246.8,22,1.49,1.5,0.42,1.42,1.82,1.15,2.6,1.08,1.43,0.69,1.53,0.21,1.1,1.17,0.46
1247.82,22,1.48,1.5,0.42,1.42,1.81,1.14,2.61,1.07,1.43,0.69,1.53,0.21,1.09,1.16,0.45
1248.82,22,1.48,1.5,0.42,1.43,1.82,1.15,2.6,1.07,1.42,0.68,1.53,0.22,1.11,1.16,0.46
1249.82,22,1.49,1.5,0.42,1.43,1.82,1.15,2.61,1.08,1.43,0.7,1.53,0.23,1.09,1.16,0.46
1250.83,22,1.48,1.5,0.41,1.42,1.83,1.15,2.61,1.08,1.44,0.68,1.53,0.22,1.11,1.16,0.46
1251.83,22,1.49,1.5,0.41,1.42,1.83,1.15,2.6,1.08,1.44,0.69,1.52,0.22,1.1,1.16,0.46
1252.83,22,1.49,1.51,0.43,1.44,1.83,1.17,2.62,1.08,1.44,0.69,1.53,0.23,1.12,1.17,0.47
1253.83,22,1.49,1.5,0.42,1.43,1.83,1.16,2.61,1.09,1.44,0.69,1.54,0.23,1.11,1.17,0.47
1254.83,22,1.47,1.49,0.41,1.41,1.82,1.14,2.61,1.07,1.41,0.69,1.52,0.22,1.09,1.16,0.45
1255.85,22,1.48,1.48,0.41,1.43,1.82,1.15,2.6,1.07,1.42,0.69,1.53,0.22,1.1,1.15,0.46
1256.85,22,1.48,1.5,0.41,1.43,1.82,1.15,2.6,1.08,1.44,0.69,1.54,0.22,1.09,1.17,0.46
1257.85,22,1.48,1.49,0.41,1.42,1.82,1.14,2.6,1.08,1.43,0.68,1.52,0.21,1.09,1.16,0.46
1258.85,22,1.48,1.49,0.41,1.42,1.82,1.15,2.6,1.08,1.43,0.69,1.54,0.21,1.09,1.15,0.45
1259.87,22,1.47,1.49,0.41,1.42,1.82,1.14,2.6,1.08,1.43,0.68,1.54,0.22,1.09,1.16,0.45
1260.87,22,1.48,1.5,0.41,1.42,1.82,1.14,2.61,1.07,1.44,0.68,1.54,0.21,1.1,1.17,0.46
1261.87,22,1.48,1.48,0.41,1.42,1.83,1.14,2.61,1.08,1.43,0.68,1.53,0.22,1.09,1.16,0.45
1262.87,22,1.48,1.5,0.41,1.43,1.82,1.16,2.6,1.08,1.43,0.69,1.53,0.21,1.11,1.16,0.46
1263.87,22,1.48,1.5,0.41,1.42,1.82,1.15,2.61,1.08,1.43,0.69,1.53,0.22,1.1,1.16,0.46
1264.87,22,1.47,1.49,0.41,1.42,1.81,1.14,2.6,1.07,1.43,0.68,1.52,0.22,1.1,1.15,0.44
1265.87,22,1.48,1.49,0.41,1.43,1.82,1.14,2.6,1.08,1.44,0.69,1.52,0.21,1.11,1.16,0.46
1266.87,22,1.48,1.48,0.42,1.41,1.82,1.14,2.6,1.08,1.43,0.68,1.53,0.22,1.1,1.16,0.45
1267.87,22,1.48,1.49,0.41,1.42,1.82,1.15,2.6,1.08,1.43,0.68,1.52,0.22,1.09,1.17,0.46
1268.87,22,1.48,1.5,0.41,1.42,1.81,1.15,2.6,1.07,1.43,0.69,1.52,0.22,1.09,1.16,0.46
1269.87,22,1.49,1.51,0.42,1.43,1.83,1.16,2.61,1.09,1.43,0.69,1.53,0.22,1.11,1.16,0.47
1270.87,22,1.49,1.49,0.42,1.43,1.82,1.15,2.61,1.07,1.44,0.7,1.52,0.22,1.1,1.17,0.46
1271.87,22,1.48,1.49,0.41,1.43,1.83,1.15,2.6,1.08,1.44,0.69,1.52,0.22,1.1,1.16,0.46
1272.87,22,1.48,1.5,0.41,1.42,1.82,1.15,2.61,1.08,1.43,0.7,1.53,0.21,1.1,1.16,0.46
1273.87,22,1.48,1.48,0.4,1.42,1.81,1.14,2.6,1.07,1.42,0.68,1.52,0.2,1.1,1.16,0.45
1274.87,22,1.48,1.49,0.42,1.43,1.83,1.15,2.61,1.07,1.44,0.69,1.53,0.23,1.11,1.17,0.47
1275.88,22,1.47,1.48,0.41,1.42,1.83,1.14,2.6,1.08,1.43,0.69,1.53,0.22,1.1,1.17,0.45
1276.88,22,1.47,1.48,0.4,1.42,1.82,1.14,2.61,1.08,1.43,0.68,1.53,0.21,1.1,1.16,0.44
1277.88,22,1.47,1.49,0.41,1.42,1.82,1.15,2.59,1.07,1.43,0.68,1.52,0.22,1.1,1.15,0.45
1278.88,22,1.47,1.48,0.4,1.43,1.82,1.12,2.59,1.07,1.42,0.68,1.52,0.21,1.09,1.16,0.44
1279.88,22,1.47,1.49,0.42,1.43,1.83,1.14,2.61,1.08,1.43,0.68,1.52,0.22,1.11,1.16,0.45
1280.88,22,1.47,1.49,0.41,1.43,1.82,1.15,2.59,1.07,1.43,0.67,1.52,0.21,1.08,1.16,0.45
1281.88,22,1.47,1.48,0.41,1.42,1.82,1.14,2.6,1.07,1.43,0.68,1.53,0.21,1.1,1.15,0.44
1282.9,22,1.47,1.48,0.4,1.41,1.82,1.13,2.6,1.06,1.43,0.67,1.52,0.21,1.09,1.15,0.45
1283.9,22,1.48,1.49,0.41,1.44,1.82,1.16,2.59,1.08,1.43,0.68,1.53,0.22,1.1,1.15,0.46
1284.9,22,1.48,1.5,0.42,1.43,1.82,1.14,2.61,1.08,1.43,0.69,1.53,0.23,1.1,1.16,0.45
1285.9,22,1.48,1.49,0.41,1.43,1.83,1.15,2.6,1.09,1.43,0.68,1.52,0.22,1.11,1.16,0.46
1286.9,22,1.49,1.5,0.42,1.43,1.82,1.15,2.61,1.07,1.44,0.69,1.54,0.22,1.1,1.16,0.46
1287.9,22,1.49,1.51,0.42,1.43,1.83,1.15,2.61,1.09,1.44,0.69,1.52,0.22,1.1,1.17,0.46
1288.92,22,1.48,1.49,0.41,1.41,1.83,1.13,2.61,1.08,1.44,0.68,1.52,0.23,1.1,1.16,0.46
1289.92,22,1.49,1.49,0.42,1.43,1.81,1.15,2.61,1.08,1.44,0.68,1.52,0.22,1.09,1.16,0.46
1290.92,22,1.49,1.5,0.42,1.43,1.83,1.15,2.61,1.08,1.43,0.69,1.53,0.22,1.1,1.16,0.46
1291.93,22,1.48,1.5,0.42,1.43,1.83,1.16,2.6,1.08,1.44,0.69,1.52,0.22,1.1,1.17,0.46
1292.93,22,1.47,1.49,0.4,1.42,1.82,1.15,2.6,1.08,1.43,0.68,1.53,0.22,1.1,1.16,0.46
1293.93,22,1.48,1.49,0.41,1.42,1.83,1.15,2.59,1.08,1.43,0.68,1.53,0.22,1.09,1.17,0.46
1294.93,22,1.47,1.48,0.4,1.41,1.82,1.14,2.6,1.07,1.43,0.68,1.53,0.22,1.08,1.16,0.45
1295.93,22,1.47,1.49,0.41,1.43,1.82,1.14,2.61,1.08,1.42,0.68,1.53,0.21,1.09,1.16,0.45
1296.93,22,1.47,1.47,0.4,1.42,1.82,1.14,2.59,1.07,1.42,0.67,1.53,0.21,1.09,1.14,0.45
1297.95,22,1.47,1.49,0.41,1.42,1.82,1.14,2.6,1.07,1.42,0.69,1.53,0.21,1.09,1.16,0.45
1298.95,22,1.48,1.49,0.41,1.42,1.82,1.13,2.6,1.07,1.43,0.68,1.52,0.21,1.09,1.16,0.46
1299.95,22,1.48,1.48,0.4,1.43,1.82,1.14,2.6,1.07,1.42,0.68,1.53,0.22,1.09,1.17,0.45
1300.95,22,1.48,1.5,0.41,1.42,1.82,1.14,2.6,1.07,1.44,0.68,1.53,0.22,1.1,1.16,0.45
1301.97,22,1.47,1.48,0.41,1.42,1.82,1.14,2.6,1.07,1.42,0.69,1.52,0.22,1.1,1.16,0.45
1302.97,22,1.48,1.49,0.41,1.42,1.81,1.14,2.6,1.08,1.42,0.68,1.52,0.21,1.09,1.16,0.45
1303.97,22,1.48,1.49,0.41,1.42,1.82,1.15,2.6,1.08,1.42,0.69,1.53,0.22,1.1,1.17,0.46
1304.97,22,1.48,1.48,0.41,1.42,1.82,1.15,2.6,1.07,1.43,0.68,1.52,0.21,1.09,1.15,0.45
1305.97,22,1.48,1.49,0.42,1.41,1.83,1.16,2.59,1.08,1.43,0.69,1.52,0.21,1.1,1.16,0.45
1306.98,22,1.49,1.5,0.41,1.42,1.83,1.15,2.61,1.08,1.44,0.69,1.53,0.22,1.1,1.15,0.46
1307.98,22,1.5,1.51,0.43,1.43,1.83,1.15,2.62,1.08,1.45,0.7,1.54,0.23,1.11,1.17,0.47
1308.98,22,1.49,1.49,0.42,1.43,1.83,1.14,2.61,1.08,1.44,0.69,1.53,0.23,1.11,1.16,0.46
1309.98,22,1.49,1.5,0.42,1.43,1.83,1.14,2.61,1.08,1.43,0.69,1.53,0.22,1.11,1.16,0.47
1310.98,22,1.47,1.48,0.41,1.42,1.82,1.14,2.61,1.08,1.43,0.68,1.53,0.22,1.1,1.16,0.46
1311.98,22,1.48,1.49,0.42,1.43,1.82,1.14,2.6,1.08,1.43,0.68,1.54,0.21,1.1,1.16,0.46
1313,22,1.47,1.48,0.4,1.41,1.81,1.13,2.6,1.07,1.42,0.67,1.51,0.21,1.08,1.16,0.44
1314,22,1.47,1.49,0.4,1.42,1.81,1.14,2.59,1.07,1.42,0.67,1.53,0.21,1.09,1.14,0.45
1315.02,22,1.49,1.5,0.42,1.42,1.83,1.15,2.6,1.09,1.44,0.69,1.53,0.22,1.1,1.16,0.47
1316.02,22,1.47,1.49,0.41,1.42,1.81,1.15,2.59,1.08,1.43,0.68,1.53,0.21,1.09,1.15,0.46
1317.02,22,1.48,1.49,0.41,1.43,1.82,1.15,2.58,1.08,1.43,0.69,1.53,0.22,1.1,1.16,0.45
1318.02,22,1.48,1.49,0.41,1.43,1.82,1.14,2.61,1.08,1.43,0.69,1.53,0.22,1.11,1.16,0.45
1319.03,22,1.47,1.5,0.41,1.42,1.81,1.14,2.6,1.08,1.44,0.69,1.53,0.22,1.1,1.16,0.46
1320.03,22,1.48,1.48,0.41,1.42,1.81,1.13,2.6,1.08,1.43,0.68,1.52,0.21,1.1,1.16,0.45
1321.03,22,1.48,1.5,0.42,1.43,1.83,1.15,2.6,1.08,1.44,0.69,1.54,0.22,1.1,1.16,0.46
1322.03,22,1.48,1.49,0.41,1.41,1.82,1.14,2.6,1.07,1.44,0.68,1.53,0.22,1.09,1.15,0.45
1323.03,22,1.49,1.5,0.41,1.42,1.82,1.15,2.61,1.07,1.43,0.69,1.52,0.21,1.1,1.15,0.46
1324.03,22,1.48,1.49,0.42,1.42,1.82,1.15,2.6,1.08,1.43,0.68,1.52,0.21,1.1,1.15,0.45
1325.03,22,1.48,1.5,0.42,1.43,1.83,1.14,2.6,1.09,1.43,0.69,1.53,0.23,1.11,1.17,0.45
1326.05,22,1.49,1.49,0.41,1.42,1.83,1.15,2.6,1.08,1.42,0.69,1.53,0.22,1.11,1.16,0.45
1327.05,22,1.49,1.49,0.41,1.43,1.81,1.15,2.59,1.07,1.43,0.68,1.52,0.22,1.09,1.15,0.45
1328.05,22,1.49,1.48,0.42,1.43,1.82,1.15,2.61,1.08,1.44,0.68,1.53,0.22,1.11,1.16,0.46
1329.05,22,1.48,1.49,0.4,1.42,1.82,1.14,2.6,1.07,1.42,0.69,1.52,0.21,1.09,1.16,0.45
1330.07,22,1.48,1.48,0.4,1.42,1.81,1.15,2.61,1.07,1.43,0.69,1.53,0.22,1.09,1.16,0.45
1331.07,22,1.47,1.49,0.41,1.43,1.83,1.15,2.6,1.08,1.44,0.69,1.53,0.21,1.1,1.16,0.45
1332.08,22,1.46,1.47,0.39,1.41,1.8,1.13,2.59,1.07,1.42,0.67,1.52,0.2,1.07,1.15,0.44
1333.08,22,1.48,1.48,0.41,1.42,1.82,1.15,2.61,1.08,1.43,0.69,1.52,0.22,1.09,1.16,0.46
1334.08,22,1.48,1.48,0.41,1.42,1.82,1.15,2.6,1.08,1.42,0.68,1.53,0.21,1.09,1.15,0.45
1335.08,22,1.47,1.49,0.41,1.42,1.82,1.15,2.6,1.08,1.43,0.69,1.53,0.22,1.1,1.17,0.46
1336.1,22,1.47,1.48,0.39,1.4,1.81,1.14,2.59,1.06,1.41,0.67,1.51,0.2,1.08,1.14,0.44
1337.1,22,1.48,1.49,0.41,1.42,1.83,1.14,2.6,1.07,1.44,0.68,1.52,0.22,1.09,1.16,0.45
1338.1,22,1.48,1.49,0.4,1.42,1.81,1.14,2.59,1.07,1.43,0.68,1.53,0.21,1.09,1.15,0.46
1339.1,22,1.48,1.49,0.41,1.41,1.81,1.13,2.61,1.08,1.43,0.69,1.53,0.22,1.09,1.15,0.45
1340.1,22,1.47,1.48,0.41,1.42,1.81,1.14,2.59,1.07,1.43,0.68,1.51,0.2,1.09,1.14,0.44
1341.12,22,1.48,1.48,0.41,1.42,1.82,1.15,2.61,1.07,1.43,0.68,1.53,0.22,1.1,1.16,0.46
1342.12,22,1.49,1.51,0.42,1.44,1.83,1.15,2.61,1.08,1.44,0.7,1.54,0.23,1.11,1.18,0.47
1343.12,22,1.48,1.49,0.41,1.43,1.82,1.14,2.61,1.07,1.43,0.68,1.52,0.22,1.1,1.16,0.45
1344.12,22,1.49,1.5,0.42,1.42,1.82,1.14,2.61,1.08,1.44,0.69,1.53,0.22,1.1,1.16,0.46
1345.12,22,1.49,1.5,0.42,1.43,1.82,1.15,2.61,1.08,1.43,0.69,1.53,0.23,1.1,1.16,0.45
1346.12,22,1.49,1.49,0.41,1.41,1.82,1.15,2.6,1.07,1.43,0.68,1.52,0.21,1.1,1.16,0.45
1347.13,22,1.47,1.49,0.41,1.43,1.83,1.16,2.61,1.08,1.44,0.69,1.53,0.22,1.09,1.15,0.45
1348.13,22,1.47,1.48,0.4,1.43,1.82,1.14,2.6,1.07,1.42,0.67,1.53,0.22,1.08,1.16,0.46
1349.13,22,1.48,1.48,0.41,1.42,1.83,1.15,2.6,1.08,1.43,0.69,1.53,0.21,1.09,1.16,0.46
1350.13,22,1.49,1.5,0.42,1.42,1.82,1.15,2.61,1.08,1.43,0.69,1.54,0.22,1.11,1.17,0.47
1351.13,22,1.48,1.49,0.41,1.42,1.82,1.15,2.61,1.09,1.43,0.68,1.53,0.22,1.11,1.16,0.45
1352.13,22,1.47,1.48,0.4,1.41,1.81,1.12,2.58,1.07,1.42,0.67,1.53,0.21,1.08,1.16,0.44
1353.13,22,1.48,1.48,0.4,1.42,1.82,1.14,2.59,1.08,1.42,0.68,1.52,0.21,1.1,1.16,0.45
1354.15,22,1.49,1.49,0.42,1.43,1.82,1.14,2.6,1.08,1.44,0.68,1.53,0.22,1.1,1.16,0.47
1355.15,22,1.47,1.48,0.4,1.41,1.82,1.13,2.59,1.07,1.41,0.68,1.52,0.21,1.08,1.15,0.44
1356.15,22,1.48,1.48,0.4,1.42,1.81,1.14,2.6,1.07,1.42,0.68,1.52,0.2,1.09,1.15,0.45
1357.15,22,1.48,1.49,0.41,1.42,1.82,1.13,2.6,1.07,1.44,0.67,1.52,0.21,1.09,1.15,0.44
1358.15,22,1.48,1.49,0.41,1.42,1.82,1.14,2.6,1.07,1.42,0.69,1.53,0.21,1.1,1.16,0.45
1359.17,22,1.48,1.49,0.42,1.41,1.82,1.14,2.59,1.08,1.43,0.68,1.52,0.22,1.1,1.15,0.46
1360.17,22,1.48,1.49,0.41,1.42,1.82,1.15,2.6,1.08,1.44,0.68,1.52,0.22,1.1,1.16,0.46
1361.17,22,1.48,1.5,0.41,1.43,1.82,1.15,2.61,1.08,1.43,0.69,1.53,0.22,1.1,1.16,0.45
1362.17,22,1.48,1.5,0.41,1.42,1.82,1.14,2.6,1.08,1.43,0.69,1.52,0.22,1.1,1.16,0.45
1363.17,22,1.49,1.5,0.42,1.43,1.82,1.15,2.6,1.08,1.44,0.69,1.52,0.22,1.09,1.16,0.46
1364.17,22,1.48,1.49,0.41,1.41,1.82,1.14,2.59,1.06,1.43,0.68,1.52,0.21,1.09,1.15,0.46
1365.18,22,1.49,1.49,0.41,1.43,1.82,1.15,2.6,1.07,1.43,0.69,1.52,0.21,1.1,1.15,0.46
1366.18,22,1.47,1.49,0.4,1.42,1.81,1.14,2.6,1.07,1.42,0.68,1.53,0.22,1.09,1.15,0.45
1367.18,22,1.47,1.49,0.4,1.42,1.82,1.14,2.59,1.08,1.43,0.69,1.53,0.21,1.1,1.15,0.45
1368.18,22,1.47,1.48,0.4,1.42,1.82,1.14,2.6,1.08,1.42,0.68,1.53,0.22,1.1,1.15,0.45
1369.18,22,1.47,1.48,0.41,1.42,1.82,1.14,2.6,1.07,1.42,0.68,1.52,0.21,1.09,1.15,0.46
1370.18,22,1.47,1.48,0.4,1.42,1.82,1.14,2.59,1.07,1.41,0.68,1.52,0.2,1.09,1.15,0.45
1371.18,22,1.48,1.49,0.4,1.42,1.83,1.15,2.6,1.07,1.42,0.68,1.53,0.22,1.09,1.14,0.44
1372.18,22,1.48,1.47,0.4,1.42,1.82,1.13,2.6,1.07,1.42,0.67,1.51,0.21,1.09,1.15,0.45
1373.2,22,1.48,1.49,0.4,1.42,1.82,1.13,2.6,1.08,1.43,0.67,1.53,0.22,1.1,1.16,0.45
1374.2,22,1.47,1.48,0.41,1.41,1.81,1.14,2.58,1.08,1.43,0.68,1.52,0.21,1.09,1.15,0.44
1375.2,22,1.47,1.47,0.4,1.41,1.81,1.14,2.6,1.06,1.42,0.67,1.51,0.21,1.09,1.15,0.44
1376.2,22,1.48,1.49,0.41,1.41,1.83,1.12,2.6,1.07,1.42,0.68,1.52,0.21,1.09,1.15,0.45
1377.2,22,1.48,1.49,0.41,1.43,1.82,1.15,2.61,1.07,1.43,0.69,1.53,0.22,1.1,1.16,0.45
1378.22,22,1.49,1.51,0.42,1.44,1.84,1.15,2.6,1.09,1.44,0.69,1.54,0.23,1.12,1.16,0.46
1379.22,22,1.47,1.49,0.41,1.41,1.8,1.13,2.57,1.06,1.42,0.68,1.52,0.21,1.08,1.14,0.45
1380.22,22,1.48,1.49,0.41,1.42,1.82,1.13,2.61,1.08,1.43,0.68,1.52,0.21,1.09,1.15,0.44
1381.22,22,1.49,1.5,0.42,1.43,1.82,1.16,2.6,1.08,1.44,0.69,1.52,0.22,1.09,1.16,0.46
1382.22,22,1.48,1.48,0.41,1.42,1.82,1.14,2.59,1.07,1.43,0.68,1.52,0.21,1.11,1.16,0.45
1383.23,22,1.49,1.49,0.41,1.43,1.82,1.14,2.6,1.07,1.43,0.68,1.52,0.21,1.09,1.16,0.46
1384.23,22,1.47,1.48,0.4,1.41,1.81,1.12,2.6,1.06,1.42,0.68,1.52,0.2,1.09,1.14,0.44
1385.23,22,1.47,1.48,0.4,1.42,1.81,1.14,2.59,1.07,1.43,0.68,1.53,0.21,1.09,1.15,0.45
1386.23,22,1.46,1.48,0.39,1.41,1.81,1.13,2.59,1.06,1.42,0.67,1.52,0.2,1.07,1.15,0.44
1387.25,22,1.47,1.47,0.4,1.41,1.81,1.14,2.6,1.08,1.42,0.68,1.52,0.22,1.09,1.16,0.45
