Time,T,OTU1_R1,OTU2_R1,OTU3_R1,OTU1_R2,OTU2_R2,OTU3_R2,OTU1_R3,OTU2_R3,OTU3_R3,OTU1_R4,OTU2_R4,OTU3_R4,OTU1_R5,OTU2_R5,OTU3_R5
0.03,26,7.76,8.19,8.11,7.61,6.48,7.53,8.01,7.39,7.37,7.02,6.75,7.66,7.03,7.08,7.54
1.03,26,7.92,8.32,8.25,7.73,6.59,7.65,8.06,7.48,7.48,7.11,6.84,7.78,7.14,7.18,7.68
2.03,26,8.11,8.49,8.4,7.84,6.7,7.78,8.17,7.59,7.62,7.23,6.97,7.93,7.28,7.33,7.84
3.03,26,8.199999999999998,8.63,8.51,7.93,6.8,7.86,8.23,7.68,7.73,7.3,7.05,8.029999999999998,7.38,7.44,7.95
4.03,26,8.29,8.74,8.64,8.029999999999998,6.9,7.99,8.3,7.76,7.84,7.39,7.15,8.16,7.5,7.55,8.08
5.03,26,8.4,8.86,8.76,8.11,7,8.11,8.38,7.85,7.97,7.47,7.25,8.26,7.59,7.66,8.199999999999998
6.03,26,8.49,8.97,8.87,8.199999999999998,7.07,8.199999999999998,8.46,7.93,8.06,7.55,7.32,8.36,7.69,7.75,8.31
7.03,26,8.59,9.07,8.96,8.29,7.17,8.29,8.52,7.99,8.17,7.64,7.41,8.47,7.76,7.86,8.42
8.029999999999998,26,8.68,9.2,9.06,8.37,7.25,8.38,8.6,8.06,8.279999999999998,7.72,7.52,8.57,7.87,7.97,8.529999999999998
9.03,26,8.77,9.29,9.14,8.44,7.32,8.46,8.68,8.16,8.37,7.79,7.6,8.699999999999998,7.94,8.06,8.61
10.03,26,8.86,9.39,9.2,8.51,7.4,8.529999999999998,8.74,8.22,8.44,7.84,7.68,8.8,8.01,8.16,8.72
11.03,26,8.9,9.47,9.27,8.58,7.46,8.6,8.79,8.279999999999998,8.529999999999998,7.89,7.74,8.86,8.08,8.24,8.8
12.03,26,9.01,9.58,9.37,8.66,7.55,8.699999999999998,8.88,8.38,8.64,7.99,7.84,8.96,8.18,8.32,8.88
13.03,26,9.06,9.64,9.4,8.699999999999998,7.61,8.74,8.91,8.42,8.68,8.029999999999998,7.89,9.01,8.22,8.37,8.96
14.03,26,9.12,9.72,9.47,8.77,7.69,8.81,8.99,8.49,8.77,8.1,7.98,9.09,8.32,8.47,9.03
15.03,26,9.18,9.78,9.52,8.82,7.75,8.86,9.02,8.529999999999998,8.82,8.16,8.04,9.16,8.35,8.52,9.09
16.03,26,9.24,9.86,9.56,8.9,7.81,8.92,9.11,8.63,8.9,8.22,8.11,9.2,8.42,8.58,9.17
17.03,26,9.29,9.92,9.58,8.93,7.86,8.98,9.14,8.66,8.96,8.25,8.16,9.27,8.47,8.63,9.2
18.05,26,9.35,10,9.64,8.99,7.94,9.02,9.2,8.72,9.01,8.31,8.23,9.34,8.529999999999998,8.699999999999998,9.28
19.05,26,9.4,10.07,9.66,9.06,7.99,9.06,9.24,8.79,9.07,8.35,8.279999999999998,9.39,8.58,8.76,9.32
20.05,26,9.46,10.1,9.67,9.09,8.05,9.08,9.28,8.83,9.11,8.42,8.34,9.46,8.61,8.81,9.37
21.05,26,9.51,10.21,9.73,9.16,8.11,9.16,9.34,8.91,9.18,8.48,8.4,9.52,8.68,8.9,9.43
22.05,26,9.53,10.23,9.73,9.18,8.14,9.17,9.38,8.93,9.22,8.49,8.44,9.56,8.71,8.91,9.46
23.05,26,9.57,10.29,9.77,9.22,8.18,9.19,9.4,8.97,9.25,8.55,8.48,9.59,8.75,8.97,9.51
24.05,26,9.61,10.35,9.78,9.27,8.23,9.23,9.46,9.03,9.32,8.59,8.54,9.66,8.8,9.01,9.53
25.05,26,9.66,10.4,9.81,9.32,8.26,9.25,9.48,9.08,9.35,8.63,8.59,9.71,8.82,9.06,9.58
26.07,26,9.68,10.42,9.82,9.35,8.31,9.27,9.53,9.11,9.39,8.66,8.65,9.76,8.87,9.09,9.62
27.07,26,9.71,10.47,9.83,9.38,8.36,9.28,9.56,9.14,9.43,8.71,8.68,9.8,8.88,9.13,9.66
28.07,26,9.73,10.49,9.85,9.4,8.37,9.29,9.56,9.18,9.46,8.74,8.72,9.81,8.93,9.16,9.68
29.07,26,9.76,10.53,9.86,9.44,8.41,9.33,9.59,9.22,9.48,8.79,8.76,9.86,8.96,9.2,9.71
30.07,26,9.78,10.56,9.86,9.48,8.46,9.34,9.63,9.25,9.52,8.8,8.8,9.87,8.98,9.23,9.75
31.07,26,9.81,10.61,9.89,9.52,8.48,9.35,9.66,9.29,9.56,8.83,8.83,9.92,9.01,9.27,9.77
32.07,26,9.82,10.64,9.87,9.53,8.51,9.37,9.69,9.32,9.58,8.87,8.86,9.95,9.02,9.29,9.78
33.07,26,9.85,10.64,9.9,9.54,8.52,9.37,9.72,9.34,9.61,8.9,8.9,9.99,9.04,9.33,9.82
34.07,26,9.89,10.68,9.91,9.59,8.55,9.38,9.76,9.39,9.64,8.93,8.96,10.03,9.08,9.35,9.85
35.07,26,9.9,10.72,9.9,9.62,8.58,9.4,9.8,9.42,9.66,8.96,8.97,10.05,9.09,9.39,9.87
36.07,26,9.91,10.73,9.91,9.63,8.59,9.4,9.81,9.44,9.68,8.97,8.99,10.07,9.12,9.42,9.89
37.07,26,9.94,10.77,9.92,9.67,8.63,9.44,9.87,9.47,9.71,9.01,9.04,10.1,9.17,9.44,9.92
38.07,26,9.96,10.78,9.94,9.71,8.65,9.44,9.89,9.49,9.73,9.03,9.07,10.13,9.18,9.48,9.94
39.08,26,9.96,10.78,9.95,9.71,8.65,9.44,9.91,9.51,9.75,9.06,9.08,10.14,9.19,9.47,9.95
40.08,26,9.98,10.81,9.92,9.72,8.66,9.43,9.94,9.53,9.76,9.07,9.11,10.17,9.2,9.51,9.98
41.08,26,9.99,10.82,9.92,9.73,8.68,9.44,9.96,9.54,9.78,9.08,9.13,10.18,9.2,9.52,9.96
42.08,26,10,10.86,9.95,9.76,8.71,9.44,9.99,9.56,9.81,9.11,9.16,10.21,9.24,9.54,10.01
43.08,26,10.03,10.85,9.95,9.78,8.72,9.46,10,9.58,9.82,9.12,9.18,10.23,9.25,9.57,10.01
44.08,26,10.03,10.86,9.95,9.78,8.72,9.46,10.03,9.61,9.83,9.16,9.19,10.25,9.27,9.58,10.03
45.1,26,10.04,10.88,9.94,9.8,8.75,9.46,10.05,9.62,9.86,9.17,9.2,10.26,9.28,9.59,10.04
46.1,26,10.05,10.9,9.95,9.82,8.76,9.44,10.05,9.63,9.87,9.19,9.24,10.27,9.3,9.62,10.04
47.1,26,10.07,10.93,9.95,9.82,8.77,9.47,10.08,9.66,9.9,9.2,9.25,10.3,9.33,9.64,10.07
48.1,26,10.08,10.93,9.95,9.83,8.76,9.46,10.09,9.66,9.9,9.2,9.28,10.29,9.33,9.64,10.07
49.12,26,10.08,10.94,9.95,9.87,8.79,9.48,10.13,9.67,9.91,9.23,9.3,10.32,9.34,9.67,10.09
50.12,26,10.08,10.96,9.95,9.87,8.8,9.48,10.14,9.69,9.92,9.23,9.32,10.34,9.34,9.69,10.1
51.12,26,10.09,10.97,9.96,9.9,8.81,9.46,10.16,9.71,9.95,9.25,9.34,10.35,9.37,9.69,10.12
52.12,26,10.12,10.98,9.95,9.91,8.81,9.47,10.18,9.72,9.96,9.27,9.34,10.36,9.38,9.71,10.12
53.12,26,10.12,11,9.96,9.91,8.82,9.47,10.21,9.72,9.96,9.27,9.35,10.38,9.37,9.69,10.13
54.12,26,10.12,11.01,9.96,9.92,8.82,9.48,10.21,9.72,9.96,9.3,9.37,10.39,9.4,9.72,10.14
55.13,26,10.13,11.04,9.95,9.94,8.83,9.49,10.25,9.75,9.98,9.32,9.39,10.4,9.42,9.75,10.16
56.13,26,10.12,11.02,9.95,9.92,8.83,9.47,10.23,9.73,9.99,9.32,9.39,10.39,9.4,9.75,10.16
57.13,26,10.13,11.02,9.95,9.94,8.85,9.48,10.25,9.76,10,9.32,9.39,10.4,9.43,9.75,10.17
58.13,26,10.14,11.04,9.95,9.96,8.85,9.47,10.26,9.75,10.01,9.32,9.43,10.43,9.43,9.77,10.16
59.15,26,10.16,11.06,9.95,9.96,8.87,9.47,10.29,9.77,10.03,9.34,9.44,10.44,9.44,9.78,10.18
60.15,26,10.16,11.05,9.94,9.98,8.86,9.48,10.3,9.76,10.01,9.35,9.44,10.44,9.44,9.8,10.19
61.15,26,10.16,11.04,9.95,9.99,8.87,9.47,10.3,9.78,10.04,9.35,9.46,10.45,9.46,9.78,10.19
62.15,26,10.17,11.06,9.96,10,8.87,9.48,10.31,9.78,10.04,9.37,9.48,10.48,9.46,9.82,10.19
63.17,26,10.17,11.09,9.94,9.99,8.87,9.48,10.31,9.8,10.04,9.39,9.48,10.47,9.48,9.82,10.21
64.17,26,10.17,11.06,9.92,9.99,8.87,9.46,10.32,9.78,10.04,9.37,9.48,10.47,9.48,9.82,10.21
65.17,26,10.18,11.08,9.91,10,8.87,9.47,10.34,9.8,10.05,9.38,9.49,10.47,9.49,9.82,10.19
66.17,26,10.17,11.08,9.92,10.01,8.87,9.44,10.32,9.8,10.05,9.38,9.48,10.47,9.49,9.83,10.21
67.18,26,10.16,11.06,9.9,9.99,8.86,9.43,10.34,9.78,10.03,9.38,9.49,10.47,9.49,9.83,10.19
68.18,26,10.13,11.02,9.89,10,8.87,9.43,10.35,9.81,10.04,9.4,9.51,10.48,9.48,9.83,10.19
69.18,26,10.12,11.01,9.91,10,8.86,9.43,10.36,9.8,10.05,9.38,9.49,10.47,9.47,9.83,10.18
70.18,26,10.12,11.01,9.92,10,8.87,9.43,10.35,9.8,10.05,9.39,9.51,10.48,9.47,9.85,10.17
71.18,26,10.12,10.98,9.94,10,8.87,9.48,10.36,9.81,10.05,9.4,9.51,10.48,9.47,9.83,10.17
72.2,26,10.1,10.96,9.94,10.01,8.87,9.47,10.36,9.8,10.05,9.4,9.51,10.45,9.44,9.83,10.17
73.2,26,10.12,10.96,9.92,9.99,8.86,9.47,10.35,9.78,10.05,9.38,9.51,10.44,9.46,9.82,10.14
74.2,26,10.1,10.96,9.92,9.99,8.86,9.47,10.36,9.8,10.05,9.39,9.51,10.43,9.47,9.85,10.16
75.2,26,10.09,10.94,9.91,10,8.86,9.44,10.35,9.78,10.05,9.38,9.52,10.44,9.44,9.82,10.16
76.2,26,10.09,10.92,9.87,9.96,8.83,9.43,10.32,9.77,10.03,9.39,9.49,10.4,9.43,9.81,10.12
77.22,26,10.08,10.93,9.89,9.98,8.83,9.42,10.35,9.77,10.04,9.39,9.49,10.42,9.44,9.82,10.13
78.22,26,10.08,10.93,9.87,9.98,8.82,9.4,10.32,9.76,10.04,9.39,9.51,10.39,9.44,9.8,10.1
79.22,26,10.09,10.93,9.87,9.99,8.82,9.39,10.36,9.75,10.03,9.39,9.52,10.42,9.43,9.81,10.13
80.22,26,10.07,10.93,9.86,9.99,8.81,9.39,10.35,9.76,10.04,9.39,9.52,10.4,9.43,9.78,10.13
81.22,26,10.07,10.92,9.85,9.98,8.81,9.39,10.35,9.75,10.04,9.39,9.49,10.38,9.44,9.8,10.12
82.22,26,10.07,10.94,9.82,9.98,8.81,9.38,10.36,9.76,10.04,9.39,9.49,10.39,9.44,9.8,10.12
83.22,26,10.07,10.93,9.82,9.98,8.81,9.38,10.35,9.75,10.03,9.39,9.51,10.4,9.43,9.8,10.12
84.22,26,10.05,10.9,9.82,9.96,8.79,9.37,10.35,9.75,10.03,9.37,9.49,10.39,9.43,9.8,10.1
85.22,26,10.05,10.93,9.81,9.96,8.79,9.38,10.34,9.73,10.03,9.39,9.51,10.38,9.44,9.8,10.12
86.22,26,10.07,10.93,9.81,9.98,8.8,9.39,10.36,9.75,10.04,9.39,9.51,10.39,9.43,9.8,10.12
87.22,26,10.04,10.9,9.8,9.96,8.79,9.38,10.35,9.73,10.03,9.37,9.49,10.39,9.42,9.78,10.1
88.22,26,10.05,10.9,9.78,9.96,8.77,9.38,10.34,9.73,10.03,9.38,9.49,10.38,9.43,9.78,10.09
89.22,26,10.07,10.93,9.8,9.98,8.77,9.39,10.36,9.73,10.03,9.38,9.51,10.39,9.43,9.8,10.12
90.22,26,10.04,10.9,9.77,9.95,8.76,9.38,10.34,9.73,10,9.37,9.49,10.39,9.42,9.76,10.1
91.22,26,10.05,10.9,9.77,9.98,8.76,9.37,10.32,9.71,10.01,9.37,9.49,10.39,9.42,9.77,10.1
92.22,26,10.04,10.9,9.75,9.98,8.77,9.37,10.32,9.72,10.01,9.38,9.49,10.39,9.4,9.76,10.1
93.22,26,10.04,10.9,9.77,9.95,8.76,9.34,10.32,9.72,10.01,9.38,9.48,10.39,9.42,9.77,10.09
94.22,26,10.05,10.9,9.76,9.96,8.76,9.34,10.32,9.72,10.01,9.37,9.51,10.4,9.42,9.77,10.1
95.22,26,10.04,10.9,9.76,9.95,8.75,9.35,10.34,9.71,10,9.35,9.48,10.39,9.4,9.75,10.08
96.22,26,10.04,10.92,9.77,9.96,8.75,9.34,10.35,9.72,10.01,9.35,9.49,10.4,9.4,9.76,10.1
97.23,26,10.05,10.92,9.77,9.96,8.75,9.34,10.34,9.72,10.03,9.35,9.49,10.42,9.4,9.76,10.12
98.23,26,10.05,10.92,9.77,9.96,8.74,9.33,10.34,9.72,10.01,9.38,9.48,10.4,9.4,9.77,10.1
99.23,26,10.05,10.92,9.77,9.96,8.74,9.32,10.34,9.72,10.01,9.35,9.48,10.4,9.4,9.76,10.1
100.23,26,10.04,10.92,9.77,9.94,8.74,9.32,10.32,9.69,10.01,9.35,9.47,10.4,9.4,9.75,10.09
101.25,26,10.03,10.92,9.77,9.92,8.72,9.3,10.32,9.69,10,9.34,9.47,10.38,9.38,9.72,10.08
102.25,26,10.04,10.93,9.76,9.96,8.72,9.3,10.34,9.69,10,9.37,9.48,10.39,9.39,9.75,10.1
103.25,26,10.04,10.93,9.76,9.96,8.72,9.28,10.32,9.69,10,9.34,9.48,10.39,9.37,9.73,10.08
104.27,26,10.04,10.93,9.75,9.95,8.72,9.29,10.34,9.69,10.01,9.34,9.48,10.39,9.39,9.76,10.09
105.27,26,10.05,10.94,9.77,9.94,8.71,9.3,10.32,9.69,10,9.34,9.48,10.4,9.39,9.73,10.09
106.27,26,10.07,10.94,9.76,9.94,8.71,9.29,10.34,9.69,10,9.34,9.47,10.4,9.39,9.73,10.09
107.27,26,10.05,10.92,9.75,9.95,8.699999999999998,9.27,10.34,9.67,9.99,9.33,9.47,10.39,9.39,9.73,10.09
108.28,26,10.05,10.93,9.75,9.94,8.699999999999998,9.27,10.34,9.69,9.99,9.34,9.47,10.4,9.38,9.72,10.09
109.28,26,10.07,10.96,9.75,9.94,8.71,9.29,10.32,9.68,9.99,9.33,9.46,10.4,9.38,9.75,10.09
110.28,26,10.07,10.96,9.76,9.95,8.699999999999998,9.28,10.32,9.68,10.01,9.33,9.48,10.4,9.39,9.73,10.09
111.28,26,10.07,10.96,9.75,9.94,8.71,9.27,10.35,9.69,10,9.33,9.46,10.4,9.39,9.73,10.09
112.28,26,10.05,10.96,9.72,9.91,8.69,9.27,10.32,9.68,9.99,9.33,9.46,10.39,9.39,9.72,10.08
113.3,26,10.07,10.97,9.75,9.94,8.699999999999998,9.28,10.34,9.69,9.99,9.33,9.47,10.42,9.39,9.73,10.1
114.3,26,10.07,10.94,9.73,9.94,8.69,9.27,10.34,9.68,9.99,9.32,9.46,10.4,9.39,9.73,10.09
115.3,26,10.04,10.94,9.72,9.92,8.69,9.25,10.32,9.67,9.99,9.32,9.46,10.39,9.39,9.72,10.09
116.3,26,10.05,10.94,9.69,9.91,8.68,9.24,10.32,9.66,9.98,9.3,9.44,10.38,9.37,9.71,10.08
117.32,26,10.07,10.96,9.71,9.92,8.699999999999998,9.25,10.35,9.68,9.99,9.32,9.46,10.42,9.39,9.71,10.09
118.32,26,10.07,10.97,9.72,9.92,8.69,9.25,10.34,9.67,9.99,9.33,9.47,10.4,9.39,9.72,10.09
119.32,26,10.05,10.96,9.69,9.92,8.68,9.25,10.32,9.67,9.99,9.32,9.44,10.4,9.39,9.71,10.09
120.32,26,10.07,10.96,9.69,9.91,8.68,9.24,10.34,9.66,10,9.32,9.44,10.4,9.4,9.72,10.1
121.33,26,10.05,10.94,9.69,9.91,8.66,9.24,10.34,9.67,9.99,9.3,9.44,10.39,9.38,9.71,10.08
122.33,26,10.01,10.92,9.68,9.91,8.66,9.23,10.34,9.64,9.98,9.29,9.44,10.39,9.38,9.72,10.07
123.33,26,10,10.88,9.68,9.89,8.64,9.22,10.32,9.66,9.95,9.29,9.42,10.35,9.35,9.69,10.04
124.33,26,9.96,10.82,9.69,9.89,8.64,9.22,10.3,9.61,9.92,9.24,9.39,10.32,9.33,9.66,10.01
125.33,26,9.98,10.85,9.71,9.89,8.66,9.25,10.27,9.62,9.94,9.25,9.38,10.32,9.3,9.66,10.03
126.35,26,9.96,10.84,9.71,9.9,8.65,9.24,10.26,9.62,9.94,9.24,9.38,10.32,9.3,9.66,10.03
127.35,26,9.96,10.85,9.69,9.87,8.66,9.24,10.26,9.63,9.91,9.24,9.37,10.32,9.3,9.64,10.01
128.35,26,9.96,10.84,9.67,9.86,8.65,9.19,10.23,9.61,9.91,9.23,9.37,10.32,9.3,9.67,10.01
129.35,26,9.96,10.84,9.67,9.87,8.63,9.2,10.25,9.62,9.92,9.23,9.34,10.32,9.32,9.66,10
130.35,26,9.96,10.85,9.66,9.85,8.63,9.2,10.23,9.61,9.91,9.22,9.35,10.34,9.32,9.67,10.01
131.35,26,9.96,10.86,9.63,9.82,8.59,9.18,10.25,9.59,9.91,9.2,9.33,10.32,9.3,9.66,10
132.37,26,9.96,10.85,9.63,9.83,8.58,9.18,10.26,9.59,9.91,9.2,9.33,10.32,9.32,9.67,10
133.37,26,9.95,10.86,9.63,9.83,8.57,9.18,10.25,9.58,9.9,9.19,9.33,10.32,9.3,9.67,10
134.37,26,9.95,10.85,9.62,9.81,8.55,9.16,10.25,9.56,9.9,9.18,9.32,10.31,9.3,9.66,9.99
135.37,26,9.94,10.84,9.61,9.82,8.54,9.17,10.26,9.56,9.9,9.17,9.32,10.31,9.3,9.67,9.99
136.37,26,9.94,10.84,9.59,9.78,8.529999999999998,9.16,10.25,9.53,9.86,9.17,9.3,10.3,9.3,9.64,9.99
137.37,26,9.92,10.84,9.59,9.77,8.51,9.13,10.25,9.52,9.87,9.14,9.29,10.3,9.29,9.64,9.98
138.38,26,9.94,10.82,9.57,9.77,8.51,9.12,10.23,9.52,9.86,9.14,9.28,10.31,9.29,9.63,9.96
139.38,26,9.92,10.82,9.57,9.78,8.48,9.12,10.25,9.49,9.86,9.14,9.28,10.29,9.28,9.63,9.96
140.38,26,9.91,10.82,9.56,9.76,8.48,9.12,10.26,9.51,9.85,9.13,9.27,10.27,9.28,9.62,9.95
141.38,26,9.91,10.82,9.58,9.78,8.48,9.11,10.26,9.52,9.86,9.16,9.28,10.3,9.28,9.64,9.96
142.38,26,9.89,10.78,9.54,9.75,8.46,9.09,10.23,9.48,9.85,9.12,9.24,10.27,9.27,9.59,9.94
143.4,26,9.87,10.78,9.56,9.75,8.44,9.08,10.23,9.48,9.83,9.11,9.24,10.27,9.25,9.59,9.92
144.4,26,9.87,10.78,9.53,9.75,8.44,9.09,10.25,9.47,9.82,9.12,9.23,10.25,9.25,9.59,9.94
145.4,26,9.87,10.76,9.52,9.73,8.43,9.08,10.22,9.47,9.82,9.09,9.22,10.26,9.24,9.58,9.92
146.4,26,9.86,10.76,9.53,9.75,8.43,9.08,10.23,9.46,9.82,9.09,9.23,10.25,9.24,9.58,9.92
147.4,26,9.85,10.73,9.52,9.72,8.42,9.07,10.23,9.46,9.81,9.09,9.22,10.23,9.2,9.54,9.91
148.42,26,9.83,10.72,9.52,9.71,8.42,9.08,10.22,9.44,9.81,9.08,9.22,10.22,9.22,9.54,9.9
149.42,26,9.83,10.72,9.51,9.72,8.4,9.07,10.22,9.42,9.81,9.06,9.18,10.22,9.19,9.53,9.9
150.42,26,9.82,10.7,9.48,9.71,8.4,9.06,10.18,9.4,9.77,9.06,9.19,10.19,9.18,9.51,9.89
151.42,26,9.8,10.7,9.47,9.69,8.4,9.07,10.19,9.4,9.78,9.04,9.17,10.19,9.18,9.48,9.87
152.42,26,9.8,10.69,9.49,9.71,8.38,9.06,10.19,9.4,9.77,9.06,9.17,10.19,9.17,9.48,9.87
153.42,26,9.78,10.68,9.47,9.68,8.37,9.06,10.17,9.39,9.75,9.03,9.14,10.17,9.16,9.46,9.86
154.43,26,9.77,10.68,9.48,9.68,8.38,9.07,10.17,9.39,9.77,9.03,9.14,10.17,9.16,9.44,9.86
155.43,26,9.77,10.66,9.46,9.67,8.36,9.04,10.16,9.38,9.75,9.01,9.12,10.16,9.12,9.4,9.83
156.43,26,9.76,10.66,9.44,9.66,8.36,9.06,10.14,9.37,9.75,8.98,9.12,10.13,9.12,9.4,9.83
157.43,26,9.78,10.64,9.43,9.64,8.36,9.04,10.14,9.35,9.75,8.98,9.11,10.13,9.12,9.39,9.83
158.45,26,9.75,10.64,9.43,9.64,8.35,9.06,10.12,9.35,9.75,8.97,9.09,10.13,9.11,9.37,9.82
159.45,26,9.75,10.64,9.46,9.67,8.35,9.04,10.13,9.34,9.72,8.96,9.09,10.13,9.12,9.38,9.82
160.45,26,9.73,10.61,9.43,9.62,8.32,9.03,10.12,9.32,9.73,8.94,9.07,10.1,9.09,9.35,9.82
161.45,26,9.73,10.59,9.42,9.62,8.31,9.03,10.1,9.29,9.72,8.94,9.06,10.09,9.09,9.35,9.81
162.45,26,9.73,10.59,9.43,9.62,8.31,9.03,10.09,9.3,9.71,8.93,9.04,10.09,9.08,9.34,9.8
163.47,26,9.72,10.57,9.43,9.62,8.3,9.02,10.09,9.29,9.71,8.93,9.04,10.09,9.07,9.32,9.78
164.47,26,9.72,10.57,9.42,9.59,8.3,9.01,10.08,9.27,9.69,8.93,9.02,10.08,9.08,9.3,9.78
165.47,26,9.71,10.55,9.43,9.59,8.29,8.99,10.08,9.28,9.69,8.93,9.02,10.07,9.06,9.3,9.77
166.47,26,9.71,10.52,9.42,9.61,8.279999999999998,8.99,10.09,9.27,9.68,8.92,9.01,10.07,9.06,9.3,9.77
167.48,26,9.72,10.52,9.42,9.58,8.25,8.98,10.07,9.25,9.68,8.92,8.99,10.05,9.04,9.29,9.76
168.48,26,9.71,10.52,9.42,9.57,8.279999999999998,8.99,10.07,9.25,9.68,8.92,8.99,10.05,9.06,9.29,9.76
169.48,26,9.69,10.52,9.42,9.57,8.25,8.99,10.05,9.24,9.67,8.93,8.99,10.04,9.04,9.29,9.75
170.48,26,9.67,10.51,9.4,9.57,8.24,8.97,10.05,9.24,9.66,8.93,8.98,10.04,9.04,9.28,9.75
171.5,26,9.69,10.51,9.39,9.54,8.25,8.96,10.04,9.23,9.64,8.9,8.94,10.01,9.02,9.25,9.71
172.5,26,9.71,10.49,9.42,9.56,8.279999999999998,8.97,10.01,9.22,9.66,8.9,8.93,10.05,9.03,9.23,9.76
173.5,26,9.71,10.53,9.4,9.58,8.31,8.99,9.99,9.23,9.67,8.87,8.96,10.07,9.04,9.27,9.77
174.5,26,9.71,10.53,9.39,9.59,8.32,8.98,10,9.27,9.68,8.9,8.98,10.07,9.04,9.29,9.77
175.5,26,9.71,10.56,9.38,9.57,8.32,8.97,10,9.27,9.67,8.9,8.98,10.08,9.04,9.3,9.77
176.52,26,9.69,10.55,9.39,9.58,8.31,8.94,10,9.28,9.67,8.91,8.99,10.09,9.04,9.33,9.77
177.52,26,9.69,10.56,9.38,9.58,8.3,8.93,10.01,9.28,9.68,8.9,9.01,10.09,9.06,9.33,9.78
178.52,26,9.69,10.56,9.37,9.57,8.279999999999998,8.94,10,9.27,9.67,8.9,8.99,10.1,9.06,9.34,9.77
179.52,26,9.69,10.56,9.34,9.56,8.26,8.92,10.03,9.27,9.67,8.88,8.98,10.07,9.06,9.34,9.76
180.52,26,9.68,10.55,9.33,9.54,8.25,8.91,10.01,9.25,9.64,8.87,8.98,10.08,9.04,9.33,9.75
181.53,26,9.69,10.55,9.35,9.54,8.25,8.92,10.01,9.24,9.66,8.9,8.99,10.09,9.06,9.34,9.76
182.53,26,9.68,10.53,9.33,9.53,8.23,8.9,10.01,9.22,9.66,8.86,8.97,10.07,9.06,9.32,9.73
183.53,26,9.67,10.55,9.3,9.52,8.199999999999998,8.88,10.01,9.22,9.62,8.85,8.96,10.07,9.04,9.32,9.72
184.53,26,9.64,10.52,9.3,9.51,8.18,8.87,10.01,9.2,9.62,8.83,8.94,10.04,9.03,9.3,9.71
185.53,26,9.64,10.49,9.29,9.51,8.18,8.87,10,9.19,9.62,8.83,8.93,10.04,9.02,9.29,9.71
186.55,26,9.64,10.51,9.3,9.51,8.16,8.85,10,9.18,9.62,8.82,8.92,10.04,9.02,9.27,9.69
187.55,26,9.62,10.48,9.28,9.48,8.16,8.85,9.99,9.18,9.61,8.81,8.9,10.04,8.99,9.27,9.69
188.55,26,9.61,10.44,9.28,9.47,8.13,8.85,9.99,9.16,9.58,8.81,8.91,10.01,8.99,9.25,9.68
189.55,26,9.59,10.44,9.25,9.44,8.13,8.82,9.98,9.14,9.57,8.79,8.9,10,8.97,9.23,9.66
190.55,26,9.58,10.42,9.25,9.46,8.11,8.82,9.96,9.13,9.56,8.76,8.88,9.98,8.96,9.2,9.66
191.55,26,9.57,10.42,9.24,9.44,8.1,8.81,9.98,9.12,9.56,8.77,8.87,9.98,8.94,9.19,9.64
192.57,26,9.54,10.36,9.24,9.43,8.08,8.81,9.96,9.12,9.56,8.75,8.86,9.96,8.94,9.17,9.63
193.57,26,9.53,10.36,9.24,9.42,8.07,8.8,9.95,9.08,9.52,8.76,8.85,9.94,8.92,9.16,9.62
194.57,26,9.51,10.35,9.23,9.42,8.06,8.79,9.95,9.09,9.51,8.74,8.83,9.94,8.9,9.13,9.61
195.57,26,9.51,10.32,9.23,9.4,8.05,8.8,9.95,9.09,9.52,8.72,8.82,9.91,8.9,9.12,9.61
196.57,26,9.47,10.31,9.22,9.38,8.029999999999998,8.77,9.92,9.06,9.48,8.699999999999998,8.79,9.89,8.86,9.09,9.57
197.57,26,9.47,10.29,9.2,9.37,8.029999999999998,8.77,9.91,9.04,9.49,8.69,8.79,9.87,8.83,9.06,9.56
198.57,26,9.44,10.27,9.19,9.38,8.01,8.77,9.9,9.03,9.48,8.68,8.77,9.86,8.83,9.03,9.56
199.57,26,9.43,10.25,9.17,9.34,8,8.76,9.89,9.02,9.46,8.66,8.74,9.83,8.81,9.02,9.53
200.57,26,9.42,10.22,9.17,9.34,7.99,8.75,9.86,9.01,9.46,8.65,8.699999999999998,9.83,8.79,8.99,9.52
201.57,26,9.4,10.22,9.18,9.33,7.98,8.75,9.87,8.99,9.44,8.64,8.699999999999998,9.81,8.77,8.96,9.52
202.57,26,9.38,10.19,9.16,9.32,7.95,8.74,9.82,8.97,9.42,8.6,8.68,9.78,8.75,8.94,9.49
203.58,26,9.37,10.19,9.14,9.32,7.95,8.75,9.82,8.97,9.42,8.59,8.65,9.78,8.75,8.91,9.49
204.58,26,9.35,10.19,9.13,9.29,7.94,8.74,9.81,8.96,9.4,8.58,8.64,9.77,8.74,8.91,9.48
205.6,26,9.34,10.14,9.13,9.27,7.92,8.72,9.77,8.92,9.39,8.55,8.61,9.75,8.72,8.87,9.47
206.6,26,9.33,10.14,9.12,9.27,7.91,8.72,9.8,8.92,9.38,8.529999999999998,8.6,9.73,8.699999999999998,8.86,9.44
207.6,26,9.32,10.1,9.12,9.25,7.89,8.72,9.77,8.9,9.38,8.52,8.58,9.71,8.69,8.86,9.44
208.6,26,9.34,10.12,9.12,9.24,7.91,8.72,9.77,8.9,9.37,8.529999999999998,8.58,9.71,8.69,8.86,9.43
209.62,26,9.32,10.09,9.13,9.23,7.88,8.699999999999998,9.76,8.88,9.35,8.51,8.55,9.71,8.69,8.85,9.42
210.62,26,9.32,10.08,9.11,9.22,7.86,8.69,9.73,8.86,9.33,8.51,8.54,9.68,8.66,8.82,9.38
211.63,26,9.32,10.07,9.11,9.2,7.85,8.69,9.75,8.85,9.34,8.52,8.529999999999998,9.67,8.66,8.82,9.4
212.63,26,9.3,10.04,9.08,9.19,7.81,8.69,9.73,8.85,9.3,8.51,8.49,9.64,8.63,8.79,9.37
213.65,26,9.35,10.12,9.07,9.22,7.82,8.65,9.69,8.83,9.32,8.47,8.47,9.69,8.65,8.76,9.43
214.65,26,9.37,10.16,9.11,9.24,7.87,8.68,9.67,8.82,9.33,8.43,8.48,9.72,8.68,8.8,9.44
215.65,26,9.38,10.18,9.12,9.25,7.92,8.69,9.66,8.87,9.38,8.48,8.54,9.76,8.72,8.86,9.47
216.65,26,9.38,10.17,9.09,9.25,7.93,8.66,9.68,8.91,9.37,8.51,8.57,9.76,8.699999999999998,8.87,9.47
217.67,26,9.37,10.18,9.08,9.25,7.92,8.68,9.69,8.92,9.38,8.52,8.59,9.78,8.71,8.91,9.48
218.67,26,9.38,10.22,9.08,9.27,7.92,8.65,9.71,8.92,9.39,8.54,8.6,9.8,8.74,8.93,9.48
219.67,26,9.38,10.21,9.06,9.24,7.91,8.63,9.71,8.9,9.37,8.52,8.6,9.78,8.71,8.93,9.47
220.67,26,9.37,10.18,9.04,9.23,7.89,8.61,9.71,8.88,9.37,8.52,8.58,9.77,8.72,8.92,9.46
221.67,26,9.35,10.17,9.04,9.23,7.87,8.61,9.71,8.86,9.34,8.52,8.57,9.78,8.72,8.93,9.44
222.67,26,9.34,10.18,9.02,9.19,7.86,8.6,9.69,8.83,9.33,8.49,8.57,9.77,8.71,8.92,9.44
223.68,26,9.34,10.17,9.02,9.2,7.84,8.6,9.69,8.83,9.33,8.49,8.57,9.77,8.71,8.91,9.43
224.68,26,9.33,10.14,9.03,9.18,7.82,8.58,9.68,8.81,9.33,8.47,8.55,9.76,8.699999999999998,8.91,9.42
225.68,26,9.32,10.13,9.02,9.18,7.8,8.58,9.67,8.8,9.32,8.47,8.529999999999998,9.75,8.69,8.88,9.4
226.68,26,9.29,10.12,8.98,9.14,7.78,8.55,9.64,8.77,9.29,8.44,8.51,9.71,8.68,8.87,9.38
227.68,26,9.3,10.09,9.01,9.14,7.75,8.55,9.67,8.76,9.29,8.44,8.49,9.72,8.66,8.85,9.38
228.68,26,9.28,10.07,8.97,9.12,7.74,8.529999999999998,9.66,8.74,9.27,8.41,8.48,9.69,8.64,8.83,9.35
229.68,26,9.25,10.04,8.97,9.12,7.72,8.54,9.64,8.71,9.25,8.41,8.47,9.67,8.63,8.8,9.34
230.68,26,9.22,10,8.96,9.11,7.69,8.52,9.63,8.699999999999998,9.24,8.37,8.42,9.64,8.6,8.77,9.32
231.7,26,9.2,9.98,8.93,9.08,7.68,8.51,9.62,8.69,9.2,8.36,8.41,9.62,8.58,8.74,9.3
232.7,26,9.17,9.94,8.93,9.07,7.66,8.49,9.58,8.65,9.19,8.35,8.38,9.58,8.54,8.71,9.28
233.7,26,9.16,9.92,8.92,9.04,7.65,8.48,9.58,8.65,9.17,8.34,8.36,9.58,8.54,8.69,9.25
234.7,26,9.13,9.89,8.93,9.04,7.64,8.46,9.57,8.65,9.17,8.32,8.35,9.57,8.52,8.66,9.24
235.7,26,9.09,9.85,8.9,9.02,7.6,8.44,9.56,8.6,9.14,8.3,8.32,9.53,8.48,8.63,9.23
236.72,26,9.08,9.82,8.88,8.99,7.59,8.44,9.54,8.6,9.12,8.29,8.29,9.51,8.46,8.58,9.22
237.72,26,9.04,9.78,8.88,8.98,7.58,8.43,9.53,8.59,9.11,8.26,8.26,9.48,8.44,8.57,9.18
238.72,26,9.02,9.77,8.87,8.96,7.55,8.43,9.51,8.54,9.09,8.23,8.24,9.46,8.4,8.52,9.17
239.72,26,9.01,9.72,8.86,8.94,7.53,8.42,9.47,8.54,9.07,8.22,8.22,9.44,8.38,8.49,9.14
240.72,26,8.97,9.68,8.85,8.92,7.52,8.41,9.47,8.52,9.04,8.19,8.18,9.39,8.34,8.46,9.12
241.72,26,8.94,9.64,8.82,8.91,7.48,8.38,9.44,8.48,8.99,8.16,8.13,9.37,8.3,8.41,9.08
242.72,26,8.93,9.64,8.81,8.88,7.47,8.4,9.43,8.47,8.99,8.13,8.11,9.35,8.279999999999998,8.37,9.07
243.73,26,8.9,9.62,8.79,8.85,7.46,8.37,9.4,8.46,8.96,8.11,8.08,9.32,8.26,8.34,9.06
244.73,26,8.87,9.57,8.79,8.83,7.44,8.36,9.38,8.42,8.93,8.07,8.05,9.28,8.24,8.32,9.02
245.73,26,8.86,9.57,8.76,8.8,7.41,8.34,9.34,8.4,8.9,8.04,8,9.28,8.22,8.3,9.01
246.73,26,8.83,9.54,8.77,8.8,7.38,8.34,9.32,8.38,8.9,8.029999999999998,7.99,9.27,8.199999999999998,8.29,8.99
247.73,26,8.81,9.49,8.76,8.77,7.36,8.34,9.29,8.36,8.88,7.99,7.97,9.23,8.19,8.26,8.97
248.73,26,8.8,9.49,8.74,8.76,7.34,8.32,9.29,8.34,8.87,7.98,7.94,9.22,8.17,8.24,8.98
249.73,26,8.81,9.44,8.76,8.74,7.32,8.34,9.29,8.31,8.86,7.98,7.92,9.2,8.16,8.24,8.97
250.73,26,8.8,9.42,8.74,8.72,7.29,8.3,9.27,8.29,8.82,7.95,7.91,9.19,8.16,8.22,8.93
251.73,26,8.79,9.39,8.71,8.699999999999998,7.26,8.279999999999998,9.25,8.29,8.82,7.95,7.87,9.18,8.13,8.199999999999998,8.91
252.73,26,8.77,9.35,8.71,8.68,7.24,8.3,9.24,8.29,8.8,7.94,7.86,9.14,8.12,8.17,8.91
253.73,26,8.86,9.47,8.69,8.65,7.22,8.25,9.23,8.26,8.77,7.91,7.81,9.14,8.1,8.12,8.92
254.73,26,8.9,9.57,8.699999999999998,8.69,7.25,8.26,9.17,8.24,8.85,7.86,7.8,9.24,8.16,8.14,8.99
255.73,26,8.94,9.64,8.72,8.77,7.36,8.29,9.14,8.3,8.92,7.91,7.88,9.3,8.22,8.26,9.06
256.73,26,8.94,9.64,8.71,8.8,7.38,8.29,9.18,8.36,8.93,7.98,7.95,9.34,8.24,8.32,9.07
257.73,26,8.94,9.66,8.699999999999998,8.81,7.41,8.29,9.2,8.38,8.96,7.99,8,9.34,8.26,8.35,9.07
258.73,26,8.93,9.66,8.71,8.8,7.4,8.26,9.23,8.37,8.94,8.029999999999998,8.01,9.37,8.26,8.37,9.06
259.73,26,8.93,9.64,8.699999999999998,8.79,7.39,8.25,9.25,8.37,8.96,8.029999999999998,8,9.35,8.26,8.38,9.06
260.73,26,8.91,9.64,8.68,8.8,7.37,8.24,9.24,8.34,8.92,8.04,7.99,9.34,8.25,8.37,9.03
261.73,26,8.88,9.64,8.68,8.77,7.36,8.22,9.23,8.32,8.92,8.029999999999998,7.99,9.33,8.24,8.35,9.02
262.73,26,8.87,9.61,8.65,8.75,7.31,8.22,9.23,8.3,8.93,8,7.98,9.32,8.23,8.34,8.99
263.73,26,8.86,9.58,8.63,8.72,7.3,8.19,9.22,8.26,8.9,7.98,7.93,9.3,8.199999999999998,8.31,8.98
264.73,26,8.83,9.56,8.63,8.71,7.28,8.18,9.2,8.24,8.88,7.97,7.91,9.28,8.19,8.29,8.96
265.73,26,8.8,9.54,8.63,8.69,7.24,8.16,9.17,8.22,8.86,7.93,7.88,9.27,8.17,8.26,8.93
266.75,26,8.76,9.51,8.59,8.68,7.22,8.16,9.16,8.18,8.82,7.92,7.86,9.22,8.13,8.23,8.91
267.75,26,8.76,9.48,8.59,8.65,7.21,8.13,9.16,8.18,8.83,7.89,7.85,9.23,8.13,8.22,8.9
268.75,26,8.72,9.42,8.58,8.61,7.16,8.12,9.14,8.14,8.8,7.88,7.81,9.19,8.1,8.17,8.86
269.75,26,8.69,9.38,8.57,8.59,7.14,8.11,9.11,8.11,8.77,7.85,7.78,9.16,8.05,8.12,8.83
270.75,26,8.66,9.33,8.54,8.58,7.11,8.1,9.09,8.08,8.74,7.8,7.74,9.13,8.04,8.1,8.81
271.75,26,8.6,9.27,8.529999999999998,8.55,7.09,8.08,9.07,8.05,8.71,7.79,7.72,9.11,7.99,8.04,8.77
272.75,26,8.59,9.24,8.52,8.54,7.07,8.07,9.07,8.05,8.699999999999998,7.78,7.71,9.07,7.97,8.029999999999998,8.76
273.77,26,8.55,9.18,8.51,8.51,7.05,8.06,9.03,8,8.66,7.74,7.66,9.03,7.94,7.97,8.72
274.77,26,8.51,9.14,8.51,8.49,7.03,8.05,9.02,7.99,8.64,7.73,7.62,9.01,7.91,7.94,8.69
275.77,26,8.46,9.07,8.47,8.46,6.99,8.01,8.98,7.95,8.59,7.67,7.59,8.94,7.85,7.86,8.66
276.77,26,8.42,9.01,8.47,8.46,6.97,8.01,8.97,7.92,8.58,7.65,7.55,8.92,7.81,7.82,8.64
277.77,26,8.38,8.96,8.43,8.42,6.93,7.99,8.93,7.88,8.529999999999998,7.61,7.51,8.87,7.78,7.78,8.59
278.78,26,8.36,8.9,8.42,8.4,6.9,7.98,8.9,7.87,8.51,7.59,7.46,8.83,7.74,7.72,8.57
279.78,26,8.31,8.86,8.4,8.37,6.87,7.95,8.87,7.84,8.47,7.54,7.43,8.79,7.69,7.66,8.54
280.78,26,8.31,8.82,8.4,8.35,6.85,7.93,8.86,7.81,8.43,7.52,7.39,8.76,7.66,7.61,8.529999999999998
281.78,26,8.25,8.77,8.37,8.3,6.82,7.92,8.81,7.78,8.4,7.47,7.34,8.71,7.64,7.59,8.49
282.8,26,8.25,8.77,8.36,8.279999999999998,6.78,7.91,8.79,7.75,8.35,7.44,7.29,8.69,7.6,7.55,8.48
283.8,26,8.22,8.71,8.35,8.24,6.76,7.91,8.75,7.71,8.34,7.4,7.26,8.65,7.57,7.53,8.46
284.8,26,8.17,8.66,8.32,8.23,6.73,7.88,8.72,7.68,8.3,7.36,7.19,8.63,7.54,7.48,8.43
285.8,26,8.16,8.64,8.3,8.19,6.69,7.86,8.71,7.66,8.279999999999998,7.33,7.18,8.6,7.51,7.47,8.42
286.82,26,8.14,8.6,8.3,8.14,6.66,7.85,8.68,7.64,8.24,7.31,7.14,8.58,7.5,7.44,8.4
287.82,26,8.12,8.59,8.279999999999998,8.12,6.64,7.85,8.66,7.6,8.23,7.29,7.11,8.55,7.47,7.41,8.38
288.82,26,8.1,8.52,8.25,8.08,6.6,7.81,8.63,7.58,8.19,7.28,7.09,8.529999999999998,7.44,7.38,8.34
289.83,26,8.199999999999998,8.63,8.24,8.07,6.57,7.78,8.59,7.53,8.14,7.23,7.03,8.48,7.4,7.31,8.32
290.83,26,8.34,8.86,8.279999999999998,8.14,6.63,7.8,8.55,7.54,8.26,7.19,7,8.63,7.51,7.32,8.47
291.83,26,8.38,8.96,8.26,8.23,6.73,7.82,8.51,7.62,8.36,7.22,7.07,8.74,7.61,7.46,8.54
292.83,26,8.41,9.01,8.279999999999998,8.279999999999998,6.78,7.84,8.58,7.71,8.41,7.31,7.18,8.8,7.65,7.58,8.58
293.83,26,8.4,9.02,8.279999999999998,8.29,6.81,7.82,8.63,7.73,8.44,7.38,7.25,8.85,7.68,7.64,8.59
294.83,26,8.38,9.01,8.279999999999998,8.29,6.81,7.81,8.65,7.73,8.46,7.43,7.29,8.83,7.69,7.68,8.57
295.85,26,8.37,8.99,8.24,8.279999999999998,6.78,7.79,8.69,7.72,8.43,7.44,7.29,8.85,7.71,7.68,8.55
296.85,26,8.35,8.99,8.24,8.26,6.76,7.79,8.699999999999998,7.69,8.44,7.44,7.29,8.82,7.68,7.68,8.54
297.85,26,8.32,8.94,8.23,8.25,6.73,7.76,8.69,7.65,8.42,7.44,7.26,8.8,7.67,7.66,8.52
298.85,26,8.29,8.92,8.199999999999998,8.23,6.7,7.76,8.66,7.64,8.4,7.43,7.23,8.79,7.65,7.64,8.49
299.85,26,8.26,8.9,8.18,8.18,6.64,7.72,8.64,7.59,8.36,7.38,7.19,8.74,7.61,7.58,8.46
300.85,26,8.24,8.85,8.18,8.16,6.63,7.71,8.64,7.55,8.34,7.37,7.16,8.72,7.59,7.55,8.43
301.85,26,8.19,8.8,8.16,8.13,6.59,7.69,8.61,7.52,8.31,7.32,7.11,8.69,7.57,7.51,8.38
302.87,26,8.16,8.75,8.13,8.08,6.54,7.66,8.58,7.47,8.29,7.29,7.08,8.66,7.52,7.47,8.36
303.87,26,8.13,8.69,8.11,8.06,6.5,7.65,8.55,7.44,8.25,7.25,7.03,8.61,7.48,7.41,8.31
304.87,26,8.08,8.66,8.1,8.05,6.48,7.62,8.54,7.4,8.22,7.24,7.01,8.6,7.45,7.38,8.3
305.88,26,8.04,8.6,8.07,7.99,6.42,7.62,8.51,7.36,8.18,7.18,6.97,8.54,7.4,7.34,8.25
306.88,26,7.99,8.55,8.07,7.98,6.4,7.61,8.48,7.33,8.17,7.16,6.93,8.529999999999998,7.37,7.3,8.22
307.88,26,7.95,8.48,8.05,7.95,6.39,7.59,8.46,7.3,8.13,7.14,6.89,8.49,7.32,7.25,8.18
308.88,26,7.88,8.4,8.01,7.92,6.34,7.55,8.41,7.25,8.07,7.09,6.83,8.41,7.26,7.18,8.13
309.88,26,7.82,8.34,8,7.87,6.3,7.54,8.38,7.21,8.04,7.05,6.8,8.36,7.22,7.11,8.07
310.88,26,7.76,8.279999999999998,7.98,7.84,6.28,7.52,8.36,7.17,7.99,7,6.75,8.31,7.16,7.07,8.05
311.88,26,7.72,8.19,7.98,7.84,6.24,7.51,8.34,7.14,7.97,6.98,6.72,8.26,7.11,7,8
312.88,26,7.67,8.1,7.93,7.78,6.2,7.48,8.29,7.09,7.92,6.92,6.66,8.19,7.06,6.92,7.94
313.88,26,7.62,8.029999999999998,7.92,7.74,6.17,7.45,8.25,7.06,7.87,6.87,6.59,8.14,7,6.86,7.91
314.9,26,7.58,7.94,7.89,7.71,6.12,7.44,8.199999999999998,6.99,7.82,6.84,6.54,8.08,6.94,6.78,7.87
315.9,26,7.54,7.87,7.85,7.67,6.08,7.39,8.17,6.95,7.76,6.77,6.47,8.029999999999998,6.89,6.69,7.85
316.9,26,7.51,7.79,7.82,7.64,6.04,7.38,8.13,6.92,7.71,6.73,6.41,7.98,6.86,6.64,7.82
317.9,26,7.47,7.75,7.82,7.6,5.99,7.36,8.11,6.87,7.65,6.69,6.37,7.94,6.82,6.59,7.79
318.9,26,7.43,7.72,7.79,7.57,5.96,7.34,8.05,6.83,7.62,6.65,6.3,7.91,6.78,6.55,7.76
319.9,26,7.38,7.67,7.75,7.52,5.92,7.31,8,6.8,7.58,6.61,6.25,7.87,6.76,6.53,7.74
320.9,26,7.36,7.62,7.75,7.48,5.87,7.29,7.97,6.75,7.54,6.57,6.2,7.85,6.72,6.49,7.73
321.9,26,7.32,7.55,7.74,7.44,5.82,7.28,7.94,6.7,7.51,6.53,6.15,7.8,6.66,6.44,7.69
322.9,26,7.32,7.47,7.71,7.39,5.79,7.25,7.91,6.67,7.48,6.5,6.11,7.76,6.63,6.4,7.64
323.9,26,7.59,7.82,7.69,7.39,5.77,7.24,7.84,6.65,7.53,6.42,6.07,7.86,6.68,6.34,7.78
324.9,26,7.71,8.1,7.75,7.52,5.92,7.3,7.78,6.75,7.74,6.44,6.22,8.08,6.89,6.54,7.94
325.9,26,7.75,8.199999999999998,7.76,7.62,6.04,7.31,7.85,6.89,7.82,6.58,6.4,8.19,6.99,6.73,8
326.9,26,7.76,8.24,7.76,7.67,6.07,7.3,7.95,6.94,7.89,6.7,6.49,8.25,7.03,6.84,8.01
327.9,26,7.78,8.26,7.74,7.67,6.08,7.29,8.04,6.97,7.91,6.76,6.53,8.26,7.06,6.91,8.01
328.92,26,7.76,8.279999999999998,7.73,7.67,6.06,7.28,8.05,6.97,7.91,6.78,6.54,8.279999999999998,7.07,6.93,8
329.92,26,7.75,8.26,7.69,7.65,6.04,7.23,8.06,6.91,7.87,6.77,6.49,8.25,7.03,6.92,7.98
330.92,26,7.74,8.26,7.71,7.62,6.01,7.22,8.05,6.91,7.87,6.78,6.49,8.25,7.05,6.91,7.98
331.92,26,7.71,8.22,7.67,7.6,5.97,7.21,8.04,6.86,7.86,6.75,6.46,8.23,7.03,6.89,7.94
332.92,26,7.68,8.19,7.65,7.57,5.93,7.17,8.01,6.82,7.84,6.72,6.41,8.199999999999998,6.99,6.84,7.91
333.92,26,7.64,8.14,7.64,7.53,5.88,7.16,7.99,6.77,7.79,6.69,6.37,8.17,6.97,6.82,7.87
334.93,26,7.59,8.07,7.6,7.5,5.83,7.14,7.95,6.72,7.75,6.64,6.32,8.12,6.91,6.75,7.82
335.93,26,7.57,8.01,7.6,7.46,5.8,7.13,7.94,6.69,7.72,6.61,6.28,8.08,6.89,6.72,7.79
336.93,26,7.51,7.95,7.58,7.41,5.74,7.11,7.89,6.64,7.68,6.57,6.24,8.04,6.85,6.66,7.73
337.93,26,7.46,7.87,7.57,7.38,5.71,7.08,7.87,6.59,7.64,6.54,6.17,7.98,6.81,6.6,7.68
338.95,26,7.39,7.79,7.52,7.32,5.64,7.03,7.84,6.53,7.58,6.47,6.11,7.92,6.73,6.51,7.64
339.95,26,7.32,7.72,7.48,7.28,5.59,7.02,7.8,6.48,7.53,6.45,6.05,7.86,6.68,6.45,7.59
340.95,26,7.26,7.62,7.48,7.23,5.56,7.01,7.76,6.45,7.48,6.39,5.98,7.81,6.61,6.37,7.53
341.95,26,7.21,7.54,7.46,7.18,5.5,6.98,7.74,6.41,7.45,6.36,5.92,7.75,6.57,6.3,7.48
342.95,26,7.13,7.44,7.43,7.14,5.45,6.94,7.68,6.34,7.37,6.31,5.85,7.69,6.5,6.21,7.44
343.95,26,7.07,7.36,7.4,7.11,5.42,6.92,7.65,6.29,7.33,6.26,5.8,7.61,6.44,6.12,7.38
344.97,26,6.99,7.25,7.37,7.06,5.36,6.9,7.61,6.25,7.28,6.2,5.73,7.57,6.37,6.06,7.33
345.97,26,6.92,7.15,7.34,7.01,5.32,6.86,7.55,6.19,7.22,6.14,5.67,7.5,6.29,5.97,7.28
346.97,26,6.83,7.06,7.31,6.97,5.26,6.83,7.5,6.14,7.16,6.07,5.6,7.43,6.21,5.89,7.22
347.98,26,6.75,6.97,7.28,6.92,5.22,6.8,7.44,6.08,7.1,6.01,5.53,7.37,6.14,5.85,7.16
348.98,26,6.66,6.87,7.24,6.87,5.16,6.76,7.37,6.03,7.03,5.93,5.44,7.28,6.05,5.75,7.09
349.98,26,6.58,6.81,7.22,6.83,5.1,6.74,7.32,5.97,6.95,5.86,5.36,7.22,5.97,5.7,7.02
351,26,6.54,6.73,7.18,6.77,5.06,6.7,7.25,5.91,6.91,5.8,5.3,7.16,5.89,5.62,6.98
352,26,6.49,6.7,7.15,6.74,5.01,6.67,7.19,5.86,6.84,5.72,5.22,7.07,5.84,5.56,6.93
353,26,6.45,6.63,7.11,6.67,4.95,6.64,7.13,5.79,6.76,5.63,5.14,7,5.79,5.46,6.86
354.02,26,6.4,6.56,7.08,6.6,4.88,6.6,7.07,5.73,6.69,5.55,5.05,6.93,5.74,5.39,6.82
355.02,26,6.34,6.45,7.05,6.54,4.83,6.58,7.01,5.68,6.63,5.49,4.97,6.87,5.69,5.3,6.77
356.02,26,6.31,6.36,7.03,6.5,4.78,6.57,6.99,5.63,6.58,5.46,4.91,6.84,5.66,5.23,6.76
357.02,26,6.27,6.27,6.98,6.44,4.73,6.54,6.94,5.59,6.54,5.44,4.83,6.8,5.61,5.13,6.72
358.03,26,6.25,6.17,6.97,6.38,4.7,6.51,6.93,5.53,6.51,5.42,4.75,6.77,5.57,5.08,6.68
359.03,26,6.2,6.05,6.92,6.3,4.65,6.48,6.87,5.48,6.47,5.39,4.68,6.72,5.53,4.99,6.65
360.03,26,6.19,5.95,6.91,6.25,4.6,6.46,6.84,5.44,6.41,5.36,4.62,6.68,5.47,4.94,6.6
361.03,26,6.19,5.84,6.87,6.19,4.55,6.42,6.81,5.41,6.39,5.33,4.56,6.63,5.45,4.9,6.56
362.05,26,6.17,5.75,6.84,6.14,4.52,6.38,6.76,5.39,6.35,5.3,4.53,6.58,5.41,4.86,6.51
363.05,26,6.24,5.73,6.81,6.08,4.48,6.35,6.72,5.34,6.28,5.27,4.47,6.51,5.36,4.8,6.46
364.05,26,6.57,6.35,6.84,6.07,4.54,6.32,6.64,5.34,6.36,5.19,4.41,6.68,5.48,4.8,6.69
365.05,26,6.73,6.72,6.91,6.3,4.74,6.4,6.56,5.48,6.65,5.19,4.56,7.01,5.74,5.14,6.93
366.05,26,6.74,6.87,6.93,6.46,4.86,6.42,6.57,5.66,6.81,5.33,4.83,7.16,5.85,5.41,7.01
367.07,26,6.75,6.94,6.92,6.53,4.91,6.44,6.72,5.74,6.89,5.48,4.97,7.25,5.91,5.53,7.06
368.07,26,6.68,6.93,6.9,6.54,4.89,6.38,6.81,5.74,6.9,5.55,5.02,7.26,5.93,5.58,7.02
369.07,26,6.67,6.94,6.89,6.55,4.87,6.38,6.85,5.73,6.91,5.59,5.04,7.25,5.93,5.59,7
370.08,26,6.64,6.91,6.86,6.55,4.83,6.36,6.9,5.69,6.89,5.62,5.02,7.24,5.91,5.57,6.99
371.08,26,6.58,6.89,6.83,6.5,4.75,6.32,6.91,5.63,6.84,5.6,4.97,7.21,5.86,5.53,6.93
372.08,26,6.55,6.83,6.81,6.47,4.7,6.29,6.87,5.58,6.82,5.57,4.93,7.17,5.84,5.48,6.91
373.08,26,6.5,6.77,6.77,6.42,4.64,6.27,6.85,5.51,6.77,5.54,4.87,7.14,5.81,5.41,6.86
374.1,26,6.46,6.7,6.75,6.38,4.56,6.24,6.82,5.45,6.74,5.48,4.81,7.08,5.74,5.35,6.81
375.1,26,6.4,6.64,6.7,6.32,4.52,6.21,6.8,5.39,6.7,5.44,4.77,7.05,5.71,5.29,6.76
376.1,26,6.34,6.57,6.68,6.26,4.45,6.18,6.73,5.3,6.63,5.38,4.71,6.97,5.64,5.2,6.7
377.1,26,6.27,6.48,6.64,6.21,4.39,6.14,6.68,5.23,6.59,5.32,4.64,6.9,5.58,5.12,6.64
378.1,26,6.19,6.38,6.6,6.16,4.34,6.1,6.64,5.17,6.53,5.25,4.59,6.83,5.53,5.05,6.58
379.1,26,6.11,6.27,6.58,6.11,4.27,6.08,6.6,5.12,6.47,5.2,4.5,6.75,5.45,4.96,6.5
380.12,26,6.03,6.18,6.55,6.06,4.22,6.06,6.54,5.07,6.4,5.15,4.44,6.68,5.4,4.88,6.45
381.12,26,5.95,6.07,6.53,6.01,4.15,6.03,6.51,5,6.35,5.1,4.38,6.6,5.32,4.77,6.36
382.12,26,5.83,5.94,6.46,5.94,4.06,5.97,6.45,4.94,6.26,5.04,4.29,6.51,5.25,4.67,6.27
383.12,26,5.73,5.82,6.42,5.91,4.01,5.94,6.39,4.88,6.19,4.99,4.19,6.42,5.17,4.56,6.21
384.13,26,5.61,5.66,6.39,5.83,3.93,5.88,6.32,4.81,6.12,4.91,4.11,6.34,5.07,4.44,6.11
385.13,26,5.48,5.54,6.34,5.76,3.85,5.84,6.26,4.74,6.06,4.86,4.01,6.24,4.97,4.33,6.04
386.13,26,5.36,5.39,6.28,5.7,3.77,5.81,6.2,4.68,5.97,4.77,3.91,6.15,4.88,4.2,5.97
387.13,26,5.26,5.23,6.25,5.63,3.7,5.76,6.16,4.61,5.88,4.7,3.82,6.06,4.77,4.08,5.91
388.13,26,5.15,5.06,6.17,5.57,3.61,5.7,6.09,4.52,5.8,4.62,3.7,5.95,4.66,3.97,5.84
389.15,26,5.11,4.91,6.15,5.51,3.55,5.69,6.05,4.45,5.72,4.54,3.6,5.85,4.58,3.84,5.79
390.15,26,5.06,4.74,6.09,5.44,3.47,5.62,5.98,4.37,5.63,4.44,3.5,5.74,4.47,3.69,5.74
391.15,26,5,4.63,6.04,5.36,3.39,5.56,5.91,4.29,5.51,4.32,3.37,5.63,4.4,3.55,5.68
392.15,26,4.96,4.52,5.98,5.3,3.33,5.51,5.85,4.22,5.43,4.2,3.26,5.51,4.34,3.41,5.62
393.15,26,4.9,4.47,5.95,5.24,3.28,5.46,5.77,4.16,5.32,4.1,3.17,5.43,4.29,3.3,5.58
394.17,26,4.83,4.39,5.92,5.15,3.24,5.42,5.7,4.12,5.23,4.01,3.07,5.36,4.2,3.19,5.54
395.17,26,4.75,4.28,5.89,5.08,3.19,5.36,5.62,4.07,5.12,3.93,3,5.31,4.12,3.14,5.5
396.17,26,4.71,4.15,5.86,5.01,3.15,5.33,5.57,4.04,5.07,3.87,2.96,5.29,4.05,3.12,5.45
397.17,26,4.67,4.02,5.81,4.92,3.1,5.27,5.51,3.97,5,3.83,2.9,5.25,3.96,3.09,5.4
398.17,26,4.62,3.88,5.77,4.84,3.05,5.23,5.45,3.9,4.95,3.79,2.88,5.18,3.87,3.06,5.31
399.18,26,4.6,3.74,5.73,4.76,2.99,5.19,5.41,3.86,4.93,3.76,2.85,5.14,3.8,3.02,5.26
400.18,26,4.59,3.62,5.69,4.69,2.94,5.16,5.38,3.81,4.9,3.74,2.82,5.07,3.74,2.98,5.19
401.18,26,4.66,3.55,5.64,4.62,2.87,5.1,5.31,3.75,4.81,3.67,2.73,4.96,3.65,2.88,5.13
402.18,26,5.16,4.49,5.66,4.61,2.9,5.1,5.18,3.75,4.89,3.57,2.64,5.17,3.8,2.83,5.42
403.18,26,5.4,5.01,5.75,4.89,3.16,5.22,5.08,3.96,5.33,3.58,2.84,5.67,4.18,3.22,5.74
404.18,26,5.43,5.28,5.8,5.11,3.32,5.25,5.17,4.16,5.57,3.8,3.15,5.89,4.39,3.62,5.85
405.2,26,5.43,5.38,5.8,5.22,3.39,5.25,5.39,4.25,5.67,3.98,3.3,6,4.48,3.83,5.87
406.2,26,5.4,5.42,5.79,5.28,3.38,5.25,5.5,4.28,5.72,4.11,3.39,6.04,4.52,3.95,5.87
407.2,26,5.38,5.43,5.74,5.28,3.33,5.22,5.56,4.25,5.72,4.16,3.41,6.05,4.53,3.98,5.84
408.2,26,5.35,5.41,5.72,5.26,3.28,5.2,5.61,4.22,5.72,4.19,3.42,6.04,4.53,3.98,5.83
409.2,26,5.31,5.38,5.69,5.22,3.21,5.17,5.58,4.12,5.7,4.17,3.38,6.01,4.51,3.93,5.8
410.2,26,5.27,5.34,5.64,5.16,3.15,5.12,5.56,4.05,5.66,4.13,3.31,5.97,4.48,3.88,5.74
411.2,26,5.22,5.28,5.6,5.12,3.08,5.11,5.53,4,5.62,4.1,3.25,5.94,4.45,3.84,5.69
412.22,26,5.15,5.2,5.55,5.07,3.01,5.07,5.48,3.91,5.58,4.04,3.18,5.87,4.39,3.79,5.62
413.22,26,5.07,5.1,5.53,5,2.93,5.02,5.43,3.82,5.51,3.98,3.11,5.79,4.34,3.74,5.55
414.22,26,4.98,4.99,5.48,4.93,2.86,4.98,5.4,3.75,5.43,3.94,3.01,5.7,4.26,3.64,5.46
415.23,26,4.89,4.86,5.44,4.86,2.79,4.95,5.34,3.68,5.36,3.87,2.93,5.6,4.18,3.55,5.39
416.23,26,4.76,4.72,5.39,4.78,2.7,4.91,5.29,3.59,5.27,3.81,2.84,5.5,4.1,3.44,5.29
417.23,26,4.66,4.58,5.34,4.7,2.61,4.86,5.22,3.51,5.18,3.75,2.75,5.43,4,3.3,5.19
418.23,26,4.55,4.42,5.29,4.6,2.53,4.81,5.15,3.41,5.1,3.67,2.64,5.31,3.91,3.17,5.1
419.23,26,4.45,4.28,5.26,4.52,2.45,4.75,5.11,3.32,5.01,3.59,2.56,5.23,3.83,3.03,5.01
420.25,26,4.34,4.1,5.19,4.44,2.35,4.7,5.01,3.21,4.92,3.5,2.45,5.11,3.71,2.89,4.92
421.25,26,4.23,3.91,5.14,4.34,2.25,4.64,4.92,3.11,4.8,3.38,2.34,5,3.6,2.75,4.8
422.25,26,4.11,3.74,5.08,4.26,2.16,4.6,4.85,3.03,4.71,3.29,2.22,4.89,3.48,2.6,4.7
423.27,26,3.99,3.56,5.02,4.17,2.06,4.53,4.76,2.94,4.62,3.19,2.11,4.78,3.37,2.48,4.59
424.27,26,3.85,3.38,4.94,4.09,1.96,4.47,4.65,2.86,4.5,3.09,2.01,4.67,3.24,2.34,4.47
425.27,26,3.72,3.22,4.89,4.01,1.89,4.4,4.54,2.78,4.4,2.96,1.89,4.54,3.11,2.21,4.36
426.27,26,3.59,3.11,4.84,3.93,1.8,4.34,4.45,2.71,4.3,2.84,1.79,4.42,2.98,2.07,4.25
427.27,26,3.45,3.01,4.76,3.86,1.72,4.28,4.35,2.63,4.2,2.72,1.69,4.3,2.83,1.94,4.15
428.28,26,3.28,2.91,4.69,3.77,1.63,4.18,4.2,2.53,4.08,2.57,1.56,4.14,2.67,1.79,4.01
429.28,26,3.16,2.86,4.63,3.69,1.55,4.13,4.12,2.47,3.99,2.43,1.48,4.02,2.53,1.67,3.93
430.28,26,3.02,2.79,4.56,3.61,1.46,4.06,4.01,2.39,3.89,2.28,1.39,3.87,2.39,1.53,3.83
431.28,26,2.91,2.7,4.49,3.51,1.37,3.98,3.87,2.33,3.76,2.12,1.3,3.71,2.23,1.41,3.72
432.3,26,2.81,2.59,4.41,3.41,1.3,3.94,3.76,2.27,3.66,1.95,1.21,3.54,2.11,1.29,3.62
433.3,26,2.77,2.47,4.36,3.32,1.23,3.87,3.67,2.23,3.56,1.8,1.13,3.4,2.03,1.24,3.56
434.3,26,2.67,2.35,4.27,3.19,1.15,3.83,3.56,2.18,3.43,1.67,1.03,3.24,1.96,1.17,3.48
435.32,26,2.58,2.22,4.18,3.07,1.06,3.77,3.49,2.13,3.31,1.61,0.95,3.09,1.88,1.13,3.42
436.32,26,2.48,2.16,4.11,2.95,0.98,3.72,3.45,2.06,3.19,1.61,0.89,2.96,1.8,1.1,3.36
437.32,26,2.36,2.08,4.04,2.83,0.91,3.67,3.4,1.99,3.08,1.61,0.82,2.87,1.72,1.06,3.28
438.32,26,2.25,2.06,3.98,2.7,0.87,3.62,3.37,1.91,2.98,1.61,0.77,2.82,1.62,1.02,3.2
439.32,26,2.15,2.04,3.93,2.59,0.84,3.56,3.34,1.84,2.87,1.57,0.75,2.76,1.53,1,3.12
440.33,26,2.08,2.03,3.89,2.51,0.83,3.48,3.29,1.76,2.79,1.55,0.74,2.71,1.42,0.98,3.01
441.33,26,2.04,2.01,3.83,2.4,0.81,3.42,3.24,1.71,2.71,1.5,0.74,2.66,1.33,0.94,2.91
442.33,26,2.02,2,3.78,2.36,0.77,3.35,3.2,1.67,2.63,1.48,0.73,2.59,1.23,0.9,2.83
443.35,26,2.01,1.99,3.71,2.28,0.73,3.29,3.15,1.63,2.54,1.45,0.71,2.53,1.13,0.85,2.74
444.35,26,2.06,1.97,3.63,2.19,0.66,3.21,3.05,1.6,2.42,1.39,0.66,2.41,1.02,0.79,2.62
445.35,26,2.91,2.82,3.65,2.16,0.64,3.19,2.92,1.59,2.48,1.26,0.67,2.68,1.16,0.77,2.94
446.35,26,3.32,3.38,3.84,2.54,0.9,3.36,2.84,1.77,3.19,1.27,0.93,3.49,1.82,1.21,3.61
447.37,26,3.42,3.6,3.94,2.93,1.15,3.47,2.96,2.06,3.61,1.52,1.23,3.87,2.2,1.66,3.88
448.37,26,3.42,3.65,3.96,3.15,1.29,3.48,3.19,2.23,3.77,1.76,1.36,4.03,2.37,1.88,3.97
449.37,26,3.36,3.61,3.94,3.22,1.3,3.45,3.39,2.29,3.82,1.9,1.41,4.09,2.41,1.94,3.99
450.37,26,3.31,3.54,3.91,3.24,1.25,3.41,3.49,2.29,3.82,1.97,1.38,4.07,2.42,1.92,3.95
451.37,26,3.23,3.45,3.87,3.19,1.16,3.36,3.54,2.23,3.78,2.01,1.32,4.05,2.4,1.83,3.89
452.38,26,3.15,3.32,3.81,3.13,1.06,3.31,3.53,2.15,3.74,1.99,1.22,4,2.37,1.73,3.81
453.38,26,3.07,3.23,3.77,3.06,0.96,3.26,3.51,2.06,3.68,1.94,1.12,3.92,2.31,1.62,3.73
454.38,26,2.95,3.11,3.71,2.97,0.87,3.2,3.46,1.96,3.6,1.88,1.01,3.85,2.24,1.53,3.64
455.38,26,2.85,2.98,3.66,2.9,0.79,3.15,3.37,1.87,3.52,1.79,0.9,3.74,2.14,1.43,3.55
456.4,26,2.77,2.87,3.61,2.83,0.72,3.12,3.3,1.81,3.46,1.71,0.83,3.65,2.06,1.34,3.47
457.4,26,2.67,2.76,3.56,2.73,0.66,3.06,3.22,1.74,3.35,1.65,0.75,3.54,1.98,1.25,3.36
458.42,26,2.59,2.64,3.5,2.64,0.61,3,3.17,1.7,3.23,1.55,0.68,3.41,1.87,1.16,3.24
459.42,26,2.5,2.52,3.43,2.55,0.57,2.94,3.08,1.67,3.13,1.46,0.64,3.27,1.77,1.07,3.14
460.42,26,2.38,2.4,3.35,2.46,0.53,2.87,2.98,1.66,3.01,1.36,0.61,3.13,1.65,0.97,2.99
461.42,26,2.22,2.3,3.29,2.37,0.51,2.81,2.88,1.62,2.9,1.3,0.58,2.97,1.54,0.89,2.84
462.43,26,2.07,2.19,3.2,2.25,0.46,2.73,2.77,1.6,2.77,1.18,0.56,2.83,1.42,0.81,2.69
463.43,26,1.93,2.1,3.14,2.15,0.45,2.67,2.68,1.59,2.65,1.09,0.55,2.69,1.29,0.76,2.54
464.43,26,1.78,2.05,3.06,2.05,0.42,2.59,2.59,1.56,2.53,0.99,0.52,2.55,1.16,0.73,2.39
465.43,26,1.67,2.02,2.97,1.98,0.42,2.52,2.52,1.55,2.41,0.92,0.51,2.41,1.02,0.71,2.23
466.43,26,1.56,1.98,2.88,1.9,0.39,2.43,2.43,1.52,2.27,0.84,0.51,2.27,0.9,0.69,2.09
467.45,26,1.5,1.97,2.81,1.83,0.39,2.36,2.36,1.52,2.12,0.78,0.49,2.15,0.77,0.69,1.97
468.45,26,1.45,1.95,2.75,1.81,0.38,2.29,2.28,1.52,1.98,0.73,0.5,2.02,0.68,0.69,1.88
469.45,26,1.42,1.94,2.65,1.76,0.37,2.21,2.19,1.5,1.82,0.67,0.49,1.88,0.58,0.67,1.8
470.47,26,1.4,1.93,2.59,1.72,0.36,2.11,2.1,1.49,1.7,0.64,0.48,1.77,0.52,0.66,1.72
471.47,26,1.41,1.95,2.54,1.72,0.36,2.06,2.05,1.52,1.65,0.63,0.49,1.69,0.52,0.68,1.65
472.47,26,1.44,1.96,2.48,1.69,0.35,1.99,1.96,1.51,1.59,0.61,0.48,1.65,0.51,0.67,1.56
473.48,26,1.45,1.96,2.43,1.67,0.35,1.92,1.92,1.51,1.56,0.6,0.47,1.63,0.52,0.67,1.51
474.48,26,1.44,1.95,2.39,1.67,0.35,1.89,1.87,1.51,1.54,0.59,0.47,1.62,0.53,0.66,1.43
475.48,26,1.43,1.94,2.34,1.66,0.34,1.85,1.84,1.5,1.49,0.59,0.46,1.61,0.51,0.66,1.36
476.48,26,1.41,1.95,2.29,1.66,0.33,1.8,1.82,1.5,1.46,0.59,0.47,1.6,0.51,0.66,1.3
477.48,26,1.39,1.93,2.25,1.64,0.32,1.75,1.8,1.49,1.42,0.58,0.45,1.58,0.49,0.65,1.23
478.48,26,1.38,1.93,2.21,1.64,0.32,1.73,1.81,1.49,1.41,0.59,0.46,1.58,0.48,0.65,1.17
479.5,26,1.38,1.91,2.18,1.62,0.3,1.69,1.8,1.47,1.38,0.58,0.44,1.57,0.46,0.63,1.13
480.5,26,1.39,1.92,2.17,1.62,0.31,1.67,1.79,1.49,1.39,0.58,0.45,1.56,0.47,0.64,1.1
481.5,26,1.38,1.92,2.15,1.63,0.3,1.64,1.79,1.48,1.37,0.58,0.45,1.56,0.46,0.64,1.07
482.52,26,1.38,1.92,2.13,1.63,0.3,1.6,1.79,1.47,1.36,0.58,0.45,1.55,0.46,0.63,1.06
483.52,26,1.4,1.91,2.1,1.61,0.29,1.57,1.78,1.46,1.35,0.56,0.44,1.52,0.44,0.62,1.04
484.52,26,1.95,2.26,2.1,1.6,0.29,1.57,1.75,1.46,1.39,0.55,0.44,1.64,0.52,0.62,1.24
485.52,26,2.29,2.64,2.31,1.75,0.35,1.72,1.79,1.5,1.95,0.63,0.49,2.28,0.94,0.81,1.98
486.52,26,2.34,2.69,2.44,1.98,0.42,1.83,1.93,1.57,2.31,0.78,0.57,2.6,1.18,1,2.27
487.53,26,2.24,2.58,2.45,2.14,0.44,1.81,2.1,1.62,2.39,0.88,0.6,2.69,1.21,1.06,2.32
488.53,26,2.12,2.4,2.41,2.16,0.38,1.77,2.23,1.59,2.39,0.91,0.6,2.64,1.17,0.97,2.29
489.53,26,2.01,2.24,2.36,2.09,0.33,1.73,2.26,1.56,2.32,0.9,0.53,2.59,1.09,0.84,2.21
490.53,26,1.9,2.14,2.32,1.99,0.31,1.68,2.24,1.51,2.26,0.85,0.5,2.5,1.01,0.75,2.13
491.53,26,1.79,2.07,2.28,1.88,0.3,1.65,2.19,1.49,2.18,0.77,0.46,2.39,0.93,0.69,2.05
492.55,26,1.68,2.02,2.22,1.79,0.29,1.64,2.09,1.48,2.08,0.7,0.45,2.31,0.81,0.66,1.95
493.55,26,1.61,2,2.21,1.76,0.3,1.63,2.04,1.49,2,0.66,0.45,2.22,0.74,0.67,1.87
494.55,26,1.54,1.98,2.18,1.72,0.29,1.6,1.95,1.47,1.92,0.61,0.44,2.12,0.66,0.66,1.75
495.55,26,1.5,1.97,2.17,1.68,0.29,1.61,1.9,1.48,1.83,0.59,0.44,2.03,0.6,0.65,1.66
496.57,26,1.46,1.94,2.14,1.66,0.27,1.56,1.85,1.48,1.7,0.58,0.44,1.91,0.56,0.64,1.53
497.57,26,1.43,1.92,2.09,1.62,0.27,1.55,1.8,1.46,1.59,0.56,0.43,1.77,0.51,0.63,1.4
498.57,26,1.42,1.92,2.1,1.61,0.28,1.54,1.79,1.46,1.5,0.57,0.44,1.66,0.5,0.63,1.28
499.58,26,1.39,1.92,2.07,1.6,0.28,1.53,1.78,1.45,1.43,0.56,0.44,1.59,0.49,0.63,1.18
500.58,26,1.38,1.92,2.06,1.6,0.28,1.52,1.77,1.46,1.39,0.55,0.44,1.55,0.47,0.63,1.12
501.58,26,1.35,1.92,2.05,1.58,0.26,1.5,1.74,1.46,1.35,0.54,0.43,1.52,0.45,0.61,1.07
502.58,26,1.35,1.9,2.02,1.58,0.27,1.48,1.74,1.45,1.33,0.52,0.42,1.51,0.44,0.61,1.05
503.58,26,1.35,1.91,2.01,1.58,0.26,1.45,1.73,1.45,1.33,0.52,0.41,1.49,0.44,0.6,1.03
504.6,26,1.35,1.9,1.99,1.58,0.25,1.45,1.72,1.45,1.32,0.51,0.43,1.49,0.44,0.6,1.01
505.6,26,1.35,1.9,1.99,1.58,0.26,1.45,1.72,1.45,1.33,0.52,0.42,1.49,0.43,0.61,1
506.6,26,1.35,1.89,1.98,1.58,0.25,1.44,1.72,1.45,1.31,0.52,0.42,1.48,0.43,0.59,1
507.6,26,1.34,1.88,1.96,1.56,0.25,1.42,1.7,1.44,1.3,0.51,0.41,1.48,0.41,0.6,0.99
508.6,26,1.34,1.91,1.97,1.56,0.25,1.42,1.71,1.45,1.31,0.51,0.42,1.47,0.41,0.6,0.99
509.62,26,1.35,1.91,1.97,1.58,0.25,1.41,1.71,1.46,1.3,0.52,0.43,1.48,0.43,0.61,0.99
510.62,26,1.35,1.91,1.96,1.57,0.25,1.41,1.71,1.45,1.31,0.51,0.42,1.49,0.42,0.62,0.99
511.62,26,1.35,1.91,1.94,1.58,0.26,1.4,1.71,1.45,1.32,0.52,0.43,1.48,0.43,0.61,0.98
512.63,26,1.35,1.9,1.93,1.56,0.25,1.39,1.7,1.45,1.3,0.51,0.42,1.47,0.43,0.6,0.98
513.63,26,1.35,1.9,1.92,1.56,0.25,1.38,1.7,1.45,1.29,0.51,0.43,1.47,0.41,0.61,0.98
514.63,26,1.35,1.9,1.92,1.57,0.25,1.39,1.7,1.45,1.29,0.52,0.42,1.47,0.42,0.6,0.98
515.63,26,1.35,1.89,1.91,1.56,0.24,1.36,1.7,1.44,1.29,0.51,0.41,1.46,0.42,0.6,0.96
516.63,26,1.35,1.89,1.92,1.56,0.25,1.38,1.71,1.45,1.3,0.52,0.42,1.48,0.42,0.6,0.97
517.63,26,1.35,1.9,1.91,1.57,0.25,1.37,1.7,1.45,1.3,0.51,0.42,1.46,0.41,0.6,0.96
518.63,26,1.34,1.89,1.9,1.56,0.24,1.36,1.7,1.45,1.29,0.51,0.42,1.47,0.41,0.6,0.96
519.63,26,1.33,1.89,1.9,1.56,0.25,1.36,1.69,1.45,1.29,0.51,0.42,1.46,0.41,0.6,0.96
520.63,26,1.34,1.9,1.9,1.56,0.24,1.35,1.69,1.45,1.29,0.51,0.42,1.47,0.41,0.6,0.96
521.63,26,1.34,1.89,1.9,1.56,0.24,1.35,1.69,1.45,1.29,0.51,0.42,1.46,0.41,0.6,0.96
522.63,26,1.33,1.89,1.88,1.56,0.24,1.35,1.69,1.44,1.29,0.51,0.42,1.47,0.41,0.59,0.95
523.63,26,1.34,1.89,1.9,1.56,0.24,1.35,1.7,1.45,1.29,0.51,0.42,1.47,0.41,0.6,0.96
524.63,26,1.44,1.92,1.88,1.56,0.24,1.35,1.7,1.45,1.3,0.51,0.42,1.47,0.41,0.6,0.98
525.63,26,1.62,2.06,1.91,1.56,0.23,1.37,1.69,1.45,1.52,0.51,0.42,1.75,0.54,0.63,1.34
526.63,26,1.6,2.03,1.96,1.59,0.25,1.41,1.73,1.46,1.75,0.53,0.44,1.94,0.67,0.68,1.56
527.63,26,1.44,1.93,1.92,1.65,0.24,1.37,1.75,1.46,1.72,0.52,0.44,1.89,0.6,0.66,1.52
528.63,26,1.36,1.91,1.92,1.63,0.25,1.36,1.79,1.47,1.63,0.53,0.43,1.77,0.5,0.63,1.38
529.65,26,1.35,1.91,1.91,1.6,0.24,1.37,1.77,1.45,1.52,0.53,0.42,1.64,0.45,0.61,1.25
530.65,26,1.35,1.89,1.92,1.58,0.24,1.36,1.75,1.45,1.41,0.52,0.43,1.57,0.44,0.61,1.16
531.65,26,1.35,1.91,1.91,1.57,0.24,1.37,1.73,1.45,1.36,0.51,0.41,1.54,0.43,0.61,1.1
532.65,26,1.35,1.91,1.91,1.57,0.23,1.37,1.72,1.45,1.35,0.52,0.42,1.51,0.43,0.6,1.07
533.65,26,1.35,1.91,1.92,1.56,0.23,1.37,1.71,1.45,1.32,0.51,0.42,1.5,0.43,0.61,1.02
534.65,26,1.35,1.91,1.91,1.57,0.25,1.38,1.71,1.45,1.31,0.52,0.43,1.49,0.43,0.61,1
535.65,26,1.34,1.89,1.89,1.56,0.23,1.36,1.69,1.45,1.29,0.51,0.41,1.47,0.42,0.59,0.98
536.65,26,1.33,1.89,1.89,1.56,0.23,1.35,1.69,1.45,1.29,0.51,0.41,1.46,0.41,0.59,0.97
537.65,26,1.33,1.89,1.88,1.56,0.23,1.35,1.68,1.44,1.27,0.5,0.4,1.45,0.41,0.58,0.95
538.65,26,1.32,1.89,1.88,1.56,0.23,1.35,1.69,1.43,1.28,0.5,0.41,1.45,0.4,0.58,0.95
539.65,26,1.33,1.88,1.88,1.55,0.23,1.35,1.68,1.44,1.27,0.51,0.39,1.45,0.39,0.58,0.95
540.65,26,1.32,1.87,1.88,1.56,0.23,1.35,1.68,1.44,1.29,0.49,0.41,1.45,0.4,0.58,0.94
541.65,26,1.33,1.87,1.88,1.56,0.23,1.35,1.69,1.44,1.28,0.5,0.41,1.45,0.4,0.59,0.94
542.65,26,1.33,1.87,1.87,1.54,0.23,1.32,1.68,1.43,1.27,0.49,0.4,1.45,0.39,0.58,0.94
543.65,26,1.33,1.89,1.87,1.56,0.23,1.34,1.67,1.45,1.28,0.5,0.41,1.45,0.39,0.58,0.95
544.67,26,1.32,1.88,1.86,1.55,0.23,1.32,1.68,1.43,1.27,0.49,0.4,1.45,0.4,0.59,0.94
545.67,26,1.32,1.86,1.84,1.55,0.22,1.32,1.67,1.43,1.27,0.49,0.4,1.44,0.39,0.58,0.93
546.68,26,1.32,1.86,1.86,1.55,0.22,1.32,1.67,1.43,1.26,0.49,0.39,1.45,0.38,0.58,0.92
547.68,26,1.33,1.88,1.86,1.55,0.22,1.32,1.67,1.44,1.27,0.48,0.4,1.45,0.39,0.58,0.93
548.68,26,1.33,1.87,1.85,1.55,0.22,1.32,1.67,1.44,1.27,0.5,0.4,1.45,0.39,0.58,0.93
549.68,26,1.33,1.87,1.85,1.55,0.22,1.32,1.68,1.43,1.27,0.5,0.4,1.45,0.39,0.58,0.93
550.68,26,1.33,1.88,1.84,1.56,0.22,1.31,1.67,1.43,1.27,0.5,0.39,1.45,0.39,0.58,0.93
551.68,26,1.32,1.87,1.83,1.54,0.23,1.31,1.67,1.43,1.26,0.48,0.4,1.45,0.38,0.57,0.92
552.68,26,1.31,1.86,1.82,1.54,0.21,1.3,1.66,1.43,1.25,0.48,0.39,1.43,0.37,0.57,0.91
553.7,26,1.32,1.86,1.82,1.56,0.23,1.29,1.67,1.44,1.26,0.49,0.4,1.44,0.4,0.58,0.93
554.7,26,1.33,1.88,1.84,1.54,0.22,1.3,1.68,1.45,1.26,0.49,0.4,1.45,0.39,0.58,0.93
555.7,26,1.32,1.87,1.82,1.55,0.22,1.29,1.67,1.43,1.26,0.49,0.39,1.44,0.38,0.58,0.92
556.7,26,1.32,1.87,1.83,1.55,0.23,1.3,1.67,1.43,1.26,0.49,0.4,1.45,0.39,0.58,0.93
557.7,26,1.32,1.87,1.83,1.54,0.22,1.29,1.67,1.44,1.26,0.48,0.39,1.44,0.38,0.57,0.92
558.7,26,1.32,1.88,1.83,1.55,0.22,1.29,1.67,1.44,1.27,0.49,0.4,1.45,0.38,0.58,0.92
559.7,26,1.32,1.88,1.83,1.56,0.22,1.29,1.67,1.43,1.27,0.49,0.4,1.45,0.38,0.58,0.93
560.7,26,1.31,1.87,1.84,1.54,0.22,1.29,1.67,1.43,1.26,0.49,0.4,1.45,0.38,0.58,0.92
561.72,26,1.32,1.87,1.84,1.54,0.23,1.28,1.67,1.44,1.26,0.49,0.4,1.44,0.38,0.58,0.93
562.72,26,1.32,1.88,1.84,1.55,0.23,1.29,1.67,1.44,1.27,0.49,0.39,1.45,0.39,0.58,0.94
563.72,26,1.32,1.87,1.83,1.54,0.23,1.29,1.67,1.43,1.27,0.49,0.39,1.45,0.38,0.58,0.93
564.72,26,1.33,1.88,1.85,1.55,0.23,1.29,1.68,1.44,1.27,0.49,0.41,1.45,0.39,0.58,0.93
565.72,26,1.33,1.87,1.83,1.55,0.23,1.29,1.67,1.43,1.26,0.48,0.39,1.44,0.39,0.58,0.93
566.72,26,1.33,1.87,1.84,1.55,0.23,1.3,1.68,1.45,1.28,0.49,0.41,1.45,0.4,0.59,0.93
567.72,26,1.32,1.87,1.82,1.55,0.22,1.28,1.67,1.42,1.27,0.48,0.39,1.44,0.39,0.58,0.92
568.72,26,1.33,1.88,1.82,1.56,0.23,1.29,1.68,1.44,1.28,0.5,0.41,1.45,0.41,0.59,0.93
569.73,26,1.33,1.86,1.83,1.55,0.23,1.29,1.67,1.44,1.27,0.5,0.4,1.45,0.4,0.59,0.93
570.73,26,1.32,1.86,1.82,1.55,0.23,1.27,1.67,1.44,1.26,0.48,0.4,1.45,0.39,0.58,0.92
571.73,26,1.33,1.89,1.83,1.55,0.23,1.29,1.67,1.45,1.27,0.5,0.41,1.44,0.4,0.58,0.92
572.73,26,1.34,1.89,1.84,1.56,0.23,1.29,1.67,1.43,1.28,0.49,0.41,1.48,0.4,0.59,1
573.73,26,1.33,1.88,1.84,1.56,0.23,1.3,1.68,1.45,1.31,0.5,0.41,1.47,0.41,0.6,0.98
574.73,26,1.32,1.88,1.83,1.56,0.23,1.29,1.67,1.44,1.28,0.5,0.41,1.45,0.39,0.59,0.95
575.73,26,1.31,1.86,1.82,1.55,0.22,1.28,1.68,1.44,1.25,0.49,0.39,1.44,0.39,0.58,0.93
576.73,26,1.31,1.86,1.83,1.55,0.22,1.28,1.67,1.43,1.26,0.48,0.39,1.45,0.38,0.58,0.92
577.73,26,1.32,1.88,1.81,1.55,0.22,1.29,1.68,1.44,1.27,0.51,0.4,1.45,0.39,0.58,0.93
578.75,26,1.31,1.87,1.82,1.55,0.22,1.29,1.67,1.43,1.26,0.49,0.4,1.44,0.38,0.58,0.93
579.75,26,1.32,1.86,1.82,1.55,0.21,1.27,1.67,1.44,1.25,0.49,0.39,1.44,0.38,0.58,0.92
580.75,26,1.31,1.87,1.82,1.56,0.22,1.29,1.67,1.43,1.26,0.49,0.38,1.44,0.38,0.58,0.92
581.75,26,1.31,1.86,1.81,1.54,0.21,1.29,1.67,1.42,1.26,0.48,0.39,1.43,0.37,0.58,0.91
582.75,26,1.3,1.86,1.81,1.52,0.21,1.28,1.67,1.43,1.25,0.48,0.39,1.43,0.38,0.58,0.9
583.75,26,1.32,1.87,1.81,1.54,0.21,1.28,1.67,1.44,1.25,0.49,0.4,1.43,0.39,0.58,0.92
584.75,26,1.3,1.85,1.8,1.54,0.22,1.29,1.67,1.43,1.25,0.49,0.4,1.43,0.38,0.58,0.92
585.75,26,1.31,1.86,1.81,1.54,0.21,1.28,1.66,1.43,1.26,0.48,0.38,1.43,0.38,0.58,0.92
586.75,26,1.31,1.87,1.81,1.54,0.21,1.28,1.67,1.43,1.25,0.49,0.39,1.42,0.37,0.57,0.9
587.75,26,1.31,1.86,1.8,1.54,0.22,1.28,1.67,1.43,1.25,0.48,0.4,1.43,0.37,0.58,0.91
588.75,26,1.3,1.86,1.81,1.53,0.2,1.28,1.66,1.43,1.26,0.49,0.38,1.43,0.37,0.57,0.91
589.77,26,1.3,1.85,1.8,1.53,0.21,1.27,1.66,1.42,1.25,0.47,0.39,1.43,0.37,0.57,0.9
590.77,26,1.31,1.86,1.8,1.54,0.21,1.27,1.66,1.43,1.25,0.48,0.39,1.44,0.38,0.58,0.9
591.77,26,1.31,1.86,1.81,1.53,0.21,1.27,1.67,1.44,1.26,0.48,0.39,1.44,0.38,0.58,0.92
592.77,26,1.3,1.86,1.8,1.54,0.22,1.27,1.66,1.43,1.26,0.48,0.39,1.44,0.38,0.57,0.92
593.77,26,1.32,1.87,1.81,1.55,0.23,1.28,1.67,1.44,1.26,0.48,0.4,1.44,0.38,0.58,0.91
594.77,26,1.31,1.86,1.8,1.53,0.21,1.25,1.66,1.43,1.25,0.48,0.38,1.42,0.37,0.57,0.91
595.77,26,1.3,1.87,1.79,1.55,0.22,1.28,1.67,1.43,1.25,0.48,0.39,1.43,0.37,0.58,0.91
596.77,26,1.3,1.85,1.79,1.53,0.2,1.26,1.65,1.42,1.25,0.47,0.38,1.42,0.36,0.56,0.91
597.78,26,1.3,1.86,1.81,1.54,0.21,1.27,1.66,1.42,1.25,0.48,0.39,1.42,0.37,0.57,0.91
598.78,26,1.3,1.86,1.8,1.54,0.2,1.25,1.65,1.43,1.25,0.48,0.38,1.44,0.37,0.57,0.91
599.78,26,1.31,1.85,1.79,1.54,0.22,1.25,1.65,1.43,1.26,0.49,0.38,1.44,0.37,0.57,0.91
600.78,26,1.31,1.86,1.81,1.54,0.22,1.26,1.67,1.42,1.25,0.49,0.39,1.44,0.38,0.57,0.91
601.78,26,1.32,1.87,1.81,1.55,0.23,1.27,1.66,1.43,1.25,0.49,0.4,1.44,0.39,0.58,0.91
602.78,26,1.31,1.86,1.8,1.54,0.22,1.26,1.66,1.43,1.25,0.49,0.39,1.44,0.37,0.57,0.92
603.78,26,1.32,1.86,1.8,1.55,0.22,1.27,1.67,1.43,1.25,0.48,0.38,1.45,0.38,0.57,0.91
604.78,26,1.31,1.86,1.8,1.54,0.22,1.27,1.66,1.43,1.26,0.48,0.4,1.44,0.38,0.58,0.91
605.8,26,1.31,1.87,1.8,1.53,0.22,1.28,1.67,1.43,1.25,0.48,0.39,1.43,0.37,0.58,0.91
606.8,26,1.32,1.87,1.8,1.55,0.22,1.27,1.66,1.42,1.25,0.48,0.39,1.44,0.38,0.58,0.91
607.8,26,1.31,1.86,1.8,1.54,0.21,1.27,1.66,1.43,1.25,0.48,0.38,1.43,0.37,0.57,0.91
608.8,26,1.31,1.86,1.82,1.54,0.23,1.27,1.67,1.43,1.26,0.49,0.4,1.44,0.38,0.58,0.92
609.8,26,1.31,1.86,1.79,1.54,0.22,1.26,1.66,1.42,1.25,0.48,0.39,1.43,0.37,0.57,0.9
610.82,26,1.32,1.86,1.8,1.54,0.21,1.27,1.67,1.42,1.26,0.48,0.39,1.44,0.38,0.58,0.9
611.82,26,1.31,1.87,1.81,1.53,0.22,1.28,1.67,1.44,1.26,0.48,0.39,1.44,0.38,0.57,0.92
612.82,26,1.32,1.87,1.81,1.55,0.23,1.26,1.67,1.43,1.26,0.49,0.4,1.44,0.38,0.58,0.92
613.82,26,1.32,1.88,1.81,1.55,0.22,1.27,1.67,1.43,1.26,0.49,0.4,1.45,0.38,0.57,0.91
614.82,26,1.31,1.87,1.81,1.55,0.22,1.27,1.67,1.43,1.25,0.48,0.39,1.44,0.37,0.57,0.91
615.83,26,1.32,1.87,1.81,1.54,0.23,1.28,1.66,1.43,1.26,0.48,0.39,1.43,0.37,0.58,0.92
616.83,26,1.32,1.87,1.83,1.56,0.23,1.28,1.66,1.43,1.27,0.49,0.4,1.44,0.38,0.58,0.92
617.83,26,1.32,1.87,1.81,1.54,0.23,1.27,1.67,1.44,1.26,0.49,0.4,1.45,0.38,0.58,0.92
618.85,26,1.32,1.87,1.81,1.55,0.22,1.28,1.67,1.43,1.26,0.48,0.39,1.44,0.38,0.58,0.92
619.85,26,1.32,1.86,1.81,1.54,0.22,1.28,1.67,1.43,1.26,0.48,0.38,1.44,0.37,0.58,0.91
620.85,26,1.31,1.86,1.8,1.54,0.23,1.27,1.66,1.42,1.25,0.48,0.39,1.44,0.38,0.58,0.91
621.85,26,1.32,1.87,1.82,1.55,0.23,1.27,1.67,1.43,1.27,0.49,0.4,1.43,0.39,0.58,0.92
622.87,26,1.32,1.87,1.82,1.55,0.22,1.27,1.67,1.44,1.26,0.49,0.4,1.44,0.39,0.58,0.92
623.87,26,1.32,1.87,1.8,1.55,0.22,1.27,1.66,1.43,1.25,0.48,0.4,1.43,0.37,0.58,0.91
624.87,26,1.31,1.86,1.81,1.56,0.23,1.28,1.67,1.43,1.26,0.48,0.4,1.43,0.38,0.58,0.92
625.87,26,1.32,1.86,1.81,1.54,0.22,1.28,1.67,1.44,1.26,0.48,0.4,1.44,0.39,0.58,0.92
626.87,26,1.3,1.86,1.79,1.55,0.22,1.27,1.66,1.43,1.26,0.48,0.4,1.43,0.37,0.58,0.91
627.87,26,1.31,1.86,1.79,1.55,0.22,1.27,1.67,1.44,1.25,0.48,0.39,1.43,0.38,0.58,0.91
628.88,26,1.3,1.85,1.79,1.55,0.22,1.27,1.66,1.43,1.25,0.47,0.39,1.43,0.38,0.58,0.91
629.88,26,1.3,1.86,1.79,1.53,0.22,1.25,1.67,1.42,1.24,0.48,0.39,1.42,0.37,0.56,0.9
630.88,26,1.3,1.86,1.79,1.54,0.22,1.28,1.67,1.43,1.25,0.49,0.39,1.43,0.37,0.57,0.91
631.88,26,1.31,1.87,1.8,1.56,0.22,1.27,1.67,1.43,1.26,0.48,0.39,1.43,0.37,0.57,0.91
632.88,26,1.29,1.84,1.79,1.53,0.21,1.25,1.65,1.42,1.25,0.48,0.38,1.42,0.37,0.56,0.9
633.88,26,1.29,1.85,1.79,1.53,0.21,1.26,1.65,1.41,1.25,0.47,0.39,1.43,0.36,0.57,0.9
634.9,26,1.29,1.85,1.79,1.54,0.21,1.25,1.64,1.42,1.25,0.47,0.38,1.42,0.37,0.56,0.9
635.9,26,1.3,1.84,1.79,1.53,0.21,1.25,1.65,1.43,1.24,0.46,0.38,1.42,0.37,0.57,0.9
636.9,26,1.31,1.87,1.8,1.55,0.22,1.28,1.67,1.44,1.25,0.48,0.39,1.43,0.37,0.58,0.91
637.9,26,1.3,1.85,1.8,1.53,0.22,1.25,1.66,1.41,1.25,0.47,0.38,1.43,0.37,0.55,0.91
638.9,26,1.3,1.85,1.79,1.54,0.2,1.26,1.66,1.41,1.25,0.48,0.37,1.43,0.37,0.56,0.9
639.92,26,1.3,1.85,1.79,1.54,0.21,1.25,1.66,1.42,1.25,0.48,0.38,1.42,0.37,0.56,0.91
640.92,26,1.3,1.86,1.8,1.54,0.21,1.26,1.66,1.42,1.25,0.48,0.39,1.43,0.37,0.57,0.91
641.92,26,1.3,1.86,1.79,1.55,0.21,1.25,1.66,1.42,1.25,0.48,0.39,1.43,0.38,0.58,0.91
642.92,26,1.3,1.85,1.79,1.53,0.21,1.25,1.65,1.42,1.25,0.46,0.39,1.43,0.37,0.57,0.9
643.92,26,1.3,1.83,1.79,1.54,0.21,1.27,1.65,1.42,1.25,0.47,0.39,1.43,0.37,0.57,0.9
644.92,26,1.31,1.84,1.79,1.53,0.2,1.26,1.65,1.42,1.25,0.47,0.38,1.41,0.37,0.56,0.9
645.92,26,1.29,1.85,1.79,1.54,0.21,1.25,1.66,1.42,1.25,0.47,0.37,1.42,0.36,0.55,0.9
646.93,26,1.3,1.85,1.81,1.56,0.21,1.26,1.66,1.43,1.25,0.48,0.39,1.43,0.38,0.57,0.9
647.93,26,1.3,1.86,1.79,1.53,0.21,1.26,1.66,1.42,1.25,0.47,0.38,1.42,0.37,0.57,0.9
648.93,26,1.3,1.85,1.8,1.54,0.21,1.27,1.65,1.43,1.25,0.47,0.39,1.43,0.37,0.58,0.91
649.93,26,1.3,1.85,1.79,1.54,0.2,1.26,1.64,1.42,1.25,0.48,0.39,1.43,0.37,0.56,0.9
650.93,26,1.3,1.85,1.8,1.54,0.21,1.26,1.66,1.42,1.25,0.47,0.39,1.42,0.37,0.57,0.91
651.93,26,1.3,1.84,1.79,1.53,0.21,1.25,1.65,1.43,1.25,0.47,0.38,1.42,0.37,0.57,0.9
652.95,26,1.3,1.84,1.79,1.54,0.19,1.25,1.64,1.41,1.24,0.47,0.38,1.41,0.36,0.56,0.9
653.95,26,1.31,1.86,1.8,1.55,0.22,1.27,1.66,1.42,1.25,0.47,0.39,1.44,0.37,0.57,0.91
654.95,26,1.31,1.85,1.8,1.54,0.22,1.28,1.66,1.43,1.25,0.48,0.39,1.44,0.37,0.57,0.91
655.95,26,1.31,1.86,1.8,1.54,0.21,1.26,1.66,1.42,1.25,0.46,0.38,1.43,0.37,0.56,0.9
656.95,26,1.31,1.86,1.79,1.54,0.21,1.26,1.65,1.43,1.25,0.47,0.38,1.43,0.38,0.56,0.91
657.97,26,1.31,1.86,1.8,1.55,0.21,1.26,1.66,1.43,1.25,0.48,0.39,1.43,0.37,0.58,0.91
658.97,26,1.31,1.86,1.8,1.53,0.2,1.27,1.64,1.42,1.25,0.47,0.38,1.42,0.37,0.57,0.91
659.97,26,1.32,1.86,1.8,1.54,0.22,1.27,1.65,1.43,1.25,0.48,0.39,1.43,0.37,0.57,0.91
660.97,26,1.3,1.86,1.79,1.55,0.22,1.26,1.66,1.43,1.25,0.48,0.38,1.43,0.37,0.57,0.91
661.97,26,1.32,1.88,1.81,1.55,0.23,1.28,1.67,1.44,1.26,0.49,0.4,1.44,0.38,0.57,0.92
662.97,26,1.3,1.85,1.79,1.54,0.21,1.26,1.65,1.41,1.25,0.47,0.38,1.43,0.37,0.57,0.9
663.97,26,1.31,1.85,1.8,1.54,0.22,1.25,1.66,1.42,1.25,0.48,0.39,1.43,0.37,0.57,0.9
664.97,26,1.31,1.86,1.8,1.54,0.23,1.25,1.66,1.43,1.25,0.48,0.38,1.44,0.37,0.57,0.91
665.98,26,1.31,1.85,1.79,1.55,0.21,1.27,1.66,1.43,1.25,0.48,0.39,1.44,0.37,0.57,0.91
666.98,26,1.31,1.86,1.8,1.55,0.22,1.27,1.66,1.43,1.25,0.48,0.39,1.43,0.37,0.58,0.91
667.98,26,1.31,1.86,1.8,1.56,0.22,1.28,1.66,1.43,1.25,0.48,0.4,1.43,0.38,0.57,0.91
668.98,26,1.32,1.87,1.81,1.55,0.23,1.27,1.67,1.43,1.26,0.49,0.4,1.44,0.38,0.58,0.92
669.98,26,1.31,1.87,1.8,1.55,0.22,1.26,1.66,1.43,1.25,0.48,0.39,1.44,0.38,0.58,0.91
671,26,1.31,1.86,1.81,1.55,0.21,1.27,1.66,1.43,1.26,0.48,0.38,1.43,0.38,0.57,0.91
672,26,1.32,1.87,1.8,1.55,0.22,1.29,1.67,1.43,1.27,0.49,0.4,1.44,0.39,0.58,0.92
673,26,1.32,1.88,1.81,1.56,0.23,1.28,1.66,1.44,1.25,0.49,0.4,1.44,0.38,0.58,0.92
674,26,1.31,1.86,1.8,1.54,0.21,1.26,1.66,1.42,1.24,0.48,0.39,1.44,0.37,0.57,0.9
675,26,1.32,1.86,1.81,1.56,0.23,1.26,1.67,1.43,1.26,0.5,0.39,1.44,0.39,0.58,0.92
676,26,1.31,1.86,1.8,1.55,0.22,1.28,1.67,1.43,1.25,0.48,0.39,1.43,0.38,0.58,0.91
677,26,1.32,1.88,1.81,1.55,0.22,1.28,1.67,1.43,1.26,0.49,0.41,1.44,0.38,0.58,0.92
678,26,1.32,1.86,1.8,1.55,0.22,1.27,1.65,1.43,1.26,0.49,0.39,1.44,0.37,0.58,0.91
679.02,26,1.31,1.86,1.8,1.55,0.23,1.27,1.65,1.43,1.25,0.48,0.39,1.43,0.37,0.58,0.91
680.02,26,1.31,1.86,1.8,1.55,0.22,1.28,1.67,1.44,1.25,0.49,0.39,1.44,0.39,0.57,0.91
681.02,26,1.3,1.85,1.8,1.54,0.23,1.27,1.67,1.43,1.25,0.48,0.39,1.43,0.38,0.57,0.9
682.02,26,1.3,1.85,1.79,1.55,0.21,1.26,1.66,1.44,1.25,0.48,0.39,1.42,0.37,0.57,0.9
683.02,26,1.3,1.85,1.79,1.55,0.22,1.26,1.64,1.43,1.25,0.47,0.39,1.43,0.37,0.56,0.9
684.03,26,1.3,1.86,1.79,1.54,0.22,1.26,1.67,1.43,1.25,0.48,0.39,1.42,0.37,0.56,0.9
685.03,26,1.28,1.84,1.79,1.53,0.2,1.26,1.64,1.42,1.24,0.45,0.38,1.42,0.36,0.56,0.9
686.03,26,1.3,1.85,1.79,1.54,0.21,1.26,1.64,1.42,1.25,0.47,0.39,1.42,0.36,0.56,0.9
687.03,26,1.28,1.85,1.79,1.55,0.21,1.26,1.64,1.41,1.25,0.47,0.38,1.41,0.36,0.56,0.9
688.03,26,1.29,1.84,1.79,1.54,0.21,1.25,1.64,1.42,1.25,0.48,0.38,1.41,0.37,0.56,0.9
689.03,26,1.3,1.83,1.79,1.53,0.21,1.25,1.65,1.41,1.24,0.47,0.38,1.42,0.37,0.56,0.9
690.03,26,1.29,1.84,1.79,1.54,0.21,1.26,1.65,1.42,1.25,0.47,0.38,1.42,0.36,0.56,0.89
691.03,26,1.3,1.86,1.8,1.55,0.22,1.25,1.67,1.43,1.25,0.48,0.39,1.43,0.37,0.57,0.91
692.05,26,1.3,1.84,1.79,1.53,0.2,1.25,1.64,1.42,1.24,0.46,0.38,1.41,0.37,0.57,0.89
693.05,26,1.3,1.85,1.79,1.54,0.21,1.26,1.65,1.43,1.25,0.46,0.37,1.41,0.37,0.56,0.9
694.05,26,1.29,1.84,1.79,1.54,0.2,1.25,1.64,1.42,1.25,0.47,0.38,1.42,0.36,0.55,0.9
695.05,26,1.29,1.85,1.79,1.54,0.2,1.26,1.65,1.41,1.24,0.47,0.38,1.41,0.37,0.56,0.9
696.05,26,1.29,1.85,1.78,1.54,0.2,1.25,1.64,1.42,1.25,0.46,0.37,1.42,0.36,0.56,0.9
697.05,26,1.3,1.85,1.79,1.54,0.21,1.26,1.65,1.42,1.23,0.47,0.38,1.42,0.37,0.54,0.9
698.05,26,1.29,1.85,1.79,1.55,0.21,1.25,1.64,1.41,1.25,0.47,0.37,1.42,0.37,0.56,0.9
699.05,26,1.31,1.86,1.8,1.55,0.22,1.27,1.66,1.42,1.25,0.47,0.38,1.43,0.37,0.57,0.9
700.07,26,1.29,1.83,1.79,1.53,0.21,1.25,1.65,1.42,1.25,0.47,0.38,1.41,0.37,0.56,0.9
701.07,26,1.3,1.85,1.79,1.55,0.21,1.27,1.65,1.43,1.25,0.48,0.37,1.42,0.37,0.56,0.9
702.07,26,1.3,1.83,1.79,1.53,0.2,1.26,1.64,1.42,1.25,0.47,0.38,1.41,0.37,0.56,0.9
703.07,26,1.29,1.84,1.79,1.54,0.2,1.26,1.65,1.42,1.25,0.47,0.38,1.42,0.37,0.56,0.9
704.07,26,1.3,1.84,1.79,1.54,0.2,1.26,1.64,1.42,1.25,0.47,0.38,1.42,0.36,0.56,0.9
705.07,26,1.29,1.85,1.79,1.53,0.2,1.25,1.64,1.41,1.24,0.46,0.38,1.41,0.36,0.56,0.89
706.07,26,1.3,1.85,1.79,1.54,0.2,1.25,1.65,1.42,1.25,0.48,0.39,1.43,0.37,0.56,0.91
707.08,26,1.3,1.84,1.79,1.53,0.21,1.25,1.65,1.42,1.25,0.47,0.38,1.42,0.37,0.56,0.9
708.08,26,1.31,1.84,1.79,1.54,0.22,1.26,1.66,1.42,1.25,0.48,0.38,1.43,0.37,0.56,0.9
709.08,26,1.3,1.84,1.79,1.54,0.2,1.25,1.64,1.42,1.24,0.47,0.38,1.42,0.37,0.55,0.9
710.08,26,1.3,1.86,1.79,1.55,0.21,1.26,1.66,1.43,1.25,0.47,0.39,1.43,0.37,0.56,0.9
711.08,26,1.3,1.85,1.79,1.53,0.21,1.26,1.64,1.42,1.24,0.46,0.38,1.42,0.36,0.56,0.9
712.1,26,1.29,1.85,1.8,1.54,0.2,1.26,1.64,1.41,1.24,0.46,0.38,1.42,0.37,0.55,0.9
713.1,26,1.31,1.85,1.8,1.54,0.21,1.26,1.65,1.43,1.25,0.48,0.39,1.42,0.38,0.57,0.91
714.12,26,1.3,1.84,1.79,1.55,0.21,1.26,1.66,1.42,1.25,0.48,0.38,1.42,0.37,0.56,0.9
715.12,26,1.31,1.85,1.79,1.54,0.21,1.27,1.66,1.4,1.25,0.47,0.38,1.43,0.37,0.56,0.9
716.12,26,1.29,1.84,1.78,1.53,0.21,1.25,1.65,1.41,1.23,0.46,0.38,1.42,0.37,0.56,0.9
717.12,26,1.32,1.86,1.79,1.55,0.21,1.25,1.66,1.43,1.25,0.48,0.39,1.43,0.38,0.57,0.91
718.12,26,1.3,1.85,1.79,1.54,0.21,1.26,1.65,1.42,1.24,0.47,0.38,1.42,0.37,0.56,0.9
719.13,26,1.31,1.86,1.8,1.55,0.21,1.25,1.66,1.43,1.25,0.48,0.38,1.43,0.37,0.57,0.9
720.13,26,1.31,1.86,1.79,1.55,0.21,1.25,1.66,1.42,1.25,0.48,0.39,1.43,0.37,0.55,0.9
721.13,26,1.3,1.85,1.8,1.55,0.21,1.26,1.66,1.42,1.25,0.48,0.39,1.43,0.37,0.57,0.9
722.13,26,1.3,1.85,1.8,1.54,0.21,1.26,1.65,1.42,1.25,0.47,0.38,1.43,0.37,0.56,0.9
723.15,26,1.31,1.85,1.8,1.55,0.21,1.26,1.65,1.42,1.25,0.48,0.39,1.43,0.37,0.57,0.91
724.15,26,1.3,1.85,1.79,1.54,0.21,1.27,1.65,1.42,1.25,0.47,0.38,1.43,0.38,0.56,0.9
725.15,26,1.3,1.85,1.8,1.55,0.2,1.25,1.65,1.42,1.25,0.47,0.38,1.42,0.37,0.57,0.9
726.15,26,1.3,1.86,1.79,1.56,0.21,1.27,1.65,1.43,1.25,0.48,0.38,1.43,0.38,0.56,0.9
727.15,26,1.31,1.84,1.79,1.54,0.21,1.25,1.65,1.42,1.25,0.48,0.38,1.42,0.37,0.57,0.91
728.17,26,1.3,1.86,1.8,1.55,0.21,1.25,1.66,1.42,1.25,0.48,0.39,1.42,0.37,0.57,0.91
729.17,26,1.31,1.86,1.8,1.55,0.22,1.26,1.67,1.42,1.25,0.48,0.39,1.44,0.37,0.57,0.91
730.17,26,1.31,1.86,1.8,1.56,0.22,1.27,1.67,1.42,1.25,0.48,0.39,1.43,0.38,0.57,0.91
731.17,26,1.32,1.87,1.81,1.55,0.22,1.27,1.66,1.43,1.25,0.48,0.39,1.44,0.37,0.57,0.92
732.17,26,1.31,1.87,1.8,1.56,0.22,1.28,1.66,1.43,1.25,0.48,0.4,1.44,0.38,0.57,0.91
733.17,26,1.3,1.86,1.79,1.55,0.21,1.25,1.65,1.41,1.25,0.48,0.38,1.42,0.37,0.56,0.9
734.17,26,1.31,1.87,1.8,1.55,0.22,1.26,1.66,1.43,1.26,0.48,0.38,1.43,0.38,0.57,0.9
735.17,26,1.3,1.85,1.8,1.55,0.22,1.26,1.66,1.42,1.25,0.48,0.38,1.43,0.38,0.57,0.91
736.17,26,1.31,1.86,1.81,1.56,0.21,1.26,1.65,1.43,1.26,0.48,0.39,1.42,0.38,0.57,0.9
737.18,26,1.31,1.86,1.81,1.55,0.22,1.27,1.66,1.43,1.25,0.48,0.39,1.43,0.38,0.57,0.91
738.18,26,1.32,1.86,1.8,1.56,0.22,1.26,1.66,1.43,1.26,0.47,0.39,1.45,0.37,0.58,0.91
739.18,26,1.32,1.86,1.8,1.55,0.22,1.27,1.66,1.43,1.25,0.48,0.39,1.44,0.38,0.57,0.91
740.18,26,1.31,1.86,1.8,1.56,0.22,1.27,1.67,1.43,1.25,0.48,0.39,1.44,0.38,0.58,0.92
741.18,26,1.33,1.88,1.81,1.56,0.22,1.28,1.67,1.44,1.25,0.49,0.4,1.44,0.39,0.58,0.92
742.18,26,1.32,1.86,1.81,1.56,0.22,1.28,1.67,1.43,1.25,0.49,0.4,1.44,0.39,0.58,0.92
743.18,26,1.33,1.87,1.8,1.56,0.22,1.26,1.67,1.43,1.26,0.49,0.39,1.44,0.38,0.58,0.91
744.18,26,1.34,1.87,1.81,1.56,0.23,1.28,1.66,1.44,1.26,0.49,0.4,1.44,0.39,0.57,0.92
745.2,26,1.31,1.86,1.8,1.56,0.22,1.27,1.66,1.43,1.25,0.48,0.39,1.43,0.38,0.57,0.91
746.2,26,1.31,1.87,1.8,1.56,0.22,1.27,1.66,1.43,1.26,0.48,0.39,1.43,0.38,0.57,0.91
747.2,26,1.3,1.85,1.8,1.56,0.23,1.27,1.66,1.44,1.25,0.49,0.39,1.43,0.37,0.58,0.9
748.2,26,1.3,1.84,1.79,1.56,0.22,1.25,1.65,1.43,1.24,0.48,0.39,1.41,0.37,0.56,0.9
749.2,26,1.3,1.85,1.79,1.55,0.21,1.26,1.66,1.42,1.25,0.48,0.38,1.42,0.37,0.57,0.9
750.2,26,1.28,1.84,1.77,1.54,0.2,1.25,1.65,1.41,1.24,0.46,0.37,1.41,0.36,0.55,0.89
751.2,26,1.3,1.84,1.79,1.55,0.21,1.26,1.65,1.42,1.25,0.47,0.39,1.42,0.36,0.56,0.9
752.22,26,1.29,1.84,1.79,1.55,0.2,1.25,1.64,1.42,1.25,0.47,0.38,1.42,0.37,0.55,0.9
753.22,26,1.29,1.85,1.79,1.54,0.21,1.26,1.66,1.42,1.25,0.47,0.38,1.42,0.37,0.56,0.9
754.22,26,1.29,1.83,1.79,1.53,0.19,1.25,1.64,1.41,1.24,0.46,0.38,1.41,0.36,0.54,0.89
755.22,26,1.28,1.83,1.78,1.54,0.2,1.25,1.64,1.42,1.24,0.47,0.38,1.42,0.36,0.55,0.9
756.22,26,1.29,1.83,1.79,1.54,0.21,1.25,1.65,1.42,1.24,0.48,0.38,1.41,0.37,0.55,0.89
757.23,26,1.29,1.83,1.79,1.54,0.2,1.25,1.65,1.42,1.23,0.47,0.37,1.42,0.37,0.55,0.9
758.23,26,1.29,1.84,1.79,1.53,0.2,1.25,1.65,1.42,1.24,0.47,0.37,1.41,0.36,0.56,0.9
759.23,26,1.28,1.81,1.78,1.53,0.2,1.25,1.64,1.41,1.23,0.47,0.37,1.4,0.36,0.54,0.89
760.23,26,1.3,1.85,1.79,1.54,0.2,1.25,1.66,1.43,1.25,0.47,0.37,1.41,0.37,0.55,0.9
761.23,26,1.29,1.83,1.79,1.53,0.2,1.25,1.65,1.41,1.24,0.46,0.37,1.41,0.36,0.55,0.89
762.23,26,1.29,1.85,1.79,1.54,0.2,1.25,1.64,1.4,1.24,0.46,0.38,1.42,0.37,0.55,0.89
763.25,26,1.28,1.82,1.78,1.53,0.19,1.25,1.63,1.41,1.23,0.46,0.37,1.41,0.36,0.55,0.88
764.25,26,1.29,1.82,1.79,1.54,0.19,1.25,1.63,1.41,1.23,0.47,0.37,1.4,0.37,0.54,0.89
765.25,26,1.28,1.82,1.77,1.54,0.19,1.24,1.63,1.4,1.23,0.45,0.37,1.4,0.36,0.55,0.88
766.25,26,1.29,1.83,1.78,1.53,0.19,1.25,1.64,1.41,1.24,0.46,0.37,1.41,0.36,0.56,0.9
767.25,26,1.29,1.83,1.79,1.54,0.2,1.25,1.64,1.41,1.23,0.47,0.37,1.41,0.36,0.55,0.9
768.25,26,1.29,1.83,1.78,1.54,0.21,1.24,1.65,1.41,1.23,0.47,0.37,1.41,0.36,0.55,0.9
769.25,26,1.29,1.83,1.77,1.54,0.2,1.25,1.64,1.39,1.23,0.45,0.37,1.4,0.36,0.55,0.88
770.25,26,1.29,1.83,1.78,1.53,0.2,1.25,1.64,1.41,1.23,0.46,0.37,1.41,0.36,0.55,0.9
771.27,26,1.28,1.84,1.79,1.54,0.19,1.25,1.64,1.41,1.23,0.46,0.37,1.4,0.36,0.54,0.89
772.27,26,1.29,1.84,1.79,1.55,0.2,1.25,1.64,1.41,1.24,0.47,0.37,1.42,0.36,0.55,0.9
773.27,26,1.29,1.84,1.79,1.55,0.21,1.25,1.65,1.42,1.24,0.46,0.38,1.42,0.37,0.55,0.9
774.27,26,1.29,1.84,1.79,1.54,0.2,1.25,1.64,1.41,1.24,0.46,0.37,1.41,0.36,0.54,0.9
775.27,26,1.29,1.83,1.78,1.53,0.2,1.25,1.63,1.41,1.24,0.46,0.37,1.41,0.36,0.55,0.9
776.27,26,1.29,1.83,1.78,1.54,0.2,1.25,1.63,1.39,1.22,0.45,0.37,1.41,0.35,0.54,0.89
777.27,26,1.29,1.82,1.79,1.54,0.2,1.24,1.64,1.41,1.23,0.46,0.37,1.4,0.37,0.56,0.89
778.28,26,1.29,1.83,1.78,1.53,0.2,1.25,1.64,1.41,1.24,0.46,0.37,1.41,0.36,0.55,0.9
779.28,26,1.29,1.84,1.79,1.53,0.2,1.25,1.64,1.4,1.24,0.46,0.37,1.41,0.36,0.55,0.9
780.3,26,1.29,1.83,1.79,1.53,0.2,1.25,1.64,1.41,1.22,0.46,0.37,1.41,0.36,0.55,0.89
781.3,26,1.29,1.84,1.78,1.55,0.2,1.25,1.64,1.41,1.23,0.46,0.37,1.4,0.36,0.54,0.88
782.3,26,1.29,1.84,1.79,1.54,0.2,1.25,1.64,1.41,1.24,0.46,0.37,1.43,0.36,0.56,0.9
783.3,26,1.28,1.84,1.77,1.53,0.2,1.25,1.64,1.4,1.24,0.46,0.37,1.41,0.36,0.55,0.88
784.3,26,1.29,1.85,1.79,1.54,0.2,1.26,1.64,1.4,1.23,0.46,0.37,1.41,0.36,0.55,0.89
785.3,26,1.29,1.84,1.79,1.54,0.2,1.25,1.63,1.4,1.23,0.47,0.37,1.41,0.36,0.55,0.9
786.3,26,1.3,1.83,1.79,1.54,0.2,1.25,1.64,1.41,1.25,0.47,0.38,1.42,0.37,0.55,0.89
787.32,26,1.29,1.83,1.78,1.54,0.19,1.25,1.63,1.4,1.23,0.45,0.37,1.4,0.36,0.55,0.89
788.32,26,1.29,1.84,1.79,1.54,0.21,1.25,1.64,1.41,1.24,0.46,0.38,1.41,0.36,0.55,0.9
789.32,26,1.29,1.84,1.79,1.53,0.2,1.25,1.64,1.41,1.24,0.46,0.38,1.42,0.37,0.55,0.9
790.32,26,1.29,1.83,1.78,1.54,0.2,1.26,1.64,1.41,1.24,0.46,0.37,1.41,0.37,0.54,0.89
791.32,26,1.3,1.84,1.79,1.53,0.2,1.25,1.63,1.4,1.25,0.46,0.38,1.42,0.37,0.56,0.9
792.32,26,1.29,1.83,1.79,1.54,0.2,1.25,1.64,1.42,1.24,0.45,0.37,1.42,0.36,0.55,0.9
793.33,26,1.3,1.83,1.79,1.54,0.21,1.25,1.64,1.41,1.24,0.47,0.37,1.42,0.37,0.55,0.9
794.33,26,1.3,1.83,1.79,1.53,0.19,1.25,1.64,1.41,1.25,0.46,0.37,1.41,0.36,0.56,0.9
795.33,26,1.3,1.84,1.79,1.55,0.2,1.26,1.65,1.41,1.25,0.47,0.38,1.42,0.37,0.56,0.9
796.35,26,1.3,1.83,1.79,1.54,0.2,1.25,1.63,1.41,1.24,0.46,0.37,1.4,0.36,0.55,0.89
797.35,26,1.29,1.85,1.79,1.53,0.2,1.26,1.64,1.41,1.25,0.46,0.38,1.41,0.36,0.55,0.9
798.35,26,1.3,1.85,1.79,1.56,0.2,1.25,1.64,1.41,1.25,0.47,0.38,1.42,0.37,0.55,0.9
799.35,26,1.29,1.83,1.79,1.53,0.2,1.25,1.63,1.4,1.24,0.46,0.37,1.4,0.36,0.55,0.89
800.35,26,1.29,1.85,1.79,1.54,0.2,1.26,1.64,1.41,1.24,0.47,0.37,1.42,0.37,0.55,0.9
801.37,26,1.3,1.86,1.79,1.56,0.2,1.26,1.65,1.41,1.25,0.47,0.38,1.43,0.37,0.56,0.9
802.37,26,1.3,1.84,1.79,1.55,0.21,1.26,1.64,1.41,1.25,0.46,0.38,1.41,0.37,0.56,0.9
803.37,26,1.3,1.84,1.79,1.55,0.2,1.25,1.64,1.41,1.25,0.47,0.38,1.42,0.37,0.55,0.9
804.37,26,1.3,1.83,1.79,1.55,0.21,1.26,1.64,1.42,1.25,0.47,0.37,1.41,0.37,0.56,0.9
805.37,26,1.3,1.84,1.8,1.55,0.21,1.27,1.64,1.41,1.24,0.47,0.38,1.42,0.37,0.56,0.9
806.37,26,1.3,1.84,1.79,1.55,0.2,1.26,1.64,1.41,1.25,0.47,0.37,1.42,0.37,0.56,0.9
807.38,26,1.31,1.84,1.79,1.55,0.21,1.26,1.64,1.43,1.24,0.47,0.38,1.43,0.37,0.56,0.9
808.38,26,1.3,1.85,1.79,1.54,0.2,1.26,1.65,1.41,1.24,0.46,0.37,1.42,0.36,0.56,0.9
809.38,26,1.31,1.85,1.79,1.55,0.21,1.26,1.64,1.42,1.25,0.47,0.37,1.42,0.37,0.55,0.9
810.4,26,1.31,1.85,1.8,1.55,0.21,1.26,1.65,1.41,1.25,0.47,0.38,1.42,0.37,0.56,0.9
811.4,26,1.31,1.85,1.79,1.54,0.21,1.26,1.65,1.42,1.24,0.47,0.38,1.42,0.37,0.56,0.9
812.4,26,1.3,1.84,1.79,1.55,0.2,1.25,1.65,1.41,1.25,0.47,0.37,1.42,0.37,0.55,0.9
813.4,26,1.29,1.85,1.79,1.54,0.21,1.26,1.65,1.41,1.24,0.46,0.37,1.42,0.37,0.55,0.9
814.4,26,1.3,1.86,1.8,1.54,0.21,1.26,1.65,1.41,1.25,0.47,0.38,1.42,0.37,0.56,0.9
815.4,26,1.3,1.85,1.79,1.55,0.21,1.25,1.64,1.41,1.25,0.47,0.38,1.42,0.37,0.56,0.9
816.4,26,1.32,1.86,1.8,1.56,0.23,1.27,1.64,1.43,1.25,0.49,0.39,1.42,0.38,0.57,0.91
817.4,26,1.3,1.84,1.79,1.55,0.21,1.25,1.63,1.41,1.25,0.47,0.37,1.41,0.37,0.57,0.9
818.42,26,1.31,1.86,1.81,1.55,0.22,1.27,1.66,1.42,1.25,0.48,0.39,1.43,0.37,0.57,0.91
819.42,26,1.3,1.84,1.79,1.55,0.21,1.27,1.64,1.41,1.25,0.47,0.38,1.43,0.37,0.55,0.9
820.42,26,1.3,1.84,1.79,1.54,0.2,1.25,1.65,1.41,1.25,0.47,0.37,1.42,0.37,0.56,0.9
821.42,26,1.32,1.84,1.8,1.56,0.22,1.27,1.66,1.43,1.25,0.48,0.38,1.43,0.37,0.56,0.9
822.43,26,1.31,1.85,1.79,1.56,0.22,1.27,1.65,1.42,1.25,0.48,0.39,1.44,0.37,0.56,0.9
823.43,26,1.32,1.85,1.79,1.55,0.22,1.26,1.65,1.42,1.25,0.48,0.39,1.42,0.37,0.57,0.9
824.43,26,1.33,1.87,1.81,1.56,0.23,1.28,1.67,1.44,1.26,0.49,0.39,1.43,0.38,0.58,0.91
825.43,26,1.33,1.85,1.8,1.56,0.22,1.28,1.66,1.43,1.25,0.49,0.39,1.44,0.37,0.57,0.92
826.43,26,1.31,1.86,1.79,1.56,0.22,1.26,1.65,1.43,1.25,0.48,0.38,1.44,0.37,0.56,0.91
827.43,26,1.3,1.85,1.8,1.56,0.23,1.27,1.65,1.42,1.25,0.48,0.38,1.43,0.37,0.57,0.9
828.43,26,1.31,1.85,1.8,1.55,0.22,1.26,1.65,1.42,1.25,0.48,0.39,1.42,0.38,0.57,0.9
829.43,26,1.31,1.86,1.8,1.55,0.22,1.27,1.66,1.42,1.25,0.48,0.4,1.43,0.38,0.56,0.91
830.45,26,1.32,1.86,1.8,1.56,0.22,1.27,1.66,1.43,1.25,0.49,0.39,1.43,0.39,0.57,0.92
831.45,26,1.32,1.86,1.8,1.56,0.23,1.26,1.66,1.44,1.25,0.49,0.4,1.44,0.38,0.57,0.9
832.45,26,1.31,1.86,1.8,1.56,0.22,1.27,1.66,1.42,1.25,0.48,0.39,1.43,0.39,0.57,0.91
833.47,26,1.32,1.86,1.8,1.56,0.22,1.27,1.66,1.43,1.25,0.48,0.39,1.43,0.37,0.56,0.91
834.47,26,1.32,1.85,1.79,1.56,0.22,1.28,1.66,1.42,1.25,0.48,0.39,1.43,0.38,0.57,0.91
835.47,26,1.31,1.86,1.8,1.55,0.22,1.27,1.65,1.42,1.25,0.48,0.38,1.43,0.38,0.57,0.91
836.47,26,1.32,1.85,1.8,1.56,0.22,1.27,1.66,1.42,1.26,0.47,0.39,1.43,0.37,0.57,0.91
837.47,26,1.3,1.84,1.8,1.56,0.22,1.27,1.66,1.42,1.25,0.48,0.39,1.42,0.37,0.58,0.9
838.48,26,1.3,1.84,1.79,1.55,0.21,1.25,1.65,1.42,1.25,0.48,0.38,1.41,0.37,0.55,0.9
839.48,26,1.29,1.83,1.79,1.55,0.21,1.26,1.65,1.43,1.24,0.48,0.39,1.42,0.37,0.56,0.9
840.48,26,1.3,1.83,1.78,1.54,0.22,1.25,1.65,1.43,1.25,0.48,0.38,1.42,0.36,0.56,0.9
841.5,26,1.29,1.84,1.79,1.55,0.21,1.25,1.65,1.41,1.25,0.48,0.39,1.42,0.37,0.57,0.9
842.5,26,1.28,1.84,1.79,1.55,0.21,1.25,1.63,1.42,1.23,0.46,0.38,1.41,0.37,0.55,0.89
843.5,26,1.28,1.83,1.78,1.54,0.2,1.25,1.63,1.41,1.24,0.45,0.38,1.4,0.36,0.54,0.89
844.52,26,1.28,1.83,1.78,1.53,0.2,1.25,1.64,1.4,1.23,0.46,0.37,1.4,0.35,0.54,0.88
845.52,26,1.3,1.83,1.78,1.54,0.21,1.25,1.65,1.42,1.24,0.46,0.37,1.41,0.36,0.55,0.9
846.52,26,1.28,1.82,1.78,1.54,0.2,1.25,1.64,1.4,1.22,0.46,0.37,1.41,0.36,0.54,0.89
847.52,26,1.28,1.83,1.77,1.54,0.2,1.25,1.64,1.41,1.23,0.46,0.37,1.4,0.36,0.54,0.89
848.52,26,1.29,1.83,1.79,1.54,0.21,1.25,1.64,1.41,1.23,0.47,0.38,1.41,0.36,0.54,0.9
849.52,26,1.28,1.84,1.78,1.55,0.2,1.25,1.64,1.4,1.23,0.47,0.37,1.41,0.35,0.54,0.88
850.53,26,1.28,1.82,1.78,1.53,0.2,1.25,1.63,1.41,1.23,0.46,0.37,1.41,0.36,0.55,0.88
851.53,26,1.28,1.83,1.78,1.54,0.2,1.25,1.64,1.41,1.24,0.46,0.37,1.4,0.36,0.55,0.89
852.53,26,1.28,1.83,1.79,1.54,0.2,1.25,1.64,1.42,1.24,0.46,0.39,1.41,0.36,0.55,0.89
853.53,26,1.29,1.83,1.78,1.54,0.21,1.25,1.65,1.4,1.24,0.47,0.37,1.41,0.37,0.55,0.89
854.55,26,1.3,1.83,1.78,1.54,0.2,1.25,1.65,1.42,1.24,0.46,0.37,1.41,0.37,0.55,0.9
855.55,26,1.28,1.83,1.79,1.53,0.21,1.25,1.65,1.41,1.25,0.46,0.37,1.41,0.37,0.56,0.88
856.55,26,1.29,1.83,1.79,1.54,0.2,1.25,1.65,1.4,1.23,0.46,0.38,1.41,0.36,0.55,0.89
857.55,26,1.29,1.83,1.77,1.54,0.2,1.25,1.64,1.4,1.22,0.45,0.37,1.4,0.37,0.54,0.88
858.55,26,1.28,1.83,1.78,1.54,0.2,1.25,1.64,1.4,1.23,0.46,0.37,1.4,0.36,0.55,0.89
859.55,26,1.28,1.82,1.78,1.54,0.19,1.25,1.62,1.4,1.22,0.46,0.37,1.4,0.35,0.54,0.89
860.57,26,1.29,1.83,1.77,1.54,0.2,1.25,1.64,1.4,1.23,0.45,0.37,1.41,0.36,0.54,0.89
861.57,26,1.28,1.83,1.77,1.53,0.2,1.25,1.64,1.4,1.24,0.46,0.37,1.4,0.36,0.55,0.89
862.57,26,1.29,1.82,1.78,1.55,0.21,1.24,1.64,1.4,1.23,0.45,0.38,1.41,0.37,0.55,0.89
863.57,26,1.28,1.83,1.78,1.53,0.19,1.25,1.63,1.4,1.23,0.46,0.37,1.4,0.35,0.54,0.88
864.58,26,1.28,1.82,1.79,1.54,0.2,1.25,1.64,1.4,1.24,0.46,0.37,1.4,0.36,0.55,0.88
865.58,26,1.29,1.83,1.78,1.53,0.2,1.25,1.63,1.4,1.23,0.47,0.37,1.41,0.35,0.55,0.88
866.58,26,1.29,1.83,1.78,1.54,0.2,1.25,1.63,1.41,1.23,0.46,0.38,1.39,0.36,0.55,0.88
867.58,26,1.29,1.82,1.78,1.53,0.19,1.25,1.63,1.39,1.23,0.46,0.37,1.4,0.36,0.54,0.89
868.58,26,1.29,1.83,1.78,1.54,0.19,1.24,1.63,1.4,1.22,0.45,0.37,1.4,0.35,0.53,0.89
869.58,26,1.3,1.84,1.79,1.54,0.2,1.25,1.64,1.41,1.24,0.47,0.37,1.4,0.36,0.56,0.9
870.6,26,1.29,1.82,1.78,1.54,0.19,1.25,1.63,1.42,1.23,0.46,0.37,1.4,0.36,0.54,0.88
871.6,26,1.29,1.82,1.78,1.54,0.21,1.26,1.64,1.41,1.24,0.47,0.37,1.41,0.37,0.55,0.89
872.62,26,1.28,1.83,1.78,1.53,0.19,1.25,1.63,1.41,1.23,0.46,0.37,1.41,0.36,0.54,0.89
873.62,26,1.28,1.82,1.77,1.52,0.19,1.25,1.63,1.4,1.24,0.45,0.36,1.4,0.36,0.54,0.89
874.62,26,1.28,1.83,1.78,1.53,0.19,1.25,1.64,1.4,1.24,0.45,0.37,1.4,0.35,0.55,0.88
875.62,26,1.28,1.83,1.79,1.54,0.2,1.25,1.63,1.4,1.23,0.45,0.37,1.4,0.36,0.55,0.89
876.62,26,1.3,1.82,1.78,1.53,0.19,1.25,1.64,1.4,1.23,0.46,0.37,1.4,0.35,0.55,0.88
877.63,26,1.29,1.83,1.79,1.53,0.19,1.25,1.63,1.4,1.23,0.46,0.37,1.4,0.35,0.53,0.88
878.63,26,1.29,1.84,1.79,1.54,0.21,1.25,1.65,1.41,1.24,0.47,0.37,1.41,0.36,0.56,0.9
879.63,26,1.28,1.83,1.79,1.53,0.2,1.25,1.63,1.39,1.22,0.46,0.37,1.4,0.35,0.54,0.89
880.63,26,1.29,1.83,1.79,1.54,0.2,1.26,1.65,1.41,1.25,0.47,0.37,1.41,0.37,0.55,0.9
881.63,26,1.29,1.83,1.79,1.54,0.2,1.25,1.64,1.4,1.23,0.46,0.37,1.41,0.36,0.54,0.89
882.63,26,1.3,1.83,1.79,1.53,0.2,1.25,1.65,1.41,1.24,0.46,0.37,1.42,0.36,0.55,0.9
883.63,26,1.3,1.84,1.79,1.55,0.21,1.25,1.65,1.41,1.24,0.47,0.37,1.41,0.37,0.55,0.9
884.63,26,1.3,1.83,1.79,1.55,0.21,1.26,1.65,1.41,1.25,0.48,0.38,1.42,0.37,0.56,0.9
885.65,26,1.3,1.84,1.79,1.55,0.21,1.26,1.64,1.42,1.25,0.47,0.38,1.42,0.37,0.56,0.9
886.65,26,1.3,1.83,1.79,1.53,0.21,1.25,1.64,1.41,1.25,0.46,0.37,1.42,0.37,0.55,0.9
887.65,26,1.28,1.83,1.77,1.54,0.19,1.25,1.63,1.39,1.22,0.45,0.37,1.4,0.36,0.54,0.89
888.65,26,1.29,1.84,1.79,1.54,0.2,1.25,1.64,1.4,1.23,0.46,0.38,1.41,0.37,0.55,0.9
889.67,26,1.29,1.84,1.79,1.54,0.2,1.25,1.64,1.41,1.24,0.46,0.37,1.41,0.36,0.55,0.9
890.67,26,1.3,1.84,1.79,1.55,0.21,1.26,1.63,1.41,1.25,0.47,0.37,1.41,0.37,0.55,0.9
891.67,26,1.29,1.82,1.79,1.55,0.21,1.25,1.65,1.4,1.25,0.47,0.37,1.41,0.37,0.55,0.9
892.67,26,1.3,1.83,1.79,1.54,0.2,1.25,1.63,1.4,1.24,0.46,0.37,1.42,0.36,0.54,0.9
893.67,26,1.3,1.84,1.79,1.55,0.21,1.26,1.65,1.41,1.25,0.48,0.38,1.42,0.37,0.56,0.9
894.68,26,1.31,1.84,1.79,1.54,0.2,1.26,1.65,1.41,1.25,0.47,0.38,1.41,0.37,0.56,0.9
895.68,26,1.29,1.84,1.78,1.54,0.2,1.25,1.63,1.4,1.23,0.46,0.37,1.41,0.36,0.54,0.89
896.68,26,1.3,1.85,1.79,1.56,0.21,1.26,1.64,1.41,1.25,0.47,0.38,1.42,0.37,0.55,0.9
897.68,26,1.3,1.84,1.79,1.55,0.21,1.26,1.63,1.41,1.25,0.46,0.38,1.41,0.37,0.55,0.89
898.68,26,1.3,1.84,1.79,1.54,0.21,1.26,1.64,1.42,1.25,0.47,0.38,1.42,0.37,0.55,0.9
899.68,26,1.29,1.83,1.78,1.54,0.21,1.25,1.64,1.41,1.24,0.46,0.37,1.41,0.37,0.55,0.89
900.68,26,1.3,1.84,1.79,1.55,0.21,1.26,1.65,1.42,1.25,0.47,0.37,1.41,0.37,0.55,0.9
901.7,26,1.3,1.85,1.79,1.55,0.21,1.26,1.64,1.41,1.24,0.46,0.38,1.42,0.37,0.56,0.9
902.7,26,1.29,1.83,1.79,1.53,0.2,1.25,1.64,1.4,1.24,0.47,0.37,1.41,0.36,0.54,0.9
903.7,26,1.29,1.83,1.78,1.52,0.2,1.25,1.63,1.4,1.24,0.46,0.37,1.41,0.37,0.54,0.9
904.7,26,1.3,1.85,1.79,1.55,0.21,1.27,1.65,1.42,1.25,0.47,0.38,1.42,0.36,0.55,0.9
905.7,26,1.3,1.83,1.79,1.55,0.2,1.25,1.65,1.4,1.24,0.45,0.37,1.41,0.37,0.55,0.89
906.7,26,1.29,1.83,1.78,1.53,0.2,1.25,1.63,1.4,1.24,0.46,0.37,1.4,0.36,0.54,0.89
907.7,26,1.3,1.85,1.79,1.56,0.21,1.26,1.65,1.42,1.25,0.47,0.38,1.42,0.37,0.56,0.9
908.72,26,1.3,1.85,1.79,1.56,0.21,1.25,1.65,1.42,1.25,0.47,0.38,1.42,0.37,0.56,0.9
909.72,26,1.31,1.85,1.8,1.56,0.22,1.27,1.66,1.43,1.25,0.48,0.39,1.44,0.37,0.56,0.9
910.72,26,1.3,1.84,1.8,1.55,0.21,1.26,1.64,1.41,1.25,0.47,0.38,1.43,0.37,0.56,0.9
911.72,26,1.31,1.85,1.8,1.55,0.22,1.25,1.65,1.42,1.25,0.47,0.38,1.43,0.37,0.55,0.9
912.73,26,1.3,1.84,1.79,1.55,0.22,1.26,1.63,1.41,1.25,0.46,0.37,1.43,0.37,0.56,0.9
913.73,26,1.3,1.85,1.79,1.55,0.21,1.27,1.64,1.41,1.25,0.47,0.38,1.43,0.37,0.55,0.9
914.73,26,1.31,1.84,1.79,1.55,0.22,1.25,1.65,1.42,1.25,0.48,0.38,1.43,0.37,0.56,0.9
915.75,26,1.3,1.85,1.8,1.55,0.21,1.27,1.65,1.41,1.25,0.48,0.38,1.42,0.37,0.57,0.9
916.75,26,1.3,1.83,1.79,1.55,0.21,1.25,1.63,1.41,1.24,0.46,0.37,1.41,0.37,0.55,0.9
917.75,26,1.31,1.84,1.79,1.56,0.21,1.26,1.64,1.41,1.25,0.47,0.38,1.42,0.37,0.55,0.9
918.75,26,1.31,1.85,1.79,1.56,0.22,1.27,1.66,1.42,1.25,0.48,0.38,1.43,0.37,0.57,0.9
919.75,26,1.3,1.84,1.79,1.55,0.21,1.25,1.65,1.42,1.24,0.48,0.38,1.42,0.37,0.56,0.9
920.77,26,1.31,1.86,1.79,1.55,0.21,1.26,1.66,1.42,1.25,0.47,0.38,1.43,0.37,0.56,0.91
921.77,26,1.3,1.85,1.8,1.55,0.22,1.26,1.65,1.42,1.25,0.48,0.37,1.41,0.37,0.55,0.9
922.78,26,1.31,1.85,1.79,1.56,0.21,1.27,1.65,1.42,1.25,0.48,0.38,1.42,0.37,0.56,0.9
923.78,26,1.3,1.84,1.79,1.54,0.21,1.25,1.64,1.41,1.25,0.47,0.37,1.41,0.37,0.55,0.89
924.78,26,1.31,1.84,1.79,1.55,0.21,1.26,1.64,1.42,1.25,0.47,0.38,1.42,0.37,0.56,0.9
925.78,26,1.3,1.85,1.79,1.56,0.21,1.26,1.66,1.42,1.25,0.48,0.38,1.41,0.37,0.57,0.9
926.8,26,1.31,1.85,1.8,1.55,0.22,1.26,1.66,1.41,1.25,0.48,0.38,1.42,0.37,0.56,0.9
927.8,26,1.31,1.85,1.79,1.56,0.21,1.26,1.65,1.42,1.25,0.47,0.37,1.43,0.37,0.56,0.9
928.8,26,1.3,1.85,1.79,1.55,0.21,1.26,1.64,1.42,1.25,0.48,0.38,1.42,0.37,0.56,0.9
929.8,26,1.31,1.85,1.79,1.56,0.22,1.26,1.65,1.41,1.25,0.47,0.37,1.43,0.37,0.57,0.9
930.8,26,1.31,1.85,1.8,1.56,0.22,1.27,1.65,1.42,1.25,0.47,0.38,1.43,0.37,0.57,0.9
931.8,26,1.3,1.84,1.79,1.55,0.21,1.25,1.65,1.41,1.23,0.47,0.37,1.42,0.37,0.55,0.9
932.82,26,1.31,1.85,1.79,1.55,0.22,1.27,1.66,1.42,1.25,0.48,0.38,1.42,0.38,0.56,0.9
933.82,26,1.31,1.85,1.8,1.56,0.22,1.27,1.64,1.42,1.25,0.47,0.39,1.43,0.37,0.57,0.9
934.82,26,1.31,1.85,1.79,1.55,0.22,1.26,1.65,1.42,1.25,0.48,0.38,1.41,0.37,0.56,0.9
935.82,26,1.31,1.85,1.79,1.56,0.22,1.27,1.66,1.43,1.25,0.49,0.39,1.43,0.37,0.57,0.91
936.82,26,1.31,1.85,1.79,1.55,0.21,1.27,1.65,1.42,1.25,0.47,0.38,1.43,0.37,0.56,0.9
937.83,26,1.31,1.85,1.79,1.55,0.22,1.26,1.64,1.43,1.25,0.48,0.39,1.43,0.38,0.57,0.9
938.83,26,1.31,1.85,1.8,1.56,0.23,1.25,1.65,1.42,1.25,0.48,0.39,1.42,0.37,0.56,0.9
939.83,26,1.31,1.85,1.8,1.56,0.22,1.26,1.65,1.42,1.25,0.48,0.38,1.43,0.38,0.57,0.91
940.83,26,1.31,1.84,1.79,1.56,0.22,1.25,1.64,1.41,1.24,0.48,0.38,1.43,0.37,0.56,0.9
941.85,26,1.32,1.85,1.8,1.56,0.22,1.26,1.66,1.42,1.25,0.47,0.38,1.43,0.37,0.56,0.9
942.85,26,1.31,1.84,1.8,1.56,0.22,1.26,1.66,1.41,1.24,0.48,0.38,1.43,0.37,0.57,0.9
943.85,26,1.32,1.86,1.8,1.56,0.22,1.28,1.67,1.43,1.25,0.48,0.39,1.44,0.38,0.57,0.9
944.85,26,1.31,1.85,1.79,1.55,0.22,1.27,1.66,1.42,1.25,0.47,0.38,1.42,0.37,0.57,0.9
945.87,26,1.31,1.86,1.81,1.56,0.23,1.28,1.67,1.42,1.25,0.48,0.39,1.44,0.37,0.57,0.91
946.87,26,1.31,1.85,1.79,1.55,0.21,1.27,1.66,1.42,1.25,0.47,0.39,1.42,0.37,0.57,0.9
947.87,26,1.31,1.85,1.8,1.56,0.22,1.25,1.65,1.42,1.25,0.47,0.38,1.43,0.37,0.57,0.9
948.88,26,1.32,1.86,1.79,1.56,0.22,1.27,1.66,1.41,1.25,0.48,0.38,1.43,0.37,0.56,0.9
949.88,26,1.31,1.86,1.8,1.56,0.23,1.27,1.66,1.43,1.25,0.48,0.39,1.42,0.37,0.57,0.91
950.88,26,1.31,1.85,1.81,1.56,0.21,1.27,1.65,1.42,1.25,0.49,0.38,1.43,0.37,0.57,0.9
951.88,26,1.31,1.84,1.79,1.55,0.22,1.26,1.65,1.41,1.25,0.48,0.38,1.42,0.37,0.56,0.9
952.88,26,1.32,1.86,1.81,1.56,0.23,1.28,1.66,1.43,1.25,0.48,0.4,1.44,0.37,0.57,0.92
953.88,26,1.32,1.84,1.8,1.56,0.22,1.28,1.65,1.42,1.25,0.47,0.38,1.42,0.37,0.57,0.9
954.9,26,1.32,1.85,1.8,1.56,0.23,1.27,1.66,1.43,1.26,0.49,0.39,1.44,0.38,0.57,0.91
955.9,26,1.31,1.85,1.79,1.56,0.22,1.26,1.66,1.43,1.25,0.49,0.39,1.43,0.37,0.57,0.91
956.9,26,1.31,1.85,1.8,1.56,0.22,1.28,1.65,1.43,1.25,0.49,0.4,1.44,0.38,0.56,0.91
957.9,26,1.32,1.86,1.8,1.56,0.23,1.26,1.65,1.43,1.26,0.49,0.39,1.44,0.38,0.57,0.91
958.9,26,1.31,1.84,1.79,1.56,0.22,1.27,1.66,1.42,1.25,0.48,0.38,1.43,0.37,0.56,0.9
959.92,26,1.31,1.86,1.81,1.56,0.23,1.26,1.65,1.43,1.25,0.49,0.39,1.43,0.38,0.57,0.9
960.92,26,1.31,1.86,1.8,1.56,0.22,1.27,1.65,1.43,1.25,0.48,0.39,1.42,0.37,0.57,0.91
961.92,26,1.31,1.86,1.8,1.55,0.22,1.27,1.66,1.41,1.25,0.48,0.39,1.43,0.38,0.56,0.9
962.92,26,1.31,1.85,1.79,1.56,0.23,1.27,1.66,1.43,1.25,0.49,0.39,1.42,0.38,0.57,0.91
963.92,26,1.32,1.84,1.8,1.56,0.22,1.26,1.66,1.42,1.25,0.48,0.39,1.43,0.37,0.56,0.91
964.92,26,1.31,1.86,1.8,1.56,0.23,1.28,1.67,1.43,1.25,0.49,0.4,1.43,0.37,0.57,0.91
965.93,26,1.32,1.86,1.81,1.56,0.23,1.27,1.66,1.43,1.25,0.49,0.39,1.43,0.38,0.57,0.91
966.93,26,1.31,1.85,1.8,1.56,0.22,1.27,1.66,1.43,1.25,0.48,0.39,1.43,0.38,0.58,0.91
967.93,26,1.32,1.86,1.8,1.56,0.23,1.28,1.67,1.43,1.25,0.49,0.39,1.43,0.38,0.58,0.91
968.93,26,1.31,1.85,1.8,1.55,0.23,1.27,1.66,1.42,1.25,0.47,0.39,1.43,0.37,0.57,0.9
969.93,26,1.32,1.87,1.8,1.56,0.23,1.27,1.66,1.43,1.25,0.48,0.39,1.43,0.38,0.58,0.91
970.93,26,1.32,1.85,1.8,1.56,0.22,1.28,1.65,1.42,1.26,0.49,0.39,1.44,0.38,0.58,0.91
971.93,26,1.32,1.86,1.8,1.56,0.23,1.28,1.66,1.42,1.25,0.49,0.39,1.44,0.38,0.56,0.91
972.93,26,1.32,1.86,1.81,1.56,0.23,1.25,1.67,1.43,1.25,0.48,0.39,1.44,0.38,0.57,0.91
973.93,26,1.31,1.85,1.79,1.56,0.22,1.26,1.66,1.42,1.25,0.48,0.38,1.42,0.37,0.56,0.9
974.95,26,1.33,1.85,1.8,1.57,0.23,1.27,1.67,1.43,1.26,0.5,0.4,1.43,0.38,0.57,0.92
975.95,26,1.32,1.84,1.8,1.56,0.22,1.27,1.65,1.42,1.25,0.48,0.39,1.43,0.38,0.57,0.9
976.95,26,1.33,1.87,1.79,1.56,0.23,1.28,1.67,1.43,1.26,0.49,0.4,1.44,0.39,0.57,0.91
977.95,26,1.32,1.84,1.8,1.56,0.22,1.26,1.66,1.43,1.26,0.49,0.39,1.44,0.38,0.56,0.91
978.95,26,1.33,1.86,1.8,1.56,0.23,1.27,1.67,1.43,1.25,0.49,0.39,1.44,0.38,0.57,0.91
979.95,26,1.32,1.85,1.8,1.56,0.21,1.26,1.66,1.43,1.25,0.48,0.38,1.43,0.38,0.57,0.9
980.95,26,1.32,1.86,1.8,1.56,0.22,1.29,1.67,1.43,1.26,0.49,0.4,1.44,0.37,0.57,0.92
981.97,26,1.33,1.86,1.8,1.57,0.23,1.28,1.66,1.44,1.26,0.49,0.41,1.44,0.39,0.58,0.92
982.97,26,1.32,1.86,1.8,1.56,0.23,1.28,1.66,1.43,1.26,0.49,0.4,1.43,0.38,0.56,0.91
983.97,26,1.32,1.87,1.81,1.56,0.23,1.28,1.66,1.43,1.26,0.48,0.4,1.44,0.39,0.58,0.92
984.97,26,1.31,1.85,1.79,1.56,0.23,1.28,1.66,1.42,1.25,0.49,0.39,1.43,0.38,0.57,0.9
985.97,26,1.31,1.87,1.8,1.56,0.22,1.28,1.66,1.43,1.25,0.48,0.39,1.43,0.38,0.57,0.9
986.97,26,1.32,1.84,1.81,1.56,0.23,1.27,1.66,1.42,1.25,0.47,0.39,1.43,0.38,0.57,0.91
987.97,26,1.31,1.86,1.8,1.56,0.22,1.27,1.66,1.43,1.25,0.49,0.39,1.42,0.38,0.56,0.91
988.98,26,1.31,1.84,1.79,1.56,0.23,1.27,1.67,1.44,1.25,0.49,0.39,1.43,0.38,0.57,0.9
989.98,26,1.3,1.82,1.79,1.56,0.22,1.27,1.66,1.43,1.24,0.48,0.39,1.42,0.37,0.56,0.9
990.98,26,1.29,1.83,1.79,1.56,0.21,1.25,1.65,1.41,1.23,0.47,0.38,1.41,0.37,0.56,0.89
991.98,26,1.29,1.84,1.79,1.55,0.21,1.25,1.64,1.41,1.23,0.47,0.38,1.41,0.36,0.55,0.89
992.98,26,1.28,1.82,1.79,1.55,0.2,1.25,1.65,1.4,1.23,0.47,0.38,1.41,0.37,0.56,0.89
993.98,26,1.28,1.83,1.79,1.55,0.2,1.25,1.64,1.41,1.24,0.47,0.38,1.41,0.37,0.55,0.9
994.98,26,1.29,1.83,1.79,1.55,0.22,1.26,1.66,1.41,1.24,0.48,0.38,1.41,0.37,0.56,0.89
995.98,26,1.28,1.81,1.78,1.54,0.21,1.25,1.65,1.41,1.22,0.47,0.38,1.4,0.37,0.54,0.88
996.98,26,1.29,1.84,1.78,1.53,0.21,1.26,1.64,1.42,1.24,0.47,0.38,1.41,0.37,0.54,0.89
998,26,1.28,1.83,1.78,1.54,0.21,1.25,1.64,1.41,1.23,0.47,0.37,1.41,0.37,0.55,0.89
999,26,1.29,1.81,1.77,1.55,0.21,1.25,1.64,1.42,1.24,0.47,0.37,1.4,0.36,0.55,0.89
1000,26,1.28,1.82,1.77,1.55,0.2,1.25,1.63,1.4,1.22,0.46,0.37,1.39,0.35,0.55,0.89
1001,26,1.29,1.83,1.78,1.55,0.2,1.25,1.63,1.4,1.23,0.46,0.38,1.4,0.36,0.54,0.87
1002.02,26,1.28,1.82,1.78,1.54,0.2,1.25,1.64,1.4,1.23,0.46,0.37,1.4,0.36,0.54,0.89
1003.02,26,1.29,1.81,1.78,1.54,0.2,1.24,1.64,1.4,1.23,0.46,0.37,1.41,0.35,0.54,0.89
1004.02,26,1.27,1.81,1.77,1.53,0.19,1.23,1.63,1.39,1.22,0.46,0.37,1.4,0.35,0.53,0.88
1005.02,26,1.28,1.83,1.77,1.55,0.2,1.25,1.64,1.4,1.23,0.47,0.37,1.41,0.36,0.54,0.88
1006.02,26,1.28,1.83,1.77,1.55,0.2,1.25,1.63,1.4,1.22,0.46,0.37,1.39,0.36,0.54,0.88
1007.02,26,1.28,1.82,1.77,1.54,0.2,1.24,1.63,1.4,1.24,0.46,0.37,1.4,0.35,0.55,0.89
1008.02,26,1.28,1.83,1.77,1.54,0.2,1.25,1.64,1.4,1.23,0.47,0.37,1.4,0.35,0.54,0.89
1009.03,26,1.28,1.83,1.77,1.54,0.2,1.24,1.63,1.4,1.23,0.45,0.37,1.4,0.36,0.54,0.89
1010.03,26,1.28,1.8,1.77,1.53,0.19,1.24,1.62,1.39,1.22,0.45,0.36,1.39,0.35,0.54,0.88
1011.03,26,1.28,1.82,1.78,1.54,0.21,1.25,1.64,1.39,1.23,0.46,0.37,1.4,0.36,0.55,0.89
1012.03,26,1.29,1.81,1.78,1.54,0.2,1.25,1.65,1.41,1.23,0.46,0.37,1.4,0.37,0.55,0.88
1013.03,26,1.28,1.81,1.77,1.54,0.19,1.23,1.62,1.4,1.22,0.45,0.36,1.39,0.35,0.53,0.87
1014.03,26,1.28,1.81,1.77,1.53,0.19,1.25,1.63,1.39,1.22,0.45,0.36,1.4,0.35,0.54,0.87
1015.03,26,1.28,1.82,1.77,1.54,0.2,1.24,1.63,1.4,1.22,0.45,0.37,1.4,0.36,0.54,0.88
1016.03,26,1.27,1.81,1.77,1.53,0.18,1.23,1.63,1.41,1.22,0.45,0.36,1.39,0.35,0.53,0.87
1017.03,26,1.28,1.81,1.78,1.54,0.19,1.25,1.63,1.4,1.23,0.45,0.36,1.4,0.36,0.53,0.88
1018.05,26,1.28,1.82,1.78,1.53,0.2,1.24,1.62,1.39,1.23,0.45,0.37,1.39,0.35,0.53,0.87
1019.05,26,1.29,1.82,1.77,1.53,0.2,1.25,1.64,1.39,1.23,0.46,0.37,1.4,0.35,0.54,0.89
1020.05,26,1.28,1.82,1.77,1.54,0.2,1.25,1.63,1.39,1.22,0.45,0.37,1.4,0.35,0.54,0.88
1021.05,26,1.28,1.83,1.78,1.52,0.19,1.24,1.63,1.4,1.23,0.45,0.37,1.4,0.36,0.53,0.88
1022.05,26,1.28,1.82,1.77,1.52,0.19,1.24,1.63,1.39,1.23,0.45,0.37,1.4,0.34,0.54,0.88
1023.07,26,1.28,1.82,1.78,1.54,0.19,1.25,1.62,1.4,1.23,0.45,0.37,1.39,0.35,0.54,0.88
1024.07,26,1.28,1.82,1.76,1.53,0.2,1.24,1.62,1.39,1.22,0.46,0.37,1.39,0.36,0.53,0.88
1025.08,26,1.29,1.83,1.79,1.53,0.19,1.24,1.63,1.4,1.23,0.46,0.36,1.4,0.35,0.54,0.88
1026.08,26,1.28,1.82,1.78,1.53,0.19,1.24,1.63,1.39,1.22,0.45,0.37,1.4,0.35,0.54,0.87
1027.08,26,1.29,1.82,1.79,1.53,0.2,1.25,1.63,1.39,1.23,0.45,0.37,1.4,0.36,0.54,0.88
1028.08,26,1.28,1.81,1.77,1.53,0.19,1.24,1.63,1.39,1.23,0.44,0.37,1.39,0.36,0.53,0.88
1029.08,26,1.28,1.81,1.78,1.53,0.19,1.24,1.62,1.39,1.22,0.45,0.37,1.39,0.35,0.54,0.88
1030.1,26,1.27,1.82,1.78,1.53,0.18,1.24,1.61,1.39,1.23,0.46,0.36,1.39,0.36,0.53,0.87
1031.1,26,1.29,1.84,1.79,1.55,0.2,1.25,1.63,1.4,1.24,0.46,0.38,1.41,0.36,0.55,0.88
1032.1,26,1.28,1.82,1.78,1.54,0.19,1.25,1.63,1.4,1.23,0.46,0.37,1.39,0.36,0.53,0.88
1033.1,26,1.28,1.81,1.78,1.53,0.2,1.25,1.63,1.4,1.23,0.46,0.37,1.4,0.35,0.54,0.88
1034.1,26,1.29,1.82,1.78,1.54,0.19,1.25,1.63,1.4,1.23,0.47,0.37,1.4,0.35,0.54,0.88
1035.1,26,1.28,1.82,1.78,1.54,0.21,1.25,1.63,1.4,1.23,0.45,0.37,1.41,0.36,0.55,0.89
1036.12,26,1.29,1.83,1.79,1.53,0.2,1.25,1.64,1.41,1.25,0.47,0.37,1.41,0.37,0.55,0.89
1037.12,26,1.29,1.83,1.78,1.52,0.19,1.25,1.63,1.39,1.22,0.44,0.37,1.4,0.36,0.54,0.88
1038.12,26,1.28,1.82,1.78,1.53,0.2,1.25,1.64,1.4,1.23,0.46,0.36,1.4,0.35,0.53,0.88
1039.12,26,1.28,1.83,1.78,1.53,0.19,1.25,1.63,1.4,1.23,0.45,0.37,1.4,0.36,0.54,0.88
1040.12,26,1.28,1.83,1.78,1.53,0.19,1.25,1.62,1.39,1.24,0.45,0.37,1.4,0.36,0.54,0.88
1041.12,26,1.28,1.82,1.78,1.53,0.19,1.25,1.64,1.38,1.23,0.45,0.37,1.4,0.36,0.53,0.88
1042.13,26,1.29,1.82,1.78,1.53,0.19,1.25,1.63,1.4,1.23,0.46,0.37,1.4,0.35,0.54,0.89
1043.13,26,1.29,1.83,1.79,1.53,0.19,1.25,1.62,1.4,1.23,0.46,0.37,1.4,0.36,0.55,0.89
1044.13,26,1.29,1.82,1.79,1.54,0.2,1.25,1.64,1.41,1.24,0.46,0.37,1.4,0.36,0.54,0.89
1045.13,26,1.29,1.83,1.78,1.53,0.2,1.25,1.63,1.4,1.23,0.46,0.37,1.41,0.35,0.54,0.88
1046.13,26,1.28,1.83,1.78,1.54,0.2,1.24,1.63,1.4,1.22,0.46,0.37,1.4,0.35,0.53,0.88
1047.15,26,1.29,1.82,1.78,1.54,0.2,1.25,1.63,1.4,1.23,0.45,0.37,1.4,0.36,0.54,0.89
1048.15,26,1.29,1.83,1.78,1.54,0.2,1.25,1.63,1.4,1.23,0.45,0.37,1.4,0.35,0.53,0.88
1049.15,26,1.3,1.84,1.8,1.56,0.22,1.25,1.65,1.42,1.25,0.47,0.38,1.42,0.37,0.56,0.9
1050.17,26,1.29,1.82,1.78,1.54,0.19,1.25,1.63,1.4,1.23,0.44,0.37,1.4,0.36,0.54,0.88
1051.17,26,1.29,1.83,1.79,1.54,0.21,1.25,1.64,1.4,1.24,0.45,0.37,1.42,0.36,0.54,0.9
1052.17,26,1.3,1.84,1.79,1.55,0.2,1.25,1.65,1.41,1.24,0.46,0.38,1.42,0.37,0.55,0.89
1053.17,26,1.28,1.82,1.77,1.53,0.19,1.25,1.63,1.39,1.22,0.45,0.37,1.39,0.34,0.52,0.88
1054.17,26,1.29,1.84,1.78,1.54,0.2,1.25,1.63,1.4,1.23,0.45,0.37,1.41,0.37,0.53,0.89
1055.17,26,1.29,1.82,1.78,1.54,0.19,1.24,1.63,1.4,1.23,0.45,0.37,1.39,0.36,0.53,0.89
1056.18,26,1.29,1.82,1.79,1.54,0.2,1.25,1.62,1.4,1.24,0.46,0.37,1.4,0.36,0.54,0.89
1057.18,26,1.29,1.83,1.78,1.54,0.2,1.25,1.64,1.4,1.23,0.45,0.37,1.41,0.37,0.54,0.89
1058.18,26,1.28,1.82,1.78,1.54,0.19,1.25,1.62,1.39,1.22,0.46,0.37,1.4,0.35,0.55,0.89
1059.18,26,1.29,1.82,1.78,1.53,0.2,1.24,1.64,1.4,1.23,0.46,0.37,1.4,0.36,0.54,0.88
1060.18,26,1.3,1.83,1.79,1.54,0.2,1.25,1.63,1.4,1.24,0.45,0.37,1.41,0.36,0.55,0.89
1061.18,26,1.28,1.82,1.78,1.53,0.18,1.23,1.63,1.4,1.21,0.45,0.36,1.4,0.35,0.53,0.88
1062.18,26,1.3,1.83,1.78,1.55,0.21,1.25,1.64,1.4,1.23,0.47,0.37,1.4,0.37,0.55,0.89
1063.18,26,1.29,1.82,1.78,1.53,0.2,1.25,1.62,1.39,1.23,0.45,0.37,1.39,0.36,0.53,0.88
1064.18,26,1.29,1.82,1.78,1.54,0.2,1.25,1.63,1.4,1.23,0.47,0.37,1.4,0.36,0.55,0.89
1065.2,26,1.28,1.83,1.77,1.54,0.2,1.24,1.64,1.39,1.22,0.46,0.37,1.4,0.36,0.54,0.88
1066.2,26,1.29,1.83,1.79,1.55,0.21,1.25,1.64,1.4,1.24,0.46,0.38,1.41,0.37,0.54,0.9
1067.2,26,1.29,1.83,1.79,1.54,0.21,1.25,1.64,1.4,1.24,0.46,0.37,1.4,0.36,0.54,0.9
1068.2,26,1.29,1.83,1.79,1.54,0.2,1.25,1.64,1.41,1.23,0.46,0.37,1.41,0.37,0.55,0.89
1069.22,26,1.29,1.82,1.78,1.54,0.19,1.25,1.62,1.39,1.22,0.44,0.37,1.39,0.36,0.53,0.88
1070.22,26,1.29,1.83,1.79,1.54,0.2,1.24,1.64,1.4,1.23,0.47,0.37,1.41,0.36,0.55,0.89
1071.22,26,1.28,1.83,1.77,1.53,0.19,1.24,1.63,1.39,1.23,0.46,0.37,1.39,0.37,0.54,0.89
1072.22,26,1.3,1.82,1.79,1.55,0.21,1.26,1.64,1.4,1.24,0.46,0.37,1.42,0.37,0.54,0.89
1073.22,26,1.29,1.82,1.77,1.54,0.2,1.24,1.63,1.4,1.22,0.46,0.37,1.41,0.36,0.54,0.88
1074.22,26,1.29,1.82,1.79,1.55,0.2,1.25,1.63,1.4,1.24,0.45,0.37,1.41,0.36,0.54,0.89
1075.23,26,1.3,1.84,1.79,1.54,0.2,1.25,1.63,1.4,1.24,0.46,0.37,1.42,0.36,0.55,0.9
1076.23,26,1.29,1.82,1.79,1.54,0.2,1.25,1.64,1.4,1.24,0.45,0.37,1.41,0.37,0.54,0.89
1077.23,26,1.29,1.83,1.79,1.55,0.21,1.25,1.64,1.41,1.23,0.47,0.38,1.42,0.36,0.54,0.9
1078.23,26,1.29,1.83,1.79,1.54,0.21,1.25,1.63,1.4,1.24,0.46,0.38,1.41,0.36,0.54,0.9
1079.25,26,1.3,1.83,1.79,1.55,0.2,1.25,1.64,1.39,1.24,0.46,0.37,1.41,0.37,0.54,0.9
1080.25,26,1.29,1.82,1.77,1.54,0.19,1.25,1.64,1.4,1.23,0.46,0.37,1.4,0.36,0.54,0.89
1081.25,26,1.3,1.83,1.79,1.55,0.21,1.25,1.64,1.41,1.24,0.47,0.37,1.41,0.37,0.55,0.89
1082.25,26,1.29,1.83,1.78,1.54,0.21,1.25,1.63,1.41,1.24,0.46,0.37,1.41,0.37,0.54,0.9
1083.25,26,1.29,1.84,1.78,1.55,0.21,1.26,1.64,1.41,1.24,0.47,0.37,1.41,0.36,0.55,0.9
1084.27,26,1.29,1.83,1.79,1.55,0.2,1.25,1.64,1.41,1.24,0.46,0.37,1.42,0.37,0.54,0.9
1085.27,26,1.29,1.83,1.79,1.55,0.21,1.25,1.64,1.4,1.23,0.45,0.37,1.4,0.37,0.55,0.89
1086.27,26,1.3,1.83,1.79,1.55,0.2,1.25,1.64,1.41,1.24,0.47,0.37,1.42,0.36,0.56,0.9
1087.27,26,1.3,1.84,1.78,1.54,0.2,1.25,1.64,1.4,1.24,0.46,0.37,1.41,0.37,0.55,0.9
1088.28,26,1.31,1.82,1.79,1.55,0.21,1.26,1.63,1.4,1.24,0.46,0.38,1.41,0.37,0.55,0.9
1089.28,26,1.3,1.83,1.79,1.54,0.2,1.25,1.64,1.4,1.24,0.46,0.37,1.4,0.37,0.55,0.9
1090.28,26,1.3,1.84,1.79,1.55,0.2,1.25,1.65,1.41,1.25,0.46,0.37,1.41,0.37,0.54,0.89
1091.28,26,1.3,1.82,1.79,1.55,0.2,1.25,1.63,1.41,1.24,0.46,0.37,1.41,0.36,0.54,0.9
1092.28,26,1.3,1.83,1.79,1.55,0.21,1.25,1.64,1.4,1.24,0.46,0.37,1.41,0.36,0.54,0.89
1093.28,26,1.29,1.83,1.79,1.54,0.2,1.25,1.64,1.4,1.23,0.45,0.37,1.41,0.36,0.54,0.89
1094.28,26,1.29,1.82,1.79,1.55,0.2,1.25,1.63,1.41,1.24,0.46,0.37,1.41,0.36,0.54,0.89
1095.3,26,1.3,1.84,1.79,1.55,0.21,1.25,1.64,1.41,1.24,0.47,0.37,1.41,0.37,0.55,0.9
1096.3,26,1.29,1.83,1.79,1.55,0.2,1.25,1.64,1.4,1.24,0.46,0.38,1.41,0.37,0.55,0.89
1097.3,26,1.31,1.83,1.78,1.54,0.21,1.25,1.63,1.4,1.24,0.45,0.37,1.41,0.37,0.54,0.89
1098.3,26,1.3,1.84,1.79,1.54,0.2,1.25,1.63,1.41,1.24,0.47,0.37,1.41,0.37,0.55,0.9
1099.32,26,1.3,1.84,1.79,1.54,0.21,1.25,1.64,1.41,1.24,0.47,0.37,1.41,0.37,0.54,0.89
1100.32,26,1.29,1.83,1.78,1.55,0.21,1.25,1.64,1.4,1.24,0.46,0.37,1.41,0.36,0.54,0.89
1101.32,26,1.3,1.83,1.79,1.54,0.2,1.25,1.63,1.41,1.23,0.47,0.37,1.4,0.37,0.53,0.89
1102.32,26,1.3,1.84,1.79,1.55,0.21,1.25,1.64,1.41,1.24,0.48,0.38,1.42,0.37,0.55,0.9
1103.32,26,1.3,1.83,1.79,1.55,0.21,1.25,1.64,1.41,1.24,0.47,0.37,1.41,0.37,0.55,0.9
1104.32,26,1.3,1.83,1.79,1.55,0.22,1.25,1.64,1.41,1.23,0.47,0.38,1.42,0.37,0.55,0.89
1105.33,26,1.3,1.83,1.78,1.54,0.21,1.25,1.63,1.41,1.24,0.46,0.37,1.42,0.36,0.55,0.9
1106.33,26,1.3,1.83,1.79,1.54,0.2,1.25,1.64,1.4,1.24,0.46,0.38,1.41,0.37,0.54,0.88
1107.33,26,1.3,1.84,1.79,1.55,0.2,1.25,1.64,1.41,1.23,0.48,0.38,1.41,0.37,0.56,0.9
1108.33,26,1.29,1.84,1.79,1.55,0.21,1.26,1.63,1.4,1.24,0.47,0.38,1.41,0.36,0.55,0.89
1109.35,26,1.3,1.83,1.78,1.55,0.2,1.24,1.64,1.41,1.25,0.46,0.37,1.41,0.36,0.54,0.89
1110.35,26,1.3,1.84,1.79,1.56,0.2,1.25,1.64,1.42,1.24,0.47,0.37,1.42,0.37,0.55,0.9
1111.35,26,1.3,1.84,1.79,1.54,0.21,1.26,1.64,1.4,1.24,0.47,0.38,1.4,0.37,0.55,0.89
1112.37,26,1.3,1.84,1.79,1.55,0.2,1.25,1.64,1.41,1.24,0.47,0.37,1.42,0.37,0.55,0.9
1113.37,26,1.3,1.84,1.79,1.54,0.21,1.26,1.64,1.41,1.25,0.46,0.38,1.41,0.36,0.55,0.9
1114.37,26,1.3,1.82,1.79,1.53,0.21,1.25,1.64,1.41,1.24,0.47,0.38,1.41,0.37,0.55,0.89
1115.37,26,1.3,1.83,1.79,1.56,0.21,1.25,1.64,1.41,1.25,0.47,0.38,1.42,0.37,0.55,0.9
1116.37,26,1.3,1.84,1.79,1.55,0.22,1.26,1.65,1.42,1.25,0.48,0.38,1.41,0.37,0.55,0.9
1117.37,26,1.31,1.84,1.79,1.55,0.21,1.26,1.65,1.41,1.25,0.48,0.37,1.42,0.37,0.55,0.9
1118.38,26,1.29,1.84,1.79,1.55,0.2,1.25,1.64,1.4,1.23,0.47,0.37,1.41,0.37,0.55,0.89
1119.38,26,1.29,1.82,1.78,1.54,0.2,1.25,1.64,1.4,1.25,0.47,0.37,1.4,0.36,0.54,0.89
1120.38,26,1.28,1.83,1.79,1.53,0.2,1.25,1.64,1.4,1.24,0.46,0.37,1.4,0.37,0.55,0.89
1121.4,26,1.3,1.83,1.79,1.55,0.2,1.25,1.64,1.41,1.23,0.46,0.37,1.4,0.37,0.55,0.89
1122.4,26,1.29,1.83,1.79,1.55,0.21,1.25,1.65,1.4,1.24,0.47,0.37,1.42,0.36,0.54,0.9
1123.4,26,1.3,1.84,1.79,1.56,0.21,1.25,1.64,1.41,1.25,0.47,0.37,1.42,0.37,0.55,0.9
1124.4,26,1.3,1.83,1.79,1.54,0.21,1.25,1.64,1.4,1.24,0.47,0.38,1.41,0.37,0.56,0.9
1125.4,26,1.3,1.83,1.79,1.55,0.21,1.25,1.64,1.4,1.24,0.46,0.37,1.42,0.37,0.55,0.9
1126.42,26,1.3,1.83,1.79,1.54,0.2,1.25,1.65,1.41,1.24,0.47,0.37,1.42,0.37,0.55,0.9
1127.42,26,1.29,1.83,1.79,1.55,0.2,1.25,1.63,1.4,1.23,0.46,0.37,1.41,0.36,0.54,0.89
1128.42,26,1.3,1.83,1.79,1.55,0.21,1.25,1.65,1.4,1.24,0.46,0.38,1.41,0.37,0.55,0.89
1129.43,26,1.29,1.82,1.79,1.54,0.2,1.25,1.63,1.41,1.23,0.47,0.37,1.41,0.37,0.54,0.89
1130.43,26,1.31,1.85,1.79,1.55,0.21,1.26,1.65,1.41,1.24,0.46,0.38,1.42,0.37,0.55,0.9
1131.43,26,1.29,1.82,1.79,1.54,0.2,1.25,1.63,1.41,1.24,0.47,0.37,1.41,0.37,0.55,0.89
1132.43,26,1.3,1.84,1.79,1.55,0.21,1.26,1.64,1.41,1.25,0.47,0.37,1.41,0.37,0.55,0.9
1133.45,26,1.3,1.83,1.79,1.56,0.21,1.25,1.65,1.41,1.25,0.47,0.37,1.41,0.37,0.55,0.9
1134.45,26,1.3,1.83,1.79,1.54,0.2,1.25,1.65,1.41,1.24,0.47,0.37,1.41,0.37,0.54,0.9
1135.45,26,1.29,1.83,1.79,1.55,0.21,1.25,1.64,1.4,1.24,0.47,0.37,1.41,0.37,0.55,0.9
1136.47,26,1.3,1.83,1.79,1.54,0.21,1.26,1.64,1.41,1.24,0.46,0.38,1.41,0.37,0.55,0.89
1137.47,26,1.3,1.83,1.79,1.56,0.21,1.25,1.64,1.4,1.25,0.47,0.37,1.42,0.37,0.56,0.89
1138.47,26,1.3,1.84,1.79,1.55,0.21,1.25,1.64,1.41,1.24,0.47,0.37,1.4,0.37,0.54,0.89
1139.47,26,1.31,1.84,1.79,1.56,0.22,1.27,1.65,1.41,1.25,0.47,0.37,1.42,0.37,0.55,0.9
1140.47,26,1.3,1.83,1.79,1.55,0.21,1.25,1.65,1.41,1.24,0.47,0.37,1.41,0.37,0.54,0.89
1141.47,26,1.3,1.83,1.79,1.55,0.21,1.25,1.64,1.41,1.24,0.47,0.37,1.41,0.37,0.54,0.89
1142.47,26,1.31,1.85,1.8,1.56,0.22,1.25,1.65,1.42,1.25,0.48,0.38,1.42,0.37,0.57,0.9
1143.48,26,1.3,1.84,1.79,1.55,0.22,1.26,1.64,1.42,1.25,0.48,0.38,1.42,0.37,0.55,0.89
1144.48,26,1.31,1.84,1.79,1.55,0.2,1.26,1.64,1.41,1.25,0.47,0.38,1.41,0.37,0.55,0.9
1145.48,26,1.3,1.84,1.79,1.55,0.21,1.25,1.63,1.41,1.23,0.46,0.38,1.41,0.37,0.54,0.9
1146.48,26,1.3,1.84,1.8,1.55,0.22,1.27,1.65,1.4,1.25,0.48,0.38,1.42,0.37,0.55,0.9
1147.48,26,1.3,1.83,1.79,1.55,0.22,1.25,1.65,1.42,1.25,0.47,0.37,1.42,0.37,0.56,0.9
1148.48,26,1.3,1.84,1.78,1.55,0.22,1.25,1.65,1.41,1.24,0.47,0.38,1.42,0.37,0.55,0.9
1149.5,26,1.29,1.84,1.79,1.54,0.2,1.25,1.64,1.41,1.23,0.47,0.37,1.4,0.37,0.55,0.9
1150.5,26,1.3,1.84,1.79,1.56,0.21,1.26,1.64,1.4,1.25,0.47,0.38,1.42,0.37,0.55,0.9
1151.5,26,1.3,1.84,1.79,1.55,0.21,1.26,1.65,1.42,1.25,0.47,0.39,1.42,0.37,0.55,0.9
1152.52,26,1.31,1.83,1.79,1.56,0.21,1.26,1.65,1.41,1.25,0.48,0.38,1.42,0.37,0.56,0.9
1153.52,26,1.29,1.83,1.79,1.55,0.21,1.25,1.65,1.41,1.24,0.47,0.38,1.41,0.37,0.56,0.9
1154.52,26,1.3,1.84,1.79,1.55,0.21,1.25,1.63,1.41,1.25,0.46,0.38,1.41,0.37,0.54,0.9
1155.52,26,1.3,1.84,1.79,1.56,0.21,1.25,1.65,1.42,1.25,0.47,0.38,1.42,0.37,0.56,0.9
1156.52,26,1.3,1.83,1.78,1.54,0.2,1.25,1.64,1.4,1.24,0.47,0.37,1.41,0.37,0.54,0.89
1157.52,26,1.3,1.84,1.79,1.56,0.21,1.25,1.64,1.4,1.24,0.47,0.37,1.41,0.37,0.55,0.89
1158.52,26,1.31,1.84,1.79,1.55,0.21,1.26,1.64,1.41,1.24,0.48,0.38,1.4,0.37,0.56,0.89
1159.53,26,1.3,1.83,1.79,1.55,0.21,1.25,1.64,1.41,1.24,0.47,0.37,1.42,0.37,0.55,0.9
1160.53,26,1.3,1.84,1.79,1.54,0.21,1.25,1.64,1.4,1.23,0.46,0.38,1.41,0.37,0.56,0.89
1161.53,26,1.3,1.83,1.79,1.55,0.2,1.26,1.64,1.42,1.24,0.46,0.37,1.41,0.37,0.55,0.89
1162.53,26,1.29,1.84,1.79,1.55,0.22,1.25,1.64,1.41,1.23,0.47,0.38,1.42,0.37,0.55,0.9
1163.53,26,1.3,1.84,1.79,1.56,0.22,1.25,1.65,1.41,1.25,0.48,0.38,1.41,0.36,0.56,0.89
1164.53,26,1.31,1.84,1.79,1.56,0.22,1.26,1.66,1.41,1.25,0.47,0.38,1.42,0.37,0.56,0.9
1165.53,26,1.3,1.84,1.79,1.55,0.21,1.26,1.65,1.4,1.24,0.47,0.37,1.41,0.37,0.56,0.9
1166.53,26,1.3,1.83,1.79,1.55,0.22,1.25,1.64,1.41,1.24,0.46,0.37,1.41,0.37,0.55,0.9
1167.55,26,1.3,1.84,1.78,1.55,0.21,1.26,1.65,1.41,1.24,0.47,0.38,1.41,0.37,0.55,0.89
1168.55,26,1.3,1.84,1.79,1.55,0.21,1.25,1.65,1.4,1.24,0.46,0.38,1.41,0.37,0.54,0.89
1169.55,26,1.3,1.84,1.79,1.55,0.21,1.26,1.65,1.41,1.24,0.47,0.38,1.41,0.37,0.55,0.9
1170.55,26,1.3,1.83,1.79,1.55,0.21,1.25,1.64,1.41,1.24,0.47,0.37,1.42,0.36,0.54,0.9
1171.55,26,1.29,1.82,1.78,1.54,0.2,1.25,1.64,1.39,1.24,0.46,0.37,1.4,0.37,0.55,0.89
1172.57,26,1.31,1.84,1.8,1.55,0.22,1.26,1.65,1.41,1.24,0.47,0.39,1.42,0.37,0.55,0.9
1173.57,26,1.3,1.83,1.79,1.55,0.21,1.25,1.65,1.4,1.24,0.46,0.38,1.41,0.37,0.56,0.89
1174.57,26,1.31,1.84,1.79,1.55,0.22,1.25,1.65,1.41,1.25,0.48,0.38,1.42,0.37,0.56,0.9
1175.57,26,1.3,1.85,1.79,1.55,0.2,1.25,1.65,1.41,1.24,0.47,0.38,1.41,0.37,0.55,0.9
1176.57,26,1.31,1.84,1.79,1.55,0.21,1.26,1.65,1.41,1.25,0.47,0.38,1.42,0.37,0.56,0.9
1177.57,26,1.31,1.84,1.79,1.56,0.22,1.26,1.65,1.42,1.24,0.48,0.37,1.43,0.37,0.55,0.9
1178.58,26,1.3,1.84,1.79,1.55,0.21,1.25,1.64,1.41,1.24,0.47,0.38,1.42,0.37,0.56,0.9
1179.58,26,1.3,1.84,1.8,1.56,0.22,1.26,1.65,1.41,1.25,0.47,0.38,1.42,0.37,0.56,0.9
1180.58,26,1.29,1.82,1.79,1.55,0.21,1.25,1.64,1.4,1.24,0.46,0.37,1.41,0.37,0.55,0.89
1181.58,26,1.3,1.84,1.79,1.54,0.21,1.26,1.65,1.41,1.25,0.47,0.39,1.42,0.37,0.54,0.9
1182.58,26,1.29,1.85,1.79,1.55,0.21,1.25,1.65,1.4,1.24,0.47,0.38,1.41,0.37,0.55,0.9
1183.58,26,1.3,1.83,1.79,1.55,0.21,1.25,1.64,1.41,1.25,0.47,0.38,1.41,0.37,0.55,0.89
1184.6,26,1.31,1.85,1.79,1.55,0.22,1.26,1.65,1.41,1.24,0.48,0.39,1.42,0.38,0.55,0.9
1185.6,26,1.3,1.84,1.79,1.56,0.22,1.26,1.65,1.41,1.25,0.48,0.38,1.43,0.37,0.57,0.9
1186.6,26,1.31,1.84,1.79,1.54,0.22,1.26,1.65,1.42,1.25,0.48,0.38,1.41,0.37,0.55,0.9
1187.6,26,1.3,1.85,1.78,1.56,0.21,1.25,1.64,1.4,1.24,0.47,0.38,1.41,0.36,0.55,0.9
1188.6,26,1.29,1.83,1.79,1.55,0.21,1.25,1.65,1.41,1.24,0.47,0.37,1.41,0.37,0.55,0.89
1189.62,26,1.3,1.84,1.79,1.55,0.21,1.26,1.65,1.41,1.25,0.48,0.37,1.42,0.37,0.56,0.9
1190.62,26,1.3,1.84,1.79,1.54,0.21,1.25,1.64,1.4,1.24,0.48,0.38,1.41,0.37,0.55,0.9
1191.62,26,1.3,1.82,1.79,1.55,0.2,1.25,1.63,1.4,1.23,0.46,0.37,1.41,0.36,0.55,0.9
1192.62,26,1.31,1.84,1.79,1.56,0.22,1.26,1.65,1.42,1.25,0.48,0.38,1.43,0.37,0.56,0.9
1193.62,26,1.3,1.83,1.79,1.55,0.21,1.25,1.65,1.41,1.25,0.47,0.37,1.4,0.37,0.55,0.9
1194.62,26,1.29,1.83,1.79,1.54,0.2,1.25,1.63,1.4,1.24,0.47,0.37,1.41,0.37,0.55,0.9
1195.62,26,1.3,1.84,1.79,1.55,0.21,1.25,1.65,1.41,1.25,0.47,0.37,1.41,0.36,0.55,0.9
1196.62,26,1.3,1.83,1.79,1.55,0.22,1.26,1.64,1.41,1.24,0.47,0.38,1.42,0.37,0.55,0.9
1197.63,26,1.31,1.84,1.79,1.55,0.21,1.26,1.64,1.41,1.25,0.47,0.37,1.42,0.37,0.55,0.9
1198.63,26,1.3,1.84,1.79,1.56,0.21,1.25,1.64,1.41,1.24,0.47,0.37,1.42,0.37,0.55,0.89
1199.65,26,1.3,1.84,1.79,1.55,0.21,1.25,1.65,1.41,1.24,0.47,0.37,1.41,0.36,0.55,0.89
1200.65,26,1.31,1.84,1.79,1.56,0.22,1.26,1.65,1.41,1.25,0.48,0.39,1.42,0.37,0.55,0.9
1201.65,26,1.3,1.84,1.79,1.54,0.21,1.25,1.65,1.41,1.24,0.47,0.37,1.42,0.37,0.55,0.89
1202.67,26,1.3,1.84,1.79,1.55,0.21,1.25,1.65,1.41,1.24,0.47,0.38,1.41,0.37,0.55,0.89
1203.67,26,1.31,1.85,1.79,1.56,0.22,1.26,1.65,1.41,1.25,0.48,0.38,1.42,0.37,0.55,0.9
1204.67,26,1.29,1.83,1.78,1.54,0.21,1.25,1.64,1.42,1.24,0.47,0.39,1.42,0.37,0.55,0.9
1205.67,26,1.3,1.85,1.79,1.56,0.22,1.26,1.64,1.41,1.25,0.48,0.38,1.42,0.37,0.55,0.9
1206.67,26,1.3,1.84,1.79,1.55,0.21,1.25,1.63,1.4,1.23,0.48,0.38,1.41,0.37,0.56,0.9
1207.67,26,1.3,1.84,1.79,1.54,0.21,1.25,1.64,1.4,1.24,0.47,0.37,1.41,0.37,0.55,0.89
1208.68,26,1.29,1.83,1.79,1.55,0.2,1.25,1.65,1.4,1.24,0.46,0.38,1.42,0.37,0.54,0.9
1209.68,26,1.3,1.83,1.79,1.54,0.21,1.25,1.63,1.4,1.23,0.45,0.37,1.42,0.37,0.54,0.89
1210.68,26,1.3,1.84,1.79,1.54,0.22,1.25,1.65,1.42,1.25,0.48,0.38,1.42,0.37,0.56,0.9
1211.68,26,1.3,1.84,1.79,1.54,0.21,1.25,1.65,1.41,1.23,0.46,0.37,1.41,0.37,0.54,0.9
1212.7,26,1.31,1.84,1.79,1.55,0.22,1.26,1.65,1.41,1.24,0.47,0.38,1.42,0.37,0.55,0.89
1213.7,26,1.3,1.83,1.79,1.53,0.19,1.25,1.63,1.4,1.23,0.47,0.37,1.39,0.36,0.55,0.9
1214.7,26,1.29,1.83,1.79,1.55,0.2,1.25,1.64,1.4,1.24,0.47,0.37,1.41,0.36,0.55,0.89
1215.7,26,1.3,1.83,1.79,1.55,0.22,1.25,1.64,1.41,1.24,0.47,0.38,1.42,0.37,0.56,0.9
1216.7,26,1.3,1.83,1.79,1.55,0.21,1.25,1.64,1.4,1.23,0.47,0.38,1.4,0.37,0.55,0.9
1217.72,26,1.3,1.83,1.79,1.55,0.21,1.25,1.64,1.41,1.23,0.47,0.37,1.4,0.37,0.55,0.89
1218.72,26,1.3,1.84,1.79,1.56,0.21,1.26,1.65,1.41,1.24,0.47,0.38,1.4,0.37,0.55,0.9
1219.72,26,1.3,1.85,1.79,1.55,0.22,1.25,1.65,1.41,1.24,0.48,0.38,1.41,0.38,0.56,0.9
1220.72,26,1.31,1.85,1.8,1.56,0.21,1.26,1.64,1.42,1.25,0.48,0.38,1.42,0.38,0.55,0.9
1221.72,26,1.29,1.84,1.79,1.55,0.2,1.26,1.65,1.41,1.25,0.46,0.38,1.41,0.37,0.55,0.9
1222.72,26,1.31,1.84,1.79,1.56,0.23,1.27,1.65,1.42,1.25,0.47,0.38,1.42,0.38,0.56,0.9
1223.73,26,1.3,1.84,1.79,1.55,0.22,1.26,1.65,1.41,1.25,0.47,0.38,1.41,0.36,0.55,0.9
1224.73,26,1.3,1.83,1.79,1.55,0.21,1.25,1.64,1.4,1.24,0.47,0.37,1.41,0.37,0.55,0.9
1225.73,26,1.3,1.84,1.79,1.55,0.21,1.25,1.64,1.4,1.24,0.47,0.38,1.41,0.37,0.55,0.9
1226.73,26,1.3,1.85,1.79,1.56,0.21,1.26,1.64,1.41,1.25,0.48,0.38,1.42,0.37,0.56,0.9
1227.73,26,1.3,1.83,1.79,1.54,0.21,1.25,1.64,1.41,1.24,0.46,0.38,1.41,0.37,0.56,0.9
1228.73,26,1.31,1.84,1.79,1.55,0.22,1.26,1.64,1.41,1.24,0.48,0.38,1.42,0.37,0.56,0.9
1229.75,26,1.3,1.83,1.79,1.56,0.21,1.26,1.64,1.4,1.24,0.47,0.38,1.41,0.37,0.55,0.9
1230.75,26,1.31,1.85,1.79,1.56,0.21,1.26,1.63,1.41,1.25,0.47,0.39,1.41,0.38,0.55,0.9
1231.75,26,1.29,1.82,1.79,1.54,0.21,1.25,1.64,1.41,1.24,0.46,0.37,1.41,0.37,0.55,0.89
1232.77,26,1.3,1.84,1.79,1.56,0.21,1.26,1.65,1.41,1.25,0.48,0.39,1.42,0.37,0.55,0.9
1233.77,26,1.3,1.83,1.79,1.54,0.21,1.25,1.64,1.4,1.24,0.46,0.37,1.41,0.36,0.55,0.9
1234.77,26,1.3,1.84,1.79,1.56,0.21,1.25,1.65,1.41,1.25,0.46,0.38,1.42,0.37,0.56,0.9
1235.77,26,1.29,1.83,1.79,1.55,0.21,1.25,1.65,1.41,1.25,0.47,0.38,1.42,0.37,0.55,0.9
1236.77,26,1.3,1.84,1.79,1.55,0.21,1.26,1.64,1.41,1.24,0.48,0.37,1.4,0.37,0.55,0.9
1237.77,26,1.31,1.85,1.79,1.55,0.22,1.26,1.65,1.42,1.25,0.48,0.39,1.43,0.38,0.55,0.9
1238.78,26,1.3,1.85,1.79,1.55,0.22,1.25,1.64,1.42,1.25,0.47,0.38,1.42,0.37,0.55,0.9
1239.78,26,1.3,1.84,1.79,1.55,0.21,1.25,1.65,1.42,1.25,0.48,0.39,1.42,0.38,0.55,0.89
1240.78,26,1.31,1.84,1.79,1.55,0.22,1.26,1.65,1.42,1.24,0.47,0.37,1.42,0.37,0.55,0.89
1241.78,26,1.29,1.84,1.79,1.53,0.21,1.25,1.63,1.39,1.24,0.46,0.37,1.41,0.36,0.54,0.89
1242.78,26,1.31,1.83,1.79,1.56,0.21,1.26,1.65,1.42,1.25,0.48,0.38,1.41,0.37,0.56,0.9
1243.78,26,1.29,1.83,1.79,1.55,0.21,1.26,1.64,1.41,1.25,0.47,0.38,1.42,0.37,0.55,0.9
1244.8,26,1.3,1.85,1.79,1.55,0.22,1.26,1.63,1.41,1.24,0.48,0.39,1.41,0.37,0.57,0.9
1245.8,26,1.3,1.84,1.79,1.55,0.21,1.26,1.64,1.41,1.24,0.47,0.38,1.42,0.37,0.55,0.9
1246.8,26,1.3,1.83,1.79,1.55,0.21,1.25,1.65,1.41,1.25,0.48,0.38,1.42,0.37,0.56,0.9
1247.82,26,1.3,1.84,1.79,1.55,0.21,1.26,1.65,1.41,1.25,0.47,0.38,1.41,0.37,0.56,0.89
1248.82,26,1.31,1.85,1.79,1.56,0.21,1.26,1.64,1.41,1.23,0.48,0.39,1.41,0.37,0.56,0.9
1249.82,26,1.3,1.84,1.79,1.56,0.21,1.25,1.65,1.42,1.25,0.47,0.38,1.42,0.37,0.55,0.9
1250.83,26,1.3,1.83,1.79,1.56,0.22,1.25,1.65,1.42,1.25,0.47,0.38,1.42,0.38,0.55,0.9
1251.83,26,1.3,1.83,1.79,1.55,0.21,1.25,1.64,1.4,1.24,0.47,0.38,1.41,0.37,0.55,0.9
1252.83,26,1.29,1.83,1.79,1.55,0.21,1.25,1.65,1.41,1.24,0.47,0.38,1.42,0.37,0.55,0.89
1253.83,26,1.31,1.83,1.79,1.55,0.21,1.25,1.64,1.41,1.25,0.47,0.38,1.42,0.37,0.55,0.9
1254.83,26,1.31,1.85,1.79,1.56,0.21,1.26,1.65,1.41,1.25,0.47,0.38,1.41,0.37,0.56,0.9
1255.85,26,1.3,1.84,1.79,1.54,0.2,1.25,1.63,1.41,1.24,0.46,0.37,1.41,0.36,0.55,0.89
1256.85,26,1.3,1.84,1.79,1.56,0.21,1.26,1.64,1.42,1.25,0.47,0.38,1.42,0.37,0.56,0.9
1257.85,26,1.3,1.84,1.79,1.55,0.21,1.26,1.66,1.41,1.24,0.47,0.38,1.41,0.37,0.55,0.9
1258.85,26,1.31,1.83,1.79,1.54,0.21,1.25,1.65,1.41,1.24,0.47,0.38,1.41,0.37,0.54,0.89
1259.87,26,1.31,1.83,1.79,1.55,0.2,1.25,1.64,1.41,1.24,0.46,0.38,1.42,0.37,0.55,0.9
1260.87,26,1.31,1.85,1.79,1.56,0.22,1.26,1.65,1.42,1.25,0.47,0.39,1.43,0.37,0.56,0.9
1261.87,26,1.32,1.84,1.79,1.56,0.21,1.26,1.65,1.42,1.24,0.47,0.37,1.42,0.37,0.56,0.9
1262.87,26,1.3,1.83,1.79,1.55,0.22,1.25,1.66,1.41,1.23,0.48,0.37,1.4,0.37,0.55,0.89
1263.87,26,1.3,1.83,1.79,1.55,0.2,1.25,1.65,1.41,1.24,0.46,0.38,1.42,0.37,0.55,0.89
1264.87,26,1.3,1.84,1.79,1.55,0.21,1.25,1.65,1.41,1.25,0.47,0.38,1.42,0.37,0.55,0.9
1265.87,26,1.31,1.85,1.79,1.56,0.22,1.25,1.65,1.41,1.24,0.47,0.39,1.41,0.38,0.57,0.9
1266.87,26,1.3,1.84,1.79,1.56,0.21,1.26,1.65,1.42,1.25,0.47,0.38,1.42,0.37,0.56,0.9
1267.87,26,1.31,1.84,1.79,1.54,0.21,1.25,1.63,1.41,1.25,0.47,0.38,1.42,0.37,0.55,0.9
1268.87,26,1.3,1.84,1.79,1.55,0.22,1.26,1.65,1.41,1.24,0.47,0.37,1.42,0.37,0.55,0.9
1269.87,26,1.3,1.84,1.79,1.55,0.22,1.25,1.64,1.42,1.25,0.47,0.38,1.42,0.37,0.55,0.9
1270.87,26,1.31,1.84,1.8,1.55,0.22,1.27,1.65,1.41,1.25,0.49,0.38,1.43,0.38,0.56,0.91
1271.87,26,1.31,1.85,1.79,1.55,0.21,1.27,1.65,1.41,1.25,0.49,0.39,1.41,0.37,0.57,0.9
1272.87,26,1.31,1.84,1.79,1.55,0.2,1.27,1.64,1.41,1.24,0.49,0.39,1.43,0.37,0.56,0.9
1273.87,26,1.3,1.85,1.79,1.56,0.2,1.25,1.65,1.41,1.25,0.48,0.38,1.42,0.37,0.55,0.9
1274.87,26,1.31,1.84,1.79,1.56,0.22,1.26,1.64,1.41,1.25,0.48,0.38,1.43,0.37,0.56,0.9
1275.88,26,1.3,1.83,1.78,1.56,0.21,1.25,1.64,1.41,1.23,0.47,0.37,1.42,0.36,0.55,0.9
1276.88,26,1.32,1.85,1.8,1.56,0.22,1.26,1.65,1.42,1.25,0.48,0.39,1.42,0.37,0.56,0.9
1277.88,26,1.31,1.84,1.79,1.55,0.21,1.26,1.65,1.42,1.24,0.48,0.38,1.42,0.37,0.55,0.9
1278.88,26,1.31,1.84,1.79,1.56,0.22,1.25,1.65,1.42,1.24,0.48,0.39,1.42,0.37,0.55,0.9
1279.88,26,1.31,1.85,1.79,1.56,0.22,1.26,1.65,1.42,1.24,0.48,0.38,1.42,0.37,0.55,0.9
1280.88,26,1.31,1.85,1.79,1.55,0.22,1.27,1.65,1.42,1.24,0.48,0.39,1.43,0.38,0.55,0.9
1281.88,26,1.3,1.84,1.79,1.56,0.22,1.25,1.64,1.4,1.24,0.46,0.37,1.41,0.37,0.55,0.9
1282.9,26,1.31,1.84,1.79,1.56,0.22,1.26,1.65,1.42,1.24,0.47,0.38,1.41,0.37,0.56,0.9
1283.9,26,1.31,1.85,1.79,1.56,0.22,1.26,1.64,1.42,1.25,0.48,0.39,1.42,0.37,0.56,0.9
1284.9,26,1.3,1.84,1.79,1.56,0.21,1.25,1.65,1.4,1.24,0.46,0.38,1.42,0.37,0.55,0.9
1285.9,26,1.3,1.84,1.79,1.56,0.23,1.26,1.65,1.41,1.25,0.47,0.38,1.41,0.38,0.56,0.9
1286.9,26,1.3,1.84,1.79,1.55,0.22,1.26,1.65,1.42,1.25,0.46,0.38,1.42,0.37,0.54,0.9
1287.9,26,1.3,1.84,1.79,1.55,0.22,1.26,1.65,1.41,1.25,0.48,0.38,1.41,0.37,0.55,0.9
1288.92,26,1.3,1.84,1.8,1.55,0.22,1.26,1.64,1.41,1.25,0.47,0.38,1.41,0.37,0.56,0.9
1289.92,26,1.31,1.84,1.79,1.56,0.22,1.27,1.64,1.42,1.25,0.48,0.39,1.42,0.38,0.56,0.9
1290.92,26,1.31,1.84,1.79,1.56,0.23,1.27,1.65,1.43,1.25,0.48,0.39,1.42,0.37,0.56,0.9
1291.93,26,1.33,1.84,1.8,1.56,0.22,1.26,1.66,1.42,1.25,0.48,0.39,1.42,0.38,0.56,0.9
1292.93,26,1.3,1.84,1.79,1.56,0.22,1.25,1.64,1.42,1.25,0.48,0.38,1.42,0.37,0.56,0.9
1293.93,26,1.31,1.86,1.79,1.56,0.23,1.25,1.65,1.42,1.25,0.48,0.38,1.42,0.37,0.57,0.91
1294.93,26,1.31,1.84,1.79,1.55,0.21,1.26,1.65,1.41,1.24,0.48,0.38,1.42,0.37,0.55,0.9
1295.93,26,1.3,1.85,1.79,1.56,0.21,1.25,1.64,1.42,1.25,0.48,0.39,1.42,0.37,0.56,0.9
1296.93,26,1.32,1.85,1.79,1.56,0.22,1.26,1.64,1.42,1.25,0.48,0.38,1.42,0.37,0.56,0.9
1297.95,26,1.31,1.84,1.8,1.56,0.22,1.26,1.65,1.42,1.25,0.48,0.38,1.43,0.39,0.56,0.9
1298.95,26,1.3,1.83,1.79,1.55,0.21,1.26,1.64,1.4,1.24,0.47,0.38,1.42,0.37,0.56,0.89
1299.95,26,1.3,1.84,1.79,1.56,0.21,1.27,1.64,1.41,1.25,0.48,0.37,1.41,0.37,0.55,0.9
1300.95,26,1.31,1.84,1.8,1.56,0.22,1.27,1.65,1.42,1.25,0.48,0.39,1.42,0.37,0.56,0.9
1301.97,26,1.3,1.85,1.79,1.56,0.22,1.25,1.66,1.42,1.25,0.47,0.39,1.42,0.38,0.57,0.91
1302.97,26,1.3,1.84,1.79,1.55,0.22,1.26,1.64,1.41,1.25,0.48,0.38,1.41,0.37,0.55,0.9
1303.97,26,1.32,1.86,1.79,1.56,0.22,1.26,1.65,1.41,1.25,0.48,0.39,1.42,0.37,0.56,0.9
1304.97,26,1.31,1.84,1.79,1.55,0.22,1.25,1.64,1.41,1.24,0.48,0.39,1.41,0.37,0.55,0.9
1305.97,26,1.31,1.84,1.79,1.56,0.22,1.26,1.65,1.41,1.25,0.47,0.37,1.42,0.38,0.57,0.9
1306.98,26,1.31,1.85,1.79,1.56,0.22,1.26,1.65,1.42,1.25,0.48,0.39,1.42,0.38,0.56,0.9
1307.98,26,1.31,1.84,1.79,1.54,0.22,1.26,1.64,1.41,1.25,0.48,0.37,1.41,0.37,0.55,0.9
1308.98,26,1.3,1.84,1.79,1.55,0.21,1.26,1.64,1.41,1.25,0.47,0.39,1.43,0.38,0.55,0.9
1309.98,26,1.31,1.84,1.79,1.56,0.21,1.26,1.64,1.41,1.25,0.48,0.38,1.42,0.37,0.56,0.9
1310.98,26,1.31,1.84,1.79,1.55,0.21,1.25,1.65,1.41,1.25,0.48,0.38,1.42,0.37,0.55,0.9
1311.98,26,1.32,1.85,1.8,1.56,0.22,1.27,1.66,1.43,1.25,0.48,0.4,1.42,0.37,0.57,0.9
1313,26,1.31,1.85,1.79,1.55,0.22,1.26,1.65,1.42,1.25,0.48,0.39,1.42,0.38,0.55,0.9
1314,26,1.31,1.86,1.79,1.56,0.22,1.27,1.65,1.42,1.25,0.48,0.38,1.43,0.38,0.56,0.9
1315.02,26,1.32,1.85,1.79,1.56,0.23,1.27,1.64,1.41,1.25,0.47,0.39,1.44,0.37,0.57,0.9
1316.02,26,1.31,1.85,1.79,1.56,0.22,1.26,1.65,1.42,1.25,0.48,0.39,1.42,0.37,0.56,0.9
1317.02,26,1.31,1.85,1.81,1.56,0.23,1.26,1.65,1.41,1.25,0.48,0.4,1.43,0.37,0.57,0.9
1318.02,26,1.31,1.84,1.79,1.55,0.21,1.26,1.64,1.41,1.25,0.48,0.38,1.41,0.37,0.55,0.9
1319.03,26,1.32,1.85,1.79,1.56,0.22,1.27,1.66,1.43,1.25,0.49,0.4,1.43,0.38,0.56,0.9
1320.03,26,1.31,1.85,1.79,1.56,0.22,1.26,1.65,1.42,1.25,0.48,0.38,1.43,0.38,0.57,0.9
1321.03,26,1.31,1.85,1.79,1.56,0.22,1.27,1.66,1.42,1.25,0.48,0.39,1.42,0.37,0.57,0.9
1322.03,26,1.31,1.84,1.79,1.55,0.21,1.25,1.65,1.42,1.25,0.47,0.38,1.42,0.37,0.55,0.9
1323.03,26,1.32,1.84,1.8,1.56,0.23,1.26,1.65,1.42,1.25,0.48,0.39,1.42,0.38,0.56,0.9
1324.03,26,1.31,1.85,1.79,1.56,0.22,1.27,1.65,1.42,1.25,0.48,0.39,1.42,0.38,0.56,0.9
1325.03,26,1.3,1.84,1.79,1.55,0.21,1.25,1.64,1.41,1.25,0.48,0.38,1.42,0.37,0.56,0.9
1326.05,26,1.31,1.85,1.8,1.56,0.22,1.26,1.65,1.41,1.24,0.48,0.39,1.42,0.37,0.56,0.9
1327.05,26,1.31,1.85,1.79,1.56,0.22,1.26,1.65,1.42,1.25,0.48,0.39,1.42,0.38,0.55,0.9
1328.05,26,1.31,1.84,1.79,1.56,0.22,1.27,1.65,1.42,1.25,0.48,0.39,1.43,0.37,0.56,0.9
1329.05,26,1.31,1.85,1.8,1.56,0.22,1.25,1.65,1.41,1.25,0.48,0.39,1.42,0.38,0.56,0.9
1330.07,26,1.32,1.85,1.79,1.56,0.22,1.27,1.65,1.42,1.25,0.48,0.39,1.43,0.37,0.56,0.9
1331.07,26,1.31,1.84,1.79,1.55,0.22,1.26,1.65,1.42,1.25,0.47,0.39,1.43,0.37,0.56,0.9
1332.08,26,1.31,1.85,1.79,1.56,0.22,1.26,1.65,1.42,1.25,0.48,0.38,1.43,0.37,0.57,0.9
1333.08,26,1.31,1.85,1.8,1.56,0.23,1.27,1.66,1.42,1.25,0.49,0.4,1.43,0.38,0.57,0.9
1334.08,26,1.31,1.83,1.79,1.55,0.22,1.25,1.66,1.42,1.24,0.47,0.38,1.42,0.37,0.55,0.9
1335.08,26,1.31,1.85,1.79,1.56,0.22,1.26,1.65,1.42,1.25,0.48,0.38,1.42,0.37,0.56,0.89
1336.1,26,1.31,1.85,1.8,1.56,0.22,1.25,1.65,1.42,1.25,0.48,0.38,1.42,0.37,0.55,0.9
1337.1,26,1.31,1.85,1.8,1.56,0.22,1.26,1.66,1.42,1.24,0.49,0.39,1.43,0.37,0.56,0.9
1338.1,26,1.32,1.85,1.79,1.56,0.22,1.26,1.65,1.43,1.25,0.49,0.39,1.43,0.38,0.56,0.9
1339.1,26,1.31,1.84,1.79,1.56,0.22,1.25,1.66,1.41,1.25,0.48,0.38,1.42,0.38,0.55,0.9
1340.1,26,1.3,1.84,1.79,1.55,0.22,1.27,1.65,1.42,1.25,0.49,0.38,1.43,0.38,0.55,0.9
1341.12,26,1.29,1.83,1.79,1.55,0.22,1.26,1.64,1.41,1.25,0.48,0.39,1.42,0.37,0.56,0.9
1342.12,26,1.29,1.83,1.79,1.54,0.21,1.25,1.65,1.42,1.23,0.48,0.39,1.42,0.37,0.55,0.89
1343.12,26,1.28,1.82,1.78,1.54,0.2,1.25,1.63,1.41,1.23,0.46,0.37,1.39,0.36,0.54,0.89
1344.12,26,1.29,1.82,1.79,1.55,0.22,1.25,1.64,1.41,1.24,0.48,0.38,1.4,0.37,0.55,0.89
1345.12,26,1.29,1.82,1.77,1.53,0.21,1.24,1.63,1.4,1.22,0.46,0.37,1.4,0.35,0.54,0.88
1346.12,26,1.29,1.81,1.77,1.53,0.21,1.25,1.65,1.41,1.23,0.46,0.37,1.4,0.37,0.54,0.88
1347.13,26,1.29,1.82,1.77,1.54,0.2,1.25,1.64,1.41,1.22,0.47,0.38,1.4,0.36,0.54,0.88
1348.13,26,1.29,1.82,1.78,1.54,0.21,1.24,1.64,1.4,1.23,0.46,0.37,1.39,0.36,0.54,0.88
1349.13,26,1.28,1.83,1.77,1.54,0.21,1.24,1.63,1.4,1.23,0.46,0.37,1.4,0.36,0.54,0.89
1350.13,26,1.28,1.81,1.77,1.53,0.19,1.25,1.63,1.39,1.22,0.46,0.37,1.39,0.35,0.53,0.87
1351.13,26,1.28,1.81,1.77,1.53,0.2,1.25,1.63,1.39,1.23,0.46,0.37,1.4,0.35,0.55,0.88
1352.13,26,1.28,1.82,1.77,1.54,0.2,1.23,1.63,1.39,1.22,0.46,0.37,1.39,0.36,0.53,0.87
1353.13,26,1.28,1.83,1.77,1.53,0.2,1.25,1.64,1.4,1.23,0.45,0.37,1.4,0.36,0.54,0.87
1354.15,26,1.28,1.83,1.77,1.54,0.2,1.25,1.64,1.4,1.23,0.46,0.37,1.4,0.36,0.55,0.88
1355.15,26,1.28,1.83,1.76,1.54,0.2,1.24,1.64,1.4,1.22,0.45,0.37,1.39,0.36,0.54,0.88
1356.15,26,1.27,1.81,1.77,1.53,0.2,1.23,1.62,1.4,1.22,0.45,0.36,1.4,0.34,0.52,0.88
1357.15,26,1.28,1.82,1.78,1.54,0.21,1.25,1.64,1.4,1.23,0.47,0.38,1.4,0.36,0.54,0.88
1358.15,26,1.28,1.82,1.77,1.54,0.2,1.25,1.62,1.39,1.23,0.46,0.37,1.4,0.35,0.53,0.88
1359.17,26,1.28,1.82,1.78,1.54,0.2,1.24,1.63,1.4,1.22,0.46,0.37,1.39,0.36,0.54,0.87
1360.17,26,1.28,1.82,1.77,1.53,0.2,1.24,1.63,1.4,1.22,0.47,0.37,1.4,0.35,0.53,0.88
1361.17,26,1.29,1.82,1.77,1.54,0.2,1.23,1.64,1.4,1.23,0.46,0.37,1.39,0.36,0.55,0.88
1362.17,26,1.28,1.81,1.77,1.54,0.19,1.24,1.63,1.39,1.23,0.46,0.37,1.4,0.36,0.53,0.88
1363.17,26,1.28,1.82,1.75,1.52,0.19,1.24,1.62,1.39,1.21,0.45,0.37,1.39,0.35,0.53,0.87
1364.17,26,1.28,1.82,1.77,1.54,0.2,1.25,1.63,1.4,1.23,0.46,0.37,1.4,0.36,0.53,0.88
1365.18,26,1.27,1.8,1.77,1.53,0.19,1.24,1.63,1.39,1.22,0.45,0.37,1.39,0.35,0.53,0.87
1366.18,26,1.28,1.82,1.78,1.54,0.2,1.23,1.64,1.4,1.23,0.46,0.37,1.39,0.36,0.53,0.88
1367.18,26,1.28,1.82,1.77,1.54,0.2,1.25,1.63,1.41,1.22,0.47,0.37,1.39,0.36,0.53,0.87
1368.18,26,1.28,1.82,1.77,1.53,0.2,1.24,1.61,1.4,1.23,0.46,0.37,1.4,0.35,0.54,0.88
1369.18,26,1.28,1.82,1.77,1.54,0.2,1.25,1.63,1.39,1.23,0.45,0.37,1.4,0.36,0.54,0.88
1370.18,26,1.29,1.82,1.78,1.53,0.2,1.24,1.63,1.4,1.22,0.45,0.37,1.39,0.35,0.52,0.88
1371.18,26,1.29,1.83,1.77,1.54,0.2,1.25,1.63,1.4,1.23,0.46,0.37,1.41,0.36,0.53,0.88
1372.18,26,1.27,1.81,1.77,1.52,0.19,1.23,1.62,1.39,1.22,0.44,0.36,1.4,0.35,0.53,0.87
1373.2,26,1.29,1.83,1.77,1.54,0.2,1.25,1.63,1.4,1.24,0.46,0.37,1.4,0.37,0.55,0.88
1374.2,26,1.28,1.82,1.77,1.53,0.2,1.25,1.63,1.39,1.23,0.46,0.37,1.4,0.35,0.53,0.88
1375.2,26,1.29,1.81,1.78,1.53,0.2,1.24,1.63,1.4,1.23,0.46,0.37,1.4,0.36,0.53,0.89
1376.2,26,1.29,1.83,1.78,1.54,0.21,1.25,1.64,1.4,1.23,0.46,0.37,1.4,0.36,0.54,0.88
1377.2,26,1.28,1.82,1.77,1.54,0.19,1.25,1.63,1.39,1.22,0.44,0.37,1.4,0.35,0.53,0.88
1378.22,26,1.29,1.82,1.78,1.54,0.2,1.25,1.64,1.39,1.23,0.46,0.37,1.4,0.36,0.54,0.88
1379.22,26,1.28,1.82,1.78,1.54,0.2,1.24,1.62,1.4,1.23,0.44,0.37,1.4,0.36,0.54,0.88
1380.22,26,1.29,1.82,1.77,1.54,0.2,1.25,1.63,1.4,1.22,0.46,0.37,1.39,0.35,0.53,0.88
1381.22,26,1.29,1.83,1.78,1.54,0.2,1.24,1.64,1.4,1.23,0.46,0.37,1.4,0.37,0.54,0.89
1382.22,26,1.29,1.82,1.78,1.53,0.2,1.24,1.64,1.4,1.23,0.46,0.37,1.41,0.37,0.54,0.88
1383.23,26,1.28,1.82,1.77,1.53,0.19,1.25,1.63,1.39,1.22,0.45,0.37,1.39,0.36,0.53,0.88
1384.23,26,1.29,1.84,1.78,1.54,0.21,1.25,1.65,1.41,1.23,0.47,0.38,1.41,0.37,0.54,0.9
1385.23,26,1.29,1.81,1.78,1.53,0.2,1.24,1.62,1.39,1.22,0.45,0.37,1.41,0.35,0.54,0.88
1386.23,26,1.29,1.83,1.79,1.54,0.2,1.24,1.64,1.4,1.23,0.46,0.37,1.4,0.35,0.54,0.89
1387.25,26,1.29,1.82,1.78,1.53,0.2,1.25,1.64,1.39,1.23,0.45,0.37,1.4,0.36,0.54,0.89
