Time,T,OTU13_R1,OTU14_R1,OTU15_R1,OTU13_R2,OTU14_R2,OTU15_R2,OTU13_R3,OTU14_R3,OTU15_R3,OTU13_R4,OTU14_R4,OTU15_R4,OTU13_R5,OTU14_R5,OTU15_R5
0.03,36,5.23,4.6,5.18,4.77,4.85,5.29,5.07,4.53,5.04,4.77,4.66,4.87,5.14,4.89,5.38
1.03,36,5.49,4.79,5.43,4.94,5.02,5.43,5.19,4.66,5.2,4.89,4.82,5.02,5.35,4.95,5.53
2.03,36,5.76,4.95,5.68,5.11,5.18,5.6,5.29,4.78,5.36,5.03,4.96,5.18,5.54,5.07,5.71
3.03,36,6.03,5.11,5.95,5.27,5.34,5.75,5.43,4.93,5.56,5.22,5.09,5.35,5.73,5.22,5.9
4.03,36,6.23,5.25,6.19,5.42,5.48,5.92,5.59,5.06,5.75,5.39,5.22,5.52,5.91,5.35,6.1
5.03,36,6.4,5.39,6.41,5.56,5.62,6.09,5.75,5.19,5.93,5.57,5.35,5.7,6.1,5.49,6.28
6.03,36,6.57,5.5,6.61,5.7,5.74,6.24,5.89,5.3,6.09,5.73,5.47,5.85,6.25,5.62,6.44
7.03,36,6.75,5.62,6.8,5.82,5.88,6.39,6.04,5.44,6.23,5.88,5.6,5.99,6.41,5.78,6.59
8.029999999999998,36,6.92,5.75,6.99,5.95,6.01,6.56,6.19,5.57,6.38,6.03,5.71,6.14,6.57,5.92,6.76
9.03,36,7.08,5.86,7.18,6.09,6.15,6.72,6.31,5.69,6.52,6.19,5.84,6.29,6.73,6.08,6.91
10.03,36,7.21,5.95,7.34,6.21,6.27,6.86,6.42,5.81,6.66,6.3,5.95,6.4,6.86,6.2,7.05
11.03,36,7.33,6.04,7.5,6.33,6.39,6.99,6.53,5.93,6.79,6.44,6.06,6.54,6.99,6.34,7.17
12.03,36,7.47,6.12,7.64,6.43,6.49,7.12,6.62,6.03,6.9,6.55,6.16,6.67,7.11,6.46,7.3
13.03,36,7.59,6.2,7.8,6.56,6.61,7.26,6.74,6.15,7,6.68,6.27,6.77,7.24,6.58,7.42
14.03,36,7.71,6.27,7.92,6.66,6.72,7.39,6.82,6.26,7.12,6.79,6.38,6.88,7.35,6.7,7.54
15.03,36,7.82,6.35,8.05,6.76,6.82,7.5,6.91,6.38,7.23,6.9,6.48,6.98,7.44,6.81,7.64
16.03,36,7.91,6.4,8.16,6.86,6.94,7.61,6.98,6.48,7.32,7,6.58,7.09,7.55,6.92,7.76
17.03,36,8,6.47,8.279999999999998,6.95,7.03,7.73,7.06,6.59,7.46,7.1,6.68,7.19,7.66,7.02,7.85
18.03,36,8.09,6.52,8.38,7.05,7.13,7.84,7.14,6.7,7.55,7.2,6.79,7.29,7.76,7.12,7.95
19.03,36,8.16,6.58,8.48,7.14,7.23,7.92,7.22,6.8,7.65,7.28,6.88,7.39,7.84,7.22,8.04
20.03,36,8.24,6.62,8.58,7.22,7.31,8.029999999999998,7.31,6.9,7.75,7.39,6.96,7.48,7.91,7.32,8.13
21.03,36,8.3,6.67,8.67,7.31,7.39,8.1,7.39,6.98,7.83,7.48,7.06,7.56,8,7.4,8.21
22.05,36,8.37,6.71,8.74,7.4,7.49,8.199999999999998,7.47,7.08,7.91,7.55,7.15,7.64,8.07,7.5,8.29
23.05,36,8.449999999999998,6.75,8.84,7.48,7.56,8.29,7.55,7.17,8,7.63,7.23,7.74,8.15,7.57,8.36
24.05,36,8.51,6.78,8.9,7.56,7.64,8.36,7.62,7.27,8.06,7.71,7.31,7.81,8.21,7.66,8.43
25.05,36,8.56,6.82,8.98,7.62,7.71,8.44,7.7,7.33,8.13,7.79,7.38,7.87,8.27,7.72,8.49
26.05,36,8.65,6.85,9.05,7.7,7.79,8.52,7.78,7.42,8.22,7.86,7.49,7.96,8.33,7.81,8.56
27.07,36,8.69,6.89,9.11,7.78,7.85,8.58,7.84,7.5,8.29,7.92,7.54,8.029999999999998,8.39,7.87,8.65
28.07,36,8.75,6.92,9.14,7.84,7.92,8.66,7.9,7.58,8.36,7.98,7.62,8.1,8.449999999999998,7.93,8.71
29.07,36,8.8,6.95,9.21,7.9,7.99,8.73,7.98,7.66,8.41,8.06,7.7,8.17,8.5,8,8.76
30.07,36,8.84,6.96,9.25,7.95,8.04,8.779999999999998,8.05,7.74,8.46,8.11,7.77,8.24,8.55,8.06,8.81
31.07,36,8.89,6.99,9.29,8.029999999999998,8.11,8.83,8.11,7.8,8.529999999999998,8.17,7.84,8.32,8.62,8.12,8.87
32.08,36,8.92,7.01,9.33,8.06,8.14,8.87,8.15,7.85,8.58,8.199999999999998,7.9,8.37,8.64,8.17,8.91
33.08,36,8.98,7.04,9.38,8.14,8.22,8.94,8.22,7.94,8.65,8.25,7.97,8.449999999999998,8.71,8.25,8.97
34.08,36,9.02,7.07,9.41,8.19,8.26,8.99,8.279999999999998,8,8.699999999999998,8.3,8.029999999999998,8.51,8.74,8.29,9.01
35.08,36,9.06,7.09,9.45,8.25,8.31,9.05,8.34,8.08,8.76,8.35,8.1,8.56,8.8,8.37,9.08
36.1,36,9.09,7.1,9.47,8.29,8.37,9.08,8.37,8.12,8.79,8.38,8.16,8.62,8.83,8.41,9.1
37.1,36,9.13,7.12,9.5,8.34,8.41,9.13,8.44,8.19,8.84,8.44,8.199999999999998,8.68,8.86,8.449999999999998,9.14
38.1,36,9.16,7.15,9.55,8.38,8.46,9.17,8.49,8.24,8.89,8.47,8.279999999999998,8.75,8.9,8.51,9.19
39.1,36,9.2,7.16,9.57,8.44,8.49,9.22,8.54,8.29,8.93,8.51,8.32,8.77,8.93,8.55,9.23
40.12,36,9.23,7.17,9.58,8.47,8.52,9.26,8.57,8.35,8.97,8.55,8.37,8.82,8.96,8.58,9.26
41.12,36,9.24,7.17,9.59,8.5,8.54,9.29,8.62,8.39,8.99,8.58,8.41,8.85,8.99,8.61,9.29
42.12,36,9.27,7.19,9.62,8.54,8.59,9.32,8.65,8.43,9.03,8.63,8.46,8.89,9.02,8.65,9.31
43.12,36,9.29,7.2,9.65,8.59,8.63,9.34,8.69,8.47,9.07,8.66,8.48,8.92,9.05,8.69,9.34
44.12,36,9.32,7.22,9.68,8.62,8.66,9.39,8.72,8.529999999999998,9.09,8.699999999999998,8.54,8.98,9.09,8.71,9.38
45.12,36,9.34,7.24,9.72,8.65,8.67,9.41,8.77,8.57,9.14,8.74,8.58,9.02,9.12,8.75,9.4
46.13,36,9.37,7.26,9.73,8.69,8.699999999999998,9.45,8.8,8.61,9.16,8.76,8.61,9.04,9.13,8.779999999999998,9.43
47.13,36,9.39,7.26,9.76,8.71,8.72,9.46,8.82,8.65,9.17,8.79,8.66,9.07,9.15,8.8,9.45
48.13,36,9.42,7.28,9.78,8.76,8.73,9.49,8.87,8.69,9.21,8.83,8.71,9.11,9.2,8.85,9.48
49.13,36,9.44,7.3,9.81,8.77,8.75,9.53,8.9,8.74,9.25,8.85,8.75,9.13,9.22,8.87,9.5
50.15,36,9.43,7.28,9.83,8.779999999999998,8.74,9.54,8.91,8.75,9.25,8.87,8.76,9.15,9.22,8.88,9.5
51.15,36,9.46,7.29,9.86,8.82,8.76,9.56,8.93,8.8,9.28,8.9,8.8,9.17,9.25,8.9,9.51
52.15,36,9.48,7.3,9.88,8.84,8.76,9.58,8.98,8.82,9.31,8.92,8.81,9.22,9.26,8.94,9.56
53.15,36,9.49,7.31,9.89,8.86,8.77,9.59,9.01,8.85,9.32,8.93,8.85,9.22,9.28,8.96,9.57
54.17,36,9.5,7.32,9.93,8.87,8.76,9.62,9.03,8.88,9.34,8.97,8.87,9.26,9.3,8.98,9.58
55.17,36,9.51,7.31,9.94,8.9,8.779999999999998,9.63,9.05,8.9,9.35,8.99,8.9,9.27,9.3,9,9.59
56.17,36,9.54,7.33,9.97,8.92,8.79,9.65,9.07,8.93,9.39,9.01,8.93,9.29,9.32,9.02,9.61
57.18,36,9.56,7.35,9.98,8.96,8.79,9.68,9.09,8.97,9.41,9.03,8.96,9.32,9.34,9.05,9.64
58.18,36,9.57,7.35,9.99,8.96,8.79,9.68,9.11,8.99,9.41,9.05,8.99,9.35,9.35,9.06,9.64
59.18,36,9.58,7.35,10,8.98,8.8,9.7,9.13,9,9.43,9.07,9,9.37,9.37,9.08,9.65
60.18,36,9.59,7.36,10.02,9.01,8.81,9.71,9.16,9.04,9.46,9.09,9.04,9.38,9.4,9.1,9.69
61.2,36,9.6,7.36,10.02,9.01,8.8,9.72,9.17,9.05,9.45,9.09,9.05,9.39,9.41,9.11,9.68
62.2,36,9.61,7.36,10.04,9.02,8.8,9.73,9.19,9.07,9.47,9.11,9.06,9.4,9.42,9.12,9.69
63.2,36,9.62,7.37,10.06,9.04,8.8,9.74,9.22,9.09,9.49,9.12,9.1,9.43,9.42,9.14,9.71
64.2,36,9.62,7.37,10.05,9.05,8.8,9.75,9.23,9.12,9.49,9.14,9.1,9.43,9.43,9.14,9.71
65.2,36,9.63,7.37,10.06,9.06,8.79,9.76,9.24,9.13,9.51,9.15,9.12,9.45,9.43,9.16,9.73
66.22,36,9.65,7.39,10.08,9.08,8.8,9.79,9.26,9.15,9.54,9.17,9.14,9.47,9.45,9.19,9.74
67.22,36,9.67,7.4,10.09,9.09,8.79,9.79,9.26,9.19,9.56,9.19,9.15,9.49,9.46,9.2,9.75
68.22,36,9.67,7.39,10.09,9.1,8.79,9.82,9.27,9.2,9.57,9.2,9.17,9.49,9.46,9.21,9.76
69.22,36,9.68,7.39,10.1,9.1,8.779999999999998,9.81,9.28,9.21,9.59,9.21,9.2,9.51,9.48,9.23,9.77
70.23,36,9.69,7.39,10.1,9.12,8.76,9.83,9.31,9.23,9.6,9.22,9.21,9.54,9.5,9.24,9.79
71.23,36,9.68,7.39,10.11,9.13,8.76,9.83,9.31,9.23,9.6,9.22,9.22,9.51,9.48,9.23,9.79
72.23,36,9.69,7.4,10.11,9.13,8.76,9.86,9.32,9.26,9.61,9.24,9.23,9.51,9.5,9.26,9.81
73.23,36,9.69,7.39,10.12,9.15,8.74,9.85,9.32,9.25,9.61,9.24,9.23,9.51,9.5,9.26,9.81
74.23,36,9.7,7.41,10.12,9.15,8.76,9.85,9.34,9.28,9.63,9.26,9.26,9.53,9.53,9.27,9.83
75.23,36,9.71,7.41,10.13,9.15,8.75,9.86,9.35,9.29,9.64,9.26,9.28,9.56,9.53,9.28,9.83
76.25,36,9.71,7.41,10.15,9.17,8.75,9.87,9.37,9.31,9.67,9.28,9.28,9.58,9.54,9.29,9.85
77.25,36,9.72,7.42,10.15,9.2,8.75,9.88,9.39,9.32,9.67,9.29,9.3,9.6,9.54,9.29,9.85
78.25,36,9.72,7.41,10.13,9.19,8.74,9.87,9.38,9.32,9.67,9.29,9.31,9.6,9.55,9.3,9.85
79.27,36,9.73,7.41,10.15,9.2,8.74,9.89,9.4,9.33,9.69,9.3,9.32,9.63,9.56,9.32,9.85
80.27,36,9.73,7.42,10.17,9.21,8.73,9.9,9.41,9.35,9.7,9.31,9.33,9.64,9.56,9.32,9.87
81.27,36,9.73,7.43,10.16,9.22,8.73,9.9,9.41,9.38,9.7,9.31,9.35,9.64,9.56,9.33,9.88
82.27,36,9.73,7.42,10.16,9.21,8.71,9.91,9.41,9.37,9.71,9.31,9.37,9.65,9.57,9.34,9.89
83.28,36,9.73,7.43,10.17,9.22,8.699999999999998,9.91,9.42,9.37,9.69,9.31,9.38,9.65,9.56,9.34,9.9
84.28,36,9.74,7.42,10.17,9.22,8.69,9.91,9.41,9.39,9.71,9.32,9.38,9.67,9.57,9.35,9.9
85.3,36,9.74,7.41,10.17,9.22,8.69,9.93,9.43,9.4,9.71,9.33,9.4,9.69,9.57,9.37,9.89
86.3,36,9.74,7.43,10.17,9.23,8.68,9.93,9.43,9.41,9.72,9.33,9.39,9.69,9.58,9.37,9.9
87.3,36,9.76,7.44,10.2,9.24,8.67,9.94,9.45,9.43,9.73,9.34,9.42,9.72,9.58,9.38,9.93
88.3,36,9.75,7.42,10.18,9.23,8.67,9.95,9.44,9.43,9.74,9.35,9.42,9.71,9.58,9.38,9.91
89.32,36,9.76,7.44,10.18,9.25,8.66,9.94,9.45,9.44,9.74,9.35,9.42,9.73,9.59,9.4,9.94
90.32,36,9.75,7.44,10.18,9.24,8.65,9.94,9.46,9.44,9.74,9.35,9.43,9.73,9.59,9.39,9.93
91.32,36,9.75,7.44,10.17,9.24,8.63,9.94,9.45,9.45,9.73,9.34,9.43,9.75,9.58,9.39,9.93
92.32,36,9.76,7.44,10.18,9.26,8.64,9.95,9.46,9.46,9.75,9.37,9.45,9.76,9.59,9.41,9.94
93.32,36,9.76,7.44,10.2,9.26,8.63,9.96,9.46,9.47,9.76,9.37,9.44,9.77,9.59,9.41,9.94
94.33,36,9.75,7.44,10.18,9.26,8.61,9.96,9.46,9.47,9.75,9.35,9.45,9.77,9.58,9.41,9.94
95.33,36,9.76,7.45,10.19,9.26,8.61,9.96,9.46,9.48,9.75,9.35,9.46,9.77,9.58,9.41,9.94
96.33,36,9.76,7.46,10.19,9.26,8.61,9.97,9.48,9.49,9.76,9.38,9.48,9.81,9.6,9.42,9.96
97.33,36,9.76,7.45,10.19,9.27,8.58,9.95,9.47,9.49,9.76,9.38,9.47,9.79,9.59,9.42,9.96
98.35,36,9.76,7.44,10.21,9.27,8.59,9.97,9.48,9.51,9.77,9.38,9.49,9.82,9.61,9.43,9.96
99.35,36,9.76,7.45,10.19,9.26,8.57,9.97,9.47,9.5,9.76,9.38,9.49,9.82,9.6,9.43,9.95
100.35,36,9.76,7.46,10.19,9.26,8.56,9.96,9.48,9.5,9.77,9.38,9.49,9.82,9.61,9.42,9.97
101.35,36,9.78,7.46,10.2,9.28,8.56,9.99,9.49,9.53,9.79,9.39,9.5,9.85,9.61,9.44,9.97
102.37,36,9.76,7.46,10.2,9.27,8.54,9.97,9.49,9.53,9.78,9.39,9.5,9.84,9.61,9.44,9.97
103.37,36,9.76,7.46,10.19,9.26,8.529999999999998,9.97,9.49,9.51,9.78,9.39,9.5,9.84,9.6,9.43,9.96
104.38,36,9.77,7.45,10.2,9.28,8.52,9.98,9.49,9.53,9.79,9.4,9.51,9.86,9.61,9.45,9.97
105.38,36,9.77,7.47,10.19,9.29,8.52,9.99,9.49,9.54,9.78,9.39,9.53,9.86,9.61,9.46,9.97
106.38,36,9.77,7.47,10.19,9.29,8.51,9.99,9.49,9.54,9.79,9.39,9.51,9.86,9.61,9.45,9.98
107.38,36,9.76,7.46,10.19,9.29,8.51,9.98,9.5,9.54,9.78,9.39,9.51,9.87,9.61,9.45,9.96
108.38,36,9.76,7.47,10.18,9.27,8.49,9.99,9.49,9.54,9.78,9.38,9.54,9.87,9.6,9.46,9.96
109.4,36,9.76,7.45,10.19,9.28,8.5,10,9.51,9.56,9.79,9.39,9.53,9.87,9.61,9.47,9.97
110.4,36,9.77,7.45,10.19,9.28,8.48,9.99,9.51,9.55,9.79,9.4,9.53,9.87,9.61,9.47,9.96
111.4,36,9.75,7.45,10.2,9.28,8.47,9.98,9.49,9.54,9.79,9.39,9.54,9.87,9.61,9.48,9.97
112.4,36,9.76,7.46,10.19,9.28,8.48,10,9.51,9.57,9.82,9.4,9.54,9.87,9.61,9.48,9.97
113.4,36,9.76,7.47,10.19,9.28,8.46,10,9.51,9.56,9.81,9.39,9.55,9.88,9.6,9.48,9.97
114.42,36,9.77,7.47,10.19,9.3,8.449999999999998,9.99,9.51,9.57,9.82,9.41,9.56,9.89,9.62,9.49,9.98
115.42,36,9.76,7.48,10.19,9.29,8.43,10.01,9.51,9.58,9.81,9.4,9.56,9.9,9.62,9.49,9.98
116.42,36,9.76,7.48,10.18,9.3,8.44,10,9.51,9.57,9.81,9.4,9.56,9.89,9.61,9.49,9.98
117.42,36,9.76,7.47,10.2,9.3,8.43,10,9.5,9.57,9.81,9.41,9.56,9.9,9.61,9.49,9.98
118.42,36,9.76,7.46,10.19,9.29,8.41,9.99,9.51,9.58,9.81,9.4,9.55,9.89,9.6,9.48,9.97
119.42,36,9.76,7.47,10.18,9.3,8.43,10,9.51,9.58,9.82,9.4,9.57,9.9,9.61,9.49,9.98
120.42,36,9.77,7.47,10.2,9.3,8.43,10.01,9.53,9.59,9.83,9.41,9.58,9.9,9.62,9.5,9.99
121.42,36,9.76,7.48,10.18,9.29,8.43,9.99,9.51,9.58,9.82,9.41,9.58,9.91,9.61,9.49,9.99
122.42,36,9.77,7.48,10.2,9.31,8.42,10.01,9.53,9.61,9.83,9.42,9.58,9.93,9.62,9.51,10
123.42,36,9.77,7.47,10.19,9.3,8.42,10.01,9.51,9.6,9.82,9.41,9.58,9.91,9.62,9.51,9.99
124.42,36,9.75,7.47,10.17,9.29,8.39,10.01,9.5,9.58,9.82,9.4,9.57,9.9,9.6,9.49,9.97
125.43,36,9.76,7.48,10.19,9.3,8.4,10,9.51,9.6,9.84,9.4,9.58,9.91,9.62,9.53,9.99
126.43,36,9.75,7.47,10.18,9.29,8.38,9.99,9.5,9.59,9.82,9.4,9.58,9.9,9.6,9.5,9.98
127.43,36,9.77,7.49,10.19,9.3,8.38,10,9.53,9.62,9.84,9.41,9.59,9.93,9.62,9.53,10
128.43,36,9.76,7.48,10.19,9.31,8.37,10,9.51,9.6,9.83,9.41,9.58,9.93,9.61,9.53,9.98
129.43,36,9.76,7.47,10.18,9.3,8.37,10,9.53,9.6,9.82,9.4,9.59,9.91,9.61,9.51,9.98
130.45,36,9.75,7.49,10.18,9.3,8.37,9.99,9.53,9.61,9.83,9.41,9.59,9.91,9.61,9.53,9.99
131.45,36,9.76,7.49,10.18,9.31,8.36,10.01,9.53,9.61,9.84,9.4,9.59,9.94,9.62,9.51,9.99
132.45,36,9.75,7.48,10.18,9.31,8.34,10,9.53,9.6,9.82,9.4,9.59,9.91,9.61,9.51,9.98
133.45,36,9.75,7.47,10.17,9.31,8.33,10,9.53,9.62,9.83,9.4,9.58,9.95,9.6,9.53,9.98
134.45,36,9.75,7.49,10.18,9.3,8.33,10.01,9.53,9.61,9.83,9.4,9.59,9.93,9.6,9.51,9.99
135.45,36,9.75,7.49,10.17,9.3,8.32,10,9.53,9.61,9.82,9.4,9.59,9.94,9.6,9.53,9.98
136.45,36,9.75,7.49,10.17,9.31,8.32,10.01,9.51,9.61,9.83,9.4,9.6,9.93,9.6,9.53,9.99
137.47,36,9.76,7.49,10.17,9.31,8.32,10,9.54,9.61,9.82,9.39,9.59,9.93,9.61,9.53,9.98
138.47,36,9.76,7.48,10.17,9.31,8.32,10.01,9.54,9.63,9.82,9.41,9.6,9.94,9.6,9.53,9.98
139.47,36,9.76,7.49,10.18,9.31,8.3,10,9.54,9.62,9.83,9.4,9.6,9.94,9.6,9.54,9.99
140.48,36,9.75,7.49,10.17,9.32,8.3,10.01,9.53,9.64,9.83,9.41,9.6,9.96,9.61,9.54,9.99
141.48,36,9.75,7.49,10.16,9.31,8.29,10,9.53,9.63,9.83,9.39,9.59,9.95,9.6,9.54,9.98
142.48,36,9.76,7.49,10.18,9.32,8.279999999999998,10.01,9.53,9.63,9.82,9.4,9.6,9.94,9.6,9.54,9.99
143.5,36,9.75,7.49,10.15,9.31,8.27,10,9.51,9.63,9.81,9.39,9.59,9.94,9.59,9.53,9.97
144.5,36,9.74,7.49,10.16,9.3,8.27,10.01,9.51,9.62,9.81,9.38,9.6,9.95,9.6,9.53,9.97
145.5,36,9.74,7.49,10.15,9.3,8.26,9.99,9.51,9.62,9.79,9.39,9.59,9.94,9.59,9.51,9.98
146.5,36,9.76,7.5,10.16,9.31,8.26,10,9.54,9.64,9.81,9.39,9.61,9.96,9.61,9.55,9.98
147.52,36,9.75,7.5,10.16,9.32,8.26,10.01,9.54,9.64,9.83,9.4,9.61,9.96,9.6,9.54,10
148.52,36,9.73,7.49,10.15,9.31,8.24,9.99,9.51,9.64,9.81,9.38,9.58,9.95,9.59,9.53,9.97
149.52,36,9.73,7.5,10.13,9.31,8.23,10.01,9.51,9.63,9.79,9.38,9.6,9.94,9.59,9.54,9.98
150.53,36,9.73,7.49,10.13,9.31,8.23,9.99,9.51,9.63,9.81,9.39,9.6,9.95,9.58,9.54,9.98
151.53,36,9.73,7.49,10.13,9.29,8.21,10,9.51,9.63,9.79,9.37,9.6,9.94,9.58,9.54,9.96
152.53,36,9.73,7.48,10.11,9.29,8.199999999999998,9.99,9.49,9.63,9.78,9.38,9.59,9.94,9.57,9.51,9.95
153.53,36,9.73,7.5,10.12,9.31,8.21,10,9.51,9.63,9.78,9.38,9.6,9.94,9.59,9.54,9.96
154.55,36,9.72,7.49,10.11,9.3,8.19,9.98,9.5,9.62,9.77,9.37,9.58,9.95,9.58,9.53,9.96
155.55,36,9.72,7.49,10.12,9.3,8.199999999999998,9.99,9.49,9.63,9.78,9.37,9.59,9.93,9.58,9.54,9.96
156.55,36,9.73,7.49,10.12,9.3,8.19,9.99,9.51,9.63,9.78,9.37,9.6,9.95,9.59,9.54,9.96
157.55,36,9.72,7.49,10.12,9.3,8.18,9.99,9.5,9.63,9.77,9.38,9.6,9.94,9.57,9.54,9.96
158.55,36,9.72,7.48,10.12,9.3,8.18,9.99,9.51,9.63,9.78,9.37,9.6,9.94,9.58,9.54,9.96
159.55,36,9.73,7.49,10.12,9.31,8.18,10,9.51,9.64,9.77,9.38,9.61,9.94,9.58,9.54,9.97
160.57,36,9.71,7.48,10.1,9.28,8.17,10,9.49,9.63,9.77,9.37,9.59,9.93,9.57,9.54,9.95
161.57,36,9.71,7.49,10.1,9.28,8.14,9.98,9.48,9.62,9.75,9.35,9.59,9.93,9.57,9.53,9.96
162.57,36,9.7,7.47,10.08,9.28,8.13,9.98,9.48,9.61,9.75,9.33,9.58,9.91,9.55,9.51,9.94
163.57,36,9.71,7.49,10.1,9.29,8.15,10,9.49,9.62,9.76,9.35,9.6,9.93,9.58,9.54,9.95
164.58,36,9.71,7.5,10.09,9.29,8.14,10.01,9.49,9.63,9.75,9.35,9.6,9.91,9.58,9.55,9.94
165.58,36,9.7,7.48,10.09,9.28,8.13,9.99,9.48,9.63,9.73,9.34,9.59,9.91,9.56,9.53,9.95
166.58,36,9.69,7.48,10.08,9.28,8.12,9.99,9.49,9.62,9.73,9.34,9.59,9.9,9.56,9.53,9.94
167.6,36,9.71,7.49,10.09,9.28,8.12,9.99,9.48,9.63,9.74,9.35,9.6,9.94,9.57,9.53,9.94
168.6,36,9.7,7.49,10.08,9.28,8.12,10,9.49,9.63,9.73,9.35,9.59,9.91,9.56,9.53,9.94
169.6,36,9.69,7.48,10.07,9.28,8.11,9.98,9.48,9.63,9.73,9.34,9.59,9.9,9.56,9.53,9.93
170.6,36,9.7,7.48,10.08,9.28,8.11,9.99,9.49,9.64,9.73,9.34,9.61,9.94,9.57,9.54,9.94
171.6,36,9.68,7.48,10.06,9.27,8.1,9.98,9.47,9.62,9.71,9.33,9.59,9.89,9.55,9.53,9.91
172.62,36,9.69,7.48,10.05,9.26,8.09,9.98,9.48,9.62,9.72,9.33,9.59,9.9,9.55,9.53,9.91
173.62,36,9.69,7.48,10.06,9.27,8.09,9.97,9.47,9.62,9.71,9.33,9.6,9.9,9.55,9.53,9.94
174.62,36,9.68,7.48,10.06,9.26,8.07,9.97,9.46,9.62,9.7,9.32,9.59,9.91,9.55,9.53,9.91
175.62,36,9.67,7.49,10.04,9.27,8.07,9.98,9.47,9.62,9.7,9.32,9.6,9.91,9.54,9.53,9.91
176.62,36,9.67,7.48,10.05,9.25,8.06,9.95,9.46,9.62,9.69,9.3,9.6,9.89,9.54,9.53,9.91
177.62,36,9.67,7.48,10.04,9.26,8.06,9.95,9.46,9.61,9.69,9.32,9.59,9.88,9.54,9.51,9.89
178.63,36,9.68,7.49,10.04,9.27,8.06,9.97,9.48,9.63,9.68,9.33,9.6,9.91,9.54,9.53,9.9
179.63,36,9.67,7.48,10.02,9.25,8.04,9.95,9.46,9.62,9.67,9.3,9.59,9.89,9.53,9.51,9.91
180.63,36,9.67,7.48,10.02,9.24,8.029999999999998,9.95,9.46,9.61,9.67,9.32,9.59,9.89,9.54,9.53,9.9
181.63,36,9.67,7.5,10.02,9.26,8.05,9.96,9.46,9.63,9.67,9.31,9.6,9.88,9.53,9.53,9.9
182.65,36,9.67,7.49,10.04,9.26,8.04,9.96,9.46,9.62,9.67,9.32,9.61,9.9,9.55,9.53,9.91
183.65,36,9.67,7.48,10.01,9.25,8.04,9.95,9.46,9.62,9.65,9.3,9.6,9.89,9.53,9.51,9.9
184.65,36,9.64,7.48,10,9.24,8.02,9.94,9.45,9.62,9.64,9.3,9.59,9.87,9.53,9.5,9.89
185.65,36,9.65,7.49,9.99,9.24,8.02,9.94,9.46,9.63,9.64,9.31,9.6,9.89,9.53,9.51,9.89
186.67,36,9.64,7.48,9.99,9.23,8.02,9.95,9.45,9.62,9.63,9.3,9.59,9.88,9.51,9.51,9.88
187.67,36,9.64,7.48,9.99,9.23,8.01,9.94,9.44,9.62,9.61,9.29,9.59,9.87,9.51,9.5,9.87
188.67,36,9.64,7.49,9.99,9.25,8.01,9.94,9.46,9.63,9.63,9.3,9.6,9.88,9.53,9.51,9.89
189.67,36,9.64,7.49,9.98,9.24,8.01,9.93,9.45,9.62,9.61,9.3,9.6,9.87,9.53,9.51,9.89
190.67,36,9.64,7.49,9.98,9.25,8,9.94,9.45,9.62,9.61,9.3,9.61,9.87,9.53,9.51,9.88
191.68,36,9.63,7.48,9.98,9.23,8,9.93,9.44,9.62,9.6,9.29,9.59,9.86,9.51,9.49,9.86
192.68,36,9.63,7.48,9.97,9.24,7.98,9.91,9.44,9.62,9.59,9.29,9.61,9.87,9.51,9.5,9.88
193.68,36,9.63,7.49,9.96,9.23,7.98,9.91,9.44,9.62,9.59,9.29,9.6,9.87,9.51,9.49,9.86
194.68,36,9.63,7.49,9.95,9.23,7.99,9.9,9.43,9.62,9.57,9.29,9.6,9.87,9.5,9.49,9.87
195.68,36,9.62,7.48,9.96,9.22,7.98,9.9,9.43,9.63,9.58,9.28,9.6,9.85,9.51,9.49,9.86
196.7,36,9.62,7.48,9.95,9.21,7.96,9.9,9.43,9.62,9.56,9.29,9.6,9.85,9.49,9.48,9.86
197.7,36,9.62,7.48,9.93,9.21,7.96,9.88,9.42,9.63,9.56,9.27,9.6,9.83,9.49,9.47,9.85
198.7,36,9.62,7.49,9.94,9.23,7.96,9.89,9.42,9.63,9.56,9.28,9.6,9.84,9.49,9.49,9.85
199.7,36,9.61,7.47,9.93,9.21,7.95,9.89,9.43,9.62,9.54,9.27,9.59,9.84,9.48,9.48,9.85
200.7,36,9.62,7.49,9.93,9.22,7.95,9.88,9.43,9.63,9.54,9.27,9.6,9.82,9.48,9.49,9.85
201.7,36,9.62,7.48,9.93,9.23,7.96,9.89,9.43,9.63,9.54,9.28,9.6,9.84,9.49,9.49,9.85
202.72,36,9.6,7.48,9.9,9.2,7.94,9.87,9.43,9.62,9.51,9.26,9.59,9.81,9.49,9.47,9.83
203.72,36,9.6,7.47,9.89,9.2,7.94,9.87,9.42,9.62,9.5,9.27,9.6,9.82,9.48,9.47,9.84
204.72,36,9.6,7.49,9.89,9.2,7.95,9.86,9.42,9.62,9.5,9.27,9.59,9.82,9.48,9.48,9.82
205.72,36,9.6,7.47,9.88,9.19,7.94,9.86,9.41,9.62,9.49,9.25,9.59,9.79,9.47,9.48,9.83
206.72,36,9.6,7.46,9.89,9.21,7.94,9.86,9.42,9.62,9.48,9.26,9.59,9.79,9.47,9.48,9.83
207.72,36,9.59,7.44,9.86,9.19,7.91,9.85,9.4,9.61,9.47,9.25,9.59,9.78,9.46,9.47,9.81
208.73,36,9.59,7.45,9.86,9.19,7.92,9.84,9.41,9.62,9.46,9.26,9.58,9.78,9.45,9.47,9.81
209.73,36,9.58,7.44,9.85,9.19,7.92,9.84,9.41,9.6,9.44,9.24,9.59,9.76,9.46,9.46,9.81
210.73,36,9.59,7.45,9.85,9.2,7.92,9.85,9.42,9.62,9.45,9.26,9.6,9.77,9.47,9.46,9.82
211.73,36,9.58,7.44,9.84,9.19,7.91,9.83,9.41,9.62,9.44,9.25,9.6,9.76,9.47,9.47,9.81
212.73,36,9.59,7.45,9.83,9.19,7.91,9.81,9.41,9.62,9.43,9.25,9.59,9.76,9.47,9.46,9.81
213.75,36,9.58,7.45,9.82,9.19,7.91,9.82,9.41,9.62,9.44,9.24,9.59,9.73,9.46,9.46,9.79
214.75,36,9.58,7.45,9.82,9.17,7.9,9.81,9.41,9.62,9.41,9.23,9.59,9.73,9.46,9.46,9.78
215.75,36,9.56,7.42,9.77,9.16,7.88,9.78,9.4,9.6,9.38,9.22,9.57,9.71,9.44,9.45,9.76
216.75,36,9.57,7.43,9.78,9.17,7.88,9.79,9.38,9.61,9.38,9.23,9.58,9.71,9.44,9.46,9.77
217.77,36,9.55,7.44,9.76,9.15,7.87,9.76,9.39,9.6,9.37,9.22,9.57,9.68,9.44,9.45,9.77
218.77,36,9.56,7.44,9.76,9.16,7.87,9.77,9.39,9.61,9.37,9.23,9.58,9.69,9.44,9.45,9.76
219.77,36,9.56,7.45,9.74,9.16,7.86,9.78,9.39,9.6,9.35,9.23,9.58,9.69,9.44,9.46,9.76
220.77,36,9.56,7.45,9.74,9.16,7.86,9.75,9.39,9.6,9.35,9.23,9.59,9.69,9.44,9.46,9.76
221.77,36,9.55,7.43,9.71,9.15,7.86,9.74,9.37,9.6,9.31,9.21,9.57,9.67,9.42,9.44,9.74
222.78,36,9.55,7.45,9.72,9.15,7.84,9.75,9.38,9.59,9.33,9.21,9.57,9.64,9.44,9.45,9.75
223.78,36,9.54,7.44,9.7,9.14,7.83,9.73,9.38,9.61,9.3,9.2,9.58,9.64,9.42,9.44,9.73
224.78,36,9.53,7.43,9.69,9.14,7.84,9.71,9.37,9.6,9.28,9.2,9.56,9.63,9.41,9.44,9.72
225.78,36,9.53,7.44,9.67,9.15,7.82,9.72,9.35,9.59,9.26,9.21,9.57,9.61,9.41,9.43,9.71
226.78,36,9.54,7.43,9.67,9.15,7.82,9.71,9.35,9.6,9.26,9.21,9.57,9.61,9.41,9.44,9.71
227.78,36,9.53,7.43,9.63,9.14,7.81,9.71,9.37,9.6,9.26,9.19,9.56,9.6,9.41,9.43,9.71
228.8,36,9.53,7.43,9.62,9.14,7.8,9.7,9.37,9.59,9.23,9.17,9.56,9.58,9.4,9.42,9.69
229.8,36,9.51,7.43,9.6,9.13,7.79,9.68,9.34,9.59,9.22,9.17,9.56,9.58,9.4,9.42,9.69
230.8,36,9.51,7.44,9.6,9.13,7.79,9.68,9.34,9.6,9.2,9.17,9.54,9.57,9.4,9.43,9.68
231.8,36,9.5,7.45,9.58,9.13,7.79,9.68,9.33,9.6,9.19,9.19,9.55,9.57,9.4,9.42,9.68
232.82,36,9.5,7.43,9.56,9.12,7.77,9.65,9.33,9.58,9.17,9.16,9.53,9.55,9.39,9.42,9.67
233.82,36,9.5,7.43,9.56,9.11,7.77,9.65,9.33,9.58,9.15,9.17,9.54,9.53,9.39,9.42,9.65
234.82,36,9.49,7.43,9.54,9.12,7.76,9.63,9.33,9.59,9.15,9.16,9.54,9.51,9.39,9.42,9.64
235.83,36,9.48,7.41,9.5,9.11,7.74,9.61,9.3,9.58,9.13,9.15,9.53,9.5,9.35,9.4,9.64
236.83,36,9.48,7.43,9.5,9.11,7.75,9.6,9.31,9.58,9.11,9.15,9.51,9.49,9.37,9.41,9.63
237.83,36,9.48,7.43,9.49,9.12,7.74,9.59,9.31,9.58,9.1,9.15,9.51,9.47,9.37,9.4,9.62
238.83,36,9.48,7.43,9.49,9.11,7.74,9.61,9.32,9.59,9.09,9.15,9.53,9.48,9.37,9.41,9.61
239.83,36,9.47,7.42,9.46,9.09,7.73,9.59,9.3,9.58,9.07,9.14,9.5,9.46,9.35,9.4,9.6
240.83,36,9.47,7.43,9.45,9.11,7.73,9.59,9.31,9.59,9.06,9.15,9.51,9.44,9.35,9.4,9.6
241.85,36,9.47,7.42,9.43,9.09,7.73,9.57,9.3,9.57,9.05,9.13,9.5,9.43,9.35,9.39,9.59
242.85,36,9.45,7.42,9.42,9.09,7.72,9.56,9.29,9.58,9.02,9.12,9.49,9.42,9.34,9.39,9.57
243.85,36,9.46,7.42,9.4,9.09,7.71,9.55,9.3,9.58,9.02,9.13,9.49,9.41,9.34,9.39,9.56
244.85,36,9.45,7.43,9.38,9.1,7.7,9.55,9.29,9.57,8.99,9.13,9.49,9.39,9.33,9.39,9.57
245.85,36,9.45,7.43,9.38,9.08,7.71,9.55,9.29,9.58,8.99,9.13,9.49,9.4,9.34,9.39,9.55
246.87,36,9.45,7.43,9.35,9.08,7.7,9.54,9.29,9.57,8.97,9.13,9.49,9.37,9.34,9.38,9.55
247.87,36,9.44,7.41,9.34,9.07,7.69,9.53,9.29,9.57,8.94,9.11,9.47,9.34,9.32,9.38,9.54
248.87,36,9.44,7.43,9.33,9.07,7.7,9.5,9.29,9.57,8.93,9.11,9.48,9.33,9.33,9.38,9.54
249.87,36,9.43,7.42,9.31,9.07,7.68,9.49,9.27,9.55,8.91,9.11,9.47,9.32,9.32,9.37,9.51
250.87,36,9.43,7.42,9.29,9.06,7.68,9.48,9.27,9.57,8.9,9.1,9.46,9.29,9.31,9.35,9.51
251.88,36,9.42,7.43,9.28,9.05,7.67,9.47,9.26,9.56,8.88,9.1,9.46,9.26,9.31,9.35,9.49
252.88,36,9.42,7.43,9.27,9.05,7.66,9.45,9.26,9.56,8.86,9.09,9.45,9.23,9.31,9.34,9.49
253.88,36,9.41,7.43,9.26,9.06,7.67,9.45,9.26,9.56,8.84,9.1,9.45,9.22,9.31,9.35,9.46
254.88,36,9.42,7.43,9.26,9.06,7.66,9.44,9.26,9.55,8.82,9.1,9.45,9.21,9.3,9.35,9.47
255.9,36,9.42,7.44,9.24,9.07,7.66,9.43,9.26,9.56,8.81,9.09,9.45,9.2,9.31,9.34,9.46
256.9,36,9.41,7.43,9.23,9.05,7.66,9.43,9.26,9.56,8.79,9.08,9.44,9.15,9.29,9.34,9.45
257.9,36,9.41,7.43,9.21,9.05,7.64,9.41,9.25,9.56,8.76,9.09,9.45,9.14,9.3,9.34,9.43
258.9,36,9.41,7.44,9.2,9.05,7.65,9.4,9.25,9.55,8.75,9.08,9.44,9.12,9.29,9.33,9.44
259.9,36,9.4,7.43,9.17,9.04,7.63,9.37,9.23,9.55,8.71,9.08,9.44,9.09,9.28,9.32,9.42
260.92,36,9.39,7.43,9.15,9.06,7.63,9.34,9.24,9.54,8.69,9.07,9.43,9.06,9.27,9.31,9.41
261.92,36,9.38,7.42,9.12,9.03,7.62,9.31,9.23,9.54,8.67,9.06,9.42,9.04,9.27,9.31,9.39
262.92,36,9.38,7.43,9.11,9.04,7.62,9.31,9.23,9.55,8.65,9.05,9.42,9.01,9.27,9.31,9.39
263.92,36,9.37,7.42,9.09,9.02,7.62,9.28,9.22,9.54,8.62,9.05,9.41,8.98,9.26,9.3,9.38
264.93,36,9.38,7.43,9.09,9.03,7.62,9.27,9.22,9.54,8.61,9.06,9.41,8.96,9.25,9.29,9.38
265.93,36,9.37,7.42,9.07,9.01,7.62,9.25,9.21,9.53,8.57,9.05,9.41,8.92,9.25,9.28,9.34
266.93,36,9.37,7.42,9.05,9.02,7.63,9.24,9.22,9.54,8.56,9.05,9.4,8.91,9.25,9.29,9.34
267.93,36,9.34,7.4,9.03,9.01,7.61,9.21,9.21,9.51,8.52,9.03,9.4,8.86,9.24,9.27,9.31
268.93,36,9.35,7.41,9.02,9.01,7.61,9.2,9.19,9.53,8.51,9.03,9.38,8.84,9.24,9.28,9.32
269.95,36,9.34,7.41,9,8.99,7.61,9.16,9.19,9.51,8.48,9.02,9.38,8.82,9.24,9.26,9.3
270.95,36,9.34,7.41,9,9.01,7.61,9.15,9.17,9.53,8.47,9.03,9.38,8.81,9.24,9.26,9.27
271.95,36,9.33,7.41,8.99,8.99,7.6,9.15,9.17,9.5,8.43,9.01,9.38,8.79,9.22,9.25,9.27
272.95,36,9.33,7.41,8.97,8.99,7.59,9.14,9.17,9.5,8.4,9.01,9.37,8.8,9.22,9.25,9.27
273.95,36,9.32,7.4,8.94,8.98,7.57,9.14,9.15,9.5,8.37,9,9.35,8.779999999999998,9.21,9.24,9.24
274.97,36,9.31,7.39,8.91,8.97,7.56,9.14,9.14,9.48,8.34,9,9.34,8.77,9.21,9.22,9.22
275.97,36,9.3,7.39,8.91,8.94,7.57,9.12,9.13,9.48,8.3,8.99,9.33,8.74,9.19,9.21,9.21
276.97,36,9.32,7.41,8.92,8.98,7.56,9.15,9.14,9.49,8.29,8.99,9.34,8.73,9.2,9.23,9.22
277.97,36,9.31,7.39,8.9,8.96,7.54,9.12,9.12,9.48,8.25,8.98,9.32,8.68,9.19,9.2,9.19
278.97,36,9.29,7.39,8.87,8.94,7.53,9.1,9.13,9.48,8.22,8.97,9.32,8.65,9.19,9.2,9.17
279.98,36,9.3,7.39,8.85,8.96,7.53,9.08,9.12,9.48,8.18,8.97,9.32,8.62,9.19,9.2,9.16
280.98,36,9.29,7.39,8.83,8.94,7.52,9.04,9.11,9.48,8.14,8.96,9.31,8.57,9.16,9.19,9.14
281.98,36,9.29,7.4,8.82,8.96,7.53,9.02,9.12,9.49,8.11,8.97,9.31,8.54,9.17,9.17,9.14
282.98,36,9.28,7.38,8.79,8.92,7.51,9,9.1,9.47,8.07,8.94,9.3,8.51,9.16,9.17,9.11
284,36,9.29,7.39,8.779999999999998,8.93,7.51,8.98,9.11,9.47,8.06,8.96,9.29,8.49,9.16,9.16,9.12
285,36,9.27,7.37,8.74,8.92,7.49,8.94,9.08,9.46,8.01,8.92,9.28,8.449999999999998,9.15,9.15,9.09
286,36,9.27,7.38,8.72,8.91,7.49,8.92,9.09,9.45,7.99,8.94,9.28,8.43,9.14,9.15,9.07
287,36,9.26,7.38,8.68,8.91,7.49,8.89,9.08,9.46,7.94,8.93,9.28,8.42,9.14,9.14,9.06
288,36,9.26,7.38,8.64,8.9,7.47,8.87,9.08,9.46,7.89,8.93,9.26,8.41,9.13,9.14,9.04
289,36,9.25,7.37,8.59,8.9,7.46,8.85,9.08,9.45,7.85,8.91,9.25,8.39,9.12,9.12,9.02
290.02,36,9.25,7.36,8.54,8.89,7.45,8.83,9.06,9.44,7.81,8.89,9.25,8.36,9.12,9.12,9.01
291.02,36,9.24,7.35,8.51,8.89,7.44,8.81,9.07,9.45,7.78,8.9,9.24,8.33,9.11,9.11,8.99
292.02,36,9.24,7.37,8.48,8.88,7.43,8.79,9.07,9.44,7.74,8.9,9.23,8.29,9.11,9.11,8.98
293.02,36,9.23,7.35,8.43,8.88,7.42,8.76,9.06,9.43,7.72,8.88,9.22,8.25,9.09,9.1,8.96
294.02,36,9.23,7.36,8.38,8.87,7.41,8.74,9.07,9.42,7.7,8.88,9.22,8.22,9.09,9.1,8.92
295.03,36,9.21,7.36,8.37,8.87,7.41,8.699999999999998,9.06,9.43,7.66,8.89,9.21,8.22,9.1,9.09,8.91
296.03,36,9.21,7.36,8.34,8.87,7.39,8.68,9.06,9.42,7.63,8.89,9.2,8.18,9.08,9.1,8.89
297.03,36,9.2,7.34,8.29,8.85,7.37,8.63,9.04,9.42,7.58,8.86,9.19,8.14,9.07,9.08,8.86
298.03,36,9.17,7.34,8.24,8.84,7.37,8.59,9.04,9.4,7.53,8.85,9.17,8.08,9.07,9.07,8.83
299.03,36,9.19,7.34,8.21,8.85,7.36,8.56,9.03,9.41,7.48,8.85,9.16,8.01,9.06,9.09,8.82
300.03,36,9.16,7.33,8.18,8.84,7.35,8.57,9.02,9.4,7.41,8.84,9.15,7.91,9.04,9.07,8.79
301.03,36,9.16,7.34,8.15,8.83,7.34,8.56,9.02,9.4,7.37,8.85,9.16,7.84,9.05,9.07,8.77
302.05,36,9.15,7.33,8.12,8.82,7.33,8.54,9,9.38,7.33,8.83,9.13,7.81,9.03,9.06,8.73
303.05,36,9.14,7.33,8.09,8.81,7.31,8.5,9,9.39,7.28,8.83,9.13,7.81,9.02,9.06,8.72
304.05,36,9.14,7.33,8.05,8.8,7.31,8.46,8.99,9.38,7.24,8.83,9.12,7.83,9.02,9.05,8.699999999999998
305.05,36,9.13,7.32,8.02,8.8,7.3,8.42,8.98,9.38,7.16,8.81,9.12,7.82,9.03,9.05,8.66
306.05,36,9.14,7.33,7.99,8.8,7.3,8.39,8.99,9.39,7.12,8.81,9.12,7.78,9.03,9.04,8.64
307.07,36,9.13,7.32,7.96,8.79,7.28,8.35,8.97,9.37,7.05,8.81,9.1,7.74,9.01,9.05,8.61
308.07,36,9.12,7.31,7.94,8.79,7.28,8.33,8.96,9.38,6.97,8.81,9.09,7.69,9.01,9.05,8.59
309.07,36,9.11,7.31,7.89,8.779999999999998,7.28,8.29,8.96,9.37,6.92,8.8,9.1,7.62,9,9.03,8.55
310.08,36,9.1,7.3,7.83,8.779999999999998,7.26,8.25,8.96,9.35,6.89,8.79,9.07,7.54,9.01,9.02,8.54
311.08,36,9.1,7.3,7.77,8.77,7.26,8.21,8.93,9.37,6.85,8.79,9.07,7.51,9,9.01,8.51
312.08,36,9.1,7.31,7.76,8.77,7.25,8.21,8.94,9.35,6.79,8.779999999999998,9.06,7.5,8.99,9.01,8.49
313.08,36,9.09,7.3,7.72,8.77,7.24,8.17,8.93,9.34,6.7,8.77,9.06,7.44,8.99,9.02,8.47
314.08,36,9.09,7.28,7.65,8.76,7.23,8.18,8.91,9.34,6.62,8.779999999999998,9.05,7.4,8.96,9,8.43
315.08,36,9.07,7.3,7.59,8.73,7.21,8.17,8.91,9.33,6.55,8.76,9.04,7.33,8.93,8.99,8.4
316.1,36,9.07,7.29,7.52,8.74,7.21,8.16,8.9,9.34,6.54,8.76,9.03,7.28,8.94,8.99,8.38
317.1,36,9.05,7.28,7.49,8.73,7.19,8.14,8.89,9.32,6.51,8.75,9.01,7.21,8.92,8.98,8.33
318.1,36,9.04,7.28,7.45,8.71,7.19,8.08,8.89,9.32,6.46,8.75,9,7.14,8.92,8.97,8.3
319.1,36,9.04,7.28,7.41,8.72,7.18,8.04,8.89,9.33,6.42,8.74,9.01,7.12,8.92,8.97,8.279999999999998
320.12,36,9.03,7.28,7.33,8.699999999999998,7.16,8,8.88,9.31,6.35,8.72,8.99,7.09,8.91,8.96,8.24
321.12,36,9.03,7.28,7.26,8.71,7.14,7.93,8.87,9.31,6.29,8.72,8.99,7.05,8.91,8.94,8.199999999999998
322.12,36,9.02,7.28,7.18,8.71,7.14,7.83,8.86,9.31,6.19,8.72,8.98,7,8.89,8.93,8.19
323.12,36,9.01,7.27,7.1,8.699999999999998,7.13,7.73,8.86,9.31,6.11,8.72,8.97,6.94,8.89,8.94,8.15
324.13,36,9,7.26,7.04,8.69,7.1,7.66,8.87,9.31,6.03,8.699999999999998,8.96,6.87,8.88,8.92,8.11
325.13,36,8.99,7.25,7.01,8.67,7.1,7.61,8.87,9.3,5.97,8.69,8.93,6.81,8.87,8.91,8.07
326.13,36,8.99,7.26,6.98,8.66,7.1,7.57,8.87,9.3,5.9,8.68,8.92,6.75,8.87,8.9,8.029999999999998
327.13,36,8.99,7.25,6.95,8.66,7.09,7.54,8.87,9.3,5.81,8.699999999999998,8.93,6.72,8.89,8.91,7.99
328.13,36,8.98,7.24,6.87,8.65,7.06,7.52,8.85,9.29,5.74,8.67,8.92,6.67,8.85,8.89,7.94
329.13,36,8.97,7.25,6.82,8.63,7.05,7.53,8.83,9.3,5.68,8.66,8.9,6.61,8.83,8.89,7.89
330.15,36,8.97,7.25,6.81,8.63,7.04,7.51,8.83,9.29,5.59,8.65,8.9,6.53,8.83,8.89,7.85
331.15,36,8.96,7.24,6.75,8.62,7.01,7.47,8.8,9.27,5.47,8.63,8.88,6.45,8.82,8.88,7.8
332.15,36,8.93,7.23,6.69,8.62,7,7.39,8.8,9.28,5.39,8.62,8.87,6.36,8.82,8.87,7.77
333.15,36,8.93,7.23,6.57,8.62,6.98,7.28,8.79,9.27,5.33,8.62,8.87,6.27,8.82,8.87,7.74
334.17,36,8.91,7.22,6.45,8.61,6.97,7.16,8.79,9.27,5.27,8.59,8.85,6.2,8.8,8.87,7.69
335.17,36,8.91,7.23,6.39,8.61,6.97,7.1,8.81,9.29,5.15,8.63,8.86,6.15,8.82,8.87,7.69
336.17,36,8.9,7.21,6.32,8.61,6.95,7.04,8.79,9.27,5.02,8.59,8.84,6.11,8.79,8.86,7.64
337.17,36,8.89,7.22,6.23,8.59,6.93,6.97,8.79,9.28,4.89,8.58,8.84,6.12,8.79,8.86,7.56
338.17,36,8.89,7.21,6.11,8.58,6.91,6.88,8.779999999999998,9.27,4.78,8.57,8.82,6.06,8.77,8.83,7.5
339.18,36,8.88,7.2,5.94,8.58,6.9,6.8,8.77,9.25,4.74,8.57,8.81,5.95,8.76,8.84,7.43
340.18,36,8.86,7.19,5.82,8.56,6.87,6.69,8.74,9.25,4.64,8.55,8.779999999999998,5.78,8.74,8.82,7.36
341.18,36,8.87,7.19,5.77,8.56,6.86,6.66,8.75,9.25,4.52,8.529999999999998,8.779999999999998,5.63,8.74,8.81,7.28
342.18,36,8.86,7.18,5.7,8.55,6.84,6.64,8.75,9.24,4.42,8.54,8.779999999999998,5.52,8.75,8.8,7.18
343.18,36,8.85,7.18,5.56,8.54,6.82,6.55,8.74,9.23,4.3,8.52,8.76,5.37,8.73,8.79,7.1
344.2,36,8.85,7.18,5.41,8.54,6.82,6.45,8.73,9.24,4.17,8.52,8.76,5.25,8.73,8.779999999999998,7.02
345.2,36,8.84,7.17,5.35,8.54,6.79,6.39,8.73,9.24,4.12,8.51,8.74,5.19,8.72,8.779999999999998,6.95
346.2,36,8.81,7.16,5.27,8.529999999999998,6.76,6.34,8.699999999999998,9.22,4.02,8.49,8.72,5.09,8.699999999999998,8.76,6.86
347.2,36,8.81,7.16,5.16,8.52,6.75,6.29,8.69,9.23,3.9,8.5,8.72,4.99,8.69,8.75,6.78
348.2,36,8.79,7.15,5.02,8.51,6.74,6.22,8.68,9.21,3.81,8.49,8.699999999999998,4.86,8.68,8.73,6.69
349.22,36,8.8,7.15,4.95,8.51,6.72,6.17,8.699999999999998,9.22,3.69,8.49,8.699999999999998,4.74,8.69,8.73,6.58
350.22,36,8.79,7.13,4.91,8.5,6.7,6.11,8.699999999999998,9.21,3.56,8.48,8.68,4.67,8.67,8.71,6.46
351.22,36,8.779999999999998,7.14,4.82,8.48,6.68,6.06,8.69,9.2,3.48,8.46,8.66,4.58,8.66,8.69,6.38
352.22,36,8.79,7.13,4.72,8.48,6.67,5.95,8.69,9.22,3.38,8.46,8.67,4.49,8.66,8.69,6.3
353.23,36,8.77,7.12,4.62,8.47,6.64,5.83,8.68,9.21,3.25,8.44,8.63,4.38,8.66,8.66,6.2
354.23,36,8.75,7.13,4.58,8.46,6.64,5.76,8.65,9.21,3.11,8.449999999999998,8.63,4.27,8.67,8.67,6.12
355.23,36,8.75,7.12,4.49,8.449999999999998,6.61,5.7,8.65,9.2,3.05,8.44,8.63,4.15,8.66,8.66,6.06
356.23,36,8.73,7.11,4.36,8.44,6.6,5.61,8.64,9.2,2.94,8.4,8.58,4.02,8.61,8.64,5.96
357.23,36,8.73,7.1,4.16,8.43,6.58,5.47,8.64,9.17,2.79,8.37,8.58,3.95,8.62,8.63,5.88
358.23,36,8.73,7.1,3.97,8.43,6.57,5.35,8.63,9.17,2.63,8.36,8.56,3.87,8.59,8.62,5.79
359.25,36,8.73,7.1,3.92,8.42,6.55,5.28,8.62,9.17,2.53,8.38,8.56,3.72,8.61,8.61,5.67
360.25,36,8.71,7.09,3.83,8.39,6.52,5.18,8.58,9.16,2.38,8.37,8.529999999999998,3.61,8.58,8.58,5.55
361.25,36,8.699999999999998,7.09,3.68,8.38,6.5,5.07,8.56,9.15,2.19,8.36,8.51,3.53,8.56,8.57,5.47
362.25,36,8.68,7.08,3.51,8.36,6.48,4.94,8.55,9.15,2.04,8.33,8.51,3.41,8.55,8.55,5.35
363.25,36,8.66,7.08,3.46,8.35,6.46,4.86,8.55,9.15,1.92,8.32,8.49,3.23,8.54,8.529999999999998,5.22
364.27,36,8.63,7.07,3.35,8.34,6.43,4.81,8.55,9.15,1.85,8.31,8.48,3.05,8.529999999999998,8.529999999999998,5.12
365.27,36,8.62,7.07,3.17,8.34,6.41,4.71,8.54,9.14,1.71,8.31,8.47,3.08,8.52,8.51,5.07
366.27,36,8.61,7.06,3.02,8.33,6.39,4.6,8.54,9.14,1.69,8.29,8.449999999999998,3.1,8.52,8.5,4.99
367.27,36,8.61,7.04,2.93,8.32,6.36,4.46,8.52,9.12,1.68,8.3,8.44,2.99,8.5,8.47,4.96
368.28,36,8.59,7.03,2.76,8.3,6.33,4.33,8.5,9.11,1.6,8.27,8.43,2.81,8.46,8.44,4.91
369.28,36,8.59,7.04,2.53,8.31,6.32,4.22,8.5,9.12,1.53,8.279999999999998,8.43,2.69,8.47,8.449999999999998,4.81
370.28,36,8.56,7.02,2.4,8.3,6.29,4.09,8.48,9.11,1.42,8.27,8.4,2.56,8.449999999999998,8.42,4.72
371.28,36,8.55,7.03,2.31,8.31,6.28,4.02,8.49,9.11,1.34,8.27,8.38,2.47,8.449999999999998,8.4,4.65
372.28,36,8.529999999999998,7.02,2.17,8.3,6.27,3.92,8.48,9.1,1.32,8.25,8.37,2.34,8.44,8.39,4.51
373.28,36,8.52,7,2.09,8.3,6.25,3.8,8.47,9.1,1.31,8.22,8.34,2.12,8.42,8.37,4.37
374.3,36,8.52,7,2.01,8.279999999999998,6.23,3.74,8.46,9.09,1.25,8.199999999999998,8.33,1.9,8.41,8.36,4.23
375.3,36,8.5,6.99,1.88,8.27,6.21,3.66,8.46,9.08,1.23,8.18,8.31,1.82,8.41,8.35,4.11
376.3,36,8.48,6.98,1.83,8.23,6.2,3.53,8.46,9.08,1.19,8.16,8.3,1.74,8.38,8.34,3.95
377.3,36,8.44,6.96,1.77,8.21,6.17,3.4,8.44,9.07,1.12,8.13,8.27,1.52,8.37,8.33,3.8
378.3,36,8.42,6.97,1.7,8.22,6.16,3.25,8.43,9.07,1.09,8.13,8.26,1.34,8.36,8.37,3.69
379.3,36,8.4,6.95,1.69,8.199999999999998,6.11,3.08,8.39,9.05,1.04,8.11,8.24,1.34,8.32,8.36,3.6
380.32,36,8.42,6.95,1.67,8.22,6.11,2.97,8.39,9.06,1.07,8.1,8.22,1.34,8.33,8.37,3.57
381.32,36,8.41,6.95,1.56,8.199999999999998,6.1,2.84,8.37,9.05,1.05,8.07,8.21,1.27,8.31,8.36,3.52
382.32,36,8.38,6.94,1.53,8.18,6.06,2.73,8.34,9.03,1.02,8.04,8.18,1.16,8.279999999999998,8.34,3.43
383.32,36,8.34,6.92,1.49,8.16,6.03,2.53,8.31,9.03,0.99,8.01,8.15,1.06,8.26,8.32,3.36
384.32,36,8.31,6.91,1.43,8.13,6,2.38,8.29,9.02,0.98,8.01,8.13,1.1,8.24,8.31,3.25
385.32,36,8.3,6.91,1.44,8.12,5.99,2.29,8.279999999999998,9.02,0.96,8,8.11,1.15,8.23,8.29,3.11
386.33,36,8.279999999999998,6.9,1.43,8.13,5.95,2.19,8.27,9.01,0.95,7.98,8.08,1.11,8.199999999999998,8.26,2.95
387.33,36,8.26,6.89,1.41,8.11,5.92,2,8.24,9,0.95,7.94,8.06,1.02,8.19,8.24,2.82
388.33,36,8.24,6.88,1.4,8.1,5.91,1.89,8.22,9,0.93,7.91,8.02,0.99,8.16,8.21,2.75
389.35,36,8.24,6.87,1.4,8.11,5.9,1.88,8.22,9,0.93,7.91,8.01,1.01,8.15,8.18,2.73
390.35,36,8.22,6.87,1.36,8.08,5.88,1.82,8.199999999999998,8.98,0.93,7.89,7.97,0.99,8.15,8.15,2.65
391.35,36,8.22,6.84,1.32,8.05,5.83,1.65,8.18,8.97,0.88,7.84,7.93,0.98,8.11,8.12,2.54
392.35,36,8.23,6.84,1.32,8.04,5.81,1.66,8.16,8.98,0.89,7.84,7.91,0.98,8.11,8.13,2.4
393.37,36,8.18,6.83,1.3,8.02,5.77,1.65,8.15,8.96,0.88,7.85,7.89,0.95,8.05,8.11,2.21
394.37,36,8.13,6.82,1.28,7.99,5.73,1.57,8.12,8.94,0.86,7.84,7.86,0.94,8.029999999999998,8.1,2.04
395.37,36,8.11,6.81,1.29,7.98,5.7,1.44,8.12,8.93,0.86,7.84,7.86,0.94,8.01,8.1,1.9
396.37,36,8.07,6.8,1.27,7.95,5.67,1.45,8.1,8.93,0.86,7.84,7.87,0.92,8.01,8.09,1.72
397.37,36,8.029999999999998,6.79,1.26,7.93,5.66,1.46,8.08,8.93,0.86,7.84,7.87,0.9,7.98,8.08,1.64
398.37,36,8,6.78,1.27,7.91,5.65,1.39,8.07,8.91,0.87,7.82,7.86,0.88,7.94,8.06,1.6
399.38,36,7.99,6.77,1.26,7.89,5.63,1.36,8.06,8.9,0.84,7.78,7.84,0.88,7.92,8.01,1.55
400.38,36,7.97,6.75,1.27,7.9,5.61,1.36,8.06,8.9,0.84,7.76,7.83,0.88,7.92,7.99,1.54
401.38,36,7.94,6.74,1.25,7.9,5.56,1.36,8.029999999999998,8.89,0.85,7.74,7.8,0.87,7.89,7.97,1.53
402.38,36,7.9,6.74,1.25,7.89,5.53,1.34,7.99,8.88,0.84,7.68,7.75,0.86,7.84,7.95,1.49
403.38,36,7.85,6.72,1.24,7.87,5.47,1.31,7.97,8.86,0.84,7.65,7.71,0.88,7.83,7.93,1.47
404.4,36,7.82,6.7,1.22,7.84,5.45,1.3,7.96,8.86,0.84,7.62,7.66,0.88,7.81,7.9,1.44
405.4,36,7.8,6.7,1.23,7.84,5.41,1.28,7.95,8.86,0.84,7.6,7.63,0.86,7.78,7.89,1.45
406.4,36,7.78,6.69,1.23,7.81,5.41,1.29,7.91,8.85,0.82,7.57,7.59,0.85,7.74,7.86,1.44
407.42,36,7.79,6.67,1.22,7.79,5.37,1.29,7.87,8.84,0.84,7.56,7.56,0.84,7.72,7.84,1.41
408.42,36,7.76,6.66,1.22,7.77,5.34,1.25,7.85,8.82,0.83,7.52,7.52,0.84,7.69,7.83,1.41
409.42,36,7.71,6.64,1.24,7.73,5.3,1.25,7.84,8.81,0.82,7.51,7.5,0.84,7.66,7.81,1.4
410.42,36,7.62,6.62,1.21,7.68,5.26,1.25,7.82,8.81,0.82,7.5,7.49,0.82,7.62,7.8,1.38
411.43,36,7.58,6.62,1.21,7.68,5.21,1.23,7.77,8.8,0.82,7.5,7.47,0.84,7.57,7.79,1.38
412.43,36,7.56,6.59,1.22,7.66,5.17,1.22,7.76,8.8,0.82,7.48,7.45,0.83,7.52,7.76,1.4
413.43,36,7.52,6.58,1.21,7.63,5.12,1.22,7.75,8.779999999999998,0.81,7.45,7.42,0.83,7.5,7.72,1.35
414.45,36,7.5,6.57,1.2,7.6,5.09,1.21,7.74,8.779999999999998,0.82,7.42,7.39,0.82,7.47,7.67,1.34
415.45,36,7.48,6.56,1.2,7.59,5.05,1.2,7.71,8.75,0.8,7.38,7.35,0.82,7.42,7.64,1.34
416.45,36,7.45,6.54,1.21,7.6,5.02,1.21,7.67,8.76,0.81,7.33,7.32,0.83,7.39,7.65,1.33
417.45,36,7.39,6.52,1.19,7.58,4.98,1.21,7.64,8.74,0.8,7.31,7.29,0.82,7.35,7.65,1.31
418.47,36,7.33,6.52,1.19,7.54,4.92,1.21,7.61,8.74,0.8,7.25,7.26,0.82,7.3,7.66,1.34
419.47,36,7.27,6.49,1.2,7.51,4.88,1.2,7.57,8.73,0.81,7.19,7.22,0.82,7.24,7.65,1.34
420.47,36,7.22,6.48,1.19,7.5,4.85,1.19,7.53,8.71,0.8,7.15,7.18,0.82,7.17,7.63,1.32
421.47,36,7.22,6.46,1.19,7.48,4.84,1.18,7.5,8.69,0.8,7.13,7.15,0.82,7.14,7.64,1.31
422.48,36,7.16,6.43,1.19,7.42,4.81,1.18,7.46,8.68,0.79,7.08,7.1,0.82,7.1,7.61,1.31
423.48,36,7.06,6.43,1.19,7.41,4.78,1.18,7.44,8.66,0.8,7.02,7.08,0.82,7.06,7.59,1.31
424.48,36,6.98,6.41,1.19,7.38,4.73,1.17,7.39,8.64,0.8,6.98,7.06,0.81,6.99,7.56,1.29
425.48,36,6.94,6.39,1.19,7.33,4.67,1.17,7.33,8.62,0.79,6.95,7.01,0.81,6.95,7.51,1.28
426.48,36,6.91,6.37,1.18,7.29,4.61,1.17,7.28,8.61,0.79,6.92,6.97,0.81,6.93,7.5,1.27
427.5,36,6.83,6.34,1.17,7.24,4.57,1.15,7.24,8.61,0.79,6.86,6.97,0.8,6.89,7.48,1.27
428.5,36,6.75,6.32,1.18,7.21,4.55,1.16,7.2,8.61,0.79,6.79,6.98,0.8,6.81,7.49,1.27
429.5,36,6.7,6.31,1.18,7.16,4.51,1.17,7.18,8.63,0.8,6.7,6.99,0.8,6.71,7.5,1.27
430.5,36,6.62,6.29,1.17,7.1,4.45,1.15,7.13,8.61,0.79,6.63,6.99,0.8,6.7,7.5,1.28
431.52,36,6.56,6.26,1.18,7.06,4.41,1.15,7.08,8.61,0.79,6.58,6.96,0.8,6.64,7.48,1.27
432.52,36,6.48,6.25,1.17,7.03,4.36,1.15,7.04,8.59,0.79,6.54,6.91,0.8,6.57,7.45,1.27
433.52,36,6.41,6.21,1.18,7.01,4.28,1.15,6.98,8.59,0.79,6.52,6.84,0.8,6.53,7.39,1.27
434.52,36,6.4,6.2,1.18,6.98,4.19,1.15,6.95,8.57,0.79,6.48,6.75,0.8,6.48,7.33,1.26
435.52,36,6.4,6.2,1.18,6.95,4.16,1.16,6.91,8.56,0.79,6.41,6.67,0.81,6.44,7.28,1.27
436.53,36,6.37,6.16,1.17,6.88,4.13,1.15,6.82,8.529999999999998,0.79,6.31,6.58,0.79,6.35,7.24,1.26
437.53,36,6.29,6.15,1.17,6.86,4.09,1.15,6.78,8.51,0.79,6.25,6.51,0.8,6.27,7.24,1.27
438.53,36,6.14,6.12,1.17,6.83,4.03,1.15,6.71,8.5,0.79,6.2,6.44,0.8,6.22,7.2,1.25
439.53,36,6.01,6.09,1.17,6.79,3.96,1.15,6.64,8.47,0.78,6.12,6.41,0.79,6.15,7.15,1.25
440.53,36,5.92,6.07,1.17,6.72,3.89,1.14,6.6,8.449999999999998,0.79,6.05,6.39,0.8,6.08,7.09,1.26
441.53,36,5.85,6.06,1.18,6.64,3.85,1.15,6.56,8.43,0.79,5.99,6.38,0.8,5.98,7.04,1.26
442.55,36,5.76,6.03,1.17,6.57,3.77,1.14,6.47,8.41,0.79,5.9,6.37,0.8,5.9,7.02,1.25
443.55,36,5.67,6,1.17,6.5,3.71,1.14,6.38,8.41,0.78,5.8,6.34,0.79,5.88,7.01,1.25
444.55,36,5.57,5.97,1.16,6.48,3.65,1.13,6.35,8.39,0.77,5.68,6.31,0.79,5.79,6.99,1.25
445.55,36,5.5,5.95,1.16,6.43,3.58,1.13,6.29,8.38,0.77,5.63,6.3,0.79,5.72,6.97,1.25
446.55,36,5.41,5.92,1.15,6.35,3.49,1.13,6.21,8.35,0.77,5.53,6.24,0.79,5.64,6.95,1.25
447.57,36,5.35,5.91,1.17,6.29,3.43,1.14,6.19,8.35,0.78,5.44,6.2,0.79,5.56,6.93,1.25
448.57,36,5.3,5.88,1.17,6.23,3.42,1.14,6.16,8.32,0.79,5.38,6.12,0.8,5.45,6.9,1.25
449.57,36,5.24,5.85,1.16,6.2,3.39,1.13,6.11,8.27,0.79,5.29,6.06,0.79,5.37,6.87,1.25
450.57,36,5.13,5.83,1.17,6.11,3.36,1.14,6.04,8.26,0.78,5.17,6.03,0.8,5.35,6.84,1.26
451.57,36,4.98,5.79,1.17,6,3.31,1.13,5.96,8.25,0.77,5.05,6,0.79,5.32,6.79,1.25
452.58,36,4.9,5.75,1.17,5.89,3.24,1.12,5.88,8.25,0.78,4.96,5.97,0.79,5.27,6.73,1.25
453.58,36,4.78,5.73,1.16,5.86,3.18,1.13,5.83,8.23,0.78,4.91,5.92,0.79,5.17,6.7,1.25
454.58,36,4.66,5.7,1.17,5.81,3.11,1.13,5.76,8.23,0.79,4.82,5.87,0.79,5.01,6.69,1.25
455.58,36,4.55,5.67,1.17,5.78,3.03,1.13,5.65,8.199999999999998,0.78,4.71,5.85,0.79,4.89,6.67,1.25
456.58,36,4.44,5.66,1.17,5.74,2.96,1.13,5.58,8.19,0.78,4.58,5.85,0.79,4.81,6.64,1.24
457.6,36,4.32,5.6,1.16,5.66,2.91,1.12,5.48,8.16,0.77,4.54,5.82,0.79,4.71,6.58,1.24
458.6,36,4.24,5.59,1.17,5.56,2.87,1.13,5.41,8.15,0.78,4.53,5.73,0.79,4.61,6.53,1.25
459.6,36,4.12,5.56,1.17,5.44,2.76,1.13,5.29,8.13,0.78,4.54,5.6,0.79,4.54,6.45,1.24
460.6,36,3.96,5.53,1.16,5.35,2.64,1.13,5.2,8.12,0.77,4.54,5.49,0.79,4.51,6.39,1.25
461.62,36,3.81,5.49,1.17,5.3,2.54,1.13,5.14,8.12,0.78,4.42,5.42,0.79,4.46,6.38,1.25
462.62,36,3.64,5.45,1.16,5.22,2.43,1.12,5.02,8.12,0.77,4.23,5.35,0.78,4.38,6.36,1.25
463.62,36,3.46,5.43,1.16,5.12,2.32,1.12,4.89,8.12,0.78,4.12,5.31,0.78,4.27,6.31,1.24
464.63,36,3.35,5.38,1.16,5.07,2.24,1.13,4.81,8.11,0.77,4.02,5.23,0.79,4.18,6.24,1.23
465.63,36,3.23,5.35,1.15,5.06,2.15,1.12,4.73,8.09,0.77,3.85,5.12,0.78,4.08,6.14,1.24
466.63,36,3.11,5.3,1.16,4.96,2.05,1.12,4.62,8.08,0.77,3.71,5.05,0.78,3.97,6.06,1.24
467.63,36,3.01,5.29,1.17,4.85,1.99,1.13,4.51,8.08,0.78,3.63,4.98,0.79,3.85,6.03,1.25
468.65,36,2.85,5.24,1.16,4.75,1.91,1.12,4.4,8.09,0.77,3.47,4.93,0.78,3.71,5.99,1.23
469.65,36,2.67,5.21,1.16,4.65,1.93,1.11,4.33,8.09,0.78,3.33,4.88,0.79,3.58,5.94,1.23
470.65,36,2.57,5.17,1.17,4.55,1.96,1.13,4.2,8.09,0.77,3.26,4.81,0.79,3.48,5.87,1.25
471.65,36,2.49,5.13,1.16,4.38,1.92,1.13,4.03,8.07,0.77,3.24,4.76,0.79,3.33,5.81,1.24
472.65,36,2.32,5.1,1.16,4.28,1.83,1.12,3.93,8.01,0.77,3.17,4.78,0.79,3.2,5.75,1.23
473.67,36,2.21,5.07,1.17,4.19,1.71,1.13,3.82,7.94,0.78,3.01,4.77,0.79,3.08,5.73,1.25
474.67,36,2.13,5.02,1.16,4.09,1.62,1.11,3.67,7.85,0.78,2.84,4.68,0.79,2.92,5.69,1.23
475.67,36,2,4.98,1.16,3.99,1.61,1.12,3.62,7.8,0.77,2.68,4.59,0.79,2.8,5.64,1.23
476.67,36,1.83,4.94,1.16,3.88,1.57,1.13,3.51,7.78,0.78,2.47,4.58,0.78,2.7,5.6,1.23
477.67,36,1.74,4.9,1.16,3.78,1.49,1.12,3.41,7.77,0.77,2.32,4.55,0.79,2.55,5.54,1.23
478.67,36,1.69,4.86,1.16,3.63,1.42,1.11,3.28,7.76,0.77,2.25,4.48,0.78,2.37,5.48,1.23
479.68,36,1.54,4.81,1.16,3.49,1.36,1.12,3.2,7.75,0.77,2.1,4.39,0.78,2.17,5.4,1.23
480.68,36,1.42,4.77,1.16,3.41,1.31,1.13,3.1,7.73,0.78,1.87,4.3,0.79,2.02,5.34,1.24
481.68,36,1.4,4.72,1.15,3.35,1.3,1.12,2.93,7.7,0.77,1.56,4.2,0.78,1.87,5.29,1.23
482.68,36,1.36,4.68,1.15,3.23,1.3,1.12,2.84,7.66,0.77,1.36,4.1,0.78,1.78,5.23,1.23
483.7,36,1.3,4.63,1.16,3.11,1.25,1.11,2.75,7.64,0.78,1.27,4,0.78,1.65,5.17,1.23
484.7,36,1.26,4.58,1.15,3.01,1.2,1.12,2.66,7.58,0.76,1.31,3.92,0.77,1.55,5.09,1.22
485.7,36,1.21,4.54,1.15,2.87,1.19,1.1,2.48,7.55,0.77,1.26,3.85,0.77,1.5,5.02,1.22
486.7,36,1.23,4.49,1.17,2.76,1.19,1.12,2.31,7.51,0.77,1.21,3.84,0.79,1.43,4.96,1.24
487.7,36,1.18,4.44,1.15,2.67,1.15,1.1,2.14,7.47,0.76,1.17,3.79,0.78,1.25,4.93,1.23
488.72,36,1.19,4.39,1.16,2.54,1.13,1.12,2.06,7.44,0.77,1.11,3.66,0.78,1.13,4.91,1.24
489.72,36,1.19,4.35,1.17,2.41,1.12,1.13,1.94,7.42,0.78,1.01,3.45,0.79,1.15,4.86,1.23
490.72,36,1.15,4.28,1.15,2.32,1.1,1.12,1.78,7.38,0.77,0.86,3.33,0.77,1.13,4.81,1.23
491.72,36,1.13,4.23,1.15,2.26,1.08,1.11,1.7,7.34,0.77,0.78,3.23,0.78,1.05,4.74,1.23
492.72,36,1.14,4.18,1.15,2.24,1.07,1.11,1.6,7.32,0.77,0.75,3.13,0.78,0.96,4.69,1.23
493.73,36,1.17,4.11,1.15,2.19,1.07,1.11,1.49,7.32,0.77,0.7,3.05,0.77,0.92,4.64,1.22
494.73,36,1.13,4.08,1.15,2.06,1.05,1.11,1.39,7.31,0.77,0.59,2.92,0.78,0.91,4.55,1.23
495.75,36,1.1,4.02,1.15,1.85,1.02,1.1,1.25,7.28,0.77,0.48,2.81,0.78,0.89,4.46,1.23
496.75,36,1.13,3.96,1.15,1.64,1.01,1.1,1.16,7.23,0.77,0.45,2.75,0.77,0.88,4.42,1.23
497.75,36,1.12,3.9,1.15,1.42,1.04,1.1,1.07,7.18,0.77,0.35,2.62,0.77,0.88,4.31,1.22
498.77,36,1.09,3.86,1.15,1.28,1.01,1.1,0.96,7.14,0.77,0.23,2.48,0.77,0.86,4.11,1.23
499.77,36,1.08,3.79,1.15,1.1,0.98,1.1,0.91,7.1,0.77,0.18,2.36,0.77,0.86,4,1.22
500.77,36,1.08,3.74,1.15,1,1.01,1.11,0.88,7.1,0.77,0.23,2.25,0.78,0.88,3.92,1.23
501.77,36,1.08,3.68,1.15,0.94,1,1.1,0.82,7.07,0.77,0.21,2.17,0.77,0.88,3.81,1.23
502.78,36,1.07,3.62,1.15,0.84,0.98,1.1,0.76,7.04,0.77,0.18,2.13,0.77,0.82,3.78,1.23
503.78,36,1.06,3.56,1.15,0.68,0.99,1.11,0.67,6.98,0.76,0.17,2.02,0.77,0.79,3.72,1.22
504.78,36,1.06,3.49,1.15,0.65,0.98,1.1,0.64,6.93,0.77,0.16,1.89,0.77,0.77,3.55,1.21
505.8,36,1.06,3.43,1.16,0.63,0.98,1.1,0.67,6.87,0.77,0.14,1.78,0.78,0.77,3.46,1.22
506.8,36,1.06,3.36,1.15,0.58,0.96,1.1,0.6,6.83,0.76,0.11,1.69,0.77,0.78,3.41,1.22
507.8,36,1.06,3.32,1.15,0.54,0.98,1.1,0.54,6.8,0.77,0.1,1.62,0.78,0.8,3.36,1.22
508.8,36,1.05,3.26,1.15,0.53,0.99,1.11,0.57,6.78,0.77,0.11,1.51,0.78,0.8,3.26,1.23
509.8,36,1.04,3.2,1.15,0.55,0.97,1.1,0.58,6.7,0.77,0.11,1.43,0.77,0.77,3.09,1.23
510.82,36,1.04,3.19,1.15,0.5,0.96,1.11,0.53,6.66,0.77,0.12,1.36,0.77,0.75,2.99,1.22
511.82,36,1.04,3.14,1.15,0.47,0.98,1.11,0.49,6.6,0.77,0.12,1.34,0.78,0.74,2.92,1.23
512.82,36,1.03,3.09,1.15,0.48,0.97,1.11,0.48,6.54,0.77,0.08,1.35,0.77,0.73,2.8,1.23
513.82,36,1.05,3.02,1.15,0.48,0.98,1.11,0.52,6.49,0.76,0.07,1.34,0.77,0.71,2.64,1.23
514.83,36,1.04,2.96,1.15,0.45,0.96,1.1,0.48,6.44,0.77,0.05,1.22,0.77,0.72,2.51,1.22
515.83,36,1.04,2.91,1.15,0.45,0.95,1.11,0.45,6.38,0.76,0.06,1.14,0.77,0.74,2.45,1.23
516.83,36,1.04,2.85,1.15,0.49,0.95,1.11,0.45,6.33,0.77,0.06,1.21,0.78,0.73,2.32,1.23
517.83,36,1.04,2.79,1.16,0.48,0.94,1.1,0.49,6.28,0.77,0.06,1.2,0.77,0.72,2.17,1.23
518.83,36,1.03,2.73,1.15,0.45,0.94,1.1,0.45,6.2,0.77,0.05,1.09,0.77,0.69,2.02,1.22
519.83,36,1.04,2.67,1.15,0.43,0.94,1.11,0.43,6.14,0.77,0.05,1.03,0.77,0.72,1.9,1.22
520.85,36,1.03,2.6,1.15,0.43,0.94,1.1,0.44,6.05,0.77,0.04,1.06,0.77,0.72,1.8,1.22
521.85,36,1.02,2.55,1.14,0.43,0.93,1.1,0.43,5.97,0.76,0.04,1.05,0.77,0.71,1.74,1.23
522.85,36,1.03,2.48,1.15,0.43,0.94,1.11,0.41,5.9,0.77,0.05,1.01,0.77,0.7,1.67,1.23
523.85,36,1.02,2.42,1.15,0.46,0.94,1.1,0.4,5.81,0.77,0.04,0.99,0.77,0.71,1.62,1.22
524.85,36,1.03,2.35,1.16,0.47,0.94,1.1,0.42,5.7,0.77,0.04,0.98,0.78,0.72,1.57,1.22
525.85,36,1.02,2.29,1.15,0.43,0.93,1.1,0.41,5.59,0.77,0.04,0.97,0.77,0.71,1.46,1.23
526.87,36,1.02,2.23,1.15,0.41,0.94,1.11,0.39,5.52,0.77,0.05,0.94,0.77,0.69,1.32,1.22
527.87,36,1.03,2.17,1.15,0.39,0.93,1.1,0.39,5.45,0.77,0.04,0.93,0.77,0.7,1.25,1.22
528.87,36,1.02,2.11,1.15,0.38,0.92,1.1,0.39,5.29,0.76,0.04,0.9,0.77,0.7,1.22,1.22
529.87,36,1.02,2.04,1.15,0.4,0.92,1.1,0.38,5.22,0.77,0.04,0.92,0.77,0.69,1.15,1.23
530.88,36,1.02,1.99,1.15,0.41,0.93,1.1,0.38,5.18,0.76,0.03,0.92,0.77,0.69,1.04,1.22
531.88,36,1.02,1.93,1.15,0.39,0.92,1.1,0.37,5.1,0.76,0.03,0.89,0.77,0.68,0.98,1.22
532.88,36,1.02,1.89,1.15,0.38,0.92,1.1,0.37,4.98,0.76,0.02,0.89,0.77,0.69,0.94,1.23
533.88,36,1.02,1.83,1.16,0.38,0.93,1.1,0.38,4.92,0.77,0.03,0.87,0.77,0.69,0.84,1.22
534.88,36,1.02,1.77,1.15,0.39,0.93,1.11,0.37,4.87,0.77,0.03,0.87,0.78,0.69,0.82,1.23
535.88,36,1.02,1.72,1.15,0.38,0.92,1.11,0.36,4.79,0.76,0.04,0.86,0.78,0.69,0.86,1.23
536.9,36,1.02,1.68,1.15,0.37,0.92,1.11,0.37,4.62,0.76,0.04,0.86,0.77,0.69,0.87,1.22
537.9,36,1.01,1.63,1.14,0.36,0.91,1.1,0.36,4.53,0.76,0.02,0.84,0.77,0.67,0.78,1.22
538.9,36,1.02,1.6,1.15,0.37,0.92,1.1,0.36,4.51,0.77,0.02,0.83,0.77,0.69,0.71,1.23
539.9,36,1.02,1.55,1.16,0.37,0.92,1.1,0.36,4.44,0.77,0.02,0.84,0.77,0.69,0.71,1.23
540.9,36,1.02,1.52,1.15,0.36,0.91,1.1,0.35,4.3,0.76,0.02,0.84,0.77,0.67,0.72,1.23
541.9,36,1.01,1.49,1.15,0.36,0.91,1.1,0.35,4.27,0.77,0.02,0.81,0.77,0.68,0.66,1.23
542.9,36,1.01,1.46,1.15,0.36,0.91,1.1,0.35,4.25,0.77,0.02,0.82,0.77,0.67,0.65,1.22
543.9,36,1.02,1.44,1.15,0.36,0.91,1.1,0.35,4.2,0.77,0.02,0.83,0.77,0.68,0.65,1.23
544.92,36,1.02,1.41,1.16,0.35,0.92,1.11,0.36,4.07,0.76,0.02,0.81,0.78,0.69,0.65,1.23
545.92,36,1.01,1.39,1.15,0.35,0.92,1.1,0.35,4.03,0.77,0.02,0.8,0.77,0.68,0.63,1.23
546.92,36,1.01,1.37,1.15,0.36,0.92,1.11,0.35,4.06,0.77,0.03,0.82,0.77,0.69,0.62,1.23
547.92,36,1,1.35,1.15,0.35,0.91,1.11,0.35,4.01,0.77,0.01,0.8,0.77,0.68,0.61,1.22
548.93,36,1.01,1.33,1.15,0.35,0.9,1.1,0.33,3.88,0.77,0.01,0.79,0.77,0.68,0.59,1.22
549.93,36,1.01,1.32,1.15,0.35,0.91,1.1,0.35,3.77,0.77,0.02,0.8,0.77,0.68,0.62,1.23
550.93,36,1.01,1.3,1.15,0.34,0.9,1.1,0.34,3.74,0.77,0.02,0.8,0.77,0.68,0.59,1.23
551.93,36,1.01,1.29,1.15,0.35,0.91,1.11,0.35,3.67,0.77,0.02,0.79,0.78,0.69,0.58,1.23
552.93,36,1.02,1.29,1.15,0.35,0.92,1.1,0.35,3.51,0.77,0.02,0.8,0.77,0.67,0.58,1.23
553.95,36,1.01,1.27,1.15,0.35,0.91,1.11,0.35,3.42,0.77,0.02,0.79,0.77,0.68,0.58,1.23
554.95,36,1,1.25,1.14,0.34,0.9,1.1,0.34,3.38,0.76,0.01,0.77,0.77,0.68,0.55,1.23
555.95,36,1,1.24,1.15,0.34,0.9,1.1,0.33,3.29,0.76,0.01,0.77,0.77,0.67,0.57,1.23
556.95,36,1.01,1.25,1.15,0.35,0.91,1.1,0.34,3.15,0.76,0.02,0.79,0.77,0.68,0.56,1.23
557.97,36,1.01,1.23,1.15,0.34,0.9,1.1,0.34,3.02,0.77,0.01,0.78,0.77,0.67,0.53,1.23
558.97,36,1,1.21,1.15,0.34,0.9,1.1,0.34,2.93,0.76,0.01,0.77,0.77,0.67,0.53,1.23
559.97,36,1,1.21,1.14,0.35,0.9,1.1,0.34,2.84,0.77,0.01,0.77,0.77,0.67,0.54,1.22
560.97,36,1.01,1.21,1.15,0.34,0.91,1.11,0.34,2.72,0.77,0.01,0.77,0.77,0.68,0.54,1.23
561.97,36,1,1.19,1.15,0.34,0.9,1.1,0.33,2.56,0.77,0.01,0.77,0.77,0.67,0.54,1.22
562.98,36,1.01,1.19,1.15,0.34,0.91,1.11,0.34,2.41,0.77,0.01,0.77,0.77,0.67,0.54,1.23
563.98,36,1,1.17,1.15,0.34,0.9,1.1,0.33,2.23,0.77,0,0.77,0.77,0.67,0.51,1.22
564.98,36,1,1.17,1.15,0.34,0.9,1.11,0.33,2.12,0.77,0.01,0.76,0.77,0.67,0.52,1.22
566,36,1,1.18,1.15,0.34,0.9,1.11,0.33,2.07,0.76,0.01,0.77,0.77,0.67,0.51,1.23
567,36,1,1.17,1.15,0.34,0.9,1.1,0.33,1.94,0.77,0,0.77,0.77,0.66,0.5,1.23
568,36,1,1.16,1.15,0.33,0.89,1.1,0.33,1.8,0.77,0,0.75,0.77,0.67,0.5,1.22
569,36,1,1.17,1.15,0.34,0.9,1.1,0.32,1.7,0.77,0,0.75,0.77,0.67,0.5,1.23
570,36,1,1.15,1.15,0.34,0.9,1.1,0.32,1.62,0.77,0,0.76,0.77,0.67,0.5,1.23
571,36,1,1.15,1.15,0.34,0.9,1.1,0.33,1.52,0.77,0,0.75,0.77,0.67,0.51,1.23
572.02,36,1,1.15,1.15,0.33,0.9,1.11,0.33,1.38,0.77,0.01,0.75,0.77,0.67,0.5,1.23
573.02,36,1,1.15,1.15,0.33,0.9,1.1,0.32,1.27,0.77,0,0.76,0.77,0.67,0.51,1.21
574.02,36,1,1.14,1.15,0.34,0.9,1.1,0.32,1.23,0.77,0,0.75,0.77,0.67,0.5,1.22
575.02,36,1,1.13,1.15,0.33,0.89,1.1,0.32,1.11,0.75,0,0.74,0.76,0.66,0.49,1.21
576.03,36,1,1.13,1.14,0.33,0.9,1.1,0.32,1.04,0.76,0,0.75,0.77,0.66,0.48,1.22
577.03,36,0.99,1.12,1.14,0.32,0.89,1.1,0.32,0.99,0.75,0,0.74,0.76,0.66,0.48,1.21
578.03,36,1,1.12,1.14,0.32,0.89,1.1,0.32,0.9,0.76,0,0.74,0.76,0.66,0.48,1.21
579.03,36,0.99,1.11,1.14,0.32,0.88,1.1,0.32,0.93,0.75,0,0.73,0.77,0.65,0.47,1.21
580.05,36,1,1.13,1.15,0.34,0.89,1.1,0.32,0.89,0.76,0,0.74,0.77,0.66,0.47,1.21
581.05,36,0.99,1.11,1.14,0.32,0.89,1.1,0.32,0.76,0.76,0,0.73,0.77,0.66,0.47,1.22
582.05,36,0.99,1.12,1.14,0.33,0.88,1.1,0.32,0.82,0.75,0,0.74,0.77,0.66,0.47,1.21
583.05,36,1,1.11,1.15,0.34,0.9,1.1,0.33,0.8,0.77,0.01,0.75,0.77,0.67,0.47,1.23
584.05,36,1,1.1,1.15,0.33,0.89,1.1,0.32,0.71,0.76,0,0.74,0.77,0.66,0.47,1.22
585.05,36,1,1.09,1.15,0.33,0.89,1.1,0.32,0.7,0.76,0,0.74,0.77,0.66,0.46,1.21
586.07,36,1,1.1,1.14,0.32,0.88,1.1,0.32,0.67,0.76,0,0.73,0.77,0.66,0.46,1.21
587.07,36,0.99,1.09,1.14,0.32,0.88,1.1,0.32,0.58,0.75,0,0.73,0.77,0.66,0.46,1.21
588.07,36,1,1.08,1.14,0.32,0.88,1.1,0.32,0.52,0.76,0,0.73,0.76,0.65,0.46,1.22
589.08,36,1,1.09,1.15,0.33,0.9,1.1,0.32,0.58,0.77,0,0.74,0.77,0.66,0.46,1.22
590.08,36,1,1.08,1.15,0.32,0.88,1.1,0.31,0.57,0.75,0,0.74,0.76,0.66,0.47,1.21
591.08,36,1,1.08,1.15,0.33,0.88,1.1,0.33,0.48,0.76,0,0.74,0.77,0.67,0.46,1.22
592.08,36,0.99,1.07,1.14,0.32,0.88,1.1,0.31,0.4,0.76,0,0.73,0.76,0.65,0.45,1.21
593.1,36,1,1.07,1.14,0.32,0.88,1.1,0.32,0.39,0.76,0,0.73,0.76,0.66,0.46,1.21
594.1,36,1,1.08,1.15,0.32,0.88,1.1,0.32,0.41,0.76,0,0.74,0.77,0.65,0.46,1.22
595.1,36,0.99,1.07,1.14,0.32,0.88,1.1,0.32,0.35,0.76,0,0.73,0.77,0.66,0.46,1.21
596.1,36,1,1.06,1.14,0.32,0.88,1.1,0.32,0.32,0.75,0,0.72,0.77,0.66,0.45,1.21
597.1,36,0.99,1.06,1.14,0.32,0.88,1.1,0.31,0.35,0.76,0,0.73,0.77,0.66,0.45,1.21
598.12,36,1,1.06,1.15,0.32,0.88,1.1,0.32,0.32,0.76,0,0.73,0.77,0.65,0.45,1.21
599.12,36,0.99,1.06,1.14,0.32,0.88,1.09,0.31,0.27,0.76,0,0.73,0.76,0.65,0.45,1.21
600.12,36,1,1.07,1.15,0.33,0.88,1.1,0.32,0.34,0.76,0,0.73,0.77,0.66,0.46,1.22
601.12,36,0.99,1.07,1.15,0.32,0.88,1.1,0.32,0.32,0.76,0,0.73,0.77,0.66,0.45,1.21
602.12,36,1,1.06,1.15,0.32,0.88,1.1,0.32,0.26,0.77,0,0.73,0.77,0.65,0.46,1.22
603.13,36,0.99,1.06,1.14,0.32,0.88,1.1,0.31,0.25,0.75,0,0.73,0.76,0.65,0.44,1.22
604.13,36,0.99,1.06,1.14,0.32,0.88,1.09,0.32,0.3,0.76,0,0.73,0.77,0.65,0.45,1.22
605.13,36,0.99,1.05,1.14,0.32,0.88,1.09,0.3,0.28,0.75,0,0.72,0.76,0.65,0.45,1.22
606.13,36,0.99,1.05,1.14,0.32,0.88,1.09,0.31,0.26,0.75,0,0.72,0.77,0.65,0.44,1.21
607.13,36,0.99,1.05,1.14,0.32,0.88,1.1,0.3,0.25,0.75,0,0.73,0.77,0.65,0.44,1.21
608.13,36,0.99,1.05,1.14,0.32,0.88,1.1,0.31,0.26,0.76,0,0.72,0.76,0.65,0.45,1.21
609.15,36,0.99,1.05,1.14,0.32,0.88,1.1,0.32,0.25,0.75,0,0.72,0.76,0.65,0.44,1.22
610.15,36,0.99,1.04,1.15,0.31,0.88,1.09,0.31,0.24,0.76,0,0.72,0.77,0.66,0.44,1.22
611.15,36,0.99,1.04,1.15,0.32,0.88,1.1,0.31,0.23,0.76,0,0.72,0.77,0.66,0.44,1.22
612.15,36,0.99,1.04,1.14,0.31,0.88,1.1,0.31,0.23,0.76,0,0.72,0.75,0.66,0.44,1.21
613.17,36,0.99,1.04,1.15,0.31,0.88,1.08,0.31,0.23,0.75,0,0.72,0.77,0.65,0.44,1.21
614.17,36,1,1.05,1.15,0.32,0.89,1.1,0.32,0.22,0.77,0,0.72,0.77,0.66,0.45,1.22
615.17,36,0.99,1.04,1.15,0.32,0.88,1.1,0.31,0.2,0.75,0,0.72,0.77,0.65,0.44,1.21
616.17,36,0.99,1.04,1.14,0.32,0.88,1.09,0.31,0.19,0.76,0,0.72,0.77,0.65,0.44,1.21
617.17,36,1,1.04,1.15,0.32,0.88,1.1,0.31,0.19,0.77,0,0.72,0.77,0.66,0.45,1.22
618.18,36,0.99,1.04,1.14,0.32,0.88,1.1,0.32,0.18,0.76,0,0.72,0.76,0.66,0.44,1.21
619.18,36,0.99,1.03,1.14,0.32,0.87,1.1,0.31,0.19,0.76,0,0.72,0.76,0.66,0.44,1.21
620.18,36,1,1.03,1.15,0.32,0.88,1.1,0.32,0.17,0.76,0,0.72,0.77,0.65,0.44,1.21
621.18,36,0.99,1.02,1.14,0.32,0.88,1.09,0.31,0.17,0.76,0,0.72,0.76,0.65,0.43,1.22
622.2,36,1,1.03,1.15,0.32,0.89,1.1,0.31,0.18,0.76,0,0.72,0.77,0.65,0.44,1.22
623.2,36,0.99,1.02,1.14,0.32,0.87,1.09,0.3,0.16,0.75,0,0.71,0.76,0.65,0.43,1.21
624.2,36,1,1.03,1.15,0.32,0.88,1.11,0.32,0.17,0.77,0,0.72,0.77,0.67,0.44,1.22
625.2,36,1,1.02,1.15,0.32,0.88,1.1,0.32,0.16,0.76,0,0.72,0.76,0.65,0.44,1.22
626.22,36,0.99,1.02,1.15,0.31,0.88,1.1,0.31,0.16,0.75,0,0.71,0.76,0.65,0.43,1.21
627.22,36,1,1.03,1.15,0.32,0.89,1.11,0.32,0.17,0.77,0,0.72,0.77,0.65,0.44,1.22
628.22,36,0.99,1.02,1.14,0.31,0.87,1.09,0.31,0.14,0.75,0,0.71,0.76,0.65,0.43,1.21
629.22,36,0.99,1.01,1.14,0.31,0.87,1.09,0.31,0.15,0.75,0,0.71,0.76,0.64,0.43,1.21
630.22,36,0.99,1.01,1.15,0.32,0.88,1.1,0.31,0.16,0.76,0,0.72,0.77,0.66,0.43,1.22
631.23,36,0.99,1.01,1.13,0.32,0.87,1.1,0.31,0.16,0.75,0,0.72,0.77,0.65,0.43,1.21
632.23,36,0.99,1,1.14,0.32,0.88,1.1,0.3,0.14,0.75,0,0.72,0.76,0.65,0.43,1.21
633.23,36,1,1.02,1.15,0.32,0.88,1.1,0.31,0.14,0.76,0,0.71,0.76,0.66,0.44,1.22
634.23,36,0.99,1.01,1.15,0.32,0.88,1.08,0.31,0.15,0.77,0,0.71,0.77,0.65,0.43,1.21
635.23,36,0.99,1,1.14,0.31,0.87,1.1,0.31,0.14,0.75,0,0.72,0.77,0.65,0.43,1.21
636.25,36,0.99,1,1.15,0.32,0.88,1.1,0.31,0.14,0.76,0,0.71,0.77,0.65,0.43,1.21
637.25,36,0.98,1,1.14,0.31,0.88,1.09,0.3,0.14,0.75,0,0.71,0.76,0.65,0.43,1.21
638.25,36,0.99,1.01,1.14,0.31,0.86,1.1,0.31,0.13,0.76,0,0.71,0.76,0.65,0.43,1.21
639.25,36,0.99,1.01,1.14,0.32,0.88,1.1,0.31,0.14,0.76,0,0.71,0.77,0.65,0.43,1.21
640.25,36,0.99,1.01,1.14,0.32,0.88,1.1,0.31,0.13,0.76,0,0.71,0.77,0.65,0.43,1.22
641.25,36,0.99,1,1.14,0.32,0.88,1.1,0.3,0.13,0.75,0,0.71,0.77,0.65,0.43,1.21
642.27,36,0.99,1,1.15,0.32,0.88,1.1,0.31,0.14,0.75,0,0.71,0.77,0.65,0.43,1.21
643.27,36,0.99,1,1.14,0.32,0.87,1.1,0.3,0.13,0.75,0,0.71,0.76,0.65,0.43,1.21
644.27,36,0.98,1,1.15,0.31,0.87,1.1,0.3,0.13,0.76,0,0.71,0.75,0.65,0.43,1.21
645.27,36,0.98,1,1.13,0.31,0.87,1.08,0.3,0.12,0.75,0,0.71,0.76,0.65,0.43,1.21
646.27,36,0.99,1.01,1.14,0.32,0.87,1.1,0.31,0.12,0.75,0,0.71,0.77,0.65,0.43,1.21
647.28,36,0.99,1,1.15,0.32,0.88,1.1,0.31,0.14,0.77,0,0.72,0.77,0.65,0.43,1.22
648.28,36,0.99,1,1.15,0.32,0.88,1.1,0.31,0.12,0.76,0,0.72,0.77,0.65,0.43,1.22
649.28,36,0.99,1,1.15,0.32,0.87,1.09,0.3,0.12,0.75,0,0.71,0.77,0.65,0.43,1.21
650.28,36,0.99,1,1.14,0.32,0.88,1.1,0.31,0.12,0.76,0,0.71,0.77,0.65,0.43,1.22
651.28,36,0.99,1,1.14,0.31,0.86,1.09,0.3,0.12,0.75,0,0.71,0.77,0.65,0.43,1.21
652.3,36,0.98,0.99,1.15,0.31,0.87,1.1,0.3,0.12,0.75,0,0.71,0.77,0.65,0.43,1.21
653.3,36,0.99,0.98,1.14,0.32,0.86,1.09,0.31,0.12,0.75,0,0.71,0.76,0.65,0.42,1.21
654.3,36,0.98,0.98,1.13,0.31,0.87,1.09,0.3,0.11,0.75,0,0.71,0.76,0.65,0.43,1.21
655.3,36,0.99,0.98,1.14,0.32,0.87,1.1,0.3,0.11,0.75,0,0.71,0.76,0.65,0.43,1.22
656.3,36,0.98,0.98,1.14,0.32,0.87,1.09,0.3,0.12,0.75,0,0.7,0.76,0.65,0.42,1.21
657.32,36,0.99,0.99,1.14,0.32,0.87,1.1,0.3,0.12,0.76,0,0.71,0.76,0.65,0.43,1.21
658.32,36,0.98,0.98,1.14,0.32,0.87,1.09,0.3,0.11,0.76,0,0.71,0.77,0.65,0.43,1.21
659.32,36,0.98,0.98,1.14,0.32,0.87,1.09,0.3,0.11,0.75,0,0.7,0.76,0.65,0.43,1.21
660.32,36,0.99,0.98,1.14,0.32,0.88,1.1,0.31,0.11,0.76,0,0.71,0.76,0.65,0.43,1.21
661.33,36,0.98,0.97,1.14,0.31,0.87,1.1,0.3,0.11,0.75,0,0.7,0.77,0.65,0.43,1.21
662.33,36,0.99,0.98,1.14,0.32,0.87,1.1,0.31,0.11,0.76,0,0.71,0.77,0.66,0.43,1.21
663.33,36,0.99,0.98,1.15,0.32,0.87,1.1,0.31,0.12,0.76,0,0.71,0.77,0.66,0.43,1.21
664.33,36,0.99,0.98,1.14,0.32,0.88,1.1,0.31,0.11,0.77,0,0.71,0.77,0.65,0.43,1.21
665.33,36,0.99,0.97,1.14,0.32,0.87,1.1,0.3,0.11,0.75,0,0.71,0.76,0.65,0.43,1.21
666.33,36,0.98,0.97,1.14,0.3,0.86,1.09,0.3,0.11,0.75,0,0.7,0.75,0.65,0.42,1.21
667.35,36,0.98,0.96,1.13,0.31,0.87,1.09,0.3,0.11,0.75,0,0.7,0.76,0.65,0.42,1.21
668.35,36,0.98,0.97,1.14,0.31,0.87,1.08,0.3,0.11,0.75,0,0.7,0.76,0.65,0.42,1.21
669.35,36,0.98,0.97,1.13,0.31,0.86,1.09,0.3,0.11,0.75,0,0.71,0.76,0.65,0.43,1.21
670.35,36,0.99,0.98,1.14,0.32,0.87,1.09,0.3,0.11,0.75,0,0.71,0.76,0.65,0.43,1.21
671.35,36,1,0.98,1.15,0.32,0.88,1.09,0.31,0.11,0.77,0,0.71,0.77,0.66,0.44,1.22
672.37,36,0.99,0.97,1.14,0.32,0.87,1.1,0.31,0.11,0.76,0,0.71,0.77,0.65,0.42,1.21
673.37,36,0.99,0.97,1.14,0.32,0.88,1.09,0.31,0.11,0.75,0,0.71,0.77,0.65,0.42,1.21
674.37,36,0.99,0.96,1.14,0.31,0.87,1.1,0.3,0.11,0.75,0,0.71,0.76,0.65,0.43,1.21
675.37,36,0.98,0.97,1.13,0.31,0.87,1.08,0.3,0.1,0.75,0,0.7,0.76,0.65,0.42,1.21
676.38,36,0.98,0.97,1.14,0.31,0.86,1.08,0.3,0.11,0.75,0,0.7,0.76,0.65,0.42,1.2
677.38,36,0.99,0.97,1.15,0.32,0.87,1.1,0.3,0.11,0.77,0,0.71,0.77,0.65,0.43,1.21
678.38,36,0.99,0.98,1.15,0.32,0.87,1.1,0.3,0.11,0.76,0,0.7,0.76,0.65,0.43,1.21
679.38,36,0.98,0.97,1.14,0.3,0.87,1.09,0.3,0.1,0.76,0,0.7,0.77,0.65,0.42,1.21
680.38,36,0.98,0.96,1.13,0.3,0.86,1.09,0.3,0.1,0.75,0,0.71,0.75,0.65,0.42,1.21
681.4,36,0.98,0.97,1.15,0.31,0.87,1.1,0.3,0.1,0.75,0,0.71,0.76,0.65,0.42,1.21
682.4,36,0.98,0.96,1.14,0.31,0.86,1.1,0.3,0.11,0.76,0,0.7,0.77,0.65,0.43,1.21
683.4,36,0.99,0.97,1.15,0.32,0.87,1.1,0.3,0.11,0.75,0,0.71,0.77,0.65,0.43,1.21
684.4,36,0.98,0.96,1.14,0.31,0.86,1.09,0.3,0.1,0.75,0,0.7,0.76,0.64,0.42,1.21
685.4,36,0.98,0.96,1.14,0.31,0.87,1.08,0.3,0.11,0.75,0,0.7,0.76,0.65,0.42,1.21
686.4,36,0.99,0.96,1.13,0.3,0.86,1.09,0.3,0.09,0.75,0,0.7,0.75,0.65,0.42,1.21
687.42,36,0.98,0.95,1.13,0.3,0.86,1.09,0.3,0.09,0.75,0,0.71,0.76,0.64,0.42,1.21
688.42,36,0.99,0.96,1.14,0.31,0.87,1.09,0.3,0.1,0.75,0,0.7,0.77,0.65,0.42,1.21
689.42,36,0.99,0.96,1.14,0.32,0.87,1.1,0.3,0.1,0.76,0,0.71,0.76,0.65,0.43,1.22
690.42,36,0.98,0.95,1.14,0.31,0.86,1.1,0.3,0.09,0.75,0,0.69,0.75,0.64,0.42,1.21
691.43,36,0.98,0.96,1.14,0.31,0.87,1.09,0.3,0.09,0.75,0,0.7,0.76,0.64,0.42,1.21
692.43,36,0.99,0.96,1.15,0.3,0.87,1.09,0.3,0.09,0.75,0,0.71,0.76,0.65,0.42,1.21
693.43,36,0.99,0.96,1.15,0.31,0.86,1.09,0.31,0.1,0.76,0,0.7,0.77,0.65,0.43,1.21
694.43,36,0.98,0.96,1.14,0.3,0.86,1.09,0.29,0.09,0.75,0,0.7,0.76,0.65,0.42,1.21
695.45,36,0.98,0.95,1.14,0.31,0.86,1.08,0.3,0.09,0.75,0,0.7,0.76,0.65,0.41,1.21
696.45,36,0.98,0.96,1.14,0.31,0.86,1.1,0.3,0.09,0.75,0,0.69,0.77,0.64,0.42,1.21
697.45,36,0.98,0.95,1.13,0.31,0.86,1.09,0.3,0.1,0.75,0,0.7,0.77,0.64,0.42,1.21
698.45,36,0.98,0.95,1.14,0.3,0.86,1.1,0.3,0.09,0.75,0,0.7,0.75,0.65,0.41,1.21
699.47,36,0.98,0.95,1.13,0.3,0.86,1.08,0.3,0.09,0.75,0,0.69,0.75,0.64,0.42,1.21
700.47,36,0.98,0.96,1.14,0.31,0.86,1.1,0.3,0.09,0.75,0,0.69,0.75,0.65,0.42,1.21
701.47,36,0.98,0.96,1.14,0.31,0.87,1.1,0.3,0.1,0.75,0,0.7,0.76,0.64,0.42,1.22
702.48,36,0.98,0.95,1.14,0.31,0.87,1.1,0.3,0.1,0.76,0,0.7,0.77,0.65,0.41,1.21
703.48,36,0.99,0.96,1.15,0.31,0.87,1.1,0.3,0.1,0.75,0,0.71,0.77,0.65,0.42,1.22
704.48,36,0.99,0.95,1.14,0.31,0.86,1.09,0.3,0.09,0.76,0,0.7,0.76,0.65,0.43,1.21
705.48,36,0.99,0.95,1.14,0.32,0.86,1.08,0.3,0.09,0.76,0,0.71,0.76,0.65,0.43,1.21
706.5,36,0.98,0.95,1.14,0.32,0.87,1.1,0.3,0.09,0.75,0,0.7,0.76,0.65,0.42,1.21
707.5,36,0.99,0.96,1.14,0.31,0.86,1.1,0.3,0.09,0.75,0,0.7,0.76,0.65,0.42,1.21
708.5,36,0.98,0.94,1.14,0.31,0.87,1.09,0.3,0.09,0.75,0,0.7,0.76,0.65,0.42,1.21
709.5,36,0.98,0.95,1.15,0.31,0.87,1.1,0.3,0.1,0.75,0,0.7,0.76,0.65,0.42,1.21
710.52,36,0.99,0.95,1.14,0.31,0.87,1.1,0.31,0.09,0.76,0,0.7,0.75,0.65,0.42,1.21
711.52,36,0.98,0.94,1.14,0.31,0.86,1.08,0.29,0.09,0.75,0,0.69,0.75,0.65,0.41,1.21
712.52,36,0.98,0.94,1.13,0.3,0.86,1.09,0.29,0.09,0.75,0,0.69,0.76,0.65,0.41,1.21
713.52,36,0.99,0.94,1.14,0.31,0.87,1.09,0.3,0.09,0.75,0,0.7,0.76,0.65,0.42,1.21
714.53,36,0.98,0.95,1.13,0.3,0.86,1.08,0.3,0.09,0.75,0,0.69,0.75,0.65,0.42,1.21
715.53,36,0.98,0.94,1.13,0.3,0.86,1.1,0.3,0.09,0.75,0,0.69,0.75,0.64,0.41,1.21
716.53,36,0.98,0.94,1.13,0.31,0.86,1.1,0.3,0.09,0.75,0,0.7,0.76,0.65,0.42,1.21
717.53,36,0.98,0.94,1.14,0.3,0.86,1.09,0.29,0.09,0.75,0,0.69,0.76,0.65,0.41,1.21
718.55,36,0.98,0.94,1.13,0.3,0.86,1.08,0.3,0.09,0.75,0,0.69,0.76,0.64,0.41,1.21
719.55,36,0.99,0.94,1.15,0.32,0.87,1.1,0.31,0.09,0.76,0,0.7,0.76,0.65,0.42,1.21
720.55,36,0.99,0.95,1.15,0.32,0.86,1.09,0.3,0.1,0.76,0,0.7,0.76,0.65,0.43,1.21
721.57,36,0.98,0.94,1.14,0.31,0.86,1.09,0.3,0.09,0.76,0,0.7,0.77,0.65,0.42,1.21
722.57,36,0.99,0.94,1.14,0.3,0.86,1.09,0.3,0.09,0.75,0,0.69,0.76,0.65,0.41,1.21
723.57,36,0.98,0.95,1.14,0.31,0.87,1.09,0.3,0.09,0.75,0,0.71,0.75,0.65,0.41,1.21
724.58,36,0.98,0.94,1.13,0.3,0.86,1.08,0.3,0.08,0.74,0,0.69,0.75,0.64,0.41,1.2
725.58,36,0.98,0.94,1.13,0.3,0.86,1.09,0.3,0.09,0.75,0,0.7,0.76,0.65,0.41,1.21
726.58,36,0.98,0.94,1.15,0.3,0.87,1.09,0.3,0.09,0.75,0,0.7,0.77,0.65,0.42,1.21
727.58,36,0.99,0.94,1.14,0.3,0.87,1.09,0.3,0.09,0.75,0,0.69,0.76,0.65,0.42,1.21
728.58,36,0.98,0.95,1.14,0.31,0.87,1.09,0.3,0.09,0.75,0,0.69,0.77,0.65,0.41,1.21
729.6,36,0.98,0.94,1.14,0.31,0.87,1.1,0.3,0.09,0.76,0,0.7,0.77,0.65,0.42,1.21
730.6,36,0.98,0.94,1.13,0.3,0.86,1.09,0.3,0.09,0.75,0,0.69,0.75,0.65,0.41,1.21
731.6,36,1,0.94,1.15,0.32,0.87,1.1,0.3,0.09,0.76,0,0.71,0.77,0.65,0.43,1.21
732.6,36,0.98,0.94,1.13,0.3,0.86,1.08,0.29,0.08,0.75,0,0.69,0.75,0.64,0.41,1.21
733.6,36,0.98,0.94,1.13,0.3,0.86,1.1,0.3,0.09,0.75,0,0.69,0.76,0.65,0.41,1.21
734.6,36,0.98,0.94,1.13,0.3,0.86,1.09,0.3,0.09,0.75,0,0.69,0.76,0.65,0.42,1.21
735.62,36,0.98,0.94,1.14,0.31,0.86,1.09,0.3,0.09,0.75,0,0.69,0.75,0.65,0.41,1.2
736.62,36,0.98,0.94,1.14,0.31,0.86,1.1,0.3,0.09,0.76,0,0.7,0.76,0.65,0.42,1.21
737.62,36,0.99,0.94,1.14,0.31,0.86,1.1,0.3,0.09,0.75,0,0.69,0.76,0.65,0.42,1.21
738.63,36,0.99,0.94,1.14,0.31,0.86,1.1,0.3,0.09,0.75,0,0.7,0.76,0.65,0.42,1.21
739.63,36,0.99,0.93,1.15,0.31,0.88,1.1,0.3,0.09,0.76,0,0.7,0.77,0.65,0.42,1.21
740.63,36,0.98,0.93,1.13,0.3,0.86,1.09,0.3,0.09,0.75,0,0.69,0.76,0.64,0.42,1.21
741.63,36,0.98,0.93,1.14,0.31,0.86,1.09,0.3,0.08,0.76,0,0.69,0.76,0.64,0.42,1.21
742.63,36,0.98,0.93,1.14,0.32,0.86,1.1,0.3,0.09,0.75,0,0.7,0.77,0.65,0.42,1.21
743.63,36,0.98,0.93,1.14,0.3,0.86,1.1,0.3,0.09,0.75,0,0.69,0.76,0.65,0.42,1.21
744.65,36,0.98,0.94,1.14,0.31,0.87,1.1,0.3,0.09,0.75,0,0.69,0.76,0.65,0.42,1.21
745.65,36,0.98,0.93,1.13,0.3,0.86,1.09,0.3,0.09,0.75,0,0.69,0.76,0.65,0.41,1.21
746.65,36,0.98,0.94,1.14,0.31,0.86,1.09,0.3,0.08,0.76,0,0.7,0.77,0.65,0.42,1.21
747.65,36,0.99,0.94,1.13,0.31,0.86,1.1,0.31,0.09,0.76,0,0.69,0.77,0.65,0.42,1.22
748.67,36,0.99,0.94,1.15,0.32,0.87,1.1,0.3,0.09,0.76,0,0.71,0.77,0.65,0.43,1.22
749.67,36,0.99,0.93,1.13,0.3,0.86,1.1,0.3,0.09,0.75,0,0.7,0.77,0.65,0.42,1.21
750.67,36,0.98,0.93,1.14,0.31,0.86,1.09,0.3,0.08,0.75,0,0.7,0.75,0.65,0.42,1.21
751.67,36,0.99,0.94,1.15,0.32,0.87,1.1,0.3,0.09,0.77,0,0.71,0.76,0.65,0.42,1.22
752.68,36,0.98,0.94,1.14,0.31,0.86,1.09,0.3,0.08,0.75,0,0.7,0.75,0.65,0.41,1.21
753.68,36,0.99,0.93,1.14,0.31,0.87,1.1,0.3,0.09,0.76,0,0.7,0.77,0.65,0.42,1.21
754.68,36,0.99,0.94,1.15,0.32,0.87,1.1,0.31,0.09,0.75,0,0.7,0.76,0.65,0.42,1.21
755.68,36,0.98,0.92,1.13,0.31,0.86,1.09,0.29,0.08,0.75,0,0.69,0.75,0.64,0.42,1.21
756.7,36,0.99,0.94,1.15,0.31,0.86,1.1,0.3,0.09,0.75,0,0.69,0.76,0.65,0.42,1.21
757.7,36,0.98,0.92,1.14,0.3,0.86,1.1,0.3,0.08,0.76,0,0.7,0.76,0.65,0.42,1.21
758.7,36,0.98,0.94,1.14,0.31,0.86,1.09,0.3,0.09,0.75,0,0.69,0.77,0.65,0.43,1.22
759.7,36,0.98,0.93,1.13,0.3,0.86,1.09,0.29,0.08,0.75,0,0.7,0.75,0.65,0.41,1.21
760.7,36,0.98,0.93,1.14,0.31,0.86,1.1,0.3,0.08,0.75,0,0.69,0.77,0.65,0.42,1.21
761.72,36,0.98,0.94,1.15,0.31,0.86,1.1,0.3,0.09,0.76,0,0.7,0.77,0.65,0.42,1.21
762.72,36,0.98,0.92,1.13,0.3,0.86,1.09,0.3,0.08,0.75,0,0.69,0.75,0.64,0.41,1.21
763.72,36,0.99,0.93,1.15,0.31,0.87,1.09,0.3,0.09,0.77,0,0.7,0.77,0.65,0.42,1.21
764.72,36,0.98,0.92,1.13,0.31,0.87,1.09,0.3,0.09,0.75,0,0.7,0.76,0.64,0.41,1.21
765.73,36,0.99,0.93,1.14,0.31,0.87,1.08,0.3,0.09,0.76,0,0.69,0.75,0.65,0.42,1.21
766.73,36,0.98,0.93,1.14,0.31,0.86,1.09,0.3,0.09,0.75,0,0.7,0.77,0.64,0.41,1.21
767.73,36,0.98,0.92,1.14,0.31,0.86,1.08,0.3,0.09,0.75,0,0.69,0.76,0.65,0.41,1.21
768.75,36,0.98,0.93,1.14,0.3,0.86,1.09,0.3,0.08,0.75,0,0.7,0.76,0.65,0.41,1.21
769.75,36,0.98,0.93,1.13,0.31,0.86,1.09,0.3,0.08,0.75,0,0.7,0.76,0.64,0.41,1.21
770.75,36,0.99,0.92,1.14,0.31,0.86,1.09,0.3,0.09,0.75,0,0.69,0.75,0.65,0.42,1.21
771.75,36,0.99,0.93,1.15,0.32,0.86,1.09,0.31,0.09,0.76,0,0.69,0.76,0.65,0.42,1.21
772.77,36,0.98,0.92,1.14,0.3,0.86,1.08,0.3,0.09,0.75,0,0.69,0.75,0.64,0.41,1.21
773.77,36,0.98,0.92,1.13,0.3,0.86,1.08,0.3,0.09,0.75,0,0.69,0.76,0.64,0.42,1.21
774.77,36,0.98,0.92,1.15,0.31,0.87,1.1,0.3,0.09,0.76,0,0.69,0.75,0.65,0.41,1.21
775.77,36,0.99,0.92,1.14,0.31,0.86,1.1,0.3,0.09,0.76,0,0.69,0.75,0.65,0.42,1.21
776.77,36,0.99,0.93,1.15,0.31,0.87,1.1,0.3,0.09,0.75,0,0.69,0.76,0.65,0.42,1.21
777.77,36,0.98,0.92,1.13,0.3,0.86,1.09,0.29,0.09,0.75,0,0.69,0.76,0.65,0.41,1.21
778.78,36,0.98,0.92,1.14,0.31,0.86,1.09,0.3,0.08,0.75,0,0.69,0.75,0.64,0.42,1.21
779.78,36,0.99,0.93,1.15,0.32,0.86,1.09,0.3,0.09,0.77,0,0.7,0.77,0.65,0.43,1.22
780.78,36,0.98,0.92,1.14,0.31,0.86,1.09,0.3,0.09,0.75,0,0.69,0.76,0.65,0.41,1.21
781.78,36,1,0.93,1.15,0.31,0.88,1.1,0.3,0.09,0.75,0,0.71,0.77,0.65,0.42,1.21
782.78,36,0.98,0.94,1.15,0.31,0.86,1.1,0.3,0.09,0.76,0,0.7,0.76,0.65,0.43,1.21
783.78,36,0.98,0.92,1.13,0.3,0.86,1.09,0.3,0.08,0.75,0,0.69,0.75,0.65,0.41,1.21
784.78,36,0.98,0.92,1.14,0.31,0.86,1.1,0.29,0.08,0.75,0,0.69,0.76,0.65,0.42,1.21
785.8,36,0.98,0.92,1.13,0.3,0.86,1.09,0.3,0.08,0.75,0,0.69,0.75,0.64,0.41,1.21
786.8,36,0.98,0.92,1.13,0.3,0.86,1.09,0.3,0.08,0.75,0,0.69,0.76,0.64,0.42,1.21
787.8,36,0.99,0.92,1.15,0.32,0.87,1.1,0.3,0.09,0.75,0,0.7,0.77,0.65,0.42,1.21
788.8,36,0.98,0.92,1.14,0.31,0.86,1.09,0.3,0.09,0.75,0,0.69,0.75,0.65,0.42,1.21
789.82,36,0.99,0.93,1.14,0.32,0.86,1.1,0.3,0.08,0.76,0,0.7,0.76,0.65,0.42,1.21
790.82,36,0.98,0.93,1.13,0.3,0.86,1.09,0.29,0.08,0.75,0,0.69,0.75,0.65,0.41,1.21
791.82,36,0.99,0.92,1.14,0.31,0.86,1.1,0.3,0.09,0.75,0,0.69,0.77,0.65,0.41,1.21
792.82,36,0.99,0.92,1.14,0.31,0.87,1.1,0.3,0.09,0.76,0,0.69,0.76,0.65,0.42,1.21
793.82,36,0.99,0.93,1.14,0.32,0.86,1.1,0.3,0.09,0.76,0,0.7,0.77,0.65,0.43,1.22
794.83,36,0.99,0.92,1.14,0.3,0.86,1.09,0.3,0.08,0.75,0,0.69,0.76,0.65,0.41,1.21
795.83,36,0.99,0.92,1.14,0.31,0.86,1.1,0.3,0.09,0.75,0,0.69,0.77,0.65,0.42,1.21
796.83,36,0.98,0.92,1.14,0.31,0.86,1.09,0.3,0.09,0.76,0,0.7,0.76,0.65,0.42,1.21
797.83,36,0.98,0.92,1.13,0.3,0.86,1.1,0.3,0.08,0.75,0,0.69,0.75,0.64,0.42,1.21
798.83,36,0.98,0.92,1.13,0.31,0.86,1.09,0.3,0.08,0.75,0,0.7,0.75,0.65,0.42,1.21
799.83,36,0.99,0.92,1.14,0.31,0.86,1.1,0.3,0.08,0.75,0,0.69,0.75,0.65,0.41,1.21
800.85,36,0.99,0.92,1.14,0.31,0.87,1.09,0.3,0.09,0.75,0,0.7,0.75,0.65,0.42,1.21
801.85,36,0.98,0.92,1.14,0.3,0.86,1.1,0.3,0.08,0.76,0,0.69,0.76,0.65,0.42,1.21
802.85,36,0.98,0.92,1.14,0.3,0.86,1.09,0.3,0.07,0.75,0,0.69,0.76,0.64,0.41,1.21
803.87,36,0.99,0.92,1.15,0.31,0.86,1.1,0.3,0.09,0.76,0,0.69,0.77,0.65,0.43,1.21
804.87,36,0.98,0.92,1.14,0.31,0.86,1.09,0.3,0.08,0.76,0,0.69,0.75,0.65,0.41,1.21
805.87,36,0.98,0.92,1.14,0.31,0.86,1.09,0.3,0.09,0.75,0,0.7,0.75,0.65,0.42,1.21
806.87,36,0.98,0.91,1.14,0.3,0.86,1.08,0.3,0.08,0.75,0,0.69,0.75,0.64,0.41,1.21
807.88,36,0.99,0.92,1.15,0.31,0.86,1.09,0.3,0.09,0.76,0,0.7,0.77,0.65,0.42,1.21
808.88,36,0.98,0.92,1.15,0.31,0.86,1.1,0.3,0.09,0.75,0,0.69,0.75,0.65,0.41,1.22
809.88,36,0.98,0.92,1.14,0.31,0.86,1.09,0.3,0.09,0.75,0,0.7,0.77,0.65,0.42,1.21
810.88,36,0.98,0.92,1.14,0.3,0.86,1.1,0.3,0.08,0.76,0,0.69,0.76,0.65,0.42,1.21
811.9,36,0.98,0.91,1.13,0.3,0.86,1.09,0.3,0.07,0.75,0,0.69,0.75,0.64,0.41,1.21
812.9,36,0.99,0.92,1.14,0.32,0.87,1.1,0.3,0.09,0.76,0,0.69,0.76,0.65,0.42,1.22
813.9,36,0.99,0.92,1.15,0.31,0.86,1.1,0.3,0.08,0.76,0,0.7,0.77,0.65,0.42,1.21
814.9,36,0.98,0.92,1.14,0.3,0.86,1.09,0.29,0.08,0.75,0,0.69,0.75,0.64,0.41,1.21
815.92,36,0.99,0.92,1.15,0.32,0.86,1.09,0.3,0.09,0.76,0,0.69,0.76,0.65,0.41,1.21
816.92,36,0.98,0.92,1.13,0.3,0.86,1.08,0.29,0.07,0.75,0,0.69,0.75,0.64,0.41,1.2
817.92,36,0.98,0.92,1.13,0.31,0.86,1.09,0.3,0.09,0.76,0,0.69,0.76,0.65,0.41,1.22
818.92,36,0.98,0.92,1.14,0.3,0.86,1.09,0.3,0.08,0.75,0,0.69,0.76,0.65,0.41,1.21
819.92,36,0.98,0.91,1.14,0.3,0.86,1.08,0.3,0.08,0.75,0,0.69,0.76,0.64,0.41,1.21
820.93,36,0.99,0.92,1.15,0.31,0.86,1.1,0.3,0.09,0.76,0,0.7,0.76,0.65,0.42,1.22
821.93,36,0.98,0.91,1.14,0.31,0.86,1.09,0.3,0.08,0.76,0,0.69,0.75,0.65,0.41,1.21
822.93,36,0.98,0.92,1.14,0.31,0.86,1.09,0.3,0.08,0.75,0,0.69,0.75,0.64,0.41,1.2
823.93,36,0.98,0.91,1.13,0.3,0.85,1.08,0.29,0.07,0.75,0,0.69,0.75,0.63,0.41,1.2
824.95,36,0.98,0.91,1.13,0.31,0.86,1.1,0.3,0.07,0.75,0,0.69,0.76,0.65,0.41,1.21
825.95,36,0.98,0.91,1.13,0.3,0.86,1.09,0.3,0.07,0.75,0,0.69,0.75,0.64,0.41,1.21
826.95,36,0.99,0.92,1.14,0.31,0.86,1.1,0.3,0.08,0.76,0,0.69,0.77,0.65,0.41,1.21
827.95,36,0.98,0.92,1.14,0.3,0.86,1.09,0.3,0.08,0.76,0,0.69,0.76,0.65,0.41,1.21
828.95,36,0.98,0.92,1.14,0.32,0.86,1.09,0.3,0.08,0.75,0,0.7,0.77,0.65,0.42,1.21
829.95,36,0.98,0.92,1.14,0.31,0.86,1.09,0.3,0.09,0.75,0,0.69,0.77,0.65,0.42,1.21
830.97,36,0.98,0.91,1.14,0.3,0.86,1.09,0.29,0.08,0.75,0,0.69,0.76,0.65,0.41,1.21
831.97,36,0.98,0.91,1.13,0.3,0.86,1.08,0.3,0.07,0.75,0,0.68,0.75,0.63,0.41,1.21
832.97,36,0.98,0.91,1.14,0.3,0.86,1.09,0.29,0.08,0.75,0,0.69,0.75,0.65,0.41,1.21
833.97,36,0.98,0.91,1.14,0.31,0.86,1.08,0.29,0.08,0.75,0,0.69,0.75,0.64,0.41,1.2
834.98,36,0.98,0.91,1.14,0.31,0.86,1.09,0.3,0.08,0.75,0,0.69,0.76,0.65,0.42,1.21
835.98,36,0.98,0.91,1.13,0.3,0.85,1.09,0.29,0.08,0.75,0,0.69,0.75,0.64,0.41,1.21
836.98,36,0.98,0.91,1.13,0.3,0.85,1.09,0.3,0.08,0.75,0,0.69,0.75,0.64,0.41,1.2
837.98,36,0.98,0.9,1.14,0.3,0.86,1.1,0.29,0.08,0.75,0,0.69,0.76,0.64,0.41,1.21
838.98,36,0.98,0.91,1.14,0.3,0.86,1.09,0.3,0.07,0.75,0,0.69,0.75,0.64,0.41,1.21
839.98,36,0.98,0.91,1.14,0.3,0.85,1.09,0.3,0.07,0.75,0,0.69,0.75,0.64,0.41,1.21
841,36,0.98,0.92,1.13,0.3,0.86,1.09,0.3,0.07,0.76,0,0.69,0.75,0.64,0.42,1.21
842,36,0.98,0.9,1.14,0.3,0.86,1.08,0.29,0.07,0.75,0,0.69,0.75,0.64,0.41,1.21
843,36,0.98,0.9,1.13,0.3,0.86,1.09,0.3,0.07,0.75,0,0.69,0.75,0.65,0.41,1.21
844,36,0.98,0.91,1.13,0.3,0.86,1.09,0.3,0.07,0.75,0,0.69,0.75,0.64,0.41,1.2
845.02,36,0.99,0.91,1.14,0.32,0.86,1.1,0.3,0.08,0.75,0,0.69,0.76,0.64,0.41,1.21
846.02,36,0.98,0.91,1.15,0.31,0.86,1.1,0.3,0.08,0.75,0,0.69,0.76,0.65,0.41,1.21
847.02,36,0.98,0.91,1.14,0.3,0.86,1.09,0.29,0.08,0.75,0,0.69,0.76,0.65,0.41,1.21
848.02,36,0.98,0.9,1.13,0.31,0.86,1.09,0.29,0.07,0.75,0,0.69,0.76,0.63,0.41,1.2
849.03,36,0.98,0.91,1.14,0.31,0.86,1.1,0.3,0.08,0.75,0,0.69,0.76,0.64,0.41,1.21
850.03,36,0.99,0.92,1.13,0.31,0.86,1.09,0.31,0.08,0.76,0,0.69,0.76,0.65,0.42,1.21
851.03,36,0.98,0.9,1.14,0.3,0.86,1.08,0.3,0.07,0.75,0,0.69,0.75,0.64,0.41,1.2
852.03,36,0.98,0.9,1.13,0.31,0.86,1.09,0.3,0.08,0.75,0,0.69,0.75,0.64,0.41,1.21
853.03,36,0.98,0.91,1.14,0.31,0.86,1.1,0.3,0.07,0.75,0,0.69,0.76,0.64,0.41,1.21
854.03,36,0.98,0.91,1.14,0.3,0.86,1.08,0.3,0.07,0.75,0,0.68,0.75,0.64,0.41,1.21
855.03,36,0.98,0.91,1.14,0.3,0.86,1.09,0.3,0.07,0.75,0,0.69,0.76,0.64,0.41,1.2
856.05,36,0.98,0.91,1.13,0.3,0.86,1.09,0.3,0.08,0.75,0,0.69,0.75,0.64,0.41,1.21
857.05,36,0.98,0.91,1.14,0.31,0.86,1.09,0.3,0.07,0.75,0,0.69,0.75,0.65,0.41,1.21
858.05,36,0.98,0.91,1.14,0.3,0.86,1.09,0.29,0.08,0.75,0,0.69,0.75,0.64,0.41,1.21
859.05,36,0.98,0.9,1.13,0.3,0.85,1.08,0.29,0.07,0.74,0,0.67,0.74,0.64,0.4,1.2
860.05,36,0.98,0.9,1.13,0.3,0.86,1.09,0.3,0.07,0.75,0,0.69,0.75,0.65,0.41,1.2
861.05,36,0.98,0.9,1.13,0.3,0.85,1.08,0.3,0.07,0.74,0,0.69,0.75,0.64,0.41,1.21
862.05,36,0.98,0.9,1.14,0.3,0.85,1.09,0.29,0.07,0.74,0,0.68,0.75,0.63,0.41,1.2
863.07,36,0.98,0.9,1.13,0.3,0.86,1.09,0.3,0.07,0.75,0,0.69,0.76,0.65,0.41,1.21
864.07,36,0.98,0.91,1.15,0.31,0.86,1.09,0.3,0.08,0.75,0,0.69,0.75,0.65,0.42,1.21
865.07,36,0.98,0.9,1.13,0.3,0.86,1.09,0.3,0.07,0.75,0,0.68,0.75,0.63,0.41,1.21
866.07,36,0.98,0.9,1.14,0.3,0.86,1.09,0.29,0.07,0.75,0,0.69,0.76,0.64,0.41,1.21
867.07,36,0.99,0.9,1.15,0.31,0.86,1.09,0.3,0.08,0.75,0,0.69,0.75,0.65,0.41,1.21
868.07,36,0.98,0.9,1.14,0.31,0.86,1.09,0.3,0.08,0.75,0,0.69,0.76,0.65,0.41,1.21
869.08,36,0.99,0.91,1.14,0.31,0.86,1.08,0.3,0.07,0.75,0,0.69,0.76,0.65,0.42,1.21
870.08,36,0.98,0.9,1.14,0.3,0.86,1.09,0.3,0.08,0.75,0,0.69,0.75,0.65,0.41,1.21
871.08,36,0.99,0.91,1.15,0.32,0.86,1.09,0.3,0.08,0.76,0,0.69,0.76,0.65,0.41,1.21
872.08,36,0.98,0.91,1.14,0.32,0.86,1.08,0.3,0.07,0.75,0,0.69,0.75,0.65,0.41,1.21
873.08,36,0.98,0.9,1.13,0.3,0.86,1.09,0.29,0.07,0.75,0,0.69,0.75,0.64,0.41,1.2
874.08,36,0.98,0.9,1.14,0.31,0.86,1.09,0.29,0.08,0.75,0,0.69,0.75,0.64,0.41,1.21
875.08,36,0.98,0.9,1.13,0.3,0.85,1.09,0.29,0.07,0.75,0,0.68,0.75,0.64,0.41,1.21
876.08,36,0.99,0.91,1.15,0.31,0.86,1.09,0.3,0.09,0.76,0,0.69,0.75,0.65,0.41,1.21
877.1,36,0.99,0.91,1.14,0.31,0.87,1.1,0.3,0.09,0.76,0,0.69,0.77,0.65,0.41,1.21
878.1,36,0.98,0.91,1.14,0.3,0.86,1.09,0.3,0.08,0.75,0,0.69,0.76,0.65,0.41,1.21
879.1,36,0.98,0.9,1.13,0.31,0.85,1.09,0.3,0.07,0.75,0,0.69,0.75,0.65,0.41,1.2
880.1,36,0.99,0.9,1.14,0.32,0.86,1.1,0.3,0.08,0.75,0,0.69,0.76,0.65,0.42,1.21
881.1,36,0.98,0.9,1.13,0.3,0.84,1.09,0.29,0.07,0.75,0,0.69,0.75,0.64,0.41,1.2
882.12,36,0.98,0.9,1.14,0.31,0.86,1.08,0.3,0.08,0.75,0,0.69,0.75,0.64,0.41,1.21
883.12,36,0.98,0.9,1.14,0.31,0.86,1.09,0.3,0.07,0.75,0,0.69,0.75,0.65,0.41,1.21
884.12,36,0.98,0.9,1.13,0.3,0.85,1.08,0.3,0.07,0.75,0,0.69,0.75,0.64,0.41,1.21
885.12,36,0.98,0.9,1.14,0.3,0.86,1.09,0.3,0.07,0.75,0,0.69,0.75,0.64,0.41,1.21
886.12,36,0.98,0.9,1.13,0.31,0.86,1.09,0.3,0.08,0.75,0,0.69,0.76,0.65,0.41,1.21
887.12,36,0.98,0.9,1.13,0.3,0.85,1.09,0.29,0.07,0.75,0,0.69,0.75,0.64,0.41,1.21
888.13,36,0.98,0.9,1.14,0.3,0.86,1.1,0.3,0.08,0.76,0,0.69,0.75,0.65,0.41,1.21
889.13,36,0.98,0.91,1.14,0.31,0.86,1.09,0.3,0.07,0.75,0,0.69,0.76,0.65,0.41,1.21
890.13,36,0.98,0.9,1.13,0.3,0.86,1.08,0.3,0.07,0.75,0,0.69,0.75,0.64,0.41,1.2
891.15,36,0.99,0.9,1.15,0.31,0.87,1.1,0.3,0.09,0.75,0,0.69,0.76,0.65,0.41,1.21
892.15,36,0.98,0.9,1.13,0.31,0.86,1.1,0.3,0.07,0.75,0,0.69,0.75,0.65,0.41,1.21
893.15,36,0.98,0.91,1.14,0.3,0.86,1.08,0.3,0.08,0.76,0,0.69,0.75,0.65,0.41,1.21
894.15,36,0.98,0.9,1.13,0.3,0.86,1.09,0.29,0.07,0.75,0,0.69,0.75,0.64,0.41,1.21
895.15,36,0.98,0.9,1.13,0.31,0.86,1.09,0.3,0.07,0.75,0,0.69,0.76,0.65,0.41,1.21
896.17,36,0.98,0.9,1.14,0.3,0.86,1.08,0.3,0.08,0.75,0,0.69,0.76,0.64,0.41,1.21
897.17,36,0.98,0.9,1.13,0.3,0.86,1.09,0.3,0.07,0.75,0,0.69,0.76,0.64,0.41,1.2
898.17,36,0.98,0.9,1.14,0.3,0.86,1.09,0.3,0.08,0.75,0,0.69,0.75,0.65,0.41,1.21
899.17,36,0.99,0.91,1.15,0.32,0.86,1.1,0.3,0.08,0.76,0,0.69,0.76,0.65,0.41,1.21
900.18,36,0.99,0.91,1.13,0.31,0.86,1.09,0.3,0.08,0.75,0,0.69,0.77,0.65,0.42,1.21
901.18,36,0.98,0.9,1.13,0.3,0.85,1.09,0.3,0.08,0.75,0,0.68,0.75,0.65,0.41,1.21
902.2,36,0.98,0.9,1.14,0.3,0.86,1.1,0.3,0.08,0.76,0,0.69,0.76,0.65,0.41,1.21
903.2,36,0.98,0.9,1.14,0.3,0.86,1.09,0.3,0.07,0.75,0,0.69,0.75,0.64,0.41,1.21
904.2,36,0.98,0.9,1.13,0.3,0.85,1.1,0.3,0.07,0.75,0,0.69,0.75,0.64,0.41,1.21
905.2,36,0.98,0.9,1.14,0.3,0.86,1.09,0.29,0.07,0.75,0,0.68,0.76,0.64,0.41,1.21
906.2,36,0.98,0.9,1.13,0.3,0.86,1.09,0.3,0.07,0.75,0,0.69,0.75,0.64,0.41,1.21
907.22,36,0.99,0.9,1.14,0.31,0.86,1.1,0.3,0.08,0.75,0,0.69,0.76,0.65,0.41,1.21
908.22,36,0.98,0.9,1.14,0.3,0.85,1.08,0.29,0.07,0.75,0,0.69,0.75,0.64,0.41,1.21
909.22,36,0.98,0.9,1.14,0.3,0.85,1.09,0.29,0.07,0.75,0,0.69,0.75,0.65,0.41,1.21
910.22,36,0.98,0.9,1.13,0.31,0.86,1.09,0.3,0.07,0.75,0,0.69,0.75,0.64,0.41,1.21
911.23,36,0.98,0.9,1.13,0.3,0.86,1.09,0.3,0.07,0.75,0,0.68,0.75,0.64,0.41,1.2
912.23,36,0.98,0.9,1.14,0.3,0.85,1.1,0.3,0.08,0.75,0,0.69,0.75,0.64,0.41,1.21
913.23,36,0.98,0.91,1.14,0.31,0.85,1.08,0.3,0.07,0.75,0,0.69,0.76,0.65,0.41,1.21
914.23,36,0.98,0.9,1.13,0.3,0.85,1.08,0.3,0.07,0.75,0,0.69,0.75,0.64,0.41,1.2
915.25,36,0.98,0.9,1.13,0.31,0.86,1.09,0.3,0.07,0.75,0,0.69,0.75,0.65,0.41,1.21
916.25,36,0.98,0.9,1.13,0.31,0.85,1.09,0.3,0.07,0.75,0,0.69,0.75,0.64,0.41,1.21
917.25,36,0.98,0.9,1.13,0.3,0.86,1.08,0.29,0.07,0.75,0,0.69,0.76,0.65,0.41,1.21
918.25,36,0.98,0.9,1.13,0.3,0.85,1.08,0.3,0.07,0.75,0,0.69,0.75,0.65,0.41,1.2
919.27,36,0.98,0.9,1.13,0.3,0.86,1.09,0.3,0.07,0.75,0,0.69,0.76,0.65,0.41,1.21
920.27,36,0.98,0.9,1.14,0.3,0.86,1.08,0.3,0.08,0.75,0,0.69,0.75,0.65,0.41,1.21
921.27,36,0.98,0.9,1.13,0.31,0.86,1.1,0.3,0.07,0.75,0,0.69,0.75,0.64,0.41,1.2
922.28,36,0.99,0.9,1.14,0.31,0.86,1.09,0.3,0.08,0.75,0,0.69,0.76,0.65,0.41,1.21
923.28,36,0.98,0.9,1.14,0.3,0.86,1.09,0.3,0.07,0.75,0,0.69,0.75,0.65,0.41,1.21
924.28,36,0.98,0.9,1.13,0.3,0.86,1.08,0.29,0.07,0.75,0,0.69,0.75,0.65,0.41,1.21
925.28,36,0.98,0.91,1.13,0.3,0.86,1.09,0.3,0.07,0.75,0,0.69,0.75,0.64,0.41,1.21
926.28,36,0.98,0.9,1.14,0.3,0.86,1.08,0.3,0.07,0.75,0,0.69,0.75,0.65,0.41,1.2
927.3,36,0.98,0.9,1.14,0.31,0.86,1.08,0.29,0.07,0.75,0,0.69,0.75,0.65,0.41,1.21
928.3,36,0.98,0.9,1.13,0.3,0.86,1.08,0.29,0.07,0.75,0,0.68,0.75,0.64,0.4,1.19
929.3,36,0.98,0.91,1.13,0.3,0.86,1.09,0.3,0.07,0.75,0,0.69,0.76,0.65,0.41,1.21
930.3,36,0.98,0.9,1.13,0.3,0.85,1.08,0.3,0.07,0.75,0,0.69,0.75,0.64,0.41,1.21
931.3,36,0.99,0.9,1.14,0.31,0.85,1.09,0.3,0.07,0.76,0,0.69,0.76,0.65,0.41,1.21
932.32,36,0.98,0.9,1.14,0.32,0.86,1.09,0.3,0.07,0.75,0,0.69,0.75,0.64,0.41,1.21
933.32,36,0.98,0.9,1.14,0.31,0.86,1.09,0.3,0.07,0.76,0,0.69,0.76,0.65,0.41,1.21
934.32,36,0.98,0.9,1.14,0.3,0.86,1.09,0.3,0.07,0.75,0,0.69,0.76,0.65,0.41,1.21
935.32,36,0.98,0.89,1.13,0.3,0.85,1.09,0.3,0.07,0.75,0,0.69,0.75,0.64,0.41,1.2
936.33,36,0.98,0.9,1.14,0.31,0.85,1.08,0.3,0.07,0.75,0,0.69,0.76,0.64,0.41,1.21
937.33,36,0.99,0.91,1.14,0.3,0.86,1.09,0.3,0.08,0.75,0,0.69,0.77,0.65,0.41,1.21
938.33,36,0.98,0.9,1.13,0.3,0.86,1.08,0.29,0.07,0.75,0,0.68,0.75,0.65,0.41,1.21
939.33,36,0.98,0.9,1.14,0.32,0.86,1.09,0.3,0.07,0.75,0,0.69,0.75,0.64,0.41,1.21
940.33,36,0.98,0.9,1.14,0.3,0.86,1.08,0.3,0.07,0.75,0,0.69,0.76,0.65,0.41,1.21
941.35,36,0.98,0.9,1.14,0.3,0.85,1.08,0.29,0.07,0.75,0,0.69,0.75,0.65,0.41,1.21
942.35,36,0.98,0.89,1.13,0.3,0.86,1.09,0.29,0.07,0.75,0,0.69,0.75,0.64,0.41,1.21
943.35,36,0.98,0.9,1.13,0.31,0.86,1.09,0.29,0.07,0.75,0,0.69,0.76,0.65,0.41,1.21
944.35,36,0.98,0.9,1.13,0.31,0.86,1.09,0.3,0.07,0.75,0,0.69,0.75,0.64,0.41,1.21
945.35,36,0.98,0.9,1.13,0.3,0.85,1.08,0.29,0.07,0.75,0,0.68,0.75,0.65,0.41,1.2
946.37,36,0.99,0.9,1.15,0.32,0.86,1.08,0.3,0.07,0.76,0,0.69,0.77,0.65,0.41,1.21
947.37,36,0.98,0.89,1.14,0.3,0.86,1.08,0.3,0.07,0.75,0,0.69,0.77,0.65,0.41,1.21
948.37,36,0.99,0.9,1.14,0.31,0.86,1.09,0.3,0.08,0.75,0,0.69,0.75,0.65,0.41,1.21
949.37,36,0.98,0.9,1.14,0.31,0.86,1.08,0.3,0.07,0.75,0,0.69,0.75,0.64,0.41,1.21
950.38,36,0.98,0.9,1.14,0.31,0.85,1.08,0.3,0.07,0.75,0,0.69,0.76,0.65,0.41,1.21
951.38,36,0.98,0.9,1.14,0.31,0.86,1.08,0.3,0.07,0.75,0,0.69,0.75,0.65,0.41,1.21
952.38,36,0.98,0.9,1.13,0.3,0.85,1.08,0.3,0.07,0.75,0,0.69,0.75,0.64,0.41,1.2
953.4,36,0.98,0.9,1.13,0.31,0.86,1.09,0.29,0.07,0.75,0,0.69,0.75,0.64,0.41,1.21
954.4,36,0.98,0.9,1.14,0.31,0.86,1.09,0.3,0.07,0.75,0,0.69,0.77,0.65,0.41,1.21
955.4,36,0.98,0.9,1.13,0.3,0.84,1.09,0.3,0.07,0.75,0,0.68,0.75,0.63,0.41,1.2
956.4,36,0.98,0.89,1.13,0.3,0.85,1.08,0.3,0.07,0.75,0,0.69,0.75,0.63,0.41,1.2
957.42,36,0.98,0.9,1.14,0.31,0.86,1.09,0.3,0.08,0.75,0,0.69,0.75,0.65,0.41,1.2
958.42,36,0.98,0.9,1.14,0.3,0.85,1.09,0.29,0.07,0.75,0,0.69,0.75,0.64,0.41,1.2
959.42,36,0.98,0.9,1.13,0.31,0.86,1.09,0.3,0.07,0.76,0,0.69,0.76,0.65,0.41,1.21
960.42,36,0.98,0.9,1.13,0.3,0.86,1.09,0.29,0.07,0.75,0,0.69,0.75,0.64,0.41,1.2
961.43,36,0.99,0.9,1.13,0.3,0.86,1.1,0.3,0.07,0.76,0,0.69,0.76,0.65,0.41,1.21
962.43,36,0.98,0.9,1.13,0.31,0.86,1.09,0.3,0.07,0.75,0,0.69,0.75,0.64,0.41,1.21
963.43,36,0.98,0.9,1.13,0.3,0.86,1.09,0.3,0.07,0.75,0,0.68,0.75,0.64,0.4,1.2
964.45,36,0.98,0.9,1.14,0.31,0.86,1.09,0.3,0.08,0.75,0,0.69,0.75,0.65,0.41,1.21
965.45,36,0.98,0.9,1.14,0.32,0.86,1.1,0.3,0.07,0.75,0,0.69,0.75,0.65,0.41,1.21
966.45,36,0.98,0.9,1.14,0.31,0.86,1.09,0.3,0.07,0.75,0,0.69,0.77,0.65,0.41,1.21
967.45,36,0.98,0.9,1.14,0.3,0.86,1.09,0.3,0.07,0.75,0,0.69,0.77,0.65,0.41,1.21
968.45,36,0.98,0.89,1.13,0.3,0.85,1.08,0.29,0.06,0.75,0,0.68,0.75,0.64,0.41,1.21
969.47,36,0.98,0.9,1.13,0.3,0.85,1.08,0.29,0.07,0.75,0,0.69,0.75,0.64,0.41,1.19
970.47,36,0.98,0.89,1.13,0.3,0.85,1.09,0.29,0.07,0.75,0,0.68,0.75,0.64,0.4,1.2
971.47,36,0.97,0.89,1.13,0.3,0.84,1.08,0.29,0.07,0.74,0,0.68,0.75,0.63,0.41,1.19
972.47,36,0.98,0.9,1.13,0.3,0.86,1.09,0.3,0.07,0.75,0,0.69,0.75,0.64,0.41,1.21
973.47,36,0.98,0.9,1.14,0.3,0.86,1.09,0.3,0.07,0.75,0,0.69,0.75,0.64,0.41,1.21
974.48,36,0.98,0.89,1.13,0.3,0.86,1.1,0.29,0.07,0.75,0,0.68,0.75,0.64,0.41,1.21
975.48,36,0.98,0.89,1.14,0.31,0.86,1.09,0.3,0.07,0.75,0,0.69,0.76,0.65,0.41,1.2
976.48,36,0.98,0.9,1.14,0.32,0.86,1.1,0.3,0.07,0.75,0,0.69,0.75,0.65,0.42,1.21
977.48,36,0.98,0.9,1.13,0.3,0.86,1.08,0.29,0.07,0.75,0,0.68,0.75,0.65,0.41,1.21
978.5,36,0.98,0.89,1.14,0.31,0.86,1.09,0.3,0.07,0.75,0,0.69,0.76,0.64,0.41,1.21
979.5,36,0.98,0.89,1.13,0.31,0.86,1.08,0.29,0.07,0.75,0,0.68,0.75,0.64,0.41,1.2
980.5,36,0.98,0.89,1.14,0.3,0.86,1.09,0.3,0.07,0.75,0,0.69,0.75,0.64,0.41,1.2
981.5,36,0.98,0.9,1.14,0.31,0.86,1.1,0.3,0.08,0.76,0,0.68,0.76,0.65,0.41,1.21
982.52,36,0.98,0.9,1.13,0.31,0.85,1.08,0.29,0.07,0.75,0,0.69,0.75,0.65,0.41,1.21
983.52,36,0.98,0.89,1.13,0.3,0.86,1.08,0.29,0.07,0.74,0,0.67,0.75,0.64,0.41,1.2
984.52,36,0.98,0.89,1.13,0.3,0.85,1.08,0.29,0.07,0.75,0,0.68,0.75,0.63,0.41,1.2
985.52,36,0.98,0.9,1.14,0.31,0.85,1.1,0.3,0.07,0.75,0,0.69,0.75,0.65,0.41,1.21
986.53,36,0.98,0.89,1.14,0.31,0.86,1.09,0.3,0.08,0.75,0,0.69,0.75,0.64,0.41,1.21
987.53,36,0.98,0.89,1.13,0.3,0.85,1.08,0.29,0.06,0.74,0,0.68,0.74,0.63,0.4,1.2
988.53,36,0.98,0.9,1.14,0.3,0.86,1.1,0.3,0.07,0.75,0,0.68,0.75,0.65,0.41,1.21
989.53,36,0.98,0.88,1.13,0.3,0.84,1.08,0.28,0.06,0.74,0,0.67,0.75,0.64,0.4,1.2
990.53,36,0.98,0.89,1.14,0.3,0.85,1.09,0.3,0.07,0.75,0,0.69,0.75,0.65,0.41,1.2
991.55,36,0.98,0.9,1.13,0.31,0.86,1.09,0.3,0.07,0.75,0,0.69,0.76,0.65,0.41,1.21
992.55,36,0.97,0.89,1.13,0.3,0.84,1.08,0.29,0.07,0.74,0,0.68,0.75,0.64,0.41,1.19
993.55,36,0.98,0.89,1.13,0.3,0.86,1.09,0.29,0.07,0.75,0,0.69,0.75,0.65,0.41,1.2
994.57,36,0.98,0.89,1.13,0.3,0.86,1.08,0.3,0.07,0.75,0,0.68,0.75,0.65,0.41,1.2
995.57,36,0.98,0.9,1.13,0.3,0.84,1.08,0.29,0.06,0.75,0,0.68,0.75,0.64,0.41,1.2
996.57,36,0.97,0.89,1.13,0.3,0.85,1.08,0.29,0.06,0.74,0,0.68,0.75,0.63,0.4,1.19
997.57,36,0.98,0.88,1.13,0.3,0.85,1.08,0.3,0.07,0.75,0,0.69,0.75,0.65,0.41,1.2
998.57,36,0.98,0.89,1.13,0.31,0.85,1.1,0.3,0.07,0.75,0,0.69,0.75,0.64,0.41,1.21
999.58,36,0.98,0.89,1.13,0.3,0.85,1.08,0.28,0.07,0.75,0,0.68,0.75,0.63,0.41,1.21
1000.58,36,0.98,0.89,1.14,0.31,0.85,1.08,0.29,0.07,0.75,0,0.69,0.75,0.65,0.41,1.21
1001.58,36,0.98,0.89,1.13,0.3,0.85,1.09,0.29,0.07,0.74,0,0.68,0.76,0.64,0.41,1.21
1002.58,36,0.98,0.89,1.13,0.3,0.85,1.08,0.29,0.07,0.75,0,0.68,0.75,0.64,0.41,1.2
1003.58,36,0.98,0.9,1.14,0.31,0.86,1.09,0.29,0.07,0.75,0,0.69,0.75,0.64,0.41,1.2
1004.58,36,0.98,0.88,1.13,0.3,0.85,1.08,0.28,0.07,0.74,0,0.67,0.75,0.63,0.41,1.19
1005.6,36,0.98,0.9,1.14,0.3,0.85,1.08,0.3,0.07,0.75,0,0.69,0.76,0.64,0.41,1.2
1006.6,36,0.98,0.88,1.13,0.31,0.86,1.08,0.29,0.07,0.75,0,0.68,0.76,0.65,0.41,1.21
1007.6,36,0.99,0.9,1.14,0.3,0.86,1.09,0.3,0.07,0.75,0,0.69,0.76,0.64,0.41,1.21
1008.6,36,0.98,0.9,1.13,0.3,0.85,1.09,0.3,0.07,0.75,0,0.69,0.75,0.64,0.41,1.21
1009.6,36,0.98,0.89,1.13,0.3,0.86,1.09,0.29,0.07,0.75,0,0.68,0.75,0.64,0.41,1.21
1010.6,36,0.98,0.9,1.14,0.3,0.85,1.1,0.3,0.07,0.75,0,0.69,0.76,0.65,0.41,1.21
1011.6,36,0.98,0.9,1.13,0.3,0.85,1.08,0.3,0.06,0.75,0,0.69,0.76,0.64,0.41,1.2
1012.62,36,0.99,0.9,1.13,0.31,0.86,1.09,0.3,0.07,0.75,0,0.69,0.76,0.65,0.41,1.21
1013.62,36,0.98,0.88,1.13,0.3,0.85,1.08,0.29,0.07,0.75,0,0.68,0.76,0.65,0.41,1.2
1014.62,36,0.98,0.89,1.13,0.3,0.84,1.08,0.29,0.06,0.74,0,0.68,0.75,0.64,0.4,1.2
1015.62,36,0.98,0.89,1.13,0.3,0.86,1.09,0.3,0.07,0.75,0,0.69,0.76,0.64,0.41,1.21
1016.63,36,0.98,0.88,1.13,0.3,0.85,1.08,0.3,0.07,0.74,0,0.68,0.75,0.64,0.41,1.2
1017.63,36,0.99,0.9,1.15,0.31,0.86,1.1,0.3,0.08,0.75,0,0.69,0.77,0.65,0.41,1.21
1018.63,36,0.98,0.89,1.13,0.31,0.85,1.08,0.3,0.07,0.75,0,0.68,0.76,0.64,0.41,1.2
1019.63,36,0.98,0.9,1.14,0.3,0.85,1.08,0.3,0.07,0.75,0,0.69,0.75,0.64,0.41,1.19
1020.65,36,0.98,0.9,1.14,0.3,0.85,1.08,0.3,0.07,0.74,0,0.69,0.75,0.65,0.41,1.21
1021.65,36,0.99,0.9,1.14,0.31,0.86,1.1,0.3,0.08,0.75,0,0.69,0.76,0.65,0.42,1.21
1022.65,36,0.98,0.9,1.14,0.31,0.86,1.1,0.3,0.07,0.75,0,0.69,0.75,0.65,0.41,1.21
1023.65,36,0.98,0.89,1.13,0.31,0.85,1.08,0.29,0.07,0.75,0,0.68,0.75,0.65,0.41,1.21
1024.65,36,0.98,0.89,1.13,0.31,0.86,1.08,0.3,0.07,0.75,0,0.69,0.76,0.65,0.41,1.21
1025.67,36,0.98,0.9,1.13,0.3,0.85,1.08,0.29,0.07,0.75,0,0.69,0.75,0.64,0.41,1.21
1026.67,36,0.98,0.89,1.14,0.3,0.85,1.09,0.3,0.07,0.75,0,0.69,0.76,0.64,0.41,1.2
1027.67,36,0.98,0.89,1.13,0.3,0.85,1.08,0.29,0.07,0.75,0,0.68,0.75,0.64,0.41,1.21
1028.68,36,0.98,0.89,1.14,0.3,0.85,1.08,0.29,0.07,0.75,0,0.69,0.75,0.64,0.41,1.21
1029.68,36,0.98,0.9,1.13,0.3,0.85,1.09,0.3,0.07,0.75,0,0.68,0.76,0.65,0.41,1.2
1030.68,36,0.98,0.89,1.13,0.31,0.86,1.09,0.29,0.07,0.75,0,0.68,0.76,0.64,0.41,1.2
1031.68,36,0.98,0.89,1.14,0.3,0.86,1.09,0.3,0.07,0.75,0,0.69,0.76,0.65,0.41,1.21
1032.68,36,0.98,0.9,1.14,0.3,0.86,1.1,0.3,0.07,0.75,0,0.69,0.75,0.65,0.41,1.2
1033.68,36,0.98,0.89,1.13,0.31,0.86,1.09,0.3,0.07,0.75,0,0.69,0.76,0.63,0.41,1.21
1034.7,36,0.98,0.88,1.13,0.31,0.84,1.08,0.29,0.07,0.74,0,0.69,0.75,0.64,0.41,1.2
1035.7,36,0.98,0.89,1.14,0.31,0.85,1.09,0.3,0.07,0.75,0,0.69,0.76,0.65,0.41,1.2
1036.7,36,0.98,0.89,1.13,0.3,0.86,1.09,0.3,0.07,0.75,0,0.69,0.75,0.64,0.41,1.21
1037.7,36,0.98,0.9,1.13,0.31,0.85,1.08,0.3,0.07,0.75,0,0.69,0.76,0.65,0.41,1.21
1038.7,36,0.98,0.89,1.13,0.31,0.86,1.08,0.3,0.07,0.75,0,0.68,0.75,0.65,0.41,1.2
1039.72,36,0.99,0.89,1.14,0.31,0.86,1.08,0.3,0.07,0.75,0,0.69,0.76,0.65,0.41,1.21
1040.72,36,0.98,0.89,1.13,0.32,0.85,1.09,0.3,0.07,0.75,0,0.69,0.75,0.64,0.41,1.21
1041.72,36,0.98,0.89,1.14,0.32,0.85,1.09,0.3,0.07,0.75,0,0.69,0.76,0.65,0.41,1.21
1042.72,36,0.98,0.88,1.13,0.3,0.84,1.08,0.29,0.06,0.75,0,0.67,0.75,0.63,0.4,1.2
1043.72,36,0.99,0.89,1.14,0.31,0.86,1.09,0.3,0.07,0.75,0,0.69,0.77,0.65,0.41,1.21
1044.72,36,0.98,0.89,1.13,0.3,0.85,1.09,0.3,0.07,0.75,0,0.68,0.75,0.64,0.41,1.21
1045.73,36,0.98,0.9,1.13,0.31,0.85,1.09,0.3,0.07,0.75,0,0.69,0.75,0.65,0.41,1.21
1046.73,36,0.98,0.88,1.13,0.3,0.84,1.09,0.29,0.06,0.75,0,0.67,0.75,0.64,0.4,1.2
1047.73,36,0.98,0.89,1.14,0.3,0.85,1.08,0.3,0.07,0.75,0,0.69,0.75,0.65,0.41,1.2
1048.73,36,0.98,0.88,1.13,0.3,0.85,1.08,0.28,0.07,0.75,0,0.67,0.75,0.63,0.4,1.2
1049.73,36,0.98,0.89,1.13,0.3,0.85,1.08,0.3,0.07,0.75,0,0.69,0.75,0.65,0.41,1.21
1050.75,36,0.98,0.89,1.13,0.3,0.85,1.09,0.3,0.07,0.75,0,0.69,0.75,0.64,0.41,1.21
1051.75,36,0.98,0.88,1.13,0.3,0.85,1.08,0.3,0.07,0.75,0,0.69,0.75,0.65,0.41,1.19
1052.75,36,0.98,0.89,1.13,0.3,0.85,1.08,0.29,0.07,0.75,0,0.68,0.75,0.64,0.41,1.21
1053.75,36,0.98,0.9,1.14,0.3,0.85,1.1,0.3,0.07,0.75,0,0.68,0.75,0.65,0.41,1.21
1054.75,36,0.98,0.89,1.13,0.31,0.85,1.1,0.3,0.07,0.75,0,0.69,0.76,0.65,0.41,1.2
1055.75,36,0.98,0.89,1.13,0.3,0.84,1.08,0.3,0.07,0.74,0,0.68,0.75,0.64,0.41,1.2
1056.75,36,0.98,0.89,1.13,0.3,0.86,1.09,0.29,0.07,0.75,0,0.68,0.75,0.65,0.41,1.2
1057.77,36,0.98,0.89,1.13,0.3,0.85,1.09,0.3,0.07,0.75,0,0.68,0.75,0.64,0.4,1.2
1058.77,36,0.98,0.89,1.13,0.31,0.85,1.08,0.29,0.07,0.75,0,0.68,0.75,0.64,0.41,1.2
1059.77,36,0.98,0.88,1.13,0.3,0.85,1.08,0.3,0.07,0.74,0,0.68,0.75,0.64,0.41,1.19
1060.77,36,0.99,0.9,1.14,0.31,0.86,1.08,0.3,0.07,0.75,0,0.69,0.76,0.65,0.41,1.21
1061.78,36,0.98,0.89,1.14,0.31,0.85,1.09,0.3,0.07,0.75,0,0.68,0.76,0.65,0.41,1.21
1062.78,36,0.98,0.89,1.13,0.31,0.85,1.09,0.3,0.07,0.75,0,0.68,0.75,0.65,0.41,1.2
1063.78,36,0.99,0.9,1.14,0.3,0.86,1.09,0.3,0.07,0.75,0,0.69,0.75,0.65,0.41,1.21
1064.78,36,0.98,0.88,1.14,0.31,0.86,1.09,0.3,0.07,0.75,0,0.69,0.75,0.65,0.41,1.21
1065.78,36,0.99,0.9,1.14,0.31,0.85,1.09,0.3,0.07,0.76,0,0.69,0.76,0.65,0.41,1.21
1066.8,36,0.98,0.89,1.13,0.31,0.86,1.08,0.3,0.07,0.75,0,0.69,0.75,0.64,0.41,1.2
1067.8,36,0.99,0.9,1.14,0.31,0.86,1.09,0.3,0.07,0.75,0,0.69,0.75,0.65,0.42,1.21
1068.8,36,0.98,0.89,1.13,0.3,0.85,1.09,0.3,0.07,0.75,0,0.68,0.75,0.64,0.41,1.2
1069.8,36,0.99,0.89,1.13,0.31,0.86,1.1,0.3,0.07,0.75,0,0.69,0.76,0.65,0.41,1.21
1070.82,36,0.98,0.89,1.13,0.31,0.85,1.09,0.3,0.07,0.76,0,0.69,0.75,0.65,0.41,1.21
1071.82,36,0.98,0.89,1.13,0.3,0.84,1.09,0.3,0.07,0.75,0,0.68,0.75,0.65,0.41,1.2
1072.82,36,0.99,0.9,1.14,0.32,0.86,1.1,0.3,0.07,0.76,0,0.69,0.76,0.65,0.41,1.21
1073.82,36,0.98,0.88,1.13,0.3,0.85,1.08,0.28,0.07,0.74,0,0.68,0.74,0.63,0.39,1.2
1074.82,36,0.98,0.88,1.14,0.3,0.85,1.08,0.29,0.07,0.75,0,0.68,0.75,0.65,0.4,1.21
1075.83,36,0.99,0.89,1.14,0.3,0.86,1.1,0.3,0.07,0.75,0,0.69,0.76,0.65,0.41,1.21
1076.83,36,0.99,0.9,1.14,0.31,0.86,1.1,0.3,0.07,0.76,0,0.69,0.76,0.65,0.41,1.21
1077.83,36,0.98,0.9,1.13,0.3,0.85,1.09,0.3,0.07,0.75,0,0.69,0.75,0.65,0.41,1.21
1078.85,36,0.98,0.89,1.14,0.31,0.85,1.09,0.3,0.07,0.75,0,0.69,0.76,0.65,0.41,1.21
1079.85,36,0.98,0.89,1.13,0.3,0.86,1.09,0.3,0.07,0.75,0,0.68,0.75,0.65,0.41,1.21
1080.85,36,0.99,0.9,1.14,0.32,0.86,1.08,0.3,0.07,0.75,0,0.69,0.76,0.65,0.41,1.21
1081.87,36,0.98,0.89,1.13,0.3,0.84,1.08,0.3,0.07,0.75,0,0.68,0.75,0.64,0.4,1.2
1082.87,36,0.99,0.9,1.14,0.31,0.85,1.09,0.3,0.07,0.76,0,0.69,0.76,0.65,0.41,1.21
1083.87,36,0.98,0.88,1.13,0.31,0.86,1.09,0.3,0.07,0.75,0,0.68,0.75,0.65,0.41,1.2
1084.87,36,0.99,0.9,1.14,0.31,0.86,1.09,0.3,0.08,0.75,0,0.69,0.76,0.65,0.41,1.21
1085.87,36,0.98,0.89,1.14,0.31,0.86,1.08,0.3,0.07,0.75,0,0.68,0.75,0.65,0.41,1.2
1086.88,36,0.98,0.89,1.13,0.31,0.85,1.08,0.3,0.07,0.75,0,0.69,0.75,0.64,0.41,1.21
1087.88,36,0.98,0.9,1.14,0.3,0.85,1.09,0.3,0.07,0.75,0,0.69,0.75,0.65,0.41,1.21
1088.88,36,0.98,0.9,1.13,0.32,0.84,1.08,0.3,0.07,0.75,0,0.69,0.75,0.65,0.41,1.21
1089.88,36,0.98,0.89,1.13,0.3,0.85,1.08,0.3,0.07,0.75,0,0.68,0.75,0.65,0.41,1.21
1090.9,36,0.99,0.9,1.15,0.32,0.86,1.1,0.3,0.07,0.76,0,0.69,0.76,0.65,0.42,1.21
1091.9,36,0.98,0.88,1.13,0.3,0.85,1.08,0.29,0.07,0.75,0,0.68,0.75,0.65,0.41,1.2
1092.9,36,0.98,0.88,1.13,0.31,0.86,1.08,0.3,0.07,0.75,0,0.69,0.75,0.65,0.41,1.21
1093.9,36,0.98,0.89,1.13,0.31,0.85,1.08,0.3,0.07,0.75,0,0.68,0.76,0.65,0.41,1.2
1094.9,36,0.98,0.9,1.14,0.3,0.85,1.09,0.3,0.07,0.75,0,0.69,0.76,0.65,0.41,1.21
1095.9,36,0.99,0.9,1.13,0.31,0.86,1.09,0.3,0.07,0.75,0,0.69,0.76,0.64,0.41,1.21
1096.9,36,0.98,0.88,1.13,0.3,0.85,1.09,0.29,0.06,0.75,0,0.68,0.75,0.64,0.41,1.2
1097.9,36,0.98,0.89,1.13,0.3,0.86,1.08,0.3,0.07,0.74,0,0.68,0.75,0.65,0.41,1.21
1098.9,36,0.98,0.9,1.14,0.3,0.86,1.08,0.3,0.07,0.74,0,0.68,0.76,0.65,0.41,1.21
1099.92,36,0.99,0.89,1.14,0.31,0.86,1.08,0.3,0.07,0.75,0,0.69,0.76,0.65,0.41,1.21
1100.92,36,0.98,0.89,1.13,0.3,0.85,1.08,0.3,0.07,0.75,0,0.69,0.76,0.64,0.41,1.21
1101.92,36,0.99,0.89,1.14,0.32,0.86,1.09,0.3,0.08,0.75,0,0.69,0.76,0.65,0.41,1.21
1102.92,36,0.98,0.89,1.14,0.31,0.85,1.09,0.3,0.07,0.75,0,0.68,0.75,0.64,0.41,1.21
1103.92,36,0.98,0.9,1.14,0.31,0.86,1.1,0.3,0.07,0.75,0,0.69,0.76,0.64,0.41,1.21
1104.92,36,0.98,0.88,1.13,0.3,0.85,1.1,0.3,0.07,0.75,0,0.69,0.76,0.65,0.41,1.21
1105.92,36,0.98,0.89,1.14,0.31,0.86,1.09,0.29,0.07,0.75,0,0.69,0.75,0.65,0.41,1.2
1106.92,36,0.99,0.89,1.13,0.31,0.85,1.08,0.3,0.07,0.75,0,0.68,0.75,0.64,0.41,1.21
1107.92,36,0.98,0.89,1.13,0.31,0.86,1.09,0.3,0.07,0.75,0,0.69,0.75,0.65,0.41,1.21
1108.92,36,0.98,0.89,1.13,0.32,0.86,1.08,0.3,0.07,0.75,0,0.69,0.75,0.64,0.41,1.21
1109.92,36,0.99,0.89,1.14,0.32,0.86,1.1,0.3,0.07,0.75,0,0.69,0.76,0.65,0.41,1.21
1110.92,36,0.98,0.88,1.13,0.31,0.85,1.09,0.3,0.06,0.75,0,0.68,0.75,0.65,0.41,1.19
1111.93,36,0.98,0.88,1.13,0.3,0.85,1.08,0.3,0.07,0.75,0,0.68,0.75,0.64,0.41,1.21
1112.93,36,0.98,0.89,1.14,0.31,0.85,1.09,0.3,0.07,0.75,0,0.68,0.75,0.63,0.41,1.21
1113.93,36,0.98,0.88,1.13,0.31,0.86,1.08,0.3,0.07,0.75,0,0.69,0.75,0.64,0.41,1.2
1114.95,36,0.98,0.88,1.13,0.3,0.85,1.09,0.3,0.07,0.75,0,0.68,0.75,0.65,0.41,1.19
1115.95,36,0.98,0.89,1.14,0.3,0.85,1.09,0.3,0.07,0.74,0,0.69,0.75,0.65,0.41,1.21
1116.95,36,0.99,0.89,1.15,0.32,0.85,1.09,0.3,0.07,0.75,0,0.69,0.76,0.65,0.42,1.21
1117.95,36,0.98,0.88,1.13,0.31,0.85,1.09,0.3,0.07,0.74,0,0.69,0.75,0.64,0.41,1.21
1118.97,36,0.98,0.88,1.13,0.3,0.85,1.08,0.29,0.06,0.74,0,0.67,0.74,0.63,0.4,1.2
1119.97,36,0.98,0.88,1.13,0.3,0.85,1.08,0.3,0.07,0.75,0,0.68,0.75,0.64,0.41,1.2
1120.97,36,0.98,0.88,1.13,0.31,0.85,1.09,0.3,0.07,0.75,0,0.68,0.75,0.63,0.41,1.21
1121.97,36,0.98,0.88,1.13,0.3,0.85,1.09,0.3,0.07,0.74,0,0.68,0.75,0.64,0.41,1.2
1122.97,36,0.98,0.88,1.13,0.3,0.85,1.08,0.29,0.07,0.75,0,0.68,0.75,0.65,0.41,1.2
1123.98,36,0.98,0.89,1.13,0.3,0.85,1.09,0.3,0.07,0.75,0,0.68,0.75,0.65,0.41,1.21
1124.98,36,0.98,0.89,1.13,0.3,0.85,1.09,0.3,0.07,0.75,0,0.68,0.75,0.64,0.41,1.21
1125.98,36,0.98,0.89,1.13,0.31,0.85,1.08,0.29,0.07,0.75,0,0.68,0.75,0.65,0.41,1.19
1126.98,36,0.98,0.88,1.13,0.3,0.85,1.08,0.29,0.07,0.75,0,0.68,0.75,0.64,0.41,1.21
1127.98,36,0.98,0.89,1.13,0.31,0.86,1.1,0.3,0.07,0.75,0,0.69,0.76,0.65,0.41,1.21
1129,36,0.98,0.89,1.13,0.31,0.86,1.08,0.3,0.07,0.75,0,0.68,0.75,0.65,0.41,1.2
1130,36,0.98,0.89,1.13,0.3,0.85,1.08,0.29,0.07,0.75,0,0.69,0.75,0.65,0.41,1.21
1131,36,0.98,0.88,1.13,0.3,0.85,1.08,0.29,0.07,0.74,0,0.68,0.75,0.64,0.41,1.21
1132,36,0.98,0.89,1.14,0.31,0.86,1.08,0.3,0.07,0.75,0,0.69,0.75,0.65,0.41,1.2
1133,36,0.98,0.88,1.13,0.3,0.85,1.08,0.3,0.07,0.75,0,0.69,0.75,0.65,0.41,1.21
1134.02,36,0.98,0.88,1.13,0.3,0.84,1.08,0.29,0.07,0.75,0,0.68,0.75,0.64,0.4,1.19
1135.02,36,0.98,0.88,1.13,0.3,0.85,1.08,0.29,0.07,0.75,0,0.68,0.75,0.64,0.41,1.21
1136.02,36,0.98,0.88,1.14,0.3,0.86,1.09,0.3,0.07,0.75,0,0.68,0.75,0.65,0.41,1.21
1137.02,36,0.98,0.89,1.13,0.3,0.84,1.08,0.29,0.06,0.75,0,0.68,0.75,0.64,0.41,1.2
1138.02,36,0.99,0.88,1.14,0.32,0.86,1.09,0.3,0.07,0.75,0,0.69,0.75,0.65,0.41,1.21
1139.03,36,0.98,0.89,1.13,0.31,0.85,1.08,0.3,0.07,0.75,0,0.69,0.75,0.65,0.41,1.21
1140.03,36,0.98,0.89,1.13,0.3,0.85,1.09,0.3,0.07,0.75,0,0.68,0.75,0.64,0.41,1.2
1141.03,36,0.98,0.88,1.13,0.3,0.86,1.08,0.3,0.06,0.75,0,0.68,0.75,0.63,0.41,1.2
1142.03,36,0.98,0.88,1.13,0.31,0.86,1.09,0.29,0.07,0.75,0,0.69,0.75,0.65,0.41,1.21
1143.03,36,0.98,0.88,1.13,0.3,0.85,1.08,0.28,0.06,0.74,0,0.67,0.75,0.64,0.4,1.2
1144.03,36,0.98,0.88,1.13,0.3,0.85,1.08,0.29,0.07,0.75,0,0.68,0.75,0.65,0.41,1.21
1145.03,36,0.98,0.89,1.13,0.31,0.85,1.08,0.3,0.07,0.75,0,0.69,0.76,0.64,0.41,1.21
1146.03,36,0.98,0.88,1.13,0.3,0.85,1.08,0.3,0.07,0.75,0,0.69,0.75,0.64,0.41,1.21
1147.03,36,0.98,0.88,1.13,0.31,0.85,1.08,0.29,0.07,0.75,0,0.68,0.75,0.63,0.41,1.2
1148.03,36,0.98,0.89,1.13,0.31,0.85,1.08,0.29,0.07,0.75,0,0.68,0.75,0.64,0.41,1.21
1149.03,36,0.98,0.88,1.13,0.3,0.84,1.08,0.29,0.06,0.74,0,0.67,0.74,0.63,0.39,1.19
1150.03,36,0.98,0.88,1.13,0.3,0.85,1.08,0.29,0.07,0.75,0,0.69,0.75,0.64,0.4,1.2
1151.03,36,0.98,0.88,1.13,0.3,0.84,1.08,0.29,0.07,0.74,0,0.68,0.75,0.64,0.41,1.2
1152.05,36,0.98,0.89,1.13,0.3,0.85,1.08,0.3,0.06,0.75,0,0.69,0.75,0.65,0.41,1.21
1153.05,36,0.98,0.89,1.13,0.3,0.85,1.08,0.3,0.07,0.75,0,0.68,0.75,0.64,0.41,1.21
1154.05,36,0.98,0.89,1.13,0.3,0.86,1.08,0.29,0.07,0.75,0,0.68,0.75,0.64,0.41,1.2
1155.05,36,0.98,0.88,1.13,0.3,0.84,1.08,0.29,0.07,0.75,0,0.68,0.75,0.64,0.4,1.2
1156.05,36,0.98,0.88,1.12,0.3,0.85,1.08,0.29,0.06,0.75,0,0.67,0.74,0.63,0.4,1.19
1157.07,36,0.98,0.88,1.14,0.3,0.85,1.08,0.3,0.07,0.75,0,0.68,0.75,0.64,0.41,1.2
1158.07,36,0.98,0.89,1.13,0.3,0.85,1.08,0.29,0.07,0.74,0,0.68,0.75,0.64,0.41,1.21
1159.07,36,0.98,0.89,1.14,0.3,0.86,1.09,0.3,0.07,0.75,0,0.69,0.75,0.65,0.41,1.21
1160.07,36,0.98,0.88,1.13,0.3,0.84,1.08,0.29,0.07,0.75,0,0.68,0.75,0.63,0.41,1.2
1161.07,36,0.98,0.88,1.13,0.3,0.85,1.08,0.3,0.06,0.75,0,0.69,0.75,0.64,0.41,1.21
1162.08,36,0.98,0.88,1.13,0.3,0.85,1.09,0.29,0.06,0.75,0,0.68,0.75,0.65,0.4,1.2
1163.08,36,0.98,0.88,1.13,0.31,0.84,1.08,0.29,0.07,0.74,0,0.68,0.75,0.65,0.41,1.21
1164.08,36,0.98,0.88,1.14,0.31,0.85,1.09,0.3,0.07,0.75,0,0.69,0.76,0.64,0.41,1.21
1165.08,36,0.98,0.88,1.13,0.3,0.84,1.08,0.3,0.07,0.75,0,0.67,0.75,0.64,0.4,1.2
1166.08,36,0.98,0.88,1.14,0.3,0.85,1.08,0.3,0.07,0.75,0,0.69,0.75,0.65,0.41,1.2
1167.1,36,0.98,0.88,1.13,0.3,0.85,1.09,0.3,0.07,0.75,0,0.69,0.75,0.65,0.41,1.2
1168.1,36,0.98,0.88,1.13,0.3,0.84,1.08,0.29,0.06,0.74,0,0.68,0.75,0.64,0.4,1.2
1169.1,36,0.98,0.88,1.13,0.3,0.84,1.08,0.29,0.07,0.75,0,0.68,0.75,0.65,0.41,1.21
1170.1,36,0.98,0.88,1.13,0.3,0.84,1.08,0.29,0.06,0.75,0,0.67,0.75,0.64,0.4,1.19
1171.12,36,0.98,0.88,1.13,0.3,0.85,1.08,0.3,0.06,0.75,0,0.67,0.75,0.64,0.4,1.19
1172.12,36,0.98,0.89,1.13,0.31,0.85,1.09,0.3,0.06,0.75,0,0.69,0.75,0.64,0.41,1.2
1173.12,36,0.98,0.88,1.13,0.31,0.85,1.08,0.29,0.07,0.75,0,0.67,0.75,0.64,0.41,1.2
1174.12,36,0.98,0.88,1.13,0.3,0.84,1.08,0.29,0.06,0.74,0,0.68,0.75,0.63,0.4,1.2
1175.13,36,0.98,0.88,1.13,0.3,0.85,1.08,0.3,0.07,0.75,0,0.67,0.75,0.64,0.41,1.2
1176.13,36,0.98,0.89,1.13,0.31,0.85,1.09,0.3,0.07,0.75,0,0.69,0.75,0.65,0.41,1.21
1177.13,36,0.98,0.88,1.13,0.3,0.85,1.08,0.29,0.07,0.75,0,0.68,0.75,0.65,0.41,1.2
1178.13,36,0.98,0.89,1.13,0.3,0.86,1.08,0.3,0.07,0.75,0,0.68,0.75,0.64,0.41,1.19
1179.13,36,0.98,0.88,1.13,0.3,0.84,1.08,0.29,0.06,0.74,0,0.67,0.75,0.64,0.41,1.19
1180.15,36,0.98,0.89,1.13,0.31,0.85,1.09,0.29,0.06,0.75,0,0.69,0.75,0.64,0.41,1.2
1181.15,36,0.98,0.88,1.13,0.3,0.85,1.08,0.29,0.06,0.75,0,0.68,0.75,0.64,0.41,1.19
1182.15,36,0.98,0.88,1.13,0.3,0.85,1.08,0.29,0.06,0.74,0,0.68,0.74,0.64,0.4,1.2
1183.17,36,0.98,0.88,1.13,0.3,0.85,1.08,0.3,0.07,0.75,0,0.68,0.75,0.64,0.41,1.2
1184.17,36,0.98,0.89,1.13,0.3,0.85,1.08,0.29,0.07,0.75,0,0.68,0.75,0.64,0.41,1.2
1185.17,36,0.98,0.88,1.13,0.31,0.86,1.08,0.3,0.07,0.75,0,0.68,0.75,0.64,0.41,1.2
1186.17,36,0.98,0.88,1.13,0.3,0.84,1.08,0.29,0.06,0.74,0,0.68,0.74,0.64,0.4,1.19
1187.17,36,0.98,0.88,1.13,0.3,0.84,1.08,0.29,0.06,0.74,0,0.67,0.75,0.63,0.4,1.19
1188.17,36,0.98,0.88,1.13,0.3,0.85,1.08,0.29,0.06,0.74,0,0.67,0.75,0.63,0.4,1.21
1189.18,36,0.97,0.88,1.13,0.3,0.84,1.08,0.29,0.06,0.74,0,0.67,0.74,0.63,0.39,1.19
1190.18,36,0.98,0.88,1.13,0.31,0.85,1.08,0.29,0.07,0.75,0,0.68,0.75,0.65,0.41,1.21
1191.18,36,0.98,0.88,1.13,0.3,0.85,1.08,0.29,0.06,0.75,0,0.67,0.75,0.64,0.4,1.2
1192.18,36,0.97,0.88,1.13,0.3,0.85,1.08,0.29,0.05,0.74,0,0.67,0.74,0.64,0.4,1.2
1193.2,36,0.98,0.88,1.13,0.3,0.85,1.08,0.29,0.06,0.74,0,0.68,0.75,0.63,0.41,1.2
1194.2,36,0.98,0.88,1.13,0.3,0.84,1.08,0.29,0.06,0.74,0,0.68,0.75,0.64,0.4,1.2
1195.2,36,0.98,0.88,1.14,0.3,0.85,1.08,0.29,0.07,0.75,0,0.68,0.75,0.64,0.41,1.2
1196.22,36,0.98,0.88,1.13,0.3,0.85,1.09,0.3,0.07,0.75,0,0.68,0.75,0.64,0.41,1.2
1197.22,36,0.98,0.88,1.13,0.3,0.85,1.08,0.29,0.07,0.75,0,0.68,0.75,0.65,0.41,1.2
1198.22,36,0.98,0.88,1.13,0.3,0.84,1.08,0.28,0.06,0.75,0,0.68,0.75,0.64,0.4,1.19
1199.22,36,0.98,0.88,1.13,0.3,0.84,1.08,0.29,0.06,0.74,0,0.68,0.75,0.64,0.4,1.2
1200.23,36,0.98,0.88,1.13,0.3,0.84,1.09,0.29,0.07,0.75,0,0.68,0.76,0.65,0.4,1.21
1201.23,36,0.98,0.88,1.13,0.3,0.84,1.08,0.29,0.07,0.75,0,0.68,0.75,0.64,0.41,1.21
1202.23,36,0.98,0.88,1.13,0.3,0.85,1.08,0.29,0.05,0.74,0,0.68,0.75,0.64,0.4,1.2
1203.23,36,0.98,0.88,1.13,0.3,0.85,1.08,0.29,0.06,0.75,0,0.68,0.75,0.65,0.41,1.2
1204.23,36,0.98,0.88,1.13,0.31,0.85,1.08,0.28,0.06,0.75,0,0.67,0.75,0.64,0.4,1.2
1205.25,36,0.98,0.88,1.13,0.31,0.85,1.09,0.29,0.07,0.75,0,0.68,0.75,0.64,0.41,1.2
1206.25,36,0.98,0.88,1.13,0.31,0.86,1.09,0.3,0.07,0.75,0,0.68,0.75,0.65,0.41,1.2
1207.25,36,0.98,0.88,1.13,0.3,0.84,1.08,0.29,0.06,0.75,0,0.67,0.75,0.64,0.41,1.2
1208.27,36,0.98,0.9,1.14,0.31,0.85,1.1,0.3,0.07,0.75,0,0.69,0.75,0.65,0.41,1.21
1209.27,36,0.97,0.88,1.13,0.3,0.85,1.08,0.28,0.06,0.74,0,0.68,0.75,0.63,0.41,1.19
1210.27,36,0.98,0.88,1.13,0.3,0.84,1.08,0.29,0.06,0.75,0,0.68,0.75,0.64,0.4,1.2
1211.27,36,0.98,0.88,1.13,0.31,0.85,1.08,0.29,0.06,0.75,0,0.68,0.75,0.64,0.41,1.21
1212.27,36,0.98,0.88,1.13,0.3,0.85,1.08,0.29,0.06,0.74,0,0.68,0.75,0.64,0.4,1.2
1213.28,36,0.98,0.88,1.13,0.3,0.84,1.08,0.29,0.07,0.75,0,0.67,0.75,0.64,0.41,1.2
1214.28,36,0.98,0.89,1.13,0.31,0.86,1.1,0.3,0.07,0.75,0,0.69,0.76,0.65,0.41,1.21
1215.28,36,0.98,0.88,1.13,0.3,0.84,1.08,0.3,0.06,0.75,0,0.67,0.75,0.64,0.4,1.21
1216.28,36,0.98,0.88,1.13,0.3,0.85,1.08,0.29,0.07,0.75,0,0.67,0.75,0.64,0.41,1.19
1217.28,36,0.98,0.88,1.13,0.3,0.84,1.09,0.3,0.07,0.75,0,0.68,0.75,0.65,0.41,1.2
1218.28,36,0.98,0.88,1.13,0.3,0.85,1.08,0.29,0.07,0.75,0,0.68,0.75,0.64,0.4,1.21
1219.3,36,0.98,0.89,1.13,0.3,0.85,1.08,0.3,0.07,0.75,0,0.69,0.75,0.64,0.41,1.2
1220.3,36,0.98,0.88,1.13,0.3,0.84,1.08,0.28,0.05,0.74,0,0.67,0.73,0.63,0.39,1.19
1221.3,36,0.98,0.88,1.13,0.3,0.84,1.08,0.29,0.07,0.75,0,0.68,0.75,0.64,0.4,1.2
1222.3,36,0.98,0.88,1.13,0.3,0.85,1.09,0.29,0.07,0.75,0,0.68,0.75,0.65,0.41,1.21
1223.3,36,0.98,0.89,1.13,0.31,0.85,1.08,0.3,0.07,0.75,0,0.69,0.75,0.65,0.41,1.2
1224.3,36,0.98,0.88,1.13,0.3,0.84,1.08,0.28,0.05,0.74,0,0.67,0.75,0.63,0.4,1.19
1225.3,36,0.98,0.89,1.14,0.31,0.85,1.09,0.3,0.07,0.75,0,0.69,0.75,0.65,0.41,1.21
1226.3,36,0.98,0.88,1.13,0.3,0.84,1.08,0.29,0.07,0.74,0,0.67,0.74,0.64,0.4,1.2
1227.32,36,0.98,0.88,1.13,0.3,0.84,1.08,0.29,0.06,0.74,0,0.68,0.75,0.63,0.4,1.19
1228.32,36,0.98,0.88,1.13,0.3,0.84,1.08,0.29,0.06,0.75,0,0.67,0.75,0.63,0.4,1.2
1229.32,36,0.98,0.88,1.13,0.31,0.85,1.09,0.29,0.07,0.75,0,0.68,0.75,0.64,0.41,1.2
1230.32,36,0.98,0.87,1.13,0.3,0.84,1.08,0.29,0.07,0.74,0,0.67,0.75,0.64,0.4,1.2
1231.32,36,0.98,0.88,1.13,0.31,0.85,1.08,0.29,0.06,0.74,0,0.68,0.75,0.64,0.41,1.19
1232.32,36,0.98,0.88,1.13,0.3,0.84,1.09,0.29,0.07,0.75,0,0.68,0.75,0.64,0.41,1.2
1233.33,36,0.98,0.88,1.13,0.3,0.84,1.07,0.29,0.05,0.75,0,0.67,0.75,0.65,0.4,1.19
1234.33,36,0.98,0.88,1.13,0.3,0.85,1.08,0.29,0.07,0.74,0,0.68,0.75,0.65,0.41,1.2
1235.33,36,0.97,0.88,1.13,0.3,0.84,1.08,0.29,0.06,0.74,0,0.67,0.75,0.63,0.41,1.19
1236.33,36,0.98,0.88,1.13,0.31,0.84,1.09,0.3,0.07,0.75,0,0.68,0.75,0.65,0.41,1.21
1237.35,36,0.98,0.88,1.13,0.3,0.84,1.09,0.3,0.06,0.75,0,0.68,0.75,0.65,0.4,1.2
1238.35,36,0.98,0.88,1.13,0.3,0.85,1.08,0.29,0.06,0.75,0,0.68,0.75,0.64,0.41,1.2
1239.35,36,0.98,0.88,1.13,0.3,0.84,1.08,0.29,0.06,0.73,0,0.68,0.75,0.64,0.41,1.2
1240.35,36,0.98,0.88,1.13,0.3,0.84,1.08,0.29,0.06,0.74,0,0.67,0.75,0.63,0.4,1.2
1241.37,36,0.98,0.88,1.13,0.3,0.84,1.08,0.28,0.06,0.73,0,0.67,0.74,0.64,0.41,1.2
1242.37,36,0.98,0.87,1.13,0.3,0.84,1.08,0.29,0.07,0.75,0,0.68,0.74,0.63,0.4,1.19
1243.37,36,0.98,0.88,1.13,0.3,0.85,1.08,0.28,0.07,0.75,0,0.68,0.75,0.64,0.41,1.2
1244.37,36,0.98,0.89,1.13,0.31,0.84,1.08,0.29,0.07,0.75,0,0.68,0.75,0.64,0.4,1.2
1245.37,36,0.98,0.88,1.13,0.3,0.84,1.08,0.29,0.06,0.75,0,0.68,0.75,0.64,0.4,1.2
1246.37,36,0.98,0.88,1.13,0.31,0.85,1.08,0.3,0.06,0.75,0,0.68,0.75,0.64,0.4,1.19
1247.37,36,0.99,0.9,1.14,0.31,0.86,1.1,0.3,0.07,0.75,0,0.69,0.76,0.65,0.41,1.21
1248.38,36,0.98,0.89,1.13,0.3,0.84,1.08,0.29,0.06,0.74,0,0.67,0.75,0.64,0.4,1.2
1249.38,36,0.98,0.88,1.13,0.3,0.84,1.09,0.3,0.07,0.75,0,0.68,0.75,0.64,0.4,1.2
1250.38,36,0.98,0.88,1.13,0.3,0.85,1.08,0.3,0.07,0.75,0,0.68,0.75,0.65,0.41,1.2
1251.4,36,0.98,0.88,1.13,0.3,0.84,1.08,0.28,0.07,0.75,0,0.67,0.75,0.64,0.41,1.2
1252.4,36,0.98,0.88,1.13,0.3,0.84,1.08,0.3,0.06,0.74,0,0.67,0.75,0.63,0.41,1.2
1253.4,36,0.98,0.88,1.13,0.3,0.84,1.08,0.3,0.06,0.75,0,0.68,0.74,0.63,0.4,1.2
1254.4,36,0.98,0.88,1.13,0.31,0.85,1.08,0.3,0.06,0.75,0,0.69,0.75,0.65,0.4,1.21
1255.4,36,0.98,0.88,1.13,0.3,0.85,1.08,0.29,0.07,0.74,0,0.67,0.75,0.64,0.41,1.2
1256.4,36,0.98,0.88,1.13,0.3,0.84,1.08,0.29,0.06,0.75,0,0.68,0.75,0.64,0.41,1.2
1257.4,36,0.98,0.88,1.13,0.3,0.84,1.09,0.29,0.07,0.75,0,0.69,0.75,0.65,0.41,1.21
1258.4,36,0.98,0.88,1.13,0.3,0.84,1.09,0.29,0.06,0.75,0,0.67,0.75,0.65,0.4,1.2
1259.42,36,0.98,0.88,1.13,0.31,0.84,1.09,0.3,0.06,0.75,0,0.68,0.75,0.64,0.4,1.21
1260.42,36,0.98,0.88,1.13,0.3,0.84,1.07,0.29,0.07,0.74,0,0.67,0.75,0.64,0.41,1.2
1261.42,36,0.98,0.89,1.13,0.31,0.85,1.09,0.3,0.07,0.75,0,0.67,0.75,0.65,0.41,1.21
1262.42,36,0.97,0.88,1.13,0.3,0.84,1.08,0.29,0.05,0.73,0,0.67,0.74,0.63,0.39,1.19
1263.42,36,0.98,0.88,1.13,0.31,0.84,1.09,0.3,0.07,0.75,0,0.68,0.75,0.65,0.41,1.2
1264.42,36,0.98,0.88,1.13,0.3,0.85,1.08,0.29,0.07,0.75,0,0.68,0.75,0.64,0.41,1.2
1265.42,36,0.98,0.88,1.13,0.3,0.84,1.08,0.28,0.06,0.74,0,0.68,0.75,0.64,0.4,1.19
1266.42,36,0.98,0.88,1.13,0.3,0.84,1.08,0.29,0.06,0.74,0,0.67,0.75,0.63,0.4,1.19
1267.42,36,0.98,0.88,1.13,0.3,0.84,1.08,0.29,0.07,0.75,0,0.68,0.75,0.64,0.41,1.2
1268.42,36,0.98,0.88,1.13,0.31,0.84,1.08,0.3,0.07,0.75,0,0.68,0.75,0.64,0.41,1.2
1269.43,36,0.98,0.88,1.13,0.31,0.86,1.08,0.3,0.07,0.75,0,0.68,0.75,0.65,0.41,1.2
1270.43,36,0.98,0.88,1.13,0.31,0.84,1.08,0.29,0.06,0.75,0,0.67,0.75,0.63,0.4,1.2
1271.43,36,0.98,0.88,1.13,0.3,0.85,1.09,0.3,0.06,0.74,0,0.68,0.75,0.65,0.4,1.21
1272.43,36,0.98,0.88,1.13,0.3,0.84,1.08,0.28,0.06,0.74,0,0.68,0.75,0.63,0.4,1.19
1273.43,36,0.98,0.88,1.13,0.31,0.84,1.08,0.29,0.07,0.75,0,0.68,0.75,0.65,0.41,1.19
1274.45,36,0.98,0.88,1.13,0.3,0.84,1.08,0.3,0.06,0.75,0,0.68,0.75,0.64,0.41,1.19
1275.45,36,0.98,0.88,1.13,0.3,0.84,1.08,0.28,0.06,0.74,0,0.67,0.75,0.64,0.4,1.19
1276.45,36,0.98,0.88,1.13,0.3,0.84,1.08,0.29,0.07,0.75,0,0.67,0.75,0.63,0.41,1.2
1277.45,36,0.98,0.88,1.13,0.3,0.84,1.09,0.3,0.06,0.75,0,0.68,0.75,0.64,0.41,1.2
1278.47,36,0.98,0.87,1.13,0.3,0.84,1.08,0.29,0.06,0.74,0,0.67,0.74,0.64,0.41,1.2
1279.47,36,0.98,0.87,1.12,0.3,0.84,1.07,0.28,0.05,0.73,0,0.67,0.74,0.63,0.39,1.19
1280.47,36,0.98,0.87,1.13,0.3,0.84,1.08,0.29,0.06,0.73,0,0.67,0.75,0.63,0.4,1.19
1281.47,36,0.98,0.88,1.13,0.3,0.84,1.08,0.3,0.07,0.74,0,0.68,0.75,0.65,0.41,1.2
1282.48,36,0.98,0.88,1.13,0.3,0.85,1.08,0.29,0.06,0.74,0,0.68,0.75,0.63,0.41,1.2
1283.48,36,0.98,0.88,1.13,0.3,0.85,1.08,0.3,0.07,0.75,0,0.68,0.75,0.65,0.41,1.21
1284.48,36,0.98,0.88,1.13,0.3,0.84,1.08,0.29,0.07,0.74,0,0.68,0.75,0.63,0.4,1.19
1285.48,36,0.98,0.87,1.12,0.3,0.84,1.08,0.28,0.06,0.74,0,0.67,0.75,0.63,0.4,1.19
1286.48,36,0.98,0.88,1.14,0.3,0.86,1.09,0.3,0.06,0.75,0,0.68,0.75,0.64,0.4,1.2
1287.5,36,0.98,0.88,1.13,0.3,0.84,1.09,0.3,0.06,0.75,0,0.68,0.75,0.64,0.41,1.2
1288.5,36,0.98,0.88,1.13,0.3,0.84,1.08,0.29,0.06,0.75,0,0.68,0.75,0.64,0.41,1.2
1289.5,36,0.98,0.88,1.13,0.31,0.85,1.08,0.3,0.07,0.75,0,0.69,0.75,0.64,0.41,1.2
1290.52,36,0.98,0.87,1.13,0.3,0.84,1.08,0.28,0.06,0.74,0,0.67,0.74,0.63,0.41,1.19
1291.52,36,0.98,0.88,1.13,0.3,0.85,1.08,0.29,0.06,0.74,0,0.68,0.75,0.64,0.41,1.19
1292.52,36,0.98,0.88,1.13,0.3,0.84,1.08,0.29,0.06,0.75,0,0.68,0.75,0.64,0.41,1.2
1293.52,36,0.98,0.88,1.13,0.3,0.84,1.07,0.29,0.07,0.74,0,0.67,0.75,0.63,0.4,1.2
1294.52,36,0.98,0.88,1.13,0.31,0.84,1.09,0.29,0.07,0.75,0,0.69,0.75,0.64,0.41,1.21
1295.53,36,0.98,0.88,1.13,0.3,0.84,1.08,0.29,0.07,0.75,0,0.67,0.75,0.63,0.4,1.19
1296.53,36,0.98,0.89,1.14,0.31,0.86,1.09,0.3,0.07,0.75,0,0.69,0.76,0.65,0.41,1.21
1297.53,36,0.98,0.88,1.13,0.3,0.84,1.08,0.29,0.06,0.75,0,0.68,0.75,0.64,0.4,1.2
1298.53,36,0.98,0.89,1.13,0.31,0.85,1.09,0.3,0.07,0.75,0,0.68,0.75,0.65,0.41,1.21
1299.55,36,0.98,0.89,1.14,0.31,0.86,1.09,0.3,0.07,0.75,0,0.69,0.75,0.65,0.41,1.21
1300.55,36,0.98,0.89,1.13,0.3,0.86,1.08,0.29,0.06,0.75,0,0.68,0.75,0.64,0.4,1.2
1301.55,36,0.98,0.88,1.13,0.31,0.86,1.09,0.3,0.07,0.75,0,0.69,0.75,0.65,0.41,1.21
1302.55,36,0.98,0.88,1.13,0.3,0.84,1.08,0.29,0.06,0.75,0,0.68,0.75,0.64,0.41,1.2
1303.57,36,0.98,0.88,1.13,0.3,0.85,1.09,0.3,0.07,0.75,0,0.68,0.75,0.65,0.41,1.2
1304.57,36,0.98,0.88,1.13,0.31,0.85,1.09,0.3,0.07,0.75,0,0.68,0.75,0.64,0.41,1.2
1305.57,36,0.98,0.88,1.14,0.31,0.86,1.09,0.3,0.07,0.75,0,0.68,0.75,0.65,0.41,1.21
1306.57,36,0.98,0.88,1.14,0.31,0.86,1.09,0.3,0.07,0.75,0,0.68,0.75,0.65,0.41,1.21
1307.58,36,0.98,0.88,1.14,0.3,0.85,1.09,0.3,0.07,0.75,0,0.69,0.75,0.64,0.41,1.2
1308.58,36,0.98,0.88,1.13,0.31,0.85,1.09,0.3,0.07,0.75,0,0.68,0.75,0.64,0.41,1.2
1309.58,36,0.99,0.89,1.13,0.31,0.85,1.08,0.3,0.07,0.75,0,0.68,0.75,0.65,0.41,1.21
1310.58,36,0.98,0.89,1.13,0.31,0.85,1.08,0.3,0.07,0.75,0,0.69,0.76,0.65,0.41,1.2
1311.6,36,0.98,0.88,1.13,0.3,0.84,1.08,0.28,0.07,0.75,0,0.68,0.75,0.63,0.41,1.2
1312.6,36,0.98,0.88,1.13,0.3,0.85,1.08,0.29,0.07,0.74,0,0.68,0.75,0.64,0.4,1.21
1313.6,36,0.98,0.88,1.14,0.31,0.85,1.09,0.3,0.07,0.75,0,0.69,0.75,0.64,0.41,1.21
1314.6,36,0.99,0.88,1.13,0.32,0.86,1.09,0.3,0.07,0.75,0,0.69,0.76,0.65,0.41,1.21
1315.62,36,0.98,0.88,1.14,0.31,0.85,1.09,0.3,0.07,0.75,0,0.68,0.75,0.65,0.41,1.2
1316.62,36,0.98,0.88,1.13,0.3,0.84,1.08,0.29,0.07,0.74,0,0.68,0.75,0.64,0.4,1.19
1317.62,36,0.98,0.88,1.13,0.32,0.84,1.09,0.3,0.07,0.75,0,0.68,0.75,0.65,0.41,1.2
1318.62,36,0.99,0.89,1.14,0.31,0.86,1.1,0.3,0.07,0.75,0,0.69,0.75,0.65,0.41,1.21
1319.63,36,0.99,0.88,1.13,0.31,0.85,1.09,0.3,0.07,0.75,0,0.69,0.76,0.65,0.41,1.21
1320.63,36,0.98,0.88,1.13,0.3,0.84,1.08,0.29,0.07,0.75,0,0.68,0.75,0.64,0.41,1.2
1321.63,36,0.99,0.88,1.13,0.31,0.85,1.1,0.3,0.07,0.75,0,0.69,0.75,0.65,0.41,1.21
1322.63,36,0.99,0.88,1.14,0.3,0.86,1.09,0.3,0.07,0.76,0,0.69,0.75,0.65,0.41,1.21
1323.63,36,0.99,0.88,1.14,0.3,0.86,1.08,0.3,0.07,0.75,0,0.68,0.75,0.65,0.42,1.21
1324.63,36,0.98,0.88,1.14,0.3,0.85,1.08,0.3,0.07,0.75,0,0.68,0.75,0.65,0.41,1.2
1325.63,36,0.99,0.89,1.14,0.32,0.86,1.09,0.3,0.07,0.75,0,0.68,0.75,0.65,0.41,1.21
1326.65,36,0.98,0.88,1.13,0.3,0.85,1.09,0.3,0.07,0.75,0,0.68,0.75,0.65,0.4,1.2
1327.65,36,0.99,0.89,1.13,0.32,0.86,1.09,0.3,0.07,0.75,0,0.69,0.76,0.65,0.41,1.21
1328.65,36,0.99,0.88,1.14,0.31,0.85,1.09,0.3,0.07,0.75,0,0.69,0.76,0.65,0.41,1.21
1329.67,36,0.99,0.88,1.13,0.31,0.86,1.1,0.3,0.07,0.75,0,0.69,0.75,0.65,0.41,1.2
1330.67,36,0.99,0.89,1.14,0.31,0.86,1.08,0.3,0.07,0.75,0,0.69,0.76,0.65,0.41,1.21
1331.67,36,0.99,0.89,1.14,0.31,0.85,1.1,0.3,0.07,0.75,0,0.69,0.76,0.65,0.41,1.21
1332.67,36,0.98,0.89,1.14,0.32,0.86,1.09,0.3,0.07,0.75,0,0.69,0.76,0.65,0.41,1.21
1333.67,36,0.98,0.88,1.13,0.3,0.85,1.08,0.3,0.07,0.74,0,0.68,0.75,0.64,0.41,1.2
1334.67,36,0.99,0.89,1.13,0.32,0.85,1.09,0.3,0.07,0.75,0,0.68,0.76,0.65,0.41,1.21
1335.68,36,0.98,0.88,1.13,0.31,0.85,1.08,0.3,0.07,0.75,0,0.68,0.75,0.64,0.41,1.21
1336.68,36,0.98,0.89,1.14,0.31,0.85,1.09,0.3,0.07,0.75,0,0.69,0.75,0.65,0.41,1.21
1337.68,36,0.98,0.88,1.13,0.31,0.85,1.09,0.3,0.07,0.75,0,0.68,0.75,0.65,0.41,1.2
1338.7,36,0.98,0.88,1.13,0.3,0.85,1.08,0.3,0.06,0.75,0,0.68,0.75,0.65,0.41,1.21
1339.7,36,0.99,0.88,1.14,0.31,0.86,1.1,0.3,0.07,0.76,0,0.69,0.75,0.65,0.41,1.21
1340.7,36,0.99,0.89,1.14,0.31,0.85,1.1,0.3,0.07,0.76,0,0.69,0.75,0.65,0.41,1.21
1341.7,36,0.99,0.88,1.15,0.32,0.86,1.1,0.3,0.07,0.75,0,0.69,0.76,0.65,0.41,1.2
1342.72,36,0.99,0.89,1.14,0.31,0.86,1.1,0.3,0.07,0.76,0,0.69,0.76,0.65,0.41,1.21
1343.72,36,0.98,0.88,1.14,0.31,0.85,1.09,0.3,0.07,0.75,0,0.69,0.75,0.65,0.41,1.21
1344.72,36,0.99,0.88,1.13,0.31,0.85,1.08,0.29,0.07,0.75,0,0.69,0.75,0.65,0.41,1.21
1345.72,36,0.99,0.88,1.13,0.3,0.85,1.09,0.3,0.07,0.75,0,0.69,0.76,0.65,0.41,1.21
1346.72,36,0.99,0.88,1.14,0.31,0.85,1.09,0.3,0.07,0.75,0,0.69,0.75,0.65,0.41,1.21
1347.73,36,0.98,0.89,1.14,0.31,0.85,1.1,0.3,0.07,0.75,0,0.69,0.75,0.65,0.41,1.21
1348.73,36,0.98,0.88,1.13,0.31,0.84,1.08,0.29,0.06,0.74,0,0.68,0.75,0.65,0.41,1.21
1349.73,36,0.98,0.88,1.14,0.31,0.85,1.09,0.3,0.07,0.75,0,0.68,0.75,0.65,0.41,1.21
1350.73,36,0.98,0.88,1.13,0.31,0.85,1.09,0.3,0.07,0.75,0,0.69,0.75,0.65,0.41,1.21
1351.73,36,0.98,0.88,1.13,0.31,0.85,1.09,0.3,0.07,0.75,0,0.68,0.75,0.64,0.41,1.21
1352.73,36,0.98,0.88,1.13,0.32,0.85,1.08,0.3,0.07,0.75,0,0.68,0.75,0.65,0.41,1.21
1353.75,36,0.99,0.89,1.14,0.32,0.86,1.09,0.3,0.07,0.75,0,0.69,0.76,0.64,0.41,1.21
1354.75,36,0.98,0.88,1.13,0.31,0.85,1.09,0.29,0.07,0.75,0,0.68,0.75,0.65,0.4,1.2
1355.75,36,0.99,0.89,1.14,0.32,0.86,1.09,0.3,0.08,0.75,0,0.69,0.76,0.65,0.41,1.21
1356.75,36,0.98,0.88,1.13,0.31,0.84,1.09,0.3,0.07,0.74,0,0.68,0.75,0.64,0.41,1.21
1357.75,36,0.98,0.88,1.13,0.31,0.85,1.09,0.29,0.07,0.74,0,0.69,0.74,0.64,0.41,1.2
1358.77,36,0.98,0.88,1.13,0.32,0.85,1.08,0.3,0.07,0.75,0,0.68,0.75,0.64,0.41,1.2
1359.77,36,0.98,0.88,1.13,0.3,0.85,1.08,0.3,0.06,0.75,0,0.68,0.75,0.64,0.4,1.2
1360.77,36,0.98,0.88,1.13,0.31,0.86,1.08,0.3,0.07,0.75,0,0.69,0.75,0.65,0.41,1.2
1361.77,36,0.98,0.88,1.13,0.31,0.85,1.08,0.3,0.07,0.75,0,0.67,0.75,0.64,0.41,1.2
1362.77,36,0.98,0.88,1.13,0.31,0.84,1.08,0.29,0.07,0.75,0,0.68,0.75,0.65,0.41,1.19
1363.77,36,0.98,0.88,1.14,0.31,0.85,1.09,0.3,0.07,0.75,0,0.68,0.75,0.65,0.41,1.2
1364.78,36,0.98,0.88,1.13,0.3,0.84,1.08,0.29,0.07,0.74,0,0.68,0.75,0.64,0.41,1.2
1365.78,36,0.98,0.88,1.13,0.31,0.85,1.08,0.3,0.07,0.75,0,0.68,0.75,0.65,0.41,1.21
1366.78,36,0.98,0.88,1.13,0.3,0.84,1.08,0.29,0.05,0.74,0,0.68,0.75,0.64,0.4,1.19
1367.78,36,0.98,0.88,1.13,0.3,0.84,1.08,0.29,0.07,0.74,0,0.68,0.75,0.64,0.4,1.2
1368.78,36,0.98,0.88,1.13,0.31,0.86,1.09,0.29,0.07,0.75,0,0.68,0.75,0.64,0.41,1.2
1369.8,36,0.98,0.88,1.13,0.3,0.85,1.09,0.3,0.07,0.75,0,0.68,0.75,0.63,0.4,1.2
1370.8,36,0.99,0.88,1.14,0.31,0.85,1.09,0.3,0.07,0.75,0,0.68,0.75,0.65,0.41,1.21
1371.8,36,0.99,0.88,1.14,0.31,0.85,1.09,0.3,0.07,0.75,0,0.67,0.75,0.65,0.41,1.21
1372.8,36,0.98,0.88,1.13,0.3,0.84,1.08,0.29,0.06,0.74,0,0.67,0.75,0.64,0.39,1.2
1373.82,36,0.98,0.88,1.13,0.3,0.84,1.08,0.29,0.07,0.74,0,0.68,0.75,0.64,0.4,1.19
1374.82,36,0.98,0.88,1.13,0.3,0.84,1.08,0.29,0.07,0.75,0,0.67,0.75,0.64,0.4,1.19
1375.82,36,0.98,0.88,1.13,0.31,0.85,1.08,0.3,0.07,0.75,0,0.69,0.75,0.65,0.41,1.21
1376.82,36,0.98,0.88,1.13,0.3,0.84,1.08,0.29,0.06,0.75,0,0.68,0.75,0.64,0.41,1.2
1377.82,36,0.98,0.88,1.13,0.31,0.85,1.08,0.29,0.07,0.75,0,0.68,0.75,0.64,0.41,1.19
1378.82,36,0.98,0.88,1.13,0.31,0.85,1.08,0.29,0.07,0.75,0,0.68,0.75,0.65,0.41,1.21
1379.82,36,0.98,0.88,1.13,0.3,0.85,1.08,0.3,0.07,0.75,0,0.69,0.75,0.64,0.41,1.2
1380.83,36,0.98,0.88,1.13,0.31,0.85,1.09,0.3,0.07,0.75,0,0.68,0.75,0.64,0.41,1.21
1381.83,36,0.98,0.88,1.13,0.31,0.84,1.08,0.3,0.07,0.75,0,0.68,0.75,0.64,0.4,1.21
1382.83,36,0.98,0.88,1.13,0.3,0.84,1.09,0.3,0.07,0.75,0,0.68,0.75,0.65,0.41,1.21
1383.83,36,0.98,0.88,1.13,0.3,0.84,1.08,0.29,0.07,0.74,0,0.67,0.75,0.64,0.4,1.2
1384.85,36,0.98,0.88,1.13,0.3,0.85,1.08,0.3,0.06,0.74,0,0.68,0.75,0.65,0.41,1.2
1385.85,36,0.98,0.88,1.13,0.32,0.86,1.09,0.3,0.07,0.75,0,0.68,0.75,0.65,0.41,1.2
1386.85,36,0.98,0.88,1.13,0.3,0.84,1.09,0.3,0.06,0.75,0,0.68,0.75,0.64,0.4,1.2
1387.85,36,0.98,0.88,1.13,0.3,0.84,1.08,0.29,0.06,0.74,0,0.67,0.75,0.64,0.4,1.19
1388.85,36,0.98,0.88,1.13,0.3,0.84,1.08,0.29,0.05,0.74,0,0.67,0.75,0.64,0.41,1.21
