Time,T,OTU19_R1,OTU20_R1,OTU21_R1,OTU19_R2,OTU20_R2,OTU21_R2,OTU19_R3,OTU20_R3,OTU21_R3,OTU19_R4,OTU20_R4,OTU21_R4,OTU19_R5,OTU20_R5,OTU21_R5,Tm,T_internal
0.03,22,10.77,11.05,10.89,10.53,9.73,10.61,10.53,10.58,10.28,10.42,12.32,10.54,11.08,10.7,11.66,22,22.3
1.03,22,10.79,11.09,10.95,10.58,9.77,10.65,10.5,10.42,10.23,10.25,12.15,10.54,11.01,10.67,11.61,22,22.19
2.03,22,10.84,11.21,11.05,10.64,9.84,10.72,10.51,10.35,10.19,10.18,12.04,10.61,11.04,10.7,11.6,22,22.14
3.03,22,10.85,11.29,11.11,10.68,9.9,10.78,10.53,10.32,10.15,10.17,11.92,10.65,11.04,10.71,11.57,22,22.09
4.03,22,10.88,11.37,11.16,10.74,9.96,10.84,10.56,10.33,10.15,10.17,11.9,10.72,11.06,10.77,11.52,22,22.05
5.03,22,10.89,11.44,11.21,10.78,10,10.89,10.57,10.35,10.1,10.18,11.92,10.77,11.08,10.81,11.47,22,22.05
6.03,22,10.94,11.52,11.25,10.84,10.05,10.92,10.58,10.39,10.1,10.22,11.96,10.82,11.11,10.84,11.42,22,22.03
7.03,22,10.96,11.6,11.31,10.87,10.1,10.95,10.58,10.43,10.07,10.25,11.96,10.87,11.14,10.88,11.37,22,22.05
8.03,22,11.01,11.64,11.35,10.92,10.15,10.99,10.63,10.46,10.03,10.29,11.99,10.91,11.19,10.92,11.37,22,22.03
9.03,22,11.05,11.7,11.39,10.96,10.21,11.05,10.65,10.51,10,10.33,12.04,10.96,11.22,10.96,11.34,22,22.05
10.03,22,11.06,11.74,11.42,11.01,10.25,11.08,10.67,10.56,9.97,10.37,12.08,10.98,11.24,11.01,11.29,22,22.08
11.03,22,11.08,11.76,11.45,11.04,10.28,11.12,10.7,10.58,9.99,10.42,12.1,11.01,11.26,11.02,11.26,22,22.1
12.03,22,11.09,11.8,11.48,11.08,10.3,11.16,10.74,10.61,10.01,10.46,12.12,11.04,11.29,11.08,11.26,22,22.1
13.03,22,11.12,11.85,11.52,11.14,10.35,11.22,10.77,10.68,10.05,10.51,12.18,11.08,11.32,11.11,11.29,22,22.14
14.03,22,11.15,11.86,11.57,11.18,10.39,11.25,10.79,10.72,10.08,10.56,12.21,11.12,11.35,11.16,11.29,22,22.16
15.03,22,11.18,11.87,11.6,11.24,10.43,11.29,10.84,10.77,10.12,10.57,12.24,11.14,11.38,11.21,11.31,22,22.21
16.03,22,11.18,11.87,11.61,11.24,10.44,11.32,10.85,10.78,10.14,10.58,12.29,11.16,11.39,11.22,11.31,22,22.23
17.03,22,11.22,11.92,11.67,11.28,10.5,11.37,10.89,10.82,10.19,10.64,12.33,11.19,11.42,11.22,11.32,22,22.21
18.05,22,11.22,11.87,11.67,11.28,10.5,11.38,10.89,10.85,10.22,10.63,12.35,11.22,11.42,11.24,11.34,22,22.19
19.05,22,11.25,11.87,11.68,11.29,10.54,11.41,10.92,10.88,10.25,10.65,12.39,11.24,11.45,11.29,11.34,22,22.19
20.05,22,11.24,11.85,11.7,11.32,10.57,11.42,10.94,10.92,10.26,10.67,12.42,11.26,11.42,11.29,11.32,22,22.19
21.05,22,11.25,11.82,11.73,11.34,10.6,11.45,10.96,10.94,10.29,10.67,12.44,11.29,11.45,11.31,11.35,22,22.19
22.05,22,11.24,11.79,11.73,11.34,10.6,11.44,10.96,10.96,10.3,10.68,12.42,11.29,11.47,11.29,11.32,22,22.21
23.05,22,11.28,11.79,11.76,11.39,10.63,11.48,10.99,10.99,10.35,10.71,12.47,11.32,11.47,11.34,11.37,22,22.23
24.05,22,11.25,11.77,11.76,11.38,10.64,11.48,11.02,11.01,10.36,10.71,12.48,11.34,11.48,11.35,11.32,22,22.23
25.05,22,11.26,11.76,11.76,11.39,10.65,11.5,11.01,11.04,10.36,10.71,12.5,11.35,11.5,11.35,11.37,22,22.26
26.05,22,11.25,11.77,11.76,11.42,10.67,11.5,11.02,11.06,10.37,10.74,12.53,11.35,11.51,11.38,11.35,22,22.28
27.05,22,11.26,11.77,11.79,11.42,10.68,11.52,11.05,11.06,10.39,10.74,12.56,11.39,11.51,11.39,11.37,22,22.3
28.05,22,11.28,11.77,11.79,11.45,10.7,11.52,11.05,11.09,10.4,10.75,12.56,11.39,11.52,11.39,11.37,22,22.34
29.07,22,11.28,11.79,11.8,11.47,10.71,11.52,11.06,11.09,10.42,10.74,12.57,11.39,11.52,11.39,11.41,22,22.37
30.07,22,11.28,11.79,11.8,11.47,10.72,11.54,11.08,11.12,10.43,10.78,12.6,11.42,11.52,11.44,11.39,22,22.39
31.07,22,11.31,11.83,11.83,11.5,10.77,11.57,11.08,11.15,10.44,10.78,12.62,11.45,11.57,11.44,11.42,22,22.41
32.07,22,11.32,11.85,11.85,11.52,10.77,11.55,11.12,11.16,10.47,10.79,12.63,11.47,11.55,11.44,11.44,22,22.44
33.07,22,11.32,11.86,11.85,11.52,10.79,11.58,11.14,11.18,10.46,10.81,12.65,11.48,11.58,11.48,11.45,22,22.43
34.07,22,11.34,11.83,11.86,11.54,10.79,11.57,11.11,11.21,10.47,10.81,12.66,11.48,11.58,11.47,11.42,22,22.41
35.07,22,11.35,11.86,11.86,11.57,10.79,11.58,11.12,11.21,10.5,10.82,12.68,11.51,11.58,11.5,11.45,22,22.39
36.07,22,11.39,11.87,11.87,11.55,10.79,11.58,11.15,11.22,10.5,10.82,12.69,11.51,11.58,11.48,11.45,22,22.39
37.07,22,11.38,11.83,11.86,11.55,10.78,11.57,11.12,11.22,10.49,10.79,12.69,11.5,11.58,11.47,11.45,22,22.39
38.07,22,11.38,11.86,11.87,11.57,10.82,11.58,11.15,11.24,10.49,10.82,12.71,11.51,11.58,11.48,11.44,22,22.41
39.08,22,11.35,11.85,11.85,11.57,10.79,11.6,11.16,11.24,10.5,10.84,12.74,11.52,11.61,11.48,11.44,22,22.41
40.08,22,11.37,11.86,11.89,11.58,10.84,11.61,11.16,11.28,10.53,10.82,12.77,11.52,11.61,11.52,11.47,22,22.41
41.08,22,11.35,11.86,11.87,11.57,10.82,11.64,11.18,11.28,10.51,10.84,12.78,11.52,11.61,11.52,11.45,22,22.44
42.08,22,11.35,11.86,11.9,11.6,10.85,11.64,11.18,11.29,10.51,10.85,12.8,11.55,11.63,11.54,11.45,22,22.44
43.08,22,11.34,11.86,11.89,11.6,10.82,11.64,11.18,11.29,10.51,10.84,12.8,11.54,11.63,11.52,11.47,22,22.46
44.08,22,11.34,11.87,11.89,11.6,10.82,11.63,11.18,11.31,10.53,10.85,12.8,11.55,11.61,11.52,11.45,22,22.48
45.08,22,11.32,11.87,11.89,11.63,10.85,11.63,11.19,11.31,10.54,10.85,12.8,11.55,11.63,11.52,11.47,22,22.52
46.08,22,11.32,11.87,11.89,11.6,10.84,11.63,11.18,11.32,10.56,10.85,12.81,11.55,11.63,11.57,11.47,22,22.53
47.1,22,11.32,11.87,11.9,11.63,10.85,11.63,11.19,11.32,10.56,10.87,12.83,11.58,11.63,11.57,11.5,22,22.55
48.1,22,11.32,11.89,11.9,11.63,10.87,11.63,11.21,11.34,10.57,10.87,12.81,11.6,11.66,11.58,11.5,22,22.57
49.1,22,11.32,11.9,11.92,11.64,10.88,11.63,11.21,11.35,10.57,10.88,12.86,11.61,11.66,11.6,11.48,22,22.55
50.1,22,11.29,11.9,11.9,11.63,10.88,11.63,11.21,11.34,10.57,10.87,12.86,11.6,11.66,11.58,11.48,22,22.53
51.1,22,11.31,11.9,11.92,11.64,10.88,11.61,11.19,11.35,10.57,10.87,12.83,11.6,11.66,11.58,11.5,22,22.53
52.1,22,11.31,11.89,11.92,11.64,10.88,11.6,11.22,11.35,10.58,10.89,12.87,11.63,11.66,11.58,11.5,22,22.51
53.1,22,11.31,11.87,11.89,11.67,10.87,11.61,11.21,11.35,10.58,10.89,12.87,11.6,11.64,11.58,11.48,22,22.52
54.1,22,11.28,11.87,11.9,11.66,10.85,11.57,11.22,11.37,10.58,10.88,12.86,11.6,11.64,11.58,11.48,22,22.51
55.1,22,11.29,11.89,11.89,11.66,10.87,11.6,11.22,11.35,10.57,10.87,12.86,11.61,11.64,11.58,11.47,22,22.52
56.12,22,11.26,11.87,11.89,11.64,10.87,11.57,11.19,11.35,10.56,10.85,12.86,11.61,11.63,11.58,11.47,22,22.52
57.12,22,11.28,11.89,11.9,11.64,10.87,11.61,11.22,11.37,10.58,10.85,12.86,11.61,11.66,11.58,11.48,22,22.53
58.12,22,11.28,11.9,11.92,11.66,10.88,11.61,11.22,11.38,10.58,10.88,12.89,11.63,11.68,11.6,11.51,22,22.55
59.12,22,11.25,11.86,11.89,11.63,10.85,11.58,11.19,11.35,10.57,10.87,12.87,11.61,11.61,11.58,11.47,22,22.55
60.12,22,11.26,11.89,11.89,11.66,10.88,11.61,11.22,11.38,10.58,10.88,12.9,11.63,11.66,11.6,11.5,22,22.58
61.12,22,11.25,11.89,11.9,11.63,10.87,11.61,11.21,11.35,10.58,10.85,12.87,11.63,11.66,11.6,11.5,22,22.59
62.12,22,11.24,11.87,11.9,11.64,10.87,11.61,11.22,11.38,10.6,10.88,12.9,11.64,11.67,11.61,11.5,22,22.62
63.12,22,11.25,11.89,11.92,11.63,10.87,11.63,11.22,11.38,10.58,10.89,12.9,11.64,11.66,11.61,11.48,22,22.62
64.12,22,11.25,11.9,11.93,11.67,10.89,11.67,11.24,11.39,10.61,10.91,12.93,11.66,11.68,11.61,11.5,22,22.64
65.12,22,11.24,11.9,11.92,11.64,10.88,11.67,11.24,11.39,10.6,10.89,12.9,11.66,11.7,11.64,11.48,22,22.62
66.12,22,11.24,11.92,11.9,11.67,10.89,11.68,11.24,11.39,10.6,10.89,12.9,11.64,11.67,11.63,11.5,22,22.59
67.12,22,11.22,11.87,11.89,11.66,10.88,11.64,11.22,11.39,10.6,10.88,12.92,11.64,11.66,11.63,11.48,22,22.58
68.12,22,11.21,11.86,11.9,11.7,10.87,11.61,11.24,11.38,10.6,10.88,12.92,11.66,11.67,11.61,11.48,22,22.58
69.12,22,11.19,11.86,11.89,11.7,10.87,11.61,11.22,11.38,10.58,10.87,12.9,11.64,11.64,11.6,11.48,22,22.57
70.12,22,11.21,11.87,11.89,11.71,10.88,11.61,11.22,11.38,10.58,10.87,12.9,11.64,11.66,11.6,11.47,22,22.57
71.12,22,11.19,11.87,11.89,11.73,10.88,11.61,11.22,11.39,10.57,10.88,12.89,11.64,11.64,11.61,11.45,22,22.57
72.12,22,11.19,11.87,11.89,11.73,10.88,11.6,11.22,11.37,10.58,10.87,12.89,11.63,11.66,11.6,11.45,22,22.58
73.12,22,11.19,11.87,11.89,11.71,10.91,11.58,11.22,11.37,10.58,10.87,12.89,11.63,11.64,11.6,11.47,22,22.58
74.12,22,11.19,11.86,11.89,11.71,10.89,11.6,11.21,11.37,10.6,10.88,12.9,11.64,11.64,11.6,11.47,22,22.59
75.12,22,11.19,11.89,11.89,11.73,10.89,11.61,11.21,11.38,10.58,10.88,12.87,11.64,11.67,11.61,11.47,22,22.6
76.12,22,11.19,11.87,11.87,11.68,10.91,11.6,11.19,11.37,10.58,10.87,12.89,11.64,11.67,11.6,11.45,22,22.64
77.12,22,11.19,11.87,11.89,11.68,10.89,11.6,11.19,11.37,10.58,10.88,12.89,11.64,11.66,11.61,11.45,22,22.62
78.12,22,11.19,11.89,11.9,11.67,10.89,11.61,11.21,11.38,10.58,10.88,12.9,11.66,11.66,11.63,11.47,22,22.66
79.13,22,11.21,11.89,11.87,11.67,10.89,11.63,11.22,11.38,10.6,10.89,12.9,11.66,11.67,11.63,11.47,22,22.69
80.13,22,11.19,11.87,11.89,11.66,10.89,11.64,11.21,11.37,10.57,10.88,12.89,11.64,11.67,11.63,11.47,22,22.66
81.13,22,11.19,11.87,11.89,11.66,10.89,11.66,11.21,11.37,10.58,10.88,12.9,11.64,11.66,11.63,11.45,22,22.64
82.13,22,11.15,11.83,11.86,11.64,10.89,11.63,11.18,11.34,10.57,10.85,12.89,11.64,11.64,11.58,11.45,22,22.62
83.13,22,11.15,11.86,11.86,11.66,10.89,11.61,11.19,11.38,10.58,10.87,12.9,11.66,11.64,11.61,11.45,22,22.6
84.13,22,11.15,11.85,11.85,11.7,10.88,11.58,11.18,11.37,10.54,10.85,12.89,11.64,11.63,11.6,11.42,22,22.59
85.13,22,11.16,11.86,11.87,11.77,10.89,11.6,11.21,11.37,10.57,10.85,12.87,11.64,11.66,11.58,11.45,22,22.59
86.13,22,11.15,11.83,11.86,11.77,10.88,11.58,11.18,11.35,10.56,10.85,12.89,11.63,11.61,11.58,11.42,22,22.58
87.13,22,11.15,11.85,11.85,11.79,10.87,11.57,11.18,11.35,10.56,10.85,12.86,11.61,11.63,11.58,11.41,22,22.58
88.13,22,11.15,11.83,11.86,11.79,10.88,11.57,11.19,11.35,10.56,10.84,12.89,11.63,11.58,11.58,11.41,22,22.58
89.13,22,11.15,11.85,11.85,11.79,10.88,11.58,11.19,11.35,10.56,10.87,12.89,11.64,11.64,11.58,11.41,22,22.59
90.13,22,11.15,11.85,11.85,11.76,10.88,11.58,11.18,11.34,10.57,10.85,12.87,11.61,11.63,11.58,11.42,22,22.6
91.13,22,11.14,11.83,11.85,11.74,10.87,11.57,11.18,11.34,10.54,10.84,12.86,11.61,11.64,11.58,11.39,22,22.62
92.13,22,11.15,11.83,11.85,11.74,10.88,11.58,11.18,11.34,10.56,10.85,12.89,11.61,11.63,11.6,11.39,22,22.62
93.15,22,11.14,11.85,11.85,11.73,10.87,11.57,11.16,11.34,10.56,10.84,12.87,11.63,11.63,11.6,11.39,22,22.66
94.15,22,11.14,11.83,11.83,11.7,10.87,11.57,11.16,11.34,10.54,10.82,12.86,11.61,11.63,11.55,11.39,22,22.66
95.15,22,11.15,11.86,11.86,11.73,10.88,11.6,11.18,11.34,10.56,10.85,12.89,11.64,11.64,11.58,11.39,22,22.69
96.15,22,11.14,11.85,11.83,11.68,10.85,11.61,11.18,11.34,10.54,10.84,12.87,11.6,11.63,11.6,11.39,22,22.68
97.15,22,11.14,11.85,11.85,11.68,10.85,11.6,11.18,11.34,10.57,10.84,12.87,11.6,11.63,11.58,11.38,22,22.66
98.15,22,11.12,11.8,11.8,11.67,10.84,11.55,11.18,11.34,10.54,10.84,12.86,11.6,11.6,11.57,11.38,22,22.62
99.17,22,11.09,11.8,11.8,11.67,10.82,11.57,11.14,11.32,10.53,10.82,12.84,11.61,11.58,11.57,11.37,22,22.6
100.17,22,11.11,11.8,11.8,11.73,10.84,11.57,11.15,11.32,10.54,10.81,12.86,11.6,11.6,11.57,11.38,22,22.59
101.17,22,11.12,11.82,11.82,11.76,10.85,11.55,11.15,11.34,10.54,10.82,12.87,11.6,11.61,11.57,11.38,22,22.59
102.17,22,11.09,11.8,11.8,11.74,10.82,11.54,11.12,11.31,10.53,10.79,12.84,11.57,11.57,11.55,11.35,22,22.59
103.17,22,11.09,11.8,11.8,11.77,10.84,11.54,11.15,11.31,10.51,10.81,12.84,11.58,11.58,11.54,11.35,22,22.59
104.17,22,11.11,11.8,11.8,11.74,10.84,11.55,11.15,11.31,10.53,10.81,12.84,11.58,11.6,11.55,11.35,22,22.6
105.17,22,11.09,11.79,11.8,11.7,10.81,11.54,11.14,11.31,10.53,10.79,12.84,11.57,11.57,11.54,11.32,22,22.59
106.17,22,11.08,11.8,11.79,11.71,10.81,11.52,11.14,11.29,10.51,10.79,12.84,11.57,11.57,11.54,11.34,22,22.64
107.17,22,11.09,11.79,11.79,11.71,10.81,11.54,11.14,11.28,10.53,10.81,12.83,11.57,11.58,11.55,11.34,22,22.64
108.17,22,11.11,11.79,11.79,11.71,10.81,11.54,11.12,11.28,10.51,10.81,12.86,11.6,11.6,11.55,11.35,22,22.64
109.18,22,11.11,11.8,11.77,11.68,10.84,11.55,11.14,11.29,10.51,10.81,12.86,11.58,11.6,11.55,11.34,22,22.64
110.18,22,11.09,11.79,11.8,11.67,10.79,11.54,11.14,11.29,10.5,10.79,12.83,11.58,11.58,11.54,11.34,22,22.68
111.18,22,11.11,11.8,11.77,11.67,10.81,11.55,11.15,11.31,10.51,10.81,12.84,11.58,11.61,11.55,11.35,22,22.69
112.18,22,11.09,11.82,11.79,11.64,10.81,11.55,11.12,11.29,10.51,10.81,12.84,11.57,11.6,11.55,11.34,22,22.68
113.18,22,11.09,11.8,11.8,11.63,10.81,11.55,11.14,11.28,10.5,10.81,12.86,11.58,11.58,11.52,11.34,22,22.66
114.18,22,11.06,11.77,11.76,11.63,10.81,11.54,11.14,11.26,10.47,10.78,12.83,11.57,11.55,11.52,11.32,22,22.64
115.18,22,11.06,11.76,11.74,11.63,10.78,11.52,11.09,11.26,10.47,10.77,12.83,11.57,11.55,11.54,11.31,22,22.6
116.18,22,11.08,11.76,11.76,11.68,10.79,11.52,11.11,11.29,10.5,10.77,12.83,11.57,11.57,11.54,11.31,22,22.59
117.2,22,11.05,11.76,11.74,11.68,10.78,11.5,11.09,11.26,10.46,10.75,12.8,11.52,11.54,11.51,11.29,22,22.59
118.2,22,11.06,11.76,11.74,11.68,10.79,11.51,11.11,11.28,10.49,10.77,12.81,11.54,11.55,11.51,11.29,22,22.59
119.2,22,11.05,11.76,11.74,11.66,10.78,11.5,11.09,11.25,10.47,10.77,12.81,11.55,11.55,11.51,11.29,22,22.59
120.2,22,11.05,11.74,11.74,11.66,10.78,11.51,11.11,11.25,10.47,10.77,12.81,11.52,11.55,11.5,11.28,22,22.62
121.2,22,11.05,11.73,11.73,11.64,10.77,11.5,11.09,11.24,10.46,10.77,12.8,11.52,11.54,11.48,11.26,22,22.62
122.2,22,11.05,11.76,11.73,11.64,10.75,11.5,11.11,11.25,10.47,10.78,12.83,11.54,11.54,11.5,11.28,22,22.64
123.2,22,11.05,11.74,11.73,11.61,10.77,11.48,11.08,11.24,10.46,10.75,12.8,11.52,11.54,11.51,11.28,22,22.66
124.22,22,11.05,11.77,11.74,11.63,10.77,11.51,11.09,11.25,10.47,10.78,12.81,11.52,11.55,11.51,11.29,22,22.66
125.22,22,11.06,11.76,11.74,11.61,10.77,11.52,11.08,11.25,10.47,10.77,12.81,11.54,11.55,11.5,11.28,22,22.68
126.22,22,11.05,11.76,11.73,11.6,10.75,11.51,11.11,11.24,10.44,10.75,12.8,11.51,11.54,11.5,11.28,22,22.69
127.22,22,11.06,11.77,11.73,11.58,10.77,11.51,11.11,11.22,10.47,10.75,12.83,11.52,11.57,11.5,11.28,22,22.69
128.22,22,11.05,11.76,11.73,11.57,10.75,11.51,11.08,11.24,10.47,10.77,12.81,11.51,11.54,11.5,11.26,22,22.66
129.23,22,11.02,11.73,11.7,11.57,10.74,11.47,11.08,11.22,10.44,10.75,12.78,11.5,11.5,11.48,11.26,22,22.64
130.23,22,11.02,11.73,11.7,11.57,10.72,11.48,11.06,11.22,10.43,10.72,12.81,11.52,11.51,11.5,11.25,22,22.62
131.23,22,11.02,11.71,11.7,11.6,10.74,11.48,11.05,11.22,10.43,10.74,12.8,11.5,11.52,11.47,11.25,22,22.59
132.23,22,11.01,11.7,11.7,11.6,10.72,11.45,11.04,11.21,10.42,10.72,12.77,11.5,11.5,11.45,11.21,22,22.6
133.23,22,11.01,11.71,11.7,11.61,10.71,11.47,11.05,11.21,10.43,10.72,12.77,11.48,11.5,11.47,11.19,22,22.6
134.23,22,11.02,11.71,11.7,11.61,10.74,11.45,11.06,11.21,10.42,10.72,12.77,11.5,11.52,11.47,11.16,22,22.59
135.23,22,11.01,11.71,11.68,11.6,10.72,11.45,11.05,11.19,10.43,10.72,12.75,11.47,11.5,11.44,11.15,22,22.62
136.23,22,11.01,11.71,11.68,11.58,10.72,11.47,11.05,11.19,10.42,10.71,12.78,11.48,11.51,11.45,11.15,22,22.62
137.23,22,11.01,11.7,11.68,11.58,10.71,11.45,11.05,11.21,10.42,10.71,12.75,11.48,11.51,11.44,11.15,22,22.62
138.25,22,11.01,11.71,11.7,11.57,10.71,11.45,11.06,11.19,10.42,10.74,12.78,11.48,11.51,11.47,11.15,22,22.66
139.25,22,11.01,11.71,11.68,11.55,10.72,11.47,11.05,11.19,10.42,10.71,12.78,11.48,11.52,11.45,11.15,22,22.66
140.25,22,10.99,11.71,11.67,11.55,10.68,11.45,11.04,11.18,10.42,10.71,12.77,11.47,11.5,11.44,11.14,22,22.69
141.25,22,10.99,11.68,11.67,11.52,10.68,11.45,11.04,11.18,10.4,10.7,12.77,11.47,11.5,11.44,11.12,22,22.69
142.25,22,10.99,11.7,11.67,11.52,10.68,11.44,11.05,11.16,10.4,10.71,12.77,11.47,11.5,11.45,11.14,22,22.71
143.25,22,10.99,11.71,11.68,11.52,10.71,11.45,11.05,11.19,10.4,10.72,12.78,11.48,11.52,11.45,11.16,22,22.66
144.25,22,10.98,11.68,11.66,11.5,10.68,11.45,11.02,11.16,10.4,10.71,12.75,11.48,11.48,11.45,11.14,22,22.64
145.25,22,10.96,11.66,11.64,11.51,10.68,11.42,11.01,11.18,10.37,10.7,12.75,11.45,11.48,11.45,11.15,22,22.62
146.27,22,10.96,11.67,11.64,11.54,10.67,11.44,10.99,11.16,10.36,10.68,12.75,11.45,11.47,11.42,11.14,22,22.62
147.27,22,10.96,11.66,11.64,11.55,10.68,11.41,11.02,11.16,10.37,10.68,12.75,11.42,11.47,11.41,11.11,22,22.62
148.27,22,10.95,11.64,11.63,11.52,10.67,11.42,11.01,11.15,10.36,10.68,12.74,11.44,11.48,11.39,11.09,22,22.62
149.27,22,10.96,11.66,11.64,11.54,10.68,11.42,11.02,11.15,10.39,10.67,12.72,11.44,11.47,11.39,11.08,22,22.62
150.27,22,10.95,11.67,11.64,11.54,10.67,11.42,11.01,11.15,10.37,10.7,12.72,11.44,11.48,11.42,11.08,22,22.62
151.27,22,10.95,11.66,11.64,11.51,10.67,11.42,11.01,11.14,10.36,10.67,12.74,11.42,11.45,11.41,11.06,22,22.62
152.28,22,10.94,11.63,11.61,11.5,10.64,11.39,10.98,11.12,10.36,10.65,12.69,11.42,11.44,11.39,11.04,22,22.64
153.28,22,10.95,11.66,11.61,11.51,10.65,11.39,10.99,11.14,10.36,10.65,12.71,11.44,11.44,11.38,11.06,22,22.64
154.28,22,10.95,11.66,11.61,11.48,10.64,11.41,10.98,11.12,10.36,10.65,12.72,11.42,11.47,11.39,11.06,22,22.66
155.28,22,10.94,11.66,11.61,11.5,10.65,11.41,10.99,11.14,10.36,10.67,12.72,11.42,11.45,11.39,11.08,22,22.69
156.28,22,10.95,11.66,11.63,11.48,10.65,11.41,10.99,11.12,10.35,10.68,12.72,11.42,11.47,11.38,11.08,22,22.69
157.28,22,10.94,11.64,11.63,11.47,10.63,11.41,10.99,11.12,10.35,10.67,12.72,11.41,11.47,11.39,11.08,22,22.71
158.28,22,10.94,11.63,11.58,11.45,10.63,11.39,10.98,11.09,10.33,10.65,12.71,11.39,11.44,11.38,11.08,22,22.68
159.28,22,10.95,11.64,11.6,11.47,10.63,11.39,10.98,11.11,10.35,10.67,12.74,11.42,11.48,11.38,11.09,22,22.66
160.28,22,10.91,11.6,11.55,11.44,10.6,11.38,10.95,11.11,10.32,10.64,12.71,11.39,11.41,11.37,11.08,22,22.64
161.28,22,10.91,11.6,11.57,11.47,10.63,11.37,10.96,11.09,10.32,10.64,12.69,11.41,11.41,11.35,11.05,22,22.62
162.28,22,10.91,11.61,11.58,11.47,10.61,11.37,10.96,11.11,10.3,10.63,12.69,11.37,11.41,11.37,11.05,22,22.6
163.28,22,10.89,11.58,11.55,11.45,10.6,11.35,10.95,11.08,10.3,10.63,12.68,11.37,11.39,11.34,10.99,22,22.6
164.28,22,10.91,11.61,11.58,11.45,10.61,11.35,10.96,11.09,10.3,10.64,12.68,11.37,11.42,11.34,11.01,22,22.6
165.3,22,10.91,11.6,11.58,11.45,10.63,11.37,10.95,11.08,10.3,10.63,12.66,11.38,11.41,11.34,11.01,22,22.59
166.3,22,10.88,11.6,11.55,11.44,10.61,11.35,10.95,11.06,10.29,10.61,12.68,11.35,11.41,11.35,10.96,22,22.6
167.3,22,10.89,11.58,11.55,11.44,10.6,11.35,10.95,11.06,10.29,10.61,12.66,11.37,11.42,11.34,10.98,22,22.62
168.3,22,10.89,11.6,11.55,11.44,10.58,11.34,10.92,11.06,10.3,10.63,12.66,11.37,11.41,11.34,10.98,22,22.64
169.3,22,10.89,11.6,11.55,11.42,10.58,11.35,10.95,11.06,10.29,10.61,12.66,11.37,11.41,11.34,10.98,22,22.64
170.3,22,10.88,11.58,11.52,11.41,10.56,11.34,10.92,11.05,10.29,10.61,12.65,11.32,11.38,11.34,10.95,22,22.66
171.32,22,10.89,11.58,11.52,11.41,10.57,11.32,10.92,11.05,10.26,10.6,12.65,11.34,11.38,11.34,10.96,22,22.68
172.32,22,10.89,11.6,11.54,11.42,10.57,11.35,10.95,11.06,10.28,10.63,12.65,11.35,11.42,11.32,10.99,22,22.71
173.32,22,10.88,11.6,11.54,11.38,10.57,11.34,10.94,11.05,10.26,10.61,12.65,11.35,11.39,11.34,10.99,22,22.69
174.32,22,10.89,11.6,11.52,11.38,10.56,11.34,10.92,11.05,10.28,10.61,12.65,11.35,11.42,11.34,10.99,22,22.68
175.33,22,10.87,11.57,11.5,11.34,10.54,11.32,10.92,11.05,10.26,10.6,12.65,11.34,11.39,11.34,10.99,22,22.64
176.33,22,10.85,11.54,11.5,11.37,10.54,11.31,10.89,11.04,10.23,10.58,12.65,11.34,11.37,11.32,10.98,22,22.64
177.35,22,10.85,11.52,11.5,11.37,10.51,11.29,10.88,11.02,10.23,10.56,12.62,11.29,11.34,11.29,10.96,22,22.62
178.35,22,10.85,11.54,11.51,11.41,10.54,11.31,10.91,11.02,10.25,10.58,12.63,11.32,11.38,11.28,10.96,22,22.62
179.35,22,10.87,11.54,11.52,11.39,10.56,11.32,10.91,11.02,10.25,10.58,12.62,11.31,11.38,11.29,10.95,22,22.62
180.35,22,10.85,11.54,11.52,11.38,10.54,11.28,10.89,11.01,10.25,10.58,12.63,11.31,11.37,11.29,10.94,22,22.6
181.37,22,10.85,11.54,11.5,11.38,10.53,11.29,10.91,10.99,10.25,10.58,12.62,11.31,11.37,11.28,10.92,22,22.62
182.37,22,10.82,11.52,11.5,11.37,10.51,11.29,10.88,10.99,10.23,10.56,12.6,11.29,11.37,11.29,10.89,22,22.64
183.37,22,10.84,11.52,11.48,11.37,10.53,11.28,10.89,10.99,10.22,10.57,12.62,11.29,11.37,11.29,10.92,22,22.64
184.37,22,10.84,11.55,11.5,11.37,10.53,11.28,10.89,10.99,10.22,10.57,12.62,11.31,11.37,11.28,10.92,22,22.64
185.37,22,10.82,11.52,11.47,11.34,10.51,11.28,10.88,10.96,10.21,10.56,12.6,11.28,11.37,11.26,10.91,22,22.66
186.37,22,10.82,11.52,11.47,11.34,10.5,11.26,10.87,10.98,10.21,10.54,12.6,11.29,11.34,11.26,10.91,22,22.69
187.38,22,10.82,11.52,11.47,11.35,10.5,11.26,10.87,10.98,10.21,10.57,12.6,11.28,11.35,11.26,10.91,22,22.71
188.38,22,10.82,11.52,11.47,11.32,10.5,11.26,10.88,10.96,10.18,10.56,12.6,11.28,11.35,11.25,10.92,22,22.71
189.38,22,10.81,11.5,11.45,11.31,10.47,11.25,10.85,10.98,10.18,10.54,12.59,11.26,11.32,11.26,10.92,22,22.68
190.38,22,10.81,11.5,11.44,11.31,10.49,11.24,10.87,10.98,10.21,10.56,12.6,11.29,11.32,11.28,10.92,22,22.64
191.38,22,10.79,11.48,11.42,11.31,10.46,11.24,10.82,10.96,10.17,10.51,12.59,11.28,11.32,11.25,10.92,22,22.62
192.4,22,10.79,11.48,11.44,11.32,10.47,11.22,10.81,10.96,10.18,10.53,12.59,11.25,11.29,11.24,10.89,22,22.62
193.4,22,10.79,11.47,11.42,11.32,10.47,11.24,10.84,10.95,10.18,10.51,12.57,11.24,11.32,11.24,10.87,22,22.62
194.4,22,10.81,11.48,11.45,11.32,10.47,11.25,10.84,10.96,10.18,10.53,12.57,11.25,11.32,11.24,10.85,22,22.6
195.4,22,10.79,11.47,11.44,11.31,10.46,11.24,10.85,10.94,10.18,10.53,12.57,11.24,11.32,11.24,10.82,22,22.62
196.4,22,10.78,11.47,11.42,11.28,10.44,11.24,10.84,10.94,10.17,10.5,12.57,11.25,11.32,11.22,10.84,22,22.62
197.4,22,10.78,11.47,11.41,11.29,10.44,11.22,10.82,10.91,10.15,10.5,12.56,11.24,11.28,11.22,10.82,22,22.62
198.42,22,10.78,11.47,11.41,11.29,10.46,11.24,10.84,10.94,10.15,10.51,12.56,11.24,11.31,11.22,10.81,22,22.64
199.42,22,10.77,11.47,11.39,11.29,10.44,11.21,10.82,10.92,10.15,10.49,12.56,11.22,11.31,11.22,10.81,22,22.64
200.42,22,10.78,11.47,11.38,11.28,10.43,11.21,10.82,10.92,10.14,10.5,12.56,11.22,11.31,11.21,10.81,22,22.66
201.42,22,10.75,11.45,11.38,11.28,10.42,11.19,10.79,10.92,10.14,10.49,12.53,11.21,11.28,11.21,10.82,22,22.69
202.43,22,10.75,11.45,11.37,11.26,10.42,11.18,10.79,10.91,10.11,10.49,12.54,11.21,11.26,11.18,10.81,22,22.69
203.43,22,10.75,11.45,11.39,11.26,10.4,11.19,10.81,10.91,10.12,10.49,12.53,11.21,11.28,11.19,10.84,22,22.71
204.43,22,10.75,11.45,11.37,11.24,10.39,11.18,10.79,10.89,10.1,10.47,12.53,11.19,11.26,11.19,10.82,22,22.69
205.45,22,10.74,11.44,11.37,11.22,10.39,11.18,10.77,10.88,10.1,10.47,12.53,11.19,11.29,11.19,10.82,22,22.66
206.45,22,10.74,11.41,11.35,11.21,10.39,11.14,10.75,10.89,10.1,10.46,12.53,11.19,11.24,11.18,10.82,22,22.62
207.45,22,10.72,11.39,11.34,11.21,10.36,11.15,10.75,10.85,10.08,10.44,12.5,11.16,11.24,11.18,10.79,22,22.62
208.45,22,10.75,11.41,11.37,11.22,10.39,11.18,10.75,10.87,10.11,10.46,12.5,11.16,11.26,11.18,10.79,22,22.62
209.45,22,10.74,11.41,11.37,11.24,10.37,11.16,10.75,10.85,10.1,10.46,12.5,11.15,11.25,11.16,10.77,22,22.62
210.45,22,10.74,11.42,11.37,11.24,10.4,11.16,10.77,10.87,10.11,10.47,12.51,11.18,11.26,11.15,10.77,22,22.62
211.47,22,10.71,11.41,11.35,11.22,10.37,11.18,10.77,10.84,10.08,10.46,12.5,11.15,11.26,11.15,10.75,22,22.62
212.47,22,10.71,11.42,11.34,11.24,10.39,11.16,10.77,10.87,10.1,10.46,12.51,11.16,11.25,11.15,10.74,22,22.62
213.47,22,10.71,11.38,11.32,11.22,10.35,11.15,10.77,10.84,10.07,10.44,12.48,11.16,11.24,11.15,10.74,22,22.64
214.47,22,10.71,11.39,11.32,11.21,10.36,11.14,10.75,10.81,10.08,10.44,12.48,11.15,11.24,11.14,10.72,22,22.64
215.48,22,10.7,11.38,11.29,11.19,10.35,11.14,10.75,10.82,10.05,10.43,12.47,11.14,11.24,11.12,10.72,22,22.66
216.48,22,10.7,11.38,11.31,11.19,10.33,11.12,10.74,10.82,10.05,10.43,12.45,11.14,11.22,11.14,10.74,22,22.68
217.48,22,10.7,11.38,11.29,11.18,10.36,11.14,10.75,10.84,10.05,10.44,12.48,11.12,11.24,11.14,10.75,22,22.71
218.5,22,10.68,11.37,11.29,11.16,10.32,11.12,10.74,10.81,10.04,10.44,12.48,11.12,11.22,11.11,10.75,22,22.71
219.5,22,10.68,11.35,11.26,11.16,10.3,11.09,10.71,10.81,10.01,10.42,12.45,11.09,11.21,11.12,10.74,22,22.69
220.5,22,10.65,11.32,11.25,11.14,10.29,11.06,10.7,10.79,10,10.4,12.45,11.11,11.18,11.11,10.74,22,22.64
221.5,22,10.65,11.32,11.25,11.14,10.29,11.08,10.68,10.78,9.99,10.37,12.44,11.09,11.19,11.09,10.72,22,22.64
222.5,22,10.67,11.32,11.28,11.12,10.3,11.12,10.71,10.78,10,10.4,12.45,11.11,11.19,11.09,10.72,22,22.62
223.52,22,10.67,11.32,11.28,11.11,10.3,11.09,10.7,10.77,10,10.39,12.44,11.08,11.18,11.08,10.67,22,22.62
224.52,22,10.67,11.34,11.28,11.16,10.32,11.12,10.71,10.77,10.01,10.42,12.44,11.11,11.16,11.11,10.67,22,22.6
225.52,22,10.65,11.34,11.26,11.14,10.3,11.09,10.71,10.75,10,10.39,12.41,11.09,11.19,11.08,10.65,22,22.59
226.52,22,10.64,11.31,11.25,11.14,10.28,11.08,10.68,10.74,9.99,10.39,12.41,11.08,11.18,11.06,10.61,22,22.6
227.53,22,10.63,11.29,11.22,11.12,10.26,11.06,10.68,10.72,9.99,10.37,12.39,11.06,11.16,11.06,10.63,22,22.62
228.53,22,10.64,11.32,11.24,11.14,10.28,11.05,10.7,10.74,10,10.39,12.42,11.06,11.15,11.08,10.63,22,22.64
229.53,22,10.64,11.31,11.22,11.14,10.28,11.06,10.67,10.74,9.99,10.37,12.39,11.05,11.16,11.06,10.61,22,22.64
230.53,22,10.61,11.28,11.19,11.09,10.25,11.05,10.67,10.72,9.96,10.36,12.41,11.04,11.15,11.05,10.63,22,22.66
231.53,22,10.63,11.29,11.21,11.09,10.23,11.04,10.64,10.72,9.96,10.35,12.39,11.02,11.12,11.05,10.61,22,22.68
232.53,22,10.61,11.28,11.19,11.11,10.23,11.04,10.67,10.72,9.94,10.36,12.39,11.04,11.14,11.06,10.64,22,22.69
233.55,22,10.61,11.28,11.18,11.08,10.22,11.02,10.65,10.7,9.93,10.35,12.39,11.04,11.14,11.04,10.63,22,22.71
234.55,22,10.6,11.25,11.18,11.06,10.22,11.01,10.64,10.71,9.9,10.33,12.38,11.02,11.12,11.02,10.63,22,22.69
235.55,22,10.58,11.26,11.16,11.06,10.19,10.96,10.63,10.68,9.92,10.33,12.38,11.01,11.11,11.02,10.63,22,22.66
236.57,22,10.6,11.24,11.15,11.05,10.18,10.96,10.61,10.7,9.9,10.3,12.39,11.01,11.08,11.02,10.63,22,22.64
237.57,22,10.58,11.25,11.16,11.04,10.18,11.01,10.6,10.67,9.9,10.3,12.36,10.99,11.11,11.02,10.6,22,22.62
238.57,22,10.6,11.25,11.18,11.05,10.21,11.02,10.61,10.65,9.92,10.3,12.36,10.99,11.14,11.01,10.6,22,22.62
239.57,22,10.6,11.25,11.19,11.06,10.21,11.01,10.63,10.65,9.92,10.33,12.35,10.99,11.12,11.02,10.58,22,22.62
240.57,22,10.58,11.24,11.19,11.05,10.19,11.01,10.63,10.64,9.92,10.32,12.35,10.99,11.11,11.01,10.57,22,22.62
241.57,22,10.58,11.24,11.16,11.05,10.21,11.01,10.63,10.63,9.92,10.32,12.35,10.99,11.12,11.01,10.56,22,22.62
242.57,22,10.57,11.24,11.15,11.05,10.21,11.01,10.64,10.63,9.9,10.3,12.35,10.99,11.12,10.98,10.54,22,22.64
243.57,22,10.56,11.21,11.14,11.04,10.18,10.98,10.61,10.61,9.9,10.29,12.33,10.98,11.09,10.98,10.56,22,22.64
244.58,22,10.57,11.22,11.15,11.05,10.18,10.98,10.61,10.63,9.89,10.32,12.33,10.98,11.09,10.98,10.54,22,22.66
245.58,22,10.56,11.22,11.12,11.02,10.17,10.95,10.6,10.63,9.88,10.29,12.32,10.96,11.08,10.98,10.54,22,22.66
246.58,22,10.54,11.19,11.11,11.01,10.12,10.95,10.58,10.61,9.86,10.28,12.3,10.95,11.06,10.96,10.54,22,22.69
247.58,22,10.54,11.21,11.11,11.01,10.14,10.95,10.58,10.61,9.85,10.26,12.32,10.94,11.08,10.99,10.54,22,22.69
248.58,22,10.56,11.21,11.11,10.99,10.14,10.92,10.56,10.61,9.84,10.29,12.3,10.95,11.09,10.95,10.56,22,22.71
249.58,22,10.51,11.19,11.08,10.98,10.1,10.91,10.56,10.57,9.82,10.26,12.3,10.92,11.06,10.94,10.54,22,22.68
250.6,22,10.49,11.15,11.05,10.95,10.11,10.89,10.53,10.57,9.81,10.23,12.29,10.91,11.05,10.94,10.54,22,22.66
251.6,22,10.51,11.15,11.05,10.95,10.1,10.91,10.53,10.56,9.79,10.22,12.3,10.91,11.05,10.95,10.54,22,22.62
252.6,22,10.51,11.15,11.06,10.94,10.07,10.92,10.51,10.54,9.79,10.23,12.27,10.89,11.04,10.92,10.51,22,22.62
253.6,22,10.51,11.16,11.08,10.95,10.1,10.92,10.53,10.53,9.82,10.23,12.27,10.89,11.06,10.91,10.49,22,22.6
254.62,22,10.51,11.16,11.08,10.96,10.11,10.94,10.54,10.53,9.82,10.23,12.27,10.91,11.05,10.92,10.49,22,22.62
255.62,22,10.51,11.15,11.06,10.96,10.1,10.92,10.56,10.53,9.84,10.25,12.26,10.91,11.04,10.91,10.46,22,22.6
256.62,22,10.5,11.15,11.06,10.95,10.1,10.91,10.54,10.51,9.82,10.25,12.24,10.89,11.01,10.89,10.44,22,22.62
257.63,22,10.49,11.14,11.04,10.95,10.07,10.89,10.53,10.51,9.79,10.22,12.23,10.88,11.04,10.89,10.44,22,22.64
258.63,22,10.47,11.12,11.05,10.95,10.1,10.88,10.53,10.51,9.79,10.22,12.24,10.88,11.04,10.89,10.44,22,22.64
259.63,22,10.47,11.14,11.02,10.94,10.07,10.87,10.51,10.53,9.79,10.22,12.24,10.87,11.02,10.89,10.44,22,22.66
260.63,22,10.46,11.09,10.99,10.92,10.04,10.84,10.49,10.5,9.75,10.19,12.21,10.85,10.99,10.88,10.42,22,22.66
261.63,22,10.46,11.08,10.99,10.92,10.04,10.85,10.5,10.49,9.75,10.19,12.23,10.85,10.96,10.85,10.43,22,22.69
262.63,22,10.43,11.09,10.99,10.91,10.04,10.82,10.49,10.49,9.74,10.19,12.23,10.84,10.98,10.87,10.43,22,22.71
263.65,22,10.44,11.09,10.96,10.89,10.01,10.81,10.47,10.5,9.73,10.18,12.21,10.85,10.98,10.88,10.44,22,22.71
264.65,22,10.44,11.09,10.98,10.88,10.03,10.82,10.47,10.49,9.71,10.19,12.23,10.85,10.98,10.85,10.44,22,22.69
265.65,22,10.43,11.08,10.94,10.88,9.99,10.79,10.46,10.49,9.71,10.15,12.2,10.82,10.95,10.85,10.44,22,22.66
266.65,22,10.42,11.06,10.94,10.85,9.97,10.78,10.43,10.47,9.67,10.15,12.18,10.81,10.94,10.85,10.4,22,22.64
267.65,22,10.43,11.05,10.96,10.84,9.97,10.81,10.43,10.44,9.69,10.14,12.17,10.79,10.94,10.82,10.4,22,22.62
268.67,22,10.43,11.05,10.98,10.84,9.99,10.82,10.46,10.44,9.71,10.17,12.17,10.79,10.95,10.81,10.39,22,22.62
269.67,22,10.43,11.05,10.98,10.85,10,10.82,10.46,10.44,9.73,10.18,12.18,10.81,10.96,10.84,10.37,22,22.6
270.67,22,10.43,11.04,10.98,10.85,10,10.82,10.46,10.43,9.73,10.17,12.15,10.79,10.95,10.81,10.35,22,22.6
271.67,22,10.42,11.05,10.95,10.85,9.99,10.81,10.46,10.4,9.7,10.17,12.15,10.78,10.96,10.81,10.33,22,22.62
272.67,22,10.4,11.02,10.92,10.87,9.97,10.81,10.46,10.4,9.7,10.15,12.14,10.78,10.92,10.79,10.33,22,22.62
273.67,22,10.37,11.02,10.92,10.85,9.96,10.78,10.44,10.4,9.69,10.14,12.15,10.78,10.94,10.79,10.32,22,22.64
274.67,22,10.4,11.02,10.92,10.85,9.97,10.78,10.44,10.42,9.69,10.17,12.15,10.77,10.95,10.79,10.35,22,22.64
275.68,22,10.36,11.01,10.89,10.84,9.94,10.75,10.43,10.4,9.66,10.12,12.14,10.75,10.92,10.77,10.32,22,22.66
276.68,22,10.36,10.99,10.88,10.84,9.93,10.74,10.42,10.4,9.67,10.12,12.12,10.75,10.91,10.78,10.33,22,22.68
277.68,22,10.36,10.98,10.88,10.81,9.93,10.72,10.4,10.39,9.63,10.11,12.14,10.72,10.91,10.77,10.33,22,22.71
278.68,22,10.35,10.98,10.87,10.79,9.89,10.72,10.39,10.36,9.62,10.08,12.11,10.72,10.91,10.75,10.33,22,22.73
279.7,22,10.35,10.95,10.85,10.78,9.89,10.71,10.36,10.35,9.6,10.08,12.12,10.72,10.89,10.75,10.33,22,22.69
280.7,22,10.32,10.92,10.81,10.75,9.85,10.67,10.36,10.32,9.56,10.07,12.11,10.7,10.87,10.74,10.32,22,22.66
281.7,22,10.33,10.94,10.82,10.74,9.84,10.65,10.33,10.33,9.55,10.07,12.1,10.68,10.85,10.72,10.3,22,22.64
282.7,22,10.35,10.92,10.87,10.75,9.88,10.71,10.33,10.3,9.58,10.07,12.1,10.7,10.87,10.71,10.29,22,22.62
283.7,22,10.35,10.94,10.88,10.75,9.88,10.71,10.36,10.29,9.63,10.1,12.08,10.68,10.87,10.7,10.28,22,22.59
284.7,22,10.35,10.94,10.87,10.75,9.86,10.74,10.37,10.28,9.62,10.1,12.08,10.71,10.88,10.71,10.25,22,22.6
285.7,22,10.33,10.94,10.84,10.75,9.86,10.71,10.35,10.25,9.59,10.08,12.05,10.7,10.87,10.71,10.22,22,22.6
286.72,22,10.33,10.92,10.85,10.77,9.86,10.72,10.39,10.26,9.62,10.08,12.08,10.7,10.89,10.71,10.23,22,22.62
287.72,22,10.32,10.89,10.84,10.75,9.86,10.7,10.36,10.28,9.59,10.07,12.07,10.7,10.89,10.7,10.21,22,22.62
288.72,22,10.3,10.91,10.82,10.75,9.85,10.7,10.35,10.25,9.59,10.07,12.04,10.67,10.85,10.7,10.22,22,22.6
289.72,22,10.28,10.89,10.78,10.72,9.82,10.65,10.33,10.25,9.56,10.04,12.04,10.64,10.85,10.65,10.18,22,22.64
290.72,22,10.26,10.87,10.75,10.74,9.82,10.64,10.32,10.23,9.55,10.03,12.02,10.61,10.84,10.67,10.18,22,22.64
291.72,22,10.25,10.84,10.72,10.71,9.77,10.61,10.3,10.22,9.51,10.01,12.01,10.61,10.81,10.64,10.17,22,22.66
292.72,22,10.25,10.85,10.72,10.72,9.77,10.6,10.29,10.22,9.5,10.01,12.01,10.6,10.79,10.64,10.18,22,22.69
293.73,22,10.26,10.85,10.72,10.7,9.78,10.6,10.28,10.21,9.48,10,12.01,10.6,10.82,10.64,10.18,22,22.71
294.73,22,10.23,10.82,10.71,10.68,9.74,10.57,10.26,10.19,9.47,9.99,11.99,10.57,10.78,10.64,10.17,22,22.69
295.73,22,10.22,10.79,10.68,10.65,9.73,10.54,10.23,10.18,9.44,9.99,11.98,10.58,10.77,10.61,10.18,22,22.66
296.73,22,10.19,10.77,10.67,10.63,9.7,10.5,10.21,10.15,9.41,9.93,11.98,10.54,10.75,10.6,10.15,22,22.62
297.73,22,10.23,10.79,10.7,10.63,9.7,10.57,10.21,10.14,9.4,9.94,11.96,10.54,10.77,10.6,10.15,22,22.62
298.73,22,10.23,10.79,10.74,10.6,9.73,10.58,10.23,10.1,9.45,9.97,11.98,10.53,10.78,10.58,10.12,22,22.6
299.73,22,10.23,10.82,10.74,10.6,9.73,10.6,10.26,10.08,9.48,10,11.96,10.56,10.81,10.6,10.12,22,22.62
300.73,22,10.23,10.79,10.74,10.63,9.73,10.6,10.26,10.07,9.48,9.99,11.95,10.56,10.81,10.6,10.1,22,22.62
301.75,22,10.22,10.79,10.71,10.63,9.74,10.6,10.26,10.05,9.48,9.97,11.93,10.56,10.78,10.58,10.07,22,22.6
302.75,22,10.21,10.79,10.7,10.64,9.71,10.57,10.25,10.07,9.45,9.96,11.93,10.54,10.77,10.57,10.08,22,22.62
303.77,22,10.19,10.75,10.68,10.61,9.7,10.54,10.23,10.04,9.44,9.94,11.9,10.5,10.75,10.56,10.07,22,22.62
304.77,22,10.18,10.77,10.67,10.63,9.69,10.54,10.23,10.05,9.44,9.94,11.93,10.54,10.75,10.56,10.08,22,22.64
305.77,22,10.17,10.75,10.63,10.6,9.66,10.5,10.18,10.03,9.41,9.93,11.9,10.5,10.71,10.53,10.05,22,22.66
306.78,22,10.15,10.72,10.6,10.58,9.66,10.49,10.19,10.03,9.39,9.92,11.9,10.49,10.72,10.53,10.07,22,22.69
307.78,22,10.14,10.71,10.6,10.56,9.63,10.49,10.17,10.01,9.37,9.9,11.89,10.47,10.7,10.51,10.07,22,22.69
308.78,22,10.15,10.71,10.6,10.57,9.63,10.46,10.17,10.01,9.36,9.89,11.89,10.46,10.7,10.53,10.07,22,22.71
309.78,22,10.14,10.68,10.58,10.54,9.6,10.44,10.17,9.99,9.33,9.89,11.87,10.44,10.7,10.5,10.05,22,22.71
310.78,22,10.11,10.65,10.54,10.53,9.58,10.42,10.15,9.96,9.29,9.86,11.85,10.44,10.68,10.5,10.05,22,22.66
311.78,22,10.11,10.63,10.54,10.51,9.55,10.39,10.11,9.94,9.28,9.85,11.85,10.43,10.63,10.49,10.07,22,22.66
312.8,22,10.12,10.65,10.58,10.47,9.54,10.43,10.08,9.92,9.28,9.85,11.85,10.4,10.67,10.47,10.03,22,22.62
313.8,22,10.14,10.67,10.61,10.49,9.58,10.46,10.12,9.9,9.35,9.89,11.85,10.4,10.68,10.47,10.01,22,22.62
314.8,22,10.12,10.68,10.61,10.49,9.58,10.46,10.14,9.89,9.35,9.88,11.83,10.42,10.68,10.47,9.99,22,22.62
315.8,22,10.12,10.67,10.6,10.49,9.59,10.46,10.15,9.85,9.36,9.9,11.83,10.43,10.7,10.47,9.97,22,22.62
316.8,22,10.12,10.67,10.58,10.53,9.59,10.47,10.17,9.86,9.36,9.9,11.85,10.43,10.68,10.46,9.97,22,22.62
317.8,22,10.11,10.67,10.57,10.54,9.58,10.47,10.15,9.86,9.35,9.89,11.82,10.43,10.67,10.44,9.94,22,22.62
318.8,22,10.08,10.65,10.54,10.51,9.55,10.43,10.15,9.85,9.33,9.86,11.82,10.4,10.64,10.43,9.94,22,22.64
319.8,22,10.08,10.63,10.51,10.51,9.54,10.42,10.12,9.86,9.31,9.84,11.79,10.39,10.63,10.42,9.93,22,22.64
320.82,22,10.03,10.58,10.49,10.49,9.52,10.36,10.1,9.85,9.28,9.82,11.77,10.37,10.63,10.39,9.92,22,22.66
321.82,22,10.04,10.58,10.47,10.49,9.51,10.36,10.08,9.85,9.25,9.81,11.77,10.36,10.58,10.4,9.92,22,22.68
322.82,22,10.03,10.56,10.44,10.46,9.48,10.33,10.05,9.84,9.21,9.81,11.74,10.32,10.58,10.39,9.92,22,22.69
323.82,22,10,10.56,10.44,10.44,9.47,10.33,10.04,9.84,9.23,9.78,11.76,10.32,10.6,10.37,9.92,22,22.71
324.82,22,10.01,10.53,10.42,10.46,9.44,10.3,10.04,9.82,9.21,9.78,11.74,10.32,10.6,10.36,9.93,22,22.71
325.83,22,10,10.53,10.4,10.42,9.41,10.28,10.03,9.81,9.16,9.77,11.73,10.29,10.57,10.36,9.9,22,22.68
326.83,22,9.99,10.47,10.37,10.39,9.39,10.23,9.99,9.78,9.15,9.71,11.71,10.29,10.54,10.35,9.9,22,22.64
327.83,22,10.01,10.51,10.44,10.37,9.37,10.29,9.96,9.77,9.15,9.74,11.7,10.26,10.56,10.33,9.89,22,22.62
328.83,22,10.03,10.53,10.46,10.35,9.39,10.32,10.01,9.73,9.19,9.77,11.7,10.23,10.57,10.32,9.85,22,22.62
329.85,22,10.01,10.53,10.47,10.36,9.43,10.35,10.03,9.71,9.23,9.78,11.68,10.28,10.6,10.32,9.84,22,22.62
330.85,22,10.01,10.53,10.46,10.37,9.41,10.35,10.04,9.7,9.21,9.79,11.7,10.28,10.6,10.32,9.81,22,22.6
331.85,22,10.03,10.51,10.47,10.4,9.43,10.33,10.05,9.71,9.23,9.78,11.68,10.3,10.6,10.33,9.84,22,22.62
332.87,22,9.99,10.51,10.4,10.39,9.4,10.29,10.03,9.69,9.19,9.75,11.66,10.28,10.57,10.3,9.79,22,22.62
333.87,22,9.97,10.49,10.39,10.39,9.39,10.28,10.01,9.7,9.19,9.74,11.66,10.26,10.53,10.29,9.79,22,22.64
334.87,22,9.96,10.47,10.36,10.37,9.39,10.26,10,9.69,9.17,9.74,11.66,10.25,10.53,10.28,9.79,22,22.66
335.87,22,9.94,10.44,10.33,10.35,9.35,10.22,10,9.7,9.15,9.71,11.64,10.22,10.53,10.26,9.79,22,22.66
336.87,22,9.93,10.43,10.32,10.35,9.36,10.22,9.97,9.67,9.11,9.7,11.63,10.21,10.51,10.25,9.77,22,22.69
337.87,22,9.9,10.4,10.3,10.32,9.33,10.19,9.93,9.66,9.09,9.67,11.61,10.18,10.49,10.22,9.77,22,22.71
338.87,22,9.89,10.37,10.28,10.29,9.28,10.15,9.92,9.64,9.05,9.66,11.6,10.15,10.46,10.21,9.77,22,22.71
339.88,22,9.89,10.36,10.26,10.29,9.27,10.15,9.9,9.62,9.03,9.66,11.58,10.15,10.46,10.22,9.78,22,22.71
340.88,22,9.88,10.35,10.23,10.26,9.24,10.12,9.88,9.6,9.03,9.64,11.58,10.14,10.43,10.21,9.75,22,22.66
341.88,22,9.88,10.32,10.25,10.23,9.2,10.08,9.84,9.58,8.97,9.6,11.54,10.11,10.43,10.17,9.74,22,22.64
342.88,22,9.89,10.36,10.28,10.22,9.23,10.17,9.85,9.55,9,9.63,11.55,10.11,10.46,10.18,9.71,22,22.64
343.9,22,9.93,10.37,10.3,10.23,9.25,10.19,9.89,9.54,9.05,9.66,11.54,10.12,10.47,10.18,9.7,22,22.62
344.9,22,9.92,10.37,10.3,10.23,9.25,10.18,9.9,9.48,9.08,9.69,11.55,10.12,10.47,10.17,9.67,22,22.64
345.9,22,9.89,10.37,10.29,10.25,9.27,10.19,9.92,9.47,9.08,9.69,11.54,10.14,10.49,10.15,9.63,22,22.64
346.9,22,9.89,10.37,10.29,10.25,9.27,10.18,9.93,9.47,9.08,9.66,11.55,10.15,10.47,10.18,9.66,22,22.64
347.9,22,9.86,10.33,10.26,10.25,9.24,10.17,9.9,9.47,9.05,9.67,11.54,10.12,10.46,10.15,9.64,22,22.64
348.92,22,9.85,10.3,10.21,10.25,9.23,10.14,9.89,9.47,9.03,9.63,11.52,10.11,10.43,10.14,9.64,22,22.64
349.92,22,9.84,10.29,10.19,10.22,9.2,10.1,9.86,9.45,9,9.62,11.48,10.08,10.42,10.11,9.63,22,22.66
350.92,22,9.79,10.26,10.17,10.22,9.17,10.05,9.85,9.45,8.97,9.59,11.48,10.07,10.39,10.1,9.62,22,22.69
351.92,22,9.79,10.25,10.14,10.22,9.13,10.04,9.82,9.44,8.95,9.58,11.47,10.04,10.37,10.07,9.63,22,22.71
352.93,22,9.78,10.22,10.14,10.19,9.12,10.01,9.79,9.43,8.91,9.55,11.47,10,10.36,10.07,9.6,22,22.73
353.93,22,9.78,10.21,10.11,10.18,9.08,9.99,9.78,9.41,8.89,9.54,11.44,10,10.35,10.05,9.6,22,22.69
354.93,22,9.75,10.18,10.07,10.15,9.07,9.96,9.75,9.41,8.85,9.52,11.42,9.99,10.33,10.04,9.59,22,22.68
355.93,22,9.73,10.15,10.07,10.11,9.03,9.92,9.7,9.36,8.8,9.47,11.41,9.96,10.3,10.01,9.56,22,22.64
356.95,22,9.78,10.18,10.14,10.1,9.04,9.99,9.73,9.36,8.83,9.52,11.41,9.94,10.35,10.01,9.58,22,22.64
357.95,22,9.81,10.22,10.17,10.08,9.07,10.03,9.75,9.32,8.88,9.55,11.38,9.96,10.37,10.01,9.54,22,22.62
358.95,22,9.81,10.23,10.15,10.1,9.08,10.05,9.79,9.29,8.92,9.56,11.38,9.97,10.39,10,9.51,22,22.62
359.95,22,9.78,10.19,10.17,10.11,9.09,10.05,9.79,9.27,8.93,9.56,11.39,10,10.39,10.01,9.51,22,22.62
360.97,22,9.78,10.19,10.14,10.12,9.08,10.04,9.79,9.29,8.92,9.56,11.38,9.99,10.35,10,9.5,22,22.62
361.97,22,9.75,10.17,10.1,10.12,9.08,10.01,9.78,9.31,8.91,9.54,11.38,9.97,10.35,9.97,9.5,22,22.62
362.97,22,9.73,10.14,10.05,10.1,9.05,9.99,9.75,9.31,8.87,9.51,11.37,9.94,10.32,9.96,9.47,22,22.64
363.97,22,9.7,10.11,10.03,10.12,9.01,9.94,9.73,9.31,8.84,9.51,11.35,9.93,10.29,9.96,9.48,22,22.66
364.97,22,9.69,10.08,9.99,10.1,9,9.92,9.71,9.31,8.81,9.48,11.34,9.89,10.26,9.92,9.45,22,22.66
365.97,22,9.64,10.07,9.94,10.05,8.97,9.88,9.7,9.29,8.77,9.45,11.31,9.86,10.25,9.92,9.43,22,22.69
366.98,22,9.64,10.04,9.93,10.04,8.93,9.85,9.66,9.27,8.73,9.41,11.28,9.85,10.22,9.89,9.41,22,22.69
367.98,22,9.63,10,9.9,10.03,8.91,9.79,9.64,9.24,8.71,9.41,11.26,9.81,10.19,9.88,9.44,22,22.71
368.98,22,9.62,9.99,9.9,10.01,8.87,9.79,9.63,9.23,8.68,9.39,11.25,9.81,10.21,9.85,9.44,22,22.71
369.98,22,9.59,9.96,9.86,9.99,8.83,9.75,9.6,9.2,8.66,9.36,11.24,9.78,10.18,9.84,9.43,22,22.69
371,22,9.58,9.93,9.84,9.96,8.83,9.74,9.56,9.16,8.62,9.35,11.21,9.77,10.14,9.84,9.41,22,22.66
372,22,9.63,9.99,9.9,9.94,8.8,9.79,9.56,9.15,8.64,9.36,11.21,9.77,10.19,9.84,9.4,22,22.64
373,22,9.64,9.99,9.96,9.9,8.83,9.82,9.59,9.11,8.68,9.4,11.18,9.73,10.22,9.81,9.36,22,22.64
374,22,9.66,10,9.99,9.92,8.87,9.86,9.63,9.07,8.72,9.4,11.19,9.77,10.25,9.79,9.32,22,22.64
375,22,9.66,10.03,9.97,9.94,8.87,9.86,9.66,9.07,8.73,9.43,11.19,9.78,10.25,9.81,9.31,22,22.62
376,22,9.63,9.99,9.94,9.94,8.87,9.85,9.64,9.04,8.73,9.41,11.19,9.79,10.21,9.79,9.31,22,22.62
377.02,22,9.62,9.99,9.92,9.96,8.85,9.85,9.64,9.05,8.73,9.41,11.18,9.79,10.21,9.81,9.32,22,22.64
378.02,22,9.58,9.96,9.88,9.96,8.84,9.81,9.62,9.08,8.71,9.39,11.16,9.77,10.17,9.78,9.29,22,22.64
379.02,22,9.58,9.93,9.86,9.96,8.83,9.79,9.62,9.08,8.68,9.37,11.16,9.75,10.19,9.78,9.31,22,22.66
380.02,22,9.54,9.88,9.81,9.93,8.76,9.73,9.58,9.07,8.63,9.32,11.12,9.7,10.12,9.73,9.28,22,22.66
381.02,22,9.5,9.85,9.77,9.92,8.75,9.67,9.55,9.04,8.59,9.31,11.11,9.67,10.1,9.69,9.25,22,22.69
382.02,22,9.5,9.82,9.75,9.88,8.72,9.67,9.51,9.04,8.56,9.28,11.11,9.66,10.08,9.7,9.27,22,22.69
383.02,22,9.47,9.79,9.73,9.88,8.68,9.64,9.5,9.01,8.52,9.25,11.06,9.62,10.07,9.67,9.25,22,22.71
384.02,22,9.45,9.79,9.73,9.86,8.67,9.62,9.45,9,8.49,9.25,11.06,9.62,10.05,9.66,9.24,22,22.71
385.02,22,9.43,9.73,9.66,9.81,8.62,9.58,9.43,8.95,8.45,9.2,11.02,9.58,10.04,9.63,9.21,22,22.69
386.03,22,9.43,9.73,9.64,9.79,8.59,9.55,9.41,8.93,8.43,9.2,11.02,9.58,10,9.64,9.23,22,22.66
387.03,22,9.47,9.77,9.73,9.74,8.56,9.6,9.39,8.89,8.42,9.2,10.98,9.55,10.04,9.59,9.19,22,22.64
388.03,22,9.51,9.79,9.78,9.74,8.6,9.67,9.45,8.84,8.5,9.27,10.98,9.55,10.08,9.59,9.16,22,22.62
389.03,22,9.52,9.79,9.81,9.74,8.64,9.69,9.5,8.81,8.55,9.28,10.98,9.59,10.1,9.56,9.13,22,22.62
390.03,22,9.5,9.79,9.78,9.75,8.66,9.67,9.51,8.77,8.56,9.28,10.99,9.6,10.11,9.58,9.08,22,22.64
391.03,22,9.5,9.79,9.78,9.81,8.66,9.69,9.5,8.79,8.56,9.29,11.01,9.62,10.1,9.58,9.08,22,22.64
392.03,22,9.45,9.78,9.73,9.79,8.63,9.67,9.48,8.79,8.54,9.27,10.98,9.59,10.07,9.58,9.08,22,22.64
393.05,22,9.43,9.73,9.69,9.78,8.62,9.62,9.47,8.8,8.51,9.25,10.98,9.56,10.03,9.55,9.07,22,22.64
394.05,22,9.41,9.71,9.64,9.79,8.59,9.6,9.45,8.83,8.49,9.23,10.96,9.55,10.03,9.56,9.09,22,22.66
395.05,22,9.36,9.63,9.58,9.75,8.54,9.54,9.4,8.8,8.43,9.17,10.91,9.5,9.97,9.52,9.05,22,22.66
396.05,22,9.35,9.63,9.56,9.73,8.52,9.5,9.39,8.79,8.39,9.15,10.91,9.47,9.94,9.51,9.03,22,22.68
397.05,22,9.32,9.58,9.52,9.73,8.49,9.45,9.35,8.76,8.36,9.12,10.88,9.43,9.9,9.47,9.01,22,22.71
398.05,22,9.31,9.56,9.51,9.69,8.45,9.41,9.32,8.73,8.32,9.09,10.85,9.37,9.88,9.43,9,22,22.71
399.05,22,9.29,9.55,9.5,9.67,8.41,9.4,9.28,8.71,8.26,9.08,10.84,9.37,9.88,9.43,8.99,22,22.71
400.05,22,9.27,9.5,9.45,9.64,8.37,9.36,9.28,8.67,8.23,9.05,10.79,9.35,9.85,9.4,8.96,22,22.68
401.07,22,9.27,9.48,9.45,9.6,8.33,9.33,9.23,8.63,8.19,9.01,10.79,9.33,9.84,9.37,8.95,22,22.64
402.07,22,9.33,9.55,9.56,9.58,8.34,9.44,9.24,8.6,8.23,9.05,10.78,9.32,9.89,9.35,8.93,22,22.62
403.07,22,9.36,9.59,9.6,9.58,8.41,9.5,9.33,8.55,8.33,9.12,10.75,9.33,9.96,9.33,8.92,22,22.62
404.07,22,9.36,9.59,9.6,9.59,8.42,9.51,9.36,8.51,8.36,9.15,10.77,9.37,9.96,9.32,8.92,22,22.62
405.07,22,9.35,9.58,9.59,9.62,8.42,9.51,9.35,8.51,8.37,9.15,10.77,9.4,9.94,9.33,8.91,22,22.62
406.07,22,9.32,9.56,9.56,9.62,8.41,9.47,9.36,8.55,8.34,9.13,10.75,9.37,9.92,9.32,8.91,22,22.62
407.08,22,9.29,9.52,9.52,9.64,8.38,9.45,9.33,8.58,8.33,9.11,10.75,9.39,9.92,9.31,8.91,22,22.62
408.08,22,9.28,9.5,9.48,9.64,8.38,9.44,9.32,8.62,8.32,9.09,10.75,9.37,9.89,9.31,8.91,22,22.64
409.08,22,9.24,9.47,9.44,9.62,8.33,9.36,9.28,8.59,8.26,9.05,10.72,9.32,9.85,9.29,8.88,22,22.64
410.08,22,9.2,9.41,9.37,9.58,8.3,9.35,9.25,8.58,8.23,9.01,10.68,9.29,9.82,9.25,8.85,22,22.64
411.08,22,9.16,9.37,9.33,9.56,8.26,9.28,9.21,8.56,8.17,8.99,10.65,9.24,9.77,9.24,8.83,22,22.66
412.08,22,9.15,9.33,9.28,9.55,8.24,9.24,9.16,8.54,8.14,8.96,10.65,9.21,9.77,9.23,8.8,22,22.69
413.08,22,9.12,9.29,9.27,9.51,8.17,9.2,9.13,8.49,8.07,8.92,10.61,9.16,9.73,9.17,8.79,22,22.71
414.1,22,9.11,9.27,9.24,9.48,8.15,9.17,9.11,8.47,8.05,8.91,10.58,9.13,9.7,9.16,8.79,22,22.73
415.1,22,9.08,9.23,9.23,9.45,8.1,9.13,9.08,8.43,7.99,8.88,10.56,9.12,9.69,9.12,8.76,22,22.71
416.1,22,9.05,9.17,9.17,9.43,8.06,9.09,9.07,8.38,7.97,8.84,10.53,9.11,9.66,9.09,8.76,22,22.66
417.1,22,9.09,9.2,9.21,9.39,8.03,9.13,9.01,8.34,7.93,8.81,10.51,9.08,9.64,9.07,8.75,22,22.64
418.1,22,9.15,9.28,9.31,9.35,8.03,9.23,9.04,8.3,7.99,8.89,10.49,9.07,9.71,9.04,8.71,22,22.62
419.1,22,9.17,9.31,9.36,9.37,8.1,9.27,9.13,8.25,8.08,8.93,10.49,9.09,9.77,9.03,8.68,22,22.62
420.1,22,9.16,9.31,9.36,9.37,8.14,9.28,9.15,8.24,8.11,8.96,10.46,9.13,9.77,9.03,8.66,22,22.62
421.12,22,9.15,9.29,9.33,9.4,8.12,9.27,9.15,8.25,8.11,8.95,10.49,9.15,9.75,9.01,8.64,22,22.62
422.12,22,9.13,9.27,9.32,9.41,8.12,9.27,9.15,8.29,8.11,8.95,10.51,9.16,9.77,9.05,8.68,22,22.62
423.12,22,9.11,9.23,9.25,9.41,8.1,9.23,9.12,8.29,8.07,8.91,10.5,9.12,9.71,9.05,8.66,22,22.62
424.12,22,9.04,9.19,9.2,9.39,8.06,9.17,9.09,8.28,8.05,8.88,10.49,9.09,9.67,9.05,8.64,22,22.64
425.12,22,9.03,9.15,9.16,9.39,8.06,9.13,9.08,8.3,8.02,8.88,10.46,9.08,9.66,9.03,8.64,22,22.64
426.12,22,8.99,9.11,9.09,9.35,7.98,9.07,9.03,8.28,7.97,8.83,10.42,9.01,9.6,8.99,8.62,22,22.66
427.12,22,8.95,9.05,9.04,9.32,7.93,9.01,8.97,8.24,7.9,8.77,10.39,8.97,9.56,8.96,8.58,22,22.68
428.12,22,8.92,9.01,9.03,9.28,7.9,8.96,8.93,8.21,7.85,8.73,10.33,8.93,9.54,8.92,8.54,22,22.69
429.12,22,8.89,8.99,8.99,9.27,7.85,8.92,8.91,8.16,7.8,8.71,10.32,8.91,9.5,8.87,8.51,22,22.71
430.12,22,8.89,8.96,8.99,9.25,7.8,8.91,8.89,8.14,7.78,8.71,10.3,8.88,9.51,8.87,8.54,22,22.69
431.12,22,8.85,8.91,8.92,9.23,7.75,8.85,8.85,8.1,7.7,8.66,10.25,8.85,9.47,8.83,8.51,22,22.66
432.13,22,8.89,8.91,8.97,9.17,7.73,8.87,8.8,8.05,7.69,8.63,10.23,8.84,9.45,8.79,8.5,22,22.62
433.13,22,8.96,9,9.08,9.12,7.76,8.97,8.84,7.99,7.78,8.72,10.21,8.81,9.54,8.75,8.46,22,22.62
434.13,22,9.01,9.05,9.13,9.15,7.83,9.07,8.95,7.96,7.89,8.79,10.21,8.87,9.58,8.71,8.42,22,22.62
435.13,22,9,9.07,9.16,9.21,7.87,9.07,8.99,7.94,7.93,8.8,10.21,8.93,9.62,8.71,8.39,22,22.62
436.13,22,8.96,9.03,9.12,9.21,7.85,9.05,8.97,7.94,7.92,8.79,10.23,8.95,9.59,8.72,8.39,22,22.59
437.13,22,8.96,9.01,9.09,9.23,7.83,9.03,8.97,7.98,7.9,8.77,10.25,8.92,9.55,8.76,8.42,22,22.6
438.15,22,8.91,8.97,9.04,9.24,7.81,9,8.95,8.03,7.88,8.75,10.25,8.91,9.54,8.76,8.43,22,22.6
439.15,22,8.88,8.93,8.99,9.23,7.79,8.96,8.91,8.02,7.84,8.72,10.21,8.85,9.51,8.73,8.39,22,22.62
440.17,22,8.83,8.88,8.92,9.2,7.74,8.91,8.88,8.01,7.8,8.7,10.18,8.81,9.45,8.72,8.38,22,22.62
441.17,22,8.79,8.83,8.84,9.17,7.7,8.84,8.83,7.98,7.74,8.64,10.15,8.77,9.43,8.67,8.34,22,22.64
442.17,22,8.76,8.76,8.8,9.12,7.66,8.8,8.79,7.96,7.68,8.6,10.11,8.72,9.36,8.63,8.32,22,22.66
443.17,22,8.72,8.71,8.73,9.09,7.59,8.73,8.75,7.92,7.62,8.55,10.07,8.67,9.33,8.6,8.26,22,22.68
444.17,22,8.68,8.67,8.72,9.04,7.55,8.67,8.7,7.87,7.56,8.5,10.03,8.62,9.29,8.55,8.24,22,22.69
445.17,22,8.68,8.66,8.71,9.03,7.5,8.66,8.68,7.84,7.52,8.5,10.01,8.59,9.29,8.52,8.23,22,22.71
446.17,22,8.66,8.6,8.68,9,7.45,8.62,8.64,7.79,7.49,8.47,9.97,8.56,9.25,8.47,8.21,22,22.71
447.18,22,8.63,8.55,8.62,8.99,7.4,8.59,8.62,7.76,7.44,8.43,9.93,8.55,9.24,8.41,8.2,22,22.68
448.18,22,8.63,8.52,8.63,8.95,7.33,8.55,8.55,7.69,7.38,8.39,9.89,8.52,9.19,8.36,8.19,22,22.62
449.18,22,8.72,8.63,8.75,8.89,7.32,8.66,8.56,7.65,7.44,8.45,9.86,8.49,9.27,8.29,8.16,22,22.64
450.2,22,8.77,8.68,8.84,8.88,7.42,8.76,8.67,7.6,7.56,8.52,9.88,8.52,9.36,8.25,8.12,22,22.62
451.2,22,8.77,8.71,8.84,8.91,7.46,8.79,8.72,7.54,7.61,8.56,9.86,8.58,9.37,8.17,8.1,22,22.62
452.2,22,8.76,8.7,8.85,8.95,7.49,8.79,8.76,7.52,7.64,8.59,9.9,8.63,9.39,8.19,8.1,22,22.62
453.2,22,8.72,8.67,8.79,8.96,7.47,8.76,8.73,7.49,7.62,8.56,9.92,8.63,9.33,8.24,8.12,22,22.62
454.2,22,8.7,8.63,8.76,8.97,7.45,8.72,8.72,7.52,7.6,8.52,9.9,8.63,9.33,8.3,8.14,22,22.64
455.2,22,8.64,8.59,8.7,8.96,7.41,8.68,8.7,7.54,7.55,8.5,9.89,8.59,9.28,8.3,8.11,22,22.64
456.22,22,8.6,8.54,8.62,8.92,7.38,8.62,8.66,7.56,7.51,8.46,9.89,8.55,9.24,8.3,8.1,22,22.64
457.22,22,8.55,8.46,8.55,8.91,7.31,8.58,8.59,7.54,7.44,8.42,9.84,8.5,9.2,8.28,8.07,22,22.66
458.22,22,8.51,8.41,8.5,8.87,7.27,8.5,8.55,7.51,7.4,8.37,9.78,8.45,9.15,8.24,8.02,22,22.66
459.22,22,8.47,8.36,8.46,8.84,7.2,8.42,8.49,7.47,7.33,8.33,9.74,8.39,9.12,8.19,8.01,22,22.68
460.22,22,8.45,8.29,8.43,8.8,7.15,8.38,8.43,7.44,7.26,8.28,9.7,8.34,9.07,8.11,7.96,22,22.71
461.22,22,8.45,8.28,8.43,8.8,7.1,8.38,8.43,7.42,7.22,8.28,9.69,8.34,9.05,8.1,7.94,22,22.73
462.23,22,8.41,8.21,8.37,8.76,7.04,8.33,8.38,7.35,7.16,8.24,9.62,8.3,9.01,8.05,7.93,22,22.69
463.23,22,8.38,8.15,8.3,8.75,6.96,8.28,8.34,7.31,7.13,8.19,9.62,8.28,8.99,7.98,7.92,22,22.66
464.23,22,8.46,8.21,8.39,8.7,6.91,8.28,8.3,7.25,7.07,8.19,9.55,8.25,8.99,7.89,7.88,22,22.64
465.23,22,8.52,8.3,8.51,8.64,6.95,8.39,8.38,7.17,7.16,8.28,9.52,8.23,9.09,7.83,7.84,22,22.62
466.23,22,8.58,8.37,8.59,8.68,7.05,8.49,8.5,7.13,7.28,8.36,9.52,8.29,9.16,7.8,7.83,22,22.62
467.23,22,8.55,8.36,8.56,8.7,7.08,8.5,8.51,7.12,7.32,8.36,9.54,8.32,9.15,7.8,7.81,22,22.62
468.25,22,8.51,8.33,8.54,8.72,7.1,8.47,8.5,7.15,7.35,8.36,9.56,8.34,9.12,7.87,7.83,22,22.62
469.25,22,8.5,8.32,8.5,8.75,7.11,8.49,8.51,7.21,7.36,8.36,9.6,8.36,9.15,7.92,7.88,22,22.62
470.25,22,8.43,8.23,8.42,8.72,7.06,8.41,8.46,7.2,7.3,8.3,9.59,8.33,9.11,7.92,7.84,22,22.62
471.25,22,8.39,8.2,8.34,8.7,7.02,8.36,8.43,7.22,7.25,8.26,9.56,8.29,9.04,7.93,7.84,22,22.64
472.25,22,8.33,8.12,8.28,8.67,6.97,8.28,8.37,7.18,7.2,8.21,9.5,8.24,8.99,7.9,7.8,22,22.66
473.25,22,8.28,8.02,8.2,8.63,6.91,8.23,8.32,7.16,7.12,8.16,9.45,8.17,8.92,7.87,7.75,22,22.66
474.27,22,8.23,7.99,8.15,8.6,6.86,8.15,8.25,7.12,7.07,8.1,9.43,8.12,8.88,7.81,7.71,22,22.68
475.27,22,8.2,7.93,8.11,8.56,6.79,8.1,8.2,7.08,7,8.06,9.37,8.07,8.84,7.79,7.68,22,22.71
476.27,22,8.2,7.88,8.11,8.55,6.73,8.07,8.17,7.06,6.95,8.03,9.33,8.02,8.81,7.75,7.66,22,22.73
477.27,22,8.19,7.85,8.07,8.52,6.65,8.03,8.14,7.01,6.89,8.02,9.31,7.99,8.79,7.69,7.62,22,22.71
478.28,22,8.15,7.79,8.02,8.5,6.58,7.99,8.11,6.96,6.85,7.97,9.25,7.99,8.75,7.62,7.64,22,22.69
479.28,22,8.14,7.75,7.98,8.46,6.53,7.93,8.07,6.89,6.78,7.93,9.21,7.97,8.7,7.56,7.61,22,22.66
480.28,22,8.25,7.88,8.14,8.39,6.48,8.03,8.05,6.83,6.8,7.98,9.19,7.92,8.81,7.49,7.56,22,22.64
481.28,22,8.3,7.97,8.25,8.39,6.58,8.16,8.17,6.78,6.94,8.1,9.2,7.9,8.89,7.44,7.52,22,22.64
482.28,22,8.32,7.98,8.25,8.42,6.65,8.2,8.23,6.74,7.02,8.11,9.17,7.94,8.91,7.4,7.49,22,22.62
483.28,22,8.29,7.98,8.25,8.49,6.71,8.23,8.28,6.78,7.06,8.14,9.23,8.01,8.93,7.46,7.49,22,22.62
484.28,22,8.24,7.93,8.2,8.47,6.7,8.17,8.25,6.8,7.06,8.12,9.23,8.01,8.91,7.52,7.52,22,22.64
485.3,22,8.21,7.88,8.14,8.49,6.68,8.14,8.21,6.84,7.05,8.08,9.23,8.02,8.87,7.55,7.52,22,22.64
486.3,22,8.16,7.81,8.06,8.46,6.64,8.07,8.19,6.83,6.99,8.06,9.19,7.97,8.8,7.55,7.5,22,22.64
487.3,22,8.11,7.75,7.98,8.43,6.59,8.02,8.15,6.83,6.94,7.99,9.16,7.93,8.76,7.51,7.5,22,22.64
488.3,22,8.06,7.68,7.89,8.39,6.53,7.93,8.06,6.79,6.86,7.94,9.12,7.88,8.7,7.49,7.45,22,22.66
489.3,22,7.99,7.6,7.81,8.34,6.45,7.87,8.01,6.74,6.8,7.88,9.07,7.84,8.64,7.45,7.41,22,22.69
490.3,22,7.94,7.54,7.78,8.3,6.39,7.8,7.96,6.69,6.71,7.83,9.03,7.76,8.58,7.41,7.36,22,22.69
491.3,22,7.92,7.49,7.74,8.28,6.32,7.75,7.92,6.64,6.64,7.78,8.99,7.73,8.54,7.35,7.33,22,22.71
492.32,22,7.89,7.45,7.74,8.24,6.25,7.71,7.89,6.58,6.58,7.75,8.92,7.69,8.5,7.3,7.3,22,22.73
493.32,22,7.84,7.36,7.68,8.2,6.14,7.65,7.84,6.51,6.52,7.71,8.85,7.65,8.46,7.2,7.26,22,22.69
494.32,22,7.84,7.3,7.6,8.17,6.1,7.6,7.78,6.47,6.46,7.66,8.81,7.61,8.43,7.15,7.25,22,22.64
495.32,22,7.97,7.45,7.78,8.11,6.07,7.7,7.76,6.4,6.45,7.71,8.77,7.59,8.51,7.07,7.21,22,22.64
496.32,22,8.06,7.56,7.92,8.07,6.17,7.85,7.89,6.32,6.62,7.83,8.75,7.56,8.62,6.99,7.16,22,22.64
497.33,22,8.08,7.61,7.96,8.12,6.26,7.9,7.99,6.26,6.73,7.9,8.75,7.64,8.68,6.97,7.12,22,22.62
498.33,22,8.06,7.6,7.94,8.19,6.3,7.93,8.03,6.24,6.75,7.9,8.79,7.69,8.67,7,7.12,22,22.62
499.35,22,8.03,7.56,7.92,8.21,6.3,7.9,8.03,6.29,6.79,7.9,8.84,7.71,8.67,7.08,7.16,22,22.62
500.35,22,7.97,7.5,7.83,8.2,6.26,7.84,7.98,6.3,6.73,7.85,8.81,7.69,8.62,7.1,7.16,22,22.62
501.35,22,7.9,7.44,7.74,8.2,6.22,7.76,7.94,6.32,6.69,7.81,8.8,7.66,8.56,7.12,7.17,22,22.64
502.35,22,7.85,7.35,7.66,8.17,6.17,7.7,7.89,6.32,6.63,7.76,8.76,7.61,8.51,7.07,7.15,22,22.66
503.35,22,7.79,7.26,7.57,8.12,6.1,7.61,7.83,6.29,6.56,7.7,8.71,7.55,8.45,7.02,7.08,22,22.66
504.35,22,7.71,7.17,7.49,8.06,6.02,7.54,7.76,6.24,6.47,7.62,8.64,7.49,8.38,6.96,7.02,22,22.66
505.35,22,7.68,7.1,7.42,8.03,5.95,7.46,7.69,6.2,6.41,7.57,8.59,7.41,8.3,6.9,7,22,22.69
506.37,22,7.62,7.04,7.38,7.98,5.86,7.4,7.64,6.14,6.31,7.51,8.51,7.36,8.26,6.84,6.95,22,22.71
507.37,22,7.61,6.99,7.37,7.97,5.79,7.36,7.59,6.1,6.25,7.49,8.49,7.31,8.21,6.78,6.91,22,22.73
508.37,22,7.6,6.92,7.33,7.93,5.7,7.32,7.55,6.02,6.18,7.45,8.43,7.27,8.19,6.7,6.89,22,22.69
509.37,22,7.54,6.83,7.23,7.88,5.6,7.23,7.5,5.95,6.11,7.37,8.36,7.25,8.14,6.63,6.85,22,22.66
510.37,22,7.61,6.9,7.3,7.81,5.54,7.26,7.45,5.89,6.07,7.37,8.32,7.21,8.16,6.57,6.83,22,22.64
511.37,22,7.73,7.05,7.47,7.76,5.58,7.45,7.54,5.8,6.2,7.49,8.26,7.17,8.28,6.47,6.78,22,22.64
512.37,22,7.76,7.12,7.56,7.78,5.7,7.55,7.62,5.74,6.36,7.59,8.24,7.22,8.36,6.41,6.73,22,22.62
513.38,22,7.76,7.16,7.57,7.85,5.79,7.57,7.71,5.71,6.43,7.64,8.26,7.32,8.39,6.42,6.7,22,22.62
514.38,22,7.74,7.11,7.55,7.89,5.8,7.56,7.73,5.7,6.43,7.62,8.29,7.35,8.38,6.48,6.73,22,22.62
515.38,22,7.7,7.06,7.51,7.92,5.8,7.51,7.71,5.73,6.42,7.61,8.33,7.32,8.36,6.54,6.75,22,22.62
516.38,22,7.62,6.99,7.4,7.89,5.73,7.44,7.65,5.74,6.36,7.54,8.33,7.28,8.32,6.56,6.74,22,22.64
517.38,22,7.55,6.9,7.31,7.88,5.68,7.35,7.6,5.74,6.3,7.49,8.32,7.25,8.23,6.54,6.75,22,22.64
518.38,22,7.5,6.81,7.22,7.84,5.61,7.3,7.55,5.74,6.24,7.42,8.26,7.18,8.17,6.51,6.71,22,22.66
519.4,22,7.42,6.69,7.12,7.79,5.54,7.17,7.45,5.7,6.14,7.33,8.19,7.12,8.07,6.43,6.67,22,22.68
520.4,22,7.37,6.63,7.05,7.74,5.44,7.11,7.37,5.67,6.06,7.28,8.14,7.05,8.02,6.4,6.63,22,22.69
521.4,22,7.32,6.56,7.01,7.7,5.37,7.02,7.32,5.63,5.99,7.23,8.08,6.99,7.96,6.32,6.58,22,22.71
522.42,22,7.3,6.49,6.99,7.66,5.28,6.97,7.27,5.57,5.9,7.18,8.02,6.94,7.92,6.24,6.53,22,22.73
523.42,22,7.26,6.45,6.95,7.64,5.18,6.94,7.23,5.51,5.82,7.15,7.98,6.9,7.88,6.18,6.51,22,22.71
524.42,22,7.22,6.32,6.86,7.6,5.08,6.89,7.18,5.47,5.76,7.1,7.9,6.87,7.84,6.11,6.48,22,22.68
525.42,22,7.26,6.35,6.87,7.54,5,6.83,7.11,5.41,5.69,7.04,7.85,6.85,7.83,6.05,6.45,22,22.66
526.42,22,7.41,6.54,7.08,7.46,5,6.97,7.15,5.33,5.73,7.16,7.79,6.81,7.97,5.98,6.41,22,22.64
527.42,22,7.49,6.65,7.23,7.47,5.14,7.13,7.32,5.28,5.92,7.31,7.79,6.85,8.08,5.93,6.35,22,22.64
528.42,22,7.5,6.67,7.23,7.51,5.23,7.18,7.38,5.26,6.02,7.35,7.8,6.94,8.1,5.92,6.31,22,22.64
529.43,22,7.46,6.64,7.21,7.56,5.27,7.17,7.41,5.28,6.06,7.33,7.84,6.99,8.08,5.95,6.3,22,22.62
530.43,22,7.4,6.58,7.15,7.59,5.27,7.15,7.4,5.33,6.06,7.32,7.87,6.99,8.05,5.99,6.32,22,22.64
531.43,22,7.33,6.51,7.05,7.57,5.23,7.1,7.35,5.35,6.01,7.25,7.85,6.96,8.01,6.01,6.36,22,22.62
532.43,22,7.27,6.4,6.95,7.56,5.16,7,7.3,5.36,5.96,7.21,7.83,6.92,7.94,6,6.36,22,22.66
533.43,22,7.18,6.29,6.85,7.52,5.07,6.91,7.21,5.31,5.88,7.12,7.76,6.85,7.87,5.95,6.31,22,22.66
534.43,22,7.12,6.2,6.74,7.47,5,6.83,7.16,5.27,5.8,7.05,7.7,6.78,7.76,5.93,6.29,22,22.66
535.43,22,7.06,6.11,6.68,7.44,4.91,6.73,7.07,5.21,5.71,6.99,7.65,6.71,7.7,5.87,6.23,22,22.69
536.43,22,7,6.04,6.6,7.38,4.82,6.64,6.99,5.14,5.61,6.91,7.57,6.63,7.64,5.79,6.18,22,22.71
537.43,22,6.96,5.96,6.58,7.35,4.71,6.59,6.94,5.08,5.53,6.87,7.54,6.58,7.6,5.71,6.12,22,22.73
538.43,22,6.94,5.9,6.56,7.31,4.61,6.53,6.9,4.99,5.44,6.84,7.45,6.53,7.52,5.64,6.1,22,22.71
539.45,22,6.9,5.8,6.49,7.27,4.52,6.48,6.85,4.93,5.38,6.79,7.4,6.52,7.51,5.58,6.07,22,22.68
540.45,22,6.91,5.77,6.48,7.21,4.43,6.43,6.76,4.83,5.3,6.74,7.31,6.47,7.49,5.5,6.02,22,22.66
541.45,22,7.08,6.01,6.73,7.15,4.41,6.63,6.87,4.74,5.41,6.9,7.25,6.41,7.64,5.42,5.98,22,22.64
542.45,22,7.17,6.12,6.85,7.18,4.55,6.79,7.05,4.68,5.61,7.02,7.21,6.45,7.78,5.35,5.92,22,22.62
543.47,22,7.18,6.16,6.89,7.27,4.69,6.85,7.12,4.66,5.71,7.08,7.25,6.58,7.8,5.36,5.88,22,22.62
544.47,22,7.15,6.14,6.84,7.33,4.75,6.84,7.13,4.69,5.74,7.07,7.32,6.63,7.78,5.38,5.92,22,22.62
545.47,22,7.1,6.07,6.78,7.35,4.71,6.79,7.11,4.75,5.73,7.04,7.33,6.62,7.78,5.46,5.94,22,22.62
546.47,22,7.01,5.99,6.67,7.31,4.67,6.71,7.04,4.77,5.66,6.99,7.31,6.59,7.69,5.47,5.96,22,22.62
547.47,22,6.96,5.88,6.58,7.28,4.62,6.63,7,4.77,5.61,6.92,7.28,6.53,7.64,5.47,5.95,22,22.64
548.47,22,6.87,5.76,6.45,7.21,4.52,6.53,6.91,4.74,5.53,6.85,7.22,6.46,7.55,5.42,5.92,22,22.64
549.48,22,6.8,5.64,6.34,7.17,4.44,6.43,6.81,4.68,5.43,6.76,7.16,6.36,7.47,5.35,5.85,22,22.66
550.48,22,6.71,5.53,6.23,7.1,4.34,6.34,6.73,4.61,5.33,6.68,7.07,6.28,7.38,5.26,5.77,22,22.68
551.48,22,6.63,5.42,6.16,7.02,4.24,6.23,6.64,4.52,5.22,6.58,6.99,6.18,7.3,5.18,5.71,22,22.69
552.5,22,6.6,5.36,6.13,6.97,4.12,6.16,6.57,4.44,5.12,6.54,6.91,6.08,7.22,5.08,5.66,22,22.71
553.5,22,6.57,5.29,6.1,6.95,4.03,6.11,6.53,4.35,5.02,6.51,6.84,6.04,7.2,5.01,5.62,22,22.73
554.5,22,6.52,5.2,6.04,6.89,3.88,6.05,6.46,4.26,4.92,6.46,6.74,5.98,7.15,4.92,5.57,22,22.69
555.5,22,6.48,5.09,5.93,6.84,3.78,6,6.41,4.18,4.87,6.4,6.65,5.95,7.08,4.85,5.55,22,22.66
556.52,22,6.64,5.24,6.12,6.75,3.7,6.07,6.36,4.09,4.81,6.41,6.58,5.93,7.15,4.78,5.53,22,22.64
557.52,22,6.79,5.46,6.35,6.7,3.8,6.29,6.53,3.99,4.99,6.59,6.51,5.89,7.35,4.68,5.44,22,22.64
558.52,22,6.84,5.55,6.43,6.76,3.98,6.39,6.69,3.94,5.19,6.7,6.51,5.99,7.44,4.61,5.4,22,22.62
559.52,22,6.83,5.55,6.45,6.85,4.08,6.42,6.75,3.93,5.28,6.74,6.57,6.11,7.46,4.6,5.38,22,22.62
560.52,22,6.78,5.49,6.39,6.91,4.09,6.4,6.76,3.95,5.29,6.71,6.63,6.14,7.44,4.67,5.42,22,22.62
561.53,22,6.7,5.41,6.29,6.91,4.06,6.3,6.7,3.99,5.26,6.67,6.65,6.13,7.38,4.73,5.46,22,22.62
562.53,22,6.62,5.29,6.17,6.9,4,6.23,6.64,4.03,5.19,6.59,6.63,6.08,7.31,4.76,5.46,22,22.62
563.53,22,6.52,5.16,6.05,6.86,3.91,6.13,6.54,4.03,5.12,6.52,6.57,6,7.22,4.75,5.43,22,22.64
564.53,22,6.46,5.04,5.94,6.81,3.83,6.01,6.47,3.99,5.01,6.42,6.51,5.93,7.15,4.71,5.4,22,22.66
565.53,22,6.36,4.92,5.82,6.74,3.7,5.89,6.36,3.93,4.91,6.34,6.43,5.83,7.04,4.65,5.31,22,22.68
566.53,22,6.3,4.81,5.74,6.69,3.59,5.79,6.28,3.86,4.81,6.25,6.36,5.74,6.95,4.57,5.26,22,22.69
567.53,22,6.26,4.75,5.71,6.65,3.49,5.73,6.22,3.79,4.7,6.2,6.28,5.66,6.89,4.5,5.19,22,22.69
568.53,22,6.22,4.66,5.68,6.59,3.34,5.67,6.14,3.72,4.6,6.14,6.2,5.6,6.84,4.42,5.13,22,22.71
569.55,22,6.17,4.57,5.62,6.56,3.22,5.61,6.1,3.63,4.52,6.11,6.11,5.56,6.78,4.33,5.08,22,22.69
570.55,22,6.12,4.44,5.5,6.49,3.11,5.51,6.02,3.53,4.45,6.02,6.02,5.51,6.71,4.25,5.07,22,22.66
571.55,22,6.26,4.61,5.69,6.41,3.02,5.58,5.95,3.43,4.41,6.04,5.93,5.48,6.79,4.17,5.04,22,22.64
572.55,22,6.43,4.83,5.93,6.34,3.11,5.82,6.13,3.33,4.62,6.24,5.83,5.46,6.97,4.06,4.98,22,22.64
573.57,22,6.47,4.9,5.99,6.37,3.29,5.94,6.28,3.22,4.81,6.35,5.8,5.56,7.07,3.98,4.92,22,22.62
574.57,22,6.47,4.91,6,6.48,3.41,5.96,6.35,3.19,4.89,6.39,5.85,5.67,7.08,3.98,4.92,22,22.64
575.57,22,6.4,4.85,5.94,6.53,3.42,5.93,6.35,3.17,4.9,6.36,5.89,5.71,7.06,4.01,4.94,22,22.62
576.57,22,6.32,4.75,5.83,6.56,3.4,5.88,6.32,3.2,4.87,6.31,5.93,5.7,7,4.08,4.99,22,22.62
577.57,22,6.24,4.63,5.71,6.53,3.33,5.79,6.25,3.23,4.79,6.24,5.92,5.66,6.94,4.13,4.99,22,22.62
578.57,22,6.13,4.49,5.58,6.49,3.25,5.67,6.17,3.22,4.7,6.14,5.87,5.56,6.83,4.1,4.97,22,22.64
579.58,22,6.05,4.35,5.46,6.43,3.14,5.54,6.06,3.21,4.61,6.06,5.82,5.48,6.73,4.06,4.93,22,22.66
580.58,22,5.95,4.22,5.33,6.37,3.03,5.42,5.96,3.17,4.49,5.95,5.75,5.36,6.64,4.01,4.86,22,22.68
581.58,22,5.87,4.08,5.24,6.3,2.89,5.29,5.86,3.11,4.36,5.86,5.67,5.26,6.56,3.93,4.79,22,22.69
582.6,22,5.8,3.99,5.19,6.23,2.75,5.2,5.77,3.02,4.25,5.79,5.57,5.15,6.47,3.85,4.73,22,22.69
583.6,22,5.76,3.93,5.15,6.18,2.61,5.12,5.7,2.94,4.14,5.74,5.47,5.08,6.42,3.77,4.67,22,22.73
584.6,22,5.74,3.85,5.12,6.14,2.5,5.09,5.67,2.86,4.06,5.69,5.38,5.06,6.39,3.7,4.65,22,22.71
585.6,22,5.66,3.72,4.98,6.08,2.36,5.01,5.58,2.74,3.98,5.63,5.28,5.01,6.31,3.64,4.61,22,22.68
586.6,22,5.74,3.77,5.08,5.99,2.26,4.98,5.5,2.63,3.89,5.57,5.16,4.97,6.3,3.54,4.58,22,22.64
587.6,22,5.98,4.07,5.38,5.89,2.29,5.24,5.64,2.53,4.01,5.79,5.05,4.93,6.53,3.47,4.51,22,22.62
588.62,22,6.07,4.19,5.54,5.94,2.51,5.42,5.85,2.41,4.27,5.95,5.01,5.06,6.67,3.44,4.42,22,22.62
589.62,22,6.06,4.22,5.55,6.01,2.66,5.47,5.93,2.34,4.4,6,5,5.19,6.7,3.41,4.32,22,22.62
590.62,22,6.02,4.17,5.51,6.11,2.72,5.47,5.96,2.34,4.44,6.01,5.09,5.27,6.7,3.45,4.31,22,22.62
591.62,22,5.94,4.08,5.41,6.12,2.69,5.38,5.94,2.38,4.43,5.96,5.16,5.24,6.64,3.52,4.34,22,22.62
592.62,22,5.86,3.96,5.28,6.12,2.63,5.3,5.88,2.44,4.37,5.88,5.2,5.2,6.56,3.54,4.41,22,22.64
593.62,22,5.75,3.8,5.14,6.08,2.53,5.19,5.79,2.48,4.28,5.8,5.16,5.11,6.46,3.53,4.41,22,22.66
594.63,22,5.64,3.65,5,6.04,2.41,5.06,5.68,2.47,4.17,5.69,5.09,5,6.35,3.47,4.39,22,22.64
595.63,22,5.53,3.5,4.85,5.95,2.29,4.92,5.55,2.43,4.05,5.58,5.02,4.89,6.25,3.4,4.32,22,22.66
596.63,22,5.46,3.37,4.76,5.88,2.15,4.79,5.44,2.39,3.94,5.48,4.93,4.77,6.16,3.31,4.25,22,22.68
597.63,22,5.37,3.27,4.68,5.8,2.01,4.69,5.35,2.32,3.79,5.38,4.83,4.65,6.05,3.22,4.17,22,22.69
598.63,22,5.33,3.19,4.67,5.74,1.86,4.62,5.27,2.26,3.68,5.33,4.74,4.57,5.98,3.13,4.09,22,22.71
599.65,22,5.3,3.12,4.62,5.69,1.73,4.58,5.21,2.16,3.58,5.28,4.61,4.52,5.92,3.04,4.03,22,22.71
600.65,22,5.23,3.02,4.52,5.64,1.58,4.52,5.15,2.08,3.5,5.21,4.5,4.49,5.89,2.94,4,22,22.69
601.65,22,5.23,2.97,4.49,5.54,1.46,4.42,5.04,1.96,3.4,5.13,4.35,4.42,5.82,2.86,3.96,22,22.64
602.65,22,5.5,3.3,4.82,5.44,1.45,4.63,5.12,1.9,3.46,5.3,4.24,4.4,6.05,2.8,3.93,22,22.64
603.67,22,5.61,3.47,4.98,5.42,1.62,4.86,5.34,1.82,3.74,5.49,4.12,4.4,6.22,2.71,3.83,22,22.62
604.67,22,5.64,3.53,5.05,5.51,1.85,4.96,5.49,1.81,3.91,5.58,4.13,4.57,6.29,2.68,3.76,22,22.62
605.67,22,5.6,3.5,5.01,5.61,1.94,4.96,5.53,1.82,3.97,5.6,4.2,4.65,6.28,2.71,3.78,22,22.62
606.67,22,5.53,3.41,4.93,5.67,1.95,4.9,5.49,1.86,3.97,5.57,4.31,4.68,6.23,2.75,3.84,22,22.62
607.67,22,5.43,3.28,4.81,5.66,1.9,4.81,5.44,1.91,3.9,5.49,4.33,4.65,6.16,2.78,3.87,22,22.62
608.67,22,5.34,3.14,4.67,5.63,1.84,4.69,5.36,1.95,3.84,5.4,4.34,4.59,6.07,2.8,3.88,22,22.62
609.67,22,5.21,2.98,4.5,5.58,1.73,4.57,5.24,1.95,3.73,5.29,4.29,4.48,5.93,2.79,3.84,22,22.66
610.68,22,5.11,2.84,4.35,5.49,1.59,4.43,5.13,1.94,3.59,5.19,4.23,4.36,5.82,2.74,3.77,22,22.66
611.68,22,4.99,2.69,4.23,5.41,1.46,4.28,5,1.89,3.46,5.07,4.12,4.25,5.71,2.67,3.69,22,22.68
612.68,22,4.92,2.6,4.16,5.33,1.33,4.16,4.9,1.84,3.33,4.96,4.04,4.15,5.62,2.6,3.62,22,22.69
613.68,22,4.85,2.53,4.09,5.24,1.19,4.06,4.78,1.78,3.2,4.87,3.94,4.03,5.53,2.49,3.55,22,22.69
614.68,22,4.81,2.49,4.06,5.2,1.08,4,4.73,1.72,3.07,4.82,3.86,3.97,5.47,2.41,3.49,22,22.71
615.68,22,4.76,2.42,4,5.16,1,3.95,4.67,1.66,2.99,4.76,3.75,3.91,5.43,2.34,3.46,22,22.68
616.68,22,4.67,2.33,3.86,5.08,0.94,3.86,4.59,1.62,2.88,4.69,3.65,3.89,5.33,2.26,3.43,22,22.66
617.7,22,4.85,2.53,4.08,4.97,0.93,3.95,4.52,1.61,2.8,4.71,3.53,3.83,5.41,2.19,3.38,22,22.64
618.7,22,5.06,2.8,4.36,4.92,1.04,4.22,4.76,1.58,3.04,4.97,3.43,3.77,5.67,2.13,3.31,22,22.62
619.7,22,5.14,2.91,4.49,4.99,1.24,4.36,4.96,1.58,3.3,5.11,3.39,3.88,5.77,2.1,3.26,22,22.62
620.7,22,5.13,2.88,4.48,5.09,1.35,4.41,5.02,1.59,3.4,5.14,3.43,4.01,5.8,2.12,3.25,22,22.62
621.7,22,5.06,2.82,4.4,5.18,1.37,4.35,5.02,1.59,3.43,5.11,3.52,4.06,5.75,2.16,3.26,22,22.64
622.72,22,4.97,2.7,4.28,5.19,1.32,4.27,4.96,1.61,3.4,5.06,3.57,4.07,5.7,2.21,3.3,22,22.64
623.72,22,4.84,2.54,4.13,5.15,1.23,4.15,4.86,1.61,3.3,4.94,3.57,4,5.58,2.22,3.29,22,22.64
624.72,22,4.74,2.41,3.98,5.12,1.13,3.99,4.76,1.63,3.2,4.84,3.55,3.93,5.47,2.22,3.28,22,22.66
625.72,22,4.61,2.3,3.83,5.02,1.04,3.88,4.62,1.63,3.08,4.71,3.5,3.8,5.35,2.18,3.22,22,22.66
626.73,22,4.5,2.25,3.68,4.94,0.96,3.73,4.49,1.62,2.94,4.59,3.42,3.68,5.22,2.11,3.15,22,22.68
627.73,22,4.41,2.22,3.62,4.85,0.91,3.61,4.37,1.62,2.79,4.49,3.33,3.56,5.12,2.07,3.08,22,22.71
628.73,22,4.34,2.25,3.58,4.78,0.89,3.51,4.27,1.61,2.67,4.41,3.22,3.47,5.02,2.04,3.03,22,22.71
629.73,22,4.29,2.23,3.54,4.7,0.86,3.44,4.19,1.6,2.54,4.35,3.09,3.41,4.97,2,2.98,22,22.73
630.75,22,4.26,2.21,3.45,4.63,0.85,3.38,4.14,1.58,2.43,4.29,2.99,3.35,4.92,1.96,2.93,22,22.69
631.75,22,4.19,2.2,3.34,4.57,0.84,3.29,4.04,1.59,2.34,4.19,2.91,3.32,4.84,1.94,2.9,22,22.66
632.75,22,4.44,2.41,3.64,4.43,0.85,3.4,3.97,1.56,2.32,4.25,2.85,3.26,4.97,1.93,2.83,22,22.64
633.75,22,4.65,2.56,3.93,4.35,0.94,3.7,4.22,1.55,2.63,4.53,2.85,3.22,5.22,1.9,2.73,22,22.64
634.75,22,4.73,2.62,4.05,4.46,1.08,3.87,4.46,1.56,2.89,4.68,2.93,3.35,5.36,1.92,2.68,22,22.62
635.75,22,4.69,2.55,4.04,4.62,1.14,3.9,4.55,1.56,2.98,4.71,3.02,3.49,5.37,1.94,2.67,22,22.62
636.77,22,4.61,2.43,3.94,4.69,1.09,3.85,4.53,1.55,2.98,4.69,3.08,3.55,5.31,1.94,2.71,22,22.62
637.77,22,4.51,2.32,3.8,4.71,1,3.77,4.49,1.56,2.92,4.6,3.12,3.55,5.26,1.96,2.75,22,22.64
638.77,22,4.39,2.23,3.66,4.69,0.93,3.64,4.4,1.57,2.83,4.5,3.09,3.49,5.15,1.96,2.77,22,22.64
639.77,22,4.25,2.18,3.49,4.62,0.87,3.51,4.26,1.59,2.71,4.39,3.04,3.39,5,1.94,2.75,22,22.64
640.77,22,4.1,2.14,3.31,4.53,0.83,3.34,4.12,1.57,2.57,4.24,2.97,3.26,4.87,1.93,2.69,22,22.66
641.77,22,3.99,2.16,3.17,4.44,0.83,3.18,3.98,1.56,2.43,4.12,2.91,3.13,4.75,1.9,2.62,22,22.66
642.77,22,3.87,2.15,3.08,4.33,0.81,3.06,3.83,1.56,2.28,3.97,2.84,3.02,4.6,1.88,2.55,22,22.69
643.78,22,3.79,2.17,3.03,4.23,0.81,2.95,3.72,1.55,2.14,3.88,2.82,2.91,4.51,1.87,2.49,22,22.69
644.78,22,3.74,2.16,3,4.16,0.79,2.89,3.62,1.55,2,3.8,2.77,2.84,4.44,1.86,2.43,22,22.71
645.78,22,3.7,2.17,2.97,4.13,0.8,2.86,3.56,1.55,1.9,3.76,2.75,2.83,4.41,1.84,2.42,22,22.73
646.8,22,3.63,2.15,2.85,4.07,0.79,2.79,3.5,1.53,1.81,3.67,2.72,2.82,4.33,1.84,2.39,22,22.68
647.8,22,3.7,2.19,2.92,3.96,0.79,2.72,3.37,1.53,1.72,3.58,2.73,2.76,4.31,1.83,2.35,22,22.66
648.82,22,4,2.36,3.34,3.84,0.82,3,3.52,1.52,1.9,3.87,2.73,2.71,4.6,1.83,2.27,22,22.64
649.82,22,4.16,2.38,3.54,3.85,0.89,3.25,3.82,1.52,2.23,4.09,2.73,2.8,4.79,1.82,2.16,22,22.64
650.82,22,4.18,2.34,3.56,3.98,0.95,3.34,3.97,1.52,2.42,4.22,2.76,3.01,4.89,1.84,2.11,22,22.62
651.83,22,4.12,2.23,3.5,4.09,0.92,3.32,3.99,1.5,2.45,4.2,2.78,3.08,4.85,1.83,2.11,22,22.62
652.83,22,4.03,2.18,3.38,4.17,0.88,3.26,3.97,1.52,2.43,4.15,2.8,3.09,4.79,1.85,2.18,22,22.62
653.83,22,3.89,2.15,3.22,4.17,0.82,3.14,3.88,1.52,2.36,4.04,2.78,3.04,4.68,1.84,2.23,22,22.64
654.83,22,3.76,2.15,3.06,4.15,0.81,3.01,3.76,1.53,2.25,3.91,2.75,2.95,4.54,1.87,2.28,22,22.64
655.83,22,3.62,2.13,2.88,4.07,0.8,2.86,3.62,1.52,2.11,3.78,2.73,2.82,4.37,1.84,2.25,22,22.66
656.83,22,3.5,2.13,2.75,3.97,0.78,2.7,3.45,1.53,1.95,3.64,2.72,2.7,4.25,1.83,2.2,22,22.66
657.85,22,3.38,2.14,2.66,3.89,0.79,2.57,3.33,1.54,1.82,3.51,2.72,2.58,4.1,1.83,2.16,22,22.69
658.85,22,3.27,2.14,2.6,3.78,0.79,2.44,3.18,1.53,1.66,3.38,2.71,2.48,3.99,1.81,2.1,22,22.71
659.87,22,3.2,2.12,2.57,3.7,0.78,2.4,3.06,1.53,1.51,3.29,2.7,2.42,3.9,1.81,2.05,22,22.73
660.87,22,3.16,2.14,2.54,3.63,0.78,2.35,2.99,1.53,1.41,3.22,2.69,2.41,3.85,1.81,2.04,22,22.73
661.87,22,3.09,2.12,2.47,3.57,0.77,2.32,2.92,1.53,1.34,3.16,2.68,2.4,3.8,1.79,2.02,22,22.71
662.87,22,3.03,2.13,2.4,3.46,0.77,2.23,2.8,1.52,1.26,3.03,2.67,2.38,3.68,1.8,2.03,22,22.68
663.87,22,3.33,2.19,2.8,3.31,0.77,2.4,2.76,1.51,1.29,3.14,2.66,2.33,3.91,1.78,1.96,22,22.64
664.87,22,3.56,2.25,3.07,3.27,0.8,2.72,3.09,1.51,1.62,3.46,2.67,2.35,4.19,1.79,1.91,22,22.62
665.87,22,3.64,2.21,3.15,3.39,0.83,2.85,3.35,1.52,1.88,3.62,2.67,2.52,4.32,1.8,1.88,22,22.64
666.88,22,3.61,2.17,3.11,3.53,0.83,2.86,3.43,1.51,1.97,3.67,2.68,2.66,4.33,1.79,1.89,22,22.62
667.88,22,3.5,2.14,2.99,3.62,0.81,2.82,3.42,1.52,1.96,3.62,2.69,2.67,4.27,1.8,1.93,22,22.64
668.88,22,3.37,2.12,2.84,3.63,0.78,2.71,3.35,1.51,1.89,3.53,2.69,2.63,4.16,1.8,1.97,22,22.64
669.88,22,3.23,2.11,2.67,3.62,0.77,2.56,3.23,1.51,1.81,3.41,2.68,2.55,4.03,1.79,2.01,22,22.64
670.88,22,3.08,2.1,2.5,3.53,0.77,2.44,3.08,1.51,1.67,3.27,2.68,2.44,3.88,1.8,2,22,22.64
671.9,22,2.95,2.11,2.39,3.44,0.78,2.31,2.95,1.52,1.54,3.13,2.68,2.34,3.77,1.8,1.96,22,22.66
672.9,22,2.8,2.1,2.28,3.32,0.76,2.17,2.78,1.51,1.38,2.97,2.66,2.23,3.58,1.8,1.91,22,22.68
673.9,22,2.68,2.1,2.26,3.19,0.75,2.07,2.61,1.51,1.22,2.83,2.65,2.16,3.46,1.79,1.86,22,22.69
674.9,22,2.6,2.12,2.26,3.08,0.76,2.02,2.49,1.52,1.1,2.72,2.65,2.14,3.34,1.79,1.85,22,22.71
675.92,22,2.53,2.11,2.28,3,0.75,2.01,2.39,1.51,1,2.65,2.65,2.15,3.25,1.78,1.83,22,22.73
676.92,22,2.51,2.11,2.28,2.98,0.77,2.01,2.34,1.51,0.95,2.61,2.66,2.17,3.25,1.78,1.86,22,22.71
677.92,22,2.42,2.11,2.21,2.92,0.76,2,2.28,1.51,0.9,2.52,2.65,2.18,3.16,1.79,1.86,22,22.69
678.92,22,2.5,2.12,2.35,2.76,0.75,1.98,2.14,1.5,0.85,2.41,2.62,2.16,3.13,1.78,1.84,22,22.64
679.93,22,2.87,2.16,2.71,2.67,0.76,2.29,2.37,1.51,1.1,2.76,2.62,2.15,3.5,1.77,1.82,22,22.64
680.93,22,3.04,2.15,2.86,2.75,0.78,2.5,2.72,1.49,1.41,3.03,2.62,2.21,3.73,1.77,1.8,22,22.64
681.93,22,3.06,2.12,2.82,2.93,0.78,2.56,2.89,1.49,1.56,3.13,2.63,2.33,3.79,1.77,1.8,22,22.62
682.93,22,2.99,2.11,2.72,3.06,0.77,2.51,2.92,1.49,1.6,3.13,2.65,2.39,3.76,1.78,1.83,22,22.62
683.93,22,2.87,2.1,2.55,3.11,0.76,2.41,2.86,1.49,1.53,3.04,2.65,2.36,3.66,1.77,1.85,22,22.62
684.93,22,2.74,2.11,2.42,3.11,0.77,2.29,2.76,1.5,1.45,2.93,2.66,2.31,3.56,1.78,1.86,22,22.64
685.93,22,2.58,2.1,2.29,3.04,0.76,2.13,2.61,1.49,1.32,2.8,2.63,2.22,3.42,1.79,1.84,22,22.66
686.95,22,2.42,2.08,2.18,2.94,0.75,2.01,2.45,1.48,1.16,2.62,2.63,2.14,3.23,1.77,1.8,22,22.66
687.95,22,2.28,2.08,2.15,2.83,0.74,1.91,2.29,1.49,1.03,2.47,2.63,2.09,3.09,1.76,1.78,22,22.68
688.95,22,2.15,2.09,2.15,2.71,0.75,1.86,2.13,1.49,0.89,2.31,2.62,2.06,2.93,1.77,1.77,22,22.68
689.95,22,2.06,2.1,2.17,2.61,0.75,1.86,2,1.5,0.79,2.19,2.62,2.06,2.84,1.77,1.76,22,22.71
690.95,22,2.02,2.1,2.18,2.54,0.75,1.87,1.9,1.5,0.74,2.12,2.62,2.07,2.77,1.77,1.77,22,22.71
691.95,22,1.97,2.1,2.16,2.47,0.75,1.87,1.85,1.49,0.72,2.07,2.63,2.07,2.73,1.76,1.77,22,22.71
692.95,22,1.9,2.09,2.13,2.39,0.73,1.86,1.78,1.5,0.71,1.97,2.61,2.07,2.65,1.76,1.75,22,22.69
693.97,22,1.96,2.1,2.25,2.28,0.75,1.83,1.7,1.5,0.69,1.86,2.62,2.07,2.6,1.77,1.75,22,22.66
694.97,22,2.37,2.1,2.54,2.16,0.75,2.03,1.92,1.5,0.84,2.18,2.62,2.05,2.94,1.76,1.73,22,22.64
695.97,22,2.56,2.11,2.62,2.29,0.76,2.21,2.28,1.49,1.11,2.48,2.61,2.1,3.2,1.76,1.72,22,22.64
696.97,22,2.59,2.1,2.6,2.49,0.76,2.27,2.44,1.49,1.25,2.6,2.62,2.19,3.29,1.75,1.72,22,22.62
697.98,22,2.52,2.09,2.47,2.65,0.75,2.21,2.47,1.49,1.26,2.59,2.61,2.22,3.27,1.76,1.73,22,22.62
698.98,22,2.4,2.09,2.33,2.7,0.75,2.11,2.41,1.49,1.2,2.52,2.62,2.18,3.17,1.76,1.75,22,22.64
699.98,22,2.26,2.08,2.21,2.68,0.74,1.98,2.3,1.49,1.09,2.4,2.61,2.12,3.05,1.75,1.77,22,22.64
700.98,22,2.11,2.09,2.15,2.61,0.75,1.87,2.16,1.5,0.98,2.26,2.63,2.07,2.89,1.77,1.76,22,22.64
701.98,22,1.96,2.09,2.12,2.53,0.73,1.83,2,1.49,0.86,2.11,2.61,2.04,2.77,1.76,1.75,22,22.64
702.98,22,1.83,2.09,2.12,2.41,0.75,1.81,1.84,1.5,0.76,1.93,2.62,2.03,2.61,1.76,1.74,22,22.66
703.98,22,1.72,2.09,2.11,2.3,0.74,1.78,1.7,1.49,0.69,1.76,2.61,2.02,2.49,1.75,1.72,22,22.68
704.98,22,1.63,2.08,2.11,2.19,0.73,1.79,1.59,1.49,0.65,1.63,2.6,2.02,2.35,1.75,1.71,22,22.69
705.98,22,1.61,2.09,2.12,2.14,0.73,1.8,1.56,1.5,0.65,1.56,2.61,2.03,2.32,1.75,1.7,22,22.71
707,22,1.61,2.1,2.13,2.11,0.74,1.82,1.56,1.49,0.64,1.53,2.6,2.04,2.33,1.75,1.71,22,22.71
708,22,1.6,2.09,2.11,2.07,0.73,1.81,1.57,1.49,0.65,1.48,2.61,2.04,2.31,1.76,1.72,22,22.69
709,22,1.61,2.07,2.14,1.98,0.73,1.77,1.51,1.48,0.63,1.39,2.59,2.02,2.21,1.75,1.7,22,22.66
710,22,2.05,2.1,2.42,1.91,0.74,1.96,1.69,1.5,0.77,1.69,2.61,2.02,2.58,1.75,1.7,22,22.62
711,22,2.28,2.09,2.56,2.03,0.75,2.14,2.05,1.48,1.05,2.06,2.6,2.08,2.87,1.75,1.68,22,22.62
712.02,22,2.32,2.09,2.51,2.26,0.75,2.18,2.22,1.48,1.16,2.21,2.61,2.16,2.99,1.75,1.68,22,22.62
713.02,22,2.23,2.08,2.38,2.41,0.75,2.1,2.23,1.48,1.13,2.2,2.59,2.17,2.94,1.75,1.69,22,22.62
714.02,22,2.12,2.08,2.22,2.49,0.73,1.98,2.16,1.47,1.04,2.13,2.6,2.11,2.85,1.74,1.7,22,22.62
715.03,22,1.97,2.08,2.13,2.48,0.73,1.87,2.04,1.47,0.91,2.01,2.61,2.04,2.73,1.75,1.71,22,22.62
716.03,22,1.83,2.07,2.1,2.39,0.72,1.81,1.89,1.48,0.79,1.87,2.6,2.02,2.56,1.74,1.7,22,22.62
717.05,22,1.69,2.07,2.08,2.29,0.72,1.77,1.74,1.47,0.7,1.71,2.6,2,2.41,1.74,1.68,22,22.64
718.05,22,1.59,2.07,2.08,2.18,0.72,1.76,1.6,1.47,0.65,1.54,2.59,2.01,2.29,1.73,1.68,22,22.64
719.07,22,1.53,2.08,2.09,2.07,0.73,1.77,1.53,1.49,0.63,1.41,2.6,2,2.19,1.75,1.68,22,22.66
720.07,22,1.48,2.06,2.08,1.98,0.73,1.75,1.48,1.47,0.61,1.3,2.59,1.98,2.15,1.73,1.67,22,22.68
721.07,22,1.49,2.08,2.1,1.93,0.73,1.76,1.49,1.48,0.61,1.26,2.6,2,2.14,1.75,1.67,22,22.69
722.07,22,1.51,2.08,2.09,1.92,0.72,1.78,1.5,1.48,0.62,1.28,2.6,2,2.17,1.75,1.67,22,22.71
723.07,22,1.52,2.09,2.1,1.91,0.73,1.78,1.51,1.49,0.62,1.29,2.6,2.01,2.18,1.75,1.68,22,22.71
724.07,22,1.49,2.07,2.07,1.9,0.73,1.76,1.49,1.48,0.62,1.26,2.59,2,2.15,1.74,1.67,22,22.69
725.07,22,1.59,2.07,2.15,1.85,0.73,1.76,1.48,1.49,0.62,1.24,2.6,2,2.19,1.74,1.68,22,22.64
726.08,22,1.92,2.07,2.35,1.84,0.72,1.88,1.7,1.48,0.69,1.57,2.59,1.98,2.49,1.74,1.65,22,22.64
727.08,22,2.05,2.08,2.4,2,0.73,2.03,1.94,1.48,0.87,1.82,2.58,2.03,2.68,1.74,1.65,22,22.64
728.1,22,2.05,2.07,2.32,2.16,0.74,2.01,2.06,1.47,0.94,1.89,2.6,2.07,2.7,1.75,1.65,22,22.62
729.1,22,1.95,2.07,2.19,2.27,0.72,1.91,2.01,1.47,0.91,1.85,2.59,2.05,2.62,1.74,1.65,22,22.62
730.1,22,1.83,2.08,2.11,2.3,0.72,1.83,1.93,1.48,0.81,1.75,2.59,2.03,2.54,1.74,1.67,22,22.64
731.1,22,1.7,2.06,2.09,2.26,0.73,1.77,1.82,1.48,0.74,1.63,2.6,2.01,2.41,1.75,1.67,22,22.64
732.1,22,1.58,2.07,2.08,2.18,0.73,1.75,1.68,1.47,0.65,1.48,2.59,1.98,2.28,1.73,1.65,22,22.64
733.12,22,1.51,2.08,2.07,2.08,0.73,1.75,1.55,1.48,0.63,1.35,2.58,2,2.17,1.75,1.66,22,22.66
734.12,22,1.48,2.08,2.08,1.97,0.73,1.75,1.49,1.48,0.62,1.25,2.6,2,2.12,1.76,1.65,22,22.66
735.12,22,1.45,2.07,2.07,1.89,0.72,1.75,1.46,1.47,0.59,1.2,2.59,1.98,2.1,1.74,1.63,22,22.66
736.12,22,1.44,2.05,2.08,1.86,0.71,1.74,1.46,1.47,0.59,1.19,2.59,1.97,2.1,1.73,1.62,22,22.69
737.12,22,1.46,2.06,2.08,1.87,0.72,1.76,1.46,1.47,0.59,1.21,2.59,2,2.11,1.73,1.63,22,22.71
738.12,22,1.47,2.07,2.07,1.86,0.72,1.75,1.46,1.47,0.58,1.22,2.59,1.97,2.12,1.74,1.62,22,22.73
739.12,22,1.46,2.09,2.08,1.85,0.72,1.76,1.47,1.48,0.59,1.2,2.59,1.97,2.12,1.74,1.63,22,22.69
740.12,22,1.47,2.06,2.08,1.82,0.72,1.74,1.44,1.47,0.58,1.17,2.6,1.98,2.09,1.73,1.63,22,22.66
741.13,22,1.75,2.06,2.22,1.8,0.72,1.8,1.52,1.47,0.62,1.36,2.59,1.97,2.31,1.74,1.61,22,22.66
742.13,22,1.91,2.07,2.29,1.87,0.72,1.9,1.76,1.48,0.73,1.62,2.58,1.97,2.52,1.73,1.62,22,22.64
743.13,22,1.92,2.07,2.22,2,0.73,1.92,1.89,1.48,0.82,1.72,2.59,1.98,2.57,1.74,1.61,22,22.64
744.13,22,1.86,2.06,2.15,2.13,0.74,1.86,1.91,1.49,0.81,1.72,2.6,2.02,2.53,1.73,1.62,22,22.62
745.13,22,1.74,2.06,2.08,2.16,0.72,1.78,1.84,1.47,0.72,1.6,2.57,1.98,2.42,1.73,1.62,22,22.62
746.13,22,1.62,2.07,2.07,2.15,0.72,1.76,1.75,1.48,0.66,1.49,2.59,1.98,2.34,1.75,1.63,22,22.64
747.13,22,1.51,2.07,2.07,2.09,0.73,1.75,1.61,1.48,0.62,1.37,2.59,1.98,2.21,1.74,1.62,22,22.64
748.13,22,1.44,2.06,2.06,2,0.71,1.72,1.48,1.47,0.6,1.25,2.57,1.97,2.12,1.73,1.61,22,22.64
749.13,22,1.43,2.06,2.05,1.9,0.72,1.73,1.45,1.47,0.58,1.19,2.58,1.97,2.07,1.73,1.62,22,22.66
750.15,22,1.42,2.06,2.05,1.84,0.72,1.72,1.44,1.48,0.59,1.17,2.58,1.96,2.08,1.73,1.61,22,22.69
751.15,22,1.42,2.05,2.06,1.82,0.72,1.74,1.44,1.47,0.58,1.16,2.58,1.97,2.08,1.74,1.61,22,22.69
752.15,22,1.43,2.06,2.07,1.82,0.72,1.74,1.44,1.48,0.58,1.17,2.59,1.98,2.09,1.73,1.61,22,22.71
753.15,22,1.45,2.07,2.07,1.84,0.72,1.75,1.45,1.48,0.58,1.18,2.59,1.98,2.1,1.73,1.61,22,22.73
754.15,22,1.43,2.07,2.06,1.83,0.72,1.73,1.45,1.47,0.58,1.18,2.58,1.97,2.08,1.73,1.61,22,22.71
755.15,22,1.44,2.07,2.06,1.8,0.71,1.73,1.43,1.48,0.58,1.14,2.58,1.97,2.05,1.72,1.61,22,22.66
756.17,22,1.72,2.08,2.18,1.8,0.72,1.78,1.5,1.48,0.6,1.32,2.58,1.97,2.23,1.74,1.61,22,22.64
757.17,22,1.87,2.07,2.22,1.86,0.72,1.87,1.73,1.48,0.7,1.56,2.59,1.97,2.43,1.74,1.59,22,22.64
758.17,22,1.86,2.05,2.15,1.97,0.71,1.85,1.83,1.47,0.75,1.65,2.58,1.98,2.47,1.74,1.6,22,22.62
759.17,22,1.78,2.05,2.1,2.1,0.73,1.78,1.81,1.48,0.72,1.62,2.58,1.98,2.43,1.73,1.59,22,22.62
760.18,22,1.66,2.06,2.06,2.14,0.7,1.73,1.73,1.46,0.65,1.53,2.57,1.97,2.33,1.71,1.58,22,22.62
761.18,22,1.54,2.06,2.05,2.12,0.71,1.73,1.6,1.47,0.6,1.41,2.58,1.96,2.22,1.73,1.59,22,22.62
762.18,22,1.46,2.07,2.05,2.04,0.7,1.73,1.51,1.48,0.59,1.29,2.57,1.97,2.14,1.74,1.6,22,22.64
763.18,22,1.42,2.07,2.06,1.93,0.71,1.71,1.45,1.48,0.58,1.2,2.58,1.95,2.07,1.72,1.6,22,22.66
764.18,22,1.41,2.07,2.04,1.86,0.71,1.72,1.44,1.48,0.58,1.17,2.57,1.98,2.06,1.73,1.59,22,22.66
765.18,22,1.4,2.06,2.04,1.81,0.72,1.72,1.41,1.47,0.58,1.16,2.58,1.96,2.05,1.73,1.59,22,22.68
766.18,22,1.4,2.07,2.05,1.79,0.72,1.73,1.43,1.48,0.56,1.14,2.58,1.95,2.05,1.73,1.59,22,22.69
767.2,22,1.41,2.06,2.05,1.8,0.72,1.73,1.42,1.47,0.57,1.14,2.58,1.96,2.06,1.73,1.59,22,22.71
768.2,22,1.42,2.06,2.05,1.8,0.72,1.73,1.43,1.48,0.57,1.15,2.59,1.96,2.06,1.74,1.6,22,22.73
769.2,22,1.43,2.09,2.07,1.81,0.72,1.74,1.45,1.49,0.59,1.17,2.59,1.98,2.08,1.74,1.6,22,22.71
770.2,22,1.4,2.05,2.04,1.78,0.7,1.72,1.41,1.47,0.56,1.14,2.58,1.95,2.05,1.72,1.59,22,22.66
771.2,22,1.59,2.06,2.12,1.77,0.71,1.76,1.45,1.47,0.58,1.24,2.58,1.96,2.17,1.74,1.59,22,22.64
772.2,22,1.75,2.05,2.15,1.81,0.71,1.8,1.62,1.47,0.64,1.46,2.58,1.96,2.34,1.74,1.58,22,22.64
773.2,22,1.76,2.06,2.1,1.92,0.71,1.8,1.72,1.47,0.69,1.55,2.57,1.97,2.4,1.74,1.57,22,22.62
774.22,22,1.68,2.06,2.06,2.05,0.7,1.73,1.7,1.47,0.65,1.53,2.59,1.98,2.35,1.72,1.57,22,22.6
775.22,22,1.56,2.05,2.05,2.08,0.71,1.73,1.61,1.47,0.59,1.45,2.58,1.95,2.26,1.72,1.58,22,22.62
776.22,22,1.48,2.06,2.05,2.06,0.71,1.71,1.52,1.48,0.59,1.35,2.58,1.97,2.17,1.73,1.59,22,22.62
777.22,22,1.42,2.06,2.05,1.98,0.71,1.71,1.44,1.48,0.58,1.24,2.59,1.97,2.08,1.73,1.58,22,22.62
778.22,22,1.41,2.07,2.05,1.88,0.72,1.71,1.42,1.47,0.58,1.16,2.59,1.97,2.06,1.73,1.57,22,22.64
779.22,22,1.39,2.06,2.03,1.8,0.71,1.7,1.41,1.47,0.57,1.14,2.57,1.95,2.03,1.72,1.58,22,22.64
780.22,22,1.4,2.07,2.06,1.79,0.72,1.72,1.42,1.48,0.58,1.14,2.58,1.96,2.04,1.74,1.58,22,22.68
781.23,22,1.4,2.06,2.04,1.78,0.72,1.72,1.42,1.47,0.57,1.13,2.58,1.96,2.05,1.73,1.57,22,22.69
782.23,22,1.39,2.07,2.05,1.79,0.71,1.71,1.41,1.47,0.56,1.14,2.58,1.96,2.04,1.73,1.57,22,22.69
783.23,22,1.4,2.06,2.05,1.78,0.71,1.71,1.4,1.47,0.56,1.14,2.57,1.96,2.05,1.73,1.58,22,22.73
784.23,22,1.4,2.08,2.06,1.79,0.71,1.72,1.42,1.47,0.57,1.14,2.58,1.96,2.05,1.73,1.58,22,22.71
785.23,22,1.39,2.07,2.05,1.79,0.72,1.7,1.4,1.47,0.56,1.12,2.58,1.95,2.04,1.73,1.57,22,22.68
786.23,22,1.45,2.07,2.08,1.77,0.72,1.71,1.41,1.48,0.56,1.14,2.58,1.95,2.06,1.73,1.57,22,22.64
787.23,22,1.61,2.06,2.1,1.78,0.71,1.74,1.48,1.48,0.58,1.3,2.58,1.95,2.2,1.73,1.56,22,22.64
788.25,22,1.62,2.06,2.07,1.82,0.71,1.74,1.56,1.47,0.6,1.4,2.58,1.95,2.25,1.74,1.57,22,22.62
789.25,22,1.55,2.06,2.06,1.89,0.71,1.73,1.55,1.46,0.61,1.39,2.57,1.95,2.21,1.73,1.56,22,22.62
790.25,22,1.47,2.05,2.05,1.95,0.71,1.72,1.5,1.47,0.59,1.32,2.58,1.97,2.13,1.73,1.56,22,22.62
791.25,22,1.41,2.06,2.04,1.93,0.71,1.71,1.44,1.47,0.57,1.24,2.57,1.96,2.08,1.74,1.57,22,22.62
792.25,22,1.38,2.06,2.03,1.88,0.71,1.7,1.41,1.46,0.56,1.15,2.57,1.95,2.04,1.71,1.56,22,22.64
793.25,22,1.39,2.07,2.04,1.82,0.72,1.71,1.41,1.48,0.57,1.14,2.57,1.96,2.04,1.72,1.57,22,22.64
794.25,22,1.38,2.06,2.03,1.78,0.71,1.71,1.41,1.47,0.55,1.12,2.58,1.94,2.03,1.73,1.56,22,22.64
795.27,22,1.39,2.08,2.03,1.77,0.72,1.7,1.4,1.48,0.56,1.12,2.58,1.95,2.03,1.73,1.56,22,22.66
796.27,22,1.37,2.07,2.03,1.76,0.71,1.69,1.4,1.46,0.54,1.11,2.57,1.95,2.03,1.72,1.56,22,22.68
797.28,22,1.38,2.07,2.04,1.76,0.72,1.71,1.41,1.48,0.56,1.11,2.57,1.95,2.04,1.73,1.55,22,22.69
798.28,22,1.38,2.06,2.03,1.76,0.72,1.71,1.4,1.47,0.55,1.12,2.57,1.95,2.03,1.73,1.56,22,22.71
799.28,22,1.39,2.07,2.05,1.77,0.71,1.71,1.4,1.47,0.56,1.11,2.58,1.95,2.03,1.73,1.55,22,22.73
800.28,22,1.38,2.06,2.04,1.78,0.71,1.7,1.4,1.47,0.56,1.12,2.57,1.95,2.03,1.73,1.56,22,22.71
801.3,22,1.39,2.07,2.03,1.77,0.72,1.7,1.4,1.48,0.56,1.11,2.57,1.94,2.03,1.73,1.55,22,22.68
802.3,22,1.46,2.05,2.06,1.75,0.71,1.71,1.41,1.47,0.55,1.16,2.57,1.94,2.08,1.72,1.55,22,22.66
803.3,22,1.53,2.06,2.07,1.79,0.71,1.74,1.47,1.47,0.58,1.28,2.58,1.95,2.16,1.73,1.55,22,22.64
804.3,22,1.48,2.06,2.05,1.84,0.72,1.73,1.48,1.47,0.59,1.29,2.58,1.95,2.15,1.73,1.56,22,22.62
805.3,22,1.41,2.06,2.03,1.86,0.71,1.7,1.43,1.47,0.58,1.23,2.57,1.95,2.07,1.73,1.54,22,22.64
806.3,22,1.38,2.05,2.04,1.85,0.72,1.71,1.41,1.46,0.57,1.16,2.58,1.94,2.04,1.73,1.55,22,22.64
807.3,22,1.38,2.07,2.04,1.81,0.72,1.69,1.41,1.48,0.55,1.13,2.57,1.95,2.03,1.72,1.55,22,22.64
808.3,22,1.37,2.05,2.03,1.77,0.7,1.69,1.4,1.47,0.55,1.11,2.57,1.95,2,1.73,1.54,22,22.64
809.3,22,1.38,2.06,2.03,1.76,0.71,1.7,1.39,1.47,0.56,1.12,2.57,1.94,2.03,1.73,1.55,22,22.64
810.32,22,1.37,2.06,2.03,1.76,0.71,1.7,1.39,1.46,0.55,1.1,2.56,1.94,2.02,1.72,1.53,22,22.66
811.32,22,1.37,2.06,2.03,1.77,0.72,1.7,1.39,1.47,0.55,1.11,2.57,1.94,2.02,1.74,1.55,22,22.68
812.32,22,1.37,2.08,2.03,1.76,0.72,1.69,1.4,1.47,0.54,1.12,2.57,1.94,2.01,1.73,1.54,22,22.69
813.33,22,1.37,2.06,2.04,1.77,0.71,1.71,1.39,1.46,0.55,1.11,2.57,1.94,2.03,1.72,1.54,22,22.71
814.33,22,1.37,2.07,2.03,1.76,0.71,1.7,1.39,1.46,0.55,1.11,2.56,1.94,2.01,1.71,1.55,22,22.73
815.33,22,1.38,2.06,2.03,1.78,0.72,1.7,1.39,1.47,0.56,1.11,2.57,1.95,2.02,1.73,1.54,22,22.71
816.35,22,1.37,2.07,2.04,1.77,0.71,1.7,1.41,1.47,0.55,1.11,2.58,1.94,2.02,1.73,1.54,22,22.68
817.37,22,1.44,2.07,2.06,1.76,0.72,1.7,1.4,1.47,0.56,1.14,2.57,1.94,2.06,1.73,1.54,22,22.64
818.37,22,1.45,2.06,2.06,1.78,0.72,1.72,1.44,1.47,0.57,1.21,2.57,1.95,2.07,1.74,1.55,22,22.64
819.37,22,1.41,2.06,2.05,1.8,0.71,1.71,1.42,1.46,0.57,1.19,2.56,1.93,2.05,1.73,1.53,22,22.62
820.37,22,1.37,2.06,2.03,1.82,0.71,1.7,1.4,1.47,0.56,1.13,2.57,1.94,2.02,1.72,1.54,22,22.62
821.37,22,1.37,2.05,2.04,1.8,0.71,1.71,1.41,1.47,0.56,1.12,2.58,1.95,2.03,1.73,1.53,22,22.64
822.37,22,1.37,2.06,2.03,1.78,0.72,1.7,1.39,1.47,0.56,1.11,2.57,1.95,2.02,1.72,1.53,22,22.64
823.38,22,1.37,2.05,2.03,1.77,0.71,1.68,1.38,1.47,0.55,1.11,2.57,1.94,2.01,1.73,1.53,22,22.64
824.38,22,1.36,2.06,2.02,1.75,0.71,1.69,1.39,1.47,0.55,1.1,2.57,1.94,2.02,1.72,1.53,22,22.64
825.38,22,1.36,2.05,2.02,1.77,0.71,1.69,1.39,1.47,0.55,1.11,2.56,1.94,2.01,1.73,1.53,22,22.66
826.38,22,1.36,2.06,2.01,1.75,0.71,1.68,1.39,1.45,0.54,1.1,2.57,1.93,2.02,1.72,1.53,22,22.68
827.38,22,1.36,2.06,2.03,1.75,0.71,1.69,1.39,1.47,0.55,1.1,2.57,1.94,2.02,1.72,1.53,22,22.69
828.38,22,1.36,2.06,2.03,1.76,0.71,1.7,1.38,1.47,0.55,1.1,2.57,1.93,2.01,1.72,1.53,22,22.71
829.38,22,1.37,2.08,2.04,1.77,0.73,1.71,1.39,1.47,0.55,1.12,2.57,1.95,2.02,1.74,1.55,22,22.73
830.4,22,1.36,2.06,2.03,1.75,0.71,1.69,1.39,1.46,0.55,1.1,2.57,1.94,2.02,1.73,1.53,22,22.73
831.4,22,1.38,2.08,2.04,1.78,0.72,1.71,1.4,1.48,0.56,1.11,2.58,1.95,2.02,1.75,1.54,22,22.69
832.4,22,1.39,2.06,2.04,1.76,0.71,1.7,1.39,1.47,0.55,1.11,2.58,1.94,2.03,1.74,1.53,22,22.66
833.4,22,1.4,2.06,2.05,1.77,0.72,1.7,1.41,1.48,0.57,1.15,2.57,1.94,2.04,1.73,1.53,22,22.64
834.4,22,1.38,2.06,2.03,1.78,0.71,1.71,1.41,1.47,0.55,1.13,2.58,1.94,2.03,1.72,1.52,22,22.64
835.42,22,1.36,2.05,2.02,1.78,0.69,1.69,1.39,1.47,0.56,1.11,2.57,1.93,2.02,1.72,1.52,22,22.64
836.42,22,1.37,2.06,2.04,1.77,0.72,1.69,1.39,1.46,0.56,1.11,2.57,1.94,2.01,1.73,1.53,22,22.62
837.42,22,1.36,2.07,2.03,1.76,0.71,1.7,1.4,1.47,0.55,1.1,2.58,1.94,2.02,1.71,1.52,22,22.62
838.43,22,1.36,2.06,2.02,1.76,0.71,1.7,1.39,1.46,0.54,1.11,2.58,1.94,2.01,1.71,1.52,22,22.62
839.43,22,1.36,2.06,2.02,1.76,0.71,1.68,1.39,1.46,0.54,1.09,2.57,1.95,2.01,1.73,1.53,22,22.64
840.43,22,1.37,2.07,2.03,1.75,0.72,1.68,1.39,1.47,0.55,1.1,2.58,1.93,2.01,1.73,1.53,22,22.66
841.43,22,1.36,2.07,2.03,1.74,0.72,1.68,1.39,1.48,0.55,1.1,2.57,1.94,2.01,1.73,1.52,22,22.66
842.43,22,1.35,2.06,2.02,1.75,0.7,1.69,1.38,1.47,0.54,1.09,2.58,1.94,2,1.73,1.51,22,22.68
843.43,22,1.36,2.06,2.02,1.76,0.72,1.69,1.38,1.46,0.55,1.09,2.57,1.93,2,1.73,1.52,22,22.69
844.45,22,1.35,2.05,2.02,1.75,0.71,1.68,1.37,1.47,0.54,1.08,2.58,1.94,2.01,1.72,1.52,22,22.71
845.45,22,1.35,2.07,2.02,1.75,0.71,1.7,1.38,1.46,0.53,1.1,2.57,1.93,2,1.73,1.52,22,22.71
846.45,22,1.36,2.07,2.03,1.75,0.71,1.7,1.39,1.47,0.55,1.09,2.57,1.92,2,1.73,1.52,22,22.71
847.45,22,1.37,2.07,2.03,1.76,0.72,1.7,1.4,1.47,0.54,1.1,2.58,1.94,2.02,1.73,1.53,22,22.68
848.47,22,1.37,2.05,2.02,1.75,0.71,1.69,1.38,1.46,0.54,1.09,2.56,1.93,2.01,1.72,1.51,22,22.64
849.47,22,1.37,2.05,2.03,1.76,0.72,1.7,1.4,1.46,0.56,1.11,2.58,1.94,2.02,1.73,1.53,22,22.62
850.47,22,1.36,2.05,2.02,1.76,0.71,1.7,1.39,1.46,0.55,1.11,2.56,1.93,2.01,1.73,1.52,22,22.64
851.47,22,1.36,2.06,2.02,1.76,0.71,1.7,1.39,1.48,0.55,1.1,2.57,1.93,2.01,1.73,1.51,22,22.62
852.47,22,1.35,2.06,2.02,1.76,0.71,1.68,1.38,1.47,0.54,1.09,2.57,1.93,1.98,1.73,1.51,22,22.62
853.47,22,1.35,2.05,2.02,1.75,0.7,1.69,1.37,1.46,0.53,1.09,2.57,1.93,2,1.72,1.51,22,22.62
854.48,22,1.36,2.08,2.02,1.76,0.71,1.69,1.38,1.48,0.54,1.09,2.56,1.94,2,1.72,1.52,22,22.64
855.48,22,1.36,2.07,2.02,1.74,0.72,1.7,1.38,1.47,0.54,1.09,2.58,1.93,2.01,1.72,1.51,22,22.64
856.48,22,1.36,2.05,2.01,1.74,0.71,1.67,1.37,1.46,0.54,1.08,2.56,1.93,2,1.72,1.51,22,22.66
857.48,22,1.35,2.07,2.02,1.75,0.71,1.68,1.38,1.47,0.52,1.08,2.57,1.93,2,1.72,1.51,22,22.68
858.48,22,1.36,2.07,2.02,1.75,0.72,1.68,1.38,1.47,0.55,1.09,2.58,1.94,2,1.72,1.52,22,22.69
859.5,22,1.36,2.06,2.02,1.74,0.71,1.69,1.38,1.46,0.53,1.09,2.57,1.93,2.01,1.73,1.51,22,22.69
860.5,22,1.38,2.08,2.04,1.77,0.72,1.7,1.4,1.48,0.56,1.11,2.59,1.95,2.02,1.74,1.53,22,22.73
861.5,22,1.35,2.06,2.01,1.75,0.7,1.68,1.38,1.47,0.53,1.08,2.57,1.91,2.01,1.72,1.5,22,22.73
862.5,22,1.36,2.07,2.03,1.76,0.72,1.69,1.39,1.47,0.54,1.09,2.58,1.94,2,1.72,1.51,22,22.69
863.5,22,1.36,2.07,2.02,1.75,0.71,1.68,1.37,1.46,0.53,1.09,2.57,1.93,2,1.72,1.51,22,22.66
864.5,22,1.36,2.06,2.04,1.76,0.72,1.7,1.39,1.46,0.54,1.1,2.57,1.94,2.02,1.74,1.5,22,22.66
865.52,22,1.37,2.07,2.03,1.76,0.71,1.69,1.38,1.46,0.54,1.1,2.58,1.94,2.01,1.73,1.51,22,22.64
866.52,22,1.35,2.05,2.03,1.75,0.71,1.69,1.39,1.46,0.53,1.09,2.58,1.94,2.01,1.72,1.5,22,22.64
867.52,22,1.36,2.06,2.03,1.76,0.72,1.69,1.39,1.47,0.54,1.09,2.58,1.93,2.01,1.73,1.51,22,22.64
868.52,22,1.36,2.06,2.03,1.76,0.72,1.69,1.38,1.47,0.54,1.1,2.58,1.94,2.01,1.73,1.52,22,22.64
869.52,22,1.36,2.07,2.03,1.76,0.71,1.69,1.39,1.48,0.54,1.1,2.59,1.94,2.01,1.73,1.51,22,22.64
870.52,22,1.35,2.06,2.02,1.76,0.71,1.68,1.37,1.46,0.53,1.09,2.57,1.94,2,1.72,1.51,22,22.66
871.52,22,1.36,2.06,2.01,1.75,0.72,1.68,1.37,1.46,0.53,1.08,2.58,1.94,2.02,1.73,1.51,22,22.66
872.53,22,1.35,2.06,2.02,1.74,0.71,1.69,1.37,1.47,0.53,1.08,2.57,1.94,2.01,1.73,1.51,22,22.69
873.53,22,1.35,2.05,2.02,1.75,0.7,1.67,1.38,1.47,0.53,1.07,2.56,1.92,1.98,1.73,1.5,22,22.69
874.53,22,1.36,2.07,2.02,1.75,0.72,1.69,1.38,1.48,0.54,1.1,2.57,1.93,2,1.73,1.51,22,22.71
875.53,22,1.36,2.07,2.02,1.75,0.72,1.69,1.38,1.48,0.54,1.1,2.58,1.94,2,1.72,1.51,22,22.73
876.53,22,1.36,2.07,2.03,1.75,0.72,1.69,1.39,1.48,0.54,1.09,2.58,1.94,2.01,1.73,1.51,22,22.73
877.53,22,1.36,2.07,2.03,1.76,0.72,1.68,1.38,1.46,0.53,1.09,2.58,1.92,1.98,1.73,1.51,22,22.71
878.55,22,1.36,2.07,2.02,1.76,0.72,1.69,1.38,1.47,0.54,1.09,2.57,1.93,2,1.73,1.51,22,22.66
879.55,22,1.34,2.05,2.03,1.75,0.71,1.7,1.38,1.47,0.54,1.09,2.57,1.93,2,1.73,1.5,22,22.66
880.55,22,1.36,2.06,2.01,1.76,0.72,1.7,1.38,1.47,0.54,1.1,2.58,1.93,2.01,1.73,1.5,22,22.62
881.57,22,1.35,2.06,2.01,1.75,0.71,1.69,1.38,1.47,0.54,1.09,2.58,1.94,1.98,1.72,1.5,22,22.64
882.57,22,1.35,2.06,2.01,1.74,0.71,1.69,1.38,1.47,0.53,1.09,2.58,1.92,2,1.72,1.5,22,22.64
883.57,22,1.35,2.06,2.02,1.74,0.72,1.68,1.38,1.47,0.53,1.08,2.58,1.93,1.98,1.72,1.5,22,22.64
884.57,22,1.34,2.06,2.01,1.74,0.71,1.68,1.38,1.46,0.53,1.09,2.57,1.92,2,1.72,1.49,22,22.66
885.58,22,1.35,2.07,2.01,1.74,0.71,1.68,1.37,1.47,0.53,1.09,2.57,1.92,1.98,1.72,1.5,22,22.66
886.58,22,1.34,2.06,2.01,1.74,0.71,1.67,1.36,1.46,0.52,1.08,2.57,1.93,1.97,1.72,1.5,22,22.68
887.58,22,1.35,2.06,2.02,1.74,0.71,1.67,1.37,1.46,0.52,1.07,2.58,1.92,2,1.72,1.5,22,22.69
888.58,22,1.35,2.07,2.02,1.75,0.71,1.68,1.38,1.47,0.52,1.09,2.57,1.93,2,1.74,1.5,22,22.71
889.58,22,1.36,2.07,2.02,1.76,0.72,1.69,1.37,1.47,0.53,1.1,2.58,1.94,2,1.73,1.51,22,22.73
890.58,22,1.35,2.06,2.03,1.75,0.71,1.69,1.38,1.47,0.54,1.09,2.58,1.94,2,1.74,1.5,22,22.75
891.58,22,1.36,2.08,2.02,1.76,0.72,1.7,1.39,1.47,0.55,1.1,2.58,1.94,2.01,1.73,1.51,22,22.71
892.6,22,1.35,2.07,2.02,1.75,0.72,1.68,1.38,1.47,0.53,1.08,2.58,1.93,2,1.72,1.5,22,22.68
893.6,22,1.35,2.07,2.02,1.76,0.72,1.69,1.38,1.48,0.54,1.09,2.58,1.94,2.01,1.74,1.5,22,22.66
894.6,22,1.35,2.07,2.02,1.75,0.72,1.68,1.39,1.48,0.53,1.09,2.59,1.93,2.01,1.73,1.5,22,22.64
895.6,22,1.35,2.06,2.01,1.76,0.71,1.69,1.38,1.47,0.54,1.09,2.58,1.93,2.01,1.72,1.51,22,22.64
896.62,22,1.34,2.06,2.01,1.74,0.7,1.67,1.37,1.46,0.53,1.08,2.57,1.92,1.98,1.72,1.49,22,22.64
897.62,22,1.33,2.05,2.01,1.75,0.7,1.67,1.36,1.46,0.52,1.07,2.56,1.92,1.97,1.71,1.49,22,22.64
898.62,22,1.35,2.07,2.02,1.76,0.72,1.68,1.38,1.47,0.54,1.09,2.58,1.94,2,1.72,1.49,22,22.64
899.62,22,1.35,2.06,2.01,1.74,0.7,1.67,1.37,1.48,0.53,1.08,2.57,1.93,1.98,1.73,1.49,22,22.64
900.63,22,1.34,2.06,2.02,1.76,0.72,1.68,1.38,1.47,0.53,1.09,2.58,1.93,2,1.73,1.49,22,22.66
901.63,22,1.36,2.07,2.02,1.76,0.72,1.7,1.38,1.48,0.54,1.09,2.59,1.94,2,1.74,1.51,22,22.68
902.63,22,1.34,2.06,2,1.75,0.7,1.68,1.37,1.47,0.53,1.08,2.57,1.92,1.97,1.72,1.5,22,22.69
903.63,22,1.35,2.07,2.02,1.75,0.73,1.69,1.38,1.48,0.54,1.09,2.58,1.94,1.98,1.73,1.51,22,22.71
904.65,22,1.35,2.06,2.02,1.74,0.71,1.68,1.36,1.47,0.53,1.08,2.58,1.93,2,1.73,1.49,22,22.73
905.65,22,1.36,2.07,2.02,1.75,0.72,1.68,1.38,1.48,0.54,1.09,2.58,1.93,2.01,1.73,1.49,22,22.73
906.65,22,1.34,2.07,2.01,1.74,0.72,1.68,1.38,1.47,0.53,1.09,2.58,1.93,2,1.73,1.5,22,22.69
907.65,22,1.35,2.07,2.02,1.75,0.72,1.68,1.38,1.47,0.53,1.09,2.56,1.92,2,1.72,1.49,22,22.66
908.65,22,1.36,2.07,2.02,1.76,0.72,1.69,1.38,1.47,0.54,1.09,2.59,1.94,2.01,1.73,1.5,22,22.66
909.67,22,1.34,2.06,2.01,1.75,0.71,1.68,1.37,1.47,0.53,1.09,2.58,1.92,2,1.72,1.49,22,22.64
910.67,22,1.34,2.06,2.01,1.75,0.71,1.68,1.37,1.47,0.53,1.07,2.57,1.93,1.98,1.71,1.5,22,22.62
911.67,22,1.35,2.06,2.02,1.75,0.72,1.68,1.38,1.47,0.53,1.09,2.58,1.92,2,1.73,1.5,22,22.62
912.67,22,1.34,2.07,2,1.74,0.71,1.68,1.36,1.46,0.52,1.08,2.57,1.93,1.98,1.72,1.49,22,22.64
913.67,22,1.35,2.06,2.02,1.75,0.72,1.68,1.38,1.48,0.52,1.09,2.58,1.93,2,1.73,1.5,22,22.64
914.67,22,1.35,2.06,2.01,1.74,0.71,1.68,1.36,1.46,0.52,1.08,2.57,1.93,1.98,1.73,1.49,22,22.64
915.67,22,1.35,2.06,2.01,1.74,0.72,1.69,1.37,1.47,0.53,1.08,2.57,1.92,1.98,1.72,1.5,22,22.66
916.68,22,1.35,2.06,2.01,1.75,0.71,1.68,1.37,1.46,0.53,1.08,2.58,1.93,1.98,1.73,1.5,22,22.66
917.68,22,1.35,2.06,2.01,1.74,0.72,1.67,1.37,1.47,0.53,1.07,2.58,1.92,2,1.73,1.49,22,22.69
918.68,22,1.34,2.06,2.02,1.75,0.71,1.68,1.37,1.47,0.52,1.09,2.57,1.93,1.98,1.73,1.49,22,22.71
919.68,22,1.36,2.07,2.03,1.76,0.73,1.69,1.38,1.47,0.53,1.09,2.59,1.93,2,1.74,1.5,22,22.73
920.68,22,1.35,2.07,2.02,1.75,0.72,1.68,1.38,1.47,0.53,1.09,2.58,1.93,2,1.73,1.5,22,22.73
921.7,22,1.36,2.07,2.02,1.75,0.72,1.68,1.38,1.48,0.52,1.08,2.58,1.92,1.98,1.73,1.5,22,22.69
922.7,22,1.34,2.06,2,1.76,0.72,1.68,1.37,1.46,0.53,1.08,2.57,1.93,1.97,1.73,1.5,22,22.64
923.7,22,1.34,2.05,2.01,1.74,0.71,1.68,1.36,1.47,0.52,1.08,2.57,1.92,1.98,1.72,1.5,22,22.64
924.7,22,1.34,2.07,2.02,1.75,0.71,1.68,1.38,1.47,0.53,1.08,2.57,1.93,2,1.73,1.5,22,22.64
925.7,22,1.34,2.04,2,1.75,0.71,1.67,1.36,1.46,0.52,1.07,2.57,1.92,1.97,1.73,1.48,22,22.62
926.7,22,1.33,2.05,2,1.74,0.71,1.68,1.37,1.46,0.53,1.07,2.56,1.92,1.96,1.71,1.48,22,22.62
927.72,22,1.34,2.06,2.01,1.75,0.71,1.68,1.36,1.47,0.53,1.08,2.57,1.93,1.98,1.73,1.49,22,22.64
928.72,22,1.34,2.06,2.01,1.75,0.7,1.67,1.37,1.46,0.52,1.07,2.58,1.92,1.98,1.73,1.49,22,22.64
929.72,22,1.34,2.06,2.01,1.75,0.71,1.67,1.36,1.47,0.53,1.07,2.58,1.92,1.98,1.73,1.49,22,22.64
930.72,22,1.34,2.06,2.01,1.74,0.71,1.67,1.37,1.45,0.51,1.07,2.57,1.92,1.96,1.72,1.48,22,22.66
931.72,22,1.35,2.07,2.01,1.75,0.72,1.69,1.37,1.47,0.54,1.09,2.58,1.93,2,1.72,1.49,22,22.68
932.72,22,1.34,2.06,2.01,1.74,0.71,1.68,1.36,1.46,0.52,1.07,2.57,1.92,1.97,1.72,1.49,22,22.68
933.72,22,1.35,2.07,2.02,1.75,0.72,1.69,1.37,1.48,0.54,1.09,2.58,1.94,2.02,1.72,1.5,22,22.69
934.72,22,1.35,2.06,2.02,1.75,0.72,1.69,1.38,1.47,0.54,1.09,2.58,1.94,2,1.74,1.5,22,22.71
935.73,22,1.35,2.08,2.01,1.75,0.72,1.68,1.37,1.47,0.53,1.08,2.57,1.93,2,1.73,1.5,22,22.73
936.73,22,1.35,2.06,2.01,1.75,0.71,1.68,1.37,1.46,0.53,1.07,2.57,1.92,1.97,1.72,1.49,22,22.71
937.73,22,1.34,2.06,2.01,1.75,0.71,1.67,1.37,1.48,0.53,1.09,2.58,1.93,1.98,1.73,1.49,22,22.66
938.73,22,1.35,2.06,2.02,1.75,0.73,1.67,1.38,1.48,0.53,1.08,2.58,1.93,2,1.73,1.49,22,22.64
939.73,22,1.34,2.05,2,1.74,0.71,1.67,1.35,1.46,0.52,1.08,2.56,1.91,1.98,1.73,1.48,22,22.64
940.73,22,1.35,2.06,2,1.75,0.72,1.67,1.37,1.47,0.53,1.08,2.58,1.92,1.98,1.72,1.5,22,22.64
941.73,22,1.34,2.06,2.01,1.75,0.72,1.67,1.37,1.48,0.53,1.07,2.58,1.92,1.98,1.74,1.49,22,22.64
942.73,22,1.34,2.06,2.01,1.75,0.71,1.68,1.36,1.47,0.52,1.08,2.57,1.92,1.98,1.72,1.49,22,22.64
943.75,22,1.33,2.05,2,1.74,0.71,1.67,1.36,1.47,0.51,1.06,2.56,1.92,1.97,1.72,1.48,22,22.64
944.75,22,1.33,2.05,2,1.74,0.71,1.67,1.37,1.46,0.51,1.07,2.56,1.92,1.97,1.73,1.49,22,22.66
945.75,22,1.34,2.05,2.01,1.75,0.7,1.67,1.37,1.47,0.52,1.08,2.58,1.92,1.96,1.72,1.49,22,22.66
946.75,22,1.34,2.06,2,1.75,0.71,1.68,1.35,1.46,0.52,1.07,2.57,1.91,1.97,1.72,1.49,22,22.66
947.77,22,1.34,2.06,2.01,1.75,0.7,1.67,1.37,1.46,0.52,1.08,2.57,1.92,1.98,1.72,1.48,22,22.69
948.77,22,1.35,2.07,2.02,1.75,0.71,1.67,1.37,1.46,0.53,1.08,2.58,1.92,1.98,1.71,1.48,22,22.71
949.77,22,1.34,2.07,2.02,1.75,0.72,1.68,1.38,1.48,0.53,1.08,2.57,1.94,1.96,1.73,1.5,22,22.71
950.77,22,1.35,2.07,2.02,1.75,0.71,1.67,1.38,1.47,0.53,1.09,2.58,1.93,1.98,1.73,1.49,22,22.73
951.77,22,1.34,2.06,2.01,1.75,0.71,1.68,1.38,1.46,0.52,1.08,2.58,1.93,1.98,1.73,1.5,22,22.69
952.78,22,1.33,2.06,2,1.74,0.7,1.67,1.37,1.47,0.53,1.08,2.58,1.93,1.98,1.72,1.5,22,22.66
953.78,22,1.33,2.04,2,1.74,0.71,1.67,1.36,1.46,0.52,1.07,2.57,1.92,1.97,1.73,1.49,22,22.64
954.78,22,1.33,2.06,2.01,1.74,0.71,1.67,1.36,1.48,0.52,1.08,2.56,1.92,1.98,1.73,1.49,22,22.64
955.78,22,1.33,2.06,2,1.74,0.71,1.65,1.37,1.47,0.51,1.07,2.57,1.92,1.97,1.72,1.5,22,22.62
956.78,22,1.33,2.07,2.01,1.75,0.71,1.67,1.36,1.47,0.53,1.08,2.58,1.93,1.97,1.73,1.49,22,22.62
957.78,22,1.34,2.06,2.01,1.74,0.71,1.68,1.38,1.46,0.53,1.07,2.57,1.92,1.97,1.72,1.49,22,22.64
958.78,22,1.33,2.06,2,1.75,0.7,1.67,1.36,1.47,0.52,1.07,2.57,1.92,1.97,1.71,1.48,22,22.64
959.8,22,1.35,2.08,2.02,1.75,0.72,1.69,1.38,1.47,0.53,1.08,2.58,1.93,2,1.72,1.5,22,22.66
960.8,22,1.34,2.05,2.01,1.74,0.71,1.67,1.36,1.47,0.53,1.08,2.57,1.92,1.97,1.72,1.49,22,22.64
961.8,22,1.34,2.07,2.01,1.74,0.71,1.68,1.37,1.47,0.52,1.08,2.58,1.93,1.97,1.73,1.49,22,22.68
962.8,22,1.35,2.08,2.01,1.75,0.72,1.68,1.37,1.48,0.53,1.08,2.58,1.93,2,1.73,1.5,22,22.71
963.82,22,1.34,2.06,2.01,1.75,0.71,1.68,1.37,1.47,0.52,1.08,2.57,1.92,1.98,1.73,1.49,22,22.71
964.82,22,1.34,2.07,2.02,1.75,0.72,1.68,1.37,1.47,0.52,1.08,2.57,1.92,1.98,1.73,1.49,22,22.71
965.82,22,1.33,2.06,2.01,1.74,0.7,1.67,1.36,1.46,0.52,1.08,2.57,1.92,1.98,1.72,1.48,22,22.69
966.82,22,1.35,2.05,2.01,1.75,0.72,1.68,1.38,1.47,0.52,1.07,2.58,1.92,1.98,1.72,1.49,22,22.66
967.82,22,1.34,2.06,2.02,1.75,0.71,1.68,1.38,1.47,0.53,1.08,2.58,1.93,1.98,1.73,1.49,22,22.64
968.82,22,1.33,2.06,2,1.74,0.71,1.66,1.36,1.47,0.51,1.07,2.58,1.92,1.98,1.72,1.49,22,22.64
969.82,22,1.34,2.06,1.98,1.75,0.71,1.67,1.36,1.47,0.52,1.08,2.57,1.92,1.96,1.73,1.48,22,22.62
970.83,22,1.33,2.06,2.01,1.74,0.71,1.68,1.36,1.46,0.51,1.07,2.57,1.92,1.98,1.73,1.49,22,22.64
971.83,22,1.33,2.05,2,1.74,0.7,1.66,1.36,1.47,0.52,1.07,2.58,1.91,1.97,1.72,1.48,22,22.62
972.83,22,1.33,2.05,2.01,1.75,0.71,1.66,1.36,1.47,0.51,1.07,2.57,1.92,1.96,1.73,1.48,22,22.64
973.83,22,1.33,2.06,2,1.75,0.71,1.66,1.37,1.46,0.52,1.07,2.57,1.92,1.98,1.73,1.48,22,22.64
974.83,22,1.34,2.05,1.98,1.74,0.7,1.67,1.36,1.46,0.52,1.07,2.56,1.92,1.97,1.72,1.48,22,22.66
975.83,22,1.33,2.06,2,1.75,0.71,1.66,1.36,1.47,0.52,1.08,2.57,1.92,1.97,1.72,1.49,22,22.68
976.83,22,1.34,2.07,2.02,1.76,0.72,1.68,1.37,1.47,0.53,1.09,2.58,1.92,1.98,1.72,1.49,22,22.69
977.85,22,1.34,2.06,2.01,1.75,0.71,1.68,1.37,1.47,0.52,1.08,2.57,1.93,1.97,1.73,1.5,22,22.71
978.85,22,1.34,2.07,2,1.75,0.71,1.68,1.37,1.47,0.53,1.08,2.58,1.93,2,1.73,1.5,22,22.73
979.85,22,1.34,2.06,2.01,1.75,0.72,1.69,1.37,1.47,0.52,1.08,2.58,1.92,1.97,1.73,1.49,22,22.71
980.85,22,1.35,2.07,2.02,1.76,0.72,1.69,1.38,1.48,0.54,1.09,2.58,1.93,2,1.74,1.49,22,22.69
981.85,22,1.33,2.06,2.01,1.75,0.71,1.68,1.37,1.46,0.52,1.07,2.57,1.92,1.95,1.72,1.49,22,22.66
982.85,22,1.34,2.06,2,1.76,0.71,1.67,1.36,1.47,0.52,1.08,2.57,1.92,1.97,1.73,1.49,22,22.64
983.87,22,1.33,2.06,2.01,1.74,0.72,1.67,1.37,1.47,0.52,1.07,2.57,1.92,1.96,1.73,1.49,22,22.62
984.87,22,1.33,2.05,2,1.74,0.71,1.66,1.36,1.46,0.52,1.06,2.57,1.92,1.97,1.72,1.48,22,22.64
985.87,22,1.33,2.06,2,1.75,0.71,1.67,1.36,1.46,0.52,1.07,2.57,1.92,1.97,1.72,1.48,22,22.64
986.87,22,1.34,2.06,2,1.75,0.71,1.66,1.37,1.47,0.51,1.07,2.57,1.92,1.98,1.72,1.49,22,22.64
987.87,22,1.33,2.06,2.01,1.75,0.71,1.67,1.37,1.46,0.51,1.06,2.58,1.92,1.97,1.71,1.48,22,22.64
988.88,22,1.33,2.05,2.01,1.75,0.71,1.67,1.37,1.46,0.52,1.07,2.58,1.92,1.97,1.72,1.48,22,22.66
989.88,22,1.34,2.06,2.01,1.74,0.72,1.67,1.37,1.47,0.52,1.08,2.58,1.92,1.98,1.73,1.49,22,22.66
990.88,22,1.33,2.06,2.01,1.76,0.7,1.67,1.36,1.47,0.52,1.08,2.57,1.91,1.97,1.73,1.48,22,22.66
991.88,22,1.34,2.07,2.01,1.75,0.72,1.66,1.36,1.46,0.52,1.08,2.56,1.92,1.97,1.72,1.49,22,22.69
992.88,22,1.34,2.07,2.01,1.74,0.72,1.68,1.37,1.47,0.52,1.08,2.58,1.92,1.97,1.73,1.49,22,22.71
993.88,22,1.35,2.08,2.01,1.75,0.72,1.68,1.38,1.48,0.52,1.08,2.58,1.93,2,1.73,1.5,22,22.71
994.9,22,1.34,2.06,2.01,1.74,0.71,1.68,1.36,1.47,0.53,1.07,2.57,1.92,1.97,1.72,1.48,22,22.69
995.9,22,1.34,2.05,2.01,1.75,0.71,1.67,1.38,1.48,0.52,1.07,2.57,1.92,1.97,1.73,1.49,22,22.66
996.9,22,1.33,2.04,2,1.75,0.72,1.67,1.37,1.47,0.52,1.07,2.57,1.93,1.97,1.73,1.48,22,22.66
997.92,22,1.32,2.06,2,1.74,0.71,1.67,1.36,1.47,0.52,1.06,2.57,1.92,1.98,1.73,1.48,22,22.64
998.92,22,1.33,2.05,2.01,1.75,0.72,1.67,1.36,1.47,0.52,1.07,2.57,1.91,1.96,1.73,1.49,22,22.62
999.92,22,1.34,2.05,2,1.75,0.71,1.67,1.36,1.47,0.51,1.06,2.58,1.91,1.98,1.73,1.48,22,22.62
1000.92,22,1.33,2.06,2,1.74,0.71,1.67,1.36,1.46,0.52,1.07,2.57,1.91,1.96,1.71,1.49,22,22.62
1001.93,22,1.34,2.06,2,1.75,0.71,1.67,1.34,1.46,0.52,1.06,2.57,1.91,1.96,1.71,1.48,22,22.64
1002.93,22,1.33,2.06,2,1.75,0.71,1.67,1.37,1.47,0.52,1.08,2.57,1.92,1.98,1.72,1.48,22,22.62
1003.93,22,1.33,2.05,2,1.76,0.71,1.66,1.36,1.46,0.52,1.07,2.57,1.92,1.97,1.72,1.48,22,22.64
1004.93,22,1.33,2.06,2,1.75,0.7,1.67,1.37,1.46,0.53,1.06,2.57,1.91,1.96,1.72,1.49,22,22.66
1005.95,22,1.34,2.06,2,1.76,0.71,1.67,1.37,1.46,0.52,1.07,2.57,1.92,1.97,1.73,1.48,22,22.69
1006.95,22,1.34,2.06,2.01,1.76,0.71,1.67,1.37,1.46,0.51,1.07,2.57,1.92,1.98,1.73,1.49,22,22.69
1007.95,22,1.33,2.07,2,1.75,0.7,1.67,1.36,1.47,0.52,1.07,2.58,1.92,1.98,1.72,1.48,22,22.71
1008.95,22,1.34,2.06,2,1.76,0.71,1.67,1.37,1.47,0.51,1.06,2.57,1.9,1.97,1.72,1.48,22,22.71
1009.97,22,1.33,2.06,2,1.75,0.71,1.68,1.37,1.46,0.51,1.07,2.58,1.92,1.98,1.72,1.49,22,22.68
1010.97,22,1.34,2.06,2,1.76,0.72,1.67,1.36,1.47,0.52,1.07,2.58,1.92,1.97,1.72,1.49,22,22.66
1011.97,22,1.32,2.04,1.98,1.74,0.7,1.66,1.36,1.46,0.5,1.06,2.55,1.92,1.96,1.71,1.48,22,22.64
1012.97,22,1.33,2.05,1.98,1.75,0.71,1.67,1.36,1.46,0.51,1.07,2.57,1.92,1.96,1.72,1.49,22,22.62
1013.98,22,1.34,2.06,2,1.75,0.71,1.67,1.36,1.48,0.52,1.07,2.57,1.92,1.96,1.72,1.49,22,22.62
1014.98,22,1.33,2.06,2,1.76,0.71,1.66,1.36,1.47,0.52,1.07,2.58,1.92,1.97,1.73,1.48,22,22.62
1015.98,22,1.33,2.05,2,1.75,0.71,1.67,1.35,1.46,0.5,1.07,2.57,1.92,1.97,1.72,1.48,22,22.64
1016.98,22,1.33,2.06,2.01,1.76,0.7,1.67,1.35,1.46,0.51,1.07,2.57,1.92,1.96,1.72,1.48,22,22.62
1017.98,22,1.33,2.06,2,1.75,0.71,1.67,1.36,1.46,0.52,1.07,2.57,1.92,1.97,1.72,1.48,22,22.64
1018.98,22,1.33,2.06,2,1.75,0.71,1.67,1.37,1.47,0.52,1.07,2.58,1.91,1.97,1.72,1.48,22,22.64
1019.98,22,1.32,2.06,2,1.76,0.7,1.66,1.37,1.46,0.52,1.07,2.57,1.92,1.97,1.72,1.49,22,22.66
1021,22,1.34,2.06,2.01,1.75,0.71,1.67,1.36,1.47,0.52,1.07,2.57,1.92,1.98,1.72,1.49,22,22.68
1022,22,1.34,2.07,2.01,1.76,0.72,1.68,1.37,1.47,0.54,1.08,2.57,1.93,2,1.71,1.49,22,22.69
1023,22,1.34,2.06,2.01,1.76,0.72,1.67,1.36,1.46,0.52,1.09,2.57,1.92,1.97,1.73,1.48,22,22.71
1024,22,1.34,2.07,2.01,1.75,0.7,1.67,1.36,1.46,0.51,1.07,2.57,1.92,1.96,1.72,1.48,22,22.73
1025.02,22,1.35,2.08,2.01,1.77,0.71,1.68,1.38,1.48,0.53,1.08,2.58,1.93,1.98,1.74,1.5,22,22.69
1026.02,22,1.34,2.06,2,1.76,0.71,1.67,1.37,1.47,0.53,1.07,2.57,1.93,1.97,1.73,1.49,22,22.66
1027.02,22,1.34,2.06,2.01,1.76,0.71,1.66,1.37,1.47,0.53,1.08,2.58,1.92,1.97,1.73,1.5,22,22.64
1028.02,22,1.32,2.05,1.98,1.75,0.7,1.66,1.35,1.46,0.51,1.06,2.57,1.91,1.96,1.72,1.47,22,22.62
1029.03,22,1.32,2.06,1.98,1.74,0.7,1.66,1.35,1.46,0.5,1.05,2.57,1.92,1.95,1.72,1.47,22,22.62
1030.03,22,1.33,2.06,2,1.75,0.7,1.67,1.36,1.47,0.52,1.07,2.57,1.92,1.96,1.72,1.48,22,22.64
1031.05,22,1.33,2.06,2.01,1.76,0.72,1.66,1.36,1.47,0.52,1.08,2.58,1.92,1.98,1.72,1.47,22,22.62
1032.05,22,1.33,2.06,2.01,1.76,0.71,1.66,1.36,1.46,0.52,1.07,2.57,1.93,1.97,1.73,1.49,22,22.64
1033.05,22,1.34,2.06,2.01,1.75,0.71,1.67,1.37,1.47,0.52,1.08,2.58,1.92,1.97,1.73,1.48,22,22.64
1034.05,22,1.34,2.07,2,1.75,0.71,1.68,1.36,1.46,0.52,1.06,2.57,1.92,1.97,1.73,1.49,22,22.66
1035.05,22,1.33,2.06,2,1.75,0.7,1.67,1.35,1.47,0.51,1.07,2.57,1.91,1.98,1.73,1.49,22,22.66
1036.05,22,1.34,2.07,2.02,1.77,0.72,1.67,1.38,1.47,0.51,1.08,2.58,1.94,1.96,1.74,1.49,22,22.69
1037.05,22,1.34,2.07,2.01,1.76,0.71,1.68,1.37,1.48,0.53,1.07,2.58,1.92,1.97,1.71,1.49,22,22.71
1038.07,22,1.33,2.06,2.01,1.76,0.71,1.67,1.36,1.47,0.52,1.08,2.58,1.92,1.97,1.72,1.48,22,22.73
1039.07,22,1.33,2.06,2.01,1.76,0.72,1.66,1.37,1.46,0.51,1.08,2.57,1.91,1.97,1.73,1.48,22,22.69
1040.07,22,1.34,2.07,2.02,1.77,0.72,1.68,1.38,1.46,0.52,1.08,2.58,1.93,1.98,1.73,1.49,22,22.66
1041.08,22,1.33,2.05,2,1.76,0.71,1.66,1.35,1.47,0.51,1.06,2.57,1.92,1.96,1.71,1.48,22,22.64
1042.08,22,1.33,2.05,2,1.76,0.71,1.67,1.37,1.47,0.53,1.07,2.58,1.91,1.98,1.72,1.49,22,22.64
1043.08,22,1.32,2.06,1.98,1.76,0.7,1.66,1.36,1.46,0.52,1.07,2.57,1.92,1.96,1.72,1.48,22,22.62
1044.08,22,1.32,2.05,2,1.76,0.71,1.67,1.36,1.46,0.51,1.07,2.58,1.91,1.96,1.72,1.48,22,22.62
1045.08,22,1.34,2.07,2,1.75,0.71,1.66,1.36,1.47,0.52,1.07,2.58,1.92,1.97,1.72,1.49,22,22.64
1046.1,22,1.33,2.06,2,1.77,0.71,1.66,1.37,1.46,0.52,1.08,2.57,1.91,1.97,1.73,1.49,22,22.64
1047.1,22,1.33,2.05,2,1.75,0.71,1.67,1.36,1.47,0.51,1.07,2.57,1.93,1.98,1.72,1.48,22,22.66
1048.1,22,1.33,2.07,2.01,1.76,0.7,1.67,1.35,1.47,0.52,1.07,2.58,1.91,1.97,1.72,1.48,22,22.66
1049.1,22,1.34,2.06,2,1.76,0.71,1.67,1.37,1.48,0.51,1.08,2.58,1.91,1.97,1.73,1.49,22,22.68
1050.12,22,1.33,2.07,2,1.75,0.71,1.67,1.37,1.46,0.52,1.08,2.57,1.91,1.97,1.73,1.48,22,22.69
1051.12,22,1.34,2.06,2.01,1.77,0.7,1.66,1.36,1.46,0.52,1.08,2.58,1.93,1.96,1.72,1.48,22,22.69
1052.12,22,1.35,2.06,2.01,1.75,0.72,1.68,1.37,1.46,0.52,1.09,2.58,1.92,1.98,1.73,1.48,22,22.71
1053.12,22,1.34,2.05,2.01,1.76,0.72,1.66,1.37,1.46,0.52,1.08,2.58,1.92,1.97,1.72,1.48,22,22.71
1054.13,22,1.35,2.07,2.01,1.77,0.72,1.67,1.36,1.47,0.52,1.08,2.57,1.92,1.98,1.73,1.49,22,22.69
1055.13,22,1.34,2.06,1.98,1.75,0.72,1.67,1.37,1.47,0.52,1.07,2.58,1.92,1.98,1.71,1.49,22,22.64
1056.15,22,1.32,2.05,1.98,1.76,0.7,1.66,1.36,1.46,0.51,1.07,2.57,1.91,1.97,1.71,1.48,22,22.64
1057.15,22,1.33,2.06,2,1.75,0.71,1.67,1.36,1.47,0.51,1.07,2.57,1.91,1.97,1.73,1.48,22,22.62
1058.15,22,1.32,2.05,2,1.75,0.7,1.67,1.36,1.46,0.51,1.07,2.57,1.91,1.96,1.72,1.49,22,22.6
1059.15,22,1.33,2.06,2,1.75,0.71,1.67,1.36,1.47,0.51,1.07,2.58,1.92,1.97,1.73,1.5,22,22.62
1060.17,22,1.33,2.06,2,1.76,0.71,1.67,1.36,1.46,0.52,1.07,2.57,1.92,1.96,1.72,1.49,22,22.62
1061.17,22,1.33,2.06,2,1.76,0.71,1.66,1.36,1.47,0.52,1.08,2.58,1.91,1.96,1.72,1.48,22,22.62
1062.17,22,1.33,2.05,1.98,1.76,0.71,1.66,1.36,1.46,0.51,1.07,2.57,1.91,1.97,1.72,1.48,22,22.64
1063.17,22,1.33,2.04,1.98,1.75,0.7,1.66,1.36,1.46,0.51,1.07,2.57,1.92,1.95,1.73,1.48,22,22.64
1064.18,22,1.33,2.06,2,1.76,0.72,1.67,1.37,1.46,0.51,1.07,2.57,1.92,1.95,1.72,1.48,22,22.66
1065.18,22,1.33,2.06,1.98,1.75,0.71,1.68,1.35,1.46,0.52,1.08,2.57,1.92,1.97,1.71,1.48,22,22.68
1066.18,22,1.34,2.07,2.01,1.76,0.71,1.68,1.35,1.47,0.52,1.07,2.57,1.92,1.98,1.73,1.48,22,22.69
1067.18,22,1.35,2.07,2.02,1.77,0.72,1.67,1.37,1.47,0.53,1.08,2.58,1.93,2,1.72,1.49,22,22.71
1068.18,22,1.34,2.06,2.01,1.75,0.71,1.67,1.37,1.47,0.51,1.07,2.58,1.92,1.97,1.72,1.5,22,22.71
1069.18,22,1.34,2.07,2,1.76,0.71,1.66,1.36,1.46,0.52,1.08,2.57,1.92,1.96,1.73,1.48,22,22.68
1070.2,22,1.33,2.06,2,1.76,0.71,1.67,1.36,1.46,0.52,1.07,2.57,1.92,1.96,1.72,1.48,22,22.64
1071.2,22,1.33,2.05,2,1.76,0.71,1.67,1.36,1.47,0.51,1.07,2.57,1.92,1.96,1.72,1.49,22,22.62
1072.22,22,1.34,2.05,2,1.75,0.72,1.66,1.36,1.47,0.52,1.06,2.57,1.92,1.97,1.71,1.48,22,22.62
1073.22,22,1.33,2.06,1.98,1.76,0.71,1.65,1.36,1.47,0.51,1.06,2.57,1.92,1.96,1.73,1.48,22,22.62
1074.22,22,1.33,2.06,2.01,1.75,0.71,1.66,1.37,1.47,0.52,1.08,2.57,1.92,1.97,1.72,1.47,22,22.64
1075.22,22,1.33,2.06,1.98,1.75,0.71,1.66,1.36,1.47,0.51,1.07,2.57,1.9,1.96,1.73,1.48,22,22.64
1076.23,22,1.34,2.06,2.01,1.75,0.71,1.68,1.37,1.47,0.52,1.07,2.58,1.92,1.97,1.73,1.48,22,22.64
1077.23,22,1.33,2.06,2,1.76,0.71,1.66,1.36,1.47,0.51,1.07,2.58,1.92,1.98,1.71,1.48,22,22.66
1078.25,22,1.33,2.06,2,1.76,0.7,1.67,1.36,1.47,0.51,1.08,2.57,1.91,1.97,1.72,1.48,22,22.66
1079.25,22,1.33,2.06,2.01,1.75,0.71,1.66,1.37,1.47,0.51,1.07,2.58,1.91,1.98,1.73,1.48,22,22.68
1080.25,22,1.34,2.06,2,1.77,0.71,1.68,1.36,1.47,0.52,1.07,2.58,1.92,1.97,1.72,1.49,22,22.69
1081.25,22,1.34,2.06,2,1.75,0.71,1.68,1.36,1.46,0.51,1.07,2.57,1.91,1.97,1.71,1.48,22,22.71
1082.25,22,1.34,2.06,2.01,1.76,0.71,1.67,1.36,1.47,0.52,1.08,2.58,1.93,1.97,1.72,1.48,22,22.71
1083.27,22,1.34,2.07,2.01,1.77,0.71,1.67,1.37,1.47,0.52,1.08,2.58,1.92,1.97,1.73,1.49,22,22.68
1084.27,22,1.32,2.05,2,1.75,0.71,1.67,1.37,1.47,0.51,1.07,2.57,1.92,1.97,1.72,1.47,22,22.66
1085.27,22,1.32,2.06,2,1.76,0.71,1.67,1.36,1.47,0.51,1.07,2.57,1.92,1.97,1.73,1.49,22,22.64
1086.27,22,1.33,2.05,2,1.75,0.71,1.66,1.36,1.47,0.51,1.07,2.58,1.93,1.97,1.73,1.48,22,22.64
1087.27,22,1.32,2.04,1.98,1.75,0.7,1.63,1.35,1.46,0.49,1.06,2.56,1.9,1.95,1.72,1.47,22,22.62
1088.27,22,1.33,2.05,2,1.76,0.71,1.67,1.36,1.47,0.51,1.08,2.57,1.92,1.96,1.72,1.48,22,22.64
1089.28,22,1.33,2.06,1.98,1.75,0.71,1.66,1.36,1.46,0.51,1.07,2.58,1.91,1.96,1.72,1.48,22,22.64
1090.28,22,1.32,2.06,1.98,1.76,0.69,1.65,1.36,1.47,0.51,1.07,2.57,1.92,1.96,1.73,1.47,22,22.66
1091.28,22,1.34,2.06,2,1.75,0.72,1.67,1.35,1.46,0.51,1.06,2.57,1.91,1.95,1.72,1.48,22,22.66
1092.28,22,1.33,2.06,1.98,1.76,0.7,1.65,1.35,1.45,0.51,1.06,2.56,1.91,1.96,1.72,1.47,22,22.69
1093.28,22,1.34,2.07,2,1.77,0.72,1.66,1.37,1.47,0.52,1.07,2.57,1.93,1.97,1.73,1.48,22,22.69
1094.28,22,1.33,2.06,2,1.75,0.7,1.66,1.37,1.46,0.52,1.07,2.57,1.91,1.96,1.73,1.48,22,22.71
1095.3,22,1.34,2.07,2,1.76,0.71,1.67,1.37,1.47,0.51,1.08,2.57,1.91,1.95,1.72,1.47,22,22.73
1096.3,22,1.34,2.06,2.01,1.76,0.71,1.67,1.36,1.46,0.52,1.07,2.57,1.92,1.97,1.73,1.49,22,22.73
1097.3,22,1.34,2.07,2.01,1.76,0.72,1.68,1.36,1.47,0.51,1.08,2.58,1.91,1.98,1.71,1.49,22,22.69
1098.3,22,1.32,2.06,1.98,1.75,0.7,1.66,1.36,1.46,0.51,1.07,2.58,1.92,1.96,1.71,1.48,22,22.66
1099.3,22,1.33,2.05,2,1.76,0.7,1.66,1.36,1.46,0.51,1.07,2.57,1.92,1.97,1.73,1.48,22,22.64
1100.3,22,1.33,2.05,2,1.76,0.7,1.66,1.36,1.47,0.51,1.07,2.58,1.92,1.96,1.72,1.49,22,22.64
1101.3,22,1.31,2.04,1.98,1.75,0.7,1.66,1.35,1.45,0.5,1.06,2.56,1.91,1.96,1.72,1.48,22,22.64
1102.3,22,1.33,2.06,2,1.75,0.71,1.66,1.36,1.46,0.52,1.06,2.57,1.92,1.95,1.72,1.48,22,22.64
1103.32,22,1.33,2.05,1.98,1.75,0.7,1.66,1.35,1.46,0.51,1.06,2.57,1.91,1.96,1.72,1.48,22,22.66
1104.32,22,1.33,2.05,2,1.76,0.71,1.67,1.36,1.46,0.51,1.07,2.58,1.92,1.96,1.73,1.48,22,22.66
1105.32,22,1.33,2.07,2,1.76,0.71,1.67,1.36,1.46,0.51,1.07,2.58,1.92,1.96,1.71,1.49,22,22.66
1106.32,22,1.33,2.05,2,1.75,0.71,1.67,1.36,1.47,0.51,1.07,2.57,1.92,1.96,1.73,1.48,22,22.68
1107.32,22,1.34,2.07,2,1.76,0.71,1.67,1.36,1.47,0.51,1.08,2.58,1.92,1.97,1.72,1.48,22,22.69
1108.32,22,1.34,2.07,2.02,1.77,0.72,1.68,1.38,1.47,0.53,1.08,2.59,1.93,1.98,1.74,1.49,22,22.71
1109.32,22,1.34,2.07,2.01,1.77,0.71,1.67,1.37,1.47,0.53,1.08,2.58,1.92,1.97,1.73,1.49,22,22.73
1110.33,22,1.33,2.06,2.01,1.76,0.71,1.67,1.37,1.47,0.52,1.08,2.58,1.92,1.98,1.72,1.48,22,22.69
1111.33,22,1.34,2.06,2.01,1.76,0.72,1.66,1.36,1.47,0.52,1.07,2.57,1.92,1.96,1.73,1.48,22,22.68
1112.33,22,1.32,2.06,2,1.75,0.7,1.67,1.36,1.47,0.51,1.07,2.57,1.92,1.97,1.72,1.48,22,22.66
1113.33,22,1.33,2.05,1.98,1.75,0.71,1.66,1.36,1.46,0.51,1.07,2.57,1.92,1.96,1.72,1.48,22,22.64
1114.33,22,1.33,2.06,2,1.77,0.71,1.66,1.36,1.47,0.51,1.06,2.57,1.92,1.95,1.72,1.48,22,22.62
1115.35,22,1.33,2.06,1.98,1.75,0.72,1.66,1.36,1.47,0.51,1.06,2.58,1.92,1.97,1.72,1.48,22,22.64
1116.35,22,1.32,2.05,2,1.75,0.71,1.66,1.36,1.45,0.51,1.06,2.56,1.92,1.96,1.72,1.47,22,22.64
1117.35,22,1.33,2.06,2,1.76,0.71,1.66,1.37,1.47,0.52,1.07,2.58,1.93,1.96,1.73,1.49,22,22.64
1118.35,22,1.32,2.06,1.98,1.74,0.7,1.66,1.35,1.46,0.5,1.06,2.56,1.92,1.97,1.72,1.48,22,22.64
1119.35,22,1.33,2.06,2,1.75,0.71,1.66,1.36,1.46,0.52,1.07,2.57,1.92,1.96,1.73,1.48,22,22.66
1120.37,22,1.33,2.06,2,1.76,0.71,1.67,1.36,1.47,0.52,1.08,2.58,1.92,1.97,1.72,1.48,22,22.69
1121.37,22,1.33,2.06,2,1.76,0.7,1.68,1.37,1.47,0.52,1.08,2.57,1.91,1.97,1.74,1.49,22,22.69
1122.37,22,1.33,2.06,2.01,1.76,0.71,1.67,1.35,1.46,0.52,1.08,2.57,1.91,1.97,1.72,1.49,22,22.71
1123.37,22,1.34,2.06,2.01,1.74,0.71,1.67,1.36,1.47,0.52,1.07,2.58,1.93,1.97,1.72,1.47,22,22.71
1124.37,22,1.33,2.06,2,1.76,0.7,1.66,1.36,1.47,0.52,1.07,2.57,1.92,1.97,1.73,1.48,22,22.69
1125.37,22,1.34,2.06,2.01,1.76,0.72,1.67,1.38,1.47,0.53,1.07,2.58,1.92,2,1.72,1.48,22,22.66
1126.37,22,1.33,2.06,1.98,1.77,0.71,1.67,1.36,1.47,0.53,1.07,2.57,1.92,1.95,1.73,1.48,22,22.66
1127.38,22,1.32,2.05,1.98,1.76,0.71,1.66,1.36,1.46,0.51,1.07,2.56,1.9,1.96,1.72,1.47,22,22.64
1128.38,22,1.33,2.05,1.98,1.74,0.7,1.66,1.35,1.46,0.5,1.06,2.56,1.9,1.97,1.73,1.48,22,22.64
1129.38,22,1.33,2.05,2,1.77,0.71,1.67,1.36,1.46,0.51,1.07,2.57,1.93,1.97,1.73,1.48,22,22.64
1130.38,22,1.33,2.07,2,1.75,0.71,1.67,1.36,1.47,0.52,1.08,2.58,1.91,1.96,1.73,1.48,22,22.64
1131.38,22,1.33,2.06,1.98,1.77,0.71,1.67,1.37,1.47,0.52,1.07,2.58,1.92,1.96,1.73,1.49,22,22.64
1132.4,22,1.34,2.06,2,1.76,0.7,1.67,1.36,1.47,0.52,1.07,2.58,1.92,1.97,1.72,1.48,22,22.66
1133.4,22,1.33,2.08,2,1.76,0.71,1.68,1.36,1.47,0.52,1.08,2.57,1.92,1.96,1.73,1.48,22,22.66
1134.4,22,1.32,2.04,1.98,1.76,0.71,1.65,1.36,1.45,0.51,1.07,2.57,1.9,1.96,1.72,1.48,22,22.68
1135.42,22,1.34,2.07,2.01,1.77,0.72,1.66,1.36,1.46,0.52,1.08,2.58,1.92,1.96,1.73,1.48,22,22.69
1136.42,22,1.34,2.06,2,1.75,0.7,1.66,1.36,1.47,0.52,1.07,2.56,1.91,1.97,1.72,1.48,22,22.69
1137.42,22,1.33,2.05,2,1.76,0.71,1.67,1.37,1.46,0.52,1.07,2.57,1.91,1.97,1.73,1.48,22,22.73
1138.42,22,1.33,2.06,1.98,1.76,0.71,1.67,1.35,1.46,0.51,1.07,2.57,1.91,1.96,1.72,1.48,22,22.71
1139.42,22,1.33,2.06,2,1.77,0.72,1.66,1.37,1.47,0.52,1.09,2.58,1.93,1.96,1.72,1.49,22,22.66
1140.42,22,1.33,2.05,1.98,1.76,0.71,1.68,1.36,1.47,0.51,1.07,2.57,1.92,1.96,1.73,1.48,22,22.64
1141.43,22,1.33,2.05,1.98,1.76,0.71,1.67,1.36,1.47,0.51,1.07,2.58,1.93,1.96,1.73,1.48,22,22.64
1142.43,22,1.32,2.05,1.98,1.74,0.7,1.66,1.35,1.46,0.51,1.06,2.57,1.91,1.97,1.71,1.48,22,22.64
1143.45,22,1.33,2.05,1.98,1.75,0.71,1.66,1.36,1.46,0.51,1.07,2.57,1.92,1.96,1.72,1.48,22,22.64
1144.45,22,1.33,2.07,2,1.76,0.71,1.67,1.36,1.47,0.51,1.08,2.57,1.92,1.96,1.73,1.49,22,22.64
1145.45,22,1.33,2.06,2,1.76,0.71,1.66,1.35,1.46,0.52,1.07,2.58,1.92,1.97,1.72,1.47,22,22.64
1146.45,22,1.33,2.06,2,1.74,0.7,1.66,1.35,1.46,0.51,1.07,2.58,1.91,1.95,1.72,1.47,22,22.66
1147.45,22,1.32,2.05,1.98,1.75,0.7,1.66,1.35,1.46,0.51,1.06,2.57,1.92,1.96,1.72,1.48,22,22.68
1148.45,22,1.33,2.07,1.98,1.75,0.71,1.66,1.36,1.47,0.51,1.07,2.57,1.91,1.97,1.72,1.48,22,22.69
1149.45,22,1.34,2.06,2,1.77,0.71,1.67,1.36,1.47,0.52,1.07,2.58,1.91,1.98,1.72,1.49,22,22.71
1150.45,22,1.34,2.07,1.98,1.76,0.71,1.67,1.37,1.47,0.52,1.08,2.58,1.92,1.97,1.73,1.48,22,22.73
1151.45,22,1.33,2.06,2,1.76,0.71,1.66,1.36,1.46,0.51,1.07,2.57,1.92,1.97,1.72,1.47,22,22.73
1152.45,22,1.33,2.06,2,1.75,0.7,1.66,1.35,1.45,0.5,1.07,2.56,1.9,1.96,1.7,1.48,22,22.71
1153.47,22,1.34,2.06,1.98,1.76,0.71,1.67,1.36,1.47,0.51,1.08,2.58,1.92,1.96,1.72,1.48,22,22.69
1154.47,22,1.32,2.03,1.98,1.75,0.7,1.65,1.34,1.46,0.5,1.06,2.56,1.91,1.95,1.72,1.45,22,22.66
1155.47,22,1.33,2.05,1.98,1.75,0.71,1.63,1.36,1.46,0.51,1.06,2.57,1.91,1.96,1.72,1.48,22,22.64
1156.47,22,1.33,2.06,1.98,1.76,0.7,1.67,1.35,1.47,0.5,1.07,2.57,1.91,1.96,1.72,1.48,22,22.62
1157.48,22,1.33,2.05,1.98,1.76,0.7,1.66,1.35,1.47,0.51,1.06,2.56,1.91,1.95,1.72,1.49,22,22.64
1158.48,22,1.33,2.05,2,1.76,0.71,1.65,1.35,1.47,0.51,1.07,2.57,1.92,1.97,1.71,1.48,22,22.62
1159.48,22,1.34,2.07,2,1.76,0.71,1.66,1.36,1.47,0.51,1.07,2.58,1.92,1.97,1.72,1.48,22,22.64
1160.48,22,1.33,2.05,1.98,1.75,0.7,1.65,1.36,1.46,0.5,1.06,2.57,1.91,1.95,1.71,1.48,22,22.64
1161.48,22,1.33,2.06,2,1.76,0.71,1.67,1.36,1.46,0.52,1.06,2.57,1.92,1.97,1.72,1.48,22,22.66
1162.5,22,1.33,2.06,1.98,1.75,0.71,1.66,1.36,1.46,0.51,1.06,2.57,1.91,1.98,1.72,1.48,22,22.69
1163.5,22,1.32,2.05,2,1.75,0.71,1.66,1.35,1.46,0.51,1.07,2.57,1.91,1.95,1.72,1.48,22,22.69
1164.5,22,1.34,2.07,2.01,1.77,0.71,1.67,1.36,1.46,0.52,1.07,2.56,1.93,1.96,1.72,1.48,22,22.69
1165.5,22,1.34,2.07,2.01,1.77,0.71,1.67,1.37,1.47,0.51,1.07,2.58,1.92,1.98,1.72,1.47,22,22.73
1166.5,22,1.34,2.06,2,1.76,0.71,1.67,1.37,1.47,0.52,1.07,2.58,1.91,1.98,1.72,1.48,22,22.71
1167.5,22,1.33,2.06,2.01,1.75,0.71,1.66,1.36,1.46,0.51,1.08,2.58,1.92,1.96,1.72,1.48,22,22.68
1168.52,22,1.31,2.05,1.97,1.75,0.71,1.66,1.35,1.46,0.5,1.06,2.56,1.9,1.95,1.72,1.47,22,22.64
1169.52,22,1.33,2.07,2,1.77,0.73,1.68,1.37,1.47,0.53,1.08,2.58,1.92,1.96,1.73,1.48,22,22.66
1170.52,22,1.33,2.06,1.98,1.76,0.71,1.67,1.34,1.48,0.51,1.07,2.56,1.92,1.96,1.72,1.48,22,22.64
1171.52,22,1.33,2.05,2,1.75,0.71,1.67,1.35,1.46,0.5,1.07,2.56,1.92,1.97,1.73,1.48,22,22.64
1172.52,22,1.32,2.06,1.98,1.75,0.71,1.67,1.36,1.46,0.5,1.07,2.57,1.91,1.96,1.72,1.47,22,22.64
1173.52,22,1.32,2.05,2,1.75,0.7,1.65,1.35,1.46,0.51,1.06,2.57,1.91,1.96,1.71,1.48,22,22.64
1174.53,22,1.33,2.05,2,1.75,0.7,1.66,1.35,1.46,0.5,1.07,2.57,1.91,1.96,1.73,1.48,22,22.64
1175.53,22,1.33,2.05,1.98,1.75,0.7,1.65,1.35,1.46,0.51,1.07,2.57,1.91,1.96,1.71,1.48,22,22.66
1176.53,22,1.33,2.06,1.98,1.75,0.7,1.65,1.35,1.46,0.52,1.06,2.57,1.92,1.97,1.72,1.47,22,22.68
1177.53,22,1.33,2.06,2,1.76,0.7,1.67,1.36,1.47,0.51,1.06,2.57,1.91,1.96,1.72,1.48,22,22.69
1178.53,22,1.33,2.06,1.98,1.75,0.7,1.66,1.36,1.46,0.49,1.06,2.57,1.91,1.96,1.73,1.48,22,22.71
1179.55,22,1.33,2.06,2,1.76,0.71,1.66,1.36,1.46,0.51,1.07,2.57,1.91,1.95,1.71,1.48,22,22.73
1180.55,22,1.33,2.07,2.01,1.76,0.71,1.67,1.37,1.46,0.52,1.08,2.57,1.91,1.97,1.72,1.49,22,22.73
1181.55,22,1.34,2.06,2.01,1.77,0.71,1.67,1.37,1.46,0.52,1.08,2.58,1.92,1.97,1.72,1.49,22,22.68
1182.55,22,1.33,2.06,1.98,1.76,0.71,1.67,1.36,1.46,0.52,1.07,2.58,1.92,1.95,1.73,1.48,22,22.66
1183.55,22,1.32,2.05,1.98,1.75,0.71,1.66,1.36,1.46,0.5,1.06,2.57,1.92,1.95,1.72,1.48,22,22.64
1184.55,22,1.33,2.05,1.98,1.75,0.71,1.66,1.35,1.46,0.5,1.07,2.56,1.91,1.97,1.73,1.48,22,22.62
1185.57,22,1.33,2.06,2,1.76,0.71,1.67,1.36,1.46,0.5,1.06,2.58,1.91,1.97,1.72,1.47,22,22.62
1186.57,22,1.32,2.05,1.98,1.75,0.7,1.66,1.35,1.45,0.5,1.06,2.57,1.9,1.95,1.72,1.47,22,22.62
1187.57,22,1.34,2.07,2,1.77,0.72,1.68,1.36,1.47,0.52,1.06,2.58,1.92,1.96,1.73,1.48,22,22.62
1188.57,22,1.32,2.05,1.98,1.75,0.69,1.66,1.35,1.46,0.5,1.06,2.57,1.91,1.95,1.71,1.46,22,22.64
1189.58,22,1.33,2.06,2,1.75,0.7,1.66,1.35,1.46,0.51,1.07,2.56,1.91,1.96,1.71,1.47,22,22.64
1190.58,22,1.34,2.06,2,1.76,0.71,1.67,1.37,1.47,0.52,1.07,2.57,1.92,1.98,1.72,1.48,22,22.66
1191.58,22,1.33,2.04,2,1.75,0.7,1.66,1.36,1.46,0.51,1.07,2.57,1.92,1.97,1.72,1.47,22,22.68
1192.58,22,1.33,2.07,2,1.76,0.71,1.67,1.36,1.46,0.51,1.08,2.58,1.92,1.97,1.72,1.48,22,22.69
1193.58,22,1.34,2.08,2.01,1.76,0.72,1.66,1.36,1.47,0.52,1.08,2.59,1.93,1.97,1.74,1.49,22,22.71
1194.6,22,1.34,2.05,2.01,1.75,0.71,1.67,1.37,1.47,0.52,1.07,2.58,1.92,1.96,1.72,1.48,22,22.71
1195.6,22,1.33,2.06,1.98,1.75,0.7,1.66,1.35,1.46,0.51,1.08,2.56,1.92,1.95,1.72,1.47,22,22.69
1196.6,22,1.32,2.04,2,1.76,0.7,1.67,1.36,1.47,0.51,1.07,2.57,1.91,1.97,1.71,1.48,22,22.66
1197.6,22,1.32,2.05,1.98,1.75,0.72,1.66,1.36,1.47,0.51,1.06,2.57,1.91,1.95,1.71,1.48,22,22.64
1198.6,22,1.32,2.05,1.97,1.76,0.7,1.66,1.36,1.47,0.5,1.07,2.57,1.91,1.95,1.72,1.48,22,22.62
1199.6,22,1.33,2.05,2,1.75,0.71,1.66,1.36,1.47,0.51,1.07,2.58,1.91,1.97,1.72,1.48,22,22.62
1200.6,22,1.32,2.05,2,1.75,0.7,1.66,1.35,1.47,0.5,1.06,2.56,1.92,1.96,1.71,1.47,22,22.62
1201.62,22,1.33,2.05,1.98,1.76,0.71,1.67,1.36,1.47,0.51,1.08,2.58,1.92,1.97,1.73,1.47,22,22.64
1202.62,22,1.32,2.05,1.98,1.74,0.7,1.66,1.36,1.46,0.51,1.07,2.57,1.91,1.95,1.72,1.47,22,22.64
1203.62,22,1.33,2.05,1.98,1.75,0.7,1.65,1.36,1.46,0.5,1.07,2.57,1.91,1.96,1.72,1.48,22,22.66
1204.62,22,1.33,2.05,2,1.75,0.71,1.66,1.35,1.46,0.52,1.07,2.56,1.91,1.96,1.72,1.48,22,22.66
1205.62,22,1.33,2.05,2,1.75,0.7,1.66,1.36,1.46,0.51,1.06,2.57,1.91,1.96,1.72,1.48,22,22.68
1206.63,22,1.33,2.06,2,1.74,0.71,1.66,1.35,1.46,0.51,1.06,2.57,1.92,1.97,1.72,1.48,22,22.69
1207.63,22,1.33,2.06,2,1.76,0.71,1.67,1.36,1.47,0.51,1.07,2.57,1.91,1.96,1.72,1.47,22,22.71
1208.63,22,1.33,2.06,2.01,1.75,0.7,1.67,1.36,1.45,0.51,1.06,2.57,1.92,1.96,1.71,1.47,22,22.71
1209.63,22,1.33,2.06,2.01,1.76,0.7,1.66,1.36,1.46,0.51,1.06,2.57,1.91,1.95,1.73,1.48,22,22.69
1210.65,22,1.33,2.05,2,1.76,0.7,1.67,1.37,1.47,0.51,1.07,2.57,1.91,1.96,1.72,1.49,22,22.66
1211.65,22,1.32,2.05,2,1.75,0.71,1.67,1.36,1.46,0.51,1.07,2.57,1.91,1.96,1.72,1.48,22,22.64
1212.65,22,1.33,2.04,1.98,1.76,0.71,1.66,1.36,1.46,0.51,1.07,2.57,1.92,1.96,1.73,1.48,22,22.64
1213.65,22,1.32,2.05,1.98,1.76,0.7,1.66,1.36,1.46,0.51,1.07,2.57,1.91,1.95,1.72,1.47,22,22.64
1214.65,22,1.33,2.07,2,1.76,0.71,1.67,1.35,1.47,0.52,1.07,2.57,1.92,1.96,1.72,1.48,22,22.64
1215.67,22,1.32,2.05,2,1.76,0.7,1.66,1.35,1.46,0.5,1.06,2.57,1.91,1.95,1.72,1.47,22,22.64
1216.67,22,1.33,2.06,2,1.76,0.7,1.66,1.35,1.47,0.51,1.06,2.56,1.92,1.95,1.73,1.47,22,22.64
1217.67,22,1.32,2.05,1.98,1.75,0.7,1.66,1.36,1.46,0.5,1.07,2.57,1.91,1.96,1.72,1.47,22,22.64
1218.68,22,1.33,2.07,2,1.76,0.7,1.66,1.35,1.45,0.51,1.08,2.57,1.91,1.96,1.71,1.47,22,22.66
1219.68,22,1.33,2.06,2,1.75,0.71,1.67,1.36,1.46,0.51,1.07,2.57,1.91,1.97,1.73,1.47,22,22.68
1220.68,22,1.33,2.06,2,1.76,0.71,1.67,1.36,1.46,0.51,1.07,2.58,1.92,1.96,1.73,1.49,22,22.71
1221.68,22,1.34,2.06,2,1.76,0.71,1.67,1.36,1.46,0.51,1.07,2.56,1.92,1.97,1.71,1.48,22,22.73
1222.7,22,1.33,2.06,2.01,1.76,0.71,1.67,1.36,1.47,0.52,1.08,2.58,1.92,1.97,1.72,1.49,22,22.71
1223.7,22,1.34,2.06,2,1.76,0.71,1.68,1.37,1.47,0.51,1.08,2.57,1.92,1.98,1.72,1.48,22,22.69
1224.7,22,1.33,2.05,2,1.76,0.71,1.66,1.36,1.46,0.51,1.08,2.56,1.91,1.96,1.72,1.48,22,22.66
1225.7,22,1.31,2.05,1.98,1.75,0.7,1.66,1.36,1.47,0.51,1.07,2.56,1.92,1.96,1.72,1.47,22,22.66
1226.7,22,1.32,2.05,1.98,1.74,0.7,1.65,1.34,1.46,0.51,1.06,2.56,1.91,1.96,1.72,1.47,22,22.64
1227.72,22,1.33,2.07,2,1.76,0.71,1.66,1.36,1.46,0.51,1.07,2.58,1.91,1.97,1.73,1.49,22,22.64
1228.72,22,1.33,2.06,2,1.76,0.69,1.66,1.36,1.47,0.51,1.07,2.56,1.92,1.97,1.71,1.47,22,22.64
1229.72,22,1.33,2.05,1.98,1.76,0.71,1.67,1.36,1.46,0.51,1.07,2.57,1.92,1.95,1.72,1.47,22,22.64
1230.72,22,1.33,2.06,2,1.76,0.71,1.68,1.36,1.46,0.51,1.06,2.57,1.92,1.96,1.73,1.48,22,22.64
1231.73,22,1.33,2.06,2,1.76,0.71,1.68,1.36,1.47,0.52,1.08,2.57,1.92,1.96,1.73,1.47,22,22.68
1232.73,22,1.33,2.07,2,1.76,0.7,1.66,1.36,1.47,0.51,1.07,2.57,1.92,1.96,1.71,1.48,22,22.68
1233.73,22,1.33,2.06,2,1.76,0.7,1.65,1.35,1.46,0.51,1.08,2.58,1.92,1.97,1.73,1.47,22,22.69
1234.73,22,1.33,2.07,2,1.77,0.71,1.66,1.35,1.46,0.51,1.08,2.57,1.92,1.95,1.73,1.48,22,22.71
1235.73,22,1.34,2.07,2,1.76,0.71,1.68,1.37,1.47,0.52,1.07,2.58,1.92,1.96,1.72,1.48,22,22.71
1236.73,22,1.33,2.06,2,1.76,0.71,1.67,1.36,1.46,0.5,1.08,2.56,1.92,1.97,1.72,1.48,22,22.73
1237.75,22,1.34,2.06,2,1.76,0.71,1.66,1.36,1.46,0.51,1.08,2.57,1.91,1.97,1.71,1.47,22,22.69
1238.75,22,1.33,2.06,2,1.77,0.71,1.66,1.36,1.47,0.51,1.08,2.57,1.91,1.97,1.72,1.47,22,22.66
1239.75,22,1.33,2.06,1.98,1.76,0.71,1.67,1.36,1.47,0.51,1.07,2.58,1.93,1.97,1.72,1.48,22,22.66
1240.75,22,1.33,2.05,1.98,1.75,0.7,1.66,1.35,1.46,0.51,1.07,2.56,1.91,1.96,1.72,1.48,22,22.66
1241.75,22,1.32,2.05,1.97,1.75,0.7,1.66,1.36,1.46,0.51,1.06,2.57,1.91,1.96,1.71,1.47,22,22.66
1242.77,22,1.33,2.06,2.01,1.76,0.71,1.67,1.36,1.47,0.52,1.06,2.57,1.92,1.97,1.72,1.48,22,22.64
1243.77,22,1.33,2.05,2,1.76,0.71,1.67,1.36,1.46,0.51,1.06,2.57,1.91,1.97,1.71,1.48,22,22.64
1244.77,22,1.33,2.06,2,1.76,0.71,1.67,1.36,1.47,0.51,1.07,2.58,1.93,1.97,1.72,1.48,22,22.66
1245.77,22,1.33,2.06,2,1.76,0.71,1.65,1.36,1.46,0.51,1.07,2.57,1.91,1.96,1.72,1.48,22,22.68
1246.77,22,1.34,2.06,2,1.76,0.71,1.67,1.36,1.46,0.51,1.07,2.57,1.92,1.96,1.72,1.48,22,22.69
1247.77,22,1.33,2.06,2,1.76,0.7,1.67,1.36,1.47,0.52,1.07,2.57,1.92,1.97,1.72,1.48,22,22.69
1248.78,22,1.33,2.05,2,1.75,0.69,1.67,1.35,1.45,0.5,1.05,2.56,1.9,1.94,1.72,1.47,22,22.71
1249.78,22,1.33,2.06,2,1.75,0.7,1.66,1.37,1.47,0.52,1.07,2.56,1.91,1.97,1.73,1.49,22,22.73
1250.78,22,1.34,2.07,2,1.76,0.71,1.65,1.36,1.46,0.52,1.08,2.58,1.92,1.97,1.72,1.48,22,22.71
1251.78,22,1.33,2.06,2,1.76,0.71,1.67,1.37,1.47,0.52,1.08,2.57,1.91,1.97,1.73,1.48,22,22.68
1252.8,22,1.32,2.05,1.98,1.76,0.7,1.66,1.35,1.46,0.51,1.06,2.55,1.91,1.96,1.71,1.47,22,22.66
1253.8,22,1.33,2.06,2,1.76,0.71,1.66,1.36,1.45,0.5,1.06,2.58,1.92,1.96,1.73,1.48,22,22.64
1254.8,22,1.33,2.06,1.98,1.76,0.7,1.67,1.35,1.45,0.51,1.07,2.57,1.92,1.96,1.71,1.48,22,22.62
1255.8,22,1.32,2.05,1.98,1.75,0.7,1.65,1.35,1.46,0.51,1.06,2.57,1.91,1.96,1.71,1.47,22,22.64
1256.8,22,1.33,2.05,2,1.77,0.71,1.67,1.36,1.46,0.51,1.06,2.57,1.92,1.95,1.72,1.47,22,22.64
1257.8,22,1.33,2.06,2,1.75,0.71,1.66,1.36,1.46,0.5,1.06,2.57,1.92,1.96,1.71,1.47,22,22.64
1258.8,22,1.32,2.05,1.98,1.76,0.71,1.66,1.35,1.46,0.51,1.06,2.57,1.92,1.96,1.72,1.47,22,22.66
1259.8,22,1.33,2.06,1.98,1.75,0.71,1.66,1.37,1.46,0.51,1.06,2.58,1.92,1.96,1.72,1.48,22,22.66
1260.82,22,1.33,2.06,2,1.77,0.71,1.66,1.36,1.46,0.51,1.08,2.58,1.91,1.96,1.72,1.48,22,22.68
1261.82,22,1.33,2.05,1.98,1.76,0.7,1.67,1.35,1.47,0.51,1.07,2.58,1.91,1.96,1.71,1.47,22,22.68
1262.82,22,1.34,2.07,2,1.75,0.72,1.67,1.37,1.47,0.52,1.08,2.58,1.92,1.96,1.71,1.5,22,22.69
1263.82,22,1.33,2.06,2.01,1.76,0.71,1.66,1.36,1.46,0.51,1.07,2.57,1.92,1.97,1.71,1.48,22,22.73
1264.83,22,1.34,2.07,2,1.76,0.72,1.65,1.36,1.46,0.51,1.08,2.57,1.92,1.97,1.72,1.49,22,22.69
1265.83,22,1.34,2.07,2.01,1.76,0.71,1.68,1.36,1.47,0.52,1.08,2.58,1.92,1.97,1.73,1.47,22,22.66
1266.83,22,1.33,2.05,1.97,1.76,0.71,1.67,1.36,1.46,0.52,1.06,2.58,1.91,1.96,1.72,1.48,22,22.64
1267.83,22,1.32,2.05,2,1.75,0.71,1.66,1.36,1.47,0.5,1.07,2.57,1.92,1.96,1.73,1.48,22,22.64
1268.83,22,1.33,2.06,1.98,1.76,0.71,1.66,1.36,1.47,0.52,1.06,2.57,1.92,1.96,1.73,1.49,22,22.64
1269.83,22,1.33,2.04,1.98,1.76,0.7,1.66,1.35,1.47,0.5,1.06,2.57,1.91,1.96,1.72,1.48,22,22.62
1270.83,22,1.32,2.05,2,1.75,0.7,1.66,1.35,1.46,0.51,1.06,2.57,1.91,1.96,1.73,1.48,22,22.62
1271.85,22,1.33,2.05,1.98,1.76,0.71,1.66,1.36,1.46,0.51,1.05,2.57,1.91,1.96,1.72,1.47,22,22.64
1272.85,22,1.33,2.06,1.98,1.75,0.71,1.66,1.36,1.46,0.51,1.07,2.58,1.91,1.96,1.72,1.47,22,22.66
1273.85,22,1.34,2.05,2,1.77,0.71,1.67,1.36,1.47,0.51,1.08,2.57,1.91,1.98,1.72,1.49,22,22.66
1274.87,22,1.33,2.07,2,1.76,0.71,1.67,1.37,1.46,0.52,1.07,2.58,1.93,1.95,1.73,1.48,22,22.68
1275.87,22,1.33,2.05,1.98,1.74,0.7,1.63,1.35,1.45,0.51,1.06,2.57,1.91,1.96,1.72,1.47,22,22.69
1276.87,22,1.33,2.06,2,1.75,0.7,1.65,1.36,1.45,0.51,1.06,2.56,1.91,1.95,1.71,1.48,22,22.71
1277.87,22,1.34,2.06,2,1.76,0.71,1.67,1.36,1.46,0.51,1.06,2.57,1.92,1.98,1.72,1.47,22,22.69
1278.88,22,1.33,2.05,1.98,1.76,0.71,1.66,1.36,1.47,0.51,1.08,2.58,1.92,1.96,1.72,1.48,22,22.68
1279.88,22,1.33,2.06,1.98,1.75,0.71,1.67,1.36,1.47,0.51,1.07,2.57,1.92,1.95,1.73,1.48,22,22.66
1280.88,22,1.32,2.05,1.97,1.76,0.71,1.66,1.35,1.46,0.5,1.06,2.57,1.92,1.96,1.72,1.48,22,22.64
1281.88,22,1.32,2.05,2,1.77,0.71,1.66,1.36,1.46,0.51,1.07,2.58,1.92,1.96,1.72,1.49,22,22.62
1282.88,22,1.32,2.05,1.97,1.76,0.7,1.66,1.36,1.47,0.51,1.06,2.58,1.92,1.95,1.72,1.48,22,22.62
1283.88,22,1.32,2.04,1.98,1.75,0.7,1.65,1.36,1.46,0.49,1.06,2.57,1.91,1.95,1.72,1.47,22,22.62
1284.9,22,1.33,2.06,2,1.76,0.71,1.66,1.36,1.46,0.51,1.06,2.58,1.92,1.97,1.72,1.49,22,22.62
1285.9,22,1.32,2.06,1.98,1.76,0.71,1.66,1.36,1.47,0.51,1.06,2.57,1.92,1.97,1.73,1.48,22,22.62
1286.9,22,1.32,2.04,1.98,1.75,0.7,1.66,1.34,1.46,0.51,1.06,2.56,1.9,1.95,1.71,1.47,22,22.64
1287.9,22,1.32,2.05,2,1.76,0.7,1.67,1.37,1.46,0.51,1.06,2.57,1.91,1.96,1.72,1.47,22,22.64
1288.9,22,1.32,2.05,1.98,1.76,0.7,1.66,1.36,1.46,0.51,1.06,2.57,1.91,1.95,1.72,1.48,22,22.66
1289.92,22,1.33,2.06,2,1.75,0.71,1.66,1.35,1.47,0.51,1.07,2.57,1.92,1.96,1.72,1.48,22,22.69
1290.92,22,1.33,2.06,2,1.76,0.71,1.67,1.36,1.47,0.5,1.08,2.57,1.91,1.97,1.72,1.49,22,22.69
1291.92,22,1.33,2.06,2,1.75,0.7,1.66,1.36,1.47,0.51,1.07,2.57,1.91,1.96,1.71,1.49,22,22.73
1292.92,22,1.33,2.06,2,1.76,0.7,1.66,1.36,1.46,0.52,1.07,2.57,1.92,1.96,1.72,1.49,22,22.71
1293.92,22,1.33,2.06,2,1.75,0.69,1.66,1.36,1.46,0.51,1.07,2.58,1.91,1.96,1.72,1.48,22,22.68
1294.92,22,1.32,2.06,1.98,1.75,0.72,1.67,1.36,1.46,0.51,1.07,2.58,1.92,1.96,1.72,1.48,22,22.66
1295.92,22,1.32,2.06,1.98,1.75,0.71,1.66,1.36,1.46,0.51,1.06,2.57,1.91,1.97,1.72,1.48,22,22.64
1296.93,22,1.32,2.05,1.98,1.76,0.7,1.66,1.35,1.46,0.5,1.06,2.58,1.91,1.96,1.72,1.47,22,22.62
1297.93,22,1.32,2.05,1.98,1.75,0.71,1.66,1.35,1.46,0.51,1.07,2.58,1.9,1.95,1.71,1.48,22,22.62
1298.93,22,1.32,2.04,1.98,1.74,0.7,1.66,1.35,1.45,0.51,1.06,2.57,1.91,1.95,1.72,1.47,22,22.62
1299.93,22,1.32,2.05,1.98,1.76,0.7,1.65,1.36,1.47,0.5,1.06,2.57,1.91,1.95,1.72,1.47,22,22.64
1300.93,22,1.32,2.06,2.01,1.76,0.71,1.65,1.35,1.47,0.51,1.07,2.57,1.91,1.97,1.72,1.47,22,22.64
1301.93,22,1.33,2.05,1.98,1.76,0.71,1.66,1.36,1.45,0.5,1.07,2.57,1.91,1.96,1.72,1.48,22,22.64
1302.93,22,1.33,2.05,2,1.75,0.7,1.66,1.36,1.46,0.5,1.07,2.58,1.92,1.96,1.72,1.48,22,22.66
1303.93,22,1.33,2.06,1.98,1.74,0.7,1.66,1.35,1.46,0.5,1.07,2.57,1.91,1.96,1.72,1.47,22,22.68
1304.93,22,1.34,2.06,2,1.76,0.7,1.67,1.35,1.46,0.52,1.07,2.57,1.92,1.96,1.73,1.49,22,22.69
1305.93,22,1.33,2.06,2,1.76,0.71,1.66,1.36,1.46,0.51,1.07,2.58,1.92,1.96,1.72,1.48,22,22.71
1306.93,22,1.33,2.06,2,1.76,0.71,1.68,1.36,1.47,0.5,1.08,2.56,1.92,1.97,1.72,1.48,22,22.73
1307.95,22,1.34,2.06,2,1.75,0.7,1.66,1.36,1.45,0.51,1.06,2.56,1.91,1.96,1.72,1.47,22,22.69
1308.95,22,1.33,2.06,2,1.76,0.71,1.66,1.36,1.47,0.52,1.07,2.57,1.92,1.96,1.72,1.48,22,22.66
1309.95,22,1.32,2.05,1.97,1.76,0.7,1.65,1.36,1.45,0.5,1.06,2.57,1.91,1.95,1.71,1.47,22,22.64
1310.95,22,1.32,2.05,1.97,1.75,0.7,1.66,1.35,1.45,0.5,1.06,2.57,1.92,1.95,1.7,1.47,22,22.62
1311.95,22,1.32,2.05,2,1.75,0.71,1.65,1.36,1.46,0.51,1.06,2.57,1.92,1.96,1.71,1.47,22,22.62
1312.97,22,1.31,2.04,1.98,1.75,0.69,1.66,1.34,1.46,0.49,1.05,2.57,1.91,1.94,1.71,1.47,22,22.64
1313.97,22,1.32,2.05,2,1.74,0.7,1.65,1.36,1.47,0.5,1.06,2.57,1.91,1.95,1.71,1.47,22,22.62
1314.97,22,1.32,2.05,1.98,1.75,0.7,1.65,1.36,1.47,0.5,1.07,2.57,1.91,1.97,1.72,1.47,22,22.62
1315.97,22,1.34,2.06,1.98,1.75,0.71,1.67,1.37,1.46,0.49,1.07,2.57,1.92,1.96,1.73,1.48,22,22.64
1316.97,22,1.33,2.05,1.98,1.75,0.71,1.66,1.36,1.45,0.5,1.06,2.57,1.91,1.95,1.71,1.47,22,22.66
1317.97,22,1.33,2.06,2,1.76,0.7,1.67,1.36,1.45,0.5,1.07,2.58,1.92,1.96,1.73,1.48,22,22.64
1318.97,22,1.33,2.05,1.98,1.76,0.71,1.66,1.36,1.45,0.51,1.07,2.58,1.91,1.96,1.73,1.47,22,22.68
1319.97,22,1.34,2.06,2,1.77,0.7,1.66,1.36,1.47,0.51,1.07,2.57,1.92,1.97,1.72,1.48,22,22.69
1320.98,22,1.33,2.06,1.98,1.75,0.7,1.65,1.36,1.46,0.51,1.07,2.57,1.91,1.95,1.72,1.47,22,22.71
1321.98,22,1.33,2.05,1.98,1.75,0.7,1.66,1.35,1.45,0.5,1.07,2.56,1.91,1.95,1.72,1.48,22,22.73
1322.98,22,1.34,2.07,2.01,1.77,0.71,1.67,1.36,1.47,0.52,1.07,2.57,1.92,1.98,1.72,1.48,22,22.69
1323.98,22,1.32,2.06,1.98,1.75,0.71,1.66,1.37,1.47,0.51,1.07,2.57,1.92,1.96,1.72,1.48,22,22.64
1324.98,22,1.33,2.05,1.98,1.76,0.7,1.66,1.36,1.46,0.51,1.06,2.57,1.91,1.96,1.72,1.47,22,22.64
1325.98,22,1.32,2.05,1.98,1.75,0.7,1.66,1.35,1.46,0.51,1.06,2.57,1.91,1.95,1.72,1.49,22,22.62
1326.98,22,1.31,2.04,1.96,1.74,0.69,1.65,1.34,1.44,0.49,1.04,2.55,1.9,1.95,1.7,1.47,22,22.62
1327.98,22,1.31,2.04,1.97,1.75,0.7,1.66,1.35,1.46,0.5,1.06,2.56,1.91,1.95,1.72,1.47,22,22.62
1329,22,1.32,2.06,2,1.75,0.7,1.66,1.35,1.47,0.51,1.06,2.57,1.91,1.95,1.71,1.48,22,22.62
1330,22,1.33,2.06,1.98,1.76,0.71,1.67,1.36,1.47,0.51,1.07,2.57,1.92,1.96,1.72,1.48,22,22.64
1331,22,1.31,2.04,1.97,1.74,0.69,1.63,1.34,1.45,0.49,1.05,2.56,1.91,1.93,1.7,1.45,22,22.64
1332,22,1.32,2.06,1.98,1.75,0.7,1.66,1.36,1.46,0.51,1.06,2.57,1.91,1.95,1.71,1.46,22,22.64
1333,22,1.33,2.05,2,1.75,0.7,1.66,1.36,1.46,0.51,1.06,2.57,1.91,1.96,1.72,1.46,22,22.68
1334,22,1.33,2.05,1.98,1.75,0.71,1.66,1.36,1.46,0.51,1.06,2.57,1.9,1.95,1.71,1.47,22,22.68
1335,22,1.32,2.06,1.98,1.76,0.69,1.65,1.35,1.46,0.5,1.06,2.56,1.92,1.96,1.71,1.47,22,22.69
1336,22,1.33,2.05,2.01,1.76,0.71,1.66,1.36,1.46,0.52,1.07,2.57,1.91,1.96,1.71,1.48,22,22.71
1337.02,22,1.33,2.06,2,1.75,0.7,1.66,1.36,1.47,0.5,1.07,2.56,1.92,1.95,1.73,1.48,22,22.71
1338.02,22,1.33,2.05,1.98,1.75,0.71,1.66,1.36,1.46,0.51,1.08,2.57,1.92,1.96,1.71,1.48,22,22.68
1339.02,22,1.32,2.04,1.97,1.75,0.7,1.65,1.35,1.46,0.5,1.06,2.56,1.91,1.95,1.71,1.47,22,22.64
1340.03,22,1.32,2.05,1.98,1.76,0.7,1.66,1.35,1.46,0.51,1.05,2.57,1.92,1.96,1.72,1.48,22,22.64
1341.03,22,1.32,2.05,1.98,1.76,0.7,1.66,1.36,1.47,0.51,1.06,2.57,1.92,1.96,1.71,1.47,22,22.62
1342.03,22,1.31,2.03,1.97,1.74,0.7,1.66,1.35,1.45,0.5,1.06,2.56,1.91,1.94,1.71,1.47,22,22.64
1343.03,22,1.33,2.06,2,1.76,0.7,1.66,1.36,1.46,0.5,1.06,2.57,1.91,1.95,1.72,1.48,22,22.64
1344.03,22,1.32,2.05,1.98,1.75,0.7,1.65,1.35,1.45,0.5,1.07,2.57,1.9,1.96,1.71,1.47,22,22.64
1345.03,22,1.33,2.05,2,1.76,0.7,1.67,1.36,1.47,0.51,1.07,2.57,1.92,1.96,1.72,1.48,22,22.64
1346.03,22,1.32,2.05,1.98,1.75,0.7,1.66,1.35,1.46,0.51,1.07,2.57,1.92,1.96,1.72,1.49,22,22.66
1347.03,22,1.33,2.05,1.98,1.75,0.7,1.66,1.35,1.46,0.5,1.06,2.56,1.91,1.95,1.71,1.47,22,22.68
1348.03,22,1.33,2.05,1.98,1.76,0.7,1.66,1.36,1.47,0.5,1.06,2.57,1.91,1.96,1.71,1.47,22,22.69
1349.05,22,1.33,2.06,2,1.76,0.71,1.66,1.35,1.46,0.52,1.06,2.57,1.91,1.96,1.71,1.48,22,22.71
1350.05,22,1.33,2.06,2,1.76,0.7,1.67,1.36,1.46,0.52,1.08,2.57,1.92,1.95,1.73,1.48,22,22.71
1351.05,22,1.33,2.07,1.98,1.76,0.71,1.67,1.36,1.47,0.51,1.07,2.56,1.91,1.97,1.72,1.48,22,22.71
1352.05,22,1.33,2.07,2,1.76,0.7,1.67,1.35,1.46,0.5,1.07,2.56,1.9,1.97,1.72,1.48,22,22.68
1353.05,22,1.33,2.05,1.98,1.75,0.71,1.66,1.36,1.46,0.51,1.06,2.57,1.91,1.96,1.72,1.47,22,22.66
1354.05,22,1.33,2.05,2,1.76,0.71,1.66,1.36,1.46,0.51,1.07,2.58,1.92,1.97,1.72,1.48,22,22.64
1355.07,22,1.32,2.06,1.98,1.76,0.72,1.66,1.35,1.46,0.51,1.06,2.57,1.92,1.94,1.72,1.48,22,22.64
1356.07,22,1.33,2.06,1.98,1.76,0.69,1.65,1.36,1.47,0.5,1.07,2.55,1.92,1.96,1.72,1.48,22,22.62
1357.07,22,1.33,2.05,1.98,1.75,0.71,1.65,1.36,1.46,0.51,1.06,2.57,1.92,1.97,1.72,1.48,22,22.64
1358.07,22,1.33,2.06,2,1.76,0.71,1.67,1.36,1.46,0.51,1.06,2.57,1.92,1.96,1.73,1.48,22,22.64
1359.08,22,1.31,2.04,1.97,1.74,0.69,1.65,1.34,1.45,0.49,1.06,2.57,1.9,1.95,1.72,1.47,22,22.64
1360.08,22,1.33,2.05,2,1.76,0.71,1.67,1.35,1.46,0.52,1.07,2.57,1.92,1.96,1.72,1.48,22,22.66
1361.08,22,1.34,2.06,2,1.76,0.71,1.67,1.37,1.46,0.52,1.08,2.58,1.92,1.97,1.73,1.48,22,22.68
1362.1,22,1.33,2.06,1.98,1.75,0.71,1.67,1.36,1.47,0.5,1.07,2.57,1.91,1.98,1.72,1.48,22,22.69
1363.1,22,1.34,2.06,2,1.76,0.71,1.66,1.37,1.47,0.51,1.08,2.57,1.92,1.97,1.73,1.49,22,22.71
1364.1,22,1.34,2.06,2,1.75,0.71,1.66,1.36,1.47,0.51,1.07,2.57,1.91,1.96,1.71,1.48,22,22.73
1365.1,22,1.33,2.06,2,1.77,0.71,1.67,1.36,1.45,0.52,1.07,2.57,1.92,1.98,1.72,1.47,22,22.71
1366.1,22,1.34,2.05,2,1.76,0.7,1.67,1.37,1.47,0.51,1.07,2.58,1.92,1.96,1.72,1.48,22,22.69
1367.1,22,1.33,2.06,2,1.75,0.71,1.66,1.36,1.46,0.51,1.07,2.57,1.92,1.96,1.72,1.48,22,22.64
1368.12,22,1.32,2.04,1.98,1.75,0.7,1.65,1.35,1.46,0.5,1.06,2.56,1.91,1.95,1.72,1.48,22,22.62
1369.12,22,1.32,2.04,1.98,1.75,0.71,1.66,1.36,1.46,0.5,1.07,2.57,1.92,1.96,1.71,1.48,22,22.64
1370.12,22,1.32,2.06,1.98,1.75,0.7,1.67,1.36,1.46,0.51,1.07,2.58,1.92,1.96,1.71,1.47,22,22.62
1371.12,22,1.33,2.05,1.98,1.76,0.7,1.67,1.36,1.46,0.51,1.07,2.58,1.91,1.95,1.73,1.48,22,22.62
1372.13,22,1.33,2.06,2,1.76,0.71,1.65,1.36,1.47,0.5,1.07,2.55,1.92,1.96,1.71,1.47,22,22.62
1373.13,22,1.32,2.05,1.98,1.75,0.7,1.66,1.36,1.46,0.51,1.06,2.57,1.91,1.96,1.72,1.47,22,22.64
1374.13,22,1.32,2.05,1.97,1.75,0.7,1.65,1.35,1.45,0.5,1.06,2.56,1.9,1.96,1.71,1.47,22,22.64
1375.13,22,1.33,2.06,2,1.76,0.7,1.66,1.37,1.47,0.5,1.06,2.58,1.92,1.96,1.71,1.48,22,22.68
1376.13,22,1.33,2.05,1.98,1.76,0.69,1.65,1.35,1.45,0.5,1.06,2.57,1.9,1.96,1.71,1.48,22,22.68
1377.13,22,1.34,2.06,2,1.76,0.71,1.67,1.36,1.46,0.52,1.08,2.57,1.92,1.96,1.73,1.48,22,22.69
1378.13,22,1.32,2.05,1.98,1.75,0.7,1.66,1.36,1.46,0.51,1.07,2.56,1.92,1.96,1.72,1.48,22,22.71
1379.13,22,1.33,2.05,2,1.75,0.71,1.67,1.35,1.46,0.52,1.07,2.57,1.92,1.95,1.71,1.48,22,22.71
1380.15,22,1.34,2.06,2.01,1.76,0.72,1.68,1.36,1.47,0.5,1.07,2.57,1.92,1.97,1.73,1.48,22,22.69
1381.15,22,1.33,2.05,1.98,1.75,0.7,1.65,1.34,1.46,0.51,1.06,2.57,1.91,1.95,1.71,1.47,22,22.66
1382.17,22,1.33,2.06,1.98,1.77,0.71,1.67,1.36,1.46,0.51,1.07,2.57,1.92,1.97,1.72,1.49,22,22.64
1383.17,22,1.32,2.06,1.98,1.75,0.71,1.67,1.35,1.47,0.51,1.07,2.58,1.92,1.96,1.72,1.48,22,22.64
1384.17,22,1.32,2.04,1.98,1.74,0.7,1.63,1.35,1.46,0.5,1.05,2.56,1.91,1.95,1.71,1.47,22,22.64
1385.18,22,1.32,2.06,1.98,1.76,0.71,1.65,1.36,1.47,0.51,1.08,2.58,1.91,1.95,1.73,1.48,22,22.62
1386.18,22,1.33,2.04,1.98,1.75,0.7,1.65,1.36,1.46,0.51,1.06,2.57,1.91,1.95,1.72,1.48,22,22.64
1387.18,22,1.32,2.06,1.98,1.75,0.71,1.65,1.36,1.46,0.5,1.07,2.57,1.92,1.96,1.72,1.48,22,22.64
1388.18,22,1.32,2.04,2,1.76,0.7,1.66,1.35,1.46,0.5,1.06,2.57,1.91,1.95,1.72,1.48,22,22.66
1389.18,22,1.32,2.05,2,1.76,0.71,1.66,1.35,1.47,0.51,1.06,2.57,1.91,1.96,1.71,1.47,22,22.66
1390.2,22,1.33,2.06,1.98,1.76,0.71,1.67,1.36,1.47,0.51,1.07,2.57,1.92,1.96,1.72,1.48,22,22.66
1391.2,22,1.32,2.05,2,1.75,0.7,1.67,1.35,1.45,0.5,1.06,2.57,1.91,1.96,1.7,1.47,22,22.69
1392.2,22,1.33,2.06,2,1.76,0.7,1.66,1.36,1.46,0.51,1.07,2.58,1.92,1.97,1.72,1.48,22,22.69
1393.2,22,1.32,2.06,1.98,1.76,0.7,1.66,1.35,1.46,0.51,1.06,2.57,1.91,1.97,1.71,1.48,22,22.73
1394.2,22,1.33,2.06,2,1.76,0.71,1.67,1.37,1.46,0.5,1.07,2.56,1.91,1.96,1.72,1.47,22,22.71
1395.2,22,1.34,2.06,2.01,1.76,0.72,1.67,1.37,1.46,0.52,1.07,2.58,1.92,1.96,1.73,1.48,22,22.68
1396.22,22,1.33,2.04,2,1.76,0.71,1.67,1.35,1.47,0.52,1.06,2.57,1.91,1.95,1.72,1.49,22,22.64
1397.22,22,1.33,2.05,1.98,1.75,0.71,1.67,1.36,1.46,0.51,1.07,2.57,1.92,1.95,1.72,1.47,22,22.64
1398.22,22,1.32,2.04,1.98,1.75,0.69,1.65,1.35,1.46,0.51,1.06,2.56,1.9,1.96,1.72,1.48,22,22.64
1399.22,22,1.32,2.04,1.98,1.75,0.7,1.67,1.36,1.46,0.5,1.06,2.57,1.9,1.95,1.72,1.47,22,22.62
1400.22,22,1.33,2.05,2,1.76,0.71,1.66,1.36,1.47,0.51,1.06,2.58,1.91,1.96,1.73,1.47,22,22.62
1401.22,22,1.33,2.05,1.98,1.76,0.7,1.66,1.36,1.45,0.51,1.06,2.57,1.91,1.97,1.71,1.48,22,22.64
1402.22,22,1.33,2.05,2,1.75,0.7,1.66,1.35,1.45,0.52,1.07,2.57,1.91,1.97,1.72,1.48,22,22.64
1403.22,22,1.33,2.06,1.98,1.76,0.7,1.66,1.35,1.46,0.52,1.06,2.56,1.92,1.96,1.72,1.48,22,22.66
1404.23,22,1.33,2.06,1.98,1.76,0.71,1.66,1.36,1.46,0.51,1.07,2.56,1.91,1.96,1.71,1.48,22,22.66
1405.23,22,1.32,2.05,1.98,1.76,0.71,1.67,1.36,1.46,0.51,1.07,2.57,1.92,1.97,1.73,1.48,22,22.68
1406.23,22,1.33,2.06,2,1.75,0.7,1.66,1.36,1.46,0.49,1.07,2.57,1.91,1.96,1.72,1.48,22,22.71
1407.23,22,1.33,2.05,2,1.77,0.7,1.67,1.36,1.47,0.5,1.06,2.57,1.91,1.97,1.71,1.47,22,22.71
1408.23,22,1.33,2.06,1.98,1.76,0.7,1.67,1.36,1.46,0.5,1.07,2.58,1.92,1.95,1.71,1.48,22,22.71
1409.25,22,1.34,2.07,2.01,1.77,0.71,1.67,1.36,1.46,0.51,1.08,2.57,1.92,1.97,1.71,1.48,22,22.71
1410.25,22,1.33,2.04,2,1.75,0.7,1.65,1.35,1.46,0.51,1.06,2.56,1.92,1.97,1.71,1.48,22,22.68
1411.25,22,1.32,2.06,1.98,1.76,0.71,1.66,1.36,1.46,0.51,1.06,2.57,1.92,1.96,1.72,1.47,22,22.64
1412.25,22,1.33,2.05,1.98,1.76,0.69,1.66,1.35,1.46,0.5,1.06,2.57,1.92,1.95,1.71,1.47,22,22.64
1413.25,22,1.32,2.05,1.98,1.76,0.71,1.66,1.36,1.46,0.5,1.07,2.57,1.91,1.96,1.72,1.48,22,22.64
1414.27,22,1.32,2.04,1.98,1.75,0.69,1.63,1.34,1.45,0.51,1.06,2.55,1.91,1.95,1.71,1.47,22,22.64
1415.27,22,1.32,2.05,2,1.75,0.7,1.66,1.35,1.46,0.5,1.06,2.57,1.91,1.96,1.71,1.47,22,22.64
1416.27,22,1.33,2.05,1.98,1.76,0.7,1.66,1.35,1.45,0.5,1.07,2.57,1.92,1.95,1.72,1.47,22,22.66
1417.27,22,1.32,2.04,1.97,1.74,0.7,1.65,1.35,1.45,0.5,1.06,2.56,1.91,1.95,1.71,1.47,22,22.66
1418.27,22,1.34,2.06,2,1.76,0.7,1.66,1.36,1.47,0.51,1.08,2.57,1.92,1.96,1.72,1.47,22,22.68
1419.27,22,1.33,2.07,2,1.76,0.71,1.67,1.35,1.47,0.51,1.07,2.57,1.92,1.97,1.71,1.48,22,22.69
1420.27,22,1.32,2.06,1.98,1.75,0.7,1.65,1.35,1.45,0.5,1.06,2.57,1.91,1.94,1.71,1.48,22,22.71
1421.27,22,1.33,2.06,2,1.77,0.7,1.66,1.37,1.47,0.51,1.08,2.56,1.92,1.96,1.72,1.49,22,22.73
1422.28,22,1.33,2.06,1.98,1.76,0.71,1.66,1.36,1.47,0.51,1.07,2.56,1.92,1.96,1.72,1.47,22,22.73
1423.28,22,1.33,2.05,1.98,1.75,0.69,1.66,1.36,1.46,0.51,1.06,2.56,1.91,1.97,1.71,1.47,22,22.69
1424.28,22,1.34,2.06,2.01,1.77,0.72,1.67,1.37,1.47,0.51,1.08,2.58,1.91,1.96,1.72,1.48,22,22.66
1425.28,22,1.32,2.04,1.98,1.75,0.7,1.62,1.36,1.46,0.5,1.05,2.57,1.91,1.96,1.71,1.47,22,22.66
1426.3,22,1.33,2.05,2,1.75,0.71,1.67,1.36,1.47,0.52,1.07,2.58,1.92,1.96,1.72,1.48,22,22.64
1427.3,22,1.32,2.06,1.97,1.76,0.7,1.66,1.35,1.46,0.5,1.05,2.57,1.91,1.94,1.72,1.48,22,22.62
1428.3,22,1.32,2.06,2,1.76,0.7,1.65,1.36,1.46,0.51,1.07,2.57,1.92,1.96,1.71,1.47,22,22.62
1429.3,22,1.32,2.04,1.97,1.75,0.7,1.65,1.34,1.45,0.5,1.05,2.54,1.9,1.95,1.71,1.47,22,22.62
1430.3,22,1.33,2.05,2,1.76,0.7,1.66,1.35,1.46,0.51,1.06,2.57,1.91,1.97,1.72,1.48,22,22.64
1431.3,22,1.32,2.05,1.98,1.75,0.71,1.67,1.35,1.46,0.51,1.06,2.56,1.91,1.96,1.72,1.48,22,22.64
1432.32,22,1.32,2.04,1.98,1.74,0.69,1.66,1.35,1.45,0.5,1.06,2.56,1.91,1.96,1.72,1.47,22,22.66
1433.32,22,1.33,2.05,1.98,1.76,0.7,1.66,1.36,1.47,0.51,1.07,2.56,1.92,1.96,1.71,1.47,22,22.68
1434.32,22,1.32,2.06,2,1.76,0.7,1.66,1.35,1.47,0.51,1.06,2.56,1.91,1.95,1.72,1.48,22,22.68
1435.32,22,1.34,2.05,1.98,1.76,0.7,1.67,1.36,1.46,0.5,1.07,2.57,1.92,1.96,1.72,1.48,22,22.69
1436.32,22,1.33,2.05,2,1.75,0.71,1.66,1.35,1.45,0.49,1.06,2.57,1.9,1.97,1.71,1.47,22,22.73
1437.32,22,1.34,2.06,2,1.76,0.7,1.66,1.36,1.47,0.51,1.07,2.57,1.92,1.96,1.72,1.48,22,22.73
1438.33,22,1.33,2.05,1.98,1.75,0.7,1.67,1.36,1.46,0.51,1.05,2.56,1.91,1.97,1.7,1.47,22,22.69
1439.33,22,1.32,2.05,1.98,1.75,0.7,1.63,1.36,1.46,0.51,1.06,2.56,1.92,1.95,1.71,1.47,22,22.66
1440.33,22,1.33,2.05,1.98,1.76,0.71,1.66,1.36,1.46,0.5,1.07,2.57,1.92,1.96,1.73,1.48,22,22.64
1441.33,22,1.32,2.05,1.98,1.76,0.7,1.65,1.34,1.46,0.5,1.06,2.57,1.92,1.95,1.72,1.47,22,22.64
1442.33,22,1.32,2.04,1.98,1.76,0.7,1.65,1.36,1.46,0.51,1.06,2.56,1.92,1.96,1.72,1.48,22,22.62
1443.33,22,1.32,2.05,1.98,1.75,0.7,1.66,1.36,1.45,0.51,1.06,2.57,1.91,1.96,1.72,1.47,22,22.64
1444.35,22,1.33,2.05,1.98,1.75,0.7,1.68,1.35,1.46,0.51,1.07,2.57,1.91,1.96,1.72,1.48,22,22.64
1445.35,22,1.32,2.04,1.98,1.77,0.7,1.67,1.36,1.46,0.5,1.07,2.57,1.91,1.95,1.72,1.48,22,22.66
1446.35,22,1.33,2.05,2.01,1.76,0.72,1.66,1.37,1.46,0.5,1.07,2.58,1.93,1.96,1.72,1.48,22,22.66
1447.35,22,1.32,2.05,1.97,1.75,0.71,1.66,1.35,1.47,0.51,1.07,2.57,1.9,1.96,1.72,1.47,22,22.66
1448.37,22,1.33,2.05,2,1.76,0.7,1.66,1.35,1.45,0.5,1.08,2.57,1.91,1.96,1.72,1.48,22,22.69
1449.37,22,1.33,2.06,2,1.77,0.71,1.67,1.37,1.46,0.51,1.07,2.57,1.92,1.96,1.72,1.49,22,22.69
1450.37,22,1.33,2.07,2,1.76,0.7,1.67,1.36,1.45,0.52,1.07,2.57,1.93,1.97,1.72,1.48,22,22.71
1451.37,22,1.33,2.05,1.98,1.76,0.69,1.65,1.35,1.46,0.51,1.06,2.56,1.9,1.96,1.71,1.47,22,22.73
1452.38,22,1.33,2.05,1.98,1.75,0.69,1.67,1.36,1.45,0.5,1.07,2.56,1.91,1.97,1.7,1.47,22,22.69
1453.38,22,1.33,2.05,1.98,1.76,0.7,1.66,1.36,1.47,0.5,1.07,2.56,1.92,1.96,1.7,1.48,22,22.66
1454.4,22,1.32,2.05,2,1.76,0.71,1.66,1.35,1.46,0.52,1.06,2.56,1.92,1.95,1.73,1.48,22,22.64
1455.4,22,1.32,2.04,1.98,1.75,0.7,1.65,1.34,1.46,0.49,1.05,2.56,1.91,1.94,1.71,1.48,22,22.62
1456.4,22,1.32,2.05,2,1.76,0.7,1.65,1.35,1.46,0.5,1.06,2.56,1.9,1.94,1.72,1.48,22,22.62
1457.42,22,1.32,2.04,1.98,1.75,0.69,1.65,1.35,1.46,0.5,1.06,2.57,1.91,1.96,1.71,1.47,22,22.62
1458.42,22,1.32,2.05,1.98,1.76,0.7,1.66,1.34,1.45,0.49,1.05,2.57,1.9,1.94,1.72,1.48,22,22.62
1459.42,22,1.32,2.05,1.98,1.75,0.7,1.66,1.34,1.46,0.49,1.06,2.55,1.9,1.96,1.71,1.47,22,22.64
1460.42,22,1.32,2.05,1.98,1.76,0.7,1.66,1.36,1.46,0.51,1.07,2.57,1.91,1.93,1.7,1.47,22,22.64
1461.42,22,1.32,2.05,1.98,1.75,0.7,1.66,1.36,1.46,0.51,1.06,2.56,1.91,1.96,1.71,1.47,22,22.64
1462.43,22,1.33,2.06,1.98,1.75,0.7,1.66,1.36,1.47,0.51,1.06,2.57,1.92,1.97,1.72,1.47,22,22.66
1463.43,22,1.32,2.04,1.98,1.75,0.69,1.65,1.35,1.45,0.5,1.06,2.57,1.91,1.95,1.71,1.47,22,22.66
1464.43,22,1.33,2.07,2,1.77,0.72,1.68,1.37,1.47,0.52,1.08,2.58,1.93,1.97,1.73,1.49,22,22.69
1465.43,22,1.33,2.06,2,1.76,0.71,1.66,1.36,1.47,0.51,1.07,2.56,1.92,1.97,1.73,1.48,22,22.71
