Time,T,OTU19_R1,OTU20_R1,OTU21_R1,OTU19_R2,OTU20_R2,OTU21_R2,OTU19_R3,OTU20_R3,OTU21_R3,OTU19_R4,OTU20_R4,OTU21_R4,OTU19_R5,OTU20_R5,OTU21_R5,Tm,T_internal
0.03,38,4.02,4.3,4.8,4.8,4.69,4.4,4.49,4.66,5.22,4.24,4.93,4.24,4.49,5.23,4.98,38,36.98
1.03,38,4.11,4.44,4.93,4.89,4.76,4.54,4.52,4.77,5.35,4.32,5.06,4.41,4.61,5.28,5.16,38,35.94
2.03,38,4.32,4.62,5.15,5.07,4.89,4.75,4.67,4.9,5.54,4.52,5.23,4.64,4.81,5.46,5.4,38,35.51
3.03,38,4.57,4.81,5.37,5.24,5.03,4.93,4.82,5.06,5.74,4.7,5.39,4.86,5.03,5.69,5.66,38,35.22
4.03,38,4.79,4.99,5.58,5.42,5.19,5.11,5.01,5.2,5.95,4.9,5.56,5.08,5.24,5.9,5.92,38,35
5.03,38,4.93,5.16,5.79,5.57,5.31,5.26,5.15,5.34,6.13,5.08,5.71,5.28,5.45,6.08,6.17,38,34.81
6.03,38,5.17,5.34,6,5.74,5.45,5.43,5.33,5.48,6.34,5.26,5.85,5.47,5.67,6.27,6.4,38,34.68
7.03,38,5.35,5.5,6.19,5.87,5.58,5.58,5.48,5.61,6.51,5.43,5.98,5.65,5.85,6.45,6.62,38,34.58
8.03,38,5.52,5.67,6.38,6.03,5.72,5.74,5.64,5.75,6.7,5.59,6.13,5.84,6.04,6.61,6.84,38,34.51
9.03,38,5.67,5.8,6.56,6.17,5.83,5.88,5.79,5.88,6.86,5.74,6.25,6.01,6.19,6.76,7.02,38,34.48
10.03,38,5.79,5.96,6.73,6.3,5.96,6.04,5.93,6.01,7.05,5.9,6.41,6.17,6.36,6.92,7.22,38,34.47
11.03,38,5.97,6.1,6.89,6.44,6.08,6.16,6.07,6.15,7.19,6.04,6.54,6.34,6.5,7.06,7.4,38,34.47
12.03,38,6.11,6.24,7.03,6.54,6.18,6.29,6.2,6.27,7.34,6.18,6.66,6.47,6.63,7.19,7.55,38,34.48
13.03,38,6.23,6.37,7.17,6.67,6.29,6.38,6.33,6.38,7.48,6.31,6.79,6.61,6.76,7.32,7.71,38,34.53
14.03,38,6.33,6.49,7.3,6.77,6.41,6.49,6.45,6.51,7.62,6.45,6.92,6.76,6.89,7.46,7.82,38,34.58
15.03,38,6.49,6.62,7.43,6.89,6.54,6.6,6.57,6.64,7.75,6.57,7.04,6.9,7.02,7.58,7.97,38,34.62
16.03,38,6.59,6.75,7.56,6.99,6.65,6.69,6.69,6.75,7.88,6.67,7.15,7.01,7.13,7.71,8.09,38,34.7
17.03,38,6.69,6.84,7.66,7.07,6.75,6.77,6.77,6.85,7.98,6.77,7.26,7.13,7.24,7.8,8.2,38,34.78
18.05,38,6.77,6.95,7.75,7.19,6.86,6.85,6.88,6.96,8.1,6.88,7.38,7.24,7.33,7.93,8.3,38,34.86
19.05,38,6.87,7.06,7.88,7.3,6.98,6.94,6.99,7.08,8.24,6.99,7.49,7.36,7.45,8.03,8.42,38,34.91
20.05,38,7,7.16,7.96,7.39,7.06,6.98,7.09,7.17,8.32,7.07,7.58,7.44,7.53,8.13,8.49,38,35.01
21.05,38,7.09,7.24,8.06,7.48,7.17,7.06,7.18,7.28,8.41,7.17,7.68,7.54,7.63,8.22,8.59,38,35.12
22.05,38,7.17,7.34,8.16,7.57,7.26,7.12,7.26,7.37,8.51,7.27,7.78,7.62,7.72,8.29,8.67,38,35.2
23.05,38,7.26,7.42,8.22,7.66,7.37,7.17,7.35,7.45,8.6,7.35,7.87,7.72,7.78,8.39,8.76,38,35.29
24.05,38,7.28,7.53,8.29,7.74,7.44,7.22,7.42,7.56,8.68,7.43,7.96,7.79,7.87,8.46,8.83,38,35.4
25.05,38,7.4,7.59,8.36,7.82,7.53,7.27,7.49,7.62,8.75,7.51,8.03,7.86,7.93,8.53,8.89,38,35.47
26.05,38,7.46,7.67,8.43,7.89,7.61,7.3,7.56,7.71,8.81,7.57,8.11,7.93,7.98,8.61,8.96,38,35.55
27.05,38,7.55,7.76,8.51,7.99,7.72,7.38,7.65,7.8,8.89,7.66,8.22,8.02,8.07,8.7,9.03,38,35.65
28.05,38,7.56,7.81,8.56,8.03,7.77,7.4,7.7,7.88,8.96,7.7,8.26,8.07,8.12,8.74,9.07,38,35.72
29.07,38,7.67,7.89,8.63,8.11,7.85,7.43,7.77,7.96,9.03,7.78,8.34,8.14,8.18,8.81,9.13,38,35.8
30.07,38,7.72,7.96,8.68,8.17,7.92,7.45,7.83,8.01,9.09,7.83,8.4,8.18,8.23,8.85,9.17,38,35.9
31.07,38,7.77,8.01,8.74,8.24,7.99,7.48,7.88,8.09,9.16,7.89,8.47,8.24,8.28,8.92,9.22,38,35.97
32.07,38,7.82,8.08,8.78,8.29,8.05,7.51,7.95,8.15,9.2,7.96,8.55,8.28,8.32,8.97,9.25,38,36.05
33.07,38,7.88,8.13,8.83,8.34,8.12,7.53,8,8.22,9.26,8.01,8.6,8.34,8.36,9.03,9.3,38,36.12
34.07,38,7.85,8.16,8.86,8.37,8.16,7.53,8.04,8.27,9.3,8.04,8.64,8.38,8.4,9.07,9.32,38,36.19
35.07,38,7.96,8.23,8.9,8.44,8.24,7.57,8.1,8.34,9.36,8.1,8.71,8.42,8.43,9.11,9.38,38,36.26
36.07,38,7.97,8.27,8.94,8.49,8.28,7.57,8.15,8.4,9.4,8.15,8.75,8.47,8.48,9.15,9.41,38,36.33
37.07,38,8.03,8.3,8.99,8.53,8.34,7.57,8.19,8.44,9.44,8.2,8.8,8.5,8.52,9.19,9.45,38,36.4
38.07,38,8.07,8.33,9.02,8.56,8.38,7.57,8.23,8.49,9.48,8.23,8.85,8.54,8.54,9.22,9.48,38,36.47
39.08,38,8.1,8.38,9.05,8.61,8.44,7.59,8.28,8.54,9.53,8.27,8.9,8.58,8.58,9.24,9.52,38,36.53
40.08,38,8.09,8.42,9.09,8.66,8.48,7.6,8.31,8.59,9.57,8.3,8.95,8.61,8.61,9.28,9.55,38,36.59
41.08,38,8.17,8.45,9.12,8.69,8.52,7.61,8.34,8.63,9.59,8.33,8.97,8.63,8.64,9.32,9.56,38,36.65
42.08,38,8.19,8.49,9.14,8.72,8.57,7.59,8.39,8.68,9.63,8.37,9.01,8.66,8.67,9.34,9.58,38,36.72
43.08,38,8.23,8.51,9.18,8.77,8.6,7.59,8.42,8.72,9.67,8.4,9.04,8.69,8.68,9.36,9.6,38,36.76
44.08,38,8.25,8.54,9.19,8.78,8.63,7.58,8.43,8.75,9.68,8.41,9.08,8.71,8.71,9.38,9.61,38,36.81
45.08,38,8.28,8.59,9.23,8.81,8.7,7.61,8.49,8.8,9.74,8.46,9.14,8.75,8.75,9.43,9.66,38,36.86
46.08,38,8.29,8.6,9.24,8.82,8.72,7.6,8.51,8.84,9.74,8.48,9.15,8.75,8.75,9.45,9.68,38,36.91
47.1,38,8.32,8.63,9.27,8.86,8.76,7.58,8.53,8.86,9.77,8.5,9.18,8.79,8.78,9.47,9.7,38,36.97
48.1,38,8.33,8.66,9.29,8.88,8.79,7.58,8.56,8.89,9.78,8.51,9.22,8.81,8.78,9.48,9.71,38,37.03
49.1,38,8.35,8.67,9.3,8.9,8.81,7.56,8.57,8.9,9.82,8.53,9.23,8.8,8.8,9.5,9.7,38,37.05
50.1,38,8.32,8.73,9.34,8.94,8.84,7.57,8.62,8.97,9.85,8.58,9.29,8.84,8.84,9.52,9.75,38,37.09
51.1,38,8.38,8.72,9.34,8.95,8.87,7.56,8.62,8.97,9.85,8.56,9.29,8.85,8.83,9.54,9.76,38,37.12
52.1,38,8.41,8.74,9.34,8.97,8.88,7.57,8.65,9,9.88,8.6,9.31,8.87,8.84,9.54,9.77,38,37.16
53.1,38,8.42,8.78,9.37,9,8.92,7.56,8.66,9.03,9.9,8.61,9.33,8.87,8.86,9.56,9.79,38,37.19
54.1,38,8.43,8.79,9.38,9.01,8.92,7.56,8.68,9.04,9.91,8.63,9.35,8.88,8.87,9.57,9.78,38,37.23
55.1,38,8.45,8.82,9.41,9.02,8.94,7.56,8.69,9.08,9.92,8.65,9.37,8.91,8.87,9.59,9.79,38,37.26
56.12,38,8.42,8.82,9.41,9.03,8.95,7.53,8.7,9.08,9.93,8.65,9.37,8.91,8.88,9.59,9.78,38,37.29
57.12,38,8.47,8.85,9.43,9.07,8.99,7.54,8.71,9.11,9.96,8.66,9.4,8.91,8.9,9.6,9.81,38,37.33
58.12,38,8.47,8.86,9.44,9.05,9,7.55,8.73,9.13,9.96,8.67,9.42,8.93,8.89,9.63,9.83,38,37.36
59.12,38,8.48,8.87,9.46,9.09,9.04,7.54,8.75,9.14,9.99,8.68,9.45,8.95,8.91,9.63,9.83,38,37.4
60.12,38,8.48,8.88,9.44,9.09,9.04,7.52,8.75,9.15,9.99,8.68,9.45,8.94,8.91,9.64,9.83,38,37.4
61.12,38,8.5,8.89,9.47,9.09,9.07,7.53,8.77,9.17,10,8.69,9.47,8.95,8.9,9.64,9.83,38,37.44
62.12,38,8.51,8.92,9.47,9.12,9.08,7.52,8.78,9.18,10.01,8.7,9.48,8.96,8.92,9.66,9.85,38,37.48
63.12,38,8.48,8.91,9.47,9.11,9.08,7.5,8.77,9.19,10.01,8.69,9.48,8.94,8.91,9.64,9.84,38,37.48
64.12,38,8.46,8.93,9.47,9.12,9.1,7.5,8.79,9.2,10.02,8.71,9.49,8.95,8.92,9.66,9.85,38,37.51
65.12,38,8.53,8.94,9.48,9.14,9.12,7.5,8.79,9.21,10.04,8.71,9.5,8.97,8.94,9.68,9.86,38,37.53
66.12,38,8.52,8.93,9.49,9.14,9.12,7.49,8.8,9.23,10.03,8.72,9.52,8.97,8.92,9.67,9.86,38,37.55
67.12,38,8.51,8.93,9.48,9.13,9.15,7.47,8.79,9.22,10.03,8.72,9.5,8.97,8.92,9.67,9.85,38,37.55
68.12,38,8.53,8.96,9.49,9.14,9.14,7.46,8.81,9.24,10.04,8.72,9.53,8.97,8.93,9.68,9.85,38,37.58
69.12,38,8.53,8.97,9.51,9.16,9.16,7.47,8.81,9.26,10.06,8.73,9.53,8.97,8.94,9.68,9.87,38,37.58
70.12,38,8.52,8.96,9.5,9.15,9.16,7.46,8.81,9.26,10.05,8.73,9.53,8.97,8.92,9.69,9.86,38,37.62
71.12,38,8.51,8.96,9.49,9.15,9.16,7.45,8.81,9.26,10.05,8.72,9.54,8.97,8.91,9.68,9.84,38,37.62
72.12,38,8.53,8.98,9.5,9.16,9.16,7.45,8.82,9.28,10.07,8.73,9.55,8.98,8.92,9.71,9.87,38,37.64
73.12,38,8.52,8.98,9.5,9.16,9.18,7.44,8.81,9.28,10.05,8.72,9.55,8.98,8.93,9.7,9.86,38,37.65
74.12,38,8.53,8.99,9.51,9.17,9.2,7.45,8.82,9.29,10.06,8.73,9.57,8.98,8.92,9.71,9.87,38,37.66
75.12,38,8.52,8.98,9.5,9.17,9.2,7.44,8.81,9.3,10.06,8.72,9.57,8.97,8.91,9.71,9.87,38,37.68
76.12,38,8.52,8.97,9.52,9.18,9.2,7.43,8.83,9.3,10.07,8.72,9.58,8.98,8.93,9.73,9.87,38,37.69
77.12,38,8.51,8.98,9.5,9.16,9.2,7.42,8.81,9.29,10.05,8.72,9.57,8.96,8.91,9.7,9.85,38,37.69
78.12,38,8.48,9.01,9.51,9.18,9.22,7.42,8.82,9.33,10.08,8.73,9.59,8.99,8.91,9.73,9.87,38,37.69
79.13,38,8.52,9,9.51,9.16,9.21,7.42,8.81,9.31,10.07,8.72,9.58,8.98,8.91,9.71,9.87,38,37.73
80.13,38,8.52,8.99,9.5,9.16,9.21,7.42,8.82,9.33,10.07,8.72,9.57,8.98,8.91,9.73,9.85,38,37.73
81.13,38,8.52,9,9.51,9.17,9.22,7.4,8.82,9.34,10.08,8.72,9.59,8.98,8.91,9.74,9.87,38,37.76
82.13,38,8.52,9,9.52,9.18,9.22,7.4,8.81,9.33,10.08,8.72,9.6,8.98,8.9,9.74,9.86,38,37.76
83.13,38,8.51,9.02,9.5,9.17,9.23,7.39,8.8,9.34,10.08,8.71,9.59,8.98,8.9,9.74,9.86,38,37.76
84.13,38,8.52,9.01,9.52,9.18,9.25,7.39,8.82,9.35,10.1,8.72,9.6,8.99,8.91,9.74,9.88,38,37.76
85.13,38,8.51,9.01,9.52,9.16,9.25,7.37,8.8,9.34,10.08,8.71,9.6,8.98,8.9,9.72,9.87,38,37.8
86.13,38,8.49,8.99,9.51,9.15,9.22,7.36,8.79,9.34,10.06,8.69,9.59,8.96,8.87,9.73,9.85,38,37.8
87.13,38,8.5,9.02,9.51,9.15,9.24,7.35,8.79,9.35,10.08,8.7,9.61,8.97,8.88,9.73,9.86,38,37.8
88.13,38,8.48,9,9.51,9.15,9.23,7.35,8.78,9.34,10.07,8.69,9.59,8.96,8.86,9.73,9.87,38,37.8
89.13,38,8.47,9.01,9.5,9.15,9.24,7.34,8.78,9.35,10.08,8.7,9.61,8.96,8.86,9.74,9.87,38,37.8
90.13,38,8.48,9.01,9.5,9.15,9.23,7.33,8.78,9.35,10.06,8.69,9.6,8.96,8.86,9.73,9.85,38,37.8
91.13,38,8.46,9.01,9.51,9.15,9.23,7.32,8.76,9.34,10.06,8.67,9.6,8.95,8.85,9.74,9.86,38,37.81
92.13,38,8.4,9.01,9.5,9.13,9.24,7.32,8.77,9.34,10.07,8.69,9.6,8.96,8.85,9.73,9.86,38,37.81
93.15,38,8.45,9.01,9.5,9.12,9.24,7.3,8.74,9.35,10.06,8.67,9.6,8.94,8.83,9.72,9.86,38,37.81
94.15,38,8.45,9.01,9.49,9.13,9.25,7.29,8.75,9.35,10.05,8.68,9.59,8.95,8.83,9.74,9.86,38,37.81
95.15,38,8.44,9,9.49,9.13,9.23,7.29,8.74,9.34,10.05,8.68,9.59,8.94,8.81,9.73,9.85,38,37.83
96.15,38,8.44,9.01,9.49,9.11,9.25,7.28,8.73,9.34,10.05,8.67,9.6,8.93,8.81,9.72,9.85,38,37.83
97.15,38,8.43,9,9.49,9.11,9.24,7.28,8.72,9.35,10.05,8.65,9.6,8.93,8.8,9.72,9.85,38,37.86
98.15,38,8.42,9.01,9.5,9.12,9.23,7.27,8.71,9.34,10.05,8.65,9.59,8.92,8.81,9.73,9.86,38,37.84
99.17,38,8.42,9.01,9.49,9.13,9.26,7.28,8.72,9.35,10.06,8.66,9.6,8.92,8.8,9.74,9.85,38,37.86
100.17,38,8.41,8.99,9.47,9.11,9.25,7.25,8.7,9.34,10.05,8.65,9.6,8.91,8.79,9.73,9.86,38,37.86
101.17,38,8.34,9,9.48,9.11,9.25,7.24,8.68,9.34,10.04,8.64,9.59,8.91,8.77,9.72,9.85,38,37.87
102.17,38,8.4,9.01,9.47,9.11,9.25,7.25,8.68,9.34,10.03,8.63,9.58,8.9,8.76,9.73,9.84,38,37.87
103.17,38,8.38,8.99,9.47,9.09,9.24,7.24,8.67,9.34,10.02,8.63,9.59,8.9,8.76,9.73,9.84,38,37.87
104.17,38,8.33,8.99,9.48,9.09,9.23,7.23,8.66,9.34,10.03,8.61,9.57,8.88,8.75,9.72,9.83,38,37.87
105.17,38,8.31,8.99,9.47,9.09,9.23,7.22,8.65,9.34,10.02,8.61,9.58,8.89,8.74,9.73,9.85,38,37.87
106.17,38,8.37,9,9.47,9.09,9.24,7.22,8.64,9.36,10.04,8.61,9.58,8.88,8.74,9.74,9.84,38,37.87
107.17,38,8.31,8.98,9.46,9.07,9.24,7.2,8.62,9.33,10.01,8.58,9.58,8.87,8.71,9.71,9.84,38,37.89
108.17,38,8.33,8.99,9.46,9.05,9.23,7.2,8.62,9.32,10.02,8.58,9.57,8.86,8.71,9.71,9.81,38,37.89
109.18,38,8.31,8.99,9.46,9.05,9.22,7.2,8.6,9.33,10.01,8.56,9.57,8.85,8.69,9.71,9.82,38,37.89
110.18,38,8.31,8.97,9.45,9.04,9.23,7.2,8.58,9.32,10.01,8.56,9.57,8.85,8.68,9.71,9.82,38,37.9
111.18,38,8.32,8.98,9.45,9.05,9.23,7.21,8.6,9.34,10.01,8.55,9.58,8.86,8.68,9.71,9.83,38,37.9
112.18,38,8.29,8.96,9.43,9.02,9.22,7.19,8.57,9.32,10,8.54,9.55,8.84,8.65,9.69,9.79,38,37.9
113.18,38,8.28,8.96,9.44,9.02,9.22,7.18,8.56,9.32,9.99,8.54,9.56,8.83,8.63,9.7,9.78,38,37.9
114.18,38,8.27,8.96,9.43,9.01,9.23,7.19,8.54,9.32,10,8.53,9.56,8.83,8.63,9.7,9.81,38,37.9
115.18,38,8.23,8.97,9.43,9.02,9.22,7.17,8.53,9.31,9.99,8.5,9.57,8.82,8.62,9.7,9.81,38,37.9
116.18,38,8.19,8.95,9.42,8.99,9.22,7.16,8.5,9.3,9.98,8.48,9.54,8.8,8.59,9.67,9.78,38,37.9
117.2,38,8.24,8.96,9.42,8.99,9.23,7.17,8.51,9.31,9.98,8.49,9.55,8.81,8.59,9.69,9.77,38,37.93
118.2,38,8.23,8.95,9.43,8.98,9.22,7.16,8.49,9.3,9.98,8.47,9.55,8.81,8.58,9.68,9.78,38,37.93
119.2,38,8.22,8.95,9.41,8.97,9.23,7.16,8.49,9.3,9.98,8.46,9.55,8.81,8.57,9.68,9.78,38,37.93
120.2,38,8.2,8.95,9.41,8.96,9.23,7.14,8.46,9.3,9.97,8.45,9.54,8.79,8.55,9.68,9.77,38,37.94
121.2,38,8.2,8.94,9.41,8.95,9.23,7.14,8.44,9.29,9.94,8.44,9.54,8.79,8.53,9.67,9.76,38,37.93
122.2,38,8.18,8.93,9.41,8.93,9.2,7.12,8.44,9.28,9.93,8.43,9.53,8.77,8.51,9.66,9.76,38,37.94
123.2,38,8.16,8.94,9.41,8.94,9.22,7.13,8.43,9.29,9.94,8.41,9.54,8.77,8.5,9.67,9.76,38,37.94
124.22,38,8.15,8.94,9.41,8.92,9.22,7.12,8.41,9.28,9.94,8.41,9.53,8.77,8.49,9.66,9.75,38,37.94
125.22,38,8.14,8.93,9.4,8.92,9.22,7.11,8.39,9.28,9.93,8.39,9.53,8.76,8.46,9.66,9.76,38,37.94
126.22,38,8.13,8.93,9.41,8.91,9.22,7.1,8.39,9.28,9.94,8.37,9.54,8.76,8.46,9.65,9.76,38,37.95
127.22,38,8.11,8.94,9.41,8.89,9.21,7.1,8.37,9.27,9.94,8.37,9.54,8.75,8.44,9.65,9.75,38,37.95
128.22,38,8.09,8.92,9.38,8.87,9.2,7.09,8.35,9.28,9.93,8.35,9.53,8.74,8.42,9.65,9.74,38,37.95
129.23,38,8.08,8.92,9.38,8.87,9.21,7.09,8.34,9.27,9.93,8.33,9.54,8.74,8.4,9.65,9.74,38,37.97
130.23,38,8.07,8.92,9.36,8.86,9.2,7.1,8.32,9.26,9.92,8.32,9.53,8.73,8.39,9.65,9.74,38,37.95
131.23,38,8.05,8.91,9.36,8.85,9.2,7.08,8.31,9.26,9.91,8.3,9.52,8.72,8.37,9.64,9.72,38,37.97
132.23,38,8.03,8.92,9.37,8.83,9.2,7.07,8.29,9.27,9.92,8.3,9.53,8.72,8.36,9.64,9.74,38,37.97
133.23,38,8.03,8.92,9.37,8.83,9.21,7.07,8.28,9.24,9.91,8.28,9.53,8.72,8.34,9.65,9.72,38,37.97
134.23,38,8,8.9,9.34,8.8,9.18,7.06,8.26,9.23,9.89,8.27,9.51,8.69,8.31,9.61,9.72,38,37.98
135.23,38,7.98,8.9,9.34,8.78,9.19,7.06,8.23,9.23,9.9,8.25,9.52,8.69,8.3,9.63,9.7,38,37.98
136.23,38,7.92,8.89,9.35,8.78,9.19,7.05,8.23,9.23,9.89,8.24,9.51,8.68,8.28,9.63,9.71,38,37.98
137.23,38,7.96,8.89,9.33,8.76,9.18,7.05,8.22,9.24,9.9,8.22,9.51,8.69,8.28,9.63,9.71,38,38
138.25,38,7.95,8.9,9.33,8.75,9.18,7.05,8.2,9.23,9.88,8.2,9.5,8.67,8.25,9.61,9.71,38,37.98
139.25,38,7.94,8.89,9.35,8.74,9.19,7.06,8.19,9.23,9.88,8.19,9.51,8.68,8.23,9.61,9.71,38,37.98
140.25,38,7.91,8.88,9.32,8.72,9.17,7.04,8.15,9.22,9.87,8.16,9.49,8.66,8.21,9.6,9.68,38,37.98
141.25,38,7.88,8.86,9.32,8.69,9.16,7.02,8.13,9.21,9.87,8.14,9.48,8.64,8.19,9.6,9.68,38,38
142.25,38,7.87,8.87,9.31,8.69,9.16,7.03,8.12,9.22,9.87,8.11,9.49,8.65,8.17,9.6,9.69,38,38.01
143.25,38,7.86,8.86,9.32,8.68,9.16,7.03,8.1,9.2,9.85,8.09,9.48,8.63,8.14,9.59,9.67,38,38
144.25,38,7.84,8.87,9.31,8.66,9.16,7.02,8.08,9.21,9.86,8.08,9.49,8.65,8.12,9.59,9.68,38,38.01
145.25,38,7.81,8.85,9.3,8.64,9.15,7,8.06,9.19,9.85,8.05,9.47,8.62,8.09,9.58,9.66,38,38.01
146.27,38,7.8,8.85,9.29,8.61,9.13,7,8.04,9.18,9.84,8.03,9.48,8.61,8.07,9.56,9.66,38,38.01
147.27,38,7.79,8.86,9.3,8.61,9.14,7,8.01,9.18,9.84,8.01,9.47,8.62,8.06,9.58,9.67,38,38.01
148.27,38,7.75,8.84,9.29,8.59,9.13,6.99,7.99,9.17,9.83,7.98,9.45,8.6,8.02,9.57,9.65,38,38.01
149.27,38,7.74,8.85,9.3,8.58,9.13,6.99,7.97,9.17,9.84,7.98,9.46,8.6,8,9.57,9.66,38,38.01
150.27,38,7.73,8.83,9.3,8.56,9.13,6.98,7.96,9.17,9.82,7.95,9.46,8.59,7.97,9.57,9.65,38,38.03
151.27,38,7.71,8.82,9.28,8.54,9.12,6.98,7.93,9.16,9.81,7.93,9.45,8.58,7.96,9.55,9.64,38,38.03
152.28,38,7.69,8.83,9.28,8.52,9.12,6.99,7.91,9.16,9.83,7.91,9.44,8.58,7.94,9.55,9.65,38,38.03
153.28,38,7.67,8.83,9.28,8.51,9.12,6.97,7.89,9.15,9.82,7.89,9.45,8.57,7.9,9.54,9.64,38,38.01
154.28,38,7.63,8.83,9.28,8.48,9.11,6.96,7.86,9.14,9.82,7.86,9.43,8.57,7.87,9.53,9.63,38,38.04
155.28,38,7.6,8.81,9.27,8.47,9.11,6.96,7.84,9.14,9.79,7.84,9.41,8.56,7.83,9.53,9.61,38,38.04
156.28,38,7.59,8.8,9.26,8.44,9.09,6.96,7.81,9.13,9.79,7.81,9.41,8.55,7.81,9.53,9.6,38,38.04
157.28,38,7.57,8.81,9.25,8.41,9.09,6.96,7.78,9.13,9.79,7.78,9.41,8.53,7.77,9.52,9.61,38,38.04
158.28,38,7.56,8.79,9.24,8.38,9.09,6.96,7.75,9.12,9.77,7.77,9.41,8.52,7.75,9.51,9.6,38,38.04
159.28,38,7.52,8.78,9.23,8.37,9.08,6.94,7.72,9.11,9.77,7.74,9.4,8.52,7.72,9.51,9.58,38,38.04
160.28,38,7.45,8.78,9.25,8.35,9.08,6.95,7.7,9.11,9.77,7.72,9.4,8.51,7.69,9.5,9.58,38,38.05
161.28,38,7.49,8.78,9.24,8.34,9.07,6.94,7.67,9.11,9.76,7.71,9.38,8.5,7.66,9.5,9.59,38,38.04
162.28,38,7.45,8.76,9.23,8.3,9.04,6.93,7.63,9.07,9.74,7.68,9.36,8.49,7.61,9.49,9.56,38,38.04
163.28,38,7.4,8.76,9.22,8.28,9.05,6.91,7.61,9.08,9.74,7.65,9.37,8.49,7.58,9.48,9.56,38,38.05
164.28,38,7.42,8.76,9.21,8.28,9.04,6.92,7.58,9.08,9.76,7.62,9.36,8.49,7.57,9.49,9.57,38,38.05
165.3,38,7.4,8.74,9.21,8.25,9.04,6.91,7.55,9.07,9.74,7.6,9.35,8.46,7.53,9.48,9.55,38,38.05
166.3,38,7.37,8.74,9.21,8.22,9.03,6.92,7.52,9.07,9.75,7.58,9.35,8.47,7.5,9.47,9.56,38,38.05
167.3,38,7.33,8.74,9.2,8.2,9.04,6.91,7.48,9.07,9.73,7.56,9.33,8.45,7.46,9.47,9.56,38,38.05
168.3,38,7.28,8.74,9.19,8.17,9.03,6.9,7.44,9.04,9.73,7.53,9.33,8.44,7.42,9.46,9.54,38,38.05
169.3,38,7.29,8.74,9.21,8.16,9.03,6.9,7.41,9.05,9.72,7.52,9.34,8.45,7.4,9.46,9.54,38,38.06
170.3,38,7.21,8.71,9.18,8.12,9.01,6.88,7.36,9.02,9.7,7.47,9.32,8.43,7.34,9.44,9.52,38,38.05
171.32,38,7.23,8.71,9.19,8.11,9,6.87,7.32,9.01,9.71,7.44,9.31,8.42,7.31,9.44,9.52,38,38.06
172.32,38,7.2,8.69,9.17,8.08,9,6.88,7.29,9.01,9.71,7.42,9.31,8.41,7.27,9.43,9.52,38,38.06
173.32,38,7.14,8.71,9.18,8.06,9.01,6.87,7.25,9,9.71,7.4,9.31,8.41,7.24,9.44,9.52,38,38.06
174.32,38,7.11,8.7,9.17,8.02,9,6.86,7.21,9,9.7,7.36,9.3,8.4,7.2,9.42,9.51,38,38.05
175.33,38,7.11,8.7,9.16,8,8.98,6.86,7.17,9,9.68,7.33,9.29,8.39,7.15,9.42,9.5,38,38.06
176.33,38,7.09,8.69,9.16,7.97,8.98,6.85,7.13,8.98,9.68,7.31,9.29,8.39,7.13,9.41,9.5,38,38.08
177.35,38,7.06,8.67,9.16,7.94,8.97,6.85,7.06,8.97,9.66,7.29,9.27,8.36,7.07,9.4,9.5,38,38.08
178.35,38,7.03,8.69,9.15,7.92,8.98,6.85,7.05,8.99,9.67,7.26,9.28,8.37,7.06,9.4,9.49,38,38.06
179.35,38,7,8.66,9.14,7.89,8.97,6.84,6.99,8.97,9.66,7.22,9.27,8.35,6.99,9.38,9.48,38,38.08
180.35,38,6.98,8.66,9.13,7.87,8.97,6.83,6.96,8.96,9.65,7.19,9.27,8.36,6.96,9.38,9.48,38,38.08
181.37,38,6.91,8.67,9.13,7.84,8.96,6.82,6.93,8.96,9.66,7.17,9.26,8.35,6.91,9.38,9.47,38,38.08
182.37,38,6.92,8.67,9.14,7.81,8.96,6.83,6.88,8.95,9.65,7.15,9.26,8.34,6.86,9.38,9.48,38,38.08
183.37,38,6.88,8.65,9.13,7.78,8.96,6.82,6.83,8.95,9.65,7.1,9.25,8.33,6.81,9.36,9.47,38,38.08
184.37,38,6.85,8.63,9.11,7.74,8.94,6.8,6.78,8.94,9.64,7.06,9.22,8.31,6.77,9.34,9.46,38,38.08
185.37,38,6.82,8.65,9.11,7.74,8.94,6.81,6.76,8.93,9.63,7.05,9.23,8.32,6.72,9.35,9.46,38,38.08
186.37,38,6.76,8.63,9.13,7.7,8.92,6.8,6.71,8.92,9.64,7.01,9.22,8.31,6.67,9.34,9.45,38,38.08
187.38,38,6.71,8.62,9.12,7.68,8.93,6.8,6.68,8.92,9.63,6.97,9.22,8.31,6.63,9.33,9.45,38,38.08
188.38,38,6.69,8.63,9.12,7.65,8.91,6.79,6.64,8.92,9.63,6.95,9.22,8.3,6.6,9.33,9.46,38,38.08
189.38,38,6.61,8.61,9.09,7.59,8.89,6.77,6.58,8.9,9.59,6.88,9.19,8.28,6.53,9.31,9.43,38,38.08
190.38,38,6.62,8.61,9.08,7.57,8.9,6.77,6.54,8.89,9.61,6.86,9.19,8.28,6.5,9.31,9.43,38,38.08
191.38,38,6.59,8.59,9.07,7.54,8.89,6.77,6.5,8.88,9.58,6.81,9.17,8.27,6.45,9.3,9.42,38,38.06
192.4,38,6.57,8.6,9.1,7.51,8.9,6.77,6.46,8.87,9.59,6.78,9.19,8.28,6.43,9.29,9.42,38,38.06
193.4,38,6.52,8.58,9.07,7.5,8.87,6.77,6.42,8.87,9.58,6.74,9.17,8.27,6.37,9.28,9.41,38,38.06
194.4,38,6.48,8.57,9.07,7.44,8.87,6.76,6.37,8.85,9.58,6.69,9.16,8.26,6.31,9.27,9.41,38,38.08
195.4,38,6.45,8.56,9.05,7.41,8.86,6.74,6.31,8.85,9.58,6.65,9.14,8.24,6.27,9.26,9.38,38,38.06
196.4,38,6.4,8.56,9.04,7.38,8.86,6.74,6.27,8.84,9.56,6.61,9.15,8.24,6.23,9.25,9.38,38,38.06
197.4,38,6.36,8.56,9.04,7.34,8.85,6.74,6.21,8.84,9.55,6.57,9.13,8.24,6.17,9.24,9.37,38,38.06
198.42,38,6.29,8.56,9.04,7.29,8.84,6.74,6.17,8.83,9.55,6.52,9.13,8.22,6.13,9.23,9.38,38,38.05
199.42,38,6.26,8.54,9.01,7.27,8.82,6.72,6.11,8.82,9.53,6.47,9.11,8.21,6.07,9.21,9.36,38,38.06
200.42,38,6.24,8.52,9.02,7.22,8.82,6.71,6.07,8.8,9.54,6.43,9.11,8.2,6.03,9.2,9.35,38,38.05
201.42,38,6.16,8.52,9.01,7.18,8.82,6.71,6.02,8.8,9.53,6.37,9.1,8.19,5.98,9.19,9.36,38,38.06
202.43,38,6.13,8.52,9,7.15,8.81,6.7,5.97,8.78,9.53,6.33,9.09,8.18,5.92,9.19,9.34,38,38.05
203.43,38,6.13,8.53,9,7.12,8.82,6.71,5.92,8.78,9.52,6.29,9.1,8.18,5.87,9.18,9.35,38,38.05
204.43,38,6.1,8.51,9,7.08,8.79,6.7,5.86,8.79,9.52,6.24,9.08,8.18,5.83,9.16,9.35,38,38.06
205.45,38,6.04,8.48,8.98,7.03,8.77,6.69,5.8,8.75,9.49,6.18,9.05,8.16,5.76,9.13,9.32,38,38.05
206.45,38,6,8.47,8.97,6.97,8.78,6.69,5.75,8.74,9.49,6.14,9.03,8.15,5.71,9.12,9.3,38,38.05
207.45,38,5.92,8.49,8.97,6.93,8.76,6.68,5.69,8.75,9.49,6.1,9.04,8.15,5.66,9.11,9.31,38,38.05
208.45,38,5.92,8.47,8.96,6.88,8.75,6.68,5.64,8.73,9.48,6.04,9.03,8.14,5.6,9.09,9.31,38,38.06
209.45,38,5.86,8.46,8.96,6.85,8.75,6.68,5.58,8.74,9.47,5.98,9.03,8.13,5.57,9.08,9.31,38,38.05
210.45,38,5.83,8.46,8.94,6.79,8.72,6.66,5.51,8.71,9.46,5.91,9.01,8.11,5.49,9.05,9.29,38,38.05
211.47,38,5.8,8.44,8.94,6.75,8.73,6.67,5.46,8.71,9.47,5.85,9,8.11,5.45,9.05,9.29,38,38.05
212.47,38,5.74,8.43,8.92,6.7,8.72,6.64,5.39,8.69,9.45,5.77,8.99,8.09,5.38,9.02,9.27,38,38.05
213.47,38,5.69,8.43,8.94,6.65,8.72,6.66,5.35,8.71,9.45,5.73,9,8.09,5.34,9.02,9.28,38,38.05
214.47,38,5.64,8.41,8.92,6.59,8.7,6.63,5.28,8.68,9.41,5.65,8.97,8.08,5.27,9,9.26,38,38.05
215.48,38,5.61,8.41,8.93,6.56,8.71,6.64,5.24,8.67,9.43,5.6,8.99,8.08,5.23,9,9.28,38,38.05
216.48,38,5.54,8.39,8.91,6.5,8.68,6.63,5.15,8.67,9.42,5.53,8.97,8.06,5.16,8.99,9.25,38,38.05
217.48,38,5.45,8.41,8.91,6.45,8.7,6.64,5.11,8.67,9.42,5.49,8.97,8.07,5.1,8.98,9.27,38,38.05
218.5,38,5.44,8.38,8.89,6.37,8.66,6.61,5.04,8.64,9.41,5.4,8.94,8.05,5.02,8.94,9.24,38,38.05
219.5,38,5.39,8.38,8.9,6.32,8.67,6.62,4.99,8.65,9.4,5.35,8.94,8.04,4.97,8.94,9.25,38,38.05
220.5,38,5.33,8.37,8.89,6.26,8.66,6.6,4.91,8.63,9.38,5.28,8.93,8.02,4.91,8.92,9.23,38,38.05
221.5,38,5.24,8.36,8.89,6.19,8.65,6.6,4.84,8.62,9.4,5.21,8.92,8.01,4.84,8.9,9.23,38,38.05
222.5,38,5.22,8.35,8.88,6.13,8.64,6.6,4.78,8.6,9.36,5.15,8.9,8,4.78,8.9,9.23,38,38.05
223.52,38,5.15,8.34,8.88,6.08,8.63,6.6,4.72,8.6,9.38,5.1,8.91,8,4.73,8.9,9.23,38,38.05
224.52,38,5.11,8.33,8.87,6.01,8.63,6.6,4.65,8.58,9.37,5.04,8.89,7.98,4.67,8.88,9.21,38,38.05
225.52,38,5.06,8.33,8.88,5.95,8.63,6.6,4.6,8.58,9.36,4.99,8.89,7.99,4.61,8.86,9.22,38,38.05
226.52,38,4.97,8.31,8.84,5.88,8.61,6.58,4.53,8.56,9.34,4.92,8.86,7.97,4.53,8.84,9.21,38,38.05
227.53,38,4.93,8.3,8.85,5.83,8.61,6.58,4.47,8.54,9.34,4.87,8.87,7.96,4.46,8.84,9.21,38,38.05
228.53,38,4.87,8.28,8.85,5.76,8.59,6.57,4.39,8.53,9.34,4.8,8.86,7.96,4.38,8.83,9.19,38,38.06
229.53,38,4.81,8.28,8.83,5.69,8.58,6.57,4.32,8.5,9.33,4.74,8.84,7.94,4.3,8.8,9.19,38,38.05
230.53,38,4.76,8.27,8.83,5.62,8.56,6.54,4.25,8.51,9.32,4.68,8.84,7.93,4.24,8.8,9.18,38,38.05
231.53,38,4.71,8.27,8.83,5.58,8.57,6.57,4.19,8.5,9.32,4.63,8.83,7.94,4.18,8.8,9.19,38,38.06
232.53,38,4.64,8.24,8.81,5.5,8.54,6.54,4.11,8.48,9.31,4.56,8.81,7.91,4.1,8.77,9.16,38,38.05
233.55,38,4.59,8.25,8.8,5.44,8.54,6.54,4.06,8.46,9.3,4.5,8.81,7.91,4.03,8.77,9.17,38,38.06
234.55,38,4.53,8.24,8.81,5.38,8.55,6.55,3.99,8.45,9.31,4.45,8.79,7.9,3.97,8.76,9.16,38,38.08
235.55,38,4.46,8.23,8.81,5.32,8.54,6.55,3.92,8.45,9.29,4.39,8.8,7.9,3.9,8.75,9.16,38,38.08
236.57,38,4.41,8.22,8.79,5.25,8.53,6.53,3.84,8.44,9.28,4.33,8.78,7.9,3.82,8.74,9.16,38,38.08
237.57,38,4.35,8.21,8.79,5.19,8.52,6.53,3.78,8.44,9.29,4.28,8.78,7.88,3.76,8.73,9.15,38,38.08
238.57,38,4.28,8.2,8.77,5.14,8.51,6.52,3.7,8.39,9.29,4.21,8.75,7.87,3.67,8.71,9.14,38,38.08
239.57,38,4.24,8.21,8.78,5.07,8.5,6.52,3.64,8.41,9.28,4.15,8.76,7.88,3.61,8.72,9.15,38,38.08
240.57,38,4.18,8.2,8.77,5.02,8.5,6.52,3.57,8.4,9.29,4.11,8.76,7.87,3.53,8.71,9.15,38,38.08
241.57,38,4.1,8.17,8.75,4.94,8.47,6.51,3.49,8.36,9.26,4.02,8.74,7.83,3.46,8.67,9.12,38,38.09
242.57,38,4.03,8.17,8.74,4.89,8.47,6.51,3.42,8.36,9.26,3.97,8.74,7.83,3.39,8.69,9.11,38,38.08
243.57,38,3.95,8.16,8.74,4.83,8.46,6.51,3.36,8.37,9.27,3.91,8.72,7.84,3.32,8.67,9.13,38,38.08
244.58,38,3.92,8.15,8.72,4.76,8.44,6.49,3.28,8.34,9.24,3.84,8.71,7.81,3.25,8.64,9.11,38,38.11
245.58,38,3.86,8.15,8.71,4.73,8.45,6.5,3.21,8.35,9.25,3.77,8.7,7.82,3.2,8.66,9.11,38,38.09
246.58,38,3.77,8.14,8.71,4.65,8.43,6.5,3.13,8.34,9.25,3.7,8.7,7.82,3.13,8.64,9.11,38,38.09
247.58,38,3.73,8.13,8.7,4.58,8.42,6.49,3.05,8.31,9.25,3.64,8.68,7.8,3.06,8.64,9.1,38,38.08
248.58,38,3.68,8.12,8.71,4.51,8.42,6.49,2.98,8.32,9.25,3.56,8.67,7.81,2.99,8.63,9.1,38,38.09
249.58,38,3.61,8.1,8.69,4.44,8.41,6.48,2.9,8.29,9.22,3.48,8.66,7.8,2.91,8.62,9.09,38,38.09
250.6,38,3.55,8.09,8.68,4.39,8.4,6.47,2.83,8.29,9.23,3.43,8.65,7.78,2.84,8.62,9.11,38,38.11
251.6,38,3.46,8.09,8.67,4.3,8.39,6.47,2.75,8.29,9.23,3.34,8.63,7.78,2.76,8.6,9.08,38,38.11
252.6,38,3.4,8.07,8.66,4.24,8.37,6.45,2.68,8.28,9.21,3.26,8.62,7.76,2.68,8.57,9.08,38,38.11
253.6,38,3.33,8.07,8.66,4.18,8.38,6.47,2.61,8.28,9.23,3.18,8.63,7.78,2.6,8.58,9.08,38,38.11
254.62,38,3.25,8.04,8.64,4.09,8.34,6.45,2.52,8.26,9.21,3.08,8.62,7.75,2.51,8.57,9.07,38,38.11
255.62,38,3.19,8.05,8.64,4.03,8.35,6.45,2.44,8.27,9.21,3,8.61,7.75,2.42,8.55,9.05,38,38.11
256.62,38,3.11,8.02,8.63,3.94,8.34,6.45,2.35,8.24,9.2,2.9,8.59,7.74,2.33,8.54,9.05,38,38.12
257.63,38,3.04,8.03,8.64,3.88,8.33,6.43,2.28,8.24,9.21,2.8,8.59,7.74,2.25,8.55,9.07,38,38.12
258.63,38,2.95,8.01,8.62,3.8,8.32,6.44,2.2,8.23,9.2,2.7,8.58,7.73,2.16,8.55,9.04,38,38.12
259.63,38,2.87,7.99,8.61,3.72,8.31,6.44,2.13,8.21,9.19,2.6,8.56,7.72,2.06,8.54,9.04,38,38.12
260.63,38,2.8,8,8.61,3.66,8.32,6.43,2.05,8.21,9.2,2.53,8.56,7.73,1.98,8.53,9.04,38,38.12
261.63,38,2.72,7.98,8.6,3.58,8.31,6.43,1.98,8.19,9.17,2.45,8.54,7.7,1.89,8.51,9.02,38,38.12
262.63,38,2.65,7.97,8.59,3.51,8.28,6.41,1.92,8.17,9.16,2.39,8.53,7.7,1.81,8.48,9.02,38,38.12
263.65,38,2.6,7.96,8.59,3.45,8.28,6.42,1.87,8.18,9.18,2.35,8.52,7.7,1.75,8.48,9.03,38,38.12
264.65,38,2.53,7.95,8.58,3.38,8.27,6.4,1.81,8.17,9.17,2.3,8.51,7.69,1.68,8.46,9.01,38,38.12
265.65,38,2.45,7.95,8.57,3.3,8.26,6.4,1.77,8.15,9.17,2.27,8.49,7.7,1.62,8.45,9.02,38,38.12
266.65,38,2.37,7.94,8.57,3.21,8.25,6.39,1.71,8.14,9.17,2.19,8.48,7.68,1.54,8.43,9,38,38.12
267.65,38,2.27,7.91,8.55,3.11,8.24,6.39,1.64,8.13,9.16,2.09,8.47,7.67,1.48,8.4,8.99,38,38.11
268.67,38,2.17,7.91,8.56,3,8.24,6.38,1.55,8.12,9.15,1.98,8.46,7.68,1.44,8.39,8.99,38,38.09
269.67,38,2.08,7.9,8.54,2.91,8.23,6.37,1.44,8.11,9.16,1.86,8.45,7.67,1.4,8.38,9,38,38.11
270.67,38,2,7.91,8.54,2.82,8.21,6.38,1.35,8.11,9.15,1.75,8.44,7.67,1.34,8.34,9,38,38.12
271.67,38,1.9,7.88,8.53,2.71,8.2,6.37,1.23,8.09,9.15,1.63,8.43,7.65,1.26,8.32,8.98,38,38.12
272.67,38,1.79,7.87,8.53,2.63,8.19,6.37,1.15,8.07,9.15,1.52,8.42,7.65,1.17,8.31,8.98,38,38.12
273.67,38,1.69,7.85,8.52,2.53,8.18,6.37,1.07,8.06,9.13,1.42,8.4,7.63,1.09,8.28,8.97,38,38.11
274.67,38,1.55,7.86,8.52,2.45,8.17,6.37,1,8.05,9.13,1.31,8.4,7.64,1,8.28,8.96,38,38.12
275.68,38,1.45,7.83,8.5,2.34,8.15,6.35,0.94,8.02,9.11,1.21,8.38,7.63,0.9,8.25,8.95,38,38.09
276.68,38,1.34,7.82,8.49,2.27,8.13,6.35,0.91,8.02,9.12,1.12,8.37,7.62,0.84,8.24,8.95,38,38.09
277.68,38,1.24,7.82,8.5,2.19,8.14,6.35,0.89,8.01,9.12,1.04,8.37,7.62,0.78,8.22,8.94,38,38.09
278.68,38,1.1,7.81,8.5,2.11,8.12,6.35,0.87,8,9.12,0.98,8.36,7.62,0.75,8.22,8.94,38,38.11
279.7,38,0.98,7.79,8.48,2.01,8.11,6.33,0.85,7.97,9.1,0.91,8.33,7.6,0.71,8.18,8.93,38,38.09
280.7,38,0.91,7.77,8.46,1.93,8.1,6.33,0.84,7.97,9.1,0.84,8.33,7.6,0.68,8.16,8.93,38,38.09
281.7,38,0.77,7.77,8.47,1.84,8.08,6.31,0.82,7.95,9.09,0.79,8.3,7.59,0.66,8.14,8.91,38,38.08
282.7,38,0.72,7.74,8.46,1.77,8.08,6.32,0.82,7.95,9.09,0.74,8.3,7.58,0.62,8.13,8.92,38,38.09
283.7,38,0.61,7.74,8.45,1.69,8.06,6.32,0.82,7.94,9.08,0.7,8.29,7.57,0.62,8.12,8.92,38,38.08
284.7,38,0.52,7.73,8.44,1.61,8.05,6.3,0.81,7.92,9.07,0.67,8.28,7.57,0.59,8.1,8.89,38,38.09
285.7,38,0.47,7.71,8.43,1.54,8.04,6.3,0.8,7.9,9.05,0.63,8.27,7.56,0.59,8.08,8.9,38,38.09
286.72,38,0.39,7.71,8.43,1.48,8.02,6.3,0.8,7.89,9.05,0.61,8.25,7.55,0.58,8.06,8.89,38,38.08
287.72,38,0.36,7.68,8.41,1.43,8.02,6.3,0.79,7.89,9.05,0.59,8.24,7.54,0.58,8.07,8.89,38,38.09
288.72,38,0.33,7.68,8.42,1.4,8.01,6.3,0.79,7.87,9.05,0.58,8.24,7.54,0.58,8.07,8.88,38,38.09
289.72,38,0.3,7.67,8.4,1.36,7.99,6.29,0.79,7.86,9.04,0.57,8.21,7.51,0.57,8.04,8.88,38,38.09
290.72,38,0.27,7.64,8.38,1.33,7.97,6.28,0.78,7.83,9.02,0.55,8.17,7.5,0.56,8.02,8.86,38,38.09
291.72,38,0.27,7.65,8.38,1.31,7.98,6.28,0.79,7.84,9.04,0.54,8.18,7.51,0.56,8.03,8.87,38,38.11
292.72,38,0.25,7.62,8.39,1.29,7.96,6.28,0.79,7.81,9.04,0.54,8.17,7.49,0.56,8,8.87,38,38.09
293.73,38,0.23,7.61,8.37,1.27,7.96,6.27,0.78,7.79,9.02,0.54,8.16,7.48,0.55,7.97,8.85,38,38.09
294.73,38,0.23,7.6,8.36,1.27,7.95,6.27,0.78,7.78,9,0.53,8.14,7.47,0.55,7.97,8.85,38,38.11
295.73,38,0.23,7.57,8.37,1.25,7.93,6.26,0.78,7.78,9,0.52,8.13,7.47,0.55,7.96,8.85,38,38.11
296.73,38,0.22,7.57,8.35,1.24,7.91,6.26,0.77,7.77,8.99,0.51,8.12,7.46,0.55,7.95,8.83,38,38.09
297.73,38,0.22,7.57,8.35,1.24,7.9,6.26,0.77,7.76,8.99,0.52,8.11,7.45,0.55,7.94,8.83,38,38.08
298.73,38,0.18,7.55,8.33,1.23,7.89,6.25,0.77,7.74,8.98,0.51,8.08,7.43,0.54,7.91,8.82,38,38.09
299.73,38,0.21,7.54,8.34,1.22,7.87,6.25,0.77,7.73,8.99,0.5,8.08,7.43,0.54,7.9,8.81,38,38.11
300.73,38,0.2,7.53,8.33,1.22,7.84,6.24,0.76,7.73,8.99,0.51,8.07,7.43,0.54,7.89,8.82,38,38.11
301.75,38,0.2,7.51,8.33,1.22,7.84,6.23,0.77,7.71,8.97,0.51,8.06,7.43,0.54,7.87,8.8,38,38.09
302.75,38,0.19,7.49,8.31,1.21,7.81,6.23,0.76,7.69,8.97,0.5,8.04,7.42,0.53,7.86,8.8,38,38.11
303.77,38,0.2,7.48,8.3,1.21,7.8,6.23,0.76,7.69,8.97,0.5,8.03,7.42,0.53,7.82,8.79,38,38.11
304.77,38,0.19,7.46,8.29,1.2,7.78,6.23,0.76,7.67,8.97,0.49,8.01,7.4,0.53,7.8,8.78,38,38.11
305.77,38,0.19,7.45,8.29,1.2,7.77,6.22,0.75,7.65,8.95,0.48,8,7.39,0.52,7.79,8.78,38,38.11
306.78,38,0.2,7.47,8.31,1.21,7.77,6.23,0.77,7.66,8.97,0.51,8.02,7.4,0.54,7.79,8.79,38,38.12
307.78,38,0.19,7.43,8.29,1.2,7.74,6.23,0.76,7.64,8.96,0.49,8,7.39,0.52,7.76,8.78,38,38.11
308.78,38,0.18,7.41,8.28,1.19,7.73,6.22,0.75,7.62,8.95,0.48,7.98,7.37,0.52,7.74,8.77,38,38.12
309.78,38,0.16,7.41,8.28,1.19,7.7,6.21,0.76,7.61,8.94,0.48,7.98,7.36,0.52,7.73,8.76,38,38.12
310.78,38,0.17,7.38,8.27,1.18,7.68,6.2,0.75,7.59,8.94,0.47,7.96,7.34,0.52,7.71,8.75,38,38.11
311.78,38,0.18,7.39,8.26,1.19,7.68,6.2,0.76,7.58,8.93,0.47,7.96,7.35,0.52,7.69,8.75,38,38.12
312.8,38,0.16,7.36,8.26,1.18,7.66,6.2,0.74,7.57,8.93,0.47,7.95,7.33,0.51,7.67,8.74,38,38.11
313.8,38,0.17,7.36,8.26,1.18,7.64,6.19,0.74,7.56,8.93,0.47,7.94,7.33,0.52,7.65,8.72,38,38.12
314.8,38,0.17,7.35,8.24,1.18,7.63,6.2,0.74,7.55,8.92,0.47,7.94,7.32,0.52,7.62,8.73,38,38.12
315.8,38,0.16,7.33,8.24,1.19,7.62,6.18,0.75,7.55,8.92,0.47,7.92,7.32,0.52,7.61,8.72,38,38.12
316.8,38,0.17,7.32,8.24,1.18,7.59,6.18,0.75,7.53,8.92,0.47,7.92,7.31,0.51,7.59,8.71,38,38.12
317.8,38,0.17,7.31,8.24,1.18,7.57,6.17,0.74,7.52,8.92,0.47,7.91,7.31,0.52,7.57,8.7,38,38.12
318.8,38,0.14,7.3,8.23,1.18,7.57,6.18,0.74,7.51,8.92,0.47,7.9,7.29,0.52,7.55,8.69,38,38.12
319.8,38,0.17,7.29,8.22,1.18,7.57,6.17,0.74,7.5,8.91,0.46,7.89,7.29,0.52,7.53,8.69,38,38.14
320.82,38,0.17,7.27,8.22,1.18,7.55,6.17,0.74,7.48,8.89,0.47,7.89,7.29,0.51,7.49,8.67,38,38.12
321.82,38,0.17,7.27,8.22,1.17,7.53,6.17,0.74,7.46,8.9,0.46,7.87,7.29,0.51,7.48,8.67,38,38.12
322.82,38,0.16,7.26,8.21,1.18,7.52,6.16,0.74,7.46,8.89,0.47,7.86,7.29,0.52,7.44,8.66,38,38.14
323.82,38,0.16,7.23,8.19,1.18,7.5,6.15,0.74,7.44,8.89,0.47,7.85,7.28,0.51,7.41,8.65,38,38.12
324.82,38,0.16,7.23,8.18,1.16,7.48,6.15,0.74,7.43,8.88,0.46,7.83,7.27,0.51,7.38,8.64,38,38.12
325.83,38,0.16,7.23,8.21,1.18,7.48,6.16,0.75,7.43,8.9,0.47,7.84,7.29,0.52,7.36,8.65,38,38.12
326.83,38,0.16,7.21,8.19,1.16,7.47,6.15,0.74,7.41,8.87,0.46,7.82,7.28,0.52,7.33,8.63,38,38.12
327.83,38,0.16,7.2,8.2,1.17,7.45,6.14,0.74,7.42,8.88,0.46,7.81,7.28,0.52,7.31,8.63,38,38.12
328.83,38,0.16,7.18,8.18,1.16,7.43,6.14,0.74,7.4,8.86,0.46,7.81,7.26,0.52,7.29,8.62,38,38.12
329.85,38,0.15,7.16,8.17,1.15,7.41,6.13,0.73,7.38,8.85,0.46,7.79,7.24,0.51,7.26,8.6,38,38.12
330.85,38,0.16,7.17,8.18,1.17,7.42,6.14,0.74,7.38,8.87,0.47,7.8,7.25,0.52,7.28,8.61,38,38.12
331.85,38,0.15,7.14,8.16,1.16,7.39,6.13,0.74,7.35,8.86,0.46,7.78,7.23,0.51,7.27,8.59,38,38.12
332.87,38,0.16,7.15,8.17,1.18,7.39,6.12,0.74,7.35,8.86,0.47,7.78,7.23,0.52,7.27,8.6,38,38.12
333.87,38,0.16,7.11,8.15,1.17,7.37,6.12,0.74,7.33,8.85,0.46,7.76,7.22,0.52,7.29,8.58,38,38.12
334.87,38,0.16,7.1,8.14,1.16,7.35,6.11,0.74,7.32,8.84,0.45,7.75,7.21,0.51,7.3,8.58,38,38.11
335.87,38,0.15,7.09,8.14,1.16,7.33,6.1,0.73,7.3,8.84,0.46,7.74,7.2,0.51,7.32,8.55,38,38.12
336.87,38,0.15,7.07,8.13,1.16,7.31,6.1,0.74,7.28,8.83,0.46,7.74,7.2,0.51,7.36,8.55,38,38.11
337.87,38,0.15,7.06,8.14,1.16,7.29,6.1,0.73,7.27,8.83,0.46,7.72,7.18,0.51,7.37,8.53,38,38.12
338.87,38,0.15,7.06,8.12,1.16,7.29,6.1,0.74,7.27,8.83,0.46,7.7,7.18,0.51,7.4,8.52,38,38.12
339.88,38,0.14,7.02,8.1,1.15,7.27,6.09,0.72,7.23,8.82,0.44,7.68,7.17,0.5,7.42,8.5,38,38.12
340.88,38,0.15,7.03,8.1,1.16,7.26,6.09,0.73,7.23,8.83,0.45,7.67,7.17,0.51,7.43,8.49,38,38.11
341.88,38,0.15,7,8.09,1.16,7.24,6.09,0.73,7.2,8.8,0.46,7.66,7.16,0.51,7.45,8.46,38,38.12
342.88,38,0.14,7,8.08,1.16,7.23,6.08,0.73,7.19,8.81,0.45,7.65,7.16,0.5,7.46,8.46,38,38.12
343.9,38,0.16,6.98,8.09,1.16,7.21,6.08,0.74,7.18,8.82,0.46,7.63,7.15,0.51,7.49,8.46,38,38.11
344.9,38,0.13,6.98,8.08,1.15,7.21,6.08,0.73,7.17,8.81,0.45,7.62,7.15,0.5,7.49,8.43,38,38.12
345.9,38,0.14,6.96,8.06,1.15,7.18,6.07,0.73,7.15,8.79,0.44,7.6,7.13,0.5,7.51,8.41,38,38.12
346.9,38,0.13,6.95,8.07,1.16,7.17,6.07,0.73,7.14,8.8,0.45,7.59,7.11,0.51,7.53,8.4,38,38.12
347.9,38,0.15,6.94,8.06,1.15,7.15,6.07,0.73,7.11,8.8,0.45,7.58,7.12,0.5,7.52,8.39,38,38.11
348.92,38,0.14,6.92,8.05,1.15,7.14,6.04,0.72,7.09,8.78,0.44,7.57,7.11,0.5,7.54,8.37,38,38.09
349.92,38,0.14,6.9,8.03,1.14,7.11,6.05,0.72,7.07,8.77,0.44,7.56,7.08,0.5,7.54,8.35,38,38.09
350.92,38,0.14,6.88,8.05,1.14,7.1,6.04,0.73,7.06,8.77,0.44,7.55,7.1,0.5,7.55,8.34,38,38.09
351.92,38,0.13,6.88,8.02,1.14,7.09,6.04,0.72,7.06,8.76,0.44,7.54,7.09,0.49,7.56,8.33,38,38.12
352.93,38,0.14,6.86,8.02,1.15,7.07,6.05,0.73,7.05,8.77,0.45,7.52,7.08,0.5,7.54,8.32,38,38.11
353.93,38,0.13,6.86,8.02,1.14,7.06,6.04,0.72,7.03,8.76,0.44,7.51,7.07,0.5,7.54,8.3,38,38.09
354.93,38,0.14,6.84,8.02,1.14,7.06,6.04,0.73,7.02,8.76,0.44,7.51,7.07,0.49,7.54,8.3,38,38.11
355.93,38,0.11,6.82,8,1.14,7.03,6.04,0.73,7.01,8.76,0.44,7.49,7.06,0.49,7.51,8.28,38,38.11
356.95,38,0.14,6.81,8,1.14,7.02,6.03,0.72,6.98,8.74,0.44,7.47,7.05,0.5,7.53,8.27,38,38.11
357.95,38,0.15,6.8,8,1.14,7,6.04,0.72,6.97,8.75,0.44,7.47,7.06,0.5,7.52,8.27,38,38.11
358.95,38,0.14,6.78,8,1.14,7,6.04,0.72,6.96,8.75,0.44,7.45,7.04,0.5,7.51,8.26,38,38.12
359.95,38,0.15,6.78,8.01,1.15,6.99,6.04,0.73,6.96,8.76,0.45,7.45,7.05,0.51,7.52,8.24,38,38.11
360.97,38,0.13,6.75,7.98,1.14,6.96,6.01,0.71,6.94,8.72,0.44,7.42,7.02,0.49,7.48,8.21,38,38.11
361.97,38,0.15,6.76,7.98,1.15,6.96,6.03,0.73,6.92,8.75,0.44,7.41,7.03,0.5,7.49,8.23,38,38.11
362.97,38,0.14,6.74,7.98,1.15,6.95,6.02,0.73,6.9,8.73,0.44,7.41,7.02,0.5,7.49,8.2,38,38.09
363.97,38,0.14,6.73,7.97,1.15,6.93,6.01,0.72,6.9,8.73,0.44,7.39,7.02,0.49,7.48,8.19,38,38.09
364.97,38,0.14,6.69,7.96,1.14,6.92,6,0.72,6.88,8.71,0.44,7.37,7,0.49,7.46,8.17,38,38.12
365.97,38,0.12,6.69,7.96,1.14,6.9,6.01,0.72,6.87,8.71,0.43,7.36,6.99,0.49,7.45,8.15,38,38.11
366.98,38,0.14,6.67,7.95,1.14,6.88,6,0.72,6.84,8.69,0.44,7.33,6.99,0.5,7.44,8.13,38,38.09
367.98,38,0.14,6.67,7.96,1.14,6.86,5.99,0.72,6.83,8.69,0.44,7.31,6.97,0.49,7.42,8.11,38,38.09
368.98,38,0.14,6.64,7.95,1.14,6.86,5.99,0.72,6.81,8.68,0.43,7.29,6.96,0.49,7.42,8.1,38,38.11
369.98,38,0.12,6.65,7.95,1.15,6.86,6,0.73,6.82,8.71,0.44,7.3,6.98,0.49,7.42,8.1,38,38.11
371,38,0.14,6.64,7.95,1.14,6.84,6,0.73,6.81,8.7,0.44,7.29,6.98,0.51,7.42,8.09,38,38.12
372,38,0.14,6.61,7.93,1.14,6.83,5.98,0.72,6.79,8.7,0.44,7.28,6.96,0.49,7.4,8.06,38,38.11
373,38,0.13,6.6,7.92,1.13,6.8,5.98,0.72,6.77,8.68,0.43,7.25,6.96,0.49,7.37,8.03,38,38.12
374,38,0.14,6.59,7.93,1.14,6.8,5.98,0.72,6.77,8.67,0.44,7.24,6.96,0.49,7.37,8.03,38,38.11
375,38,0.14,6.58,7.92,1.14,6.78,5.98,0.72,6.76,8.68,0.44,7.24,6.96,0.5,7.37,8.03,38,38.11
376,38,0.13,6.55,7.91,1.14,6.77,5.97,0.72,6.74,8.66,0.44,7.23,6.95,0.49,7.35,8,38,38.11
377.02,38,0.1,6.55,7.9,1.13,6.75,5.97,0.72,6.72,8.66,0.43,7.21,6.94,0.49,7.34,7.98,38,38.11
378.02,38,0.13,6.52,7.89,1.14,6.74,5.96,0.72,6.7,8.65,0.44,7.19,6.93,0.49,7.3,7.97,38,38.11
379.02,38,0.14,6.52,7.9,1.14,6.73,5.96,0.72,6.69,8.65,0.43,7.19,6.93,0.5,7.31,7.97,38,38.12
380.02,38,0.11,6.51,7.9,1.14,6.72,5.96,0.73,6.69,8.66,0.44,7.17,6.93,0.5,7.29,7.96,38,38.09
381.02,38,0.13,6.48,7.87,1.14,6.69,5.95,0.72,6.66,8.63,0.44,7.14,6.91,0.49,7.26,7.93,38,38.12
382.02,38,0.14,6.48,7.88,1.14,6.69,5.94,0.72,6.66,8.65,0.44,7.15,6.91,0.49,7.26,7.93,38,38.11
383.02,38,0.14,6.47,7.87,1.15,6.69,5.95,0.72,6.65,8.64,0.44,7.13,6.91,0.5,7.26,7.91,38,38.09
384.02,38,0.14,6.45,7.85,1.14,6.66,5.94,0.72,6.63,8.63,0.44,7.11,6.89,0.49,7.22,7.9,38,38.11
385.02,38,0.12,6.43,7.87,1.14,6.66,5.93,0.73,6.63,8.63,0.44,7.11,6.89,0.49,7.23,7.89,38,38.11
386.03,38,0.15,6.44,7.86,1.14,6.66,5.93,0.73,6.61,8.64,0.44,7.1,6.9,0.5,7.22,7.88,38,38.11
387.03,38,0.14,6.4,7.84,1.14,6.62,5.92,0.72,6.58,8.62,0.43,7.06,6.87,0.49,7.18,7.84,38,38.11
388.03,38,0.13,6.4,7.85,1.14,6.61,5.93,0.73,6.58,8.62,0.44,7.06,6.88,0.5,7.18,7.84,38,38.11
389.03,38,0.14,6.38,7.84,1.14,6.61,5.92,0.73,6.57,8.62,0.44,7.04,6.88,0.49,7.17,7.82,38,38.09
390.03,38,0.14,6.37,7.82,1.14,6.6,5.92,0.72,6.56,8.61,0.44,7.03,6.86,0.49,7.16,7.81,38,38.11
391.03,38,0.14,6.35,7.83,1.14,6.58,5.93,0.72,6.54,8.6,0.44,7.01,6.86,0.49,7.14,7.77,38,38.11
392.03,38,0.14,6.33,7.81,1.14,6.55,5.92,0.72,6.52,8.59,0.44,7,6.85,0.49,7.12,7.77,38,38.09
393.05,38,0.13,6.31,7.82,1.14,6.53,5.92,0.72,6.5,8.6,0.44,6.98,6.85,0.49,7.11,7.74,38,38.12
394.05,38,0.12,6.31,7.81,1.14,6.52,5.92,0.73,6.51,8.59,0.44,6.99,6.84,0.5,7.11,7.74,38,38.11
395.05,38,0.14,6.3,7.8,1.14,6.51,5.92,0.72,6.48,8.59,0.44,6.97,6.84,0.49,7.11,7.73,38,38.11
396.05,38,0.13,6.28,7.79,1.14,6.5,5.9,0.72,6.47,8.58,0.44,6.95,6.83,0.49,7.08,7.7,38,38.09
397.05,38,0.14,6.27,7.79,1.13,6.48,5.89,0.72,6.45,8.58,0.44,6.95,6.83,0.49,7.09,7.68,38,38.11
398.05,38,0.13,6.26,7.79,1.14,6.47,5.89,0.73,6.44,8.58,0.44,6.93,6.83,0.5,7.07,7.68,38,38.11
399.05,38,0.12,6.24,7.78,1.14,6.45,5.89,0.72,6.43,8.57,0.44,6.92,6.82,0.5,7.06,7.67,38,38.11
400.05,38,0.14,6.22,7.78,1.14,6.44,5.88,0.72,6.42,8.56,0.44,6.9,6.81,0.49,7.06,7.65,38,38.12
401.07,38,0.14,6.21,7.79,1.14,6.44,5.9,0.73,6.41,8.57,0.44,6.9,6.81,0.5,7.06,7.65,38,38.11
402.07,38,0.13,6.19,7.76,1.14,6.4,5.86,0.72,6.37,8.54,0.44,6.87,6.79,0.49,7.03,7.61,38,38.12
403.07,38,0.14,6.19,7.77,1.14,6.39,5.88,0.73,6.38,8.56,0.44,6.86,6.79,0.49,7.02,7.6,38,38.12
404.07,38,0.14,6.17,7.75,1.14,6.37,5.86,0.72,6.36,8.54,0.44,6.85,6.79,0.49,7.01,7.6,38,38.11
405.07,38,0.12,6.16,7.77,1.14,6.37,5.88,0.72,6.36,8.55,0.45,6.85,6.79,0.5,7,7.6,38,38.12
406.07,38,0.12,6.13,7.74,1.14,6.35,5.86,0.72,6.33,8.53,0.44,6.82,6.77,0.49,6.97,7.57,38,38.09
407.08,38,0.14,6.12,7.75,1.14,6.34,5.86,0.72,6.31,8.54,0.43,6.81,6.77,0.49,6.96,7.56,38,38.09
408.08,38,0.14,6.12,7.75,1.14,6.32,5.86,0.72,6.3,8.54,0.44,6.79,6.77,0.49,6.95,7.55,38,38.12
409.08,38,0.14,6.1,7.74,1.13,6.3,5.85,0.72,6.29,8.53,0.44,6.77,6.76,0.49,6.92,7.52,38,38.11
410.08,38,0.13,6.1,7.74,1.14,6.3,5.86,0.73,6.29,8.53,0.44,6.77,6.77,0.49,6.92,7.52,38,38.11
411.08,38,0.12,6.08,7.74,1.14,6.28,5.85,0.73,6.27,8.52,0.44,6.76,6.76,0.5,6.91,7.49,38,38.11
412.08,38,0.14,6.07,7.73,1.14,6.27,5.86,0.73,6.25,8.52,0.44,6.73,6.75,0.5,6.9,7.48,38,38.09
413.08,38,0.11,6.04,7.73,1.14,6.23,5.84,0.72,6.23,8.52,0.44,6.72,6.74,0.49,6.88,7.45,38,38.11
414.1,38,0.14,6.04,7.73,1.15,6.23,5.84,0.72,6.23,8.5,0.44,6.71,6.75,0.5,6.88,7.44,38,38.09
415.1,38,0.14,6.01,7.72,1.14,6.2,5.83,0.73,6.2,8.49,0.43,6.69,6.73,0.49,6.86,7.42,38,38.09
416.1,38,0.14,6,7.71,1.14,6.19,5.83,0.72,6.18,8.5,0.43,6.67,6.72,0.49,6.86,7.42,38,38.09
417.1,38,0.14,5.99,7.71,1.14,6.17,5.82,0.72,6.17,8.49,0.44,6.65,6.71,0.49,6.86,7.4,38,38.09
418.1,38,0.11,5.95,7.7,1.14,6.14,5.82,0.72,6.16,8.47,0.43,6.63,6.71,0.49,6.83,7.38,38,38.08
419.1,38,0.14,5.94,7.69,1.14,6.13,5.82,0.72,6.14,8.49,0.43,6.61,6.7,0.49,6.83,7.38,38,38.09
420.1,38,0.13,5.94,7.68,1.14,6.12,5.82,0.73,6.13,8.49,0.44,6.6,6.7,0.49,6.81,7.37,38,38.11
421.12,38,0.13,5.92,7.68,1.14,6.1,5.81,0.72,6.09,8.48,0.43,6.58,6.69,0.49,6.79,7.36,38,38.11
422.12,38,0.14,5.92,7.68,1.14,6.08,5.81,0.72,6.09,8.48,0.43,6.57,6.69,0.49,6.78,7.35,38,38.08
423.12,38,0.13,5.89,7.66,1.14,6.05,5.8,0.72,6.06,8.46,0.43,6.53,6.67,0.48,6.76,7.34,38,38.09
424.12,38,0.13,5.88,7.66,1.14,6.04,5.8,0.72,6.05,8.46,0.43,6.53,6.67,0.49,6.74,7.34,38,38.08
425.12,38,0.11,5.86,7.65,1.13,6.03,5.8,0.72,6.03,8.46,0.43,6.52,6.66,0.49,6.73,7.33,38,38.08
426.12,38,0.14,5.86,7.65,1.15,6.01,5.8,0.72,6.02,8.46,0.44,6.52,6.67,0.5,6.71,7.35,38,38.09
427.12,38,0.11,5.83,7.64,1.14,5.98,5.8,0.72,5.99,8.45,0.43,6.48,6.64,0.49,6.69,7.34,38,38.09
428.12,38,0.12,5.82,7.64,1.13,5.97,5.8,0.72,5.99,8.43,0.44,6.46,6.63,0.49,6.68,7.34,38,38.11
429.12,38,0.14,5.79,7.62,1.14,5.95,5.79,0.72,5.97,8.43,0.43,6.45,6.63,0.48,6.66,7.33,38,38.11
430.12,38,0.14,5.78,7.62,1.14,5.93,5.79,0.72,5.94,8.43,0.43,6.45,6.62,0.49,6.64,7.34,38,38.08
431.12,38,0.14,5.78,7.62,1.14,5.92,5.79,0.72,5.93,8.42,0.44,6.43,6.61,0.49,6.62,7.33,38,38.09
432.13,38,0.14,5.76,7.61,1.14,5.91,5.79,0.72,5.92,8.41,0.44,6.43,6.61,0.5,6.61,7.35,38,38.11
433.13,38,0.14,5.74,7.58,1.14,5.89,5.78,0.72,5.9,8.41,0.44,6.39,6.6,0.48,6.59,7.35,38,38.11
434.13,38,0.14,5.73,7.61,1.14,5.87,5.79,0.72,5.88,8.41,0.44,6.39,6.6,0.5,6.57,7.34,38,38.09
435.13,38,0.14,5.7,7.59,1.14,5.86,5.79,0.72,5.86,8.4,0.44,6.37,6.59,0.49,6.55,7.35,38,38.09
436.13,38,0.14,5.69,7.58,1.14,5.85,5.77,0.72,5.86,8.4,0.44,6.37,6.59,0.49,6.53,7.34,38,38.11
437.13,38,0.13,5.68,7.58,1.13,5.83,5.78,0.72,5.83,8.39,0.43,6.34,6.57,0.49,6.52,7.33,38,38.11
438.15,38,0.14,5.66,7.58,1.14,5.81,5.78,0.72,5.82,8.4,0.44,6.34,6.58,0.49,6.51,7.33,38,38.11
439.15,38,0.13,5.65,7.57,1.14,5.8,5.78,0.72,5.79,8.37,0.43,6.31,6.56,0.49,6.49,7.31,38,38.11
440.17,38,0.14,5.64,7.57,1.14,5.8,5.78,0.72,5.79,8.38,0.43,6.3,6.56,0.49,6.47,7.32,38,38.11
441.17,38,0.14,5.63,7.57,1.14,5.78,5.78,0.72,5.77,8.39,0.44,6.3,6.55,0.49,6.46,7.32,38,38.11
442.17,38,0.14,5.62,7.56,1.13,5.77,5.78,0.72,5.76,8.37,0.44,6.29,6.55,0.49,6.45,7.31,38,38.11
443.17,38,0.14,5.6,7.56,1.14,5.76,5.76,0.72,5.74,8.37,0.44,6.27,6.55,0.49,6.44,7.3,38,38.11
444.17,38,0.14,5.58,7.56,1.14,5.76,5.76,0.72,5.74,8.37,0.44,6.26,6.54,0.49,6.42,7.29,38,38.12
445.17,38,0.11,5.58,7.55,1.14,5.75,5.76,0.72,5.73,8.37,0.44,6.23,6.55,0.49,6.42,7.29,38,38.12
446.17,38,0.13,5.56,7.54,1.13,5.74,5.74,0.72,5.71,8.36,0.43,6.23,6.54,0.49,6.38,7.28,38,38.12
447.18,38,0.14,5.54,7.54,1.14,5.74,5.75,0.72,5.7,8.35,0.44,6.22,6.54,0.5,6.37,7.28,38,38.12
448.18,38,0.13,5.54,7.53,1.14,5.72,5.74,0.72,5.69,8.34,0.43,6.21,6.53,0.49,6.36,7.26,38,38.12
449.18,38,0.13,5.53,7.53,1.14,5.72,5.74,0.72,5.68,8.34,0.44,6.19,6.53,0.49,6.34,7.26,38,38.12
450.2,38,0.14,5.53,7.53,1.14,5.71,5.74,0.72,5.68,8.35,0.44,6.2,6.52,0.49,6.33,7.26,38,38.12
451.2,38,0.14,5.5,7.53,1.14,5.69,5.74,0.72,5.66,8.34,0.44,6.18,6.53,0.49,6.33,7.25,38,38.12
452.2,38,0.14,5.48,7.52,1.14,5.68,5.72,0.72,5.64,8.33,0.43,6.17,6.52,0.49,6.3,7.24,38,38.14
453.2,38,0.11,5.47,7.52,1.14,5.67,5.73,0.72,5.64,8.32,0.44,6.16,6.52,0.49,6.29,7.23,38,38.12
454.2,38,0.14,5.47,7.53,1.14,5.66,5.72,0.72,5.63,8.34,0.44,6.15,6.52,0.49,6.29,7.24,38,38.14
455.2,38,0.13,5.45,7.5,1.14,5.64,5.72,0.72,5.61,8.32,0.44,6.13,6.5,0.49,6.27,7.22,38,38.14
456.22,38,0.14,5.42,7.5,1.14,5.62,5.7,0.72,5.58,8.31,0.44,6.1,6.5,0.48,6.24,7.21,38,38.12
457.22,38,0.14,5.42,7.49,1.14,5.62,5.71,0.72,5.58,8.31,0.44,6.11,6.51,0.49,6.24,7.22,38,38.12
458.22,38,0.14,5.4,7.5,1.14,5.58,5.69,0.72,5.57,8.31,0.43,6.09,6.49,0.49,6.21,7.2,38,38.15
459.22,38,0.12,5.38,7.47,1.14,5.57,5.69,0.72,5.55,8.29,0.43,6.07,6.49,0.49,6.2,7.2,38,38.14
460.22,38,0.14,5.38,7.49,1.14,5.58,5.71,0.73,5.57,8.31,0.44,6.08,6.51,0.5,6.2,7.21,38,38.12
461.22,38,0.14,5.37,7.49,1.14,5.55,5.69,0.72,5.54,8.31,0.44,6.05,6.5,0.49,6.18,7.19,38,38.14
462.23,38,0.13,5.36,7.48,1.14,5.54,5.69,0.73,5.53,8.29,0.43,6.04,6.51,0.5,6.17,7.2,38,38.14
463.23,38,0.14,5.33,7.48,1.14,5.53,5.69,0.73,5.52,8.29,0.44,6.03,6.5,0.49,6.17,7.2,38,38.14
464.23,38,0.14,5.33,7.47,1.13,5.5,5.69,0.72,5.51,8.28,0.44,6.01,6.49,0.49,6.17,7.18,38,38.12
465.23,38,0.13,5.3,7.45,1.13,5.48,5.68,0.72,5.49,8.28,0.43,5.98,6.48,0.49,6.15,7.18,38,38.12
466.23,38,0.14,5.29,7.45,1.14,5.48,5.69,0.72,5.48,8.28,0.44,5.98,6.48,0.49,6.15,7.2,38,38.14
467.23,38,0.14,5.28,7.44,1.14,5.46,5.68,0.72,5.47,8.28,0.44,5.96,6.48,0.49,6.14,7.2,38,38.14
468.25,38,0.14,5.26,7.44,1.14,5.43,5.69,0.72,5.44,8.27,0.44,5.94,6.47,0.49,6.14,7.2,38,38.14
469.25,38,0.13,5.26,7.45,1.15,5.43,5.69,0.74,5.43,8.28,0.44,5.93,6.48,0.5,6.12,7.2,38,38.14
470.25,38,0.14,5.24,7.43,1.14,5.39,5.67,0.72,5.41,8.26,0.44,5.9,6.46,0.49,6.1,7.18,38,38.15
471.25,38,0.14,5.23,7.43,1.14,5.39,5.69,0.73,5.4,8.28,0.44,5.9,6.47,0.49,6.1,7.21,38,38.14
472.25,38,0.11,5.19,7.42,1.13,5.37,5.68,0.72,5.37,8.26,0.44,5.87,6.46,0.49,6.08,7.2,38,38.14
473.25,38,0.11,5.19,7.43,1.14,5.34,5.69,0.73,5.35,8.26,0.44,5.86,6.45,0.49,6.07,7.18,38,38.14
474.27,38,0.14,5.17,7.41,1.14,5.33,5.68,0.72,5.34,8.25,0.44,5.84,6.45,0.49,6.06,7.2,38,38.14
475.27,38,0.11,5.15,7.41,1.15,5.31,5.68,0.72,5.32,8.24,0.44,5.83,6.45,0.49,6.04,7.2,38,38.14
476.27,38,0.11,5.14,7.42,1.14,5.29,5.68,0.72,5.3,8.24,0.44,5.8,6.45,0.49,6.01,7.18,38,38.15
477.27,38,0.14,5.13,7.41,1.14,5.28,5.68,0.72,5.29,8.24,0.44,5.79,6.44,0.49,6.01,7.19,38,38.14
478.28,38,0.14,5.11,7.4,1.14,5.26,5.67,0.72,5.26,8.23,0.43,5.77,6.42,0.49,5.98,7.18,38,38.14
479.28,38,0.14,5.1,7.39,1.14,5.24,5.67,0.72,5.24,8.22,0.43,5.74,6.43,0.49,5.96,7.17,38,38.15
480.28,38,0.12,5.08,7.39,1.14,5.23,5.66,0.72,5.23,8.23,0.44,5.74,6.43,0.49,5.95,7.18,38,38.14
481.28,38,0.13,5.07,7.39,1.14,5.2,5.67,0.72,5.2,8.22,0.44,5.72,6.42,0.49,5.93,7.17,38,38.15
482.28,38,0.11,5.05,7.37,1.14,5.2,5.66,0.72,5.18,8.22,0.44,5.69,6.41,0.49,5.92,7.17,38,38.14
483.28,38,0.15,5.06,7.4,1.15,5.19,5.66,0.74,5.17,8.22,0.45,5.69,6.43,0.5,5.91,7.17,38,38.15
484.28,38,0.13,5.01,7.36,1.13,5.15,5.64,0.72,5.13,8.18,0.43,5.64,6.38,0.49,5.87,7.14,38,38.14
485.3,38,0.14,5.02,7.37,1.14,5.15,5.66,0.73,5.13,8.21,0.44,5.64,6.4,0.49,5.88,7.16,38,38.15
486.3,38,0.13,5,7.36,1.14,5.12,5.65,0.72,5.1,8.19,0.44,5.61,6.38,0.49,5.86,7.15,38,38.14
487.3,38,0.13,4.97,7.36,1.15,5.12,5.66,0.73,5.1,8.2,0.44,5.6,6.4,0.5,5.85,7.15,38,38.15
488.3,38,0.14,4.97,7.34,1.14,5.1,5.64,0.72,5.06,8.19,0.43,5.58,6.37,0.49,5.82,7.13,38,38.14
489.3,38,0.11,4.96,7.34,1.14,5.09,5.64,0.72,5.06,8.18,0.44,5.55,6.37,0.49,5.8,7.13,38,38.14
490.3,38,0.14,4.95,7.35,1.14,5.06,5.64,0.73,5.05,8.17,0.44,5.54,6.37,0.49,5.8,7.13,38,38.15
491.3,38,0.14,4.92,7.33,1.14,5.06,5.64,0.72,5.02,8.17,0.43,5.51,6.37,0.49,5.76,7.1,38,38.14
492.32,38,0.14,4.91,7.34,1.15,5.02,5.65,0.72,5.01,8.17,0.44,5.49,6.37,0.49,5.74,7.09,38,38.14
493.32,38,0.14,4.89,7.34,1.14,5.01,5.64,0.72,4.99,8.17,0.44,5.48,6.37,0.49,5.73,7.08,38,38.14
494.32,38,0.12,4.87,7.32,1.14,5.01,5.64,0.72,4.97,8.16,0.44,5.45,6.36,0.49,5.69,7.07,38,38.14
495.32,38,0.13,4.85,7.31,1.14,4.98,5.62,0.72,4.95,8.16,0.44,5.42,6.34,0.49,5.66,7.06,38,38.14
496.32,38,0.11,4.85,7.31,1.14,4.97,5.63,0.72,4.94,8.16,0.44,5.4,6.35,0.49,5.65,7.05,38,38.14
497.33,38,0.14,4.82,7.32,1.14,4.95,5.62,0.72,4.91,8.15,0.43,5.38,6.34,0.49,5.63,7.04,38,38.14
498.33,38,0.13,4.82,7.3,1.14,4.94,5.61,0.72,4.89,8.13,0.43,5.35,6.32,0.48,5.59,7.02,38,38.12
499.35,38,0.14,4.8,7.32,1.14,4.93,5.61,0.73,4.89,8.14,0.44,5.35,6.33,0.49,5.59,7.02,38,38.12
500.35,38,0.14,4.79,7.3,1.14,4.91,5.61,0.72,4.86,8.13,0.43,5.33,6.32,0.49,5.57,7.01,38,38.14
501.35,38,0.13,4.78,7.3,1.14,4.89,5.61,0.72,4.85,8.13,0.44,5.29,6.31,0.49,5.56,6.98,38,38.14
502.35,38,0.14,4.75,7.29,1.14,4.87,5.6,0.72,4.82,8.13,0.43,5.28,6.3,0.48,5.54,6.98,38,38.14
503.35,38,0.14,4.76,7.29,1.14,4.85,5.59,0.73,4.81,8.13,0.44,5.25,6.31,0.5,5.55,6.98,38,38.14
504.35,38,0.11,4.73,7.29,1.14,4.83,5.6,0.72,4.79,8.12,0.43,5.24,6.3,0.49,5.54,6.96,38,38.12
505.35,38,0.14,4.73,7.29,1.14,4.81,5.59,0.73,4.78,8.13,0.44,5.21,6.3,0.49,5.55,6.95,38,38.12
506.37,38,0.12,4.7,7.28,1.14,4.79,5.58,0.72,4.74,8.11,0.44,5.19,6.29,0.49,5.54,6.94,38,38.12
507.37,38,0.14,4.69,7.28,1.14,4.76,5.58,0.72,4.73,8.11,0.43,5.17,6.29,0.49,5.53,6.93,38,38.12
508.37,38,0.14,4.66,7.29,1.14,4.74,5.58,0.72,4.71,8.12,0.44,5.16,6.28,0.49,5.53,6.92,38,38.15
509.37,38,0.14,4.65,7.27,1.14,4.73,5.58,0.72,4.69,8.1,0.44,5.13,6.27,0.49,5.52,6.9,38,38.14
510.37,38,0.12,4.64,7.26,1.14,4.7,5.57,0.72,4.67,8.09,0.43,5.11,6.26,0.49,5.53,6.9,38,38.14
511.37,38,0.14,4.61,7.26,1.14,4.68,5.56,0.72,4.64,8.09,0.43,5.09,6.26,0.49,5.51,6.89,38,38.12
512.37,38,0.14,4.61,7.26,1.15,4.68,5.58,0.73,4.63,8.09,0.44,5.08,6.27,0.5,5.51,6.9,38,38.14
513.38,38,0.13,4.58,7.25,1.14,4.65,5.57,0.72,4.6,8.09,0.44,5.06,6.25,0.49,5.5,6.88,38,38.12
514.38,38,0.14,4.57,7.25,1.14,4.63,5.56,0.72,4.58,8.09,0.43,5.04,6.24,0.49,5.48,6.87,38,38.12
515.38,38,0.14,4.55,7.24,1.14,4.61,5.55,0.72,4.56,8.07,0.43,5.01,6.23,0.49,5.45,6.87,38,38.12
516.38,38,0.14,4.53,7.25,1.14,4.6,5.56,0.72,4.54,8.06,0.44,5,6.23,0.49,5.43,6.86,38,38.11
517.38,38,0.14,4.53,7.23,1.14,4.58,5.56,0.73,4.53,8.07,0.44,4.98,6.22,0.49,5.43,6.86,38,38.12
518.38,38,0.13,4.5,7.21,1.14,4.56,5.53,0.72,4.5,8.05,0.43,4.96,6.21,0.49,5.38,6.86,38,38.12
519.4,38,0.13,4.48,7.22,1.13,4.54,5.54,0.72,4.47,8.06,0.43,4.94,6.2,0.49,5.37,6.86,38,38.12
520.4,38,0.14,4.48,7.22,1.14,4.53,5.55,0.73,4.48,8.05,0.44,4.93,6.2,0.49,5.36,6.86,38,38.12
521.4,38,0.14,4.46,7.22,1.14,4.52,5.55,0.72,4.45,8.06,0.44,4.91,6.18,0.49,5.33,6.85,38,38.12
522.42,38,0.13,4.45,7.2,1.13,4.49,5.53,0.72,4.42,8.04,0.43,4.89,6.17,0.48,5.3,6.84,38,38.12
523.42,38,0.13,4.44,7.21,1.13,4.48,5.54,0.72,4.4,8.04,0.43,4.85,6.17,0.48,5.28,6.83,38,38.12
524.42,38,0.14,4.42,7.2,1.14,4.46,5.53,0.72,4.39,8.03,0.43,4.84,6.17,0.49,5.26,6.84,38,38.12
525.42,38,0.14,4.42,7.2,1.14,4.45,5.55,0.72,4.36,8.04,0.44,4.82,6.17,0.49,5.25,6.84,38,38.12
526.42,38,0.14,4.4,7.19,1.14,4.42,5.53,0.72,4.34,8.02,0.44,4.79,6.15,0.49,5.23,6.83,38,38.12
527.42,38,0.14,4.36,7.18,1.14,4.39,5.53,0.72,4.32,8.02,0.43,4.78,6.14,0.49,5.22,6.82,38,38.12
528.42,38,0.13,4.35,7.17,1.14,4.37,5.53,0.72,4.3,8.01,0.43,4.77,6.13,0.49,5.19,6.8,38,38.12
529.43,38,0.13,4.33,7.17,1.13,4.36,5.53,0.72,4.28,8.01,0.44,4.74,6.12,0.49,5.18,6.8,38,38.12
530.43,38,0.14,4.31,7.17,1.14,4.35,5.53,0.72,4.26,8,0.44,4.73,6.11,0.49,5.16,6.78,38,38.12
531.43,38,0.13,4.3,7.16,1.13,4.32,5.53,0.72,4.25,8,0.43,4.71,6.11,0.49,5.14,6.77,38,38.12
532.43,38,0.13,4.28,7.17,1.13,4.31,5.53,0.72,4.21,7.98,0.43,4.69,6.11,0.49,5.13,6.77,38,38.12
533.43,38,0.13,4.28,7.17,1.13,4.29,5.53,0.72,4.21,7.99,0.43,4.69,6.11,0.49,5.11,6.77,38,38.11
534.43,38,0.14,4.25,7.17,1.14,4.27,5.53,0.72,4.19,7.99,0.44,4.67,6.12,0.49,5.1,6.77,38,38.11
535.43,38,0.14,4.25,7.16,1.14,4.26,5.53,0.73,4.18,7.99,0.44,4.66,6.12,0.49,5.09,6.76,38,38.11
536.43,38,0.14,4.22,7.16,1.14,4.24,5.53,0.72,4.16,7.98,0.43,4.65,6.11,0.49,5.06,6.76,38,38.12
537.43,38,0.13,4.21,7.16,1.14,4.21,5.52,0.72,4.14,7.97,0.43,4.62,6.1,0.49,5.05,6.73,38,38.12
538.43,38,0.13,4.19,7.14,1.13,4.2,5.52,0.72,4.11,7.96,0.43,4.61,6.09,0.49,5.02,6.71,38,38.12
539.45,38,0.13,4.18,7.15,1.13,4.18,5.51,0.72,4.1,7.96,0.43,4.6,6.08,0.49,5,6.71,38,38.12
540.45,38,0.14,4.16,7.14,1.13,4.18,5.52,0.72,4.08,7.96,0.43,4.6,6.07,0.49,4.98,6.7,38,38.11
541.45,38,0.14,4.14,7.13,1.14,4.14,5.51,0.72,4.07,7.96,0.43,4.57,6.07,0.49,4.97,6.69,38,38.11
542.45,38,0.13,4.13,7.13,1.13,4.12,5.5,0.72,4.04,7.95,0.43,4.56,6.05,0.48,4.94,6.68,38,38.12
543.47,38,0.14,4.11,7.14,1.14,4.11,5.5,0.73,4.03,7.94,0.43,4.56,6.05,0.49,4.93,6.68,38,38.11
544.47,38,0.14,4.11,7.13,1.14,4.1,5.5,0.72,4,7.95,0.44,4.53,6.04,0.49,4.91,6.65,38,38.12
545.47,38,0.14,4.07,7.1,1.12,4.08,5.48,0.72,3.98,7.93,0.43,4.51,6.02,0.48,4.89,6.62,38,38.12
546.47,38,0.14,4.07,7.11,1.14,4.06,5.48,0.72,3.95,7.94,0.44,4.5,6.01,0.49,4.88,6.62,38,38.11
547.47,38,0.14,4.05,7.1,1.13,4.04,5.49,0.72,3.94,7.93,0.44,4.48,6,0.49,4.86,6.6,38,38.09
548.47,38,0.13,4.03,7.1,1.14,4.03,5.48,0.72,3.91,7.92,0.43,4.46,5.98,0.48,4.85,6.59,38,38.12
549.48,38,0.14,4.02,7.11,1.14,4.02,5.48,0.72,3.91,7.92,0.43,4.45,5.98,0.49,4.84,6.59,38,38.12
550.48,38,0.14,4.01,7.08,1.14,4,5.48,0.72,3.89,7.9,0.43,4.43,5.97,0.49,4.84,6.55,38,38.12
551.48,38,0.14,3.99,7.09,1.14,4,5.48,0.72,3.88,7.91,0.43,4.42,5.96,0.49,4.84,6.55,38,38.11
552.5,38,0.14,3.97,7.08,1.13,3.97,5.46,0.72,3.85,7.88,0.43,4.4,5.94,0.49,4.81,6.52,38,38.12
553.5,38,0.14,3.95,7.07,1.14,3.95,5.48,0.72,3.84,7.88,0.43,4.39,5.93,0.49,4.81,6.51,38,38.12
554.5,38,0.13,3.93,7.06,1.13,3.94,5.47,0.72,3.81,7.86,0.43,4.37,5.92,0.48,4.78,6.49,38,38.11
555.5,38,0.13,3.92,7.06,1.13,3.93,5.47,0.72,3.79,7.87,0.43,4.36,5.92,0.49,4.77,6.48,38,38.12
556.52,38,0.13,3.91,7.06,1.13,3.92,5.47,0.72,3.77,7.84,0.44,4.35,5.9,0.48,4.75,6.46,38,38.12
557.52,38,0.13,3.88,7.06,1.13,3.88,5.46,0.72,3.75,7.85,0.43,4.32,5.88,0.49,4.73,6.44,38,38.12
558.52,38,0.11,3.88,7.06,1.13,3.88,5.45,0.72,3.73,7.86,0.44,4.32,5.89,0.49,4.73,6.43,38,38.12
559.52,38,0.13,3.85,7.04,1.13,3.85,5.46,0.72,3.71,7.83,0.43,4.3,5.87,0.49,4.7,6.4,38,38.12
560.52,38,0.14,3.85,7.06,1.14,3.85,5.45,0.72,3.7,7.85,0.44,4.29,5.86,0.49,4.69,6.38,38,38.11
561.53,38,0.13,3.82,7.05,1.12,3.82,5.44,0.72,3.68,7.83,0.43,4.26,5.85,0.49,4.66,6.37,38,38.12
562.53,38,0.13,3.8,7.03,1.14,3.8,5.43,0.72,3.66,7.81,0.43,4.24,5.84,0.48,4.65,6.34,38,38.12
563.53,38,0.14,3.79,7.02,1.14,3.79,5.44,0.72,3.64,7.8,0.43,4.24,5.83,0.49,4.63,6.33,38,38.12
564.53,38,0.14,3.77,7.04,1.14,3.78,5.44,0.72,3.62,7.8,0.44,4.23,5.81,0.49,4.63,6.32,38,38.12
565.53,38,0.14,3.76,7.03,1.14,3.77,5.43,0.72,3.61,7.81,0.44,4.22,5.81,0.49,4.62,6.31,38,38.12
566.53,38,0.14,3.74,7.02,1.14,3.75,5.43,0.72,3.59,7.77,0.43,4.2,5.79,0.49,4.6,6.3,38,38.12
567.53,38,0.11,3.72,7.02,1.13,3.73,5.43,0.72,3.58,7.78,0.44,4.18,5.79,0.49,4.59,6.28,38,38.12
568.53,38,0.14,3.7,7,1.14,3.73,5.42,0.72,3.56,7.79,0.43,4.18,5.78,0.49,4.57,6.28,38,38.14
569.55,38,0.14,3.7,7.01,1.14,3.71,5.41,0.73,3.55,7.77,0.44,4.16,5.77,0.49,4.56,6.28,38,38.12
570.55,38,0.13,3.69,7.01,1.14,3.7,5.41,0.72,3.52,7.77,0.44,4.16,5.77,0.49,4.53,6.28,38,38.12
571.55,38,0.13,3.66,7,1.13,3.67,5.4,0.72,3.5,7.74,0.43,4.12,5.75,0.48,4.52,6.28,38,38.14
572.55,38,0.14,3.67,6.99,1.15,3.67,5.42,0.72,3.5,7.75,0.44,4.13,5.75,0.49,4.52,6.3,38,38.12
573.57,38,0.14,3.64,6.98,1.14,3.64,5.41,0.72,3.48,7.74,0.43,4.11,5.74,0.49,4.49,6.29,38,38.14
574.57,38,0.14,3.62,6.98,1.14,3.64,5.41,0.72,3.46,7.74,0.44,4.08,5.73,0.49,4.49,6.3,38,38.14
575.57,38,0.14,3.6,6.99,1.14,3.61,5.4,0.72,3.44,7.74,0.44,4.07,5.72,0.49,4.46,6.31,38,38.12
576.57,38,0.14,3.59,6.99,1.14,3.61,5.4,0.72,3.42,7.73,0.44,4.07,5.72,0.49,4.46,6.32,38,38.12
577.57,38,0.14,3.58,6.99,1.15,3.59,5.39,0.73,3.42,7.73,0.44,4.06,5.72,0.49,4.46,6.35,38,38.15
578.57,38,0.14,3.56,6.97,1.14,3.57,5.39,0.72,3.4,7.7,0.44,4.04,5.69,0.49,4.45,6.35,38,38.14
579.58,38,0.12,3.55,6.97,1.14,3.55,5.38,0.72,3.38,7.71,0.43,4.03,5.69,0.49,4.43,6.37,38,38.14
580.58,38,0.14,3.55,6.97,1.14,3.55,5.38,0.72,3.37,7.7,0.44,4.03,5.69,0.5,4.44,6.38,38,38.15
581.58,38,0.14,3.53,6.96,1.15,3.53,5.39,0.72,3.35,7.71,0.44,4.02,5.69,0.49,4.42,6.41,38,38.14
582.6,38,0.14,3.51,6.96,1.14,3.52,5.39,0.72,3.33,7.71,0.44,4.01,5.68,0.49,4.4,6.42,38,38.15
583.6,38,0.14,3.49,6.95,1.14,3.5,5.38,0.72,3.3,7.7,0.43,4,5.68,0.49,4.4,6.42,38,38.14
584.6,38,0.14,3.47,6.95,1.13,3.49,5.38,0.72,3.28,7.68,0.44,3.99,5.66,0.49,4.37,6.43,38,38.15
585.6,38,0.14,3.47,6.96,1.14,3.47,5.39,0.72,3.27,7.68,0.44,3.98,5.65,0.49,4.37,6.45,38,38.14
586.6,38,0.14,3.46,6.94,1.14,3.46,5.38,0.72,3.26,7.67,0.44,3.97,5.66,0.49,4.35,6.45,38,38.15
587.6,38,0.11,3.45,6.93,1.13,3.44,5.38,0.73,3.23,7.66,0.44,3.95,5.64,0.49,4.32,6.47,38,38.15
588.62,38,0.14,3.43,6.92,1.14,3.42,5.37,0.72,3.21,7.64,0.43,3.93,5.63,0.48,4.3,6.47,38,38.15
589.62,38,0.14,3.42,6.93,1.14,3.4,5.38,0.72,3.18,7.63,0.43,3.92,5.64,0.49,4.27,6.48,38,38.14
590.62,38,0.14,3.4,6.93,1.13,3.39,5.38,0.72,3.17,7.65,0.43,3.9,5.61,0.49,4.24,6.48,38,38.14
591.62,38,0.14,3.4,6.93,1.14,3.37,5.37,0.72,3.16,7.62,0.43,3.87,5.6,0.49,4.21,6.47,38,38.14
592.62,38,0.14,3.4,6.93,1.14,3.36,5.38,0.72,3.13,7.62,0.44,3.85,5.58,0.48,4.18,6.48,38,38.14
593.62,38,0.13,3.39,6.95,1.14,3.35,5.38,0.72,3.11,7.61,0.44,3.83,5.58,0.49,4.17,6.48,38,38.14
594.63,38,0.13,3.38,6.95,1.14,3.34,5.37,0.72,3.09,7.61,0.43,3.8,5.55,0.49,4.14,6.47,38,38.12
595.63,38,0.13,3.36,6.94,1.13,3.33,5.37,0.72,3.08,7.6,0.43,3.79,5.53,0.48,4.15,6.47,38,38.12
596.63,38,0.13,3.35,6.93,1.14,3.32,5.37,0.72,3.08,7.6,0.43,3.79,5.52,0.48,4.2,6.46,38,38.12
597.63,38,0.14,3.33,6.93,1.14,3.31,5.37,0.73,3.08,7.61,0.44,3.78,5.49,0.49,4.26,6.45,38,38.12
598.63,38,0.13,3.3,6.92,1.13,3.27,5.35,0.72,3.05,7.6,0.43,3.77,5.47,0.49,4.31,6.44,38,38.12
599.65,38,0.14,3.28,6.91,1.14,3.26,5.37,0.72,3.05,7.62,0.44,3.77,5.47,0.49,4.34,6.44,38,38.12
600.65,38,0.14,3.27,6.91,1.14,3.24,5.37,0.72,3.03,7.62,0.44,3.77,5.45,0.49,4.36,6.46,38,38.12
601.65,38,0.14,3.25,6.9,1.14,3.21,5.36,0.72,3,7.61,0.43,3.78,5.45,0.49,4.35,6.49,38,38.11
602.65,38,0.13,3.23,6.88,1.14,3.17,5.36,0.72,2.97,7.6,0.43,3.77,5.45,0.49,4.33,6.53,38,38.11
603.67,38,0.14,3.21,6.88,1.14,3.14,5.35,0.72,2.95,7.6,0.43,3.78,5.45,0.48,4.34,6.55,38,38.12
604.67,38,0.14,3.19,6.88,1.14,3.12,5.36,0.72,2.92,7.59,0.44,3.76,5.46,0.49,4.31,6.6,38,38.12
605.67,38,0.13,3.17,6.86,1.14,3.09,5.34,0.72,2.9,7.57,0.43,3.75,5.45,0.48,4.28,6.62,38,38.11
606.67,38,0.14,3.14,6.86,1.14,3.06,5.35,0.72,2.88,7.56,0.44,3.73,5.45,0.48,4.26,6.66,38,38.11
607.67,38,0.13,3.13,6.85,1.14,3.04,5.34,0.71,2.85,7.54,0.43,3.7,5.46,0.49,4.23,6.68,38,38.09
608.67,38,0.13,3.12,6.85,1.14,3.02,5.35,0.73,2.82,7.55,0.44,3.69,5.46,0.49,4.21,6.69,38,38.11
609.67,38,0.14,3.1,6.86,1.14,2.98,5.34,0.73,2.8,7.54,0.43,3.65,5.45,0.49,4.19,6.71,38,38.11
610.68,38,0.13,3.08,6.84,1.13,2.95,5.33,0.72,2.75,7.52,0.43,3.62,5.43,0.48,4.15,6.72,38,38.11
611.68,38,0.14,3.05,6.84,1.14,2.92,5.33,0.72,2.72,7.5,0.43,3.59,5.43,0.48,4.12,6.74,38,38.11
612.68,38,0.13,3.05,6.84,1.14,2.9,5.34,0.72,2.69,7.51,0.44,3.56,5.43,0.49,4.1,6.74,38,38.11
613.68,38,0.14,3.03,6.83,1.14,2.87,5.33,0.72,2.66,7.48,0.44,3.52,5.42,0.49,4.07,6.75,38,38.11
614.68,38,0.14,3,6.82,1.14,2.84,5.33,0.72,2.63,7.47,0.44,3.47,5.39,0.48,4.04,6.73,38,38.11
615.68,38,0.11,2.97,6.81,1.14,2.81,5.33,0.72,2.59,7.47,0.44,3.44,5.39,0.49,4.01,6.73,38,38.11
616.68,38,0.14,2.96,6.82,1.15,2.8,5.33,0.73,2.57,7.47,0.44,3.4,5.38,0.49,3.98,6.74,38,38.11
617.7,38,0.14,2.94,6.8,1.14,2.77,5.33,0.72,2.53,7.44,0.44,3.36,5.36,0.49,3.93,6.72,38,38.12
618.7,38,0.13,2.92,6.78,1.14,2.74,5.32,0.72,2.51,7.44,0.43,3.32,5.34,0.49,3.89,6.71,38,38.12
619.7,38,0.14,2.91,6.79,1.14,2.73,5.33,0.72,2.49,7.43,0.44,3.29,5.34,0.49,3.86,6.72,38,38.12
620.7,38,0.14,2.88,6.78,1.14,2.72,5.32,0.72,2.46,7.42,0.43,3.26,5.33,0.49,3.81,6.7,38,38.12
621.7,38,0.13,2.86,6.77,1.14,2.7,5.32,0.72,2.44,7.42,0.43,3.23,5.31,0.49,3.78,6.71,38,38.12
622.72,38,0.14,2.85,6.78,1.13,2.69,5.32,0.72,2.42,7.42,0.43,3.22,5.3,0.49,3.75,6.71,38,38.12
623.72,38,0.14,2.82,6.78,1.14,2.68,5.31,0.73,2.39,7.41,0.44,3.22,5.29,0.49,3.73,6.72,38,38.12
624.72,38,0.13,2.81,6.77,1.14,2.65,5.31,0.72,2.37,7.38,0.43,3.22,5.28,0.48,3.7,6.71,38,38.12
625.72,38,0.14,2.8,6.77,1.14,2.65,5.31,0.72,2.35,7.37,0.43,3.24,5.27,0.49,3.68,6.71,38,38.12
626.73,38,0.14,2.78,6.76,1.14,2.63,5.31,0.72,2.33,7.38,0.43,3.26,5.27,0.49,3.67,6.72,38,38.14
627.73,38,0.14,2.77,6.75,1.13,2.63,5.3,0.72,2.3,7.36,0.43,3.27,5.25,0.49,3.67,6.73,38,38.14
628.73,38,0.14,2.77,6.77,1.14,2.62,5.31,0.72,2.29,7.38,0.43,3.29,5.26,0.49,3.65,6.73,38,38.14
629.73,38,0.14,2.75,6.76,1.14,2.62,5.3,0.72,2.28,7.35,0.44,3.29,5.25,0.48,3.64,6.72,38,38.14
630.75,38,0.14,2.73,6.76,1.14,2.62,5.3,0.72,2.27,7.35,0.44,3.29,5.25,0.49,3.64,6.73,38,38.14
631.75,38,0.14,2.72,6.76,1.14,2.6,5.31,0.72,2.25,7.34,0.43,3.29,5.25,0.49,3.62,6.74,38,38.15
632.75,38,0.14,2.7,6.75,1.14,2.6,5.31,0.72,2.26,7.34,0.44,3.26,5.25,0.49,3.62,6.74,38,38.14
633.75,38,0.13,2.68,6.73,1.13,2.59,5.29,0.72,2.24,7.33,0.43,3.24,5.24,0.48,3.61,6.74,38,38.15
634.75,38,0.14,2.68,6.74,1.14,2.6,5.31,0.72,2.26,7.35,0.44,3.23,5.25,0.49,3.61,6.76,38,38.15
635.75,38,0.14,2.65,6.75,1.14,2.57,5.3,0.73,2.25,7.34,0.44,3.21,5.26,0.49,3.61,6.74,38,38.15
636.77,38,0.14,2.63,6.74,1.13,2.57,5.29,0.72,2.23,7.32,0.44,3.17,5.26,0.49,3.59,6.73,38,38.15
637.77,38,0.14,2.61,6.72,1.14,2.56,5.29,0.72,2.22,7.32,0.44,3.15,5.26,0.49,3.56,6.72,38,38.15
638.77,38,0.14,2.61,6.73,1.14,2.54,5.29,0.73,2.22,7.33,0.43,3.12,5.26,0.49,3.55,6.73,38,38.14
639.77,38,0.11,2.6,6.73,1.14,2.53,5.29,0.72,2.2,7.31,0.43,3.07,5.25,0.49,3.5,6.71,38,38.14
640.77,38,0.14,2.6,6.74,1.14,2.52,5.29,0.73,2.2,7.3,0.44,3.03,5.24,0.49,3.47,6.7,38,38.14
641.77,38,0.14,2.6,6.74,1.14,2.51,5.29,0.72,2.18,7.29,0.44,2.99,5.23,0.49,3.45,6.69,38,38.12
642.77,38,0.14,2.6,6.73,1.14,2.51,5.29,0.72,2.17,7.29,0.44,2.95,5.22,0.49,3.45,6.69,38,38.12
643.78,38,0.11,2.58,6.74,1.13,2.5,5.29,0.72,2.16,7.28,0.43,2.9,5.2,0.48,3.45,6.67,38,38.12
644.78,38,0.14,2.55,6.73,1.14,2.5,5.29,0.73,2.16,7.28,0.44,2.88,5.19,0.48,3.48,6.66,38,38.14
645.78,38,0.14,2.53,6.74,1.14,2.48,5.28,0.72,2.16,7.28,0.43,2.87,5.17,0.49,3.51,6.66,38,38.12
646.8,38,0.11,2.52,6.72,1.14,2.46,5.28,0.72,2.15,7.28,0.44,2.87,5.15,0.49,3.51,6.64,38,38.12
647.8,38,0.14,2.51,6.71,1.14,2.46,5.28,0.73,2.15,7.29,0.44,2.9,5.14,0.49,3.53,6.65,38,38.12
648.82,38,0.14,2.48,6.71,1.14,2.42,5.28,0.72,2.14,7.3,0.44,2.91,5.12,0.49,3.52,6.64,38,38.12
649.82,38,0.14,2.46,6.7,1.14,2.39,5.27,0.72,2.12,7.29,0.43,2.94,5.11,0.49,3.5,6.63,38,38.12
650.82,38,0.14,2.44,6.69,1.14,2.36,5.26,0.72,2.11,7.3,0.43,2.97,5.1,0.49,3.49,6.64,38,38.14
651.83,38,0.14,2.42,6.69,1.14,2.33,5.25,0.72,2.08,7.29,0.43,3.01,5.08,0.48,3.48,6.65,38,38.12
652.83,38,0.14,2.39,6.68,1.14,2.3,5.25,0.72,2.06,7.29,0.44,3.04,5.07,0.49,3.47,6.66,38,38.12
653.83,38,0.13,2.38,6.69,1.14,2.28,5.26,0.72,2.04,7.3,0.43,3.07,5.05,0.49,3.47,6.67,38,38.12
654.83,38,0.13,2.35,6.67,1.13,2.24,5.24,0.72,2,7.29,0.43,3.09,5.04,0.48,3.43,6.67,38,38.12
655.83,38,0.14,2.34,6.66,1.13,2.22,5.24,0.72,1.97,7.29,0.43,3.09,5.01,0.48,3.42,6.68,38,38.12
656.83,38,0.14,2.31,6.66,1.13,2.19,5.24,0.72,1.94,7.29,0.43,3.09,5,0.48,3.4,6.69,38,38.12
657.85,38,0.13,2.3,6.66,1.14,2.17,5.24,0.72,1.92,7.28,0.44,3.08,5,0.49,3.38,6.69,38,38.11
658.85,38,0.13,2.27,6.63,1.13,2.15,5.24,0.71,1.87,7.25,0.43,3.05,4.97,0.48,3.37,6.69,38,38.11
659.87,38,0.13,2.26,6.64,1.12,2.13,5.24,0.72,1.83,7.23,0.43,3.03,4.96,0.48,3.35,6.68,38,38.11
660.87,38,0.14,2.24,6.65,1.14,2.11,5.24,0.72,1.81,7.24,0.43,3,4.93,0.49,3.32,6.7,38,38.12
661.87,38,0.14,2.23,6.65,1.13,2.07,5.24,0.72,1.79,7.22,0.43,2.97,4.93,0.48,3.3,6.7,38,38.11
662.87,38,0.14,2.22,6.64,1.13,2.06,5.23,0.72,1.77,7.22,0.44,2.93,4.92,0.49,3.28,6.7,38,38.12
663.87,38,0.12,2.19,6.63,1.14,2.03,5.23,0.72,1.75,7.2,0.43,2.88,4.89,0.48,3.26,6.69,38,38.12
664.87,38,0.13,2.18,6.63,1.14,2,5.23,0.72,1.74,7.2,0.43,2.84,4.88,0.48,3.24,6.69,38,38.11
665.87,38,0.13,2.16,6.63,1.14,1.99,5.23,0.72,1.72,7.2,0.44,2.8,4.89,0.49,3.24,6.69,38,38.12
666.88,38,0.1,2.15,6.62,1.14,1.96,5.23,0.72,1.7,7.19,0.43,2.75,4.87,0.49,3.21,6.69,38,38.11
667.88,38,0.13,2.13,6.61,1.14,1.94,5.21,0.72,1.68,7.19,0.43,2.7,4.86,0.47,3.2,6.69,38,38.09
668.88,38,0.14,2.12,6.61,1.13,1.93,5.23,0.72,1.67,7.2,0.44,2.67,4.86,0.49,3.19,6.69,38,38.11
669.88,38,0.14,2.09,6.61,1.14,1.92,5.22,0.72,1.65,7.18,0.44,2.63,4.85,0.49,3.18,6.69,38,38.11
670.88,38,0.13,2.07,6.61,1.12,1.9,5.22,0.72,1.64,7.18,0.43,2.6,4.85,0.49,3.15,6.69,38,38.12
671.9,38,0.14,2.07,6.6,1.14,1.9,5.21,0.72,1.63,7.18,0.43,2.58,4.85,0.49,3.15,6.69,38,38.09
672.9,38,0.12,2.04,6.6,1.14,1.89,5.21,0.72,1.61,7.18,0.44,2.56,4.85,0.48,3.13,6.68,38,38.12
673.9,38,0.13,2.02,6.59,1.13,1.87,5.2,0.72,1.59,7.17,0.43,2.56,4.83,0.48,3.11,6.66,38,38.11
674.9,38,0.11,2.01,6.59,1.14,1.86,5.2,0.72,1.58,7.16,0.43,2.56,4.85,0.48,3.08,6.67,38,38.09
675.92,38,0.14,2,6.6,1.14,1.85,5.21,0.72,1.57,7.17,0.43,2.56,4.85,0.49,3.05,6.67,38,38.09
676.92,38,0.13,1.97,6.58,1.14,1.83,5.2,0.72,1.55,7.16,0.43,2.56,4.83,0.49,3.03,6.65,38,38.11
677.92,38,0.14,1.96,6.58,1.14,1.81,5.2,0.72,1.53,7.15,0.43,2.55,4.83,0.49,3,6.65,38,38.12
678.92,38,0.14,1.95,6.58,1.14,1.81,5.21,0.74,1.53,7.14,0.44,2.54,4.83,0.49,2.98,6.64,38,38.12
679.93,38,0.14,1.93,6.59,1.14,1.78,5.19,0.72,1.52,7.14,0.44,2.52,4.81,0.49,2.95,6.63,38,38.12
680.93,38,0.14,1.91,6.57,1.14,1.77,5.19,0.72,1.5,7.12,0.43,2.51,4.81,0.48,2.95,6.62,38,38.12
681.93,38,0.13,1.88,6.55,1.13,1.75,5.19,0.72,1.49,7.1,0.43,2.48,4.79,0.47,2.92,6.6,38,38.12
682.93,38,0.13,1.88,6.55,1.14,1.75,5.19,0.72,1.48,7.1,0.44,2.45,4.79,0.49,2.9,6.61,38,38.11
683.93,38,0.13,1.86,6.54,1.14,1.75,5.19,0.72,1.48,7.11,0.44,2.42,4.79,0.49,2.88,6.6,38,38.12
684.93,38,0.14,1.84,6.55,1.13,1.73,5.19,0.72,1.46,7.1,0.43,2.37,4.77,0.49,2.85,6.58,38,38.12
685.93,38,0.13,1.82,6.54,1.14,1.72,5.19,0.72,1.46,7.1,0.44,2.33,4.76,0.49,2.84,6.57,38,38.12
686.95,38,0.14,1.82,6.54,1.14,1.71,5.19,0.72,1.44,7.09,0.44,2.3,4.76,0.49,2.84,6.56,38,38.12
687.95,38,0.14,1.8,6.53,1.13,1.69,5.18,0.72,1.43,7.09,0.44,2.26,4.73,0.49,2.82,6.56,38,38.12
688.95,38,0.1,1.78,6.52,1.14,1.68,5.19,0.72,1.41,7.08,0.43,2.24,4.72,0.49,2.8,6.53,38,38.12
689.95,38,0.14,1.77,6.53,1.14,1.67,5.19,0.72,1.4,7.07,0.44,2.23,4.7,0.49,2.81,6.53,38,38.12
690.95,38,0.14,1.77,6.52,1.14,1.66,5.19,0.72,1.4,7.08,0.44,2.23,4.69,0.49,2.8,6.53,38,38.12
691.95,38,0.14,1.75,6.52,1.14,1.65,5.19,0.72,1.39,7.07,0.44,2.22,4.68,0.49,2.77,6.52,38,38.12
692.95,38,0.14,1.73,6.52,1.14,1.64,5.19,0.72,1.39,7.07,0.44,2.22,4.66,0.49,2.75,6.52,38,38.12
693.97,38,0.13,1.73,6.51,1.14,1.63,5.19,0.72,1.39,7.06,0.43,2.22,4.65,0.49,2.72,6.5,38,38.12
694.97,38,0.14,1.71,6.51,1.14,1.62,5.18,0.72,1.39,7.06,0.43,2.23,4.63,0.49,2.7,6.5,38,38.12
695.97,38,0.14,1.71,6.51,1.14,1.63,5.17,0.72,1.4,7.07,0.43,2.25,4.64,0.49,2.69,6.5,38,38.12
696.97,38,0.14,1.69,6.5,1.14,1.63,5.18,0.72,1.41,7.06,0.44,2.27,4.63,0.49,2.68,6.5,38,38.12
697.98,38,0.11,1.69,6.5,1.14,1.63,5.19,0.72,1.4,7.05,0.44,2.3,4.63,0.49,2.66,6.49,38,38.14
698.98,38,0.14,1.67,6.5,1.14,1.62,5.19,0.72,1.41,7.05,0.44,2.32,4.63,0.49,2.65,6.49,38,38.12
699.98,38,0.14,1.65,6.5,1.14,1.62,5.18,0.73,1.42,7.06,0.43,2.34,4.65,0.49,2.65,6.49,38,38.12
700.98,38,0.11,1.64,6.49,1.14,1.62,5.17,0.72,1.42,7.04,0.43,2.35,4.65,0.49,2.63,6.48,38,38.14
701.98,38,0.11,1.62,6.49,1.14,1.62,5.17,0.72,1.42,7.06,0.44,2.37,4.68,0.49,2.63,6.48,38,38.14
702.98,38,0.14,1.61,6.48,1.14,1.62,5.17,0.72,1.43,7.06,0.44,2.37,4.69,0.49,2.63,6.48,38,38.15
703.98,38,0.14,1.59,6.46,1.14,1.61,5.17,0.72,1.42,7.03,0.44,2.35,4.71,0.48,2.6,6.48,38,38.14
704.98,38,0.14,1.59,6.48,1.14,1.61,5.17,0.72,1.43,7.04,0.44,2.36,4.73,0.49,2.58,6.49,38,38.14
705.98,38,0.14,1.57,6.47,1.14,1.61,5.17,0.72,1.43,7.05,0.44,2.35,4.75,0.49,2.56,6.48,38,38.15
707,38,0.11,1.56,6.46,1.14,1.6,5.18,0.72,1.42,7.03,0.44,2.35,4.77,0.49,2.55,6.48,38,38.14
708,38,0.14,1.55,6.46,1.14,1.59,5.17,0.72,1.42,7.03,0.44,2.33,4.77,0.49,2.51,6.46,38,38.12
709,38,0.12,1.55,6.48,1.14,1.59,5.16,0.72,1.42,7.02,0.44,2.33,4.79,0.5,2.51,6.48,38,38.14
710,38,0.14,1.55,6.46,1.14,1.58,5.17,0.72,1.4,7.01,0.44,2.3,4.78,0.49,2.49,6.46,38,38.14
711,38,0.13,1.55,6.45,1.13,1.57,5.16,0.72,1.4,7,0.44,2.27,4.77,0.49,2.49,6.45,38,38.12
712.02,38,0.14,1.55,6.48,1.14,1.57,5.17,0.72,1.4,7,0.44,2.26,4.77,0.49,2.49,6.45,38,38.12
713.02,38,0.14,1.55,6.47,1.14,1.57,5.17,0.72,1.41,7,0.43,2.23,4.76,0.49,2.5,6.44,38,38.12
714.02,38,0.14,1.54,6.49,1.14,1.57,5.16,0.72,1.41,6.99,0.43,2.2,4.75,0.49,2.53,6.42,38,38.14
715.03,38,0.14,1.52,6.48,1.14,1.57,5.15,0.72,1.43,7.01,0.44,2.19,4.73,0.49,2.57,6.42,38,38.12
716.03,38,0.13,1.49,6.45,1.12,1.55,5.14,0.71,1.42,7,0.43,2.17,4.71,0.47,2.58,6.4,38,38.12
717.05,38,0.14,1.48,6.46,1.14,1.55,5.15,0.72,1.46,7,0.44,2.17,4.7,0.49,2.63,6.42,38,38.11
718.05,38,0.14,1.46,6.46,1.14,1.54,5.15,0.72,1.46,7.03,0.44,2.17,4.68,0.49,2.64,6.44,38,38.11
719.07,38,0.14,1.42,6.43,1.13,1.5,5.15,0.72,1.44,7.02,0.44,2.16,4.67,0.48,2.64,6.45,38,38.12
720.07,38,0.13,1.41,6.44,1.13,1.48,5.14,0.72,1.42,7.02,0.43,2.15,4.65,0.47,2.63,6.45,38,38.11
721.07,38,0.14,1.4,6.44,1.14,1.46,5.15,0.72,1.41,7.02,0.44,2.16,4.65,0.48,2.63,6.48,38,38.09
722.07,38,0.11,1.38,6.44,1.14,1.42,5.14,0.72,1.37,7.02,0.43,2.16,4.63,0.49,2.61,6.5,38,38.09
723.07,38,0.11,1.36,6.43,1.14,1.4,5.14,0.72,1.35,7.02,0.43,2.15,4.61,0.48,2.58,6.52,38,38.11
724.07,38,0.13,1.34,6.41,1.13,1.37,5.12,0.72,1.33,7.03,0.43,2.15,4.61,0.48,2.57,6.52,38,38.11
725.07,38,0.1,1.33,6.41,1.13,1.34,5.13,0.72,1.31,7.01,0.43,2.15,4.61,0.48,2.54,6.54,38,38.11
726.08,38,0.11,1.3,6.4,1.14,1.33,5.14,0.73,1.29,7.01,0.44,2.13,4.61,0.49,2.53,6.55,38,38.11
727.08,38,0.11,1.27,6.39,1.13,1.31,5.12,0.72,1.27,7,0.43,2.1,4.61,0.48,2.51,6.53,38,38.11
728.1,38,0.14,1.26,6.38,1.14,1.29,5.12,0.71,1.25,6.99,0.43,2.07,4.61,0.48,2.48,6.54,38,38.09
729.1,38,0.14,1.25,6.39,1.14,1.29,5.11,0.72,1.25,6.99,0.43,2.06,4.62,0.48,2.46,6.53,38,38.09
730.1,38,0.14,1.24,6.38,1.14,1.27,5.12,0.72,1.24,6.98,0.44,2.03,4.64,0.49,2.43,6.54,38,38.11
731.1,38,0.13,1.21,6.37,1.13,1.25,5.11,0.71,1.21,6.96,0.43,1.99,4.63,0.48,2.39,6.52,38,38.09
732.1,38,0.14,1.2,6.37,1.14,1.24,5.12,0.72,1.21,6.96,0.44,1.96,4.65,0.49,2.39,6.53,38,38.11
733.12,38,0.13,1.19,6.37,1.13,1.22,5.11,0.72,1.2,6.95,0.43,1.92,4.65,0.48,2.36,6.52,38,38.09
734.12,38,0.13,1.18,6.37,1.14,1.21,5.12,0.72,1.2,6.96,0.43,1.9,4.66,0.48,2.33,6.52,38,38.09
735.12,38,0.14,1.17,6.36,1.14,1.2,5.11,0.72,1.2,6.95,0.44,1.86,4.65,0.48,2.3,6.5,38,38.09
736.12,38,0.12,1.16,6.35,1.13,1.18,5.11,0.72,1.19,6.94,0.43,1.82,4.65,0.49,2.27,6.5,38,38.09
737.12,38,0.11,1.14,6.35,1.13,1.18,5.1,0.72,1.18,6.94,0.43,1.79,4.66,0.49,2.25,6.5,38,38.09
738.12,38,0.11,1.12,6.34,1.13,1.16,5.1,0.72,1.18,6.93,0.43,1.75,4.65,0.48,2.23,6.48,38,38.09
739.12,38,0.14,1.11,6.35,1.14,1.16,5.1,0.72,1.19,6.92,0.43,1.74,4.65,0.48,2.2,6.47,38,38.09
740.12,38,0.13,1.09,6.34,1.13,1.16,5.1,0.71,1.19,6.91,0.43,1.71,4.65,0.48,2.17,6.47,38,38.08
741.13,38,0.11,1.08,6.34,1.13,1.16,5.1,0.72,1.19,6.92,0.43,1.71,4.65,0.49,2.15,6.46,38,38.09
742.13,38,0.13,1.07,6.35,1.14,1.17,5.1,0.73,1.21,6.91,0.44,1.71,4.65,0.49,2.15,6.47,38,38.09
743.13,38,0.11,1.06,6.32,1.14,1.16,5.1,0.72,1.2,6.9,0.43,1.7,4.64,0.48,2.13,6.45,38,38.09
744.13,38,0.11,1.05,6.33,1.13,1.16,5.1,0.72,1.19,6.89,0.43,1.7,4.63,0.48,2.11,6.45,38,38.11
745.13,38,0.13,1.03,6.32,1.13,1.16,5.09,0.72,1.18,6.87,0.43,1.7,4.62,0.48,2.1,6.44,38,38.11
746.13,38,0.11,1.02,6.31,1.14,1.15,5.1,0.71,1.18,6.87,0.43,1.71,4.61,0.48,2.08,6.44,38,38.09
747.13,38,0.13,1,6.3,1.13,1.14,5.1,0.72,1.18,6.87,0.43,1.71,4.61,0.48,2.07,6.43,38,38.09
748.13,38,0.13,0.98,6.3,1.14,1.14,5.1,0.72,1.17,6.86,0.43,1.72,4.61,0.48,2.06,6.41,38,38.09
749.13,38,0.14,0.98,6.3,1.13,1.13,5.1,0.72,1.18,6.87,0.43,1.74,4.61,0.49,2.04,6.43,38,38.11
750.15,38,0.13,0.96,6.3,1.14,1.12,5.1,0.72,1.17,6.87,0.44,1.75,4.61,0.49,2.03,6.42,38,38.11
751.15,38,0.14,0.96,6.3,1.14,1.11,5.1,0.72,1.17,6.86,0.43,1.74,4.59,0.49,2,6.42,38,38.12
752.15,38,0.14,0.96,6.3,1.14,1.11,5.1,0.72,1.18,6.86,0.43,1.74,4.58,0.48,1.99,6.4,38,38.11
753.15,38,0.13,0.94,6.28,1.12,1.1,5.09,0.72,1.17,6.84,0.43,1.71,4.58,0.48,1.96,6.37,38,38.11
754.15,38,0.11,0.93,6.28,1.13,1.1,5.09,0.72,1.18,6.84,0.43,1.7,4.57,0.48,1.96,6.37,38,38.09
755.15,38,0.13,0.92,6.29,1.14,1.1,5.09,0.72,1.18,6.85,0.43,1.67,4.57,0.48,1.94,6.37,38,38.11
756.17,38,0.13,0.91,6.28,1.14,1.1,5.08,0.72,1.18,6.84,0.43,1.65,4.57,0.49,1.93,6.37,38,38.12
757.17,38,0.14,0.91,6.28,1.14,1.11,5.09,0.72,1.18,6.85,0.43,1.65,4.57,0.49,1.92,6.37,38,38.12
758.17,38,0.14,0.88,6.27,1.13,1.11,5.09,0.72,1.18,6.84,0.43,1.63,4.56,0.48,1.91,6.35,38,38.12
759.17,38,0.13,0.88,6.27,1.14,1.12,5.1,0.73,1.19,6.84,0.44,1.63,4.57,0.49,1.9,6.36,38,38.12
760.18,38,0.14,0.87,6.25,1.13,1.11,5.08,0.72,1.18,6.82,0.43,1.61,4.55,0.48,1.88,6.34,38,38.12
761.18,38,0.14,0.86,6.25,1.13,1.11,5.09,0.72,1.18,6.83,0.43,1.61,4.56,0.49,1.87,6.32,38,38.12
762.18,38,0.14,0.85,6.25,1.14,1.11,5.09,0.72,1.19,6.85,0.44,1.61,4.56,0.49,1.9,6.35,38,38.12
763.18,38,0.13,0.84,6.24,1.14,1.11,5.08,0.72,1.18,6.83,0.43,1.61,4.57,0.49,1.87,6.34,38,38.14
764.18,38,0.14,0.84,6.24,1.14,1.11,5.09,0.73,1.18,6.83,0.44,1.61,4.57,0.49,1.88,6.34,38,38.12
765.18,38,0.14,0.83,6.24,1.14,1.11,5.09,0.72,1.18,6.83,0.44,1.61,4.58,0.49,1.87,6.34,38,38.14
766.18,38,0.11,0.82,6.23,1.14,1.09,5.09,0.72,1.18,6.82,0.43,1.6,4.58,0.49,1.86,6.33,38,38.14
767.2,38,0.14,0.82,6.24,1.14,1.1,5.09,0.72,1.17,6.83,0.44,1.61,4.58,0.48,1.85,6.34,38,38.14
768.2,38,0.14,0.82,6.23,1.14,1.11,5.09,0.72,1.18,6.83,0.44,1.62,4.6,0.49,1.85,6.34,38,38.14
769.2,38,0.14,0.82,6.24,1.14,1.1,5.09,0.72,1.18,6.81,0.44,1.63,4.61,0.49,1.83,6.34,38,38.14
770.2,38,0.14,0.8,6.23,1.14,1.09,5.07,0.72,1.17,6.8,0.43,1.64,4.61,0.48,1.82,6.34,38,38.15
771.2,38,0.11,0.81,6.22,1.14,1.1,5.08,0.72,1.17,6.81,0.43,1.67,4.61,0.49,1.81,6.33,38,38.14
772.2,38,0.11,0.81,6.23,1.14,1.1,5.07,0.72,1.17,6.79,0.44,1.69,4.62,0.48,1.8,6.33,38,38.14
773.2,38,0.14,0.8,6.23,1.14,1.1,5.08,0.72,1.18,6.8,0.44,1.71,4.61,0.49,1.8,6.31,38,38.12
774.22,38,0.11,0.81,6.23,1.13,1.1,5.07,0.72,1.18,6.8,0.44,1.71,4.61,0.49,1.79,6.3,38,38.14
775.22,38,0.14,0.79,6.23,1.14,1.09,5.09,0.73,1.18,6.78,0.44,1.71,4.62,0.49,1.79,6.3,38,38.14
776.22,38,0.14,0.78,6.23,1.14,1.09,5.08,0.72,1.18,6.77,0.43,1.7,4.61,0.49,1.79,6.29,38,38.14
777.22,38,0.14,0.77,6.23,1.14,1.09,5.07,0.72,1.19,6.78,0.44,1.71,4.61,0.49,1.8,6.27,38,38.14
778.22,38,0.14,0.77,6.23,1.14,1.1,5.08,0.72,1.2,6.78,0.44,1.71,4.61,0.49,1.8,6.26,38,38.14
779.22,38,0.13,0.75,6.22,1.14,1.09,5.06,0.72,1.18,6.77,0.43,1.69,4.59,0.48,1.81,6.25,38,38.12
780.22,38,0.13,0.75,6.22,1.13,1.09,5.06,0.72,1.18,6.77,0.43,1.69,4.59,0.48,1.82,6.23,38,38.15
781.23,38,0.14,0.74,6.21,1.13,1.09,5.07,0.71,1.18,6.76,0.43,1.69,4.57,0.49,1.83,6.22,38,38.14
782.23,38,0.14,0.74,6.21,1.14,1.07,5.07,0.72,1.18,6.77,0.44,1.7,4.57,0.49,1.85,6.23,38,38.14
783.23,38,0.11,0.73,6.21,1.14,1.07,5.06,0.72,1.16,6.77,0.43,1.69,4.57,0.49,1.85,6.2,38,38.12
784.23,38,0.11,0.72,6.2,1.14,1.05,5.06,0.72,1.16,6.77,0.43,1.69,4.56,0.49,1.85,6.2,38,38.12
785.23,38,0.14,0.71,6.19,1.13,1.04,5.06,0.72,1.16,6.77,0.44,1.68,4.54,0.48,1.85,6.18,38,38.12
786.23,38,0.13,0.71,6.19,1.12,1.03,5.05,0.72,1.14,6.76,0.43,1.67,4.53,0.48,1.83,6.17,38,38.12
787.23,38,0.12,0.69,6.17,1.13,1.02,5.06,0.72,1.14,6.76,0.43,1.66,4.52,0.47,1.81,6.17,38,38.14
788.25,38,0.14,0.7,6.18,1.13,1.03,5.06,0.72,1.14,6.77,0.43,1.65,4.51,0.49,1.8,6.17,38,38.12
789.25,38,0.13,0.67,6.17,1.13,1.02,5.05,0.71,1.13,6.76,0.43,1.63,4.5,0.47,1.77,6.16,38,38.14
790.25,38,0.13,0.69,6.18,1.14,1.02,5.06,0.72,1.13,6.77,0.44,1.62,4.49,0.49,1.76,6.17,38,38.12
791.25,38,0.14,0.69,6.17,1.14,1.03,5.06,0.72,1.13,6.77,0.44,1.61,4.48,0.49,1.74,6.16,38,38.12
792.25,38,0.14,0.68,6.17,1.14,1.03,5.06,0.72,1.14,6.76,0.43,1.59,4.47,0.49,1.73,6.17,38,38.12
793.25,38,0.14,0.68,6.17,1.14,1.03,5.06,0.72,1.13,6.76,0.44,1.59,4.45,0.49,1.72,6.17,38,38.12
794.25,38,0.13,0.67,6.15,1.13,1.02,5.03,0.72,1.12,6.74,0.43,1.57,4.44,0.48,1.71,6.16,38,38.12
795.27,38,0.14,0.66,6.16,1.14,1.02,5.04,0.72,1.12,6.73,0.43,1.55,4.42,0.48,1.71,6.16,38,38.12
796.27,38,0.13,0.66,6.14,1.14,1.01,5.04,0.72,1.12,6.73,0.43,1.54,4.4,0.48,1.68,6.17,38,38.12
797.28,38,0.13,0.65,6.15,1.14,1.02,5.06,0.72,1.12,6.74,0.44,1.54,4.4,0.49,1.68,6.17,38,38.12
798.28,38,0.13,0.64,6.14,1.13,1.01,5.05,0.72,1.12,6.73,0.43,1.53,4.38,0.49,1.67,6.17,38,38.12
799.28,38,0.14,0.64,6.15,1.14,1.01,5.05,0.72,1.12,6.74,0.44,1.53,4.37,0.49,1.66,6.18,38,38.12
800.28,38,0.14,0.64,6.15,1.14,1.01,5.06,0.72,1.12,6.73,0.44,1.52,4.36,0.49,1.65,6.18,38,38.12
801.3,38,0.14,0.64,6.15,1.14,1.01,5.05,0.72,1.12,6.71,0.44,1.52,4.35,0.49,1.65,6.19,38,38.12
802.3,38,0.13,0.64,6.15,1.14,1.01,5.04,0.72,1.12,6.73,0.43,1.51,4.33,0.49,1.65,6.19,38,38.12
803.3,38,0.13,0.63,6.13,1.14,1,5.04,0.72,1.12,6.71,0.44,1.49,4.31,0.48,1.63,6.19,38,38.12
804.3,38,0.13,0.62,6.13,1.14,1.01,5.04,0.72,1.12,6.71,0.44,1.48,4.3,0.49,1.63,6.19,38,38.12
805.3,38,0.14,0.62,6.13,1.13,1,5.03,0.72,1.11,6.7,0.43,1.48,4.28,0.48,1.61,6.2,38,38.11
806.3,38,0.14,0.62,6.11,1.13,0.99,5.03,0.72,1.11,6.69,0.43,1.47,4.28,0.49,1.61,6.2,38,38.12
807.3,38,0.14,0.61,6.12,1.14,1,5.04,0.72,1.11,6.69,0.43,1.47,4.26,0.47,1.61,6.21,38,38.09
808.3,38,0.13,0.61,6.11,1.13,1,5.03,0.72,1.11,6.69,0.43,1.48,4.25,0.48,1.6,6.2,38,38.11
809.3,38,0.14,0.6,6.1,1.13,1,5.02,0.72,1.11,6.69,0.43,1.47,4.25,0.49,1.59,6.21,38,38.11
810.32,38,0.13,0.6,6.1,1.12,0.98,5.02,0.71,1.1,6.68,0.43,1.46,4.24,0.48,1.59,6.21,38,38.11
811.32,38,0.14,0.61,6.11,1.14,1,5.03,0.72,1.11,6.69,0.43,1.46,4.24,0.49,1.59,6.21,38,38.11
812.32,38,0.13,0.6,6.1,1.14,0.98,5.01,0.71,1.1,6.67,0.43,1.44,4.22,0.47,1.58,6.19,38,38.09
813.33,38,0.14,0.59,6.1,1.14,0.98,5.02,0.72,1.1,6.67,0.43,1.44,4.23,0.48,1.59,6.2,38,38.11
814.33,38,0.11,0.59,6.09,1.14,0.98,5.01,0.72,1.1,6.66,0.43,1.42,4.22,0.49,1.57,6.2,38,38.09
815.33,38,0.12,0.59,6.1,1.14,0.98,5.01,0.72,1.09,6.64,0.43,1.42,4.21,0.49,1.59,6.18,38,38.09
816.35,38,0.13,0.59,6.07,1.12,0.97,5.01,0.71,1.09,6.64,0.43,1.41,4.21,0.47,1.57,6.18,38,38.09
817.37,38,0.11,0.57,6.08,1.13,0.98,5.01,0.72,1.09,6.62,0.43,1.42,4.21,0.48,1.56,6.18,38,38.09
818.37,38,0.14,0.59,6.09,1.14,0.99,5.03,0.72,1.11,6.64,0.44,1.42,4.22,0.49,1.56,6.19,38,38.09
819.37,38,0.12,0.58,6.07,1.14,0.97,5.02,0.72,1.1,6.64,0.43,1.41,4.22,0.49,1.55,6.19,38,38.08
820.37,38,0.14,0.58,6.08,1.13,0.98,5.02,0.72,1.1,6.62,0.44,1.41,4.22,0.49,1.54,6.19,38,38.09
821.37,38,0.12,0.57,6.07,1.14,0.98,5.01,0.72,1.09,6.63,0.43,1.4,4.22,0.49,1.53,6.18,38,38.09
822.37,38,0.14,0.57,6.06,1.13,0.98,5.01,0.72,1.1,6.62,0.44,1.4,4.22,0.48,1.53,6.18,38,38.09
823.38,38,0.14,0.57,6.05,1.13,0.98,5.01,0.72,1.1,6.62,0.43,1.4,4.22,0.48,1.52,6.17,38,38.09
824.38,38,0.13,0.56,6.04,1.12,0.97,5.01,0.71,1.09,6.61,0.43,1.4,4.22,0.48,1.52,6.17,38,38.09
825.38,38,0.13,0.56,6.03,1.13,0.98,5.01,0.71,1.09,6.6,0.43,1.39,4.21,0.48,1.52,6.16,38,38.09
826.38,38,0.13,0.57,6.04,1.13,0.98,5.01,0.71,1.09,6.6,0.43,1.4,4.21,0.48,1.52,6.15,38,38.12
827.38,38,0.13,0.56,6.03,1.12,0.97,5,0.71,1.09,6.59,0.43,1.39,4.21,0.48,1.51,6.16,38,38.09
828.38,38,0.13,0.56,6.05,1.14,0.98,5.01,0.72,1.09,6.6,0.43,1.4,4.22,0.49,1.51,6.16,38,38.09
829.38,38,0.13,0.56,6.04,1.12,0.96,4.99,0.71,1.09,6.58,0.42,1.38,4.21,0.47,1.5,6.13,38,38.09
830.4,38,0.13,0.56,6.04,1.13,0.96,5.01,0.71,1.09,6.58,0.43,1.38,4.21,0.48,1.49,6.13,38,38.09
831.4,38,0.13,0.56,6.03,1.13,0.96,5.01,0.72,1.09,6.58,0.44,1.38,4.21,0.48,1.5,6.13,38,38.09
832.4,38,0.14,0.56,6.04,1.13,0.97,5.01,0.72,1.09,6.58,0.43,1.39,4.21,0.49,1.49,6.13,38,38.09
833.4,38,0.13,0.55,6.02,1.12,0.96,5,0.71,1.08,6.57,0.43,1.38,4.2,0.47,1.48,6.11,38,38.11
834.4,38,0.13,0.55,6.02,1.12,0.96,5,0.72,1.09,6.57,0.43,1.38,4.19,0.47,1.48,6.1,38,38.09
835.42,38,0.11,0.55,6.02,1.14,0.97,5.01,0.72,1.09,6.56,0.43,1.38,4.2,0.48,1.49,6.1,38,38.09
836.42,38,0.12,0.55,6.03,1.13,0.98,5.01,0.72,1.09,6.57,0.44,1.39,4.2,0.49,1.5,6.1,38,38.09
837.42,38,0.13,0.54,6.02,1.13,0.96,4.99,0.72,1.08,6.55,0.43,1.39,4.18,0.48,1.48,6.09,38,38.09
838.43,38,0.14,0.56,6.01,1.14,0.97,5.01,0.72,1.09,6.57,0.43,1.4,4.19,0.49,1.49,6.08,38,38.11
839.43,38,0.11,0.53,6,1.14,0.96,5,0.72,1.08,6.56,0.44,1.38,4.19,0.48,1.47,6.06,38,38.11
840.43,38,0.11,0.54,6,1.13,0.96,4.99,0.72,1.09,6.56,0.43,1.38,4.18,0.48,1.46,6.06,38,38.11
841.43,38,0.14,0.54,5.99,1.14,0.96,5.01,0.72,1.09,6.56,0.43,1.38,4.18,0.48,1.47,6.05,38,38.11
842.43,38,0.13,0.54,5.99,1.13,0.96,5.01,0.71,1.08,6.55,0.43,1.38,4.18,0.49,1.46,6.04,38,38.09
843.43,38,0.14,0.54,5.99,1.13,0.97,5.01,0.72,1.09,6.56,0.44,1.37,4.18,0.48,1.48,6.04,38,38.11
844.45,38,0.13,0.54,5.98,1.13,0.96,4.99,0.72,1.08,6.54,0.43,1.37,4.17,0.47,1.47,6.03,38,38.12
845.45,38,0.13,0.54,5.98,1.13,0.96,5,0.72,1.08,6.53,0.43,1.37,4.17,0.48,1.46,6.02,38,38.11
846.45,38,0.13,0.54,5.97,1.13,0.96,4.99,0.72,1.08,6.54,0.43,1.37,4.17,0.48,1.46,6.01,38,38.12
847.45,38,0.13,0.54,5.98,1.14,0.96,5,0.72,1.09,6.54,0.43,1.36,4.18,0.49,1.46,6.01,38,38.12
848.47,38,0.13,0.54,5.97,1.13,0.96,5,0.72,1.08,6.54,0.44,1.38,4.18,0.49,1.45,6.02,38,38.11
849.47,38,0.14,0.54,5.97,1.13,0.96,5,0.72,1.08,6.53,0.43,1.37,4.18,0.49,1.44,6.01,38,38.12
850.47,38,0.14,0.54,5.96,1.14,0.96,5,0.72,1.08,6.53,0.43,1.37,4.18,0.48,1.45,6.01,38,38.12
851.47,38,0.13,0.53,5.95,1.14,0.96,4.99,0.72,1.08,6.52,0.44,1.36,4.18,0.48,1.46,6.01,38,38.12
852.47,38,0.13,0.53,5.96,1.14,0.96,4.99,0.71,1.08,6.52,0.43,1.36,4.19,0.48,1.44,6,38,38.12
853.47,38,0.13,0.54,5.95,1.13,0.96,4.99,0.71,1.08,6.53,0.43,1.36,4.21,0.48,1.45,6,38,38.12
854.48,38,0.14,0.53,5.95,1.13,0.96,5,0.72,1.08,6.52,0.43,1.37,4.21,0.48,1.44,6,38,38.14
855.48,38,0.13,0.53,5.94,1.13,0.96,4.99,0.71,1.07,6.51,0.43,1.37,4.22,0.48,1.45,6.01,38,38.15
856.48,38,0.11,0.54,5.95,1.14,0.96,5,0.72,1.09,6.52,0.43,1.38,4.24,0.48,1.45,6.03,38,38.14
857.48,38,0.13,0.54,5.96,1.14,0.97,5.01,0.73,1.09,6.52,0.44,1.38,4.27,0.49,1.46,6.03,38,38.12
858.48,38,0.14,0.54,5.96,1.14,0.96,5.01,0.72,1.08,6.52,0.44,1.38,4.27,0.49,1.45,6.02,38,38.14
859.5,38,0.11,0.54,5.96,1.14,0.97,5,0.72,1.07,6.52,0.44,1.36,4.27,0.48,1.44,6.01,38,38.12
860.5,38,0.14,0.53,5.95,1.14,0.96,5,0.72,1.08,6.5,0.44,1.37,4.28,0.48,1.44,5.99,38,38.14
861.5,38,0.14,0.54,5.98,1.14,0.97,5.01,0.72,1.09,6.52,0.44,1.38,4.28,0.49,1.46,6,38,38.12
862.5,38,0.1,0.52,5.97,1.14,0.96,4.99,0.72,1.08,6.5,0.43,1.38,4.28,0.49,1.46,5.98,38,38.12
863.5,38,0.14,0.52,5.96,1.14,0.96,4.99,0.72,1.09,6.51,0.44,1.38,4.27,0.48,1.48,5.98,38,38.12
864.5,38,0.13,0.52,5.96,1.12,0.96,4.99,0.72,1.08,6.5,0.43,1.38,4.25,0.48,1.47,5.96,38,38.12
865.52,38,0.14,0.53,5.96,1.13,0.96,4.99,0.72,1.08,6.5,0.44,1.38,4.26,0.49,1.48,5.95,38,38.12
866.52,38,0.14,0.53,5.95,1.14,0.96,4.99,0.72,1.09,6.5,0.44,1.38,4.25,0.48,1.48,5.92,38,38.12
867.52,38,0.13,0.53,5.94,1.14,0.96,4.98,0.72,1.08,6.5,0.43,1.38,4.24,0.48,1.47,5.93,38,38.12
868.52,38,0.13,0.52,5.94,1.13,0.96,4.98,0.72,1.07,6.5,0.43,1.38,4.23,0.49,1.47,5.91,38,38.12
869.52,38,0.14,0.52,5.94,1.14,0.96,4.98,0.72,1.08,6.51,0.43,1.37,4.21,0.49,1.46,5.91,38,38.12
870.52,38,0.14,0.52,5.92,1.13,0.95,4.98,0.72,1.07,6.5,0.43,1.36,4.21,0.49,1.46,5.88,38,38.12
871.52,38,0.13,0.52,5.93,1.13,0.95,4.98,0.72,1.07,6.51,0.43,1.36,4.19,0.49,1.46,5.87,38,38.12
872.53,38,0.13,0.52,5.92,1.12,0.95,4.98,0.71,1.07,6.49,0.43,1.36,4.18,0.48,1.45,5.86,38,38.11
873.53,38,0.13,0.51,5.92,1.13,0.95,4.97,0.71,1.07,6.49,0.43,1.36,4.18,0.48,1.45,5.86,38,38.12
874.53,38,0.14,0.51,5.92,1.14,0.95,4.98,0.72,1.07,6.5,0.43,1.36,4.16,0.49,1.46,5.86,38,38.11
875.53,38,0.13,0.51,5.91,1.13,0.95,4.97,0.72,1.07,6.5,0.43,1.36,4.14,0.48,1.45,5.86,38,38.12
876.53,38,0.13,0.51,5.9,1.13,0.94,4.97,0.72,1.06,6.5,0.43,1.35,4.13,0.48,1.44,5.85,38,38.11
877.53,38,0.14,0.52,5.91,1.13,0.94,4.98,0.72,1.07,6.49,0.44,1.35,4.12,0.48,1.44,5.86,38,38.12
878.55,38,0.14,0.51,5.91,1.14,0.95,4.98,0.72,1.07,6.5,0.43,1.34,4.12,0.49,1.44,5.87,38,38.11
879.55,38,0.14,0.52,5.9,1.13,0.95,4.97,0.72,1.07,6.49,0.44,1.36,4.11,0.48,1.44,5.87,38,38.11
880.55,38,0.13,0.51,5.89,1.13,0.93,4.97,0.71,1.05,6.49,0.43,1.34,4.08,0.48,1.43,5.88,38,38.11
881.57,38,0.12,0.51,5.89,1.14,0.95,4.97,0.72,1.07,6.48,0.44,1.34,4.08,0.48,1.44,5.89,38,38.11
882.57,38,0.11,0.5,5.89,1.13,0.94,4.96,0.72,1.06,6.48,0.43,1.34,4.06,0.48,1.43,5.89,38,38.11
883.57,38,0.12,0.51,5.87,1.14,0.94,4.97,0.72,1.07,6.47,0.43,1.34,4.06,0.48,1.43,5.91,38,38.11
884.57,38,0.13,0.51,5.87,1.12,0.93,4.97,0.71,1.06,6.46,0.43,1.33,4.04,0.47,1.42,5.91,38,38.12
885.58,38,0.13,0.51,5.87,1.14,0.95,4.97,0.72,1.06,6.47,0.43,1.34,4.04,0.48,1.42,5.92,38,38.11
886.58,38,0.13,0.51,5.86,1.13,0.93,4.97,0.72,1.07,6.46,0.43,1.33,4.03,0.48,1.42,5.92,38,38.11
887.58,38,0.13,0.51,5.86,1.13,0.93,4.97,0.72,1.06,6.44,0.43,1.33,4.03,0.48,1.41,5.92,38,38.09
888.58,38,0.14,0.51,5.85,1.13,0.94,4.96,0.72,1.07,6.45,0.43,1.33,4.02,0.48,1.41,5.92,38,38.11
889.58,38,0.14,0.51,5.86,1.14,0.94,4.97,0.72,1.07,6.45,0.44,1.34,4.01,0.49,1.41,5.93,38,38.11
890.58,38,0.13,0.5,5.85,1.13,0.93,4.96,0.72,1.06,6.43,0.43,1.33,4.01,0.47,1.4,5.93,38,38.11
891.58,38,0.14,0.51,5.84,1.14,0.93,4.97,0.72,1.07,6.43,0.43,1.33,4.01,0.48,1.4,5.92,38,38.12
892.6,38,0.14,0.51,5.85,1.13,0.94,4.97,0.72,1.07,6.42,0.43,1.34,4.01,0.49,1.41,5.93,38,38.12
893.6,38,0.14,0.51,5.85,1.14,0.95,4.98,0.72,1.07,6.42,0.44,1.34,4.01,0.49,1.41,5.93,38,38.12
894.6,38,0.14,0.5,5.84,1.14,0.94,4.98,0.72,1.05,6.42,0.44,1.34,4.01,0.49,1.4,5.92,38,38.11
895.6,38,0.13,0.51,5.83,1.13,0.93,4.96,0.71,1.05,6.41,0.43,1.33,4,0.48,1.4,5.92,38,38.12
896.62,38,0.14,0.5,5.83,1.14,0.93,4.97,0.72,1.07,6.4,0.44,1.33,4.01,0.49,1.41,5.92,38,38.12
897.62,38,0.14,0.5,5.82,1.12,0.93,4.97,0.72,1.06,6.39,0.43,1.34,4.01,0.48,1.4,5.92,38,38.12
898.62,38,0.14,0.51,5.83,1.14,0.95,4.98,0.72,1.07,6.4,0.44,1.34,4.02,0.49,1.41,5.92,38,38.12
899.62,38,0.14,0.51,5.83,1.14,0.95,4.97,0.73,1.07,6.4,0.44,1.34,4.03,0.49,1.42,5.92,38,38.12
900.63,38,0.14,0.51,5.82,1.14,0.95,4.97,0.72,1.05,6.4,0.44,1.33,4.03,0.49,1.41,5.92,38,38.12
901.63,38,0.14,0.5,5.81,1.13,0.94,4.98,0.72,1.07,6.4,0.44,1.33,4.03,0.49,1.4,5.92,38,38.12
902.63,38,0.11,0.49,5.82,1.14,0.94,4.97,0.72,1.06,6.39,0.43,1.33,4.03,0.48,1.4,5.92,38,38.14
903.63,38,0.14,0.5,5.81,1.13,0.94,4.97,0.72,1.06,6.38,0.43,1.33,4.04,0.49,1.4,5.9,38,38.12
904.65,38,0.1,0.5,5.8,1.14,0.94,4.97,0.72,1.06,6.39,0.44,1.33,4.04,0.49,1.4,5.91,38,38.12
905.65,38,0.14,0.49,5.8,1.13,0.94,4.97,0.71,1.06,6.37,0.43,1.33,4.05,0.47,1.4,5.89,38,38.14
906.65,38,0.12,0.51,5.8,1.14,0.93,4.97,0.72,1.06,6.38,0.43,1.33,4.07,0.49,1.39,5.91,38,38.14
907.65,38,0.13,0.5,5.81,1.14,0.95,4.97,0.72,1.07,6.39,0.43,1.33,4.08,0.49,1.41,5.91,38,38.14
908.65,38,0.13,0.51,5.79,1.14,0.93,4.97,0.72,1.05,6.38,0.43,1.33,4.08,0.49,1.4,5.88,38,38.14
909.67,38,0.14,0.5,5.8,1.14,0.95,4.97,0.72,1.07,6.38,0.44,1.33,4.08,0.49,1.4,5.9,38,38.14
910.67,38,0.12,0.5,5.8,1.14,0.94,4.97,0.72,1.06,6.37,0.44,1.33,4.09,0.49,1.4,5.89,38,38.14
911.67,38,0.14,0.51,5.8,1.14,0.94,4.97,0.72,1.07,6.38,0.44,1.33,4.09,0.49,1.4,5.88,38,38.14
912.67,38,0.14,0.51,5.8,1.14,0.94,4.97,0.72,1.07,6.37,0.44,1.33,4.08,0.49,1.41,5.86,38,38.14
913.67,38,0.14,0.51,5.81,1.14,0.93,4.97,0.72,1.07,6.37,0.44,1.33,4.07,0.49,1.4,5.86,38,38.14
914.67,38,0.14,0.51,5.81,1.13,0.94,4.97,0.72,1.06,6.36,0.43,1.33,4.07,0.48,1.4,5.84,38,38.14
915.67,38,0.13,0.5,5.8,1.13,0.93,4.96,0.72,1.06,6.35,0.43,1.32,4.07,0.47,1.4,5.82,38,38.12
916.68,38,0.13,0.5,5.8,1.14,0.93,4.97,0.72,1.07,6.36,0.44,1.33,4.07,0.48,1.4,5.81,38,38.12
917.68,38,0.11,0.49,5.8,1.13,0.93,4.96,0.71,1.05,6.35,0.43,1.33,4.04,0.48,1.4,5.79,38,38.12
918.68,38,0.11,0.49,5.8,1.13,0.93,4.95,0.71,1.05,6.36,0.43,1.33,4.04,0.48,1.4,5.79,38,38.12
919.68,38,0.14,0.49,5.79,1.14,0.94,4.96,0.72,1.06,6.37,0.44,1.33,4.04,0.49,1.4,5.77,38,38.14
920.68,38,0.14,0.49,5.79,1.14,0.93,4.96,0.72,1.06,6.37,0.44,1.33,4.02,0.48,1.41,5.76,38,38.12
921.7,38,0.14,0.49,5.8,1.14,0.93,4.96,0.72,1.06,6.36,0.43,1.33,4.01,0.49,1.4,5.75,38,38.12
922.7,38,0.14,0.49,5.78,1.13,0.93,4.97,0.72,1.07,6.37,0.43,1.33,4,0.48,1.4,5.75,38,38.12
923.7,38,0.14,0.5,5.78,1.14,0.93,4.97,0.72,1.07,6.37,0.43,1.33,3.99,0.49,1.4,5.76,38,38.12
924.7,38,0.14,0.49,5.78,1.14,0.93,4.95,0.72,1.06,6.37,0.44,1.33,3.98,0.48,1.4,5.75,38,38.12
925.7,38,0.12,0.49,5.77,1.14,0.93,4.95,0.72,1.05,6.37,0.43,1.32,3.96,0.48,1.4,5.76,38,38.12
926.7,38,0.13,0.49,5.76,1.13,0.93,4.95,0.72,1.05,6.36,0.43,1.33,3.95,0.47,1.39,5.76,38,38.12
927.72,38,0.14,0.49,5.77,1.13,0.93,4.95,0.72,1.05,6.37,0.43,1.32,3.94,0.48,1.39,5.78,38,38.12
928.72,38,0.11,0.49,5.76,1.12,0.92,4.96,0.72,1.05,6.36,0.43,1.31,3.93,0.48,1.38,5.8,38,38.11
929.72,38,0.13,0.49,5.75,1.14,0.93,4.95,0.72,1.05,6.37,0.43,1.31,3.91,0.49,1.39,5.8,38,38.09
930.72,38,0.13,0.49,5.76,1.13,0.93,4.95,0.72,1.05,6.37,0.44,1.32,3.91,0.48,1.39,5.83,38,38.11
931.72,38,0.13,0.49,5.76,1.13,0.93,4.95,0.72,1.05,6.36,0.43,1.33,3.89,0.48,1.39,5.83,38,38.11
932.72,38,0.13,0.49,5.75,1.14,0.93,4.95,0.71,1.05,6.36,0.43,1.32,3.88,0.49,1.39,5.86,38,38.09
933.72,38,0.13,0.49,5.74,1.13,0.92,4.95,0.72,1.05,6.35,0.43,1.31,3.88,0.48,1.38,5.86,38,38.09
934.72,38,0.13,0.48,5.74,1.12,0.92,4.93,0.71,1.05,6.34,0.43,1.31,3.86,0.47,1.38,5.86,38,38.09
935.73,38,0.13,0.49,5.74,1.14,0.93,4.95,0.72,1.05,6.35,0.43,1.32,3.87,0.48,1.39,5.89,38,38.11
936.73,38,0.11,0.49,5.74,1.12,0.93,4.94,0.72,1.05,6.33,0.43,1.3,3.86,0.48,1.38,5.88,38,38.09
937.73,38,0.13,0.48,5.72,1.13,0.92,4.93,0.72,1.05,6.32,0.43,1.31,3.85,0.47,1.38,5.89,38,38.09
938.73,38,0.14,0.49,5.74,1.14,0.92,4.94,0.72,1.05,6.33,0.43,1.31,3.85,0.49,1.38,5.9,38,38.09
939.73,38,0.14,0.49,5.74,1.13,0.93,4.94,0.72,1.05,6.33,0.44,1.31,3.85,0.48,1.38,5.91,38,38.09
940.73,38,0.13,0.49,5.73,1.13,0.92,4.93,0.72,1.05,6.32,0.43,1.31,3.86,0.48,1.38,5.9,38,38.09
941.73,38,0.12,0.47,5.7,1.13,0.92,4.93,0.71,1.04,6.31,0.43,1.31,3.85,0.48,1.38,5.9,38,38.11
942.73,38,0.13,0.48,5.7,1.12,0.92,4.93,0.71,1.04,6.31,0.43,1.31,3.86,0.47,1.38,5.89,38,38.11
943.75,38,0.13,0.49,5.69,1.12,0.91,4.93,0.72,1.04,6.3,0.43,1.31,3.87,0.47,1.38,5.89,38,38.08
944.75,38,0.13,0.48,5.7,1.13,0.91,4.93,0.72,1.04,6.3,0.43,1.31,3.87,0.47,1.38,5.89,38,38.09
945.75,38,0.11,0.49,5.69,1.13,0.92,4.93,0.72,1.05,6.29,0.43,1.31,3.88,0.47,1.37,5.88,38,38.11
946.75,38,0.14,0.49,5.7,1.14,0.93,4.94,0.72,1.05,6.3,0.44,1.31,3.88,0.49,1.38,5.88,38,38.09
947.77,38,0.13,0.48,5.69,1.13,0.93,4.94,0.72,1.05,6.29,0.43,1.31,3.88,0.48,1.37,5.87,38,38.11
948.77,38,0.14,0.48,5.69,1.13,0.92,4.94,0.72,1.05,6.28,0.44,1.31,3.88,0.48,1.36,5.86,38,38.11
949.77,38,0.14,0.48,5.69,1.12,0.92,4.94,0.72,1.05,6.26,0.43,1.31,3.87,0.48,1.36,5.85,38,38.12
950.77,38,0.14,0.49,5.69,1.14,0.92,4.93,0.72,1.05,6.28,0.43,1.31,3.87,0.49,1.37,5.85,38,38.09
951.77,38,0.14,0.48,5.68,1.14,0.92,4.95,0.72,1.05,6.27,0.43,1.31,3.87,0.49,1.38,5.84,38,38.12
952.78,38,0.14,0.48,5.67,1.14,0.92,4.94,0.72,1.05,6.26,0.43,1.31,3.86,0.48,1.38,5.83,38,38.11
953.78,38,0.14,0.48,5.67,1.13,0.93,4.94,0.72,1.05,6.26,0.43,1.3,3.86,0.48,1.37,5.83,38,38.12
954.78,38,0.13,0.48,5.66,1.14,0.91,4.94,0.71,1.04,6.24,0.43,1.3,3.85,0.48,1.36,5.82,38,38.11
955.78,38,0.13,0.47,5.65,1.13,0.91,4.94,0.71,1.05,6.24,0.43,1.29,3.84,0.47,1.36,5.8,38,38.12
956.78,38,0.13,0.48,5.65,1.13,0.91,4.95,0.72,1.05,6.24,0.43,1.3,3.84,0.47,1.37,5.81,38,38.12
957.78,38,0.14,0.49,5.66,1.14,0.93,4.95,0.72,1.05,6.24,0.44,1.31,3.84,0.49,1.38,5.82,38,38.12
958.78,38,0.14,0.49,5.66,1.14,0.93,4.96,0.72,1.05,6.25,0.44,1.31,3.83,0.49,1.38,5.81,38,38.12
959.8,38,0.11,0.49,5.66,1.14,0.92,4.94,0.72,1.05,6.25,0.43,1.31,3.84,0.49,1.37,5.8,38,38.14
960.8,38,0.11,0.47,5.64,1.13,0.91,4.94,0.72,1.05,6.23,0.43,1.3,3.82,0.48,1.37,5.8,38,38.14
961.8,38,0.13,0.48,5.64,1.14,0.92,4.95,0.72,1.04,6.24,0.44,1.31,3.84,0.48,1.37,5.8,38,38.12
962.8,38,0.13,0.48,5.64,1.13,0.92,4.95,0.72,1.05,6.23,0.43,1.31,3.84,0.48,1.37,5.8,38,38.14
963.82,38,0.12,0.48,5.64,1.14,0.92,4.95,0.72,1.05,6.25,0.44,1.31,3.85,0.48,1.36,5.8,38,38.12
964.82,38,0.13,0.47,5.64,1.14,0.92,4.96,0.72,1.05,6.23,0.43,1.31,3.85,0.49,1.36,5.8,38,38.15
965.82,38,0.13,0.49,5.65,1.14,0.93,4.96,0.72,1.06,6.25,0.44,1.31,3.87,0.49,1.38,5.8,38,38.14
966.82,38,0.14,0.48,5.66,1.14,0.93,4.96,0.73,1.05,6.25,0.44,1.32,3.87,0.49,1.37,5.8,38,38.12
967.82,38,0.14,0.49,5.65,1.14,0.93,4.95,0.72,1.06,6.26,0.44,1.31,3.88,0.49,1.38,5.79,38,38.14
968.82,38,0.14,0.48,5.65,1.13,0.93,4.95,0.72,1.05,6.24,0.43,1.31,3.89,0.49,1.37,5.78,38,38.14
969.82,38,0.13,0.49,5.64,1.14,0.93,4.95,0.72,1.05,6.24,0.43,1.31,3.9,0.49,1.37,5.77,38,38.14
970.83,38,0.14,0.49,5.65,1.14,0.93,4.95,0.72,1.05,6.23,0.44,1.31,3.9,0.48,1.38,5.78,38,38.12
971.83,38,0.14,0.49,5.65,1.13,0.93,4.96,0.72,1.05,6.26,0.44,1.31,3.91,0.49,1.38,5.75,38,38.12
972.83,38,0.14,0.48,5.64,1.14,0.92,4.94,0.72,1.05,6.24,0.44,1.31,3.91,0.49,1.37,5.75,38,38.15
973.83,38,0.11,0.48,5.65,1.14,0.92,4.95,0.72,1.05,6.23,0.44,1.31,3.92,0.48,1.38,5.74,38,38.14
974.83,38,0.11,0.47,5.64,1.12,0.91,4.94,0.72,1.04,6.23,0.43,1.3,3.92,0.48,1.37,5.74,38,38.15
975.83,38,0.14,0.49,5.64,1.14,0.92,4.96,0.72,1.05,6.25,0.44,1.31,3.94,0.49,1.38,5.74,38,38.12
976.83,38,0.14,0.48,5.64,1.13,0.92,4.94,0.72,1.05,6.23,0.43,1.31,3.94,0.48,1.37,5.73,38,38.15
977.85,38,0.14,0.49,5.64,1.14,0.92,4.94,0.73,1.05,6.24,0.44,1.31,3.94,0.49,1.38,5.73,38,38.15
978.85,38,0.14,0.49,5.63,1.14,0.92,4.94,0.72,1.05,6.23,0.43,1.31,3.94,0.48,1.37,5.7,38,38.14
979.85,38,0.14,0.49,5.64,1.15,0.93,4.95,0.73,1.06,6.25,0.44,1.32,3.95,0.49,1.38,5.73,38,38.14
980.85,38,0.13,0.47,5.62,1.12,0.92,4.93,0.71,1.04,6.23,0.43,1.3,3.93,0.48,1.37,5.69,38,38.15
981.85,38,0.14,0.48,5.62,1.13,0.93,4.95,0.72,1.04,6.25,0.44,1.31,3.94,0.49,1.38,5.69,38,38.12
982.85,38,0.11,0.48,5.62,1.14,0.92,4.94,0.72,1.05,6.23,0.44,1.31,3.94,0.48,1.37,5.68,38,38.14
983.87,38,0.13,0.48,5.62,1.14,0.93,4.95,0.72,1.05,6.23,0.44,1.31,3.94,0.49,1.38,5.68,38,38.15
984.87,38,0.14,0.48,5.61,1.14,0.92,4.94,0.72,1.05,6.23,0.44,1.31,3.94,0.49,1.37,5.68,38,38.14
985.87,38,0.14,0.47,5.61,1.14,0.92,4.93,0.72,1.04,6.22,0.43,1.3,3.94,0.48,1.37,5.67,38,38.12
986.87,38,0.12,0.48,5.6,1.14,0.91,4.93,0.72,1.04,6.23,0.44,1.3,3.93,0.48,1.37,5.67,38,38.14
987.87,38,0.13,0.47,5.59,1.13,0.91,4.93,0.72,1.04,6.21,0.43,1.29,3.93,0.48,1.36,5.64,38,38.14
988.88,38,0.1,0.48,5.6,1.14,0.92,4.93,0.72,1.04,6.22,0.44,1.29,3.92,0.49,1.36,5.64,38,38.15
989.88,38,0.13,0.48,5.59,1.13,0.91,4.94,0.72,1.05,6.2,0.43,1.29,3.92,0.48,1.36,5.64,38,38.12
990.88,38,0.14,0.48,5.6,1.14,0.92,4.94,0.72,1.05,6.22,0.43,1.29,3.92,0.49,1.37,5.64,38,38.12
991.88,38,0.13,0.48,5.6,1.13,0.92,4.93,0.72,1.05,6.21,0.44,1.3,3.91,0.48,1.36,5.62,38,38.14
992.88,38,0.11,0.47,5.59,1.14,0.91,4.94,0.72,1.04,6.19,0.44,1.31,3.9,0.48,1.37,5.61,38,38.12
993.88,38,0.14,0.49,5.59,1.14,0.92,4.94,0.72,1.05,6.21,0.44,1.31,3.91,0.48,1.37,5.61,38,38.15
994.9,38,0.14,0.47,5.59,1.14,0.92,4.95,0.72,1.05,6.2,0.44,1.31,3.91,0.49,1.37,5.61,38,38.15
995.9,38,0.14,0.48,5.58,1.14,0.93,4.94,0.72,1.05,6.2,0.44,1.31,3.9,0.49,1.38,5.61,38,38.15
996.9,38,0.13,0.47,5.57,1.13,0.91,4.94,0.72,1.03,6.18,0.43,1.3,3.88,0.48,1.37,5.58,38,38.15
997.92,38,0.14,0.47,5.57,1.13,0.91,4.93,0.72,1.04,6.17,0.43,1.3,3.87,0.48,1.37,5.58,38,38.14
998.92,38,0.14,0.47,5.57,1.13,0.92,4.94,0.72,1.05,6.18,0.44,1.31,3.88,0.49,1.37,5.6,38,38.12
999.92,38,0.14,0.48,5.57,1.14,0.91,4.93,0.72,1.04,6.19,0.43,1.3,3.86,0.49,1.36,5.58,38,38.14
1000.92,38,0.14,0.47,5.56,1.13,0.91,4.94,0.72,1.04,6.17,0.43,1.29,3.85,0.49,1.36,5.58,38,38.12
1001.93,38,0.11,0.47,5.56,1.14,0.92,4.94,0.72,1.03,6.17,0.44,1.3,3.85,0.48,1.36,5.59,38,38.12
1002.93,38,0.14,0.48,5.57,1.14,0.92,4.93,0.72,1.05,6.17,0.43,1.3,3.84,0.48,1.36,5.59,38,38.12
1003.93,38,0.13,0.47,5.55,1.12,0.91,4.93,0.71,1.04,6.16,0.43,1.29,3.82,0.47,1.35,5.58,38,38.12
1004.93,38,0.13,0.47,5.55,1.13,0.91,4.93,0.72,1.03,6.16,0.43,1.29,3.83,0.48,1.36,5.58,38,38.12
1005.95,38,0.14,0.47,5.55,1.13,0.91,4.93,0.72,1.04,6.17,0.44,1.3,3.82,0.49,1.36,5.6,38,38.12
1006.95,38,0.11,0.47,5.56,1.14,0.92,4.93,0.72,1.04,6.17,0.44,1.3,3.82,0.48,1.36,5.59,38,38.14
1007.95,38,0.13,0.47,5.55,1.14,0.91,4.93,0.72,1.04,6.15,0.43,1.29,3.8,0.47,1.36,5.58,38,38.12
1008.95,38,0.14,0.48,5.56,1.15,0.92,4.94,0.72,1.05,6.18,0.44,1.31,3.81,0.49,1.38,5.61,38,38.12
1009.97,38,0.13,0.46,5.53,1.14,0.91,4.93,0.72,1.03,6.15,0.43,1.28,3.78,0.48,1.36,5.59,38,38.14
1010.97,38,0.13,0.48,5.55,1.14,0.92,4.94,0.72,1.05,6.17,0.44,1.3,3.79,0.49,1.36,5.61,38,38.12
1011.97,38,0.14,0.47,5.54,1.14,0.92,4.93,0.72,1.05,6.16,0.44,1.3,3.77,0.49,1.36,5.6,38,38.12
1012.97,38,0.14,0.47,5.53,1.13,0.91,4.93,0.72,1.03,6.15,0.43,1.29,3.76,0.48,1.36,5.6,38,38.12
1013.98,38,0.13,0.47,5.53,1.14,0.91,4.94,0.73,1.05,6.15,0.44,1.3,3.76,0.49,1.37,5.61,38,38.12
1014.98,38,0.13,0.47,5.53,1.13,0.91,4.93,0.72,1.03,6.16,0.43,1.29,3.75,0.48,1.36,5.59,38,38.12
1015.98,38,0.14,0.47,5.53,1.14,0.91,4.94,0.72,1.04,6.14,0.44,1.29,3.76,0.49,1.36,5.62,38,38.12
1016.98,38,0.13,0.47,5.53,1.12,0.91,4.93,0.72,1.03,6.14,0.44,1.29,3.75,0.48,1.36,5.61,38,38.12
1017.98,38,0.13,0.48,5.53,1.14,0.92,4.94,0.72,1.05,6.15,0.44,1.29,3.74,0.49,1.36,5.62,38,38.12
1018.98,38,0.13,0.47,5.53,1.13,0.92,4.94,0.72,1.04,6.13,0.44,1.29,3.73,0.49,1.36,5.61,38,38.11
1019.98,38,0.11,0.47,5.51,1.13,0.91,4.93,0.71,1.04,6.11,0.43,1.29,3.72,0.48,1.35,5.6,38,38.12
1021,38,0.12,0.47,5.51,1.14,0.91,4.93,0.72,1.04,6.13,0.44,1.29,3.73,0.48,1.36,5.61,38,38.12
1022,38,0.13,0.46,5.5,1.13,0.91,4.92,0.72,1.04,6.11,0.43,1.29,3.72,0.47,1.35,5.59,38,38.12
1023,38,0.13,0.47,5.5,1.13,0.9,4.93,0.71,1.03,6.12,0.43,1.29,3.72,0.48,1.36,5.59,38,38.12
1024,38,0.13,0.46,5.5,1.14,0.91,4.92,0.72,1.04,6.11,0.43,1.29,3.71,0.48,1.36,5.59,38,38.12
1025.02,38,0.14,0.47,5.51,1.14,0.92,4.93,0.72,1.04,6.13,0.43,1.29,3.72,0.48,1.36,5.6,38,38.12
1026.02,38,0.14,0.48,5.51,1.14,0.92,4.93,0.72,1.04,6.12,0.44,1.29,3.72,0.48,1.36,5.61,38,38.14
1027.02,38,0.13,0.47,5.5,1.14,0.91,4.92,0.72,1.03,6.1,0.43,1.29,3.71,0.48,1.36,5.59,38,38.12
1028.02,38,0.14,0.48,5.5,1.14,0.92,4.93,0.72,1.04,6.11,0.43,1.29,3.71,0.49,1.36,5.59,38,38.12
1029.03,38,0.14,0.47,5.5,1.14,0.91,4.92,0.72,1.04,6.11,0.44,1.29,3.71,0.49,1.36,5.59,38,38.12
1030.03,38,0.14,0.47,5.5,1.14,0.91,4.93,0.73,1.03,6.11,0.44,1.3,3.72,0.49,1.36,5.59,38,38.12
1031.05,38,0.13,0.47,5.49,1.13,0.91,4.93,0.72,1.03,6.08,0.43,1.28,3.71,0.48,1.34,5.58,38,38.12
1032.05,38,0.14,0.47,5.48,1.14,0.91,4.93,0.72,1.03,6.1,0.43,1.29,3.71,0.49,1.36,5.58,38,38.12
1033.05,38,0.14,0.47,5.49,1.14,0.92,4.93,0.72,1.04,6.1,0.44,1.29,3.72,0.49,1.36,5.58,38,38.12
1034.05,38,0.13,0.47,5.5,1.14,0.92,4.92,0.72,1.04,6.09,0.44,1.31,3.73,0.49,1.36,5.58,38,38.12
1035.05,38,0.11,0.47,5.48,1.14,0.91,4.92,0.72,1.03,6.08,0.44,1.29,3.72,0.48,1.36,5.58,38,38.12
1036.05,38,0.14,0.48,5.49,1.14,0.92,4.93,0.72,1.03,6.09,0.44,1.3,3.73,0.49,1.36,5.58,38,38.12
1037.05,38,0.14,0.47,5.48,1.13,0.91,4.91,0.72,1.03,6.06,0.43,1.29,3.72,0.49,1.36,5.57,38,38.14
1038.07,38,0.14,0.47,5.48,1.13,0.91,4.92,0.72,1.03,6.07,0.43,1.29,3.72,0.47,1.36,5.56,38,38.12
1039.07,38,0.14,0.47,5.47,1.13,0.91,4.91,0.72,1.03,6.06,0.43,1.28,3.73,0.48,1.35,5.56,38,38.12
1040.07,38,0.13,0.46,5.47,1.13,0.91,4.9,0.71,1.03,6.05,0.43,1.29,3.73,0.48,1.35,5.55,38,38.12
1041.08,38,0.11,0.47,5.48,1.14,0.91,4.92,0.72,1.04,6.05,0.43,1.29,3.73,0.49,1.35,5.54,38,38.14
1042.08,38,0.13,0.47,5.47,1.13,0.91,4.9,0.72,1.03,6.04,0.43,1.28,3.73,0.48,1.34,5.54,38,38.12
1043.08,38,0.14,0.48,5.47,1.14,0.92,4.92,0.72,1.04,6.04,0.44,1.29,3.73,0.49,1.35,5.55,38,38.12
1044.08,38,0.14,0.48,5.47,1.14,0.92,4.92,0.73,1.03,6.04,0.44,1.29,3.73,0.49,1.36,5.54,38,38.12
1045.08,38,0.13,0.47,5.46,1.14,0.91,4.91,0.71,1.03,6.03,0.43,1.29,3.73,0.48,1.34,5.53,38,38.12
1046.1,38,0.14,0.47,5.47,1.14,0.92,4.91,0.72,1.04,6.03,0.44,1.29,3.73,0.48,1.35,5.53,38,38.12
1047.1,38,0.14,0.47,5.46,1.14,0.91,4.91,0.72,1.03,6.03,0.44,1.29,3.74,0.49,1.36,5.53,38,38.12
1048.1,38,0.11,0.47,5.45,1.13,0.91,4.92,0.72,1.03,6.03,0.44,1.28,3.73,0.49,1.35,5.53,38,38.12
1049.1,38,0.11,0.47,5.46,1.14,0.91,4.93,0.72,1.04,6.02,0.43,1.29,3.73,0.48,1.36,5.53,38,38.14
1050.12,38,0.11,0.46,5.45,1.14,0.91,4.92,0.72,1.03,6.01,0.43,1.29,3.73,0.48,1.36,5.52,38,38.12
1051.12,38,0.14,0.48,5.45,1.14,0.92,4.93,0.72,1.04,6.01,0.44,1.29,3.75,0.49,1.36,5.53,38,38.12
1052.12,38,0.13,0.47,5.44,1.14,0.91,4.92,0.72,1.03,6,0.44,1.29,3.75,0.48,1.35,5.52,38,38.12
1053.12,38,0.14,0.47,5.43,1.13,0.91,4.93,0.72,1.03,6.01,0.44,1.29,3.75,0.49,1.35,5.52,38,38.12
1054.13,38,0.14,0.47,5.43,1.14,0.91,4.93,0.72,1.03,6.01,0.43,1.29,3.75,0.48,1.36,5.52,38,38.14
1055.13,38,0.14,0.47,5.43,1.13,0.91,4.93,0.72,1.03,5.99,0.43,1.29,3.76,0.48,1.34,5.52,38,38.14
1056.15,38,0.14,0.47,5.42,1.14,0.91,4.93,0.72,1.03,6,0.44,1.29,3.75,0.49,1.35,5.51,38,38.12
1057.15,38,0.11,0.47,5.43,1.14,0.91,4.93,0.72,1.03,6,0.44,1.29,3.75,0.48,1.35,5.51,38,38.14
1058.15,38,0.13,0.47,5.43,1.14,0.91,4.93,0.71,1.03,5.98,0.43,1.29,3.76,0.49,1.34,5.5,38,38.15
1059.15,38,0.14,0.47,5.42,1.13,0.91,4.93,0.72,1.03,5.98,0.43,1.28,3.76,0.47,1.34,5.5,38,38.14
1060.17,38,0.14,0.47,5.42,1.14,0.92,4.93,0.72,1.03,6,0.44,1.29,3.77,0.49,1.36,5.49,38,38.14
1061.17,38,0.13,0.46,5.42,1.13,0.91,4.93,0.72,1.03,5.99,0.43,1.29,3.76,0.48,1.35,5.49,38,38.15
1062.17,38,0.14,0.47,5.42,1.14,0.91,4.93,0.72,1.03,5.98,0.43,1.29,3.76,0.49,1.36,5.48,38,38.15
1063.17,38,0.14,0.47,5.42,1.14,0.91,4.94,0.72,1.03,5.99,0.44,1.29,3.76,0.48,1.35,5.5,38,38.14
1064.18,38,0.14,0.46,5.41,1.13,0.91,4.93,0.72,1.03,5.98,0.43,1.29,3.76,0.48,1.35,5.48,38,38.14
1065.18,38,0.14,0.47,5.42,1.14,0.92,4.93,0.72,1.03,5.98,0.43,1.29,3.77,0.49,1.36,5.49,38,38.12
1066.18,38,0.11,0.47,5.42,1.14,0.91,4.93,0.72,1.03,5.99,0.44,1.29,3.77,0.49,1.35,5.48,38,38.12
1067.18,38,0.14,0.47,5.42,1.14,0.92,4.94,0.73,1.04,6,0.44,1.29,3.78,0.49,1.36,5.49,38,38.12
1068.18,38,0.14,0.47,5.41,1.14,0.92,4.94,0.72,1.03,5.98,0.44,1.29,3.78,0.49,1.35,5.48,38,38.14
1069.18,38,0.14,0.47,5.41,1.14,0.92,4.94,0.72,1.04,5.98,0.44,1.29,3.78,0.49,1.36,5.48,38,38.15
1070.2,38,0.14,0.47,5.41,1.14,0.91,4.94,0.72,1.03,5.98,0.44,1.29,3.78,0.49,1.36,5.47,38,38.14
1071.2,38,0.14,0.47,5.4,1.14,0.91,4.93,0.72,1.04,5.98,0.44,1.29,3.77,0.49,1.36,5.47,38,38.12
1072.22,38,0.14,0.47,5.39,1.13,0.91,4.93,0.72,1.03,5.97,0.43,1.28,3.76,0.48,1.34,5.45,38,38.14
1073.22,38,0.14,0.47,5.4,1.14,0.92,4.94,0.72,1.04,5.97,0.43,1.29,3.77,0.49,1.36,5.46,38,38.14
1074.22,38,0.14,0.47,5.4,1.14,0.92,4.94,0.72,1.03,5.97,0.44,1.29,3.78,0.49,1.36,5.47,38,38.14
1075.22,38,0.14,0.47,5.39,1.14,0.91,4.94,0.72,1.04,5.97,0.44,1.29,3.77,0.49,1.36,5.45,38,38.15
1076.23,38,0.14,0.47,5.39,1.14,0.91,4.95,0.72,1.03,5.97,0.43,1.29,3.77,0.49,1.35,5.45,38,38.14
1077.23,38,0.11,0.47,5.39,1.14,0.92,4.93,0.72,1.03,5.95,0.43,1.29,3.77,0.49,1.36,5.45,38,38.14
1078.25,38,0.13,0.47,5.38,1.13,0.91,4.94,0.72,1.03,5.95,0.43,1.28,3.76,0.48,1.34,5.44,38,38.15
1079.25,38,0.11,0.47,5.38,1.13,0.91,4.94,0.72,1.03,5.96,0.44,1.29,3.76,0.48,1.35,5.43,38,38.15
1080.25,38,0.14,0.47,5.39,1.14,0.92,4.95,0.72,1.03,5.96,0.44,1.29,3.77,0.49,1.36,5.44,38,38.15
1081.25,38,0.14,0.47,5.38,1.13,0.91,4.94,0.72,1.03,5.94,0.44,1.29,3.76,0.48,1.35,5.44,38,38.15
1082.25,38,0.14,0.48,5.39,1.14,0.92,4.95,0.72,1.04,5.95,0.44,1.29,3.78,0.49,1.36,5.44,38,38.15
1083.27,38,0.14,0.47,5.39,1.14,0.92,4.95,0.73,1.05,5.93,0.44,1.29,3.76,0.49,1.35,5.44,38,38.15
1084.27,38,0.14,0.47,5.38,1.14,0.91,4.95,0.72,1.03,5.93,0.43,1.28,3.76,0.48,1.35,5.43,38,38.15
1085.27,38,0.14,0.47,5.36,1.13,0.91,4.94,0.72,1.03,5.92,0.43,1.28,3.75,0.48,1.34,5.43,38,38.14
1086.27,38,0.13,0.47,5.37,1.14,0.92,4.95,0.72,1.03,5.93,0.43,1.29,3.76,0.48,1.35,5.43,38,38.15
1087.27,38,0.11,0.47,5.37,1.14,0.91,4.95,0.72,1.03,5.93,0.43,1.28,3.75,0.49,1.34,5.43,38,38.14
1088.27,38,0.12,0.47,5.37,1.13,0.91,4.95,0.72,1.03,5.92,0.43,1.28,3.74,0.48,1.34,5.43,38,38.14
1089.28,38,0.14,0.47,5.37,1.14,0.92,4.95,0.72,1.03,5.91,0.44,1.29,3.74,0.49,1.36,5.43,38,38.15
1090.28,38,0.14,0.48,5.38,1.14,0.91,4.96,0.72,1.04,5.92,0.44,1.29,3.73,0.49,1.35,5.43,38,38.15
1091.28,38,0.13,0.46,5.36,1.13,0.91,4.93,0.72,1.03,5.91,0.43,1.27,3.71,0.48,1.35,5.43,38,38.15
1092.28,38,0.12,0.47,5.37,1.13,0.91,4.94,0.72,1.04,5.9,0.43,1.29,3.71,0.49,1.34,5.43,38,38.15
1093.28,38,0.12,0.47,5.38,1.14,0.91,4.95,0.72,1.03,5.91,0.43,1.29,3.7,0.49,1.35,5.45,38,38.14
1094.28,38,0.14,0.47,5.37,1.14,0.91,4.94,0.71,1.03,5.89,0.43,1.28,3.67,0.48,1.34,5.45,38,38.15
1095.3,38,0.11,0.47,5.37,1.14,0.91,4.94,0.72,1.03,5.9,0.43,1.27,3.66,0.48,1.34,5.47,38,38.14
1096.3,38,0.14,0.47,5.37,1.14,0.91,4.95,0.72,1.03,5.91,0.44,1.28,3.65,0.48,1.35,5.48,38,38.14
1097.3,38,0.14,0.46,5.35,1.13,0.91,4.94,0.72,1.03,5.91,0.43,1.28,3.64,0.48,1.34,5.49,38,38.14
1098.3,38,0.11,0.47,5.36,1.13,0.91,4.93,0.72,1.03,5.91,0.44,1.29,3.62,0.49,1.35,5.52,38,38.12
1099.3,38,0.14,0.47,5.35,1.13,0.91,4.93,0.72,1.03,5.92,0.43,1.28,3.6,0.48,1.34,5.53,38,38.14
1100.3,38,0.14,0.47,5.35,1.14,0.91,4.93,0.72,1.03,5.92,0.43,1.28,3.61,0.48,1.34,5.54,38,38.12
1101.3,38,0.13,0.46,5.34,1.13,0.91,4.93,0.71,1.02,5.91,0.43,1.28,3.59,0.48,1.34,5.53,38,38.14
1102.3,38,0.14,0.47,5.34,1.14,0.91,4.93,0.72,1.03,5.92,0.43,1.29,3.6,0.48,1.35,5.57,38,38.12
1103.32,38,0.14,0.47,5.34,1.14,0.92,4.94,0.72,1.03,5.92,0.44,1.29,3.6,0.49,1.35,5.57,38,38.12
1104.32,38,0.13,0.47,5.35,1.14,0.92,4.94,0.73,1.03,5.92,0.44,1.29,3.61,0.49,1.35,5.58,38,38.12
1105.32,38,0.11,0.46,5.33,1.13,0.91,4.93,0.72,1.03,5.91,0.43,1.27,3.61,0.48,1.34,5.57,38,38.12
1106.32,38,0.14,0.47,5.33,1.13,0.91,4.93,0.72,1.03,5.91,0.43,1.28,3.61,0.48,1.34,5.58,38,38.12
1107.32,38,0.14,0.47,5.33,1.13,0.91,4.93,0.72,1.03,5.9,0.43,1.28,3.63,0.48,1.35,5.59,38,38.12
1108.32,38,0.13,0.47,5.33,1.13,0.91,4.93,0.72,1.03,5.89,0.43,1.27,3.63,0.47,1.34,5.58,38,38.11
1109.32,38,0.13,0.46,5.32,1.13,0.89,4.93,0.71,1.03,5.89,0.43,1.28,3.63,0.47,1.34,5.58,38,38.11
1110.33,38,0.14,0.47,5.33,1.14,0.91,4.93,0.72,1.03,5.9,0.43,1.27,3.65,0.48,1.35,5.6,38,38.09
1111.33,38,0.14,0.47,5.33,1.13,0.91,4.93,0.72,1.03,5.89,0.44,1.28,3.67,0.48,1.34,5.62,38,38.11
1112.33,38,0.14,0.47,5.32,1.13,0.91,4.93,0.72,1.02,5.87,0.43,1.27,3.67,0.48,1.34,5.61,38,38.12
1113.33,38,0.14,0.46,5.32,1.13,0.91,4.93,0.72,1.02,5.87,0.43,1.27,3.69,0.49,1.34,5.62,38,38.11
1114.33,38,0.14,0.46,5.3,1.13,0.91,4.93,0.71,1.02,5.86,0.43,1.27,3.67,0.47,1.34,5.61,38,38.11
1115.35,38,0.14,0.46,5.32,1.14,0.91,4.93,0.71,1.03,5.86,0.43,1.29,3.7,0.48,1.34,5.63,38,38.11
1116.35,38,0.14,0.47,5.33,1.14,0.92,4.93,0.72,1.03,5.87,0.44,1.28,3.71,0.49,1.35,5.64,38,38.09
1117.35,38,0.13,0.46,5.3,1.12,0.91,4.92,0.71,1.02,5.85,0.43,1.27,3.7,0.48,1.34,5.62,38,38.09
1118.35,38,0.14,0.47,5.29,1.13,0.91,4.93,0.72,1.03,5.85,0.43,1.27,3.7,0.48,1.34,5.64,38,38.09
1119.35,38,0.14,0.47,5.3,1.14,0.91,4.93,0.72,1.03,5.85,0.43,1.27,3.7,0.49,1.34,5.64,38,38.09
1120.37,38,0.13,0.46,5.29,1.13,0.91,4.94,0.72,1.02,5.85,0.43,1.28,3.71,0.48,1.35,5.64,38,38.08
1121.37,38,0.14,0.47,5.3,1.13,0.91,4.93,0.72,1.03,5.85,0.43,1.28,3.71,0.49,1.34,5.62,38,38.09
1122.37,38,0.13,0.46,5.29,1.12,0.9,4.93,0.71,1.03,5.83,0.43,1.26,3.7,0.47,1.34,5.62,38,38.11
1123.37,38,0.13,0.47,5.28,1.14,0.91,4.93,0.71,1.03,5.81,0.43,1.27,3.7,0.47,1.33,5.62,38,38.09
1124.37,38,0.11,0.47,5.29,1.14,0.91,4.94,0.72,1.03,5.83,0.43,1.28,3.7,0.48,1.34,5.62,38,38.12
1125.37,38,0.13,0.47,5.28,1.14,0.91,4.93,0.71,1.03,5.81,0.43,1.27,3.69,0.48,1.34,5.62,38,38.09
1126.37,38,0.14,0.47,5.28,1.14,0.91,4.93,0.72,1.03,5.81,0.43,1.28,3.69,0.49,1.34,5.63,38,38.11
1127.38,38,0.11,0.46,5.27,1.12,0.91,4.94,0.71,1.03,5.8,0.43,1.27,3.68,0.47,1.34,5.61,38,38.11
1128.38,38,0.14,0.47,5.28,1.14,0.91,4.93,0.72,1.03,5.8,0.44,1.28,3.67,0.49,1.34,5.6,38,38.12
1129.38,38,0.13,0.46,5.26,1.13,0.91,4.94,0.71,1.02,5.79,0.43,1.27,3.67,0.47,1.33,5.59,38,38.11
1130.38,38,0.13,0.47,5.27,1.13,0.91,4.94,0.72,1.02,5.78,0.43,1.28,3.66,0.47,1.34,5.59,38,38.11
1131.38,38,0.13,0.46,5.27,1.13,0.91,4.94,0.72,1.03,5.78,0.43,1.27,3.65,0.48,1.34,5.58,38,38.11
1132.4,38,0.13,0.46,5.27,1.13,0.91,4.94,0.72,1.03,5.76,0.43,1.27,3.66,0.48,1.34,5.58,38,38.11
1133.4,38,0.14,0.47,5.27,1.13,0.91,4.95,0.72,1.03,5.75,0.43,1.27,3.65,0.48,1.34,5.57,38,38.11
1134.4,38,0.11,0.46,5.25,1.12,0.89,4.95,0.71,1.02,5.74,0.43,1.26,3.64,0.47,1.33,5.57,38,38.12
1135.42,38,0.14,0.47,5.26,1.13,0.91,4.96,0.72,1.03,5.76,0.44,1.28,3.64,0.49,1.34,5.57,38,38.11
1136.42,38,0.11,0.47,5.27,1.13,0.91,4.96,0.72,1.03,5.75,0.43,1.27,3.64,0.49,1.34,5.57,38,38.12
1137.42,38,0.14,0.47,5.25,1.14,0.92,4.96,0.72,1.03,5.75,0.43,1.27,3.63,0.49,1.34,5.56,38,38.12
1138.42,38,0.14,0.47,5.26,1.14,0.91,4.96,0.71,1.03,5.75,0.43,1.27,3.62,0.48,1.34,5.55,38,38.12
1139.42,38,0.13,0.47,5.26,1.14,0.91,4.97,0.72,1.03,5.74,0.44,1.27,3.61,0.49,1.34,5.55,38,38.12
1140.42,38,0.13,0.46,5.25,1.13,0.91,4.97,0.72,1.02,5.73,0.44,1.27,3.61,0.48,1.34,5.53,38,38.12
1141.43,38,0.14,0.47,5.25,1.14,0.91,4.97,0.72,1.03,5.74,0.44,1.28,3.61,0.48,1.34,5.54,38,38.12
1142.43,38,0.14,0.47,5.24,1.14,0.91,4.97,0.72,1.02,5.74,0.44,1.28,3.61,0.49,1.34,5.53,38,38.12
1143.45,38,0.14,0.47,5.25,1.14,0.91,4.97,0.72,1.03,5.74,0.43,1.27,3.61,0.48,1.34,5.53,38,38.12
1144.45,38,0.13,0.47,5.24,1.14,0.91,4.97,0.72,1.02,5.74,0.43,1.28,3.61,0.48,1.34,5.53,38,38.12
1145.45,38,0.14,0.47,5.24,1.13,0.91,4.97,0.72,1.03,5.72,0.43,1.27,3.61,0.48,1.33,5.53,38,38.14
1146.45,38,0.14,0.47,5.24,1.14,0.91,4.97,0.72,1.02,5.72,0.43,1.27,3.61,0.48,1.34,5.51,38,38.14
1147.45,38,0.14,0.47,5.24,1.14,0.91,4.97,0.72,1.03,5.73,0.43,1.27,3.62,0.48,1.34,5.51,38,38.14
1148.45,38,0.14,0.47,5.24,1.13,0.91,4.97,0.72,1.03,5.74,0.43,1.27,3.63,0.48,1.34,5.52,38,38.14
1149.45,38,0.12,0.47,5.21,1.12,0.91,4.97,0.71,1.02,5.72,0.43,1.27,3.64,0.48,1.33,5.51,38,38.15
1150.45,38,0.14,0.47,5.24,1.14,0.91,4.98,0.72,1.03,5.74,0.44,1.28,3.65,0.49,1.35,5.52,38,38.15
1151.45,38,0.14,0.48,5.24,1.14,0.92,4.98,0.72,1.03,5.74,0.44,1.28,3.66,0.49,1.34,5.52,38,38.14
1152.45,38,0.14,0.47,5.24,1.14,0.91,4.97,0.72,1.02,5.74,0.44,1.27,3.66,0.49,1.34,5.51,38,38.15
1153.47,38,0.13,0.46,5.22,1.12,0.91,4.97,0.71,1.02,5.72,0.43,1.27,3.67,0.47,1.33,5.48,38,38.15
1154.47,38,0.14,0.47,5.24,1.14,0.92,4.98,0.72,1.03,5.74,0.44,1.27,3.68,0.49,1.34,5.51,38,38.15
1155.47,38,0.11,0.47,5.22,1.14,0.91,4.98,0.72,1.03,5.74,0.44,1.27,3.69,0.48,1.34,5.5,38,38.14
1156.47,38,0.11,0.47,5.23,1.14,0.91,4.98,0.72,1.03,5.74,0.43,1.27,3.7,0.48,1.34,5.48,38,38.14
1157.48,38,0.14,0.47,5.22,1.14,0.91,4.99,0.72,1.02,5.73,0.43,1.28,3.7,0.48,1.34,5.49,38,38.14
1158.48,38,0.14,0.47,5.22,1.13,0.91,4.97,0.72,1.03,5.71,0.43,1.27,3.7,0.48,1.34,5.48,38,38.15
1159.48,38,0.14,0.47,5.23,1.14,0.91,4.97,0.72,1.03,5.73,0.44,1.28,3.7,0.49,1.34,5.47,38,38.14
1160.48,38,0.14,0.47,5.23,1.14,0.91,4.99,0.72,1.03,5.71,0.43,1.27,3.7,0.49,1.34,5.47,38,38.14
1161.48,38,0.14,0.47,5.23,1.14,0.91,4.98,0.72,1.03,5.7,0.43,1.27,3.7,0.48,1.34,5.45,38,38.14
1162.5,38,0.14,0.47,5.23,1.13,0.91,4.97,0.72,1.03,5.69,0.43,1.27,3.69,0.48,1.34,5.44,38,38.12
1163.5,38,0.13,0.46,5.22,1.13,0.91,4.97,0.72,1.02,5.68,0.43,1.27,3.68,0.47,1.34,5.43,38,38.12
1164.5,38,0.13,0.47,5.23,1.13,0.91,4.98,0.71,1.03,5.69,0.44,1.28,3.68,0.49,1.34,5.43,38,38.12
1165.5,38,0.14,0.47,5.23,1.13,0.91,4.97,0.71,1.03,5.68,0.43,1.27,3.67,0.48,1.34,5.43,38,38.12
1166.5,38,0.14,0.47,5.22,1.14,0.91,4.98,0.72,1.03,5.68,0.43,1.27,3.67,0.48,1.34,5.42,38,38.12
1167.5,38,0.13,0.46,5.21,1.13,0.91,4.97,0.72,1.02,5.66,0.43,1.27,3.66,0.48,1.34,5.43,38,38.12
1168.52,38,0.13,0.47,5.2,1.14,0.91,4.97,0.72,1.02,5.65,0.43,1.27,3.65,0.48,1.34,5.43,38,38.12
1169.52,38,0.14,0.47,5.2,1.14,0.91,4.97,0.72,1.02,5.65,0.43,1.27,3.65,0.48,1.34,5.43,38,38.12
1170.52,38,0.14,0.47,5.21,1.14,0.91,4.97,0.72,1.03,5.68,0.43,1.28,3.65,0.49,1.34,5.44,38,38.12
1171.52,38,0.14,0.47,5.21,1.14,0.91,4.97,0.72,1.03,5.68,0.44,1.28,3.64,0.49,1.34,5.45,38,38.12
1172.52,38,0.14,0.47,5.21,1.14,0.91,4.96,0.72,1.03,5.68,0.44,1.28,3.64,0.49,1.34,5.47,38,38.12
1173.52,38,0.14,0.47,5.19,1.13,0.91,4.95,0.71,1.03,5.67,0.43,1.27,3.64,0.48,1.34,5.47,38,38.11
1174.53,38,0.14,0.47,5.19,1.13,0.91,4.94,0.71,1.02,5.67,0.43,1.27,3.64,0.47,1.34,5.47,38,38.12
1175.53,38,0.13,0.47,5.19,1.12,0.91,4.93,0.71,1.02,5.69,0.43,1.27,3.63,0.47,1.33,5.48,38,38.12
1176.53,38,0.14,0.47,5.19,1.14,0.91,4.94,0.72,1.03,5.69,0.44,1.27,3.64,0.49,1.34,5.49,38,38.11
1177.53,38,0.13,0.46,5.18,1.13,0.9,4.93,0.71,1.02,5.69,0.43,1.27,3.63,0.47,1.33,5.49,38,38.11
1178.53,38,0.14,0.47,5.18,1.13,0.91,4.94,0.72,1.02,5.69,0.43,1.27,3.63,0.48,1.34,5.48,38,38.09
1179.55,38,0.11,0.47,5.19,1.13,0.91,4.93,0.72,1.03,5.69,0.43,1.27,3.64,0.48,1.34,5.52,38,38.11
1180.55,38,0.14,0.47,5.18,1.13,0.91,4.93,0.72,1.03,5.69,0.43,1.27,3.64,0.48,1.33,5.5,38,38.11
1181.55,38,0.13,0.46,5.17,1.12,0.91,4.91,0.72,1.02,5.68,0.43,1.27,3.64,0.47,1.33,5.5,38,38.12
1182.55,38,0.13,0.46,5.16,1.12,0.9,4.91,0.71,1.01,5.67,0.42,1.26,3.63,0.47,1.33,5.51,38,38.11
1183.55,38,0.14,0.46,5.16,1.13,0.91,4.91,0.72,1.02,5.68,0.43,1.27,3.65,0.49,1.33,5.52,38,38.12
1184.55,38,0.1,0.46,5.16,1.14,0.92,4.91,0.72,1.02,5.68,0.43,1.27,3.65,0.48,1.34,5.52,38,38.11
1185.57,38,0.13,0.46,5.15,1.12,0.91,4.9,0.71,1.02,5.67,0.42,1.26,3.64,0.47,1.34,5.5,38,38.12
1186.57,38,0.13,0.46,5.15,1.12,0.91,4.9,0.71,1.02,5.67,0.43,1.26,3.65,0.47,1.33,5.51,38,38.11
1187.57,38,0.14,0.47,5.15,1.13,0.91,4.91,0.72,1.03,5.67,0.43,1.27,3.65,0.48,1.34,5.52,38,38.11
1188.57,38,0.14,0.46,5.15,1.13,0.91,4.9,0.72,1.02,5.65,0.43,1.27,3.64,0.47,1.33,5.51,38,38.09
1189.58,38,0.13,0.46,5.15,1.13,0.91,4.9,0.71,1.03,5.65,0.43,1.27,3.64,0.47,1.34,5.5,38,38.12
1190.58,38,0.11,0.47,5.15,1.13,0.91,4.89,0.72,1.02,5.64,0.43,1.27,3.64,0.47,1.34,5.5,38,38.11
1191.58,38,0.13,0.46,5.15,1.13,0.91,4.89,0.72,1.02,5.62,0.43,1.27,3.63,0.48,1.33,5.48,38,38.12
1192.58,38,0.13,0.46,5.14,1.13,0.91,4.89,0.72,1.02,5.62,0.43,1.27,3.63,0.48,1.33,5.49,38,38.11
1193.58,38,0.14,0.47,5.15,1.13,0.91,4.9,0.72,1.02,5.62,0.43,1.27,3.63,0.48,1.33,5.48,38,38.12
1194.6,38,0.13,0.47,5.15,1.14,0.91,4.9,0.72,1.03,5.62,0.44,1.28,3.63,0.49,1.34,5.49,38,38.09
1195.6,38,0.12,0.47,5.14,1.12,0.91,4.89,0.71,1.02,5.61,0.43,1.27,3.61,0.48,1.33,5.48,38,38.11
1196.6,38,0.14,0.47,5.13,1.13,0.91,4.89,0.71,1.02,5.59,0.43,1.27,3.61,0.48,1.33,5.47,38,38.11
1197.6,38,0.13,0.46,5.13,1.12,0.9,4.88,0.72,1.02,5.58,0.43,1.26,3.6,0.47,1.33,5.46,38,38.12
1198.6,38,0.14,0.47,5.14,1.14,0.92,4.89,0.72,1.02,5.58,0.43,1.28,3.6,0.48,1.34,5.47,38,38.12
1199.6,38,0.13,0.47,5.14,1.14,0.91,4.9,0.72,1.02,5.58,0.44,1.27,3.59,0.48,1.34,5.46,38,38.11
1200.6,38,0.14,0.47,5.13,1.14,0.91,4.89,0.72,1.03,5.57,0.43,1.27,3.58,0.48,1.34,5.45,38,38.11
1201.62,38,0.14,0.47,5.14,1.14,0.91,4.89,0.73,1.03,5.57,0.43,1.27,3.58,0.49,1.34,5.45,38,38.12
1202.62,38,0.13,0.48,5.13,1.14,0.91,4.9,0.72,1.03,5.57,0.43,1.27,3.58,0.49,1.33,5.44,38,38.11
1203.62,38,0.13,0.46,5.13,1.13,0.91,4.89,0.72,1.02,5.56,0.43,1.26,3.56,0.49,1.33,5.43,38,38.11
1204.62,38,0.13,0.46,5.13,1.13,0.9,4.88,0.72,1.02,5.56,0.43,1.26,3.55,0.49,1.33,5.42,38,38.12
1205.62,38,0.14,0.47,5.13,1.14,0.91,4.89,0.72,1.03,5.55,0.44,1.27,3.56,0.49,1.34,5.43,38,38.12
1206.63,38,0.14,0.47,5.12,1.14,0.91,4.89,0.72,1.03,5.55,0.43,1.27,3.55,0.49,1.34,5.42,38,38.12
1207.63,38,0.14,0.47,5.13,1.14,0.91,4.89,0.72,1.02,5.55,0.43,1.26,3.55,0.49,1.33,5.42,38,38.14
1208.63,38,0.13,0.47,5.12,1.14,0.91,4.9,0.72,1.03,5.53,0.43,1.27,3.54,0.48,1.34,5.41,38,38.12
1209.63,38,0.14,0.47,5.11,1.13,0.91,4.89,0.71,1.03,5.54,0.43,1.26,3.53,0.48,1.33,5.39,38,38.12
1210.65,38,0.12,0.47,5.12,1.14,0.91,4.89,0.72,1.02,5.53,0.43,1.27,3.53,0.47,1.33,5.4,38,38.12
1211.65,38,0.14,0.47,5.11,1.13,0.91,4.89,0.72,1.02,5.53,0.43,1.27,3.53,0.48,1.33,5.4,38,38.12
1212.65,38,0.14,0.47,5.11,1.14,0.92,4.9,0.72,1.03,5.53,0.44,1.28,3.53,0.48,1.34,5.4,38,38.12
1213.65,38,0.14,0.47,5.1,1.13,0.91,4.89,0.72,1.02,5.53,0.43,1.27,3.52,0.48,1.33,5.39,38,38.14
1214.65,38,0.11,0.47,5.1,1.13,0.91,4.89,0.72,1.02,5.53,0.44,1.27,3.52,0.48,1.34,5.38,38,38.12
1215.67,38,0.13,0.47,5.1,1.12,0.91,4.88,0.71,1.02,5.53,0.43,1.27,3.52,0.48,1.33,5.38,38,38.15
1216.67,38,0.13,0.47,5.11,1.14,0.91,4.89,0.72,1.03,5.53,0.44,1.27,3.54,0.49,1.34,5.38,38,38.14
1217.67,38,0.14,0.47,5.1,1.13,0.91,4.89,0.72,1.02,5.53,0.44,1.27,3.53,0.48,1.33,5.37,38,38.14
1218.68,38,0.14,0.47,5.1,1.14,0.91,4.9,0.72,1.02,5.53,0.43,1.27,3.55,0.49,1.34,5.38,38,38.14
1219.68,38,0.14,0.47,5.1,1.14,0.91,4.89,0.72,1.02,5.53,0.43,1.27,3.54,0.48,1.34,5.38,38,38.12
1220.68,38,0.13,0.46,5.08,1.12,0.91,4.89,0.71,1.02,5.52,0.43,1.27,3.54,0.48,1.33,5.36,38,38.14
1221.68,38,0.14,0.48,5.1,1.14,0.92,4.9,0.72,1.03,5.54,0.44,1.28,3.56,0.49,1.34,5.37,38,38.15
1222.7,38,0.11,0.47,5.1,1.13,0.91,4.89,0.72,1.03,5.53,0.43,1.27,3.55,0.48,1.34,5.35,38,38.15
1223.7,38,0.14,0.47,5.1,1.14,0.91,4.89,0.72,1.02,5.53,0.44,1.27,3.56,0.48,1.34,5.37,38,38.12
1224.7,38,0.13,0.47,5.09,1.13,0.91,4.89,0.71,1.02,5.53,0.43,1.27,3.57,0.48,1.33,5.35,38,38.14
1225.7,38,0.14,0.47,5.1,1.14,0.92,4.9,0.72,1.03,5.53,0.44,1.28,3.58,0.49,1.34,5.35,38,38.14
1226.7,38,0.13,0.47,5.09,1.14,0.91,4.89,0.72,1.02,5.53,0.43,1.27,3.58,0.48,1.33,5.33,38,38.14
1227.72,38,0.14,0.47,5.09,1.14,0.91,4.89,0.72,1.03,5.53,0.43,1.27,3.58,0.48,1.34,5.34,38,38.14
1228.72,38,0.14,0.48,5.09,1.14,0.91,4.9,0.72,1.03,5.53,0.44,1.27,3.61,0.49,1.34,5.34,38,38.15
1229.72,38,0.11,0.47,5.09,1.14,0.91,4.9,0.72,1.02,5.53,0.44,1.27,3.61,0.48,1.34,5.33,38,38.15
1230.72,38,0.11,0.47,5.09,1.14,0.91,4.89,0.72,1.02,5.53,0.44,1.27,3.61,0.49,1.34,5.33,38,38.15
1231.73,38,0.13,0.47,5.08,1.13,0.91,4.89,0.72,1.03,5.53,0.44,1.27,3.61,0.49,1.34,5.33,38,38.15
1232.73,38,0.14,0.47,5.08,1.14,0.92,4.89,0.72,1.03,5.53,0.43,1.27,3.61,0.49,1.33,5.33,38,38.15
1233.73,38,0.14,0.47,5.08,1.14,0.91,4.89,0.72,1.02,5.53,0.43,1.27,3.62,0.49,1.33,5.32,38,38.15
1234.73,38,0.13,0.47,5.08,1.14,0.91,4.89,0.72,1.03,5.53,0.44,1.26,3.63,0.48,1.34,5.32,38,38.15
1235.73,38,0.14,0.47,5.06,1.14,0.91,4.89,0.72,1.02,5.53,0.44,1.28,3.63,0.48,1.33,5.33,38,38.15
1236.73,38,0.14,0.47,5.06,1.13,0.91,4.89,0.72,1.02,5.53,0.44,1.27,3.63,0.48,1.33,5.32,38,38.15
1237.75,38,0.14,0.47,5.06,1.14,0.91,4.89,0.72,1.03,5.53,0.43,1.27,3.64,0.48,1.34,5.31,38,38.15
1238.75,38,0.14,0.47,5.07,1.13,0.91,4.89,0.72,1.03,5.53,0.43,1.27,3.64,0.49,1.34,5.3,38,38.15
1239.75,38,0.13,0.48,5.07,1.14,0.92,4.9,0.73,1.03,5.53,0.44,1.27,3.64,0.49,1.34,5.32,38,38.15
1240.75,38,0.14,0.47,5.07,1.14,0.92,4.89,0.72,1.03,5.53,0.44,1.27,3.64,0.49,1.34,5.31,38,38.15
1241.75,38,0.14,0.47,5.06,1.13,0.91,4.88,0.72,1.02,5.52,0.43,1.27,3.63,0.48,1.33,5.29,38,38.15
1242.77,38,0.14,0.47,5.06,1.14,0.91,4.89,0.72,1.03,5.52,0.43,1.27,3.63,0.48,1.33,5.29,38,38.15
1243.77,38,0.14,0.48,5.07,1.14,0.92,4.89,0.73,1.03,5.5,0.44,1.27,3.62,0.49,1.34,5.29,38,38.15
1244.77,38,0.14,0.47,5.07,1.14,0.92,4.89,0.72,1.03,5.5,0.43,1.27,3.61,0.49,1.34,5.29,38,38.15
1245.77,38,0.14,0.47,5.07,1.14,0.91,4.88,0.71,1.02,5.48,0.43,1.27,3.61,0.48,1.33,5.29,38,38.14
1246.77,38,0.14,0.47,5.06,1.14,0.91,4.87,0.72,1.02,5.48,0.43,1.27,3.58,0.48,1.34,5.28,38,38.14
1247.77,38,0.14,0.47,5.07,1.14,0.92,4.87,0.72,1.02,5.48,0.43,1.27,3.57,0.48,1.34,5.28,38,38.12
1248.78,38,0.14,0.48,5.07,1.14,0.92,4.88,0.72,1.03,5.47,0.44,1.27,3.56,0.49,1.34,5.29,38,38.12
1249.78,38,0.14,0.47,5.06,1.14,0.91,4.87,0.72,1.03,5.47,0.43,1.27,3.53,0.48,1.34,5.29,38,38.12
1250.78,38,0.14,0.47,5.06,1.13,0.91,4.87,0.72,1.02,5.46,0.43,1.27,3.52,0.48,1.33,5.3,38,38.12
1251.78,38,0.13,0.46,5.05,1.13,0.91,4.86,0.71,1.02,5.46,0.43,1.27,3.51,0.48,1.33,5.32,38,38.12
1252.8,38,0.13,0.47,5.04,1.13,0.91,4.86,0.72,1.02,5.46,0.43,1.27,3.5,0.48,1.33,5.33,38,38.12
1253.8,38,0.13,0.47,5.03,1.13,0.91,4.86,0.71,1.02,5.48,0.43,1.26,3.49,0.48,1.33,5.33,38,38.12
1254.8,38,0.14,0.47,5.04,1.14,0.92,4.88,0.72,1.03,5.48,0.43,1.27,3.49,0.49,1.34,5.35,38,38.12
1255.8,38,0.14,0.47,5.03,1.14,0.91,4.87,0.72,1.02,5.48,0.43,1.27,3.49,0.49,1.33,5.36,38,38.11
1256.8,38,0.13,0.47,5.04,1.13,0.91,4.86,0.72,1.02,5.49,0.43,1.27,3.49,0.48,1.33,5.37,38,38.12
1257.8,38,0.13,0.46,5.02,1.13,0.91,4.85,0.71,1.02,5.48,0.43,1.27,3.5,0.47,1.33,5.36,38,38.12
1258.8,38,0.13,0.46,5.02,1.12,0.91,4.86,0.72,1.02,5.49,0.43,1.26,3.51,0.48,1.33,5.38,38,38.12
1259.8,38,0.13,0.47,5.01,1.12,0.91,4.85,0.71,1.01,5.48,0.43,1.26,3.52,0.48,1.32,5.37,38,38.12
1260.82,38,0.13,0.47,5.01,1.13,0.91,4.86,0.71,1.02,5.49,0.43,1.27,3.53,0.48,1.33,5.39,38,38.12
1261.82,38,0.13,0.47,5.02,1.14,0.91,4.86,0.71,1.02,5.49,0.43,1.27,3.54,0.48,1.33,5.38,38,38.11
1262.82,38,0.13,0.47,5.02,1.14,0.9,4.85,0.71,1.02,5.5,0.43,1.26,3.54,0.48,1.33,5.38,38,38.09
1263.82,38,0.14,0.47,5.01,1.13,0.91,4.87,0.72,1.02,5.5,0.43,1.27,3.55,0.48,1.34,5.38,38,38.11
1264.83,38,0.13,0.47,5.01,1.14,0.91,4.87,0.72,1.02,5.49,0.43,1.27,3.57,0.48,1.34,5.39,38,38.11
1265.83,38,0.14,0.47,5,1.13,0.91,4.86,0.71,1.02,5.48,0.43,1.27,3.55,0.48,1.33,5.37,38,38.09
1266.83,38,0.11,0.47,5,1.13,0.91,4.85,0.72,1.02,5.49,0.43,1.27,3.57,0.47,1.33,5.39,38,38.11
1267.83,38,0.13,0.47,5,1.13,0.91,4.86,0.72,1.02,5.47,0.43,1.26,3.57,0.48,1.33,5.38,38,38.11
1268.83,38,0.13,0.47,4.99,1.12,0.91,4.85,0.71,1.02,5.47,0.43,1.26,3.57,0.47,1.33,5.38,38,38.11
1269.83,38,0.11,0.47,5,1.12,0.91,4.85,0.71,1.02,5.47,0.43,1.26,3.58,0.47,1.34,5.38,38,38.11
1270.83,38,0.11,0.47,5.01,1.14,0.91,4.86,0.72,1.02,5.48,0.43,1.27,3.57,0.48,1.33,5.38,38,38.11
1271.85,38,0.12,0.46,4.99,1.12,0.91,4.85,0.72,1.02,5.46,0.43,1.27,3.56,0.47,1.33,5.37,38,38.11
1272.85,38,0.13,0.46,4.99,1.13,0.9,4.85,0.71,1.02,5.44,0.42,1.25,3.57,0.47,1.33,5.37,38,38.09
1273.85,38,0.13,0.46,4.98,1.14,0.91,4.85,0.71,1.02,5.44,0.43,1.26,3.57,0.47,1.33,5.37,38,38.12
1274.87,38,0.14,0.47,4.99,1.12,0.91,4.85,0.72,1.02,5.44,0.43,1.27,3.58,0.47,1.33,5.37,38,38.12
1275.87,38,0.13,0.47,4.99,1.13,0.91,4.85,0.72,1.02,5.44,0.43,1.27,3.57,0.48,1.33,5.37,38,38.11
1276.87,38,0.13,0.47,4.97,1.12,0.9,4.85,0.71,1.02,5.43,0.43,1.26,3.56,0.48,1.33,5.35,38,38.09
1277.87,38,0.13,0.47,4.99,1.14,0.91,4.85,0.72,1.02,5.42,0.43,1.27,3.55,0.48,1.33,5.35,38,38.09
1278.88,38,0.13,0.47,4.99,1.13,0.91,4.85,0.72,1.02,5.43,0.43,1.27,3.55,0.49,1.33,5.37,38,38.09
1279.88,38,0.13,0.47,4.99,1.13,0.92,4.86,0.72,1.02,5.43,0.44,1.27,3.56,0.49,1.34,5.36,38,38.09
1280.88,38,0.13,0.46,4.97,1.12,0.91,4.85,0.71,1.02,5.41,0.43,1.26,3.54,0.47,1.33,5.35,38,38.09
1281.88,38,0.13,0.47,4.99,1.14,0.91,4.85,0.72,1.02,5.42,0.43,1.27,3.55,0.48,1.33,5.33,38,38.11
1282.88,38,0.14,0.47,4.98,1.14,0.92,4.85,0.72,1.02,5.41,0.44,1.27,3.55,0.48,1.34,5.36,38,38.09
1283.88,38,0.14,0.47,4.97,1.14,0.91,4.85,0.72,1.03,5.41,0.44,1.26,3.55,0.48,1.33,5.35,38,38.11
1284.9,38,0.13,0.47,4.97,1.12,0.9,4.83,0.71,1.01,5.38,0.43,1.26,3.53,0.47,1.33,5.33,38,38.09
1285.9,38,0.14,0.47,4.97,1.13,0.91,4.84,0.72,1.02,5.4,0.44,1.27,3.53,0.49,1.33,5.34,38,38.09
1286.9,38,0.14,0.47,4.97,1.13,0.91,4.84,0.71,1.03,5.39,0.43,1.27,3.54,0.48,1.33,5.34,38,38.11
1287.9,38,0.13,0.46,4.97,1.12,0.91,4.84,0.71,1.01,5.38,0.43,1.26,3.52,0.48,1.33,5.33,38,38.09
1288.9,38,0.14,0.47,4.97,1.12,0.91,4.83,0.72,1.02,5.39,0.43,1.27,3.53,0.48,1.33,5.33,38,38.11
1289.92,38,0.13,0.46,4.97,1.13,0.91,4.84,0.72,1.02,5.39,0.43,1.27,3.52,0.48,1.33,5.33,38,38.08
1290.92,38,0.11,0.47,4.96,1.13,0.91,4.83,0.72,1.02,5.38,0.43,1.26,3.52,0.49,1.33,5.33,38,38.09
1291.92,38,0.11,0.47,4.97,1.13,0.91,4.84,0.71,1.02,5.38,0.43,1.27,3.52,0.47,1.33,5.33,38,38.11
1292.92,38,0.14,0.47,4.97,1.13,0.91,4.85,0.72,1.02,5.38,0.43,1.27,3.52,0.48,1.33,5.33,38,38.09
1293.92,38,0.13,0.47,4.97,1.14,0.91,4.84,0.72,1.03,5.38,0.43,1.26,3.51,0.48,1.33,5.33,38,38.09
1294.92,38,0.13,0.47,4.95,1.13,0.91,4.84,0.72,1.02,5.38,0.43,1.27,3.51,0.48,1.33,5.32,38,38.09
1295.92,38,0.11,0.47,4.95,1.13,0.91,4.84,0.71,1.02,5.37,0.43,1.26,3.5,0.48,1.33,5.31,38,38.09
1296.93,38,0.14,0.47,4.95,1.14,0.91,4.84,0.72,1.03,5.38,0.44,1.27,3.51,0.49,1.34,5.32,38,38.11
1297.93,38,0.13,0.47,4.94,1.12,0.91,4.83,0.71,1.01,5.37,0.42,1.26,3.49,0.47,1.33,5.31,38,38.09
1298.93,38,0.11,0.47,4.96,1.13,0.91,4.85,0.72,1.02,5.38,0.43,1.27,3.5,0.48,1.33,5.32,38,38.09
1299.93,38,0.13,0.46,4.95,1.13,0.91,4.85,0.72,1.02,5.36,0.43,1.26,3.49,0.48,1.33,5.3,38,38.09
1300.93,38,0.13,0.46,4.95,1.13,0.91,4.85,0.71,1.02,5.37,0.43,1.26,3.48,0.47,1.33,5.29,38,38.09
1301.93,38,0.12,0.47,4.94,1.14,0.91,4.85,0.72,1.02,5.37,0.43,1.27,3.49,0.49,1.33,5.29,38,38.09
1302.93,38,0.14,0.47,4.94,1.12,0.91,4.85,0.72,1.02,5.36,0.43,1.27,3.49,0.49,1.33,5.29,38,38.11
1303.93,38,0.11,0.46,4.94,1.13,0.91,4.84,0.71,1.02,5.35,0.43,1.27,3.47,0.49,1.33,5.29,38,38.09
1304.93,38,0.13,0.47,4.94,1.13,0.91,4.85,0.72,1.02,5.35,0.43,1.26,3.47,0.48,1.33,5.29,38,38.11
1305.93,38,0.13,0.47,4.93,1.13,0.91,4.84,0.71,1.02,5.34,0.43,1.26,3.46,0.47,1.33,5.27,38,38.09
1306.93,38,0.13,0.46,4.92,1.12,0.9,4.84,0.71,1.01,5.33,0.43,1.26,3.46,0.47,1.32,5.26,38,38.08
1307.95,38,0.11,0.46,4.92,1.13,0.91,4.84,0.71,1.02,5.33,0.43,1.27,3.46,0.47,1.33,5.26,38,38.09
1308.95,38,0.11,0.46,4.95,1.12,0.91,4.83,0.71,1.02,5.33,0.43,1.26,3.46,0.47,1.33,5.26,38,38.08
1309.95,38,0.13,0.46,4.93,1.13,0.91,4.83,0.72,1.02,5.34,0.43,1.27,3.46,0.47,1.33,5.26,38,38.09
1310.95,38,0.13,0.47,4.93,1.12,0.91,4.83,0.71,1.02,5.32,0.43,1.26,3.44,0.47,1.33,5.25,38,38.09
1311.95,38,0.1,0.47,4.93,1.12,0.91,4.84,0.72,1.02,5.33,0.43,1.26,3.45,0.47,1.33,5.25,38,38.09
1312.97,38,0.14,0.48,4.93,1.13,0.91,4.84,0.72,1.02,5.33,0.44,1.27,3.46,0.49,1.33,5.25,38,38.09
1313.97,38,0.13,0.47,4.93,1.13,0.91,4.84,0.72,1.02,5.33,0.43,1.26,3.45,0.47,1.33,5.24,38,38.09
1314.97,38,0.13,0.46,4.92,1.12,0.9,4.83,0.71,1.01,5.31,0.43,1.26,3.44,0.47,1.33,5.24,38,38.09
1315.97,38,0.1,0.47,4.92,1.13,0.91,4.84,0.72,1.02,5.31,0.43,1.26,3.44,0.48,1.33,5.23,38,38.09
1316.97,38,0.11,0.46,4.92,1.13,0.9,4.84,0.71,1.02,5.31,0.43,1.26,3.44,0.47,1.33,5.23,38,38.09
1317.97,38,0.13,0.47,4.92,1.14,0.92,4.84,0.72,1.03,5.31,0.43,1.27,3.44,0.49,1.34,5.24,38,38.09
1318.97,38,0.13,0.47,4.9,1.12,0.91,4.84,0.71,1.02,5.3,0.43,1.26,3.43,0.47,1.32,5.21,38,38.09
1319.97,38,0.14,0.48,4.92,1.14,0.92,4.84,0.72,1.03,5.3,0.44,1.27,3.45,0.48,1.33,5.24,38,38.09
1320.98,38,0.13,0.47,4.9,1.13,0.91,4.84,0.71,1.02,5.3,0.43,1.25,3.43,0.48,1.33,5.21,38,38.08
1321.98,38,0.11,0.47,4.91,1.14,0.91,4.85,0.72,1.02,5.29,0.44,1.27,3.44,0.49,1.33,5.22,38,38.08
1322.98,38,0.13,0.47,4.91,1.12,0.91,4.83,0.72,1.02,5.29,0.43,1.27,3.43,0.48,1.33,5.2,38,38.09
1323.98,38,0.11,0.47,4.9,1.13,0.91,4.84,0.71,1.03,5.29,0.44,1.27,3.44,0.48,1.33,5.21,38,38.11
1324.98,38,0.11,0.47,4.9,1.13,0.91,4.83,0.71,1.02,5.28,0.43,1.26,3.44,0.48,1.33,5.2,38,38.08
1325.98,38,0.14,0.47,4.9,1.14,0.91,4.85,0.72,1.02,5.29,0.43,1.26,3.44,0.48,1.33,5.2,38,38.08
1326.98,38,0.13,0.46,4.89,1.13,0.91,4.83,0.71,1.02,5.28,0.43,1.25,3.43,0.47,1.33,5.19,38,38.11
1327.98,38,0.14,0.47,4.9,1.14,0.92,4.85,0.72,1.03,5.29,0.43,1.27,3.44,0.49,1.34,5.21,38,38.08
1329,38,0.13,0.47,4.89,1.13,0.91,4.85,0.72,1.02,5.29,0.44,1.27,3.45,0.49,1.34,5.19,38,38.11
1330,38,0.13,0.47,4.89,1.13,0.91,4.84,0.72,1.03,5.29,0.44,1.27,3.45,0.48,1.33,5.19,38,38.09
1331,38,0.13,0.47,4.89,1.13,0.91,4.84,0.72,1.02,5.29,0.43,1.26,3.46,0.47,1.33,5.18,38,38.09
1332,38,0.13,0.47,4.89,1.12,0.91,4.84,0.71,1.02,5.28,0.43,1.26,3.46,0.47,1.33,5.17,38,38.12
1333,38,0.14,0.47,4.89,1.14,0.91,4.85,0.72,1.03,5.29,0.44,1.27,3.47,0.49,1.34,5.19,38,38.12
1334,38,0.13,0.47,4.89,1.14,0.91,4.84,0.72,1.02,5.29,0.43,1.27,3.47,0.48,1.33,5.18,38,38.12
1335,38,0.14,0.47,4.89,1.13,0.92,4.84,0.72,1.02,5.29,0.43,1.27,3.49,0.48,1.33,5.17,38,38.11
1336,38,0.1,0.47,4.89,1.13,0.91,4.84,0.72,1.02,5.29,0.43,1.26,3.49,0.48,1.33,5.17,38,38.12
1337.02,38,0.14,0.46,4.88,1.13,0.91,4.84,0.72,1.02,5.29,0.43,1.26,3.49,0.47,1.33,5.16,38,38.12
1338.02,38,0.12,0.47,4.89,1.14,0.92,4.85,0.72,1.03,5.29,0.44,1.27,3.5,0.49,1.33,5.17,38,38.12
1339.02,38,0.13,0.47,4.87,1.12,0.9,4.84,0.71,1.02,5.28,0.43,1.25,3.5,0.47,1.33,5.16,38,38.12
1340.03,38,0.14,0.47,4.88,1.13,0.91,4.85,0.72,1.02,5.29,0.44,1.26,3.52,0.48,1.33,5.16,38,38.14
1341.03,38,0.13,0.47,4.88,1.13,0.91,4.85,0.72,1.02,5.29,0.43,1.27,3.52,0.48,1.33,5.15,38,38.12
1342.03,38,0.14,0.47,4.89,1.14,0.91,4.85,0.72,1.02,5.3,0.44,1.27,3.53,0.49,1.33,5.17,38,38.14
1343.03,38,0.14,0.47,4.88,1.13,0.91,4.85,0.72,1.02,5.29,0.43,1.26,3.53,0.48,1.33,5.16,38,38.12
1344.03,38,0.13,0.47,4.87,1.13,0.91,4.85,0.72,1.02,5.29,0.43,1.25,3.54,0.48,1.33,5.15,38,38.12
1345.03,38,0.13,0.46,4.85,1.12,0.9,4.84,0.71,1.01,5.29,0.43,1.25,3.54,0.47,1.32,5.14,38,38.12
1346.03,38,0.11,0.47,4.86,1.13,0.92,4.84,0.72,1.02,5.3,0.43,1.27,3.55,0.48,1.33,5.16,38,38.14
1347.03,38,0.13,0.47,4.86,1.13,0.9,4.84,0.71,1.02,5.3,0.43,1.25,3.55,0.47,1.32,5.15,38,38.14
1348.03,38,0.14,0.47,4.86,1.14,0.91,4.84,0.72,1.02,5.32,0.43,1.27,3.56,0.48,1.33,5.16,38,38.15
1349.05,38,0.14,0.47,4.86,1.13,0.91,4.85,0.71,1.02,5.3,0.43,1.26,3.56,0.49,1.33,5.15,38,38.15
1350.05,38,0.13,0.47,4.86,1.13,0.91,4.85,0.72,1.02,5.31,0.43,1.25,3.57,0.48,1.33,5.15,38,38.14
1351.05,38,0.13,0.46,4.85,1.14,0.91,4.85,0.71,1.01,5.31,0.43,1.25,3.56,0.47,1.32,5.15,38,38.14
1352.05,38,0.14,0.47,4.86,1.14,0.91,4.85,0.72,1.02,5.31,0.43,1.25,3.56,0.48,1.32,5.14,38,38.14
1353.05,38,0.13,0.46,4.86,1.13,0.91,4.85,0.72,1.02,5.31,0.43,1.26,3.56,0.47,1.33,5.14,38,38.15
1354.05,38,0.14,0.47,4.86,1.13,0.91,4.85,0.71,1.02,5.3,0.43,1.27,3.56,0.47,1.33,5.12,38,38.14
1355.07,38,0.13,0.47,4.85,1.13,0.91,4.83,0.72,1.02,5.31,0.43,1.26,3.56,0.48,1.32,5.13,38,38.14
1356.07,38,0.13,0.47,4.85,1.13,0.91,4.84,0.72,1.02,5.3,0.43,1.27,3.56,0.48,1.33,5.12,38,38.15
1357.07,38,0.14,0.47,4.86,1.13,0.91,4.85,0.72,1.02,5.3,0.44,1.26,3.56,0.48,1.33,5.12,38,38.14
1358.07,38,0.14,0.47,4.86,1.14,0.91,4.85,0.72,1.02,5.31,0.43,1.26,3.56,0.48,1.33,5.11,38,38.15
1359.08,38,0.14,0.48,4.86,1.14,0.92,4.85,0.72,1.03,5.31,0.44,1.27,3.55,0.49,1.34,5.12,38,38.15
1360.08,38,0.14,0.47,4.85,1.13,0.92,4.85,0.72,1.02,5.3,0.43,1.27,3.55,0.48,1.33,5.1,38,38.14
1361.08,38,0.14,0.48,4.85,1.14,0.91,4.85,0.72,1.03,5.3,0.44,1.27,3.55,0.49,1.33,5.1,38,38.15
1362.1,38,0.14,0.47,4.85,1.14,0.91,4.85,0.72,1.02,5.3,0.44,1.27,3.55,0.49,1.33,5.1,38,38.14
1363.1,38,0.14,0.47,4.85,1.14,0.91,4.85,0.71,1.02,5.29,0.43,1.27,3.55,0.48,1.33,5.08,38,38.15
1364.1,38,0.14,0.47,4.85,1.14,0.91,4.85,0.72,1.02,5.29,0.43,1.26,3.54,0.47,1.34,5.08,38,38.14
1365.1,38,0.14,0.47,4.84,1.14,0.91,4.87,0.72,1.02,5.3,0.44,1.27,3.54,0.48,1.34,5.09,38,38.15
1366.1,38,0.14,0.47,4.85,1.13,0.91,4.86,0.72,1.03,5.29,0.44,1.27,3.54,0.49,1.34,5.07,38,38.15
1367.1,38,0.11,0.47,4.85,1.13,0.91,4.85,0.72,1.02,5.29,0.44,1.27,3.53,0.48,1.34,5.07,38,38.15
1368.12,38,0.14,0.47,4.84,1.14,0.91,4.85,0.72,1.02,5.3,0.44,1.27,3.53,0.49,1.33,5.06,38,38.15
1369.12,38,0.14,0.47,4.84,1.13,0.91,4.86,0.72,1.02,5.3,0.43,1.27,3.52,0.48,1.33,5.06,38,38.15
1370.12,38,0.14,0.47,4.83,1.13,0.91,4.85,0.72,1.02,5.29,0.43,1.26,3.52,0.48,1.33,5.06,38,38.14
1371.12,38,0.11,0.47,4.84,1.14,0.91,4.86,0.72,1.03,5.3,0.43,1.27,3.52,0.49,1.33,5.06,38,38.15
1372.13,38,0.13,0.47,4.83,1.13,0.91,4.86,0.72,1.02,5.29,0.43,1.26,3.52,0.49,1.33,5.06,38,38.15
1373.13,38,0.13,0.47,4.84,1.13,0.92,4.85,0.72,1.02,5.29,0.43,1.26,3.52,0.49,1.33,5.06,38,38.15
1374.13,38,0.14,0.47,4.83,1.14,0.91,4.86,0.72,1.02,5.29,0.44,1.27,3.52,0.49,1.33,5.05,38,38.15
1375.13,38,0.14,0.48,4.83,1.14,0.92,4.86,0.72,1.03,5.29,0.44,1.27,3.52,0.49,1.33,5.06,38,38.15
1376.13,38,0.14,0.48,4.83,1.14,0.92,4.85,0.72,1.03,5.3,0.44,1.27,3.52,0.49,1.34,5.06,38,38.15
1377.13,38,0.14,0.47,4.84,1.14,0.92,4.86,0.72,1.02,5.29,0.44,1.27,3.51,0.49,1.33,5.06,38,38.15
1378.13,38,0.14,0.47,4.83,1.14,0.92,4.85,0.72,1.03,5.29,0.44,1.27,3.52,0.49,1.34,5.06,38,38.15
1379.13,38,0.14,0.48,4.82,1.14,0.91,4.86,0.72,1.03,5.29,0.44,1.27,3.52,0.49,1.33,5.06,38,38.15
1380.15,38,0.14,0.46,4.81,1.12,0.9,4.85,0.71,1.02,5.28,0.43,1.26,3.5,0.47,1.33,5.04,38,38.16
1381.15,38,0.15,0.48,4.83,1.14,0.92,4.86,0.72,1.03,5.29,0.44,1.27,3.51,0.49,1.33,5.06,38,38.15
1382.17,38,0.14,0.47,4.82,1.14,0.91,4.86,0.72,1.03,5.29,0.43,1.27,3.51,0.48,1.33,5.06,38,38.16
1383.17,38,0.14,0.48,4.82,1.14,0.91,4.86,0.72,1.03,5.29,0.44,1.27,3.51,0.49,1.33,5.06,38,38.15
1384.17,38,0.14,0.47,4.81,1.13,0.91,4.85,0.71,1.02,5.27,0.43,1.26,3.49,0.48,1.33,5.05,38,38.16
1385.18,38,0.13,0.47,4.8,1.13,0.91,4.84,0.72,1.02,5.26,0.43,1.25,3.48,0.47,1.32,5.04,38,38.15
1386.18,38,0.11,0.47,4.82,1.13,0.91,4.86,0.72,1.02,5.28,0.44,1.26,3.49,0.48,1.34,5.06,38,38.15
1387.18,38,0.12,0.47,4.81,1.14,0.91,4.86,0.72,1.03,5.29,0.44,1.27,3.49,0.49,1.33,5.05,38,38.15
1388.18,38,0.13,0.47,4.81,1.13,0.91,4.85,0.72,1.03,5.28,0.44,1.27,3.48,0.48,1.33,5.05,38,38.15
1389.18,38,0.14,0.47,4.81,1.14,0.92,4.85,0.72,1.02,5.27,0.44,1.26,3.49,0.49,1.33,5.06,38,38.15
1390.2,38,0.13,0.49,4.83,1.14,0.92,4.87,0.73,1.03,5.27,0.44,1.27,3.49,0.49,1.34,5.06,38,38.15
1391.2,38,0.14,0.47,4.81,1.14,0.91,4.85,0.72,1.02,5.26,0.43,1.27,3.47,0.49,1.33,5.04,38,38.15
1392.2,38,0.14,0.46,4.81,1.13,0.91,4.85,0.72,1.02,5.27,0.43,1.26,3.48,0.49,1.33,5.04,38,38.15
1393.2,38,0.14,0.47,4.81,1.14,0.91,4.87,0.72,1.03,5.27,0.44,1.27,3.48,0.49,1.34,5.05,38,38.15
1394.2,38,0.14,0.47,4.8,1.13,0.91,4.85,0.72,1.02,5.26,0.43,1.27,3.47,0.49,1.34,5.04,38,38.15
1395.2,38,0.14,0.47,4.81,1.14,0.91,4.86,0.72,1.02,5.26,0.44,1.26,3.47,0.49,1.33,5.05,38,38.15
1396.22,38,0.12,0.47,4.8,1.14,0.91,4.85,0.72,1.02,5.26,0.44,1.27,3.46,0.48,1.33,5.04,38,38.15
1397.22,38,0.11,0.47,4.8,1.13,0.91,4.85,0.72,1.02,5.25,0.43,1.27,3.46,0.49,1.33,5.04,38,38.15
1398.22,38,0.13,0.47,4.79,1.13,0.91,4.85,0.71,1.02,5.25,0.43,1.26,3.45,0.48,1.32,5.02,38,38.15
1399.22,38,0.13,0.47,4.79,1.14,0.92,4.85,0.72,1.02,5.25,0.44,1.27,3.46,0.49,1.34,5.04,38,38.16
1400.22,38,0.14,0.47,4.79,1.14,0.91,4.85,0.72,1.02,5.25,0.44,1.26,3.46,0.49,1.33,5.04,38,38.15
1401.22,38,0.14,0.47,4.8,1.15,0.92,4.86,0.72,1.03,5.25,0.44,1.27,3.46,0.49,1.34,5.05,38,38.15
1402.22,38,0.14,0.47,4.79,1.14,0.92,4.86,0.72,1.02,5.25,0.44,1.27,3.46,0.49,1.34,5.03,38,38.16
1403.22,38,0.14,0.47,4.77,1.13,0.91,4.85,0.71,1.02,5.24,0.43,1.26,3.44,0.48,1.33,5.03,38,38.15
1404.23,38,0.14,0.47,4.79,1.14,0.92,4.85,0.72,1.02,5.24,0.44,1.27,3.45,0.49,1.34,5.04,38,38.16
1405.23,38,0.13,0.46,4.78,1.13,0.91,4.85,0.71,1.02,5.22,0.43,1.25,3.44,0.48,1.33,5.02,38,38.15
1406.23,38,0.12,0.47,4.78,1.14,0.92,4.85,0.72,1.03,5.24,0.44,1.26,3.44,0.49,1.33,5.03,38,38.15
1407.23,38,0.14,0.47,4.78,1.14,0.91,4.85,0.73,1.03,5.23,0.44,1.26,3.44,0.49,1.33,5.04,38,38.18
1408.23,38,0.14,0.47,4.78,1.14,0.92,4.86,0.72,1.03,5.24,0.44,1.27,3.43,0.49,1.33,5.03,38,38.16
1409.25,38,0.14,0.48,4.78,1.14,0.92,4.85,0.72,1.03,5.24,0.44,1.27,3.44,0.49,1.34,5.03,38,38.16
1410.25,38,0.14,0.47,4.77,1.15,0.91,4.85,0.73,1.03,5.24,0.44,1.26,3.43,0.48,1.34,5.03,38,38.15
1411.25,38,0.14,0.47,4.77,1.14,0.92,4.85,0.72,1.03,5.22,0.43,1.26,3.43,0.48,1.33,5.03,38,38.16
1412.25,38,0.14,0.47,4.77,1.13,0.91,4.85,0.72,1.02,5.22,0.43,1.26,3.42,0.48,1.33,5.02,38,38.15
1413.25,38,0.14,0.47,4.77,1.14,0.91,4.86,0.72,1.02,5.23,0.44,1.26,3.42,0.49,1.33,5.04,38,38.15
1414.27,38,0.14,0.47,4.77,1.13,0.92,4.87,0.72,1.03,5.21,0.44,1.27,3.42,0.48,1.34,5.03,38,38.16
1415.27,38,0.14,0.47,4.77,1.14,0.91,4.85,0.72,1.02,5.21,0.43,1.25,3.41,0.49,1.33,5.02,38,38.16
1416.27,38,0.12,0.47,4.77,1.14,0.91,4.86,0.72,1.03,5.22,0.43,1.27,3.41,0.49,1.33,5.03,38,38.16
1417.27,38,0.14,0.48,4.77,1.14,0.93,4.86,0.72,1.03,5.22,0.43,1.27,3.42,0.49,1.34,5.03,38,38.16
1418.27,38,0.11,0.47,4.77,1.14,0.91,4.86,0.72,1.02,5.21,0.44,1.26,3.41,0.49,1.33,5.03,38,38.15
1419.27,38,0.14,0.47,4.76,1.13,0.91,4.85,0.72,1.03,5.2,0.43,1.26,3.41,0.47,1.33,5.04,38,38.16
1420.27,38,0.14,0.48,4.76,1.14,0.93,4.87,0.72,1.03,5.21,0.44,1.27,3.41,0.49,1.33,5.04,38,38.18
1421.27,38,0.14,0.47,4.76,1.13,0.91,4.86,0.72,1.03,5.21,0.44,1.26,3.4,0.48,1.33,5.04,38,38.16
1422.28,38,0.15,0.48,4.76,1.14,0.93,4.88,0.73,1.04,5.22,0.44,1.27,3.41,0.49,1.34,5.05,38,38.16
1423.28,38,0.13,0.46,4.73,1.13,0.91,4.85,0.72,1.02,5.19,0.43,1.25,3.39,0.47,1.32,5.02,38,38.15
1424.28,38,0.13,0.47,4.75,1.14,0.91,4.85,0.72,1.03,5.19,0.44,1.27,3.4,0.49,1.33,5.03,38,38.16
1425.28,38,0.11,0.47,4.76,1.13,0.91,4.85,0.72,1.02,5.18,0.43,1.26,3.4,0.49,1.33,5.02,38,38.15
1426.3,38,0.14,0.48,4.76,1.15,0.92,4.85,0.73,1.02,5.19,0.44,1.27,3.38,0.49,1.33,5.03,38,38.15
1427.3,38,0.14,0.47,4.77,1.14,0.92,4.85,0.72,1.03,5.19,0.43,1.27,3.38,0.49,1.34,5.04,38,38.15
1428.3,38,0.14,0.47,4.76,1.14,0.91,4.84,0.72,1.03,5.18,0.44,1.27,3.36,0.49,1.34,5.04,38,38.15
1429.3,38,0.14,0.48,4.76,1.14,0.91,4.85,0.72,1.03,5.18,0.44,1.27,3.36,0.48,1.34,5.05,38,38.14
1430.3,38,0.14,0.47,4.75,1.13,0.91,4.82,0.72,1.03,5.16,0.43,1.26,3.33,0.47,1.33,5.06,38,38.14
1431.3,38,0.13,0.47,4.76,1.13,0.92,4.83,0.72,1.02,5.17,0.44,1.27,3.33,0.48,1.33,5.06,38,38.14
1432.32,38,0.11,0.47,4.75,1.14,0.91,4.82,0.72,1.03,5.17,0.44,1.26,3.34,0.49,1.33,5.07,38,38.15
1433.32,38,0.13,0.47,4.75,1.13,0.91,4.81,0.72,1.03,5.17,0.44,1.26,3.33,0.48,1.33,5.09,38,38.12
1434.32,38,0.14,0.48,4.75,1.14,0.92,4.83,0.72,1.03,5.19,0.44,1.27,3.35,0.49,1.34,5.1,38,38.12
1435.32,38,0.11,0.47,4.74,1.14,0.91,4.82,0.72,1.03,5.19,0.43,1.27,3.35,0.48,1.33,5.11,38,38.12
1436.32,38,0.14,0.48,4.74,1.14,0.92,4.82,0.72,1.03,5.2,0.44,1.27,3.38,0.49,1.33,5.13,38,38.12
1437.32,38,0.14,0.47,4.74,1.13,0.92,4.84,0.72,1.03,5.2,0.44,1.27,3.38,0.49,1.34,5.14,38,38.12
1438.33,38,0.14,0.47,4.73,1.14,0.91,4.84,0.72,1.02,5.2,0.43,1.27,3.39,0.48,1.33,5.14,38,38.12
1439.33,38,0.14,0.47,4.73,1.13,0.91,4.83,0.72,1.02,5.21,0.43,1.26,3.4,0.48,1.33,5.14,38,38.14
1440.33,38,0.14,0.47,4.72,1.14,0.91,4.83,0.72,1.02,5.2,0.43,1.26,3.42,0.48,1.32,5.14,38,38.12
1441.33,38,0.14,0.46,4.73,1.13,0.91,4.84,0.72,1.03,5.21,0.43,1.26,3.42,0.47,1.33,5.14,38,38.12
1442.33,38,0.14,0.47,4.73,1.14,0.92,4.85,0.72,1.03,5.22,0.44,1.27,3.44,0.49,1.33,5.15,38,38.12
1443.33,38,0.13,0.46,4.72,1.13,0.91,4.84,0.71,1.02,5.21,0.43,1.25,3.43,0.48,1.32,5.13,38,38.12
1444.35,38,0.13,0.46,4.72,1.12,0.91,4.85,0.71,1.02,5.19,0.43,1.26,3.43,0.48,1.33,5.14,38,38.12
1445.35,38,0.14,0.47,4.72,1.13,0.92,4.86,0.72,1.02,5.2,0.44,1.26,3.44,0.48,1.33,5.15,38,38.12
1446.35,38,0.13,0.46,4.7,1.12,0.91,4.85,0.71,1.02,5.19,0.43,1.25,3.43,0.47,1.33,5.13,38,38.12
1447.35,38,0.13,0.46,4.7,1.13,0.91,4.85,0.71,1.02,5.19,0.43,1.25,3.43,0.47,1.32,5.12,38,38.12
1448.37,38,0.14,0.47,4.71,1.13,0.91,4.86,0.72,1.03,5.19,0.44,1.27,3.44,0.49,1.33,5.12,38,38.12
1449.37,38,0.14,0.47,4.7,1.13,0.91,4.85,0.71,1.02,5.19,0.43,1.25,3.43,0.47,1.33,5.12,38,38.12
1450.37,38,0.14,0.47,4.7,1.13,0.91,4.85,0.72,1.02,5.18,0.43,1.25,3.43,0.47,1.33,5.12,38,38.12
1451.37,38,0.14,0.47,4.7,1.13,0.91,4.86,0.72,1.02,5.17,0.44,1.26,3.43,0.48,1.33,5.12,38,38.12
1452.38,38,0.14,0.48,4.7,1.14,0.91,4.87,0.72,1.03,5.18,0.43,1.26,3.43,0.48,1.33,5.12,38,38.12
1453.38,38,0.13,0.47,4.7,1.12,0.91,4.85,0.72,1.02,5.17,0.43,1.25,3.42,0.48,1.32,5.11,38,38.12
1454.4,38,0.14,0.47,4.7,1.14,0.91,4.85,0.71,1.02,5.16,0.44,1.26,3.43,0.47,1.33,5.1,38,38.12
1455.4,38,0.13,0.46,4.69,1.12,0.91,4.86,0.71,1.01,5.15,0.43,1.25,3.41,0.47,1.32,5.1,38,38.12
1456.4,38,0.12,0.47,4.7,1.12,0.91,4.86,0.72,1.02,5.15,0.43,1.26,3.42,0.49,1.33,5.1,38,38.14
1457.42,38,0.14,0.47,4.7,1.14,0.91,4.86,0.72,1.02,5.15,0.43,1.26,3.41,0.48,1.33,5.1,38,38.12
1458.42,38,0.14,0.46,4.69,1.13,0.91,4.85,0.72,1.02,5.15,0.43,1.26,3.4,0.48,1.33,5.1,38,38.14
1459.42,38,0.14,0.47,4.69,1.14,0.91,4.86,0.72,1.02,5.16,0.43,1.27,3.41,0.49,1.33,5.1,38,38.14
1460.42,38,0.13,0.47,4.69,1.14,0.91,4.85,0.72,1.02,5.15,0.44,1.26,3.4,0.48,1.33,5.1,38,38.14
1461.42,38,0.11,0.48,4.69,1.14,0.92,4.85,0.72,1.03,5.15,0.44,1.27,3.4,0.48,1.33,5.09,38,38.14
1462.43,38,0.14,0.47,4.68,1.14,0.91,4.85,0.72,1.02,5.14,0.43,1.26,3.4,0.48,1.33,5.08,38,38.14
1463.43,38,0.14,0.47,4.69,1.14,0.91,4.85,0.72,1.03,5.15,0.44,1.27,3.4,0.49,1.33,5.09,38,38.14
1464.43,38,0.14,0.48,4.69,1.14,0.91,4.85,0.72,1.03,5.15,0.43,1.26,3.4,0.49,1.33,5.09,38,38.14
1465.43,38,0.14,0.47,4.68,1.14,0.91,4.85,0.72,1.02,5.13,0.43,1.26,3.38,0.48,1.33,5.08,38,38.14
