Time,T,OTU19_R1,OTU20_R1,OTU21_R1,OTU19_R2,OTU20_R2,OTU21_R2,OTU19_R3,OTU20_R3,OTU21_R3,OTU19_R4,OTU20_R4,OTU21_R4,OTU19_R5,OTU20_R5,OTU21_R5,Tm,T_internal
0.03,30,6.54,6.11,6.71,6.51,6.6,6.54,7.4,6.88,6.5,6.76,6.65,6.82,7.8,7.04,6.1,30,28.51
1.03,30,6.7,6.26,6.89,6.61,6.73,6.66,7.44,7.01,6.62,6.77,6.73,6.88,7.86,7.08,6.29,30,28.18
2.03,30,6.87,6.44,7.09,6.71,6.86,6.81,7.53,7.14,6.79,6.84,6.86,7.02,7.92,7.18,6.48,30,28.01
3.03,30,7.07,6.63,7.29,6.84,7.03,6.98,7.63,7.28,6.95,6.94,7.01,7.16,7.97,7.33,6.67,30,27.91
4.03,30,7.23,6.81,7.48,6.95,7.15,7.14,7.72,7.41,7.12,7.04,7.11,7.29,8,7.44,6.86,30,27.83
5.03,30,7.39,7,7.66,7.08,7.28,7.3,7.81,7.54,7.28,7.15,7.23,7.42,8.07,7.58,7.04,30,27.79
6.03,30,7.55,7.17,7.83,7.19,7.42,7.45,7.91,7.64,7.43,7.24,7.36,7.56,8.11,7.7,7.19,30,27.76
7.03,30,7.7,7.32,8,7.32,7.53,7.61,8,7.76,7.57,7.34,7.45,7.7,8.16,7.8,7.35,30,27.75
8.03,30,7.83,7.45,8.14,7.41,7.65,7.74,8.08,7.87,7.72,7.45,7.58,7.82,8.21,7.92,7.48,30,27.74
9.03,30,7.96,7.6,8.28,7.53,7.77,7.88,8.17,7.97,7.88,7.55,7.66,7.97,8.26,8.03,7.63,30,27.75
10.03,30,8.09,7.72,8.4,7.62,7.88,8.02,8.24,8.07,8,7.63,7.77,8.09,8.29,8.14,7.74,30,27.76
11.03,30,8.21,7.84,8.53,7.72,8,8.14,8.32,8.17,8.11,7.72,7.88,8.2,8.33,8.22,7.87,30,27.8
12.03,30,8.32,7.97,8.64,7.83,8.11,8.27,8.4,8.28,8.24,7.81,7.98,8.32,8.4,8.34,7.98,30,27.83
13.03,30,8.41,8.06,8.74,7.91,8.21,8.36,8.49,8.36,8.33,7.89,8.07,8.42,8.43,8.44,8.09,30,27.86
14.03,30,8.51,8.17,8.84,8.01,8.31,8.46,8.55,8.45,8.46,7.97,8.17,8.52,8.49,8.53,8.19,30,27.91
15.03,30,8.61,8.27,8.93,8.11,8.41,8.57,8.63,8.55,8.55,8.05,8.28,8.63,8.53,8.63,8.29,30,27.94
16.03,30,8.67,8.34,9.02,8.19,8.51,8.67,8.71,8.64,8.64,8.12,8.35,8.72,8.58,8.71,8.39,30,27.97
17.03,30,8.75,8.43,9.1,8.28,8.58,8.76,8.78,8.72,8.73,8.2,8.44,8.8,8.64,8.8,8.46,30,28.04
18.05,30,8.81,8.49,9.17,8.34,8.66,8.83,8.85,8.8,8.81,8.27,8.53,8.87,8.7,8.86,8.53,30,28.08
19.05,30,8.89,8.57,9.24,8.43,8.76,8.91,8.92,8.87,8.9,8.35,8.61,8.95,8.75,8.95,8.61,30,28.11
20.05,30,8.94,8.63,9.28,8.5,8.83,8.98,8.98,8.95,8.98,8.4,8.67,9.01,8.8,9.01,8.65,30,28.18
21.05,30,9,8.68,9.36,8.56,8.91,9.03,9.03,9.02,9.03,8.45,8.74,9.07,8.83,9.08,8.73,30,28.22
22.05,30,9.05,8.74,9.42,8.63,8.98,9.1,9.08,9.09,9.11,8.53,8.82,9.12,8.87,9.13,8.78,30,28.28
23.05,30,9.11,8.78,9.46,8.7,9.05,9.17,9.14,9.17,9.17,8.6,8.9,9.2,8.93,9.19,8.84,30,28.3
24.05,30,9.14,8.84,9.51,8.74,9.1,9.21,9.19,9.21,9.22,8.64,8.95,9.22,8.96,9.26,8.89,30,28.36
25.05,30,9.19,8.87,9.53,8.8,9.16,9.26,9.26,9.28,9.3,8.7,9,9.28,9,9.3,8.93,30,28.4
26.05,30,9.24,8.92,9.59,8.85,9.21,9.3,9.3,9.34,9.36,8.75,9.09,9.33,9.04,9.36,8.98,30,28.44
27.05,30,9.26,8.96,9.62,8.9,9.26,9.36,9.35,9.38,9.43,8.8,9.13,9.36,9.08,9.41,9,30,28.5
28.05,30,9.3,9.01,9.65,8.95,9.32,9.37,9.41,9.44,9.49,8.84,9.2,9.43,9.12,9.45,9.04,30,28.51
29.07,30,9.34,9.04,9.7,9,9.35,9.43,9.46,9.49,9.53,8.9,9.25,9.46,9.16,9.5,9.08,30,28.55
30.07,30,9.36,9.05,9.72,9.04,9.4,9.45,9.5,9.56,9.6,8.93,9.3,9.49,9.18,9.52,9.11,30,28.6
31.07,30,9.4,9.11,9.74,9.08,9.44,9.49,9.56,9.59,9.66,8.98,9.35,9.51,9.2,9.57,9.12,30,28.64
32.07,30,9.42,9.11,9.75,9.1,9.46,9.52,9.59,9.63,9.68,9.01,9.38,9.56,9.24,9.6,9.17,30,28.66
33.07,30,9.43,9.14,9.77,9.13,9.5,9.55,9.63,9.66,9.73,9.04,9.42,9.57,9.24,9.63,9.19,30,28.71
34.07,30,9.45,9.17,9.81,9.18,9.56,9.58,9.68,9.72,9.79,9.09,9.48,9.6,9.27,9.67,9.22,30,28.74
35.07,30,9.49,9.19,9.82,9.21,9.57,9.59,9.72,9.77,9.82,9.11,9.53,9.64,9.3,9.71,9.24,30,28.76
36.07,30,9.5,9.21,9.84,9.25,9.62,9.62,9.77,9.8,9.87,9.14,9.55,9.66,9.32,9.74,9.24,30,28.8
37.07,30,9.5,9.22,9.84,9.27,9.64,9.64,9.78,9.81,9.88,9.17,9.57,9.66,9.32,9.77,9.26,30,28.83
38.07,30,9.52,9.25,9.85,9.29,9.66,9.65,9.81,9.85,9.92,9.19,9.62,9.68,9.33,9.79,9.28,30,28.86
39.08,30,9.55,9.26,9.86,9.32,9.68,9.66,9.85,9.88,9.95,9.22,9.65,9.72,9.36,9.8,9.29,30,28.88
40.08,30,9.56,9.27,9.87,9.35,9.72,9.67,9.87,9.91,9.99,9.26,9.66,9.73,9.36,9.84,9.32,30,28.91
41.08,30,9.58,9.29,9.87,9.37,9.73,9.7,9.91,9.92,10,9.27,9.71,9.74,9.37,9.85,9.33,30,28.93
42.08,30,9.59,9.32,9.9,9.4,9.75,9.73,9.92,9.97,10.04,9.29,9.73,9.77,9.38,9.88,9.34,30,28.96
43.08,30,9.59,9.32,9.88,9.42,9.78,9.72,9.95,9.97,10.04,9.32,9.75,9.78,9.38,9.9,9.34,30,28.99
44.08,30,9.58,9.3,9.88,9.41,9.78,9.74,9.97,9.98,10.06,9.33,9.75,9.78,9.4,9.9,9.34,30,29.01
45.08,30,9.63,9.33,9.91,9.45,9.81,9.75,10,10,10.08,9.36,9.79,9.8,9.41,9.93,9.36,30,29.01
46.08,30,9.62,9.34,9.91,9.45,9.84,9.77,10.02,10.04,10.08,9.38,9.82,9.8,9.4,9.93,9.36,30,29.05
47.1,30,9.62,9.33,9.88,9.46,9.82,9.75,10.02,10.04,10.11,9.37,9.82,9.81,9.41,9.93,9.37,30,29.05
48.1,30,9.64,9.36,9.92,9.49,9.85,9.78,10.05,10.06,10.11,9.41,9.85,9.82,9.42,9.95,9.37,30,29.08
49.1,30,9.65,9.37,9.93,9.5,9.88,9.81,10.08,10.1,10.13,9.43,9.87,9.84,9.43,9.99,9.4,30,29.1
50.1,30,9.66,9.38,9.92,9.52,9.87,9.79,10.1,10.1,10.13,9.45,9.88,9.86,9.41,9.99,9.4,30,29.11
51.1,30,9.65,9.38,9.92,9.52,9.87,9.79,10.1,10.1,10.13,9.44,9.88,9.84,9.4,9.98,9.38,30,29.13
52.1,30,9.65,9.4,9.92,9.53,9.9,9.82,10.11,10.12,10.13,9.45,9.91,9.85,9.37,9.99,9.4,30,29.14
53.1,30,9.64,9.36,9.91,9.53,9.88,9.8,10.11,10.12,10.13,9.45,9.91,9.84,9.34,9.99,9.38,30,29.15
54.1,30,9.65,9.4,9.91,9.55,9.91,9.81,10.13,10.13,10.13,9.48,9.91,9.85,9.36,10,9.38,30,29.16
55.1,30,9.66,9.42,9.92,9.56,9.93,9.81,10.13,10.13,10.16,9.49,9.94,9.85,9.36,10.02,9.42,30,29.18
56.12,30,9.67,9.41,9.92,9.56,9.92,9.84,10.16,10.17,10.16,9.5,9.95,9.87,9.36,10.01,9.41,30,29.21
57.12,30,9.68,9.41,9.92,9.57,9.93,9.84,10.18,10.18,10.17,9.52,9.95,9.87,9.37,10.05,9.41,30,29.22
58.12,30,9.67,9.4,9.92,9.57,9.93,9.84,10.16,10.17,10.16,9.5,9.94,9.87,9.37,10.02,9.41,30,29.22
59.12,30,9.68,9.42,9.91,9.57,9.93,9.84,10.18,10.17,10.17,9.52,9.97,9.88,9.37,10.04,9.41,30,29.24
60.12,30,9.67,9.41,9.92,9.59,9.92,9.82,10.17,10.17,10.16,9.51,9.98,9.87,9.38,10.02,9.41,30,29.24
61.12,30,9.67,9.42,9.92,9.6,9.94,9.85,10.19,10.18,10.16,9.55,9.99,9.88,9.38,10.05,9.42,30,29.26
62.12,30,9.67,9.42,9.92,9.59,9.94,9.82,10.2,10.19,10.16,9.55,10,9.86,9.38,10.05,9.42,30,29.26
63.12,30,9.67,9.4,9.9,9.59,9.92,9.81,10.2,10.18,10.14,9.52,9.98,9.87,9.37,10.05,9.4,30,29.26
64.12,30,9.68,9.42,9.91,9.6,9.95,9.85,10.2,10.21,10.16,9.57,10,9.87,9.4,10.06,9.42,30,29.26
65.12,30,9.66,9.41,9.91,9.59,9.93,9.84,10.2,10.2,10.14,9.56,9.99,9.87,9.38,10.05,9.4,30,29.28
66.12,30,9.7,9.43,9.91,9.62,9.95,9.84,10.23,10.21,10.17,9.57,10.02,9.87,9.42,10.06,9.42,30,29.29
67.12,30,9.67,9.42,9.92,9.62,9.94,9.85,10.21,10.21,10.16,9.57,10,9.87,9.41,10.07,9.41,30,29.3
68.12,30,9.68,9.43,9.91,9.62,9.95,9.84,10.24,10.21,10.14,9.58,10.02,9.87,9.42,10.06,9.41,30,29.32
69.12,30,9.67,9.42,9.91,9.6,9.94,9.84,10.21,10.2,10.14,9.57,10.01,9.86,9.41,10.07,9.4,30,29.32
70.12,30,9.67,9.42,9.9,9.6,9.94,9.81,10.21,10.2,10.14,9.57,10.01,9.87,9.4,10.07,9.4,30,29.33
71.12,30,9.67,9.43,9.91,9.62,9.94,9.82,10.24,10.21,10.14,9.59,10.01,9.86,9.42,10.07,9.4,30,29.32
72.12,30,9.66,9.41,9.9,9.6,9.95,9.82,10.23,10.2,10.12,9.58,10.01,9.86,9.41,10.06,9.4,30,29.33
73.12,30,9.67,9.41,9.9,9.6,9.95,9.84,10.24,10.21,10.13,9.58,10.01,9.87,9.41,10.07,9.4,30,29.33
74.12,30,9.67,9.42,9.9,9.62,9.95,9.84,10.25,10.24,10.16,9.59,10.02,9.87,9.42,10.07,9.4,30,29.35
75.12,30,9.66,9.41,9.9,9.6,9.94,9.82,10.23,10.21,10.12,9.57,10.01,9.85,9.4,10.05,9.38,30,29.35
76.12,30,9.66,9.43,9.9,9.6,9.95,9.82,10.24,10.23,10.13,9.59,10.02,9.86,9.42,10.07,9.38,30,29.36
77.12,30,9.65,9.4,9.88,9.6,9.93,9.81,10.23,10.23,10.11,9.58,10,9.85,9.41,10.05,9.37,30,29.35
78.12,30,9.64,9.41,9.88,9.59,9.93,9.81,10.24,10.21,10.11,9.58,10.01,9.85,9.41,10.06,9.37,30,29.36
79.13,30,9.66,9.42,9.9,9.6,9.95,9.81,10.23,10.23,10.12,9.59,10.01,9.86,9.42,10.07,9.37,30,29.38
80.13,30,9.64,9.4,9.88,9.59,9.94,9.81,10.24,10.23,10.1,9.58,10.01,9.84,9.4,10.06,9.37,30,29.36
81.13,30,9.64,9.4,9.88,9.59,9.93,9.81,10.24,10.21,10.11,9.57,10.02,9.85,9.4,10.06,9.35,30,29.38
82.13,30,9.63,9.41,9.88,9.59,9.93,9.79,10.23,10.23,10.1,9.58,10.01,9.84,9.4,10.06,9.35,30,29.38
83.13,30,9.64,9.4,9.91,9.6,9.94,9.8,10.24,10.24,10.08,9.59,10.01,9.85,9.41,10.06,9.36,30,29.39
84.13,30,9.62,9.38,9.87,9.57,9.91,9.77,10.23,10.2,10.07,9.58,10,9.84,9.38,10.04,9.33,30,29.39
85.13,30,9.62,9.38,9.87,9.57,9.92,9.79,10.24,10.2,10.08,9.58,9.99,9.82,9.4,10.05,9.34,30,29.38
86.13,30,9.63,9.38,9.87,9.59,9.93,9.79,10.21,10.2,10.07,9.58,10.01,9.81,9.38,10.05,9.33,30,29.4
87.13,30,9.6,9.38,9.87,9.57,9.91,9.79,10.21,10.19,10.07,9.58,10,9.82,9.38,10.05,9.32,30,29.4
88.13,30,9.62,9.38,9.88,9.57,9.92,9.78,10.21,10.2,10.07,9.58,10,9.82,9.37,10.04,9.33,30,29.41
89.13,30,9.6,9.37,9.87,9.57,9.92,9.79,10.23,10.2,10.07,9.57,10.01,9.81,9.37,10.04,9.33,30,29.4
90.13,30,9.59,9.36,9.86,9.57,9.91,9.75,10.21,10.19,10.06,9.57,9.99,9.8,9.37,10.02,9.3,30,29.4
91.13,30,9.59,9.37,9.87,9.57,9.92,9.77,10.21,10.2,10.06,9.58,9.99,9.8,9.37,10.04,9.3,30,29.4
92.13,30,9.58,9.34,9.86,9.56,9.9,9.75,10.2,10.18,10.05,9.56,9.99,9.8,9.36,10.04,9.29,30,29.4
93.15,30,9.58,9.35,9.86,9.56,9.9,9.77,10.21,10.19,10.04,9.57,9.99,9.79,9.37,10.04,9.29,30,29.41
94.15,30,9.58,9.36,9.85,9.56,9.9,9.75,10.2,10.19,10.05,9.56,9.99,9.79,9.36,10.02,9.29,30,29.43
95.15,30,9.58,9.33,9.84,9.55,9.88,9.75,10.21,10.2,10.04,9.56,9.98,9.8,9.37,10.02,9.29,30,29.41
96.15,30,9.57,9.33,9.84,9.53,9.88,9.75,10.2,10.18,10.04,9.56,9.98,9.79,9.35,10.01,9.27,30,29.43
97.15,30,9.56,9.34,9.82,9.53,9.88,9.74,10.2,10.18,10.01,9.55,9.97,9.78,9.34,10.01,9.26,30,29.41
98.15,30,9.56,9.34,9.84,9.53,9.88,9.73,10.19,10.18,10.02,9.55,9.98,9.79,9.34,10.01,9.26,30,29.43
99.17,30,9.55,9.32,9.84,9.52,9.88,9.73,10.19,10.18,10.01,9.56,9.98,9.77,9.34,10,9.25,30,29.41
100.17,30,9.55,9.34,9.81,9.52,9.9,9.73,10.19,10.17,10.02,9.56,9.97,9.77,9.35,10.01,9.25,30,29.41
101.17,30,9.53,9.3,9.81,9.51,9.87,9.72,10.18,10.17,10.01,9.53,9.97,9.77,9.32,9.99,9.24,30,29.41
102.17,30,9.52,9.3,9.8,9.51,9.87,9.72,10.18,10.17,9.99,9.53,9.97,9.75,9.32,9.99,9.22,30,29.43
103.17,30,9.51,9.3,9.8,9.5,9.86,9.71,10.18,10.17,10,9.53,9.95,9.75,9.33,10,9.22,30,29.43
104.17,30,9.51,9.29,9.8,9.5,9.86,9.71,10.18,10.17,10,9.53,9.97,9.75,9.32,10,9.21,30,29.43
105.17,30,9.5,9.28,9.79,9.5,9.85,9.68,10.17,10.16,9.98,9.52,9.94,9.74,9.29,9.97,9.2,30,29.43
106.17,30,9.5,9.28,9.79,9.5,9.86,9.7,10.18,10.16,10,9.53,9.95,9.74,9.3,9.99,9.21,30,29.41
107.17,30,9.48,9.27,9.79,9.5,9.85,9.7,10.18,10.16,9.99,9.52,9.94,9.75,9.29,9.99,9.2,30,29.43
108.17,30,9.48,9.28,9.8,9.49,9.85,9.7,10.14,10.14,9.99,9.51,9.93,9.75,9.28,9.97,9.19,30,29.43
109.18,30,9.49,9.27,9.78,9.48,9.84,9.68,10.16,10.14,9.99,9.51,9.92,9.73,9.28,9.97,9.19,30,29.43
110.18,30,9.46,9.27,9.78,9.49,9.84,9.67,10.14,10.16,9.99,9.51,9.93,9.74,9.28,9.98,9.19,30,29.43
111.18,30,9.45,9.26,9.77,9.46,9.82,9.66,10.16,10.13,9.98,9.5,9.92,9.73,9.27,9.95,9.17,30,29.44
112.18,30,9.44,9.26,9.75,9.46,9.82,9.66,10.14,10.13,9.95,9.5,9.92,9.72,9.26,9.95,9.17,30,29.43
113.18,30,9.43,9.24,9.75,9.44,9.81,9.65,10.12,10.12,9.97,9.49,9.91,9.71,9.25,9.94,9.14,30,29.43
114.18,30,9.42,9.22,9.74,9.44,9.8,9.64,10.13,10.11,9.94,9.48,9.9,9.71,9.25,9.94,9.12,30,29.44
115.18,30,9.41,9.22,9.73,9.43,9.8,9.64,10.11,10.12,9.93,9.48,9.88,9.7,9.24,9.92,9.13,30,29.44
116.18,30,9.41,9.21,9.72,9.43,9.8,9.62,10.12,10.11,9.94,9.48,9.88,9.68,9.24,9.93,9.12,30,29.43
117.2,30,9.41,9.21,9.72,9.43,9.8,9.64,10.11,10.12,9.94,9.49,9.88,9.7,9.22,9.93,9.12,30,29.43
118.2,30,9.4,9.21,9.72,9.42,9.79,9.64,10.11,10.11,9.94,9.46,9.9,9.68,9.22,9.93,9.11,30,29.46
119.2,30,9.4,9.21,9.72,9.43,9.8,9.63,10.12,10.11,9.94,9.48,9.91,9.7,9.24,9.92,9.11,30,29.44
120.2,30,9.36,9.19,9.71,9.41,9.78,9.62,10.11,10.08,9.92,9.45,9.87,9.67,9.2,9.91,9.1,30,29.47
121.2,30,9.36,9.18,9.68,9.4,9.78,9.6,10.08,10.08,9.92,9.45,9.86,9.67,9.2,9.91,9.09,30,29.44
122.2,30,9.36,9.18,9.68,9.4,9.78,9.59,10.08,10.08,9.91,9.45,9.87,9.67,9.2,9.91,9.08,30,29.46
123.2,30,9.35,9.18,9.71,9.4,9.78,9.59,10.08,10.08,9.92,9.45,9.85,9.66,9.19,9.91,9.08,30,29.44
124.22,30,9.33,9.17,9.7,9.38,9.77,9.59,10.07,10.08,9.9,9.44,9.86,9.65,9.18,9.9,9.08,30,29.44
125.22,30,9.32,9.14,9.67,9.36,9.77,9.57,10.07,10.06,9.88,9.43,9.84,9.63,9.17,9.88,9.04,30,29.46
126.22,30,9.3,9.14,9.65,9.36,9.75,9.57,10.05,10.07,9.88,9.42,9.84,9.64,9.17,9.88,9.02,30,29.46
127.22,30,9.3,9.14,9.65,9.36,9.75,9.58,10.05,10.06,9.87,9.43,9.84,9.64,9.17,9.88,9.03,30,29.46
128.22,30,9.29,9.13,9.66,9.36,9.74,9.57,10.05,10.06,9.87,9.42,9.84,9.64,9.14,9.88,9.03,30,29.44
129.23,30,9.28,9.13,9.65,9.35,9.74,9.56,10.05,10.05,9.86,9.42,9.82,9.62,9.14,9.87,9.01,30,29.46
130.23,30,9.28,9.11,9.64,9.34,9.72,9.56,10.02,10.04,9.85,9.41,9.81,9.62,9.14,9.85,9.01,30,29.46
131.23,30,9.25,9.1,9.62,9.33,9.72,9.53,10.02,10.04,9.82,9.4,9.81,9.59,9.11,9.85,9,30,29.46
132.23,30,9.25,9.11,9.63,9.33,9.72,9.53,10.04,10.04,9.84,9.4,9.8,9.6,9.12,9.85,8.99,30,29.46
133.23,30,9.22,9.09,9.6,9.3,9.71,9.52,10.01,10.02,9.81,9.4,9.81,9.58,9.11,9.84,8.96,30,29.46
134.23,30,9.22,9.09,9.6,9.32,9.71,9.51,10.01,10.02,9.81,9.4,9.79,9.59,9.1,9.84,8.96,30,29.47
135.23,30,9.21,9.1,9.62,9.32,9.71,9.51,10.01,10.02,9.8,9.4,9.79,9.58,9.11,9.85,8.98,30,29.46
136.23,30,9.2,9.09,9.59,9.29,9.71,9.52,10,10.01,9.81,9.38,9.79,9.57,9.09,9.84,8.95,30,29.46
137.23,30,9.18,9.07,9.59,9.28,9.7,9.49,9.99,10,9.8,9.37,9.78,9.57,9.09,9.84,8.94,30,29.46
138.25,30,9.17,9.05,9.58,9.27,9.67,9.48,9.99,10,9.78,9.37,9.77,9.55,9.07,9.79,8.93,30,29.46
139.25,30,9.17,9.05,9.59,9.28,9.68,9.48,9.98,9.99,9.79,9.36,9.78,9.56,9.07,9.81,8.93,30,29.46
140.25,30,9.14,9.05,9.57,9.26,9.67,9.48,9.97,9.98,9.78,9.36,9.75,9.55,9.05,9.81,8.91,30,29.47
141.25,30,9.14,9.03,9.58,9.26,9.67,9.48,9.97,9.99,9.77,9.35,9.74,9.55,9.05,9.8,8.91,30,29.44
142.25,30,9.12,9.02,9.55,9.22,9.66,9.45,9.95,9.97,9.74,9.34,9.74,9.52,9.03,9.79,8.89,30,29.47
143.25,30,9.11,9.02,9.55,9.24,9.65,9.46,9.95,9.99,9.74,9.34,9.74,9.53,9.03,9.79,8.9,30,29.46
144.25,30,9.09,9.01,9.53,9.24,9.65,9.45,9.93,9.97,9.74,9.33,9.72,9.51,9.03,9.79,8.87,30,29.47
145.25,30,9.09,9.01,9.55,9.2,9.64,9.43,9.95,9.97,9.72,9.33,9.73,9.51,9.01,9.78,8.87,30,29.47
146.27,30,9.07,9,9.52,9.2,9.64,9.43,9.93,9.95,9.71,9.32,9.71,9.5,9,9.78,8.84,30,29.47
147.27,30,9.04,8.99,9.52,9.18,9.63,9.42,9.93,9.93,9.7,9.29,9.7,9.48,8.99,9.75,8.84,30,29.47
148.27,30,9.03,8.96,9.51,9.18,9.62,9.42,9.92,9.93,9.71,9.29,9.71,9.49,8.99,9.77,8.83,30,29.47
149.27,30,9.01,8.96,9.51,9.18,9.62,9.4,9.91,9.93,9.68,9.3,9.7,9.48,8.96,9.74,8.83,30,29.47
150.27,30,8.99,8.95,9.5,9.17,9.62,9.4,9.88,9.93,9.67,9.28,9.68,9.46,8.96,9.74,8.81,30,29.47
151.27,30,8.98,8.95,9.48,9.16,9.6,9.4,9.9,9.92,9.66,9.28,9.67,9.46,8.95,9.73,8.81,30,29.47
152.28,30,8.96,8.93,9.46,9.14,9.58,9.38,9.88,9.91,9.67,9.27,9.66,9.45,8.94,9.73,8.78,30,29.46
153.28,30,8.93,8.93,9.46,9.13,9.58,9.35,9.86,9.91,9.64,9.27,9.65,9.44,8.92,9.72,8.76,30,29.46
154.28,30,8.94,8.93,9.46,9.13,9.58,9.37,9.88,9.91,9.65,9.27,9.66,9.43,8.93,9.72,8.77,30,29.47
155.28,30,8.93,8.91,9.45,9.11,9.57,9.36,9.86,9.9,9.64,9.26,9.64,9.43,8.91,9.7,8.76,30,29.46
156.28,30,8.9,8.89,9.44,9.1,9.55,9.35,9.84,9.88,9.63,9.24,9.64,9.42,8.9,9.7,8.75,30,29.47
157.28,30,8.89,8.89,9.44,9.1,9.55,9.34,9.84,9.9,9.63,9.24,9.63,9.41,8.9,9.71,8.75,30,29.47
158.28,30,8.86,8.86,9.42,9.08,9.53,9.32,9.81,9.86,9.59,9.22,9.6,9.38,8.86,9.67,8.72,30,29.47
159.28,30,8.84,8.86,9.41,9.08,9.53,9.3,9.82,9.86,9.6,9.21,9.6,9.4,8.86,9.66,8.72,30,29.47
160.28,30,8.83,8.86,9.42,9.08,9.53,9.32,9.82,9.87,9.59,9.21,9.6,9.4,8.86,9.66,8.72,30,29.47
161.28,30,8.83,8.85,9.42,9.05,9.51,9.3,9.8,9.85,9.58,9.21,9.6,9.37,8.84,9.66,8.7,30,29.47
162.28,30,8.8,8.85,9.38,9.04,9.5,9.29,9.8,9.85,9.57,9.19,9.58,9.37,8.84,9.65,8.68,30,29.47
163.28,30,8.77,8.84,9.38,9.03,9.5,9.29,9.79,9.85,9.57,9.19,9.57,9.36,8.83,9.64,8.68,30,29.47
164.28,30,8.77,8.82,9.36,9.02,9.48,9.27,9.78,9.81,9.55,9.17,9.55,9.34,8.82,9.62,8.65,30,29.47
165.3,30,8.75,8.8,9.36,9.01,9.48,9.26,9.75,9.81,9.53,9.16,9.56,9.34,8.78,9.62,8.65,30,29.47
166.3,30,8.71,8.8,9.35,9,9.46,9.25,9.75,9.81,9.52,9.16,9.55,9.32,8.77,9.62,8.62,30,29.47
167.3,30,8.72,8.78,9.34,8.99,9.46,9.25,9.74,9.8,9.53,9.16,9.55,9.33,8.78,9.62,8.63,30,29.46
168.3,30,8.68,8.77,9.34,8.98,9.45,9.24,9.74,9.8,9.51,9.14,9.53,9.32,8.76,9.6,8.62,30,29.47
169.3,30,8.66,8.77,9.33,8.98,9.44,9.22,9.73,9.79,9.5,9.13,9.52,9.3,8.75,9.58,8.61,30,29.47
170.3,30,8.64,8.76,9.32,8.95,9.44,9.21,9.71,9.78,9.5,9.13,9.51,9.29,8.73,9.57,8.6,30,29.49
171.32,30,8.62,8.74,9.29,8.94,9.42,9.21,9.71,9.77,9.49,9.11,9.51,9.28,8.72,9.56,8.57,30,29.47
172.32,30,8.61,8.74,9.32,8.95,9.42,9.2,9.71,9.78,9.49,9.11,9.51,9.29,8.72,9.59,8.56,30,29.47
173.32,30,8.58,8.73,9.29,8.92,9.41,9.19,9.7,9.77,9.46,9.11,9.49,9.26,8.7,9.57,8.56,30,29.47
174.32,30,8.56,8.72,9.27,8.9,9.38,9.17,9.67,9.75,9.44,9.09,9.48,9.25,8.67,9.55,8.55,30,29.47
175.33,30,8.54,8.71,9.27,8.9,9.38,9.16,9.66,9.75,9.44,9.08,9.48,9.25,8.67,9.53,8.54,30,29.47
176.33,30,8.53,8.7,9.25,8.87,9.38,9.16,9.65,9.74,9.43,9.07,9.44,9.24,8.65,9.53,8.53,30,29.47
177.35,30,8.51,8.67,9.24,8.86,9.36,9.14,9.65,9.72,9.42,9.05,9.46,9.24,8.64,9.52,8.52,30,29.47
178.35,30,8.49,8.66,9.24,8.84,9.36,9.12,9.62,9.72,9.41,9.04,9.43,9.22,8.63,9.51,8.51,30,29.47
179.35,30,8.46,8.64,9.21,8.82,9.34,9.12,9.62,9.7,9.38,9.02,9.43,9.2,8.61,9.5,8.49,30,29.47
180.35,30,8.44,8.64,9.21,8.82,9.34,9.1,9.6,9.7,9.37,9.03,9.43,9.2,8.6,9.5,8.49,30,29.47
181.37,30,8.42,8.62,9.2,8.81,9.33,9.1,9.59,9.68,9.36,9.02,9.42,9.18,8.58,9.48,8.46,30,29.47
182.37,30,8.39,8.62,9.18,8.78,9.32,9.08,9.59,9.68,9.35,9.01,9.41,9.18,8.57,9.46,8.45,30,29.47
183.37,30,8.36,8.58,9.17,8.77,9.29,9.08,9.57,9.66,9.35,9,9.38,9.17,8.54,9.46,8.43,30,29.49
184.37,30,8.34,8.58,9.14,8.76,9.29,9.05,9.55,9.66,9.34,8.99,9.38,9.14,8.52,9.45,8.43,30,29.47
185.37,30,8.33,8.58,9.16,8.75,9.29,9.05,9.55,9.66,9.33,8.99,9.37,9.16,8.53,9.45,8.41,30,29.49
186.37,30,8.3,8.56,9.14,8.74,9.27,9.03,9.53,9.65,9.32,8.98,9.37,9.12,8.52,9.44,8.4,30,29.47
187.38,30,8.29,8.56,9.12,8.72,9.27,9.03,9.52,9.65,9.29,8.96,9.36,9.12,8.5,9.42,8.4,30,29.47
188.38,30,8.26,8.54,9.12,8.7,9.25,9.02,9.51,9.64,9.28,8.94,9.34,9.11,8.49,9.42,8.38,30,29.47
189.38,30,8.23,8.53,9.09,8.68,9.24,8.99,9.5,9.62,9.28,8.94,9.33,9.1,8.46,9.41,8.36,30,29.47
190.38,30,8.21,8.52,9.09,8.66,9.25,9.01,9.48,9.63,9.26,8.92,9.32,9.1,8.45,9.38,8.33,30,29.47
191.38,30,8.19,8.51,9.08,8.65,9.22,8.99,9.48,9.59,9.25,8.92,9.32,9.07,8.43,9.4,8.33,30,29.47
192.4,30,8.16,8.47,9.07,8.63,9.2,8.98,9.45,9.59,9.25,8.91,9.3,9.07,8.41,9.4,8.33,30,29.5
193.4,30,8.12,8.46,9.04,8.62,9.19,8.95,9.44,9.58,9.21,8.87,9.28,9.05,8.4,9.35,8.29,30,29.47
194.4,30,8.1,8.46,9.03,8.6,9.18,8.95,9.43,9.57,9.2,8.86,9.27,9.04,8.38,9.35,8.29,30,29.49
195.4,30,8.07,8.44,9.01,8.58,9.17,8.93,9.41,9.55,9.19,8.85,9.26,9.03,8.36,9.34,8.27,30,29.49
196.4,30,8.04,8.43,9,8.57,9.16,8.93,9.4,9.53,9.18,8.84,9.25,9.01,8.35,9.33,8.26,30,29.47
197.4,30,8,8.43,9,8.55,9.16,8.93,9.4,9.55,9.17,8.84,9.25,9.01,8.34,9.32,8.24,30,29.49
198.42,30,7.96,8.42,8.98,8.52,9.16,8.92,9.37,9.52,9.16,8.83,9.24,9.01,8.32,9.3,8.23,30,29.47
199.42,30,7.92,8.41,8.98,8.5,9.13,8.89,9.34,9.52,9.13,8.8,9.21,8.99,8.3,9.3,8.2,30,29.47
200.42,30,7.89,8.38,8.96,8.49,9.1,8.9,9.34,9.49,9.12,8.78,9.2,8.98,8.28,9.28,8.19,30,29.47
201.42,30,7.86,8.36,8.95,8.46,9.1,8.86,9.32,9.5,9.11,8.78,9.19,8.96,8.27,9.28,8.19,30,29.47
202.43,30,7.82,8.36,8.94,8.44,9.09,8.87,9.32,9.48,9.1,8.76,9.19,8.95,8.24,9.26,8.18,30,29.47
203.43,30,7.77,8.34,8.92,8.42,9.08,8.86,9.29,9.48,9.08,8.74,9.17,8.94,8.22,9.25,8.15,30,29.47
204.43,30,7.73,8.33,8.9,8.38,9.04,8.84,9.26,9.45,9.07,8.73,9.14,8.93,8.2,9.25,8.15,30,29.47
205.45,30,7.7,8.31,8.89,8.38,9.05,8.83,9.27,9.45,9.05,8.73,9.16,8.92,8.19,9.24,8.15,30,29.47
206.45,30,7.66,8.3,8.85,8.34,9.03,8.83,9.25,9.45,9.04,8.72,9.13,8.91,8.17,9.21,8.14,30,29.47
207.45,30,7.62,8.28,8.85,8.32,9.02,8.81,9.24,9.42,9.03,8.7,9.12,8.89,8.15,9.2,8.11,30,29.47
208.45,30,7.58,8.26,8.84,8.29,9,8.8,9.2,9.41,9.01,8.67,9.1,8.87,8.12,9.19,8.08,30,29.49
209.45,30,7.55,8.26,8.83,8.27,8.99,8.77,9.19,9.41,9,8.67,9.09,8.86,8.1,9.18,8.07,30,29.47
210.45,30,7.51,8.22,8.8,8.23,8.96,8.77,9.19,9.38,8.98,8.65,9.08,8.83,8.08,9.17,8.06,30,29.47
211.47,30,7.46,8.21,8.77,8.2,8.96,8.75,9.16,9.37,8.95,8.63,9.05,8.83,8.06,9.16,8.05,30,29.47
212.47,30,7.43,8.21,8.78,8.18,8.96,8.74,9.16,9.36,8.96,8.62,9.05,8.83,8.05,9.13,8.04,30,29.47
213.47,30,7.39,8.2,8.76,8.16,8.93,8.72,9.13,9.35,8.93,8.61,9.03,8.8,8.03,9.12,8,30,29.47
214.47,30,7.35,8.18,8.73,8.12,8.92,8.72,9.11,9.35,8.92,8.6,9.02,8.78,8.01,9.11,8,30,29.47
215.48,30,7.31,8.14,8.71,8.09,8.91,8.7,9.09,9.33,8.9,8.57,9.01,8.77,7.98,9.08,7.96,30,29.47
216.48,30,7.26,8.15,8.71,8.06,8.89,8.68,9.08,9.3,8.9,8.56,8.99,8.75,7.95,9.08,7.96,30,29.49
217.48,30,7.22,8.14,8.68,8.04,8.87,8.67,9.05,9.3,8.87,8.54,8.98,8.74,7.94,9.05,7.94,30,29.49
218.5,30,7.19,8.11,8.66,8.02,8.86,8.65,9.04,9.29,8.85,8.53,8.96,8.74,7.92,9.05,7.92,30,29.47
219.5,30,7.15,8.1,8.65,8,8.84,8.64,9.01,9.28,8.85,8.53,8.96,8.72,7.9,9.03,7.91,30,29.49
220.5,30,7.1,8.07,8.63,7.95,8.81,8.63,9,9.27,8.84,8.49,8.94,8.7,7.88,9.02,7.88,30,29.5
221.5,30,7.06,8.05,8.61,7.92,8.78,8.62,8.98,9.24,8.81,8.47,8.92,8.67,7.86,9.01,7.88,30,29.5
222.5,30,7.02,8.04,8.58,7.9,8.78,8.61,8.96,9.25,8.81,8.45,8.91,8.66,7.83,9,7.84,30,29.47
223.52,30,6.98,8.02,8.56,7.86,8.76,8.56,8.94,9.22,8.76,8.44,8.9,8.64,7.79,8.98,7.82,30,29.47
224.52,30,6.92,8,8.56,7.82,8.74,8.55,8.92,9.2,8.76,8.42,8.89,8.64,7.78,8.96,7.81,30,29.49
225.52,30,6.88,7.98,8.53,7.8,8.74,8.56,8.9,9.2,8.75,8.42,8.87,8.63,7.77,8.95,7.8,30,29.49
226.52,30,6.83,7.94,8.51,7.75,8.7,8.54,8.87,9.17,8.72,8.4,8.85,8.61,7.72,8.93,7.77,30,29.49
227.53,30,6.79,7.95,8.51,7.73,8.68,8.52,8.86,9.17,8.71,8.38,8.84,8.6,7.71,8.92,7.75,30,29.49
228.53,30,6.73,7.92,8.46,7.67,8.66,8.51,8.83,9.13,8.67,8.34,8.82,8.57,7.67,8.89,7.73,30,29.49
229.53,30,6.68,7.89,8.45,7.65,8.64,8.5,8.81,9.13,8.66,8.34,8.81,8.56,7.65,8.89,7.71,30,29.5
230.53,30,6.64,7.89,8.44,7.63,8.63,8.49,8.8,9.1,8.65,8.31,8.8,8.54,7.62,8.86,7.69,30,29.49
231.53,30,6.58,7.87,8.42,7.58,8.62,8.46,8.77,9.11,8.63,8.31,8.77,8.54,7.61,8.85,7.66,30,29.5
232.53,30,6.52,7.84,8.4,7.55,8.57,8.45,8.74,9.07,8.61,8.28,8.75,8.52,7.58,8.83,7.64,30,29.5
233.55,30,6.48,7.83,8.38,7.51,8.58,8.43,8.74,9.08,8.6,8.27,8.75,8.52,7.56,8.83,7.62,30,29.5
234.55,30,6.42,7.8,8.35,7.48,8.54,8.42,8.71,9.04,8.56,8.24,8.72,8.5,7.53,8.81,7.59,30,29.5
235.55,30,6.37,7.8,8.34,7.45,8.53,8.4,8.68,9.04,8.53,8.21,8.71,8.49,7.48,8.77,7.58,30,29.49
236.57,30,6.3,7.78,8.33,7.41,8.52,8.38,8.65,9.02,8.53,8.19,8.7,8.47,7.45,8.76,7.57,30,29.5
237.57,30,6.25,7.76,8.31,7.38,8.51,8.38,8.65,9.01,8.51,8.18,8.67,8.46,7.43,8.75,7.55,30,29.5
238.57,30,6.2,7.75,8.31,7.34,8.46,8.38,8.62,8.99,8.5,8.16,8.65,8.45,7.41,8.73,7.54,30,29.47
239.57,30,6.14,7.73,8.3,7.31,8.46,8.34,8.58,8.96,8.47,8.15,8.65,8.45,7.39,8.71,7.51,30,29.49
240.57,30,6.09,7.72,8.28,7.26,8.44,8.33,8.58,8.95,8.45,8.11,8.64,8.45,7.36,8.68,7.51,30,29.49
241.57,30,6.04,7.7,8.27,7.23,8.42,8.32,8.56,8.94,8.44,8.1,8.61,8.44,7.32,8.67,7.47,30,29.49
242.57,30,5.98,7.65,8.23,7.2,8.4,8.31,8.54,8.93,8.41,8.07,8.6,8.44,7.3,8.65,7.46,30,29.49
243.57,30,5.92,7.64,8.22,7.16,8.38,8.27,8.51,8.9,8.39,8.05,8.57,8.42,7.26,8.63,7.44,30,29.5
244.58,30,5.87,7.62,8.2,7.13,8.35,8.28,8.49,8.9,8.38,8.03,8.56,8.41,7.23,8.61,7.43,30,29.47
245.58,30,5.83,7.6,8.2,7.11,8.34,8.27,8.46,8.87,8.36,8,8.54,8.41,7.2,8.6,7.42,30,29.47
246.58,30,5.78,7.59,8.18,7.07,8.33,8.26,8.44,8.86,8.34,8,8.53,8.4,7.18,8.6,7.42,30,29.49
247.58,30,5.71,7.56,8.16,7.03,8.31,8.23,8.4,8.84,8.32,7.95,8.51,8.38,7.14,8.55,7.41,30,29.5
248.58,30,5.66,7.53,8.12,6.99,8.28,8.2,8.38,8.81,8.3,7.92,8.49,8.35,7.11,8.53,7.39,30,29.49
249.58,30,5.61,7.52,8.1,6.93,8.24,8.18,8.36,8.81,8.28,7.91,8.46,8.35,7.08,8.53,7.38,30,29.5
250.6,30,5.55,7.48,8.09,6.91,8.23,8.18,8.32,8.77,8.24,7.88,8.45,8.34,7.05,8.52,7.37,30,29.5
251.6,30,5.5,7.47,8.08,6.87,8.21,8.16,8.3,8.77,8.24,7.87,8.43,8.33,7.02,8.5,7.36,30,29.49
252.6,30,5.45,7.45,8.08,6.83,8.19,8.16,8.29,8.75,8.23,7.84,8.42,8.32,6.98,8.49,7.36,30,29.5
253.6,30,5.37,7.41,8.04,6.78,8.17,8.14,8.24,8.72,8.2,7.8,8.39,8.31,6.95,8.44,7.33,30,29.5
254.62,30,5.32,7.4,8.04,6.75,8.14,8.1,8.21,8.68,8.17,7.77,8.38,8.29,6.91,8.42,7.32,30,29.51
255.62,30,5.26,7.39,8.03,6.71,8.12,8.1,8.19,8.68,8.16,7.76,8.38,8.28,6.89,8.41,7.32,30,29.49
256.62,30,5.2,7.35,8,6.67,8.11,8.08,8.16,8.67,8.15,7.73,8.34,8.26,6.86,8.39,7.3,30,29.49
257.63,30,5.14,7.33,7.97,6.63,8.08,8.07,8.12,8.65,8.11,7.71,8.32,8.24,6.83,8.38,7.29,30,29.5
258.63,30,5.06,7.29,7.95,6.58,8.05,8.05,8.07,8.62,8.08,7.67,8.3,8.21,6.78,8.34,7.26,30,29.47
259.63,30,5,7.28,7.94,6.54,8.03,8.03,8.04,8.6,8.07,7.65,8.28,8.2,6.74,8.32,7.23,30,29.49
260.63,30,4.92,7.25,7.93,6.51,8.02,8.03,8.01,8.58,8.06,7.63,8.27,8.21,6.72,8.31,7.25,30,29.5
261.63,30,4.85,7.21,7.91,6.45,7.97,8,7.94,8.54,8.01,7.59,8.22,8.16,6.66,8.27,7.21,30,29.5
262.63,30,4.77,7.19,7.88,6.41,7.95,7.95,7.92,8.52,8.01,7.56,8.21,8.16,6.63,8.26,7.2,30,29.47
263.65,30,4.68,7.16,7.86,6.36,7.93,7.95,7.89,8.51,7.98,7.53,8.19,8.14,6.6,8.22,7.19,30,29.5
264.65,30,4.6,7.13,7.83,6.31,7.91,7.94,7.87,8.49,7.96,7.49,8.16,8.14,6.55,8.19,7.16,30,29.51
265.65,30,4.51,7.12,7.82,6.28,7.89,7.92,7.83,8.46,7.94,7.47,8.15,8.12,6.54,8.18,7.15,30,29.5
266.65,30,4.44,7.09,7.8,6.24,7.87,7.9,7.81,8.45,7.92,7.44,8.14,8.1,6.5,8.16,7.14,30,29.5
267.65,30,4.37,7.06,7.78,6.18,7.82,7.86,7.78,8.41,7.89,7.41,8.1,8.08,6.45,8.14,7.12,30,29.5
268.67,30,4.31,7.04,7.77,6.14,7.8,7.84,7.74,8.39,7.87,7.38,8.07,8.07,6.41,8.1,7.1,30,29.51
269.67,30,4.28,7.01,7.75,6.09,7.78,7.83,7.72,8.35,7.83,7.35,8.07,8.06,6.37,8.07,7.08,30,29.5
270.67,30,4.26,6.98,7.73,6.04,7.75,7.8,7.69,8.35,7.81,7.33,8.04,8.05,6.33,8.06,7.06,30,29.49
271.67,30,4.28,6.95,7.71,5.99,7.74,7.77,7.63,8.31,7.78,7.29,8.01,8.04,6.3,8.02,7.05,30,29.5
272.67,30,4.29,6.92,7.71,5.94,7.71,7.75,7.6,8.29,7.77,7.24,8,8.03,6.25,8.01,7.03,30,29.5
273.67,30,4.31,6.88,7.67,5.9,7.67,7.73,7.57,8.28,7.73,7.21,7.96,8,6.21,7.97,7.01,30,29.5
274.67,30,4.33,6.86,7.65,5.84,7.64,7.69,7.54,8.23,7.72,7.18,7.95,7.98,6.16,7.95,6.96,30,29.49
275.68,30,4.35,6.82,7.64,5.79,7.63,7.65,7.49,8.21,7.7,7.15,7.9,7.97,6.1,7.93,6.93,30,29.49
276.68,30,4.38,6.8,7.61,5.75,7.59,7.62,7.45,8.18,7.66,7.12,7.89,7.96,6.06,7.92,6.9,30,29.5
277.68,30,4.38,6.78,7.59,5.7,7.57,7.61,7.41,8.17,7.64,7.1,7.87,7.94,6.01,7.89,6.88,30,29.5
278.68,30,4.39,6.74,7.58,5.65,7.55,7.57,7.38,8.15,7.63,7.06,7.84,7.92,5.98,7.88,6.86,30,29.5
279.7,30,4.4,6.71,7.57,5.6,7.52,7.54,7.34,8.12,7.61,7.03,7.81,7.92,5.93,7.86,6.84,30,29.5
280.7,30,4.39,6.68,7.55,5.55,7.48,7.51,7.3,8.09,7.58,7,7.78,7.9,5.89,7.82,6.81,30,29.5
281.7,30,4.38,6.65,7.53,5.49,7.45,7.47,7.25,8.06,7.55,6.96,7.77,7.89,5.85,7.8,6.78,30,29.49
282.7,30,4.36,6.62,7.51,5.43,7.43,7.44,7.2,8.04,7.54,6.92,7.73,7.87,5.79,7.77,6.76,30,29.47
283.7,30,4.32,6.58,7.48,5.36,7.4,7.37,7.17,8.01,7.51,6.87,7.71,7.84,5.74,7.73,6.72,30,29.5
284.7,30,4.3,6.54,7.46,5.32,7.37,7.36,7.12,7.98,7.48,6.84,7.67,7.82,5.68,7.7,6.7,30,29.49
285.7,30,4.26,6.52,7.45,5.26,7.34,7.33,7.1,7.96,7.46,6.81,7.65,7.82,5.64,7.69,6.69,30,29.49
286.72,30,4.22,6.49,7.42,5.2,7.31,7.28,7.05,7.92,7.43,6.76,7.62,7.8,5.58,7.64,6.65,30,29.5
287.72,30,4.16,6.46,7.41,5.15,7.29,7.25,7.01,7.9,7.42,6.72,7.6,7.79,5.54,7.62,6.63,30,29.47
288.72,30,4.12,6.42,7.39,5.08,7.24,7.21,6.96,7.87,7.39,6.68,7.56,7.75,5.48,7.58,6.61,30,29.5
289.72,30,4.07,6.39,7.36,5.01,7.2,7.17,6.91,7.83,7.35,6.63,7.54,7.74,5.43,7.54,6.59,30,29.5
290.72,30,4.03,6.36,7.35,4.95,7.17,7.13,6.88,7.8,7.34,6.58,7.51,7.71,5.37,7.52,6.56,30,29.49
291.72,30,3.99,6.34,7.34,4.89,7.16,7.12,6.83,7.78,7.32,6.56,7.47,7.71,5.33,7.49,6.56,30,29.47
292.72,30,3.95,6.31,7.31,4.83,7.12,7.09,6.79,7.75,7.3,6.51,7.46,7.67,5.27,7.46,6.54,30,29.5
293.73,30,3.9,6.27,7.3,4.76,7.09,7.05,6.75,7.72,7.26,6.47,7.42,7.65,5.2,7.41,6.52,30,29.49
294.73,30,3.84,6.23,7.28,4.69,7.05,7.01,6.69,7.69,7.22,6.41,7.39,7.61,5.15,7.38,6.48,30,29.49
295.73,30,3.8,6.2,7.28,4.64,7.03,6.99,6.66,7.65,7.2,6.37,7.37,7.58,5.09,7.36,6.47,30,29.51
296.73,30,3.72,6.15,7.23,4.56,6.98,6.93,6.61,7.61,7.17,6.31,7.33,7.55,5.03,7.31,6.44,30,29.47
297.73,30,3.65,6.13,7.22,4.5,6.93,6.91,6.57,7.6,7.14,6.28,7.32,7.53,4.99,7.28,6.43,30,29.47
298.73,30,3.58,6.09,7.21,4.42,6.9,6.86,6.53,7.56,7.11,6.23,7.28,7.48,4.92,7.24,6.42,30,29.47
299.73,30,3.5,6.06,7.18,4.35,6.86,6.83,6.47,7.52,7.07,6.19,7.23,7.45,4.87,7.21,6.38,30,29.49
300.73,30,3.43,6.01,7.16,4.27,6.83,6.79,6.42,7.49,7.05,6.13,7.2,7.42,4.81,7.18,6.37,30,29.5
301.75,30,3.35,5.97,7.15,4.2,6.8,6.77,6.39,7.46,7.01,6.08,7.18,7.37,4.75,7.16,6.35,30,29.47
302.75,30,3.27,5.94,7.13,4.13,6.76,6.74,6.34,7.43,6.98,6.01,7.14,7.35,4.7,7.12,6.32,30,29.49
303.77,30,3.2,5.9,7.11,4.04,6.72,6.7,6.29,7.4,6.95,5.97,7.11,7.31,4.64,7.1,6.29,30,29.49
304.77,30,3.13,5.86,7.09,3.96,6.7,6.66,6.24,7.37,6.92,5.9,7.06,7.26,4.56,7.08,6.27,30,29.47
305.77,30,3.07,5.85,7.08,3.88,6.66,6.64,6.19,7.35,6.89,5.85,7.05,7.23,4.5,7.06,6.25,30,29.49
306.78,30,2.98,5.8,7.05,3.79,6.62,6.6,6.14,7.31,6.86,5.8,7,7.2,4.42,7.03,6.19,30,29.49
307.78,30,2.9,5.77,7.02,3.69,6.57,6.57,6.07,7.28,6.83,5.73,6.96,7.15,4.35,6.99,6.17,30,29.49
308.78,30,2.8,5.73,6.99,3.61,6.53,6.53,6.02,7.24,6.79,5.67,6.92,7.11,4.27,6.95,6.15,30,29.47
309.78,30,2.71,5.69,7,3.52,6.51,6.52,5.97,7.21,6.76,5.62,6.9,7.09,4.21,6.91,6.13,30,29.49
310.78,30,2.6,5.65,6.95,3.42,6.47,6.48,5.91,7.17,6.72,5.55,6.86,7.04,4.13,6.88,6.09,30,29.49
311.78,30,2.5,5.6,6.94,3.31,6.42,6.44,5.86,7.14,6.69,5.48,6.82,6.99,4.05,6.84,6.06,30,29.47
312.8,30,2.4,5.56,6.89,3.21,6.39,6.4,5.81,7.11,6.66,5.41,6.79,6.95,3.97,6.79,6.05,30,29.47
313.8,30,2.32,5.53,6.88,3.12,6.34,6.38,5.76,7.08,6.62,5.35,6.76,6.91,3.9,6.76,6.01,30,29.47
314.8,30,2.27,5.49,6.85,3,6.31,6.36,5.7,7.05,6.59,5.3,6.72,6.88,3.83,6.72,6,30,29.47
315.8,30,2.24,5.44,6.82,2.9,6.27,6.33,5.65,7.01,6.56,5.21,6.68,6.84,3.76,6.68,5.98,30,29.47
316.8,30,2.22,5.4,6.79,2.8,6.23,6.3,5.59,6.98,6.52,5.15,6.66,6.8,3.67,6.64,5.96,30,29.47
317.8,30,2.21,5.35,6.76,2.69,6.19,6.27,5.53,6.94,6.48,5.07,6.62,6.77,3.6,6.6,5.94,30,29.49
318.8,30,2.18,5.31,6.73,2.59,6.15,6.24,5.48,6.89,6.45,5,6.56,6.72,3.52,6.56,5.91,30,29.49
319.8,30,2.13,5.25,6.69,2.48,6.1,6.22,5.41,6.87,6.41,4.91,6.53,6.68,3.44,6.51,5.89,30,29.47
320.82,30,2.06,5.2,6.67,2.37,6.07,6.2,5.35,6.83,6.39,4.84,6.5,6.65,3.35,6.47,5.86,30,29.47
321.82,30,1.99,5.17,6.64,2.27,6.02,6.17,5.29,6.78,6.35,4.75,6.46,6.61,3.26,6.41,5.84,30,29.49
322.82,30,1.91,5.1,6.6,2.16,5.96,6.13,5.22,6.73,6.3,4.66,6.4,6.57,3.17,6.37,5.8,30,29.47
323.82,30,1.84,5.06,6.57,2.06,5.91,6.11,5.16,6.7,6.26,4.58,6.38,6.54,3.08,6.33,5.78,30,29.49
324.82,30,1.77,5.01,6.54,1.96,5.88,6.08,5.1,6.67,6.23,4.5,6.33,6.52,3.01,6.28,5.74,30,29.47
325.83,30,1.67,4.97,6.51,1.87,5.84,6.04,5.03,6.62,6.17,4.41,6.29,6.47,2.92,6.22,5.7,30,29.47
326.83,30,1.59,4.91,6.46,1.78,5.8,6.01,4.96,6.58,6.13,4.31,6.25,6.42,2.83,6.18,5.66,30,29.47
327.83,30,1.49,4.86,6.43,1.68,5.75,5.98,4.9,6.54,6.09,4.24,6.2,6.39,2.74,6.13,5.61,30,29.47
328.83,30,1.39,4.8,6.4,1.61,5.7,5.95,4.83,6.49,6.05,4.15,6.17,6.35,2.64,6.08,5.58,30,29.47
329.85,30,1.31,4.76,6.38,1.55,5.66,5.94,4.77,6.45,6.02,4.09,6.13,6.32,2.54,6.04,5.54,30,29.47
330.85,30,1.25,4.7,6.34,1.48,5.61,5.91,4.7,6.41,5.97,3.99,6.09,6.28,2.45,5.97,5.49,30,29.47
331.85,30,1.22,4.65,6.32,1.42,5.55,5.88,4.63,6.36,5.93,3.91,6.04,6.24,2.35,5.93,5.44,30,29.47
332.87,30,1.21,4.6,6.28,1.37,5.51,5.85,4.57,6.3,5.88,3.81,5.98,6.22,2.24,5.88,5.39,30,29.49
333.87,30,1.19,4.55,6.27,1.33,5.46,5.82,4.5,6.26,5.85,3.74,5.95,6.19,2.13,5.85,5.35,30,29.47
334.87,30,1.16,4.49,6.22,1.29,5.4,5.8,4.43,6.21,5.81,3.65,5.89,6.14,2.03,5.83,5.3,30,29.49
335.87,30,1.15,4.43,6.2,1.26,5.35,5.78,4.36,6.16,5.76,3.57,5.85,6.13,1.95,5.8,5.25,30,29.49
336.87,30,1.11,4.38,6.17,1.22,5.3,5.73,4.29,6.1,5.71,3.48,5.79,6.09,1.83,5.76,5.22,30,29.47
337.87,30,1.08,4.32,6.15,1.19,5.25,5.73,4.23,6.06,5.67,3.39,5.75,6.08,1.75,5.73,5.21,30,29.49
338.87,30,1.05,4.27,6.11,1.15,5.19,5.68,4.15,6,5.62,3.31,5.71,6.05,1.64,5.68,5.19,30,29.47
339.88,30,1.03,4.22,6.1,1.14,5.15,5.67,4.09,5.95,5.57,3.22,5.67,6.02,1.55,5.65,5.19,30,29.47
340.88,30,1.01,4.17,6.07,1.11,5.1,5.63,4.03,5.89,5.53,3.12,5.62,5.99,1.44,5.6,5.19,30,29.47
341.88,30,0.98,4.11,6.05,1.09,5.03,5.6,3.96,5.83,5.48,3.01,5.57,5.96,1.34,5.55,5.2,30,29.47
342.88,30,0.97,4.04,6.01,1.08,4.98,5.55,3.88,5.76,5.42,2.91,5.52,5.91,1.23,5.49,5.21,30,29.47
343.9,30,0.97,4,6,1.06,4.92,5.53,3.8,5.71,5.37,2.82,5.47,5.89,1.15,5.43,5.24,30,29.47
344.9,30,0.98,3.95,5.98,1.06,4.87,5.49,3.74,5.65,5.32,2.75,5.42,5.85,1.06,5.37,5.27,30,29.49
345.9,30,0.96,3.88,5.94,1.05,4.81,5.44,3.65,5.56,5.25,2.64,5.36,5.83,0.98,5.31,5.28,30,29.47
346.9,30,0.98,3.84,5.96,1.05,4.76,5.39,3.59,5.52,5.21,2.56,5.33,5.8,0.92,5.26,5.3,30,29.47
347.9,30,0.98,3.79,5.92,1.04,4.71,5.34,3.52,5.44,5.16,2.47,5.27,5.77,0.86,5.19,5.29,30,29.47
348.92,30,0.96,3.73,5.91,1.03,4.65,5.29,3.45,5.37,5.09,2.38,5.2,5.73,0.82,5.13,5.28,30,29.47
349.92,30,0.97,3.67,5.88,1.02,4.6,5.25,3.37,5.3,5.04,2.31,5.16,5.69,0.79,5.06,5.27,30,29.47
350.92,30,0.96,3.61,5.85,1.02,4.53,5.17,3.28,5.21,4.98,2.22,5.09,5.63,0.75,5,5.23,30,29.47
351.92,30,0.97,3.56,5.84,1.02,4.47,5.12,3.21,5.14,4.91,2.15,5.03,5.61,0.74,4.93,5.22,30,29.47
352.93,30,0.98,3.52,5.83,1.01,4.41,5.04,3.14,5.07,4.87,2.08,4.99,5.55,0.72,4.87,5.19,30,29.47
353.93,30,0.98,3.45,5.81,1.02,4.35,4.99,3.06,5,4.78,2,4.93,5.53,0.69,4.81,5.16,30,29.47
354.93,30,0.98,3.39,5.78,1,4.3,4.92,2.97,4.92,4.7,1.92,4.89,5.47,0.66,4.74,5.12,30,29.47
355.93,30,0.98,3.33,5.76,1.01,4.22,4.85,2.9,4.84,4.62,1.84,4.85,5.43,0.63,4.67,5.08,30,29.47
356.95,30,0.97,3.26,5.74,1.02,4.17,4.77,2.81,4.75,4.55,1.76,4.79,5.39,0.6,4.6,5.01,30,29.47
357.95,30,0.95,3.2,5.73,1.02,4.11,4.7,2.75,4.67,4.47,1.68,4.74,5.34,0.56,4.53,4.96,30,29.47
358.95,30,0.95,3.14,5.7,1.03,4.04,4.63,2.65,4.6,4.38,1.61,4.68,5.29,0.53,4.46,4.91,30,29.47
359.95,30,0.93,3.08,5.68,1.02,3.97,4.55,2.59,4.51,4.3,1.53,4.62,5.24,0.5,4.4,4.83,30,29.47
360.97,30,0.94,3.02,5.65,1.02,3.91,4.47,2.51,4.43,4.22,1.45,4.56,5.19,0.47,4.34,4.76,30,29.47
361.97,30,0.93,2.96,5.64,1.01,3.85,4.41,2.45,4.35,4.13,1.4,4.5,5.15,0.47,4.27,4.69,30,29.47
362.97,30,0.93,2.9,5.61,0.99,3.78,4.33,2.38,4.25,4.06,1.34,4.42,5.08,0.47,4.22,4.62,30,29.47
363.97,30,0.93,2.83,5.59,1,3.72,4.27,2.33,4.18,4.01,1.31,4.37,5.03,0.48,4.17,4.56,30,29.47
364.97,30,0.93,2.75,5.56,0.99,3.65,4.22,2.26,4.08,3.94,1.28,4.31,4.98,0.48,4.12,4.48,30,29.46
365.97,30,0.92,2.69,5.54,0.99,3.57,4.15,2.18,3.98,3.87,1.24,4.24,4.92,0.48,4.07,4.41,30,29.46
366.98,30,0.92,2.63,5.49,0.99,3.51,4.12,2.13,3.91,3.8,1.22,4.19,4.86,0.47,4.05,4.36,30,29.47
367.98,30,0.92,2.55,5.48,0.98,3.43,4.06,2.07,3.8,3.72,1.2,4.11,4.8,0.43,4.02,4.29,30,29.47
368.98,30,0.92,2.49,5.46,0.99,3.38,4.03,2.03,3.72,3.65,1.19,4.06,4.74,0.42,4.01,4.25,30,29.47
369.98,30,0.92,2.41,5.43,0.99,3.3,4,1.97,3.61,3.58,1.17,4,4.7,0.41,3.95,4.21,30,29.47
371,30,0.92,2.35,5.42,0.98,3.22,3.94,1.94,3.52,3.52,1.15,3.94,4.65,0.4,3.91,4.19,30,29.46
372,30,0.91,2.28,5.4,0.98,3.15,3.9,1.91,3.43,3.47,1.15,3.87,4.61,0.39,3.85,4.18,30,29.47
373,30,0.9,2.21,5.38,0.99,3.08,3.85,1.86,3.33,3.42,1.15,3.8,4.59,0.39,3.78,4.19,30,29.47
374,30,0.91,2.13,5.34,0.99,2.99,3.8,1.83,3.22,3.37,1.14,3.73,4.57,0.38,3.7,4.21,30,29.46
375,30,0.89,2.06,5.31,1,2.92,3.76,1.8,3.13,3.32,1.14,3.65,4.55,0.39,3.61,4.23,30,29.46
376,30,0.9,1.98,5.27,1,2.84,3.73,1.76,3.02,3.27,1.13,3.58,4.51,0.39,3.51,4.26,30,29.47
377.02,30,0.89,1.91,5.25,1,2.76,3.7,1.74,2.91,3.24,1.12,3.5,4.5,0.39,3.43,4.28,30,29.47
378.02,30,0.89,1.84,5.23,1,2.69,3.7,1.72,2.81,3.2,1.12,3.43,4.45,0.41,3.34,4.27,30,29.47
379.02,30,0.88,1.75,5.19,0.98,2.6,3.68,1.7,2.69,3.16,1.11,3.35,4.39,0.4,3.25,4.26,30,29.46
380.02,30,0.89,1.69,5.16,0.98,2.54,3.68,1.67,2.6,3.12,1.11,3.29,4.35,0.4,3.15,4.23,30,29.47
381.02,30,0.88,1.63,5.12,0.98,2.47,3.71,1.66,2.5,3.08,1.1,3.22,4.3,0.39,3.08,4.21,30,29.46
382.02,30,0.88,1.55,5.08,0.97,2.4,3.74,1.64,2.4,3.03,1.09,3.14,4.23,0.38,2.99,4.14,30,29.46
383.02,30,0.88,1.48,5.05,0.97,2.32,3.79,1.63,2.31,2.98,1.09,3.08,4.18,0.38,2.91,4.09,30,29.46
384.02,30,0.89,1.4,5,0.98,2.24,3.83,1.63,2.21,2.91,1.08,3.02,4.13,0.38,2.83,4.03,30,29.44
385.02,30,0.89,1.33,4.95,0.98,2.17,3.88,1.61,2.1,2.85,1.08,2.95,4.07,0.38,2.75,3.95,30,29.46
386.03,30,0.88,1.26,4.92,0.97,2.11,3.91,1.6,2,2.79,1.08,2.88,4.04,0.38,2.65,3.86,30,29.47
387.03,30,0.89,1.19,4.88,0.98,2.06,3.95,1.6,1.9,2.71,1.08,2.83,4,0.38,2.56,3.79,30,29.46
388.03,30,0.88,1.13,4.84,0.98,2,3.96,1.6,1.8,2.64,1.08,2.75,3.97,0.38,2.47,3.71,30,29.46
389.03,30,0.88,1.05,4.79,0.98,1.95,3.96,1.59,1.71,2.57,1.07,2.67,3.94,0.36,2.38,3.62,30,29.47
390.03,30,0.88,0.98,4.76,0.97,1.89,3.93,1.59,1.66,2.51,1.06,2.6,3.88,0.36,2.27,3.55,30,29.46
391.03,30,0.88,0.91,4.71,0.96,1.83,3.91,1.58,1.61,2.48,1.06,2.52,3.83,0.36,2.17,3.5,30,29.47
392.03,30,0.87,0.83,4.67,0.97,1.79,3.86,1.57,1.58,2.46,1.06,2.45,3.77,0.35,2.1,3.44,30,29.46
393.05,30,0.88,0.77,4.64,0.97,1.74,3.83,1.58,1.57,2.49,1.06,2.39,3.72,0.36,2.02,3.41,30,29.47
394.05,30,0.87,0.69,4.6,0.96,1.68,3.76,1.57,1.55,2.54,1.06,2.32,3.62,0.36,1.93,3.38,30,29.46
395.05,30,0.87,0.63,4.56,0.96,1.63,3.7,1.57,1.53,2.64,1.06,2.25,3.54,0.36,1.85,3.35,30,29.46
396.05,30,0.87,0.59,4.51,0.95,1.59,3.64,1.56,1.52,2.73,1.06,2.2,3.45,0.37,1.79,3.33,30,29.46
397.05,30,0.88,0.53,4.47,0.96,1.55,3.58,1.56,1.52,2.83,1.06,2.14,3.37,0.36,1.73,3.3,30,29.46
398.05,30,0.87,0.5,4.43,0.96,1.52,3.51,1.55,1.5,2.91,1.06,2.08,3.3,0.35,1.7,3.28,30,29.46
399.05,30,0.87,0.47,4.4,0.95,1.47,3.45,1.55,1.5,2.99,1.06,2.03,3.23,0.35,1.68,3.25,30,29.46
400.05,30,0.87,0.45,4.38,0.96,1.43,3.4,1.55,1.51,3.05,1.06,1.97,3.16,0.36,1.69,3.21,30,29.44
401.07,30,0.87,0.43,4.33,0.97,1.4,3.37,1.55,1.49,3.08,1.06,1.91,3.1,0.36,1.68,3.16,30,29.46
402.07,30,0.87,0.41,4.31,0.96,1.39,3.36,1.55,1.5,3.13,1.06,1.86,3.07,0.35,1.69,3.12,30,29.46
403.07,30,0.88,0.4,4.29,0.97,1.36,3.38,1.54,1.5,3.14,1.06,1.8,3.02,0.36,1.69,3.07,30,29.46
404.07,30,0.86,0.38,4.25,0.95,1.33,3.38,1.54,1.48,3.12,1.05,1.73,2.96,0.35,1.67,3.02,30,29.46
405.07,30,0.86,0.37,4.23,0.95,1.3,3.44,1.54,1.48,3.1,1.05,1.67,2.91,0.35,1.64,2.97,30,29.46
406.07,30,0.86,0.36,4.2,0.95,1.29,3.5,1.54,1.48,3.05,1.05,1.62,2.84,0.35,1.6,2.9,30,29.46
407.08,30,0.86,0.35,4.17,0.95,1.27,3.56,1.54,1.47,3.01,1.05,1.57,2.76,0.35,1.58,2.85,30,29.46
408.08,30,0.87,0.35,4.13,0.96,1.27,3.62,1.55,1.48,2.95,1.06,1.52,2.69,0.35,1.55,2.79,30,29.46
409.08,30,0.86,0.34,4.1,0.96,1.25,3.65,1.54,1.48,2.85,1.05,1.47,2.62,0.35,1.52,2.72,30,29.46
410.08,30,0.87,0.33,4.04,0.95,1.24,3.7,1.53,1.48,2.79,1.05,1.42,2.56,0.35,1.49,2.63,30,29.46
411.08,30,0.87,0.33,3.99,0.96,1.22,3.73,1.55,1.47,2.72,1.06,1.39,2.53,0.35,1.47,2.56,30,29.47
412.08,30,0.85,0.32,3.95,0.95,1.22,3.74,1.54,1.46,2.67,1.05,1.36,2.49,0.35,1.44,2.47,30,29.46
413.08,30,0.87,0.32,3.9,0.96,1.2,3.74,1.53,1.48,2.64,1.05,1.33,2.51,0.35,1.44,2.39,30,29.46
414.1,30,0.87,0.31,3.86,0.95,1.19,3.73,1.52,1.47,2.63,1.05,1.3,2.53,0.35,1.42,2.29,30,29.46
415.1,30,0.85,0.31,3.82,0.95,1.19,3.71,1.53,1.46,2.64,1.05,1.28,2.59,0.35,1.41,2.18,30,29.47
416.1,30,0.86,0.3,3.79,0.95,1.19,3.66,1.53,1.45,2.66,1.04,1.26,2.65,0.35,1.4,2.07,30,29.47
417.1,30,0.86,0.31,3.74,0.95,1.18,3.63,1.53,1.46,2.7,1.04,1.24,2.71,0.35,1.4,1.97,30,29.47
418.1,30,0.85,0.31,3.71,0.95,1.17,3.58,1.52,1.46,2.75,1.05,1.22,2.76,0.35,1.39,1.84,30,29.47
419.1,30,0.85,0.3,3.66,0.95,1.17,3.52,1.52,1.45,2.83,1.05,1.2,2.8,0.35,1.37,1.72,30,29.47
420.1,30,0.87,0.29,3.64,0.96,1.16,3.48,1.52,1.46,2.9,1.05,1.19,2.83,0.35,1.37,1.6,30,29.47
421.12,30,0.86,0.29,3.6,0.95,1.16,3.4,1.52,1.44,2.94,1.05,1.17,2.84,0.35,1.37,1.48,30,29.47
422.12,30,0.85,0.29,3.54,0.95,1.15,3.34,1.51,1.44,2.96,1.05,1.15,2.84,0.35,1.36,1.37,30,29.47
423.12,30,0.85,0.29,3.5,0.95,1.15,3.29,1.52,1.44,2.97,1.05,1.16,2.85,0.34,1.36,1.28,30,29.49
424.12,30,0.85,0.29,3.44,0.95,1.15,3.24,1.52,1.45,2.98,1.05,1.15,2.83,0.35,1.35,1.21,30,29.49
425.12,30,0.86,0.28,3.38,0.95,1.15,3.19,1.52,1.44,2.96,1.05,1.15,2.8,0.35,1.35,1.13,30,29.47
426.12,30,0.86,0.29,3.32,0.95,1.15,3.16,1.52,1.44,2.96,1.05,1.14,2.78,0.35,1.35,1.07,30,29.49
427.12,30,0.85,0.29,3.27,0.95,1.15,3.14,1.52,1.44,2.92,1.05,1.14,2.75,0.35,1.34,1.02,30,29.47
428.12,30,0.86,0.28,3.23,0.96,1.15,3.13,1.52,1.45,2.91,1.05,1.13,2.72,0.35,1.34,0.98,30,29.47
429.12,30,0.86,0.28,3.16,0.95,1.14,3.13,1.52,1.44,2.89,1.05,1.12,2.68,0.35,1.34,0.95,30,29.47
430.12,30,0.85,0.29,3.12,0.95,1.14,3.1,1.52,1.44,2.85,1.05,1.12,2.64,0.34,1.33,0.93,30,29.47
431.12,30,0.86,0.28,3.07,0.95,1.14,3.1,1.52,1.44,2.84,1.05,1.11,2.61,0.35,1.34,0.9,30,29.47
432.13,30,0.86,0.27,3.02,0.95,1.13,3.07,1.51,1.44,2.81,1.04,1.1,2.59,0.35,1.33,0.87,30,29.47
433.13,30,0.86,0.27,2.96,0.95,1.13,3.02,1.51,1.44,2.8,1.05,1.1,2.56,0.35,1.33,0.85,30,29.49
434.13,30,0.86,0.28,2.92,0.95,1.14,3,1.52,1.45,2.78,1.05,1.1,2.58,0.35,1.33,0.82,30,29.49
435.13,30,0.85,0.26,2.85,0.94,1.12,2.94,1.5,1.43,2.73,1.03,1.08,2.55,0.33,1.33,0.78,30,29.47
436.13,30,0.85,0.27,2.82,0.95,1.13,2.91,1.51,1.44,2.7,1.04,1.08,2.54,0.34,1.33,0.79,30,29.5
437.13,30,0.86,0.27,2.78,0.95,1.13,2.86,1.51,1.44,2.66,1.04,1.08,2.54,0.35,1.33,0.78,30,29.47
438.15,30,0.85,0.27,2.74,0.95,1.12,2.8,1.52,1.43,2.61,1.04,1.08,2.54,0.35,1.33,0.78,30,29.49
439.15,30,0.85,0.27,2.72,0.95,1.13,2.75,1.52,1.44,2.55,1.05,1.08,2.54,0.35,1.33,0.8,30,29.49
440.17,30,0.85,0.27,2.69,0.95,1.13,2.69,1.5,1.43,2.49,1.04,1.07,2.53,0.34,1.32,0.82,30,29.49
441.17,30,0.85,0.27,2.66,0.94,1.13,2.63,1.51,1.44,2.44,1.04,1.08,2.51,0.34,1.31,0.88,30,29.49
442.17,30,0.85,0.26,2.63,0.95,1.12,2.54,1.51,1.44,2.39,1.04,1.07,2.47,0.34,1.32,0.95,30,29.49
443.17,30,0.85,0.27,2.6,0.95,1.13,2.48,1.51,1.44,2.35,1.05,1.08,2.43,0.34,1.32,1.02,30,29.5
444.17,30,0.85,0.27,2.58,0.95,1.13,2.4,1.51,1.44,2.32,1.05,1.07,2.36,0.34,1.32,1.12,30,29.49
445.17,30,0.86,0.27,2.53,0.95,1.13,2.35,1.52,1.44,2.3,1.04,1.07,2.28,0.34,1.33,1.19,30,29.5
446.17,30,0.85,0.27,2.48,0.95,1.12,2.27,1.5,1.43,2.24,1.04,1.06,2.19,0.34,1.32,1.23,30,29.5
447.18,30,0.85,0.27,2.43,0.95,1.13,2.22,1.52,1.43,2.18,1.04,1.07,2.1,0.34,1.32,1.24,30,29.49
448.18,30,0.85,0.27,2.35,0.95,1.12,2.16,1.51,1.43,2.11,1.04,1.07,2.03,0.34,1.31,1.21,30,29.5
449.18,30,0.85,0.25,2.29,0.94,1.12,2.11,1.51,1.42,2.04,1.04,1.05,1.95,0.34,1.31,1.15,30,29.49
450.2,30,0.85,0.26,2.22,0.93,1.12,2.05,1.5,1.43,1.95,1.03,1.05,1.92,0.34,1.32,1.06,30,29.5
451.2,30,0.85,0.26,2.15,0.94,1.12,1.98,1.5,1.42,1.9,1.04,1.05,1.92,0.33,1.31,0.98,30,29.49
452.2,30,0.86,0.26,2.08,0.95,1.12,1.95,1.51,1.43,1.83,1.05,1.06,1.92,0.34,1.32,0.88,30,29.5
453.2,30,0.85,0.26,2.02,0.94,1.12,1.89,1.51,1.43,1.79,1.04,1.05,1.92,0.34,1.32,0.78,30,29.51
454.2,30,0.85,0.27,1.95,0.95,1.12,1.87,1.51,1.43,1.72,1.04,1.05,1.91,0.33,1.31,0.69,30,29.5
455.2,30,0.85,0.26,1.91,0.95,1.12,1.84,1.51,1.43,1.66,1.04,1.05,1.89,0.34,1.31,0.65,30,29.5
456.22,30,0.85,0.26,1.87,0.94,1.12,1.83,1.5,1.42,1.59,1.05,1.05,1.87,0.34,1.31,0.61,30,29.49
457.22,30,0.85,0.26,1.84,0.94,1.12,1.81,1.51,1.43,1.52,1.04,1.05,1.84,0.34,1.3,0.61,30,29.5
458.22,30,0.85,0.26,1.8,0.95,1.12,1.8,1.51,1.43,1.44,1.05,1.05,1.83,0.35,1.31,0.6,30,29.5
459.22,30,0.85,0.27,1.76,0.95,1.12,1.79,1.52,1.43,1.36,1.04,1.05,1.84,0.34,1.31,0.62,30,29.5
460.22,30,0.85,0.26,1.71,0.94,1.12,1.76,1.5,1.41,1.28,1.03,1.04,1.83,0.34,1.31,0.63,30,29.51
461.22,30,0.85,0.26,1.67,0.94,1.12,1.73,1.51,1.42,1.24,1.03,1.04,1.83,0.34,1.3,0.63,30,29.5
462.23,30,0.85,0.27,1.63,0.95,1.12,1.71,1.52,1.43,1.21,1.05,1.04,1.83,0.34,1.32,0.65,30,29.5
463.23,30,0.85,0.27,1.59,0.95,1.12,1.67,1.52,1.42,1.18,1.04,1.05,1.79,0.35,1.32,0.66,30,29.51
464.23,30,0.85,0.27,1.56,0.95,1.11,1.63,1.52,1.43,1.15,1.04,1.05,1.75,0.34,1.31,0.67,30,29.5
465.23,30,0.85,0.26,1.58,0.94,1.12,1.57,1.51,1.42,1.13,1.02,1.04,1.69,0.33,1.31,0.66,30,29.51
466.23,30,0.85,0.26,1.61,0.94,1.11,1.52,1.51,1.42,1.14,1.03,1.04,1.63,0.34,1.31,0.66,30,29.5
467.23,30,0.85,0.26,1.64,0.95,1.12,1.48,1.51,1.41,1.15,1.04,1.03,1.57,0.34,1.31,0.63,30,29.5
468.25,30,0.85,0.25,1.67,0.95,1.11,1.43,1.5,1.41,1.14,1.03,1.03,1.51,0.33,1.31,0.62,30,29.51
469.25,30,0.85,0.25,1.69,0.95,1.12,1.38,1.51,1.42,1.14,1.04,1.05,1.46,0.34,1.31,0.6,30,29.47
470.25,30,0.85,0.27,1.71,0.95,1.11,1.35,1.5,1.42,1.12,1.04,1.04,1.4,0.34,1.31,0.6,30,29.49
471.25,30,0.85,0.26,1.74,0.95,1.11,1.29,1.51,1.41,1.08,1.04,1.03,1.37,0.33,1.29,0.6,30,29.49
472.25,30,0.85,0.26,1.74,0.94,1.12,1.25,1.52,1.42,1.05,1.04,1.03,1.34,0.34,1.3,0.62,30,29.5
473.25,30,0.85,0.26,1.74,0.94,1.11,1.19,1.51,1.42,1.03,1.04,1.03,1.33,0.33,1.29,0.63,30,29.5
474.27,30,0.85,0.26,1.71,0.95,1.11,1.13,1.5,1.41,1.02,1.03,1.03,1.31,0.34,1.29,0.65,30,29.47
475.27,30,0.85,0.26,1.72,0.95,1.11,1.12,1.51,1.42,1.03,1.04,1.04,1.31,0.34,1.29,0.64,30,29.49
476.27,30,0.85,0.27,1.71,0.95,1.11,1.09,1.51,1.42,1.03,1.04,1.03,1.31,0.34,1.3,0.61,30,29.49
477.27,30,0.85,0.25,1.69,0.94,1.11,1.08,1.5,1.4,1.03,1.03,1.03,1.31,0.33,1.29,0.57,30,29.47
478.28,30,0.85,0.27,1.68,0.95,1.11,1.1,1.52,1.43,1.04,1.04,1.03,1.32,0.33,1.3,0.54,30,29.49
479.28,30,0.85,0.26,1.65,0.94,1.1,1.12,1.51,1.41,1.05,1.03,1.02,1.33,0.33,1.29,0.51,30,29.47
480.28,30,0.85,0.25,1.63,0.94,1.1,1.15,1.52,1.41,1.04,1.04,1.02,1.33,0.34,1.3,0.5,30,29.47
481.28,30,0.85,0.26,1.59,0.95,1.11,1.19,1.51,1.42,1.05,1.04,1.03,1.33,0.34,1.3,0.49,30,29.47
482.28,30,0.84,0.24,1.55,0.94,1.09,1.22,1.5,1.41,1.02,1.02,1.02,1.3,0.32,1.29,0.47,30,29.47
483.28,30,0.85,0.26,1.55,0.94,1.11,1.27,1.51,1.41,1.02,1.03,1.02,1.3,0.33,1.3,0.47,30,29.47
484.28,30,0.84,0.25,1.52,0.94,1.1,1.31,1.5,1.41,1.01,1.03,1.02,1.28,0.33,1.29,0.47,30,29.47
485.3,30,0.85,0.26,1.52,0.94,1.1,1.33,1.51,1.41,0.98,1.02,1.01,1.27,0.32,1.29,0.48,30,29.49
486.3,30,0.84,0.25,1.53,0.94,1.09,1.32,1.5,1.41,0.97,1.02,1.02,1.26,0.32,1.29,0.49,30,29.47
487.3,30,0.84,0.25,1.54,0.94,1.1,1.3,1.5,1.41,0.96,1.02,1.02,1.26,0.33,1.29,0.49,30,29.47
488.3,30,0.85,0.25,1.55,0.95,1.1,1.28,1.51,1.42,0.95,1.03,1.02,1.28,0.32,1.29,0.5,30,29.47
489.3,30,0.85,0.26,1.56,0.95,1.1,1.23,1.51,1.42,0.95,1.03,1.02,1.29,0.33,1.3,0.53,30,29.47
490.3,30,0.85,0.25,1.55,0.94,1.1,1.17,1.51,1.41,0.93,1.03,1.02,1.3,0.32,1.29,0.56,30,29.47
491.3,30,0.85,0.25,1.52,0.94,1.1,1.12,1.51,1.42,0.92,1.03,1.02,1.33,0.33,1.3,0.57,30,29.47
492.32,30,0.85,0.25,1.5,0.95,1.11,1.1,1.51,1.41,0.92,1.03,1.02,1.32,0.34,1.29,0.56,30,29.47
493.32,30,0.85,0.26,1.48,0.94,1.09,1.08,1.51,1.41,0.93,1.03,1.02,1.33,0.33,1.29,0.52,30,29.47
494.32,30,0.84,0.24,1.44,0.93,1.09,1.07,1.49,1.4,0.9,1.02,1.01,1.29,0.32,1.29,0.47,30,29.46
495.32,30,0.85,0.26,1.43,0.95,1.1,1.1,1.51,1.42,0.91,1.04,1.02,1.28,0.33,1.29,0.44,30,29.46
496.32,30,0.85,0.26,1.4,0.94,1.1,1.11,1.51,1.42,0.91,1.03,1.02,1.26,0.33,1.3,0.41,30,29.46
497.33,30,0.85,0.26,1.39,0.95,1.11,1.12,1.51,1.41,0.9,1.03,1.02,1.24,0.34,1.29,0.38,30,29.46
498.33,30,0.83,0.24,1.37,0.94,1.09,1.09,1.5,1.4,0.88,1.02,1.01,1.22,0.32,1.29,0.35,30,29.46
499.35,30,0.85,0.26,1.34,0.95,1.1,1.09,1.51,1.41,0.89,1.03,1.02,1.21,0.34,1.29,0.35,30,29.47
500.35,30,0.85,0.25,1.33,0.94,1.1,1.09,1.51,1.41,0.88,1.03,1.02,1.2,0.33,1.29,0.35,30,29.46
501.35,30,0.84,0.24,1.32,0.94,1.1,1.06,1.5,1.4,0.88,1.02,1.02,1.19,0.32,1.29,0.34,30,29.46
502.35,30,0.85,0.25,1.33,0.95,1.1,1.05,1.51,1.42,0.88,1.04,1.02,1.19,0.34,1.29,0.35,30,29.46
503.35,30,0.85,0.24,1.31,0.93,1.09,1.02,1.5,1.4,0.88,1.02,1.02,1.19,0.32,1.29,0.35,30,29.47
504.35,30,0.84,0.25,1.31,0.93,1.1,1.02,1.5,1.41,0.88,1.02,1.01,1.19,0.33,1.29,0.4,30,29.47
505.35,30,0.85,0.25,1.31,0.94,1.1,1.01,1.51,1.41,0.88,1.03,1.02,1.19,0.33,1.3,0.47,30,29.46
506.37,30,0.85,0.27,1.32,0.95,1.11,0.99,1.51,1.42,0.89,1.03,1.02,1.2,0.34,1.3,0.5,30,29.43
507.37,30,0.84,0.25,1.29,0.93,1.09,0.99,1.5,1.41,0.87,1.02,1.01,1.19,0.32,1.29,0.5,30,29.47
508.37,30,0.85,0.25,1.3,0.94,1.1,0.98,1.51,1.4,0.87,1.03,1.02,1.2,0.32,1.29,0.47,30,29.46
509.37,30,0.85,0.26,1.29,0.94,1.11,0.98,1.51,1.41,0.87,1.03,1.02,1.21,0.33,1.29,0.43,30,29.44
510.37,30,0.85,0.25,1.29,0.93,1.09,0.97,1.5,1.41,0.87,1.03,1.02,1.19,0.32,1.29,0.39,30,29.47
511.37,30,0.85,0.25,1.28,0.94,1.11,0.97,1.5,1.41,0.88,1.02,1.02,1.19,0.33,1.29,0.37,30,29.46
512.37,30,0.85,0.26,1.26,0.94,1.1,0.95,1.5,1.4,0.87,1.03,1.01,1.18,0.33,1.29,0.35,30,29.46
513.38,30,0.85,0.25,1.26,0.94,1.1,0.94,1.51,1.41,0.88,1.03,1.02,1.17,0.33,1.29,0.35,30,29.46
514.38,30,0.85,0.26,1.24,0.94,1.11,0.95,1.51,1.41,0.88,1.03,1.02,1.17,0.33,1.29,0.35,30,29.44
515.38,30,0.84,0.25,1.22,0.93,1.1,0.95,1.5,1.41,0.87,1.02,1.01,1.16,0.33,1.29,0.33,30,29.46
516.38,30,0.84,0.24,1.23,0.93,1.09,0.94,1.5,1.41,0.87,1.02,1.01,1.15,0.33,1.29,0.34,30,29.46
517.38,30,0.85,0.26,1.22,0.94,1.1,0.94,1.51,1.41,0.87,1.03,1.02,1.16,0.33,1.29,0.34,30,29.46
518.38,30,0.84,0.25,1.22,0.93,1.09,0.92,1.49,1.4,0.87,1.02,1.01,1.15,0.32,1.29,0.33,30,29.44
519.4,30,0.85,0.26,1.22,0.94,1.1,0.93,1.51,1.42,0.87,1.03,1.02,1.15,0.33,1.29,0.34,30,29.44
520.4,30,0.85,0.25,1.22,0.92,1.09,0.92,1.49,1.4,0.86,1.02,1.02,1.14,0.32,1.29,0.33,30,29.44
521.4,30,0.85,0.25,1.22,0.94,1.1,0.92,1.5,1.41,0.87,1.03,1.02,1.14,0.33,1.29,0.34,30,29.46
522.42,30,0.85,0.26,1.23,0.94,1.1,0.92,1.51,1.41,0.86,1.03,1.02,1.14,0.32,1.29,0.35,30,29.46
523.42,30,0.84,0.25,1.23,0.94,1.1,0.92,1.5,1.4,0.86,1.02,1.02,1.13,0.32,1.29,0.34,30,29.46
524.42,30,0.84,0.24,1.23,0.93,1.09,0.92,1.49,1.4,0.86,1.02,1.01,1.12,0.33,1.29,0.33,30,29.46
525.42,30,0.84,0.25,1.22,0.94,1.1,0.92,1.51,1.41,0.86,1.03,1.01,1.14,0.33,1.29,0.32,30,29.46
526.42,30,0.85,0.25,1.23,0.92,1.09,0.92,1.49,1.41,0.86,1.02,1.01,1.14,0.32,1.29,0.32,30,29.46
527.42,30,0.85,0.25,1.22,0.94,1.1,0.92,1.49,1.41,0.86,1.02,1.02,1.14,0.33,1.29,0.32,30,29.46
528.42,30,0.84,0.25,1.22,0.94,1.1,0.92,1.51,1.41,0.85,1.03,1.02,1.14,0.32,1.29,0.32,30,29.46
529.43,30,0.85,0.26,1.23,0.94,1.09,0.92,1.51,1.41,0.85,1.03,1.02,1.13,0.33,1.29,0.33,30,29.46
530.43,30,0.84,0.24,1.24,0.94,1.1,0.91,1.5,1.41,0.85,1.03,1.01,1.14,0.33,1.29,0.32,30,29.46
531.43,30,0.84,0.25,1.26,0.94,1.1,0.9,1.51,1.41,0.85,1.02,1.02,1.13,0.33,1.29,0.32,30,29.46
532.43,30,0.84,0.25,1.24,0.92,1.1,0.89,1.5,1.4,0.85,1.02,1.01,1.13,0.32,1.29,0.33,30,29.46
533.43,30,0.85,0.26,1.25,0.94,1.11,0.9,1.51,1.41,0.86,1.04,1.02,1.13,0.33,1.3,0.35,30,29.44
534.43,30,0.85,0.25,1.24,0.94,1.1,0.88,1.5,1.41,0.85,1.02,1.02,1.13,0.33,1.29,0.36,30,29.46
535.43,30,0.85,0.25,1.22,0.94,1.09,0.9,1.51,1.41,0.85,1.02,1.02,1.12,0.33,1.29,0.36,30,29.46
536.43,30,0.84,0.25,1.22,0.93,1.1,0.89,1.5,1.4,0.84,1.02,1.01,1.11,0.33,1.29,0.35,30,29.46
537.43,30,0.84,0.25,1.22,0.94,1.1,0.89,1.5,1.4,0.84,1.02,1.02,1.11,0.33,1.29,0.35,30,29.46
538.43,30,0.85,0.25,1.22,0.94,1.11,0.88,1.5,1.4,0.85,1.03,1.02,1.12,0.33,1.3,0.34,30,29.46
539.45,30,0.84,0.25,1.22,0.93,1.1,0.88,1.5,1.4,0.84,1.03,1.02,1.12,0.32,1.29,0.33,30,29.46
540.45,30,0.85,0.26,1.23,0.94,1.1,0.88,1.51,1.41,0.84,1.03,1.02,1.12,0.33,1.29,0.32,30,29.46
541.45,30,0.85,0.25,1.23,0.93,1.09,0.87,1.5,1.41,0.84,1.03,1.02,1.12,0.33,1.29,0.32,30,29.46
542.45,30,0.84,0.25,1.22,0.93,1.09,0.88,1.5,1.41,0.83,1.02,1.02,1.12,0.32,1.29,0.32,30,29.47
543.47,30,0.83,0.24,1.22,0.93,1.09,0.88,1.5,1.4,0.83,1.02,1.02,1.11,0.32,1.29,0.31,30,29.46
544.47,30,0.85,0.25,1.22,0.93,1.1,0.87,1.5,1.41,0.83,1.02,1.01,1.12,0.32,1.29,0.31,30,29.46
545.47,30,0.84,0.25,1.21,0.93,1.1,0.87,1.5,1.41,0.84,1.03,1.01,1.12,0.32,1.29,0.31,30,29.47
546.47,30,0.85,0.25,1.21,0.94,1.1,0.88,1.5,1.41,0.83,1.02,1.02,1.13,0.33,1.29,0.32,30,29.46
547.47,30,0.85,0.25,1.21,0.94,1.1,0.88,1.51,1.41,0.83,1.03,1.02,1.14,0.32,1.29,0.32,30,29.47
548.47,30,0.85,0.26,1.2,0.93,1.11,0.88,1.5,1.41,0.84,1.03,1.01,1.13,0.32,1.29,0.31,30,29.46
549.48,30,0.84,0.25,1.19,0.94,1.1,0.87,1.5,1.4,0.83,1.02,1.02,1.11,0.32,1.29,0.31,30,29.46
550.48,30,0.84,0.25,1.19,0.93,1.09,0.88,1.5,1.4,0.82,1.02,1.01,1.1,0.32,1.29,0.3,30,29.46
551.48,30,0.84,0.25,1.19,0.93,1.09,0.88,1.49,1.41,0.83,1.02,1.01,1.1,0.32,1.29,0.31,30,29.47
552.5,30,0.84,0.24,1.19,0.93,1.1,0.88,1.5,1.41,0.83,1.03,1.01,1.11,0.32,1.29,0.31,30,29.47
553.5,30,0.84,0.26,1.19,0.93,1.1,0.87,1.5,1.41,0.82,1.02,1.02,1.11,0.32,1.29,0.3,30,29.46
554.5,30,0.84,0.26,1.2,0.94,1.11,0.87,1.51,1.41,0.83,1.02,1.02,1.12,0.32,1.3,0.31,30,29.47
555.5,30,0.85,0.26,1.21,0.94,1.1,0.87,1.51,1.41,0.84,1.03,1.02,1.11,0.33,1.3,0.31,30,29.47
556.52,30,0.85,0.26,1.21,0.94,1.1,0.87,1.5,1.41,0.84,1.02,1.02,1.12,0.32,1.29,0.31,30,29.46
557.52,30,0.84,0.25,1.2,0.93,1.1,0.87,1.5,1.41,0.83,1.02,1.01,1.11,0.33,1.29,0.31,30,29.46
558.52,30,0.84,0.26,1.19,0.94,1.1,0.87,1.49,1.4,0.82,1.02,1.02,1.1,0.32,1.29,0.3,30,29.46
559.52,30,0.84,0.26,1.19,0.94,1.1,0.87,1.51,1.4,0.82,1.02,1.02,1.1,0.32,1.3,0.3,30,29.46
560.52,30,0.84,0.25,1.19,0.93,1.09,0.86,1.5,1.41,0.82,1.02,1.01,1.09,0.33,1.29,0.29,30,29.47
561.53,30,0.84,0.25,1.19,0.94,1.1,0.86,1.49,1.41,0.82,1.02,1.01,1.1,0.32,1.29,0.3,30,29.47
562.53,30,0.85,0.26,1.19,0.94,1.1,0.86,1.5,1.42,0.82,1.03,1.02,1.1,0.32,1.29,0.3,30,29.47
563.53,30,0.84,0.26,1.19,0.93,1.1,0.87,1.51,1.4,0.82,1.02,1.01,1.11,0.33,1.29,0.29,30,29.46
564.53,30,0.85,0.27,1.19,0.94,1.11,0.87,1.5,1.41,0.83,1.03,1.02,1.11,0.33,1.3,0.31,30,29.46
565.53,30,0.85,0.25,1.18,0.94,1.09,0.85,1.51,1.41,0.82,1.02,1.01,1.1,0.33,1.29,0.29,30,29.47
566.53,30,0.85,0.27,1.19,0.94,1.1,0.86,1.5,1.42,0.83,1.02,1.02,1.11,0.33,1.29,0.31,30,29.47
567.53,30,0.85,0.25,1.19,0.94,1.1,0.86,1.51,1.41,0.82,1.03,1.01,1.12,0.32,1.29,0.3,30,29.47
568.53,30,0.84,0.25,1.19,0.93,1.1,0.85,1.5,1.4,0.82,1.02,1,1.09,0.32,1.29,0.29,30,29.46
569.55,30,0.85,0.25,1.19,0.94,1.1,0.86,1.5,1.41,0.82,1.03,1.02,1.11,0.33,1.3,0.3,30,29.47
570.55,30,0.85,0.26,1.19,0.94,1.11,0.87,1.51,1.42,0.82,1.03,1.02,1.11,0.34,1.3,0.31,30,29.47
571.55,30,0.85,0.26,1.19,0.94,1.1,0.86,1.5,1.42,0.82,1.03,1.02,1.11,0.32,1.3,0.29,30,29.47
572.55,30,0.85,0.26,1.19,0.94,1.11,0.85,1.5,1.41,0.82,1.03,1.02,1.09,0.32,1.29,0.29,30,29.47
573.57,30,0.85,0.26,1.19,0.94,1.1,0.86,1.5,1.42,0.82,1.03,1.02,1.1,0.32,1.3,0.29,30,29.47
574.57,30,0.84,0.25,1.19,0.94,1.1,0.85,1.5,1.41,0.82,1.02,1.02,1.09,0.33,1.29,0.3,30,29.47
575.57,30,0.84,0.25,1.19,0.93,1.1,0.85,1.5,1.41,0.82,1.03,1.01,1.1,0.33,1.29,0.3,30,29.47
576.57,30,0.85,0.26,1.19,0.94,1.1,0.87,1.51,1.42,0.82,1.02,1.02,1.1,0.33,1.29,0.29,30,29.47
577.57,30,0.85,0.25,1.19,0.94,1.1,0.86,1.51,1.41,0.82,1.02,1.02,1.1,0.33,1.29,0.29,30,29.47
578.57,30,0.85,0.26,1.19,0.94,1.11,0.85,1.5,1.42,0.83,1.02,1.02,1.1,0.32,1.3,0.3,30,29.47
579.58,30,0.85,0.26,1.19,0.93,1.1,0.85,1.5,1.41,0.82,1.02,1.02,1.1,0.32,1.29,0.3,30,29.47
580.58,30,0.84,0.25,1.19,0.94,1.1,0.85,1.5,1.4,0.81,1.03,1.02,1.1,0.33,1.29,0.3,30,29.49
581.58,30,0.85,0.26,1.18,0.93,1.1,0.85,1.5,1.4,0.82,1.03,1.02,1.1,0.33,1.3,0.29,30,29.47
582.6,30,0.85,0.25,1.18,0.93,1.1,0.84,1.49,1.4,0.81,1.02,1.02,1.09,0.32,1.29,0.28,30,29.47
583.6,30,0.85,0.26,1.19,0.95,1.11,0.86,1.52,1.42,0.82,1.04,1.02,1.09,0.34,1.3,0.29,30,29.47
584.6,30,0.84,0.25,1.19,0.94,1.09,0.85,1.5,1.41,0.81,1.02,1.02,1.09,0.32,1.29,0.29,30,29.49
585.6,30,0.85,0.26,1.19,0.94,1.11,0.86,1.51,1.41,0.82,1.04,1.02,1.1,0.33,1.3,0.29,30,29.47
586.6,30,0.84,0.25,1.17,0.93,1.09,0.85,1.5,1.4,0.81,1.02,1.02,1.08,0.32,1.29,0.29,30,29.49
587.6,30,0.84,0.26,1.19,0.94,1.11,0.85,1.49,1.41,0.82,1.03,1.02,1.1,0.32,1.3,0.29,30,29.49
588.62,30,0.84,0.26,1.19,0.93,1.1,0.85,1.5,1.41,0.82,1.03,1.02,1.09,0.33,1.29,0.29,30,29.49
589.62,30,0.85,0.26,1.18,0.94,1.09,0.85,1.49,1.4,0.82,1.02,1.02,1.08,0.33,1.29,0.29,30,29.47
590.62,30,0.85,0.25,1.19,0.93,1.11,0.85,1.5,1.42,0.82,1.02,1.02,1.1,0.33,1.29,0.29,30,29.49
591.62,30,0.84,0.25,1.18,0.94,1.1,0.85,1.51,1.42,0.82,1.02,1.02,1.08,0.32,1.29,0.29,30,29.47
592.62,30,0.85,0.26,1.18,0.95,1.11,0.85,1.51,1.42,0.82,1.03,1.02,1.1,0.34,1.3,0.3,30,29.49
593.62,30,0.84,0.26,1.19,0.93,1.09,0.84,1.5,1.4,0.81,1.03,1.01,1.08,0.32,1.29,0.28,30,29.49
594.63,30,0.85,0.26,1.19,0.94,1.1,0.85,1.51,1.41,0.82,1.03,1.02,1.08,0.33,1.29,0.29,30,29.5
595.63,30,0.84,0.25,1.19,0.93,1.1,0.85,1.5,1.41,0.81,1.03,1.02,1.08,0.32,1.29,0.29,30,29.5
596.63,30,0.85,0.26,1.19,0.94,1.1,0.85,1.5,1.42,0.81,1.02,1.02,1.09,0.32,1.3,0.29,30,29.49
597.63,30,0.85,0.26,1.18,0.93,1.1,0.85,1.5,1.41,0.81,1.03,1.02,1.08,0.32,1.29,0.29,30,29.49
598.63,30,0.85,0.27,1.19,0.95,1.11,0.86,1.51,1.42,0.82,1.03,1.02,1.1,0.34,1.3,0.29,30,29.5
599.65,30,0.84,0.26,1.18,0.94,1.1,0.85,1.5,1.41,0.82,1.02,1.02,1.08,0.32,1.29,0.29,30,29.51
600.65,30,0.85,0.25,1.19,0.93,1.11,0.85,1.51,1.42,0.81,1.02,1.02,1.09,0.33,1.29,0.29,30,29.51
601.65,30,0.85,0.25,1.19,0.93,1.1,0.85,1.5,1.41,0.81,1.02,1.02,1.08,0.32,1.29,0.29,30,29.5
602.65,30,0.85,0.25,1.18,0.93,1.1,0.85,1.5,1.41,0.81,1.03,1.02,1.08,0.32,1.29,0.28,30,29.5
603.67,30,0.85,0.26,1.19,0.95,1.11,0.85,1.51,1.41,0.82,1.03,1.02,1.08,0.32,1.3,0.29,30,29.5
604.67,30,0.85,0.26,1.19,0.94,1.1,0.85,1.51,1.41,0.82,1.03,1.02,1.08,0.32,1.3,0.29,30,29.5
605.67,30,0.84,0.24,1.18,0.92,1.1,0.84,1.49,1.41,0.81,1.02,1.01,1.08,0.32,1.29,0.28,30,29.5
606.67,30,0.85,0.25,1.18,0.94,1.1,0.85,1.51,1.42,0.82,1.03,1.02,1.08,0.33,1.3,0.29,30,29.5
607.67,30,0.85,0.26,1.19,0.94,1.1,0.85,1.51,1.4,0.82,1.03,1.02,1.08,0.33,1.3,0.29,30,29.5
608.67,30,0.83,0.25,1.18,0.93,1.09,0.83,1.5,1.4,0.8,1.02,1.01,1.08,0.32,1.29,0.29,30,29.49
609.67,30,0.84,0.25,1.18,0.93,1.1,0.85,1.5,1.4,0.8,1.02,1.01,1.08,0.32,1.29,0.28,30,29.5
610.68,30,0.85,0.26,1.19,0.94,1.1,0.85,1.49,1.42,0.82,1.03,1.02,1.08,0.32,1.3,0.28,30,29.5
611.68,30,0.85,0.26,1.19,0.94,1.1,0.84,1.51,1.41,0.82,1.02,1.02,1.08,0.33,1.3,0.28,30,29.5
612.68,30,0.85,0.27,1.19,0.94,1.11,0.85,1.51,1.41,0.82,1.03,1.02,1.09,0.33,1.3,0.29,30,29.51
613.68,30,0.85,0.26,1.19,0.94,1.11,0.85,1.51,1.42,0.82,1.03,1.02,1.08,0.33,1.3,0.29,30,29.5
614.68,30,0.85,0.26,1.18,0.93,1.11,0.84,1.5,1.4,0.81,1.02,1.02,1.08,0.32,1.29,0.28,30,29.49
615.68,30,0.84,0.25,1.18,0.93,1.1,0.84,1.5,1.4,0.79,1.02,1.01,1.08,0.32,1.29,0.28,30,29.49
616.68,30,0.85,0.26,1.19,0.94,1.11,0.84,1.51,1.43,0.82,1.04,1.02,1.08,0.34,1.3,0.29,30,29.5
617.7,30,0.85,0.25,1.19,0.94,1.1,0.84,1.5,1.41,0.81,1.03,1.02,1.08,0.33,1.3,0.29,30,29.5
618.7,30,0.84,0.25,1.18,0.93,1.1,0.83,1.5,1.4,0.8,1.02,1.01,1.07,0.32,1.29,0.28,30,29.49
619.7,30,0.84,0.25,1.17,0.93,1.09,0.82,1.5,1.4,0.8,1.02,1.01,1.07,0.32,1.29,0.28,30,29.47
620.7,30,0.85,0.25,1.19,0.93,1.1,0.84,1.5,1.41,0.8,1.02,1.02,1.08,0.32,1.3,0.29,30,29.5
621.7,30,0.84,0.25,1.18,0.93,1.11,0.83,1.5,1.41,0.81,1.02,1.02,1.08,0.33,1.29,0.28,30,29.49
622.72,30,0.84,0.25,1.18,0.94,1.1,0.84,1.51,1.41,0.81,1.03,1.02,1.08,0.32,1.29,0.29,30,29.49
623.72,30,0.85,0.26,1.18,0.94,1.11,0.84,1.5,1.41,0.82,1.02,1.02,1.09,0.33,1.3,0.29,30,29.5
624.72,30,0.85,0.26,1.18,0.95,1.11,0.84,1.51,1.42,0.81,1.03,1.02,1.09,0.33,1.3,0.29,30,29.49
625.72,30,0.84,0.24,1.17,0.93,1.1,0.83,1.5,1.4,0.8,1.02,1.01,1.07,0.32,1.29,0.28,30,29.47
626.73,30,0.85,0.25,1.18,0.95,1.1,0.84,1.5,1.4,0.79,1.02,1.02,1.08,0.32,1.29,0.29,30,29.5
627.73,30,0.84,0.26,1.17,0.94,1.09,0.82,1.49,1.41,0.8,1.02,1.01,1.08,0.32,1.29,0.29,30,29.49
628.73,30,0.85,0.26,1.19,0.93,1.1,0.84,1.49,1.41,0.8,1.02,1.02,1.08,0.33,1.29,0.29,30,29.47
629.73,30,0.85,0.25,1.17,0.93,1.11,0.84,1.51,1.41,0.8,1.03,1.02,1.08,0.32,1.3,0.28,30,29.47
630.75,30,0.85,0.26,1.17,0.94,1.11,0.84,1.51,1.41,0.81,1.03,1.02,1.08,0.33,1.3,0.29,30,29.47
631.75,30,0.84,0.25,1.17,0.93,1.1,0.82,1.49,1.41,0.81,1.02,1.02,1.07,0.32,1.29,0.27,30,29.49
632.75,30,0.85,0.25,1.17,0.94,1.11,0.82,1.51,1.42,0.81,1.03,1.02,1.08,0.33,1.29,0.28,30,29.47
633.75,30,0.85,0.25,1.17,0.93,1.1,0.84,1.5,1.41,0.8,1.03,1.02,1.08,0.33,1.29,0.28,30,29.47
634.75,30,0.85,0.26,1.18,0.94,1.12,0.82,1.51,1.41,0.8,1.03,1.02,1.08,0.33,1.29,0.29,30,29.49
635.75,30,0.83,0.25,1.17,0.93,1.09,0.82,1.49,1.4,0.79,1.02,1.01,1.08,0.32,1.29,0.28,30,29.49
636.77,30,0.84,0.25,1.17,0.93,1.1,0.83,1.49,1.41,0.8,1.02,1.02,1.08,0.32,1.3,0.28,30,29.49
637.77,30,0.85,0.25,1.18,0.95,1.11,0.83,1.51,1.42,0.82,1.03,1.02,1.08,0.33,1.31,0.29,30,29.47
638.77,30,0.85,0.25,1.17,0.94,1.11,0.83,1.51,1.41,0.81,1.02,1.02,1.08,0.33,1.3,0.29,30,29.47
639.77,30,0.84,0.25,1.16,0.93,1.09,0.83,1.49,1.4,0.8,1.02,1,1.07,0.32,1.29,0.27,30,29.47
640.77,30,0.85,0.25,1.17,0.93,1.1,0.82,1.5,1.41,0.8,1.02,1.01,1.08,0.33,1.29,0.28,30,29.47
641.77,30,0.84,0.24,1.17,0.92,1.1,0.83,1.5,1.4,0.8,1.02,1.01,1.07,0.32,1.28,0.27,30,29.47
642.77,30,0.85,0.27,1.17,0.94,1.1,0.83,1.5,1.41,0.81,1.02,1.02,1.08,0.32,1.29,0.28,30,29.49
643.78,30,0.85,0.25,1.18,0.94,1.1,0.82,1.5,1.42,0.8,1.03,1.01,1.07,0.32,1.29,0.27,30,29.49
644.78,30,0.84,0.25,1.16,0.93,1.1,0.83,1.5,1.41,0.79,1.02,1.02,1.08,0.32,1.29,0.28,30,29.47
645.78,30,0.83,0.26,1.17,0.93,1.09,0.82,1.5,1.4,0.8,1.02,1.01,1.07,0.32,1.29,0.28,30,29.47
646.8,30,0.84,0.25,1.16,0.93,1.1,0.83,1.49,1.4,0.8,1.02,1.02,1.06,0.32,1.29,0.27,30,29.47
647.8,30,0.85,0.25,1.18,0.94,1.11,0.83,1.51,1.41,0.82,1.03,1.02,1.08,0.32,1.29,0.28,30,29.47
648.82,30,0.85,0.26,1.18,0.93,1.11,0.83,1.5,1.41,0.8,1.03,1.02,1.07,0.32,1.29,0.28,30,29.47
649.82,30,0.84,0.25,1.17,0.93,1.11,0.83,1.5,1.4,0.8,1.03,1.01,1.07,0.32,1.29,0.27,30,29.47
650.82,30,0.83,0.25,1.16,0.93,1.1,0.82,1.51,1.4,0.8,1.02,1.01,1.07,0.32,1.29,0.28,30,29.47
651.83,30,0.85,0.26,1.17,0.94,1.11,0.83,1.51,1.42,0.81,1.03,1.02,1.07,0.34,1.3,0.29,30,29.47
652.83,30,0.84,0.25,1.17,0.93,1.1,0.82,1.5,1.41,0.79,1.02,1.01,1.07,0.32,1.29,0.27,30,29.47
653.83,30,0.84,0.24,1.17,0.93,1.1,0.82,1.49,1.41,0.79,1.02,1.02,1.06,0.32,1.29,0.28,30,29.47
654.83,30,0.83,0.25,1.16,0.92,1.09,0.82,1.49,1.4,0.8,1.02,1.01,1.07,0.33,1.29,0.27,30,29.47
655.83,30,0.85,0.25,1.17,0.93,1.11,0.82,1.5,1.41,0.79,1.02,1.02,1.07,0.32,1.29,0.28,30,29.47
656.83,30,0.84,0.25,1.16,0.92,1.09,0.82,1.49,1.4,0.78,1.02,1.01,1.08,0.32,1.29,0.27,30,29.47
657.85,30,0.83,0.25,1.17,0.93,1.1,0.82,1.49,1.4,0.79,1.02,1.01,1.07,0.32,1.29,0.28,30,29.47
658.85,30,0.85,0.25,1.17,0.94,1.1,0.82,1.5,1.4,0.8,1.02,1.01,1.07,0.32,1.29,0.27,30,29.47
659.87,30,0.84,0.24,1.15,0.93,1.1,0.81,1.49,1.41,0.79,1.02,1.01,1.06,0.32,1.29,0.27,30,29.47
660.87,30,0.84,0.25,1.17,0.94,1.11,0.82,1.5,1.41,0.8,1.02,1.01,1.07,0.33,1.29,0.28,30,29.47
661.87,30,0.85,0.26,1.17,0.94,1.11,0.82,1.49,1.41,0.8,1.02,1.02,1.07,0.33,1.3,0.27,30,29.47
662.87,30,0.84,0.25,1.17,0.94,1.11,0.82,1.49,1.41,0.8,1.02,1.02,1.07,0.32,1.29,0.27,30,29.47
663.87,30,0.84,0.25,1.16,0.92,1.09,0.82,1.5,1.4,0.79,1.02,1.01,1.07,0.32,1.29,0.27,30,29.47
664.87,30,0.83,0.24,1.16,0.93,1.09,0.82,1.49,1.4,0.79,1.02,1.01,1.06,0.32,1.29,0.27,30,29.47
665.87,30,0.84,0.26,1.17,0.93,1.11,0.82,1.5,1.4,0.8,1.03,1.02,1.08,0.32,1.29,0.29,30,29.46
666.88,30,0.84,0.26,1.16,0.93,1.09,0.82,1.5,1.4,0.8,1.02,1.02,1.08,0.32,1.29,0.28,30,29.47
667.88,30,0.84,0.25,1.17,0.93,1.1,0.82,1.5,1.41,0.8,1.02,1.01,1.07,0.32,1.3,0.27,30,29.47
668.88,30,0.84,0.24,1.16,0.93,1.09,0.82,1.49,1.4,0.79,1.02,1.01,1.07,0.32,1.29,0.27,30,29.47
669.88,30,0.84,0.24,1.16,0.92,1.08,0.82,1.49,1.4,0.79,1.02,1,1.06,0.32,1.29,0.27,30,29.47
670.88,30,0.84,0.25,1.17,0.92,1.09,0.82,1.48,1.41,0.79,1.02,1.01,1.07,0.32,1.29,0.27,30,29.46
671.9,30,0.84,0.25,1.16,0.93,1.09,0.82,1.5,1.4,0.79,1.02,1.02,1.07,0.32,1.29,0.27,30,29.47
672.9,30,0.84,0.25,1.16,0.93,1.1,0.81,1.5,1.41,0.79,1.02,1.01,1.06,0.32,1.29,0.27,30,29.46
673.9,30,0.84,0.25,1.15,0.93,1.1,0.82,1.49,1.4,0.78,1.03,1.02,1.07,0.32,1.29,0.27,30,29.46
674.9,30,0.85,0.25,1.17,0.93,1.1,0.83,1.5,1.41,0.79,1.02,1.01,1.07,0.32,1.29,0.27,30,29.47
675.92,30,0.83,0.25,1.15,0.93,1.1,0.82,1.49,1.4,0.79,1.02,1,1.07,0.32,1.29,0.27,30,29.47
676.92,30,0.84,0.25,1.16,0.93,1.1,0.82,1.5,1.41,0.79,1.02,1.02,1.08,0.33,1.29,0.28,30,29.44
677.92,30,0.84,0.25,1.16,0.94,1.1,0.82,1.49,1.4,0.8,1.02,1.01,1.06,0.32,1.29,0.27,30,29.47
678.92,30,0.83,0.25,1.15,0.93,1.1,0.82,1.48,1.4,0.79,1.02,1.02,1.07,0.32,1.29,0.27,30,29.47
679.93,30,0.83,0.25,1.16,0.93,1.1,0.82,1.5,1.4,0.79,1.02,1.01,1.07,0.32,1.29,0.27,30,29.44
680.93,30,0.84,0.26,1.17,0.93,1.11,0.82,1.5,1.41,0.79,1.03,1.02,1.07,0.32,1.29,0.28,30,29.44
681.93,30,0.83,0.25,1.16,0.93,1.1,0.82,1.5,1.4,0.8,1.02,1.01,1.07,0.32,1.29,0.27,30,29.47
682.93,30,0.84,0.25,1.16,0.93,1.1,0.82,1.5,1.4,0.79,1.02,1.01,1.07,0.32,1.29,0.27,30,29.46
683.93,30,0.84,0.25,1.16,0.93,1.1,0.82,1.5,1.41,0.8,1.02,1.02,1.07,0.33,1.29,0.28,30,29.46
684.93,30,0.84,0.25,1.16,0.93,1.1,0.81,1.49,1.41,0.79,1.02,1.01,1.07,0.32,1.29,0.28,30,29.46
685.93,30,0.84,0.24,1.16,0.93,1.1,0.82,1.49,1.4,0.79,1.02,1,1.06,0.32,1.29,0.27,30,29.46
686.95,30,0.83,0.25,1.15,0.92,1.1,0.82,1.49,1.41,0.79,1.02,1.01,1.06,0.32,1.28,0.27,30,29.44
687.95,30,0.84,0.25,1.17,0.93,1.1,0.81,1.5,1.41,0.8,1.02,1.02,1.07,0.32,1.29,0.28,30,29.46
688.95,30,0.84,0.24,1.15,0.92,1.08,0.82,1.49,1.4,0.79,1.02,1.01,1.07,0.32,1.29,0.27,30,29.47
689.95,30,0.84,0.26,1.15,0.94,1.1,0.82,1.5,1.4,0.79,1.02,1.02,1.07,0.32,1.29,0.27,30,29.47
690.95,30,0.84,0.24,1.16,0.94,1.11,0.82,1.5,1.41,0.79,1.02,1.01,1.07,0.32,1.29,0.27,30,29.47
691.95,30,0.84,0.24,1.16,0.93,1.09,0.82,1.49,1.4,0.8,1.02,1.01,1.06,0.32,1.29,0.27,30,29.46
692.95,30,0.84,0.25,1.16,0.93,1.09,0.82,1.5,1.4,0.78,1.02,1.01,1.06,0.32,1.29,0.27,30,29.46
693.97,30,0.84,0.26,1.16,0.94,1.1,0.82,1.5,1.41,0.79,1.02,1.01,1.06,0.32,1.29,0.27,30,29.47
694.97,30,0.84,0.26,1.16,0.94,1.1,0.82,1.49,1.41,0.79,1.02,1.02,1.07,0.32,1.29,0.27,30,29.47
695.97,30,0.84,0.25,1.16,0.93,1.1,0.82,1.5,1.4,0.79,1.02,1.01,1.07,0.32,1.29,0.27,30,29.46
696.97,30,0.83,0.24,1.15,0.92,1.09,0.81,1.48,1.4,0.78,1.02,1.01,1.05,0.32,1.29,0.27,30,29.47
697.98,30,0.85,0.25,1.16,0.94,1.1,0.82,1.5,1.41,0.79,1.02,1.01,1.07,0.32,1.29,0.27,30,29.47
698.98,30,0.84,0.25,1.15,0.93,1.09,0.82,1.49,1.4,0.79,1.02,1.01,1.07,0.32,1.29,0.27,30,29.46
699.98,30,0.84,0.26,1.17,0.94,1.09,0.82,1.49,1.4,0.79,1.02,1.02,1.07,0.32,1.29,0.27,30,29.47
700.98,30,0.84,0.24,1.16,0.93,1.1,0.82,1.5,1.4,0.79,1.02,1.01,1.06,0.32,1.29,0.27,30,29.47
701.98,30,0.83,0.24,1.16,0.93,1.09,0.82,1.5,1.4,0.78,1.02,1.01,1.06,0.32,1.29,0.27,30,29.47
702.98,30,0.85,0.26,1.17,0.94,1.11,0.83,1.5,1.42,0.8,1.03,1.01,1.06,0.33,1.29,0.27,30,29.47
703.98,30,0.84,0.24,1.15,0.93,1.09,0.82,1.49,1.4,0.78,1.02,1.01,1.07,0.32,1.29,0.27,30,29.47
704.98,30,0.84,0.24,1.15,0.93,1.09,0.81,1.49,1.4,0.79,1.02,1.02,1.06,0.32,1.29,0.27,30,29.47
705.98,30,0.84,0.25,1.15,0.93,1.1,0.82,1.49,1.41,0.8,1.02,1.01,1.06,0.32,1.29,0.27,30,29.46
707,30,0.84,0.26,1.16,0.94,1.1,0.82,1.5,1.41,0.8,1.02,1.01,1.07,0.32,1.29,0.27,30,29.46
708,30,0.83,0.24,1.16,0.93,1.1,0.81,1.49,1.4,0.79,1.02,1.01,1.06,0.32,1.29,0.27,30,29.47
709,30,0.84,0.25,1.16,0.93,1.1,0.82,1.49,1.4,0.79,1.02,1.01,1.06,0.32,1.29,0.27,30,29.46
710,30,0.84,0.25,1.15,0.93,1.09,0.81,1.49,1.4,0.78,1.01,1.01,1.06,0.32,1.29,0.27,30,29.47
711,30,0.83,0.24,1.15,0.92,1.1,0.82,1.49,1.4,0.78,1.02,1.01,1.06,0.32,1.29,0.27,30,29.46
712.02,30,0.84,0.25,1.16,0.93,1.1,0.82,1.49,1.4,0.78,1.02,1.02,1.07,0.32,1.29,0.27,30,29.46
713.02,30,0.83,0.25,1.16,0.93,1.1,0.82,1.49,1.4,0.78,1.02,1.01,1.06,0.32,1.29,0.27,30,29.47
714.02,30,0.83,0.24,1.15,0.93,1.09,0.82,1.49,1.39,0.78,1.02,1,1.06,0.31,1.28,0.26,30,29.47
715.03,30,0.84,0.25,1.17,0.93,1.1,0.82,1.5,1.41,0.78,1.03,1.02,1.07,0.33,1.29,0.27,30,29.49
716.03,30,0.83,0.25,1.15,0.94,1.1,0.82,1.49,1.4,0.79,1.02,1.01,1.05,0.32,1.29,0.27,30,29.47
717.05,30,0.83,0.24,1.15,0.92,1.1,0.82,1.5,1.4,0.79,1.02,1.01,1.06,0.32,1.29,0.27,30,29.47
718.05,30,0.84,0.25,1.16,0.92,1.1,0.82,1.49,1.4,0.78,1.02,1.01,1.06,0.32,1.29,0.27,30,29.47
719.07,30,0.84,0.25,1.15,0.93,1.09,0.81,1.49,1.4,0.79,1.02,1.01,1.06,0.33,1.29,0.27,30,29.47
720.07,30,0.84,0.24,1.16,0.93,1.11,0.82,1.5,1.41,0.78,1.02,1.01,1.06,0.32,1.29,0.27,30,29.47
721.07,30,0.83,0.25,1.16,0.92,1.09,0.81,1.49,1.4,0.78,1.02,1,1.05,0.32,1.29,0.27,30,29.47
722.07,30,0.84,0.26,1.17,0.94,1.11,0.82,1.5,1.41,0.8,1.03,1.02,1.06,0.32,1.29,0.28,30,29.47
723.07,30,0.84,0.24,1.15,0.94,1.1,0.82,1.5,1.41,0.79,1.02,1.02,1.06,0.32,1.29,0.27,30,29.47
724.07,30,0.83,0.24,1.16,0.92,1.09,0.82,1.48,1.4,0.78,1.02,1.01,1.05,0.32,1.29,0.26,30,29.47
725.07,30,0.83,0.24,1.15,0.92,1.09,0.8,1.5,1.4,0.78,1.02,1,1.05,0.32,1.29,0.27,30,29.47
726.08,30,0.83,0.25,1.16,0.93,1.1,0.82,1.49,1.4,0.79,1.02,1.01,1.06,0.32,1.29,0.27,30,29.47
727.08,30,0.84,0.25,1.16,0.93,1.1,0.82,1.5,1.41,0.79,1.02,1.01,1.07,0.32,1.29,0.27,30,29.47
728.1,30,0.83,0.24,1.15,0.93,1.09,0.82,1.49,1.4,0.78,1.02,1.01,1.06,0.32,1.29,0.27,30,29.47
729.1,30,0.84,0.25,1.15,0.92,1.1,0.82,1.49,1.4,0.78,1.02,1.01,1.06,0.32,1.29,0.27,30,29.49
730.1,30,0.84,0.25,1.16,0.93,1.09,0.81,1.49,1.41,0.78,1.02,1.01,1.06,0.32,1.28,0.27,30,29.47
731.1,30,0.84,0.25,1.16,0.93,1.1,0.82,1.5,1.4,0.8,1.02,1,1.06,0.32,1.29,0.27,30,29.49
732.1,30,0.83,0.24,1.15,0.92,1.09,0.81,1.49,1.4,0.78,1.02,1,1.05,0.32,1.29,0.27,30,29.47
733.12,30,0.84,0.25,1.16,0.93,1.1,0.82,1.49,1.4,0.8,1.02,1.02,1.06,0.32,1.29,0.27,30,29.49
734.12,30,0.84,0.25,1.15,0.94,1.1,0.81,1.5,1.41,0.8,1.04,1.02,1.07,0.34,1.3,0.27,30,29.5
735.12,30,0.83,0.24,1.15,0.92,1.08,0.8,1.48,1.4,0.78,1.02,0.99,1.05,0.31,1.28,0.26,30,29.47
736.12,30,0.85,0.25,1.16,0.93,1.1,0.82,1.5,1.4,0.79,1.02,1.01,1.07,0.33,1.29,0.27,30,29.5
737.12,30,0.83,0.24,1.15,0.92,1.09,0.82,1.49,1.4,0.78,1.01,1,1.06,0.32,1.29,0.27,30,29.49
738.12,30,0.84,0.25,1.15,0.93,1.1,0.82,1.5,1.41,0.8,1.02,1.02,1.07,0.32,1.29,0.27,30,29.49
739.12,30,0.85,0.26,1.16,0.93,1.11,0.82,1.51,1.41,0.79,1.02,1.01,1.07,0.32,1.29,0.27,30,29.49
740.12,30,0.84,0.25,1.15,0.93,1.1,0.82,1.49,1.41,0.79,1.02,1.01,1.06,0.32,1.29,0.27,30,29.49
741.13,30,0.84,0.25,1.15,0.93,1.1,0.82,1.5,1.41,0.79,1.02,1.01,1.05,0.32,1.29,0.27,30,29.49
742.13,30,0.84,0.24,1.15,0.93,1.1,0.82,1.5,1.4,0.78,1.02,1.01,1.06,0.32,1.3,0.27,30,29.49
743.13,30,0.84,0.25,1.15,0.94,1.1,0.82,1.49,1.4,0.78,1.02,1.01,1.06,0.32,1.29,0.27,30,29.5
744.13,30,0.84,0.24,1.15,0.93,1.09,0.81,1.49,1.4,0.78,1.02,1,1.06,0.32,1.29,0.27,30,29.5
745.13,30,0.83,0.25,1.15,0.93,1.1,0.81,1.5,1.4,0.79,1.02,1.01,1.06,0.32,1.28,0.27,30,29.5
746.13,30,0.84,0.25,1.16,0.94,1.1,0.82,1.51,1.41,0.78,1.03,1.01,1.06,0.32,1.29,0.27,30,29.5
747.13,30,0.84,0.24,1.16,0.93,1.1,0.81,1.49,1.4,0.78,1.02,1.01,1.06,0.32,1.29,0.27,30,29.51
748.13,30,0.84,0.25,1.15,0.93,1.1,0.81,1.5,1.41,0.79,1.02,1.01,1.06,0.32,1.29,0.27,30,29.5
749.13,30,0.85,0.25,1.15,0.94,1.11,0.82,1.5,1.4,0.79,1.02,1.02,1.06,0.33,1.29,0.27,30,29.5
750.15,30,0.84,0.25,1.15,0.94,1.1,0.82,1.49,1.4,0.79,1.02,1.02,1.06,0.33,1.29,0.27,30,29.5
751.15,30,0.83,0.24,1.15,0.93,1.09,0.81,1.5,1.4,0.78,1.02,1.01,1.07,0.32,1.29,0.26,30,29.5
752.15,30,0.85,0.25,1.16,0.94,1.1,0.82,1.5,1.4,0.78,1.03,1.02,1.07,0.32,1.29,0.27,30,29.5
753.15,30,0.84,0.24,1.15,0.94,1.09,0.81,1.5,1.4,0.78,1.02,1.02,1.06,0.32,1.29,0.27,30,29.5
754.15,30,0.84,0.25,1.15,0.93,1.1,0.8,1.49,1.4,0.78,1.02,1.01,1.06,0.32,1.29,0.27,30,29.51
755.15,30,0.84,0.24,1.15,0.93,1.1,0.82,1.49,1.41,0.78,1.02,1.02,1.06,0.32,1.29,0.27,30,29.5
756.17,30,0.85,0.26,1.16,0.94,1.1,0.82,1.5,1.41,0.78,1.03,1.02,1.06,0.33,1.29,0.27,30,29.5
757.17,30,0.84,0.26,1.15,0.94,1.1,0.82,1.5,1.41,0.79,1.03,1.01,1.06,0.33,1.29,0.27,30,29.5
758.17,30,0.85,0.26,1.16,0.94,1.1,0.82,1.5,1.4,0.79,1.03,1.02,1.06,0.33,1.29,0.27,30,29.5
759.17,30,0.85,0.26,1.15,0.94,1.11,0.82,1.5,1.41,0.79,1.03,1.02,1.07,0.33,1.29,0.27,30,29.51
760.18,30,0.84,0.24,1.16,0.93,1.11,0.82,1.5,1.41,0.79,1.02,1.01,1.07,0.32,1.29,0.27,30,29.5
761.18,30,0.85,0.26,1.15,0.94,1.11,0.82,1.49,1.41,0.78,1.02,1.01,1.06,0.32,1.29,0.27,30,29.51
762.18,30,0.84,0.25,1.15,0.93,1.1,0.82,1.5,1.4,0.78,1.02,1.01,1.05,0.32,1.29,0.27,30,29.5
763.18,30,0.84,0.25,1.15,0.94,1.1,0.82,1.5,1.4,0.79,1.02,1.02,1.06,0.32,1.29,0.27,30,29.5
764.18,30,0.84,0.25,1.15,0.93,1.09,0.8,1.5,1.4,0.78,1.02,1.01,1.06,0.32,1.29,0.27,30,29.5
765.18,30,0.84,0.25,1.16,0.93,1.1,0.81,1.49,1.4,0.78,1.02,1.01,1.06,0.33,1.29,0.26,30,29.51
766.18,30,0.85,0.26,1.17,0.94,1.11,0.82,1.5,1.41,0.79,1.03,1.02,1.07,0.33,1.29,0.27,30,29.49
767.2,30,0.85,0.25,1.16,0.94,1.11,0.82,1.5,1.4,0.78,1.02,1.02,1.05,0.33,1.29,0.27,30,29.49
768.2,30,0.84,0.25,1.16,0.94,1.1,0.82,1.5,1.41,0.78,1.02,1.01,1.07,0.32,1.29,0.27,30,29.5
769.2,30,0.84,0.25,1.15,0.94,1.1,0.82,1.5,1.41,0.79,1.02,1.01,1.07,0.33,1.29,0.27,30,29.5
770.2,30,0.84,0.25,1.15,0.93,1.1,0.82,1.49,1.4,0.79,1.02,1,1.06,0.32,1.28,0.27,30,29.49
771.2,30,0.84,0.25,1.16,0.93,1.1,0.81,1.49,1.4,0.79,1.02,1.01,1.06,0.32,1.29,0.27,30,29.51
772.2,30,0.84,0.24,1.15,0.93,1.1,0.82,1.5,1.4,0.78,1.02,1,1.06,0.32,1.29,0.26,30,29.5
773.2,30,0.84,0.24,1.15,0.94,1.1,0.82,1.49,1.41,0.79,1.02,1.01,1.05,0.32,1.29,0.27,30,29.5
774.22,30,0.84,0.25,1.16,0.94,1.1,0.82,1.5,1.4,0.78,1.02,1.01,1.05,0.32,1.29,0.27,30,29.5
775.22,30,0.85,0.25,1.15,0.94,1.11,0.82,1.49,1.4,0.79,1.03,1.01,1.06,0.32,1.29,0.27,30,29.49
776.22,30,0.84,0.25,1.15,0.94,1.1,0.82,1.5,1.4,0.78,1.02,1.02,1.05,0.32,1.29,0.26,30,29.49
777.22,30,0.84,0.24,1.15,0.92,1.1,0.81,1.5,1.4,0.78,1.02,1.01,1.06,0.32,1.29,0.26,30,29.5
778.22,30,0.84,0.25,1.15,0.93,1.09,0.81,1.49,1.4,0.78,1.02,1.01,1.06,0.32,1.29,0.27,30,29.49
779.22,30,0.85,0.25,1.15,0.94,1.1,0.82,1.49,1.41,0.78,1.02,1.02,1.06,0.33,1.29,0.27,30,29.5
780.22,30,0.84,0.24,1.15,0.94,1.1,0.82,1.5,1.41,0.78,1.02,1.01,1.07,0.32,1.29,0.26,30,29.5
781.23,30,0.83,0.25,1.15,0.93,1.09,0.82,1.5,1.4,0.78,1.02,1.01,1.05,0.32,1.29,0.27,30,29.49
782.23,30,0.84,0.25,1.16,0.94,1.11,0.82,1.5,1.4,0.78,1.02,1.01,1.05,0.32,1.3,0.27,30,29.5
783.23,30,0.85,0.25,1.15,0.93,1.11,0.82,1.51,1.41,0.79,1.02,1.02,1.06,0.33,1.29,0.27,30,29.49
784.23,30,0.84,0.26,1.15,0.94,1.1,0.82,1.51,1.41,0.78,1.03,1.02,1.07,0.32,1.3,0.27,30,29.5
785.23,30,0.85,0.24,1.16,0.93,1.1,0.82,1.5,1.41,0.79,1.02,1.01,1.05,0.32,1.29,0.27,30,29.5
786.23,30,0.84,0.24,1.15,0.94,1.1,0.81,1.49,1.4,0.78,1.02,1.01,1.05,0.32,1.28,0.27,30,29.5
787.23,30,0.84,0.25,1.15,0.93,1.1,0.8,1.5,1.4,0.78,1.02,1.02,1.05,0.33,1.29,0.27,30,29.5
788.25,30,0.84,0.26,1.16,0.93,1.11,0.82,1.5,1.4,0.79,1.03,1.02,1.06,0.32,1.29,0.27,30,29.51
789.25,30,0.84,0.24,1.15,0.93,1.11,0.82,1.5,1.4,0.79,1.02,1.01,1.06,0.32,1.29,0.27,30,29.49
790.25,30,0.84,0.25,1.16,0.94,1.11,0.82,1.5,1.42,0.8,1.02,1.02,1.07,0.32,1.29,0.27,30,29.49
791.25,30,0.84,0.24,1.15,0.93,1.09,0.82,1.49,1.4,0.78,1.02,1.01,1.06,0.32,1.29,0.27,30,29.51
792.25,30,0.83,0.24,1.15,0.93,1.09,0.82,1.49,1.4,0.78,1.02,1,1.06,0.32,1.29,0.27,30,29.5
793.25,30,0.84,0.24,1.15,0.93,1.1,0.81,1.5,1.4,0.78,1.02,1.01,1.05,0.32,1.29,0.27,30,29.5
794.25,30,0.85,0.26,1.16,0.94,1.1,0.81,1.5,1.41,0.79,1.02,1.01,1.07,0.32,1.29,0.27,30,29.5
795.27,30,0.83,0.25,1.15,0.93,1.1,0.81,1.5,1.4,0.78,1.02,1,1.06,0.32,1.29,0.26,30,29.51
796.27,30,0.84,0.24,1.15,0.93,1.1,0.82,1.5,1.4,0.78,1.02,1.01,1.05,0.32,1.29,0.27,30,29.51
797.28,30,0.83,0.25,1.15,0.93,1.1,0.82,1.5,1.4,0.78,1.02,1.01,1.06,0.32,1.29,0.27,30,29.5
798.28,30,0.84,0.24,1.15,0.93,1.1,0.82,1.49,1.41,0.78,1.02,1.02,1.06,0.32,1.29,0.27,30,29.51
799.28,30,0.84,0.25,1.15,0.94,1.1,0.81,1.5,1.41,0.78,1.02,1.02,1.06,0.33,1.29,0.26,30,29.5
800.28,30,0.83,0.24,1.15,0.92,1.09,0.8,1.49,1.4,0.78,1.02,0.99,1.05,0.32,1.29,0.27,30,29.51
801.3,30,0.84,0.24,1.15,0.94,1.1,0.82,1.5,1.4,0.78,1.03,1.01,1.06,0.34,1.29,0.27,30,29.5
802.3,30,0.85,0.25,1.15,0.94,1.11,0.81,1.5,1.41,0.79,1.02,1.02,1.06,0.33,1.29,0.27,30,29.5
803.3,30,0.84,0.25,1.16,0.93,1.1,0.8,1.51,1.4,0.79,1.02,1.01,1.06,0.32,1.29,0.27,30,29.51
804.3,30,0.84,0.24,1.14,0.93,1.1,0.82,1.49,1.4,0.78,1.02,1.01,1.06,0.32,1.29,0.26,30,29.5
805.3,30,0.85,0.25,1.16,0.93,1.11,0.81,1.5,1.4,0.79,1.02,1.01,1.07,0.33,1.29,0.27,30,29.5
806.3,30,0.84,0.25,1.15,0.93,1.1,0.81,1.49,1.4,0.78,1.02,1,1.06,0.32,1.29,0.26,30,29.5
807.3,30,0.85,0.24,1.15,0.94,1.1,0.81,1.51,1.41,0.78,1.02,1,1.06,0.32,1.29,0.27,30,29.5
808.3,30,0.83,0.25,1.15,0.94,1.1,0.81,1.49,1.41,0.78,1.03,1.01,1.06,0.32,1.29,0.27,30,29.5
809.3,30,0.84,0.25,1.15,0.93,1.1,0.8,1.5,1.4,0.78,1.02,1.01,1.05,0.32,1.29,0.27,30,29.49
810.32,30,0.83,0.25,1.15,0.94,1.1,0.81,1.5,1.4,0.78,1.02,1.01,1.06,0.32,1.29,0.27,30,29.5
811.32,30,0.84,0.24,1.15,0.94,1.1,0.81,1.49,1.4,0.78,1.02,1.01,1.06,0.32,1.29,0.26,30,29.5
812.32,30,0.84,0.24,1.15,0.94,1.09,0.81,1.49,1.4,0.78,1.02,1.01,1.05,0.32,1.29,0.27,30,29.5
813.33,30,0.84,0.24,1.15,0.93,1.09,0.8,1.48,1.4,0.78,1.02,1.01,1.05,0.32,1.29,0.27,30,29.49
814.33,30,0.84,0.24,1.15,0.94,1.1,0.82,1.5,1.4,0.79,1.03,1.01,1.06,0.33,1.3,0.27,30,29.5
815.33,30,0.84,0.24,1.15,0.93,1.1,0.82,1.5,1.41,0.78,1.02,1.02,1.06,0.32,1.29,0.26,30,29.5
816.35,30,0.84,0.25,1.15,0.94,1.1,0.81,1.49,1.41,0.78,1.02,1.02,1.06,0.32,1.29,0.27,30,29.5
817.37,30,0.84,0.24,1.15,0.93,1.09,0.82,1.5,1.4,0.78,1.02,1.01,1.06,0.32,1.29,0.27,30,29.49
818.37,30,0.83,0.24,1.15,0.93,1.09,0.8,1.49,1.4,0.78,1.02,1,1.05,0.32,1.29,0.26,30,29.49
819.37,30,0.85,0.25,1.15,0.94,1.11,0.82,1.49,1.41,0.79,1.03,1.02,1.06,0.33,1.29,0.27,30,29.49
820.37,30,0.84,0.26,1.15,0.93,1.1,0.82,1.5,1.41,0.78,1.02,1.01,1.05,0.32,1.29,0.27,30,29.49
821.37,30,0.83,0.24,1.15,0.92,1.1,0.79,1.49,1.4,0.78,1.02,0.99,1.05,0.32,1.29,0.26,30,29.47
822.37,30,0.84,0.25,1.15,0.94,1.1,0.8,1.5,1.4,0.78,1.02,1.02,1.06,0.33,1.29,0.26,30,29.47
823.38,30,0.84,0.25,1.15,0.92,1.09,0.81,1.5,1.4,0.78,1.02,1,1.05,0.32,1.29,0.27,30,29.47
824.38,30,0.84,0.25,1.15,0.93,1.1,0.82,1.5,1.4,0.79,1.03,1,1.06,0.32,1.29,0.27,30,29.49
825.38,30,0.83,0.24,1.15,0.92,1.09,0.8,1.5,1.4,0.78,1.02,1,1.05,0.32,1.29,0.27,30,29.47
826.38,30,0.85,0.25,1.15,0.93,1.09,0.8,1.5,1.4,0.78,1.02,1,1.06,0.32,1.29,0.27,30,29.49
827.38,30,0.84,0.25,1.15,0.93,1.1,0.81,1.5,1.4,0.78,1.02,1,1.05,0.32,1.29,0.27,30,29.47
828.38,30,0.84,0.24,1.15,0.93,1.09,0.81,1.49,1.4,0.78,1.02,1,1.05,0.32,1.29,0.26,30,29.47
829.38,30,0.84,0.24,1.15,0.94,1.1,0.81,1.5,1.4,0.78,1.02,1.01,1.05,0.32,1.29,0.26,30,29.47
830.4,30,0.83,0.24,1.15,0.92,1.09,0.8,1.49,1.4,0.78,1.02,1,1.05,0.31,1.28,0.26,30,29.47
831.4,30,0.84,0.24,1.15,0.92,1.1,0.81,1.5,1.4,0.78,1.02,1.01,1.05,0.32,1.29,0.26,30,29.47
832.4,30,0.85,0.26,1.15,0.95,1.1,0.82,1.5,1.4,0.79,1.02,1.01,1.06,0.32,1.29,0.26,30,29.47
833.4,30,0.83,0.24,1.15,0.93,1.09,0.8,1.49,1.4,0.78,1.02,1,1.05,0.32,1.28,0.26,30,29.47
834.4,30,0.84,0.25,1.15,0.94,1.1,0.82,1.5,1.4,0.78,1.02,1.01,1.05,0.32,1.29,0.26,30,29.47
835.42,30,0.85,0.25,1.15,0.94,1.1,0.82,1.51,1.41,0.79,1.03,1.02,1.05,0.32,1.29,0.27,30,29.47
836.42,30,0.84,0.24,1.15,0.92,1.08,0.8,1.49,1.4,0.77,1.02,1,1.05,0.32,1.29,0.26,30,29.49
837.42,30,0.84,0.25,1.15,0.94,1.1,0.82,1.49,1.41,0.78,1.02,1.02,1.06,0.32,1.3,0.27,30,29.49
838.43,30,0.83,0.24,1.14,0.92,1.09,0.8,1.49,1.4,0.77,1.02,1,1.05,0.32,1.29,0.26,30,29.47
839.43,30,0.84,0.24,1.15,0.93,1.1,0.81,1.5,1.4,0.78,1.02,1,1.05,0.32,1.29,0.26,30,29.47
840.43,30,0.84,0.24,1.15,0.93,1.09,0.81,1.49,1.4,0.78,1.02,1.01,1.05,0.32,1.29,0.26,30,29.47
841.43,30,0.84,0.25,1.15,0.94,1.09,0.82,1.5,1.41,0.79,1.02,0.99,1.05,0.32,1.29,0.27,30,29.47
842.43,30,0.84,0.24,1.15,0.93,1.1,0.81,1.49,1.4,0.78,1.02,1,1.05,0.32,1.29,0.25,30,29.47
843.43,30,0.83,0.24,1.15,0.92,1.1,0.79,1.49,1.4,0.78,1.02,1.01,1.05,0.32,1.28,0.26,30,29.47
844.45,30,0.84,0.24,1.15,0.93,1.1,0.82,1.49,1.4,0.78,1.02,1.01,1.05,0.32,1.29,0.26,30,29.49
845.45,30,0.84,0.25,1.15,0.93,1.1,0.81,1.5,1.4,0.78,1.03,1.02,1.05,0.33,1.29,0.27,30,29.47
846.45,30,0.83,0.25,1.15,0.93,1.08,0.8,1.5,1.4,0.78,1.02,1,1.05,0.32,1.29,0.25,30,29.46
847.45,30,0.84,0.24,1.15,0.93,1.1,0.8,1.5,1.4,0.78,1.02,1,1.06,0.32,1.29,0.27,30,29.47
848.47,30,0.83,0.24,1.15,0.93,1.09,0.8,1.49,1.4,0.78,1.02,1.01,1.05,0.32,1.29,0.25,30,29.46
849.47,30,0.84,0.24,1.15,0.93,1.09,0.81,1.49,1.4,0.78,1.02,1,1.06,0.32,1.29,0.26,30,29.46
850.47,30,0.84,0.24,1.15,0.93,1.1,0.8,1.5,1.4,0.78,1.02,1,1.05,0.32,1.28,0.26,30,29.46
851.47,30,0.83,0.24,1.15,0.92,1.09,0.8,1.49,1.4,0.78,1.02,1,1.05,0.32,1.28,0.26,30,29.46
852.47,30,0.83,0.25,1.15,0.93,1.09,0.81,1.5,1.4,0.78,1.02,1,1.05,0.32,1.29,0.25,30,29.47
853.47,30,0.83,0.25,1.15,0.92,1.09,0.81,1.49,1.4,0.78,1.02,1,1.05,0.32,1.29,0.26,30,29.47
854.48,30,0.83,0.24,1.15,0.92,1.1,0.8,1.5,1.4,0.78,1.02,1.01,1.05,0.32,1.28,0.26,30,29.46
855.48,30,0.84,0.24,1.15,0.93,1.11,0.81,1.51,1.4,0.78,1.02,1.01,1.05,0.32,1.29,0.26,30,29.46
856.48,30,0.83,0.25,1.15,0.92,1.1,0.8,1.5,1.4,0.78,1.02,1.01,1.05,0.32,1.29,0.26,30,29.46
857.48,30,0.83,0.24,1.15,0.92,1.08,0.8,1.49,1.4,0.77,1.02,1,1.05,0.32,1.28,0.26,30,29.47
858.48,30,0.83,0.24,1.14,0.92,1.08,0.79,1.49,1.4,0.77,1.01,0.99,1.05,0.32,1.28,0.24,30,29.46
859.5,30,0.83,0.24,1.15,0.92,1.09,0.8,1.49,1.4,0.78,1.02,1,1.05,0.32,1.29,0.25,30,29.46
860.5,30,0.83,0.24,1.15,0.93,1.1,0.8,1.5,1.4,0.78,1.02,1,1.05,0.32,1.29,0.26,30,29.47
861.5,30,0.84,0.24,1.14,0.93,1.1,0.8,1.49,1.4,0.78,1.02,1.01,1.05,0.32,1.29,0.25,30,29.47
862.5,30,0.84,0.25,1.15,0.94,1.1,0.82,1.51,1.41,0.78,1.03,1.02,1.06,0.32,1.29,0.27,30,29.46
863.5,30,0.83,0.24,1.15,0.93,1.09,0.81,1.49,1.4,0.78,1.02,1,1.05,0.32,1.29,0.25,30,29.46
864.5,30,0.83,0.25,1.15,0.93,1.1,0.81,1.48,1.4,0.78,1.02,1.01,1.05,0.32,1.29,0.26,30,29.46
865.52,30,0.85,0.25,1.15,0.93,1.1,0.82,1.5,1.4,0.78,1.02,1.01,1.05,0.32,1.29,0.26,30,29.46
866.52,30,0.84,0.25,1.15,0.94,1.09,0.81,1.49,1.41,0.78,1.02,1.01,1.05,0.32,1.29,0.27,30,29.47
867.52,30,0.84,0.25,1.15,0.93,1.09,0.81,1.5,1.4,0.78,1.02,1.01,1.05,0.32,1.29,0.26,30,29.47
868.52,30,0.83,0.24,1.14,0.92,1.09,0.8,1.48,1.4,0.78,1.02,0.99,1.05,0.32,1.28,0.26,30,29.47
869.52,30,0.82,0.24,1.15,0.92,1.08,0.8,1.49,1.4,0.78,1.02,1,1.05,0.32,1.28,0.25,30,29.47
870.52,30,0.84,0.24,1.15,0.93,1.1,0.81,1.49,1.41,0.78,1.02,1.01,1.06,0.33,1.29,0.27,30,29.47
871.52,30,0.83,0.24,1.14,0.93,1.09,0.81,1.49,1.4,0.78,1.02,1,1.05,0.32,1.28,0.25,30,29.47
872.53,30,0.84,0.25,1.15,0.94,1.11,0.81,1.5,1.4,0.78,1.02,1.01,1.06,0.32,1.29,0.27,30,29.47
873.53,30,0.84,0.25,1.15,0.93,1.1,0.79,1.5,1.4,0.78,1.02,0.99,1.05,0.32,1.28,0.25,30,29.47
874.53,30,0.84,0.25,1.15,0.93,1.1,0.81,1.5,1.4,0.78,1.02,1.01,1.06,0.32,1.29,0.27,30,29.49
875.53,30,0.84,0.24,1.15,0.92,1.1,0.81,1.5,1.4,0.78,1.02,1.01,1.05,0.32,1.29,0.25,30,29.47
876.53,30,0.83,0.25,1.15,0.93,1.1,0.81,1.49,1.4,0.78,1.02,1.01,1.06,0.32,1.29,0.27,30,29.49
877.53,30,0.83,0.24,1.15,0.93,1.09,0.79,1.49,1.4,0.78,1.02,1,1.05,0.32,1.29,0.26,30,29.49
878.55,30,0.83,0.25,1.15,0.92,1.1,0.81,1.5,1.4,0.78,1.02,1.01,1.05,0.32,1.29,0.26,30,29.49
879.55,30,0.83,0.24,1.14,0.92,1.08,0.79,1.48,1.4,0.77,1.01,1,1.05,0.32,1.29,0.25,30,29.49
880.55,30,0.84,0.24,1.14,0.93,1.1,0.8,1.49,1.4,0.78,1.02,1.01,1.05,0.32,1.28,0.27,30,29.5
881.57,30,0.84,0.25,1.15,0.93,1.1,0.82,1.5,1.4,0.78,1.02,1.01,1.05,0.33,1.29,0.27,30,29.5
882.57,30,0.84,0.25,1.15,0.93,1.1,0.81,1.49,1.4,0.78,1.02,1.01,1.05,0.32,1.29,0.26,30,29.49
883.57,30,0.83,0.24,1.15,0.93,1.09,0.79,1.49,1.4,0.78,1.02,1.01,1.05,0.32,1.29,0.26,30,29.5
884.57,30,0.84,0.25,1.15,0.94,1.1,0.81,1.5,1.41,0.78,1.03,1.02,1.05,0.32,1.29,0.27,30,29.49
885.58,30,0.84,0.25,1.15,0.94,1.1,0.81,1.5,1.41,0.78,1.02,1,1.05,0.33,1.29,0.26,30,29.5
886.58,30,0.84,0.25,1.15,0.94,1.1,0.82,1.49,1.4,0.78,1.02,1.01,1.06,0.33,1.29,0.27,30,29.5
887.58,30,0.84,0.24,1.15,0.93,1.09,0.81,1.5,1.4,0.78,1.02,1,1.05,0.32,1.28,0.25,30,29.5
888.58,30,0.83,0.25,1.15,0.93,1.11,0.81,1.5,1.4,0.78,1.02,1.02,1.06,0.32,1.29,0.26,30,29.51
889.58,30,0.84,0.24,1.15,0.93,1.1,0.81,1.49,1.4,0.78,1.02,1,1.05,0.32,1.29,0.27,30,29.5
890.58,30,0.84,0.25,1.15,0.94,1.1,0.81,1.5,1.4,0.78,1.03,1.01,1.05,0.32,1.29,0.26,30,29.5
891.58,30,0.84,0.25,1.15,0.94,1.11,0.82,1.5,1.4,0.78,1.03,1.01,1.06,0.33,1.29,0.27,30,29.5
892.6,30,0.83,0.24,1.15,0.93,1.1,0.8,1.5,1.4,0.78,1.02,1,1.06,0.32,1.29,0.26,30,29.5
893.6,30,0.84,0.24,1.15,0.93,1.1,0.81,1.5,1.4,0.78,1.02,1.01,1.05,0.32,1.29,0.26,30,29.5
894.6,30,0.83,0.25,1.15,0.93,1.1,0.8,1.5,1.4,0.78,1.02,1.01,1.05,0.32,1.29,0.25,30,29.51
895.6,30,0.84,0.24,1.14,0.93,1.09,0.8,1.5,1.4,0.78,1.02,1.01,1.05,0.32,1.29,0.25,30,29.5
896.62,30,0.84,0.25,1.15,0.94,1.1,0.81,1.5,1.4,0.78,1.03,1,1.05,0.32,1.29,0.26,30,29.5
897.62,30,0.85,0.25,1.15,0.93,1.09,0.82,1.5,1.41,0.78,1.03,1.02,1.06,0.32,1.29,0.26,30,29.5
898.62,30,0.84,0.25,1.15,0.94,1.1,0.81,1.49,1.41,0.78,1.02,1.01,1.05,0.32,1.29,0.27,30,29.49
899.62,30,0.83,0.24,1.15,0.92,1.09,0.81,1.5,1.4,0.77,1.02,1.01,1.05,0.32,1.28,0.26,30,29.49
900.63,30,0.84,0.25,1.15,0.93,1.1,0.81,1.5,1.4,0.78,1.02,1.01,1.06,0.32,1.29,0.27,30,29.49
901.63,30,0.83,0.24,1.15,0.92,1.1,0.8,1.49,1.4,0.77,1.02,1.01,1.05,0.32,1.29,0.25,30,29.5
902.63,30,0.84,0.25,1.15,0.94,1.1,0.82,1.51,1.41,0.78,1.02,1.01,1.06,0.33,1.3,0.27,30,29.51
903.63,30,0.84,0.24,1.15,0.94,1.1,0.81,1.5,1.41,0.78,1.02,1.01,1.05,0.32,1.29,0.27,30,29.5
904.65,30,0.84,0.24,1.15,0.93,1.1,0.81,1.5,1.41,0.78,1.03,1,1.05,0.32,1.29,0.26,30,29.5
905.65,30,0.83,0.24,1.15,0.93,1.1,0.81,1.49,1.4,0.78,1.02,1,1.05,0.32,1.28,0.25,30,29.5
906.65,30,0.83,0.24,1.15,0.93,1.1,0.8,1.49,1.4,0.78,1.02,1.01,1.05,0.32,1.29,0.26,30,29.51
907.65,30,0.85,0.26,1.16,0.94,1.11,0.81,1.52,1.42,0.79,1.03,1.01,1.06,0.32,1.29,0.27,30,29.5
908.65,30,0.85,0.25,1.15,0.94,1.1,0.81,1.5,1.4,0.78,1.02,1.01,1.06,0.33,1.29,0.27,30,29.5
909.67,30,0.83,0.24,1.15,0.92,1.09,0.82,1.5,1.4,0.77,1.02,1,1.05,0.32,1.28,0.26,30,29.51
910.67,30,0.84,0.24,1.15,0.94,1.11,0.81,1.5,1.4,0.78,1.02,1.01,1.06,0.32,1.28,0.26,30,29.5
911.67,30,0.85,0.25,1.15,0.94,1.1,0.81,1.5,1.41,0.78,1.02,1.01,1.05,0.32,1.29,0.27,30,29.49
912.67,30,0.84,0.25,1.15,0.93,1.09,0.81,1.5,1.4,0.78,1.02,1,1.06,0.32,1.29,0.26,30,29.51
913.67,30,0.83,0.25,1.15,0.93,1.08,0.79,1.49,1.4,0.77,1.02,1,1.05,0.32,1.29,0.24,30,29.49
914.67,30,0.84,0.24,1.15,0.93,1.1,0.81,1.49,1.4,0.78,1.03,1.01,1.05,0.32,1.29,0.25,30,29.5
915.67,30,0.84,0.25,1.15,0.93,1.09,0.8,1.5,1.4,0.78,1.03,0.99,1.05,0.32,1.29,0.26,30,29.51
916.68,30,0.84,0.24,1.15,0.94,1.09,0.8,1.49,1.41,0.78,1.02,1.01,1.05,0.32,1.29,0.26,30,29.5
917.68,30,0.83,0.24,1.15,0.93,1.09,0.8,1.49,1.4,0.78,1.02,1,1.05,0.32,1.29,0.27,30,29.51
918.68,30,0.83,0.25,1.15,0.93,1.09,0.8,1.49,1.4,0.78,1.02,1,1.05,0.32,1.29,0.27,30,29.51
919.68,30,0.84,0.24,1.14,0.93,1.09,0.79,1.5,1.4,0.77,1.02,1,1.05,0.32,1.29,0.24,30,29.5
920.68,30,0.84,0.24,1.15,0.93,1.09,0.8,1.49,1.4,0.78,1.02,1.01,1.05,0.32,1.28,0.26,30,29.49
921.7,30,0.84,0.25,1.15,0.93,1.1,0.8,1.49,1.4,0.78,1.02,1.01,1.05,0.32,1.29,0.27,30,29.5
922.7,30,0.84,0.25,1.15,0.93,1.1,0.81,1.5,1.4,0.78,1.03,1.01,1.05,0.33,1.29,0.27,30,29.5
923.7,30,0.83,0.24,1.15,0.93,1.1,0.8,1.5,1.4,0.78,1.02,1,1.05,0.32,1.29,0.26,30,29.51
924.7,30,0.84,0.24,1.15,0.93,1.11,0.8,1.5,1.4,0.78,1.02,1.01,1.05,0.32,1.29,0.26,30,29.51
925.7,30,0.84,0.24,1.15,0.93,1.09,0.8,1.49,1.4,0.78,1.02,1,1.05,0.32,1.29,0.26,30,29.51
926.7,30,0.84,0.24,1.15,0.93,1.09,0.8,1.49,1.4,0.78,1.02,1,1.05,0.32,1.29,0.26,30,29.51
927.72,30,0.84,0.25,1.15,0.93,1.1,0.81,1.5,1.4,0.78,1.02,1.01,1.06,0.32,1.29,0.26,30,29.51
928.72,30,0.84,0.25,1.15,0.95,1.09,0.82,1.51,1.4,0.78,1.02,1.02,1.06,0.32,1.29,0.27,30,29.51
929.72,30,0.84,0.25,1.15,0.93,1.09,0.81,1.51,1.41,0.78,1.02,1.01,1.05,0.32,1.29,0.25,30,29.5
930.72,30,0.84,0.25,1.15,0.94,1.1,0.81,1.5,1.4,0.78,1.03,1.01,1.06,0.33,1.29,0.26,30,29.5
931.72,30,0.85,0.25,1.15,0.94,1.1,0.79,1.49,1.4,0.78,1.02,1,1.05,0.32,1.29,0.26,30,29.51
932.72,30,0.84,0.24,1.15,0.93,1.09,0.8,1.49,1.4,0.78,1.02,1.01,1.05,0.32,1.29,0.26,30,29.51
933.72,30,0.83,0.25,1.15,0.93,1.1,0.81,1.5,1.4,0.78,1.02,1.01,1.05,0.32,1.29,0.26,30,29.51
934.72,30,0.83,0.24,1.14,0.92,1.09,0.81,1.49,1.4,0.78,1.02,1,1.05,0.32,1.28,0.24,30,29.51
935.73,30,0.84,0.24,1.15,0.94,1.1,0.81,1.5,1.4,0.78,1.02,1.01,1.06,0.32,1.29,0.26,30,29.51
936.73,30,0.84,0.24,1.15,0.93,1.1,0.79,1.49,1.4,0.78,1.02,1,1.05,0.32,1.29,0.27,30,29.51
937.73,30,0.83,0.24,1.15,0.93,1.09,0.8,1.49,1.4,0.78,1.02,1,1.05,0.32,1.29,0.26,30,29.51
938.73,30,0.84,0.24,1.15,0.93,1.09,0.81,1.5,1.4,0.78,1.02,1.01,1.05,0.32,1.29,0.26,30,29.51
939.73,30,0.84,0.25,1.15,0.93,1.09,0.8,1.49,1.4,0.78,1.02,1.01,1.05,0.32,1.29,0.25,30,29.51
940.73,30,0.83,0.24,1.15,0.93,1.09,0.8,1.49,1.4,0.77,1.02,1,1.05,0.32,1.29,0.25,30,29.51
941.73,30,0.85,0.25,1.15,0.94,1.1,0.79,1.51,1.4,0.78,1.02,1.01,1.05,0.32,1.28,0.26,30,29.5
942.73,30,0.84,0.24,1.15,0.93,1.1,0.8,1.5,1.4,0.77,1.02,1,1.05,0.32,1.28,0.26,30,29.51
943.75,30,0.84,0.24,1.15,0.93,1.1,0.8,1.5,1.41,0.78,1.03,1.01,1.05,0.32,1.29,0.25,30,29.51
944.75,30,0.84,0.24,1.15,0.93,1.11,0.79,1.49,1.4,0.78,1.02,1.01,1.05,0.32,1.29,0.26,30,29.51
945.75,30,0.84,0.25,1.15,0.94,1.1,0.81,1.5,1.41,0.78,1.02,1.01,1.06,0.33,1.29,0.26,30,29.51
946.75,30,0.84,0.25,1.14,0.92,1.09,0.81,1.49,1.4,0.78,1.02,1.01,1.05,0.32,1.29,0.26,30,29.51
947.77,30,0.84,0.25,1.15,0.92,1.09,0.81,1.49,1.4,0.78,1.02,1,1.05,0.32,1.29,0.25,30,29.51
948.77,30,0.83,0.24,1.15,0.93,1.1,0.81,1.5,1.4,0.78,1.02,1,1.05,0.32,1.28,0.25,30,29.51
949.77,30,0.85,0.26,1.15,0.94,1.1,0.81,1.5,1.41,0.79,1.03,1.02,1.05,0.33,1.29,0.27,30,29.51
950.77,30,0.83,0.25,1.15,0.93,1.09,0.8,1.5,1.4,0.78,1.02,1,1.05,0.32,1.29,0.26,30,29.51
951.77,30,0.83,0.24,1.14,0.93,1.09,0.79,1.48,1.4,0.77,1.02,1,1.05,0.32,1.29,0.26,30,29.5
952.78,30,0.83,0.24,1.15,0.92,1.08,0.79,1.5,1.4,0.78,1.02,1,1.05,0.32,1.28,0.25,30,29.51
953.78,30,0.84,0.25,1.15,0.94,1.1,0.82,1.5,1.4,0.78,1.03,1.01,1.05,0.33,1.29,0.26,30,29.51
954.78,30,0.83,0.24,1.15,0.92,1.09,0.8,1.49,1.39,0.78,1.02,0.99,1.05,0.32,1.28,0.26,30,29.51
955.78,30,0.84,0.24,1.15,0.94,1.1,0.81,1.5,1.4,0.78,1.02,1.01,1.05,0.32,1.29,0.26,30,29.51
956.78,30,0.84,0.24,1.15,0.94,1.09,0.81,1.5,1.4,0.77,1.02,1.01,1.05,0.32,1.29,0.26,30,29.51
957.78,30,0.84,0.24,1.15,0.93,1.1,0.8,1.49,1.4,0.78,1.02,1,1.05,0.33,1.29,0.26,30,29.51
958.78,30,0.83,0.24,1.15,0.92,1.09,0.79,1.49,1.4,0.77,1.02,1,1.05,0.32,1.29,0.26,30,29.51
959.8,30,0.84,0.25,1.15,0.93,1.1,0.8,1.5,1.4,0.78,1.02,1,1.06,0.32,1.29,0.25,30,29.51
960.8,30,0.84,0.24,1.15,0.94,1.1,0.81,1.49,1.4,0.78,1.02,1.01,1.06,0.32,1.29,0.26,30,29.51
961.8,30,0.83,0.25,1.15,0.93,1.1,0.79,1.5,1.4,0.78,1.02,1.01,1.05,0.33,1.29,0.25,30,29.51
962.8,30,0.84,0.24,1.15,0.94,1.1,0.8,1.51,1.41,0.78,1.03,1.01,1.05,0.33,1.29,0.26,30,29.49
963.82,30,0.84,0.24,1.15,0.94,1.1,0.79,1.5,1.4,0.78,1.02,1.01,1.05,0.32,1.29,0.25,30,29.5
964.82,30,0.85,0.25,1.15,0.94,1.11,0.81,1.5,1.41,0.78,1.03,1.01,1.05,0.34,1.29,0.27,30,29.5
965.82,30,0.84,0.25,1.15,0.94,1.1,0.81,1.49,1.41,0.78,1.03,1.02,1.05,0.32,1.29,0.26,30,29.51
966.82,30,0.84,0.24,1.14,0.93,1.1,0.79,1.5,1.4,0.78,1.02,1,1.05,0.32,1.28,0.26,30,29.5
967.82,30,0.84,0.25,1.15,0.93,1.1,0.81,1.49,1.4,0.78,1.02,1.01,1.05,0.32,1.29,0.26,30,29.51
968.82,30,0.84,0.24,1.15,0.93,1.09,0.8,1.49,1.4,0.77,1.02,1,1.05,0.32,1.29,0.26,30,29.5
969.82,30,0.84,0.25,1.15,0.94,1.1,0.81,1.5,1.41,0.78,1.03,1.01,1.06,0.32,1.29,0.27,30,29.51
970.83,30,0.83,0.24,1.13,0.93,1.1,0.8,1.48,1.4,0.78,1.02,1,1.05,0.32,1.29,0.25,30,29.5
971.83,30,0.84,0.24,1.15,0.93,1.1,0.8,1.49,1.4,0.78,1.03,1,1.05,0.32,1.29,0.26,30,29.5
972.83,30,0.84,0.24,1.15,0.92,1.09,0.81,1.49,1.4,0.78,1.02,1.01,1.05,0.32,1.29,0.26,30,29.51
973.83,30,0.84,0.24,1.15,0.93,1.1,0.79,1.49,1.4,0.78,1.02,1,1.05,0.32,1.29,0.26,30,29.5
974.83,30,0.84,0.25,1.15,0.93,1.09,0.8,1.5,1.4,0.78,1.02,1.01,1.05,0.33,1.29,0.26,30,29.51
975.83,30,0.83,0.24,1.15,0.93,1.08,0.8,1.48,1.4,0.78,1.02,1,1.05,0.32,1.29,0.25,30,29.49
976.83,30,0.84,0.24,1.15,0.93,1.11,0.8,1.49,1.4,0.78,1.02,1,1.05,0.32,1.29,0.25,30,29.51
977.85,30,0.84,0.24,1.15,0.92,1.1,0.8,1.5,1.4,0.77,1.02,0.99,1.05,0.32,1.28,0.25,30,29.51
978.85,30,0.84,0.25,1.15,0.93,1.1,0.8,1.49,1.4,0.77,1.03,1,1.05,0.32,1.29,0.25,30,29.51
979.85,30,0.83,0.24,1.15,0.93,1.1,0.79,1.49,1.4,0.78,1.02,1,1.05,0.32,1.29,0.25,30,29.51
980.85,30,0.82,0.24,1.15,0.93,1.09,0.79,1.49,1.4,0.78,1.02,1,1.05,0.32,1.29,0.25,30,29.51
981.85,30,0.84,0.24,1.15,0.93,1.1,0.81,1.5,1.4,0.77,1.02,1,1.05,0.32,1.29,0.26,30,29.51
982.85,30,0.84,0.24,1.15,0.94,1.09,0.79,1.49,1.4,0.78,1.02,1,1.05,0.33,1.29,0.26,30,29.51
983.87,30,0.83,0.25,1.15,0.94,1.09,0.8,1.5,1.4,0.78,1.03,1.01,1.05,0.32,1.29,0.26,30,29.51
984.87,30,0.84,0.24,1.15,0.93,1.1,0.8,1.49,1.4,0.78,1.02,1.01,1.06,0.33,1.29,0.26,30,29.51
985.87,30,0.85,0.25,1.15,0.93,1.1,0.81,1.5,1.41,0.78,1.02,1,1.05,0.33,1.29,0.26,30,29.51
986.87,30,0.83,0.24,1.14,0.93,1.09,0.8,1.49,1.4,0.78,1.02,1,1.05,0.32,1.28,0.26,30,29.51
987.87,30,0.83,0.24,1.14,0.93,1.09,0.8,1.49,1.4,0.78,1.02,1.01,1.05,0.32,1.28,0.25,30,29.51
988.88,30,0.84,0.24,1.15,0.93,1.09,0.81,1.5,1.4,0.78,1.02,1,1.05,0.32,1.28,0.25,30,29.51
989.88,30,0.84,0.24,1.15,0.93,1.11,0.81,1.5,1.4,0.78,1.02,1.01,1.05,0.32,1.29,0.26,30,29.51
990.88,30,0.84,0.25,1.15,0.93,1.09,0.81,1.49,1.4,0.78,1.02,1.01,1.05,0.32,1.29,0.26,30,29.53
991.88,30,0.84,0.25,1.15,0.93,1.1,0.81,1.5,1.4,0.78,1.02,1.01,1.05,0.32,1.29,0.26,30,29.51
992.88,30,0.85,0.25,1.16,0.94,1.1,0.8,1.5,1.41,0.78,1.02,1,1.05,0.32,1.29,0.26,30,29.51
993.88,30,0.85,0.25,1.15,0.92,1.09,0.8,1.5,1.4,0.78,1.02,1.01,1.05,0.32,1.29,0.26,30,29.51
994.9,30,0.84,0.24,1.14,0.92,1.1,0.79,1.5,1.4,0.78,1.02,1.01,1.05,0.32,1.29,0.25,30,29.51
995.9,30,0.84,0.24,1.15,0.93,1.1,0.81,1.49,1.4,0.78,1.02,1.01,1.05,0.32,1.29,0.25,30,29.51
996.9,30,0.84,0.24,1.15,0.93,1.11,0.79,1.5,1.4,0.78,1.02,1.01,1.05,0.33,1.29,0.26,30,29.51
997.92,30,0.83,0.25,1.15,0.93,1.09,0.81,1.49,1.4,0.78,1.02,1,1.05,0.32,1.28,0.26,30,29.51
998.92,30,0.83,0.24,1.15,0.93,1.09,0.8,1.49,1.4,0.78,1.02,1.01,1.05,0.32,1.29,0.26,30,29.51
999.92,30,0.83,0.24,1.14,0.93,1.09,0.79,1.49,1.4,0.77,1.02,1,1.05,0.32,1.28,0.25,30,29.5
1000.92,30,0.84,0.24,1.14,0.92,1.09,0.8,1.5,1.39,0.77,1.02,0.99,1.05,0.32,1.28,0.25,30,29.51
1001.93,30,0.83,0.24,1.15,0.94,1.1,0.8,1.5,1.4,0.78,1.02,1.01,1.05,0.32,1.28,0.25,30,29.51
1002.93,30,0.83,0.24,1.15,0.92,1.09,0.8,1.5,1.4,0.78,1.03,1,1.05,0.32,1.29,0.26,30,29.5
1003.93,30,0.83,0.24,1.14,0.92,1.09,0.8,1.49,1.4,0.77,1.02,0.99,1.05,0.32,1.29,0.25,30,29.5
1004.93,30,0.84,0.24,1.15,0.93,1.1,0.8,1.51,1.4,0.78,1.03,1.01,1.06,0.32,1.29,0.26,30,29.51
1005.95,30,0.84,0.25,1.15,0.92,1.08,0.81,1.49,1.4,0.78,1.02,1.01,1.05,0.32,1.28,0.27,30,29.5
1006.95,30,0.84,0.24,1.15,0.93,1.09,0.8,1.5,1.4,0.77,1.02,1,1.05,0.32,1.29,0.26,30,29.5
1007.95,30,0.83,0.24,1.15,0.93,1.1,0.81,1.5,1.4,0.78,1.02,1.01,1.05,0.32,1.28,0.25,30,29.5
1008.95,30,0.84,0.24,1.14,0.92,1.09,0.8,1.49,1.4,0.77,1.02,0.99,1.04,0.32,1.29,0.24,30,29.49
1009.97,30,0.84,0.25,1.15,0.93,1.09,0.8,1.5,1.4,0.78,1.02,1,1.06,0.32,1.29,0.26,30,29.49
1010.97,30,0.84,0.25,1.15,0.92,1.09,0.79,1.5,1.4,0.78,1.02,1,1.05,0.32,1.28,0.26,30,29.49
1011.97,30,0.83,0.24,1.15,0.93,1.11,0.8,1.5,1.4,0.78,1.02,1.01,1.05,0.32,1.29,0.25,30,29.47
1012.97,30,0.83,0.24,1.14,0.93,1.09,0.79,1.49,1.39,0.77,1.02,0.99,1.04,0.32,1.28,0.25,30,29.47
1013.98,30,0.84,0.24,1.15,0.93,1.1,0.81,1.5,1.4,0.78,1.02,1.01,1.05,0.32,1.29,0.25,30,29.47
1014.98,30,0.84,0.24,1.15,0.93,1.1,0.79,1.5,1.4,0.78,1.02,1,1.04,0.32,1.29,0.26,30,29.47
1015.98,30,0.83,0.24,1.14,0.92,1.1,0.79,1.49,1.4,0.78,1.02,1,1.05,0.32,1.29,0.25,30,29.47
1016.98,30,0.83,0.24,1.14,0.93,1.08,0.79,1.49,1.4,0.76,1.02,1,1.04,0.32,1.28,0.24,30,29.47
1017.98,30,0.83,0.25,1.15,0.93,1.09,0.8,1.49,1.4,0.77,1.02,1.01,1.05,0.32,1.28,0.26,30,29.47
1018.98,30,0.84,0.24,1.15,0.93,1.1,0.8,1.49,1.4,0.78,1.02,1,1.05,0.32,1.28,0.25,30,29.47
1019.98,30,0.83,0.24,1.13,0.92,1.09,0.8,1.49,1.4,0.77,1.01,0.99,1.05,0.31,1.28,0.25,30,29.47
1021,30,0.84,0.25,1.15,0.93,1.09,0.8,1.49,1.4,0.78,1.02,1,1.05,0.32,1.29,0.25,30,29.47
1022,30,0.83,0.24,1.14,0.92,1.09,0.79,1.49,1.4,0.77,1.02,1,1.05,0.32,1.28,0.24,30,29.47
1023,30,0.84,0.24,1.15,0.93,1.1,0.79,1.5,1.4,0.78,1.02,1,1.05,0.32,1.29,0.26,30,29.46
1024,30,0.83,0.24,1.14,0.93,1.09,0.8,1.49,1.4,0.78,1.02,1,1.05,0.32,1.29,0.26,30,29.47
1025.02,30,0.83,0.24,1.15,0.93,1.1,0.78,1.49,1.4,0.78,1.02,1.01,1.05,0.32,1.29,0.25,30,29.46
1026.02,30,0.84,0.24,1.15,0.92,1.09,0.79,1.49,1.4,0.77,1.02,1,1.05,0.32,1.28,0.25,30,29.46
1027.02,30,0.84,0.24,1.15,0.92,1.1,0.79,1.49,1.4,0.78,1.02,1,1.05,0.32,1.29,0.25,30,29.46
1028.02,30,0.84,0.24,1.14,0.94,1.09,0.79,1.49,1.4,0.77,1.02,1,1.04,0.32,1.28,0.25,30,29.47
1029.03,30,0.83,0.24,1.13,0.92,1.08,0.8,1.5,1.4,0.77,1.02,0.99,1.05,0.32,1.28,0.26,30,29.47
1030.03,30,0.83,0.24,1.14,0.92,1.09,0.79,1.48,1.4,0.77,1.02,0.99,1.04,0.31,1.27,0.25,30,29.44
1031.05,30,0.83,0.24,1.14,0.93,1.1,0.79,1.49,1.4,0.78,1.02,1,1.05,0.31,1.28,0.24,30,29.47
1032.05,30,0.83,0.24,1.14,0.92,1.09,0.78,1.49,1.4,0.77,1.02,1,1.05,0.32,1.29,0.25,30,29.46
1033.05,30,0.83,0.24,1.15,0.93,1.1,0.8,1.5,1.4,0.78,1.02,1,1.05,0.32,1.28,0.25,30,29.44
1034.05,30,0.83,0.24,1.14,0.93,1.09,0.8,1.48,1.4,0.78,1.02,1,1.05,0.32,1.28,0.26,30,29.46
1035.05,30,0.82,0.24,1.14,0.92,1.08,0.78,1.49,1.4,0.77,1.01,0.99,1.05,0.31,1.28,0.25,30,29.46
1036.05,30,0.83,0.24,1.14,0.93,1.1,0.79,1.49,1.4,0.77,1.02,1,1.05,0.32,1.28,0.26,30,29.46
1037.05,30,0.84,0.25,1.14,0.92,1.1,0.79,1.5,1.4,0.78,1.02,1,1.05,0.32,1.29,0.26,30,29.47
1038.07,30,0.83,0.24,1.15,0.92,1.1,0.8,1.49,1.4,0.77,1.02,1,1.05,0.32,1.28,0.25,30,29.47
1039.07,30,0.84,0.25,1.15,0.93,1.08,0.79,1.5,1.4,0.78,1.02,1,1.05,0.32,1.29,0.26,30,29.46
1040.07,30,0.83,0.24,1.14,0.93,1.09,0.8,1.49,1.39,0.77,1.02,0.99,1.05,0.32,1.27,0.25,30,29.46
1041.08,30,0.83,0.24,1.14,0.92,1.1,0.79,1.49,1.4,0.77,1.02,1,1.04,0.32,1.29,0.24,30,29.44
1042.08,30,0.82,0.24,1.13,0.92,1.08,0.79,1.49,1.39,0.76,1.01,0.98,1.04,0.31,1.28,0.24,30,29.46
1043.08,30,0.83,0.24,1.13,0.93,1.09,0.79,1.49,1.4,0.76,1.02,0.99,1.05,0.31,1.28,0.24,30,29.46
1044.08,30,0.83,0.24,1.13,0.92,1.09,0.79,1.49,1.39,0.78,1.02,1,1.04,0.32,1.28,0.25,30,29.47
1045.08,30,0.84,0.24,1.15,0.93,1.1,0.8,1.5,1.4,0.78,1.02,1,1.05,0.32,1.29,0.25,30,29.47
1046.1,30,0.84,0.24,1.14,0.93,1.09,0.8,1.49,1.4,0.78,1.02,1,1.05,0.32,1.29,0.25,30,29.47
1047.1,30,0.84,0.24,1.15,0.93,1.09,0.79,1.49,1.4,0.77,1.02,1,1.05,0.32,1.28,0.26,30,29.47
1048.1,30,0.83,0.24,1.15,0.93,1.08,0.78,1.49,1.39,0.76,1.02,0.99,1.05,0.32,1.28,0.25,30,29.46
1049.1,30,0.84,0.24,1.15,0.94,1.1,0.8,1.49,1.4,0.77,1.02,1,1.05,0.32,1.28,0.26,30,29.47
1050.12,30,0.83,0.24,1.14,0.93,1.09,0.8,1.49,1.4,0.77,1.02,1,1.05,0.32,1.28,0.25,30,29.46
1051.12,30,0.84,0.24,1.15,0.93,1.1,0.8,1.49,1.4,0.78,1.02,1,1.04,0.32,1.29,0.25,30,29.47
1052.12,30,0.84,0.24,1.14,0.94,1.09,0.8,1.49,1.4,0.78,1.02,1,1.05,0.32,1.29,0.25,30,29.47
1053.12,30,0.85,0.24,1.14,0.92,1.09,0.79,1.5,1.4,0.78,1.02,0.99,1.05,0.32,1.29,0.26,30,29.47
1054.13,30,0.84,0.23,1.13,0.92,1.09,0.79,1.5,1.4,0.77,1.02,1,1.05,0.32,1.28,0.25,30,29.47
1055.13,30,0.84,0.24,1.14,0.93,1.1,0.79,1.5,1.4,0.77,1.03,1,1.05,0.32,1.28,0.26,30,29.47
1056.15,30,0.83,0.24,1.15,0.94,1.09,0.8,1.49,1.4,0.77,1.02,1,1.05,0.32,1.29,0.25,30,29.47
1057.15,30,0.84,0.25,1.14,0.92,1.09,0.79,1.49,1.4,0.77,1.02,1,1.05,0.32,1.29,0.25,30,29.46
1058.15,30,0.84,0.24,1.15,0.93,1.1,0.8,1.49,1.39,0.78,1.02,1,1.05,0.32,1.28,0.25,30,29.47
1059.15,30,0.84,0.24,1.15,0.92,1.09,0.8,1.49,1.39,0.77,1.02,0.99,1.05,0.32,1.28,0.25,30,29.47
1060.17,30,0.84,0.24,1.14,0.93,1.09,0.8,1.5,1.4,0.77,1.02,1,1.04,0.32,1.29,0.25,30,29.47
1061.17,30,0.82,0.24,1.14,0.92,1.08,0.79,1.49,1.4,0.77,1.02,0.99,1.05,0.32,1.27,0.25,30,29.47
1062.17,30,0.84,0.25,1.15,0.94,1.1,0.8,1.51,1.4,0.78,1.02,1.01,1.05,0.33,1.29,0.26,30,29.47
1063.17,30,0.83,0.24,1.15,0.93,1.1,0.79,1.49,1.4,0.77,1.02,1,1.05,0.32,1.28,0.25,30,29.47
1064.18,30,0.83,0.24,1.14,0.93,1.1,0.8,1.5,1.4,0.77,1.02,0.99,1.05,0.32,1.29,0.25,30,29.47
1065.18,30,0.84,0.24,1.15,0.93,1.09,0.79,1.5,1.4,0.77,1.02,1,1.05,0.32,1.28,0.25,30,29.47
1066.18,30,0.83,0.24,1.15,0.92,1.09,0.79,1.48,1.4,0.77,1.02,0.99,1.05,0.32,1.28,0.25,30,29.47
1067.18,30,0.84,0.25,1.15,0.94,1.1,0.81,1.51,1.41,0.78,1.03,1.01,1.05,0.32,1.29,0.27,30,29.47
1068.18,30,0.83,0.24,1.14,0.93,1.09,0.79,1.49,1.4,0.77,1.02,0.99,1.05,0.32,1.28,0.25,30,29.47
1069.18,30,0.84,0.24,1.15,0.93,1.09,0.79,1.5,1.4,0.78,1.02,1,1.05,0.32,1.28,0.26,30,29.47
1070.2,30,0.82,0.24,1.14,0.93,1.09,0.8,1.5,1.4,0.77,1.02,0.99,1.05,0.32,1.29,0.24,30,29.47
1071.2,30,0.83,0.24,1.12,0.92,1.08,0.79,1.48,1.39,0.76,1.01,0.99,1.04,0.31,1.28,0.24,30,29.47
1072.22,30,0.84,0.24,1.14,0.93,1.09,0.8,1.5,1.4,0.78,1.01,1,1.05,0.32,1.28,0.26,30,29.47
1073.22,30,0.82,0.24,1.14,0.92,1.08,0.78,1.49,1.39,0.77,1.02,0.99,1.05,0.32,1.28,0.24,30,29.49
1074.22,30,0.83,0.25,1.14,0.93,1.09,0.8,1.5,1.4,0.77,1.02,1,1.05,0.32,1.28,0.25,30,29.47
1075.22,30,0.83,0.24,1.14,0.92,1.1,0.79,1.49,1.4,0.77,1.02,0.99,1.05,0.32,1.28,0.24,30,29.47
1076.23,30,0.82,0.24,1.14,0.92,1.09,0.79,1.48,1.39,0.76,1.02,0.99,1.04,0.31,1.28,0.24,30,29.46
1077.23,30,0.83,0.24,1.13,0.92,1.09,0.79,1.48,1.39,0.76,1.02,1,1.05,0.32,1.27,0.24,30,29.47
1078.25,30,0.84,0.24,1.14,0.92,1.1,0.79,1.49,1.39,0.78,1.02,0.99,1.05,0.32,1.28,0.25,30,29.47
1079.25,30,0.83,0.24,1.14,0.92,1.08,0.79,1.49,1.4,0.77,1.02,0.99,1.05,0.32,1.28,0.24,30,29.47
1080.25,30,0.84,0.24,1.14,0.93,1.09,0.79,1.49,1.4,0.77,1.02,1,1.05,0.32,1.28,0.25,30,29.46
1081.25,30,0.83,0.24,1.14,0.92,1.09,0.79,1.49,1.4,0.77,1.02,0.99,1.04,0.32,1.28,0.24,30,29.47
1082.25,30,0.85,0.25,1.15,0.94,1.09,0.8,1.5,1.4,0.78,1.02,1.01,1.05,0.32,1.29,0.26,30,29.46
1083.27,30,0.84,0.24,1.15,0.94,1.09,0.8,1.49,1.4,0.78,1.02,1,1.05,0.32,1.29,0.27,30,29.47
1084.27,30,0.82,0.24,1.14,0.92,1.09,0.8,1.48,1.39,0.77,1.02,0.99,1.05,0.31,1.27,0.24,30,29.47
1085.27,30,0.84,0.24,1.14,0.92,1.09,0.79,1.49,1.39,0.77,1.02,1,1.05,0.31,1.28,0.25,30,29.47
1086.27,30,0.83,0.24,1.14,0.93,1.09,0.78,1.49,1.39,0.77,1.02,1,1.04,0.32,1.29,0.25,30,29.46
1087.27,30,0.83,0.24,1.14,0.92,1.09,0.79,1.49,1.39,0.78,1.01,0.99,1.05,0.32,1.29,0.25,30,29.46
1088.27,30,0.83,0.24,1.14,0.93,1.1,0.8,1.49,1.4,0.77,1.02,1,1.05,0.32,1.28,0.26,30,29.46
1089.28,30,0.83,0.24,1.13,0.93,1.09,0.79,1.49,1.4,0.78,1.02,0.99,1.05,0.32,1.27,0.26,30,29.47
1090.28,30,0.83,0.24,1.14,0.92,1.09,0.8,1.49,1.39,0.78,1.02,1,1.05,0.32,1.27,0.25,30,29.47
1091.28,30,0.83,0.24,1.14,0.93,1.1,0.79,1.48,1.4,0.77,1.02,0.99,1.05,0.32,1.29,0.25,30,29.47
1092.28,30,0.83,0.24,1.14,0.93,1.1,0.8,1.5,1.4,0.78,1.02,1.01,1.05,0.32,1.28,0.25,30,29.47
1093.28,30,0.84,0.25,1.14,0.93,1.1,0.81,1.5,1.4,0.77,1.02,1,1.05,0.32,1.29,0.24,30,29.47
1094.28,30,0.83,0.24,1.14,0.92,1.09,0.79,1.49,1.4,0.78,1.02,1,1.05,0.32,1.28,0.25,30,29.47
1095.3,30,0.82,0.24,1.13,0.92,1.09,0.79,1.48,1.39,0.76,1.01,0.99,1.04,0.31,1.27,0.24,30,29.46
1096.3,30,0.83,0.24,1.14,0.93,1.1,0.79,1.49,1.4,0.77,1.02,1,1.05,0.32,1.29,0.26,30,29.46
1097.3,30,0.84,0.24,1.15,0.93,1.1,0.8,1.5,1.4,0.78,1.02,1,1.05,0.32,1.29,0.26,30,29.46
1098.3,30,0.83,0.24,1.13,0.92,1.08,0.78,1.49,1.39,0.77,1.02,1,1.05,0.32,1.28,0.25,30,29.47
1099.3,30,0.83,0.24,1.14,0.92,1.09,0.79,1.49,1.4,0.76,1.02,0.99,1.05,0.32,1.28,0.25,30,29.46
1100.3,30,0.83,0.24,1.14,0.92,1.09,0.79,1.49,1.39,0.77,1.02,0.99,1.04,0.32,1.28,0.24,30,29.46
1101.3,30,0.83,0.24,1.14,0.92,1.09,0.8,1.49,1.4,0.77,1.02,0.99,1.04,0.32,1.28,0.25,30,29.46
1102.3,30,0.83,0.24,1.14,0.93,1.09,0.8,1.49,1.4,0.77,1.02,0.99,1.05,0.32,1.28,0.24,30,29.47
1103.32,30,0.83,0.24,1.14,0.92,1.09,0.79,1.49,1.4,0.78,1.02,1,1.05,0.32,1.29,0.25,30,29.47
1104.32,30,0.83,0.24,1.14,0.93,1.09,0.8,1.48,1.39,0.77,1.01,0.99,1.05,0.32,1.29,0.24,30,29.47
1105.32,30,0.83,0.24,1.14,0.92,1.09,0.8,1.5,1.39,0.78,1.02,1,1.04,0.32,1.28,0.25,30,29.46
1106.32,30,0.84,0.24,1.14,0.93,1.1,0.79,1.5,1.4,0.78,1.02,1,1.05,0.32,1.29,0.25,30,29.46
1107.32,30,0.83,0.24,1.14,0.92,1.09,0.8,1.48,1.39,0.77,1.02,1,1.04,0.32,1.27,0.24,30,29.46
1108.32,30,0.83,0.24,1.13,0.92,1.09,0.79,1.49,1.39,0.77,1.02,0.99,1.05,0.32,1.28,0.24,30,29.46
1109.32,30,0.83,0.24,1.15,0.93,1.09,0.78,1.48,1.4,0.76,1.02,0.99,1.04,0.31,1.28,0.24,30,29.46
1110.33,30,0.83,0.24,1.14,0.92,1.09,0.79,1.48,1.4,0.77,1.02,1,1.05,0.32,1.28,0.25,30,29.47
1111.33,30,0.82,0.24,1.14,0.92,1.08,0.79,1.49,1.4,0.77,1.01,0.99,1.04,0.32,1.28,0.25,30,29.46
1112.33,30,0.83,0.24,1.14,0.92,1.09,0.79,1.49,1.4,0.77,1.02,1,1.05,0.32,1.29,0.24,30,29.46
1113.33,30,0.84,0.24,1.14,0.93,1.09,0.8,1.5,1.4,0.78,1.02,1,1.05,0.33,1.29,0.25,30,29.46
1114.33,30,0.83,0.24,1.14,0.93,1.09,0.79,1.49,1.4,0.78,1.02,1,1.05,0.32,1.29,0.25,30,29.47
1115.35,30,0.84,0.24,1.15,0.92,1.1,0.8,1.49,1.4,0.78,1.02,0.99,1.04,0.32,1.29,0.25,30,29.46
1116.35,30,0.83,0.24,1.14,0.92,1.08,0.79,1.48,1.39,0.77,1.01,0.99,1.05,0.32,1.28,0.25,30,29.47
1117.35,30,0.84,0.24,1.15,0.94,1.09,0.8,1.5,1.4,0.78,1.02,1,1.05,0.32,1.28,0.26,30,29.46
1118.35,30,0.83,0.24,1.14,0.92,1.09,0.79,1.49,1.39,0.77,1.01,0.99,1.03,0.32,1.28,0.24,30,29.47
1119.35,30,0.84,0.24,1.13,0.93,1.09,0.8,1.49,1.4,0.77,1.02,0.99,1.05,0.32,1.28,0.25,30,29.47
1120.37,30,0.83,0.24,1.14,0.92,1.08,0.79,1.49,1.4,0.77,1.02,0.99,1.05,0.32,1.27,0.25,30,29.47
1121.37,30,0.83,0.24,1.14,0.92,1.09,0.79,1.49,1.4,0.77,1.02,1,1.04,0.32,1.27,0.25,30,29.47
1122.37,30,0.84,0.24,1.15,0.93,1.09,0.8,1.5,1.4,0.77,1.02,0.99,1.05,0.32,1.29,0.25,30,29.47
1123.37,30,0.84,0.25,1.14,0.93,1.09,0.8,1.5,1.4,0.78,1.02,1.01,1.05,0.32,1.28,0.25,30,29.49
1124.37,30,0.84,0.24,1.14,0.93,1.09,0.79,1.49,1.4,0.77,1.02,1,1.05,0.32,1.28,0.25,30,29.47
1125.37,30,0.84,0.24,1.14,0.93,1.1,0.79,1.5,1.4,0.77,1.02,1,1.04,0.32,1.28,0.25,30,29.49
1126.37,30,0.84,0.25,1.15,0.93,1.09,0.8,1.49,1.4,0.78,1.02,0.99,1.05,0.32,1.29,0.26,30,29.46
1127.38,30,0.83,0.24,1.14,0.92,1.09,0.78,1.49,1.4,0.77,1.02,1,1.05,0.32,1.28,0.25,30,29.47
1128.38,30,0.83,0.24,1.14,0.93,1.1,0.8,1.5,1.4,0.78,1.02,0.99,1.05,0.32,1.29,0.26,30,29.49
1129.38,30,0.83,0.24,1.14,0.92,1.09,0.78,1.5,1.4,0.77,1.02,0.99,1.04,0.31,1.28,0.25,30,29.49
1130.38,30,0.83,0.24,1.14,0.92,1.09,0.79,1.5,1.4,0.77,1.02,0.99,1.05,0.32,1.28,0.25,30,29.47
1131.38,30,0.84,0.24,1.15,0.93,1.09,0.8,1.49,1.4,0.77,1.02,0.99,1.05,0.32,1.29,0.26,30,29.49
1132.4,30,0.83,0.24,1.15,0.93,1.1,0.8,1.51,1.4,0.78,1.02,1,1.05,0.32,1.28,0.26,30,29.49
1133.4,30,0.84,0.25,1.14,0.94,1.09,0.79,1.5,1.4,0.78,1.02,1.01,1.05,0.32,1.29,0.26,30,29.49
1134.4,30,0.83,0.24,1.15,0.93,1.09,0.8,1.49,1.4,0.78,1.02,1,1.05,0.32,1.28,0.26,30,29.49
1135.42,30,0.84,0.24,1.15,0.93,1.09,0.79,1.49,1.4,0.77,1.02,0.99,1.05,0.32,1.28,0.25,30,29.47
1136.42,30,0.84,0.24,1.15,0.93,1.09,0.79,1.5,1.4,0.78,1.03,1,1.05,0.32,1.28,0.25,30,29.5
1137.42,30,0.84,0.24,1.15,0.93,1.1,0.81,1.5,1.4,0.78,1.02,1,1.05,0.32,1.28,0.25,30,29.51
1138.42,30,0.83,0.24,1.14,0.92,1.1,0.8,1.49,1.4,0.76,1.02,0.99,1.05,0.32,1.29,0.25,30,29.49
1139.42,30,0.84,0.25,1.15,0.93,1.09,0.8,1.5,1.4,0.78,1.02,1,1.05,0.32,1.29,0.26,30,29.5
1140.42,30,0.83,0.24,1.14,0.93,1.09,0.8,1.49,1.4,0.77,1.02,1,1.04,0.32,1.27,0.25,30,29.49
1141.43,30,0.83,0.24,1.13,0.92,1.09,0.79,1.49,1.39,0.77,1.02,0.99,1.05,0.32,1.28,0.24,30,29.5
1142.43,30,0.84,0.24,1.14,0.92,1.09,0.8,1.49,1.4,0.76,1.02,1,1.05,0.32,1.29,0.25,30,29.5
1143.45,30,0.84,0.24,1.14,0.92,1.08,0.79,1.49,1.4,0.78,1.02,1,1.04,0.32,1.28,0.25,30,29.49
1144.45,30,0.84,0.24,1.14,0.94,1.1,0.79,1.49,1.4,0.78,1.02,1,1.05,0.32,1.29,0.26,30,29.51
1145.45,30,0.84,0.24,1.14,0.92,1.1,0.8,1.49,1.4,0.77,1.02,1,1.05,0.32,1.29,0.26,30,29.49
1146.45,30,0.85,0.24,1.14,0.93,1.09,0.79,1.5,1.41,0.77,1.02,1,1.05,0.32,1.29,0.25,30,29.5
1147.45,30,0.83,0.25,1.15,0.94,1.1,0.8,1.49,1.4,0.77,1.02,1.01,1.05,0.32,1.28,0.25,30,29.5
1148.45,30,0.84,0.24,1.14,0.93,1.1,0.81,1.49,1.4,0.78,1.02,1,1.05,0.32,1.29,0.26,30,29.51
1149.45,30,0.83,0.24,1.15,0.94,1.09,0.79,1.5,1.4,0.77,1.02,1,1.05,0.32,1.28,0.25,30,29.51
1150.45,30,0.83,0.24,1.14,0.93,1.08,0.78,1.49,1.39,0.77,1.02,1,1.05,0.32,1.29,0.24,30,29.51
1151.45,30,0.84,0.24,1.14,0.94,1.1,0.79,1.49,1.4,0.78,1.02,1.01,1.05,0.32,1.28,0.25,30,29.5
1152.45,30,0.84,0.25,1.15,0.93,1.1,0.79,1.49,1.4,0.77,1.02,1,1.05,0.32,1.28,0.25,30,29.51
1153.47,30,0.84,0.24,1.15,0.94,1.09,0.79,1.5,1.4,0.78,1.03,1.01,1.05,0.32,1.29,0.26,30,29.51
1154.47,30,0.84,0.25,1.15,0.94,1.09,0.8,1.5,1.4,0.78,1.02,1.01,1.05,0.32,1.28,0.26,30,29.5
1155.47,30,0.83,0.24,1.13,0.93,1.1,0.78,1.49,1.4,0.77,1.02,0.99,1.04,0.31,1.28,0.24,30,29.5
1156.47,30,0.84,0.24,1.15,0.93,1.1,0.79,1.5,1.4,0.78,1.02,1,1.06,0.32,1.29,0.25,30,29.51
1157.48,30,0.83,0.24,1.14,0.92,1.08,0.8,1.49,1.4,0.77,1.02,1,1.05,0.32,1.29,0.24,30,29.51
1158.48,30,0.84,0.24,1.14,0.93,1.09,0.8,1.49,1.4,0.78,1.02,0.99,1.05,0.32,1.28,0.25,30,29.51
1159.48,30,0.83,0.24,1.15,0.93,1.09,0.8,1.5,1.4,0.77,1.02,1,1.05,0.32,1.28,0.25,30,29.51
1160.48,30,0.84,0.24,1.14,0.95,1.1,0.8,1.49,1.41,0.78,1.02,1.01,1.05,0.33,1.29,0.26,30,29.5
1161.48,30,0.84,0.24,1.15,0.93,1.09,0.79,1.5,1.4,0.78,1.02,1,1.05,0.32,1.28,0.25,30,29.51
1162.5,30,0.83,0.23,1.13,0.92,1.09,0.79,1.5,1.4,0.78,1.02,1,1.05,0.32,1.29,0.26,30,29.51
1163.5,30,0.83,0.24,1.15,0.93,1.09,0.79,1.49,1.4,0.78,1.02,1,1.05,0.33,1.28,0.25,30,29.5
1164.5,30,0.83,0.25,1.15,0.94,1.09,0.8,1.5,1.4,0.78,1.03,1.01,1.04,0.33,1.28,0.26,30,29.51
1165.5,30,0.84,0.25,1.14,0.93,1.09,0.8,1.5,1.4,0.78,1.02,1.01,1.05,0.32,1.29,0.26,30,29.51
1166.5,30,0.83,0.24,1.13,0.92,1.09,0.79,1.49,1.39,0.77,1.02,0.99,1.05,0.32,1.28,0.25,30,29.5
1167.5,30,0.84,0.24,1.14,0.93,1.1,0.79,1.5,1.4,0.77,1.02,1,1.05,0.32,1.29,0.26,30,29.51
1168.52,30,0.84,0.24,1.13,0.93,1.08,0.79,1.49,1.4,0.77,1.02,1,1.04,0.32,1.28,0.24,30,29.5
1169.52,30,0.84,0.24,1.15,0.93,1.09,0.79,1.49,1.4,0.78,1.02,1,1.05,0.32,1.29,0.25,30,29.5
1170.52,30,0.83,0.24,1.15,0.93,1.1,0.81,1.5,1.4,0.78,1.02,1,1.05,0.33,1.29,0.26,30,29.51
1171.52,30,0.83,0.24,1.14,0.93,1.09,0.8,1.49,1.39,0.78,1.02,1,1.05,0.32,1.29,0.24,30,29.5
1172.52,30,0.84,0.24,1.15,0.93,1.09,0.78,1.5,1.4,0.78,1.02,1,1.05,0.32,1.29,0.26,30,29.5
1173.52,30,0.83,0.24,1.14,0.93,1.11,0.79,1.49,1.4,0.78,1.02,1,1.05,0.32,1.28,0.24,30,29.5
1174.53,30,0.84,0.24,1.15,0.93,1.1,0.78,1.49,1.4,0.77,1.02,1.01,1.05,0.32,1.29,0.26,30,29.5
1175.53,30,0.84,0.25,1.13,0.93,1.09,0.79,1.5,1.4,0.77,1.03,1,1.05,0.32,1.28,0.25,30,29.5
1176.53,30,0.83,0.24,1.14,0.93,1.09,0.79,1.48,1.4,0.78,1.02,0.99,1.05,0.32,1.28,0.26,30,29.5
1177.53,30,0.84,0.24,1.14,0.92,1.09,0.79,1.48,1.4,0.77,1.02,0.99,1.04,0.31,1.29,0.24,30,29.5
1178.53,30,0.84,0.24,1.14,0.94,1.1,0.8,1.5,1.4,0.78,1.02,1.01,1.05,0.32,1.29,0.25,30,29.5
1179.55,30,0.83,0.24,1.13,0.93,1.09,0.79,1.49,1.4,0.77,1.02,1.01,1.05,0.32,1.28,0.26,30,29.49
1180.55,30,0.84,0.24,1.14,0.93,1.1,0.79,1.5,1.4,0.77,1.02,1,1.05,0.32,1.28,0.26,30,29.5
1181.55,30,0.83,0.24,1.13,0.92,1.09,0.79,1.48,1.39,0.77,1.02,0.99,1.04,0.32,1.27,0.25,30,29.5
1182.55,30,0.83,0.24,1.14,0.93,1.09,0.78,1.5,1.4,0.76,1.02,1,1.05,0.32,1.29,0.25,30,29.5
1183.55,30,0.84,0.24,1.14,0.93,1.1,0.8,1.49,1.4,0.77,1.02,0.99,1.05,0.32,1.28,0.25,30,29.5
1184.55,30,0.84,0.24,1.15,0.93,1.09,0.79,1.5,1.4,0.78,1.02,1,1.04,0.32,1.29,0.25,30,29.5
1185.57,30,0.84,0.24,1.15,0.93,1.09,0.8,1.5,1.4,0.78,1.02,1.01,1.05,0.32,1.29,0.26,30,29.5
1186.57,30,0.84,0.24,1.15,0.94,1.08,0.79,1.5,1.4,0.78,1.02,1,1.05,0.33,1.29,0.25,30,29.5
1187.57,30,0.84,0.24,1.15,0.93,1.1,0.79,1.51,1.4,0.77,1.02,1,1.05,0.32,1.29,0.26,30,29.49
1188.57,30,0.83,0.24,1.14,0.92,1.1,0.79,1.49,1.4,0.78,1.02,1,1.05,0.32,1.27,0.25,30,29.49
1189.58,30,0.83,0.24,1.14,0.93,1.1,0.79,1.49,1.39,0.78,1.02,1,1.05,0.32,1.28,0.25,30,29.49
1190.58,30,0.83,0.24,1.15,0.94,1.09,0.79,1.49,1.4,0.78,1.02,1,1.05,0.32,1.29,0.25,30,29.5
1191.58,30,0.84,0.24,1.14,0.92,1.09,0.79,1.5,1.4,0.78,1.02,1,1.05,0.32,1.28,0.26,30,29.51
1192.58,30,0.84,0.24,1.14,0.93,1.1,0.81,1.49,1.4,0.78,1.02,1,1.05,0.33,1.29,0.25,30,29.5
1193.58,30,0.83,0.24,1.13,0.93,1.1,0.79,1.49,1.4,0.77,1.02,1,1.05,0.32,1.28,0.25,30,29.47
1194.6,30,0.84,0.24,1.14,0.93,1.09,0.81,1.5,1.4,0.77,1.02,1,1.05,0.32,1.28,0.25,30,29.5
1195.6,30,0.84,0.24,1.15,0.94,1.1,0.8,1.5,1.4,0.78,1.02,1,1.05,0.32,1.29,0.26,30,29.49
1196.6,30,0.84,0.24,1.14,0.93,1.1,0.79,1.49,1.4,0.77,1.02,1,1.05,0.32,1.29,0.26,30,29.5
1197.6,30,0.84,0.25,1.15,0.93,1.1,0.79,1.5,1.4,0.78,1.02,1.01,1.05,0.33,1.29,0.25,30,29.49
1198.6,30,0.84,0.24,1.15,0.93,1.1,0.8,1.5,1.4,0.78,1.02,1,1.05,0.32,1.28,0.26,30,29.49
1199.6,30,0.84,0.24,1.15,0.93,1.09,0.8,1.5,1.4,0.78,1.02,1.01,1.05,0.32,1.29,0.26,30,29.49
1200.6,30,0.83,0.24,1.13,0.93,1.09,0.79,1.49,1.4,0.77,1.02,0.99,1.04,0.32,1.28,0.24,30,29.49
1201.62,30,0.83,0.24,1.13,0.92,1.08,0.79,1.49,1.4,0.77,1.02,0.99,1.04,0.32,1.28,0.25,30,29.5
1202.62,30,0.83,0.24,1.14,0.92,1.08,0.79,1.49,1.4,0.77,1.02,1,1.04,0.32,1.27,0.25,30,29.49
1203.62,30,0.83,0.24,1.14,0.93,1.08,0.79,1.49,1.4,0.77,1.02,1,1.05,0.32,1.28,0.25,30,29.49
1204.62,30,0.84,0.25,1.14,0.93,1.1,0.78,1.5,1.4,0.78,1.03,1,1.05,0.32,1.29,0.26,30,29.49
1205.62,30,0.83,0.24,1.14,0.93,1.09,0.79,1.49,1.4,0.78,1.02,1,1.05,0.32,1.29,0.24,30,29.49
1206.63,30,0.83,0.24,1.14,0.92,1.09,0.79,1.5,1.4,0.78,1.02,1,1.05,0.32,1.28,0.25,30,29.47
1207.63,30,0.83,0.24,1.14,0.92,1.09,0.79,1.49,1.39,0.77,1.02,0.99,1.05,0.32,1.28,0.25,30,29.47
1208.63,30,0.83,0.25,1.14,0.93,1.1,0.8,1.5,1.4,0.78,1.02,1,1.05,0.32,1.28,0.25,30,29.47
1209.63,30,0.82,0.24,1.13,0.92,1.09,0.78,1.49,1.39,0.77,1.02,1,1.05,0.31,1.28,0.24,30,29.49
1210.65,30,0.83,0.24,1.15,0.93,1.09,0.8,1.5,1.4,0.77,1.02,1,1.05,0.32,1.29,0.24,30,29.5
1211.65,30,0.83,0.24,1.14,0.92,1.08,0.79,1.5,1.39,0.77,1.02,1,1.05,0.32,1.28,0.26,30,29.49
1212.65,30,0.82,0.24,1.13,0.92,1.09,0.79,1.49,1.4,0.77,1.02,1,1.05,0.32,1.28,0.25,30,29.5
1213.65,30,0.83,0.24,1.14,0.93,1.09,0.8,1.49,1.4,0.77,1.02,0.99,1.05,0.32,1.28,0.25,30,29.5
1214.65,30,0.83,0.24,1.13,0.92,1.09,0.79,1.49,1.39,0.77,1.02,0.99,1.05,0.32,1.28,0.25,30,29.49
1215.67,30,0.83,0.24,1.14,0.92,1.1,0.78,1.49,1.4,0.78,1.02,0.99,1.05,0.32,1.28,0.24,30,29.49
1216.67,30,0.83,0.24,1.15,0.93,1.09,0.79,1.49,1.4,0.77,1.02,0.99,1.05,0.32,1.28,0.25,30,29.49
1217.67,30,0.83,0.24,1.14,0.93,1.09,0.79,1.49,1.39,0.78,1.02,1,1.05,0.32,1.28,0.25,30,29.49
1218.68,30,0.83,0.24,1.14,0.92,1.09,0.8,1.49,1.4,0.77,1.02,0.99,1.05,0.32,1.28,0.24,30,29.49
1219.68,30,0.83,0.24,1.13,0.93,1.1,0.81,1.5,1.39,0.78,1.02,1,1.05,0.32,1.28,0.25,30,29.49
1220.68,30,0.83,0.24,1.14,0.93,1.09,0.79,1.5,1.39,0.77,1.02,1,1.05,0.32,1.29,0.25,30,29.5
1221.68,30,0.83,0.24,1.14,0.93,1.09,0.79,1.49,1.4,0.78,1.02,1,1.05,0.32,1.28,0.26,30,29.47
1222.7,30,0.82,0.24,1.13,0.92,1.08,0.79,1.49,1.39,0.77,1.02,0.98,1.04,0.31,1.27,0.24,30,29.49
1223.7,30,0.83,0.24,1.14,0.92,1.1,0.79,1.49,1.4,0.77,1.02,1.01,1.04,0.32,1.28,0.24,30,29.47
1224.7,30,0.82,0.24,1.13,0.92,1.09,0.78,1.49,1.39,0.77,1.01,0.99,1.03,0.31,1.26,0.24,30,29.47
1225.7,30,0.83,0.24,1.15,0.93,1.09,0.8,1.5,1.4,0.77,1.02,0.99,1.05,0.32,1.29,0.25,30,29.49
1226.7,30,0.83,0.24,1.14,0.93,1.1,0.78,1.49,1.4,0.77,1.02,1,1.04,0.32,1.28,0.24,30,29.47
1227.72,30,0.83,0.24,1.15,0.93,1.1,0.8,1.5,1.4,0.78,1.02,1,1.05,0.32,1.28,0.24,30,29.49
1228.72,30,0.83,0.25,1.14,0.93,1.09,0.79,1.49,1.4,0.78,1.03,1,1.05,0.32,1.28,0.26,30,29.49
1229.72,30,0.84,0.24,1.14,0.93,1.1,0.8,1.5,1.39,0.77,1.02,0.99,1.05,0.32,1.28,0.25,30,29.47
1230.72,30,0.83,0.25,1.14,0.93,1.09,0.79,1.49,1.4,0.76,1.02,0.99,1.05,0.32,1.29,0.25,30,29.49
1231.73,30,0.84,0.24,1.14,0.93,1.11,0.8,1.5,1.4,0.78,1.02,1.01,1.05,0.32,1.29,0.26,30,29.49
1232.73,30,0.82,0.24,1.14,0.92,1.08,0.79,1.48,1.39,0.78,1.02,1,1.04,0.32,1.27,0.24,30,29.49
1233.73,30,0.83,0.24,1.14,0.93,1.09,0.8,1.49,1.4,0.77,1.02,1,1.05,0.32,1.28,0.25,30,29.47
1234.73,30,0.84,0.24,1.14,0.93,1.09,0.79,1.5,1.4,0.78,1.02,1,1.05,0.32,1.28,0.25,30,29.47
1235.73,30,0.83,0.24,1.14,0.93,1.09,0.8,1.49,1.4,0.77,1.02,0.99,1.05,0.32,1.28,0.25,30,29.47
1236.73,30,0.83,0.24,1.14,0.92,1.09,0.78,1.49,1.4,0.77,1.02,0.99,1.05,0.32,1.28,0.24,30,29.49
1237.75,30,0.83,0.24,1.15,0.92,1.09,0.78,1.49,1.4,0.77,1.02,0.99,1.05,0.32,1.27,0.25,30,29.49
1238.75,30,0.83,0.24,1.14,0.93,1.09,0.79,1.5,1.4,0.78,1.02,1,1.05,0.32,1.29,0.24,30,29.47
1239.75,30,0.83,0.24,1.14,0.93,1.09,0.8,1.5,1.4,0.78,1.02,1,1.05,0.32,1.28,0.25,30,29.47
1240.75,30,0.83,0.23,1.13,0.92,1.09,0.79,1.49,1.4,0.77,1.02,0.99,1.04,0.31,1.28,0.25,30,29.47
1241.75,30,0.84,0.24,1.15,0.93,1.1,0.8,1.5,1.4,0.78,1.03,1,1.05,0.33,1.29,0.25,30,29.47
1242.77,30,0.83,0.24,1.15,0.92,1.1,0.8,1.49,1.4,0.77,1.02,1,1.05,0.32,1.28,0.25,30,29.47
1243.77,30,0.83,0.24,1.14,0.92,1.09,0.79,1.49,1.4,0.77,1.02,1,1.05,0.32,1.28,0.25,30,29.47
1244.77,30,0.83,0.24,1.15,0.93,1.09,0.8,1.49,1.4,0.77,1.02,1,1.05,0.32,1.28,0.25,30,29.5
1245.77,30,0.83,0.24,1.14,0.93,1.09,0.78,1.49,1.39,0.77,1.02,1.01,1.05,0.32,1.28,0.25,30,29.47
1246.77,30,0.83,0.24,1.15,0.93,1.1,0.8,1.49,1.4,0.77,1.02,1,1.05,0.32,1.28,0.25,30,29.49
1247.77,30,0.84,0.25,1.14,0.94,1.09,0.79,1.5,1.4,0.77,1.03,1.01,1.05,0.32,1.29,0.26,30,29.49
1248.78,30,0.84,0.24,1.15,0.94,1.09,0.79,1.49,1.4,0.78,1.02,0.99,1.05,0.32,1.29,0.25,30,29.49
1249.78,30,0.83,0.24,1.14,0.92,1.09,0.79,1.5,1.4,0.77,1.02,0.99,1.05,0.32,1.28,0.26,30,29.5
1250.78,30,0.84,0.24,1.14,0.93,1.1,0.8,1.49,1.4,0.77,1.02,1.01,1.05,0.32,1.28,0.25,30,29.49
1251.78,30,0.83,0.24,1.14,0.93,1.08,0.8,1.49,1.4,0.78,1.02,0.99,1.05,0.32,1.29,0.25,30,29.49
1252.8,30,0.83,0.24,1.15,0.93,1.1,0.8,1.5,1.4,0.78,1.02,1,1.05,0.32,1.29,0.25,30,29.5
1253.8,30,0.83,0.24,1.14,0.93,1.1,0.8,1.5,1.4,0.78,1.02,0.99,1.05,0.32,1.29,0.26,30,29.49
1254.8,30,0.82,0.23,1.14,0.92,1.09,0.79,1.49,1.39,0.78,1.01,0.99,1.04,0.32,1.28,0.25,30,29.49
1255.8,30,0.83,0.24,1.14,0.93,1.09,0.79,1.49,1.39,0.77,1.02,1,1.05,0.32,1.28,0.25,30,29.49
1256.8,30,0.84,0.24,1.14,0.93,1.09,0.79,1.5,1.4,0.76,1.02,1,1.05,0.32,1.29,0.25,30,29.5
1257.8,30,0.83,0.24,1.13,0.92,1.09,0.79,1.49,1.4,0.76,1.02,0.99,1.05,0.32,1.28,0.25,30,29.49
1258.8,30,0.84,0.24,1.14,0.93,1.09,0.79,1.49,1.4,0.77,1.02,0.99,1.05,0.32,1.29,0.24,30,29.5
1259.8,30,0.84,0.24,1.14,0.93,1.1,0.79,1.49,1.4,0.78,1.02,1,1.05,0.32,1.28,0.25,30,29.49
1260.82,30,0.83,0.24,1.14,0.92,1.08,0.79,1.49,1.4,0.78,1.02,1,1.04,0.32,1.28,0.25,30,29.49
1261.82,30,0.84,0.24,1.14,0.93,1.09,0.8,1.5,1.4,0.78,1.02,1,1.05,0.32,1.28,0.25,30,29.5
1262.82,30,0.83,0.24,1.14,0.93,1.08,0.79,1.49,1.4,0.77,1.02,0.99,1.04,0.31,1.28,0.25,30,29.5
1263.82,30,0.84,0.24,1.14,0.93,1.09,0.8,1.49,1.4,0.77,1.02,1,1.05,0.32,1.28,0.25,30,29.49
1264.83,30,0.84,0.24,1.14,0.93,1.09,0.79,1.5,1.39,0.77,1.02,1,1.05,0.32,1.28,0.25,30,29.51
1265.83,30,0.83,0.24,1.13,0.92,1.09,0.79,1.48,1.4,0.77,1.02,0.99,1.05,0.32,1.29,0.26,30,29.5
1266.83,30,0.84,0.24,1.14,0.92,1.1,0.8,1.5,1.4,0.77,1.02,1,1.05,0.32,1.28,0.26,30,29.5
1267.83,30,0.84,0.24,1.14,0.94,1.1,0.8,1.5,1.4,0.78,1.02,1,1.05,0.32,1.29,0.24,30,29.51
1268.83,30,0.84,0.25,1.15,0.94,1.1,0.79,1.5,1.4,0.78,1.02,1.01,1.05,0.33,1.29,0.26,30,29.5
1269.83,30,0.83,0.24,1.14,0.93,1.08,0.79,1.49,1.39,0.77,1.02,0.99,1.05,0.32,1.28,0.25,30,29.51
1270.83,30,0.83,0.24,1.13,0.92,1.09,0.79,1.48,1.4,0.77,1.02,0.99,1.05,0.31,1.27,0.25,30,29.5
1271.85,30,0.83,0.24,1.14,0.93,1.09,0.8,1.49,1.4,0.78,1.02,1,1.05,0.32,1.29,0.25,30,29.5
1272.85,30,0.83,0.23,1.13,0.92,1.08,0.8,1.48,1.4,0.77,1.02,0.99,1.05,0.32,1.27,0.25,30,29.5
1273.85,30,0.83,0.24,1.14,0.93,1.09,0.79,1.48,1.4,0.77,1.02,1,1.05,0.32,1.28,0.26,30,29.5
1274.87,30,0.84,0.24,1.14,0.92,1.1,0.79,1.49,1.4,0.77,1.02,0.99,1.05,0.32,1.28,0.24,30,29.51
1275.87,30,0.83,0.24,1.13,0.92,1.08,0.8,1.49,1.39,0.77,1.01,0.99,1.05,0.32,1.28,0.24,30,29.51
1276.87,30,0.84,0.24,1.14,0.93,1.09,0.8,1.49,1.4,0.77,1.02,1,1.05,0.32,1.28,0.25,30,29.51
1277.87,30,0.84,0.24,1.14,0.93,1.09,0.8,1.49,1.4,0.78,1.02,0.99,1.05,0.32,1.29,0.24,30,29.5
1278.88,30,0.84,0.24,1.15,0.93,1.1,0.8,1.5,1.4,0.78,1.02,0.99,1.05,0.32,1.29,0.26,30,29.49
1279.88,30,0.84,0.24,1.15,0.93,1.09,0.8,1.49,1.4,0.78,1.02,1,1.05,0.33,1.28,0.26,30,29.5
1280.88,30,0.83,0.24,1.13,0.93,1.08,0.79,1.49,1.39,0.77,1.02,0.99,1.05,0.32,1.28,0.25,30,29.49
1281.88,30,0.84,0.24,1.14,0.93,1.09,0.8,1.49,1.4,0.77,1.02,0.99,1.04,0.32,1.28,0.24,30,29.5
1282.88,30,0.85,0.24,1.15,0.93,1.1,0.79,1.49,1.4,0.78,1.03,1.01,1.05,0.33,1.29,0.24,30,29.5
1283.88,30,0.83,0.25,1.15,0.93,1.09,0.8,1.49,1.4,0.78,1.02,1,1.04,0.32,1.28,0.26,30,29.51
1284.9,30,0.83,0.24,1.14,0.92,1.1,0.79,1.49,1.4,0.78,1.02,1,1.05,0.32,1.28,0.25,30,29.49
1285.9,30,0.83,0.24,1.14,0.93,1.09,0.79,1.48,1.4,0.77,1.02,0.99,1.05,0.32,1.29,0.25,30,29.49
1286.9,30,0.83,0.24,1.14,0.93,1.09,0.8,1.49,1.4,0.77,1.02,0.99,1.04,0.32,1.28,0.25,30,29.49
1287.9,30,0.84,0.24,1.15,0.94,1.09,0.8,1.5,1.4,0.77,1.02,1,1.05,0.32,1.29,0.25,30,29.5
1288.9,30,0.83,0.23,1.13,0.92,1.08,0.78,1.48,1.39,0.76,1.02,0.98,1.05,0.31,1.27,0.24,30,29.49
1289.92,30,0.84,0.24,1.14,0.92,1.09,0.8,1.49,1.4,0.78,1.02,1,1.05,0.32,1.29,0.25,30,29.49
1290.92,30,0.84,0.24,1.14,0.93,1.09,0.79,1.49,1.4,0.77,1.03,1,1.05,0.32,1.29,0.26,30,29.49
1291.92,30,0.84,0.25,1.14,0.93,1.1,0.8,1.5,1.4,0.78,1.02,1,1.05,0.32,1.28,0.26,30,29.49
1292.92,30,0.84,0.25,1.14,0.92,1.09,0.8,1.5,1.39,0.76,1.02,1,1.05,0.32,1.28,0.25,30,29.49
1293.92,30,0.83,0.24,1.13,0.92,1.08,0.78,1.49,1.4,0.77,1.02,0.99,1.04,0.32,1.29,0.25,30,29.47
1294.92,30,0.83,0.24,1.14,0.92,1.09,0.79,1.49,1.39,0.77,1.01,0.99,1.04,0.31,1.28,0.24,30,29.49
1295.92,30,0.83,0.24,1.14,0.93,1.09,0.79,1.5,1.4,0.78,1.02,1,1.05,0.32,1.28,0.24,30,29.47
1296.93,30,0.83,0.24,1.13,0.92,1.09,0.78,1.49,1.4,0.77,1.02,0.99,1.04,0.32,1.28,0.25,30,29.47
1297.93,30,0.83,0.24,1.14,0.92,1.09,0.8,1.49,1.4,0.77,1.02,0.99,1.05,0.32,1.28,0.25,30,29.49
1298.93,30,0.83,0.24,1.13,0.92,1.09,0.79,1.48,1.39,0.77,1.01,0.99,1.04,0.32,1.28,0.24,30,29.47
1299.93,30,0.84,0.24,1.15,0.93,1.1,0.81,1.5,1.4,0.78,1.02,0.99,1.05,0.32,1.29,0.26,30,29.49
1300.93,30,0.83,0.24,1.14,0.92,1.09,0.79,1.49,1.39,0.77,1.02,0.99,1.04,0.32,1.28,0.25,30,29.47
1301.93,30,0.83,0.24,1.14,0.93,1.09,0.79,1.49,1.38,0.77,1.02,0.99,1.03,0.32,1.27,0.25,30,29.47
1302.93,30,0.84,0.24,1.14,0.92,1.09,0.79,1.48,1.4,0.77,1.02,1,1.05,0.32,1.27,0.24,30,29.47
1303.93,30,0.83,0.24,1.14,0.93,1.09,0.78,1.5,1.4,0.77,1.02,0.99,1.05,0.32,1.28,0.25,30,29.47
1304.93,30,0.84,0.24,1.14,0.92,1.09,0.79,1.49,1.39,0.77,1.02,0.99,1.05,0.32,1.28,0.24,30,29.47
1305.93,30,0.83,0.24,1.13,0.92,1.08,0.78,1.48,1.39,0.75,1.02,0.99,1.03,0.31,1.26,0.24,30,29.49
1306.93,30,0.82,0.24,1.13,0.92,1.08,0.79,1.49,1.39,0.77,1.02,0.99,1.04,0.32,1.28,0.25,30,29.47
1307.95,30,0.83,0.24,1.13,0.92,1.09,0.79,1.49,1.39,0.77,1.02,0.99,1.05,0.32,1.28,0.26,30,29.47
1308.95,30,0.83,0.24,1.14,0.92,1.09,0.79,1.49,1.4,0.78,1.01,0.99,1.04,0.31,1.28,0.24,30,29.47
1309.95,30,0.82,0.24,1.14,0.93,1.09,0.78,1.48,1.39,0.77,1.02,0.99,1.04,0.31,1.27,0.24,30,29.47
1310.95,30,0.83,0.24,1.13,0.92,1.1,0.78,1.48,1.39,0.76,1.02,0.99,1.05,0.32,1.28,0.24,30,29.47
1311.95,30,0.83,0.24,1.13,0.92,1.09,0.79,1.49,1.4,0.77,1.01,0.99,1.04,0.32,1.27,0.25,30,29.47
1312.97,30,0.84,0.24,1.15,0.92,1.09,0.79,1.49,1.4,0.76,1.02,1,1.04,0.32,1.28,0.25,30,29.47
1313.97,30,0.84,0.24,1.14,0.93,1.1,0.79,1.49,1.4,0.77,1.02,1,1.05,0.32,1.29,0.26,30,29.47
1314.97,30,0.83,0.24,1.14,0.93,1.09,0.8,1.49,1.4,0.77,1.02,0.99,1.05,0.32,1.28,0.26,30,29.47
1315.97,30,0.83,0.24,1.14,0.92,1.1,0.79,1.5,1.4,0.76,1.02,0.99,1.05,0.32,1.27,0.24,30,29.47
1316.97,30,0.83,0.24,1.14,0.93,1.09,0.79,1.49,1.4,0.78,1.02,1,1.05,0.32,1.28,0.24,30,29.47
1317.97,30,0.84,0.24,1.13,0.93,1.09,0.79,1.49,1.4,0.77,1.02,0.99,1.03,0.32,1.27,0.24,30,29.47
1318.97,30,0.83,0.23,1.13,0.92,1.1,0.8,1.49,1.4,0.78,1.02,1,1.05,0.32,1.28,0.25,30,29.47
1319.97,30,0.84,0.24,1.13,0.92,1.09,0.79,1.49,1.4,0.77,1.02,1,1.04,0.32,1.28,0.24,30,29.47
1320.98,30,0.83,0.24,1.13,0.92,1.09,0.79,1.49,1.38,0.77,1.02,0.99,1.04,0.32,1.27,0.24,30,29.47
1321.98,30,0.83,0.24,1.13,0.92,1.09,0.8,1.48,1.4,0.77,1.02,0.99,1.05,0.32,1.28,0.25,30,29.47
1322.98,30,0.83,0.24,1.13,0.92,1.09,0.79,1.49,1.4,0.77,1.01,0.98,1.04,0.32,1.27,0.25,30,29.47
1323.98,30,0.83,0.24,1.14,0.92,1.1,0.79,1.5,1.4,0.77,1.02,1,1.05,0.32,1.29,0.25,30,29.47
1324.98,30,0.83,0.23,1.13,0.92,1.09,0.78,1.49,1.39,0.76,1.02,0.99,1.04,0.31,1.28,0.25,30,29.46
1325.98,30,0.84,0.24,1.14,0.92,1.09,0.8,1.49,1.4,0.78,1.02,1,1.05,0.32,1.28,0.26,30,29.47
1326.98,30,0.83,0.23,1.13,0.92,1.09,0.79,1.48,1.39,0.76,1.01,0.98,1.04,0.32,1.28,0.24,30,29.47
1327.98,30,0.83,0.24,1.14,0.92,1.09,0.79,1.49,1.4,0.77,1.02,0.99,1.04,0.32,1.28,0.24,30,29.47
1329,30,0.84,0.24,1.14,0.94,1.09,0.78,1.49,1.4,0.78,1.02,1,1.05,0.32,1.29,0.25,30,29.46
1330,30,0.83,0.24,1.13,0.92,1.09,0.79,1.49,1.4,0.77,1.02,0.99,1.05,0.32,1.28,0.25,30,29.47
1331,30,0.83,0.24,1.14,0.93,1.09,0.78,1.5,1.39,0.77,1.02,0.99,1.05,0.32,1.27,0.24,30,29.47
1332,30,0.83,0.24,1.13,0.92,1.09,0.79,1.48,1.4,0.76,1.02,0.99,1.04,0.32,1.27,0.24,30,29.47
1333,30,0.83,0.24,1.14,0.92,1.08,0.79,1.49,1.39,0.77,1.01,0.99,1.05,0.32,1.28,0.24,30,29.47
1334,30,0.83,0.24,1.14,0.92,1.09,0.78,1.49,1.39,0.77,1.02,0.99,1.05,0.32,1.28,0.24,30,29.47
1335,30,0.83,0.23,1.13,0.92,1.09,0.78,1.49,1.4,0.77,1.02,0.98,1.04,0.31,1.27,0.24,30,29.47
1336,30,0.83,0.24,1.12,0.92,1.09,0.78,1.48,1.4,0.76,1.02,0.99,1.04,0.32,1.27,0.24,30,29.5
1337.02,30,0.84,0.24,1.15,0.93,1.1,0.8,1.5,1.4,0.78,1.02,0.99,1.05,0.32,1.29,0.25,30,29.47
1338.02,30,0.82,0.24,1.14,0.92,1.08,0.78,1.49,1.4,0.77,1.02,0.99,1.05,0.32,1.28,0.25,30,29.47
1339.02,30,0.84,0.24,1.14,0.92,1.09,0.79,1.49,1.4,0.78,1.02,0.99,1.05,0.32,1.28,0.25,30,29.47
1340.03,30,0.85,0.24,1.14,0.93,1.1,0.8,1.5,1.4,0.78,1.02,1,1.05,0.32,1.29,0.25,30,29.47
1341.03,30,0.84,0.24,1.15,0.94,1.09,0.79,1.49,1.4,0.78,1.02,1,1.05,0.32,1.28,0.25,30,29.49
1342.03,30,0.82,0.24,1.13,0.92,1.09,0.79,1.48,1.4,0.77,1.02,1,1.04,0.32,1.28,0.24,30,29.49
1343.03,30,0.83,0.24,1.13,0.92,1.08,0.79,1.49,1.39,0.77,1.02,0.99,1.05,0.32,1.28,0.25,30,29.5
1344.03,30,0.83,0.24,1.13,0.92,1.09,0.79,1.49,1.39,0.78,1.02,1,1.05,0.32,1.28,0.25,30,29.49
1345.03,30,0.83,0.24,1.15,0.93,1.1,0.79,1.5,1.4,0.78,1.02,1,1.05,0.32,1.29,0.25,30,29.47
1346.03,30,0.84,0.24,1.15,0.93,1.09,0.8,1.5,1.4,0.78,1.02,1,1.04,0.32,1.28,0.25,30,29.47
1347.03,30,0.84,0.24,1.13,0.93,1.08,0.79,1.49,1.4,0.76,1.02,0.99,1.05,0.32,1.28,0.24,30,29.5
1348.03,30,0.84,0.24,1.14,0.93,1.09,0.78,1.5,1.4,0.77,1.02,0.99,1.05,0.32,1.28,0.25,30,29.5
1349.05,30,0.83,0.24,1.14,0.92,1.09,0.8,1.49,1.4,0.77,1.02,0.99,1.04,0.32,1.27,0.24,30,29.5
1350.05,30,0.83,0.24,1.14,0.93,1.09,0.79,1.49,1.39,0.78,1.02,1,1.04,0.32,1.28,0.26,30,29.5
1351.05,30,0.84,0.24,1.13,0.93,1.08,0.79,1.49,1.4,0.78,1.02,1,1.05,0.32,1.28,0.26,30,29.51
1352.05,30,0.85,0.25,1.15,0.94,1.11,0.8,1.51,1.4,0.78,1.03,1,1.06,0.32,1.29,0.26,30,29.5
1353.05,30,0.83,0.24,1.14,0.93,1.1,0.79,1.49,1.4,0.78,1.02,1,1.05,0.32,1.27,0.25,30,29.5
1354.05,30,0.83,0.24,1.13,0.92,1.09,0.79,1.49,1.4,0.77,1.02,0.99,1.05,0.32,1.28,0.24,30,29.49
1355.07,30,0.84,0.24,1.14,0.93,1.09,0.8,1.5,1.4,0.78,1.02,1,1.05,0.32,1.28,0.26,30,29.51
1356.07,30,0.83,0.24,1.14,0.92,1.1,0.78,1.49,1.39,0.76,1.02,0.99,1.05,0.32,1.29,0.24,30,29.5
1357.07,30,0.84,0.24,1.14,0.93,1.1,0.79,1.49,1.4,0.77,1.02,1,1.05,0.32,1.28,0.24,30,29.51
1358.07,30,0.84,0.25,1.15,0.93,1.11,0.8,1.5,1.4,0.78,1.02,1.01,1.05,0.32,1.29,0.26,30,29.5
1359.08,30,0.83,0.24,1.13,0.92,1.1,0.79,1.48,1.4,0.77,1.02,1,1.05,0.32,1.27,0.24,30,29.5
1360.08,30,0.83,0.24,1.14,0.93,1.08,0.78,1.48,1.39,0.77,1.02,0.98,1.04,0.31,1.28,0.25,30,29.51
1361.08,30,0.84,0.24,1.14,0.92,1.1,0.78,1.49,1.4,0.78,1.02,1,1.05,0.32,1.28,0.25,30,29.51
1362.1,30,0.84,0.24,1.14,0.93,1.09,0.8,1.5,1.4,0.77,1.02,0.99,1.05,0.32,1.29,0.26,30,29.5
1363.1,30,0.84,0.25,1.15,0.93,1.09,0.8,1.51,1.4,0.78,1.03,1.01,1.05,0.33,1.28,0.25,30,29.51
1364.1,30,0.82,0.24,1.13,0.92,1.08,0.79,1.48,1.39,0.77,1.02,0.99,1.04,0.32,1.28,0.24,30,29.5
1365.1,30,0.84,0.24,1.15,0.93,1.08,0.8,1.49,1.4,0.76,1.02,1,1.05,0.32,1.29,0.25,30,29.5
1366.1,30,0.85,0.24,1.14,0.93,1.1,0.79,1.5,1.4,0.77,1.02,1,1.05,0.32,1.28,0.25,30,29.5
1367.1,30,0.83,0.24,1.14,0.93,1.09,0.8,1.5,1.4,0.77,1.02,1,1.05,0.32,1.27,0.25,30,29.5
1368.12,30,0.83,0.24,1.14,0.93,1.09,0.79,1.49,1.4,0.78,1.02,0.99,1.05,0.32,1.29,0.25,30,29.5
1369.12,30,0.84,0.24,1.15,0.93,1.09,0.79,1.5,1.4,0.77,1.02,1,1.04,0.32,1.27,0.25,30,29.5
1370.12,30,0.84,0.24,1.14,0.93,1.1,0.79,1.5,1.4,0.77,1.03,1,1.05,0.32,1.29,0.25,30,29.5
1371.12,30,0.84,0.24,1.15,0.93,1.09,0.78,1.49,1.4,0.78,1.02,1,1.05,0.32,1.28,0.25,30,29.5
1372.13,30,0.85,0.24,1.14,0.93,1.09,0.79,1.5,1.4,0.78,1.02,1,1.05,0.32,1.28,0.25,30,29.5
1373.13,30,0.84,0.24,1.15,0.93,1.1,0.8,1.49,1.4,0.78,1.02,1,1.05,0.32,1.28,0.25,30,29.51
1374.13,30,0.84,0.24,1.14,0.93,1.09,0.8,1.5,1.4,0.77,1.02,1,1.05,0.32,1.28,0.25,30,29.5
1375.13,30,0.83,0.24,1.14,0.93,1.09,0.79,1.49,1.4,0.78,1.02,0.99,1.05,0.32,1.28,0.25,30,29.5
1376.13,30,0.84,0.24,1.14,0.93,1.09,0.79,1.49,1.4,0.78,1.02,0.99,1.05,0.32,1.29,0.25,30,29.49
1377.13,30,0.84,0.24,1.14,0.93,1.09,0.79,1.49,1.4,0.77,1.02,1,1.05,0.32,1.28,0.25,30,29.5
1378.13,30,0.83,0.24,1.13,0.92,1.09,0.79,1.49,1.4,0.77,1.02,1,1.04,0.32,1.28,0.24,30,29.5
1379.13,30,0.84,0.24,1.15,0.93,1.09,0.8,1.49,1.4,0.78,1.02,0.99,1.05,0.32,1.29,0.24,30,29.51
1380.15,30,0.83,0.24,1.14,0.93,1.09,0.79,1.5,1.4,0.78,1.02,1,1.05,0.32,1.28,0.25,30,29.51
1381.15,30,0.83,0.24,1.14,0.92,1.09,0.79,1.49,1.4,0.77,1.02,0.99,1.05,0.32,1.28,0.25,30,29.51
1382.17,30,0.83,0.24,1.14,0.93,1.09,0.79,1.49,1.4,0.77,1.02,1,1.05,0.33,1.28,0.24,30,29.51
1383.17,30,0.84,0.24,1.14,0.93,1.09,0.8,1.49,1.4,0.77,1.02,1,1.05,0.32,1.28,0.25,30,29.51
1384.17,30,0.85,0.26,1.15,0.94,1.1,0.81,1.51,1.4,0.79,1.03,1.02,1.05,0.33,1.29,0.26,30,29.51
1385.18,30,0.84,0.24,1.13,0.93,1.1,0.79,1.5,1.4,0.77,1.02,0.99,1.05,0.32,1.27,0.26,30,29.51
1386.18,30,0.84,0.24,1.14,0.92,1.09,0.79,1.49,1.4,0.78,1.02,1,1.04,0.32,1.28,0.25,30,29.5
1387.18,30,0.83,0.24,1.13,0.92,1.09,0.79,1.48,1.39,0.76,1.02,0.99,1.04,0.32,1.27,0.24,30,29.5
1388.18,30,0.83,0.24,1.13,0.92,1.09,0.8,1.49,1.39,0.77,1.02,0.99,1.04,0.32,1.27,0.24,30,29.5
1389.18,30,0.84,0.24,1.14,0.93,1.1,0.79,1.48,1.4,0.77,1.02,1,1.05,0.32,1.28,0.25,30,29.51
1390.2,30,0.82,0.24,1.14,0.93,1.09,0.79,1.49,1.4,0.77,1.02,1,1.05,0.32,1.29,0.24,30,29.5
1391.2,30,0.83,0.24,1.14,0.93,1.09,0.8,1.49,1.4,0.76,1.02,0.99,1.05,0.32,1.29,0.24,30,29.5
1392.2,30,0.83,0.24,1.14,0.92,1.09,0.79,1.49,1.4,0.77,1.02,1,1.04,0.32,1.27,0.24,30,29.51
1393.2,30,0.83,0.24,1.14,0.93,1.09,0.78,1.48,1.39,0.77,1.02,0.99,1.05,0.32,1.28,0.24,30,29.5
1394.2,30,0.82,0.24,1.14,0.92,1.08,0.79,1.49,1.39,0.77,1.02,0.99,1.04,0.32,1.27,0.25,30,29.51
1395.2,30,0.83,0.24,1.14,0.93,1.09,0.8,1.49,1.4,0.77,1.02,1,1.04,0.32,1.29,0.25,30,29.5
1396.22,30,0.84,0.24,1.15,0.93,1.09,0.8,1.49,1.4,0.76,1.02,1,1.05,0.32,1.29,0.25,30,29.5
1397.22,30,0.83,0.24,1.14,0.93,1.08,0.79,1.5,1.4,0.76,1.02,0.99,1.05,0.32,1.28,0.24,30,29.5
1398.22,30,0.83,0.24,1.13,0.92,1.09,0.78,1.49,1.39,0.78,1.02,0.99,1.05,0.32,1.28,0.25,30,29.51
1399.22,30,0.84,0.24,1.14,0.92,1.1,0.79,1.5,1.4,0.78,1.02,1,1.05,0.32,1.29,0.25,30,29.5
1400.22,30,0.84,0.24,1.13,0.93,1.09,0.79,1.5,1.4,0.77,1.02,1,1.05,0.32,1.29,0.25,30,29.5
1401.22,30,0.84,0.24,1.14,0.92,1.1,0.79,1.5,1.4,0.78,1.02,0.99,1.05,0.32,1.29,0.26,30,29.49
1402.22,30,0.84,0.24,1.14,0.93,1.09,0.79,1.49,1.4,0.77,1.02,1,1.05,0.32,1.28,0.25,30,29.5
1403.22,30,0.83,0.24,1.13,0.92,1.09,0.78,1.49,1.4,0.77,1.02,1,1.05,0.32,1.28,0.24,30,29.5
1404.23,30,0.84,0.24,1.13,0.93,1.09,0.79,1.49,1.4,0.77,1.02,0.99,1.05,0.32,1.28,0.26,30,29.47
1405.23,30,0.84,0.24,1.14,0.93,1.09,0.78,1.49,1.4,0.77,1.02,1,1.05,0.32,1.28,0.24,30,29.49
1406.23,30,0.84,0.24,1.15,0.92,1.09,0.79,1.49,1.4,0.78,1.02,0.99,1.05,0.32,1.28,0.25,30,29.49
1407.23,30,0.83,0.24,1.15,0.93,1.08,0.79,1.49,1.4,0.77,1.02,1,1.05,0.32,1.28,0.26,30,29.5
1408.23,30,0.83,0.24,1.13,0.93,1.08,0.78,1.48,1.4,0.78,1.02,0.99,1.05,0.32,1.28,0.25,30,29.49
1409.25,30,0.83,0.24,1.13,0.93,1.09,0.8,1.49,1.4,0.77,1.02,0.99,1.05,0.32,1.28,0.25,30,29.47
1410.25,30,0.84,0.24,1.15,0.93,1.1,0.79,1.5,1.4,0.78,1.02,1,1.05,0.32,1.29,0.24,30,29.49
1411.25,30,0.84,0.24,1.15,0.92,1.09,0.79,1.49,1.4,0.77,1.02,0.99,1.04,0.32,1.28,0.24,30,29.5
1412.25,30,0.85,0.25,1.14,0.93,1.1,0.79,1.51,1.4,0.78,1.02,1,1.05,0.32,1.28,0.26,30,29.49
1413.25,30,0.84,0.24,1.13,0.92,1.08,0.79,1.48,1.4,0.77,1.02,1,1.05,0.32,1.27,0.24,30,29.5
1414.27,30,0.84,0.24,1.14,0.93,1.09,0.8,1.5,1.4,0.78,1.02,1,1.05,0.32,1.28,0.25,30,29.49
1415.27,30,0.83,0.24,1.13,0.93,1.09,0.78,1.48,1.39,0.76,1.02,0.99,1.05,0.32,1.28,0.24,30,29.49
1416.27,30,0.84,0.24,1.14,0.94,1.1,0.79,1.5,1.4,0.78,1.02,1,1.05,0.32,1.29,0.26,30,29.51
1417.27,30,0.83,0.24,1.14,0.94,1.1,0.79,1.5,1.4,0.77,1.02,1,1.05,0.32,1.28,0.25,30,29.5
1418.27,30,0.83,0.24,1.14,0.92,1.09,0.79,1.48,1.4,0.78,1.02,0.99,1.04,0.32,1.27,0.25,30,29.47
1419.27,30,0.84,0.24,1.14,0.92,1.08,0.79,1.49,1.4,0.77,1.02,1,1.05,0.32,1.27,0.25,30,29.47
1420.27,30,0.84,0.24,1.15,0.94,1.1,0.81,1.5,1.4,0.78,1.02,0.99,1.05,0.33,1.29,0.26,30,29.47
1421.27,30,0.83,0.24,1.14,0.93,1.09,0.79,1.49,1.4,0.77,1.02,1,1.05,0.32,1.27,0.24,30,29.49
1422.28,30,0.83,0.24,1.14,0.93,1.09,0.8,1.5,1.4,0.78,1.02,1,1.05,0.32,1.28,0.25,30,29.47
1423.28,30,0.83,0.24,1.14,0.93,1.1,0.79,1.5,1.4,0.77,1.03,1,1.05,0.33,1.28,0.25,30,29.49
1424.28,30,0.83,0.24,1.13,0.92,1.09,0.79,1.49,1.39,0.77,1.02,0.99,1.04,0.32,1.28,0.25,30,29.47
1425.28,30,0.83,0.24,1.13,0.92,1.08,0.78,1.49,1.4,0.76,1.02,0.99,1.04,0.32,1.27,0.24,30,29.49
1426.3,30,0.83,0.24,1.13,0.92,1.08,0.79,1.48,1.39,0.77,1.02,0.99,1.04,0.32,1.27,0.24,30,29.47
1427.3,30,0.85,0.25,1.14,0.94,1.1,0.8,1.5,1.4,0.78,1.03,1,1.05,0.32,1.29,0.26,30,29.47
1428.3,30,0.84,0.24,1.14,0.93,1.08,0.79,1.49,1.39,0.77,1.02,0.99,1.05,0.32,1.28,0.25,30,29.47
1429.3,30,0.83,0.24,1.13,0.92,1.09,0.79,1.49,1.39,0.77,1.02,0.99,1.05,0.32,1.28,0.24,30,29.47
1430.3,30,0.83,0.24,1.14,0.93,1.09,0.79,1.48,1.4,0.77,1.02,1,1.05,0.32,1.29,0.25,30,29.49
1431.3,30,0.84,0.24,1.14,0.93,1.1,0.8,1.49,1.4,0.77,1.03,0.99,1.05,0.32,1.29,0.25,30,29.47
1432.32,30,0.83,0.24,1.14,0.93,1.08,0.79,1.49,1.4,0.77,1.02,0.99,1.05,0.32,1.28,0.25,30,29.49
1433.32,30,0.84,0.24,1.14,0.92,1.08,0.79,1.49,1.39,0.77,1.02,0.99,1.05,0.32,1.28,0.24,30,29.49
1434.32,30,0.83,0.24,1.14,0.93,1.09,0.78,1.5,1.39,0.77,1.02,1,1.05,0.32,1.28,0.24,30,29.47
1435.32,30,0.83,0.23,1.14,0.93,1.1,0.79,1.49,1.4,0.77,1.02,0.99,1.05,0.32,1.28,0.25,30,29.47
1436.32,30,0.83,0.24,1.14,0.93,1.09,0.79,1.49,1.4,0.77,1.02,1,1.04,0.32,1.28,0.25,30,29.47
1437.32,30,0.83,0.24,1.13,0.92,1.08,0.79,1.48,1.39,0.76,1.01,0.98,1.04,0.32,1.27,0.24,30,29.49
1438.33,30,0.83,0.24,1.13,0.92,1.09,0.79,1.49,1.39,0.76,1.02,0.99,1.04,0.32,1.28,0.24,30,29.49
1439.33,30,0.83,0.24,1.14,0.93,1.09,0.79,1.49,1.4,0.77,1.02,0.99,1.05,0.32,1.28,0.25,30,29.47
1440.33,30,0.84,0.24,1.14,0.93,1.09,0.79,1.5,1.4,0.77,1.02,0.99,1.05,0.32,1.29,0.26,30,29.47
1441.33,30,0.84,0.24,1.14,0.93,1.09,0.78,1.49,1.39,0.76,1.02,1,1.05,0.32,1.28,0.25,30,29.47
1442.33,30,0.83,0.24,1.14,0.93,1.09,0.79,1.5,1.4,0.77,1.02,1,1.05,0.32,1.28,0.25,30,29.47
1443.33,30,0.82,0.24,1.14,0.93,1.09,0.79,1.49,1.4,0.77,1.02,0.99,1.04,0.32,1.28,0.25,30,29.47
1444.35,30,0.83,0.24,1.13,0.93,1.09,0.79,1.48,1.39,0.77,1.02,0.99,1.04,0.32,1.27,0.25,30,29.47
1445.35,30,0.83,0.24,1.13,0.92,1.09,0.79,1.49,1.39,0.77,1.02,0.99,1.04,0.32,1.27,0.25,30,29.47
1446.35,30,0.83,0.24,1.14,0.92,1.09,0.8,1.49,1.4,0.77,1.02,0.99,1.04,0.32,1.28,0.25,30,29.47
1447.35,30,0.84,0.24,1.14,0.92,1.1,0.79,1.5,1.4,0.77,1.01,1,1.05,0.32,1.29,0.25,30,29.49
1448.37,30,0.83,0.24,1.14,0.92,1.08,0.79,1.49,1.4,0.77,1.02,1,1.05,0.32,1.28,0.24,30,29.49
1449.37,30,0.83,0.24,1.13,0.92,1.09,0.79,1.49,1.39,0.77,1.02,0.99,1.05,0.32,1.28,0.25,30,29.47
1450.37,30,0.84,0.24,1.14,0.93,1.09,0.79,1.49,1.39,0.77,1.02,0.99,1.04,0.32,1.28,0.24,30,29.47
1451.37,30,0.82,0.24,1.12,0.92,1.08,0.79,1.49,1.4,0.76,1.02,0.99,1.04,0.32,1.28,0.25,30,29.47
1452.38,30,0.84,0.24,1.13,0.93,1.09,0.8,1.49,1.4,0.77,1.02,0.99,1.05,0.32,1.28,0.24,30,29.47
1453.38,30,0.84,0.24,1.13,0.92,1.09,0.8,1.49,1.4,0.78,1.02,1,1.05,0.32,1.29,0.26,30,29.47
1454.4,30,0.83,0.24,1.14,0.93,1.09,0.8,1.49,1.4,0.78,1.02,1,1.05,0.31,1.28,0.25,30,29.47
1455.4,30,0.83,0.23,1.14,0.92,1.1,0.78,1.49,1.39,0.76,1.02,1,1.04,0.32,1.27,0.24,30,29.47
1456.4,30,0.82,0.22,1.13,0.92,1.08,0.78,1.48,1.38,0.76,1,0.98,1.04,0.32,1.26,0.24,30,29.47
1457.42,30,0.83,0.24,1.13,0.93,1.1,0.8,1.5,1.4,0.78,1.02,1,1.05,0.32,1.29,0.26,30,29.47
1458.42,30,0.84,0.24,1.13,0.92,1.08,0.79,1.5,1.4,0.77,1.02,1,1.04,0.32,1.27,0.25,30,29.49
1459.42,30,0.83,0.24,1.13,0.92,1.09,0.78,1.49,1.39,0.76,1.02,0.99,1.04,0.32,1.27,0.24,30,29.47
1460.42,30,0.84,0.24,1.13,0.93,1.09,0.79,1.49,1.39,0.76,1.01,0.99,1.04,0.32,1.28,0.24,30,29.47
1461.42,30,0.82,0.24,1.14,0.92,1.08,0.79,1.48,1.39,0.76,1.01,0.99,1.04,0.32,1.27,0.24,30,29.47
1462.43,30,0.83,0.24,1.13,0.92,1.09,0.79,1.49,1.39,0.77,1.02,1,1.05,0.32,1.28,0.25,30,29.46
1463.43,30,0.84,0.24,1.14,0.92,1.09,0.79,1.48,1.4,0.77,1.02,0.99,1.04,0.32,1.28,0.24,30,29.47
1464.43,30,0.83,0.24,1.13,0.92,1.1,0.79,1.49,1.4,0.77,1.02,0.99,1.04,0.32,1.27,0.25,30,29.47
1465.43,30,0.83,0.24,1.14,0.93,1.09,0.79,1.49,1.4,0.77,1.02,1,1.05,0.32,1.28,0.25,30,29.47
