Time,T,OTU19_R1,OTU20_R1,OTU21_R1,OTU19_R2,OTU20_R2,OTU21_R2,OTU19_R3,OTU20_R3,OTU21_R3,OTU19_R4,OTU20_R4,OTU21_R4,OTU19_R5,OTU20_R5,OTU21_R5,Tm,T_internal
0.03,36,5.06,4.86,5.08,5.21,4.3,5.05,5.43,5.76,5.18,5.15,5.11,4.81,5.47,5.17,4.98,36,34.34
1.03,36,5.26,5.04,5.23,5.38,4.44,5.2,5.55,5.95,5.34,5.36,5.29,4.99,5.54,5.35,5.17,36,33.7
2.03,36,5.47,5.24,5.41,5.55,4.62,5.35,5.73,6.11,5.5,5.59,5.49,5.17,5.64,5.56,5.41,36,33.41
3.03,36,5.68,5.41,5.59,5.73,4.77,5.47,5.89,6.27,5.66,5.78,5.68,5.33,5.77,5.75,5.64,36,33.2
4.03,36,5.89,5.61,5.78,5.9,4.92,5.62,6.08,6.44,5.81,5.95,5.85,5.51,5.94,5.95,5.85,36,33.05
5.03,36,6.11,5.8,5.97,6.08,5.07,5.77,6.25,6.62,5.95,6.09,6.03,5.67,6.11,6.17,6.06,36,32.94
6.03,36,6.29,5.95,6.14,6.25,5.21,5.92,6.4,6.82,6.1,6.21,6.16,5.82,6.26,6.37,6.26,36,32.84
7.03,36,6.47,6.12,6.3,6.4,5.35,6.05,6.55,6.99,6.22,6.35,6.29,5.95,6.4,6.54,6.44,36,32.8
8.03,36,6.64,6.29,6.48,6.56,5.51,6.19,6.67,7.18,6.35,6.45,6.39,6.11,6.54,6.71,6.63,36,32.76
9.03,36,6.8,6.46,6.63,6.7,5.68,6.35,6.81,7.37,6.48,6.54,6.49,6.25,6.66,6.9,6.79,36,32.73
10.03,36,6.94,6.58,6.77,6.83,5.85,6.46,6.92,7.54,6.58,6.64,6.56,6.38,6.76,7.02,6.95,36,32.76
11.03,36,7.09,6.73,6.92,6.97,6.02,6.58,7.04,7.74,6.71,6.76,6.65,6.51,6.87,7.18,7.1,36,32.77
12.03,36,7.21,6.86,7.04,7.1,6.16,6.7,7.15,7.88,6.82,6.88,6.73,6.63,6.95,7.32,7.24,36,32.81
13.03,36,7.33,6.99,7.16,7.23,6.29,6.83,7.28,7.99,6.95,7,6.84,6.75,7.05,7.47,7.37,36,32.84
14.03,36,7.46,7.1,7.29,7.33,6.39,6.95,7.39,8.08,7.06,7.12,6.95,6.88,7.13,7.59,7.5,36,32.9
15.03,36,7.55,7.23,7.39,7.45,6.48,7.03,7.5,8.14,7.15,7.24,7.06,6.97,7.17,7.7,7.6,36,32.93
16.05,36,7.66,7.32,7.49,7.54,6.54,7.13,7.58,8.2,7.27,7.34,7.16,7.08,7.22,7.82,7.71,36,32.99
17.05,36,7.76,7.41,7.58,7.64,6.59,7.24,7.68,8.24,7.36,7.44,7.27,7.16,7.28,7.91,7.8,36,33.06
18.05,36,7.84,7.51,7.67,7.74,6.66,7.32,7.77,8.29,7.45,7.54,7.36,7.27,7.36,8.01,7.9,36,33.13
19.05,36,7.92,7.6,7.76,7.82,6.68,7.43,7.86,8.33,7.54,7.64,7.46,7.35,7.43,8.1,7.98,36,33.2
20.05,36,8,7.69,7.83,7.9,6.73,7.5,7.95,8.37,7.65,7.72,7.55,7.44,7.5,8.2,8.07,36,33.29
21.05,36,8.07,7.75,7.9,7.99,6.81,7.59,8.02,8.41,7.74,7.8,7.64,7.52,7.57,8.27,8.14,36,33.34
22.05,36,8.13,7.84,7.98,8.05,6.89,7.68,8.09,8.43,7.83,7.87,7.73,7.59,7.64,8.35,8.21,36,33.41
23.07,36,8.21,7.9,8.06,8.14,6.97,7.77,8.18,8.46,7.91,7.95,7.81,7.68,7.72,8.44,8.29,36,33.49
24.07,36,8.26,7.96,8.11,8.19,7.04,7.81,8.23,8.48,7.98,8.01,7.87,7.74,7.77,8.49,8.34,36,33.56
25.07,36,8.31,8.01,8.17,8.28,7.12,7.91,8.3,8.51,8.07,8.08,7.95,7.81,7.82,8.56,8.4,36,33.63
26.07,36,8.36,8.08,8.22,8.32,7.2,7.97,8.35,8.55,8.15,8.13,8.01,7.87,7.87,8.63,8.45,36,33.7
27.07,36,8.41,8.13,8.28,8.38,7.27,8.03,8.4,8.57,8.22,8.19,8.08,7.93,7.91,8.7,8.5,36,33.76
28.07,36,8.46,8.17,8.32,8.43,7.34,8.09,8.46,8.62,8.28,8.23,8.15,7.99,7.95,8.75,8.54,36,33.84
29.07,36,8.51,8.21,8.37,8.48,7.41,8.15,8.51,8.65,8.35,8.29,8.2,8.04,7.99,8.79,8.59,36,33.91
30.08,36,8.54,8.24,8.41,8.53,7.46,8.19,8.56,8.68,8.41,8.34,8.26,8.09,8.05,8.85,8.63,36,33.98
31.08,36,8.59,8.32,8.46,8.58,7.54,8.27,8.61,8.74,8.48,8.41,8.34,8.16,8.09,8.9,8.68,36,34.02
32.08,36,8.62,8.34,8.5,8.63,7.6,8.32,8.66,8.75,8.53,8.44,8.39,8.2,8.12,8.93,8.71,36,34.09
33.08,36,8.66,8.36,8.52,8.68,7.64,8.36,8.69,8.77,8.59,8.47,8.42,8.24,8.15,8.97,8.74,36,34.16
34.08,36,8.68,8.39,8.56,8.71,7.7,8.41,8.72,8.81,8.64,8.51,8.48,8.28,8.18,9.01,8.78,36,34.21
35.08,36,8.73,8.43,8.61,8.75,7.76,8.46,8.77,8.84,8.7,8.54,8.53,8.33,8.22,9.06,8.82,36,34.26
36.08,36,8.74,8.46,8.64,8.78,7.8,8.49,8.8,8.86,8.75,8.58,8.58,8.35,8.25,9.07,8.84,36,34.33
37.1,36,8.76,8.48,8.66,8.81,7.85,8.53,8.84,8.9,8.79,8.61,8.62,8.4,8.28,9.11,8.86,36,34.37
38.1,36,8.79,8.5,8.7,8.84,7.89,8.57,8.86,8.91,8.84,8.63,8.66,8.42,8.3,9.13,8.89,36,34.43
39.1,36,8.81,8.52,8.72,8.87,7.94,8.62,8.89,8.94,8.88,8.68,8.71,8.45,8.33,9.17,8.92,36,34.48
40.1,36,8.84,8.55,8.74,8.89,7.97,8.65,8.91,8.96,8.91,8.72,8.74,8.49,8.35,9.2,8.93,36,34.52
41.1,36,8.85,8.56,8.77,8.91,8.01,8.67,8.93,8.98,8.96,8.72,8.77,8.5,8.36,9.21,8.96,36,34.56
42.1,36,8.87,8.57,8.78,8.93,8.04,8.71,8.94,8.99,8.99,8.75,8.79,8.54,8.38,9.23,8.97,36,34.6
43.1,36,8.88,8.58,8.81,8.96,8.08,8.72,8.99,9.01,9.02,8.77,8.83,8.56,8.4,9.26,9,36,34.65
44.1,36,8.89,8.61,8.81,8.99,8.11,8.75,8.99,9.01,9.06,8.8,8.85,8.58,8.43,9.27,9.02,36,34.69
45.1,36,8.9,8.62,8.84,8.99,8.14,8.79,9.01,8.97,9.08,8.82,8.87,8.61,8.44,9.28,9.03,36,34.71
46.1,36,8.92,8.63,8.85,9.02,8.17,8.81,9.04,8.96,9.12,8.83,8.9,8.63,8.44,9.3,9.05,36,34.76
47.1,36,8.93,8.63,8.87,9.03,8.2,8.84,9.06,8.96,9.14,8.86,8.92,8.66,8.46,9.31,9.06,36,34.8
48.12,36,8.96,8.64,8.9,9.06,8.23,8.85,9.07,8.98,9.17,8.87,8.96,8.68,8.48,9.33,9.08,36,34.84
49.12,36,8.98,8.66,8.91,9.07,8.26,8.87,9.09,8.97,9.22,8.89,8.98,8.69,8.49,9.34,9.1,36,34.85
50.12,36,8.98,8.66,8.91,9.07,8.28,8.9,9.1,9,9.24,8.89,8.99,8.71,8.51,9.34,9.09,36,34.9
51.12,36,8.99,8.67,8.94,9.08,8.31,8.91,9.11,9.02,9.26,8.9,9.02,8.73,8.52,9.37,9.11,36,34.94
52.12,36,8.99,8.67,8.94,9.08,8.33,8.94,9.13,9.04,9.27,8.9,9.02,8.73,8.52,9.38,9.13,36,34.96
53.12,36,9,8.68,8.97,9.1,8.34,8.96,9.13,9.05,9.3,8.93,9.04,8.76,8.53,9.39,9.14,36,34.98
54.12,36,9.01,8.68,8.98,9.11,8.37,8.99,9.15,9.08,9.33,8.93,9.07,8.78,8.54,9.41,9.16,36,35.02
55.12,36,9,8.67,8.97,9.11,8.38,8.99,9.14,9.09,9.33,8.93,9.06,8.78,8.53,9.4,9.15,36,35.05
56.12,36,9.01,8.68,8.99,9.12,8.4,9.01,9.17,9.12,9.37,8.96,9.09,8.79,8.54,9.41,9.15,36,35.08
57.12,36,9.02,8.67,8.99,9.12,8.41,9.02,9.15,9.12,9.38,8.94,9.09,8.81,8.54,9.42,9.17,36,35.09
58.12,36,9.02,8.69,9.01,9.15,8.43,9.03,9.19,9.14,9.39,8.98,9.11,8.82,8.55,9.42,9.17,36,35.12
59.12,36,9.02,8.68,9,9.14,8.44,9.04,9.17,9.14,9.4,8.97,9.11,8.82,8.55,9.42,9.17,36,35.13
60.13,36,9.02,8.68,9.01,9.14,8.45,9.05,9.2,9.17,9.42,8.98,9.12,8.83,8.55,9.43,9.17,36,35.16
61.13,36,9.04,8.69,9.03,9.15,8.47,9.05,9.21,9.19,9.43,8.98,9.14,8.84,8.56,9.45,9.19,36,35.2
62.13,36,9.04,8.69,9.03,9.16,8.48,9.07,9.22,9.19,9.46,8.99,9.15,8.85,8.56,9.45,9.2,36,35.2
63.13,36,9.04,8.7,9.04,9.19,8.5,9.1,9.22,9.22,9.47,9,9.17,8.87,8.58,9.46,9.21,36,35.23
64.13,36,9.03,8.67,9.05,9.19,8.5,9.1,9.22,9.22,9.47,9,9.17,8.87,8.57,9.46,9.21,36,35.23
65.13,36,9.03,8.67,9.04,9.17,8.52,9.11,9.22,9.23,9.49,8.99,9.17,8.88,8.56,9.46,9.22,36,35.26
66.13,36,9.03,8.68,9.04,9.17,8.52,9.11,9.21,9.24,9.49,8.99,9.19,8.87,8.56,9.44,9.21,36,35.27
67.13,36,9.03,8.68,9.05,9.16,8.52,9.12,9.22,9.24,9.5,9,9.19,8.87,8.56,9.46,9.22,36,35.3
68.15,36,9.03,8.67,9.04,9.19,8.53,9.12,9.22,9.25,9.51,8.99,9.2,8.89,8.55,9.47,9.22,36,35.31
69.15,36,9.03,8.67,9.05,9.19,8.54,9.14,9.22,9.26,9.54,9.01,9.21,8.89,8.56,9.47,9.21,36,35.31
70.15,36,9.02,8.66,9.05,9.19,8.54,9.13,9.23,9.26,9.54,9,9.2,8.89,8.55,9.45,9.22,36,35.34
71.15,36,9.03,8.66,9.06,9.19,8.57,9.14,9.23,9.28,9.56,9.01,9.22,8.89,8.56,9.46,9.23,36,35.34
72.15,36,9.03,8.66,9.06,9.19,8.55,9.15,9.24,9.28,9.56,9.01,9.22,8.9,8.56,9.47,9.22,36,35.34
73.15,36,9.03,8.66,9.06,9.19,8.58,9.15,9.24,9.29,9.57,9.02,9.23,8.91,8.55,9.48,9.23,36,35.35
74.15,36,9.02,8.65,9.06,9.2,8.56,9.15,9.23,9.29,9.56,9.02,9.22,8.9,8.55,9.46,9.21,36,35.37
75.15,36,9.01,8.65,9.05,9.19,8.57,9.16,9.22,9.3,9.56,9,9.22,8.91,8.54,9.48,9.23,36,35.37
76.15,36,9.01,8.62,9.05,9.19,8.57,9.16,9.23,9.31,9.58,9.01,9.23,8.91,8.54,9.47,9.21,36,35.38
77.15,36,9.01,8.63,9.06,9.19,8.57,9.16,9.23,9.31,9.58,9.01,9.24,8.91,8.54,9.46,9.22,36,35.38
78.17,36,8.99,8.61,9.05,9.16,8.57,9.17,9.22,9.3,9.57,8.99,9.23,8.91,8.53,9.47,9.21,36,35.4
79.17,36,8.99,8.62,9.05,9.17,8.58,9.17,9.22,9.31,9.58,9,9.24,8.92,8.52,9.47,9.22,36,35.41
80.17,36,8.98,8.59,9.05,9.15,8.59,9.16,9.22,9.3,9.59,8.99,9.24,8.9,8.51,9.46,9.21,36,35.41
81.17,36,8.99,8.59,9.05,9.17,8.59,9.19,9.21,9.31,9.6,8.99,9.23,8.93,8.51,9.48,9.22,36,35.44
82.17,36,8.97,8.59,9.05,9.16,8.58,9.16,9.21,9.33,9.59,8.99,9.25,8.91,8.5,9.46,9.21,36,35.44
83.17,36,8.99,8.58,9.05,9.17,8.61,9.17,9.21,9.33,9.6,9,9.25,8.92,8.51,9.48,9.21,36,35.44
84.17,36,8.96,8.56,9.05,9.16,8.58,9.17,9.2,9.32,9.6,8.99,9.24,8.92,8.49,9.47,9.21,36,35.45
85.18,36,8.97,8.56,9.05,9.15,8.59,9.2,9.21,9.33,9.6,8.99,9.25,8.91,8.5,9.47,9.22,36,35.45
86.18,36,8.94,8.55,9.05,9.13,8.59,9.16,9.2,9.32,9.61,8.97,9.24,8.91,8.48,9.47,9.21,36,35.45
87.18,36,8.93,8.54,9.05,9.14,8.59,9.17,9.19,9.34,9.6,8.97,9.25,8.91,8.47,9.47,9.2,36,35.46
88.18,36,8.93,8.54,9.05,9.13,8.59,9.17,9.2,9.33,9.61,8.97,9.26,8.92,8.48,9.47,9.2,36,35.45
89.18,36,8.91,8.53,9.04,9.13,8.59,9.19,9.17,9.33,9.61,8.94,9.25,8.91,8.46,9.47,9.19,36,35.46
90.2,36,8.91,8.52,9.03,9.11,8.58,9.16,9.16,9.33,9.6,8.94,9.25,8.92,8.44,9.46,9.19,36,35.48
91.2,36,8.9,8.5,9.02,9.1,8.57,9.15,9.15,9.32,9.59,8.93,9.24,8.9,8.44,9.45,9.16,36,35.46
92.2,36,8.88,8.49,9.02,9.09,8.56,9.15,9.15,9.32,9.6,8.93,9.24,8.91,8.42,9.45,9.17,36,35.48
93.2,36,8.88,8.48,9.01,9.1,8.58,9.16,9.14,9.32,9.59,8.92,9.24,8.91,8.42,9.45,9.17,36,35.48
94.2,36,8.86,8.49,9.02,9.08,8.57,9.16,9.14,9.33,9.6,8.9,9.24,8.9,8.41,9.45,9.16,36,35.48
95.2,36,8.86,8.48,9.01,9.1,8.57,9.15,9.14,9.32,9.61,8.91,9.24,8.92,8.4,9.45,9.16,36,35.48
96.2,36,8.85,8.47,9.01,9.09,8.57,9.16,9.13,9.33,9.59,8.91,9.24,8.92,8.39,9.45,9.16,36,35.48
97.2,36,8.84,8.47,9,9.08,8.56,9.14,9.12,9.31,9.59,8.88,9.23,8.91,8.38,9.46,9.14,36,35.49
98.2,36,8.83,8.46,9,9.08,8.57,9.15,9.12,9.32,9.6,8.88,9.24,8.91,8.38,9.46,9.15,36,35.48
99.2,36,8.81,8.43,8.99,9.06,8.55,9.15,9.1,9.31,9.58,8.88,9.23,8.9,8.35,9.44,9.13,36,35.49
100.2,36,8.81,8.44,9,9.06,8.56,9.15,9.11,9.32,9.59,8.87,9.24,8.91,8.35,9.45,9.14,36,35.49
101.2,36,8.81,8.44,9,9.05,8.57,9.14,9.09,9.32,9.6,8.87,9.23,8.91,8.34,9.46,9.15,36,35.49
102.22,36,8.79,8.42,8.99,9.03,8.56,9.14,9.08,9.31,9.6,8.86,9.22,8.91,8.32,9.45,9.13,36,35.51
103.22,36,8.78,8.4,8.98,9.04,8.55,9.13,9.08,9.31,9.59,8.83,9.22,8.9,8.31,9.45,9.13,36,35.51
104.22,36,8.77,8.41,8.98,9.04,8.54,9.12,9.07,9.31,9.58,8.83,9.22,8.9,8.31,9.44,9.12,36,35.52
105.22,36,8.75,8.39,8.97,9.03,8.54,9.12,9.05,9.31,9.58,8.83,9.22,8.9,8.28,9.44,9.11,36,35.51
106.22,36,8.73,8.39,8.97,9.02,8.54,9.13,9.05,9.31,9.58,8.81,9.22,8.9,8.27,9.44,9.11,36,35.51
107.22,36,8.72,8.39,8.96,9.01,8.54,9.13,9.04,9.3,9.57,8.81,9.23,8.89,8.27,9.44,9.11,36,35.52
108.22,36,8.72,8.37,8.97,9.01,8.54,9.13,9.05,9.31,9.59,8.8,9.23,8.91,8.25,9.45,9.11,36,35.49
109.22,36,8.7,8.38,8.96,9,8.54,9.11,9.01,9.3,9.58,8.79,9.21,8.89,8.24,9.45,9.1,36,35.52
110.22,36,8.67,8.36,8.94,8.96,8.53,9.12,9.01,9.3,9.58,8.77,9.21,8.89,8.22,9.42,9.1,36,35.52
111.22,36,8.66,8.35,8.94,8.96,8.52,9.13,9,9.3,9.57,8.76,9.22,8.88,8.2,9.44,9.09,36,35.52
112.22,36,8.64,8.34,8.93,8.97,8.51,9.1,8.99,9.28,9.57,8.76,9.21,8.87,8.19,9.43,9.08,36,35.52
113.22,36,8.63,8.32,8.92,8.93,8.51,9.11,8.98,9.28,9.56,8.73,9.2,8.88,8.17,9.43,9.08,36,35.52
114.22,36,8.61,8.31,8.91,8.92,8.51,9.09,8.96,9.28,9.56,8.72,9.2,8.86,8.15,9.42,9.07,36,35.52
115.22,36,8.59,8.31,8.92,8.92,8.51,9.1,8.94,9.29,9.56,8.73,9.21,8.88,8.14,9.43,9.07,36,35.52
116.23,36,8.56,8.29,8.91,8.89,8.49,9.09,8.93,9.28,9.55,8.7,9.2,8.86,8.11,9.41,9.06,36,35.52
117.23,36,8.55,8.28,8.9,8.89,8.48,9.11,8.92,9.27,9.55,8.7,9.17,8.87,8.1,9.41,9.05,36,35.52
118.23,36,8.54,8.29,8.9,8.87,8.49,9.11,8.92,9.28,9.56,8.68,9.17,8.86,8.09,9.42,9.07,36,35.55
119.23,36,8.52,8.27,8.9,8.87,8.48,9.08,8.9,9.26,9.55,8.67,9.17,8.85,8.07,9.4,9.05,36,35.55
120.23,36,8.51,8.26,8.89,8.86,8.48,9.08,8.88,9.27,9.56,8.66,9.19,8.86,8.05,9.41,9.05,36,35.55
121.23,36,8.46,8.25,8.88,8.83,8.47,9.06,8.87,9.24,9.53,8.62,9.17,8.84,8.03,9.38,9.03,36,35.55
122.23,36,8.46,8.25,8.88,8.83,8.47,9.09,8.84,9.25,9.54,8.62,9.16,8.84,8.01,9.4,9.03,36,35.55
123.23,36,8.44,8.25,8.88,8.81,8.47,9.08,8.85,9.26,9.53,8.62,9.17,8.85,8,9.4,9.03,36,35.55
124.23,36,8.42,8.22,8.86,8.81,8.45,9.06,8.83,9.24,9.51,8.58,9.15,8.84,7.98,9.39,9.02,36,35.55
125.23,36,8.4,8.21,8.86,8.78,8.45,9.06,8.81,9.23,9.53,8.58,9.15,8.84,7.96,9.39,9.02,36,35.55
126.23,36,8.38,8.21,8.86,8.78,8.46,9.06,8.8,9.25,9.53,8.56,9.16,8.82,7.94,9.4,9.02,36,35.55
127.23,36,8.36,8.2,8.84,8.74,8.44,9.05,8.79,9.23,9.5,8.53,9.14,8.82,7.93,9.37,9,36,35.55
128.23,36,8.32,8.18,8.84,8.72,8.42,9.05,8.76,9.22,9.49,8.52,9.13,8.82,7.89,9.37,8.99,36,35.55
129.23,36,8.31,8.18,8.83,8.71,8.44,9.04,8.75,9.22,9.5,8.5,9.14,8.82,7.89,9.38,8.99,36,35.56
130.23,36,8.29,8.18,8.83,8.71,8.43,9.05,8.74,9.22,9.5,8.5,9.13,8.81,7.87,9.37,8.98,36,35.56
131.23,36,8.27,8.16,8.83,8.69,8.42,9.04,8.71,9.21,9.49,8.47,9.12,8.81,7.85,9.34,8.98,36,35.58
132.23,36,8.24,8.16,8.81,8.66,8.4,9.03,8.7,9.2,9.48,8.45,9.1,8.79,7.83,9.34,8.97,36,35.56
133.23,36,8.22,8.15,8.82,8.66,8.4,9.03,8.69,9.2,9.48,8.43,9.12,8.81,7.81,9.34,8.98,36,35.56
134.23,36,8.21,8.15,8.82,8.66,8.4,9.03,8.68,9.21,9.48,8.41,9.11,8.81,7.79,9.35,8.97,36,35.56
135.23,36,8.18,8.13,8.81,8.63,8.4,9.02,8.65,9.21,9.47,8.41,9.1,8.8,7.76,9.34,8.96,36,35.59
136.25,36,8.15,8.11,8.79,8.59,8.38,9.03,8.63,9.19,9.47,8.37,9.1,8.78,7.74,9.32,8.94,36,35.59
137.25,36,8.12,8.1,8.79,8.58,8.37,9.02,8.61,9.19,9.47,8.37,9.09,8.79,7.72,9.34,8.94,36,35.59
138.25,36,8.1,8.11,8.79,8.58,8.36,9.02,8.59,9.17,9.46,8.34,9.09,8.78,7.7,9.32,8.92,36,35.59
139.25,36,8.08,8.11,8.78,8.55,8.37,8.99,8.56,9.16,9.46,8.32,9.09,8.78,7.66,9.32,8.92,36,35.6
140.25,36,8.05,8.08,8.77,8.53,8.36,9.01,8.55,9.17,9.45,8.31,9.08,8.78,7.63,9.32,8.91,36,35.59
141.25,36,8.03,8.07,8.76,8.51,8.36,8.99,8.52,9.16,9.45,8.28,9.06,8.77,7.59,9.31,8.92,36,35.59
142.25,36,8,8.08,8.76,8.49,8.34,8.98,8.51,9.17,9.44,8.26,9.06,8.76,7.58,9.3,8.91,36,35.59
143.25,36,7.97,8.06,8.76,8.48,8.35,8.99,8.5,9.16,9.44,8.23,9.06,8.77,7.56,9.31,8.92,36,35.62
144.25,36,7.94,8.05,8.74,8.45,8.33,8.98,8.47,9.15,9.43,8.19,9.05,8.76,7.53,9.3,8.89,36,35.63
145.25,36,7.92,8.04,8.75,8.42,8.33,8.96,8.44,9.15,9.42,8.17,9.05,8.75,7.5,9.29,8.89,36,35.62
146.27,36,7.89,8.05,8.74,8.42,8.32,8.98,8.43,9.14,9.42,8.15,9.04,8.75,7.49,9.29,8.89,36,35.62
147.27,36,7.85,8.03,8.72,8.4,8.32,8.97,8.41,9.14,9.42,8.13,9.04,8.75,7.45,9.28,8.88,36,35.63
148.27,36,7.83,8.02,8.73,8.38,8.31,8.96,8.38,9.14,9.4,8.09,9.03,8.75,7.42,9.28,8.88,36,35.63
149.27,36,7.8,8.01,8.71,8.34,8.29,8.96,8.35,9.12,9.39,8.05,9.01,8.72,7.39,9.26,8.87,36,35.63
150.27,36,7.77,8.02,8.72,8.32,8.3,8.94,8.34,9.11,9.4,8.04,9.02,8.72,7.36,9.26,8.88,36,35.65
151.27,36,7.74,8,8.71,8.31,8.28,8.94,8.31,9.11,9.39,8.01,9.01,8.71,7.32,9.25,8.86,36,35.63
152.27,36,7.71,8,8.69,8.29,8.28,8.93,8.29,9.11,9.38,7.97,9.02,8.71,7.29,9.26,8.85,36,35.66
153.28,36,7.67,7.98,8.69,8.26,8.27,8.93,8.26,9.1,9.38,7.95,9,8.71,7.26,9.24,8.85,36,35.65
154.28,36,7.64,7.98,8.7,8.25,8.26,8.92,8.25,9.1,9.38,7.9,9,8.71,7.22,9.24,8.85,36,35.66
155.28,36,7.61,7.97,8.68,8.21,8.25,8.91,8.21,9.08,9.37,7.88,8.98,8.7,7.18,9.23,8.83,36,35.65
156.28,36,7.57,7.95,8.68,8.19,8.25,8.91,8.18,9.07,9.34,7.84,8.97,8.69,7.14,9.22,8.83,36,35.66
157.28,36,7.54,7.96,8.68,8.16,8.24,8.91,8.17,9.07,9.37,7.84,8.98,8.7,7.12,9.22,8.83,36,35.65
158.28,36,7.5,7.93,8.67,8.13,8.23,8.88,8.13,9.06,9.34,7.79,8.96,8.68,7.07,9.19,8.81,36,35.66
159.28,36,7.48,7.92,8.66,8.11,8.22,8.9,8.1,9.06,9.34,7.76,8.94,8.68,7.04,9.2,8.81,36,35.66
160.28,36,7.44,7.91,8.65,8.08,8.21,8.88,8.06,9.05,9.33,7.73,8.96,8.68,7.01,9.19,8.8,36,35.66
161.28,36,7.42,7.91,8.66,8.06,8.21,8.89,8.06,9.06,9.33,7.71,8.94,8.68,6.98,9.2,8.81,36,35.66
162.3,36,7.37,7.91,8.64,8.04,8.2,8.87,8.02,9.03,9.32,7.67,8.92,8.67,6.94,9.19,8.8,36,35.66
163.3,36,7.33,7.89,8.64,8,8.19,8.87,8,9.03,9.31,7.63,8.9,8.67,6.9,9.16,8.79,36,35.66
164.3,36,7.29,7.88,8.63,7.98,8.17,8.87,7.94,9.02,9.29,7.6,8.91,8.64,6.87,9.15,8.78,36,35.66
165.3,36,7.27,7.87,8.62,7.94,8.17,8.86,7.93,9.01,9.3,7.57,8.9,8.65,6.82,9.15,8.77,36,35.65
166.3,36,7.22,7.85,8.61,7.89,8.15,8.85,7.89,9,9.28,7.51,8.89,8.64,6.79,9.14,8.76,36,35.66
167.3,36,7.19,7.85,8.61,7.87,8.15,8.86,7.87,8.99,9.28,7.51,8.87,8.64,6.75,9.14,8.75,36,35.66
168.3,36,7.15,7.85,8.61,7.85,8.14,8.84,7.84,8.98,9.28,7.48,8.86,8.64,6.71,9.13,8.75,36,35.66
169.3,36,7.1,7.84,8.58,7.81,8.13,8.82,7.79,8.96,9.26,7.43,8.86,8.61,6.66,9.11,8.73,36,35.66
170.3,36,7.07,7.83,8.58,7.77,8.12,8.82,7.77,8.96,9.26,7.38,8.86,8.62,6.63,9.12,8.73,36,35.66
171.3,36,7.04,7.83,8.58,7.75,8.13,8.81,7.75,8.96,9.25,7.36,8.84,8.61,6.59,9.13,8.73,36,35.66
172.32,36,6.99,7.82,8.56,7.7,8.1,8.82,7.7,8.92,9.24,7.31,8.83,8.61,6.55,9.11,8.72,36,35.66
173.32,36,6.95,7.81,8.55,7.66,8.11,8.8,7.67,8.92,9.24,7.28,8.82,8.61,6.5,9.1,8.71,36,35.65
174.32,36,6.91,7.79,8.55,7.63,8.1,8.8,7.63,8.9,9.23,7.24,8.81,8.59,6.44,9.1,8.69,36,35.66
175.32,36,6.86,7.79,8.54,7.59,8.08,8.8,7.59,8.89,9.21,7.19,8.79,8.57,6.39,9.09,8.68,36,35.66
176.32,36,6.82,7.77,8.54,7.54,8.07,8.79,7.55,8.88,9.2,7.16,8.79,8.58,6.34,9.07,8.67,36,35.65
177.32,36,6.77,7.76,8.53,7.5,8.07,8.78,7.52,8.86,9.19,7.11,8.77,8.55,6.29,9.07,8.66,36,35.66
178.32,36,6.71,7.76,8.51,7.48,8.05,8.76,7.48,8.86,9.19,7.07,8.77,8.56,6.22,9.07,8.66,36,35.65
179.32,36,6.67,7.74,8.51,7.43,8.05,8.76,7.43,8.84,9.17,7.03,8.75,8.54,6.16,9.06,8.65,36,35.66
180.32,36,6.62,7.74,8.52,7.4,8.04,8.76,7.42,8.85,9.17,6.99,8.76,8.55,6.11,9.06,8.65,36,35.65
181.32,36,6.56,7.71,8.49,7.34,8.01,8.75,7.37,8.83,9.15,6.92,8.73,8.53,6.03,9.04,8.63,36,35.66
182.32,36,6.51,7.72,8.49,7.3,8.01,8.74,7.32,8.81,9.14,6.89,8.73,8.52,5.96,9.04,8.62,36,35.66
183.32,36,6.45,7.71,8.48,7.26,7.99,8.73,7.28,8.78,9.12,6.82,8.7,8.52,5.89,9.02,8.62,36,35.66
184.32,36,6.41,7.7,8.48,7.22,8,8.73,7.27,8.8,9.14,6.81,8.71,8.52,5.83,9.03,8.61,36,35.63
185.32,36,6.34,7.68,8.46,7.15,7.98,8.71,7.21,8.77,9.11,6.74,8.67,8.51,5.75,9,8.58,36,35.65
186.32,36,6.29,7.67,8.45,7.1,7.96,8.71,7.16,8.76,9.09,6.7,8.66,8.49,5.67,8.99,8.58,36,35.65
187.32,36,6.22,7.66,8.45,7.09,7.96,8.71,7.13,8.74,9.1,6.66,8.67,8.5,5.61,8.99,8.57,36,35.65
188.32,36,6.16,7.65,8.44,7.03,7.95,8.68,7.08,8.73,9.08,6.59,8.64,8.49,5.53,8.98,8.56,36,35.65
189.32,36,6.11,7.64,8.44,7,7.94,8.71,7.04,8.74,9.08,6.55,8.64,8.49,5.44,8.97,8.56,36,35.63
190.32,36,6.04,7.62,8.42,6.95,7.92,8.66,6.99,8.72,9.07,6.49,8.61,8.47,5.36,8.96,8.54,36,35.65
191.32,36,5.99,7.62,8.42,6.92,7.91,8.67,6.95,8.7,9.05,6.44,8.59,8.47,5.29,8.94,8.53,36,35.65
192.32,36,5.93,7.6,8.41,6.88,7.9,8.65,6.91,8.69,9.05,6.38,8.58,8.45,5.18,8.91,8.52,36,35.65
193.32,36,5.86,7.59,8.39,6.83,7.89,8.65,6.86,8.66,9.02,6.32,8.56,8.44,5.11,8.9,8.51,36,35.65
194.33,36,5.8,7.57,8.37,6.79,7.87,8.63,6.81,8.65,9.01,6.26,8.54,8.43,5.02,8.89,8.49,36,35.63
195.33,36,5.73,7.56,8.39,6.75,7.87,8.63,6.75,8.64,9.02,6.2,8.53,8.44,4.94,8.88,8.49,36,35.65
196.33,36,5.66,7.56,8.38,6.73,7.85,8.63,6.72,8.64,9.01,6.14,8.52,8.42,4.86,8.87,8.47,36,35.66
197.33,36,5.58,7.55,8.36,6.69,7.85,8.61,6.67,8.61,8.99,6.07,8.5,8.41,4.77,8.85,8.47,36,35.65
198.33,36,5.5,7.54,8.36,6.65,7.84,8.61,6.61,8.61,8.98,6.01,8.49,8.4,4.67,8.84,8.45,36,35.65
199.33,36,5.41,7.52,8.35,6.6,7.82,8.58,6.56,8.58,8.96,5.95,8.48,8.39,4.58,8.81,8.44,36,35.65
200.33,36,5.34,7.52,8.34,6.57,7.81,8.59,6.51,8.57,8.97,5.88,8.46,8.4,4.51,8.8,8.44,36,35.66
201.33,36,5.24,7.5,8.34,6.51,7.81,8.58,6.46,8.56,8.93,5.83,8.45,8.39,4.42,8.79,8.43,36,35.63
202.35,36,5.17,7.51,8.33,6.47,7.81,8.58,6.41,8.55,8.93,5.77,8.44,8.4,4.34,8.77,8.43,36,35.65
203.35,36,5.07,7.49,8.31,6.4,7.78,8.55,6.35,8.52,8.92,5.69,8.41,8.36,4.24,8.75,8.4,36,35.66
204.35,36,4.97,7.49,8.3,6.37,7.78,8.56,6.3,8.51,8.91,5.64,8.41,8.36,4.16,8.74,8.4,36,35.65
205.35,36,4.88,7.47,8.3,6.31,7.76,8.53,6.25,8.49,8.89,5.58,8.39,8.35,4.07,8.72,8.38,36,35.65
206.35,36,4.79,7.46,8.28,6.26,7.74,8.52,6.2,8.49,8.89,5.53,8.39,8.34,3.98,8.72,8.38,36,35.65
207.35,36,4.69,7.44,8.29,6.2,7.73,8.53,6.14,8.47,8.88,5.46,8.38,8.34,3.89,8.69,8.37,36,35.65
208.35,36,4.6,7.44,8.28,6.17,7.73,8.53,6.07,8.46,8.88,5.38,8.36,8.34,3.81,8.68,8.37,36,35.66
209.35,36,4.5,7.43,8.26,6.09,7.7,8.52,6.03,8.45,8.86,5.31,8.34,8.32,3.7,8.65,8.34,36,35.65
210.37,36,4.4,7.42,8.26,6.03,7.7,8.52,5.95,8.43,8.85,5.24,8.34,8.31,3.62,8.65,8.34,36,35.65
211.37,36,4.31,7.41,8.24,5.96,7.69,8.52,5.89,8.43,8.84,5.16,8.32,8.3,3.53,8.63,8.34,36,35.66
212.37,36,4.2,7.4,8.25,5.9,7.68,8.51,5.84,8.42,8.83,5.07,8.31,8.3,3.43,8.62,8.32,36,35.65
213.37,36,4.09,7.39,8.24,5.83,7.67,8.48,5.78,8.39,8.83,4.97,8.29,8.29,3.33,8.58,8.31,36,35.65
214.37,36,3.99,7.37,8.22,5.75,7.64,8.47,5.7,8.37,8.81,4.87,8.27,8.27,3.23,8.56,8.3,36,35.65
215.37,36,3.88,7.38,8.22,5.7,7.64,8.47,5.65,8.37,8.81,4.78,8.27,8.27,3.14,8.55,8.29,36,35.63
216.37,36,3.78,7.36,8.21,5.63,7.63,8.47,5.59,8.35,8.79,4.68,8.26,8.26,3.05,8.53,8.28,36,35.65
217.37,36,3.67,7.34,8.2,5.54,7.61,8.44,5.51,8.33,8.78,4.58,8.23,8.24,2.93,8.51,8.26,36,35.65
218.37,36,3.57,7.32,8.19,5.47,7.59,8.44,5.44,8.3,8.76,4.47,8.22,8.23,2.82,8.49,8.26,36,35.65
219.38,36,3.49,7.32,8.18,5.42,7.58,8.44,5.38,8.32,8.77,4.38,8.21,8.23,2.73,8.47,8.26,36,35.66
220.38,36,3.38,7.3,8.17,5.35,7.56,8.41,5.3,8.28,8.75,4.27,8.17,8.21,2.61,8.45,8.25,36,35.65
221.38,36,3.28,7.3,8.16,5.29,7.55,8.41,5.24,8.27,8.74,4.16,8.17,8.21,2.51,8.43,8.24,36,35.65
222.38,36,3.18,7.3,8.16,5.21,7.55,8.41,5.17,8.28,8.74,4.06,8.16,8.2,2.41,8.43,8.23,36,35.66
223.38,36,3.07,7.27,8.14,5.12,7.52,8.39,5.08,8.24,8.71,3.92,8.14,8.18,2.28,8.39,8.22,36,35.65
224.38,36,2.94,7.26,8.13,5.05,7.5,8.38,5,8.22,8.7,3.81,8.11,8.16,2.16,8.37,8.19,36,35.65
225.38,36,2.84,7.27,8.14,4.97,7.51,8.38,4.92,8.22,8.71,3.7,8.11,8.17,2.04,8.37,8.2,36,35.66
226.38,36,2.73,7.25,8.13,4.88,7.49,8.38,4.84,8.21,8.71,3.6,8.09,8.16,1.91,8.35,8.19,36,35.66
227.38,36,2.6,7.25,8.11,4.79,7.49,8.37,4.76,8.19,8.69,3.46,8.08,8.15,1.77,8.33,8.18,36,35.65
228.4,36,2.47,7.23,8.1,4.69,7.47,8.37,4.67,8.16,8.69,3.36,8.05,8.12,1.62,8.3,8.17,36,35.66
229.4,36,2.34,7.21,8.09,4.58,7.46,8.34,4.57,8.14,8.67,3.23,8.04,8.11,1.48,8.28,8.14,36,35.66
230.4,36,2.2,7.2,8.08,4.49,7.44,8.34,4.46,8.14,8.66,3.11,8.03,8.11,1.34,8.28,8.14,36,35.65
231.4,36,2.06,7.18,8.07,4.39,7.42,8.32,4.35,8.11,8.65,2.99,8.01,8.08,1.21,8.24,8.11,36,35.66
232.4,36,1.93,7.18,8.06,4.3,7.41,8.32,4.23,8.11,8.65,2.87,8,8.08,1.08,8.24,8.12,36,35.66
233.4,36,1.79,7.15,8.06,4.16,7.39,8.3,4.09,8.07,8.63,2.75,7.97,8.04,0.94,8.2,8.09,36,35.65
234.4,36,1.66,7.14,8.04,4.03,7.38,8.3,3.96,8.06,8.63,2.63,7.95,8.04,0.84,8.19,8.08,36,35.66
235.4,36,1.55,7.15,8.04,3.93,7.37,8.29,3.81,8.05,8.64,2.52,7.93,8.03,0.74,8.17,8.09,36,35.65
236.4,36,1.44,7.14,8.04,3.81,7.36,8.28,3.67,8.04,8.63,2.4,7.93,8.01,0.65,8.15,8.08,36,35.65
237.42,36,1.36,7.13,8.03,3.67,7.35,8.28,3.53,8.03,8.62,2.27,7.91,7.99,0.59,8.13,8.06,36,35.65
238.42,36,1.3,7.11,8,3.53,7.32,8.24,3.37,8,8.62,2.14,7.89,7.96,0.54,8.11,8.06,36,35.65
239.42,36,1.27,7.1,8,3.41,7.31,8.24,3.23,7.98,8.62,2.02,7.87,7.95,0.5,8.09,8.04,36,35.65
240.42,36,1.23,7.09,8,3.26,7.29,8.23,3.07,7.95,8.61,1.88,7.85,7.93,0.46,8.07,8.04,36,35.66
241.42,36,1.21,7.08,7.99,3.11,7.28,8.22,2.92,7.94,8.58,1.76,7.84,7.92,0.44,8.04,8.03,36,35.65
242.42,36,1.19,7.06,7.97,2.96,7.27,8.22,2.78,7.93,8.59,1.64,7.82,7.91,0.42,8.04,8.03,36,35.66
243.42,36,1.17,7.05,7.97,2.81,7.25,8.21,2.64,7.91,8.58,1.53,7.81,7.88,0.39,8.01,8,36,35.66
244.42,36,1.16,7.04,7.96,2.65,7.24,8.2,2.49,7.89,8.58,1.44,7.79,7.87,0.37,7.99,7.99,36,35.65
245.43,36,1.16,7.03,7.95,2.51,7.22,8.19,2.35,7.87,8.58,1.36,7.78,7.85,0.36,7.96,7.98,36,35.65
246.43,36,1.15,7.02,7.94,2.35,7.22,8.18,2.22,7.85,8.57,1.3,7.76,7.84,0.35,7.96,7.98,36,35.66
247.43,36,1.13,6.99,7.92,2.17,7.19,8.16,2.07,7.83,8.55,1.25,7.72,7.81,0.34,7.92,7.95,36,35.66
248.43,36,1.13,6.99,7.92,2.02,7.18,8.16,1.97,7.81,8.54,1.23,7.71,7.8,0.34,7.91,7.94,36,35.66
249.43,36,1.13,6.99,7.92,1.88,7.17,8.16,1.86,7.81,8.55,1.21,7.71,7.78,0.33,7.89,7.94,36,35.66
250.45,36,1.13,6.96,7.91,1.74,7.14,8.13,1.77,7.79,8.54,1.19,7.67,7.76,0.32,7.86,7.92,36,35.66
251.45,36,1.13,6.97,7.91,1.62,7.13,8.13,1.71,7.77,8.54,1.18,7.65,7.75,0.32,7.84,7.93,36,35.65
252.45,36,1.12,6.95,7.89,1.54,7.11,8.11,1.66,7.74,8.53,1.15,7.63,7.73,0.31,7.82,7.91,36,35.66
253.45,36,1.12,6.92,7.86,1.49,7.1,8.11,1.61,7.73,8.52,1.14,7.61,7.7,0.31,7.8,7.89,36,35.66
254.45,36,1.12,6.93,7.87,1.47,7.07,8.09,1.58,7.71,8.51,1.12,7.59,7.68,0.3,7.78,7.87,36,35.66
255.45,36,1.12,6.91,7.85,1.44,7.06,8.08,1.55,7.69,8.51,1.12,7.58,7.66,0.3,7.76,7.87,36,35.65
256.45,36,1.1,6.88,7.84,1.4,7.02,8.06,1.53,7.66,8.49,1.09,7.55,7.63,0.29,7.73,7.84,36,35.66
257.45,36,1.12,6.89,7.84,1.4,7.02,8.07,1.53,7.65,8.49,1.1,7.54,7.62,0.3,7.72,7.85,36,35.66
258.45,36,1.11,6.88,7.83,1.38,7,8.03,1.51,7.62,8.48,1.08,7.51,7.59,0.3,7.7,7.84,36,35.66
259.47,36,1.11,6.85,7.83,1.37,6.99,8.04,1.5,7.6,8.48,1.08,7.49,7.57,0.29,7.69,7.84,36,35.66
260.47,36,1.1,6.84,7.81,1.36,6.95,8.01,1.49,7.59,8.45,1.08,7.47,7.56,0.29,7.67,7.82,36,35.66
261.47,36,1.1,6.83,7.8,1.36,6.94,8,1.49,7.56,8.45,1.08,7.44,7.53,0.28,7.65,7.83,36,35.66
262.47,36,1.11,6.83,7.8,1.36,6.93,8,1.49,7.54,8.45,1.08,7.44,7.52,0.29,7.64,7.82,36,35.66
263.47,36,1.1,6.81,7.78,1.35,6.92,7.99,1.47,7.52,8.42,1.08,7.4,7.5,0.29,7.62,7.8,36,35.66
264.47,36,1.1,6.8,7.77,1.34,6.89,7.96,1.47,7.5,8.42,1.07,7.37,7.48,0.28,7.61,7.79,36,35.66
265.47,36,1.09,6.79,7.76,1.34,6.87,7.94,1.47,7.47,8.41,1.07,7.35,7.46,0.28,7.59,7.76,36,35.66
266.48,36,1.1,6.78,7.76,1.34,6.86,7.95,1.46,7.46,8.41,1.08,7.34,7.44,0.28,7.58,7.76,36,35.66
267.48,36,1.1,6.77,7.76,1.33,6.84,7.93,1.46,7.45,8.4,1.07,7.32,7.42,0.28,7.56,7.75,36,35.66
268.48,36,1.1,6.75,7.74,1.33,6.83,7.92,1.45,7.42,8.38,1.06,7.29,7.4,0.27,7.54,7.74,36,35.66
269.48,36,1.1,6.74,7.73,1.33,6.81,7.9,1.45,7.4,8.37,1.06,7.28,7.39,0.28,7.54,7.73,36,35.66
270.48,36,1.1,6.73,7.74,1.33,6.79,7.91,1.45,7.38,8.37,1.07,7.27,7.37,0.28,7.52,7.73,36,35.66
271.48,36,1.1,6.71,7.71,1.31,6.76,7.89,1.44,7.35,8.35,1.06,7.24,7.35,0.27,7.49,7.72,36,35.66
272.48,36,1.09,6.69,7.69,1.31,6.73,7.87,1.44,7.32,8.32,1.06,7.22,7.32,0.25,7.45,7.69,36,35.66
273.48,36,1.09,6.69,7.69,1.31,6.71,7.86,1.43,7.29,8.31,1.06,7.2,7.31,0.26,7.44,7.69,36,35.66
274.5,36,1.09,6.66,7.67,1.3,6.69,7.86,1.42,7.27,8.31,1.05,7.17,7.29,0.26,7.42,7.68,36,35.66
275.5,36,1.09,6.65,7.67,1.3,6.68,7.84,1.42,7.25,8.29,1.05,7.16,7.28,0.26,7.39,7.68,36,35.66
276.5,36,1.1,6.65,7.66,1.31,6.65,7.84,1.42,7.23,8.29,1.06,7.14,7.27,0.26,7.37,7.66,36,35.65
277.5,36,1.09,6.63,7.64,1.3,6.62,7.82,1.42,7.2,8.27,1.04,7.11,7.26,0.26,7.35,7.66,36,35.66
278.5,36,1.09,6.62,7.64,1.31,6.6,7.82,1.42,7.18,8.26,1.05,7.1,7.25,0.26,7.32,7.65,36,35.66
279.5,36,1.1,6.62,7.65,1.31,6.58,7.81,1.43,7.15,8.26,1.05,7.09,7.24,0.28,7.3,7.65,36,35.66
280.5,36,1.09,6.59,7.63,1.31,6.57,7.79,1.42,7.13,8.24,1.05,7.06,7.21,0.27,7.29,7.64,36,35.66
281.5,36,1.1,6.58,7.63,1.31,6.54,7.77,1.43,7.1,8.24,1.06,7.04,7.2,0.26,7.28,7.62,36,35.66
282.5,36,1.08,6.56,7.6,1.3,6.49,7.74,1.42,7.06,8.21,1.04,7,7.18,0.26,7.23,7.6,36,35.66
283.52,36,1.08,6.53,7.59,1.3,6.47,7.72,1.42,7.04,8.19,1.04,6.98,7.15,0.26,7.21,7.6,36,35.66
284.52,36,1.09,6.54,7.59,1.29,6.45,7.72,1.43,7.01,8.18,1.04,6.96,7.13,0.27,7.2,7.59,36,35.66
285.52,36,1.08,6.53,7.57,1.3,6.41,7.7,1.42,6.98,8.17,1.04,6.94,7.11,0.27,7.17,7.57,36,35.66
286.52,36,1.09,6.5,7.56,1.3,6.38,7.68,1.42,6.95,8.16,1.04,6.93,7.1,0.28,7.16,7.56,36,35.66
287.52,36,1.09,6.5,7.55,1.3,6.36,7.67,1.42,6.92,8.14,1.04,6.89,7.1,0.28,7.14,7.55,36,35.66
288.52,36,1.09,6.48,7.55,1.3,6.33,7.66,1.42,6.9,8.14,1.04,6.88,7.09,0.29,7.12,7.53,36,35.66
289.52,36,1.09,6.47,7.54,1.29,6.29,7.64,1.42,6.86,8.13,1.04,6.84,7.07,0.28,7.1,7.52,36,35.66
290.52,36,1.08,6.44,7.53,1.29,6.26,7.63,1.41,6.82,8.11,1.04,6.82,7.03,0.28,7.07,7.5,36,35.68
291.52,36,1.08,6.45,7.52,1.29,6.24,7.62,1.41,6.81,8.1,1.04,6.8,7.02,0.28,7.05,7.5,36,35.66
292.52,36,1.08,6.42,7.5,1.29,6.2,7.59,1.41,6.76,8.07,1.04,6.77,7.01,0.27,7.02,7.48,36,35.66
293.53,36,1.1,6.41,7.51,1.29,6.19,7.58,1.41,6.73,8.06,1.06,6.75,7.01,0.28,7.01,7.49,36,35.66
294.53,36,1.1,6.4,7.5,1.29,6.15,7.55,1.42,6.7,8.05,1.06,6.73,6.99,0.27,6.98,7.46,36,35.66
295.53,36,1.1,6.38,7.5,1.29,6.12,7.54,1.41,6.66,8.04,1.06,6.7,6.96,0.27,6.95,7.46,36,35.66
296.55,36,1.1,6.36,7.48,1.27,6.09,7.51,1.41,6.6,8.02,1.05,6.68,6.95,0.26,6.92,7.44,36,35.68
297.55,36,1.1,6.35,7.47,1.29,6.06,7.52,1.4,6.58,8,1.06,6.65,6.93,0.26,6.9,7.42,36,35.66
298.55,36,1.1,6.34,7.46,1.29,6.04,7.5,1.41,6.53,8,1.05,6.64,6.92,0.26,6.87,7.42,36,35.66
299.57,36,1.1,6.31,7.46,1.29,6.01,7.48,1.41,6.51,7.98,1.04,6.6,6.92,0.26,6.85,7.43,36,35.66
300.57,36,1.1,6.29,7.45,1.29,5.99,7.47,1.4,6.47,7.96,1.04,6.58,6.9,0.26,6.83,7.41,36,35.66
301.57,36,1.1,6.28,7.43,1.29,5.95,7.46,1.41,6.44,7.95,1.04,6.56,6.9,0.25,6.8,7.4,36,35.68
302.57,36,1.1,6.27,7.42,1.29,5.93,7.45,1.41,6.39,7.93,1.04,6.53,6.88,0.26,6.79,7.4,36,35.68
303.57,36,1.09,6.24,7.4,1.27,5.89,7.42,1.4,6.35,7.92,1.02,6.5,6.85,0.25,6.74,7.35,36,35.66
304.57,36,1.1,6.23,7.39,1.27,5.87,7.4,1.4,6.31,7.9,1.02,6.48,6.84,0.25,6.72,7.35,36,35.66
305.58,36,1.1,6.23,7.4,1.28,5.83,7.42,1.41,6.28,7.9,1.04,6.46,6.82,0.25,6.71,7.35,36,35.66
306.58,36,1.09,6.2,7.38,1.28,5.8,7.39,1.4,6.24,7.89,1.03,6.44,6.82,0.25,6.66,7.33,36,35.68
307.58,36,1.08,6.19,7.36,1.28,5.77,7.37,1.4,6.19,7.86,1.03,6.41,6.8,0.25,6.64,7.31,36,35.66
308.58,36,1.08,6.18,7.36,1.28,5.74,7.36,1.4,6.15,7.85,1.03,6.38,6.79,0.25,6.6,7.31,36,35.68
309.58,36,1.08,6.17,7.36,1.29,5.73,7.35,1.4,6.11,7.84,1.04,6.37,6.79,0.26,6.59,7.3,36,35.66
310.6,36,1.08,6.14,7.36,1.29,5.69,7.32,1.4,6.07,7.84,1.04,6.36,6.76,0.26,6.56,7.3,36,35.66
311.6,36,1.08,6.12,7.34,1.29,5.67,7.31,1.4,6.03,7.83,1.03,6.34,6.75,0.26,6.53,7.28,36,35.66
312.6,36,1.08,6.11,7.33,1.28,5.63,7.29,1.4,5.98,7.82,1.03,6.31,6.73,0.26,6.48,7.28,36,35.68
313.6,36,1.08,6.1,7.33,1.28,5.61,7.29,1.4,5.93,7.8,1.02,6.29,6.72,0.26,6.47,7.27,36,35.66
314.62,36,1.08,6.08,7.31,1.28,5.56,7.28,1.4,5.88,7.78,1.02,6.27,6.7,0.25,6.44,7.26,36,35.66
315.62,36,1.08,6.07,7.31,1.3,5.55,7.26,1.41,5.87,7.78,1.04,6.24,6.7,0.26,6.41,7.25,36,35.66
316.62,36,1.08,6.06,7.29,1.29,5.52,7.26,1.4,5.81,7.76,1.03,6.21,6.7,0.26,6.38,7.24,36,35.68
317.62,36,1.08,6.03,7.28,1.28,5.49,7.24,1.4,5.76,7.74,1.02,6.19,6.66,0.25,6.35,7.21,36,35.66
318.62,36,1.08,6.01,7.27,1.29,5.45,7.23,1.4,5.73,7.74,1.03,6.16,6.66,0.25,6.32,7.22,36,35.66
319.62,36,1.08,6.01,7.26,1.29,5.43,7.22,1.4,5.68,7.71,1.03,6.13,6.65,0.25,6.28,7.19,36,35.68
320.63,36,1.08,5.99,7.25,1.28,5.39,7.21,1.4,5.64,7.7,1.02,6.11,6.64,0.25,6.26,7.2,36,35.66
321.63,36,1.08,5.97,7.23,1.29,5.35,7.18,1.4,5.6,7.69,1.02,6.08,6.62,0.25,6.22,7.19,36,35.66
322.63,36,1.08,5.96,7.22,1.28,5.33,7.19,1.4,5.56,7.69,1.04,6.06,6.62,0.25,6.2,7.2,36,35.66
323.63,36,1.08,5.95,7.21,1.29,5.29,7.17,1.4,5.53,7.68,1.03,6.04,6.6,0.25,6.17,7.19,36,35.66
324.63,36,1.08,5.93,7.19,1.29,5.27,7.15,1.4,5.48,7.66,1.02,6.02,6.59,0.24,6.13,7.17,36,35.68
325.63,36,1.08,5.91,7.2,1.28,5.23,7.14,1.4,5.46,7.66,1.02,5.98,6.58,0.25,6.1,7.17,36,35.66
326.65,36,1.08,5.9,7.22,1.27,5.2,7.14,1.4,5.41,7.64,1.03,5.96,6.58,0.25,6.06,7.15,36,35.66
327.65,36,1.08,5.88,7.23,1.27,5.17,7.1,1.4,5.36,7.63,1.02,5.94,6.57,0.24,6.03,7.12,36,35.66
328.65,36,1.08,5.87,7.23,1.28,5.13,7.11,1.4,5.32,7.62,1.03,5.93,6.56,0.25,6,7.12,36,35.66
329.67,36,1.08,5.84,7.21,1.28,5.1,7.09,1.4,5.29,7.61,1.03,5.89,6.53,0.25,5.96,7.1,36,35.66
330.67,36,1.08,5.82,7.19,1.28,5.07,7.08,1.4,5.24,7.61,1.02,5.87,6.52,0.24,5.93,7.09,36,35.66
331.67,36,1.07,5.81,7.17,1.27,5.02,7.05,1.39,5.2,7.6,1.02,5.83,6.51,0.24,5.9,7.08,36,35.66
332.67,36,1.08,5.81,7.15,1.28,5,7.04,1.4,5.16,7.59,1.02,5.81,6.48,0.25,5.87,7.07,36,35.66
333.68,36,1.07,5.77,7.13,1.29,4.96,7.03,1.4,5.12,7.58,1.02,5.77,6.47,0.25,5.83,7.06,36,35.66
334.68,36,1.08,5.77,7.11,1.28,4.94,7.03,1.4,5.08,7.57,1.02,5.76,6.46,0.25,5.81,7.06,36,35.65
335.68,36,1.07,5.74,7.1,1.28,4.9,7.01,1.39,5.03,7.56,1.02,5.73,6.44,0.25,5.78,7.02,36,35.65
336.68,36,1.08,5.73,7.09,1.28,4.87,6.98,1.4,5,7.55,1.02,5.7,6.42,0.25,5.76,7.02,36,35.66
337.7,36,1.07,5.71,7.06,1.27,4.82,6.97,1.4,4.95,7.53,1.02,5.65,6.39,0.25,5.71,7,36,35.66
338.7,36,1.08,5.7,7.05,1.27,4.8,6.95,1.4,4.91,7.51,1.03,5.63,6.38,0.25,5.7,7,36,35.66
339.7,36,1.07,5.68,7.02,1.27,4.76,6.93,1.4,4.86,7.5,1.02,5.59,6.36,0.24,5.67,6.97,36,35.66
340.7,36,1.08,5.65,7.01,1.27,4.72,6.93,1.4,4.82,7.49,1.02,5.57,6.35,0.25,5.65,6.96,36,35.66
341.7,36,1.08,5.65,6.99,1.27,4.68,6.9,1.4,4.78,7.48,1.03,5.54,6.33,0.24,5.61,6.94,36,35.65
342.7,36,1.06,5.62,6.97,1.27,4.63,6.89,1.39,4.72,7.43,1.01,5.5,6.28,0.24,5.58,6.92,36,35.65
343.7,36,1.07,5.61,6.95,1.27,4.6,6.86,1.39,4.69,7.42,1.01,5.47,6.27,0.24,5.55,6.91,36,35.66
344.72,36,1.08,5.6,6.95,1.27,4.57,6.86,1.4,4.65,7.41,1.02,5.44,6.25,0.25,5.53,6.9,36,35.66
345.72,36,1.07,5.58,6.94,1.27,4.53,6.84,1.4,4.61,7.39,1.02,5.41,6.23,0.25,5.49,6.89,36,35.66
346.72,36,1.07,5.56,6.92,1.27,4.5,6.82,1.4,4.57,7.38,1.02,5.38,6.2,0.25,5.47,6.86,36,35.65
347.72,36,1.07,5.54,6.91,1.28,4.47,6.81,1.4,4.53,7.35,1.02,5.35,6.19,0.25,5.43,6.86,36,35.65
348.72,36,1.08,5.53,6.9,1.27,4.43,6.8,1.39,4.48,7.32,1.02,5.33,6.17,0.25,5.4,6.84,36,35.65
349.73,36,1.07,5.52,6.88,1.27,4.4,6.77,1.4,4.43,7.28,1.02,5.3,6.15,0.25,5.35,6.83,36,35.66
350.73,36,1.08,5.51,6.88,1.27,4.36,6.76,1.4,4.39,7.28,1.02,5.28,6.13,0.24,5.33,6.83,36,35.66
351.73,36,1.07,5.48,6.86,1.27,4.32,6.74,1.4,4.34,7.25,1.02,5.26,6.11,0.25,5.29,6.82,36,35.65
352.73,36,1.07,5.47,6.84,1.27,4.27,6.7,1.39,4.28,7.23,1.02,5.24,6.1,0.24,5.26,6.8,36,35.65
353.75,36,1.07,5.44,6.84,1.27,4.23,6.7,1.39,4.23,7.21,1.01,5.21,6.08,0.24,5.23,6.8,36,35.66
354.75,36,1.08,5.44,6.82,1.27,4.19,6.68,1.4,4.19,7.19,1.02,5.18,6.08,0.24,5.2,6.78,36,35.65
355.75,36,1.08,5.42,6.82,1.27,4.16,6.68,1.4,4.15,7.18,1.02,5.17,6.07,0.24,5.17,6.77,36,35.65
356.75,36,1.06,5.39,6.79,1.27,4.11,6.65,1.39,4.1,7.15,1.01,5.13,6.04,0.23,5.12,6.73,36,35.66
357.75,36,1.07,5.38,6.78,1.27,4.09,6.63,1.39,4.07,7.14,1.02,5.09,6.04,0.24,5.09,6.72,36,35.65
358.75,36,1.07,5.36,6.76,1.28,4.06,6.62,1.4,4.03,7.14,1.02,5.06,6.03,0.25,5.07,6.7,36,35.66
359.77,36,1.07,5.35,6.74,1.27,4.02,6.58,1.4,4,7.12,1.01,5.02,6,0.24,5.03,6.7,36,35.66
360.77,36,1.07,5.32,6.72,1.27,3.99,6.58,1.4,3.96,7.1,1.02,4.97,5.99,0.24,5,6.69,36,35.66
361.77,36,1.08,5.32,6.73,1.28,3.95,6.58,1.4,3.92,7.11,1.03,4.94,5.97,0.25,4.98,6.68,36,35.65
362.77,36,1.07,5.29,6.7,1.27,3.91,6.54,1.4,3.9,7.09,1.02,4.9,5.94,0.25,4.95,6.66,36,35.66
363.78,36,1.07,5.28,6.68,1.27,3.86,6.52,1.39,3.87,7.07,1.02,4.84,5.92,0.24,4.91,6.63,36,35.66
364.78,36,1.08,5.25,6.67,1.27,3.83,6.51,1.4,3.86,7.06,1.01,4.8,5.89,0.25,4.89,6.62,36,35.66
365.78,36,1.06,5.23,6.64,1.27,3.78,6.48,1.4,3.83,7.04,1.01,4.73,5.87,0.23,4.84,6.59,36,35.66
366.78,36,1.07,5.22,6.63,1.27,3.75,6.46,1.4,3.81,7.03,1.02,4.7,5.85,0.25,4.82,6.57,36,35.66
367.78,36,1.07,5.2,6.62,1.27,3.71,6.43,1.4,3.78,7.02,1.02,4.65,5.83,0.25,4.79,6.56,36,35.66
368.78,36,1.08,5.17,6.59,1.28,3.67,6.43,1.39,3.74,7,1.02,4.6,5.8,0.25,4.76,6.54,36,35.66
369.78,36,1.08,5.16,6.58,1.27,3.63,6.4,1.4,3.73,6.98,1.02,4.53,5.77,0.25,4.72,6.51,36,35.66
370.8,36,1.07,5.14,6.57,1.27,3.6,6.38,1.39,3.67,6.97,1.02,4.49,5.73,0.23,4.67,6.49,36,35.66
371.8,36,1.07,5.12,6.56,1.27,3.55,6.36,1.39,3.63,6.95,1.01,4.41,5.7,0.23,4.62,6.47,36,35.66
372.8,36,1.07,5.1,6.54,1.27,3.51,6.35,1.38,3.6,6.94,1.01,4.36,5.67,0.23,4.58,6.45,36,35.66
373.8,36,1.07,5.09,6.53,1.27,3.47,6.32,1.39,3.55,6.92,1.02,4.31,5.64,0.24,4.55,6.43,36,35.66
374.8,36,1.07,5.06,6.51,1.27,3.43,6.3,1.39,3.49,6.9,1.02,4.24,5.6,0.23,4.49,6.4,36,35.66
375.8,36,1.08,5.05,6.51,1.27,3.39,6.29,1.4,3.44,6.89,1.02,4.19,5.58,0.24,4.45,6.36,36,35.66
376.8,36,1.08,5.03,6.49,1.27,3.36,6.27,1.4,3.39,6.86,1.02,4.15,5.54,0.25,4.4,6.35,36,35.66
377.8,36,1.07,5.01,6.48,1.27,3.31,6.27,1.39,3.33,6.83,1.02,4.08,5.51,0.25,4.35,6.31,36,35.66
378.8,36,1.07,4.98,6.47,1.26,3.27,6.24,1.39,3.27,6.82,1.01,4.03,5.47,0.24,4.3,6.29,36,35.66
379.8,36,1.06,4.96,6.45,1.27,3.23,6.24,1.39,3.22,6.79,1.01,3.98,5.46,0.23,4.24,6.25,36,35.66
380.8,36,1.07,4.95,6.45,1.27,3.19,6.23,1.39,3.17,6.78,1.02,3.94,5.44,0.25,4.19,6.23,36,35.66
381.8,36,1.07,4.92,6.44,1.27,3.14,6.22,1.4,3.11,6.76,1.02,3.89,5.42,0.25,4.15,6.19,36,35.66
382.8,36,1.07,4.91,6.41,1.26,3.09,6.19,1.38,3.04,6.72,1.01,3.85,5.39,0.24,4.08,6.15,36,35.66
383.8,36,1.06,4.89,6.4,1.27,3.04,6.17,1.39,2.99,6.7,1.02,3.79,5.38,0.23,4.04,6.11,36,35.66
384.8,36,1.06,4.87,6.4,1.27,2.99,6.19,1.4,2.94,6.69,1.02,3.74,5.38,0.24,4,6.09,36,35.66
385.82,36,1.08,4.86,6.38,1.27,2.95,6.17,1.4,2.87,6.66,1.02,3.68,5.37,0.24,3.96,6.07,36,35.66
386.82,36,1.06,4.82,6.37,1.27,2.89,6.16,1.38,2.8,6.62,1.01,3.62,5.35,0.23,3.9,6.03,36,35.66
387.82,36,1.08,4.81,6.37,1.27,2.85,6.15,1.4,2.75,6.6,1.02,3.56,5.36,0.25,3.89,6.02,36,35.66
388.82,36,1.07,4.8,6.36,1.27,2.81,6.14,1.39,2.68,6.56,1.02,3.5,5.34,0.25,3.85,5.99,36,35.66
389.83,36,1.06,4.77,6.34,1.27,2.75,6.11,1.39,2.59,6.52,1.02,3.46,5.33,0.25,3.81,5.95,36,35.66
390.83,36,1.07,4.76,6.34,1.27,2.7,6.11,1.39,2.53,6.48,1.02,3.41,5.32,0.25,3.78,5.94,36,35.66
391.83,36,1.06,4.72,6.31,1.27,2.66,6.08,1.39,2.45,6.45,1.01,3.37,5.31,0.23,3.75,5.91,36,35.66
392.83,36,1.07,4.72,6.31,1.27,2.62,6.08,1.4,2.38,6.43,1.02,3.36,5.29,0.24,3.73,5.88,36,35.66
393.83,36,1.07,4.69,6.29,1.27,2.57,6.05,1.4,2.31,6.43,1.02,3.34,5.29,0.23,3.7,5.86,36,35.66
394.83,36,1.07,4.67,6.29,1.27,2.53,6.04,1.38,2.24,6.45,1.02,3.33,5.29,0.24,3.68,5.84,36,35.66
395.85,36,1.08,4.66,6.29,1.27,2.49,6.03,1.39,2.19,6.48,1.02,3.33,5.29,0.24,3.69,5.81,36,35.66
396.85,36,1.08,4.64,6.28,1.27,2.45,6,1.4,2.13,6.52,1.02,3.3,5.31,0.25,3.7,5.8,36,35.66
397.85,36,1.07,4.62,6.26,1.27,2.4,5.98,1.4,2.07,6.54,1.02,3.27,5.29,0.24,3.72,5.77,36,35.66
398.85,36,1.08,4.58,6.25,1.27,2.36,5.95,1.4,2.01,6.57,1.02,3.23,5.29,0.25,3.77,5.73,36,35.66
399.85,36,1.08,4.57,6.23,1.28,2.32,5.95,1.4,1.97,6.58,1.02,3.2,5.29,0.25,3.81,5.72,36,35.66
400.85,36,1.07,4.53,6.2,1.27,2.27,5.91,1.39,1.92,6.58,1.01,3.14,5.28,0.23,3.84,5.69,36,35.66
401.87,36,1.07,4.52,6.2,1.27,2.22,5.88,1.39,1.9,6.58,1.02,3.08,5.26,0.23,3.87,5.67,36,35.66
402.87,36,1.07,4.52,6.19,1.28,2.19,5.88,1.4,1.87,6.6,1.01,3.05,5.24,0.24,3.9,5.65,36,35.66
403.87,36,1.08,4.49,6.18,1.27,2.14,5.86,1.4,1.86,6.6,1.02,2.99,5.23,0.25,3.92,5.64,36,35.66
404.87,36,1.07,4.46,6.15,1.28,2.09,5.82,1.4,1.85,6.59,1.02,2.94,5.2,0.25,3.92,5.61,36,35.66
405.87,36,1.06,4.42,6.13,1.25,2.03,5.79,1.38,1.83,6.58,1,2.88,5.17,0.23,3.91,5.58,36,35.66
406.87,36,1.07,4.43,6.12,1.27,1.99,5.78,1.4,1.83,6.58,1.02,2.84,5.14,0.24,3.92,5.56,36,35.66
407.88,36,1.07,4.39,6.12,1.27,1.94,5.75,1.4,1.81,6.58,1.02,2.8,5.12,0.25,3.91,5.56,36,35.66
408.88,36,1.06,4.38,6.11,1.27,1.88,5.73,1.39,1.78,6.56,1.02,2.75,5.1,0.25,3.89,5.52,36,35.66
409.88,36,1.07,4.36,6.1,1.27,1.83,5.73,1.38,1.77,6.54,1.01,2.71,5.07,0.24,3.88,5.5,36,35.66
410.9,36,1.07,4.34,6.09,1.27,1.78,5.71,1.39,1.75,6.52,1.02,2.66,5.06,0.24,3.87,5.48,36,35.66
411.9,36,1.07,4.32,6.07,1.27,1.71,5.69,1.4,1.71,6.49,1.01,2.61,5.03,0.25,3.85,5.47,36,35.66
412.9,36,1.06,4.29,6.05,1.26,1.64,5.67,1.39,1.69,6.46,1.02,2.54,4.99,0.23,3.82,5.44,36,35.66
413.9,36,1.07,4.27,6.03,1.27,1.59,5.65,1.38,1.67,6.45,1.02,2.49,4.98,0.23,3.81,5.42,36,35.66
414.9,36,1.07,4.24,6.03,1.27,1.52,5.61,1.39,1.64,6.42,1.01,2.43,4.97,0.24,3.78,5.42,36,35.66
415.9,36,1.07,4.23,6,1.27,1.46,5.59,1.4,1.62,6.38,1.02,2.38,4.97,0.24,3.76,5.41,36,35.66
416.9,36,1.06,4.19,5.99,1.27,1.4,5.58,1.39,1.59,6.36,1.01,2.35,4.97,0.24,3.74,5.4,36,35.66
417.9,36,1.07,4.17,5.97,1.27,1.34,5.55,1.39,1.57,6.35,1.02,2.29,4.96,0.25,3.71,5.38,36,35.66
418.92,36,1.08,4.15,5.95,1.27,1.28,5.51,1.39,1.55,6.32,1.02,2.27,4.96,0.24,3.68,5.37,36,35.66
419.92,36,1.08,4.13,5.95,1.27,1.23,5.49,1.4,1.53,6.31,1.02,2.24,4.96,0.25,3.66,5.36,36,35.66
420.93,36,1.08,4.11,5.94,1.27,1.17,5.47,1.4,1.51,6.3,1.02,2.2,4.94,0.24,3.61,5.34,36,35.68
421.93,36,1.08,4.07,5.94,1.28,1.12,5.44,1.4,1.5,6.29,1.02,2.18,4.92,0.25,3.57,5.34,36,35.68
422.93,36,1.06,4.05,5.91,1.27,1.05,5.4,1.4,1.49,6.28,1.02,2.12,4.9,0.24,3.51,5.31,36,35.68
423.93,36,1.07,4.03,5.9,1.27,1.01,5.37,1.4,1.47,6.27,1.02,2.09,4.86,0.24,3.47,5.3,36,35.68
424.93,36,1.07,4.01,5.88,1.26,0.95,5.33,1.4,1.46,6.27,1.02,2.05,4.86,0.25,3.41,5.29,36,35.68
425.93,36,1.07,3.97,5.86,1.27,0.88,5.3,1.4,1.44,6.24,1.02,2.02,4.82,0.25,3.35,5.29,36,35.69
426.93,36,1.07,3.95,5.84,1.27,0.84,5.27,1.4,1.44,6.22,1.02,1.97,4.8,0.24,3.28,5.26,36,35.68
427.93,36,1.06,3.92,5.81,1.26,0.77,5.23,1.38,1.42,6.2,1,1.91,4.77,0.24,3.18,5.25,36,35.68
428.93,36,1.07,3.9,5.81,1.27,0.73,5.2,1.4,1.43,6.2,1.02,1.87,4.75,0.25,3.11,5.25,36,35.68
429.93,36,1.08,3.87,5.8,1.27,0.68,5.18,1.4,1.44,6.19,1.02,1.82,4.72,0.25,3.03,5.24,36,35.7
430.93,36,1.07,3.85,5.77,1.27,0.63,5.14,1.39,1.47,6.14,1.02,1.76,4.71,0.24,2.94,5.22,36,35.7
431.93,36,1.07,3.81,5.75,1.27,0.59,5.12,1.4,1.53,6.13,1.02,1.7,4.68,0.25,2.85,5.2,36,35.7
432.93,36,1.07,3.78,5.72,1.26,0.54,5.08,1.4,1.62,6.1,1.01,1.63,4.66,0.23,2.77,5.19,36,35.69
433.93,36,1.08,3.76,5.72,1.27,0.53,5.05,1.39,1.73,6.08,1.02,1.58,4.64,0.24,2.68,5.18,36,35.68
434.95,36,1.06,3.73,5.69,1.27,0.5,5,1.38,1.84,6.04,1.01,1.52,4.62,0.25,2.61,5.16,36,35.7
435.95,36,1.08,3.71,5.68,1.27,0.5,4.96,1.4,1.96,6.03,1.02,1.47,4.61,0.25,2.58,5.17,36,35.7
436.95,36,1.07,3.68,5.65,1.27,0.48,4.91,1.4,2.05,5.99,1.01,1.43,4.58,0.24,2.53,5.13,36,35.7
437.95,36,1.07,3.65,5.64,1.27,0.48,4.86,1.4,2.14,5.97,1.02,1.42,4.56,0.24,2.53,5.13,36,35.7
438.95,36,1.08,3.63,5.61,1.28,0.48,4.82,1.4,2.19,5.96,1.02,1.41,4.54,0.25,2.52,5.12,36,35.7
439.95,36,1.07,3.6,5.6,1.27,0.47,4.77,1.4,2.22,5.93,1.02,1.38,4.52,0.24,2.53,5.11,36,35.7
440.97,36,1.08,3.58,5.58,1.28,0.46,4.73,1.4,2.22,5.92,1.03,1.38,4.49,0.25,2.56,5.08,36,35.7
441.97,36,1.08,3.56,5.57,1.27,0.46,4.69,1.4,2.19,5.89,1.02,1.38,4.47,0.25,2.61,5.07,36,35.7
442.97,36,1.08,3.52,5.55,1.27,0.46,4.67,1.4,2.14,5.88,1.02,1.38,4.44,0.25,2.67,5.04,36,35.7
443.97,36,1.07,3.49,5.54,1.27,0.45,4.63,1.4,2.09,5.86,1.02,1.39,4.41,0.24,2.73,5.02,36,35.7
444.97,36,1.08,3.49,5.53,1.27,0.45,4.62,1.4,2.01,5.86,1.02,1.42,4.4,0.25,2.8,5.02,36,35.7
445.98,36,1.08,3.45,5.51,1.28,0.45,4.6,1.4,1.92,5.84,1.02,1.49,4.36,0.25,2.86,5,36,35.71
446.98,36,1.08,3.44,5.52,1.28,0.45,4.59,1.41,1.86,5.84,1.02,1.58,4.36,0.26,2.92,4.99,36,35.71
447.98,36,1.08,3.41,5.48,1.28,0.43,4.56,1.4,1.76,5.81,1.02,1.64,4.33,0.24,2.95,4.96,36,35.7
448.98,36,1.08,3.39,5.47,1.27,0.43,4.55,1.4,1.71,5.8,1.02,1.71,4.32,0.24,2.98,4.93,36,35.7
449.98,36,1.08,3.36,5.47,1.27,0.43,4.54,1.4,1.67,5.77,1.02,1.75,4.29,0.25,2.99,4.91,36,35.71
450.98,36,1.08,3.34,5.47,1.28,0.43,4.53,1.4,1.65,5.75,1.02,1.78,4.27,0.25,2.99,4.9,36,35.71
451.98,36,1.08,3.32,5.46,1.27,0.42,4.49,1.39,1.65,5.73,1.02,1.76,4.25,0.25,2.99,4.86,36,35.71
452.98,36,1.07,3.29,5.46,1.27,0.43,4.45,1.4,1.65,5.72,1.02,1.75,4.23,0.25,2.99,4.86,36,35.71
453.98,36,1.08,3.26,5.44,1.27,0.43,4.42,1.4,1.64,5.69,1.02,1.71,4.21,0.25,2.99,4.82,36,35.73
454.98,36,1.07,3.24,5.42,1.27,0.41,4.36,1.39,1.63,5.67,1.02,1.68,4.19,0.24,2.97,4.8,36,35.71
455.98,36,1.07,3.2,5.43,1.27,0.41,4.32,1.4,1.62,5.66,1.02,1.63,4.18,0.25,2.96,4.77,36,35.71
457,36,1.07,3.17,5.41,1.27,0.41,4.25,1.4,1.62,5.64,1.02,1.58,4.16,0.24,2.92,4.75,36,35.71
458,36,1.08,3.15,5.41,1.27,0.4,4.19,1.4,1.62,5.61,1.02,1.52,4.15,0.25,2.87,4.72,36,35.7
459,36,1.08,3.13,5.41,1.27,0.4,4.13,1.4,1.62,5.59,1.02,1.47,4.12,0.25,2.82,4.67,36,35.71
460,36,1.08,3.11,5.4,1.28,0.39,4.08,1.4,1.62,5.56,1.02,1.42,4.11,0.25,2.76,4.65,36,35.71
461,36,1.08,3.08,5.4,1.28,0.41,4.03,1.4,1.62,5.53,1.02,1.39,4.09,0.25,2.69,4.62,36,35.7
462,36,1.07,3.04,5.39,1.27,0.42,4.03,1.39,1.6,5.5,1.02,1.36,4.07,0.24,2.59,4.58,36,35.7
463,36,1.08,3.02,5.38,1.28,0.46,4.05,1.4,1.58,5.49,1.02,1.34,4.06,0.25,2.51,4.56,36,35.71
464.02,36,1.07,2.99,5.36,1.27,0.53,4.07,1.4,1.54,5.47,1.02,1.32,4.04,0.24,2.4,4.53,36,35.7
465.02,36,1.08,2.96,5.35,1.28,0.6,4.13,1.4,1.51,5.49,1.02,1.32,4.04,0.25,2.3,4.49,36,35.7
466.02,36,1.07,2.93,5.35,1.27,0.67,4.18,1.4,1.49,5.5,1.02,1.31,4.02,0.25,2.2,4.48,36,35.7
467.02,36,1.06,2.9,5.33,1.27,0.7,4.21,1.39,1.47,5.51,1.02,1.31,4,0.23,2.09,4.44,36,35.7
468.02,36,1.07,2.87,5.32,1.28,0.72,4.29,1.4,1.47,5.53,1.01,1.33,4.01,0.25,1.99,4.43,36,35.7
469.02,36,1.08,2.85,5.32,1.27,0.73,4.35,1.4,1.45,5.54,1.02,1.36,4,0.25,1.91,4.41,36,35.7
470.02,36,1.07,2.81,5.29,1.27,0.7,4.4,1.4,1.44,5.54,1.02,1.38,3.97,0.24,1.84,4.37,36,35.7
471.03,36,1.07,2.78,5.28,1.27,0.67,4.44,1.39,1.43,5.54,1.02,1.37,3.96,0.25,1.78,4.36,36,35.7
472.03,36,1.08,2.75,5.26,1.28,0.65,4.49,1.4,1.44,5.54,1.02,1.38,3.94,0.25,1.75,4.34,36,35.7
473.03,36,1.07,2.72,5.25,1.27,0.61,4.51,1.4,1.44,5.53,1.02,1.36,3.92,0.24,1.74,4.31,36,35.7
474.03,36,1.08,2.67,5.23,1.27,0.58,4.54,1.4,1.46,5.52,1.02,1.34,3.88,0.25,1.75,4.31,36,35.69
475.05,36,1.07,2.64,5.2,1.27,0.55,4.56,1.39,1.47,5.51,1.01,1.34,3.84,0.25,1.74,4.29,36,35.7
476.05,36,1.06,2.6,5.18,1.27,0.51,4.56,1.39,1.48,5.5,1.02,1.32,3.81,0.24,1.75,4.27,36,35.7
477.05,36,1.07,2.57,5.17,1.27,0.48,4.58,1.39,1.49,5.48,1.02,1.31,3.79,0.24,1.74,4.25,36,35.7
478.07,36,1.08,2.54,5.14,1.27,0.46,4.59,1.4,1.5,5.47,1.02,1.31,3.76,0.24,1.72,4.23,36,35.7
479.07,36,1.08,2.51,5.13,1.28,0.44,4.58,1.4,1.51,5.47,1.02,1.31,3.74,0.25,1.7,4.23,36,35.7
480.07,36,1.07,2.46,5.11,1.27,0.43,4.6,1.4,1.55,5.45,1.01,1.31,3.71,0.25,1.68,4.2,36,35.7
481.07,36,1.08,2.43,5.1,1.28,0.42,4.6,1.4,1.57,5.45,1.02,1.31,3.69,0.25,1.67,4.19,36,35.7
482.07,36,1.08,2.4,5.07,1.27,0.42,4.6,1.4,1.57,5.44,1.03,1.31,3.67,0.25,1.67,4.18,36,35.7
483.08,36,1.08,2.35,5.05,1.27,0.41,4.6,1.4,1.53,5.43,1.02,1.31,3.63,0.24,1.68,4.15,36,35.7
484.08,36,1.07,2.32,5.04,1.27,0.39,4.59,1.39,1.51,5.41,1.01,1.31,3.62,0.25,1.69,4.13,36,35.7
485.08,36,1.08,2.29,5.02,1.27,0.39,4.58,1.4,1.47,5.41,1.02,1.32,3.6,0.24,1.69,4.11,36,35.7
486.08,36,1.07,2.25,5.01,1.27,0.39,4.54,1.39,1.44,5.4,1.02,1.31,3.57,0.24,1.69,4.1,36,35.7
487.08,36,1.07,2.23,5,1.27,0.39,4.54,1.4,1.44,5.39,1.02,1.31,3.55,0.25,1.69,4.07,36,35.7
488.1,36,1.08,2.21,4.98,1.27,0.41,4.53,1.4,1.44,5.37,1.02,1.31,3.54,0.25,1.69,4.07,36,35.7
489.1,36,1.08,2.18,4.96,1.27,0.41,4.52,1.39,1.44,5.35,1.02,1.31,3.51,0.25,1.68,4.03,36,35.7
490.1,36,1.08,2.17,4.96,1.27,0.41,4.5,1.4,1.44,5.33,1.02,1.31,3.48,0.24,1.66,4.03,36,35.7
491.12,36,1.07,2.13,4.96,1.27,0.41,4.48,1.4,1.42,5.29,1.02,1.3,3.45,0.25,1.63,4.01,36,35.7
492.12,36,1.07,2.09,4.91,1.27,0.38,4.44,1.38,1.42,5.27,1.02,1.29,3.4,0.24,1.57,3.98,36,35.71
493.12,36,1.08,2.08,4.91,1.28,0.39,4.44,1.4,1.42,5.26,1.02,1.3,3.39,0.25,1.53,3.99,36,35.7
494.13,36,1.07,2.05,4.89,1.27,0.37,4.38,1.39,1.41,5.22,1.02,1.29,3.34,0.25,1.45,3.97,36,35.71
495.13,36,1.07,2.02,4.87,1.27,0.37,4.37,1.39,1.42,5.2,1.02,1.29,3.32,0.25,1.38,3.96,36,35.7
496.13,36,1.07,1.97,4.84,1.27,0.36,4.33,1.39,1.4,5.17,1.02,1.29,3.27,0.24,1.31,3.93,36,35.7
497.13,36,1.08,1.95,4.83,1.27,0.36,4.3,1.4,1.41,5.14,1.02,1.3,3.24,0.25,1.29,3.93,36,35.7
498.15,36,1.08,1.9,4.8,1.27,0.37,4.26,1.4,1.42,5.11,1.02,1.3,3.19,0.24,1.27,3.92,36,35.7
499.15,36,1.07,1.85,4.77,1.27,0.36,4.21,1.39,1.41,5.07,1.01,1.29,3.14,0.24,1.26,3.89,36,35.71
500.15,36,1.07,1.83,4.75,1.27,0.37,4.16,1.4,1.42,5.04,1.01,1.29,3.11,0.24,1.28,3.88,36,35.7
501.15,36,1.08,1.8,4.73,1.28,0.39,4.13,1.4,1.43,5.02,1.02,1.3,3.09,0.25,1.29,3.86,36,35.71
502.15,36,1.07,1.75,4.71,1.26,0.4,4.06,1.39,1.42,4.96,1.01,1.29,3.04,0.24,1.3,3.83,36,35.7
503.17,36,1.07,1.72,4.7,1.27,0.41,4.01,1.4,1.42,4.93,1.02,1.29,3.02,0.24,1.34,3.8,36,35.71
504.17,36,1.08,1.7,4.68,1.27,0.42,3.99,1.41,1.43,4.91,1.02,1.3,2.99,0.25,1.36,3.79,36,35.73
505.17,36,1.07,1.66,4.67,1.27,0.41,3.92,1.39,1.42,4.89,1.01,1.29,2.97,0.24,1.38,3.75,36,35.71
506.17,36,1.07,1.63,4.63,1.27,0.41,3.88,1.4,1.41,4.86,1.02,1.3,2.96,0.25,1.38,3.74,36,35.71
507.17,36,1.08,1.6,4.63,1.28,0.4,3.84,1.4,1.41,4.84,1.02,1.3,2.94,0.25,1.39,3.72,36,35.71
508.17,36,1.08,1.58,4.62,1.27,0.4,3.81,1.4,1.4,4.81,1.02,1.31,2.93,0.25,1.36,3.7,36,35.71
509.18,36,1.07,1.55,4.59,1.28,0.39,3.76,1.39,1.4,4.78,1,1.3,2.91,0.25,1.32,3.67,36,35.73
510.18,36,1.07,1.53,4.58,1.27,0.39,3.74,1.4,1.4,4.77,1.01,1.29,2.92,0.25,1.28,3.66,36,35.71
511.18,36,1.07,1.5,4.57,1.27,0.39,3.72,1.4,1.39,4.74,1.01,1.29,2.9,0.25,1.22,3.63,36,35.71
512.2,36,1.07,1.48,4.55,1.27,0.39,3.72,1.4,1.39,4.72,1.02,1.29,2.88,0.25,1.18,3.6,36,35.7
513.2,36,1.08,1.47,4.55,1.27,0.4,3.7,1.4,1.4,4.69,1.02,1.3,2.87,0.25,1.15,3.58,36,35.71
514.2,36,1.08,1.44,4.54,1.28,0.39,3.7,1.4,1.4,4.66,1.02,1.29,2.85,0.25,1.11,3.56,36,35.71
515.2,36,1.08,1.43,4.54,1.27,0.4,3.7,1.39,1.4,4.63,1.02,1.29,2.82,0.25,1.09,3.53,36,35.71
516.2,36,1.08,1.42,4.54,1.28,0.41,3.71,1.4,1.4,4.62,1.02,1.29,2.8,0.25,1.07,3.49,36,35.7
517.2,36,1.07,1.39,4.53,1.26,0.41,3.7,1.39,1.37,4.58,1.01,1.28,2.78,0.24,1.05,3.46,36,35.7
518.22,36,1.08,1.38,4.52,1.27,0.41,3.71,1.39,1.38,4.55,1.02,1.28,2.77,0.24,1.06,3.43,36,35.7
519.22,36,1.08,1.35,4.51,1.27,0.4,3.72,1.39,1.38,4.53,1.01,1.28,2.78,0.24,1.08,3.41,36,35.7
520.22,36,1.07,1.34,4.49,1.27,0.39,3.74,1.4,1.38,4.51,1.02,1.27,2.77,0.25,1.12,3.39,36,35.7
521.22,36,1.07,1.31,4.49,1.27,0.39,3.76,1.39,1.37,4.5,1.01,1.27,2.77,0.24,1.2,3.37,36,35.7
522.23,36,1.08,1.27,4.48,1.27,0.39,3.78,1.4,1.38,4.49,1.02,1.28,2.78,0.25,1.29,3.37,36,35.73
523.23,36,1.08,1.25,4.46,1.27,0.38,3.79,1.4,1.38,4.49,1.02,1.27,2.78,0.25,1.37,3.36,36,35.71
524.23,36,1.08,1.23,4.44,1.28,0.38,3.8,1.4,1.38,4.48,1.03,1.27,2.78,0.25,1.44,3.36,36,35.7
525.25,36,1.08,1.2,4.43,1.27,0.37,3.79,1.4,1.38,4.47,1.02,1.27,2.76,0.25,1.47,3.36,36,35.7
526.25,36,1.08,1.19,4.41,1.27,0.37,3.8,1.4,1.38,4.46,1.02,1.27,2.75,0.25,1.48,3.36,36,35.7
527.25,36,1.08,1.17,4.39,1.26,0.35,3.78,1.4,1.39,4.45,1.02,1.25,2.73,0.25,1.46,3.33,36,35.71
528.25,36,1.07,1.15,4.37,1.28,0.35,3.76,1.4,1.4,4.44,1.02,1.25,2.7,0.24,1.42,3.32,36,35.71
529.25,36,1.07,1.14,4.35,1.27,0.35,3.74,1.39,1.39,4.44,1.01,1.25,2.68,0.23,1.38,3.3,36,35.7
530.25,36,1.07,1.13,4.34,1.27,0.36,3.71,1.39,1.38,4.42,1.01,1.25,2.65,0.24,1.34,3.29,36,35.71
531.25,36,1.07,1.1,4.32,1.27,0.37,3.72,1.39,1.39,4.43,1.02,1.25,2.61,0.24,1.27,3.26,36,35.71
532.25,36,1.08,1.1,4.31,1.27,0.37,3.7,1.4,1.38,4.42,1.02,1.25,2.6,0.25,1.25,3.24,36,35.7
533.27,36,1.08,1.09,4.28,1.27,0.37,3.69,1.4,1.38,4.41,1.02,1.26,2.56,0.25,1.19,3.2,36,35.7
534.27,36,1.08,1.08,4.27,1.27,0.38,3.68,1.4,1.39,4.41,1.02,1.26,2.53,0.25,1.16,3.17,36,35.7
535.27,36,1.07,1.06,4.25,1.27,0.37,3.66,1.4,1.38,4.4,1.02,1.26,2.51,0.24,1.13,3.13,36,35.7
536.27,36,1.08,1.06,4.23,1.27,0.37,3.65,1.4,1.38,4.39,1.01,1.26,2.48,0.25,1.1,3.08,36,35.7
537.28,36,1.07,1.06,4.22,1.27,0.37,3.63,1.4,1.37,4.37,1.02,1.26,2.44,0.24,1.08,3.06,36,35.7
538.28,36,1.07,1.05,4.21,1.27,0.36,3.62,1.4,1.37,4.36,1.02,1.26,2.42,0.24,1.06,3.02,36,35.7
539.28,36,1.06,1.04,4.19,1.26,0.36,3.57,1.39,1.37,4.35,1.01,1.25,2.4,0.24,1.04,3,36,35.7
540.28,36,1.08,1.04,4.19,1.27,0.36,3.56,1.39,1.38,4.33,1.02,1.26,2.39,0.25,1.06,3,36,35.7
541.3,36,1.07,1.02,4.16,1.27,0.36,3.53,1.39,1.38,4.31,1.01,1.25,2.36,0.24,1.03,2.99,36,35.7
542.3,36,1.07,1.01,4.15,1.27,0.35,3.5,1.4,1.38,4.29,1.02,1.25,2.35,0.24,1.03,2.99,36,35.71
543.3,36,1.07,1,4.12,1.26,0.35,3.47,1.39,1.37,4.27,1.02,1.25,2.32,0.24,1.02,2.99,36,35.7
544.3,36,1.07,1,4.1,1.26,0.35,3.45,1.39,1.37,4.26,1.02,1.25,2.3,0.25,1.02,2.99,36,35.7
545.3,36,1.07,0.99,4.07,1.27,0.34,3.41,1.39,1.36,4.23,1.02,1.25,2.27,0.24,1.02,2.99,36,35.71
546.3,36,1.08,0.98,4.05,1.27,0.35,3.41,1.4,1.38,4.23,1.02,1.25,2.25,0.25,1.02,2.99,36,35.7
547.32,36,1.08,0.98,4.03,1.27,0.35,3.4,1.39,1.38,4.22,1.02,1.25,2.23,0.25,1.02,2.99,36,35.7
548.32,36,1.07,0.96,4,1.27,0.34,3.39,1.39,1.38,4.19,1.01,1.25,2.19,0.25,1,2.97,36,35.71
549.32,36,1.07,0.96,3.98,1.27,0.35,3.39,1.39,1.36,4.17,1.02,1.25,2.16,0.24,1.02,2.96,36,35.71
550.32,36,1.07,0.95,3.96,1.27,0.34,3.4,1.39,1.36,4.15,1.01,1.25,2.13,0.24,1.01,2.94,36,35.7
551.32,36,1.06,0.95,3.93,1.27,0.34,3.39,1.38,1.36,4.13,1,1.25,2.09,0.24,1.01,2.91,36,35.7
552.32,36,1.07,0.95,3.92,1.26,0.34,3.38,1.39,1.36,4.11,1.01,1.25,2.08,0.24,1.01,2.89,36,35.7
553.33,36,1.08,0.95,3.9,1.27,0.34,3.35,1.39,1.36,4.08,1.01,1.25,2.05,0.24,1.02,2.87,36,35.7
554.33,36,1.08,0.95,3.9,1.27,0.35,3.33,1.4,1.36,4.07,1.02,1.25,2.04,0.25,1.02,2.86,36,35.71
555.33,36,1.07,0.94,3.88,1.27,0.34,3.26,1.39,1.36,4.03,1.02,1.24,2.02,0.24,1.02,2.82,36,35.7
556.33,36,1.08,0.94,3.88,1.29,0.34,3.23,1.4,1.37,4,1.02,1.25,2,0.24,1.03,2.8,36,35.71
557.35,36,1.08,0.94,3.86,1.28,0.35,3.17,1.4,1.37,3.97,1.02,1.24,1.98,0.25,1.03,2.76,36,35.71
558.35,36,1.07,0.93,3.85,1.27,0.34,3.12,1.39,1.36,3.93,1.02,1.24,1.97,0.25,1.04,2.73,36,35.7
559.37,36,1.07,0.93,3.85,1.27,0.35,3.06,1.4,1.37,3.91,1.02,1.25,1.95,0.25,1.05,2.7,36,35.7
560.37,36,1.07,0.93,3.83,1.27,0.35,2.99,1.4,1.37,3.88,1.02,1.25,1.93,0.25,1.06,2.65,36,35.7
561.37,36,1.08,0.93,3.82,1.27,0.35,2.95,1.4,1.36,3.85,1.02,1.25,1.92,0.25,1.06,2.63,36,35.71
562.37,36,1.07,0.93,3.81,1.27,0.35,2.9,1.4,1.37,3.81,1.02,1.23,1.9,0.25,1.07,2.59,36,35.7
563.37,36,1.07,0.93,3.8,1.27,0.35,2.87,1.4,1.37,3.79,1.02,1.25,1.89,0.24,1.06,2.55,36,35.7
564.38,36,1.08,0.92,3.78,1.27,0.35,2.81,1.4,1.36,3.76,1.02,1.24,1.88,0.25,1.06,2.51,36,35.71
565.38,36,1.07,0.92,3.78,1.27,0.35,2.79,1.4,1.37,3.71,1.01,1.24,1.87,0.24,1.06,2.48,36,35.7
566.38,36,1.06,0.91,3.77,1.26,0.34,2.77,1.38,1.36,3.67,1.02,1.23,1.85,0.25,1.05,2.45,36,35.7
567.38,36,1.08,0.92,3.77,1.27,0.35,2.77,1.4,1.36,3.64,1.01,1.25,1.87,0.25,1.05,2.43,36,35.7
568.38,36,1.06,0.92,3.74,1.27,0.35,2.77,1.39,1.37,3.6,1.02,1.24,1.87,0.25,1.04,2.4,36,35.7
569.4,36,1.07,0.91,3.74,1.27,0.35,2.79,1.4,1.37,3.56,1.01,1.24,1.86,0.25,1.02,2.38,36,35.7
570.4,36,1.07,0.91,3.72,1.27,0.35,2.82,1.4,1.37,3.52,1.01,1.24,1.85,0.25,1.03,2.37,36,35.7
571.4,36,1.08,0.9,3.72,1.28,0.34,2.85,1.4,1.36,3.48,1.02,1.25,1.85,0.25,1.02,2.36,36,35.71
572.4,36,1.07,0.9,3.69,1.27,0.34,2.87,1.4,1.36,3.46,1.02,1.24,1.83,0.24,1.02,2.35,36,35.7
573.42,36,1.07,0.89,3.68,1.27,0.34,2.9,1.39,1.36,3.45,1.02,1.24,1.8,0.24,1.02,2.34,36,35.7
574.42,36,1.07,0.89,3.67,1.27,0.34,2.92,1.39,1.36,3.44,1.02,1.23,1.79,0.24,1.02,2.32,36,35.71
575.42,36,1.07,0.9,3.65,1.27,0.34,2.93,1.4,1.36,3.45,1.02,1.23,1.79,0.24,1.02,2.33,36,35.7
576.43,36,1.07,0.9,3.63,1.27,0.34,2.93,1.4,1.36,3.45,1.02,1.23,1.78,0.25,1.02,2.32,36,35.7
577.43,36,1.07,0.88,3.61,1.27,0.34,2.92,1.4,1.36,3.46,1.01,1.23,1.77,0.24,1.02,2.32,36,35.7
578.43,36,1.07,0.89,3.58,1.26,0.34,2.92,1.4,1.36,3.46,1.01,1.23,1.74,0.24,1.01,2.31,36,35.7
579.43,36,1.08,0.9,3.58,1.27,0.34,2.91,1.4,1.36,3.48,1.02,1.23,1.74,0.24,1.02,2.3,36,35.7
580.43,36,1.07,0.9,3.56,1.27,0.34,2.92,1.39,1.36,3.47,1.02,1.23,1.73,0.25,1.01,2.29,36,35.7
581.45,36,1.07,0.89,3.53,1.27,0.34,2.91,1.4,1.36,3.46,1.02,1.23,1.72,0.25,1,2.27,36,35.7
582.45,36,1.08,0.89,3.52,1.27,0.34,2.9,1.39,1.35,3.46,1.02,1.23,1.71,0.25,1,2.24,36,35.7
583.45,36,1.07,0.88,3.51,1.27,0.34,2.9,1.4,1.35,3.44,1.01,1.23,1.69,0.24,1,2.22,36,35.7
584.45,36,1.07,0.88,3.48,1.27,0.34,2.89,1.39,1.36,3.43,1.02,1.23,1.67,0.24,1,2.19,36,35.7
585.47,36,1.07,0.88,3.47,1.28,0.34,2.87,1.4,1.36,3.42,1.02,1.23,1.67,0.25,1,2.18,36,35.7
586.47,36,1.07,0.88,3.45,1.27,0.34,2.84,1.4,1.36,3.39,1.02,1.23,1.65,0.24,1,2.16,36,35.7
587.47,36,1.08,0.88,3.44,1.27,0.34,2.83,1.4,1.36,3.39,1.02,1.23,1.65,0.25,1.01,2.14,36,35.7
588.48,36,1.07,0.87,3.42,1.28,0.33,2.8,1.39,1.35,3.36,1.02,1.23,1.64,0.24,1,2.1,36,35.7
589.48,36,1.07,0.88,3.4,1.27,0.34,2.78,1.39,1.36,3.35,1.02,1.23,1.64,0.24,1,2.08,36,35.7
590.48,36,1.06,0.86,3.39,1.27,0.34,2.78,1.39,1.36,3.32,1.01,1.23,1.62,0.24,0.99,2.04,36,35.7
591.48,36,1.07,0.87,3.38,1.26,0.33,2.75,1.39,1.35,3.3,1.02,1.23,1.62,0.24,0.98,2.02,36,35.7
592.5,36,1.08,0.88,3.38,1.27,0.34,2.75,1.4,1.36,3.31,1.02,1.24,1.63,0.25,0.99,2.01,36,35.7
593.5,36,1.07,0.87,3.36,1.27,0.34,2.72,1.39,1.35,3.3,1.01,1.23,1.63,0.23,0.98,1.97,36,35.7
594.5,36,1.07,0.86,3.36,1.27,0.34,2.7,1.4,1.36,3.3,1.01,1.23,1.62,0.24,0.98,1.95,36,35.69
595.5,36,1.08,0.87,3.33,1.27,0.34,2.69,1.4,1.36,3.3,1.01,1.24,1.63,0.24,0.97,1.92,36,35.7
596.5,36,1.07,0.87,3.31,1.27,0.33,2.66,1.39,1.35,3.29,1.01,1.23,1.62,0.25,0.96,1.89,36,35.69
597.52,36,1.08,0.87,3.31,1.27,0.34,2.65,1.4,1.35,3.29,1.02,1.23,1.63,0.25,0.96,1.87,36,35.7
598.52,36,1.08,0.87,3.3,1.27,0.34,2.65,1.4,1.36,3.27,1.02,1.23,1.62,0.24,0.96,1.84,36,35.69
599.52,36,1.06,0.86,3.27,1.27,0.33,2.64,1.38,1.34,3.27,1.02,1.23,1.61,0.24,0.95,1.81,36,35.68
600.53,36,1.07,0.86,3.27,1.27,0.34,2.64,1.39,1.35,3.27,1.01,1.23,1.6,0.24,0.96,1.79,36,35.69
601.53,36,1.07,0.86,3.25,1.27,0.34,2.64,1.4,1.35,3.26,1.02,1.23,1.59,0.25,0.96,1.79,36,35.7
602.53,36,1.06,0.86,3.23,1.26,0.33,2.63,1.38,1.34,3.24,1.01,1.22,1.58,0.24,0.96,1.79,36,35.68
603.55,36,1.08,0.87,3.22,1.27,0.34,2.64,1.4,1.36,3.25,1.02,1.23,1.57,0.25,0.96,1.82,36,35.69
604.55,36,1.08,0.86,3.2,1.27,0.34,2.64,1.39,1.35,3.23,1.02,1.23,1.55,0.24,0.96,1.82,36,35.68
605.55,36,1.06,0.86,3.17,1.27,0.34,2.64,1.4,1.35,3.22,1.02,1.22,1.53,0.24,0.96,1.83,36,35.68
606.55,36,1.06,0.86,3.15,1.27,0.32,2.64,1.39,1.34,3.2,1.01,1.22,1.51,0.23,0.97,1.83,36,35.69
607.55,36,1.08,0.86,3.14,1.27,0.34,2.64,1.39,1.35,3.2,1.02,1.23,1.48,0.24,0.97,1.84,36,35.69
608.55,36,1.07,0.86,3.11,1.27,0.33,2.63,1.39,1.34,3.18,1.02,1.23,1.45,0.24,0.98,1.85,36,35.7
609.57,36,1.07,0.85,3.1,1.27,0.33,2.6,1.4,1.35,3.17,1.02,1.23,1.42,0.24,0.98,1.85,36,35.68
610.57,36,1.06,0.84,3.07,1.26,0.32,2.58,1.39,1.34,3.15,1.02,1.23,1.38,0.24,0.98,1.83,36,35.69
611.57,36,1.07,0.85,3.04,1.27,0.33,2.58,1.39,1.35,3.14,1.02,1.23,1.36,0.25,0.98,1.83,36,35.69
612.57,36,1.08,0.85,3.02,1.27,0.34,2.54,1.4,1.34,3.13,1.01,1.23,1.34,0.24,0.98,1.81,36,35.68
613.57,36,1.07,0.84,2.99,1.27,0.32,2.51,1.39,1.34,3.1,1.01,1.22,1.31,0.23,0.97,1.79,36,35.68
614.57,36,1.07,0.84,2.98,1.27,0.32,2.49,1.4,1.35,3.09,1.01,1.23,1.29,0.24,0.97,1.76,36,35.7
615.58,36,1.07,0.84,2.96,1.27,0.32,2.46,1.39,1.34,3.06,1,1.22,1.27,0.23,0.96,1.73,36,35.69
616.58,36,1.07,0.84,2.94,1.27,0.32,2.44,1.39,1.34,3.04,1.01,1.21,1.27,0.24,0.96,1.71,36,35.68
617.58,36,1.07,0.84,2.93,1.27,0.32,2.41,1.39,1.34,3,1.01,1.22,1.26,0.23,0.96,1.68,36,35.7
618.58,36,1.07,0.84,2.9,1.27,0.32,2.4,1.39,1.35,2.99,1.02,1.23,1.27,0.25,0.97,1.66,36,35.69
619.58,36,1.06,0.84,2.89,1.26,0.32,2.36,1.38,1.34,2.95,1.02,1.23,1.27,0.24,0.96,1.64,36,35.68
620.58,36,1.06,0.84,2.87,1.26,0.32,2.33,1.39,1.34,2.92,1.01,1.22,1.28,0.24,0.96,1.62,36,35.69
621.58,36,1.07,0.84,2.85,1.27,0.32,2.31,1.39,1.35,2.89,1.02,1.23,1.27,0.24,0.96,1.62,36,35.69
622.58,36,1.06,0.83,2.83,1.27,0.32,2.28,1.38,1.34,2.85,1.01,1.21,1.27,0.24,0.96,1.6,36,35.69
623.58,36,1.07,0.84,2.8,1.27,0.33,2.27,1.39,1.36,2.81,1.02,1.23,1.27,0.24,0.97,1.59,36,35.7
624.58,36,1.07,0.84,2.78,1.27,0.32,2.24,1.39,1.35,2.78,1.02,1.22,1.27,0.24,0.97,1.57,36,35.69
625.58,36,1.07,0.84,2.75,1.27,0.32,2.21,1.39,1.34,2.74,1.01,1.22,1.25,0.23,0.96,1.56,36,35.7
626.6,36,1.07,0.84,2.73,1.27,0.33,2.19,1.4,1.35,2.71,1.02,1.23,1.25,0.25,0.98,1.55,36,35.7
627.6,36,1.06,0.84,2.71,1.25,0.32,2.16,1.39,1.35,2.67,1.01,1.22,1.23,0.24,0.96,1.52,36,35.69
628.6,36,1.08,0.84,2.7,1.27,0.33,2.14,1.39,1.34,2.65,1.02,1.23,1.23,0.24,0.97,1.51,36,35.7
629.6,36,1.08,0.84,2.69,1.27,0.33,2.1,1.4,1.34,2.63,1.02,1.22,1.22,0.25,0.97,1.48,36,35.69
630.6,36,1.06,0.84,2.66,1.27,0.32,2.06,1.39,1.34,2.59,1.02,1.22,1.19,0.24,0.96,1.44,36,35.69
631.6,36,1.07,0.84,2.64,1.28,0.33,2.04,1.39,1.35,2.58,1.02,1.22,1.17,0.24,0.96,1.42,36,35.68
632.6,36,1.07,0.84,2.64,1.27,0.33,2.01,1.4,1.34,2.56,1.02,1.22,1.16,0.24,0.96,1.38,36,35.68
633.6,36,1.06,0.84,2.62,1.27,0.32,1.96,1.39,1.35,2.54,1.01,1.22,1.15,0.24,0.96,1.36,36,35.7
634.6,36,1.07,0.84,2.61,1.27,0.32,1.92,1.39,1.35,2.52,1.02,1.22,1.15,0.24,0.96,1.34,36,35.7
635.62,36,1.08,0.84,2.59,1.27,0.33,1.88,1.4,1.34,2.49,1.02,1.23,1.14,0.25,0.96,1.31,36,35.69
636.62,36,1.06,0.83,2.58,1.27,0.32,1.84,1.39,1.34,2.45,1.02,1.23,1.13,0.24,0.95,1.29,36,35.69
637.62,36,1.07,0.84,2.56,1.27,0.33,1.81,1.39,1.34,2.43,1.01,1.22,1.15,0.25,0.96,1.29,36,35.69
638.62,36,1.07,0.84,2.55,1.27,0.33,1.77,1.39,1.34,2.39,1.01,1.22,1.14,0.25,0.96,1.27,36,35.69
639.62,36,1.07,0.84,2.54,1.27,0.32,1.76,1.39,1.34,2.35,1.01,1.23,1.14,0.25,0.96,1.25,36,35.69
640.63,36,1.07,0.84,2.53,1.27,0.33,1.75,1.39,1.34,2.31,1.02,1.23,1.14,0.24,0.96,1.23,36,35.69
641.63,36,1.08,0.83,2.53,1.27,0.33,1.75,1.4,1.35,2.28,1.02,1.22,1.15,0.25,0.96,1.22,36,35.69
642.63,36,1.08,0.84,2.52,1.28,0.33,1.76,1.4,1.35,2.24,1.02,1.23,1.14,0.25,0.96,1.21,36,35.68
643.63,36,1.08,0.84,2.5,1.27,0.32,1.76,1.4,1.35,2.2,1.02,1.23,1.14,0.24,0.96,1.18,36,35.7
644.63,36,1.08,0.84,2.49,1.28,0.32,1.77,1.4,1.35,2.18,1.02,1.22,1.14,0.25,0.96,1.15,36,35.68
645.65,36,1.07,0.84,2.48,1.27,0.33,1.78,1.39,1.34,2.15,1.02,1.22,1.15,0.24,0.95,1.12,36,35.68
646.65,36,1.06,0.84,2.48,1.27,0.32,1.79,1.4,1.34,2.14,1.01,1.23,1.15,0.24,0.94,1.09,36,35.69
647.65,36,1.06,0.83,2.47,1.27,0.32,1.78,1.38,1.34,2.12,1,1.21,1.15,0.23,0.95,1.08,36,35.69
648.65,36,1.07,0.84,2.45,1.27,0.32,1.8,1.4,1.34,2.13,1.01,1.22,1.15,0.25,0.94,1.07,36,35.7
649.65,36,1.07,0.83,2.44,1.27,0.32,1.81,1.39,1.34,2.14,1.02,1.23,1.15,0.24,0.95,1.08,36,35.66
650.65,36,1.07,0.82,2.43,1.28,0.32,1.83,1.39,1.34,2.16,1.01,1.21,1.14,0.23,0.94,1.08,36,35.69
651.65,36,1.07,0.84,2.42,1.27,0.32,1.86,1.39,1.34,2.17,1.02,1.22,1.14,0.25,0.94,1.08,36,35.68
652.65,36,1.07,0.83,2.4,1.27,0.33,1.9,1.4,1.35,2.18,1.01,1.22,1.13,0.24,0.95,1.08,36,35.68
653.65,36,1.07,0.83,2.39,1.27,0.32,1.92,1.39,1.34,2.17,1.01,1.21,1.12,0.23,0.94,1.08,36,35.69
654.67,36,1.06,0.82,2.36,1.26,0.32,1.92,1.38,1.34,2.17,1,1.21,1.1,0.23,0.94,1.07,36,35.68
655.67,36,1.06,0.82,2.35,1.26,0.32,1.95,1.38,1.34,2.17,1.02,1.21,1.09,0.24,0.94,1.06,36,35.68
656.67,36,1.07,0.82,2.33,1.26,0.32,1.95,1.4,1.34,2.16,1.01,1.22,1.08,0.24,0.94,1.06,36,35.68
657.67,36,1.07,0.83,2.31,1.28,0.32,1.95,1.39,1.34,2.16,1.01,1.22,1.08,0.24,0.94,1.06,36,35.68
658.67,36,1.07,0.82,2.3,1.27,0.32,1.95,1.39,1.34,2.15,1.01,1.22,1.06,0.23,0.95,1.06,36,35.69
659.67,36,1.08,0.83,2.28,1.27,0.32,1.95,1.39,1.34,2.14,1.01,1.22,1.06,0.25,0.95,1.07,36,35.68
660.67,36,1.08,0.83,2.27,1.27,0.32,1.93,1.4,1.34,2.14,1.01,1.22,1.06,0.25,0.94,1.08,36,35.68
661.67,36,1.07,0.82,2.24,1.27,0.32,1.9,1.4,1.35,2.15,1.02,1.22,1.05,0.24,0.94,1.07,36,35.68
662.67,36,1.06,0.82,2.2,1.26,0.32,1.88,1.38,1.32,2.14,1,1.21,1.03,0.23,0.93,1.06,36,35.68
663.67,36,1.07,0.83,2.19,1.26,0.32,1.87,1.38,1.34,2.14,1.01,1.21,1.04,0.24,0.94,1.06,36,35.68
664.68,36,1.07,0.83,2.17,1.27,0.32,1.86,1.39,1.34,2.15,1.02,1.22,1.04,0.24,0.94,1.06,36,35.68
665.68,36,1.07,0.82,2.15,1.27,0.32,1.83,1.39,1.34,2.15,1.02,1.22,1.05,0.24,0.94,1.05,36,35.69
666.68,36,1.07,0.82,2.12,1.27,0.31,1.78,1.39,1.34,2.14,1.01,1.21,1.04,0.24,0.94,1.04,36,35.68
667.68,36,1.07,0.83,2.11,1.26,0.33,1.76,1.4,1.34,2.14,1.02,1.22,1.04,0.24,0.94,1.04,36,35.68
668.7,36,1.07,0.83,2.09,1.26,0.32,1.73,1.38,1.34,2.12,1.02,1.21,1.04,0.24,0.93,1.02,36,35.68
669.7,36,1.06,0.82,2.07,1.27,0.32,1.71,1.39,1.34,2.12,1.02,1.21,1.03,0.24,0.94,1.02,36,35.66
670.7,36,1.06,0.82,2.07,1.27,0.32,1.69,1.39,1.34,2.1,1.01,1.21,1.03,0.24,0.94,1.01,36,35.68
671.7,36,1.07,0.83,2.05,1.27,0.32,1.67,1.39,1.34,2.07,1.02,1.21,1.04,0.25,0.94,1,36,35.66
672.7,36,1.06,0.82,2.03,1.27,0.32,1.63,1.39,1.34,2.04,1.02,1.21,1.02,0.23,0.94,1,36,35.68
673.7,36,1.06,0.82,2.02,1.26,0.31,1.62,1.38,1.34,2.02,1.01,1.21,1.02,0.24,0.94,0.98,36,35.68
674.7,36,1.07,0.82,2.01,1.27,0.32,1.6,1.39,1.33,1.99,1.02,1.22,1.02,0.23,0.94,0.96,36,35.68
675.7,36,1.06,0.82,2,1.27,0.32,1.58,1.39,1.34,1.97,1.01,1.22,1.02,0.24,0.93,0.95,36,35.68
676.7,36,1.07,0.82,1.99,1.27,0.32,1.55,1.39,1.34,1.96,1.02,1.22,1.02,0.25,0.94,0.94,36,35.68
677.7,36,1.07,0.82,1.99,1.27,0.32,1.53,1.39,1.34,1.94,1.01,1.21,1.02,0.25,0.94,0.92,36,35.68
678.72,36,1.07,0.82,1.97,1.27,0.32,1.48,1.39,1.33,1.92,1.01,1.21,1.01,0.24,0.93,0.9,36,35.68
679.72,36,1.07,0.83,1.97,1.27,0.32,1.47,1.4,1.34,1.92,1.02,1.22,1.02,0.25,0.94,0.9,36,35.68
680.72,36,1.08,0.83,1.96,1.27,0.32,1.44,1.39,1.35,1.9,1.02,1.22,1.01,0.25,0.94,0.9,36,35.66
681.72,36,1.06,0.82,1.94,1.26,0.32,1.42,1.39,1.34,1.89,1,1.22,1.01,0.23,0.93,0.88,36,35.66
682.72,36,1.06,0.81,1.92,1.26,0.32,1.42,1.39,1.34,1.86,1.01,1.21,1.02,0.24,0.93,0.88,36,35.68
683.72,36,1.08,0.83,1.92,1.27,0.33,1.42,1.39,1.35,1.84,1.02,1.21,1.02,0.24,0.94,0.89,36,35.68
684.72,36,1.07,0.82,1.92,1.27,0.32,1.42,1.39,1.34,1.81,1.02,1.21,1.02,0.23,0.94,0.89,36,35.66
685.73,36,1.07,0.82,1.9,1.27,0.32,1.42,1.39,1.34,1.78,1.01,1.21,1.01,0.24,0.94,0.89,36,35.66
686.73,36,1.07,0.82,1.88,1.26,0.32,1.42,1.39,1.34,1.76,1.01,1.21,1.01,0.23,0.94,0.88,36,35.66
687.73,36,1.07,0.82,1.87,1.27,0.32,1.41,1.4,1.34,1.73,1.01,1.22,1.01,0.25,0.94,0.88,36,35.66
688.73,36,1.07,0.82,1.85,1.27,0.32,1.43,1.39,1.34,1.71,1.02,1.22,1.02,0.24,0.94,0.86,36,35.68
689.73,36,1.07,0.82,1.84,1.27,0.32,1.42,1.39,1.34,1.7,1.01,1.21,1.01,0.25,0.93,0.86,36,35.66
690.73,36,1.08,0.82,1.84,1.28,0.33,1.44,1.4,1.34,1.7,1.02,1.22,1.02,0.25,0.94,0.86,36,35.66
691.75,36,1.06,0.82,1.81,1.27,0.32,1.42,1.39,1.34,1.69,1,1.21,1,0.23,0.93,0.84,36,35.66
692.75,36,1.06,0.81,1.79,1.27,0.32,1.42,1.38,1.34,1.7,1,1.21,1.01,0.24,0.92,0.84,36,35.66
693.75,36,1.07,0.82,1.78,1.26,0.31,1.43,1.39,1.34,1.71,1.01,1.21,1,0.24,0.94,0.84,36,35.66
694.75,36,1.07,0.82,1.78,1.27,0.32,1.43,1.39,1.34,1.71,1.02,1.21,1.02,0.23,0.93,0.84,36,35.66
695.75,36,1.06,0.82,1.76,1.27,0.32,1.42,1.39,1.34,1.71,1.02,1.21,1,0.24,0.93,0.84,36,35.66
696.75,36,1.07,0.82,1.76,1.27,0.32,1.44,1.4,1.34,1.71,1.01,1.22,1,0.25,0.94,0.84,36,35.66
697.75,36,1.07,0.81,1.74,1.27,0.32,1.44,1.39,1.34,1.71,1.02,1.22,0.99,0.24,0.93,0.82,36,35.66
698.75,36,1.07,0.82,1.73,1.27,0.32,1.44,1.39,1.34,1.72,1.01,1.21,1,0.24,0.94,0.82,36,35.66
699.77,36,1.07,0.82,1.71,1.27,0.32,1.45,1.39,1.33,1.71,1.01,1.21,0.99,0.24,0.93,0.82,36,35.66
700.77,36,1.06,0.82,1.7,1.27,0.32,1.46,1.39,1.34,1.72,1.01,1.21,0.99,0.24,0.94,0.81,36,35.66
701.77,36,1.07,0.82,1.68,1.27,0.32,1.44,1.39,1.34,1.71,1.01,1.21,0.98,0.24,0.94,0.82,36,35.66
702.77,36,1.07,0.81,1.68,1.27,0.32,1.44,1.39,1.34,1.71,1.02,1.21,0.98,0.24,0.94,0.8,36,35.66
703.77,36,1.07,0.82,1.67,1.27,0.32,1.44,1.39,1.33,1.7,1.01,1.22,0.98,0.24,0.93,0.8,36,35.68
704.78,36,1.06,0.82,1.64,1.26,0.31,1.42,1.38,1.34,1.69,1.01,1.21,0.98,0.23,0.92,0.8,36,35.66
705.78,36,1.06,0.8,1.62,1.27,0.32,1.4,1.39,1.34,1.68,1.01,1.21,0.98,0.23,0.93,0.8,36,35.68
706.78,36,1.06,0.81,1.6,1.26,0.32,1.39,1.38,1.32,1.67,1,1.21,0.98,0.23,0.93,0.8,36,35.66
707.78,36,1.06,0.82,1.6,1.27,0.32,1.38,1.39,1.34,1.67,1.01,1.21,0.98,0.24,0.94,0.79,36,35.66
708.78,36,1.07,0.82,1.58,1.27,0.32,1.38,1.39,1.34,1.66,1.02,1.21,0.98,0.24,0.93,0.79,36,35.68
709.78,36,1.06,0.82,1.57,1.27,0.32,1.38,1.39,1.34,1.64,1.01,1.22,0.98,0.25,0.93,0.79,36,35.66
710.8,36,1.07,0.82,1.55,1.27,0.32,1.36,1.39,1.34,1.63,1.01,1.21,0.97,0.24,0.92,0.77,36,35.66
711.8,36,1.07,0.82,1.54,1.26,0.32,1.34,1.39,1.34,1.62,1.01,1.21,0.97,0.24,0.93,0.77,36,35.66
712.8,36,1.06,0.81,1.53,1.26,0.32,1.32,1.38,1.33,1.59,1.01,1.21,0.96,0.23,0.92,0.76,36,35.66
713.8,36,1.06,0.81,1.53,1.26,0.31,1.31,1.39,1.33,1.57,1.01,1.21,0.96,0.24,0.92,0.77,36,35.66
714.8,36,1.06,0.81,1.51,1.26,0.31,1.3,1.38,1.33,1.54,1,1.21,0.97,0.23,0.92,0.75,36,35.66
715.82,36,1.06,0.81,1.5,1.26,0.32,1.29,1.38,1.34,1.54,1,1.21,0.97,0.23,0.92,0.75,36,35.66
716.82,36,1.06,0.82,1.49,1.25,0.32,1.29,1.38,1.34,1.53,1.01,1.21,0.98,0.24,0.92,0.76,36,35.66
717.82,36,1.07,0.82,1.48,1.26,0.32,1.27,1.39,1.34,1.51,1.01,1.21,0.98,0.24,0.93,0.76,36,35.68
718.82,36,1.07,0.82,1.46,1.27,0.32,1.27,1.38,1.34,1.49,1,1.21,0.98,0.23,0.93,0.75,36,35.68
719.82,36,1.06,0.81,1.46,1.26,0.32,1.27,1.39,1.34,1.49,1.01,1.21,0.97,0.24,0.92,0.75,36,35.66
720.82,36,1.07,0.82,1.45,1.27,0.32,1.27,1.39,1.34,1.48,1,1.21,0.97,0.24,0.93,0.75,36,35.66
721.82,36,1.07,0.81,1.44,1.26,0.32,1.27,1.39,1.32,1.49,1.01,1.21,0.97,0.24,0.93,0.75,36,35.66
722.82,36,1.07,0.82,1.44,1.27,0.32,1.28,1.39,1.34,1.49,1.01,1.21,0.97,0.25,0.92,0.75,36,35.66
723.82,36,1.07,0.82,1.45,1.27,0.31,1.29,1.39,1.34,1.49,1.01,1.21,0.96,0.24,0.92,0.75,36,35.66
724.83,36,1.07,0.82,1.45,1.27,0.32,1.3,1.39,1.34,1.49,1.02,1.21,0.97,0.24,0.93,0.74,36,35.66
725.83,36,1.07,0.82,1.45,1.26,0.32,1.3,1.39,1.34,1.51,1.01,1.21,0.97,0.24,0.92,0.74,36,35.66
726.83,36,1.07,0.82,1.45,1.26,0.32,1.31,1.39,1.34,1.52,1.01,1.21,0.96,0.24,0.92,0.74,36,35.66
727.83,36,1.08,0.82,1.45,1.27,0.32,1.31,1.4,1.34,1.53,1.02,1.21,0.96,0.24,0.93,0.75,36,35.69
728.83,36,1.06,0.82,1.44,1.26,0.32,1.29,1.38,1.32,1.51,1.01,1.21,0.96,0.24,0.92,0.75,36,35.66
729.83,36,1.07,0.82,1.44,1.26,0.32,1.29,1.39,1.34,1.53,1.01,1.21,0.96,0.24,0.93,0.75,36,35.66
730.83,36,1.06,0.82,1.44,1.26,0.31,1.29,1.38,1.32,1.51,1.01,1.21,0.95,0.24,0.92,0.74,36,35.66
731.83,36,1.07,0.82,1.42,1.27,0.31,1.29,1.39,1.33,1.51,1.01,1.21,0.95,0.23,0.92,0.74,36,35.66
732.83,36,1.06,0.81,1.4,1.26,0.31,1.27,1.38,1.32,1.51,1.01,1.21,0.96,0.23,0.92,0.73,36,35.66
733.85,36,1.06,0.81,1.38,1.27,0.32,1.25,1.38,1.34,1.5,1.01,1.21,0.95,0.24,0.92,0.72,36,35.66
734.85,36,1.06,0.81,1.36,1.26,0.31,1.24,1.38,1.33,1.49,1.01,1.21,0.96,0.23,0.93,0.72,36,35.66
735.85,36,1.07,0.82,1.35,1.27,0.31,1.23,1.39,1.34,1.49,1.01,1.21,0.95,0.23,0.92,0.73,36,35.68
736.85,36,1.07,0.82,1.34,1.26,0.32,1.21,1.39,1.34,1.47,1,1.21,0.95,0.24,0.92,0.73,36,35.66
737.87,36,1.06,0.82,1.34,1.27,0.32,1.21,1.39,1.34,1.47,1.02,1.21,0.96,0.24,0.93,0.71,36,35.66
738.87,36,1.06,0.82,1.32,1.27,0.31,1.21,1.38,1.33,1.45,1,1.21,0.96,0.23,0.92,0.71,36,35.66
739.87,36,1.06,0.81,1.31,1.27,0.31,1.2,1.38,1.34,1.44,1.01,1.21,0.95,0.23,0.91,0.71,36,35.66
740.88,36,1.06,0.81,1.31,1.27,0.31,1.19,1.38,1.32,1.44,1.02,1.21,0.96,0.23,0.92,0.71,36,35.66
741.88,36,1.07,0.82,1.31,1.27,0.32,1.2,1.38,1.34,1.43,1.01,1.21,0.96,0.24,0.92,0.71,36,35.68
742.88,36,1.07,0.82,1.3,1.27,0.31,1.19,1.39,1.34,1.43,1,1.21,0.96,0.25,0.92,0.71,36,35.66
743.88,36,1.07,0.82,1.29,1.27,0.32,1.2,1.39,1.34,1.42,1.01,1.21,0.96,0.24,0.92,0.71,36,35.68
744.9,36,1.06,0.82,1.28,1.26,0.31,1.19,1.38,1.32,1.41,1.01,1.21,0.95,0.23,0.92,0.71,36,35.68
745.9,36,1.07,0.82,1.29,1.27,0.32,1.21,1.4,1.34,1.41,1,1.21,0.96,0.24,0.92,0.72,36,35.68
746.92,36,1.07,0.8,1.28,1.26,0.32,1.21,1.39,1.34,1.4,1.01,1.21,0.94,0.24,0.92,0.71,36,35.66
747.92,36,1.07,0.82,1.28,1.27,0.32,1.21,1.39,1.34,1.38,1.02,1.21,0.95,0.23,0.92,0.71,36,35.66
748.93,36,1.08,0.82,1.29,1.27,0.32,1.21,1.39,1.34,1.38,1.02,1.22,0.95,0.24,0.93,0.71,36,35.66
749.93,36,1.07,0.82,1.28,1.27,0.32,1.21,1.39,1.34,1.36,1.01,1.21,0.96,0.25,0.93,0.71,36,35.66
750.93,36,1.07,0.81,1.27,1.27,0.32,1.22,1.39,1.33,1.36,1.01,1.21,0.94,0.24,0.92,0.71,36,35.68
751.93,36,1.06,0.8,1.27,1.25,0.32,1.21,1.38,1.32,1.34,1,1.21,0.94,0.23,0.92,0.7,36,35.66
752.93,36,1.06,0.81,1.27,1.26,0.31,1.21,1.38,1.33,1.35,1,1.2,0.94,0.23,0.92,0.7,36,35.68
753.95,36,1.07,0.81,1.27,1.27,0.32,1.22,1.39,1.33,1.36,1.01,1.21,0.94,0.24,0.92,0.71,36,35.66
754.95,36,1.07,0.82,1.26,1.28,0.32,1.21,1.39,1.34,1.36,1.02,1.21,0.94,0.24,0.93,0.71,36,35.66
755.95,36,1.06,0.81,1.25,1.27,0.32,1.21,1.39,1.33,1.36,1,1.21,0.94,0.24,0.92,0.71,36,35.68
756.95,36,1.07,0.82,1.25,1.27,0.32,1.2,1.4,1.34,1.36,1.01,1.21,0.94,0.24,0.93,0.71,36,35.68
757.95,36,1.07,0.82,1.23,1.27,0.32,1.2,1.38,1.33,1.36,1.02,1.21,0.95,0.23,0.92,0.71,36,35.68
758.95,36,1.07,0.82,1.23,1.26,0.32,1.2,1.39,1.35,1.36,1.02,1.21,0.94,0.25,0.93,0.71,36,35.68
759.95,36,1.07,0.81,1.21,1.27,0.32,1.19,1.39,1.34,1.36,1.01,1.21,0.94,0.25,0.92,0.7,36,35.66
760.95,36,1.08,0.82,1.21,1.27,0.32,1.19,1.4,1.34,1.37,1.02,1.21,0.95,0.25,0.93,0.7,36,35.66
761.95,36,1.07,0.81,1.21,1.27,0.31,1.19,1.39,1.33,1.36,1.01,1.21,0.94,0.24,0.92,0.69,36,35.68
762.97,36,1.06,0.81,1.19,1.27,0.32,1.18,1.39,1.33,1.36,1.01,1.21,0.94,0.24,0.92,0.7,36,35.68
763.97,36,1.06,0.82,1.19,1.27,0.31,1.17,1.39,1.33,1.36,1.02,1.21,0.94,0.23,0.92,0.7,36,35.69
764.97,36,1.07,0.81,1.19,1.26,0.32,1.17,1.38,1.33,1.36,1.01,1.21,0.94,0.23,0.92,0.69,36,35.66
765.98,36,1.07,0.81,1.18,1.27,0.32,1.16,1.38,1.33,1.36,1,1.21,0.94,0.24,0.92,0.69,36,35.69
766.98,36,1.06,0.81,1.17,1.26,0.32,1.16,1.39,1.34,1.35,1.02,1.21,0.94,0.24,0.92,0.7,36,35.68
767.98,36,1.07,0.82,1.17,1.27,0.32,1.16,1.39,1.33,1.36,1.01,1.21,0.94,0.24,0.92,0.69,36,35.7
768.98,36,1.07,0.82,1.17,1.26,0.31,1.15,1.39,1.34,1.36,1.02,1.21,0.94,0.25,0.92,0.7,36,35.69
770,36,1.07,0.82,1.16,1.26,0.32,1.15,1.39,1.33,1.36,1.01,1.21,0.94,0.24,0.92,0.69,36,35.69
771,36,1.07,0.82,1.17,1.27,0.32,1.15,1.39,1.33,1.35,1.01,1.21,0.94,0.25,0.92,0.7,36,35.7
772,36,1.08,0.81,1.17,1.27,0.32,1.14,1.4,1.34,1.35,1.02,1.22,0.94,0.24,0.92,0.7,36,35.68
773,36,1.06,0.81,1.16,1.26,0.31,1.13,1.38,1.32,1.34,1.02,1.2,0.93,0.23,0.92,0.68,36,35.68
774,36,1.06,0.8,1.16,1.26,0.31,1.14,1.38,1.33,1.33,1.01,1.21,0.93,0.23,0.92,0.69,36,35.69
775.02,36,1.07,0.82,1.17,1.27,0.32,1.14,1.39,1.34,1.33,1.02,1.21,0.94,0.24,0.92,0.68,36,35.69
776.02,36,1.07,0.82,1.17,1.27,0.32,1.13,1.39,1.34,1.32,1.02,1.21,0.93,0.24,0.92,0.69,36,35.69
777.02,36,1.07,0.81,1.17,1.26,0.32,1.13,1.39,1.33,1.31,1.01,1.21,0.94,0.24,0.92,0.68,36,35.69
778.02,36,1.07,0.82,1.17,1.27,0.32,1.13,1.39,1.34,1.31,1.02,1.21,0.94,0.24,0.92,0.69,36,35.69
779.02,36,1.07,0.82,1.16,1.27,0.32,1.13,1.39,1.34,1.31,1.01,1.21,0.93,0.25,0.92,0.68,36,35.7
780.02,36,1.07,0.82,1.17,1.27,0.32,1.13,1.4,1.34,1.3,1.02,1.21,0.94,0.25,0.93,0.69,36,35.7
781.03,36,1.07,0.81,1.16,1.27,0.32,1.12,1.39,1.33,1.29,1.02,1.22,0.92,0.24,0.92,0.68,36,35.69
782.03,36,1.06,0.82,1.15,1.27,0.32,1.13,1.39,1.34,1.29,1.02,1.21,0.92,0.25,0.92,0.69,36,35.69
783.03,36,1.07,0.82,1.15,1.27,0.32,1.11,1.39,1.33,1.28,1.02,1.21,0.92,0.24,0.92,0.68,36,35.7
784.03,36,1.07,0.81,1.15,1.26,0.32,1.12,1.39,1.34,1.29,1.01,1.21,0.92,0.23,0.92,0.67,36,35.7
785.03,36,1.07,0.82,1.15,1.27,0.32,1.12,1.4,1.34,1.29,1,1.21,0.92,0.25,0.92,0.68,36,35.7
786.03,36,1.07,0.82,1.14,1.27,0.32,1.12,1.39,1.34,1.29,1.01,1.21,0.92,0.24,0.92,0.67,36,35.7
787.03,36,1.07,0.82,1.14,1.26,0.32,1.1,1.39,1.34,1.28,1.01,1.21,0.93,0.24,0.93,0.67,36,35.7
788.05,36,1.08,0.82,1.14,1.27,0.32,1.12,1.39,1.34,1.28,1.02,1.21,0.94,0.25,0.92,0.68,36,35.7
789.05,36,1.08,0.82,1.14,1.27,0.32,1.11,1.4,1.34,1.28,1.02,1.22,0.94,0.24,0.92,0.69,36,35.7
790.05,36,1.07,0.81,1.14,1.27,0.32,1.11,1.39,1.34,1.28,1.02,1.21,0.94,0.25,0.92,0.69,36,35.7
791.05,36,1.07,0.82,1.13,1.26,0.32,1.11,1.39,1.34,1.29,1.02,1.21,0.94,0.24,0.92,0.68,36,35.7
792.07,36,1.07,0.82,1.13,1.27,0.32,1.11,1.38,1.32,1.27,1.01,1.21,0.93,0.24,0.92,0.68,36,35.7
793.07,36,1.08,0.82,1.13,1.27,0.32,1.13,1.39,1.34,1.28,1.02,1.21,0.94,0.25,0.92,0.69,36,35.7
794.07,36,1.06,0.81,1.11,1.27,0.32,1.12,1.39,1.33,1.28,1.01,1.21,0.93,0.25,0.92,0.67,36,35.7
795.07,36,1.06,0.82,1.11,1.26,0.31,1.12,1.38,1.33,1.27,1.01,1.21,0.92,0.24,0.91,0.67,36,35.7
796.07,36,1.08,0.82,1.12,1.28,0.32,1.14,1.39,1.34,1.29,1.02,1.21,0.93,0.25,0.92,0.68,36,35.71
797.07,36,1.07,0.81,1.1,1.27,0.31,1.13,1.39,1.33,1.27,1.01,1.21,0.92,0.24,0.91,0.67,36,35.71
798.07,36,1.08,0.82,1.1,1.26,0.32,1.13,1.39,1.32,1.27,1.01,1.21,0.92,0.24,0.92,0.67,36,35.7
799.07,36,1.07,0.82,1.1,1.27,0.32,1.13,1.4,1.33,1.28,1.01,1.21,0.93,0.25,0.92,0.67,36,35.71
800.07,36,1.07,0.82,1.1,1.27,0.32,1.13,1.39,1.34,1.29,1.02,1.21,0.93,0.24,0.92,0.67,36,35.71
801.08,36,1.08,0.81,1.1,1.27,0.32,1.11,1.4,1.33,1.29,1.02,1.21,0.93,0.25,0.92,0.68,36,35.7
802.08,36,1.07,0.82,1.1,1.27,0.32,1.12,1.4,1.34,1.29,1.02,1.21,0.92,0.25,0.92,0.67,36,35.7
803.08,36,1.07,0.8,1.1,1.26,0.31,1.1,1.39,1.33,1.28,1.02,1.21,0.92,0.25,0.92,0.66,36,35.7
804.08,36,1.07,0.81,1.1,1.26,0.32,1.11,1.39,1.34,1.28,1.01,1.21,0.92,0.24,0.92,0.67,36,35.71
805.1,36,1.08,0.82,1.1,1.27,0.32,1.1,1.4,1.34,1.29,1.02,1.21,0.92,0.25,0.92,0.67,36,35.71
806.1,36,1.08,0.82,1.11,1.28,0.33,1.1,1.4,1.34,1.28,1.03,1.22,0.93,0.25,0.92,0.67,36,35.71
807.1,36,1.08,0.82,1.1,1.27,0.32,1.1,1.39,1.34,1.27,1.02,1.21,0.93,0.25,0.92,0.67,36,35.73
808.1,36,1.08,0.82,1.11,1.28,0.32,1.11,1.4,1.34,1.28,1.02,1.21,0.93,0.25,0.92,0.67,36,35.71
809.12,36,1.08,0.82,1.1,1.27,0.32,1.1,1.4,1.34,1.27,1.02,1.22,0.94,0.25,0.92,0.67,36,35.71
810.12,36,1.08,0.82,1.11,1.28,0.33,1.1,1.4,1.34,1.27,1.02,1.22,0.93,0.25,0.93,0.67,36,35.71
811.12,36,1.08,0.82,1.1,1.27,0.32,1.1,1.39,1.34,1.26,1.02,1.22,0.92,0.24,0.93,0.67,36,35.71
812.12,36,1.07,0.82,1.1,1.27,0.32,1.1,1.39,1.34,1.27,1.02,1.22,0.92,0.25,0.92,0.67,36,35.73
813.13,36,1.08,0.82,1.1,1.27,0.32,1.08,1.4,1.34,1.25,1.01,1.22,0.92,0.25,0.92,0.66,36,35.71
814.13,36,1.07,0.81,1.1,1.28,0.32,1.08,1.39,1.34,1.25,1.02,1.21,0.92,0.25,0.92,0.67,36,35.71
815.13,36,1.08,0.82,1.1,1.27,0.32,1.09,1.4,1.34,1.25,1.02,1.22,0.94,0.26,0.92,0.67,36,35.71
816.13,36,1.07,0.82,1.1,1.27,0.32,1.08,1.4,1.34,1.25,1.02,1.21,0.92,0.25,0.92,0.67,36,35.71
817.13,36,1.08,0.82,1.09,1.27,0.32,1.1,1.4,1.34,1.25,1.02,1.22,0.93,0.25,0.92,0.67,36,35.71
818.13,36,1.08,0.82,1.09,1.27,0.32,1.1,1.39,1.34,1.25,1.02,1.22,0.93,0.24,0.92,0.67,36,35.73
819.15,36,1.07,0.82,1.09,1.28,0.32,1.1,1.4,1.34,1.25,1.02,1.22,0.93,0.24,0.92,0.67,36,35.71
820.15,36,1.07,0.82,1.08,1.26,0.32,1.1,1.38,1.33,1.24,1.01,1.21,0.93,0.24,0.92,0.66,36,35.71
821.15,36,1.08,0.82,1.09,1.27,0.32,1.1,1.4,1.33,1.25,1.02,1.21,0.94,0.24,0.92,0.67,36,35.71
822.15,36,1.07,0.82,1.08,1.28,0.32,1.1,1.39,1.33,1.25,1.02,1.21,0.92,0.25,0.92,0.66,36,35.71
823.15,36,1.07,0.82,1.09,1.27,0.32,1.1,1.4,1.34,1.25,1.02,1.21,0.93,0.25,0.92,0.66,36,35.7
824.17,36,1.07,0.82,1.08,1.27,0.32,1.11,1.4,1.34,1.25,1.02,1.21,0.92,0.25,0.93,0.65,36,35.71
825.17,36,1.08,0.82,1.08,1.27,0.32,1.1,1.4,1.34,1.25,1.02,1.21,0.92,0.24,0.92,0.66,36,35.71
826.17,36,1.08,0.82,1.08,1.28,0.32,1.11,1.4,1.33,1.25,1.02,1.21,0.92,0.24,0.92,0.65,36,35.71
827.17,36,1.07,0.81,1.08,1.27,0.32,1.11,1.4,1.34,1.25,1.01,1.21,0.92,0.24,0.92,0.65,36,35.7
828.17,36,1.08,0.81,1.08,1.27,0.32,1.1,1.39,1.34,1.25,1.02,1.21,0.92,0.24,0.92,0.65,36,35.73
829.17,36,1.08,0.82,1.08,1.27,0.32,1.1,1.4,1.34,1.25,1.02,1.21,0.92,0.25,0.92,0.65,36,35.7
830.17,36,1.08,0.82,1.08,1.27,0.32,1.11,1.4,1.34,1.25,1.02,1.22,0.92,0.25,0.92,0.65,36,35.71
831.18,36,1.08,0.82,1.07,1.26,0.32,1.1,1.39,1.34,1.25,1.01,1.21,0.92,0.24,0.92,0.65,36,35.7
832.18,36,1.08,0.82,1.07,1.27,0.32,1.1,1.39,1.34,1.25,1.01,1.21,0.92,0.25,0.92,0.65,36,35.71
833.18,36,1.06,0.82,1.07,1.27,0.32,1.09,1.39,1.33,1.24,1.02,1.21,0.92,0.25,0.92,0.65,36,35.71
834.18,36,1.08,0.82,1.07,1.27,0.32,1.09,1.4,1.34,1.25,1.01,1.21,0.92,0.24,0.92,0.65,36,35.73
835.18,36,1.08,0.82,1.08,1.28,0.32,1.1,1.4,1.34,1.24,1.02,1.21,0.92,0.24,0.92,0.65,36,35.71
836.18,36,1.07,0.82,1.08,1.27,0.32,1.09,1.4,1.33,1.23,1.02,1.22,0.92,0.24,0.92,0.65,36,35.71
837.2,36,1.07,0.82,1.07,1.27,0.32,1.09,1.39,1.34,1.24,1.01,1.21,0.92,0.24,0.92,0.65,36,35.71
838.2,36,1.08,0.83,1.07,1.27,0.32,1.08,1.4,1.34,1.24,1.02,1.22,0.92,0.25,0.92,0.65,36,35.71
839.2,36,1.07,0.82,1.07,1.28,0.32,1.08,1.4,1.34,1.24,1.02,1.22,0.92,0.25,0.92,0.65,36,35.71
840.2,36,1.07,0.82,1.07,1.27,0.32,1.1,1.4,1.34,1.23,1.02,1.22,0.92,0.25,0.93,0.65,36,35.71
841.2,36,1.07,0.81,1.06,1.27,0.32,1.08,1.39,1.34,1.23,1.02,1.21,0.92,0.24,0.92,0.65,36,35.73
842.2,36,1.08,0.82,1.06,1.27,0.32,1.08,1.4,1.34,1.24,1.02,1.21,0.93,0.25,0.93,0.65,36,35.71
843.22,36,1.08,0.81,1.06,1.27,0.32,1.08,1.4,1.34,1.23,1.01,1.22,0.93,0.25,0.92,0.64,36,35.71
844.22,36,1.07,0.82,1.06,1.27,0.32,1.09,1.4,1.34,1.24,1.02,1.22,0.92,0.25,0.91,0.64,36,35.71
845.22,36,1.07,0.82,1.06,1.28,0.32,1.09,1.4,1.34,1.23,1.02,1.22,0.92,0.25,0.92,0.65,36,35.71
846.22,36,1.08,0.82,1.06,1.27,0.32,1.08,1.4,1.34,1.23,1.02,1.22,0.93,0.25,0.92,0.65,36,35.73
847.22,36,1.07,0.82,1.06,1.27,0.32,1.09,1.39,1.34,1.23,1.02,1.21,0.93,0.25,0.92,0.65,36,35.73
848.22,36,1.08,0.82,1.06,1.26,0.32,1.08,1.39,1.33,1.22,1.02,1.21,0.92,0.24,0.92,0.63,36,35.71
849.22,36,1.08,0.82,1.06,1.28,0.33,1.09,1.4,1.34,1.23,1.02,1.22,0.93,0.25,0.92,0.65,36,35.73
850.22,36,1.08,0.82,1.05,1.27,0.32,1.08,1.39,1.34,1.23,1.02,1.21,0.92,0.24,0.92,0.64,36,35.73
851.23,36,1.08,0.82,1.06,1.26,0.32,1.08,1.39,1.33,1.22,1.01,1.21,0.92,0.25,0.92,0.65,36,35.71
852.23,36,1.08,0.82,1.06,1.27,0.32,1.07,1.4,1.34,1.21,1.02,1.22,0.92,0.25,0.92,0.63,36,35.71
853.23,36,1.08,0.82,1.05,1.27,0.32,1.09,1.4,1.34,1.22,1.01,1.21,0.91,0.24,0.91,0.64,36,35.71
854.25,36,1.07,0.82,1.06,1.27,0.32,1.08,1.39,1.34,1.21,1.02,1.21,0.92,0.23,0.92,0.64,36,35.7
855.25,36,1.07,0.82,1.05,1.27,0.32,1.07,1.4,1.33,1.22,1.01,1.21,0.91,0.25,0.91,0.63,36,35.73
856.25,36,1.07,0.82,1.04,1.26,0.32,1.08,1.39,1.33,1.21,1.02,1.21,0.91,0.24,0.92,0.63,36,35.71
857.25,36,1.07,0.81,1.05,1.25,0.32,1.07,1.38,1.33,1.22,1.01,1.21,0.92,0.25,0.92,0.63,36,35.71
858.25,36,1.08,0.82,1.06,1.27,0.32,1.08,1.39,1.33,1.21,1.02,1.22,0.91,0.25,0.92,0.63,36,35.71
859.25,36,1.07,0.82,1.05,1.26,0.32,1.08,1.38,1.33,1.21,1.01,1.21,0.91,0.24,0.92,0.63,36,35.7
860.25,36,1.08,0.82,1.05,1.27,0.32,1.06,1.4,1.34,1.21,1.02,1.21,0.92,0.25,0.92,0.62,36,35.7
861.25,36,1.07,0.82,1.06,1.27,0.32,1.08,1.4,1.34,1.21,1.01,1.21,0.92,0.25,0.92,0.63,36,35.7
862.27,36,1.07,0.82,1.06,1.27,0.32,1.08,1.4,1.34,1.23,1.02,1.21,0.91,0.25,0.92,0.63,36,35.69
863.27,36,1.06,0.82,1.05,1.26,0.32,1.08,1.4,1.34,1.22,1.02,1.21,0.92,0.25,0.92,0.63,36,35.7
864.27,36,1.07,0.81,1.05,1.27,0.32,1.06,1.38,1.33,1.21,1.01,1.21,0.92,0.24,0.92,0.63,36,35.7
865.27,36,1.08,0.82,1.05,1.27,0.32,1.07,1.4,1.34,1.22,1.02,1.21,0.92,0.25,0.92,0.62,36,35.7
866.27,36,1.07,0.82,1.05,1.27,0.32,1.08,1.39,1.34,1.21,1.02,1.21,0.92,0.24,0.92,0.63,36,35.7
867.28,36,1.08,0.82,1.04,1.27,0.32,1.07,1.39,1.34,1.21,1.02,1.21,0.92,0.24,0.92,0.62,36,35.7
868.28,36,1.07,0.82,1.04,1.27,0.32,1.08,1.39,1.34,1.21,1.02,1.21,0.92,0.24,0.92,0.62,36,35.7
869.28,36,1.07,0.81,1.04,1.27,0.32,1.08,1.38,1.34,1.21,1.01,1.21,0.92,0.24,0.92,0.63,36,35.68
870.28,36,1.07,0.82,1.04,1.27,0.32,1.08,1.39,1.33,1.21,1.01,1.21,0.91,0.24,0.91,0.63,36,35.7
871.3,36,1.07,0.82,1.04,1.27,0.32,1.08,1.39,1.33,1.21,1.01,1.21,0.9,0.24,0.92,0.62,36,35.69
872.3,36,1.07,0.81,1.04,1.27,0.32,1.07,1.39,1.34,1.21,1.02,1.21,0.91,0.25,0.92,0.63,36,35.68
873.3,36,1.07,0.82,1.04,1.27,0.32,1.08,1.39,1.34,1.21,1.01,1.21,0.91,0.23,0.92,0.62,36,35.69
874.3,36,1.07,0.81,1.03,1.27,0.32,1.07,1.38,1.33,1.22,1.01,1.21,0.91,0.24,0.92,0.62,36,35.7
875.3,36,1.07,0.82,1.04,1.27,0.32,1.08,1.39,1.33,1.22,1.02,1.21,0.91,0.24,0.92,0.62,36,35.68
876.32,36,1.07,0.82,1.04,1.27,0.32,1.07,1.39,1.34,1.22,1.01,1.21,0.91,0.25,0.92,0.63,36,35.69
877.32,36,1.08,0.82,1.04,1.27,0.32,1.07,1.4,1.34,1.22,1.02,1.22,0.92,0.25,0.92,0.62,36,35.69
878.32,36,1.08,0.82,1.04,1.27,0.32,1.08,1.4,1.34,1.21,1.02,1.21,0.91,0.25,0.92,0.62,36,35.69
879.32,36,1.07,0.81,1.03,1.27,0.32,1.07,1.39,1.34,1.21,1.02,1.21,0.91,0.24,0.91,0.63,36,35.68
880.32,36,1.08,0.81,1.04,1.27,0.32,1.08,1.4,1.34,1.21,1.02,1.21,0.91,0.25,0.91,0.62,36,35.69
881.32,36,1.07,0.82,1.03,1.27,0.32,1.08,1.39,1.34,1.2,1.01,1.21,0.91,0.24,0.91,0.62,36,35.68
882.32,36,1.08,0.81,1.03,1.26,0.32,1.07,1.39,1.33,1.2,1.02,1.21,0.91,0.24,0.92,0.62,36,35.68
883.32,36,1.07,0.82,1.03,1.27,0.32,1.07,1.4,1.33,1.21,1.02,1.22,0.91,0.24,0.92,0.63,36,35.68
884.33,36,1.07,0.82,1.03,1.26,0.31,1.06,1.39,1.33,1.19,1,1.21,0.9,0.24,0.91,0.62,36,35.69
885.33,36,1.06,0.81,1.03,1.26,0.32,1.06,1.39,1.33,1.19,1,1.21,0.9,0.23,0.91,0.61,36,35.68
886.33,36,1.08,0.82,1.04,1.27,0.32,1.05,1.4,1.34,1.21,1.02,1.21,0.91,0.25,0.92,0.62,36,35.69
887.35,36,1.07,0.82,1.03,1.27,0.32,1.06,1.39,1.33,1.19,1.02,1.21,0.91,0.24,0.92,0.62,36,35.68
888.35,36,1.07,0.82,1.03,1.27,0.31,1.06,1.38,1.33,1.2,1.02,1.21,0.9,0.24,0.92,0.62,36,35.68
889.35,36,1.07,0.8,1.03,1.27,0.32,1.06,1.39,1.34,1.2,1.02,1.21,0.91,0.25,0.92,0.61,36,35.69
890.35,36,1.06,0.82,1.02,1.27,0.32,1.06,1.39,1.33,1.19,1.01,1.21,0.91,0.23,0.91,0.61,36,35.66
891.35,36,1.07,0.82,1.03,1.27,0.32,1.06,1.39,1.34,1.21,1.01,1.22,0.9,0.25,0.92,0.62,36,35.69
892.35,36,1.07,0.82,1.04,1.27,0.32,1.06,1.4,1.34,1.2,1.02,1.22,0.92,0.25,0.92,0.63,36,35.66
893.37,36,1.08,0.82,1.02,1.27,0.32,1.06,1.39,1.33,1.2,1.02,1.21,0.91,0.24,0.92,0.63,36,35.68
894.37,36,1.08,0.82,1.04,1.27,0.32,1.06,1.39,1.34,1.19,1.01,1.22,0.91,0.24,0.91,0.61,36,35.68
895.37,36,1.08,0.82,1.02,1.27,0.32,1.06,1.4,1.34,1.2,1.02,1.22,0.92,0.25,0.92,0.63,36,35.68
896.37,36,1.07,0.82,1.02,1.26,0.32,1.05,1.39,1.33,1.19,1.01,1.21,0.91,0.24,0.92,0.61,36,35.68
897.37,36,1.07,0.82,1.03,1.27,0.32,1.06,1.39,1.34,1.2,1.02,1.21,0.91,0.25,0.92,0.62,36,35.68
898.37,36,1.06,0.81,1.02,1.26,0.31,1.04,1.38,1.33,1.19,1,1.2,0.9,0.23,0.91,0.61,36,35.69
899.37,36,1.06,0.81,1.02,1.27,0.31,1.05,1.38,1.32,1.19,1.01,1.21,0.9,0.24,0.91,0.61,36,35.69
900.37,36,1.07,0.82,1.02,1.27,0.32,1.05,1.39,1.34,1.19,1.01,1.21,0.9,0.24,0.92,0.62,36,35.69
901.38,36,1.07,0.82,1.02,1.27,0.32,1.06,1.4,1.34,1.2,1.02,1.22,0.9,0.25,0.92,0.63,36,35.69
902.38,36,1.07,0.82,1.02,1.26,0.32,1.04,1.38,1.33,1.18,1.01,1.21,0.9,0.24,0.92,0.61,36,35.69
903.38,36,1.07,0.81,1.02,1.27,0.32,1.04,1.39,1.32,1.2,1.02,1.21,0.91,0.24,0.91,0.61,36,35.68
904.38,36,1.07,0.82,1.02,1.27,0.32,1.06,1.39,1.34,1.19,1.01,1.21,0.9,0.25,0.91,0.62,36,35.69
905.38,36,1.07,0.82,1.02,1.27,0.32,1.05,1.39,1.33,1.2,1.02,1.21,0.9,0.24,0.91,0.62,36,35.69
906.4,36,1.08,0.82,1.03,1.27,0.32,1.06,1.39,1.33,1.2,1.02,1.22,0.91,0.25,0.92,0.63,36,35.68
907.4,36,1.07,0.81,1.02,1.28,0.32,1.06,1.39,1.34,1.2,1.02,1.21,0.9,0.25,0.92,0.62,36,35.68
908.4,36,1.08,0.82,1.04,1.27,0.33,1.06,1.4,1.34,1.19,1.02,1.22,0.9,0.25,0.92,0.63,36,35.7
909.4,36,1.07,0.81,1.02,1.27,0.32,1.05,1.4,1.34,1.19,1.02,1.21,0.9,0.25,0.92,0.62,36,35.7
910.4,36,1.08,0.82,1.03,1.27,0.32,1.06,1.39,1.34,1.2,1.01,1.21,0.9,0.25,0.92,0.62,36,35.69
911.42,36,1.07,0.82,1.02,1.27,0.32,1.05,1.4,1.34,1.2,1.02,1.22,0.92,0.24,0.91,0.62,36,35.7
912.42,36,1.08,0.81,1.03,1.27,0.32,1.06,1.39,1.34,1.2,1.02,1.21,0.91,0.25,0.92,0.62,36,35.69
913.42,36,1.07,0.82,1.02,1.27,0.32,1.06,1.38,1.34,1.2,1.02,1.22,0.9,0.25,0.92,0.61,36,35.69
914.43,36,1.07,0.82,1.02,1.26,0.32,1.04,1.4,1.33,1.19,1.01,1.21,0.91,0.25,0.92,0.61,36,35.69
915.43,36,1.07,0.82,1.02,1.27,0.32,1.04,1.38,1.34,1.19,1.02,1.21,0.91,0.24,0.91,0.62,36,35.69
916.43,36,1.07,0.81,1.02,1.27,0.32,1.04,1.39,1.33,1.19,1.02,1.21,0.9,0.25,0.92,0.62,36,35.7
917.43,36,1.07,0.81,1.02,1.27,0.32,1.05,1.39,1.33,1.19,1.01,1.21,0.9,0.25,0.92,0.62,36,35.7
918.43,36,1.07,0.82,1.02,1.27,0.32,1.05,1.39,1.34,1.2,1.02,1.21,0.9,0.25,0.91,0.61,36,35.7
919.43,36,1.07,0.82,1.02,1.27,0.32,1.04,1.39,1.34,1.19,1.01,1.21,0.9,0.23,0.92,0.61,36,35.7
920.45,36,1.07,0.81,1.02,1.27,0.32,1.04,1.38,1.32,1.19,1.01,1.21,0.9,0.24,0.92,0.61,36,35.7
921.45,36,1.07,0.81,1.01,1.27,0.32,1.06,1.4,1.33,1.19,1.02,1.21,0.91,0.24,0.92,0.62,36,35.7
922.45,36,1.07,0.81,1.02,1.27,0.32,1.04,1.39,1.33,1.19,1.01,1.21,0.9,0.25,0.92,0.61,36,35.7
923.45,36,1.07,0.81,1.02,1.27,0.32,1.05,1.39,1.34,1.19,1.02,1.21,0.91,0.24,0.92,0.62,36,35.7
924.45,36,1.06,0.81,1.01,1.26,0.31,1.03,1.38,1.33,1.19,1.01,1.21,0.9,0.24,0.91,0.61,36,35.7
925.47,36,1.07,0.81,1.02,1.27,0.32,1.04,1.38,1.33,1.19,1.02,1.21,0.91,0.25,0.91,0.62,36,35.7
926.47,36,1.06,0.81,1,1.27,0.32,1.04,1.38,1.33,1.19,1,1.2,0.9,0.23,0.91,0.61,36,35.7
927.47,36,1.08,0.82,1.02,1.27,0.32,1.04,1.39,1.34,1.19,1.02,1.21,0.91,0.25,0.92,0.63,36,35.7
928.47,36,1.07,0.81,1.01,1.27,0.32,1.04,1.39,1.33,1.19,1.02,1.21,0.91,0.24,0.92,0.62,36,35.7
929.47,36,1.07,0.81,1,1.26,0.32,1.04,1.39,1.33,1.19,1.01,1.21,0.9,0.24,0.91,0.62,36,35.7
930.48,36,1.08,0.82,1.02,1.27,0.32,1.06,1.4,1.34,1.19,1.02,1.21,0.91,0.25,0.92,0.62,36,35.7
931.48,36,1.08,0.82,1.02,1.27,0.32,1.04,1.39,1.34,1.19,1.02,1.21,0.9,0.25,0.92,0.62,36,35.7
932.48,36,1.06,0.8,1,1.26,0.31,1.04,1.38,1.33,1.18,1,1.2,0.9,0.24,0.91,0.61,36,35.7
933.48,36,1.08,0.82,1.02,1.27,0.32,1.05,1.4,1.34,1.19,1.02,1.21,0.9,0.25,0.92,0.62,36,35.7
934.48,36,1.06,0.82,1.01,1.26,0.31,1.04,1.39,1.33,1.18,1.02,1.21,0.9,0.24,0.92,0.62,36,35.7
935.5,36,1.08,0.82,1.02,1.27,0.32,1.04,1.4,1.34,1.19,1.02,1.22,0.9,0.25,0.92,0.62,36,35.7
936.5,36,1.08,0.82,1.01,1.27,0.33,1.06,1.4,1.34,1.19,1.02,1.21,0.9,0.25,0.92,0.62,36,35.7
937.5,36,1.07,0.81,1.01,1.27,0.32,1.04,1.39,1.34,1.19,1.01,1.21,0.9,0.25,0.92,0.61,36,35.7
938.5,36,1.07,0.82,1.01,1.27,0.32,1.05,1.39,1.33,1.19,1.02,1.22,0.9,0.25,0.92,0.61,36,35.71
939.5,36,1.08,0.81,1.02,1.27,0.32,1.05,1.4,1.34,1.19,1.02,1.22,0.9,0.24,0.92,0.62,36,35.7
940.5,36,1.07,0.82,1.02,1.27,0.32,1.06,1.39,1.34,1.19,1.02,1.21,0.9,0.25,0.92,0.62,36,35.7
941.5,36,1.07,0.81,1.02,1.27,0.32,1.04,1.39,1.34,1.18,1.01,1.21,0.9,0.24,0.92,0.61,36,35.7
942.5,36,1.07,0.82,1.02,1.28,0.32,1.04,1.4,1.34,1.19,1.02,1.23,0.9,0.25,0.91,0.61,36,35.71
943.5,36,1.07,0.81,1,1.26,0.32,1.04,1.39,1.34,1.19,1.01,1.21,0.9,0.25,0.92,0.61,36,35.71
944.5,36,1.08,0.82,1.01,1.27,0.33,1.05,1.4,1.34,1.19,1.02,1.22,0.9,0.25,0.92,0.62,36,35.71
945.5,36,1.07,0.82,1.02,1.27,0.32,1.04,1.39,1.34,1.19,1.02,1.21,0.91,0.25,0.92,0.61,36,35.71
946.52,36,1.06,0.81,1,1.25,0.31,1.04,1.38,1.31,1.18,1,1.2,0.9,0.23,0.91,0.6,36,35.71
947.52,36,1.07,0.82,1.02,1.27,0.32,1.04,1.38,1.34,1.19,1.02,1.21,0.9,0.24,0.92,0.61,36,35.7
948.52,36,1.07,0.82,1.01,1.27,0.32,1.04,1.39,1.33,1.19,1.02,1.21,0.9,0.25,0.92,0.61,36,35.71
949.52,36,1.07,0.82,1.01,1.27,0.32,1.04,1.39,1.34,1.18,1.02,1.21,0.9,0.24,0.92,0.61,36,35.71
950.52,36,1.07,0.81,1,1.25,0.31,1.03,1.39,1.33,1.18,1.01,1.21,0.9,0.24,0.92,0.61,36,35.71
951.52,36,1.07,0.82,1.01,1.27,0.32,1.04,1.39,1.34,1.19,1.02,1.21,0.9,0.24,0.92,0.61,36,35.71
952.52,36,1.07,0.82,1.01,1.27,0.32,1.04,1.39,1.34,1.19,1.02,1.21,0.9,0.24,0.92,0.61,36,35.71
953.52,36,1.07,0.81,1.01,1.27,0.32,1.04,1.39,1.34,1.18,1.02,1.22,0.9,0.25,0.92,0.61,36,35.71
954.52,36,1.08,0.82,1.02,1.27,0.32,1.04,1.4,1.34,1.19,1.01,1.21,0.9,0.25,0.92,0.61,36,35.7
955.52,36,1.08,0.82,1.01,1.27,0.32,1.05,1.4,1.34,1.19,1.02,1.23,0.91,0.25,0.92,0.61,36,35.7
956.52,36,1.08,0.82,1.02,1.27,0.32,1.04,1.4,1.35,1.19,1.02,1.22,0.91,0.25,0.92,0.61,36,35.7
957.53,36,1.07,0.81,1.01,1.27,0.32,1.04,1.39,1.32,1.18,1,1.21,0.9,0.25,0.91,0.61,36,35.71
958.53,36,1.07,0.82,1.01,1.28,0.32,1.04,1.39,1.34,1.19,1.01,1.21,0.9,0.25,0.92,0.61,36,35.71
959.53,36,1.08,0.82,1.01,1.27,0.32,1.04,1.4,1.34,1.19,1.02,1.21,0.91,0.24,0.91,0.61,36,35.7
960.55,36,1.07,0.81,1,1.27,0.32,1.04,1.39,1.32,1.19,1.01,1.21,0.9,0.25,0.91,0.61,36,35.71
961.55,36,1.07,0.81,1,1.25,0.32,1.04,1.39,1.33,1.18,1.01,1.21,0.9,0.25,0.91,0.61,36,35.71
962.55,36,1.08,0.82,1.01,1.27,0.33,1.05,1.4,1.34,1.18,1.02,1.21,0.9,0.25,0.92,0.61,36,35.7
963.55,36,1.06,0.8,1,1.26,0.31,1.04,1.39,1.32,1.18,1.01,1.21,0.89,0.24,0.91,0.6,36,35.71
964.55,36,1.07,0.82,1,1.27,0.32,1.04,1.38,1.33,1.17,1.01,1.21,0.9,0.24,0.92,0.61,36,35.71
965.55,36,1.07,0.81,1.01,1.27,0.32,1.04,1.4,1.34,1.17,1.02,1.21,0.9,0.25,0.91,0.6,36,35.71
966.55,36,1.07,0.82,1,1.27,0.31,1.05,1.39,1.33,1.18,1.01,1.21,0.9,0.23,0.91,0.61,36,35.71
967.57,36,1.07,0.82,1.01,1.27,0.32,1.04,1.39,1.34,1.18,1.01,1.22,0.89,0.25,0.92,0.61,36,35.7
968.57,36,1.08,0.82,1.01,1.27,0.32,1.05,1.4,1.34,1.19,1.02,1.22,0.9,0.25,0.92,0.61,36,35.71
969.57,36,1.08,0.82,1.01,1.27,0.32,1.05,1.4,1.34,1.19,1.01,1.22,0.91,0.25,0.92,0.61,36,35.7
970.57,36,1.08,0.82,1.01,1.27,0.33,1.04,1.4,1.34,1.18,1.02,1.22,0.9,0.25,0.92,0.61,36,35.7
971.58,36,1.08,0.82,1.01,1.27,0.32,1.04,1.39,1.33,1.19,1.02,1.21,0.9,0.24,0.91,0.61,36,35.7
972.58,36,1.07,0.81,1.01,1.27,0.32,1.04,1.39,1.33,1.18,1.02,1.22,0.9,0.25,0.92,0.61,36,35.7
973.58,36,1.07,0.82,1,1.27,0.32,1.04,1.4,1.34,1.19,1.01,1.21,0.9,0.24,0.91,0.61,36,35.69
974.58,36,1.07,0.81,1.01,1.27,0.32,1.04,1.38,1.34,1.18,1.02,1.21,0.9,0.24,0.91,0.61,36,35.7
975.58,36,1.07,0.82,1,1.28,0.32,1.04,1.39,1.34,1.18,1.02,1.21,0.9,0.25,0.91,0.61,36,35.69
976.58,36,1.06,0.81,1,1.27,0.32,1.04,1.39,1.33,1.17,1.02,1.21,0.89,0.24,0.92,0.59,36,35.7
977.58,36,1.07,0.82,1,1.27,0.32,1.04,1.39,1.33,1.17,1.02,1.22,0.9,0.25,0.92,0.61,36,35.69
978.6,36,1.07,0.82,1,1.27,0.32,1.04,1.4,1.34,1.19,1.01,1.21,0.9,0.25,0.91,0.61,36,35.69
979.6,36,1.07,0.82,1.01,1.27,0.32,1.04,1.4,1.34,1.18,1.02,1.22,0.9,0.25,0.91,0.61,36,35.69
980.6,36,1.06,0.81,1,1.26,0.32,1.04,1.38,1.34,1.17,1.01,1.21,0.9,0.24,0.91,0.59,36,35.7
981.6,36,1.07,0.81,1,1.27,0.32,1.04,1.39,1.33,1.18,1.02,1.21,0.9,0.25,0.92,0.61,36,35.69
982.62,36,1.07,0.81,1,1.27,0.32,1.03,1.39,1.33,1.18,1.02,1.21,0.9,0.24,0.92,0.6,36,35.69
983.62,36,1.07,0.82,1,1.27,0.32,1.04,1.39,1.33,1.18,1.01,1.21,0.9,0.24,0.91,0.61,36,35.7
984.62,36,1.06,0.8,1,1.27,0.32,1.03,1.38,1.32,1.17,1,1.2,0.88,0.23,0.91,0.6,36,35.69
985.62,36,1.07,0.82,1,1.26,0.32,1.04,1.38,1.33,1.18,1.01,1.21,0.9,0.24,0.92,0.6,36,35.69
986.62,36,1.07,0.82,1.01,1.27,0.32,1.05,1.4,1.34,1.18,1.01,1.22,0.9,0.25,0.92,0.61,36,35.7
987.62,36,1.07,0.82,1,1.27,0.32,1.04,1.4,1.33,1.17,1.02,1.22,0.9,0.25,0.92,0.61,36,35.7
988.63,36,1.08,0.82,1,1.27,0.32,1.04,1.39,1.33,1.18,1.01,1.21,0.9,0.24,0.92,0.61,36,35.69
989.63,36,1.07,0.81,1,1.26,0.31,1.04,1.39,1.34,1.17,1.01,1.21,0.9,0.24,0.92,0.59,36,35.69
990.63,36,1.07,0.81,1,1.26,0.31,1.04,1.38,1.33,1.17,1,1.21,0.89,0.24,0.91,0.6,36,35.7
991.63,36,1.07,0.82,1,1.27,0.32,1.05,1.4,1.34,1.17,1.02,1.21,0.9,0.25,0.92,0.6,36,35.7
992.63,36,1.07,0.82,1,1.26,0.32,1.04,1.39,1.34,1.17,1.01,1.21,0.9,0.25,0.91,0.6,36,35.7
993.63,36,1.07,0.8,1,1.26,0.31,1.02,1.38,1.33,1.17,1,1.21,0.9,0.24,0.9,0.61,36,35.7
994.63,36,1.07,0.81,1,1.28,0.32,1.04,1.39,1.34,1.17,1.01,1.21,0.9,0.25,0.91,0.61,36,35.7
995.63,36,1.07,0.81,1,1.27,0.32,1.04,1.39,1.34,1.17,1.02,1.21,0.9,0.24,0.92,0.6,36,35.69
996.63,36,1.08,0.82,1.01,1.28,0.32,1.04,1.4,1.34,1.18,1.02,1.21,0.9,0.25,0.92,0.61,36,35.7
997.65,36,1.08,0.82,1,1.27,0.32,1.04,1.4,1.34,1.18,1.02,1.21,0.91,0.25,0.92,0.61,36,35.7
998.65,36,1.08,0.81,1,1.27,0.32,1.04,1.4,1.34,1.17,1.02,1.22,0.9,0.25,0.92,0.61,36,35.7
999.65,36,1.08,0.81,1,1.27,0.33,1.04,1.39,1.33,1.17,1.02,1.21,0.9,0.24,0.92,0.61,36,35.7
1000.65,36,1.07,0.82,1,1.26,0.32,1.03,1.38,1.34,1.17,1.01,1.21,0.89,0.24,0.92,0.6,36,35.7
1001.65,36,1.07,0.81,1,1.27,0.32,1.04,1.39,1.33,1.17,1.02,1.21,0.89,0.24,0.91,0.6,36,35.7
1002.65,36,1.07,0.81,1,1.27,0.32,1.04,1.39,1.34,1.17,1.01,1.21,0.9,0.24,0.91,0.61,36,35.7
1003.65,36,1.07,0.82,1,1.27,0.32,1.03,1.39,1.34,1.17,1.01,1.21,0.9,0.25,0.91,0.6,36,35.7
1004.65,36,1.07,0.81,1,1.26,0.31,1.04,1.38,1.33,1.17,1.01,1.21,0.9,0.24,0.91,0.59,36,35.7
1005.67,36,1.07,0.8,1,1.27,0.32,1.04,1.39,1.33,1.17,1.01,1.21,0.9,0.24,0.9,0.59,36,35.7
1006.67,36,1.08,0.82,1,1.28,0.32,1.04,1.4,1.34,1.18,1.01,1.22,0.9,0.25,0.92,0.61,36,35.7
1007.67,36,1.08,0.82,1,1.27,0.32,1.04,1.4,1.34,1.19,1.02,1.22,0.9,0.24,0.92,0.61,36,35.7
1008.67,36,1.08,0.82,1,1.27,0.33,1.04,1.4,1.34,1.17,1.02,1.22,0.9,0.25,0.92,0.61,36,35.71
1009.67,36,1.07,0.82,1,1.27,0.32,1.04,1.4,1.33,1.17,1.01,1.21,0.9,0.24,0.91,0.6,36,35.7
1010.68,36,1.07,0.81,1,1.27,0.32,1.04,1.4,1.33,1.17,1.02,1.21,0.9,0.24,0.91,0.6,36,35.7
1011.68,36,1.07,0.82,1,1.27,0.32,1.03,1.39,1.33,1.18,1.02,1.21,0.9,0.25,0.92,0.61,36,35.7
1012.68,36,1.07,0.81,0.99,1.26,0.31,1.03,1.38,1.33,1.17,1.01,1.2,0.9,0.24,0.91,0.59,36,35.7
1013.68,36,1.08,0.82,1,1.27,0.32,1.04,1.39,1.34,1.17,1.02,1.22,0.9,0.25,0.92,0.61,36,35.7
1014.68,36,1.08,0.82,1,1.27,0.32,1.04,1.39,1.34,1.18,1.02,1.22,0.91,0.25,0.92,0.61,36,35.7
1015.68,36,1.08,0.82,1,1.27,0.32,1.03,1.4,1.34,1.18,1.02,1.22,0.9,0.25,0.92,0.61,36,35.7
1016.7,36,1.07,0.8,0.99,1.27,0.32,1.04,1.39,1.33,1.17,1.01,1.21,0.89,0.25,0.91,0.59,36,35.7
1017.7,36,1.07,0.82,1,1.27,0.32,1.03,1.39,1.34,1.17,1.01,1.21,0.9,0.25,0.92,0.6,36,35.7
1018.7,36,1.07,0.82,1,1.27,0.32,1.04,1.39,1.33,1.17,1.02,1.22,0.9,0.25,0.91,0.6,36,35.69
1019.7,36,1.07,0.82,1,1.27,0.32,1.04,1.39,1.34,1.17,1.01,1.22,0.9,0.25,0.92,0.61,36,35.68
1020.7,36,1.08,0.81,1,1.27,0.32,1.04,1.4,1.34,1.17,1.02,1.22,0.9,0.25,0.92,0.6,36,35.7
1021.7,36,1.07,0.82,1,1.27,0.32,1.04,1.39,1.33,1.17,1.01,1.21,0.9,0.25,0.91,0.59,36,35.69
1022.72,36,1.07,0.81,1,1.27,0.32,1.03,1.39,1.34,1.17,1.01,1.21,0.9,0.24,0.92,0.6,36,35.69
1023.72,36,1.07,0.81,1,1.27,0.32,1.04,1.39,1.34,1.17,1.02,1.21,0.9,0.25,0.92,0.6,36,35.69
1024.72,36,1.07,0.82,1,1.26,0.32,1.04,1.38,1.34,1.17,1.01,1.21,0.9,0.25,0.91,0.6,36,35.69
1025.72,36,1.07,0.81,0.99,1.27,0.32,1.04,1.39,1.32,1.17,1.01,1.21,0.9,0.24,0.92,0.6,36,35.7
1026.72,36,1.08,0.82,1,1.27,0.32,1.05,1.4,1.34,1.18,1.02,1.22,0.91,0.25,0.92,0.61,36,35.69
1027.72,36,1.08,0.82,1,1.27,0.33,1.04,1.4,1.34,1.17,1.02,1.22,0.9,0.25,0.92,0.61,36,35.69
1028.73,36,1.07,0.82,1,1.28,0.32,1.04,1.39,1.33,1.17,1.01,1.21,0.9,0.24,0.92,0.6,36,35.7
1029.73,36,1.08,0.82,1,1.27,0.32,1.04,1.4,1.34,1.17,1.02,1.21,0.9,0.25,0.92,0.61,36,35.7
1030.73,36,1.08,0.82,1,1.27,0.32,1.04,1.38,1.34,1.17,1.01,1.21,0.9,0.25,0.91,0.59,36,35.69
1031.73,36,1.08,0.82,1,1.27,0.32,1.04,1.4,1.34,1.17,1.02,1.21,0.9,0.25,0.92,0.61,36,35.69
1032.73,36,1.07,0.81,1,1.26,0.32,1.03,1.39,1.33,1.17,1.01,1.21,0.89,0.25,0.92,0.59,36,35.69
1033.73,36,1.07,0.81,1,1.27,0.32,1.03,1.39,1.34,1.17,1.02,1.21,0.9,0.25,0.92,0.6,36,35.7
1034.73,36,1.07,0.81,1,1.26,0.32,1.04,1.39,1.34,1.17,1,1.21,0.9,0.24,0.91,0.6,36,35.69
1035.75,36,1.07,0.82,1,1.27,0.32,1.02,1.39,1.33,1.17,1.02,1.21,0.9,0.24,0.91,0.59,36,35.7
1036.75,36,1.07,0.81,1,1.27,0.32,1.03,1.39,1.34,1.17,1.01,1.21,0.9,0.25,0.91,0.6,36,35.69
1037.75,36,1.07,0.8,0.99,1.27,0.32,1.02,1.38,1.33,1.16,1,1.21,0.89,0.23,0.91,0.6,36,35.7
1038.75,36,1.06,0.82,0.98,1.26,0.32,1.02,1.38,1.33,1.17,1.01,1.21,0.89,0.24,0.91,0.59,36,35.69
1039.75,36,1.06,0.81,0.99,1.27,0.32,1.02,1.39,1.33,1.17,1.02,1.21,0.9,0.24,0.92,0.59,36,35.69
1040.75,36,1.08,0.81,1,1.27,0.32,1.04,1.4,1.33,1.17,1.01,1.21,0.9,0.25,0.91,0.6,36,35.69
1041.75,36,1.08,0.81,1,1.27,0.32,1.04,1.39,1.33,1.17,1.02,1.22,0.9,0.25,0.92,0.6,36,35.7
1042.77,36,1.06,0.81,0.99,1.27,0.32,1.02,1.39,1.32,1.16,1,1.21,0.9,0.24,0.91,0.59,36,35.68
1043.77,36,1.06,0.8,0.98,1.26,0.31,1.02,1.38,1.33,1.16,1.01,1.21,0.89,0.23,0.91,0.59,36,35.7
1044.77,36,1.06,0.81,0.99,1.25,0.31,1.02,1.38,1.33,1.16,1.01,1.2,0.88,0.23,0.91,0.59,36,35.68
1045.77,36,1.08,0.82,1,1.27,0.32,1.04,1.39,1.33,1.17,1.02,1.21,0.89,0.24,0.92,0.6,36,35.69
1046.78,36,1.08,0.82,1,1.27,0.32,1.02,1.4,1.34,1.17,1.01,1.22,0.9,0.25,0.92,0.6,36,35.68
1047.78,36,1.08,0.82,1,1.27,0.32,1.04,1.39,1.34,1.17,1.02,1.22,0.9,0.24,0.92,0.6,36,35.66
1048.78,36,1.07,0.81,0.99,1.27,0.32,1.03,1.39,1.34,1.17,1.01,1.21,0.9,0.24,0.91,0.59,36,35.68
1049.78,36,1.07,0.81,0.99,1.26,0.31,1.02,1.38,1.33,1.16,1.01,1.21,0.9,0.24,0.91,0.59,36,35.68
1050.78,36,1.07,0.81,0.99,1.26,0.32,1.04,1.38,1.34,1.16,1.01,1.21,0.89,0.24,0.91,0.59,36,35.68
1051.8,36,1.08,0.82,0.99,1.27,0.32,1.04,1.4,1.34,1.17,1.02,1.22,0.9,0.25,0.92,0.6,36,35.68
1052.8,36,1.08,0.81,1,1.27,0.33,1.04,1.4,1.34,1.17,1.02,1.22,0.9,0.25,0.92,0.59,36,35.68
1053.82,36,1.07,0.82,0.99,1.27,0.32,1.02,1.39,1.34,1.16,1.02,1.21,0.9,0.24,0.91,0.6,36,35.69
1054.82,36,1.07,0.81,0.99,1.27,0.32,1.03,1.39,1.33,1.17,1.02,1.21,0.9,0.25,0.92,0.59,36,35.68
1055.82,36,1.07,0.81,0.99,1.27,0.32,1.02,1.38,1.34,1.16,1.01,1.21,0.9,0.25,0.91,0.6,36,35.66
1056.82,36,1.07,0.82,1,1.27,0.32,1.03,1.4,1.34,1.17,1.01,1.21,0.9,0.24,0.92,0.6,36,35.68
1057.82,36,1.07,0.81,0.99,1.27,0.32,1.02,1.38,1.33,1.17,1,1.21,0.9,0.24,0.91,0.59,36,35.68
1058.82,36,1.07,0.81,1,1.27,0.32,1.02,1.39,1.34,1.17,1.01,1.21,0.89,0.25,0.91,0.59,36,35.66
1059.82,36,1.07,0.82,0.99,1.27,0.32,1.03,1.4,1.34,1.17,1.02,1.21,0.9,0.24,0.91,0.59,36,35.68
1060.82,36,1.06,0.82,0.99,1.27,0.32,1.02,1.38,1.33,1.16,1.01,1.21,0.89,0.25,0.91,0.59,36,35.68
1061.82,36,1.06,0.81,0.99,1.26,0.32,1.02,1.38,1.32,1.17,1.01,1.21,0.89,0.23,0.91,0.59,36,35.66
1062.83,36,1.06,0.8,0.98,1.26,0.32,1.02,1.38,1.32,1.15,1,1.21,0.88,0.23,0.9,0.59,36,35.68
1063.83,36,1.08,0.81,1,1.27,0.32,1.03,1.39,1.33,1.17,1.01,1.21,0.89,0.24,0.92,0.59,36,35.66
1064.83,36,1.08,0.82,1,1.27,0.32,1.02,1.39,1.34,1.17,1.02,1.21,0.89,0.25,0.92,0.6,36,35.69
1065.83,36,1.08,0.81,0.99,1.27,0.32,1.03,1.39,1.33,1.16,1.02,1.21,0.9,0.24,0.92,0.59,36,35.68
1066.83,36,1.07,0.82,0.99,1.27,0.32,1.03,1.39,1.33,1.17,1.01,1.21,0.89,0.24,0.92,0.59,36,35.68
1067.83,36,1.07,0.8,0.98,1.27,0.32,1.02,1.38,1.32,1.16,1.01,1.21,0.88,0.23,0.91,0.59,36,35.68
1068.83,36,1.08,0.82,1,1.27,0.32,1.03,1.4,1.34,1.17,1.02,1.21,0.9,0.25,0.92,0.6,36,35.66
1069.83,36,1.07,0.81,0.99,1.26,0.32,1.02,1.39,1.34,1.17,1.02,1.21,0.9,0.25,0.92,0.59,36,35.68
1070.85,36,1.07,0.82,0.99,1.27,0.31,1.02,1.38,1.33,1.17,1.02,1.21,0.89,0.24,0.91,0.59,36,35.66
1071.85,36,1.06,0.8,0.98,1.25,0.31,1.02,1.38,1.32,1.16,1,1.21,0.89,0.23,0.9,0.59,36,35.66
1072.85,36,1.07,0.8,0.99,1.26,0.32,1.02,1.38,1.33,1.16,1.02,1.21,0.89,0.24,0.91,0.59,36,35.66
1073.85,36,1.07,0.8,0.99,1.27,0.32,1.02,1.39,1.33,1.16,1.02,1.21,0.9,0.24,0.92,0.59,36,35.66
1074.85,36,1.07,0.82,0.99,1.27,0.32,1.02,1.4,1.34,1.17,1.02,1.21,0.9,0.25,0.92,0.6,36,35.66
1075.87,36,1.06,0.81,0.99,1.27,0.32,1.02,1.39,1.33,1.16,1.01,1.21,0.89,0.24,0.92,0.6,36,35.68
1076.87,36,1.07,0.8,0.98,1.27,0.32,1.02,1.38,1.33,1.16,1.01,1.2,0.88,0.24,0.9,0.59,36,35.66
1077.87,36,1.06,0.82,0.98,1.26,0.31,1.02,1.38,1.32,1.16,1.01,1.21,0.88,0.24,0.91,0.58,36,35.66
1078.88,36,1.07,0.81,0.99,1.27,0.32,1.03,1.39,1.34,1.17,1.02,1.21,0.9,0.25,0.91,0.59,36,35.66
1079.88,36,1.07,0.81,0.99,1.26,0.32,1.03,1.39,1.33,1.17,1.01,1.21,0.89,0.25,0.91,0.6,36,35.66
1080.88,36,1.08,0.8,0.99,1.27,0.32,1.02,1.4,1.34,1.17,1.01,1.21,0.9,0.25,0.92,0.6,36,35.66
1081.88,36,1.07,0.82,0.99,1.27,0.32,1.03,1.39,1.33,1.16,1.01,1.21,0.89,0.24,0.92,0.59,36,35.68
1082.88,36,1.07,0.8,0.99,1.27,0.32,1.02,1.38,1.33,1.16,1.01,1.21,0.89,0.24,0.91,0.59,36,35.66
1083.9,36,1.07,0.81,0.98,1.27,0.32,1.03,1.38,1.33,1.17,1.02,1.21,0.9,0.25,0.91,0.59,36,35.66
1084.9,36,1.07,0.82,0.99,1.27,0.32,1.02,1.39,1.33,1.16,1.02,1.21,0.89,0.24,0.92,0.59,36,35.66
1085.9,36,1.08,0.82,0.99,1.27,0.32,1.02,1.39,1.34,1.16,1.01,1.21,0.9,0.24,0.92,0.59,36,35.66
1086.9,36,1.07,0.82,0.99,1.27,0.32,1.02,1.39,1.34,1.16,1.01,1.21,0.89,0.24,0.92,0.58,36,35.66
1087.9,36,1.07,0.82,1,1.27,0.32,1.03,1.38,1.34,1.17,1.02,1.21,0.89,0.24,0.92,0.59,36,35.66
1088.92,36,1.07,0.81,0.98,1.26,0.32,1.02,1.39,1.33,1.16,1.01,1.21,0.89,0.24,0.9,0.59,36,35.68
1089.92,36,1.07,0.81,0.99,1.27,0.31,1.02,1.38,1.33,1.16,1,1.21,0.9,0.23,0.91,0.59,36,35.68
1090.92,36,1.07,0.81,0.98,1.27,0.32,1.02,1.38,1.33,1.16,1.02,1.2,0.88,0.25,0.9,0.59,36,35.68
1091.92,36,1.07,0.82,0.99,1.26,0.32,1.02,1.39,1.33,1.16,1.01,1.21,0.89,0.24,0.91,0.59,36,35.68
1092.92,36,1.07,0.81,0.99,1.27,0.32,1.02,1.39,1.32,1.17,1.01,1.21,0.9,0.24,0.92,0.59,36,35.68
1093.93,36,1.07,0.81,0.99,1.26,0.32,1.02,1.39,1.33,1.16,1.02,1.21,0.9,0.24,0.92,0.59,36,35.66
1094.93,36,1.06,0.8,0.98,1.26,0.31,1.02,1.38,1.33,1.16,1.01,1.21,0.88,0.23,0.91,0.59,36,35.66
1095.93,36,1.07,0.8,0.99,1.27,0.32,1.03,1.38,1.34,1.17,1.01,1.2,0.9,0.24,0.92,0.6,36,35.68
1096.93,36,1.07,0.82,0.98,1.26,0.32,1.02,1.39,1.33,1.16,1.01,1.21,0.89,0.24,0.91,0.58,36,35.66
1097.93,36,1.07,0.81,0.98,1.27,0.32,1.02,1.38,1.33,1.17,1.01,1.21,0.88,0.25,0.91,0.59,36,35.66
1098.95,36,1.06,0.82,0.99,1.27,0.32,1.02,1.39,1.34,1.17,1.02,1.21,0.89,0.25,0.92,0.59,36,35.66
1099.95,36,1.07,0.8,0.99,1.26,0.32,1.03,1.39,1.33,1.17,1.01,1.21,0.9,0.24,0.91,0.59,36,35.68
1100.95,36,1.07,0.8,0.98,1.27,0.32,1.02,1.38,1.33,1.17,1.01,1.21,0.89,0.24,0.91,0.59,36,35.66
1101.97,36,1.07,0.81,1,1.27,0.32,1.03,1.39,1.34,1.16,1.01,1.21,0.9,0.24,0.92,0.59,36,35.68
1102.97,36,1.07,0.81,0.98,1.27,0.32,1.02,1.39,1.33,1.16,1,1.21,0.9,0.24,0.92,0.59,36,35.68
1103.97,36,1.07,0.81,0.98,1.27,0.32,1.03,1.39,1.34,1.17,1.01,1.21,0.9,0.24,0.91,0.59,36,35.68
1104.97,36,1.07,0.81,0.98,1.25,0.32,1.02,1.39,1.33,1.15,1.01,1.21,0.89,0.24,0.91,0.59,36,35.68
1105.97,36,1.08,0.82,0.99,1.27,0.32,1.02,1.4,1.34,1.17,1.02,1.21,0.9,0.25,0.91,0.59,36,35.68
1106.97,36,1.06,0.81,0.98,1.26,0.31,1.02,1.39,1.33,1.16,1.02,1.21,0.9,0.24,0.92,0.59,36,35.68
1107.98,36,1.07,0.82,0.99,1.26,0.32,1.02,1.39,1.33,1.16,1.01,1.21,0.9,0.24,0.91,0.59,36,35.69
1108.98,36,1.07,0.82,1,1.27,0.32,1.03,1.39,1.33,1.16,1.01,1.21,0.89,0.24,0.91,0.59,36,35.68
1109.98,36,1.06,0.8,0.98,1.26,0.31,1.02,1.38,1.32,1.16,1,1.21,0.88,0.23,0.91,0.58,36,35.68
1111,36,1.07,0.81,0.98,1.27,0.32,1.02,1.39,1.33,1.16,1.01,1.21,0.89,0.24,0.91,0.59,36,35.69
1112,36,1.07,0.82,1,1.27,0.32,1.02,1.39,1.33,1.17,1.02,1.21,0.89,0.24,0.92,0.59,36,35.68
1113,36,1.07,0.81,0.98,1.26,0.32,1.02,1.39,1.33,1.15,1.01,1.21,0.89,0.24,0.91,0.59,36,35.7
1114,36,1.07,0.82,0.98,1.27,0.32,1.02,1.38,1.33,1.16,1.01,1.21,0.9,0.24,0.9,0.59,36,35.69
1115.02,36,1.06,0.81,0.98,1.27,0.32,1.02,1.39,1.32,1.16,1.01,1.21,0.89,0.23,0.9,0.59,36,35.66
1116.02,36,1.07,0.81,0.99,1.26,0.31,1.01,1.38,1.32,1.16,1.01,1.2,0.88,0.24,0.91,0.58,36,35.68
1117.02,36,1.07,0.81,0.99,1.27,0.32,1.02,1.38,1.33,1.15,1.01,1.21,0.89,0.23,0.9,0.59,36,35.68
1118.03,36,1.07,0.82,0.99,1.27,0.32,1.02,1.39,1.34,1.16,1.02,1.21,0.9,0.25,0.92,0.59,36,35.69
1119.03,36,1.07,0.81,0.98,1.27,0.32,1.02,1.38,1.33,1.15,1.01,1.21,0.89,0.25,0.91,0.58,36,35.69
1120.03,36,1.08,0.82,0.99,1.27,0.32,1.02,1.39,1.34,1.16,1.02,1.21,0.9,0.24,0.92,0.59,36,35.68
1121.05,36,1.08,0.81,0.99,1.27,0.32,1.02,1.39,1.34,1.15,1.02,1.21,0.89,0.25,0.92,0.59,36,35.66
1122.05,36,1.07,0.81,0.99,1.27,0.32,1.02,1.39,1.34,1.16,1.02,1.21,0.88,0.25,0.91,0.59,36,35.69
1123.05,36,1.07,0.8,0.98,1.27,0.32,1.02,1.38,1.33,1.16,1.01,1.21,0.9,0.24,0.91,0.59,36,35.69
1124.05,36,1.07,0.82,0.98,1.26,0.32,1.02,1.39,1.34,1.17,1.02,1.21,0.89,0.24,0.92,0.59,36,35.68
1125.05,36,1.07,0.82,0.98,1.27,0.32,1.02,1.39,1.33,1.17,1.01,1.21,0.9,0.25,0.92,0.6,36,35.68
1126.05,36,1.06,0.81,0.98,1.26,0.31,1.02,1.38,1.33,1.15,1,1.21,0.9,0.24,0.91,0.58,36,35.69
1127.05,36,1.07,0.81,0.99,1.27,0.32,1.03,1.4,1.34,1.17,1.02,1.21,0.9,0.24,0.92,0.59,36,35.69
1128.05,36,1.08,0.82,0.99,1.26,0.32,1.03,1.39,1.34,1.17,1.02,1.21,0.89,0.24,0.92,0.59,36,35.68
1129.05,36,1.07,0.82,0.98,1.26,0.32,1.02,1.39,1.33,1.17,1.01,1.21,0.88,0.24,0.92,0.59,36,35.68
1130.07,36,1.07,0.81,0.98,1.27,0.32,1.02,1.39,1.33,1.15,1.01,1.21,0.88,0.24,0.91,0.59,36,35.68
1131.07,36,1.07,0.81,0.99,1.27,0.31,1.02,1.39,1.33,1.15,1.01,1.21,0.9,0.25,0.91,0.59,36,35.68
1132.07,36,1.07,0.82,0.98,1.26,0.32,1.03,1.39,1.33,1.16,1.02,1.21,0.89,0.24,0.91,0.59,36,35.66
1133.07,36,1.07,0.82,0.99,1.26,0.32,1.01,1.39,1.34,1.16,1.01,1.21,0.89,0.25,0.92,0.59,36,35.68
1134.08,36,1.08,0.82,0.99,1.27,0.32,1.03,1.4,1.34,1.17,1.02,1.21,0.9,0.25,0.92,0.59,36,35.68
1135.08,36,1.07,0.81,0.99,1.27,0.31,1.03,1.39,1.32,1.16,1.01,1.2,0.89,0.24,0.91,0.59,36,35.68
1136.08,36,1.08,0.82,0.98,1.27,0.32,1.03,1.4,1.34,1.17,1.01,1.22,0.9,0.25,0.92,0.59,36,35.68
1137.08,36,1.07,0.81,0.98,1.26,0.31,1.02,1.39,1.33,1.16,1.01,1.21,0.89,0.24,0.91,0.59,36,35.68
1138.1,36,1.07,0.81,0.98,1.27,0.31,1.01,1.39,1.33,1.16,1,1.21,0.89,0.24,0.91,0.59,36,35.69
1139.1,36,1.07,0.82,0.99,1.27,0.32,1.01,1.39,1.33,1.15,1.02,1.21,0.89,0.25,0.91,0.59,36,35.68
1140.1,36,1.07,0.81,0.98,1.26,0.32,1.02,1.38,1.32,1.15,1.01,1.21,0.89,0.24,0.91,0.58,36,35.69
1141.1,36,1.07,0.82,0.98,1.26,0.32,1.01,1.39,1.32,1.15,1.01,1.21,0.9,0.25,0.92,0.58,36,35.69
1142.12,36,1.07,0.81,0.98,1.26,0.32,1.03,1.38,1.33,1.16,1.01,1.2,0.9,0.25,0.91,0.59,36,35.69
1143.12,36,1.07,0.82,0.98,1.26,0.32,1.02,1.39,1.33,1.15,1,1.21,0.88,0.23,0.91,0.58,36,35.69
1144.12,36,1.06,0.8,0.98,1.25,0.31,1,1.38,1.32,1.15,1,1.21,0.89,0.23,0.91,0.58,36,35.68
1145.12,36,1.06,0.81,0.98,1.26,0.32,1.02,1.38,1.33,1.15,1,1.2,0.88,0.24,0.92,0.59,36,35.68
1146.12,36,1.08,0.8,0.98,1.27,0.32,1.02,1.38,1.33,1.15,1.01,1.21,0.89,0.25,0.91,0.59,36,35.69
1147.13,36,1.08,0.82,0.98,1.27,0.32,1.03,1.39,1.34,1.17,1.02,1.21,0.9,0.25,0.92,0.59,36,35.68
1148.13,36,1.07,0.81,0.98,1.27,0.32,1.02,1.39,1.33,1.16,1.02,1.21,0.89,0.24,0.91,0.59,36,35.68
1149.13,36,1.07,0.81,0.98,1.26,0.31,1.02,1.39,1.34,1.16,1.02,1.21,0.9,0.24,0.92,0.59,36,35.68
1150.13,36,1.07,0.8,0.98,1.27,0.32,1.02,1.39,1.33,1.15,1.01,1.21,0.89,0.24,0.92,0.59,36,35.68
1151.15,36,1.07,0.82,0.98,1.26,0.32,1.02,1.38,1.33,1.16,1.01,1.21,0.89,0.23,0.91,0.59,36,35.68
1152.15,36,1.06,0.8,0.98,1.26,0.32,1.02,1.39,1.33,1.15,1.01,1.21,0.88,0.24,0.91,0.58,36,35.68
1153.17,36,1.06,0.8,0.98,1.26,0.3,1.02,1.38,1.32,1.15,1,1.2,0.88,0.24,0.9,0.58,36,35.69
1154.17,36,1.07,0.8,0.98,1.25,0.32,1.01,1.38,1.32,1.15,1.01,1.21,0.89,0.24,0.9,0.59,36,35.69
1155.17,36,1.08,0.82,0.99,1.27,0.32,1.01,1.39,1.34,1.17,1.02,1.21,0.89,0.25,0.92,0.59,36,35.68
1156.17,36,1.07,0.82,0.99,1.27,0.32,1.03,1.38,1.34,1.17,1.01,1.21,0.89,0.25,0.92,0.59,36,35.69
1157.17,36,1.07,0.8,0.98,1.27,0.31,1.01,1.38,1.33,1.15,1.02,1.21,0.88,0.23,0.9,0.58,36,35.69
1158.17,36,1.07,0.81,0.98,1.26,0.31,1.02,1.38,1.33,1.16,1.02,1.21,0.89,0.24,0.91,0.59,36,35.68
1159.17,36,1.07,0.81,0.98,1.26,0.31,1.02,1.38,1.32,1.16,1.01,1.21,0.89,0.24,0.91,0.59,36,35.68
1160.17,36,1.07,0.82,1,1.27,0.32,1.03,1.4,1.34,1.16,1.02,1.21,0.9,0.24,0.91,0.59,36,35.66
1161.18,36,1.07,0.81,0.99,1.27,0.32,1.01,1.39,1.34,1.17,1.01,1.21,0.89,0.24,0.91,0.59,36,35.68
1162.18,36,1.07,0.82,0.98,1.26,0.32,1.02,1.38,1.33,1.15,1,1.21,0.88,0.24,0.91,0.58,36,35.68
1163.18,36,1.07,0.82,0.99,1.27,0.32,1.02,1.39,1.34,1.16,1.02,1.21,0.9,0.25,0.92,0.59,36,35.69
1164.18,36,1.07,0.81,0.99,1.27,0.32,1.02,1.39,1.34,1.15,1.01,1.22,0.89,0.24,0.92,0.59,36,35.69
1165.18,36,1.08,0.81,0.98,1.27,0.32,1.02,1.39,1.33,1.16,1.02,1.21,0.89,0.25,0.92,0.58,36,35.68
1166.18,36,1.07,0.82,0.98,1.27,0.32,1.02,1.4,1.33,1.16,1.01,1.21,0.89,0.25,0.91,0.58,36,35.68
1167.2,36,1.07,0.8,0.99,1.27,0.32,1.02,1.38,1.34,1.16,1.02,1.21,0.9,0.25,0.91,0.59,36,35.69
1168.2,36,1.07,0.82,0.98,1.27,0.32,1.02,1.38,1.34,1.16,1.01,1.21,0.89,0.24,0.91,0.59,36,35.68
1169.2,36,1.08,0.82,0.99,1.27,0.32,1.03,1.39,1.34,1.16,1.01,1.21,0.9,0.25,0.92,0.59,36,35.69
1170.22,36,1.07,0.81,0.99,1.26,0.32,1.02,1.39,1.33,1.15,1.02,1.21,0.89,0.25,0.91,0.59,36,35.69
1171.22,36,1.07,0.82,0.99,1.27,0.32,1.02,1.39,1.34,1.17,1.02,1.21,0.9,0.25,0.92,0.59,36,35.69
1172.22,36,1.07,0.81,0.98,1.26,0.32,1.02,1.38,1.34,1.15,1.01,1.21,0.88,0.23,0.91,0.58,36,35.69
1173.23,36,1.07,0.81,0.98,1.27,0.32,1.01,1.38,1.32,1.15,1.01,1.21,0.89,0.24,0.91,0.58,36,35.68
1174.23,36,1.07,0.81,0.98,1.27,0.32,1.02,1.39,1.33,1.15,1.01,1.21,0.89,0.24,0.92,0.59,36,35.68
1175.25,36,1.08,0.82,0.99,1.27,0.32,1.02,1.4,1.33,1.16,1.02,1.21,0.9,0.25,0.92,0.59,36,35.69
1176.25,36,1.07,0.82,0.98,1.27,0.32,1.03,1.39,1.34,1.16,1.01,1.21,0.89,0.24,0.92,0.58,36,35.68
1177.25,36,1.08,0.81,0.99,1.27,0.32,1.03,1.39,1.33,1.16,1.02,1.21,0.9,0.25,0.92,0.58,36,35.68
1178.25,36,1.07,0.82,0.98,1.27,0.32,1.02,1.39,1.33,1.16,1.01,1.21,0.89,0.24,0.91,0.59,36,35.68
1179.25,36,1.06,0.81,0.98,1.27,0.31,1.02,1.39,1.33,1.15,1,1.21,0.88,0.24,0.91,0.58,36,35.68
1180.25,36,1.08,0.81,0.98,1.27,0.32,1.02,1.39,1.34,1.16,1.02,1.21,0.9,0.25,0.92,0.59,36,35.69
1181.27,36,1.08,0.81,0.99,1.27,0.32,1.02,1.4,1.34,1.17,1.02,1.21,0.89,0.25,0.92,0.59,36,35.66
1182.27,36,1.07,0.81,0.98,1.27,0.32,1.02,1.38,1.33,1.16,1,1.2,0.9,0.24,0.91,0.59,36,35.68
1183.27,36,1.08,0.81,0.98,1.27,0.32,1.02,1.38,1.33,1.16,1.01,1.22,0.89,0.24,0.92,0.59,36,35.68
1184.27,36,1.08,0.82,0.99,1.28,0.32,1.02,1.4,1.34,1.17,1.02,1.22,0.9,0.25,0.92,0.59,36,35.68
1185.27,36,1.08,0.82,0.99,1.27,0.32,1.02,1.4,1.33,1.17,1.02,1.21,0.9,0.25,0.92,0.59,36,35.66
1186.27,36,1.07,0.81,0.99,1.26,0.32,1.02,1.39,1.33,1.16,1.01,1.21,0.89,0.24,0.92,0.59,36,35.66
1187.27,36,1.08,0.81,0.99,1.27,0.32,1.03,1.39,1.34,1.16,1.02,1.21,0.89,0.24,0.91,0.59,36,35.66
1188.28,36,1.07,0.81,0.99,1.26,0.32,1.02,1.39,1.33,1.16,1.02,1.21,0.9,0.24,0.92,0.59,36,35.68
1189.28,36,1.07,0.8,0.98,1.26,0.32,1.02,1.38,1.32,1.16,1.01,1.21,0.89,0.24,0.91,0.58,36,35.68
1190.28,36,1.07,0.81,0.98,1.27,0.32,1.02,1.39,1.33,1.16,1.01,1.21,0.9,0.24,0.92,0.59,36,35.66
1191.3,36,1.07,0.81,0.98,1.26,0.32,1.02,1.38,1.33,1.15,1.01,1.21,0.89,0.25,0.91,0.59,36,35.66
1192.3,36,1.06,0.8,0.98,1.26,0.32,1.01,1.39,1.33,1.15,1,1.21,0.89,0.23,0.91,0.58,36,35.66
1193.3,36,1.07,0.81,0.98,1.27,0.31,1.02,1.38,1.32,1.16,1.01,1.21,0.89,0.24,0.91,0.58,36,35.66
1194.32,36,1.07,0.82,0.99,1.26,0.32,1.02,1.4,1.33,1.16,1.02,1.21,0.89,0.24,0.91,0.58,36,35.68
1195.32,36,1.07,0.82,0.98,1.27,0.32,1.02,1.39,1.33,1.16,1.01,1.21,0.89,0.24,0.92,0.58,36,35.66
1196.32,36,1.07,0.82,0.98,1.27,0.32,1.03,1.4,1.34,1.17,1.02,1.21,0.9,0.25,0.92,0.59,36,35.66
1197.32,36,1.07,0.81,0.98,1.27,0.32,1.01,1.39,1.34,1.15,1.01,1.21,0.88,0.24,0.92,0.58,36,35.68
1198.32,36,1.06,0.8,0.98,1.27,0.32,1.01,1.38,1.33,1.15,1,1.21,0.88,0.23,0.91,0.58,36,35.68
1199.32,36,1.07,0.82,0.99,1.27,0.32,1.01,1.39,1.32,1.16,1.02,1.21,0.89,0.25,0.92,0.59,36,35.66
1200.33,36,1.07,0.81,0.98,1.27,0.32,1.02,1.38,1.33,1.16,1.01,1.21,0.89,0.24,0.91,0.58,36,35.66
1201.33,36,1.07,0.81,0.98,1.26,0.32,1.02,1.38,1.33,1.15,1.01,1.21,0.89,0.24,0.9,0.58,36,35.66
1202.33,36,1.06,0.81,0.98,1.25,0.31,1.02,1.38,1.33,1.15,1.01,1.2,0.88,0.23,0.9,0.58,36,35.66
1203.33,36,1.07,0.81,0.98,1.26,0.32,1.02,1.39,1.33,1.16,1.01,1.21,0.89,0.25,0.91,0.59,36,35.66
1204.33,36,1.08,0.82,0.99,1.27,0.32,1.03,1.39,1.34,1.17,1.02,1.22,0.89,0.25,0.91,0.59,36,35.66
1205.33,36,1.06,0.8,0.98,1.26,0.31,1.02,1.38,1.32,1.15,1,1.21,0.88,0.24,0.9,0.58,36,35.66
1206.33,36,1.06,0.82,0.98,1.27,0.32,1.02,1.39,1.33,1.15,1.01,1.21,0.89,0.24,0.91,0.59,36,35.66
1207.33,36,1.07,0.8,0.98,1.27,0.32,1.01,1.38,1.32,1.15,1,1.21,0.88,0.24,0.91,0.58,36,35.68
1208.33,36,1.08,0.82,0.99,1.27,0.32,1.02,1.4,1.34,1.15,1.02,1.21,0.9,0.25,0.92,0.59,36,35.66
1209.33,36,1.08,0.82,0.98,1.27,0.32,1.02,1.39,1.34,1.16,1.02,1.21,0.89,0.25,0.91,0.58,36,35.68
1210.35,36,1.06,0.8,0.98,1.25,0.3,1,1.38,1.32,1.15,1,1.21,0.88,0.23,0.9,0.58,36,35.68
1211.35,36,1.06,0.81,0.98,1.27,0.32,1.01,1.38,1.33,1.15,1.01,1.21,0.89,0.24,0.91,0.59,36,35.66
1212.35,36,1.07,0.81,0.98,1.27,0.32,1.02,1.39,1.33,1.16,1.01,1.21,0.9,0.24,0.92,0.58,36,35.68
1213.35,36,1.07,0.82,0.99,1.27,0.32,1.02,1.38,1.33,1.16,1.01,1.21,0.89,0.25,0.91,0.59,36,35.66
1214.35,36,1.06,0.81,0.98,1.26,0.31,1.01,1.39,1.33,1.16,1.01,1.21,0.88,0.23,0.91,0.58,36,35.66
1215.35,36,1.08,0.81,0.99,1.26,0.32,1.02,1.39,1.33,1.16,1.01,1.21,0.89,0.25,0.92,0.59,36,35.66
1216.37,36,1.07,0.8,0.98,1.27,0.32,1.01,1.38,1.33,1.16,1.01,1.21,0.88,0.24,0.91,0.58,36,35.66
1217.37,36,1.07,0.81,0.98,1.27,0.32,1.02,1.39,1.33,1.15,1.01,1.21,0.88,0.25,0.92,0.58,36,35.66
1218.37,36,1.06,0.81,0.98,1.25,0.32,1.01,1.38,1.33,1.15,1,1.2,0.89,0.24,0.91,0.58,36,35.66
1219.37,36,1.07,0.82,0.98,1.26,0.32,1.02,1.39,1.32,1.15,1.01,1.21,0.89,0.24,0.91,0.58,36,35.66
1220.37,36,1.07,0.8,0.98,1.26,0.31,1.02,1.38,1.33,1.15,1.01,1.21,0.89,0.23,0.91,0.58,36,35.66
1221.37,36,1.06,0.8,0.98,1.26,0.31,1,1.38,1.32,1.15,1,1.2,0.88,0.23,0.91,0.58,36,35.66
1222.38,36,1.07,0.8,0.98,1.26,0.32,1.01,1.38,1.33,1.15,1.02,1.21,0.89,0.24,0.92,0.59,36,35.66
1223.38,36,1.06,0.8,0.98,1.26,0.32,1.01,1.38,1.34,1.15,1,1.21,0.88,0.24,0.9,0.58,36,35.66
1224.38,36,1.07,0.81,0.98,1.26,0.32,1.02,1.39,1.33,1.16,1.01,1.21,0.89,0.25,0.92,0.59,36,35.66
1225.4,36,1.07,0.82,0.98,1.27,0.31,1.02,1.39,1.33,1.16,1.02,1.21,0.89,0.24,0.91,0.58,36,35.66
1226.4,36,1.06,0.8,0.98,1.25,0.31,1.02,1.38,1.32,1.15,1.01,1.2,0.88,0.23,0.9,0.58,36,35.66
1227.4,36,1.06,0.8,0.98,1.27,0.32,1.01,1.38,1.33,1.15,1,1.21,0.88,0.24,0.91,0.58,36,35.66
1228.4,36,1.07,0.8,0.98,1.25,0.31,1.02,1.38,1.32,1.16,1.02,1.21,0.88,0.24,0.91,0.58,36,35.66
1229.42,36,1.07,0.82,0.99,1.27,0.32,1.02,1.39,1.34,1.16,1.01,1.21,0.89,0.25,0.92,0.59,36,35.66
1230.42,36,1.07,0.81,0.98,1.27,0.32,1.02,1.38,1.33,1.16,1.01,1.21,0.89,0.23,0.91,0.58,36,35.66
1231.42,36,1.08,0.82,0.99,1.27,0.32,1.02,1.4,1.34,1.17,1.02,1.21,0.89,0.25,0.92,0.59,36,35.66
1232.42,36,1.07,0.82,0.99,1.27,0.32,1.02,1.39,1.33,1.16,1.02,1.21,0.89,0.25,0.91,0.59,36,35.66
1233.42,36,1.07,0.81,0.98,1.27,0.32,1.01,1.39,1.33,1.15,1.01,1.21,0.88,0.24,0.92,0.58,36,35.66
1234.42,36,1.06,0.81,0.98,1.27,0.31,1.02,1.38,1.33,1.15,1.01,1.21,0.88,0.23,0.9,0.58,36,35.66
1235.43,36,1.07,0.8,0.98,1.26,0.31,1.02,1.39,1.31,1.15,1.01,1.21,0.89,0.24,0.91,0.58,36,35.66
1236.43,36,1.07,0.81,0.98,1.26,0.32,1.01,1.39,1.33,1.15,1.01,1.21,0.88,0.24,0.91,0.58,36,35.66
1237.43,36,1.08,0.82,0.99,1.27,0.32,1.02,1.4,1.34,1.17,1.02,1.21,0.89,0.25,0.92,0.59,36,35.66
1238.43,36,1.07,0.81,0.98,1.27,0.32,1.02,1.38,1.33,1.15,1.01,1.21,0.88,0.24,0.91,0.58,36,35.66
1239.43,36,1.07,0.81,0.98,1.26,0.32,1.01,1.38,1.33,1.15,1,1.21,0.88,0.24,0.91,0.59,36,35.66
1240.43,36,1.07,0.81,0.98,1.27,0.32,1.02,1.39,1.33,1.16,1.01,1.21,0.89,0.25,0.92,0.58,36,35.66
1241.45,36,1.07,0.82,0.98,1.27,0.32,1.02,1.39,1.34,1.16,1.01,1.22,0.89,0.25,0.91,0.59,36,35.66
1242.45,36,1.07,0.81,0.98,1.27,0.32,1.01,1.39,1.33,1.16,1.01,1.21,0.89,0.24,0.91,0.58,36,35.66
1243.45,36,1.06,0.8,0.98,1.27,0.31,1.02,1.38,1.32,1.15,1.01,1.21,0.88,0.24,0.9,0.58,36,35.66
1244.45,36,1.07,0.81,0.98,1.27,0.32,1.02,1.38,1.33,1.15,1.01,1.21,0.88,0.25,0.91,0.58,36,35.68
1245.45,36,1.07,0.82,0.98,1.27,0.32,1.02,1.39,1.33,1.16,1.02,1.21,0.89,0.25,0.92,0.58,36,35.69
1246.45,36,1.07,0.82,0.98,1.27,0.32,1.02,1.38,1.34,1.16,1.02,1.21,0.88,0.24,0.91,0.58,36,35.66
1247.45,36,1.07,0.82,0.98,1.27,0.32,1.02,1.38,1.33,1.15,1.01,1.21,0.89,0.24,0.91,0.59,36,35.66
1248.45,36,1.07,0.81,0.98,1.26,0.32,1.01,1.39,1.33,1.16,1.01,1.21,0.89,0.24,0.92,0.59,36,35.68
1249.47,36,1.07,0.81,0.98,1.26,0.32,1.01,1.39,1.33,1.16,1.02,1.21,0.88,0.24,0.91,0.59,36,35.66
1250.47,36,1.07,0.82,0.98,1.27,0.31,1.02,1.38,1.33,1.16,1,1.21,0.88,0.24,0.9,0.58,36,35.68
1251.47,36,1.07,0.82,0.98,1.27,0.32,1.02,1.4,1.34,1.15,1.01,1.21,0.89,0.25,0.92,0.58,36,35.68
1252.47,36,1.06,0.81,0.97,1.27,0.32,1.01,1.38,1.32,1.15,1,1.21,0.88,0.23,0.91,0.58,36,35.68
1253.47,36,1.08,0.82,0.98,1.28,0.32,1.02,1.39,1.34,1.15,1.02,1.21,0.89,0.25,0.92,0.59,36,35.66
1254.47,36,1.07,0.82,0.98,1.27,0.32,1.02,1.4,1.33,1.16,1.01,1.21,0.89,0.24,0.92,0.58,36,35.68
1255.48,36,1.06,0.82,0.98,1.26,0.32,1.02,1.39,1.34,1.15,1.01,1.21,0.89,0.23,0.9,0.58,36,35.68
1256.48,36,1.07,0.81,0.99,1.27,0.32,1.02,1.39,1.33,1.15,1.01,1.21,0.89,0.24,0.91,0.58,36,35.66
1257.48,36,1.06,0.81,0.98,1.27,0.32,1.01,1.38,1.33,1.15,1.01,1.21,0.88,0.25,0.91,0.58,36,35.66
1258.5,36,1.06,0.81,0.98,1.26,0.32,1.02,1.38,1.32,1.15,1,1.21,0.89,0.23,0.9,0.58,36,35.66
1259.5,36,1.07,0.82,0.99,1.27,0.32,1.02,1.39,1.33,1.15,1.01,1.21,0.89,0.24,0.91,0.58,36,35.66
1260.5,36,1.07,0.81,0.98,1.25,0.31,1.02,1.39,1.32,1.15,1.01,1.2,0.88,0.24,0.91,0.58,36,35.66
1261.5,36,1.06,0.81,0.98,1.27,0.32,1.02,1.39,1.33,1.15,1,1.21,0.89,0.25,0.91,0.58,36,35.68
1262.5,36,1.08,0.81,0.98,1.26,0.32,1.02,1.39,1.33,1.16,1.01,1.21,0.89,0.24,0.91,0.58,36,35.68
1263.5,36,1.07,0.82,0.98,1.27,0.32,1.02,1.39,1.33,1.15,1.02,1.21,0.88,0.25,0.91,0.59,36,35.66
1264.52,36,1.07,0.81,0.98,1.27,0.32,1.02,1.38,1.33,1.15,1.01,1.21,0.88,0.24,0.91,0.59,36,35.68
1265.52,36,1.07,0.82,0.98,1.27,0.32,1.02,1.39,1.33,1.16,1.01,1.21,0.89,0.24,0.92,0.59,36,35.69
1266.52,36,1.07,0.81,0.98,1.25,0.32,1,1.38,1.33,1.15,1,1.2,0.88,0.23,0.9,0.58,36,35.68
1267.52,36,1.07,0.82,0.99,1.27,0.32,1.02,1.39,1.34,1.16,1.02,1.22,0.89,0.25,0.92,0.58,36,35.68
1268.52,36,1.07,0.81,0.98,1.27,0.31,1,1.38,1.32,1.15,1.01,1.21,0.88,0.24,0.9,0.58,36,35.69
1269.53,36,1.07,0.82,0.99,1.26,0.32,1.03,1.4,1.33,1.16,1.01,1.21,0.89,0.25,0.91,0.59,36,35.69
1270.53,36,1.06,0.8,0.98,1.27,0.3,1.02,1.38,1.32,1.15,1,1.2,0.89,0.24,0.9,0.58,36,35.68
1271.53,36,1.07,0.82,0.98,1.27,0.31,1.02,1.39,1.33,1.15,1.01,1.21,0.88,0.24,0.91,0.59,36,35.69
1272.53,36,1.07,0.82,0.99,1.27,0.32,1.02,1.38,1.33,1.15,1.01,1.21,0.89,0.25,0.91,0.58,36,35.69
1273.55,36,1.06,0.81,0.98,1.27,0.32,1.02,1.38,1.33,1.15,1,1.21,0.88,0.24,0.91,0.58,36,35.69
1274.55,36,1.08,0.82,0.99,1.27,0.32,1.02,1.4,1.33,1.16,1.02,1.21,0.88,0.25,0.92,0.59,36,35.68
1275.55,36,1.07,0.81,0.98,1.26,0.31,1.01,1.38,1.32,1.15,1,1.21,0.89,0.23,0.91,0.58,36,35.68
1276.55,36,1.07,0.81,0.98,1.25,0.32,1.02,1.39,1.33,1.15,1.01,1.21,0.88,0.24,0.9,0.58,36,35.69
1277.55,36,1.07,0.81,0.98,1.27,0.32,1.02,1.39,1.33,1.15,1.01,1.21,0.88,0.25,0.91,0.58,36,35.69
1278.55,36,1.07,0.82,0.98,1.27,0.32,1.02,1.39,1.33,1.15,1.01,1.21,0.89,0.24,0.92,0.58,36,35.66
1279.57,36,1.07,0.82,0.98,1.27,0.32,1.02,1.39,1.33,1.15,1.01,1.21,0.88,0.24,0.91,0.59,36,35.68
1280.57,36,1.07,0.81,0.98,1.27,0.32,1.02,1.39,1.32,1.15,1.02,1.2,0.89,0.24,0.91,0.58,36,35.69
1281.57,36,1.07,0.81,0.98,1.27,0.32,1.02,1.39,1.33,1.15,1,1.21,0.89,0.25,0.91,0.58,36,35.68
1282.57,36,1.07,0.82,0.99,1.27,0.32,1.02,1.39,1.34,1.16,1.02,1.21,0.89,0.25,0.92,0.58,36,35.68
1283.57,36,1.07,0.81,0.98,1.26,0.32,1.01,1.38,1.33,1.16,1.01,1.21,0.88,0.24,0.91,0.58,36,35.68
1284.57,36,1.08,0.82,0.98,1.27,0.32,1,1.38,1.32,1.15,1.01,1.21,0.89,0.24,0.91,0.58,36,35.69
1285.58,36,1.07,0.8,0.98,1.25,0.32,1.02,1.39,1.33,1.15,1.01,1.21,0.89,0.24,0.91,0.58,36,35.68
1286.58,36,1.07,0.81,0.99,1.26,0.32,1.02,1.39,1.33,1.15,1.01,1.21,0.89,0.24,0.91,0.58,36,35.68
1287.58,36,1.08,0.82,0.98,1.27,0.33,1.03,1.4,1.33,1.16,1.02,1.21,0.89,0.25,0.92,0.59,36,35.68
1288.58,36,1.07,0.82,0.99,1.26,0.32,1.02,1.39,1.33,1.15,1.01,1.21,0.89,0.24,0.92,0.59,36,35.69
1289.58,36,1.08,0.82,0.98,1.27,0.32,1.02,1.39,1.33,1.15,1.01,1.21,0.9,0.25,0.91,0.59,36,35.69
1290.58,36,1.08,0.82,0.99,1.27,0.32,1.03,1.4,1.34,1.15,1.02,1.22,0.9,0.25,0.92,0.58,36,35.68
1291.58,36,1.07,0.82,0.98,1.26,0.32,1.02,1.39,1.33,1.16,1.01,1.21,0.89,0.24,0.9,0.58,36,35.69
1292.58,36,1.08,0.82,0.98,1.27,0.32,1.02,1.39,1.34,1.16,1.01,1.21,0.89,0.25,0.9,0.59,36,35.68
1293.6,36,1.07,0.82,0.98,1.26,0.32,1.02,1.39,1.33,1.17,1.01,1.21,0.88,0.24,0.92,0.59,36,35.68
1294.6,36,1.07,0.82,0.99,1.27,0.32,1.02,1.39,1.34,1.16,1.02,1.21,0.89,0.25,0.92,0.59,36,35.68
1295.6,36,1.07,0.81,0.98,1.27,0.32,1.01,1.38,1.33,1.15,1.01,1.21,0.88,0.23,0.91,0.58,36,35.69
1296.6,36,1.07,0.81,0.98,1.26,0.32,1.02,1.38,1.34,1.16,1.01,1.21,0.89,0.25,0.91,0.58,36,35.68
1297.6,36,1.07,0.81,0.98,1.27,0.32,1.02,1.39,1.34,1.15,1.02,1.21,0.89,0.24,0.92,0.58,36,35.68
1298.6,36,1.07,0.81,0.98,1.26,0.32,1,1.39,1.33,1.16,1.02,1.21,0.88,0.25,0.92,0.58,36,35.66
1299.6,36,1.07,0.8,0.98,1.27,0.32,1.01,1.39,1.32,1.15,1.02,1.21,0.88,0.24,0.91,0.58,36,35.68
1300.62,36,1.07,0.82,0.98,1.27,0.32,1.02,1.4,1.34,1.16,1.02,1.22,0.9,0.25,0.92,0.58,36,35.68
1301.62,36,1.07,0.82,0.98,1.26,0.32,1.02,1.4,1.33,1.16,1.02,1.21,0.9,0.25,0.92,0.58,36,35.68
1302.62,36,1.08,0.81,0.98,1.27,0.32,1.02,1.4,1.33,1.16,1.01,1.21,0.9,0.25,0.92,0.59,36,35.66
1303.62,36,1.06,0.81,0.99,1.27,0.32,1.02,1.39,1.33,1.15,1,1.21,0.89,0.25,0.91,0.58,36,35.66
1304.62,36,1.07,0.81,0.98,1.27,0.32,1.02,1.39,1.33,1.16,1.01,1.21,0.88,0.24,0.91,0.58,36,35.68
1305.62,36,1.06,0.81,0.97,1.25,0.32,1.01,1.39,1.33,1.15,1.01,1.2,0.89,0.24,0.91,0.58,36,35.68
1306.62,36,1.07,0.81,0.98,1.27,0.32,1.02,1.39,1.33,1.16,1.01,1.21,0.9,0.25,0.92,0.59,36,35.66
1307.62,36,1.07,0.81,0.98,1.27,0.31,1.02,1.39,1.33,1.15,1.01,1.2,0.89,0.24,0.92,0.58,36,35.66
1308.62,36,1.07,0.8,0.98,1.25,0.31,1.02,1.39,1.33,1.15,1.01,1.2,0.88,0.23,0.91,0.58,36,35.69
1309.63,36,1.07,0.82,0.98,1.27,0.31,1,1.39,1.33,1.15,1.01,1.21,0.89,0.24,0.91,0.58,36,35.68
1310.63,36,1.08,0.81,0.98,1.26,0.32,1.02,1.4,1.34,1.16,1.01,1.21,0.89,0.24,0.92,0.59,36,35.68
1311.63,36,1.08,0.82,0.99,1.26,0.32,1.02,1.39,1.34,1.16,1.02,1.21,0.9,0.25,0.92,0.59,36,35.69
1312.63,36,1.07,0.82,0.99,1.27,0.32,1.02,1.39,1.33,1.15,1.02,1.21,0.88,0.25,0.92,0.59,36,35.69
1313.63,36,1.07,0.82,0.98,1.27,0.32,1.01,1.39,1.34,1.15,1.01,1.21,0.89,0.24,0.91,0.58,36,35.69
1314.63,36,1.08,0.82,0.98,1.27,0.32,1.02,1.4,1.34,1.16,1.02,1.21,0.89,0.25,0.91,0.58,36,35.68
1315.65,36,1.07,0.81,0.98,1.27,0.32,1.02,1.39,1.34,1.16,1.01,1.21,0.9,0.24,0.92,0.58,36,35.7
1316.65,36,1.06,0.81,0.98,1.26,0.31,1.02,1.38,1.33,1.15,1.01,1.21,0.88,0.24,0.9,0.58,36,35.69
1317.65,36,1.08,0.82,0.99,1.27,0.32,1.02,1.39,1.34,1.15,1.02,1.21,0.9,0.25,0.92,0.58,36,35.69
1318.67,36,1.08,0.81,0.98,1.26,0.33,1.02,1.4,1.34,1.16,1.01,1.21,0.89,0.25,0.92,0.59,36,35.69
1319.67,36,1.08,0.82,0.99,1.27,0.32,1.02,1.39,1.34,1.16,1.02,1.21,0.89,0.25,0.92,0.59,36,35.68
1320.67,36,1.07,0.81,0.98,1.26,0.32,1.02,1.39,1.33,1.15,1,1.21,0.88,0.24,0.91,0.58,36,35.68
1321.67,36,1.07,0.81,0.99,1.27,0.32,1.02,1.39,1.33,1.15,1.01,1.21,0.9,0.25,0.91,0.58,36,35.68
1322.68,36,1.06,0.8,0.98,1.26,0.3,1.01,1.38,1.31,1.14,1,1.2,0.88,0.23,0.9,0.56,36,35.7
1323.68,36,1.08,0.82,0.99,1.27,0.32,1.02,1.4,1.33,1.16,1.02,1.21,0.88,0.25,0.91,0.58,36,35.7
1324.68,36,1.08,0.8,0.98,1.26,0.32,1.01,1.39,1.33,1.15,1.02,1.2,0.88,0.24,0.91,0.58,36,35.69
1325.68,36,1.08,0.82,0.99,1.27,0.32,1.03,1.4,1.34,1.16,1.01,1.21,0.9,0.25,0.92,0.59,36,35.68
1326.7,36,1.08,0.81,0.98,1.27,0.32,1.02,1.39,1.34,1.16,1.01,1.22,0.89,0.25,0.92,0.58,36,35.7
1327.7,36,1.07,0.81,0.98,1.27,0.32,1.02,1.38,1.33,1.16,1.01,1.21,0.89,0.24,0.91,0.58,36,35.71
1328.7,36,1.07,0.82,0.98,1.25,0.31,1.02,1.38,1.32,1.15,1,1.21,0.89,0.24,0.91,0.58,36,35.7
1329.7,36,1.07,0.81,0.99,1.27,0.32,1.01,1.39,1.32,1.15,1.02,1.21,0.88,0.24,0.91,0.58,36,35.7
1330.7,36,1.08,0.82,0.99,1.27,0.32,1.02,1.4,1.34,1.16,1.02,1.21,0.89,0.25,0.92,0.58,36,35.7
1331.7,36,1.08,0.82,1,1.28,0.32,1.02,1.4,1.34,1.17,1.02,1.21,0.89,0.25,0.92,0.59,36,35.7
1332.72,36,1.08,0.82,0.98,1.27,0.32,1.01,1.38,1.33,1.15,1.02,1.21,0.88,0.24,0.91,0.58,36,35.7
1333.72,36,1.08,0.81,0.98,1.26,0.32,1.01,1.4,1.33,1.16,1.02,1.21,0.89,0.25,0.91,0.58,36,35.7
1334.72,36,1.07,0.8,0.98,1.27,0.32,1.01,1.39,1.33,1.15,1,1.21,0.89,0.24,0.91,0.58,36,35.7
1335.72,36,1.08,0.82,0.98,1.26,0.32,1.02,1.39,1.33,1.15,1.02,1.21,0.89,0.25,0.91,0.59,36,35.7
1336.72,36,1.07,0.81,0.98,1.27,0.32,1.01,1.39,1.33,1.16,1.01,1.21,0.89,0.24,0.92,0.58,36,35.71
1337.73,36,1.07,0.82,0.98,1.27,0.32,1.02,1.38,1.33,1.16,1.01,1.21,0.89,0.24,0.92,0.59,36,35.71
1338.73,36,1.08,0.82,0.98,1.27,0.32,1.02,1.4,1.34,1.15,1.01,1.21,0.89,0.25,0.92,0.59,36,35.71
1339.73,36,1.08,0.82,0.98,1.27,0.32,1.01,1.4,1.33,1.16,1.02,1.21,0.89,0.24,0.92,0.59,36,35.7
1340.75,36,1.08,0.82,0.99,1.27,0.33,1.02,1.4,1.34,1.17,1.02,1.22,0.9,0.26,0.92,0.59,36,35.71
1341.75,36,1.08,0.82,0.98,1.27,0.32,1.02,1.39,1.33,1.16,1.02,1.21,0.89,0.25,0.92,0.59,36,35.71
1342.75,36,1.07,0.8,0.98,1.26,0.32,1.01,1.39,1.33,1.15,1.01,1.21,0.89,0.24,0.92,0.58,36,35.7
1343.75,36,1.07,0.82,0.99,1.27,0.32,1.02,1.38,1.33,1.15,1.02,1.21,0.89,0.25,0.91,0.59,36,35.71
1344.75,36,1.07,0.82,0.98,1.27,0.32,1.01,1.39,1.33,1.15,1.01,1.21,0.88,0.25,0.92,0.59,36,35.7
1345.75,36,1.08,0.82,0.99,1.27,0.33,1.02,1.39,1.34,1.17,1.02,1.21,0.89,0.25,0.92,0.59,36,35.71
1346.77,36,1.07,0.82,0.98,1.27,0.32,1.02,1.39,1.34,1.16,1,1.21,0.89,0.24,0.91,0.59,36,35.7
1347.77,36,1.07,0.82,0.98,1.27,0.32,1.02,1.4,1.33,1.15,1,1.21,0.88,0.24,0.92,0.58,36,35.7
1348.77,36,1.07,0.81,0.98,1.27,0.32,1.01,1.39,1.33,1.15,1.02,1.21,0.88,0.25,0.91,0.58,36,35.7
1349.77,36,1.07,0.82,0.98,1.27,0.32,1.02,1.39,1.34,1.16,1.01,1.21,0.89,0.25,0.92,0.58,36,35.7
1350.77,36,1.08,0.82,0.98,1.27,0.32,1.02,1.39,1.34,1.15,1.01,1.21,0.9,0.25,0.92,0.58,36,35.7
1351.78,36,1.08,0.82,0.99,1.27,0.32,1.02,1.39,1.34,1.16,1.02,1.22,0.89,0.25,0.92,0.58,36,35.7
1352.78,36,1.07,0.81,0.98,1.27,0.32,1.02,1.4,1.34,1.16,1.02,1.21,0.89,0.25,0.9,0.59,36,35.7
1353.78,36,1.07,0.81,0.98,1.27,0.32,1.02,1.39,1.33,1.16,1.01,1.21,0.9,0.25,0.92,0.58,36,35.7
1354.78,36,1.07,0.81,0.98,1.27,0.32,1.02,1.4,1.33,1.15,1.01,1.21,0.89,0.24,0.91,0.58,36,35.7
1355.78,36,1.07,0.82,0.98,1.27,0.32,1.02,1.39,1.34,1.16,1.02,1.21,0.89,0.25,0.92,0.59,36,35.7
1356.78,36,1.07,0.81,0.98,1.26,0.31,1.02,1.39,1.33,1.15,1.01,1.21,0.88,0.24,0.91,0.58,36,35.7
1357.78,36,1.08,0.82,0.99,1.26,0.32,1.01,1.39,1.34,1.16,1.02,1.21,0.9,0.25,0.92,0.59,36,35.7
1358.78,36,1.07,0.82,0.98,1.27,0.31,1.02,1.39,1.33,1.15,1.01,1.2,0.88,0.24,0.91,0.58,36,35.69
1359.78,36,1.08,0.81,0.98,1.27,0.32,1.02,1.39,1.33,1.16,1.02,1.21,0.89,0.25,0.91,0.58,36,35.7
1360.78,36,1.08,0.81,0.99,1.27,0.32,1.02,1.39,1.33,1.15,1.02,1.21,0.88,0.25,0.92,0.58,36,35.7
1361.78,36,1.08,0.82,0.98,1.27,0.32,1.02,1.4,1.34,1.15,1.02,1.22,0.89,0.25,0.92,0.58,36,35.69
1362.78,36,1.08,0.81,0.98,1.27,0.32,1.02,1.39,1.34,1.15,1.02,1.21,0.89,0.25,0.92,0.58,36,35.69
1363.8,36,1.07,0.81,0.98,1.26,0.32,1.02,1.38,1.33,1.15,1.01,1.21,0.88,0.24,0.92,0.59,36,35.69
1364.8,36,1.07,0.82,0.98,1.27,0.32,1.01,1.38,1.33,1.15,1.01,1.21,0.9,0.24,0.91,0.58,36,35.69
1365.8,36,1.08,0.82,0.99,1.27,0.32,1.02,1.39,1.34,1.16,1.02,1.21,0.9,0.25,0.92,0.59,36,35.68
1366.82,36,1.08,0.82,0.99,1.27,0.32,1.02,1.4,1.34,1.16,1.01,1.21,0.88,0.25,0.92,0.59,36,35.69
1367.82,36,1.07,0.81,0.98,1.25,0.32,1.02,1.38,1.32,1.15,1,1.21,0.88,0.23,0.91,0.58,36,35.69
1368.82,36,1.08,0.81,0.99,1.27,0.32,1.02,1.4,1.33,1.16,1.02,1.22,0.89,0.25,0.92,0.59,36,35.7
1369.83,36,1.08,0.82,0.98,1.27,0.32,1.02,1.39,1.34,1.15,1,1.21,0.89,0.24,0.91,0.58,36,35.69
1370.83,36,1.08,0.81,0.98,1.27,0.32,1.02,1.39,1.33,1.15,1.02,1.21,0.88,0.25,0.91,0.59,36,35.69
1371.83,36,1.08,0.81,0.98,1.26,0.32,1.02,1.39,1.34,1.15,1.02,1.21,0.89,0.25,0.91,0.58,36,35.69
1372.83,36,1.07,0.81,0.98,1.27,0.32,1,1.39,1.33,1.15,1.01,1.21,0.88,0.25,0.92,0.59,36,35.69
1373.85,36,1.07,0.81,0.98,1.26,0.32,1,1.38,1.32,1.15,1.01,1.21,0.88,0.24,0.91,0.59,36,35.68
1374.85,36,1.08,0.82,0.99,1.27,0.33,1.02,1.4,1.34,1.17,1.01,1.22,0.9,0.25,0.92,0.59,36,35.7
1375.85,36,1.07,0.82,0.99,1.27,0.32,1.02,1.39,1.34,1.16,1.02,1.21,0.89,0.24,0.91,0.58,36,35.68
1376.85,36,1.06,0.81,0.98,1.26,0.32,1.02,1.38,1.33,1.15,1.01,1.21,0.88,0.25,0.91,0.58,36,35.68
1377.87,36,1.08,0.81,0.99,1.27,0.32,1.02,1.39,1.33,1.15,1.01,1.21,0.89,0.24,0.92,0.58,36,35.69
1378.87,36,1.07,0.82,0.98,1.26,0.32,1.02,1.39,1.32,1.15,1.01,1.21,0.88,0.25,0.9,0.58,36,35.68
1379.87,36,1.08,0.82,0.98,1.26,0.32,1.02,1.39,1.34,1.15,1.01,1.21,0.88,0.24,0.92,0.59,36,35.69
1380.88,36,1.08,0.82,0.99,1.27,0.32,1.02,1.39,1.34,1.15,1.01,1.21,0.89,0.25,0.92,0.59,36,35.66
1381.88,36,1.07,0.81,0.98,1.27,0.32,1.02,1.39,1.33,1.16,1.01,1.21,0.89,0.24,0.91,0.58,36,35.68
1382.88,36,1.08,0.81,0.99,1.27,0.32,1.02,1.39,1.34,1.15,1,1.21,0.89,0.25,0.91,0.58,36,35.66
1383.88,36,1.06,0.8,0.98,1.26,0.31,1.02,1.38,1.32,1.14,1,1.19,0.88,0.23,0.9,0.58,36,35.68
1384.9,36,1.07,0.81,0.98,1.27,0.31,1.01,1.38,1.32,1.15,1.01,1.21,0.89,0.24,0.9,0.58,36,35.68
1385.9,36,1.06,0.8,0.98,1.26,0.31,1.02,1.39,1.33,1.15,1.01,1.21,0.88,0.24,0.91,0.58,36,35.68
1386.9,36,1.07,0.81,0.98,1.26,0.32,1.02,1.38,1.33,1.15,1,1.2,0.89,0.24,0.9,0.58,36,35.68
1387.92,36,1.08,0.8,0.99,1.27,0.32,1.02,1.39,1.34,1.15,1.02,1.21,0.89,0.24,0.92,0.58,36,35.66
1388.92,36,1.08,0.82,0.99,1.26,0.32,1.02,1.4,1.34,1.16,1.02,1.21,0.9,0.25,0.92,0.59,36,35.68
1389.92,36,1.06,0.8,0.97,1.27,0.31,1,1.38,1.33,1.14,1,1.2,0.88,0.23,0.9,0.58,36,35.68
1390.92,36,1.08,0.82,0.99,1.27,0.32,1.02,1.39,1.33,1.15,1.02,1.21,0.88,0.25,0.91,0.58,36,35.66
1391.92,36,1.07,0.81,0.98,1.27,0.32,1.02,1.39,1.33,1.15,1.01,1.21,0.88,0.24,0.91,0.58,36,35.66
1392.92,36,1.07,0.82,0.98,1.25,0.32,1.01,1.38,1.32,1.15,1.01,1.21,0.89,0.24,0.91,0.58,36,35.66
1393.92,36,1.08,0.82,0.98,1.27,0.32,1.01,1.39,1.34,1.17,1.02,1.21,0.88,0.25,0.92,0.59,36,35.66
1394.92,36,1.07,0.81,0.98,1.26,0.32,1,1.38,1.33,1.15,1.01,1.21,0.88,0.24,0.91,0.58,36,35.66
1395.93,36,1.06,0.8,0.98,1.25,0.31,1,1.38,1.31,1.15,1,1.2,0.87,0.23,0.9,0.58,36,35.66
1396.93,36,1.07,0.81,0.98,1.27,0.32,1,1.39,1.34,1.16,1.01,1.2,0.88,0.25,0.91,0.58,36,35.66
1397.95,36,1.07,0.81,0.98,1.27,0.32,1.02,1.39,1.33,1.16,1.02,1.21,0.89,0.24,0.91,0.58,36,35.66
1398.95,36,1.07,0.82,0.98,1.27,0.32,1.02,1.39,1.32,1.15,1.01,1.21,0.88,0.25,0.9,0.58,36,35.66
1399.95,36,1.07,0.82,0.98,1.27,0.32,1.02,1.4,1.33,1.15,1.01,1.21,0.89,0.24,0.92,0.59,36,35.66
1400.95,36,1.08,0.81,0.98,1.26,0.32,1.01,1.4,1.33,1.15,1.02,1.21,0.89,0.25,0.91,0.58,36,35.66
1401.95,36,1.07,0.81,0.98,1.25,0.31,1.02,1.38,1.33,1.15,1.01,1.21,0.88,0.23,0.91,0.58,36,35.66
1402.95,36,1.07,0.82,0.98,1.26,0.31,1,1.39,1.32,1.15,1.01,1.2,0.88,0.25,0.9,0.58,36,35.68
1403.95,36,1.07,0.81,0.98,1.27,0.32,1.02,1.39,1.33,1.16,1.01,1.21,0.89,0.25,0.91,0.58,36,35.66
1404.97,36,1.06,0.81,0.98,1.26,0.32,1,1.38,1.33,1.15,1,1.21,0.88,0.23,0.9,0.58,36,35.66
1405.97,36,1.08,0.82,0.99,1.27,0.32,1.02,1.39,1.34,1.16,1.02,1.21,0.9,0.24,0.9,0.58,36,35.66
1406.97,36,1.07,0.8,0.98,1.26,0.31,1.01,1.39,1.33,1.15,1,1.21,0.88,0.24,0.9,0.58,36,35.66
1407.97,36,1.07,0.8,0.98,1.26,0.32,1.02,1.38,1.32,1.15,1,1.21,0.88,0.25,0.91,0.58,36,35.66
1408.97,36,1.07,0.81,0.98,1.26,0.31,1,1.39,1.32,1.15,1,1.21,0.88,0.24,0.9,0.58,36,35.66
1409.97,36,1.07,0.81,0.98,1.26,0.31,1.02,1.38,1.32,1.15,1.01,1.21,0.88,0.24,0.91,0.58,36,35.66
1410.97,36,1.07,0.81,0.98,1.26,0.32,1.02,1.39,1.34,1.16,1,1.21,0.88,0.24,0.91,0.58,36,35.66
1411.97,36,1.07,0.82,0.98,1.26,0.32,1.02,1.39,1.33,1.15,1.02,1.21,0.89,0.24,0.91,0.58,36,35.66
1412.98,36,1.08,0.81,0.99,1.27,0.32,1.01,1.39,1.33,1.15,1.02,1.21,0.89,0.24,0.92,0.58,36,35.68
1413.98,36,1.07,0.81,0.99,1.27,0.32,1.02,1.38,1.34,1.15,1.01,1.21,0.88,0.24,0.91,0.58,36,35.66
1414.98,36,1.08,0.81,0.98,1.27,0.32,1.01,1.39,1.34,1.15,1.01,1.21,0.89,0.25,0.92,0.58,36,35.66
1415.98,36,1.06,0.8,0.98,1.26,0.32,1.01,1.38,1.32,1.15,1.01,1.21,0.88,0.23,0.9,0.58,36,35.66
1416.98,36,1.07,0.81,0.98,1.27,0.32,1.02,1.39,1.33,1.15,1,1.21,0.88,0.24,0.91,0.58,36,35.68
1417.98,36,1.07,0.82,0.98,1.27,0.31,1.01,1.39,1.33,1.15,1.01,1.21,0.89,0.24,0.92,0.58,36,35.66
1419,36,1.07,0.81,0.98,1.26,0.31,1,1.38,1.31,1.15,1,1.2,0.88,0.24,0.9,0.57,36,35.68
1420,36,1.07,0.8,0.98,1.26,0.31,1.01,1.38,1.32,1.15,1.01,1.21,0.88,0.23,0.91,0.58,36,35.68
1421,36,1.07,0.82,0.98,1.26,0.32,1,1.38,1.33,1.15,1.01,1.21,0.88,0.25,0.91,0.58,36,35.68
1422,36,1.08,0.82,0.99,1.27,0.32,1.01,1.4,1.34,1.16,1.02,1.22,0.89,0.24,0.92,0.59,36,35.66
1423,36,1.06,0.8,0.98,1.26,0.32,1,1.38,1.32,1.15,1.01,1.2,0.88,0.24,0.91,0.58,36,35.66
1424.02,36,1.07,0.81,0.99,1.27,0.31,1.02,1.39,1.33,1.16,1.02,1.21,0.88,0.25,0.9,0.58,36,35.68
1425.02,36,1.07,0.81,0.98,1.26,0.32,1.02,1.39,1.33,1.15,1,1.21,0.89,0.24,0.9,0.58,36,35.66
1426.02,36,1.07,0.82,0.98,1.26,0.32,1.02,1.39,1.34,1.15,1.01,1.21,0.88,0.24,0.92,0.58,36,35.68
1427.02,36,1.07,0.81,0.98,1.26,0.32,1.02,1.39,1.33,1.15,1.01,1.21,0.89,0.24,0.91,0.58,36,35.68
1428.02,36,1.07,0.82,0.98,1.27,0.32,1,1.39,1.33,1.15,1.01,1.21,0.88,0.24,0.91,0.58,36,35.69
1429.02,36,1.07,0.8,0.98,1.26,0.32,1.02,1.39,1.33,1.15,1.02,1.21,0.88,0.24,0.91,0.58,36,35.66
1430.02,36,1.07,0.81,0.98,1.26,0.32,1.01,1.39,1.34,1.15,1.01,1.21,0.89,0.24,0.91,0.58,36,35.68
1431.02,36,1.08,0.82,0.99,1.27,0.32,1.02,1.4,1.34,1.16,1.02,1.21,0.88,0.25,0.91,0.59,36,35.68
1432.03,36,1.07,0.8,0.98,1.27,0.32,1.01,1.39,1.33,1.15,1.01,1.21,0.88,0.24,0.91,0.58,36,35.66
1433.03,36,1.08,0.82,0.99,1.27,0.32,1.02,1.39,1.33,1.16,1.02,1.21,0.89,0.24,0.91,0.59,36,35.66
1434.03,36,1.07,0.81,0.98,1.27,0.31,1.01,1.39,1.33,1.15,1.02,1.2,0.89,0.24,0.91,0.58,36,35.66
1435.03,36,1.07,0.82,0.98,1.26,0.32,1.01,1.39,1.34,1.15,1.02,1.21,0.88,0.24,0.9,0.58,36,35.68
1436.03,36,1.08,0.82,0.98,1.27,0.32,1.02,1.39,1.34,1.15,1.01,1.21,0.88,0.25,0.91,0.59,36,35.68
1437.03,36,1.08,0.81,0.98,1.27,0.32,1.02,1.4,1.33,1.15,1.02,1.21,0.88,0.25,0.92,0.58,36,35.66
1438.05,36,1.07,0.81,0.98,1.26,0.32,1.02,1.39,1.32,1.15,1.02,1.21,0.89,0.25,0.9,0.59,36,35.66
1439.05,36,1.07,0.8,0.99,1.27,0.32,1.02,1.39,1.34,1.16,1.01,1.21,0.89,0.24,0.91,0.58,36,35.68
1440.05,36,1.07,0.81,0.99,1.27,0.32,1.01,1.4,1.33,1.15,1.02,1.21,0.88,0.25,0.91,0.59,36,35.66
1441.05,36,1.08,0.82,0.98,1.27,0.32,1.02,1.39,1.33,1.15,1.02,1.21,0.89,0.25,0.92,0.58,36,35.68
1442.05,36,1.08,0.82,0.98,1.27,0.32,1.02,1.39,1.33,1.16,1.02,1.21,0.89,0.25,0.91,0.59,36,35.66
1443.05,36,1.07,0.82,0.98,1.26,0.32,1.02,1.39,1.34,1.15,1.02,1.21,0.89,0.25,0.91,0.58,36,35.68
1444.07,36,1.07,0.82,0.98,1.27,0.32,1.02,1.39,1.34,1.16,1.01,1.21,0.89,0.25,0.92,0.58,36,35.66
1445.07,36,1.07,0.81,0.98,1.27,0.32,1.02,1.39,1.33,1.15,1.02,1.21,0.89,0.24,0.91,0.58,36,35.68
1446.07,36,1.07,0.82,0.99,1.27,0.32,1.02,1.39,1.33,1.15,1.01,1.21,0.88,0.24,0.92,0.59,36,35.68
1447.07,36,1.07,0.82,0.98,1.27,0.32,1.01,1.39,1.33,1.15,1.02,1.21,0.89,0.25,0.92,0.59,36,35.66
1448.07,36,1.07,0.8,0.98,1.26,0.32,1,1.38,1.32,1.15,1,1.21,0.88,0.24,0.9,0.58,36,35.66
1449.07,36,1.06,0.81,0.98,1.26,0.32,1.01,1.38,1.32,1.15,1,1.21,0.89,0.24,0.91,0.58,36,35.68
1450.08,36,1.06,0.81,0.98,1.26,0.3,1.01,1.38,1.33,1.15,1,1.2,0.89,0.24,0.9,0.58,36,35.66
1451.08,36,1.06,0.81,0.98,1.26,0.32,1,1.38,1.33,1.15,1,1.2,0.88,0.23,0.9,0.57,36,35.68
1452.08,36,1.07,0.82,0.98,1.27,0.32,1.02,1.39,1.33,1.16,1.01,1.21,0.89,0.25,0.91,0.58,36,35.66
1453.1,36,1.08,0.81,0.99,1.26,0.32,1.01,1.39,1.33,1.15,1.02,1.21,0.88,0.24,0.91,0.58,36,35.66
1454.1,36,1.07,0.82,0.98,1.25,0.32,1.02,1.38,1.33,1.16,1.01,1.21,0.89,0.24,0.9,0.58,36,35.68
1455.1,36,1.06,0.8,0.98,1.27,0.32,1.02,1.38,1.33,1.15,1.01,1.21,0.88,0.24,0.91,0.58,36,35.66
1456.1,36,1.08,0.82,0.98,1.26,0.32,1.02,1.39,1.33,1.15,1.02,1.21,0.88,0.25,0.92,0.58,36,35.66
1457.1,36,1.08,0.81,0.99,1.27,0.32,1.02,1.39,1.33,1.15,1.01,1.21,0.88,0.25,0.91,0.59,36,35.66
1458.1,36,1.07,0.82,0.99,1.27,0.32,1.02,1.39,1.34,1.16,1.02,1.21,0.89,0.25,0.91,0.58,36,35.66
1459.1,36,1.07,0.81,0.98,1.26,0.32,1.01,1.38,1.32,1.15,1.01,1.2,0.88,0.23,0.9,0.58,36,35.66
1460.12,36,1.06,0.81,0.97,1.26,0.32,1.01,1.38,1.32,1.15,1.01,1.2,0.88,0.24,0.9,0.58,36,35.66
1461.12,36,1.08,0.82,0.99,1.27,0.33,1.02,1.39,1.34,1.16,1.02,1.21,0.89,0.25,0.92,0.58,36,35.66
1462.12,36,1.08,0.81,0.98,1.27,0.32,1.02,1.39,1.33,1.15,1.02,1.21,0.88,0.24,0.9,0.59,36,35.66
1463.13,36,1.07,0.8,0.98,1.25,0.31,1.01,1.39,1.33,1.15,1.01,1.21,0.88,0.24,0.91,0.58,36,35.66
1464.13,36,1.07,0.8,0.98,1.26,0.32,1,1.38,1.33,1.15,1,1.21,0.88,0.24,0.9,0.58,36,35.66
1465.13,36,1.08,0.82,0.98,1.27,0.32,1.02,1.39,1.34,1.15,1.02,1.21,0.89,0.25,0.91,0.59,36,35.68
1466.13,36,1.08,0.82,0.99,1.27,0.32,1.01,1.4,1.33,1.16,1.01,1.21,0.9,0.25,0.92,0.59,36,35.66
1467.13,36,1.08,0.82,0.98,1.27,0.32,1.01,1.39,1.33,1.16,1.01,1.21,0.89,0.24,0.91,0.58,36,35.66
1468.15,36,1.07,0.81,0.99,1.27,0.32,1.02,1.4,1.33,1.16,1.02,1.21,0.88,0.25,0.92,0.59,36,35.66
1469.15,36,1.06,0.8,0.98,1.25,0.31,1.01,1.38,1.32,1.14,1,1.21,0.88,0.23,0.9,0.58,36,35.68
1470.15,36,1.06,0.81,0.98,1.26,0.32,1.02,1.38,1.33,1.15,1.01,1.21,0.88,0.23,0.91,0.58,36,35.66
1471.15,36,1.07,0.8,0.98,1.26,0.32,1,1.38,1.33,1.14,1.01,1.21,0.88,0.24,0.92,0.58,36,35.66
1472.17,36,1.06,0.81,0.98,1.25,0.32,1,1.39,1.32,1.15,1.01,1.21,0.88,0.24,0.9,0.58,36,35.66
1473.17,36,1.08,0.82,0.98,1.27,0.32,1.02,1.39,1.34,1.15,1.01,1.21,0.88,0.25,0.92,0.58,36,35.68
1474.17,36,1.08,0.81,0.98,1.27,0.32,1.01,1.39,1.33,1.16,1.01,1.21,0.89,0.25,0.92,0.59,36,35.66
1475.17,36,1.06,0.8,0.98,1.26,0.31,1,1.38,1.32,1.15,1.01,1.2,0.88,0.24,0.91,0.58,36,35.68
1476.18,36,1.07,0.81,0.98,1.27,0.32,1,1.38,1.33,1.15,1.02,1.21,0.88,0.24,0.9,0.58,36,35.68
1477.18,36,1.08,0.82,0.99,1.27,0.32,1,1.39,1.33,1.15,1.01,1.21,0.88,0.24,0.92,0.58,36,35.68
1478.18,36,1.07,0.81,0.98,1.27,0.32,1.02,1.39,1.33,1.15,1.02,1.21,0.88,0.25,0.91,0.58,36,35.66
1479.18,36,1.07,0.81,0.98,1.27,0.32,1.01,1.38,1.33,1.15,1.01,1.21,0.89,0.24,0.91,0.58,36,35.68
1480.18,36,1.07,0.82,0.98,1.27,0.32,1.02,1.39,1.33,1.15,1.02,1.21,0.9,0.25,0.92,0.58,36,35.66
1481.2,36,1.07,0.81,0.98,1.26,0.32,1.01,1.39,1.33,1.15,1,1.21,0.89,0.25,0.9,0.58,36,35.66
1482.2,36,1.07,0.81,0.98,1.26,0.32,1.02,1.39,1.32,1.15,1.01,1.21,0.89,0.24,0.91,0.58,36,35.68
1483.2,36,1.07,0.81,0.98,1.27,0.32,1.01,1.38,1.33,1.15,1.01,1.2,0.88,0.25,0.91,0.59,36,35.66
1484.22,36,1.06,0.81,0.98,1.26,0.31,1.01,1.38,1.32,1.15,1.01,1.21,0.88,0.23,0.9,0.58,36,35.68
1485.22,36,1.08,0.82,0.98,1.27,0.32,1.01,1.39,1.34,1.15,1.01,1.21,0.89,0.25,0.92,0.58,36,35.68
1486.22,36,1.07,0.81,0.98,1.27,0.32,1.02,1.39,1.33,1.15,1.01,1.21,0.89,0.25,0.91,0.58,36,35.66
1487.22,36,1.07,0.81,0.98,1.27,0.32,1,1.39,1.33,1.15,1.01,1.21,0.88,0.24,0.92,0.59,36,35.66
1488.22,36,1.07,0.8,0.98,1.27,0.32,1.02,1.39,1.33,1.15,1.02,1.21,0.88,0.25,0.91,0.58,36,35.66
1489.22,36,1.07,0.82,0.98,1.27,0.32,1.02,1.39,1.33,1.15,1.01,1.21,0.89,0.25,0.92,0.59,36,35.68
1490.22,36,1.07,0.81,0.98,1.27,0.32,1.01,1.39,1.34,1.15,1.01,1.21,0.88,0.25,0.91,0.58,36,35.68
1491.23,36,1.07,0.81,0.98,1.27,0.32,1.01,1.39,1.34,1.15,1.02,1.21,0.89,0.25,0.92,0.59,36,35.68
1492.23,36,1.07,0.81,0.98,1.26,0.31,1.02,1.39,1.33,1.15,1,1.21,0.88,0.24,0.91,0.58,36,35.66
1493.23,36,1.07,0.82,0.98,1.26,0.32,1.02,1.39,1.33,1.15,1.01,1.21,0.89,0.24,0.9,0.58,36,35.68
1494.23,36,1.07,0.81,0.98,1.27,0.32,1.01,1.38,1.34,1.15,1.02,1.21,0.88,0.24,0.91,0.58,36,35.66
1495.23,36,1.06,0.8,0.98,1.26,0.31,1,1.38,1.32,1.15,1,1.2,0.88,0.23,0.9,0.57,36,35.66
1496.23,36,1.07,0.81,0.98,1.25,0.32,1.01,1.38,1.33,1.14,1.01,1.21,0.88,0.24,0.9,0.58,36,35.68
1497.25,36,1.06,0.81,0.98,1.26,0.32,1.01,1.38,1.32,1.15,1.01,1.2,0.88,0.23,0.9,0.57,36,35.68
1498.25,36,1.07,0.81,0.98,1.27,0.32,1.02,1.39,1.33,1.15,1.01,1.21,0.88,0.25,0.91,0.58,36,35.66
1499.25,36,1.06,0.81,0.98,1.26,0.31,1.01,1.38,1.33,1.15,1.01,1.2,0.88,0.24,0.91,0.58,36,35.66
1500.27,36,1.07,0.8,0.98,1.27,0.31,1.01,1.38,1.32,1.15,1,1.21,0.88,0.24,0.9,0.58,36,35.68
1501.27,36,1.07,0.81,0.98,1.27,0.32,1.02,1.39,1.32,1.15,1.02,1.21,0.88,0.25,0.91,0.58,36,35.66
1502.27,36,1.07,0.8,0.98,1.27,0.32,1,1.39,1.32,1.15,1.01,1.21,0.88,0.24,0.91,0.58,36,35.68
1503.27,36,1.08,0.82,0.98,1.27,0.32,1,1.4,1.33,1.16,1.02,1.21,0.9,0.25,0.92,0.58,36,35.66
1504.27,36,1.08,0.82,0.98,1.26,0.32,1.02,1.38,1.33,1.15,1.02,1.21,0.89,0.25,0.91,0.58,36,35.68
1505.27,36,1.07,0.81,0.98,1.27,0.32,1.02,1.39,1.33,1.15,1.01,1.21,0.88,0.24,0.92,0.58,36,35.66
1506.27,36,1.07,0.8,0.98,1.27,0.32,1,1.39,1.33,1.15,1.02,1.21,0.88,0.24,0.9,0.58,36,35.68
1507.27,36,1.08,0.81,0.99,1.27,0.32,1.02,1.4,1.33,1.15,1.01,1.21,0.89,0.24,0.92,0.58,36,35.68
1508.28,36,1.07,0.81,0.98,1.26,0.31,1.02,1.39,1.33,1.15,1.02,1.2,0.89,0.24,0.91,0.58,36,35.66
1509.28,36,1.08,0.82,0.99,1.27,0.32,1.02,1.39,1.34,1.15,1.01,1.22,0.88,0.25,0.91,0.58,36,35.68
1510.28,36,1.07,0.81,0.98,1.27,0.32,1.02,1.38,1.33,1.16,1.01,1.21,0.89,0.25,0.92,0.58,36,35.68
1511.28,36,1.06,0.81,0.97,1.25,0.32,1,1.39,1.33,1.15,1.01,1.21,0.88,0.23,0.91,0.58,36,35.68
1512.3,36,1.07,0.8,0.98,1.27,0.32,1.01,1.39,1.33,1.15,1.01,1.21,0.89,0.25,0.92,0.58,36,35.68
1513.3,36,1.07,0.82,0.98,1.27,0.32,1.01,1.39,1.33,1.15,1.01,1.21,0.88,0.25,0.9,0.58,36,35.68
1514.3,36,1.08,0.82,0.99,1.27,0.32,1.01,1.39,1.34,1.15,1.02,1.21,0.88,0.25,0.92,0.59,36,35.69
1515.3,36,1.08,0.81,0.98,1.26,0.32,1.01,1.39,1.33,1.15,1.01,1.22,0.89,0.25,0.92,0.58,36,35.69
1516.3,36,1.07,0.81,0.98,1.27,0.32,1.02,1.39,1.32,1.15,1.01,1.21,0.88,0.24,0.9,0.58,36,35.68
1517.3,36,1.07,0.81,0.98,1.26,0.32,1,1.38,1.32,1.15,1.01,1.21,0.88,0.24,0.91,0.58,36,35.69
1518.3,36,1.07,0.82,0.98,1.26,0.32,1.02,1.4,1.33,1.16,1.01,1.21,0.89,0.25,0.91,0.58,36,35.69
1519.3,36,1.07,0.81,0.98,1.27,0.32,1.02,1.39,1.32,1.15,1.01,1.21,0.88,0.25,0.91,0.58,36,35.68
1520.3,36,1.07,0.81,0.98,1.25,0.31,1.02,1.38,1.32,1.15,1,1.21,0.88,0.24,0.9,0.58,36,35.69
1521.3,36,1.07,0.8,0.98,1.27,0.31,1.01,1.39,1.32,1.15,1.01,1.21,0.89,0.24,0.91,0.58,36,35.68
1522.32,36,1.08,0.82,0.99,1.27,0.32,1.02,1.39,1.33,1.16,1.01,1.21,0.89,0.24,0.91,0.58,36,35.68
1523.32,36,1.08,0.82,0.98,1.27,0.32,1,1.39,1.33,1.15,1.02,1.21,0.88,0.25,0.92,0.58,36,35.69
1524.32,36,1.07,0.81,0.99,1.27,0.32,1.02,1.39,1.34,1.15,1.02,1.21,0.89,0.25,0.92,0.58,36,35.69
1525.33,36,1.07,0.8,0.98,1.26,0.32,1,1.38,1.33,1.15,1.01,1.21,0.88,0.24,0.91,0.58,36,35.68
1526.33,36,1.08,0.82,0.98,1.27,0.32,1,1.39,1.33,1.15,1.01,1.2,0.89,0.25,0.91,0.58,36,35.68
1527.33,36,1.07,0.81,0.98,1.26,0.32,1.01,1.39,1.33,1.15,1.01,1.21,0.88,0.25,0.91,0.58,36,35.68
1528.33,36,1.08,0.82,0.98,1.26,0.32,1.01,1.39,1.33,1.16,1.02,1.21,0.88,0.25,0.92,0.58,36,35.68
1529.35,36,1.08,0.81,0.98,1.27,0.32,1.01,1.39,1.33,1.15,1.01,1.21,0.89,0.25,0.91,0.58,36,35.68
1530.35,36,1.07,0.81,0.98,1.26,0.31,1,1.38,1.32,1.15,1.01,1.21,0.88,0.24,0.9,0.58,36,35.68
1531.35,36,1.08,0.82,0.99,1.27,0.32,1.02,1.39,1.33,1.15,1.02,1.21,0.88,0.25,0.91,0.59,36,35.69
1532.35,36,1.08,0.82,0.98,1.27,0.32,1.02,1.4,1.34,1.15,1.01,1.21,0.89,0.25,0.9,0.58,36,35.68
1533.35,36,1.07,0.81,0.98,1.27,0.32,1.02,1.38,1.32,1.15,1.01,1.21,0.88,0.24,0.92,0.58,36,35.69
1534.35,36,1.08,0.81,0.98,1.27,0.32,1.01,1.39,1.33,1.15,1.01,1.21,0.89,0.25,0.91,0.58,36,35.68
1535.37,36,1.07,0.81,0.98,1.26,0.32,1.01,1.38,1.33,1.15,1.01,1.21,0.88,0.25,0.91,0.58,36,35.69
1536.37,36,1.08,0.82,0.99,1.27,0.32,1.02,1.4,1.34,1.15,1.01,1.21,0.89,0.25,0.92,0.58,36,35.68
1537.37,36,1.08,0.81,0.98,1.27,0.32,1.02,1.39,1.34,1.15,1.01,1.21,0.88,0.25,0.91,0.59,36,35.7
1538.37,36,1.07,0.8,0.98,1.27,0.32,1.02,1.39,1.34,1.15,1,1.21,0.88,0.24,0.91,0.58,36,35.69
1539.37,36,1.07,0.81,0.98,1.27,0.32,1.02,1.39,1.32,1.15,1.01,1.21,0.88,0.24,0.9,0.58,36,35.68
1540.38,36,1.08,0.8,0.98,1.27,0.32,1.02,1.39,1.34,1.16,1.01,1.21,0.89,0.25,0.91,0.59,36,35.69
1541.38,36,1.07,0.81,0.98,1.27,0.32,1.02,1.4,1.33,1.15,1.01,1.21,0.88,0.25,0.92,0.58,36,35.68
1542.38,36,1.07,0.81,0.98,1.26,0.32,1.02,1.39,1.33,1.15,1.02,1.21,0.88,0.24,0.92,0.59,36,35.68
1543.4,36,1.07,0.81,0.98,1.25,0.32,1,1.38,1.32,1.15,1.01,1.2,0.88,0.23,0.9,0.58,36,35.69
1544.4,36,1.07,0.81,0.98,1.27,0.32,1,1.38,1.33,1.15,1.02,1.21,0.88,0.25,0.91,0.58,36,35.68
1545.4,36,1.07,0.8,0.98,1.27,0.32,1.01,1.39,1.33,1.15,1.01,1.21,0.88,0.24,0.91,0.58,36,35.68
1546.4,36,1.08,0.8,0.98,1.27,0.32,1.01,1.39,1.33,1.15,1.01,1.21,0.89,0.25,0.91,0.58,36,35.68
1547.42,36,1.08,0.82,0.98,1.26,0.32,1.02,1.39,1.33,1.15,1.01,1.21,0.89,0.24,0.91,0.59,36,35.68
1548.42,36,1.07,0.82,0.98,1.26,0.32,1,1.4,1.33,1.16,1.01,1.21,0.89,0.25,0.92,0.58,36,35.69
1549.42,36,1.08,0.81,0.99,1.27,0.32,1.01,1.39,1.33,1.16,1.01,1.21,0.88,0.24,0.92,0.58,36,35.69
1550.43,36,1.06,0.8,0.98,1.27,0.32,1.01,1.38,1.32,1.15,1,1.21,0.88,0.24,0.91,0.58,36,35.68
1551.43,36,1.07,0.81,0.99,1.27,0.32,1.02,1.39,1.34,1.16,1.01,1.21,0.9,0.25,0.92,0.58,36,35.68
1552.43,36,1.08,0.82,0.98,1.26,0.32,1.02,1.39,1.34,1.15,1.01,1.21,0.88,0.25,0.91,0.58,36,35.68
1553.43,36,1.07,0.81,0.98,1.27,0.32,1.01,1.39,1.33,1.15,1.02,1.21,0.89,0.25,0.92,0.58,36,35.69
1554.43,36,1.08,0.81,0.98,1.26,0.31,1.02,1.38,1.33,1.15,1,1.21,0.88,0.24,0.91,0.58,36,35.69
1555.43,36,1.07,0.81,0.98,1.26,0.32,1.01,1.38,1.32,1.15,1.01,1.2,0.89,0.24,0.92,0.58,36,35.68
1556.43,36,1.08,0.82,0.98,1.26,0.32,1.01,1.39,1.34,1.15,1.02,1.21,0.89,0.24,0.92,0.58,36,35.68
1557.45,36,1.07,0.81,0.98,1.27,0.32,1,1.38,1.33,1.15,1.01,1.21,0.88,0.24,0.9,0.58,36,35.68
1558.45,36,1.08,0.82,0.98,1.27,0.32,1.02,1.39,1.34,1.15,1.01,1.21,0.89,0.25,0.91,0.58,36,35.68
1559.45,36,1.08,0.81,0.98,1.27,0.32,1.02,1.39,1.34,1.15,1.01,1.21,0.88,0.24,0.92,0.59,36,35.68
1560.45,36,1.08,0.81,0.98,1.27,0.32,1.01,1.39,1.33,1.15,1.02,1.21,0.89,0.25,0.91,0.58,36,35.68
1561.45,36,1.08,0.8,0.99,1.26,0.32,1.01,1.39,1.32,1.15,1.01,1.21,0.88,0.25,0.91,0.58,36,35.68
1562.45,36,1.07,0.81,0.98,1.27,0.32,1.01,1.39,1.32,1.15,1.01,1.21,0.88,0.25,0.91,0.58,36,35.68
1563.45,36,1.08,0.81,0.98,1.27,0.32,1.02,1.39,1.33,1.15,1,1.21,0.89,0.25,0.91,0.58,36,35.68
1564.47,36,1.07,0.82,0.98,1.27,0.32,1.02,1.39,1.33,1.15,1.01,1.21,0.88,0.25,0.92,0.58,36,35.68
1565.47,36,1.07,0.81,0.99,1.27,0.32,1.02,1.38,1.33,1.15,1.01,1.21,0.88,0.24,0.91,0.58,36,35.69
1566.47,36,1.07,0.81,0.98,1.25,0.32,1.02,1.38,1.32,1.15,1.01,1.2,0.88,0.24,0.9,0.58,36,35.68
1567.47,36,1.08,0.83,0.99,1.27,0.32,1.02,1.4,1.33,1.16,1.02,1.21,0.89,0.25,0.92,0.59,36,35.68
1568.47,36,1.07,0.81,0.98,1.27,0.32,1.01,1.39,1.33,1.15,1.01,1.21,0.88,0.25,0.91,0.58,36,35.68
1569.47,36,1.08,0.81,0.98,1.27,0.32,1.01,1.39,1.33,1.15,1.01,1.21,0.88,0.25,0.91,0.58,36,35.68
1570.47,36,1.07,0.82,0.98,1.27,0.32,1.02,1.4,1.32,1.15,1.01,1.21,0.88,0.25,0.91,0.58,36,35.66
1571.48,36,1.07,0.81,0.98,1.27,0.32,1.02,1.4,1.33,1.15,1.01,1.21,0.89,0.24,0.92,0.58,36,35.68
1572.48,36,1.07,0.81,0.98,1.27,0.32,1.02,1.39,1.33,1.16,1.01,1.21,0.88,0.24,0.91,0.58,36,35.68
1573.48,36,1.06,0.81,0.98,1.26,0.32,1.01,1.38,1.32,1.15,1,1.2,0.88,0.24,0.9,0.57,36,35.68
1574.48,36,1.07,0.81,0.98,1.27,0.32,1.01,1.39,1.33,1.15,1.01,1.21,0.88,0.25,0.91,0.58,36,35.68
1575.5,36,1.07,0.81,0.98,1.27,0.32,1.01,1.38,1.32,1.15,1.01,1.21,0.89,0.25,0.91,0.58,36,35.68
1576.5,36,1.08,0.81,0.99,1.27,0.32,1.02,1.39,1.34,1.16,1.02,1.21,0.89,0.25,0.92,0.58,36,35.66
1577.5,36,1.08,0.81,0.98,1.27,0.32,1.02,1.38,1.33,1.15,1,1.21,0.89,0.24,0.92,0.58,36,35.68
1578.5,36,1.08,0.82,0.99,1.28,0.32,1.02,1.4,1.34,1.16,1.02,1.22,0.89,0.25,0.91,0.58,36,35.68
1579.52,36,1.08,0.82,0.99,1.27,0.32,1.02,1.39,1.34,1.16,1.01,1.21,0.89,0.25,0.92,0.59,36,35.68
1580.52,36,1.08,0.82,0.98,1.27,0.32,1.02,1.39,1.33,1.15,1.02,1.21,0.89,0.24,0.91,0.58,36,35.69
1581.52,36,1.07,0.81,0.98,1.26,0.32,1,1.38,1.32,1.14,1,1.2,0.88,0.23,0.91,0.58,36,35.68
1582.52,36,1.08,0.81,0.98,1.27,0.32,1.02,1.39,1.34,1.15,1.02,1.21,0.89,0.25,0.91,0.58,36,35.66
1583.52,36,1.07,0.8,0.98,1.27,0.32,1.02,1.39,1.34,1.15,1.01,1.21,0.88,0.24,0.91,0.59,36,35.66
1584.53,36,1.08,0.82,0.98,1.27,0.32,1.02,1.4,1.34,1.16,1.02,1.21,0.89,0.25,0.91,0.58,36,35.66
1585.53,36,1.08,0.82,0.98,1.27,0.32,1.02,1.39,1.33,1.15,1.02,1.21,0.89,0.25,0.92,0.58,36,35.66
1586.53,36,1.07,0.8,0.98,1.27,0.32,1.01,1.38,1.33,1.15,1.01,1.21,0.88,0.24,0.9,0.58,36,35.68
1587.55,36,1.07,0.81,0.98,1.27,0.32,1,1.39,1.33,1.15,1.02,1.21,0.88,0.25,0.9,0.58,36,35.68
1588.55,36,1.07,0.82,0.98,1.27,0.32,1.02,1.39,1.33,1.15,1.01,1.21,0.89,0.25,0.91,0.59,36,35.68
1589.55,36,1.06,0.81,0.98,1.26,0.32,1.02,1.38,1.33,1.15,1.01,1.21,0.88,0.24,0.91,0.58,36,35.68
1590.55,36,1.07,0.82,0.98,1.26,0.32,1.02,1.39,1.33,1.15,1.01,1.21,0.89,0.24,0.9,0.58,36,35.68
1591.57,36,1.07,0.81,0.98,1.26,0.32,1.01,1.38,1.32,1.15,1.01,1.21,0.87,0.24,0.91,0.58,36,35.66
1592.57,36,1.07,0.82,0.99,1.27,0.32,1.01,1.39,1.33,1.15,1.02,1.21,0.89,0.25,0.92,0.59,36,35.68
1593.57,36,1.07,0.81,0.98,1.26,0.32,1.02,1.38,1.33,1.15,1.01,1.21,0.88,0.24,0.91,0.58,36,35.68
1594.57,36,1.08,0.82,0.98,1.27,0.32,1.02,1.39,1.34,1.16,1.01,1.21,0.89,0.25,0.92,0.58,36,35.68
1595.58,36,1.06,0.81,0.98,1.27,0.31,1,1.38,1.32,1.15,1,1.21,0.88,0.23,0.9,0.57,36,35.68
1596.58,36,1.08,0.82,0.99,1.27,0.32,1.02,1.39,1.33,1.15,1.02,1.21,0.9,0.24,0.91,0.59,36,35.68
1597.58,36,1.08,0.82,0.99,1.27,0.32,1.02,1.39,1.33,1.16,1.02,1.21,0.88,0.25,0.92,0.58,36,35.66
1598.6,36,1.08,0.82,0.98,1.27,0.32,1.02,1.39,1.34,1.16,1.02,1.21,0.89,0.25,0.91,0.59,36,35.68
1599.6,36,1.07,0.81,0.98,1.26,0.32,1.01,1.38,1.32,1.15,1,1.2,0.88,0.24,0.9,0.58,36,35.68
1600.6,36,1.07,0.81,0.98,1.26,0.32,1.01,1.38,1.32,1.15,1.01,1.21,0.88,0.24,0.91,0.59,36,35.66
1601.6,36,1.07,0.82,0.98,1.26,0.32,1.01,1.39,1.32,1.15,1.01,1.21,0.88,0.24,0.91,0.58,36,35.68
1602.62,36,1.08,0.82,0.98,1.27,0.32,1,1.4,1.33,1.15,1.02,1.21,0.89,0.24,0.92,0.58,36,35.66
1603.62,36,1.07,0.82,0.98,1.26,0.32,1.01,1.38,1.32,1.15,1.01,1.2,0.88,0.24,0.91,0.58,36,35.66
1604.62,36,1.08,0.82,0.99,1.27,0.32,1.02,1.39,1.33,1.16,1.02,1.21,0.89,0.25,0.91,0.58,36,35.68
1605.62,36,1.07,0.81,0.98,1.26,0.32,1.01,1.39,1.33,1.15,1.01,1.21,0.88,0.24,0.91,0.58,36,35.68
1606.62,36,1.08,0.81,0.98,1.27,0.32,1,1.38,1.33,1.15,1.01,1.21,0.88,0.24,0.91,0.58,36,35.66
1607.62,36,1.07,0.82,0.98,1.27,0.32,1.02,1.39,1.33,1.15,1.01,1.21,0.89,0.25,0.92,0.58,36,35.66
1608.62,36,1.08,0.81,0.99,1.27,0.32,1.02,1.4,1.34,1.15,1.02,1.21,0.89,0.25,0.91,0.59,36,35.68
1609.63,36,1.07,0.8,0.98,1.27,0.32,1.02,1.39,1.33,1.16,1.01,1.21,0.89,0.25,0.91,0.58,36,35.66
1610.63,36,1.08,0.82,0.98,1.26,0.32,1.01,1.39,1.32,1.15,1.01,1.21,0.88,0.24,0.92,0.58,36,35.66
1611.63,36,1.07,0.82,0.98,1.27,0.32,1.02,1.38,1.33,1.16,1.01,1.21,0.89,0.25,0.91,0.58,36,35.68
1612.65,36,1.07,0.81,0.98,1.26,0.31,1.01,1.39,1.33,1.15,1.01,1.2,0.88,0.24,0.91,0.58,36,35.68
1613.65,36,1.07,0.81,0.98,1.26,0.32,1.01,1.38,1.32,1.15,1.02,1.21,0.88,0.24,0.9,0.58,36,35.68
1614.65,36,1.07,0.81,0.98,1.27,0.32,1.01,1.38,1.33,1.15,1.01,1.21,0.89,0.25,0.91,0.58,36,35.68
1615.65,36,1.07,0.82,0.98,1.27,0.32,1.02,1.38,1.33,1.15,1.01,1.22,0.89,0.25,0.91,0.58,36,35.68
1616.67,36,1.07,0.82,0.98,1.27,0.32,1.01,1.38,1.33,1.16,1.02,1.21,0.89,0.24,0.91,0.58,36,35.66
1617.67,36,1.07,0.81,0.98,1.26,0.32,1.02,1.38,1.32,1.15,1.01,1.21,0.88,0.24,0.9,0.58,36,35.68
1618.67,36,1.07,0.81,0.98,1.26,0.32,1.01,1.38,1.33,1.15,1.01,1.21,0.88,0.25,0.91,0.59,36,35.66
1619.67,36,1.08,0.82,0.98,1.27,0.32,1.02,1.39,1.33,1.16,1.02,1.21,0.89,0.25,0.91,0.59,36,35.68
1620.67,36,1.07,0.81,0.98,1.27,0.31,1.01,1.38,1.34,1.15,1.01,1.21,0.88,0.24,0.91,0.58,36,35.66
1621.67,36,1.08,0.82,0.99,1.27,0.32,1.01,1.39,1.33,1.15,1.01,1.21,0.88,0.24,0.92,0.59,36,35.68
1622.67,36,1.07,0.81,0.98,1.27,0.32,1.01,1.39,1.33,1.15,1.02,1.21,0.89,0.25,0.91,0.58,36,35.68
1623.67,36,1.07,0.8,0.98,1.26,0.32,1.02,1.39,1.33,1.15,1.02,1.21,0.89,0.25,0.91,0.58,36,35.68
1624.68,36,1.07,0.81,0.98,1.27,0.32,1.02,1.39,1.33,1.15,1.01,1.21,0.88,0.24,0.9,0.58,36,35.66
1625.68,36,1.07,0.82,0.98,1.27,0.32,1.02,1.38,1.33,1.15,1.01,1.21,0.88,0.23,0.91,0.59,36,35.68
1626.68,36,1.08,0.81,0.99,1.26,0.32,1.01,1.39,1.33,1.15,1.01,1.21,0.9,0.25,0.92,0.58,36,35.69
1627.68,36,1.08,0.81,0.98,1.27,0.32,1.01,1.39,1.33,1.16,1.02,1.21,0.89,0.25,0.91,0.58,36,35.68
1628.68,36,1.07,0.82,0.98,1.27,0.31,1.01,1.39,1.33,1.15,1.02,1.2,0.89,0.25,0.92,0.58,36,35.69
1629.68,36,1.08,0.81,0.98,1.27,0.32,1.02,1.39,1.33,1.15,1.01,1.21,0.88,0.24,0.91,0.58,36,35.68
1630.68,36,1.07,0.81,0.98,1.27,0.32,1,1.38,1.32,1.15,1.01,1.2,0.88,0.24,0.91,0.58,36,35.69
1631.68,36,1.07,0.82,0.98,1.25,0.32,1.02,1.38,1.33,1.15,1.01,1.21,0.88,0.24,0.91,0.58,36,35.68
1632.68,36,1.08,0.82,0.98,1.27,0.32,1.02,1.39,1.33,1.15,1.02,1.21,0.89,0.25,0.92,0.59,36,35.7
1633.68,36,1.07,0.81,0.98,1.27,0.32,1.02,1.39,1.33,1.15,1.01,1.21,0.88,0.24,0.91,0.58,36,35.7
1634.7,36,1.07,0.81,0.98,1.27,0.32,1,1.39,1.33,1.15,1.01,1.2,0.88,0.25,0.91,0.59,36,35.69
1635.7,36,1.08,0.81,0.98,1.27,0.32,1.01,1.38,1.33,1.15,1.01,1.21,0.88,0.25,0.91,0.58,36,35.69
1636.7,36,1.08,0.82,0.98,1.27,0.32,1.02,1.4,1.34,1.16,1.02,1.21,0.89,0.25,0.92,0.59,36,35.7
1637.7,36,1.07,0.81,0.98,1.26,0.32,1.02,1.39,1.32,1.15,1.01,1.21,0.88,0.25,0.91,0.58,36,35.69
1638.7,36,1.07,0.81,0.98,1.27,0.32,1.01,1.39,1.33,1.15,1.02,1.21,0.88,0.25,0.91,0.58,36,35.7
1639.7,36,1.07,0.82,0.98,1.27,0.32,1.01,1.39,1.33,1.15,1.01,1.21,0.88,0.25,0.91,0.58,36,35.7
1640.72,36,1.08,0.82,0.98,1.26,0.32,1.02,1.38,1.33,1.16,1.02,1.21,0.89,0.24,0.91,0.59,36,35.7
1641.72,36,1.08,0.82,0.98,1.26,0.32,1.01,1.4,1.34,1.15,1.01,1.21,0.88,0.25,0.91,0.58,36,35.7
1642.72,36,1.08,0.81,0.98,1.27,0.33,1.02,1.4,1.33,1.15,1.01,1.21,0.89,0.25,0.91,0.58,36,35.7
1643.72,36,1.08,0.82,0.99,1.27,0.32,1.02,1.39,1.34,1.16,1.02,1.21,0.9,0.25,0.91,0.59,36,35.7
1644.72,36,1.08,0.82,0.98,1.27,0.32,1.02,1.39,1.33,1.15,1.02,1.21,0.89,0.25,0.91,0.59,36,35.7
1645.73,36,1.08,0.82,0.99,1.27,0.32,1.01,1.4,1.33,1.15,1.02,1.21,0.88,0.24,0.92,0.58,36,35.7
1646.73,36,1.08,0.82,0.99,1.27,0.33,1.02,1.4,1.34,1.17,1.02,1.21,0.9,0.25,0.92,0.59,36,35.7
1647.73,36,1.07,0.82,0.98,1.26,0.32,1,1.38,1.33,1.15,1,1.21,0.88,0.24,0.91,0.58,36,35.71
1648.73,36,1.07,0.82,0.99,1.27,0.32,1.02,1.39,1.34,1.15,1.01,1.21,0.89,0.25,0.91,0.58,36,35.7
1649.75,36,1.07,0.81,0.98,1.27,0.32,1.02,1.39,1.33,1.15,1.01,1.21,0.88,0.25,0.91,0.58,36,35.7
1650.75,36,1.07,0.81,0.98,1.26,0.32,1.01,1.39,1.33,1.15,1.01,1.21,0.89,0.24,0.92,0.58,36,35.7
1651.75,36,1.08,0.82,0.98,1.26,0.32,1.02,1.39,1.34,1.15,1.02,1.21,0.89,0.25,0.92,0.59,36,35.71
1652.75,36,1.08,0.82,0.98,1.27,0.32,1.02,1.4,1.33,1.16,1.01,1.21,0.89,0.25,0.91,0.58,36,35.7
1653.75,36,1.07,0.82,0.99,1.27,0.32,1.02,1.4,1.34,1.15,1.02,1.21,0.89,0.25,0.92,0.58,36,35.71
1654.75,36,1.08,0.82,0.99,1.27,0.33,1.02,1.39,1.34,1.15,1.02,1.22,0.88,0.25,0.92,0.58,36,35.71
1655.75,36,1.08,0.82,0.99,1.27,0.32,1.02,1.4,1.34,1.17,1.02,1.22,0.89,0.25,0.92,0.59,36,35.73
1656.75,36,1.08,0.81,0.99,1.27,0.32,1.02,1.39,1.33,1.16,1.02,1.21,0.89,0.25,0.92,0.59,36,35.71
1657.75,36,1.08,0.81,0.99,1.27,0.33,1.02,1.4,1.33,1.16,1.02,1.21,0.89,0.25,0.92,0.59,36,35.73
1658.75,36,1.08,0.82,0.99,1.27,0.32,1.02,1.39,1.33,1.16,1.02,1.22,0.89,0.25,0.92,0.59,36,35.73
1659.75,36,1.07,0.82,0.98,1.27,0.32,1,1.39,1.33,1.15,1.02,1.21,0.88,0.25,0.91,0.59,36,35.73
1660.75,36,1.08,0.82,0.98,1.27,0.32,1.01,1.39,1.34,1.16,1.02,1.21,0.88,0.25,0.91,0.59,36,35.71
1661.77,36,1.08,0.82,0.99,1.27,0.33,1.02,1.4,1.33,1.15,1.02,1.21,0.88,0.25,0.92,0.59,36,35.73
1662.77,36,1.08,0.82,0.98,1.27,0.33,1.02,1.4,1.34,1.15,1.01,1.21,0.89,0.25,0.92,0.58,36,35.73
1663.77,36,1.07,0.82,0.98,1.27,0.33,1.02,1.39,1.33,1.15,1.02,1.21,0.9,0.25,0.92,0.59,36,35.73
1664.77,36,1.08,0.82,0.99,1.27,0.32,1.01,1.4,1.33,1.15,1.02,1.21,0.89,0.24,0.91,0.59,36,35.73
1665.77,36,1.08,0.83,0.99,1.27,0.33,1.02,1.4,1.34,1.16,1.02,1.22,0.9,0.25,0.92,0.59,36,35.7
1666.77,36,1.08,0.82,0.98,1.26,0.32,1.02,1.39,1.32,1.15,1.02,1.21,0.88,0.25,0.91,0.58,36,35.73
1667.77,36,1.08,0.82,0.99,1.26,0.33,1.02,1.4,1.34,1.16,1.02,1.21,0.9,0.25,0.92,0.59,36,35.73
1668.77,36,1.08,0.83,0.99,1.27,0.33,1.03,1.4,1.34,1.16,1.02,1.22,0.9,0.26,0.92,0.59,36,35.73
1669.77,36,1.08,0.82,0.99,1.27,0.32,1.01,1.38,1.34,1.16,1.02,1.21,0.89,0.25,0.92,0.58,36,35.73
1670.77,36,1.08,0.81,0.98,1.27,0.32,1.01,1.39,1.32,1.15,1.02,1.21,0.89,0.25,0.92,0.58,36,35.73
1671.77,36,1.08,0.82,0.99,1.27,0.32,1.01,1.39,1.34,1.16,1.02,1.22,0.89,0.25,0.92,0.59,36,35.73
1672.78,36,1.08,0.82,1,1.27,0.33,1.02,1.39,1.33,1.16,1.02,1.21,0.89,0.25,0.92,0.59,36,35.73
1673.78,36,1.07,0.81,0.98,1.27,0.32,1.01,1.39,1.33,1.15,1.01,1.21,0.88,0.25,0.91,0.59,36,35.73
1674.78,36,1.08,0.82,0.99,1.27,0.33,1.02,1.4,1.34,1.15,1.02,1.22,0.9,0.25,0.92,0.59,36,35.73
1675.78,36,1.08,0.82,0.99,1.27,0.32,1.02,1.39,1.34,1.15,1.02,1.21,0.9,0.25,0.92,0.59,36,35.73
1676.78,36,1.08,0.81,0.98,1.28,0.32,1.02,1.4,1.34,1.15,1.01,1.22,0.89,0.25,0.92,0.59,36,35.73
1677.78,36,1.08,0.82,0.99,1.27,0.32,1.02,1.4,1.34,1.16,1.01,1.21,0.89,0.25,0.92,0.59,36,35.73
1678.78,36,1.07,0.81,0.98,1.26,0.32,1.02,1.38,1.33,1.15,1.01,1.21,0.89,0.25,0.91,0.58,36,35.73
1679.8,36,1.08,0.81,1,1.27,0.33,1.02,1.4,1.34,1.16,1.02,1.22,0.9,0.26,0.92,0.59,36,35.73
1680.8,36,1.08,0.82,0.98,1.27,0.33,1.01,1.39,1.32,1.15,1.01,1.21,0.89,0.25,0.92,0.59,36,35.73
1681.82,36,1.07,0.81,0.98,1.26,0.32,1.01,1.38,1.32,1.15,1,1.21,0.88,0.25,0.9,0.58,36,35.73
1682.82,36,1.08,0.82,0.98,1.26,0.32,1.02,1.4,1.33,1.16,1.02,1.21,0.89,0.24,0.92,0.58,36,35.71
1683.82,36,1.08,0.82,0.99,1.27,0.33,1.02,1.4,1.34,1.15,1.02,1.21,0.89,0.25,0.92,0.59,36,35.73
1684.82,36,1.08,0.82,0.98,1.27,0.32,1.02,1.4,1.33,1.17,1.02,1.21,0.88,0.25,0.92,0.59,36,35.71
1685.82,36,1.07,0.82,0.99,1.27,0.32,1.02,1.4,1.34,1.16,1.01,1.21,0.89,0.25,0.9,0.58,36,35.7
1686.82,36,1.08,0.81,0.98,1.27,0.32,1.01,1.39,1.33,1.15,1.02,1.21,0.88,0.24,0.92,0.58,36,35.71
1687.82,36,1.08,0.82,0.99,1.27,0.32,1.02,1.39,1.34,1.16,1.02,1.21,0.9,0.25,0.91,0.58,36,35.7
1688.82,36,1.08,0.82,0.98,1.26,0.32,1.01,1.39,1.33,1.15,1.01,1.21,0.89,0.24,0.92,0.59,36,35.7
1689.82,36,1.07,0.81,0.98,1.27,0.32,1.02,1.39,1.33,1.15,1.01,1.21,0.88,0.24,0.91,0.58,36,35.7
1690.82,36,1.08,0.82,0.99,1.27,0.32,1.02,1.4,1.32,1.16,1.01,1.21,0.9,0.25,0.92,0.59,36,35.7
1691.83,36,1.08,0.82,0.98,1.26,0.32,1.02,1.38,1.34,1.15,1.01,1.21,0.89,0.25,0.92,0.58,36,35.7
1692.83,36,1.08,0.82,0.99,1.27,0.33,1.02,1.39,1.34,1.16,1.02,1.21,0.89,0.25,0.92,0.59,36,35.7
1693.83,36,1.07,0.81,0.98,1.27,0.32,1.02,1.39,1.33,1.15,1.02,1.21,0.88,0.25,0.91,0.58,36,35.7
1694.83,36,1.08,0.81,0.98,1.26,0.32,1.02,1.4,1.33,1.17,1.02,1.21,0.89,0.25,0.92,0.58,36,35.7
1695.85,36,1.08,0.81,0.99,1.27,0.33,1.02,1.39,1.33,1.15,1.01,1.21,0.89,0.25,0.92,0.58,36,35.7
1696.85,36,1.08,0.82,0.98,1.27,0.32,1.01,1.4,1.33,1.15,1.01,1.21,0.88,0.25,0.92,0.58,36,35.7
1697.85,36,1.08,0.82,0.98,1.27,0.33,1.02,1.39,1.33,1.15,1.01,1.21,0.89,0.25,0.92,0.59,36,35.7
1698.87,36,1.08,0.81,0.98,1.26,0.32,1.02,1.4,1.34,1.16,1.02,1.21,0.89,0.25,0.92,0.59,36,35.7
1699.87,36,1.07,0.82,0.97,1.27,0.32,1.01,1.39,1.33,1.15,1.01,1.21,0.88,0.25,0.91,0.58,36,35.7
1700.87,36,1.08,0.82,1,1.28,0.32,1.02,1.39,1.34,1.16,1.02,1.21,0.89,0.25,0.92,0.59,36,35.7
1701.87,36,1.08,0.82,0.99,1.27,0.33,1.02,1.39,1.34,1.16,1.01,1.21,0.89,0.25,0.92,0.58,36,35.7
1702.88,36,1.08,0.82,0.99,1.28,0.32,1.02,1.4,1.34,1.16,1.02,1.21,0.9,0.25,0.92,0.59,36,35.7
1703.88,36,1.08,0.81,0.98,1.26,0.32,1.01,1.39,1.33,1.16,1.02,1.21,0.88,0.25,0.91,0.59,36,35.7
1704.9,36,1.07,0.81,0.98,1.27,0.32,1,1.38,1.32,1.15,1,1.21,0.89,0.23,0.91,0.58,36,35.7
1705.9,36,1.08,0.82,0.99,1.27,0.32,1.02,1.4,1.34,1.15,1.02,1.21,0.9,0.25,0.92,0.59,36,35.7
1706.9,36,1.08,0.81,0.98,1.27,0.32,1.02,1.39,1.33,1.16,1.02,1.21,0.89,0.25,0.91,0.58,36,35.7
1707.9,36,1.08,0.82,0.99,1.27,0.33,1.02,1.4,1.34,1.15,1.02,1.21,0.89,0.25,0.91,0.58,36,35.7
1708.9,36,1.07,0.81,0.98,1.26,0.32,1.01,1.38,1.33,1.15,1.01,1.2,0.88,0.24,0.91,0.58,36,35.7
1709.9,36,1.08,0.82,0.99,1.27,0.33,1.02,1.4,1.34,1.17,1.02,1.21,0.89,0.25,0.92,0.59,36,35.7
1710.9,36,1.08,0.82,0.99,1.27,0.33,1.02,1.39,1.34,1.16,1.02,1.22,0.89,0.25,0.92,0.59,36,35.7
1711.9,36,1.08,0.82,0.98,1.27,0.32,1.02,1.4,1.34,1.17,1.02,1.21,0.9,0.25,0.92,0.59,36,35.7
1712.92,36,1.08,0.82,0.98,1.27,0.32,1.01,1.4,1.34,1.15,1.02,1.21,0.9,0.25,0.92,0.58,36,35.7
1713.92,36,1.08,0.81,0.99,1.27,0.32,1.02,1.4,1.33,1.16,1.02,1.21,0.89,0.25,0.92,0.59,36,35.7
1714.92,36,1.08,0.82,0.99,1.27,0.33,1.02,1.39,1.34,1.15,1.02,1.21,0.89,0.25,0.92,0.59,36,35.71
1715.92,36,1.07,0.81,0.98,1.26,0.32,1,1.39,1.33,1.15,1.01,1.21,0.89,0.24,0.91,0.58,36,35.7
1716.92,36,1.07,0.81,0.98,1.27,0.32,1.02,1.39,1.33,1.16,1.01,1.21,0.89,0.24,0.91,0.58,36,35.7
1717.92,36,1.08,0.81,0.98,1.26,0.32,1.02,1.39,1.32,1.15,1.02,1.21,0.88,0.25,0.92,0.58,36,35.7
1718.92,36,1.07,0.82,0.98,1.27,0.32,1.01,1.38,1.33,1.15,1.01,1.21,0.89,0.24,0.91,0.58,36,35.7
1719.92,36,1.07,0.81,0.98,1.26,0.32,1,1.38,1.33,1.15,1.02,1.21,0.88,0.24,0.9,0.58,36,35.7
1720.92,36,1.07,0.81,0.98,1.26,0.32,1.02,1.38,1.32,1.15,1,1.21,0.88,0.25,0.91,0.58,36,35.7
1721.93,36,1.08,0.82,0.99,1.27,0.32,1.02,1.39,1.33,1.16,1.01,1.21,0.89,0.25,0.92,0.59,36,35.7
1722.93,36,1.08,0.82,0.98,1.27,0.32,1.02,1.4,1.34,1.16,1.01,1.21,0.89,0.25,0.91,0.59,36,35.7
1723.93,36,1.08,0.82,0.98,1.27,0.32,1.02,1.4,1.32,1.15,1.02,1.21,0.89,0.25,0.91,0.58,36,35.71
1724.93,36,1.08,0.82,0.98,1.26,0.32,1.02,1.4,1.33,1.15,1.02,1.21,0.9,0.25,0.92,0.59,36,35.69
1725.95,36,1.08,0.82,0.98,1.27,0.32,1.02,1.39,1.33,1.15,1.01,1.21,0.88,0.25,0.91,0.59,36,35.73
1726.95,36,1.08,0.82,0.98,1.27,0.32,1.02,1.39,1.33,1.16,1.02,1.21,0.9,0.25,0.92,0.59,36,35.71
1727.95,36,1.08,0.82,0.98,1.27,0.32,1.01,1.4,1.33,1.15,1.02,1.21,0.89,0.25,0.92,0.58,36,35.71
1728.95,36,1.07,0.81,0.99,1.27,0.32,1.02,1.4,1.33,1.15,1.02,1.21,0.88,0.25,0.92,0.58,36,35.7
1729.95,36,1.08,0.82,0.99,1.27,0.32,1.02,1.4,1.34,1.16,1.01,1.22,0.89,0.25,0.92,0.59,36,35.71
1730.97,36,1.08,0.82,0.98,1.26,0.32,1.01,1.4,1.32,1.15,1,1.2,0.89,0.24,0.9,0.58,36,35.7
1731.97,36,1.08,0.82,0.98,1.27,0.32,1.01,1.4,1.34,1.15,1.02,1.21,0.89,0.25,0.92,0.58,36,35.7
1732.97,36,1.08,0.82,0.98,1.27,0.32,1.02,1.4,1.34,1.16,1.02,1.21,0.9,0.25,0.91,0.59,36,35.7
1733.97,36,1.07,0.81,0.98,1.26,0.32,1.01,1.38,1.33,1.15,1.01,1.21,0.89,0.24,0.91,0.58,36,35.7
1734.97,36,1.08,0.8,0.98,1.27,0.32,1.01,1.38,1.33,1.15,1.01,1.21,0.89,0.25,0.92,0.58,36,35.7
1735.98,36,1.08,0.82,0.99,1.27,0.32,1.02,1.39,1.34,1.16,1.01,1.21,0.89,0.25,0.92,0.59,36,35.7
1736.98,36,1.08,0.82,0.98,1.27,0.32,1.02,1.4,1.33,1.16,1.01,1.21,0.89,0.25,0.92,0.58,36,35.7
1737.98,36,1.07,0.81,0.98,1.27,0.32,1.02,1.39,1.34,1.16,1,1.21,0.89,0.25,0.91,0.58,36,35.69
1738.98,36,1.07,0.82,0.98,1.27,0.32,1,1.38,1.33,1.15,1,1.21,0.88,0.24,0.91,0.59,36,35.7
1739.98,36,1.07,0.82,0.98,1.27,0.33,1.02,1.39,1.33,1.15,1.02,1.21,0.88,0.25,0.91,0.59,36,35.7
1740.98,36,1.08,0.82,0.98,1.26,0.32,1.02,1.4,1.34,1.16,1.02,1.21,0.89,0.25,0.92,0.59,36,35.69
1741.98,36,1.07,0.81,0.98,1.27,0.32,1.01,1.39,1.33,1.15,1,1.21,0.88,0.24,0.9,0.58,36,35.7
1742.98,36,1.07,0.82,0.98,1.27,0.32,1.02,1.39,1.33,1.15,1.01,1.21,0.88,0.24,0.9,0.58,36,35.7
1744,36,1.08,0.82,0.99,1.27,0.32,1.02,1.39,1.33,1.16,1.01,1.21,0.89,0.25,0.92,0.58,36,35.7
1745,36,1.07,0.81,0.98,1.26,0.32,1.01,1.39,1.33,1.15,1.02,1.21,0.89,0.24,0.91,0.58,36,35.69
1746.02,36,1.08,0.81,0.98,1.27,0.32,1.01,1.38,1.33,1.15,1.01,1.21,0.88,0.24,0.9,0.58,36,35.69
1747.02,36,1.07,0.81,0.98,1.26,0.32,1.02,1.38,1.33,1.15,1.01,1.2,0.89,0.25,0.91,0.58,36,35.7
1748.02,36,1.07,0.81,0.98,1.27,0.32,1.01,1.39,1.33,1.15,1.01,1.21,0.88,0.24,0.91,0.58,36,35.69
1749.02,36,1.08,0.8,0.98,1.26,0.32,1.02,1.39,1.33,1.15,1.01,1.21,0.88,0.24,0.91,0.58,36,35.69
1750.02,36,1.08,0.82,0.98,1.27,0.32,1.02,1.39,1.33,1.15,1.01,1.21,0.89,0.25,0.92,0.58,36,35.7
1751.02,36,1.08,0.82,0.99,1.27,0.32,1.02,1.4,1.33,1.16,1.02,1.21,0.89,0.25,0.91,0.58,36,35.69
1752.02,36,1.08,0.82,0.99,1.27,0.33,1.02,1.39,1.33,1.15,1.02,1.21,0.89,0.25,0.92,0.58,36,35.69
1753.03,36,1.08,0.82,0.99,1.26,0.32,1.02,1.38,1.33,1.16,1.01,1.21,0.9,0.25,0.92,0.59,36,35.7
1754.03,36,1.08,0.82,0.99,1.27,0.32,1.02,1.4,1.33,1.15,1.02,1.21,0.89,0.25,0.91,0.58,36,35.69
1755.05,36,1.07,0.81,0.98,1.26,0.32,1.01,1.39,1.33,1.15,1.01,1.21,0.88,0.25,0.92,0.58,36,35.68
1756.05,36,1.08,0.82,0.98,1.27,0.33,1.02,1.39,1.33,1.15,1.01,1.21,0.89,0.25,0.91,0.58,36,35.69
1757.05,36,1.07,0.8,0.98,1.26,0.32,1,1.38,1.32,1.14,1,1.21,0.88,0.24,0.91,0.57,36,35.69
1758.05,36,1.08,0.82,0.98,1.27,0.32,1.02,1.39,1.33,1.16,1.02,1.22,0.88,0.25,0.91,0.59,36,35.7
1759.05,36,1.08,0.82,0.99,1.27,0.32,1.02,1.39,1.34,1.16,1.02,1.21,0.9,0.25,0.92,0.58,36,35.7
1760.07,36,1.08,0.81,0.98,1.27,0.32,1.02,1.39,1.33,1.16,1.01,1.21,0.88,0.24,0.92,0.58,36,35.69
1761.07,36,1.08,0.82,0.99,1.26,0.32,1.02,1.39,1.33,1.16,1.02,1.21,0.89,0.25,0.92,0.59,36,35.69
1762.07,36,1.08,0.81,0.99,1.27,0.32,1.01,1.39,1.33,1.16,1.02,1.21,0.89,0.25,0.92,0.59,36,35.7
1763.07,36,1.07,0.82,0.98,1.27,0.32,1.01,1.38,1.32,1.15,1.01,1.2,0.88,0.25,0.91,0.58,36,35.69
1764.07,36,1.07,0.81,0.98,1.27,0.32,1.02,1.39,1.32,1.15,1.01,1.21,0.88,0.24,0.92,0.58,36,35.69
1765.07,36,1.07,0.81,0.98,1.27,0.32,1.02,1.38,1.33,1.15,1,1.21,0.89,0.25,0.91,0.58,36,35.7
1766.07,36,1.08,0.81,0.99,1.27,0.32,1.01,1.39,1.34,1.15,1.01,1.21,0.89,0.25,0.91,0.58,36,35.7
1767.08,36,1.07,0.82,0.98,1.27,0.32,1.02,1.38,1.32,1.15,1.01,1.21,0.89,0.24,0.91,0.58,36,35.7
1768.08,36,1.07,0.82,0.97,1.27,0.32,1.02,1.38,1.33,1.15,1,1.21,0.89,0.25,0.91,0.58,36,35.7
1769.08,36,1.08,0.81,0.98,1.27,0.32,1.01,1.39,1.32,1.15,1.02,1.21,0.89,0.25,0.91,0.59,36,35.69
1770.08,36,1.08,0.82,0.98,1.27,0.32,1,1.4,1.33,1.15,1.02,1.21,0.89,0.25,0.92,0.59,36,35.69
1771.1,36,1.08,0.82,0.99,1.27,0.32,1.02,1.39,1.33,1.15,1.02,1.21,0.89,0.24,0.92,0.58,36,35.69
1772.1,36,1.07,0.81,0.98,1.27,0.32,1.01,1.39,1.34,1.15,1.01,1.21,0.89,0.25,0.9,0.58,36,35.68
1773.1,36,1.07,0.81,0.98,1.26,0.32,1.02,1.39,1.33,1.15,1.01,1.21,0.88,0.24,0.92,0.58,36,35.69
1774.1,36,1.07,0.82,0.98,1.26,0.32,1.02,1.38,1.32,1.15,1.01,1.21,0.89,0.24,0.91,0.58,36,35.68
1775.1,36,1.08,0.82,0.98,1.27,0.32,1.01,1.4,1.34,1.15,1.01,1.21,0.89,0.25,0.91,0.58,36,35.69
1776.12,36,1.07,0.81,0.98,1.27,0.32,1.02,1.39,1.33,1.15,1,1.21,0.9,0.25,0.92,0.58,36,35.69
1777.12,36,1.08,0.82,0.98,1.27,0.32,1.02,1.39,1.33,1.15,1.01,1.21,0.89,0.25,0.91,0.58,36,35.68
1778.12,36,1.07,0.82,0.99,1.27,0.32,1.02,1.39,1.34,1.15,1.02,1.21,0.88,0.25,0.92,0.59,36,35.69
1779.12,36,1.07,0.81,0.98,1.25,0.32,1.01,1.39,1.32,1.15,1.01,1.2,0.88,0.24,0.91,0.58,36,35.68
1780.13,36,1.08,0.81,0.98,1.27,0.32,1.01,1.39,1.32,1.15,1.02,1.2,0.89,0.25,0.92,0.58,36,35.69
1781.13,36,1.07,0.81,0.98,1.26,0.32,1,1.39,1.33,1.15,1.01,1.21,0.88,0.24,0.91,0.57,36,35.68
1782.13,36,1.07,0.81,0.98,1.26,0.32,1.02,1.39,1.33,1.15,1.02,1.2,0.88,0.24,0.91,0.58,36,35.68
1783.13,36,1.07,0.82,0.98,1.25,0.32,1.02,1.39,1.32,1.15,1.02,1.21,0.89,0.24,0.91,0.58,36,35.68
1784.15,36,1.08,0.82,0.98,1.27,0.32,1.02,1.39,1.33,1.15,1.01,1.21,0.89,0.25,0.91,0.58,36,35.68
1785.15,36,1.08,0.82,0.98,1.25,0.32,1.01,1.39,1.33,1.15,1.01,1.21,0.88,0.25,0.92,0.58,36,35.68
1786.15,36,1.08,0.81,0.98,1.26,0.32,1.02,1.39,1.33,1.15,1.01,1.21,0.88,0.25,0.92,0.58,36,35.68
1787.17,36,1.08,0.81,0.99,1.27,0.32,1.02,1.39,1.33,1.16,1.02,1.21,0.9,0.24,0.92,0.58,36,35.68
1788.17,36,1.07,0.81,0.98,1.27,0.32,1.02,1.39,1.32,1.15,1.01,1.21,0.88,0.24,0.91,0.58,36,35.68
1789.17,36,1.07,0.81,0.98,1.26,0.32,1.01,1.39,1.34,1.15,1,1.21,0.88,0.24,0.91,0.58,36,35.68
1790.17,36,1.08,0.81,0.98,1.28,0.33,1,1.39,1.33,1.16,1.02,1.21,0.88,0.25,0.92,0.58,36,35.68
1791.17,36,1.08,0.82,0.98,1.26,0.32,1.02,1.4,1.33,1.15,1.01,1.21,0.88,0.25,0.92,0.58,36,35.68
1792.18,36,1.07,0.8,0.98,1.27,0.32,1.02,1.39,1.32,1.15,1.01,1.21,0.88,0.25,0.91,0.58,36,35.69
1793.18,36,1.08,0.8,0.98,1.27,0.32,1.02,1.39,1.33,1.16,1.01,1.21,0.89,0.25,0.92,0.58,36,35.69
1794.18,36,1.08,0.81,0.98,1.27,0.32,1.01,1.39,1.33,1.15,1.02,1.21,0.88,0.25,0.91,0.59,36,35.66
1795.18,36,1.07,0.8,0.98,1.26,0.32,1.01,1.38,1.33,1.15,1.01,1.21,0.89,0.25,0.91,0.58,36,35.69
1796.2,36,1.08,0.82,0.99,1.27,0.32,1.02,1.39,1.33,1.15,1.01,1.21,0.88,0.24,0.91,0.58,36,35.69
1797.2,36,1.08,0.82,0.98,1.27,0.32,1.01,1.39,1.33,1.15,1.02,1.21,0.89,0.25,0.91,0.58,36,35.69
1798.2,36,1.07,0.81,0.98,1.26,0.32,1.01,1.39,1.33,1.15,1.01,1.21,0.88,0.25,0.9,0.58,36,35.68
1799.2,36,1.07,0.81,0.98,1.27,0.32,1,1.39,1.32,1.15,1.02,1.21,0.88,0.24,0.91,0.58,36,35.68
1800.2,36,1.07,0.82,0.98,1.27,0.32,1.01,1.39,1.33,1.15,1.02,1.22,0.88,0.25,0.91,0.58,36,35.68
1801.2,36,1.07,0.81,0.98,1.25,0.32,1.01,1.39,1.32,1.15,1.01,1.21,0.88,0.24,0.91,0.58,36,35.68
1802.22,36,1.08,0.82,0.99,1.27,0.32,1.02,1.4,1.34,1.15,1.02,1.21,0.89,0.25,0.92,0.58,36,35.68
1803.22,36,1.07,0.81,0.98,1.26,0.32,1.02,1.4,1.33,1.15,1.02,1.21,0.88,0.25,0.91,0.58,36,35.69
1804.22,36,1.08,0.82,0.98,1.27,0.32,1.01,1.39,1.33,1.15,1.01,1.21,0.89,0.25,0.91,0.58,36,35.68
1805.22,36,1.07,0.81,0.98,1.27,0.31,1,1.39,1.32,1.15,1.01,1.21,0.88,0.25,0.92,0.58,36,35.68
1806.23,36,1.07,0.81,0.98,1.27,0.32,1.01,1.38,1.32,1.15,1,1.21,0.88,0.24,0.91,0.58,36,35.66
1807.23,36,1.08,0.81,0.98,1.26,0.32,1.02,1.39,1.32,1.15,1.01,1.21,0.88,0.25,0.91,0.58,36,35.68
1808.23,36,1.08,0.82,0.99,1.27,0.32,1.02,1.39,1.32,1.15,1.02,1.21,0.89,0.25,0.92,0.58,36,35.68
1809.23,36,1.07,0.81,0.98,1.27,0.32,1.01,1.39,1.33,1.15,1.02,1.21,0.88,0.24,0.9,0.58,36,35.68
1810.23,36,1.07,0.81,0.98,1.27,0.32,1.01,1.38,1.33,1.15,1,1.21,0.89,0.24,0.91,0.58,36,35.68
1811.23,36,1.07,0.81,0.98,1.26,0.32,1,1.38,1.32,1.15,1.01,1.21,0.88,0.24,0.9,0.57,36,35.66
1812.23,36,1.07,0.82,0.97,1.27,0.32,1.01,1.38,1.32,1.15,1.01,1.21,0.88,0.24,0.91,0.58,36,35.68
1813.25,36,1.07,0.81,0.98,1.26,0.32,1.02,1.39,1.33,1.15,1.02,1.21,0.88,0.24,0.9,0.58,36,35.68
1814.25,36,1.07,0.81,0.98,1.26,0.32,1,1.38,1.33,1.15,1.02,1.21,0.88,0.24,0.91,0.58,36,35.68
1815.25,36,1.07,0.81,0.98,1.26,0.32,1,1.39,1.32,1.15,1,1.21,0.88,0.24,0.9,0.58,36,35.68
1816.25,36,1.07,0.8,0.98,1.26,0.32,1,1.38,1.32,1.15,1.02,1.21,0.88,0.25,0.91,0.58,36,35.66
1817.25,36,1.08,0.82,0.98,1.27,0.32,1.02,1.4,1.34,1.15,1.02,1.21,0.89,0.25,0.91,0.59,36,35.66
1818.25,36,1.07,0.82,0.98,1.26,0.32,1.02,1.39,1.33,1.15,1.01,1.21,0.88,0.25,0.92,0.58,36,35.68
1819.25,36,1.08,0.82,0.99,1.27,0.32,1.01,1.39,1.33,1.15,1.01,1.21,0.89,0.25,0.92,0.58,36,35.68
1820.27,36,1.07,0.81,0.98,1.27,0.32,1.01,1.39,1.33,1.15,1.01,1.21,0.88,0.25,0.91,0.58,36,35.68
1821.27,36,1.07,0.81,0.98,1.26,0.32,1.01,1.38,1.33,1.15,1.01,1.21,0.88,0.24,0.92,0.58,36,35.68
1822.27,36,1.06,0.81,0.98,1.26,0.32,1.01,1.39,1.32,1.15,1.02,1.21,0.88,0.25,0.9,0.58,36,35.68
1823.27,36,1.07,0.81,0.98,1.26,0.32,1.01,1.38,1.32,1.15,1,1.21,0.88,0.24,0.91,0.58,36,35.66
1824.28,36,1.08,0.81,0.99,1.26,0.33,1.01,1.39,1.34,1.16,1.01,1.22,0.9,0.25,0.92,0.59,36,35.68
1825.28,36,1.07,0.81,0.98,1.26,0.32,1.01,1.39,1.33,1.16,1.01,1.21,0.89,0.25,0.92,0.58,36,35.68
1826.28,36,1.06,0.8,0.98,1.26,0.32,1.02,1.38,1.32,1.15,1.01,1.21,0.88,0.24,0.9,0.58,36,35.68
1827.28,36,1.07,0.82,0.98,1.27,0.32,1.01,1.39,1.33,1.15,1.01,1.21,0.89,0.25,0.92,0.58,36,35.68
1828.3,36,1.07,0.81,0.98,1.26,0.32,1.01,1.39,1.34,1.15,1.01,1.21,0.88,0.25,0.91,0.58,36,35.69
1829.3,36,1.06,0.8,0.98,1.26,0.31,1.01,1.38,1.32,1.15,1,1.19,0.88,0.23,0.9,0.58,36,35.68
1830.3,36,1.07,0.81,0.98,1.26,0.32,1.01,1.38,1.32,1.15,1.01,1.21,0.88,0.25,0.91,0.58,36,35.68
1831.3,36,1.08,0.82,0.98,1.27,0.32,1.01,1.39,1.33,1.15,1.01,1.21,0.89,0.25,0.91,0.58,36,35.68
1832.3,36,1.07,0.81,0.98,1.27,0.32,1.01,1.38,1.33,1.15,1.02,1.21,0.88,0.25,0.91,0.58,36,35.69
1833.3,36,1.07,0.81,0.98,1.26,0.32,1.02,1.38,1.33,1.15,1.02,1.21,0.88,0.25,0.9,0.58,36,35.69
1834.32,36,1.07,0.81,0.98,1.27,0.32,1.01,1.39,1.33,1.15,1.02,1.21,0.88,0.25,0.91,0.58,36,35.68
1835.32,36,1.08,0.82,0.98,1.27,0.32,1.01,1.39,1.33,1.15,1.01,1.21,0.88,0.25,0.92,0.58,36,35.69
1836.32,36,1.07,0.81,0.98,1.26,0.32,1.01,1.39,1.33,1.15,1,1.21,0.89,0.25,0.9,0.58,36,35.69
1837.32,36,1.08,0.82,0.99,1.26,0.32,1.01,1.4,1.33,1.15,1.01,1.21,0.89,0.25,0.92,0.58,36,35.7
1838.32,36,1.08,0.81,0.98,1.27,0.32,1.01,1.39,1.33,1.15,1.01,1.21,0.88,0.25,0.91,0.59,36,35.69
1839.32,36,1.08,0.8,0.98,1.26,0.32,1.02,1.39,1.33,1.16,1.02,1.21,0.89,0.25,0.92,0.58,36,35.69
1840.32,36,1.08,0.81,0.99,1.27,0.32,1.01,1.39,1.33,1.15,1.02,1.21,0.89,0.25,0.92,0.58,36,35.69
1841.32,36,1.08,0.82,0.98,1.27,0.32,1.02,1.39,1.34,1.16,1.02,1.21,0.89,0.25,0.9,0.58,36,35.68
1842.32,36,1.08,0.82,0.99,1.27,0.32,1.02,1.39,1.34,1.16,1.01,1.21,0.88,0.25,0.92,0.58,36,35.69
1843.33,36,1.07,0.81,0.98,1.26,0.32,1.01,1.39,1.33,1.15,1.02,1.21,0.88,0.25,0.91,0.59,36,35.69
1844.33,36,1.07,0.81,0.98,1.27,0.32,1.01,1.39,1.33,1.15,1.01,1.2,0.88,0.24,0.91,0.58,36,35.69
1845.33,36,1.07,0.8,0.98,1.26,0.32,1.01,1.38,1.32,1.15,1.01,1.21,0.89,0.25,0.91,0.58,36,35.69
1846.33,36,1.08,0.81,0.99,1.27,0.32,1.02,1.39,1.34,1.16,1.02,1.21,0.89,0.25,0.92,0.58,36,35.7
1847.35,36,1.08,0.82,0.98,1.27,0.33,1.02,1.39,1.34,1.16,1.02,1.22,0.89,0.25,0.92,0.59,36,35.7
1848.35,36,1.08,0.81,0.98,1.27,0.32,1.01,1.4,1.34,1.16,1.01,1.21,0.89,0.25,0.91,0.58,36,35.7
1849.35,36,1.08,0.81,0.99,1.27,0.32,1,1.4,1.34,1.15,1.02,1.21,0.88,0.25,0.91,0.58,36,35.7
1850.35,36,1.07,0.8,0.98,1.26,0.32,1.01,1.38,1.33,1.15,1.02,1.21,0.88,0.25,0.91,0.58,36,35.7
1851.35,36,1.08,0.81,0.98,1.27,0.32,1.02,1.39,1.33,1.15,1.02,1.21,0.89,0.25,0.91,0.58,36,35.7
1852.35,36,1.08,0.82,0.98,1.26,0.32,1.01,1.39,1.33,1.15,1.01,1.21,0.88,0.25,0.9,0.58,36,35.7
1853.37,36,1.08,0.81,0.98,1.26,0.32,1.01,1.39,1.33,1.15,1.02,1.21,0.89,0.25,0.91,0.58,36,35.69
1854.37,36,1.08,0.82,0.99,1.27,0.33,1.02,1.4,1.34,1.16,1.01,1.21,0.89,0.25,0.91,0.58,36,35.7
1855.37,36,1.08,0.82,0.99,1.27,0.32,1.02,1.39,1.33,1.16,1.02,1.21,0.89,0.25,0.91,0.58,36,35.69
1856.37,36,1.07,0.82,0.97,1.26,0.32,1.02,1.39,1.33,1.15,1.01,1.21,0.88,0.25,0.91,0.58,36,35.7
1857.38,36,1.08,0.82,0.98,1.27,0.33,1.02,1.4,1.34,1.16,1.01,1.21,0.88,0.25,0.92,0.58,36,35.7
1858.38,36,1.08,0.81,0.99,1.27,0.33,1.01,1.39,1.33,1.16,1.01,1.22,0.9,0.25,0.92,0.59,36,35.7
1859.38,36,1.08,0.81,0.98,1.27,0.32,1.01,1.38,1.33,1.15,1.01,1.21,0.88,0.24,0.91,0.58,36,35.7
1860.38,36,1.08,0.82,0.98,1.27,0.32,1.02,1.39,1.33,1.15,1.01,1.21,0.88,0.25,0.92,0.59,36,35.69
1861.4,36,1.08,0.81,0.98,1.27,0.32,1.02,1.4,1.34,1.16,1.02,1.21,0.89,0.25,0.91,0.59,36,35.7
1862.4,36,1.08,0.82,0.99,1.27,0.32,1.02,1.4,1.33,1.15,1.02,1.21,0.89,0.25,0.92,0.59,36,35.69
1863.4,36,1.08,0.82,0.98,1.27,0.32,1.01,1.38,1.33,1.15,1.02,1.21,0.88,0.25,0.92,0.58,36,35.69
1864.42,36,1.08,0.81,0.98,1.26,0.32,1,1.38,1.33,1.15,1.01,1.21,0.88,0.24,0.91,0.58,36,35.7
1865.42,36,1.07,0.82,0.98,1.26,0.32,1,1.38,1.33,1.15,1.01,1.21,0.88,0.25,0.91,0.58,36,35.7
1866.42,36,1.07,0.81,0.98,1.26,0.32,1.02,1.38,1.32,1.15,1,1.21,0.88,0.24,0.9,0.58,36,35.69
1867.42,36,1.07,0.81,0.98,1.26,0.32,1.02,1.39,1.34,1.15,1.02,1.21,0.88,0.24,0.92,0.58,36,35.7
1868.43,36,1.08,0.81,0.99,1.27,0.32,1.01,1.4,1.34,1.15,1.01,1.21,0.88,0.25,0.92,0.58,36,35.68
1869.43,36,1.08,0.82,0.99,1.27,0.33,1.02,1.4,1.34,1.17,1.02,1.22,0.89,0.25,0.92,0.58,36,35.69
1870.43,36,1.07,0.82,0.98,1.25,0.32,1.01,1.38,1.32,1.15,1.01,1.21,0.88,0.24,0.91,0.58,36,35.69
1871.43,36,1.08,0.82,0.98,1.27,0.32,1.01,1.39,1.34,1.16,1.02,1.21,0.89,0.25,0.91,0.59,36,35.69
1872.45,36,1.08,0.82,0.99,1.27,0.32,1.02,1.39,1.34,1.15,1.02,1.21,0.9,0.25,0.92,0.59,36,35.69
1873.45,36,1.08,0.82,0.99,1.27,0.32,1.01,1.38,1.33,1.16,1.01,1.21,0.88,0.25,0.91,0.58,36,35.7
1874.45,36,1.08,0.82,0.98,1.27,0.32,1.01,1.38,1.33,1.15,1.01,1.21,0.88,0.24,0.91,0.58,36,35.7
1875.45,36,1.08,0.82,0.98,1.27,0.33,1.02,1.4,1.34,1.15,1.02,1.21,0.88,0.25,0.91,0.58,36,35.7
1876.45,36,1.08,0.82,0.99,1.27,0.32,1.02,1.38,1.33,1.15,1.01,1.21,0.89,0.25,0.91,0.58,36,35.69
1877.45,36,1.08,0.82,0.98,1.26,0.32,1.02,1.4,1.34,1.15,1.01,1.21,0.89,0.25,0.92,0.58,36,35.7
1878.47,36,1.07,0.81,0.99,1.27,0.32,1,1.39,1.33,1.15,1.02,1.2,0.88,0.25,0.91,0.58,36,35.69
1879.47,36,1.07,0.81,0.98,1.26,0.32,1.02,1.39,1.33,1.15,1.01,1.21,0.88,0.24,0.9,0.58,36,35.7
1880.47,36,1.08,0.81,0.98,1.26,0.32,1,1.38,1.33,1.16,1.01,1.21,0.88,0.25,0.92,0.58,36,35.7
1881.47,36,1.07,0.81,0.98,1.27,0.32,1.01,1.39,1.33,1.15,1.02,1.21,0.88,0.25,0.91,0.58,36,35.7
1882.47,36,1.08,0.81,0.98,1.27,0.32,1.01,1.39,1.33,1.15,1.02,1.21,0.89,0.25,0.91,0.58,36,35.7
1883.48,36,1.08,0.82,0.99,1.27,0.32,1.02,1.4,1.33,1.15,1.02,1.21,0.89,0.25,0.91,0.58,36,35.7
1884.48,36,1.08,0.82,0.99,1.27,0.33,1.02,1.4,1.34,1.16,1.02,1.21,0.89,0.25,0.92,0.58,36,35.7
1885.48,36,1.07,0.82,0.98,1.27,0.32,1.02,1.39,1.33,1.15,1.02,1.21,0.88,0.25,0.91,0.58,36,35.7
1886.48,36,1.07,0.8,0.98,1.27,0.32,1.02,1.39,1.32,1.15,1.02,1.21,0.88,0.24,0.91,0.58,36,35.7
1887.48,36,1.07,0.81,0.98,1.26,0.32,1,1.39,1.33,1.15,1,1.21,0.88,0.24,0.91,0.58,36,35.7
1888.5,36,1.08,0.81,0.99,1.27,0.32,1.02,1.39,1.33,1.16,1.02,1.21,0.9,0.25,0.91,0.58,36,35.69
1889.5,36,1.07,0.8,0.97,1.26,0.32,1.01,1.38,1.33,1.15,1,1.2,0.88,0.23,0.9,0.58,36,35.69
1890.5,36,1.08,0.81,0.99,1.27,0.33,1.02,1.39,1.34,1.16,1.02,1.21,0.88,0.25,0.92,0.59,36,35.7
1891.5,36,1.07,0.81,0.99,1.27,0.32,1,1.4,1.33,1.15,1.02,1.21,0.88,0.25,0.92,0.58,36,35.7
1892.5,36,1.08,0.81,0.98,1.27,0.32,1.02,1.4,1.34,1.16,1.02,1.21,0.89,0.24,0.92,0.58,36,35.7
1893.5,36,1.08,0.82,0.99,1.27,0.33,1.02,1.39,1.33,1.16,1.02,1.21,0.9,0.25,0.92,0.58,36,35.69
1894.5,36,1.08,0.82,0.99,1.27,0.34,1.02,1.39,1.34,1.16,1.02,1.21,0.89,0.25,0.92,0.59,36,35.7
1895.5,36,1.07,0.82,0.98,1.27,0.32,1.01,1.39,1.33,1.15,1.02,1.21,0.9,0.25,0.92,0.59,36,35.7
1896.5,36,1.08,0.82,0.98,1.27,0.32,1,1.39,1.33,1.16,1.01,1.21,0.89,0.25,0.91,0.58,36,35.7
1897.5,36,1.08,0.81,0.99,1.27,0.33,1.02,1.4,1.34,1.16,1.02,1.21,0.88,0.25,0.92,0.58,36,35.7
1898.52,36,1.08,0.81,0.99,1.27,0.32,1.01,1.39,1.34,1.16,1.01,1.22,0.89,0.25,0.92,0.59,36,35.7
1899.52,36,1.08,0.82,0.98,1.27,0.32,1.02,1.4,1.33,1.16,1.02,1.21,0.89,0.25,0.91,0.58,36,35.7
1900.52,36,1.07,0.8,0.98,1.27,0.32,1.02,1.39,1.33,1.15,1,1.2,0.88,0.24,0.91,0.58,36,35.71
1901.52,36,1.07,0.8,0.98,1.26,0.32,1.02,1.38,1.34,1.15,1.01,1.2,0.88,0.25,0.9,0.58,36,35.7
1902.52,36,1.07,0.81,0.98,1.27,0.32,1.01,1.39,1.32,1.15,1.01,1.21,0.88,0.25,0.91,0.58,36,35.7
1903.52,36,1.08,0.82,0.99,1.27,0.32,1.02,1.39,1.33,1.16,1.02,1.21,0.89,0.25,0.91,0.59,36,35.7
1904.53,36,1.08,0.82,0.99,1.27,0.32,1.02,1.39,1.33,1.15,1.01,1.21,0.88,0.24,0.92,0.58,36,35.7
1905.53,36,1.08,0.8,0.98,1.27,0.32,1.01,1.4,1.33,1.16,1.02,1.21,0.88,0.25,0.92,0.58,36,35.71
1906.53,36,1.07,0.82,0.98,1.27,0.32,1.02,1.39,1.32,1.15,1.02,1.21,0.89,0.25,0.91,0.58,36,35.71
1907.53,36,1.07,0.8,0.98,1.25,0.32,1.01,1.39,1.33,1.15,1.01,1.2,0.88,0.25,0.91,0.58,36,35.71
1908.55,36,1.08,0.82,0.98,1.27,0.32,1.02,1.39,1.33,1.15,1.01,1.21,0.88,0.24,0.92,0.58,36,35.7
1909.55,36,1.07,0.8,0.98,1.27,0.32,1,1.39,1.32,1.15,1.01,1.21,0.88,0.24,0.91,0.58,36,35.7
1910.55,36,1.08,0.82,0.98,1.27,0.32,1.01,1.4,1.34,1.15,1.02,1.21,0.89,0.24,0.91,0.58,36,35.7
1911.57,36,1.08,0.81,0.98,1.27,0.32,1.01,1.39,1.33,1.15,1.01,1.21,0.89,0.25,0.92,0.59,36,35.7
1912.57,36,1.08,0.82,0.98,1.26,0.32,1.02,1.4,1.32,1.15,1.02,1.21,0.89,0.25,0.92,0.59,36,35.7
1913.57,36,1.08,0.81,0.99,1.26,0.32,1.01,1.38,1.34,1.15,1.02,1.21,0.88,0.25,0.91,0.58,36,35.7
1914.57,36,1.07,0.81,0.98,1.27,0.32,1,1.38,1.33,1.15,1.01,1.2,0.88,0.24,0.91,0.58,36,35.69
1915.57,36,1.07,0.82,0.98,1.26,0.32,1.02,1.39,1.34,1.15,1.01,1.21,0.88,0.25,0.92,0.58,36,35.7
1916.57,36,1.08,0.82,0.98,1.26,0.33,1.02,1.39,1.34,1.15,1.02,1.21,0.89,0.24,0.92,0.58,36,35.7
1917.57,36,1.07,0.8,0.99,1.27,0.32,1.01,1.39,1.33,1.16,1.02,1.21,0.88,0.25,0.92,0.58,36,35.7
1918.58,36,1.08,0.81,0.99,1.27,0.32,1.02,1.39,1.33,1.16,1.02,1.21,0.88,0.25,0.92,0.59,36,35.7
1919.58,36,1.08,0.82,0.99,1.27,0.32,1.02,1.4,1.33,1.15,1.02,1.21,0.9,0.25,0.92,0.58,36,35.7
1920.58,36,1.08,0.82,0.99,1.27,0.32,1.02,1.39,1.34,1.15,1.02,1.21,0.89,0.25,0.92,0.58,36,35.69
1921.58,36,1.08,0.82,0.99,1.27,0.33,1.02,1.4,1.34,1.17,1.02,1.22,0.89,0.25,0.92,0.59,36,35.7
1922.58,36,1.08,0.82,0.99,1.27,0.33,1.02,1.39,1.34,1.16,1.02,1.21,0.88,0.25,0.92,0.58,36,35.7
1923.58,36,1.08,0.82,0.99,1.28,0.32,1.01,1.39,1.34,1.15,1.02,1.21,0.89,0.25,0.92,0.59,36,35.7
1924.58,36,1.07,0.82,0.98,1.27,0.32,1.01,1.4,1.33,1.15,1.01,1.21,0.89,0.25,0.91,0.58,36,35.7
1925.6,36,1.08,0.81,0.98,1.26,0.32,1.01,1.39,1.33,1.15,1.01,1.21,0.89,0.24,0.92,0.58,36,35.7
1926.6,36,1.08,0.82,0.99,1.27,0.33,1.02,1.4,1.34,1.15,1.02,1.21,0.9,0.25,0.92,0.58,36,35.7
1927.6,36,1.08,0.81,0.98,1.26,0.32,1.01,1.39,1.34,1.15,1.01,1.21,0.88,0.25,0.91,0.58,36,35.7
1928.6,36,1.07,0.81,0.98,1.26,0.32,1.02,1.39,1.34,1.15,1.01,1.21,0.88,0.25,0.91,0.58,36,35.7
1929.6,36,1.08,0.82,0.98,1.27,0.32,1.02,1.39,1.33,1.15,1.02,1.21,0.88,0.25,0.91,0.58,36,35.71
1930.6,36,1.08,0.81,0.99,1.27,0.32,1.02,1.4,1.33,1.15,1.02,1.21,0.88,0.25,0.92,0.58,36,35.7
1931.62,36,1.08,0.81,0.99,1.27,0.32,1.02,1.4,1.34,1.16,1.02,1.21,0.9,0.25,0.91,0.58,36,35.7
1932.62,36,1.08,0.82,0.99,1.27,0.32,1.02,1.39,1.33,1.16,1.01,1.21,0.9,0.25,0.92,0.59,36,35.7
1933.62,36,1.08,0.82,0.98,1.27,0.32,1.02,1.39,1.34,1.15,1.02,1.21,0.89,0.25,0.92,0.58,36,35.7
1934.62,36,1.08,0.82,0.99,1.27,0.32,1.02,1.4,1.33,1.15,1.02,1.22,0.88,0.25,0.92,0.58,36,35.7
1935.63,36,1.06,0.8,0.98,1.25,0.32,1,1.38,1.32,1.14,1,1.19,0.88,0.23,0.9,0.57,36,35.7
1936.63,36,1.08,0.82,0.98,1.27,0.32,1.02,1.38,1.33,1.15,1.02,1.21,0.89,0.25,0.91,0.58,36,35.7
1937.63,36,1.08,0.82,0.99,1.27,0.33,1.02,1.39,1.33,1.16,1.02,1.21,0.89,0.25,0.92,0.58,36,35.7
1938.63,36,1.08,0.82,0.99,1.27,0.32,1.01,1.4,1.33,1.15,1.02,1.21,0.88,0.25,0.92,0.59,36,35.7
1939.63,36,1.08,0.82,0.99,1.26,0.32,1.02,1.39,1.34,1.16,1.01,1.21,0.89,0.25,0.92,0.59,36,35.7
1940.63,36,1.07,0.8,0.98,1.26,0.31,1.01,1.38,1.32,1.15,1.01,1.21,0.88,0.24,0.91,0.58,36,35.7
1941.65,36,1.07,0.81,0.98,1.27,0.32,1.02,1.39,1.33,1.15,1.01,1.21,0.89,0.25,0.91,0.58,36,35.7
1942.65,36,1.07,0.82,0.98,1.27,0.32,1.02,1.39,1.33,1.16,1.01,1.21,0.88,0.25,0.91,0.58,36,35.7
1943.65,36,1.08,0.82,0.98,1.27,0.32,1.02,1.4,1.33,1.15,1.02,1.22,0.89,0.25,0.92,0.58,36,35.7
1944.65,36,1.08,0.82,0.98,1.27,0.32,1.02,1.39,1.34,1.16,1.02,1.21,0.9,0.25,0.92,0.59,36,35.7
1945.65,36,1.06,0.8,0.98,1.26,0.32,1.01,1.39,1.32,1.15,1.01,1.2,0.88,0.23,0.9,0.58,36,35.68
1946.65,36,1.08,0.82,0.99,1.26,0.32,1.02,1.39,1.34,1.17,1.02,1.21,0.89,0.25,0.92,0.59,36,35.7
1947.67,36,1.08,0.82,0.98,1.27,0.32,1.02,1.39,1.33,1.16,1.01,1.21,0.88,0.25,0.92,0.58,36,35.7
1948.67,36,1.08,0.82,0.98,1.27,0.33,1.02,1.39,1.33,1.15,1.01,1.21,0.9,0.25,0.92,0.58,36,35.7
1949.67,36,1.07,0.82,0.98,1.27,0.32,1,1.38,1.33,1.15,1,1.2,0.89,0.25,0.91,0.58,36,35.7
1950.67,36,1.07,0.81,0.98,1.26,0.32,1.01,1.38,1.33,1.15,1.01,1.2,0.88,0.25,0.91,0.58,36,35.7
1951.67,36,1.07,0.81,0.98,1.27,0.32,1.01,1.4,1.33,1.15,1.01,1.21,0.89,0.25,0.91,0.59,36,35.7
1952.67,36,1.07,0.81,0.99,1.27,0.32,1,1.38,1.33,1.15,1.01,1.21,0.88,0.24,0.91,0.58,36,35.7
1953.67,36,1.08,0.82,1,1.27,0.33,1.03,1.4,1.34,1.16,1.02,1.22,0.89,0.25,0.92,0.59,36,35.7
1954.67,36,1.08,0.82,0.99,1.27,0.33,1.02,1.4,1.34,1.16,1.02,1.21,0.9,0.25,0.92,0.59,36,35.7
1955.67,36,1.08,0.82,0.99,1.27,0.32,1.02,1.39,1.34,1.15,1.02,1.21,0.9,0.25,0.92,0.59,36,35.7
1956.67,36,1.07,0.8,0.98,1.27,0.32,1,1.39,1.33,1.15,1.02,1.21,0.89,0.24,0.91,0.58,36,35.7
1957.68,36,1.07,0.81,0.98,1.27,0.32,1.01,1.39,1.33,1.15,1.01,1.21,0.89,0.24,0.91,0.58,36,35.7
1958.68,36,1.07,0.81,0.98,1.26,0.32,1,1.39,1.32,1.15,1.01,1.21,0.89,0.24,0.91,0.58,36,35.7
1959.68,36,1.07,0.81,0.99,1.27,0.32,1.02,1.39,1.33,1.15,1.02,1.21,0.88,0.25,0.91,0.58,36,35.7
1960.68,36,1.08,0.81,0.98,1.27,0.32,1.02,1.39,1.33,1.15,1.01,1.21,0.89,0.25,0.91,0.59,36,35.7
1961.7,36,1.08,0.82,0.99,1.27,0.32,1.02,1.39,1.32,1.16,1.02,1.21,0.89,0.25,0.92,0.58,36,35.7
1962.7,36,1.07,0.81,0.98,1.27,0.32,1.02,1.4,1.33,1.16,1.02,1.21,0.89,0.25,0.92,0.59,36,35.7
1963.7,36,1.08,0.82,0.99,1.28,0.33,1.02,1.4,1.34,1.16,1.02,1.22,0.9,0.25,0.92,0.58,36,35.7
1964.7,36,1.08,0.82,0.99,1.27,0.32,1.01,1.39,1.33,1.15,1.02,1.21,0.88,0.25,0.91,0.58,36,35.7
1965.7,36,1.08,0.81,0.98,1.26,0.32,1.01,1.39,1.32,1.15,1.01,1.21,0.89,0.24,0.92,0.58,36,35.7
1966.72,36,1.08,0.82,0.98,1.27,0.32,1.02,1.38,1.34,1.15,1.01,1.21,0.88,0.25,0.92,0.58,36,35.71
1967.72,36,1.08,0.81,0.98,1.27,0.32,1.02,1.38,1.34,1.15,1.01,1.21,0.88,0.25,0.92,0.58,36,35.7
1968.72,36,1.08,0.82,0.98,1.27,0.32,1.02,1.39,1.34,1.15,1.02,1.21,0.89,0.25,0.91,0.58,36,35.7
1969.72,36,1.07,0.82,0.99,1.26,0.32,1.02,1.38,1.33,1.15,1.01,1.21,0.89,0.25,0.91,0.59,36,35.7
1970.72,36,1.08,0.82,0.98,1.27,0.33,1.01,1.4,1.34,1.15,1.01,1.21,0.88,0.25,0.91,0.59,36,35.7
1971.73,36,1.08,0.82,0.99,1.27,0.33,1,1.39,1.34,1.15,1.02,1.21,0.9,0.25,0.92,0.59,36,35.7
1972.73,36,1.08,0.82,0.99,1.28,0.33,1.01,1.39,1.34,1.16,1.02,1.21,0.89,0.25,0.92,0.59,36,35.7
1973.73,36,1.08,0.82,0.98,1.26,0.32,1.01,1.39,1.33,1.16,1.02,1.21,0.89,0.25,0.92,0.58,36,35.7
1974.73,36,1.08,0.82,0.98,1.27,0.33,1.02,1.39,1.34,1.16,1.02,1.21,0.89,0.25,0.92,0.59,36,35.7
1975.73,36,1.07,0.81,0.98,1.27,0.32,1.01,1.38,1.32,1.15,1,1.2,0.88,0.24,0.9,0.58,36,35.7
1976.75,36,1.08,0.81,0.99,1.27,0.32,1,1.39,1.33,1.16,1.02,1.21,0.9,0.25,0.91,0.58,36,35.7
1977.75,36,1.08,0.82,0.99,1.27,0.32,1.02,1.39,1.34,1.15,1.02,1.21,0.89,0.25,0.92,0.59,36,35.7
1978.75,36,1.08,0.81,0.99,1.28,0.33,1.02,1.4,1.33,1.16,1.02,1.22,0.9,0.25,0.92,0.59,36,35.7
1979.75,36,1.08,0.82,0.99,1.27,0.33,1.02,1.4,1.33,1.15,1.02,1.21,0.9,0.25,0.92,0.58,36,35.7
1980.77,36,1.08,0.82,0.99,1.27,0.33,1.02,1.4,1.34,1.15,1.02,1.21,0.89,0.25,0.92,0.58,36,35.7
1981.77,36,1.08,0.81,0.99,1.27,0.33,1.02,1.4,1.34,1.15,1.02,1.21,0.9,0.25,0.91,0.59,36,35.7
1982.77,36,1.08,0.82,0.98,1.27,0.32,1.02,1.39,1.33,1.16,1.01,1.21,0.89,0.25,0.92,0.59,36,35.7
1983.78,36,1.08,0.82,0.99,1.26,0.32,1,1.39,1.33,1.16,1.01,1.21,0.89,0.25,0.92,0.59,36,35.7
1984.78,36,1.08,0.82,0.98,1.27,0.32,1,1.38,1.32,1.15,1.02,1.21,0.89,0.25,0.92,0.58,36,35.7
1985.78,36,1.08,0.82,0.98,1.27,0.32,1.02,1.39,1.33,1.15,1.02,1.21,0.89,0.25,0.91,0.58,36,35.7
1986.78,36,1.08,0.82,0.99,1.27,0.33,1.02,1.4,1.34,1.17,1.02,1.21,0.89,0.25,0.92,0.59,36,35.7
1987.78,36,1.07,0.81,0.98,1.27,0.32,1.02,1.38,1.32,1.15,1.01,1.21,0.88,0.25,0.92,0.58,36,35.7
1988.8,36,1.08,0.82,0.99,1.27,0.34,1.02,1.4,1.34,1.16,1.02,1.21,0.89,0.26,0.92,0.59,36,35.7
1989.8,36,1.08,0.82,0.99,1.27,0.33,1.02,1.4,1.34,1.17,1.02,1.21,0.89,0.25,0.92,0.58,36,35.7
1990.8,36,1.07,0.8,0.98,1.27,0.32,1.01,1.38,1.32,1.15,1.01,1.21,0.88,0.24,0.91,0.57,36,35.69
1991.8,36,1.08,0.81,0.98,1.26,0.32,1.02,1.39,1.32,1.15,1.02,1.21,0.89,0.24,0.91,0.58,36,35.7
1992.8,36,1.08,0.8,0.99,1.26,0.32,1.01,1.39,1.34,1.15,1.02,1.21,0.89,0.25,0.92,0.58,36,35.69
1993.8,36,1.08,0.82,1,1.27,0.33,1.02,1.39,1.34,1.16,1.02,1.21,0.89,0.25,0.92,0.59,36,35.69
1994.82,36,1.07,0.8,0.97,1.25,0.32,1,1.38,1.31,1.15,1,1.2,0.88,0.24,0.9,0.57,36,35.69
1995.82,36,1.08,0.81,0.98,1.27,0.33,1.02,1.39,1.34,1.15,1.01,1.21,0.89,0.25,0.92,0.58,36,35.7
1996.82,36,1.08,0.82,0.98,1.27,0.32,1,1.39,1.33,1.15,1.01,1.21,0.88,0.25,0.91,0.58,36,35.7
1997.83,36,1.07,0.81,0.98,1.27,0.32,1.02,1.38,1.33,1.15,1.01,1.21,0.88,0.25,0.91,0.58,36,35.7
1998.83,36,1.08,0.82,0.98,1.27,0.33,1.01,1.39,1.33,1.15,1.02,1.21,0.89,0.25,0.91,0.59,36,35.69
1999.83,36,1.08,0.81,0.99,1.27,0.32,1.02,1.39,1.33,1.15,1.02,1.21,0.89,0.25,0.91,0.58,36,35.7
2000.83,36,1.08,0.82,0.99,1.27,0.33,1.02,1.39,1.34,1.16,1.01,1.21,0.89,0.25,0.92,0.58,36,35.7
2001.85,36,1.08,0.82,0.99,1.27,0.33,1.01,1.39,1.34,1.15,1.02,1.21,0.9,0.25,0.91,0.59,36,35.7
2002.85,36,1.08,0.82,0.98,1.27,0.32,1.02,1.39,1.33,1.16,1.02,1.21,0.89,0.25,0.92,0.58,36,35.7
2003.85,36,1.08,0.82,0.98,1.27,0.32,1.02,1.39,1.32,1.16,1.01,1.21,0.89,0.25,0.92,0.59,36,35.7
2004.85,36,1.07,0.8,0.98,1.25,0.32,1.01,1.38,1.33,1.14,1.01,1.21,0.88,0.24,0.91,0.58,36,35.7
2005.85,36,1.08,0.8,0.98,1.27,0.32,1.01,1.38,1.32,1.15,1.02,1.21,0.88,0.25,0.9,0.58,36,35.7
2006.87,36,1.08,0.82,0.98,1.27,0.33,1.02,1.4,1.34,1.15,1.02,1.21,0.9,0.25,0.92,0.58,36,35.7
2007.87,36,1.08,0.82,0.98,1.27,0.32,1.01,1.39,1.33,1.15,1.01,1.21,0.89,0.25,0.91,0.58,36,35.7
2008.87,36,1.08,0.82,0.98,1.27,0.32,1.01,1.39,1.33,1.15,1.02,1.21,0.89,0.25,0.91,0.58,36,35.7
2009.87,36,1.08,0.81,0.98,1.27,0.32,1.02,1.39,1.33,1.15,1.01,1.21,0.88,0.25,0.91,0.59,36,35.7
2010.87,36,1.08,0.82,0.98,1.27,0.32,1.02,1.39,1.34,1.15,1.01,1.21,0.89,0.25,0.92,0.58,36,35.7
2011.87,36,1.08,0.82,0.98,1.27,0.32,1.02,1.4,1.34,1.16,1.01,1.21,0.89,0.25,0.91,0.58,36,35.7
2012.87,36,1.08,0.82,0.99,1.27,0.32,1.02,1.39,1.33,1.15,1.02,1.21,0.89,0.24,0.92,0.58,36,35.7
2013.87,36,1.08,0.82,0.98,1.27,0.32,1.02,1.39,1.33,1.15,1.02,1.21,0.88,0.25,0.92,0.58,36,35.7
2014.88,36,1.08,0.81,0.99,1.26,0.32,1.02,1.39,1.33,1.15,1.01,1.21,0.89,0.25,0.91,0.58,36,35.7
2015.88,36,1.08,0.81,0.98,1.27,0.33,1.01,1.39,1.33,1.15,1.01,1.21,0.89,0.25,0.91,0.58,36,35.7
2016.9,36,1.08,0.82,0.99,1.27,0.32,1.02,1.4,1.33,1.16,1.02,1.21,0.89,0.25,0.91,0.59,36,35.7
2017.9,36,1.07,0.82,0.99,1.26,0.32,1,1.39,1.33,1.15,1.01,1.21,0.88,0.25,0.91,0.59,36,35.7
2018.92,36,1.08,0.82,0.99,1.27,0.33,1.02,1.39,1.34,1.16,1.02,1.21,0.89,0.25,0.92,0.59,36,35.71
2019.92,36,1.07,0.82,0.98,1.26,0.32,1.02,1.38,1.33,1.15,1.01,1.21,0.88,0.25,0.91,0.58,36,35.7
2020.92,36,1.08,0.82,0.98,1.27,0.32,1,1.38,1.33,1.15,1.01,1.21,0.89,0.25,0.9,0.58,36,35.7
2021.92,36,1.08,0.82,0.99,1.27,0.33,1.03,1.4,1.34,1.16,1.02,1.21,0.89,0.25,0.92,0.59,36,35.7
2022.93,36,1.08,0.81,0.99,1.26,0.32,1.01,1.39,1.33,1.15,1.02,1.21,0.88,0.25,0.91,0.58,36,35.7
2023.93,36,1.08,0.81,0.98,1.27,0.32,1,1.38,1.33,1.15,1.01,1.21,0.89,0.24,0.91,0.58,36,35.71
2024.93,36,1.08,0.82,0.99,1.27,0.33,1.02,1.4,1.33,1.15,1.01,1.21,0.89,0.25,0.92,0.58,36,35.7
2025.93,36,1.07,0.81,0.98,1.26,0.32,1,1.38,1.33,1.15,1.01,1.2,0.88,0.24,0.9,0.58,36,35.69
2026.93,36,1.08,0.81,0.98,1.27,0.32,1.02,1.39,1.33,1.16,1.02,1.21,0.88,0.25,0.92,0.58,36,35.7
2027.93,36,1.08,0.82,0.98,1.26,0.33,1.02,1.39,1.34,1.16,1.02,1.21,0.88,0.25,0.92,0.58,36,35.7
2028.95,36,1.08,0.8,0.98,1.27,0.32,1.01,1.38,1.32,1.15,1,1.21,0.88,0.25,0.91,0.58,36,35.7
2029.95,36,1.07,0.82,0.98,1.27,0.32,1.02,1.38,1.33,1.15,1.01,1.2,0.89,0.24,0.9,0.58,36,35.7
2030.95,36,1.08,0.82,0.99,1.27,0.32,1.02,1.4,1.33,1.15,1.02,1.21,0.88,0.25,0.91,0.58,36,35.7
2031.95,36,1.08,0.82,0.99,1.27,0.33,1.02,1.4,1.33,1.16,1.02,1.21,0.89,0.25,0.92,0.58,36,35.7
2032.95,36,1.08,0.82,0.98,1.27,0.32,1.02,1.38,1.33,1.15,1,1.21,0.89,0.24,0.91,0.58,36,35.7
2033.97,36,1.07,0.82,0.98,1.26,0.32,1.02,1.4,1.33,1.15,1.01,1.21,0.88,0.25,0.92,0.58,36,35.7
2034.97,36,1.08,0.82,0.99,1.27,0.33,1.02,1.4,1.34,1.16,1.02,1.22,0.89,0.25,0.92,0.58,36,35.69
2035.97,36,1.08,0.82,0.99,1.26,0.32,1.02,1.39,1.34,1.16,1.02,1.22,0.89,0.25,0.92,0.59,36,35.7
2036.97,36,1.07,0.81,0.98,1.27,0.32,1.01,1.39,1.33,1.15,1.01,1.21,0.88,0.25,0.91,0.58,36,35.7
2037.98,36,1.08,0.81,0.98,1.26,0.32,1.01,1.38,1.33,1.15,1.01,1.21,0.88,0.25,0.92,0.58,36,35.69
2038.98,36,1.07,0.81,0.98,1.27,0.32,1,1.39,1.33,1.15,1.01,1.21,0.89,0.25,0.9,0.58,36,35.7
2039.98,36,1.08,0.81,0.98,1.27,0.32,1.02,1.39,1.33,1.16,1.01,1.21,0.89,0.24,0.92,0.58,36,35.7
2040.98,36,1.07,0.8,0.98,1.26,0.32,1.02,1.38,1.34,1.15,1.01,1.21,0.89,0.25,0.91,0.58,36,35.69
2041.98,36,1.08,0.82,0.98,1.26,0.32,1.02,1.38,1.34,1.15,1.01,1.21,0.88,0.25,0.91,0.58,36,35.7
2042.98,36,1.08,0.82,0.99,1.27,0.33,1.02,1.4,1.34,1.16,1.02,1.21,0.9,0.25,0.92,0.58,36,35.7
2043.98,36,1.08,0.82,0.99,1.27,0.32,1.02,1.39,1.33,1.16,1.02,1.21,0.89,0.25,0.92,0.59,36,35.7
2045,36,1.08,0.82,0.99,1.27,0.32,1.02,1.4,1.34,1.16,1.02,1.22,0.9,0.25,0.92,0.59,36,35.7
2046,36,1.08,0.82,0.98,1.27,0.32,1.02,1.4,1.34,1.15,1.02,1.21,0.89,0.25,0.92,0.59,36,35.7
2047,36,1.07,0.81,0.98,1.26,0.32,1.01,1.38,1.33,1.15,1.01,1.21,0.88,0.24,0.91,0.58,36,35.69
2048,36,1.08,0.81,0.98,1.27,0.32,1,1.39,1.34,1.16,1.02,1.21,0.88,0.25,0.91,0.58,36,35.7
2049,36,1.08,0.81,0.98,1.26,0.32,1.02,1.4,1.33,1.15,1.02,1.21,0.88,0.25,0.91,0.58,36,35.69
2050.02,36,1.07,0.81,0.98,1.26,0.33,1.01,1.39,1.33,1.15,1.01,1.21,0.89,0.25,0.91,0.58,36,35.69
2051.02,36,1.08,0.8,0.98,1.27,0.32,1,1.39,1.33,1.15,1.01,1.21,0.89,0.25,0.91,0.58,36,35.7
2052.02,36,1.08,0.82,0.99,1.27,0.32,1.02,1.4,1.34,1.16,1.02,1.21,0.89,0.25,0.92,0.59,36,35.69
2053.02,36,1.08,0.81,0.98,1.26,0.32,1.02,1.38,1.33,1.16,1.01,1.21,0.89,0.25,0.92,0.59,36,35.7
2054.02,36,1.08,0.8,0.98,1.27,0.32,1.02,1.38,1.32,1.15,1.01,1.21,0.88,0.25,0.91,0.59,36,35.7
2055.02,36,1.07,0.81,0.98,1.26,0.32,1.01,1.38,1.33,1.15,1.01,1.21,0.88,0.25,0.91,0.58,36,35.7
2056.02,36,1.08,0.81,0.98,1.27,0.33,1.02,1.4,1.33,1.16,1.02,1.22,0.9,0.25,0.92,0.58,36,35.69
2057.03,36,1.07,0.81,0.98,1.26,0.32,1.01,1.38,1.32,1.15,1,1.21,0.88,0.25,0.9,0.57,36,35.7
2058.03,36,1.07,0.8,0.98,1.26,0.32,1.02,1.38,1.32,1.15,1.01,1.21,0.88,0.25,0.9,0.58,36,35.7
2059.03,36,1.08,0.81,0.98,1.27,0.32,1.01,1.38,1.32,1.15,1.02,1.21,0.9,0.25,0.92,0.58,36,35.7
2060.03,36,1.08,0.82,0.98,1.27,0.32,1.02,1.38,1.32,1.16,1.02,1.21,0.88,0.25,0.92,0.58,36,35.69
2061.03,36,1.08,0.82,0.99,1.27,0.32,1.02,1.39,1.33,1.15,1.01,1.21,0.89,0.25,0.92,0.58,36,35.7
2062.05,36,1.07,0.82,0.98,1.27,0.32,1.02,1.39,1.32,1.16,1.02,1.21,0.88,0.25,0.91,0.58,36,35.69
2063.05,36,1.08,0.82,0.98,1.27,0.32,1.01,1.39,1.34,1.15,1.01,1.21,0.88,0.25,0.91,0.58,36,35.69
2064.05,36,1.08,0.81,0.99,1.27,0.33,1.01,1.4,1.34,1.16,1.02,1.22,0.9,0.25,0.92,0.59,36,35.7
2065.05,36,1.07,0.8,0.98,1.26,0.32,1.01,1.38,1.32,1.15,1,1.21,0.88,0.23,0.91,0.58,36,35.69
2066.05,36,1.08,0.82,0.98,1.27,0.32,1.02,1.39,1.33,1.15,1.01,1.21,0.88,0.25,0.91,0.58,36,35.69
2067.05,36,1.08,0.82,0.99,1.27,0.33,1.02,1.39,1.33,1.16,1.02,1.22,0.89,0.25,0.92,0.58,36,35.69
2068.07,36,1.08,0.82,0.99,1.27,0.32,1.02,1.39,1.33,1.15,1.02,1.21,0.88,0.25,0.91,0.58,36,35.69
2069.07,36,1.08,0.82,0.99,1.27,0.33,1.02,1.39,1.34,1.15,1.01,1.21,0.9,0.25,0.92,0.58,36,35.7
2070.07,36,1.08,0.82,0.98,1.27,0.32,1.02,1.39,1.33,1.16,1.01,1.21,0.88,0.24,0.92,0.58,36,35.7
2071.07,36,1.08,0.82,0.99,1.27,0.32,1.02,1.4,1.34,1.15,1.02,1.21,0.9,0.25,0.92,0.58,36,35.7
2072.07,36,1.08,0.82,0.99,1.28,0.33,1.01,1.39,1.34,1.16,1.02,1.21,0.89,0.25,0.91,0.58,36,35.7
2073.07,36,1.08,0.81,0.98,1.27,0.33,1.01,1.39,1.33,1.15,1.02,1.2,0.88,0.25,0.91,0.58,36,35.7
2074.07,36,1.07,0.8,0.98,1.26,0.32,1,1.38,1.32,1.15,1,1.21,0.89,0.24,0.9,0.58,36,35.7
2075.08,36,1.08,0.81,0.98,1.27,0.32,1.02,1.39,1.33,1.16,1.02,1.21,0.89,0.24,0.92,0.58,36,35.7
2076.08,36,1.07,0.82,0.98,1.26,0.32,1.02,1.38,1.33,1.15,1.01,1.21,0.88,0.24,0.91,0.58,36,35.7
2077.08,36,1.08,0.82,0.99,1.27,0.32,1.02,1.4,1.34,1.16,1.02,1.21,0.89,0.25,0.92,0.58,36,35.7
2078.08,36,1.08,0.82,0.98,1.27,0.33,1.02,1.4,1.34,1.16,1.02,1.22,0.89,0.25,0.92,0.59,36,35.7
2079.08,36,1.08,0.82,0.98,1.27,0.32,1.02,1.39,1.33,1.15,1.01,1.21,0.89,0.25,0.92,0.58,36,35.7
2080.1,36,1.08,0.81,0.98,1.27,0.32,1.01,1.38,1.33,1.15,1,1.21,0.88,0.25,0.91,0.58,36,35.7
2081.1,36,1.08,0.8,0.99,1.27,0.32,1.02,1.39,1.33,1.16,1.01,1.21,0.89,0.25,0.91,0.58,36,35.71
2082.1,36,1.08,0.81,0.98,1.26,0.32,1.02,1.39,1.33,1.15,1.02,1.21,0.88,0.25,0.91,0.58,36,35.71
2083.1,36,1.08,0.81,0.98,1.27,0.32,1,1.39,1.33,1.15,1.01,1.21,0.88,0.25,0.91,0.59,36,35.71
2084.1,36,1.08,0.82,0.98,1.27,0.32,1.02,1.39,1.34,1.15,1.01,1.21,0.89,0.25,0.91,0.58,36,35.73
2085.1,36,1.07,0.81,0.98,1.26,0.32,1,1.39,1.33,1.15,1.01,1.21,0.88,0.25,0.92,0.58,36,35.73
2086.1,36,1.08,0.82,0.99,1.27,0.32,1.02,1.4,1.33,1.16,1.01,1.21,0.89,0.25,0.91,0.59,36,35.73
2087.12,36,1.08,0.81,0.98,1.27,0.32,1.02,1.39,1.33,1.16,1.02,1.21,0.9,0.25,0.92,0.59,36,35.73
2088.12,36,1.08,0.82,0.98,1.26,0.33,1.02,1.4,1.34,1.16,1.02,1.21,0.89,0.25,0.92,0.58,36,35.73
2089.12,36,1.08,0.81,0.99,1.27,0.32,1.02,1.39,1.34,1.16,1.02,1.21,0.89,0.25,0.91,0.58,36,35.71
2090.12,36,1.07,0.82,0.99,1.27,0.32,1.01,1.39,1.33,1.15,1.01,1.21,0.89,0.25,0.91,0.59,36,35.71
2091.12,36,1.08,0.81,0.98,1.27,0.33,1.02,1.38,1.33,1.15,1.02,1.21,0.89,0.25,0.92,0.59,36,35.73
2092.12,36,1.08,0.82,0.98,1.27,0.32,1.02,1.39,1.33,1.15,1.02,1.21,0.9,0.25,0.92,0.58,36,35.73
2093.13,36,1.08,0.82,0.99,1.27,0.32,1.02,1.39,1.33,1.15,1.02,1.21,0.89,0.25,0.92,0.58,36,35.71
2094.13,36,1.08,0.81,0.98,1.27,0.32,1.01,1.39,1.32,1.15,1.01,1.21,0.89,0.25,0.9,0.58,36,35.73
2095.13,36,1.08,0.82,0.99,1.27,0.33,1.03,1.4,1.34,1.15,1.02,1.21,0.9,0.25,0.92,0.59,36,35.73
2096.13,36,1.08,0.81,0.98,1.27,0.33,1.02,1.39,1.33,1.15,1.02,1.21,0.89,0.25,0.92,0.59,36,35.73
2097.13,36,1.08,0.82,0.98,1.26,0.33,1.02,1.39,1.34,1.17,1.01,1.21,0.88,0.25,0.92,0.58,36,35.73
2098.13,36,1.08,0.82,0.98,1.27,0.32,1.02,1.38,1.33,1.15,1.01,1.21,0.89,0.25,0.91,0.58,36,35.71
2099.13,36,1.08,0.82,0.99,1.27,0.33,1.02,1.39,1.34,1.15,1.02,1.21,0.89,0.25,0.92,0.59,36,35.73
2100.15,36,1.08,0.82,0.99,1.26,0.32,1.02,1.39,1.34,1.16,1.02,1.21,0.89,0.25,0.91,0.58,36,35.71
2101.15,36,1.08,0.82,0.99,1.27,0.32,1.02,1.39,1.33,1.15,1.02,1.21,0.89,0.25,0.91,0.58,36,35.73
2102.15,36,1.08,0.82,0.99,1.27,0.33,1.02,1.39,1.33,1.17,1.02,1.21,0.89,0.25,0.92,0.58,36,35.73
2103.15,36,1.08,0.82,0.98,1.27,0.32,1.02,1.39,1.33,1.16,1.02,1.21,0.89,0.25,0.92,0.58,36,35.71
2104.15,36,1.08,0.82,0.98,1.27,0.33,1.02,1.4,1.34,1.15,1.02,1.22,0.89,0.25,0.92,0.58,36,35.71
2105.15,36,1.08,0.82,0.98,1.27,0.32,1.01,1.39,1.34,1.16,1.02,1.21,0.88,0.25,0.91,0.58,36,35.73
2106.17,36,1.08,0.82,0.98,1.27,0.32,1,1.39,1.32,1.15,1.01,1.21,0.88,0.25,0.91,0.58,36,35.73
2107.17,36,1.08,0.82,0.99,1.27,0.33,1.02,1.4,1.34,1.16,1.02,1.21,0.89,0.25,0.92,0.58,36,35.71
2108.17,36,1.08,0.82,0.98,1.27,0.32,1.02,1.39,1.33,1.15,1.01,1.21,0.89,0.25,0.92,0.59,36,35.7
2109.17,36,1.08,0.82,0.98,1.27,0.32,1.02,1.39,1.33,1.15,1.02,1.21,0.89,0.25,0.92,0.58,36,35.71
2110.18,36,1.08,0.81,0.98,1.27,0.32,1.02,1.38,1.33,1.15,1.01,1.2,0.88,0.24,0.9,0.58,36,35.7
2111.18,36,1.08,0.82,0.99,1.27,0.32,1.01,1.4,1.34,1.16,1.02,1.21,0.89,0.25,0.92,0.59,36,35.7
2112.18,36,1.06,0.81,0.98,1.25,0.32,1.02,1.38,1.31,1.15,1,1.2,0.88,0.24,0.9,0.58,36,35.71
2113.2,36,1.08,0.82,0.98,1.27,0.32,1.01,1.39,1.34,1.16,1.01,1.21,0.89,0.25,0.92,0.58,36,35.7
2114.2,36,1.07,0.81,0.98,1.27,0.32,1.02,1.39,1.33,1.15,1.01,1.21,0.88,0.25,0.91,0.58,36,35.7
2115.2,36,1.08,0.82,0.99,1.27,0.33,1.02,1.4,1.34,1.16,1.02,1.22,0.9,0.25,0.92,0.59,36,35.7
2116.2,36,1.07,0.82,0.98,1.27,0.32,1.01,1.39,1.33,1.15,1,1.21,0.88,0.25,0.91,0.58,36,35.7
2117.2,36,1.08,0.82,0.99,1.27,0.32,1.02,1.4,1.33,1.15,1.01,1.21,0.89,0.25,0.92,0.59,36,35.7
2118.22,36,1.08,0.82,0.98,1.27,0.34,1.02,1.4,1.34,1.16,1.02,1.21,0.89,0.25,0.92,0.59,36,35.7
2119.22,36,1.08,0.81,0.98,1.27,0.32,1.01,1.4,1.33,1.15,1.02,1.21,0.88,0.25,0.92,0.58,36,35.7
2120.23,36,1.07,0.82,0.98,1.27,0.32,1.02,1.38,1.33,1.15,1.01,1.21,0.89,0.24,0.9,0.58,36,35.7
2121.23,36,1.08,0.82,0.98,1.27,0.33,1.02,1.4,1.34,1.16,1.02,1.21,0.89,0.24,0.92,0.59,36,35.7
2122.23,36,1.08,0.82,0.99,1.26,0.33,1.02,1.39,1.34,1.16,1.02,1.21,0.89,0.25,0.92,0.58,36,35.7
2123.23,36,1.08,0.82,0.99,1.27,0.32,1.02,1.4,1.34,1.15,1.02,1.2,0.88,0.25,0.92,0.59,36,35.7
2124.23,36,1.08,0.82,0.98,1.27,0.33,1.02,1.4,1.34,1.17,1.02,1.21,0.9,0.25,0.92,0.59,36,35.7
2125.25,36,1.08,0.82,0.99,1.27,0.33,1.02,1.39,1.34,1.16,1.01,1.21,0.89,0.25,0.91,0.58,36,35.7
2126.25,36,1.07,0.8,0.98,1.27,0.32,1.01,1.39,1.32,1.15,1.01,1.21,0.88,0.24,0.91,0.58,36,35.7
2127.25,36,1.08,0.81,0.99,1.27,0.32,1,1.39,1.34,1.15,1.01,1.21,0.89,0.25,0.92,0.59,36,35.7
2128.25,36,1.08,0.82,0.98,1.27,0.32,1.01,1.39,1.33,1.16,1.01,1.21,0.89,0.25,0.91,0.58,36,35.7
2129.25,36,1.08,0.82,0.98,1.26,0.32,1.01,1.39,1.33,1.15,1.02,1.21,0.88,0.25,0.91,0.58,36,35.7
2130.25,36,1.07,0.81,0.98,1.27,0.32,1,1.38,1.32,1.15,1.01,1.21,0.88,0.24,0.9,0.58,36,35.69
2131.27,36,1.07,0.8,0.98,1.26,0.32,1.01,1.38,1.33,1.15,1,1.21,0.88,0.24,0.91,0.58,36,35.7
2132.27,36,1.08,0.81,0.98,1.27,0.32,1.02,1.39,1.34,1.16,1.02,1.21,0.89,0.24,0.91,0.58,36,35.69
2133.27,36,1.07,0.81,0.98,1.27,0.32,1,1.38,1.34,1.15,1.01,1.21,0.89,0.25,0.91,0.57,36,35.69
2134.27,36,1.07,0.81,0.98,1.27,0.32,1.01,1.39,1.33,1.15,1.01,1.21,0.88,0.25,0.91,0.58,36,35.69
2135.28,36,1.08,0.82,0.98,1.27,0.32,1.01,1.38,1.33,1.15,1.01,1.21,0.89,0.25,0.92,0.58,36,35.69
2136.28,36,1.07,0.81,0.98,1.26,0.32,1.01,1.38,1.33,1.15,1.01,1.21,0.88,0.25,0.91,0.58,36,35.7
2137.28,36,1.08,0.82,0.99,1.27,0.33,1.02,1.4,1.34,1.16,1.02,1.22,0.9,0.25,0.92,0.58,36,35.68
2138.28,36,1.08,0.82,0.98,1.27,0.32,1.01,1.39,1.33,1.15,1.02,1.21,0.88,0.25,0.92,0.58,36,35.69
2139.3,36,1.08,0.8,0.98,1.27,0.32,1.01,1.39,1.33,1.15,1.01,1.21,0.89,0.25,0.91,0.58,36,35.69
2140.3,36,1.08,0.82,0.98,1.27,0.32,1.02,1.39,1.34,1.16,1.02,1.21,0.89,0.25,0.92,0.59,36,35.69
2141.3,36,1.08,0.82,0.99,1.27,0.32,1.02,1.4,1.34,1.16,1.02,1.21,0.9,0.25,0.92,0.59,36,35.69
2142.3,36,1.08,0.81,0.98,1.27,0.32,1.02,1.39,1.32,1.16,1.01,1.21,0.88,0.25,0.91,0.58,36,35.69
2143.32,36,1.08,0.81,0.98,1.27,0.32,1,1.39,1.33,1.16,1.02,1.21,0.89,0.25,0.92,0.58,36,35.69
2144.32,36,1.08,0.82,0.98,1.27,0.33,1.02,1.4,1.34,1.16,1.02,1.22,0.89,0.25,0.92,0.58,36,35.68
2145.32,36,1.08,0.82,0.99,1.26,0.33,1.02,1.4,1.33,1.15,1.02,1.21,0.89,0.25,0.92,0.58,36,35.68
2146.33,36,1.07,0.81,0.98,1.27,0.32,1.02,1.39,1.34,1.15,1.01,1.21,0.89,0.25,0.92,0.58,36,35.68
2147.33,36,1.07,0.8,0.98,1.26,0.32,1.01,1.38,1.32,1.15,1.01,1.21,0.88,0.25,0.91,0.58,36,35.68
2148.33,36,1.08,0.82,0.98,1.27,0.32,1.01,1.39,1.33,1.15,1.01,1.2,0.89,0.25,0.91,0.58,36,35.68
2149.33,36,1.08,0.82,0.98,1.27,0.33,1,1.4,1.33,1.16,1.02,1.22,0.88,0.25,0.92,0.59,36,35.69
2150.33,36,1.07,0.81,0.98,1.26,0.32,1.01,1.39,1.33,1.15,1,1.21,0.88,0.24,0.91,0.57,36,35.69
2151.33,36,1.08,0.8,0.98,1.27,0.32,1.01,1.39,1.32,1.15,1.02,1.21,0.88,0.24,0.91,0.58,36,35.69
2152.35,36,1.08,0.8,0.98,1.27,0.32,1,1.38,1.33,1.16,1.02,1.21,0.88,0.25,0.92,0.59,36,35.69
2153.35,36,1.08,0.82,0.99,1.27,0.33,1.02,1.39,1.33,1.15,1.02,1.21,0.89,0.25,0.91,0.58,36,35.68
2154.35,36,1.07,0.81,0.98,1.27,0.32,1.01,1.39,1.32,1.15,1.01,1.21,0.88,0.25,0.91,0.58,36,35.69
2155.35,36,1.07,0.8,0.98,1.27,0.32,1.01,1.38,1.32,1.15,1.01,1.2,0.88,0.25,0.91,0.58,36,35.69
2156.35,36,1.08,0.82,0.99,1.27,0.32,1.02,1.4,1.34,1.16,1.02,1.21,0.9,0.25,0.91,0.59,36,35.68
2157.37,36,1.08,0.81,0.98,1.27,0.32,1.01,1.39,1.32,1.15,1.01,1.21,0.88,0.25,0.91,0.58,36,35.69
2158.37,36,1.07,0.8,0.98,1.25,0.32,1.01,1.38,1.33,1.15,1,1.21,0.88,0.24,0.91,0.58,36,35.69
2159.37,36,1.07,0.81,0.98,1.26,0.32,1.01,1.38,1.32,1.15,1,1.2,0.88,0.25,0.91,0.57,36,35.69
2160.37,36,1.07,0.82,0.98,1.26,0.32,1,1.39,1.32,1.15,1.02,1.21,0.88,0.24,0.91,0.57,36,35.68
2161.37,36,1.07,0.81,0.98,1.25,0.32,1.02,1.38,1.32,1.15,1.01,1.2,0.88,0.25,0.91,0.58,36,35.69
2162.37,36,1.08,0.82,0.99,1.27,0.32,1.01,1.39,1.34,1.16,1.02,1.21,0.89,0.25,0.92,0.58,36,35.69
2163.37,36,1.07,0.8,0.98,1.26,0.32,1.02,1.39,1.33,1.15,1,1.21,0.88,0.25,0.91,0.58,36,35.68
2164.38,36,1.08,0.82,0.98,1.27,0.32,1,1.38,1.33,1.16,1.01,1.21,0.89,0.24,0.91,0.58,36,35.68
2165.38,36,1.07,0.82,0.98,1.27,0.32,1,1.38,1.34,1.15,1.01,1.21,0.89,0.25,0.91,0.58,36,35.69
2166.38,36,1.07,0.8,0.98,1.27,0.32,1,1.39,1.33,1.15,1.02,1.21,0.88,0.24,0.91,0.58,36,35.68
2167.4,36,1.08,0.81,0.98,1.27,0.32,1.02,1.38,1.34,1.15,1.01,1.21,0.88,0.25,0.92,0.58,36,35.66
2168.4,36,1.07,0.81,0.98,1.27,0.32,1.01,1.39,1.33,1.15,1.01,1.21,0.89,0.25,0.92,0.59,36,35.68
2169.4,36,1.08,0.81,0.98,1.27,0.32,1.02,1.39,1.33,1.15,1.02,1.21,0.88,0.25,0.91,0.58,36,35.68
2170.42,36,1.08,0.82,0.99,1.27,0.33,1.02,1.4,1.33,1.16,1.02,1.21,0.89,0.25,0.92,0.58,36,35.68
2171.42,36,1.07,0.81,0.98,1.27,0.32,1,1.38,1.33,1.15,1.01,1.21,0.88,0.24,0.91,0.58,36,35.68
2172.42,36,1.08,0.81,0.98,1.27,0.32,1.02,1.38,1.33,1.15,1,1.21,0.88,0.24,0.91,0.58,36,35.68
2173.42,36,1.07,0.81,0.98,1.27,0.32,1.01,1.38,1.33,1.15,1.01,1.21,0.88,0.24,0.91,0.58,36,35.68
2174.42,36,1.08,0.8,0.98,1.27,0.32,1,1.39,1.32,1.15,1.01,1.2,0.89,0.24,0.9,0.58,36,35.68
2175.42,36,1.08,0.82,0.99,1.27,0.32,1.01,1.39,1.34,1.15,1.02,1.21,0.88,0.25,0.92,0.59,36,35.69
2176.43,36,1.08,0.81,1,1.27,0.33,1.01,1.39,1.34,1.16,1.02,1.21,0.9,0.25,0.91,0.58,36,35.68
2177.43,36,1.07,0.81,0.98,1.26,0.32,1.01,1.39,1.32,1.15,1.01,1.21,0.88,0.24,0.91,0.57,36,35.68
2178.43,36,1.08,0.81,0.98,1.27,0.32,1,1.38,1.34,1.15,1.02,1.21,0.89,0.25,0.91,0.58,36,35.68
2179.43,36,1.07,0.81,0.99,1.26,0.32,1.02,1.39,1.33,1.15,1.02,1.21,0.88,0.24,0.92,0.58,36,35.69
2180.43,36,1.08,0.81,0.98,1.27,0.32,1.02,1.39,1.33,1.15,1.02,1.21,0.88,0.25,0.92,0.58,36,35.68
2181.43,36,1.07,0.81,0.98,1.26,0.32,1.01,1.39,1.33,1.15,1.01,1.21,0.89,0.25,0.92,0.58,36,35.68
2182.43,36,1.08,0.81,0.98,1.27,0.33,1.02,1.39,1.33,1.15,1.02,1.21,0.89,0.25,0.91,0.58,36,35.69
2183.43,36,1.07,0.81,0.98,1.25,0.32,1.01,1.38,1.33,1.15,1,1.21,0.88,0.23,0.91,0.58,36,35.69
2184.45,36,1.08,0.81,0.99,1.25,0.32,1.02,1.39,1.33,1.15,1.02,1.21,0.89,0.25,0.91,0.59,36,35.69
2185.45,36,1.07,0.8,0.98,1.27,0.32,1,1.38,1.32,1.15,1.01,1.2,0.88,0.24,0.91,0.58,36,35.69
2186.45,36,1.08,0.81,0.98,1.27,0.32,1.02,1.39,1.34,1.16,1.01,1.21,0.88,0.24,0.91,0.58,36,35.69
2187.45,36,1.08,0.82,0.98,1.27,0.32,1.02,1.39,1.34,1.16,1.02,1.21,0.88,0.25,0.92,0.58,36,35.69
2188.45,36,1.08,0.81,0.99,1.27,0.32,1,1.39,1.32,1.15,1.01,1.21,0.88,0.25,0.9,0.58,36,35.7
2189.45,36,1.07,0.81,0.98,1.26,0.32,1.02,1.38,1.33,1.15,1.01,1.2,0.88,0.25,0.91,0.58,36,35.69
2190.45,36,1.07,0.82,0.98,1.26,0.32,1.02,1.39,1.33,1.15,1.01,1.21,0.88,0.25,0.91,0.58,36,35.7
2191.45,36,1.08,0.81,0.98,1.26,0.32,1.01,1.39,1.33,1.15,1.01,1.21,0.88,0.24,0.91,0.57,36,35.7
2192.45,36,1.08,0.82,0.99,1.27,0.33,1.01,1.4,1.34,1.16,1.02,1.22,0.88,0.25,0.92,0.59,36,35.7
2193.47,36,1.08,0.81,0.98,1.27,0.33,1.02,1.39,1.34,1.15,1.02,1.21,0.89,0.25,0.92,0.59,36,35.7
2194.47,36,1.08,0.82,0.98,1.27,0.32,1.02,1.4,1.33,1.15,1.01,1.21,0.89,0.25,0.92,0.58,36,35.7
2195.47,36,1.08,0.81,0.98,1.27,0.33,1,1.39,1.32,1.15,1.02,1.21,0.89,0.25,0.92,0.58,36,35.71
2196.47,36,1.07,0.8,0.98,1.27,0.32,1.02,1.38,1.32,1.15,1.01,1.2,0.88,0.25,0.91,0.58,36,35.7
2197.47,36,1.08,0.82,0.99,1.27,0.32,1.02,1.39,1.33,1.15,1.02,1.21,0.88,0.25,0.92,0.58,36,35.7
2198.47,36,1.08,0.82,0.98,1.26,0.32,1,1.4,1.33,1.15,1.01,1.21,0.88,0.25,0.91,0.58,36,35.7
2199.47,36,1.07,0.81,0.98,1.27,0.32,1.02,1.39,1.33,1.16,1.01,1.21,0.89,0.25,0.91,0.58,36,35.71
2200.47,36,1.08,0.81,0.99,1.27,0.32,1.02,1.38,1.33,1.16,1.01,1.21,0.89,0.25,0.91,0.58,36,35.7
2201.48,36,1.08,0.82,0.99,1.27,0.33,1.02,1.4,1.34,1.16,1.02,1.21,0.9,0.25,0.92,0.59,36,35.71
2202.48,36,1.08,0.82,0.99,1.27,0.33,1.02,1.4,1.34,1.15,1.02,1.21,0.9,0.25,0.92,0.58,36,35.71
2203.48,36,1.08,0.82,0.98,1.27,0.32,1.02,1.4,1.33,1.16,1.02,1.21,0.88,0.25,0.92,0.58,36,35.71
2204.48,36,1.08,0.81,0.99,1.27,0.33,1.02,1.39,1.34,1.16,1.02,1.21,0.9,0.25,0.92,0.59,36,35.73
2205.5,36,1.08,0.82,0.99,1.27,0.32,1,1.4,1.33,1.16,1.02,1.21,0.89,0.25,0.91,0.58,36,35.71
2206.5,36,1.09,0.82,0.99,1.27,0.32,1.02,1.4,1.34,1.16,1.02,1.22,0.89,0.25,0.92,0.58,36,35.71
2207.5,36,1.08,0.82,0.99,1.27,0.33,1.02,1.39,1.33,1.16,1.02,1.21,0.89,0.24,0.91,0.58,36,35.73
2208.5,36,1.08,0.82,0.99,1.26,0.32,1.02,1.38,1.33,1.16,1.02,1.21,0.88,0.25,0.92,0.58,36,35.71
2209.5,36,1.08,0.81,0.99,1.26,0.32,1.01,1.39,1.34,1.16,1.02,1.21,0.89,0.25,0.92,0.58,36,35.71
2210.5,36,1.08,0.8,0.98,1.26,0.32,1.01,1.39,1.33,1.15,1.02,1.21,0.88,0.25,0.92,0.58,36,35.71
2211.5,36,1.08,0.82,0.99,1.27,0.33,1.02,1.4,1.34,1.15,1.01,1.21,0.89,0.25,0.92,0.58,36,35.71
2212.5,36,1.08,0.82,0.98,1.27,0.33,1.02,1.4,1.33,1.15,1.02,1.21,0.88,0.25,0.91,0.58,36,35.73
2213.52,36,1.08,0.82,0.99,1.28,0.33,1.02,1.4,1.34,1.16,1.02,1.21,0.9,0.25,0.92,0.58,36,35.73
2214.52,36,1.07,0.81,0.99,1.26,0.32,1.02,1.39,1.34,1.15,1.01,1.21,0.88,0.24,0.91,0.58,36,35.71
2215.52,36,1.08,0.82,0.98,1.27,0.32,1.02,1.39,1.34,1.16,1.02,1.21,0.88,0.25,0.91,0.58,36,35.71
2216.52,36,1.08,0.82,0.98,1.27,0.32,1.02,1.4,1.34,1.15,1.02,1.21,0.88,0.25,0.92,0.59,36,35.7
2217.52,36,1.08,0.82,0.99,1.27,0.33,1.02,1.39,1.34,1.16,1.02,1.21,0.88,0.25,0.92,0.59,36,35.73
2218.53,36,1.08,0.82,0.99,1.27,0.33,1.02,1.39,1.33,1.16,1.02,1.21,0.89,0.25,0.92,0.59,36,35.73
2219.53,36,1.08,0.8,0.98,1.26,0.32,1.01,1.38,1.33,1.16,1.01,1.21,0.88,0.25,0.92,0.58,36,35.71
2220.53,36,1.08,0.81,0.99,1.27,0.32,1.01,1.4,1.34,1.15,1.02,1.21,0.88,0.25,0.91,0.59,36,35.71
2221.53,36,1.08,0.82,0.99,1.27,0.34,1.01,1.39,1.34,1.16,1.02,1.22,0.89,0.25,0.91,0.58,36,35.71
2222.53,36,1.08,0.82,0.99,1.27,0.34,1.02,1.39,1.34,1.16,1.02,1.21,0.89,0.25,0.92,0.59,36,35.71
2223.55,36,1.08,0.82,0.98,1.27,0.32,1.02,1.39,1.34,1.15,1.02,1.22,0.9,0.25,0.92,0.58,36,35.71
2224.55,36,1.07,0.81,0.99,1.26,0.32,1,1.4,1.33,1.15,1.02,1.21,0.88,0.24,0.91,0.58,36,35.71
2225.55,36,1.08,0.8,0.99,1.27,0.32,1.02,1.4,1.34,1.16,1.02,1.21,0.89,0.25,0.91,0.58,36,35.7
2226.55,36,1.07,0.81,0.98,1.26,0.32,1.01,1.38,1.33,1.15,1.01,1.21,0.88,0.25,0.91,0.58,36,35.7
2227.55,36,1.08,0.82,0.99,1.27,0.33,1.02,1.4,1.34,1.15,1.02,1.22,0.89,0.25,0.92,0.59,36,35.71
2228.57,36,1.08,0.81,0.98,1.27,0.32,1.02,1.38,1.33,1.16,1.01,1.21,0.88,0.25,0.91,0.58,36,35.7
2229.57,36,1.08,0.82,0.99,1.27,0.32,1.02,1.39,1.34,1.15,1.01,1.21,0.89,0.25,0.92,0.58,36,35.7
2230.57,36,1.08,0.82,0.99,1.27,0.32,1.02,1.39,1.34,1.16,1.01,1.21,0.89,0.25,0.92,0.58,36,35.71
2231.57,36,1.08,0.82,0.99,1.27,0.32,1.02,1.39,1.32,1.15,1.02,1.21,0.89,0.25,0.92,0.58,36,35.7
2232.58,36,1.08,0.82,0.99,1.27,0.32,1.02,1.4,1.34,1.16,1.02,1.21,0.89,0.25,0.92,0.59,36,35.71
2233.58,36,1.07,0.81,0.98,1.26,0.32,1,1.38,1.33,1.15,1.01,1.2,0.88,0.24,0.91,0.58,36,35.71
2234.58,36,1.08,0.81,0.99,1.26,0.32,1.01,1.39,1.33,1.15,1.01,1.21,0.89,0.25,0.91,0.58,36,35.71
2235.58,36,1.08,0.82,0.98,1.27,0.32,1.02,1.39,1.34,1.16,1.01,1.21,0.89,0.25,0.92,0.58,36,35.7
2236.6,36,1.08,0.82,0.98,1.27,0.32,1.02,1.39,1.33,1.15,1.02,1.21,0.89,0.25,0.92,0.58,36,35.71
2237.6,36,1.08,0.81,0.99,1.27,0.32,1,1.39,1.33,1.15,1.01,1.21,0.88,0.25,0.92,0.58,36,35.7
2238.6,36,1.08,0.82,0.99,1.27,0.33,1.01,1.4,1.34,1.17,1.02,1.22,0.9,0.26,0.92,0.58,36,35.71
2239.6,36,1.08,0.82,0.99,1.28,0.33,1.02,1.39,1.34,1.15,1.02,1.22,0.89,0.25,0.92,0.58,36,35.71
2240.6,36,1.08,0.82,0.99,1.28,0.33,1.02,1.4,1.34,1.17,1.02,1.21,0.89,0.25,0.92,0.59,36,35.71
2241.62,36,1.08,0.81,0.98,1.27,0.32,1.01,1.39,1.32,1.15,1.01,1.21,0.89,0.25,0.92,0.58,36,35.71
2242.62,36,1.08,0.82,0.99,1.27,0.33,1.02,1.4,1.33,1.15,1.02,1.21,0.9,0.25,0.92,0.59,36,35.71
2243.62,36,1.08,0.82,0.98,1.27,0.33,1.02,1.38,1.33,1.16,1.02,1.21,0.88,0.25,0.91,0.58,36,35.71
2244.62,36,1.08,0.82,0.99,1.27,0.32,1.02,1.39,1.34,1.16,1.02,1.21,0.89,0.25,0.92,0.58,36,35.71
2245.62,36,1.08,0.82,1,1.27,0.33,1.02,1.4,1.34,1.17,1.02,1.21,0.9,0.26,0.92,0.58,36,35.71
2246.62,36,1.07,0.82,0.98,1.26,0.32,1.02,1.38,1.33,1.15,1.02,1.21,0.88,0.25,0.92,0.58,36,35.7
2247.63,36,1.08,0.82,0.98,1.26,0.32,1,1.4,1.33,1.15,1.02,1.21,0.89,0.24,0.92,0.58,36,35.7
2248.63,36,1.08,0.82,1,1.27,0.34,1.02,1.4,1.34,1.17,1.03,1.22,0.9,0.26,0.93,0.59,36,35.7
2249.65,36,1.07,0.8,0.98,1.26,0.32,1.01,1.38,1.32,1.15,1,1.21,0.88,0.25,0.9,0.58,36,35.7
2250.65,36,1.08,0.82,0.98,1.27,0.32,1.01,1.38,1.32,1.15,1.01,1.21,0.88,0.24,0.9,0.58,36,35.7
2251.65,36,1.07,0.81,0.98,1.26,0.32,1,1.38,1.33,1.15,1.01,1.21,0.88,0.24,0.91,0.58,36,35.7
2252.67,36,1.08,0.82,0.98,1.26,0.33,1.02,1.39,1.33,1.16,1.02,1.21,0.88,0.25,0.92,0.58,36,35.7
2253.67,36,1.08,0.82,0.99,1.27,0.33,1.01,1.4,1.33,1.15,1.02,1.21,0.9,0.25,0.92,0.58,36,35.7
2254.67,36,1.08,0.82,0.99,1.27,0.33,1.03,1.4,1.34,1.17,1.02,1.21,0.9,0.25,0.92,0.59,36,35.7
2255.67,36,1.08,0.82,0.98,1.26,0.32,1.02,1.39,1.33,1.15,1.02,1.21,0.9,0.25,0.91,0.58,36,35.7
2256.67,36,1.08,0.81,0.99,1.27,0.32,1.02,1.39,1.32,1.15,1.01,1.2,0.89,0.24,0.92,0.58,36,35.7
2257.68,36,1.07,0.8,0.98,1.27,0.32,1.02,1.38,1.32,1.15,1.01,1.21,0.88,0.24,0.9,0.58,36,35.69
2258.68,36,1.08,0.81,0.98,1.27,0.32,1.02,1.4,1.33,1.15,1.02,1.21,0.89,0.25,0.92,0.58,36,35.7
2259.68,36,1.08,0.81,0.98,1.26,0.32,1.01,1.38,1.31,1.15,1,1.21,0.88,0.25,0.91,0.58,36,35.7
2260.68,36,1.08,0.82,0.98,1.27,0.32,1.01,1.4,1.34,1.16,1.02,1.21,0.89,0.25,0.92,0.58,36,35.7
2261.68,36,1.07,0.81,0.98,1.26,0.32,1.01,1.38,1.33,1.15,1.01,1.21,0.88,0.25,0.9,0.58,36,35.7
2262.7,36,1.08,0.81,0.98,1.27,0.32,1.02,1.4,1.33,1.16,1.01,1.21,0.89,0.25,0.91,0.58,36,35.7
2263.7,36,1.08,0.81,0.98,1.27,0.32,1.01,1.39,1.33,1.16,1.01,1.21,0.88,0.25,0.91,0.58,36,35.7
2264.7,36,1.08,0.81,0.99,1.27,0.32,1.01,1.39,1.33,1.16,1.02,1.21,0.89,0.25,0.92,0.59,36,35.7
2265.7,36,1.08,0.82,0.98,1.26,0.32,1.01,1.39,1.34,1.16,1.02,1.21,0.88,0.24,0.91,0.58,36,35.7
2266.72,36,1.07,0.8,0.98,1.26,0.32,1.01,1.38,1.32,1.14,1,1.21,0.88,0.24,0.91,0.57,36,35.7
2267.72,36,1.08,0.82,0.99,1.27,0.33,1.01,1.39,1.33,1.15,1.02,1.21,0.88,0.25,0.92,0.59,36,35.7
2268.72,36,1.08,0.82,0.98,1.26,0.32,1.01,1.39,1.34,1.15,1.01,1.21,0.89,0.25,0.92,0.58,36,35.7
2269.72,36,1.08,0.82,0.98,1.27,0.32,1.02,1.39,1.33,1.15,1.02,1.21,0.89,0.25,0.92,0.58,36,35.7
2270.72,36,1.08,0.82,0.98,1.27,0.33,1.02,1.4,1.33,1.15,1.02,1.21,0.89,0.25,0.92,0.58,36,35.7
2271.72,36,1.08,0.82,0.99,1.27,0.33,1.02,1.39,1.34,1.16,1.02,1.21,0.88,0.25,0.92,0.58,36,35.71
2272.73,36,1.08,0.81,0.98,1.27,0.32,1.02,1.39,1.33,1.15,1.01,1.21,0.88,0.24,0.91,0.58,36,35.7
2273.73,36,1.08,0.8,0.98,1.27,0.33,1.01,1.39,1.33,1.15,1.01,1.21,0.88,0.25,0.91,0.58,36,35.7
2274.73,36,1.08,0.82,0.98,1.27,0.32,1.02,1.39,1.33,1.15,1.02,1.21,0.89,0.25,0.92,0.58,36,35.7
2275.73,36,1.08,0.81,0.98,1.27,0.32,1,1.39,1.33,1.16,1.01,1.21,0.88,0.25,0.91,0.58,36,35.71
2276.73,36,1.08,0.82,1,1.27,0.34,1.02,1.4,1.34,1.16,1.02,1.22,0.89,0.25,0.92,0.58,36,35.7
2277.73,36,1.08,0.82,0.99,1.27,0.32,1.02,1.4,1.33,1.16,1.02,1.21,0.89,0.25,0.92,0.58,36,35.71
2278.73,36,1.08,0.82,0.99,1.27,0.32,1.02,1.39,1.34,1.16,1.02,1.21,0.9,0.25,0.92,0.58,36,35.73
2279.75,36,1.08,0.81,0.98,1.27,0.31,1.02,1.38,1.32,1.15,1.01,1.21,0.88,0.25,0.9,0.58,36,35.71
2280.75,36,1.08,0.82,0.98,1.26,0.32,1.01,1.39,1.33,1.15,1.01,1.21,0.89,0.25,0.92,0.58,36,35.71
2281.75,36,1.07,0.81,0.98,1.26,0.32,1.01,1.38,1.33,1.15,1.02,1.21,0.88,0.25,0.92,0.58,36,35.71
2282.75,36,1.08,0.81,0.98,1.27,0.32,1.01,1.4,1.33,1.15,1.01,1.2,0.88,0.25,0.92,0.58,36,35.71
2283.75,36,1.08,0.81,0.98,1.26,0.32,1.01,1.39,1.33,1.15,1.02,1.21,0.88,0.25,0.91,0.58,36,35.7
2284.77,36,1.08,0.81,0.98,1.27,0.32,1.01,1.38,1.32,1.15,1.01,1.21,0.89,0.25,0.91,0.58,36,35.71
2285.77,36,1.07,0.81,0.98,1.27,0.32,1.01,1.38,1.33,1.15,1.01,1.21,0.89,0.25,0.91,0.58,36,35.71
2286.77,36,1.08,0.82,0.99,1.26,0.33,1.02,1.39,1.33,1.15,1.02,1.21,0.89,0.25,0.91,0.58,36,35.71
2287.77,36,1.08,0.81,0.98,1.27,0.32,1.02,1.39,1.33,1.16,1.01,1.21,0.89,0.25,0.92,0.58,36,35.71
2288.77,36,1.08,0.82,0.98,1.27,0.33,1.02,1.4,1.33,1.15,1.02,1.21,0.89,0.25,0.92,0.58,36,35.71
2289.77,36,1.08,0.82,0.99,1.27,0.32,1.02,1.39,1.33,1.16,1.02,1.22,0.9,0.25,0.92,0.58,36,35.71
2290.77,36,1.07,0.81,0.98,1.26,0.32,1.01,1.39,1.32,1.15,1.02,1.21,0.88,0.25,0.92,0.58,36,35.71
2291.78,36,1.08,0.82,0.98,1.27,0.32,1.02,1.4,1.34,1.17,1.02,1.21,0.9,0.25,0.91,0.59,36,35.71
2292.78,36,1.07,0.81,0.98,1.26,0.32,1.01,1.39,1.33,1.15,1,1.21,0.89,0.25,0.92,0.58,36,35.71
2293.78,36,1.08,0.82,0.98,1.27,0.32,1.01,1.39,1.34,1.15,1.02,1.21,0.88,0.25,0.92,0.58,36,35.71
2294.78,36,1.08,0.82,1,1.27,0.33,1.02,1.4,1.34,1.16,1.02,1.22,0.89,0.25,0.92,0.58,36,35.71
2295.78,36,1.08,0.81,0.98,1.27,0.33,1.02,1.39,1.33,1.15,1.02,1.21,0.89,0.24,0.92,0.58,36,35.7
2296.78,36,1.08,0.82,1,1.27,0.33,1.03,1.4,1.34,1.16,1.02,1.21,0.9,0.25,0.92,0.59,36,35.71
2297.8,36,1.08,0.8,0.98,1.25,0.32,1.01,1.38,1.33,1.15,1.01,1.2,0.88,0.25,0.91,0.58,36,35.71
2298.8,36,1.08,0.82,0.98,1.27,0.32,1.02,1.39,1.34,1.16,1.02,1.21,0.89,0.25,0.92,0.58,36,35.71
2299.8,36,1.08,0.82,0.98,1.27,0.33,1.02,1.39,1.33,1.15,1.01,1.21,0.88,0.25,0.9,0.58,36,35.7
2300.82,36,1.08,0.82,0.98,1.28,0.32,1.02,1.4,1.34,1.16,1.02,1.21,0.89,0.25,0.92,0.58,36,35.71
2301.82,36,1.08,0.8,0.99,1.26,0.32,1.01,1.39,1.33,1.15,1.02,1.21,0.88,0.25,0.92,0.58,36,35.7
2302.82,36,1.08,0.81,0.98,1.26,0.32,1.02,1.4,1.33,1.15,1.02,1.21,0.88,0.24,0.91,0.58,36,35.7
2303.82,36,1.08,0.81,0.98,1.27,0.32,1,1.4,1.33,1.15,1.01,1.21,0.89,0.25,0.92,0.58,36,35.7
2304.83,36,1.07,0.82,0.98,1.27,0.32,1,1.38,1.32,1.15,1.02,1.21,0.88,0.25,0.91,0.58,36,35.7
2305.83,36,1.08,0.82,0.98,1.27,0.32,1.01,1.39,1.33,1.16,1.02,1.21,0.88,0.25,0.91,0.58,36,35.7
2306.83,36,1.08,0.81,0.98,1.27,0.33,1.02,1.4,1.33,1.15,1.01,1.21,0.89,0.25,0.92,0.59,36,35.7
2307.83,36,1.08,0.81,0.99,1.27,0.33,1.01,1.4,1.34,1.16,1.02,1.21,0.89,0.25,0.92,0.59,36,35.7
2308.83,36,1.07,0.81,0.98,1.27,0.33,1.02,1.39,1.32,1.15,1.02,1.21,0.88,0.25,0.91,0.58,36,35.7
2309.83,36,1.08,0.81,0.99,1.27,0.33,1.02,1.4,1.34,1.15,1.02,1.21,0.88,0.25,0.92,0.58,36,35.7
2310.83,36,1.08,0.8,0.98,1.26,0.32,1.01,1.4,1.34,1.15,1.02,1.21,0.88,0.25,0.91,0.58,36,35.7
2311.83,36,1.08,0.81,0.98,1.27,0.32,1.01,1.39,1.32,1.15,1,1.21,0.88,0.25,0.92,0.58,36,35.7
2312.85,36,1.08,0.81,0.98,1.25,0.32,1.02,1.39,1.32,1.15,1.01,1.21,0.88,0.25,0.9,0.58,36,35.7
2313.85,36,1.08,0.81,0.99,1.27,0.32,1.01,1.39,1.32,1.16,1.02,1.21,0.88,0.25,0.9,0.58,36,35.7
2314.85,36,1.08,0.81,0.99,1.27,0.32,1.02,1.4,1.33,1.16,1.02,1.21,0.89,0.25,0.91,0.58,36,35.7
2315.85,36,1.07,0.82,0.99,1.27,0.33,1,1.39,1.34,1.15,1.01,1.21,0.89,0.25,0.91,0.58,36,35.7
2316.85,36,1.07,0.82,0.98,1.27,0.32,1.01,1.39,1.33,1.15,1.02,1.21,0.88,0.25,0.92,0.58,36,35.7
2317.85,36,1.08,0.82,0.98,1.27,0.33,1.02,1.39,1.33,1.15,1.02,1.21,0.89,0.25,0.91,0.58,36,35.69
2318.87,36,1.08,0.8,0.98,1.25,0.32,1.01,1.39,1.33,1.15,1.01,1.21,0.88,0.24,0.92,0.58,36,35.69
2319.87,36,1.08,0.81,0.98,1.27,0.32,1,1.39,1.32,1.15,1.01,1.21,0.89,0.25,0.92,0.58,36,35.69
2320.87,36,1.08,0.82,0.99,1.27,0.34,1.02,1.4,1.34,1.16,1.02,1.22,0.9,0.25,0.92,0.58,36,35.69
2321.87,36,1.08,0.82,1,1.27,0.33,1.02,1.4,1.34,1.16,1.02,1.21,0.89,0.25,0.92,0.58,36,35.69
2322.87,36,1.08,0.81,0.98,1.26,0.32,1.02,1.39,1.33,1.15,1.01,1.21,0.88,0.25,0.91,0.58,36,35.68
2323.87,36,1.08,0.8,0.99,1.27,0.32,1.02,1.39,1.33,1.15,1.02,1.21,0.89,0.25,0.91,0.58,36,35.69
2324.87,36,1.08,0.82,0.99,1.27,0.32,1.02,1.39,1.33,1.16,1.02,1.21,0.88,0.25,0.92,0.58,36,35.68
2325.87,36,1.08,0.81,0.99,1.27,0.32,1,1.4,1.33,1.15,1.02,1.21,0.88,0.25,0.92,0.59,36,35.7
2326.88,36,1.07,0.81,0.98,1.25,0.32,1.01,1.38,1.33,1.15,1.01,1.21,0.88,0.24,0.91,0.57,36,35.69
2327.88,36,1.08,0.82,0.98,1.27,0.32,1.02,1.39,1.34,1.16,1.02,1.21,0.9,0.25,0.91,0.58,36,35.69
2328.88,36,1.08,0.81,0.98,1.26,0.32,1.02,1.4,1.33,1.16,1.02,1.21,0.88,0.25,0.92,0.58,36,35.68
2329.88,36,1.07,0.81,0.98,1.26,0.32,1.01,1.39,1.33,1.15,1.01,1.21,0.88,0.25,0.92,0.58,36,35.69
2330.88,36,1.08,0.82,0.99,1.27,0.33,1.01,1.39,1.34,1.16,1.02,1.21,0.88,0.26,0.92,0.59,36,35.7
2331.88,36,1.08,0.82,0.99,1.27,0.33,1.02,1.39,1.34,1.15,1.02,1.21,0.89,0.25,0.92,0.58,36,35.7
2332.88,36,1.08,0.82,0.98,1.27,0.32,1.01,1.38,1.33,1.15,1.01,1.21,0.88,0.25,0.92,0.58,36,35.7
2333.88,36,1.08,0.82,0.99,1.27,0.33,1.02,1.39,1.34,1.16,1.02,1.21,0.89,0.25,0.92,0.58,36,35.69
2334.88,36,1.07,0.8,0.98,1.26,0.32,1,1.38,1.31,1.15,1,1.2,0.88,0.24,0.9,0.58,36,35.68
2335.9,36,1.08,0.82,0.99,1.27,0.33,1.02,1.39,1.33,1.16,1.02,1.21,0.89,0.25,0.91,0.58,36,35.68
2336.9,36,1.08,0.81,0.98,1.27,0.32,1.02,1.38,1.32,1.15,1.01,1.21,0.88,0.25,0.91,0.58,36,35.69
2337.9,36,1.07,0.81,0.98,1.27,0.32,1.01,1.38,1.33,1.15,1,1.21,0.89,0.25,0.91,0.58,36,35.7
2338.9,36,1.07,0.81,0.98,1.27,0.32,1.01,1.39,1.34,1.15,1,1.21,0.88,0.25,0.92,0.58,36,35.69
2339.9,36,1.07,0.81,0.98,1.26,0.32,1.01,1.38,1.32,1.15,1.01,1.21,0.88,0.24,0.91,0.58,36,35.7
2340.9,36,1.08,0.82,0.99,1.26,0.32,1.02,1.38,1.33,1.15,1,1.2,0.9,0.25,0.91,0.59,36,35.7
2341.9,36,1.07,0.82,0.98,1.26,0.32,1.01,1.38,1.33,1.15,1.01,1.21,0.88,0.25,0.91,0.58,36,35.68
2342.9,36,1.07,0.81,0.98,1.27,0.32,1.01,1.39,1.33,1.15,1.01,1.21,0.88,0.25,0.9,0.58,36,35.68
2343.9,36,1.08,0.81,0.99,1.27,0.33,1.02,1.4,1.34,1.16,1.02,1.21,0.88,0.25,0.92,0.59,36,35.69
2344.9,36,1.08,0.8,0.98,1.27,0.33,1.01,1.39,1.33,1.16,1.01,1.21,0.89,0.25,0.91,0.58,36,35.68
2345.9,36,1.07,0.81,0.98,1.26,0.32,1.01,1.38,1.33,1.15,1.01,1.21,0.88,0.24,0.91,0.58,36,35.69
2346.92,36,1.08,0.8,0.98,1.27,0.32,1.01,1.38,1.33,1.15,1.01,1.21,0.88,0.25,0.91,0.58,36,35.69
2347.92,36,1.08,0.81,0.98,1.27,0.32,1.02,1.38,1.32,1.15,1.02,1.21,0.88,0.25,0.91,0.58,36,35.68
2348.92,36,1.08,0.8,0.98,1.27,0.32,1.02,1.39,1.33,1.15,1.01,1.21,0.88,0.25,0.91,0.58,36,35.68
2349.92,36,1.08,0.82,0.98,1.27,0.33,1.02,1.39,1.33,1.16,1.02,1.21,0.88,0.25,0.91,0.58,36,35.7
2350.92,36,1.08,0.82,0.98,1.28,0.33,1.02,1.4,1.33,1.15,1.02,1.21,0.9,0.25,0.92,0.58,36,35.7
2351.92,36,1.07,0.81,0.98,1.26,0.32,1.01,1.39,1.33,1.15,1,1.21,0.88,0.24,0.91,0.58,36,35.69
2352.92,36,1.08,0.81,0.98,1.27,0.32,1.02,1.39,1.32,1.15,1.01,1.21,0.89,0.25,0.91,0.58,36,35.69
2353.92,36,1.08,0.82,0.98,1.26,0.32,1.02,1.39,1.33,1.15,1.01,1.21,0.88,0.25,0.91,0.58,36,35.7
2354.92,36,1.07,0.8,0.98,1.25,0.32,1.01,1.38,1.32,1.15,1,1.21,0.88,0.23,0.9,0.58,36,35.7
2355.92,36,1.08,0.81,0.98,1.26,0.32,1.02,1.39,1.33,1.15,1.02,1.21,0.88,0.25,0.91,0.58,36,35.7
2356.92,36,1.08,0.82,0.99,1.27,0.32,1.02,1.4,1.33,1.16,1.02,1.21,0.89,0.25,0.92,0.58,36,35.69
2357.92,36,1.08,0.82,0.99,1.26,0.32,1.02,1.38,1.34,1.15,1.02,1.21,0.88,0.25,0.9,0.58,36,35.7
2358.93,36,1.07,0.8,0.97,1.26,0.32,1.01,1.38,1.32,1.15,1.01,1.2,0.88,0.24,0.9,0.57,36,35.7
2359.93,36,1.08,0.82,0.99,1.27,0.32,1.01,1.4,1.34,1.15,1.02,1.22,0.89,0.25,0.92,0.58,36,35.7
2360.93,36,1.08,0.82,0.98,1.27,0.32,1.02,1.4,1.32,1.15,1.02,1.21,0.88,0.25,0.91,0.58,36,35.7
2361.93,36,1.08,0.82,0.98,1.26,0.32,1.02,1.39,1.33,1.16,1.01,1.21,0.88,0.25,0.91,0.58,36,35.69
2362.93,36,1.07,0.81,0.98,1.26,0.32,1.02,1.38,1.31,1.15,1,1.21,0.88,0.25,0.91,0.58,36,35.7
2363.93,36,1.08,0.81,0.98,1.27,0.32,1,1.39,1.33,1.15,1.02,1.21,0.88,0.25,0.92,0.58,36,35.7
2364.93,36,1.08,0.8,0.98,1.26,0.32,1.02,1.39,1.32,1.15,1.02,1.21,0.88,0.24,0.91,0.58,36,35.7
2365.93,36,1.08,0.82,0.98,1.26,0.33,1,1.39,1.34,1.16,1.02,1.21,0.89,0.25,0.92,0.58,36,35.7
2366.93,36,1.08,0.81,0.98,1.27,0.32,1.02,1.39,1.32,1.15,1.01,1.21,0.88,0.25,0.9,0.58,36,35.7
2367.93,36,1.08,0.82,0.98,1.26,0.32,1,1.4,1.33,1.15,1.01,1.21,0.89,0.25,0.91,0.58,36,35.7
2368.95,36,1.08,0.82,0.99,1.27,0.33,1.02,1.4,1.34,1.16,1.02,1.21,0.89,0.25,0.92,0.58,36,35.7
2369.95,36,1.08,0.81,0.98,1.26,0.32,1.01,1.39,1.33,1.15,1.01,1.2,0.89,0.25,0.91,0.58,36,35.7
2370.95,36,1.08,0.82,0.98,1.27,0.32,1.02,1.39,1.34,1.15,1,1.21,0.88,0.25,0.91,0.58,36,35.7
2371.95,36,1.08,0.82,0.99,1.27,0.32,1.02,1.39,1.34,1.16,1.02,1.21,0.89,0.25,0.92,0.58,36,35.71
2372.95,36,1.08,0.82,0.98,1.27,0.32,1.02,1.4,1.34,1.16,1.02,1.21,0.9,0.25,0.92,0.59,36,35.7
2373.95,36,1.08,0.82,0.99,1.27,0.33,1.02,1.4,1.34,1.16,1.02,1.21,0.89,0.26,0.92,0.59,36,35.71
2374.95,36,1.08,0.82,0.99,1.27,0.33,1.02,1.4,1.34,1.17,1.02,1.22,0.9,0.26,0.92,0.59,36,35.71
2375.97,36,1.08,0.81,0.99,1.27,0.33,1.02,1.39,1.33,1.15,1.02,1.21,0.9,0.25,0.92,0.58,36,35.7
2376.97,36,1.08,0.82,0.99,1.28,0.32,1.02,1.39,1.33,1.16,1.02,1.21,0.9,0.25,0.92,0.59,36,35.71
2377.97,36,1.08,0.82,0.99,1.27,0.32,1.02,1.39,1.34,1.15,1.02,1.21,0.89,0.25,0.91,0.58,36,35.7
2378.97,36,1.08,0.82,0.99,1.27,0.33,1.02,1.4,1.34,1.16,1.02,1.21,0.9,0.25,0.92,0.59,36,35.7
2379.97,36,1.07,0.81,0.98,1.27,0.32,1.02,1.39,1.32,1.15,1.01,1.21,0.88,0.25,0.91,0.58,36,35.71
2380.97,36,1.08,0.82,0.99,1.27,0.32,1.01,1.4,1.34,1.16,1.02,1.21,0.89,0.25,0.92,0.59,36,35.7
2381.97,36,1.08,0.82,0.99,1.27,0.33,1.02,1.39,1.34,1.15,1.01,1.21,0.89,0.25,0.92,0.58,36,35.71
2382.97,36,1.08,0.81,0.99,1.27,0.32,1.02,1.39,1.34,1.16,1.02,1.21,0.88,0.25,0.92,0.58,36,35.71
2383.97,36,1.08,0.8,0.98,1.27,0.33,1.02,1.39,1.34,1.16,1.02,1.21,0.89,0.25,0.91,0.58,36,35.71
2384.97,36,1.08,0.82,0.98,1.27,0.32,1.02,1.39,1.33,1.16,1.02,1.21,0.89,0.24,0.92,0.58,36,35.7
2385.98,36,1.08,0.82,0.98,1.27,0.33,1.02,1.39,1.33,1.15,1.01,1.21,0.89,0.25,0.92,0.58,36,35.7
2386.98,36,1.08,0.82,0.99,1.27,0.32,1.01,1.38,1.33,1.16,1.02,1.21,0.89,0.25,0.91,0.58,36,35.7
2387.98,36,1.07,0.8,0.98,1.25,0.32,1.01,1.38,1.33,1.15,1,1.21,0.88,0.24,0.91,0.58,36,35.69
2388.98,36,1.08,0.82,0.98,1.26,0.33,1.01,1.39,1.33,1.15,1.02,1.21,0.88,0.25,0.92,0.57,36,35.7
2390,36,1.08,0.82,0.98,1.27,0.33,1.02,1.4,1.34,1.15,1.02,1.21,0.89,0.25,0.92,0.58,36,35.7
2391,36,1.08,0.81,0.98,1.27,0.32,1.02,1.39,1.33,1.16,1.01,1.21,0.88,0.25,0.91,0.58,36,35.7
2392,36,1.08,0.81,0.99,1.27,0.32,1.02,1.4,1.33,1.15,1.01,1.21,0.89,0.25,0.91,0.58,36,35.7
2393,36,1.08,0.82,0.98,1.27,0.32,1.02,1.38,1.33,1.16,1.02,1.21,0.88,0.25,0.92,0.58,36,35.69
2394,36,1.08,0.82,0.99,1.27,0.33,1.01,1.39,1.34,1.16,1.02,1.22,0.89,0.25,0.92,0.59,36,35.7
2395,36,1.07,0.82,0.98,1.27,0.32,1.02,1.39,1.33,1.15,1.01,1.21,0.88,0.24,0.91,0.58,36,35.7
2396.02,36,1.08,0.82,0.98,1.27,0.32,1.02,1.39,1.33,1.15,1.01,1.21,0.89,0.25,0.92,0.58,36,35.7
2397.02,36,1.08,0.81,0.98,1.27,0.33,1.02,1.39,1.33,1.16,1.01,1.21,0.88,0.25,0.91,0.59,36,35.7
2398.02,36,1.07,0.82,0.98,1.27,0.32,1.01,1.39,1.32,1.15,1.02,1.21,0.88,0.25,0.91,0.58,36,35.7
2399.02,36,1.07,0.81,0.98,1.26,0.32,1.01,1.39,1.33,1.15,1.02,1.21,0.88,0.24,0.91,0.58,36,35.69
2400.02,36,1.07,0.8,0.98,1.26,0.32,1,1.38,1.31,1.15,1,1.2,0.88,0.23,0.9,0.58,36,35.7
2401.02,36,1.07,0.81,0.98,1.26,0.33,1,1.39,1.33,1.15,1.02,1.2,0.89,0.25,0.91,0.58,36,35.69
2402.02,36,1.07,0.8,0.98,1.27,0.32,1,1.39,1.32,1.15,1.01,1.2,0.88,0.24,0.9,0.58,36,35.7
2403.02,36,1.08,0.81,0.98,1.27,0.32,1.02,1.4,1.33,1.15,1.02,1.21,0.89,0.24,0.91,0.59,36,35.7
2404.03,36,1.07,0.81,0.98,1.25,0.32,1.01,1.38,1.32,1.15,1.01,1.21,0.88,0.25,0.91,0.58,36,35.69
2405.03,36,1.08,0.82,0.98,1.27,0.32,1,1.38,1.33,1.15,1.01,1.21,0.88,0.25,0.91,0.58,36,35.68
2406.03,36,1.07,0.81,0.98,1.26,0.32,1.01,1.38,1.34,1.15,1,1.21,0.89,0.24,0.9,0.57,36,35.69
2407.03,36,1.08,0.82,0.98,1.26,0.33,1.02,1.39,1.33,1.16,1.02,1.21,0.89,0.25,0.91,0.58,36,35.69
2408.03,36,1.08,0.81,0.98,1.27,0.32,1.01,1.38,1.33,1.15,1.01,1.21,0.88,0.25,0.91,0.58,36,35.68
2409.03,36,1.08,0.8,0.98,1.26,0.32,1.02,1.38,1.33,1.15,1.01,1.21,0.88,0.25,0.91,0.57,36,35.68
2410.05,36,1.08,0.81,0.98,1.26,0.32,1.01,1.38,1.33,1.15,1.01,1.21,0.89,0.25,0.92,0.58,36,35.7
2411.05,36,1.08,0.8,0.98,1.27,0.32,1.01,1.39,1.33,1.16,1.01,1.21,0.89,0.25,0.91,0.59,36,35.69
2412.05,36,1.08,0.82,0.98,1.26,0.32,1.02,1.39,1.32,1.15,1.01,1.21,0.89,0.25,0.91,0.58,36,35.68
2413.05,36,1.08,0.82,0.98,1.26,0.33,1.02,1.38,1.34,1.15,1.02,1.21,0.88,0.25,0.91,0.58,36,35.7
2414.05,36,1.08,0.82,0.98,1.27,0.32,1.02,1.39,1.34,1.16,1.02,1.21,0.89,0.25,0.91,0.58,36,35.68
2415.05,36,1.07,0.81,0.98,1.27,0.32,1.02,1.38,1.32,1.15,1.01,1.21,0.88,0.24,0.91,0.58,36,35.69
2416.07,36,1.08,0.82,0.99,1.26,0.32,1.02,1.39,1.34,1.15,1.02,1.21,0.89,0.25,0.92,0.59,36,35.69
2417.07,36,1.08,0.82,0.98,1.26,0.32,1.01,1.39,1.33,1.15,1.01,1.21,0.88,0.24,0.91,0.58,36,35.68
2418.07,36,1.08,0.82,0.98,1.26,0.32,1.02,1.39,1.32,1.15,1.01,1.21,0.89,0.25,0.91,0.58,36,35.69
2419.07,36,1.08,0.81,0.98,1.26,0.32,1.02,1.39,1.33,1.15,1.01,1.21,0.88,0.25,0.91,0.58,36,35.69
2420.07,36,1.08,0.81,0.98,1.27,0.32,1.01,1.38,1.33,1.15,1.01,1.21,0.88,0.25,0.91,0.58,36,35.68
2421.07,36,1.07,0.8,0.98,1.25,0.31,1,1.38,1.32,1.14,1.01,1.21,0.88,0.25,0.91,0.58,36,35.68
2422.07,36,1.08,0.82,0.98,1.27,0.33,1.01,1.39,1.34,1.15,1.01,1.21,0.89,0.25,0.91,0.58,36,35.7
2423.07,36,1.08,0.81,0.98,1.25,0.32,1.01,1.38,1.32,1.15,1.01,1.21,0.88,0.24,0.9,0.58,36,35.68
2424.07,36,1.08,0.82,0.99,1.26,0.32,1.02,1.39,1.33,1.15,1.01,1.21,0.88,0.25,0.91,0.58,36,35.69
2425.07,36,1.07,0.81,0.98,1.27,0.32,1,1.39,1.32,1.15,1,1.2,0.89,0.24,0.91,0.58,36,35.68
2426.08,36,1.08,0.81,0.98,1.26,0.33,1.02,1.39,1.32,1.16,1.02,1.21,0.88,0.25,0.92,0.58,36,35.69
2427.08,36,1.08,0.82,0.98,1.27,0.32,1.02,1.39,1.32,1.15,1.01,1.21,0.88,0.25,0.91,0.58,36,35.69
2428.1,36,1.08,0.8,0.98,1.27,0.32,1.02,1.39,1.34,1.15,1.01,1.21,0.88,0.24,0.91,0.58,36,35.69
2429.1,36,1.08,0.82,0.99,1.27,0.32,1.01,1.39,1.33,1.16,1.02,1.21,0.89,0.24,0.91,0.58,36,35.68
2430.1,36,1.08,0.81,0.98,1.26,0.32,1.02,1.38,1.33,1.15,1.01,1.21,0.89,0.25,0.91,0.58,36,35.69
2431.1,36,1.07,0.81,0.98,1.27,0.32,1.01,1.39,1.33,1.15,1.02,1.21,0.88,0.25,0.91,0.58,36,35.68
2432.1,36,1.08,0.82,0.98,1.27,0.33,1.02,1.38,1.33,1.15,1.02,1.21,0.89,0.25,0.91,0.58,36,35.69
2433.1,36,1.07,0.81,0.98,1.26,0.32,1.01,1.38,1.32,1.15,1,1.2,0.88,0.25,0.9,0.58,36,35.69
2434.12,36,1.08,0.8,0.98,1.26,0.33,1.02,1.38,1.33,1.15,1.01,1.21,0.88,0.25,0.91,0.58,36,35.7
2435.12,36,1.08,0.82,0.98,1.27,0.32,1,1.39,1.32,1.15,1.01,1.21,0.88,0.25,0.91,0.58,36,35.68
2436.12,36,1.08,0.82,0.99,1.26,0.33,1.01,1.39,1.33,1.15,1.02,1.21,0.89,0.25,0.92,0.58,36,35.69
2437.13,36,1.08,0.81,0.98,1.27,0.32,1.01,1.39,1.33,1.15,1.01,1.21,0.88,0.25,0.91,0.58,36,35.69
2438.13,36,1.07,0.81,0.98,1.26,0.32,1.01,1.39,1.33,1.15,1.01,1.21,0.89,0.24,0.9,0.58,36,35.69
2439.13,36,1.08,0.81,0.98,1.26,0.32,1.02,1.39,1.33,1.15,1.02,1.21,0.89,0.25,0.91,0.58,36,35.68
2440.15,36,1.08,0.81,0.99,1.27,0.33,1.01,1.4,1.34,1.15,1.02,1.22,0.9,0.25,0.92,0.58,36,35.68
2441.15,36,1.07,0.81,0.98,1.25,0.32,1.01,1.38,1.32,1.15,1,1.21,0.88,0.25,0.9,0.57,36,35.66
2442.15,36,1.08,0.8,0.98,1.26,0.32,1.02,1.38,1.33,1.15,1.01,1.21,0.88,0.24,0.91,0.58,36,35.69
2443.17,36,1.08,0.82,0.99,1.26,0.32,1.02,1.4,1.33,1.15,1.02,1.21,0.88,0.25,0.92,0.58,36,35.68
2444.17,36,1.08,0.81,0.98,1.26,0.32,1.01,1.38,1.33,1.15,1.01,1.21,0.89,0.25,0.9,0.58,36,35.68
2445.17,36,1.08,0.81,0.98,1.27,0.32,1.01,1.39,1.33,1.15,1.01,1.21,0.89,0.25,0.91,0.58,36,35.69
2446.17,36,1.08,0.81,0.98,1.27,0.32,1,1.39,1.33,1.15,1.02,1.21,0.88,0.25,0.92,0.58,36,35.68
2447.17,36,1.07,0.81,0.98,1.25,0.33,1.01,1.38,1.32,1.15,1.01,1.21,0.88,0.25,0.91,0.58,36,35.69
2448.17,36,1.08,0.81,0.98,1.26,0.32,1.01,1.39,1.32,1.15,1,1.21,0.88,0.25,0.91,0.58,36,35.69
2449.18,36,1.08,0.82,0.98,1.27,0.33,1.02,1.39,1.34,1.16,1.02,1.21,0.88,0.25,0.91,0.58,36,35.68
2450.18,36,1.07,0.81,0.98,1.26,0.32,1.01,1.38,1.33,1.15,1,1.21,0.88,0.24,0.9,0.57,36,35.68
2451.18,36,1.08,0.81,0.98,1.26,0.32,1.02,1.39,1.32,1.16,1.02,1.21,0.88,0.25,0.91,0.58,36,35.68
2452.18,36,1.08,0.81,0.98,1.27,0.32,1.02,1.38,1.33,1.15,1.01,1.21,0.89,0.25,0.91,0.58,36,35.69
2453.18,36,1.08,0.81,0.99,1.28,0.33,1.02,1.39,1.34,1.15,1.02,1.21,0.88,0.25,0.92,0.58,36,35.68
2454.2,36,1.08,0.82,0.98,1.27,0.33,1.02,1.39,1.33,1.16,1.02,1.21,0.89,0.25,0.92,0.58,36,35.68
2455.2,36,1.08,0.8,0.99,1.27,0.33,1.02,1.39,1.33,1.15,1.02,1.21,0.89,0.25,0.92,0.58,36,35.66
2456.2,36,1.08,0.81,0.98,1.27,0.32,1.02,1.39,1.34,1.16,1.02,1.21,0.88,0.25,0.91,0.58,36,35.66
2457.2,36,1.08,0.8,0.99,1.27,0.33,1.02,1.4,1.33,1.16,1.02,1.21,0.89,0.25,0.92,0.58,36,35.68
2458.22,36,1.08,0.82,0.99,1.27,0.32,1.02,1.4,1.33,1.16,1.01,1.21,0.88,0.25,0.92,0.58,36,35.69
2459.22,36,1.08,0.82,0.98,1.27,0.32,1.02,1.4,1.33,1.15,1.01,1.21,0.89,0.25,0.92,0.58,36,35.69
2460.22,36,1.07,0.8,0.98,1.26,0.32,1,1.38,1.32,1.15,1,1.2,0.88,0.24,0.9,0.58,36,35.69
2461.22,36,1.08,0.81,0.99,1.27,0.33,1.02,1.39,1.34,1.16,1.02,1.21,0.89,0.25,0.92,0.58,36,35.68
2462.22,36,1.08,0.82,0.98,1.27,0.32,1.01,1.39,1.33,1.15,1.02,1.21,0.88,0.24,0.92,0.58,36,35.68
2463.22,36,1.07,0.8,0.98,1.26,0.32,1.01,1.38,1.32,1.15,1.02,1.2,0.88,0.25,0.9,0.58,36,35.66
2464.23,36,1.08,0.81,0.98,1.26,0.32,1.01,1.39,1.33,1.15,1.02,1.21,0.89,0.25,0.91,0.58,36,35.68
2465.23,36,1.07,0.82,0.98,1.27,0.32,1.02,1.39,1.34,1.15,1.01,1.21,0.89,0.25,0.91,0.58,36,35.66
2466.23,36,1.07,0.8,0.98,1.26,0.32,1,1.39,1.33,1.15,1.01,1.2,0.88,0.25,0.9,0.58,36,35.69
2467.23,36,1.06,0.8,0.97,1.25,0.32,1,1.38,1.31,1.14,1,1.2,0.88,0.24,0.91,0.58,36,35.66
2468.25,36,1.07,0.8,0.98,1.26,0.32,1.01,1.38,1.33,1.16,1,1.21,0.88,0.24,0.91,0.58,36,35.66
2469.25,36,1.08,0.82,0.98,1.27,0.33,1.02,1.39,1.33,1.16,1.02,1.21,0.89,0.25,0.92,0.58,36,35.68
2470.25,36,1.08,0.82,0.98,1.27,0.33,1.01,1.39,1.34,1.15,1.02,1.21,0.89,0.25,0.92,0.59,36,35.66
2471.25,36,1.08,0.81,0.98,1.26,0.32,1,1.39,1.33,1.15,1.02,1.21,0.89,0.25,0.91,0.58,36,35.66
2472.25,36,1.08,0.82,0.98,1.27,0.32,1.02,1.39,1.34,1.15,1.01,1.21,0.89,0.25,0.92,0.58,36,35.68
2473.25,36,1.08,0.81,0.98,1.26,0.32,1.01,1.38,1.32,1.15,1.01,1.2,0.88,0.24,0.91,0.57,36,35.66
2474.25,36,1.08,0.82,0.98,1.27,0.32,1,1.39,1.33,1.15,1.02,1.21,0.88,0.25,0.91,0.58,36,35.68
2475.25,36,1.07,0.81,0.98,1.26,0.32,1,1.38,1.32,1.15,1.01,1.21,0.88,0.24,0.9,0.58,36,35.68
2476.27,36,1.08,0.81,0.98,1.27,0.32,1.02,1.39,1.33,1.15,1.01,1.21,0.89,0.25,0.91,0.58,36,35.68
2477.27,36,1.08,0.81,0.98,1.27,0.32,1.02,1.39,1.34,1.15,1.01,1.21,0.88,0.25,0.91,0.58,36,35.68
2478.27,36,1.08,0.81,0.98,1.25,0.32,1.01,1.39,1.32,1.15,1,1.21,0.88,0.25,0.91,0.58,36,35.68
2479.28,36,1.08,0.82,0.99,1.27,0.32,1.02,1.39,1.33,1.16,1.02,1.21,0.89,0.25,0.91,0.58,36,35.68
2480.28,36,1.08,0.81,0.99,1.27,0.32,1.02,1.39,1.33,1.15,1.02,1.21,0.89,0.25,0.92,0.58,36,35.68
2481.28,36,1.08,0.82,0.98,1.26,0.32,1.02,1.39,1.34,1.16,1.02,1.22,0.89,0.25,0.92,0.58,36,35.68
2482.28,36,1.08,0.82,0.99,1.26,0.32,1.02,1.4,1.33,1.15,1.02,1.21,0.89,0.25,0.92,0.59,36,35.66
2483.28,36,1.08,0.81,0.99,1.26,0.33,1.02,1.4,1.33,1.15,1.02,1.21,0.88,0.25,0.92,0.58,36,35.66
2484.28,36,1.08,0.82,0.99,1.27,0.33,1,1.4,1.32,1.16,1.02,1.21,0.89,0.25,0.92,0.58,36,35.66
2485.28,36,1.07,0.8,0.98,1.25,0.32,1,1.38,1.33,1.15,1.01,1.21,0.88,0.24,0.91,0.58,36,35.68
2486.28,36,1.08,0.81,0.98,1.26,0.32,1.01,1.38,1.33,1.15,1.02,1.21,0.88,0.25,0.91,0.58,36,35.69
2487.3,36,1.08,0.81,0.98,1.27,0.32,1.02,1.39,1.34,1.15,1.01,1.21,0.89,0.25,0.91,0.58,36,35.68
2488.3,36,1.08,0.81,0.98,1.27,0.32,1.02,1.39,1.33,1.15,1.02,1.21,0.89,0.25,0.9,0.58,36,35.68
2489.3,36,1.07,0.81,0.98,1.26,0.32,1,1.38,1.32,1.15,1.01,1.21,0.88,0.25,0.9,0.57,36,35.68
2490.3,36,1.08,0.81,0.98,1.27,0.33,1.02,1.39,1.33,1.16,1.02,1.21,0.9,0.25,0.92,0.58,36,35.68
2491.32,36,1.08,0.82,0.98,1.27,0.33,1.02,1.39,1.33,1.15,1.02,1.21,0.89,0.25,0.91,0.58,36,35.68
2492.32,36,1.08,0.82,0.99,1.27,0.33,1.02,1.39,1.33,1.16,1.02,1.21,0.9,0.25,0.92,0.58,36,35.68
2493.32,36,1.08,0.81,0.98,1.27,0.33,1.02,1.38,1.33,1.15,1.02,1.21,0.88,0.25,0.91,0.58,36,35.68
2494.33,36,1.08,0.8,0.98,1.27,0.32,1.02,1.38,1.33,1.15,1.02,1.21,0.88,0.25,0.91,0.58,36,35.66
2495.33,36,1.07,0.81,0.98,1.27,0.32,1.02,1.38,1.32,1.15,1.01,1.21,0.89,0.25,0.91,0.58,36,35.68
2496.33,36,1.08,0.81,0.99,1.26,0.32,1.02,1.39,1.33,1.15,1.02,1.21,0.89,0.25,0.92,0.58,36,35.66
2497.33,36,1.08,0.81,0.98,1.27,0.32,1.01,1.38,1.33,1.15,1.01,1.21,0.88,0.25,0.9,0.58,36,35.68
2498.35,36,1.07,0.81,0.98,1.26,0.32,1.01,1.38,1.31,1.14,1.01,1.21,0.88,0.24,0.91,0.58,36,35.68
2499.35,36,1.08,0.81,0.98,1.27,0.32,1.02,1.39,1.32,1.15,1.01,1.21,0.88,0.25,0.91,0.58,36,35.68
2500.35,36,1.06,0.8,0.97,1.25,0.32,1,1.38,1.32,1.14,1,1.2,0.87,0.24,0.9,0.57,36,35.66
2501.37,36,1.08,0.81,0.99,1.27,0.34,1.01,1.38,1.32,1.15,1.02,1.21,0.88,0.25,0.92,0.58,36,35.66
2502.37,36,1.07,0.81,0.98,1.27,0.32,1.01,1.38,1.32,1.15,1.01,1.21,0.88,0.24,0.92,0.58,36,35.66
2503.37,36,1.08,0.82,0.98,1.27,0.32,1.02,1.39,1.33,1.15,1.01,1.21,0.9,0.25,0.92,0.58,36,35.66
2504.37,36,1.08,0.81,0.98,1.25,0.32,1,1.39,1.32,1.15,1.01,1.19,0.88,0.24,0.9,0.57,36,35.66
2505.37,36,1.07,0.8,0.98,1.25,0.32,1,1.38,1.32,1.15,1,1.2,0.88,0.24,0.9,0.58,36,35.66
2506.37,36,1.08,0.81,0.98,1.26,0.32,1.02,1.38,1.32,1.15,1.01,1.21,0.88,0.25,0.91,0.58,36,35.66
2507.37,36,1.07,0.81,0.98,1.26,0.32,1,1.39,1.33,1.15,1.01,1.2,0.88,0.25,0.91,0.58,36,35.66
2508.38,36,1.08,0.82,0.98,1.26,0.32,1.02,1.38,1.32,1.15,1.02,1.21,0.88,0.25,0.91,0.58,36,35.66
2509.38,36,1.07,0.8,0.97,1.25,0.32,1.01,1.38,1.32,1.15,1.01,1.21,0.88,0.24,0.91,0.57,36,35.66
2510.38,36,1.08,0.81,0.98,1.25,0.32,1,1.38,1.32,1.15,1.01,1.21,0.88,0.24,0.91,0.57,36,35.68
2511.38,36,1.08,0.8,0.98,1.26,0.32,1.02,1.38,1.32,1.15,1,1.21,0.88,0.24,0.9,0.58,36,35.68
2512.38,36,1.08,0.81,0.98,1.26,0.32,1.02,1.39,1.33,1.15,1.01,1.21,0.89,0.25,0.91,0.58,36,35.66
2513.38,36,1.08,0.8,0.97,1.27,0.32,1,1.38,1.32,1.15,1.02,1.21,0.88,0.25,0.9,0.58,36,35.68
2514.38,36,1.07,0.81,0.98,1.25,0.32,1,1.38,1.32,1.14,1.01,1.21,0.88,0.25,0.9,0.58,36,35.69
2515.4,36,1.07,0.81,0.98,1.26,0.32,1.02,1.4,1.33,1.15,1.01,1.21,0.88,0.25,0.91,0.58,36,35.68
2516.4,36,1.08,0.81,0.98,1.26,0.32,1.01,1.39,1.32,1.15,1.01,1.21,0.88,0.25,0.9,0.58,36,35.68
2517.4,36,1.08,0.81,0.98,1.26,0.32,1.02,1.39,1.33,1.16,1.02,1.21,0.89,0.25,0.92,0.58,36,35.66
2518.4,36,1.07,0.8,0.98,1.27,0.32,1.01,1.38,1.33,1.15,1.01,1.21,0.88,0.24,0.9,0.58,36,35.68
2519.4,36,1.07,0.82,0.98,1.26,0.32,1.02,1.38,1.32,1.15,1,1.21,0.88,0.24,0.92,0.58,36,35.68
2520.4,36,1.08,0.82,0.98,1.27,0.32,1,1.39,1.33,1.15,1.01,1.21,0.89,0.25,0.91,0.58,36,35.68
2521.42,36,1.08,0.8,0.98,1.25,0.32,1,1.39,1.32,1.15,1.01,1.21,0.88,0.24,0.91,0.58,36,35.68
2522.42,36,1.07,0.81,0.98,1.27,0.32,1,1.39,1.33,1.15,1.02,1.21,0.88,0.25,0.91,0.58,36,35.66
2523.42,36,1.07,0.8,0.98,1.26,0.32,1.01,1.38,1.32,1.15,1,1.2,0.88,0.25,0.9,0.58,36,35.69
2524.42,36,1.08,0.81,0.98,1.25,0.32,1.01,1.38,1.33,1.15,1,1.21,0.88,0.25,0.9,0.58,36,35.69
2525.42,36,1.07,0.81,0.98,1.26,0.32,1.02,1.38,1.34,1.15,1.02,1.21,0.88,0.25,0.92,0.58,36,35.66
2526.43,36,1.08,0.82,0.98,1.27,0.32,1.02,1.39,1.33,1.15,1.01,1.21,0.88,0.25,0.91,0.58,36,35.68
2527.43,36,1.08,0.81,0.98,1.26,0.33,1.01,1.4,1.34,1.15,1.02,1.21,0.88,0.25,0.91,0.58,36,35.69
2528.43,36,1.08,0.82,0.98,1.27,0.32,1.02,1.39,1.33,1.15,1.02,1.21,0.89,0.25,0.92,0.59,36,35.68
2529.45,36,1.08,0.82,0.98,1.26,0.32,1.02,1.39,1.33,1.15,1.02,1.21,0.89,0.25,0.92,0.58,36,35.69
2530.45,36,1.07,0.8,0.98,1.26,0.32,1,1.38,1.32,1.15,1,1.21,0.88,0.24,0.9,0.58,36,35.68
2531.45,36,1.08,0.81,0.98,1.27,0.33,1.02,1.4,1.34,1.15,1.02,1.21,0.89,0.25,0.92,0.58,36,35.69
2532.45,36,1.08,0.81,0.99,1.27,0.33,1.02,1.39,1.33,1.15,1.02,1.21,0.89,0.25,0.92,0.58,36,35.68
2533.45,36,1.07,0.81,0.99,1.27,0.32,1.01,1.38,1.32,1.15,1.01,1.21,0.88,0.24,0.91,0.58,36,35.69
2534.47,36,1.07,0.81,0.98,1.25,0.32,1.01,1.38,1.32,1.15,1,1.21,0.88,0.24,0.92,0.58,36,35.69
2535.47,36,1.08,0.81,0.98,1.25,0.32,1,1.38,1.32,1.15,1.01,1.21,0.88,0.24,0.9,0.57,36,35.7
2536.47,36,1.08,0.81,0.99,1.27,0.32,1.02,1.39,1.33,1.16,1.02,1.21,0.88,0.25,0.92,0.58,36,35.69
2537.47,36,1.08,0.81,0.98,1.27,0.33,1.02,1.39,1.34,1.15,1.01,1.21,0.89,0.25,0.92,0.58,36,35.69
2538.47,36,1.08,0.82,0.98,1.27,0.33,1.02,1.39,1.33,1.15,1.02,1.21,0.9,0.25,0.92,0.58,36,35.69
2539.47,36,1.08,0.82,0.98,1.26,0.33,1.01,1.38,1.33,1.15,1.01,1.21,0.88,0.25,0.92,0.58,36,35.69
2540.47,36,1.08,0.82,0.98,1.27,0.32,1.02,1.39,1.33,1.15,1.02,1.21,0.88,0.25,0.91,0.58,36,35.7
2541.47,36,1.08,0.81,0.98,1.27,0.32,1.02,1.39,1.32,1.16,1.01,1.21,0.89,0.25,0.92,0.58,36,35.7
2542.48,36,1.08,0.81,0.98,1.26,0.32,1.01,1.39,1.33,1.15,1.01,1.21,0.88,0.24,0.9,0.58,36,35.7
2543.48,36,1.08,0.82,0.98,1.27,0.33,1.02,1.39,1.33,1.15,1.02,1.21,0.89,0.25,0.92,0.58,36,35.7
2544.48,36,1.08,0.81,0.98,1.27,0.33,1.02,1.39,1.33,1.15,1.01,1.21,0.89,0.25,0.92,0.58,36,35.69
2545.48,36,1.07,0.81,0.98,1.26,0.32,1.01,1.38,1.32,1.15,1.01,1.2,0.89,0.24,0.91,0.58,36,35.7
2546.48,36,1.08,0.82,0.98,1.26,0.33,1,1.39,1.33,1.15,1.02,1.21,0.89,0.25,0.91,0.58,36,35.69
2547.48,36,1.08,0.81,0.98,1.25,0.32,1.02,1.38,1.33,1.15,1.01,1.21,0.88,0.25,0.92,0.58,36,35.7
2548.48,36,1.08,0.81,0.99,1.27,0.33,1.02,1.39,1.33,1.15,1.02,1.21,0.89,0.25,0.92,0.58,36,35.7
2549.48,36,1.07,0.81,0.98,1.27,0.32,1.01,1.38,1.33,1.15,1.01,1.21,0.89,0.24,0.91,0.58,36,35.7
2550.48,36,1.08,0.81,0.98,1.27,0.32,1.02,1.39,1.32,1.15,1.02,1.21,0.89,0.25,0.92,0.58,36,35.7
2551.5,36,1.08,0.81,0.98,1.27,0.32,1.01,1.39,1.33,1.16,1.02,1.21,0.89,0.25,0.92,0.58,36,35.7
2552.5,36,1.08,0.81,0.98,1.27,0.32,1.01,1.39,1.32,1.15,1.01,1.21,0.88,0.25,0.9,0.58,36,35.7
2553.5,36,1.08,0.81,0.98,1.27,0.33,1.01,1.38,1.32,1.15,1.02,1.21,0.89,0.25,0.92,0.58,36,35.7
2554.52,36,1.08,0.82,0.98,1.26,0.32,1.02,1.38,1.32,1.15,1.01,1.21,0.88,0.25,0.91,0.58,36,35.7
2555.52,36,1.08,0.82,0.98,1.27,0.32,1.02,1.4,1.33,1.15,1.02,1.22,0.88,0.25,0.91,0.58,36,35.7
2556.52,36,1.08,0.82,0.99,1.27,0.33,1.01,1.4,1.33,1.15,1.02,1.22,0.9,0.25,0.92,0.59,36,35.7
2557.52,36,1.08,0.82,0.99,1.28,0.33,1.02,1.4,1.34,1.16,1.02,1.21,0.89,0.26,0.92,0.58,36,35.7
2558.52,36,1.08,0.82,1,1.27,0.33,1.02,1.4,1.33,1.16,1.02,1.21,0.88,0.25,0.92,0.58,36,35.7
2559.52,36,1.08,0.8,0.98,1.26,0.32,1.01,1.39,1.34,1.15,1.01,1.2,0.89,0.24,0.92,0.58,36,35.7
2560.52,36,1.08,0.81,0.98,1.26,0.33,1.01,1.4,1.33,1.15,1.01,1.21,0.88,0.25,0.91,0.58,36,35.7
2561.52,36,1.08,0.81,0.98,1.27,0.32,1.02,1.39,1.32,1.15,1.02,1.21,0.88,0.25,0.91,0.58,36,35.7
2562.52,36,1.08,0.82,1,1.27,0.33,1.02,1.4,1.34,1.16,1.02,1.22,0.9,0.25,0.92,0.59,36,35.71
2563.52,36,1.08,0.82,0.99,1.27,0.32,1.02,1.39,1.33,1.16,1.01,1.21,0.89,0.25,0.91,0.58,36,35.7
2564.52,36,1.08,0.82,0.98,1.26,0.32,1.01,1.39,1.32,1.15,1.01,1.21,0.88,0.25,0.91,0.58,36,35.7
2565.53,36,1.08,0.81,0.98,1.26,0.32,1.01,1.39,1.33,1.15,1.02,1.21,0.88,0.25,0.92,0.58,36,35.7
2566.53,36,1.08,0.82,0.98,1.27,0.33,1.02,1.39,1.33,1.15,1.01,1.21,0.89,0.25,0.91,0.58,36,35.71
2567.53,36,1.08,0.82,0.99,1.27,0.33,1.02,1.39,1.33,1.16,1.01,1.21,0.88,0.25,0.92,0.58,36,35.7
2568.53,36,1.08,0.82,0.99,1.27,0.33,1.02,1.39,1.33,1.15,1.01,1.21,0.89,0.25,0.91,0.58,36,35.71
2569.55,36,1.08,0.82,0.99,1.27,0.34,1.02,1.4,1.33,1.17,1.02,1.21,0.89,0.26,0.92,0.59,36,35.71
2570.55,36,1.08,0.81,0.99,1.27,0.33,1.01,1.39,1.33,1.15,1.02,1.21,0.89,0.25,0.92,0.59,36,35.7
2571.55,36,1.08,0.82,0.99,1.26,0.33,1.02,1.39,1.33,1.16,1.01,1.21,0.88,0.25,0.91,0.58,36,35.71
2572.55,36,1.08,0.82,0.98,1.27,0.33,1.02,1.39,1.33,1.15,1.01,1.21,0.88,0.25,0.92,0.58,36,35.73
2573.55,36,1.08,0.82,0.99,1.27,0.33,1.02,1.39,1.33,1.15,1.02,1.21,0.89,0.26,0.91,0.58,36,35.71
2574.57,36,1.08,0.81,0.98,1.27,0.33,1.02,1.38,1.33,1.15,1.01,1.21,0.89,0.25,0.91,0.58,36,35.73
2575.57,36,1.08,0.82,0.99,1.27,0.33,1.02,1.4,1.34,1.15,1.02,1.21,0.88,0.26,0.92,0.58,36,35.71
2576.57,36,1.08,0.82,0.99,1.27,0.33,1.01,1.39,1.33,1.15,1.01,1.21,0.89,0.25,0.92,0.58,36,35.71
2577.57,36,1.08,0.81,0.99,1.27,0.32,1.02,1.4,1.33,1.15,1.02,1.2,0.88,0.25,0.92,0.58,36,35.71
2578.57,36,1.08,0.81,0.99,1.27,0.32,1.03,1.39,1.33,1.16,1.02,1.21,0.9,0.25,0.91,0.59,36,35.7
2579.58,36,1.08,0.82,0.99,1.27,0.34,1.02,1.39,1.34,1.16,1.02,1.22,0.9,0.26,0.92,0.59,36,35.71
2580.58,36,1.08,0.82,0.99,1.27,0.32,1.02,1.4,1.33,1.17,1.02,1.21,0.89,0.25,0.92,0.59,36,35.73
2581.58,36,1.08,0.81,0.98,1.26,0.32,1.01,1.38,1.33,1.15,1,1.21,0.88,0.25,0.91,0.58,36,35.71
2582.58,36,1.08,0.82,0.98,1.27,0.33,1.01,1.39,1.33,1.16,1,1.21,0.88,0.25,0.91,0.58,36,35.71
2583.58,36,1.08,0.81,0.98,1.26,0.32,1.01,1.38,1.32,1.15,1.02,1.2,0.88,0.25,0.92,0.58,36,35.7
2584.58,36,1.08,0.82,0.98,1.27,0.32,1.02,1.39,1.33,1.16,1.02,1.21,0.9,0.25,0.92,0.58,36,35.73
2585.58,36,1.08,0.81,0.99,1.26,0.33,1.02,1.39,1.33,1.15,1.02,1.21,0.89,0.25,0.91,0.58,36,35.73
2586.6,36,1.07,0.82,0.98,1.27,0.32,1.02,1.39,1.33,1.15,1.01,1.21,0.88,0.25,0.91,0.58,36,35.71
2587.6,36,1.08,0.82,1,1.27,0.33,1.02,1.4,1.34,1.17,1.02,1.21,0.9,0.25,0.92,0.59,36,35.71
2588.6,36,1.08,0.82,0.98,1.27,0.32,1.02,1.39,1.33,1.15,1.01,1.21,0.88,0.25,0.92,0.58,36,35.73
2589.6,36,1.08,0.82,0.98,1.27,0.33,1.02,1.39,1.33,1.16,1.02,1.21,0.88,0.25,0.92,0.58,36,35.73
2590.6,36,1.08,0.81,0.98,1.27,0.33,1.02,1.39,1.34,1.16,1.02,1.21,0.89,0.25,0.92,0.59,36,35.73
2591.6,36,1.08,0.82,0.98,1.27,0.32,1.02,1.39,1.34,1.16,1.02,1.21,0.9,0.25,0.92,0.58,36,35.73
2592.6,36,1.09,0.82,1,1.28,0.33,1.02,1.4,1.34,1.16,1.02,1.22,0.9,0.26,0.92,0.59,36,35.73
2593.6,36,1.09,0.82,0.98,1.27,0.33,1.02,1.4,1.33,1.16,1.02,1.21,0.89,0.25,0.92,0.58,36,35.71
2594.6,36,1.08,0.81,0.98,1.26,0.33,1.01,1.39,1.33,1.15,1.01,1.21,0.89,0.25,0.91,0.58,36,35.71
2595.62,36,1.08,0.81,0.99,1.27,0.32,1.02,1.4,1.34,1.16,1.02,1.22,0.89,0.26,0.92,0.59,36,35.71
2596.62,36,1.08,0.82,0.99,1.27,0.34,1.02,1.4,1.34,1.16,1.02,1.22,0.9,0.26,0.92,0.58,36,35.71
2597.62,36,1.08,0.8,0.99,1.27,0.33,1.02,1.39,1.33,1.15,1.02,1.21,0.88,0.25,0.92,0.58,36,35.71
2598.62,36,1.08,0.82,0.98,1.26,0.32,1,1.39,1.33,1.15,1.01,1.21,0.88,0.25,0.91,0.58,36,35.73
2599.62,36,1.08,0.82,0.98,1.27,0.34,1.02,1.4,1.34,1.16,1.02,1.21,0.9,0.26,0.92,0.59,36,35.7
2600.62,36,1.08,0.81,0.98,1.27,0.33,1.02,1.39,1.33,1.16,1.02,1.21,0.89,0.25,0.92,0.58,36,35.7
2601.62,36,1.08,0.82,0.99,1.27,0.32,1,1.39,1.33,1.16,1.02,1.21,0.9,0.25,0.91,0.58,36,35.71
2602.63,36,1.08,0.82,0.99,1.27,0.33,1.02,1.39,1.34,1.16,1.02,1.21,0.89,0.25,0.92,0.58,36,35.71
2603.63,36,1.08,0.82,0.98,1.27,0.32,1.01,1.4,1.33,1.16,1.02,1.21,0.89,0.25,0.92,0.58,36,35.7
2604.63,36,1.08,0.82,0.99,1.27,0.33,1.02,1.39,1.34,1.15,1.02,1.21,0.89,0.25,0.91,0.58,36,35.71
2605.63,36,1.08,0.81,0.99,1.27,0.32,1.02,1.4,1.34,1.17,1.02,1.21,0.89,0.25,0.92,0.58,36,35.7
2606.65,36,1.08,0.82,0.99,1.27,0.33,1.02,1.4,1.33,1.15,1.02,1.21,0.9,0.25,0.92,0.59,36,35.7
2607.65,36,1.08,0.82,0.99,1.27,0.33,1.02,1.4,1.34,1.16,1.02,1.21,0.88,0.25,0.92,0.58,36,35.7
2608.65,36,1.07,0.81,0.98,1.25,0.32,1.01,1.38,1.32,1.15,1,1.21,0.88,0.25,0.91,0.58,36,35.7
2609.65,36,1.08,0.81,0.98,1.27,0.33,1.01,1.4,1.33,1.16,1.02,1.21,0.89,0.25,0.91,0.58,36,35.7
2610.65,36,1.07,0.8,0.98,1.26,0.33,1.01,1.39,1.33,1.16,1.01,1.21,0.89,0.25,0.92,0.58,36,35.7
2611.65,36,1.08,0.81,0.99,1.27,0.33,1.01,1.38,1.33,1.15,1.02,1.21,0.88,0.25,0.92,0.58,36,35.7
2612.67,36,1.08,0.81,0.99,1.27,0.33,1.01,1.39,1.33,1.16,1.02,1.21,0.89,0.25,0.92,0.58,36,35.7
2613.67,36,1.08,0.81,0.98,1.27,0.32,1.02,1.39,1.33,1.15,1,1.21,0.89,0.25,0.91,0.58,36,35.7
2614.67,36,1.08,0.81,0.98,1.27,0.32,1.02,1.38,1.32,1.15,1.01,1.21,0.88,0.25,0.92,0.58,36,35.69
2615.67,36,1.08,0.81,0.98,1.27,0.32,1,1.38,1.32,1.15,1.02,1.21,0.89,0.25,0.91,0.58,36,35.69
2616.67,36,1.08,0.82,0.98,1.27,0.34,1.01,1.39,1.33,1.16,1.01,1.22,0.89,0.25,0.91,0.58,36,35.7
2617.68,36,1.08,0.82,0.98,1.26,0.33,1.01,1.38,1.33,1.15,1.02,1.21,0.88,0.25,0.92,0.58,36,35.7
2618.68,36,1.08,0.81,0.98,1.26,0.33,1.01,1.39,1.33,1.15,1.02,1.21,0.89,0.25,0.92,0.58,36,35.7
2619.68,36,1.08,0.81,0.98,1.27,0.33,1.01,1.39,1.33,1.15,1,1.21,0.89,0.25,0.91,0.58,36,35.7
2620.7,36,1.07,0.81,0.98,1.27,0.32,1.02,1.39,1.33,1.15,1.01,1.21,0.89,0.25,0.91,0.58,36,35.7
2621.7,36,1.08,0.81,0.98,1.26,0.32,1.01,1.38,1.31,1.15,1.01,1.21,0.88,0.25,0.91,0.58,36,35.7
2622.7,36,1.08,0.82,0.99,1.26,0.33,1.01,1.4,1.33,1.16,1.02,1.21,0.89,0.25,0.91,0.58,36,35.69
2623.7,36,1.08,0.82,0.99,1.27,0.33,1.02,1.38,1.34,1.15,1.02,1.21,0.89,0.25,0.92,0.58,36,35.7
2624.7,36,1.08,0.81,0.99,1.27,0.33,1.02,1.39,1.33,1.16,1.02,1.21,0.89,0.25,0.91,0.58,36,35.7
2625.7,36,1.08,0.81,0.98,1.27,0.32,1,1.39,1.33,1.15,1.01,1.21,0.89,0.25,0.92,0.58,36,35.7
2626.7,36,1.08,0.8,0.98,1.27,0.32,1,1.38,1.32,1.15,1.01,1.21,0.88,0.24,0.91,0.58,36,35.69
2627.7,36,1.08,0.82,0.98,1.27,0.34,1.02,1.39,1.33,1.16,1.01,1.21,0.89,0.25,0.92,0.58,36,35.7
2628.7,36,1.08,0.82,0.98,1.27,0.33,1.02,1.4,1.34,1.16,1.02,1.22,0.88,0.25,0.91,0.58,36,35.69
2629.72,36,1.08,0.81,0.98,1.26,0.32,1.02,1.4,1.33,1.15,1.01,1.21,0.89,0.25,0.92,0.58,36,35.7
2630.72,36,1.08,0.82,0.99,1.27,0.33,1.02,1.4,1.32,1.15,1.02,1.21,0.89,0.25,0.91,0.58,36,35.7
2631.72,36,1.08,0.81,0.99,1.27,0.32,1.02,1.39,1.34,1.15,1.02,1.21,0.88,0.25,0.91,0.58,36,35.7
2632.72,36,1.08,0.82,0.99,1.27,0.33,1,1.4,1.33,1.16,1.02,1.21,0.89,0.25,0.92,0.58,36,35.7
2633.73,36,1.08,0.82,0.99,1.27,0.33,1.02,1.39,1.33,1.16,1.02,1.21,0.89,0.25,0.92,0.58,36,35.7
2634.73,36,1.08,0.81,0.98,1.27,0.32,1.01,1.39,1.33,1.15,1,1.21,0.89,0.25,0.91,0.58,36,35.7
2635.73,36,1.07,0.82,0.98,1.26,0.32,1.02,1.38,1.33,1.15,1.01,1.21,0.88,0.24,0.91,0.58,36,35.7
2636.73,36,1.08,0.82,0.98,1.26,0.33,1,1.39,1.33,1.15,1,1.21,0.88,0.25,0.91,0.58,36,35.7
2637.75,36,1.08,0.8,0.98,1.26,0.32,1,1.39,1.33,1.15,1.01,1.21,0.88,0.25,0.91,0.58,36,35.7
2638.75,36,1.08,0.81,0.99,1.27,0.33,1.02,1.38,1.34,1.16,1.02,1.21,0.89,0.25,0.91,0.58,36,35.7
2639.75,36,1.08,0.81,0.99,1.27,0.33,1.01,1.4,1.34,1.16,1.02,1.21,0.89,0.25,0.92,0.59,36,35.7
2640.77,36,1.08,0.8,0.98,1.27,0.32,1.01,1.39,1.32,1.15,1,1.21,0.88,0.25,0.91,0.58,36,35.7
2641.77,36,1.08,0.82,0.98,1.27,0.32,1.01,1.39,1.33,1.15,1.02,1.2,0.88,0.25,0.92,0.58,36,35.7
2642.77,36,1.08,0.82,0.99,1.26,0.33,1.02,1.39,1.33,1.16,1.01,1.21,0.88,0.25,0.92,0.58,36,35.7
2643.78,36,1.08,0.82,0.98,1.27,0.32,1.02,1.39,1.32,1.15,1.02,1.21,0.88,0.25,0.91,0.58,36,35.7
2644.78,36,1.08,0.82,0.98,1.27,0.32,1,1.39,1.34,1.15,1.01,1.21,0.88,0.25,0.91,0.58,36,35.7
2645.78,36,1.08,0.82,0.98,1.27,0.33,1.02,1.4,1.34,1.15,1.01,1.21,0.89,0.25,0.91,0.58,36,35.7
2646.78,36,1.08,0.81,0.98,1.26,0.33,1,1.39,1.33,1.15,1.02,1.21,0.89,0.25,0.91,0.58,36,35.7
2647.78,36,1.08,0.81,0.98,1.26,0.32,1,1.38,1.33,1.15,1,1.21,0.88,0.24,0.91,0.58,36,35.7
2648.8,36,1.08,0.82,0.99,1.26,0.33,1,1.4,1.33,1.15,1.02,1.21,0.88,0.25,0.92,0.58,36,35.7
2649.8,36,1.08,0.82,0.98,1.27,0.32,1.01,1.39,1.33,1.15,1.01,1.21,0.88,0.25,0.91,0.58,36,35.7
2650.8,36,1.08,0.82,0.99,1.27,0.32,1,1.39,1.33,1.15,1.02,1.21,0.89,0.25,0.91,0.58,36,35.69
2651.8,36,1.08,0.81,0.98,1.27,0.33,1.02,1.38,1.32,1.15,1.01,1.21,0.89,0.25,0.91,0.58,36,35.7
2652.8,36,1.08,0.82,0.99,1.27,0.33,1.02,1.38,1.33,1.15,1.01,1.21,0.88,0.25,0.91,0.58,36,35.7
2653.82,36,1.08,0.82,0.98,1.27,0.32,1.02,1.39,1.33,1.15,1.02,1.21,0.88,0.25,0.92,0.58,36,35.7
2654.82,36,1.08,0.8,0.99,1.27,0.33,1,1.39,1.34,1.16,1.02,1.21,0.88,0.25,0.91,0.58,36,35.7
2655.83,36,1.08,0.8,0.98,1.27,0.32,1.01,1.38,1.33,1.15,1.01,1.2,0.89,0.24,0.92,0.58,36,35.7
2656.83,36,1.08,0.82,0.99,1.27,0.33,1.02,1.39,1.33,1.16,1.01,1.21,0.9,0.25,0.91,0.58,36,35.7
2657.83,36,1.08,0.81,0.98,1.27,0.32,1.01,1.39,1.33,1.16,1.02,1.21,0.89,0.25,0.91,0.58,36,35.7
2658.83,36,1.08,0.81,0.98,1.27,0.32,1.02,1.39,1.33,1.15,1.02,1.21,0.89,0.25,0.91,0.58,36,35.7
2659.83,36,1.08,0.81,0.99,1.27,0.33,1.02,1.39,1.33,1.16,1.01,1.22,0.88,0.25,0.92,0.59,36,35.7
2660.85,36,1.08,0.8,0.98,1.25,0.32,1.02,1.38,1.32,1.15,1,1.2,0.88,0.24,0.91,0.57,36,35.7
2661.85,36,1.08,0.81,0.99,1.27,0.32,1.02,1.4,1.34,1.16,1.01,1.21,0.89,0.25,0.92,0.58,36,35.7
2662.85,36,1.08,0.8,0.98,1.27,0.32,1.01,1.38,1.33,1.15,1.02,1.21,0.89,0.25,0.92,0.58,36,35.71
2663.85,36,1.08,0.81,0.98,1.27,0.32,1.01,1.39,1.33,1.15,1.01,1.21,0.89,0.25,0.91,0.58,36,35.7
2664.85,36,1.08,0.81,0.98,1.26,0.32,1.02,1.39,1.34,1.15,1.02,1.21,0.89,0.25,0.92,0.58,36,35.7
2665.85,36,1.08,0.82,0.98,1.27,0.33,1,1.39,1.33,1.16,1.01,1.21,0.88,0.25,0.92,0.58,36,35.7
2666.87,36,1.08,0.8,0.98,1.27,0.33,1.01,1.39,1.33,1.16,1.02,1.21,0.89,0.25,0.92,0.58,36,35.71
2667.87,36,1.08,0.82,0.98,1.25,0.33,1.02,1.39,1.33,1.15,1.02,1.21,0.88,0.25,0.91,0.58,36,35.7
2668.87,36,1.08,0.81,0.98,1.26,0.32,1.02,1.39,1.32,1.15,1.01,1.21,0.89,0.24,0.91,0.58,36,35.7
2669.87,36,1.08,0.81,0.98,1.27,0.32,1.02,1.39,1.33,1.15,1.01,1.21,0.88,0.25,0.92,0.58,36,35.7
2670.87,36,1.08,0.81,0.98,1.27,0.32,1.02,1.39,1.33,1.15,1.01,1.21,0.88,0.25,0.92,0.58,36,35.69
2671.87,36,1.08,0.82,0.99,1.27,0.33,1.02,1.4,1.34,1.16,1.02,1.21,0.88,0.25,0.92,0.58,36,35.7
2672.87,36,1.08,0.81,0.98,1.27,0.33,1.02,1.39,1.33,1.15,1.02,1.21,0.89,0.25,0.91,0.58,36,35.7
2673.87,36,1.08,0.82,0.98,1.27,0.33,1.02,1.39,1.34,1.15,1.02,1.21,0.89,0.25,0.92,0.58,36,35.7
2674.88,36,1.08,0.82,0.99,1.26,0.32,1,1.39,1.33,1.16,1.02,1.22,0.9,0.25,0.92,0.58,36,35.7
2675.88,36,1.08,0.82,0.99,1.28,0.33,1.02,1.4,1.34,1.16,1.02,1.22,0.88,0.25,0.92,0.59,36,35.7
2676.88,36,1.08,0.81,0.98,1.27,0.32,1.02,1.39,1.33,1.15,1.01,1.21,0.88,0.25,0.91,0.58,36,35.7
2677.9,36,1.08,0.8,0.98,1.27,0.32,1,1.39,1.33,1.15,1.02,1.21,0.89,0.25,0.92,0.58,36,35.7
2678.9,36,1.08,0.81,0.98,1.27,0.32,1.01,1.39,1.33,1.15,1,1.21,0.89,0.24,0.92,0.58,36,35.7
2679.9,36,1.07,0.8,0.97,1.26,0.32,1,1.38,1.31,1.14,1.01,1.2,0.87,0.25,0.9,0.57,36,35.7
2680.9,36,1.08,0.82,0.98,1.26,0.32,1.02,1.39,1.34,1.15,1.01,1.21,0.89,0.25,0.91,0.58,36,35.7
2681.9,36,1.08,0.81,0.98,1.26,0.32,1.02,1.38,1.33,1.15,1.01,1.21,0.88,0.25,0.91,0.58,36,35.69
2682.92,36,1.08,0.82,0.98,1.27,0.33,1,1.38,1.33,1.15,1.02,1.21,0.89,0.25,0.91,0.58,36,35.7
2683.92,36,1.08,0.81,0.98,1.26,0.32,1.01,1.38,1.32,1.15,1,1.2,0.88,0.24,0.91,0.58,36,35.7
2684.92,36,1.08,0.81,0.98,1.26,0.32,1.02,1.39,1.33,1.15,1.01,1.2,0.88,0.25,0.9,0.58,36,35.7
2685.92,36,1.07,0.81,0.98,1.27,0.32,1.02,1.38,1.32,1.15,1,1.21,0.88,0.24,0.91,0.58,36,35.7
2686.93,36,1.08,0.81,0.98,1.26,0.32,1.01,1.39,1.33,1.15,1.02,1.21,0.89,0.25,0.92,0.58,36,35.7
2687.93,36,1.08,0.81,0.99,1.27,0.32,1.02,1.39,1.34,1.16,1.02,1.21,0.88,0.25,0.91,0.58,36,35.7
2688.93,36,1.07,0.81,0.98,1.26,0.32,1.01,1.38,1.32,1.15,1,1.2,0.88,0.25,0.91,0.57,36,35.7
2689.95,36,1.08,0.82,0.98,1.27,0.32,1.02,1.39,1.33,1.16,1.02,1.21,0.89,0.25,0.91,0.58,36,35.7
2690.95,36,1.08,0.81,0.98,1.27,0.33,1.02,1.4,1.33,1.16,1.02,1.21,0.89,0.25,0.92,0.58,36,35.69
2691.95,36,1.08,0.82,0.98,1.26,0.32,1.02,1.38,1.33,1.16,1.01,1.21,0.88,0.25,0.91,0.58,36,35.7
2692.97,36,1.08,0.81,0.98,1.26,0.32,1.02,1.38,1.33,1.15,1.01,1.21,0.88,0.25,0.91,0.58,36,35.7
2693.97,36,1.07,0.8,0.98,1.26,0.32,1.01,1.38,1.32,1.15,1.01,1.21,0.89,0.24,0.91,0.58,36,35.7
2694.97,36,1.08,0.81,0.98,1.27,0.32,1.01,1.4,1.33,1.15,1.01,1.21,0.88,0.25,0.92,0.58,36,35.69
2695.97,36,1.08,0.81,0.98,1.27,0.32,1.02,1.39,1.32,1.15,1.01,1.21,0.89,0.25,0.91,0.58,36,35.7
2696.97,36,1.06,0.8,0.98,1.27,0.32,1,1.38,1.32,1.15,1,1.2,0.88,0.25,0.91,0.58,36,35.69
2697.98,36,1.08,0.82,0.99,1.27,0.33,1.02,1.4,1.33,1.15,1.01,1.21,0.89,0.25,0.91,0.58,36,35.69
2698.98,36,1.08,0.81,0.98,1.26,0.32,1.02,1.38,1.32,1.15,1,1.2,0.89,0.24,0.91,0.58,36,35.69
2699.98,36,1.08,0.81,0.98,1.27,0.33,1.01,1.4,1.34,1.15,1.02,1.21,0.88,0.25,0.92,0.58,36,35.69
2700.98,36,1.08,0.81,0.98,1.27,0.32,1,1.39,1.33,1.15,1.01,1.2,0.88,0.25,0.91,0.58,36,35.68
2701.98,36,1.08,0.81,0.98,1.27,0.33,1.01,1.39,1.33,1.16,1.02,1.21,0.89,0.25,0.92,0.58,36,35.68
2702.98,36,1.08,0.81,0.98,1.26,0.32,1.02,1.39,1.33,1.15,1.01,1.2,0.88,0.25,0.92,0.58,36,35.69
2704,36,1.08,0.81,0.99,1.27,0.32,1.02,1.4,1.34,1.16,1.02,1.21,0.89,0.25,0.92,0.58,36,35.69
2705,36,1.08,0.81,0.98,1.26,0.32,1.01,1.39,1.33,1.15,1.01,1.21,0.88,0.25,0.91,0.58,36,35.69
2706,36,1.08,0.8,0.98,1.27,0.32,1.01,1.39,1.34,1.15,1.02,1.21,0.89,0.25,0.92,0.58,36,35.69
2707,36,1.08,0.8,0.98,1.27,0.32,1.01,1.38,1.32,1.15,1.01,1.2,0.88,0.24,0.9,0.57,36,35.68
2708,36,1.08,0.81,0.98,1.27,0.32,1.02,1.39,1.33,1.16,1.01,1.21,0.88,0.26,0.92,0.58,36,35.69
2709.02,36,1.07,0.8,0.98,1.26,0.32,1,1.38,1.32,1.14,1,1.2,0.88,0.24,0.9,0.58,36,35.68
2710.02,36,1.08,0.82,0.98,1.26,0.33,1.02,1.39,1.34,1.15,1.01,1.21,0.89,0.25,0.92,0.58,36,35.68
2711.02,36,1.08,0.81,0.99,1.26,0.33,1.01,1.39,1.33,1.15,1.02,1.21,0.88,0.25,0.92,0.58,36,35.69
2712.02,36,1.08,0.82,0.98,1.27,0.32,1.02,1.38,1.33,1.15,1.01,1.21,0.89,0.25,0.92,0.58,36,35.69
2713.02,36,1.08,0.81,0.98,1.26,0.32,1.01,1.39,1.33,1.15,1.01,1.21,0.89,0.25,0.91,0.58,36,35.69
2714.02,36,1.08,0.81,0.98,1.27,0.32,1.01,1.39,1.33,1.15,1.01,1.21,0.88,0.24,0.91,0.58,36,35.7
2715.03,36,1.08,0.81,0.98,1.26,0.32,1.01,1.39,1.33,1.15,1,1.21,0.88,0.25,0.91,0.58,36,35.69
2716.03,36,1.08,0.81,0.98,1.27,0.32,1.02,1.38,1.33,1.15,1.01,1.21,0.88,0.25,0.91,0.58,36,35.69
2717.03,36,1.08,0.82,0.98,1.27,0.33,1.02,1.4,1.33,1.15,1.02,1.21,0.89,0.25,0.91,0.59,36,35.69
2718.03,36,1.08,0.81,0.98,1.27,0.33,1.02,1.39,1.33,1.15,1.01,1.21,0.89,0.25,0.92,0.58,36,35.69
2719.03,36,1.08,0.82,0.98,1.27,0.33,1.02,1.39,1.33,1.16,1.02,1.21,0.89,0.25,0.91,0.58,36,35.69
2720.03,36,1.07,0.8,0.98,1.25,0.32,1,1.38,1.32,1.15,1.01,1.21,0.88,0.24,0.91,0.58,36,35.69
2721.05,36,1.07,0.8,0.98,1.26,0.32,1.01,1.38,1.33,1.15,1.01,1.2,0.88,0.25,0.91,0.58,36,35.69
2722.05,36,1.08,0.81,0.99,1.27,0.32,1.02,1.39,1.33,1.15,1.02,1.21,0.88,0.25,0.91,0.58,36,35.69
2723.05,36,1.07,0.8,0.97,1.26,0.32,1.01,1.38,1.32,1.14,1,1.2,0.88,0.24,0.9,0.57,36,35.69
2724.07,36,1.07,0.8,0.98,1.26,0.32,1.01,1.38,1.32,1.15,1.01,1.21,0.88,0.23,0.91,0.57,36,35.68
2725.07,36,1.08,0.8,0.98,1.26,0.32,1.02,1.39,1.32,1.16,1.01,1.21,0.88,0.25,0.91,0.58,36,35.69
2726.07,36,1.08,0.81,0.98,1.26,0.32,1,1.38,1.32,1.15,1.01,1.21,0.88,0.25,0.91,0.57,36,35.69
2727.07,36,1.08,0.81,0.98,1.27,0.32,1.02,1.39,1.33,1.15,1.01,1.2,0.88,0.24,0.9,0.58,36,35.69
2728.07,36,1.08,0.81,0.98,1.26,0.33,1.01,1.38,1.32,1.15,1.02,1.2,0.88,0.25,0.91,0.57,36,35.69
2729.08,36,1.08,0.8,0.98,1.27,0.32,1.01,1.38,1.33,1.15,1,1.21,0.89,0.25,0.91,0.58,36,35.69
2730.08,36,1.07,0.81,0.98,1.26,0.32,1.02,1.38,1.33,1.16,1.01,1.21,0.88,0.24,0.91,0.58,36,35.68
2731.08,36,1.08,0.82,0.99,1.27,0.33,1.02,1.4,1.34,1.16,1.02,1.21,0.89,0.25,0.92,0.58,36,35.7
