Time,T,OTU16_R1,OTU17_R1,OTU18_R1,OTU16_R2,OTU17_R2,OTU18_R2,OTU16_R3,OTU17_R3,OTU18_R3,OTU16_R4,OTU17_R4,OTU18_R4,OTU16_R5,OTU17_R5,OTU18_R5
0.03,44,3.75,3.17,3.5,3.74,2.94,3.17,3.25,3.46,3.21,3.07,3.18,3.54,3.66,2.87,3.05
1.03,44,3.99,3.39,3.88,3.91,3.18,3.41,3.44,3.63,3.57,3.25,3.38,3.75,3.9,3.07,3.3
2.03,44,4.28,3.63,4.22,4.1,3.42,3.69,3.6,3.86,4.04,3.42,3.58,4.01,4.1,3.27,3.58
3.03,44,4.56,3.88,4.51,4.28,3.69,3.97,3.75,4.06,4.43,3.58,3.78,4.29,4.25,3.48,3.9
4.03,44,4.84,4.13,4.77,4.47,3.96,4.26,3.93,4.27,4.71,3.76,3.98,4.57,4.4,3.68,4.18
5.03,44,5.09,4.37,5.01,4.66,4.2,4.5,4.11,4.47,4.94,3.92,4.17,4.83,4.59,3.88,4.46
6.03,44,5.32,4.58,5.24,4.84,4.41,4.74,4.28,4.65,5.14,4.07,4.36,5.08,4.79,4.07,4.73
7.03,44,5.54,4.81,5.47,5.02,4.61,4.98,4.46,4.84,5.34,4.22,4.55,5.32,5,4.26,5
8.029999999999998,44,5.73,5.01,5.69,5.2,4.79,5.21,4.63,5.03,5.53,4.36,4.73,5.54,5.19,4.43,5.24
9.05,44,5.93,5.22,5.9,5.36,4.97,5.45,4.8,5.22,5.73,4.5,4.91,5.75,5.39,4.61,5.47
10.05,44,6.12,5.42,6.11,5.54,5.15,5.67,4.97,5.4,5.91,4.64,5.09,5.98,5.58,4.79,5.7
11.05,44,6.29,5.63,6.3,5.69,5.32,5.85,5.12,5.58,6.08,4.77,5.25,6.17,5.75,4.95,5.9
12.05,44,6.47,5.82,6.48,5.85,5.49,6.05,5.28,5.75,6.26,4.89,5.42,6.38,5.92,5.1,6.12
13.05,44,6.62,5.98,6.65,5.99,5.64,6.24,5.43,5.9,6.41,5.01,5.58,6.55,6.08,5.24,6.28
14.05,44,6.77,6.16,6.81,6.16,5.79,6.43,5.57,6.07,6.59,5.12,5.75,6.72,6.24,5.4,6.47
15.05,44,6.92,6.32,6.96,6.29,5.95,6.58,5.7,6.22,6.75,5.23,5.9,6.9,6.39,5.54,6.64
16.05,44,7.04,6.47,7.09,6.42,6.08,6.75,5.84,6.36,6.88,5.33,6.04,7.04,6.53,5.65,6.79
17.05,44,7.18,6.63,7.21,6.55,6.23,6.9,5.98,6.51,7.03,5.42,6.19,7.19,6.68,5.79,6.94
18.05,44,7.3,6.76,7.33,6.68,6.34,7.05,6.1,6.64,7.16,5.5,6.32,7.32,6.8,5.89,7.08
19.05,44,7.41,6.87,7.44,6.8,6.46,7.19,6.2,6.77,7.28,5.6,6.45,7.44,6.92,5.98,7.2
20.05,44,7.52,7.02,7.54,6.92,6.58,7.32,6.33,6.92,7.4,5.69,6.58,7.57,7.03,6.08,7.33
21.05,44,7.63,7.14,7.65,7.03,6.7,7.44,6.45,7.04,7.52,5.76,6.7,7.67,7.15,6.18,7.45
22.05,44,7.73,7.25,7.73,7.14,6.79,7.55,6.55,7.16,7.62,5.82,6.82,7.79,7.27,6.27,7.55
23.05,44,7.81,7.36,7.81,7.24,6.89,7.66,6.65,7.28,7.71,5.9,6.92,7.89,7.37,6.35,7.65
24.07,44,7.89,7.45,7.88,7.34,6.97,7.75,6.76,7.39,7.81,5.97,7.03,7.98,7.46,6.43,7.74
25.07,44,7.99,7.54,7.95,7.44,7.08,7.84,6.86,7.5,7.89,6.03,7.13,8.07,7.57,6.5,7.83
26.07,44,8.07,7.66,8.02,7.53,7.15,7.95,6.95,7.61,7.98,6.08,7.24,8.17,7.66,6.57,7.91
27.07,44,8.15,7.72,8.08,7.61,7.24,8.02,7.03,7.7,8.06,6.13,7.32,8.23,7.74,6.63,7.99
28.07,44,8.21,7.8,8.13,7.7,7.3,8.09,7.12,7.8,8.12,6.19,7.41,8.32,7.83,6.68,8.07
29.08,44,8.279999999999998,7.89,8.18,7.78,7.37,8.17,7.21,7.89,8.199999999999998,6.24,7.51,8.38,7.9,6.75,8.14
30.08,44,8.33,7.95,8.22,7.85,7.44,8.24,7.27,7.98,8.26,6.27,7.58,8.449999999999998,7.98,6.8,8.19
31.08,44,8.39,8.02,8.27,7.91,7.5,8.31,7.37,8.07,8.31,6.31,7.66,8.51,8.05,6.85,8.26
32.08,44,8.47,8.09,8.31,8,7.56,8.38,7.45,8.17,8.39,6.35,7.74,8.59,8.14,6.92,8.33
33.1,44,8.52,8.16,8.36,8.06,7.61,8.43,7.51,8.25,8.44,6.39,7.81,8.64,8.199999999999998,6.95,8.38
34.1,44,8.55,8.199999999999998,8.38,8.12,7.66,8.49,7.57,8.33,8.47,6.41,7.88,8.68,8.25,6.99,8.41
35.1,44,8.61,8.27,8.39,8.17,7.7,8.54,7.64,8.4,8.52,6.45,7.94,8.72,8.33,7.02,8.46
36.1,44,8.65,8.32,8.43,8.24,7.75,8.59,7.7,8.49,8.56,6.46,8,8.77,8.38,7.06,8.51
37.1,44,8.68,8.36,8.46,8.279999999999998,7.78,8.64,7.75,8.55,8.6,6.48,8.06,8.81,8.42,7.08,8.529999999999998
38.1,44,8.74,8.41,8.48,8.34,7.82,8.68,7.81,8.62,8.65,6.53,8.11,8.86,8.48,7.1,8.59
39.1,44,8.76,8.43,8.5,8.38,7.85,8.72,7.86,8.67,8.68,6.54,8.17,8.91,8.52,7.14,8.63
40.1,44,8.8,8.48,8.51,8.41,7.89,8.77,7.9,8.74,8.71,6.55,8.19,8.93,8.58,7.16,8.65
41.1,44,8.82,8.51,8.52,8.43,7.9,8.8,7.95,8.79,8.74,6.56,8.24,8.96,8.63,7.17,8.69
42.1,44,8.86,8.55,8.55,8.49,7.94,8.84,8,8.85,8.79,6.58,8.29,9.01,8.66,7.2,8.73
43.1,44,8.9,8.59,8.57,8.52,7.96,8.88,8.029999999999998,8.9,8.81,6.59,8.33,9.04,8.699999999999998,7.2,8.75
44.1,44,8.91,8.6,8.57,8.55,7.98,8.9,8.07,8.94,8.83,6.59,8.36,9.06,8.74,7.22,8.77
45.1,44,8.94,8.64,8.59,8.56,8,8.93,8.12,9.01,8.85,6.6,8.4,9.1,8.77,7.24,8.8
46.1,44,8.96,8.64,8.59,8.6,8.02,8.96,8.14,9.02,8.86,6.61,8.44,9.11,8.81,7.24,8.82
47.1,44,8.98,8.68,8.6,8.61,8.029999999999998,8.99,8.18,9.06,8.88,6.63,8.48,9.14,8.83,7.25,8.84
48.1,44,9,8.71,8.61,8.63,8.04,9.02,8.23,9.1,8.9,6.63,8.49,9.16,8.86,7.25,8.87
49.1,44,9.03,8.73,8.62,8.65,8.06,9.04,8.25,9.13,8.93,6.63,8.52,9.19,8.9,7.26,8.9
50.12,44,9.04,8.75,8.62,8.65,8.07,9.05,8.27,9.16,8.94,6.63,8.54,9.22,8.91,7.26,8.9
51.12,44,9.06,8.77,8.61,8.67,8.07,9.08,8.3,9.2,8.96,6.63,8.59,9.24,8.94,7.26,8.92
52.12,44,9.06,8.779999999999998,8.59,8.69,8.07,9.1,8.32,9.23,8.949999999999998,6.62,8.6,9.24,8.949999999999998,7.25,8.94
53.12,44,9.09,8.81,8.62,8.69,8.07,9.13,8.36,9.26,8.98,6.63,8.63,9.28,8.99,7.26,8.97
54.12,44,9.1,8.83,8.62,8.71,8.07,9.15,8.38,9.3,8.99,6.62,8.64,9.28,9.01,7.26,8.99
55.12,44,9.12,8.83,8.6,8.71,8.05,9.16,8.38,9.3,9,6.63,8.66,9.31,9.02,7.26,8.99
56.13,44,9.14,8.84,8.61,8.72,8.06,9.18,8.42,9.33,9.01,6.62,8.69,9.31,9.02,7.26,9.01
57.13,44,9.14,8.86,8.61,8.72,8.06,9.2,8.42,9.33,9.01,6.61,8.69,9.31,9.04,7.25,9.01
58.13,44,9.15,8.88,8.62,8.72,8.06,9.2,8.46,9.35,9.03,6.61,8.71,9.35,9.06,7.25,9.03
59.13,44,9.17,8.89,8.61,8.72,8.07,9.22,8.48,9.38,9.03,6.6,8.74,9.35,9.06,7.24,9.04
60.13,44,9.18,8.91,8.61,8.71,8.06,9.23,8.5,9.4,9.04,6.58,8.76,9.37,9.08,7.24,9.06
61.13,44,9.19,8.92,8.61,8.74,8.06,9.26,8.51,9.41,9.05,6.6,8.779999999999998,9.37,9.09,7.22,9.07
62.13,44,9.21,8.94,8.61,8.75,8.07,9.27,8.52,9.44,9.05,6.58,8.8,9.4,9.11,7.22,9.09
63.13,44,9.22,8.949999999999998,8.61,8.73,8.06,9.28,8.54,9.45,9.06,6.58,8.81,9.4,9.13,7.22,9.09
64.15,44,9.22,8.949999999999998,8.6,8.73,8.05,9.28,8.56,9.47,9.06,6.58,8.82,9.41,9.13,7.21,9.1
65.15,44,9.23,8.94,8.58,8.74,8.02,9.29,8.56,9.47,9.06,6.57,8.83,9.41,9.14,7.2,9.1
66.15,44,9.23,8.96,8.58,8.73,8.029999999999998,9.3,8.58,9.49,9.06,6.58,8.84,9.44,9.16,7.19,9.12
67.15,44,9.25,8.98,8.59,8.74,8.02,9.31,8.59,9.5,9.07,6.56,8.86,9.43,9.17,7.18,9.13
68.15,44,9.26,8.98,8.58,8.73,8.029999999999998,9.32,8.6,9.51,9.07,6.58,8.88,9.44,9.18,7.18,9.13
69.15,44,9.25,8.99,8.57,8.72,8.02,9.31,8.61,9.52,9.06,6.56,8.88,9.46,9.18,7.16,9.12
70.15,44,9.28,9,8.57,8.71,8.029999999999998,9.33,8.63,9.55,9.06,6.56,8.89,9.47,9.21,7.16,9.15
71.15,44,9.26,8.99,8.55,8.699999999999998,8,9.33,8.63,9.53,9.07,6.55,8.89,9.46,9.2,7.14,9.15
72.15,44,9.27,9.01,8.55,8.69,8,9.34,8.64,9.56,9.06,6.54,8.91,9.48,9.2,7.13,9.14
73.17,44,9.27,9.01,8.529999999999998,8.68,7.99,9.34,8.64,9.55,9.05,6.54,8.91,9.49,9.2,7.11,9.15
74.17,44,9.28,9.01,8.529999999999998,8.67,7.99,9.35,8.64,9.57,9.06,6.54,8.92,9.48,9.2,7.09,9.14
75.17,44,9.28,9.01,8.529999999999998,8.67,7.98,9.35,8.65,9.57,9.05,6.54,8.92,9.5,9.22,7.09,9.15
76.17,44,9.28,9.01,8.51,8.64,7.97,9.35,8.66,9.58,9.04,6.54,8.94,9.5,9.21,7.08,9.15
77.17,44,9.28,9,8.51,8.66,7.98,9.37,8.67,9.58,9.04,6.54,8.93,9.5,9.21,7.07,9.16
78.17,44,9.28,9.03,8.5,8.65,7.97,9.36,8.66,9.58,9.05,6.54,8.94,9.5,9.22,7.05,9.15
79.17,44,9.29,9.03,8.49,8.63,7.96,9.36,8.67,9.59,9.04,6.54,8.96,9.52,9.22,7.03,9.17
80.18,44,9.29,9.01,8.48,8.61,7.96,9.35,8.68,9.59,9.03,6.53,8.949999999999998,9.51,9.23,7.02,9.16
81.18,44,9.3,9.03,8.47,8.6,7.96,9.37,8.69,9.6,9.04,6.53,8.97,9.52,9.24,7.03,9.16
82.18,44,9.29,9.03,8.46,8.61,7.95,9.37,8.68,9.61,9.02,6.51,8.96,9.52,9.23,7,9.16
83.18,44,9.28,9.04,8.44,8.59,7.93,9.36,8.67,9.61,9.01,6.49,8.96,9.52,9.23,6.98,9.17
84.18,44,9.3,9.05,8.44,8.57,7.93,9.38,8.69,9.62,9.02,6.5,8.97,9.54,9.25,6.98,9.17
85.2,44,9.31,9.06,8.44,8.56,7.95,9.38,8.699999999999998,9.63,9.01,6.5,8.98,9.54,9.25,6.97,9.18
86.2,44,9.3,9.05,8.42,8.55,7.93,9.38,8.71,9.62,9.01,6.5,8.99,9.54,9.24,6.96,9.18
87.2,44,9.31,9.04,8.4,8.54,7.92,9.38,8.71,9.62,9.01,6.49,8.99,9.53,9.24,6.96,9.18
88.2,44,9.3,9.06,8.4,8.52,7.9,9.39,8.72,9.63,9.01,6.49,8.99,9.54,9.25,6.95,9.19
89.2,44,9.31,9.06,8.39,8.52,7.91,9.38,8.72,9.63,9.01,6.49,8.98,9.54,9.25,6.96,9.17
90.2,44,9.3,9.05,8.37,8.51,7.89,9.39,8.71,9.63,9,6.48,8.98,9.54,9.24,6.95,9.18
91.2,44,9.3,9.06,8.38,8.49,7.89,9.4,8.72,9.64,9,6.48,8.99,9.55,9.25,6.94,9.18
92.2,44,9.3,9.05,8.37,8.49,7.89,9.39,8.73,9.63,8.98,6.48,8.99,9.55,9.25,6.94,9.18
93.22,44,9.31,9.05,8.36,8.46,7.89,9.41,8.74,9.65,8.99,6.47,8.99,9.57,9.26,6.94,9.18
94.22,44,9.3,9.06,8.33,8.46,7.87,9.39,8.74,9.63,8.98,6.48,8.99,9.55,9.25,6.93,9.18
95.22,44,9.31,9.06,8.33,8.449999999999998,7.88,9.4,8.74,9.64,8.98,6.48,8.99,9.56,9.26,6.93,9.19
96.22,44,9.31,9.06,8.32,8.449999999999998,7.87,9.4,8.75,9.64,8.98,6.47,8.99,9.54,9.26,6.93,9.19
97.22,44,9.3,9.05,8.29,8.42,7.84,9.39,8.75,9.64,8.96,6.46,8.98,9.54,9.25,6.93,9.17
98.22,44,9.3,9.05,8.3,8.41,7.84,9.39,8.77,9.65,8.96,6.47,8.99,9.56,9.26,6.93,9.18
99.23,44,9.31,9.05,8.29,8.42,7.83,9.4,8.76,9.64,8.949999999999998,6.47,8.99,9.56,9.27,6.93,9.18
100.23,44,9.3,9.05,8.279999999999998,8.41,7.83,9.39,8.76,9.65,8.94,6.46,9,9.56,9.26,6.92,9.19
101.23,44,9.3,9.06,8.27,8.39,7.82,9.38,8.76,9.64,8.93,6.46,8.99,9.54,9.25,6.91,9.19
102.25,44,9.31,9.05,8.27,8.39,7.81,9.39,8.77,9.65,8.94,6.46,9.01,9.56,9.27,6.9,9.18
103.25,44,9.3,9.05,8.26,8.37,7.8,9.4,8.76,9.65,8.92,6.46,9,9.54,9.27,6.88,9.18
104.25,44,9.3,9.05,8.24,8.38,7.79,9.39,8.77,9.64,8.92,6.45,9,9.55,9.26,6.89,9.18
105.25,44,9.31,9.05,8.24,8.38,7.8,9.38,8.77,9.64,8.91,6.45,9,9.54,9.25,6.87,9.18
106.25,44,9.3,9.04,8.23,8.34,7.78,9.38,8.76,9.65,8.91,6.45,8.99,9.55,9.26,6.87,9.18
107.25,44,9.3,9.03,8.22,8.35,7.77,9.39,8.76,9.64,8.89,6.45,8.99,9.54,9.26,6.86,9.17
108.27,44,9.3,9.03,8.199999999999998,8.33,7.75,9.36,8.77,9.63,8.87,6.44,8.98,9.52,9.24,6.85,9.15
109.27,44,9.3,9.02,8.199999999999998,8.32,7.75,9.38,8.77,9.63,8.88,6.44,8.99,9.53,9.26,6.84,9.16
110.27,44,9.3,9.04,8.199999999999998,8.34,7.76,9.39,8.77,9.63,8.88,6.44,9,9.55,9.26,6.84,9.17
111.27,44,9.29,9.02,8.18,8.32,7.73,9.38,8.77,9.63,8.88,6.43,8.98,9.52,9.26,6.82,9.17
112.27,44,9.3,9.02,8.17,8.31,7.73,9.37,8.779999999999998,9.63,8.86,6.42,8.99,9.53,9.26,6.82,9.16
113.27,44,9.29,9.02,8.17,8.279999999999998,7.73,9.37,8.77,9.63,8.86,6.43,8.98,9.52,9.26,6.81,9.16
114.27,44,9.29,9.01,8.15,8.27,7.71,9.36,8.76,9.62,8.84,6.42,8.97,9.52,9.25,6.8,9.14
115.28,44,9.28,9.01,8.15,8.27,7.69,9.36,8.76,9.6,8.83,6.41,8.97,9.51,9.25,6.78,9.15
116.28,44,9.29,9.01,8.15,8.27,7.68,9.36,8.76,9.63,8.81,6.42,8.96,9.51,9.24,6.77,9.15
117.28,44,9.28,9,8.14,8.26,7.7,9.35,8.77,9.61,8.81,6.41,8.97,9.5,9.25,6.77,9.15
118.28,44,9.28,9.01,8.11,8.24,7.68,9.36,8.76,9.6,8.81,6.41,8.96,9.49,9.24,6.76,9.15
119.28,44,9.29,9,8.12,8.25,7.68,9.36,8.77,9.6,8.81,6.41,8.98,9.5,9.24,6.76,9.16
120.28,44,9.28,8.99,8.11,8.23,7.66,9.35,8.75,9.59,8.8,6.41,8.96,9.5,9.24,6.75,9.15
121.28,44,9.28,8.97,8.1,8.21,7.66,9.33,8.76,9.58,8.779999999999998,6.41,8.949999999999998,9.48,9.23,6.73,9.14
122.28,44,9.27,8.98,8.09,8.21,7.65,9.35,8.76,9.59,8.779999999999998,6.41,8.949999999999998,9.49,9.24,6.73,9.14
123.28,44,9.28,8.98,8.08,8.21,7.65,9.33,8.76,9.59,8.79,6.41,8.949999999999998,9.49,9.25,6.73,9.14
124.3,44,9.27,8.96,8.08,8.18,7.61,9.33,8.75,9.58,8.76,6.39,8.93,9.48,9.23,6.71,9.12
125.3,44,9.28,8.96,8.07,8.17,7.59,9.33,8.74,9.56,8.75,6.4,8.94,9.47,9.23,6.68,9.12
126.3,44,9.26,8.94,8.07,8.17,7.58,9.33,8.74,9.55,8.74,6.39,8.93,9.46,9.22,6.69,9.13
127.3,44,9.27,8.93,8.07,8.16,7.57,9.33,8.77,9.57,8.75,6.39,8.94,9.47,9.23,6.69,9.12
128.3,44,9.26,8.91,8.06,8.15,7.54,9.33,8.74,9.56,8.73,6.39,8.92,9.45,9.22,6.68,9.12
129.32,44,9.27,8.9,8.06,8.17,7.55,9.32,8.76,9.55,8.74,6.38,8.92,9.46,9.23,6.66,9.11
130.32,44,9.26,8.87,8.07,8.16,7.52,9.32,8.76,9.54,8.72,6.39,8.92,9.47,9.22,6.67,9.11
131.32,44,9.26,8.84,8.05,8.14,7.51,9.31,8.74,9.54,8.71,6.37,8.91,9.44,9.22,6.65,9.12
132.32,44,9.25,8.81,8.05,8.12,7.48,9.31,8.74,9.53,8.71,6.37,8.91,9.44,9.21,6.63,9.09
133.32,44,9.26,8.81,8.05,8.14,7.48,9.31,8.76,9.53,8.699999999999998,6.38,8.91,9.44,9.23,6.64,9.1
134.32,44,9.25,8.79,8.04,8.11,7.46,9.31,8.75,9.53,8.69,6.38,8.9,9.44,9.22,6.62,9.09
135.33,44,9.25,8.77,8.06,8.12,7.45,9.31,8.75,9.53,8.69,6.39,8.9,9.43,9.22,6.62,9.12
136.33,44,9.25,8.779999999999998,8.04,8.1,7.44,9.31,8.76,9.51,8.68,6.38,8.89,9.43,9.22,6.6,9.09
137.33,44,9.24,8.75,8.04,8.09,7.42,9.3,8.76,9.51,8.66,6.38,8.89,9.43,9.21,6.6,9.09
138.33,44,9.24,8.73,8.029999999999998,8.09,7.39,9.28,8.74,9.51,8.66,6.37,8.88,9.42,9.21,6.59,9.1
139.33,44,9.24,8.73,8.029999999999998,8.09,7.4,9.29,8.75,9.49,8.65,6.38,8.87,9.42,9.22,6.58,9.08
140.33,44,9.23,8.73,8.02,8.08,7.38,9.26,8.75,9.48,8.64,6.38,8.87,9.4,9.2,6.58,9.08
141.35,44,9.23,8.71,8.02,8.07,7.37,9.28,8.74,9.49,8.62,6.37,8.84,9.41,9.21,6.57,9.09
142.35,44,9.24,8.699999999999998,8.01,8.05,7.35,9.28,8.74,9.47,8.63,6.37,8.85,9.4,9.19,6.56,9.08
143.35,44,9.23,8.699999999999998,8.02,8.05,7.34,9.27,8.74,9.46,8.63,6.36,8.85,9.41,9.21,6.54,9.09
144.35,44,9.24,8.67,8.02,8.05,7.32,9.26,8.74,9.47,8.62,6.37,8.83,9.4,9.21,6.54,9.08
145.35,44,9.23,8.66,8.02,8.029999999999998,7.32,9.26,8.74,9.44,8.59,6.37,8.83,9.39,9.21,6.54,9.08
146.35,44,9.23,8.64,8.01,8.02,7.31,9.26,8.75,9.44,8.59,6.37,8.81,9.39,9.21,6.52,9.06
147.37,44,9.22,8.64,8.01,8.01,7.3,9.25,8.75,9.45,8.58,6.37,8.81,9.39,9.2,6.53,9.07
148.37,44,9.23,8.62,8.01,8,7.27,9.25,8.73,9.43,8.58,6.37,8.81,9.38,9.2,6.52,9.06
149.37,44,9.21,8.6,8,7.97,7.26,9.23,8.72,9.44,8.56,6.36,8.79,9.36,9.18,6.5,9.05
150.37,44,9.21,8.61,8.02,7.97,7.26,9.23,8.73,9.42,8.55,6.36,8.79,9.36,9.21,6.5,9.06
151.37,44,9.2,8.59,8,7.96,7.25,9.23,8.72,9.41,8.52,6.36,8.77,9.35,9.19,6.48,9.05
152.38,44,9.21,8.57,7.99,7.96,7.23,9.22,8.72,9.39,8.529999999999998,6.36,8.76,9.35,9.19,6.47,9.04
153.38,44,9.19,8.57,7.99,7.95,7.21,9.22,8.71,9.39,8.52,6.36,8.75,9.33,9.19,6.46,9.05
154.38,44,9.19,8.55,7.99,7.94,7.21,9.21,8.71,9.38,8.5,6.35,8.74,9.34,9.19,6.47,9.04
155.38,44,9.2,8.529999999999998,8.01,7.92,7.2,9.22,8.71,9.4,8.51,6.36,8.73,9.35,9.19,6.46,9.05
156.38,44,9.18,8.51,7.98,7.89,7.19,9.19,8.699999999999998,9.37,8.48,6.35,8.71,9.33,9.18,6.44,9.03
157.38,44,9.18,8.51,8,7.9,7.18,9.2,8.699999999999998,9.37,8.47,6.35,8.71,9.33,9.18,6.43,9.03
158.38,44,9.17,8.49,8,7.89,7.18,9.19,8.71,9.37,8.47,6.36,8.699999999999998,9.33,9.19,6.44,9.03
159.4,44,9.19,8.48,8,7.89,7.18,9.2,8.699999999999998,9.34,8.46,6.37,8.69,9.32,9.19,6.42,9.02
160.4,44,9.18,8.47,7.98,7.89,7.16,9.18,8.69,9.35,8.46,6.36,8.69,9.31,9.19,6.42,9.03
161.4,44,9.17,8.46,7.98,7.87,7.15,9.18,8.699999999999998,9.34,8.44,6.35,8.67,9.31,9.17,6.41,9.03
162.4,44,9.16,8.43,8,7.85,7.14,9.17,8.68,9.33,8.42,6.35,8.65,9.3,9.17,6.4,9.01
163.4,44,9.17,8.41,8.04,7.84,7.12,9.16,8.68,9.33,8.42,6.35,8.64,9.3,9.17,6.4,9.02
164.4,44,9.16,8.4,8.07,7.83,7.12,9.17,8.67,9.33,8.41,6.34,8.63,9.3,9.18,6.4,9.02
165.42,44,9.16,8.39,8.07,7.84,7.11,9.17,8.66,9.32,8.4,6.35,8.62,9.3,9.17,6.38,9.02
166.42,44,9.16,8.38,8.11,7.81,7.1,9.16,8.67,9.32,8.39,6.35,8.61,9.29,9.17,6.38,9.01
167.42,44,9.15,8.36,8.12,7.8,7.09,9.15,8.64,9.3,8.38,6.34,8.58,9.27,9.16,6.36,9.01
168.42,44,9.14,8.35,8.11,7.78,7.12,9.14,8.64,9.28,8.38,6.34,8.57,9.26,9.15,6.35,9
169.42,44,9.15,8.35,8.12,7.77,7.16,9.14,8.64,9.29,8.37,6.34,8.56,9.27,9.17,6.34,9.01
170.42,44,9.13,8.32,8.13,7.77,7.16,9.13,8.63,9.28,8.36,6.33,8.54,9.25,9.16,6.33,9
171.43,44,9.14,8.31,8.13,7.74,7.17,9.13,8.63,9.27,8.35,6.33,8.52,9.26,9.16,6.32,9
172.43,44,9.12,8.29,8.11,7.74,7.18,9.12,8.61,9.26,8.34,6.34,8.51,9.24,9.15,6.32,8.99
173.43,44,9.12,8.279999999999998,8.13,7.73,7.19,9.12,8.62,9.26,8.35,6.33,8.5,9.23,9.15,6.31,8.99
174.43,44,9.13,8.27,8.12,7.73,7.19,9.1,8.6,9.25,8.32,6.34,8.48,9.23,9.16,6.3,9
175.43,44,9.12,8.25,8.11,7.71,7.18,9.11,8.59,9.24,8.31,6.33,8.46,9.22,9.15,6.29,8.97
176.45,44,9.12,8.23,8.11,7.71,7.19,9.11,8.59,9.23,8.32,6.34,8.44,9.21,9.15,6.28,8.98
177.45,44,9.09,8.22,8.09,7.69,7.17,9.1,8.56,9.21,8.3,6.33,8.42,9.2,9.14,6.28,8.97
178.45,44,9.1,8.199999999999998,8.09,7.69,7.17,9.1,8.56,9.2,8.3,6.32,8.4,9.18,9.14,6.28,8.96
179.45,44,9.09,8.18,8.08,7.66,7.16,9.09,8.54,9.19,8.279999999999998,6.32,8.38,9.18,9.14,6.28,8.949999999999998
180.45,44,9.08,8.17,8.08,7.68,7.16,9.08,8.529999999999998,9.19,8.27,6.32,8.36,9.17,9.12,6.27,8.949999999999998
181.45,44,9.09,8.16,8.07,7.66,7.17,9.07,8.529999999999998,9.17,8.27,6.32,8.35,9.16,9.14,6.27,8.949999999999998
182.45,44,9.09,8.15,8.07,7.66,7.16,9.09,8.529999999999998,9.17,8.27,6.33,8.34,9.17,9.15,6.26,8.94
183.47,44,9.08,8.12,8.07,7.66,7.14,9.08,8.51,9.16,8.26,6.32,8.31,9.17,9.12,6.25,8.94
184.47,44,9.09,8.12,8.05,7.66,7.15,9.07,8.51,9.16,8.26,6.32,8.3,9.17,9.13,6.25,8.949999999999998
185.47,44,9.07,8.09,8.05,7.65,7.14,9.07,8.5,9.15,8.25,6.32,8.279999999999998,9.16,9.11,6.24,8.93
186.47,44,9.08,8.09,8.05,7.65,7.14,9.08,8.5,9.15,8.24,6.32,8.27,9.16,9.12,6.24,8.92
187.47,44,9.07,8.08,8.05,7.65,7.13,9.08,8.49,9.12,8.24,6.32,8.25,9.15,9.11,6.24,8.93
188.47,44,9.06,8.07,8.04,7.64,7.12,9.06,8.47,9.11,8.22,6.32,8.22,9.14,9.1,6.23,8.9
189.47,44,9.06,8.06,8.029999999999998,7.63,7.11,9.06,8.46,9.12,8.22,6.32,8.21,9.14,9.1,6.22,8.92
190.47,44,9.07,8.06,8.02,7.61,7.11,9.07,8.449999999999998,9.12,8.21,6.32,8.199999999999998,9.14,9.09,6.22,8.91
191.48,44,9.06,8.04,8.029999999999998,7.62,7.1,9.07,8.44,9.1,8.199999999999998,6.32,8.18,9.12,9.09,6.21,8.91
192.48,44,9.06,8.05,8.02,7.61,7.09,9.06,8.44,9.1,8.19,6.32,8.17,9.13,9.08,6.22,8.9
193.48,44,9.06,8.07,8.01,7.6,7.09,9.06,8.44,9.11,8.21,6.32,8.16,9.14,9.08,6.21,8.92
194.48,44,9.05,8.029999999999998,8.01,7.59,7.06,9.05,8.39,9.08,8.18,6.31,8.14,9.1,9.07,6.2,8.88
195.48,44,9.04,8.029999999999998,8,7.58,7.05,9.04,8.4,9.08,8.17,6.31,8.12,9.11,9.07,6.2,8.87
196.48,44,9.06,8.029999999999998,8,7.58,7.05,9.05,8.4,9.09,8.17,6.32,8.11,9.11,9.07,6.2,8.89
197.48,44,9.05,8.04,7.99,7.57,7.03,9.05,8.38,9.08,8.17,6.31,8.09,9.1,9.06,6.19,8.89
198.48,44,9.05,8.029999999999998,8,7.57,7.03,9.05,8.38,9.07,8.17,6.32,8.07,9.1,9.06,6.19,8.89
199.48,44,9.03,8.029999999999998,7.98,7.57,7.01,9.05,8.37,9.04,8.17,6.3,8.06,9.09,9.05,6.18,8.87
200.5,44,9.04,8.01,7.98,7.57,6.99,9.04,8.36,9.06,8.15,6.31,8.06,9.08,9.04,6.18,8.87
201.5,44,9.04,8.02,7.98,7.55,6.98,9.01,8.34,9.04,8.14,6.3,8.04,9.07,9.04,6.17,8.86
202.5,44,9.03,8.01,7.97,7.58,6.97,9.02,8.33,9.03,8.14,6.31,8.02,9.06,9.02,6.16,8.85
203.5,44,9.03,8.01,7.97,7.55,6.96,9.02,8.32,9.02,8.13,6.29,8,9.07,9.01,6.16,8.84
204.5,44,9.02,8,7.97,7.57,6.94,9.01,8.31,9.01,8.14,6.3,7.99,9.06,9.02,6.16,8.85
205.5,44,9.02,8,7.96,7.57,6.93,9.01,8.3,9.01,8.12,6.3,7.99,9.05,9.01,6.15,8.85
206.52,44,9.01,8,7.96,7.57,6.93,9.01,8.29,9,8.1,6.3,7.96,9.05,9.01,6.15,8.85
207.52,44,9.01,7.98,7.95,7.57,6.91,9,8.27,8.97,8.11,6.3,7.95,9.03,9.01,6.14,8.84
208.52,44,9.01,7.98,7.94,7.56,6.89,8.99,8.27,8.949999999999998,8.09,6.28,7.93,9.04,8.98,6.13,8.83
209.52,44,9.01,7.98,7.94,7.55,6.89,8.99,8.25,8.96,8.09,6.29,7.92,9.04,8.99,6.13,8.83
210.52,44,9.01,7.98,7.94,7.55,6.87,8.99,8.24,8.94,8.08,6.28,7.91,9.02,8.99,6.12,8.83
211.52,44,9.01,7.98,7.95,7.54,6.87,9,8.24,8.949999999999998,8.09,6.3,7.89,9.04,9,6.13,8.84
212.52,44,9.01,7.97,7.93,7.53,6.86,8.99,8.22,8.92,8.08,6.28,7.87,9.03,8.98,6.12,8.82
213.53,44,9,7.95,7.92,7.54,6.83,8.99,8.199999999999998,8.92,8.07,6.29,7.87,9.02,8.97,6.11,8.82
214.53,44,9,7.96,7.91,7.52,6.82,8.99,8.199999999999998,8.91,8.06,6.28,7.85,9.02,8.97,6.11,8.82
215.53,44,8.99,7.94,7.91,7.51,6.81,8.96,8.18,8.88,8.05,6.28,7.83,9.01,8.96,6.1,8.81
216.53,44,9,7.94,7.91,7.51,6.8,8.98,8.18,8.87,8.06,6.28,7.83,9.01,8.96,6.1,8.82
217.53,44,9,7.94,7.91,7.52,6.78,8.97,8.17,8.87,8.04,6.28,7.81,9.01,8.96,6.08,8.81
218.55,44,8.99,7.92,7.89,7.49,6.77,8.96,8.15,8.84,8.04,6.27,7.79,9.01,8.94,6.08,8.81
219.55,44,9.01,7.92,7.9,7.5,6.77,8.97,8.15,8.85,8.05,6.28,7.8,9.01,8.96,6.08,8.82
220.55,44,9,7.91,7.89,7.48,6.76,8.949999999999998,8.14,8.83,8.04,6.28,7.77,9,8.94,6.08,8.8
221.55,44,9,7.9,7.89,7.47,6.74,8.96,8.12,8.81,8.04,6.28,7.76,9.01,8.93,6.08,8.8
222.55,44,9,7.9,7.89,7.48,6.74,8.96,8.11,8.81,8.04,6.28,7.75,9.01,8.93,6.08,8.81
223.55,44,8.99,7.89,7.88,7.45,6.72,8.94,8.11,8.8,8.02,6.28,7.73,8.99,8.92,6.06,8.8
224.55,44,9,7.89,7.89,7.45,6.73,8.949999999999998,8.1,8.79,8.02,6.28,7.73,8.99,8.92,6.07,8.81
225.57,44,9,7.87,7.88,7.45,6.71,8.94,8.09,8.779999999999998,8.01,6.28,7.71,8.99,8.91,6.07,8.8
226.57,44,9.01,7.88,7.88,7.45,6.71,8.949999999999998,8.09,8.779999999999998,8.01,6.28,7.69,8.99,8.92,6.07,8.8
227.57,44,8.99,7.87,7.86,7.45,6.68,8.93,8.08,8.74,8,6.28,7.68,8.99,8.92,6.06,8.779999999999998
228.57,44,8.99,7.85,7.87,7.43,6.68,8.93,8.08,8.74,7.99,6.27,7.67,8.98,8.91,6.06,8.8
229.58,44,8.99,7.84,7.85,7.41,6.67,8.92,8.06,8.73,7.98,6.28,7.65,8.97,8.9,6.05,8.779999999999998
230.58,44,8.99,7.84,7.87,7.42,6.66,8.92,8.06,8.72,7.98,6.28,7.64,8.98,8.9,6.04,8.79
231.58,44,8.99,7.85,7.86,7.42,6.64,8.93,8.04,8.72,7.98,6.28,7.61,8.98,8.89,6.05,8.779999999999998
232.58,44,8.99,7.82,7.84,7.4,6.63,8.9,8.04,8.69,7.97,6.26,7.61,8.98,8.89,6.04,8.76
233.58,44,8.98,7.82,7.84,7.4,6.62,8.91,8.029999999999998,8.68,7.98,6.25,7.59,8.96,8.89,6.04,8.76
234.58,44,8.99,7.81,7.83,7.4,6.62,8.91,8.02,8.67,7.97,6.26,7.58,8.96,8.88,6.02,8.76
235.6,44,9,7.81,7.84,7.39,6.61,8.91,8.029999999999998,8.67,7.98,6.26,7.57,8.97,8.88,6.03,8.77
236.6,44,8.99,7.81,7.83,7.39,6.6,8.9,8.01,8.66,7.98,6.27,7.56,8.96,8.88,6.02,8.77
237.6,44,8.99,7.79,7.81,7.39,6.58,8.89,8,8.64,7.96,6.26,7.53,8.93,8.88,6.01,8.75
238.6,44,8.98,7.79,7.82,7.39,6.58,8.91,8,8.64,7.97,6.27,7.53,8.94,8.87,6.01,8.76
239.6,44,8.98,7.77,7.81,7.38,6.57,8.88,7.98,8.63,7.96,6.25,7.51,8.949999999999998,8.87,6.01,8.77
240.62,44,8.99,7.78,7.81,7.36,6.56,8.88,7.99,8.63,7.96,6.26,7.51,8.94,8.86,6,8.76
241.62,44,8.98,7.77,7.81,7.36,6.55,8.87,7.98,8.62,7.96,6.25,7.48,8.94,8.87,5.99,8.75
242.62,44,8.97,7.76,7.81,7.35,6.55,8.87,7.97,8.63,7.96,6.25,7.48,8.94,8.86,6,8.75
243.62,44,8.98,7.75,7.81,7.35,6.54,8.87,7.97,8.62,7.96,6.25,7.46,8.94,8.85,5.99,8.76
244.62,44,8.97,7.74,7.8,7.34,6.54,8.87,7.96,8.62,7.95,6.24,7.45,8.93,8.85,5.98,8.75
245.62,44,8.98,7.75,7.8,7.35,6.54,8.87,7.96,8.62,7.96,6.26,7.45,8.93,8.87,5.97,8.76
246.63,44,8.96,7.73,7.8,7.34,6.52,8.87,7.96,8.62,7.95,6.26,7.45,8.93,8.85,5.98,8.74
247.63,44,8.96,7.73,7.79,7.33,6.51,8.86,7.95,8.62,7.95,6.24,7.43,8.93,8.85,5.97,8.74
248.63,44,8.96,7.73,7.79,7.32,6.51,8.87,7.95,8.63,7.95,6.25,7.43,8.94,8.84,5.97,8.74
249.63,44,8.949999999999998,7.71,7.77,7.32,6.5,8.85,7.93,8.6,7.94,6.24,7.4,8.91,8.84,5.96,8.74
250.63,44,8.94,7.71,7.79,7.32,6.5,8.87,7.93,8.62,7.96,6.24,7.42,8.91,8.85,5.96,8.74
251.63,44,8.94,7.69,7.76,7.31,6.48,8.85,7.91,8.61,7.94,6.24,7.4,8.91,8.84,5.96,8.72
252.65,44,8.94,7.7,7.77,7.3,6.49,8.84,7.92,8.61,7.95,6.25,7.39,8.91,8.83,5.95,8.73
253.65,44,8.94,7.69,7.76,7.31,6.49,8.84,7.91,8.61,7.94,6.24,7.39,8.91,8.83,5.95,8.73
254.65,44,8.92,7.66,7.75,7.28,6.48,8.83,7.89,8.59,7.94,6.24,7.37,8.9,8.82,5.93,8.71
255.65,44,8.93,7.67,7.75,7.29,6.48,8.84,7.9,8.59,7.94,6.24,7.36,8.91,8.83,5.93,8.72
256.65,44,8.92,7.67,7.77,7.28,6.47,8.84,7.89,8.6,7.95,6.24,7.35,8.9,8.83,5.93,8.72
257.65,44,8.92,7.65,7.75,7.27,6.47,8.82,7.89,8.59,7.93,6.24,7.33,8.9,8.82,5.92,8.71
258.65,44,8.91,7.65,7.75,7.29,6.45,8.82,7.89,8.57,7.94,6.24,7.31,8.89,8.82,5.9,8.72
259.65,44,8.92,7.64,7.75,7.29,6.47,8.83,7.89,8.58,7.94,6.24,7.32,8.9,8.83,5.92,8.72
260.67,44,8.9,7.63,7.73,7.26,6.45,8.82,7.88,8.56,7.94,6.24,7.29,8.9,8.83,5.9,8.71
261.67,44,8.91,7.63,7.73,7.26,6.45,8.82,7.87,8.55,7.93,6.24,7.29,8.9,8.82,5.9,8.71
262.67,44,8.9,7.63,7.74,7.27,6.46,8.81,7.87,8.55,7.94,6.23,7.28,8.89,8.81,5.9,8.71
263.67,44,8.9,7.63,7.73,7.26,6.47,8.81,7.87,8.529999999999998,7.94,6.24,7.27,8.89,8.81,5.89,8.71
264.67,44,8.89,7.61,7.73,7.27,6.45,8.81,7.86,8.52,7.94,6.23,7.26,8.89,8.82,5.9,8.69
265.67,44,8.89,7.59,7.73,7.26,6.45,8.8,7.85,8.529999999999998,7.93,6.23,7.24,8.89,8.81,5.87,8.69
266.67,44,8.87,7.59,7.72,7.25,6.45,8.81,7.84,8.5,7.93,6.23,7.23,8.89,8.81,5.86,8.68
267.68,44,8.88,7.59,7.71,7.25,6.45,8.8,7.85,8.5,7.92,6.24,7.22,8.87,8.81,5.87,8.68
268.68,44,8.88,7.59,7.71,7.25,6.45,8.8,7.84,8.49,7.92,6.22,7.21,8.88,8.81,5.86,8.68
269.68,44,8.87,7.58,7.71,7.24,6.44,8.8,7.83,8.49,7.92,6.23,7.2,8.87,8.81,5.85,8.69
270.68,44,8.87,7.59,7.7,7.26,6.45,8.8,7.83,8.48,7.93,6.23,7.19,8.87,8.81,5.86,8.68
271.68,44,8.87,7.56,7.71,7.25,6.44,8.79,7.82,8.47,7.92,6.23,7.19,8.88,8.8,5.84,8.68
272.68,44,8.86,7.55,7.7,7.23,6.43,8.77,7.81,8.43,7.91,6.22,7.16,8.86,8.8,5.84,8.67
273.68,44,8.87,7.56,7.7,7.25,6.45,8.779999999999998,7.82,8.46,7.92,6.23,7.15,8.88,8.81,5.83,8.68
274.68,44,8.86,7.54,7.69,7.24,6.42,8.779999999999998,7.81,8.42,7.91,6.22,7.14,8.87,8.8,5.82,8.67
275.68,44,8.85,7.54,7.68,7.24,6.41,8.779999999999998,7.79,8.42,7.9,6.23,7.13,8.86,8.8,5.82,8.65
276.7,44,8.85,7.53,7.69,7.22,6.42,8.76,7.8,8.4,7.9,6.22,7.13,8.85,8.79,5.81,8.67
277.7,44,8.85,7.52,7.68,7.21,6.41,8.76,7.79,8.39,7.9,6.22,7.11,8.85,8.79,5.8,8.65
278.7,44,8.84,7.52,7.67,7.23,6.42,8.77,7.79,8.4,7.9,6.22,7.11,8.86,8.79,5.81,8.66
279.7,44,8.84,7.53,7.68,7.21,6.41,8.77,7.78,8.39,7.89,6.22,7.1,8.85,8.79,5.79,8.65
280.7,44,8.84,7.52,7.66,7.2,6.41,8.76,7.78,8.38,7.9,6.22,7.09,8.85,8.79,5.79,8.66
281.7,44,8.83,7.52,7.68,7.22,6.41,8.77,7.79,8.38,7.9,6.22,7.08,8.84,8.779999999999998,5.79,8.66
282.72,44,8.83,7.52,7.67,7.2,6.39,8.76,7.77,8.37,7.89,6.21,7.06,8.85,8.779999999999998,5.77,8.65
283.72,44,8.82,7.52,7.67,7.2,6.4,8.76,7.77,8.36,7.89,6.21,7.06,8.85,8.779999999999998,5.78,8.65
284.72,44,8.82,7.51,7.66,7.21,6.39,8.76,7.76,8.34,7.89,6.21,7.03,8.85,8.77,5.76,8.65
285.72,44,8.82,7.49,7.66,7.2,6.38,8.74,7.75,8.35,7.89,6.21,7.02,8.85,8.77,5.76,8.64
286.72,44,8.82,7.49,7.66,7.19,6.38,8.75,7.75,8.33,7.87,6.2,7.01,8.83,8.76,5.75,8.64
287.72,44,8.81,7.48,7.65,7.18,6.37,8.74,7.75,8.32,7.88,6.21,7,8.83,8.76,5.74,8.64
288.73,44,8.82,7.47,7.65,7.19,6.37,8.75,7.74,8.32,7.89,6.21,6.99,8.84,8.76,5.75,8.64
289.73,44,8.8,7.45,7.64,7.17,6.36,8.74,7.73,8.31,7.86,6.19,6.97,8.82,8.75,5.73,8.62
290.73,44,8.8,7.46,7.64,7.16,6.36,8.73,7.72,8.3,7.86,6.2,6.96,8.82,8.75,5.72,8.63
291.73,44,8.8,7.45,7.64,7.18,6.36,8.73,7.72,8.29,7.87,6.2,6.96,8.82,8.75,5.72,8.63
292.73,44,8.8,7.45,7.63,7.17,6.36,8.73,7.71,8.29,7.86,6.2,6.94,8.83,8.75,5.72,8.63
293.75,44,8.79,7.45,7.63,7.16,6.35,8.73,7.71,8.3,7.86,6.2,6.94,8.84,8.74,5.72,8.63
294.75,44,8.8,7.45,7.63,7.17,6.35,8.73,7.71,8.279999999999998,7.86,6.2,6.93,8.83,8.75,5.72,8.63
295.75,44,8.8,7.45,7.62,7.17,6.34,8.73,7.72,8.279999999999998,7.85,6.2,6.92,8.83,8.74,5.69,8.62
296.75,44,8.79,7.44,7.63,7.16,6.34,8.71,7.71,8.27,7.85,6.2,6.89,8.82,8.73,5.7,8.61
297.75,44,8.77,7.43,7.63,7.16,6.32,8.71,7.7,8.27,7.85,6.2,6.89,8.82,8.72,5.69,8.63
298.75,44,8.779999999999998,7.43,7.61,7.16,6.33,8.71,7.7,8.27,7.85,6.2,6.88,8.81,8.73,5.69,8.62
299.77,44,8.77,7.42,7.62,7.16,6.32,8.699999999999998,7.7,8.26,7.84,6.19,6.87,8.82,8.73,5.69,8.61
300.77,44,8.77,7.41,7.61,7.14,6.31,8.699999999999998,7.69,8.26,7.84,6.19,6.87,8.81,8.73,5.68,8.62
301.77,44,8.76,7.4,7.6,7.14,6.31,8.69,7.66,8.25,7.82,6.19,6.85,8.81,8.72,5.66,8.6
302.77,44,8.75,7.4,7.6,7.15,6.31,8.69,7.68,8.25,7.83,6.19,6.84,8.81,8.71,5.66,8.6
303.77,44,8.75,7.39,7.6,7.14,6.29,8.69,7.67,8.24,7.83,6.2,6.83,8.81,8.71,5.66,8.6
304.77,44,8.75,7.39,7.59,7.14,6.29,8.699999999999998,7.66,8.23,7.82,6.19,6.82,8.81,8.71,5.65,8.6
305.77,44,8.74,7.39,7.59,7.14,6.28,8.68,7.66,8.22,7.82,6.19,6.82,8.81,8.699999999999998,5.65,8.6
306.77,44,8.75,7.38,7.59,7.14,6.28,8.69,7.66,8.21,7.82,6.17,6.8,8.81,8.699999999999998,5.65,8.59
307.78,44,8.73,7.37,7.59,7.13,6.28,8.68,7.66,8.21,7.82,6.17,6.78,8.8,8.699999999999998,5.63,8.59
308.78,44,8.74,7.37,7.59,7.13,6.28,8.68,7.66,8.22,7.81,6.18,6.78,8.81,8.71,5.64,8.59
309.78,44,8.72,7.34,7.58,7.12,6.28,8.66,7.65,8.19,7.81,6.18,6.77,8.81,8.699999999999998,5.62,8.58
310.78,44,8.71,7.35,7.59,7.13,6.27,8.66,7.66,8.19,7.81,6.17,6.75,8.8,8.69,5.62,8.59
311.78,44,8.72,7.35,7.59,7.13,6.27,8.67,7.65,8.19,7.81,6.18,6.76,8.8,8.69,5.62,8.6
312.8,44,8.72,7.33,7.57,7.12,6.25,8.66,7.65,8.18,7.81,6.17,6.75,8.81,8.67,5.61,8.58
313.8,44,8.74,7.32,7.58,7.13,6.25,8.66,7.66,8.17,7.81,6.17,6.73,8.81,8.68,5.61,8.59
314.8,44,8.74,7.34,7.57,7.11,6.24,8.66,7.65,8.18,7.81,6.17,6.73,8.8,8.68,5.6,8.58
315.8,44,8.75,7.32,7.56,7.12,6.24,8.66,7.65,8.17,7.81,6.16,6.71,8.8,8.68,5.61,8.58
316.8,44,8.74,7.32,7.56,7.11,6.24,8.65,7.64,8.17,7.81,6.16,6.7,8.8,8.68,5.58,8.56
317.82,44,8.75,7.32,7.56,7.11,6.24,8.65,7.64,8.17,7.8,6.17,6.69,8.8,8.66,5.58,8.57
318.82,44,8.75,7.3,7.55,7.11,6.24,8.65,7.64,8.16,7.8,6.16,6.68,8.8,8.67,5.58,8.56
319.82,44,8.76,7.31,7.56,7.11,6.22,8.65,7.65,8.15,7.8,6.17,6.67,8.8,8.67,5.58,8.57
320.82,44,8.75,7.29,7.54,7.1,6.21,8.64,7.62,8.14,7.78,6.16,6.66,8.79,8.65,5.58,8.57
321.82,44,8.76,7.29,7.55,7.1,6.21,8.63,7.62,8.12,7.79,6.15,6.64,8.79,8.65,5.56,8.55
322.82,44,8.76,7.29,7.54,7.11,6.21,8.64,7.63,8.12,7.79,6.16,6.63,8.79,8.65,5.56,8.56
323.83,44,8.76,7.28,7.54,7.11,6.2,8.64,7.61,8.11,7.78,6.16,6.62,8.79,8.66,5.55,8.56
324.83,44,8.75,7.28,7.54,7.11,6.2,8.64,7.62,8.11,7.77,6.16,6.61,8.79,8.65,5.55,8.56
325.83,44,8.75,7.26,7.54,7.1,6.19,8.64,7.61,8.1,7.77,6.16,6.6,8.79,8.64,5.55,8.55
326.83,44,8.74,7.26,7.55,7.1,6.18,8.62,7.61,8.11,7.77,6.15,6.59,8.779999999999998,8.64,5.55,8.56
327.83,44,8.74,7.26,7.56,7.1,6.19,8.61,7.6,8.11,7.78,6.15,6.58,8.79,8.64,5.53,8.55
328.85,44,8.75,7.26,7.56,7.1,6.18,8.63,7.6,8.1,7.77,6.16,6.58,8.79,8.64,5.53,8.55
329.85,44,8.75,7.26,7.56,7.1,6.17,8.62,7.61,8.09,7.78,6.16,6.57,8.779999999999998,8.65,5.54,8.55
330.85,44,8.74,7.23,7.56,7.09,6.17,8.63,7.6,8.08,7.77,6.15,6.55,8.779999999999998,8.64,5.52,8.55
331.85,44,8.74,7.25,7.55,7.1,6.17,8.63,7.61,8.08,7.77,6.16,6.56,8.77,8.64,5.53,8.55
332.85,44,8.73,7.22,7.55,7.09,6.16,8.6,7.6,8.07,7.75,6.15,6.54,8.77,8.62,5.51,8.54
333.85,44,8.72,7.21,7.54,7.08,6.15,8.61,7.61,8.07,7.75,6.15,6.54,8.77,8.63,5.52,8.54
334.85,44,8.73,7.22,7.55,7.09,6.16,8.63,7.61,8.08,7.76,6.15,6.52,8.779999999999998,8.64,5.51,8.55
335.87,44,8.73,7.22,7.54,7.09,6.15,8.61,7.61,8.07,7.76,6.15,6.51,8.779999999999998,8.63,5.51,8.54
336.87,44,8.71,7.2,7.52,7.07,6.13,8.59,7.59,8.05,7.73,6.12,6.49,8.75,8.62,5.49,8.52
337.87,44,8.71,7.2,7.53,7.07,6.13,8.6,7.59,8.07,7.75,6.14,6.49,8.77,8.63,5.49,8.52
338.87,44,8.71,7.19,7.53,7.06,6.12,8.6,7.6,8.04,7.74,6.14,6.48,8.76,8.61,5.49,8.529999999999998
339.87,44,8.72,7.2,7.53,7.06,6.12,8.6,7.6,8.04,7.74,6.12,6.47,8.77,8.62,5.49,8.529999999999998
340.88,44,8.71,7.19,7.52,7.05,6.11,8.6,7.59,8.04,7.73,6.13,6.46,8.76,8.6,5.48,8.52
341.88,44,8.72,7.18,7.52,7.04,6.12,8.59,7.59,8.04,7.73,6.13,6.44,8.77,8.6,5.47,8.52
342.88,44,8.699999999999998,7.19,7.52,7.04,6.11,8.59,7.59,8.02,7.73,6.14,6.44,8.76,8.61,5.47,8.529999999999998
343.88,44,8.699999999999998,7.18,7.51,7.04,6.1,8.59,7.59,8.01,7.73,6.13,6.42,8.76,8.59,5.45,8.51
344.88,44,8.699999999999998,7.17,7.51,7.04,6.1,8.59,7.58,8.01,7.73,6.13,6.42,8.76,8.6,5.46,8.529999999999998
345.88,44,8.71,7.18,7.52,7.04,6.1,8.6,7.59,8.02,7.74,6.13,6.42,8.77,8.61,5.47,8.529999999999998
346.88,44,8.699999999999998,7.17,7.52,7.03,6.08,8.58,7.59,8,7.72,6.12,6.4,8.76,8.59,5.45,8.52
347.9,44,8.69,7.15,7.5,7.04,6.08,8.58,7.57,8,7.73,6.12,6.39,8.75,8.59,5.45,8.52
348.9,44,8.69,7.16,7.5,7.03,6.08,8.57,7.57,7.99,7.73,6.12,6.37,8.76,8.59,5.44,8.529999999999998
349.9,44,8.69,7.15,7.51,7.02,6.07,8.58,7.58,7.99,7.73,6.12,6.37,8.76,8.59,5.44,8.52
350.9,44,8.69,7.14,7.5,7.02,6.07,8.58,7.57,7.98,7.73,6.12,6.36,8.75,8.59,5.43,8.51
351.9,44,8.68,7.14,7.49,7,6.05,8.56,7.56,7.98,7.72,6.12,6.35,8.74,8.59,5.43,8.51
352.9,44,8.68,7.14,7.48,7.03,6.05,8.55,7.56,7.99,7.72,6.12,6.33,8.76,8.57,5.42,8.51
353.9,44,8.67,7.14,7.49,7.01,6.05,8.57,7.57,8,7.72,6.12,6.33,8.76,8.58,5.41,8.51
354.92,44,8.67,7.13,7.48,7,6.04,8.56,7.55,8,7.71,6.11,6.32,8.75,8.57,5.41,8.5
355.92,44,8.66,7.12,7.48,7,6.04,8.56,7.56,8,7.71,6.11,6.31,8.74,8.56,5.41,8.51
356.92,44,8.66,7.14,7.48,6.98,6.04,8.56,7.55,7.99,7.71,6.11,6.3,8.75,8.57,5.4,8.5
357.93,44,8.66,7.12,7.48,6.99,6.04,8.56,7.55,8.02,7.71,6.12,6.29,8.74,8.57,5.4,8.5
358.93,44,8.65,7.1,7.46,6.99,6.01,8.56,7.54,7.99,7.69,6.1,6.28,8.73,8.55,5.39,8.49
359.93,44,8.64,7.1,7.46,6.99,6.02,8.55,7.53,8.01,7.7,6.11,6.27,8.73,8.54,5.39,8.49
360.93,44,8.67,7.11,7.48,7,6.01,8.56,7.55,8.02,7.71,6.11,6.28,8.75,8.56,5.39,8.51
361.93,44,8.66,7.1,7.47,6.98,6.01,8.55,7.54,8.02,7.7,6.1,6.27,8.74,8.56,5.39,8.5
362.93,44,8.64,7.1,7.45,6.98,6.01,8.54,7.52,8,7.69,6.1,6.25,8.73,8.55,5.36,8.49
363.93,44,8.64,7.09,7.45,6.96,5.99,8.54,7.53,7.99,7.68,6.09,6.25,8.73,8.54,5.37,8.5
364.95,44,8.65,7.1,7.46,6.98,6,8.55,7.53,8,7.7,6.11,6.24,8.74,8.54,5.38,8.5
365.95,44,8.64,7.09,7.45,6.98,5.98,8.55,7.52,7.98,7.69,6.1,6.24,8.72,8.54,5.36,8.5
366.95,44,8.64,7.08,7.45,6.97,5.98,8.54,7.52,7.99,7.68,6.09,6.22,8.74,8.529999999999998,5.36,8.49
367.95,44,8.63,7.06,7.45,6.95,5.97,8.54,7.52,7.98,7.68,6.09,6.21,8.72,8.529999999999998,5.34,8.48
368.95,44,8.63,7.08,7.45,6.96,5.97,8.54,7.52,7.98,7.68,6.09,6.21,8.73,8.54,5.36,8.49
369.95,44,8.64,7.06,7.45,6.95,5.97,8.529999999999998,7.52,7.97,7.68,6.09,6.2,8.74,8.529999999999998,5.35,8.47
370.95,44,8.62,7.05,7.44,6.96,5.96,8.52,7.52,7.96,7.67,6.08,6.19,8.73,8.51,5.34,8.48
371.97,44,8.63,7.05,7.45,6.95,5.96,8.529999999999998,7.52,7.96,7.67,6.09,6.19,8.73,8.52,5.34,8.48
372.97,44,8.62,7.05,7.43,6.95,5.94,8.529999999999998,7.51,7.95,7.67,6.08,6.17,8.72,8.52,5.33,8.48
373.97,44,8.62,7.03,7.44,6.95,5.95,8.529999999999998,7.52,7.94,7.68,6.08,6.16,8.72,8.52,5.33,8.48
374.97,44,8.62,7.03,7.42,6.93,5.94,8.52,7.5,7.93,7.66,6.09,6.16,8.72,8.51,5.32,8.48
375.98,44,8.61,7.03,7.42,6.95,5.93,8.52,7.51,7.92,7.66,6.08,6.16,8.71,8.51,5.31,8.48
376.98,44,8.61,7.03,7.41,6.93,5.93,8.52,7.5,7.91,7.66,6.08,6.14,8.71,8.51,5.31,8.48
377.98,44,8.62,7.03,7.43,6.94,5.93,8.52,7.51,7.92,7.66,6.08,6.15,8.72,8.51,5.31,8.48
378.98,44,8.6,7.02,7.41,6.92,5.91,8.52,7.5,7.89,7.66,6.08,6.13,8.72,8.5,5.3,8.47
379.98,44,8.59,7.03,7.42,6.93,5.91,8.52,7.49,7.89,7.66,6.08,6.12,8.73,8.48,5.3,8.47
380.98,44,8.61,7.02,7.42,6.93,5.91,8.52,7.49,7.89,7.66,6.08,6.12,8.71,8.49,5.3,8.47
381.98,44,8.6,7.02,7.4,6.93,5.9,8.51,7.48,7.88,7.66,6.07,6.1,8.71,8.47,5.28,8.46
383,44,8.59,7.03,7.41,6.92,5.89,8.51,7.48,7.86,7.65,6.08,6.1,8.71,8.46,5.29,8.46
384,44,8.59,7.02,7.41,6.93,5.9,8.52,7.48,7.86,7.65,6.08,6.09,8.72,8.46,5.29,8.48
385,44,8.59,7.01,7.41,6.91,5.88,8.51,7.46,7.83,7.63,6.07,6.07,8.71,8.449999999999998,5.27,8.47
386,44,8.6,7,7.41,6.91,5.88,8.51,7.47,7.84,7.65,6.08,6.08,8.72,8.44,5.28,8.46
387,44,8.59,7,7.39,6.9,5.88,8.51,7.45,7.81,7.64,6.07,6.06,8.699999999999998,8.43,5.27,8.46
388,44,8.59,6.98,7.39,6.9,5.86,8.5,7.46,7.81,7.63,6.06,6.05,8.699999999999998,8.43,5.27,8.44
389,44,8.61,6.99,7.4,6.9,5.86,8.5,7.46,7.8,7.64,6.07,6.05,8.71,8.42,5.26,8.46
390,44,8.61,6.97,7.39,6.9,5.86,8.5,7.45,7.78,7.62,6.06,6.04,8.69,8.4,5.25,8.449999999999998
391,44,8.61,6.98,7.39,6.89,5.86,8.5,7.45,7.75,7.63,6.05,6.03,8.69,8.39,5.24,8.449999999999998
392.02,44,8.61,6.97,7.39,6.89,5.86,8.5,7.44,7.76,7.62,6.06,6.02,8.699999999999998,8.38,5.24,8.449999999999998
393.02,44,8.61,6.98,7.4,6.89,5.84,8.5,7.45,7.74,7.63,6.06,6.01,8.69,8.39,5.24,8.44
394.02,44,8.61,6.96,7.41,6.88,5.84,8.49,7.44,7.73,7.62,6.05,6.01,8.699999999999998,8.38,5.24,8.449999999999998
395.02,44,8.61,6.96,7.43,6.87,5.84,8.49,7.44,7.73,7.62,6.06,6.01,8.69,8.38,5.23,8.43
396.02,44,8.61,6.96,7.43,6.87,5.83,8.5,7.44,7.73,7.62,6.06,6,8.71,8.38,5.23,8.449999999999998
397.02,44,8.6,6.94,7.42,6.87,5.82,8.49,7.43,7.72,7.61,6.05,5.99,8.699999999999998,8.38,5.21,8.43
398.02,44,8.59,6.94,7.43,6.87,5.82,8.49,7.43,7.71,7.61,6.04,5.98,8.69,8.38,5.21,8.43
399.02,44,8.6,6.94,7.42,6.87,5.82,8.49,7.43,7.71,7.6,6.04,5.98,8.699999999999998,8.37,5.22,8.44
400.03,44,8.6,6.94,7.42,6.87,5.81,8.47,7.42,7.7,7.6,6.05,5.97,8.699999999999998,8.36,5.21,8.449999999999998
401.03,44,8.59,6.93,7.42,6.87,5.8,8.48,7.42,7.68,7.61,6.05,5.97,8.69,8.35,5.2,8.43
402.03,44,8.6,6.92,7.42,6.86,5.81,8.48,7.43,7.68,7.61,6.04,5.96,8.69,8.35,5.21,8.44
403.03,44,8.59,6.91,7.43,6.87,5.8,8.48,7.42,7.66,7.59,6.04,5.94,8.69,8.34,5.2,8.42
404.03,44,8.59,6.92,7.42,6.87,5.79,8.48,7.41,7.66,7.6,6.04,5.94,8.68,8.33,5.19,8.43
405.03,44,8.59,6.91,7.4,6.85,5.79,8.47,7.41,7.66,7.6,6.04,5.93,8.69,8.34,5.19,8.43
406.03,44,8.58,6.89,7.42,6.86,5.79,8.47,7.41,7.66,7.59,6.04,5.91,8.69,8.33,5.18,8.43
407.03,44,8.57,6.9,7.42,6.85,5.78,8.46,7.4,7.65,7.6,6.04,5.93,8.699999999999998,8.33,5.18,8.42
408.05,44,8.57,6.88,7.4,6.86,5.77,8.46,7.39,7.64,7.59,6.02,5.91,8.68,8.32,5.18,8.41
409.05,44,8.56,6.88,7.4,6.84,5.77,8.46,7.4,7.63,7.58,6.04,5.9,8.67,8.31,5.16,8.42
410.05,44,8.57,6.87,7.4,6.83,5.77,8.46,7.39,7.63,7.59,6.04,5.9,8.68,8.31,5.16,8.42
411.05,44,8.57,6.87,7.39,6.84,5.75,8.44,7.4,7.64,7.59,6.04,5.89,8.68,8.3,5.15,8.42
412.05,44,8.54,6.87,7.4,6.83,5.75,8.449999999999998,7.39,7.62,7.58,6.03,5.88,8.68,8.29,5.14,8.42
413.05,44,8.55,6.87,7.39,6.83,5.75,8.449999999999998,7.39,7.61,7.59,6.02,5.86,8.67,8.279999999999998,5.15,8.4
414.05,44,8.54,6.86,7.39,6.83,5.75,8.44,7.39,7.6,7.58,6.02,5.86,8.68,8.27,5.14,8.41
415.05,44,8.54,6.87,7.38,6.82,5.74,8.44,7.39,7.59,7.58,6.03,5.85,8.69,8.279999999999998,5.13,8.41
416.07,44,8.54,6.85,7.38,6.83,5.75,8.449999999999998,7.39,7.59,7.59,6.03,5.85,8.68,8.3,5.14,8.43
417.07,44,8.56,6.87,7.39,6.83,5.75,8.449999999999998,7.4,7.61,7.59,6.04,5.85,8.699999999999998,8.279999999999998,5.13,8.41
418.07,44,8.529999999999998,6.84,7.38,6.82,5.73,8.43,7.38,7.59,7.57,6.01,5.82,8.67,8.27,5.12,8.39
419.07,44,8.529999999999998,6.84,7.38,6.83,5.73,8.43,7.39,7.59,7.58,6.02,5.82,8.68,8.27,5.12,8.41
420.07,44,8.52,6.84,7.38,6.82,5.72,8.44,7.38,7.57,7.57,6.02,5.82,8.67,8.27,5.11,8.4
421.07,44,8.52,6.83,7.36,6.82,5.72,8.42,7.38,7.57,7.56,6.01,5.81,8.67,8.26,5.1,8.4
422.07,44,8.52,6.82,7.36,6.81,5.72,8.42,7.37,7.57,7.57,6.01,5.8,8.68,8.26,5.1,8.4
423.07,44,8.51,6.82,7.35,6.81,5.7,8.42,7.36,7.55,7.56,6.01,5.79,8.66,8.24,5.09,8.38
424.07,44,8.51,6.82,7.36,6.82,5.71,8.41,7.37,7.57,7.57,6.01,5.8,8.68,8.26,5.1,8.39
425.08,44,8.51,6.82,7.35,6.81,5.69,8.41,7.37,7.56,7.56,6.01,5.78,8.66,8.25,5.09,8.38
426.08,44,8.51,6.81,7.34,6.82,5.69,8.41,7.38,7.54,7.56,6.01,5.78,8.67,8.25,5.08,8.39
427.08,44,8.51,6.81,7.34,6.81,5.7,8.41,7.37,7.56,7.56,6.01,5.79,8.66,8.24,5.09,8.39
428.08,44,8.51,6.8,7.34,6.82,5.69,8.41,7.37,7.55,7.56,6.01,5.77,8.67,8.25,5.08,8.39
429.08,44,8.5,6.8,7.34,6.81,5.69,8.41,7.37,7.54,7.56,6.01,5.77,8.68,8.24,5.08,8.39
430.08,44,8.5,6.8,7.33,6.81,5.69,8.4,7.37,7.54,7.56,6.01,5.76,8.67,8.23,5.08,8.38
431.08,44,8.5,6.78,7.34,6.81,5.68,8.4,7.35,7.52,7.56,6.01,5.75,8.66,8.23,5.06,8.38
432.1,44,8.48,6.77,7.32,6.79,5.67,8.39,7.35,7.53,7.54,6.01,5.75,8.66,8.22,5.06,8.38
433.1,44,8.48,6.78,7.33,6.8,5.67,8.4,7.36,7.52,7.54,6.01,5.74,8.66,8.22,5.06,8.39
434.1,44,8.49,6.77,7.32,6.79,5.67,8.39,7.36,7.52,7.55,6.01,5.74,8.66,8.22,5.06,8.38
435.12,44,8.49,6.77,7.32,6.79,5.66,8.39,7.34,7.52,7.55,6.01,5.74,8.66,8.21,5.04,8.38
436.12,44,8.48,6.74,7.32,6.78,5.65,8.38,7.33,7.51,7.54,5.99,5.72,8.66,8.19,5.03,8.37
437.12,44,8.49,6.77,7.32,6.78,5.65,8.39,7.33,7.52,7.54,5.99,5.72,8.67,8.199999999999998,5.04,8.38
438.12,44,8.47,6.75,7.32,6.78,5.64,8.38,7.33,7.5,7.53,5.99,5.71,8.66,8.19,5.03,8.37
439.12,44,8.46,6.74,7.31,6.76,5.65,8.38,7.33,7.51,7.53,5.99,5.7,8.65,8.19,5.03,8.37
440.12,44,8.47,6.76,7.31,6.77,5.64,8.38,7.34,7.5,7.54,6,5.7,8.66,8.199999999999998,5.03,8.37
441.12,44,8.46,6.75,7.31,6.78,5.64,8.38,7.33,7.5,7.54,5.99,5.7,8.65,8.18,5.03,8.37
442.12,44,8.449999999999998,6.73,7.29,6.77,5.62,8.37,7.32,7.48,7.52,5.98,5.69,8.65,8.17,5.02,8.37
443.12,44,8.44,6.74,7.29,6.77,5.62,8.38,7.32,7.48,7.52,5.98,5.68,8.64,8.17,5.01,8.36
444.13,44,8.44,6.73,7.29,6.77,5.62,8.37,7.32,7.48,7.52,5.98,5.67,8.64,8.17,5.01,8.35
445.13,44,8.449999999999998,6.73,7.3,6.77,5.61,8.38,7.32,7.47,7.52,5.98,5.67,8.65,8.17,5.01,8.36
446.13,44,8.44,6.73,7.29,6.77,5.62,8.38,7.33,7.48,7.52,5.98,5.66,8.65,8.17,5,8.36
447.13,44,8.449999999999998,6.73,7.3,6.77,5.62,8.38,7.32,7.47,7.52,5.97,5.66,8.65,8.17,5,8.36
448.13,44,8.44,6.73,7.3,6.77,5.61,8.37,7.32,7.47,7.52,5.97,5.65,8.65,8.16,4.99,8.36
449.13,44,8.44,6.71,7.29,6.77,5.6,8.38,7.32,7.47,7.52,5.97,5.65,8.64,8.16,5,8.36
450.15,44,8.44,6.71,7.29,6.76,5.6,8.38,7.32,7.45,7.52,5.97,5.64,8.66,8.17,4.99,8.36
451.15,44,8.42,6.72,7.27,6.75,5.59,8.37,7.31,7.45,7.51,5.97,5.62,8.65,8.17,4.98,8.35
452.15,44,8.42,6.71,7.27,6.75,5.59,8.36,7.31,7.45,7.52,5.97,5.62,8.64,8.15,4.98,8.35
453.15,44,8.42,6.7,7.27,6.76,5.58,8.36,7.31,7.45,7.5,5.97,5.62,8.64,8.15,4.98,8.35
454.17,44,8.43,6.71,7.27,6.76,5.58,8.36,7.31,7.45,7.51,5.97,5.62,8.65,8.15,4.98,8.36
455.17,44,8.42,6.71,7.28,6.74,5.58,8.36,7.31,7.44,7.52,5.97,5.61,8.65,8.16,4.97,8.36
456.17,44,8.41,6.71,7.27,6.74,5.58,8.36,7.29,7.43,7.51,5.97,5.6,8.64,8.16,4.96,8.35
457.17,44,8.42,6.69,7.26,6.75,5.56,8.35,7.29,7.44,7.5,5.97,5.59,8.64,8.14,4.96,8.33
458.17,44,8.41,6.68,7.26,6.75,5.57,8.35,7.29,7.42,7.5,5.97,5.59,8.64,8.14,4.95,8.34
459.17,44,8.41,6.68,7.26,6.73,5.56,8.35,7.28,7.41,7.49,5.97,5.58,8.64,8.12,4.95,8.33
460.17,44,8.41,6.68,7.26,6.75,5.55,8.34,7.28,7.42,7.5,5.96,5.58,8.64,8.12,4.95,8.34
461.18,44,8.4,6.67,7.26,6.74,5.55,8.33,7.29,7.4,7.48,5.96,5.58,8.64,8.14,4.94,8.34
462.18,44,8.41,6.68,7.26,6.74,5.55,8.35,7.3,7.41,7.5,5.97,5.58,8.65,8.13,4.95,8.34
463.18,44,8.39,6.67,7.25,6.73,5.54,8.33,7.28,7.4,7.48,5.95,5.55,8.64,8.11,4.92,8.33
464.18,44,8.39,6.66,7.25,6.73,5.54,8.32,7.27,7.4,7.49,5.95,5.55,8.63,8.1,4.93,8.33
465.18,44,8.39,6.66,7.25,6.73,5.55,8.33,7.27,7.4,7.48,5.96,5.55,8.64,8.11,4.93,8.33
466.2,44,8.4,6.65,7.25,6.73,5.52,8.33,7.27,7.39,7.48,5.94,5.55,8.64,8.11,4.92,8.33
467.2,44,8.38,6.65,7.25,6.72,5.52,8.33,7.26,7.39,7.46,5.95,5.54,8.64,8.1,4.91,8.32
468.2,44,8.38,6.64,7.24,6.73,5.53,8.31,7.26,7.39,7.45,5.95,5.54,8.64,8.1,4.91,8.32
469.2,44,8.38,6.63,7.23,6.72,5.52,8.31,7.26,7.38,7.46,5.94,5.52,8.62,8.1,4.9,8.31
470.2,44,8.38,6.63,7.23,6.73,5.52,8.31,7.26,7.36,7.46,5.94,5.52,8.62,8.08,4.9,8.31
471.2,44,8.39,6.63,7.24,6.73,5.52,8.32,7.26,7.38,7.46,5.95,5.52,8.64,8.09,4.9,8.33
472.2,44,8.39,6.63,7.23,6.71,5.5,8.31,7.26,7.36,7.46,5.94,5.5,8.62,8.08,4.89,8.31
473.2,44,8.4,6.63,7.23,6.72,5.5,8.31,7.26,7.37,7.46,5.93,5.51,8.63,8.09,4.89,8.3
474.2,44,8.39,6.63,7.22,6.7,5.49,8.3,7.25,7.36,7.45,5.93,5.5,8.62,8.07,4.88,8.3
475.22,44,8.39,6.62,7.22,6.71,5.49,8.29,7.25,7.34,7.45,5.93,5.5,8.62,8.07,4.88,8.31
476.22,44,8.41,6.63,7.22,6.71,5.49,8.3,7.26,7.35,7.45,5.94,5.49,8.63,8.08,4.88,8.3
477.22,44,8.39,6.62,7.2,6.71,5.49,8.29,7.25,7.34,7.45,5.93,5.49,8.62,8.07,4.87,8.31
478.22,44,8.38,6.61,7.2,6.7,5.49,8.3,7.25,7.33,7.44,5.93,5.48,8.62,8.07,4.87,8.31
479.22,44,8.4,6.61,7.2,6.71,5.49,8.29,7.24,7.33,7.44,5.93,5.48,8.61,8.06,4.87,8.29
480.22,44,8.39,6.61,7.2,6.72,5.49,8.3,7.25,7.32,7.44,5.93,5.48,8.62,8.07,4.87,8.31
481.22,44,8.39,6.59,7.21,6.71,5.47,8.3,7.25,7.33,7.45,5.93,5.48,8.62,8.07,4.87,8.31
482.22,44,8.39,6.58,7.2,6.7,5.47,8.279999999999998,7.23,7.32,7.44,5.93,5.47,8.61,8.05,4.84,8.29
483.22,44,8.38,6.58,7.2,6.68,5.47,8.279999999999998,7.23,7.31,7.42,5.92,5.45,8.62,8.06,4.84,8.279999999999998
484.23,44,8.38,6.58,7.2,6.69,5.46,8.27,7.23,7.32,7.44,5.92,5.45,8.62,8.05,4.84,8.29
485.23,44,8.37,6.57,7.19,6.68,5.45,8.27,7.22,7.3,7.43,5.92,5.45,8.6,8.05,4.84,8.279999999999998
486.23,44,8.38,6.57,7.18,6.69,5.46,8.27,7.24,7.3,7.44,5.92,5.45,8.62,8.05,4.84,8.27
487.23,44,8.38,6.58,7.2,6.69,5.46,8.29,7.25,7.32,7.44,5.93,5.46,8.62,8.05,4.84,8.29
488.23,44,8.36,6.55,7.18,6.68,5.45,8.27,7.22,7.28,7.41,5.92,5.44,8.61,8.04,4.82,8.27
489.23,44,8.37,6.55,7.19,6.68,5.45,8.27,7.23,7.29,7.43,5.92,5.44,8.61,8.04,4.82,8.27
490.23,44,8.37,6.55,7.19,6.69,5.44,8.26,7.22,7.28,7.42,5.91,5.43,8.62,8.029999999999998,4.81,8.279999999999998
491.25,44,8.36,6.54,7.19,6.68,5.45,8.27,7.22,7.28,7.42,5.91,5.43,8.61,8.029999999999998,4.81,8.279999999999998
492.25,44,8.35,6.54,7.18,6.68,5.43,8.27,7.23,7.26,7.42,5.92,5.43,8.6,8.04,4.81,8.27
493.25,44,8.36,6.55,7.19,6.69,5.45,8.27,7.23,7.27,7.42,5.92,5.43,8.6,8.02,4.81,8.279999999999998
494.25,44,8.35,6.54,7.18,6.68,5.43,8.26,7.22,7.26,7.4,5.91,5.41,8.59,8.02,4.81,8.27
495.27,44,8.35,6.54,7.17,6.68,5.42,8.25,7.2,7.26,7.41,5.9,5.4,8.6,8.02,4.8,8.27
496.27,44,8.34,6.54,7.18,6.67,5.42,8.24,7.22,7.26,7.41,5.9,5.4,8.6,8.01,4.79,8.27
497.27,44,8.35,6.53,7.17,6.68,5.42,8.26,7.22,7.25,7.41,5.9,5.4,8.6,8.01,4.8,8.27
498.27,44,8.34,6.53,7.16,6.68,5.42,8.25,7.22,7.24,7.41,5.9,5.4,8.59,8.01,4.79,8.27
499.27,44,8.33,6.53,7.16,6.67,5.41,8.25,7.21,7.23,7.4,5.9,5.39,8.59,8,4.79,8.26
500.27,44,8.33,6.53,7.17,6.67,5.42,8.25,7.21,7.22,7.4,5.89,5.39,8.59,8,4.78,8.26
501.28,44,8.32,6.51,7.15,6.66,5.41,8.25,7.21,7.23,7.4,5.89,5.39,8.59,8,4.78,8.27
502.28,44,8.32,6.51,7.15,6.66,5.4,8.24,7.2,7.2,7.39,5.9,5.38,8.59,8,4.77,8.26
503.28,44,8.31,6.51,7.15,6.66,5.4,8.22,7.2,7.21,7.39,5.89,5.38,8.59,7.98,4.78,8.26
504.28,44,8.32,6.5,7.15,6.66,5.4,8.23,7.2,7.2,7.39,5.89,5.38,8.59,7.99,4.77,8.26
505.28,44,8.31,6.51,7.15,6.66,5.39,8.23,7.2,7.2,7.4,5.88,5.37,8.59,7.99,4.76,8.25
506.28,44,8.32,6.51,7.15,6.66,5.4,8.24,7.2,7.2,7.39,5.89,5.38,8.59,7.99,4.77,8.25
507.3,44,8.3,6.49,7.14,6.65,5.39,8.22,7.2,7.2,7.39,5.88,5.36,8.58,7.98,4.76,8.25
508.3,44,8.3,6.49,7.14,6.66,5.38,8.23,7.19,7.2,7.39,5.88,5.36,8.58,7.98,4.76,8.25
509.3,44,8.3,6.48,7.15,6.66,5.39,8.21,7.2,7.19,7.38,5.87,5.36,8.59,7.98,4.76,8.25
510.3,44,8.3,6.49,7.15,6.66,5.39,8.23,7.2,7.18,7.39,5.88,5.36,8.59,7.98,4.76,8.26
511.3,44,8.279999999999998,6.48,7.14,6.64,5.38,8.22,7.19,7.18,7.39,5.87,5.35,8.57,7.98,4.74,8.24
512.3,44,8.29,6.48,7.14,6.64,5.38,8.22,7.2,7.17,7.39,5.87,5.34,8.57,7.98,4.74,8.25
513.32,44,8.279999999999998,6.47,7.14,6.65,5.37,8.22,7.2,7.17,7.38,5.87,5.34,8.59,7.98,4.75,8.25
514.32,44,8.279999999999998,6.46,7.14,6.65,5.38,8.22,7.2,7.17,7.39,5.88,5.34,8.59,7.98,4.74,8.26
515.32,44,8.279999999999998,6.46,7.13,6.65,5.37,8.21,7.19,7.17,7.39,5.88,5.33,8.59,7.98,4.73,8.24
516.32,44,8.27,6.46,7.13,6.64,5.36,8.21,7.19,7.14,7.38,5.86,5.32,8.57,7.97,4.73,8.23
517.32,44,8.29,6.46,7.14,6.63,5.36,8.21,7.2,7.15,7.39,5.87,5.33,8.58,7.98,4.73,8.25
518.32,44,8.27,6.45,7.13,6.63,5.36,8.19,7.17,7.14,7.37,5.87,5.32,8.59,7.96,4.72,8.22
519.32,44,8.27,6.46,7.14,6.64,5.36,8.199999999999998,7.18,7.15,7.37,5.86,5.32,8.58,7.98,4.71,8.24
520.32,44,8.25,6.44,7.11,6.63,5.35,8.18,7.17,7.14,7.36,5.86,5.31,8.58,7.96,4.71,8.22
521.33,44,8.27,6.44,7.11,6.63,5.34,8.19,7.17,7.13,7.36,5.86,5.3,8.56,7.96,4.71,8.23
522.33,44,8.27,6.44,7.11,6.63,5.34,8.19,7.17,7.12,7.36,5.85,5.3,8.57,7.96,4.71,8.23
523.33,44,8.27,6.45,7.12,6.63,5.34,8.199999999999998,7.17,7.13,7.37,5.86,5.3,8.57,7.97,4.71,8.23
524.33,44,8.27,6.44,7.11,6.63,5.34,8.19,7.17,7.11,7.35,5.85,5.3,8.58,7.95,4.7,8.22
525.35,44,8.26,6.44,7.12,6.63,5.35,8.19,7.17,7.12,7.36,5.85,5.3,8.56,7.96,4.7,8.24
526.35,44,8.26,6.41,7.1,6.63,5.33,8.18,7.16,7.11,7.35,5.85,5.29,8.58,7.96,4.7,8.22
527.35,44,8.26,6.41,7.1,6.62,5.33,8.17,7.15,7.1,7.34,5.83,5.28,8.57,7.94,4.68,8.21
528.35,44,8.25,6.41,7.1,6.62,5.33,8.17,7.14,7.08,7.35,5.84,5.27,8.56,7.94,4.68,8.199999999999998
529.35,44,8.24,6.41,7.09,6.63,5.32,8.18,7.14,7.09,7.34,5.83,5.27,8.57,7.94,4.68,8.21
530.35,44,8.24,6.41,7.1,6.62,5.33,8.17,7.14,7.08,7.34,5.84,5.27,8.56,7.94,4.67,8.199999999999998
531.35,44,8.24,6.41,7.1,6.63,5.33,8.17,7.14,7.08,7.33,5.84,5.27,8.55,7.94,4.67,8.21
532.37,44,8.25,6.41,7.1,6.62,5.32,8.17,7.15,7.08,7.34,5.83,5.27,8.56,7.95,4.67,8.22
533.37,44,8.23,6.41,7.09,6.61,5.31,8.17,7.13,7.06,7.33,5.83,5.26,8.56,7.93,4.66,8.199999999999998
534.37,44,8.24,6.4,7.1,6.62,5.32,8.17,7.15,7.06,7.34,5.83,5.27,8.57,7.95,4.66,8.21
535.37,44,8.23,6.41,7.09,6.61,5.32,8.17,7.15,7.05,7.33,5.83,5.27,8.56,7.94,4.66,8.22
536.37,44,8.22,6.39,7.08,6.61,5.3,8.17,7.14,7.05,7.32,5.83,5.26,8.56,7.94,4.65,8.199999999999998
537.37,44,8.22,6.39,7.09,6.6,5.3,8.17,7.14,7.03,7.33,5.83,5.26,8.56,7.93,4.65,8.19
538.37,44,8.21,6.37,7.07,6.6,5.3,8.15,7.14,7.03,7.32,5.82,5.24,8.55,7.92,4.64,8.19
539.38,44,8.21,6.37,7.08,6.6,5.3,8.16,7.14,7.03,7.32,5.82,5.24,8.55,7.92,4.64,8.19
540.38,44,8.21,6.37,7.07,6.61,5.29,8.16,7.14,7.03,7.32,5.82,5.25,8.55,7.93,4.64,8.199999999999998
541.38,44,8.21,6.36,7.06,6.6,5.28,8.15,7.14,7.02,7.31,5.82,5.24,8.54,7.92,4.63,8.18
542.38,44,8.199999999999998,6.34,7.07,6.6,5.27,8.14,7.13,7.01,7.31,5.81,5.23,8.54,7.9,4.63,8.17
543.4,44,8.199999999999998,6.35,7.08,6.59,5.29,8.14,7.14,7.03,7.31,5.82,5.24,8.56,7.92,4.63,8.199999999999998
544.4,44,8.21,6.35,7.08,6.61,5.29,8.16,7.14,7.03,7.32,5.82,5.24,8.55,7.92,4.63,8.18
545.4,44,8.199999999999998,6.34,7.07,6.59,5.27,8.14,7.13,7.03,7.31,5.82,5.23,8.54,7.91,4.63,8.19
546.4,44,8.19,6.34,7.07,6.6,5.28,8.15,7.14,7.01,7.32,5.81,5.23,8.55,7.91,4.62,8.18
547.4,44,8.19,6.34,7.05,6.58,5.27,8.14,7.13,7.01,7.3,5.81,5.22,8.55,7.91,4.62,8.17
548.4,44,8.199999999999998,6.34,7.08,6.59,5.27,8.15,7.13,7.01,7.32,5.81,5.23,8.54,7.9,4.62,8.18
549.42,44,8.19,6.32,7.06,6.58,5.27,8.14,7.13,7,7.31,5.81,5.22,8.54,7.9,4.61,8.18
550.42,44,8.19,6.34,7.06,6.59,5.27,8.14,7.13,7.01,7.31,5.82,5.21,8.54,7.9,4.61,8.18
551.42,44,8.19,6.33,7.06,6.58,5.27,8.14,7.14,7.01,7.31,5.81,5.21,8.54,7.89,4.61,8.17
552.42,44,8.17,6.32,7.05,6.58,5.27,8.12,7.12,7,7.31,5.79,5.21,8.54,7.9,4.6,8.17
553.43,44,8.17,6.32,7.05,6.59,5.26,8.13,7.12,7,7.3,5.8,5.21,8.529999999999998,7.89,4.6,8.17
554.43,44,8.17,6.32,7.05,6.58,5.27,8.13,7.13,6.99,7.3,5.81,5.2,8.54,7.89,4.6,8.17
555.43,44,8.16,6.31,7.05,6.58,5.25,8.12,7.13,7,7.29,5.81,5.21,8.54,7.89,4.59,8.17
556.43,44,8.17,6.32,7.05,6.58,5.26,8.12,7.12,7,7.3,5.79,5.2,8.54,7.89,4.6,8.17
557.43,44,8.15,6.3,7.04,6.58,5.25,8.12,7.12,6.99,7.29,5.79,5.19,8.529999999999998,7.89,4.58,8.16
558.43,44,8.15,6.31,7.05,6.58,5.24,8.1,7.12,6.98,7.29,5.8,5.19,8.54,7.89,4.58,8.17
559.43,44,8.15,6.32,7.04,6.58,5.26,8.12,7.13,6.99,7.28,5.8,5.19,8.529999999999998,7.89,4.58,8.17
560.43,44,8.15,6.3,7.05,6.58,5.26,8.12,7.12,6.99,7.3,5.8,5.19,8.54,7.89,4.58,8.17
561.45,44,8.15,6.3,7.04,6.57,5.25,8.11,7.12,6.99,7.3,5.8,5.19,8.54,7.89,4.58,8.17
562.45,44,8.14,6.28,7.04,6.58,5.24,8.11,7.12,6.98,7.29,5.79,5.18,8.529999999999998,7.89,4.58,8.17
563.45,44,8.15,6.28,7.04,6.58,5.25,8.1,7.11,6.98,7.27,5.79,5.18,8.54,7.89,4.58,8.16
564.45,44,8.14,6.28,7.03,6.57,5.23,8.1,7.11,6.98,7.27,5.79,5.18,8.52,7.88,4.56,8.16
565.45,44,8.14,6.27,7.03,6.56,5.24,8.09,7.11,6.98,7.27,5.79,5.18,8.52,7.87,4.56,8.16
566.45,44,8.14,6.28,7.04,6.58,5.24,8.1,7.1,6.98,7.28,5.8,5.18,8.55,7.88,4.57,8.16
567.45,44,8.12,6.27,7.02,6.57,5.23,8.09,7.1,6.96,7.26,5.78,5.16,8.529999999999998,7.87,4.56,8.15
568.47,44,8.12,6.28,7.03,6.57,5.22,8.09,7.1,6.96,7.28,5.79,5.16,8.529999999999998,7.89,4.55,8.16
569.47,44,8.12,6.26,7.03,6.56,5.23,8.09,7.11,6.98,7.27,5.78,5.17,8.52,7.89,4.55,8.16
570.47,44,8.11,6.25,7.02,6.56,5.22,8.08,7.09,6.96,7.26,5.79,5.16,8.52,7.87,4.55,8.15
571.47,44,8.12,6.26,7.03,6.56,5.22,8.09,7.11,6.96,7.26,5.79,5.15,8.529999999999998,7.88,4.55,8.15
572.47,44,8.11,6.25,7.02,6.55,5.22,8.07,7.09,6.97,7.26,5.78,5.15,8.51,7.88,4.55,8.15
573.48,44,8.11,6.26,7.03,6.56,5.22,8.09,7.1,6.95,7.26,5.79,5.15,8.52,7.88,4.54,8.15
574.48,44,8.11,6.24,7.02,6.55,5.22,8.09,7.09,6.95,7.26,5.78,5.15,8.52,7.86,4.55,8.13
575.48,44,8.1,6.26,7.02,6.56,5.21,8.08,7.09,6.95,7.26,5.79,5.15,8.51,7.87,4.53,8.14
576.48,44,8.09,6.24,7.01,6.54,5.21,8.08,7.09,6.95,7.26,5.78,5.14,8.51,7.87,4.53,8.14
577.48,44,8.1,6.26,7.02,6.56,5.21,8.08,7.09,6.95,7.26,5.79,5.15,8.52,7.86,4.53,8.13
578.48,44,8.09,6.24,7.01,6.55,5.21,8.07,7.08,6.93,7.26,5.78,5.13,8.52,7.85,4.53,8.13
579.48,44,8.1,6.25,7.01,6.56,5.21,8.07,7.09,6.95,7.26,5.79,5.14,8.52,7.86,4.53,8.14
580.48,44,8.09,6.24,6.99,6.54,5.19,8.07,7.08,6.93,7.25,5.78,5.13,8.52,7.85,4.52,8.12
581.48,44,8.09,6.24,7.02,6.56,5.21,8.07,7.09,6.93,7.25,5.78,5.14,8.51,7.84,4.53,8.13
582.5,44,8.07,6.24,7,6.54,5.19,8.07,7.08,6.93,7.24,5.78,5.13,8.51,7.84,4.51,8.12
583.5,44,8.08,6.24,7.01,6.54,5.19,8.07,7.09,6.93,7.25,5.78,5.13,8.51,7.85,4.52,8.13
584.5,44,8.08,6.23,7,6.56,5.18,8.07,7.06,6.92,7.24,5.77,5.13,8.5,7.84,4.51,8.12
585.5,44,8.08,6.22,6.99,6.54,5.19,8.07,7.07,6.92,7.24,5.78,5.12,8.51,7.83,4.51,8.12
586.5,44,8.09,6.22,6.99,6.54,5.19,8.07,7.07,6.93,7.24,5.78,5.13,8.51,7.84,4.5,8.13
587.5,44,8.07,6.21,6.99,6.53,5.18,8.04,7.07,6.91,7.22,5.77,5.12,8.51,7.83,4.5,8.11
588.52,44,8.07,6.22,7,6.54,5.18,8.06,7.07,6.92,7.24,5.78,5.12,8.51,7.84,4.5,8.12
589.52,44,8.07,6.21,6.99,6.54,5.18,8.05,7.07,6.9,7.22,5.77,5.12,8.51,7.83,4.49,8.1
590.52,44,8.07,6.2,6.98,6.52,5.18,8.06,7.06,6.91,7.21,5.76,5.12,8.5,7.83,4.49,8.11
591.52,44,8.07,6.2,6.98,6.54,5.17,8.05,7.05,6.89,7.22,5.78,5.12,8.51,7.83,4.49,8.1
592.52,44,8.07,6.19,6.98,6.53,5.18,8.05,7.05,6.91,7.22,5.75,5.12,8.51,7.82,4.48,8.1
593.52,44,8.08,6.2,6.99,6.53,5.17,8.05,7.06,6.9,7.21,5.76,5.12,8.51,7.82,4.48,8.1
594.53,44,8.09,6.19,6.98,6.54,5.17,8.05,7.06,6.9,7.22,5.76,5.12,8.5,7.83,4.48,8.11
595.53,44,8.09,6.19,6.98,6.53,5.17,8.05,7.05,6.9,7.21,5.76,5.12,8.51,7.81,4.48,8.1
596.53,44,8.09,6.18,6.98,6.52,5.16,8.04,7.04,6.89,7.2,5.76,5.11,8.49,7.83,4.47,8.09
597.53,44,8.1,6.2,6.98,6.54,5.17,8.05,7.06,6.9,7.22,5.78,5.11,8.5,7.83,4.48,8.1
598.53,44,8.1,6.16,6.97,6.52,5.15,8.029999999999998,7.03,6.88,7.2,5.76,5.1,8.5,7.82,4.46,8.08
599.53,44,8.09,6.17,6.96,6.52,5.16,8.029999999999998,7.04,6.88,7.2,5.76,5.1,8.49,7.81,4.46,8.09
600.53,44,8.1,6.17,6.97,6.52,5.15,8.02,7.04,6.88,7.2,5.76,5.11,8.49,7.81,4.46,8.09
601.55,44,8.1,6.16,6.97,6.53,5.15,8.029999999999998,7.05,6.88,7.2,5.76,5.11,8.5,7.81,4.46,8.08
602.55,44,8.1,6.16,6.97,6.51,5.15,8.04,7.04,6.87,7.2,5.75,5.11,8.49,7.81,4.45,8.09
603.55,44,8.1,6.16,6.96,6.49,5.15,8.02,7.03,6.87,7.19,5.75,5.1,8.49,7.81,4.45,8.09
604.55,44,8.11,6.16,6.96,6.51,5.15,8.029999999999998,7.03,6.87,7.2,5.75,5.11,8.49,7.81,4.45,8.08
605.55,44,8.09,6.16,6.96,6.5,5.14,8.01,7.03,6.87,7.19,5.75,5.1,8.48,7.81,4.44,8.07
606.57,44,8.1,6.16,6.96,6.5,5.15,8.01,7.03,6.86,7.19,5.75,5.1,8.49,7.81,4.45,8.08
607.57,44,8.08,6.15,6.96,6.5,5.13,8.01,7.03,6.86,7.17,5.75,5.09,8.48,7.8,4.43,8.09
608.57,44,8.09,6.15,6.95,6.51,5.15,8.01,7.03,6.86,7.19,5.75,5.09,8.49,7.8,4.43,8.08
609.57,44,8.08,6.15,6.95,6.5,5.12,8.01,7.03,6.85,7.18,5.75,5.09,8.48,7.8,4.43,8.07
610.57,44,8.08,6.14,6.94,6.5,5.13,8,7.03,6.85,7.19,5.75,5.09,8.48,7.81,4.42,8.07
611.57,44,8.09,6.13,6.94,6.5,5.13,8,7.03,6.84,7.17,5.75,5.09,8.48,7.8,4.42,8.07
612.58,44,8.07,6.12,6.94,6.5,5.12,7.99,7.02,6.83,7.17,5.75,5.09,8.48,7.8,4.41,8.07
613.58,44,8.08,6.14,6.95,6.51,5.13,8.01,7.03,6.84,7.18,5.76,5.09,8.49,7.8,4.42,8.08
614.58,44,8.07,6.13,6.94,6.5,5.12,8,7.03,6.82,7.16,5.75,5.09,8.46,7.8,4.41,8.07
615.58,44,8.08,6.12,6.95,6.49,5.12,8,7,6.83,7.17,5.74,5.09,8.47,7.79,4.41,8.07
616.58,44,8.07,6.12,6.94,6.49,5.12,7.98,7.03,6.82,7.17,5.75,5.09,8.48,7.78,4.41,8.07
617.58,44,8.07,6.12,6.94,6.5,5.12,7.98,7,6.82,7.16,5.74,5.09,8.47,7.78,4.4,8.07
618.58,44,8.06,6.1,6.93,6.49,5.12,7.98,6.99,6.81,7.15,5.74,5.08,8.46,7.78,4.39,8.06
619.58,44,8.07,6.1,6.93,6.48,5.12,7.98,7.01,6.82,7.16,5.74,5.09,8.47,7.78,4.4,8.07
620.6,44,8.06,6.11,6.93,6.5,5.12,7.97,7.02,6.8,7.17,5.74,5.08,8.47,7.79,4.39,8.06
621.6,44,8.07,6.1,6.93,6.49,5.11,7.98,7.01,6.81,7.15,5.75,5.09,8.46,7.79,4.39,8.07
622.6,44,8.07,6.1,6.93,6.48,5.1,7.98,7,6.8,7.14,5.74,5.09,8.46,7.78,4.38,8.05
623.6,44,8.06,6.09,6.93,6.49,5.11,7.98,7.01,6.79,7.15,5.74,5.09,8.47,7.77,4.38,8.06
624.6,44,8.05,6.09,6.92,6.49,5.1,7.97,6.99,6.79,7.14,5.74,5.09,8.48,7.76,4.37,8.05
625.6,44,8.05,6.08,6.92,6.48,5.1,7.97,6.99,6.77,7.14,5.72,5.09,8.449999999999998,7.76,4.38,8.029999999999998
626.6,44,8.05,6.08,6.92,6.47,5.1,7.97,6.99,6.77,7.14,5.73,5.09,8.449999999999998,7.76,4.36,8.029999999999998
627.62,44,8.05,6.08,6.91,6.48,5.09,7.97,6.99,6.77,7.14,5.72,5.08,8.46,7.76,4.37,8.04
628.62,44,8.05,6.07,6.92,6.48,5.1,7.97,6.99,6.78,7.14,5.73,5.09,8.44,7.76,4.37,8.05
629.62,44,8.04,6.08,6.92,6.47,5.09,7.97,6.99,6.78,7.14,5.73,5.08,8.449999999999998,7.76,4.37,8.04
630.62,44,8.05,6.07,6.92,6.47,5.09,7.96,6.99,6.77,7.13,5.72,5.08,8.449999999999998,7.76,4.36,8.04
631.62,44,8.04,6.06,6.92,6.48,5.09,7.96,6.99,6.77,7.14,5.73,5.09,8.449999999999998,7.75,4.36,8.029999999999998
632.62,44,8.029999999999998,6.04,6.91,6.48,5.09,7.95,6.99,6.77,7.14,5.72,5.08,8.44,7.74,4.36,8.029999999999998
633.62,44,8.029999999999998,6.06,6.91,6.46,5.08,7.95,6.99,6.76,7.13,5.73,5.08,8.449999999999998,7.74,4.36,8.02
634.63,44,8.04,6.04,6.91,6.46,5.08,7.95,6.99,6.75,7.12,5.72,5.08,8.44,7.74,4.35,8.02
635.63,44,8.029999999999998,6.04,6.9,6.47,5.07,7.94,6.98,6.76,7.12,5.72,5.07,8.43,7.74,4.35,8.029999999999998
636.63,44,8.04,6.05,6.91,6.48,5.09,7.96,7,6.76,7.14,5.72,5.09,8.449999999999998,7.77,4.36,8.04
637.63,44,8.029999999999998,6.04,6.9,6.48,5.09,7.95,6.98,6.75,7.13,5.72,5.08,8.43,7.73,4.34,8.02
638.63,44,8.02,6.04,6.9,6.48,5.07,7.94,6.98,6.76,7.11,5.73,5.09,8.43,7.73,4.34,8.02
639.63,44,8.02,6.04,6.89,6.46,5.08,7.94,6.98,6.73,7.12,5.72,5.08,8.449999999999998,7.73,4.35,8.01
640.63,44,8.01,6.03,6.89,6.46,5.07,7.94,6.98,6.74,7.11,5.72,5.07,8.44,7.73,4.33,8.02
641.63,44,8.02,6.03,6.89,6.46,5.08,7.95,6.98,6.74,7.12,5.72,5.08,8.44,7.74,4.33,8.02
642.63,44,8,6.02,6.88,6.45,5.06,7.92,6.98,6.73,7.11,5.72,5.08,8.43,7.73,4.33,8.01
643.65,44,8.01,6.02,6.88,6.45,5.07,7.92,6.98,6.74,7.12,5.72,5.07,8.43,7.73,4.33,8.02
644.65,44,8.01,6.03,6.9,6.46,5.07,7.94,6.98,6.73,7.11,5.72,5.08,8.449999999999998,7.73,4.33,8.01
645.65,44,8.02,6.02,6.9,6.47,5.06,7.93,6.98,6.73,7.1,5.73,5.09,8.44,7.74,4.34,8.02
646.65,44,8,6.02,6.88,6.45,5.06,7.93,6.97,6.73,7.11,5.72,5.07,8.44,7.73,4.33,8.01
647.65,44,8,6.01,6.87,6.44,5.06,7.91,6.96,6.71,7.1,5.71,5.07,8.42,7.73,4.32,8
648.65,44,8,6.01,6.87,6.45,5.06,7.9,6.97,6.72,7.09,5.72,5.08,8.43,7.72,4.32,8.01
649.67,44,8,6.01,6.88,6.45,5.06,7.91,6.98,6.71,7.09,5.72,5.07,8.43,7.73,4.33,8.01
650.67,44,8,6.02,6.88,6.45,5.06,7.92,6.98,6.72,7.1,5.72,5.08,8.43,7.73,4.33,8
651.67,44,8.01,6.02,6.88,6.45,5.06,7.92,6.98,6.71,7.11,5.72,5.08,8.43,7.73,4.33,8.01
652.67,44,7.98,6,6.87,6.44,5.05,7.9,6.96,6.71,7.09,5.72,5.06,8.43,7.72,4.31,7.98
653.67,44,7.99,6,6.87,6.45,5.06,7.91,6.97,6.7,7.09,5.72,5.07,8.43,7.73,4.32,8.01
654.67,44,7.98,6,6.87,6.45,5.04,7.9,6.97,6.7,7.09,5.72,5.07,8.43,7.72,4.31,7.99
655.68,44,7.98,6,6.87,6.45,5.05,7.9,6.96,6.69,7.08,5.72,5.06,8.42,7.7,4.31,7.99
656.68,44,7.98,5.99,6.87,6.44,5.04,7.89,6.95,6.68,7.09,5.7,5.06,8.41,7.7,4.31,7.98
657.68,44,7.98,5.99,6.87,6.44,5.04,7.89,6.95,6.68,7.08,5.71,5.07,8.43,7.71,4.31,7.99
658.68,44,7.98,6,6.86,6.44,5.05,7.9,6.95,6.67,7.08,5.7,5.06,8.42,7.7,4.31,7.98
659.68,44,7.96,5.98,6.86,6.42,5.03,7.89,6.94,6.68,7.08,5.7,5.06,8.41,7.69,4.3,7.98
660.68,44,7.96,5.97,6.86,6.43,5.04,7.89,6.94,6.67,7.08,5.7,5.06,8.41,7.7,4.29,7.98
661.68,44,7.96,5.98,6.86,6.44,5.04,7.89,6.94,6.68,7.08,5.71,5.06,8.41,7.7,4.3,7.98
662.7,44,7.96,5.98,6.86,6.45,5.05,7.89,6.95,6.68,7.09,5.7,5.06,8.42,7.69,4.3,7.98
663.7,44,7.94,5.97,6.86,6.42,5.03,7.88,6.93,6.66,7.07,5.7,5.06,8.41,7.69,4.28,7.97
664.7,44,7.96,5.98,6.85,6.44,5.03,7.89,6.94,6.66,7.07,5.7,5.06,8.42,7.7,4.29,7.97
665.7,44,7.96,5.98,6.86,6.44,5.03,7.89,6.94,6.67,7.08,5.71,5.07,8.41,7.69,4.3,7.98
666.7,44,7.94,5.96,6.84,6.43,5.03,7.88,6.93,6.65,7.05,5.69,5.06,8.4,7.67,4.28,7.98
667.7,44,7.93,5.96,6.84,6.42,5.02,7.88,6.93,6.64,7.06,5.69,5.06,8.41,7.68,4.28,7.96
668.7,44,7.94,5.96,6.85,6.43,5.03,7.88,6.93,6.65,7.05,5.7,5.06,8.39,7.68,4.28,7.98
669.72,44,7.94,5.95,6.85,6.42,5.02,7.87,6.93,6.65,7.06,5.69,5.06,8.4,7.68,4.27,7.98
670.72,44,7.94,5.95,6.85,6.42,5.03,7.88,6.93,6.64,7.07,5.69,5.06,8.4,7.68,4.28,7.97
671.72,44,7.94,5.95,6.84,6.42,5.03,7.86,6.93,6.64,7.05,5.69,5.06,8.4,7.68,4.28,7.96
672.72,44,7.92,5.94,6.85,6.42,5.02,7.87,6.93,6.63,7.06,5.69,5.06,8.4,7.67,4.27,7.96
673.73,44,7.91,5.94,6.82,6.42,5.01,7.86,6.92,6.63,7.04,5.69,5.05,8.4,7.67,4.26,7.95
674.73,44,7.9,5.93,6.82,6.42,5.01,7.86,6.91,6.63,7.04,5.69,5.05,8.38,7.66,4.26,7.95
675.73,44,7.92,5.95,6.84,6.43,5.03,7.87,6.93,6.63,7.05,5.7,5.06,8.4,7.67,4.27,7.96
676.73,44,7.9,5.94,6.84,6.41,5.01,7.86,6.92,6.62,7.04,5.69,5.06,8.39,7.67,4.26,7.95
677.73,44,7.91,5.93,6.82,6.42,5.01,7.85,6.91,6.62,7.03,5.69,5.06,8.39,7.66,4.26,7.95
678.73,44,7.9,5.93,6.82,6.41,5.01,7.84,6.9,6.6,7.03,5.69,5.06,8.38,7.66,4.25,7.94
679.73,44,7.91,5.93,6.83,6.41,5.01,7.86,6.91,6.62,7.05,5.69,5.06,8.4,7.67,4.26,7.96
680.75,44,7.9,5.92,6.82,6.41,5.01,7.85,6.91,6.62,7.03,5.69,5.06,8.39,7.67,4.26,7.95
681.75,44,7.9,5.93,6.82,6.41,5.01,7.85,6.91,6.6,7.04,5.69,5.06,8.38,7.66,4.25,7.95
682.75,44,7.89,5.92,6.82,6.41,5.01,7.85,6.9,6.6,7.03,5.69,5.06,8.38,7.66,4.25,7.95
683.75,44,7.89,5.91,6.82,6.41,5.01,7.85,6.9,6.59,7.03,5.69,5.06,8.38,7.65,4.25,7.93
684.75,44,7.89,5.91,6.82,6.41,5,7.84,6.9,6.58,7.03,5.69,5.06,8.38,7.65,4.24,7.93
685.75,44,7.89,5.92,6.82,6.41,5.01,7.84,6.9,6.59,7.03,5.69,5.06,8.39,7.66,4.25,7.95
686.77,44,7.89,5.93,6.82,6.41,5,7.84,6.9,6.58,7.02,5.69,5.06,8.38,7.65,4.24,7.95
687.77,44,7.88,5.9,6.8,6.41,4.99,7.83,6.89,6.57,7.02,5.68,5.06,8.38,7.65,4.24,7.92
688.77,44,7.89,5.9,6.81,6.41,5,7.84,6.89,6.58,7.01,5.69,5.06,8.38,7.66,4.24,7.93
689.77,44,7.88,5.9,6.81,6.41,4.99,7.83,6.88,6.57,7.02,5.69,5.06,8.37,7.63,4.23,7.93
690.77,44,7.87,5.88,6.81,6.39,4.98,7.81,6.88,6.56,7,5.67,5.06,8.37,7.64,4.23,7.91
691.77,44,7.87,5.9,6.8,6.39,4.99,7.83,6.89,6.56,7.01,5.68,5.06,8.37,7.65,4.24,7.92
692.77,44,7.86,5.88,6.79,6.39,4.98,7.81,6.88,6.56,7.01,5.68,5.06,8.37,7.62,4.21,7.91
693.77,44,7.87,5.88,6.81,6.4,4.99,7.82,6.89,6.56,7.02,5.68,5.06,8.37,7.65,4.23,7.93
694.78,44,7.85,5.88,6.79,6.4,4.98,7.82,6.87,6.54,7.01,5.68,5.06,8.36,7.63,4.22,7.91
695.78,44,7.86,5.88,6.8,6.41,4.98,7.81,6.9,6.55,7,5.69,5.06,8.37,7.64,4.23,7.92
696.78,44,7.86,5.87,6.79,6.4,4.98,7.81,6.88,6.54,7,5.67,5.05,8.38,7.62,4.22,7.92
697.78,44,7.86,5.86,6.79,6.39,4.98,7.81,6.88,6.55,7,5.69,5.06,8.36,7.63,4.22,7.92
698.78,44,7.86,5.87,6.79,6.39,4.98,7.81,6.88,6.54,6.99,5.68,5.06,8.37,7.62,4.21,7.92
699.78,44,7.86,5.86,6.8,6.4,4.98,7.81,6.88,6.54,7,5.68,5.06,8.38,7.62,4.21,7.91
700.78,44,7.85,5.86,6.79,6.39,4.98,7.81,6.88,6.54,7,5.67,5.06,8.37,7.62,4.22,7.91
701.78,44,7.85,5.87,6.79,6.39,4.98,7.81,6.87,6.54,7,5.67,5.06,8.37,7.63,4.21,7.9
702.78,44,7.85,5.86,6.78,6.39,4.98,7.81,6.88,6.53,6.99,5.67,5.06,8.36,7.61,4.21,7.91
703.8,44,7.83,5.85,6.78,6.38,4.98,7.79,6.87,6.52,6.98,5.67,5.06,8.37,7.61,4.2,7.9
704.8,44,7.84,5.85,6.78,6.38,4.97,7.8,6.87,6.53,6.98,5.66,5.06,8.36,7.61,4.2,7.91
705.8,44,7.83,5.84,6.77,6.37,4.97,7.79,6.87,6.52,6.98,5.66,5.06,8.34,7.6,4.19,7.89
706.8,44,7.84,5.85,6.78,6.38,4.98,7.8,6.87,6.51,6.98,5.67,5.05,8.37,7.61,4.2,7.89
707.8,44,7.83,5.86,6.77,6.37,4.97,7.8,6.87,6.51,6.98,5.67,5.06,8.34,7.6,4.19,7.9
708.8,44,7.84,5.83,6.78,6.37,4.97,7.79,6.86,6.51,6.97,5.67,5.06,8.35,7.6,4.19,7.89
709.8,44,7.83,5.84,6.77,6.37,4.96,7.79,6.87,6.5,6.98,5.67,5.06,8.36,7.6,4.19,7.9
710.8,44,7.83,5.85,6.77,6.37,4.95,7.79,6.85,6.5,6.98,5.67,5.06,8.35,7.59,4.19,7.89
711.8,44,7.82,5.84,6.77,6.37,4.95,7.77,6.87,6.49,6.98,5.65,5.06,8.35,7.6,4.19,7.89
712.8,44,7.81,5.82,6.76,6.37,4.96,7.77,6.85,6.49,6.97,5.65,5.06,8.34,7.59,4.18,7.89
713.8,44,7.81,5.83,6.77,6.37,4.95,7.77,6.87,6.49,6.97,5.65,5.06,8.34,7.59,4.17,7.89
714.8,44,7.81,5.82,6.77,6.37,4.95,7.77,6.85,6.49,6.97,5.65,5.06,8.34,7.59,4.18,7.88
715.8,44,7.81,5.82,6.77,6.37,4.96,7.78,6.86,6.48,6.98,5.67,5.06,8.35,7.59,4.18,7.89
716.8,44,7.81,5.82,6.77,6.36,4.96,7.77,6.85,6.49,6.96,5.66,5.06,8.33,7.59,4.17,7.89
717.8,44,7.81,5.82,6.77,6.37,4.95,7.77,6.85,6.49,6.97,5.66,5.06,8.35,7.59,4.17,7.88
718.82,44,7.8,5.82,6.77,6.37,4.95,7.76,6.84,6.49,6.96,5.65,5.06,8.34,7.59,4.17,7.89
719.82,44,7.81,5.82,6.76,6.35,4.95,7.76,6.85,6.47,6.96,5.66,5.06,8.34,7.59,4.17,7.88
720.82,44,7.81,5.82,6.75,6.35,4.95,7.77,6.85,6.47,6.96,5.65,5.07,8.35,7.59,4.17,7.88
721.82,44,7.8,5.81,6.76,6.37,4.95,7.76,6.84,6.47,6.96,5.65,5.06,8.35,7.58,4.17,7.88
722.82,44,7.8,5.8,6.75,6.37,4.95,7.76,6.85,6.47,6.96,5.65,5.06,8.32,7.59,4.17,7.87
723.82,44,7.78,5.8,6.74,6.36,4.95,7.74,6.83,6.46,6.94,5.65,5.06,8.32,7.58,4.16,7.87
724.82,44,7.79,5.8,6.76,6.35,4.95,7.75,6.84,6.46,6.95,5.65,5.06,8.33,7.58,4.17,7.88
725.83,44,7.79,5.8,6.74,6.36,4.95,7.76,6.84,6.46,6.94,5.65,5.05,8.32,7.58,4.16,7.87
726.83,44,7.78,5.79,6.74,6.35,4.95,7.75,6.83,6.45,6.94,5.65,5.06,8.33,7.57,4.15,7.86
727.83,44,7.78,5.8,6.75,6.34,4.94,7.75,6.83,6.46,6.93,5.65,5.06,8.34,7.57,4.14,7.86
728.83,44,7.76,5.79,6.75,6.35,4.94,7.73,6.83,6.45,6.94,5.65,5.06,8.33,7.56,4.15,7.85
729.83,44,7.76,5.79,6.74,6.34,4.94,7.73,6.83,6.45,6.93,5.64,5.06,8.32,7.56,4.14,7.85
730.83,44,7.76,5.79,6.74,6.35,4.92,7.73,6.82,6.45,6.93,5.64,5.06,8.32,7.55,4.14,7.85
731.83,44,7.77,5.79,6.74,6.34,4.94,7.73,6.83,6.44,6.93,5.64,5.06,8.32,7.56,4.14,7.86
732.85,44,7.76,5.79,6.74,6.36,4.93,7.73,6.83,6.44,6.93,5.65,5.06,8.32,7.56,4.15,7.87
733.85,44,7.75,5.78,6.74,6.33,4.93,7.73,6.81,6.44,6.93,5.65,5.06,8.31,7.55,4.14,7.84
734.85,44,7.76,5.78,6.74,6.35,4.95,7.73,6.83,6.45,6.93,5.65,5.07,8.32,7.56,4.15,7.85
735.85,44,7.74,5.77,6.74,6.34,4.93,7.72,6.82,6.42,6.93,5.63,5.06,8.31,7.55,4.14,7.84
736.85,44,7.75,5.77,6.74,6.35,4.93,7.73,6.82,6.43,6.93,5.64,5.06,8.31,7.55,4.14,7.85
737.85,44,7.74,5.77,6.73,6.33,4.93,7.72,6.82,6.42,6.92,5.64,5.06,8.31,7.55,4.13,7.84
738.85,44,7.73,5.76,6.73,6.34,4.93,7.73,6.82,6.43,6.92,5.64,5.07,8.32,7.55,4.14,7.83
739.87,44,7.73,5.76,6.73,6.33,4.93,7.72,6.82,6.43,6.92,5.64,5.06,8.31,7.54,4.13,7.84
740.87,44,7.73,5.75,6.72,6.32,4.92,7.72,6.81,6.42,6.91,5.64,5.06,8.3,7.54,4.13,7.83
741.87,44,7.73,5.75,6.72,6.32,4.92,7.72,6.82,6.41,6.92,5.63,5.07,8.3,7.54,4.13,7.83
742.87,44,7.73,5.75,6.73,6.32,4.92,7.71,6.8,6.41,6.91,5.62,5.07,8.3,7.54,4.13,7.83
743.87,44,7.72,5.74,6.71,6.32,4.92,7.7,6.81,6.41,6.91,5.63,5.06,8.3,7.52,4.12,7.81
744.88,44,7.72,5.75,6.72,6.32,4.92,7.71,6.81,6.41,6.91,5.63,5.07,8.3,7.53,4.13,7.82
745.88,44,7.72,5.73,6.73,6.32,4.91,7.71,6.8,6.41,6.9,5.63,5.06,8.31,7.52,4.12,7.83
746.88,44,7.73,5.75,6.72,6.32,4.92,7.71,6.82,6.41,6.91,5.64,5.07,8.29,7.53,4.12,7.82
747.88,44,7.73,5.75,6.73,6.32,4.91,7.71,6.81,6.41,6.9,5.63,5.07,8.31,7.53,4.12,7.82
748.88,44,7.71,5.74,6.71,6.33,4.92,7.71,6.81,6.4,6.9,5.63,5.07,8.3,7.52,4.12,7.82
749.9,44,7.72,5.74,6.72,6.32,4.92,7.71,6.81,6.41,6.89,5.63,5.07,8.3,7.52,4.12,7.82
750.9,44,7.72,5.74,6.72,6.32,4.92,7.71,6.81,6.41,6.9,5.64,5.07,8.31,7.52,4.11,7.83
751.9,44,7.71,5.74,6.71,6.32,4.91,7.69,6.81,6.39,6.9,5.63,5.08,8.279999999999998,7.52,4.12,7.81
752.9,44,7.71,5.74,6.72,6.32,4.91,7.69,6.81,6.41,6.89,5.62,5.09,8.29,7.52,4.12,7.82
753.9,44,7.71,5.72,6.71,6.32,4.91,7.7,6.81,6.4,6.9,5.63,5.08,8.3,7.52,4.12,7.81
754.9,44,7.7,5.73,6.71,6.33,4.92,7.7,6.8,6.4,6.88,5.62,5.08,8.29,7.52,4.11,7.81
755.9,44,7.71,5.74,6.72,6.32,4.92,7.69,6.8,6.4,6.89,5.63,5.08,8.3,7.52,4.11,7.81
756.92,44,7.7,5.72,6.71,6.31,4.91,7.69,6.8,6.4,6.88,5.63,5.08,8.29,7.5,4.1,7.81
757.92,44,7.68,5.72,6.7,6.31,4.91,7.68,6.79,6.39,6.87,5.62,5.08,8.27,7.51,4.1,7.8
758.92,44,7.7,5.72,6.7,6.31,4.9,7.68,6.8,6.39,6.89,5.63,5.08,8.279999999999998,7.52,4.11,7.81
759.92,44,7.68,5.72,6.7,6.32,4.9,7.68,6.78,6.39,6.88,5.62,5.08,8.29,7.52,4.1,7.81
760.92,44,7.68,5.72,6.7,6.32,4.9,7.68,6.79,6.39,6.88,5.62,5.09,8.29,7.52,4.1,7.81
761.92,44,7.68,5.71,6.69,6.31,4.9,7.66,6.79,6.38,6.87,5.62,5.07,8.27,7.49,4.1,7.8
762.93,44,7.67,5.7,6.7,6.31,4.9,7.66,6.79,6.38,6.87,5.62,5.08,8.27,7.51,4.1,7.8
763.93,44,7.68,5.71,6.69,6.3,4.9,7.67,6.78,6.38,6.87,5.62,5.08,8.27,7.51,4.1,7.81
764.93,44,7.68,5.71,6.69,6.31,4.9,7.67,6.79,6.39,6.87,5.62,5.09,8.279999999999998,7.5,4.1,7.8
765.93,44,7.67,5.71,6.69,6.31,4.89,7.66,6.79,6.38,6.87,5.62,5.08,8.27,7.5,4.1,7.79
766.93,44,7.67,5.7,6.69,6.3,4.89,7.67,6.77,6.37,6.87,5.62,5.09,8.26,7.5,4.09,7.79
767.93,44,7.67,5.69,6.68,6.3,4.89,7.67,6.77,6.37,6.86,5.62,5.08,8.27,7.49,4.08,7.78
768.95,44,7.67,5.71,6.68,6.3,4.89,7.66,6.79,6.37,6.87,5.62,5.09,8.27,7.5,4.1,7.79
769.95,44,7.66,5.7,6.68,6.3,4.89,7.67,6.77,6.37,6.86,5.61,5.08,8.27,7.49,4.09,7.79
770.95,44,7.66,5.69,6.68,6.31,4.89,7.66,6.77,6.38,6.86,5.62,5.09,8.27,7.5,4.08,7.79
771.95,44,7.66,5.7,6.68,6.29,4.89,7.66,6.78,6.37,6.86,5.62,5.09,8.27,7.49,4.08,7.79
772.95,44,7.65,5.69,6.68,6.29,4.89,7.65,6.77,6.35,6.83,5.61,5.08,8.27,7.48,4.07,7.78
773.97,44,7.66,5.69,6.68,6.31,4.89,7.66,6.77,6.37,6.86,5.62,5.09,8.27,7.5,4.08,7.78
774.97,44,7.66,5.68,6.68,6.3,4.89,7.65,6.77,6.37,6.84,5.61,5.09,8.27,7.48,4.08,7.77
775.97,44,7.65,5.68,6.68,6.29,4.88,7.65,6.75,6.36,6.84,5.6,5.08,8.26,7.47,4.07,7.78
776.97,44,7.66,5.68,6.68,6.29,4.89,7.66,6.77,6.36,6.85,5.61,5.09,8.27,7.48,4.07,7.77
777.97,44,7.66,5.68,6.68,6.29,4.89,7.66,6.77,6.37,6.85,5.61,5.1,8.27,7.48,4.08,7.78
778.97,44,7.66,5.69,6.68,6.31,4.89,7.66,6.77,6.37,6.85,5.61,5.1,8.27,7.48,4.08,7.79
779.98,44,7.65,5.67,6.67,6.28,4.88,7.64,6.76,6.35,6.84,5.6,5.09,8.26,7.48,4.07,7.77
780.98,44,7.64,5.68,6.68,6.29,4.88,7.65,6.76,6.37,6.83,5.61,5.09,8.26,7.48,4.07,7.77
781.98,44,7.64,5.67,6.67,6.28,4.88,7.64,6.76,6.34,6.83,5.6,5.09,8.25,7.48,4.06,7.77
782.98,44,7.64,5.67,6.66,6.29,4.87,7.64,6.75,6.34,6.82,5.6,5.09,8.26,7.46,4.06,7.76
783.98,44,7.64,5.68,6.67,6.28,4.87,7.64,6.76,6.35,6.83,5.6,5.09,8.25,7.47,4.06,7.76
784.98,44,7.63,5.67,6.66,6.28,4.87,7.63,6.75,6.35,6.82,5.61,5.09,8.25,7.47,4.07,7.76
785.98,44,7.64,5.68,6.66,6.29,4.88,7.64,6.75,6.36,6.84,5.61,5.1,8.27,7.47,4.07,7.77
787,44,7.63,5.65,6.66,6.28,4.87,7.63,6.75,6.34,6.82,5.59,5.09,8.26,7.46,4.05,7.75
788,44,7.64,5.65,6.66,6.29,4.86,7.61,6.75,6.34,6.82,5.6,5.09,8.26,7.45,4.05,7.75
789,44,7.64,5.65,6.65,6.27,4.87,7.61,6.73,6.34,6.81,5.6,5.09,8.25,7.45,4.05,7.74
790,44,7.64,5.65,6.65,6.26,4.87,7.62,6.74,6.32,6.81,5.59,5.09,8.24,7.45,4.05,7.74
791,44,7.66,5.66,6.66,6.27,4.87,7.63,6.75,6.35,6.82,5.6,5.1,8.24,7.46,4.05,7.76
792,44,7.66,5.65,6.66,6.28,4.87,7.63,6.74,6.34,6.82,5.59,5.1,8.25,7.46,4.05,7.75
793.02,44,7.64,5.63,6.64,6.27,4.86,7.6,6.73,6.32,6.81,5.58,5.09,8.23,7.45,4.04,7.74
794.02,44,7.65,5.65,6.64,6.27,4.86,7.61,6.73,6.32,6.81,5.59,5.09,8.24,7.45,4.04,7.73
795.02,44,7.65,5.64,6.65,6.27,4.86,7.61,6.73,6.32,6.81,5.59,5.09,8.24,7.45,4.04,7.74
796.02,44,7.65,5.65,6.65,6.27,4.87,7.62,6.73,6.33,6.82,5.6,5.1,8.25,7.46,4.05,7.75
797.02,44,7.65,5.63,6.64,6.26,4.86,7.6,6.73,6.32,6.8,5.58,5.09,8.24,7.45,4.04,7.73
798.02,44,7.65,5.63,6.65,6.26,4.86,7.6,6.73,6.32,6.8,5.58,5.09,8.23,7.45,4.04,7.73
799.03,44,7.65,5.63,6.64,6.27,4.86,7.6,6.73,6.32,6.8,5.58,5.09,8.24,7.45,4.05,7.74
800.03,44,7.65,5.63,6.64,6.26,4.86,7.6,6.73,6.32,6.8,5.59,5.1,8.23,7.45,4.04,7.73
801.03,44,7.65,5.62,6.63,6.26,4.87,7.6,6.73,6.32,6.8,5.59,5.1,8.23,7.45,4.03,7.73
802.03,44,7.65,5.62,6.64,6.28,4.86,7.59,6.72,6.32,6.79,5.59,5.1,8.22,7.44,4.04,7.73
803.03,44,7.64,5.62,6.63,6.27,4.84,7.59,6.73,6.32,6.79,5.58,5.1,8.22,7.44,4.03,7.73
804.03,44,7.65,5.62,6.63,6.27,4.85,7.59,6.72,6.32,6.8,5.58,5.1,8.23,7.44,4.04,7.73
805.05,44,7.64,5.61,6.63,6.25,4.86,7.59,6.73,6.31,6.78,5.58,5.09,8.23,7.44,4.03,7.73
806.05,44,7.63,5.6,6.63,6.25,4.84,7.59,6.72,6.31,6.79,5.58,5.09,8.22,7.43,4.03,7.72
807.05,44,7.63,5.62,6.63,6.24,4.85,7.58,6.71,6.31,6.78,5.58,5.09,8.23,7.43,4.03,7.73
808.05,44,7.65,5.62,6.64,6.27,4.86,7.6,6.73,6.32,6.78,5.59,5.12,8.24,7.44,4.03,7.73
809.05,44,7.64,5.61,6.63,6.25,4.85,7.59,6.71,6.3,6.77,5.58,5.1,8.22,7.43,4.03,7.72
810.05,44,7.63,5.6,6.63,6.24,4.84,7.58,6.7,6.32,6.77,5.58,5.1,8.199999999999998,7.42,4.03,7.72
811.05,44,7.63,5.62,6.63,6.25,4.85,7.58,6.71,6.31,6.77,5.58,5.11,8.22,7.42,4.03,7.72
812.05,44,7.63,5.61,6.62,6.25,4.84,7.58,6.7,6.31,6.78,5.59,5.11,8.22,7.43,4.03,7.71
813.07,44,7.62,5.6,6.62,6.24,4.84,7.58,6.7,6.31,6.77,5.58,5.1,8.22,7.42,4.02,7.72
814.07,44,7.63,5.6,6.63,6.24,4.84,7.59,6.71,6.3,6.77,5.58,5.11,8.199999999999998,7.42,4.03,7.72
815.07,44,7.63,5.6,6.62,6.25,4.84,7.59,6.72,6.3,6.77,5.58,5.12,8.21,7.42,4.03,7.71
816.07,44,7.62,5.6,6.61,6.24,4.83,7.57,6.7,6.3,6.77,5.58,5.11,8.199999999999998,7.41,4.02,7.71
817.07,44,7.61,5.6,6.62,6.24,4.84,7.57,6.7,6.29,6.77,5.58,5.12,8.199999999999998,7.41,4.02,7.71
818.08,44,7.62,5.59,6.61,6.25,4.83,7.57,6.7,6.29,6.76,5.58,5.1,8.19,7.41,4.02,7.7
819.08,44,7.61,5.6,6.61,6.25,4.84,7.58,6.69,6.31,6.76,5.58,5.11,8.21,7.41,4.01,7.7
820.08,44,7.62,5.61,6.62,6.25,4.84,7.57,6.71,6.3,6.77,5.58,5.12,8.21,7.42,4.02,7.71
821.08,44,7.6,5.59,6.6,6.24,4.83,7.56,6.69,6.29,6.76,5.58,5.11,8.21,7.41,4.01,7.7
822.08,44,7.59,5.58,6.6,6.23,4.82,7.56,6.68,6.28,6.75,5.57,5.11,8.199999999999998,7.39,4.01,7.69
823.08,44,7.6,5.58,6.61,6.24,4.82,7.56,6.7,6.29,6.76,5.57,5.12,8.19,7.4,4.01,7.69
824.08,44,7.59,5.58,6.61,6.24,4.82,7.55,6.68,6.28,6.75,5.56,5.12,8.19,7.4,4.01,7.69
825.1,44,7.59,5.58,6.6,6.24,4.82,7.56,6.68,6.28,6.75,5.57,5.11,8.18,7.39,4.01,7.69
826.1,44,7.59,5.58,6.59,6.23,4.82,7.55,6.68,6.28,6.74,5.56,5.12,8.18,7.4,4.01,7.69
827.1,44,7.6,5.58,6.6,6.23,4.83,7.56,6.68,6.28,6.74,5.57,5.12,8.19,7.39,4.01,7.68
828.1,44,7.59,5.57,6.6,6.24,4.82,7.54,6.68,6.28,6.75,5.56,5.11,8.19,7.39,4.01,7.68
829.1,44,7.59,5.58,6.59,6.24,4.82,7.55,6.68,6.28,6.74,5.57,5.12,8.18,7.39,4.01,7.68
830.1,44,7.59,5.56,6.58,6.21,4.81,7.55,6.68,6.28,6.74,5.56,5.11,8.18,7.39,4,7.68
831.1,44,7.59,5.56,6.59,6.23,4.81,7.54,6.67,6.28,6.73,5.55,5.12,8.17,7.39,4,7.66
832.12,44,7.58,5.58,6.59,6.22,4.81,7.54,6.68,6.28,6.73,5.56,5.12,8.17,7.38,4,7.66
833.12,44,7.59,5.55,6.59,6.23,4.81,7.54,6.67,6.28,6.74,5.56,5.12,8.19,7.39,4.01,7.67
834.12,44,7.57,5.57,6.58,6.22,4.81,7.53,6.68,6.27,6.73,5.57,5.12,8.18,7.38,4,7.68
835.12,44,7.57,5.56,6.59,6.22,4.81,7.53,6.68,6.28,6.74,5.57,5.14,8.18,7.39,4.01,7.68
836.12,44,7.58,5.55,6.58,6.22,4.81,7.54,6.68,6.28,6.73,5.57,5.13,8.18,7.37,3.99,7.66
837.13,44,7.58,5.56,6.59,6.22,4.81,7.54,6.68,6.28,6.73,5.57,5.13,8.19,7.38,4.01,7.67
838.13,44,7.58,5.57,6.59,6.22,4.81,7.54,6.68,6.27,6.73,5.57,5.14,8.18,7.39,4.01,7.67
839.13,44,7.57,5.55,6.58,6.23,4.81,7.53,6.66,6.28,6.73,5.57,5.12,8.17,7.38,4,7.66
840.13,44,7.56,5.54,6.58,6.22,4.8,7.51,6.66,6.27,6.72,5.55,5.12,8.17,7.36,3.99,7.66
841.13,44,7.57,5.55,6.58,6.21,4.81,7.52,6.67,6.27,6.72,5.55,5.12,8.17,7.36,4,7.66
842.13,44,7.58,5.55,6.58,6.22,4.81,7.53,6.68,6.28,6.73,5.56,5.13,8.17,7.36,4,7.66
843.15,44,7.56,5.54,6.57,6.21,4.81,7.52,6.67,6.26,6.72,5.55,5.13,8.17,7.35,3.99,7.66
844.15,44,7.57,5.55,6.58,6.21,4.81,7.52,6.66,6.28,6.73,5.57,5.14,8.17,7.36,4,7.66
845.15,44,7.55,5.54,6.58,6.21,4.81,7.52,6.67,6.27,6.71,5.57,5.14,8.17,7.36,3.99,7.65
846.15,44,7.56,5.54,6.58,6.21,4.81,7.52,6.67,6.27,6.71,5.56,5.14,8.17,7.36,4,7.66
847.15,44,7.55,5.52,6.56,6.2,4.79,7.51,6.65,6.26,6.71,5.55,5.12,8.16,7.35,3.99,7.65
848.17,44,7.56,5.52,6.57,6.2,4.8,7.51,6.65,6.26,6.7,5.55,5.14,8.17,7.34,3.99,7.65
849.17,44,7.55,5.53,6.57,6.21,4.8,7.51,6.65,6.27,6.71,5.55,5.14,8.16,7.35,3.99,7.65
850.17,44,7.56,5.52,6.57,6.2,4.79,7.51,6.65,6.26,6.69,5.55,5.14,8.16,7.35,3.99,7.65
851.17,44,7.55,5.53,6.57,6.2,4.8,7.51,6.66,6.27,6.71,5.55,5.14,8.16,7.35,3.99,7.66
852.18,44,7.53,5.52,6.55,6.2,4.79,7.5,6.65,6.25,6.69,5.55,5.14,8.15,7.32,3.98,7.63
853.18,44,7.55,5.52,6.56,6.2,4.8,7.51,6.65,6.26,6.7,5.55,5.15,8.15,7.35,3.99,7.64
854.18,44,7.54,5.52,6.55,6.19,4.79,7.5,6.64,6.26,6.7,5.54,5.14,8.16,7.33,3.99,7.64
855.18,44,7.54,5.52,6.57,6.2,4.79,7.5,6.63,6.26,6.7,5.55,5.15,8.16,7.35,3.99,7.64
856.18,44,7.53,5.52,6.55,6.19,4.79,7.49,6.63,6.26,6.69,5.55,5.15,8.17,7.33,3.99,7.64
857.18,44,7.53,5.51,6.56,6.2,4.79,7.49,6.64,6.26,6.69,5.55,5.15,8.14,7.32,3.98,7.64
858.18,44,7.54,5.52,6.55,6.2,4.79,7.49,6.64,6.25,6.68,5.54,5.15,8.15,7.33,3.99,7.64
859.2,44,7.53,5.52,6.55,6.18,4.79,7.5,6.64,6.25,6.7,5.55,5.15,8.16,7.33,3.99,7.63
860.2,44,7.54,5.52,6.55,6.2,4.79,7.5,6.64,6.26,6.68,5.55,5.15,8.15,7.33,3.99,7.64
861.2,44,7.52,5.51,6.55,6.19,4.79,7.47,6.63,6.26,6.68,5.54,5.15,8.15,7.33,3.99,7.62
862.2,44,7.52,5.51,6.56,6.19,4.79,7.49,6.63,6.25,6.69,5.54,5.16,8.15,7.33,3.99,7.62
863.2,44,7.52,5.51,6.54,6.19,4.79,7.48,6.64,6.25,6.69,5.54,5.15,8.15,7.32,3.98,7.62
864.22,44,7.52,5.51,6.54,6.19,4.79,7.49,6.63,6.25,6.68,5.54,5.15,8.13,7.32,3.98,7.62
865.22,44,7.52,5.49,6.54,6.19,4.79,7.48,6.63,6.24,6.68,5.54,5.16,8.14,7.32,3.97,7.61
866.22,44,7.52,5.49,6.54,6.17,4.78,7.47,6.63,6.24,6.68,5.54,5.16,8.13,7.32,3.97,7.62
867.22,44,7.51,5.49,6.54,6.17,4.79,7.47,6.63,6.24,6.68,5.54,5.15,8.12,7.32,3.97,7.61
868.22,44,7.52,5.51,6.54,6.18,4.79,7.48,6.63,6.26,6.68,5.54,5.15,8.14,7.32,3.97,7.62
869.23,44,7.52,5.49,6.54,6.19,4.78,7.47,6.63,6.24,6.68,5.54,5.15,8.12,7.32,3.97,7.62
870.23,44,7.51,5.49,6.54,6.19,4.79,7.47,6.63,6.24,6.68,5.54,5.17,8.14,7.31,3.97,7.6
871.23,44,7.51,5.49,6.54,6.17,4.77,7.46,6.63,6.24,6.65,5.54,5.15,8.13,7.31,3.97,7.62
872.23,44,7.51,5.49,6.54,6.18,4.79,7.47,6.64,6.24,6.67,5.53,5.16,8.13,7.31,3.96,7.61
873.23,44,7.5,5.5,6.53,6.17,4.78,7.47,6.64,6.24,6.67,5.53,5.16,8.13,7.31,3.97,7.6
874.23,44,7.5,5.49,6.54,6.18,4.78,7.47,6.66,6.24,6.66,5.54,5.16,8.14,7.32,3.97,7.61
875.23,44,7.51,5.48,6.54,6.16,4.77,7.46,6.65,6.23,6.66,5.52,5.16,8.13,7.31,3.96,7.6
876.23,44,7.5,5.48,6.54,6.16,4.78,7.45,6.65,6.24,6.66,5.53,5.16,8.13,7.31,3.96,7.6
877.25,44,7.5,5.49,6.54,6.18,4.78,7.46,6.66,6.24,6.66,5.53,5.16,8.12,7.31,3.96,7.6
878.25,44,7.48,5.46,6.52,6.16,4.76,7.45,6.66,6.23,6.64,5.52,5.15,8.1,7.29,3.96,7.59
879.25,44,7.49,5.48,6.53,6.16,4.77,7.46,6.66,6.24,6.66,5.52,5.16,8.12,7.31,3.96,7.59
880.25,44,7.48,5.48,6.53,6.16,4.77,7.45,6.66,6.23,6.64,5.52,5.16,8.12,7.3,3.96,7.6
881.25,44,7.49,5.47,6.53,6.16,4.77,7.45,6.67,6.23,6.65,5.52,5.17,8.11,7.3,3.96,7.59
882.25,44,7.48,5.45,6.52,6.16,4.76,7.44,6.66,6.22,6.64,5.52,5.15,8.12,7.29,3.94,7.58
883.25,44,7.48,5.48,6.52,6.16,4.77,7.45,6.68,6.23,6.64,5.52,5.17,8.12,7.3,3.96,7.59
884.27,44,7.47,5.47,6.51,6.16,4.76,7.45,6.68,6.22,6.63,5.52,5.17,8.1,7.28,3.94,7.59
885.27,44,7.49,5.46,6.51,6.16,4.76,7.45,6.68,6.23,6.65,5.53,5.16,8.11,7.3,3.96,7.59
886.27,44,7.46,5.46,6.52,6.16,4.76,7.44,6.68,6.22,6.63,5.52,5.15,8.11,7.28,3.95,7.59
887.27,44,7.47,5.46,6.52,6.16,4.77,7.45,6.68,6.22,6.64,5.52,5.17,8.11,7.29,3.96,7.59
888.27,44,7.47,5.46,6.52,6.15,4.76,7.45,6.68,6.22,6.63,5.53,5.17,8.09,7.29,3.96,7.59
889.27,44,7.47,5.45,6.5,6.16,4.76,7.44,6.68,6.21,6.63,5.52,5.15,8.1,7.28,3.94,7.58
890.27,44,7.45,5.45,6.51,6.14,4.76,7.42,6.68,6.2,6.62,5.52,5.16,8.1,7.26,3.94,7.56
891.27,44,7.46,5.46,6.51,6.16,4.76,7.44,6.69,6.21,6.63,5.52,5.16,8.09,7.27,3.95,7.58
892.27,44,7.46,5.45,6.5,6.16,4.75,7.43,6.69,6.2,6.63,5.51,5.16,8.09,7.27,3.95,7.57
893.27,44,7.46,5.45,6.52,6.15,4.76,7.42,6.68,6.2,6.63,5.52,5.16,8.09,7.27,3.94,7.58
894.27,44,7.46,5.45,6.51,6.15,4.76,7.43,6.69,6.21,6.62,5.52,5.18,8.11,7.27,3.95,7.57
895.28,44,7.45,5.44,6.5,6.15,4.76,7.43,6.69,6.2,6.62,5.52,5.17,8.11,7.27,3.95,7.58
896.28,44,7.46,5.45,6.51,6.16,4.76,7.43,6.7,6.21,6.63,5.52,5.17,8.1,7.26,3.95,7.57
897.28,44,7.45,5.44,6.49,6.14,4.75,7.42,6.68,6.2,6.61,5.52,5.16,8.08,7.26,3.94,7.56
898.28,44,7.45,5.43,6.5,6.14,4.75,7.42,6.69,6.2,6.61,5.51,5.17,8.09,7.26,3.94,7.56
899.28,44,7.45,5.44,6.49,6.14,4.75,7.43,6.69,6.21,6.62,5.52,5.16,8.09,7.26,3.94,7.56
900.28,44,7.45,5.45,6.5,6.16,4.76,7.43,6.69,6.2,6.61,5.51,5.17,8.09,7.26,3.94,7.57
901.3,44,7.46,5.44,6.5,6.15,4.76,7.42,6.7,6.2,6.6,5.51,5.18,8.09,7.26,3.94,7.56
902.3,44,7.45,5.42,6.49,6.15,4.74,7.41,6.68,6.2,6.59,5.51,5.15,8.08,7.26,3.94,7.56
903.3,44,7.44,5.42,6.49,6.12,4.75,7.41,6.68,6.2,6.6,5.51,5.16,8.08,7.24,3.93,7.56
904.3,44,7.45,5.42,6.49,6.14,4.75,7.4,6.69,6.2,6.6,5.51,5.17,8.07,7.26,3.94,7.55
905.3,44,7.43,5.43,6.49,6.15,4.75,7.41,6.7,6.19,6.6,5.51,5.16,8.08,7.26,3.94,7.55
906.3,44,7.45,5.43,6.49,6.13,4.75,7.41,6.69,6.2,6.61,5.52,5.17,8.09,7.25,3.94,7.56
907.3,44,7.44,5.42,6.49,6.14,4.75,7.42,6.71,6.2,6.6,5.51,5.18,8.08,7.25,3.94,7.56
908.32,44,7.44,5.43,6.49,6.12,4.74,7.4,6.7,6.2,6.59,5.51,5.17,8.07,7.26,3.94,7.55
909.32,44,7.45,5.42,6.49,6.13,4.74,7.41,6.7,6.2,6.59,5.51,5.17,8.08,7.25,3.94,7.56
910.32,44,7.43,5.41,6.48,6.12,4.73,7.4,6.69,6.18,6.59,5.49,5.16,8.07,7.23,3.93,7.53
911.32,44,7.44,5.42,6.48,6.13,4.73,7.4,6.7,6.2,6.59,5.51,5.17,8.07,7.24,3.93,7.54
912.33,44,7.43,5.41,6.49,6.12,4.73,7.39,6.7,6.19,6.58,5.5,5.17,8.07,7.24,3.93,7.53
913.33,44,7.42,5.4,6.48,6.12,4.73,7.39,6.69,6.19,6.58,5.5,5.17,8.05,7.23,3.93,7.53
914.33,44,7.42,5.41,6.48,6.13,4.74,7.39,6.69,6.19,6.58,5.5,5.17,8.07,7.24,3.93,7.54
915.33,44,7.42,5.4,6.48,6.12,4.74,7.39,6.7,6.19,6.58,5.51,5.18,8.07,7.25,3.94,7.54
916.33,44,7.42,5.4,6.48,6.13,4.74,7.39,6.71,6.19,6.58,5.5,5.17,8.07,7.23,3.94,7.53
917.33,44,7.42,5.41,6.49,6.13,4.73,7.39,6.71,6.19,6.58,5.5,5.17,8.07,7.24,3.94,7.53
918.33,44,7.4,5.4,6.48,6.12,4.73,7.39,6.69,6.19,6.57,5.5,5.17,8.07,7.23,3.93,7.52
919.33,44,7.4,5.39,6.47,6.11,4.73,7.39,6.69,6.18,6.58,5.5,5.18,8.07,7.23,3.94,7.52
920.35,44,7.41,5.41,6.48,6.12,4.73,7.39,6.7,6.18,6.58,5.49,5.18,8.07,7.23,3.94,7.52
921.35,44,7.41,5.39,6.48,6.13,4.73,7.37,6.69,6.19,6.58,5.49,5.18,8.06,7.24,3.93,7.53
922.35,44,7.4,5.39,6.48,6.12,4.74,7.39,6.7,6.18,6.58,5.49,5.18,8.07,7.23,3.93,7.53
923.35,44,7.4,5.39,6.47,6.12,4.73,7.39,6.69,6.18,6.57,5.49,5.18,8.05,7.22,3.94,7.52
924.35,44,7.4,5.39,6.46,6.12,4.73,7.38,6.69,6.17,6.56,5.5,5.18,8.07,7.21,3.92,7.52
925.35,44,7.4,5.39,6.47,6.12,4.73,7.37,6.7,6.18,6.57,5.49,5.18,8.07,7.23,3.93,7.52
926.35,44,7.39,5.39,6.47,6.12,4.73,7.38,6.68,6.17,6.57,5.5,5.18,8.06,7.22,3.93,7.51
927.35,44,7.39,5.39,6.48,6.12,4.73,7.37,6.7,6.18,6.55,5.49,5.18,8.06,7.23,3.94,7.52
928.35,44,7.39,5.39,6.46,6.12,4.73,7.38,6.7,6.18,6.56,5.49,5.18,8.07,7.22,3.93,7.51
929.35,44,7.39,5.39,6.46,6.11,4.73,7.37,6.68,6.17,6.54,5.49,5.18,8.06,7.22,3.92,7.51
930.37,44,7.39,5.38,6.46,6.1,4.72,7.37,6.68,6.17,6.54,5.49,5.18,8.05,7.21,3.92,7.51
931.37,44,7.39,5.39,6.46,6.1,4.72,7.36,6.69,6.17,6.55,5.49,5.18,8.05,7.21,3.92,7.5
932.37,44,7.37,5.37,6.45,6.09,4.71,7.36,6.68,6.16,6.55,5.49,5.18,8.05,7.2,3.92,7.5
933.37,44,7.39,5.38,6.46,6.11,4.73,7.38,6.7,6.18,6.56,5.49,5.19,8.06,7.21,3.93,7.52
934.37,44,7.39,5.36,6.45,6.09,4.71,7.34,6.68,6.15,6.54,5.48,5.18,8.02,7.2,3.92,7.49
935.37,44,7.39,5.38,6.45,6.11,4.73,7.36,6.7,6.17,6.55,5.49,5.2,8.05,7.21,3.93,7.51
936.37,44,7.37,5.36,6.45,6.1,4.71,7.35,6.68,6.16,6.54,5.47,5.18,8.029999999999998,7.2,3.92,7.5
937.37,44,7.38,5.37,6.45,6.11,4.72,7.35,6.68,6.16,6.54,5.49,5.19,8.029999999999998,7.2,3.92,7.5
938.37,44,7.38,5.37,6.45,6.11,4.72,7.36,6.69,6.16,6.55,5.49,5.2,8.05,7.2,3.92,7.5
939.37,44,7.37,5.36,6.45,6.1,4.72,7.34,6.69,6.16,6.54,5.49,5.18,8.029999999999998,7.2,3.92,7.5
940.37,44,7.37,5.36,6.45,6.09,4.72,7.34,6.68,6.15,6.54,5.48,5.19,8.029999999999998,7.2,3.92,7.49
941.38,44,7.37,5.36,6.45,6.09,4.71,7.34,6.68,6.16,6.54,5.48,5.19,8.029999999999998,7.19,3.92,7.49
942.38,44,7.35,5.36,6.45,6.08,4.71,7.34,6.68,6.14,6.53,5.47,5.18,8.02,7.19,3.92,7.48
943.38,44,7.36,5.34,6.43,6.09,4.71,7.35,6.68,6.16,6.53,5.47,5.19,8.029999999999998,7.2,3.92,7.49
944.38,44,7.35,5.35,6.43,6.09,4.71,7.33,6.68,6.15,6.53,5.48,5.19,8.01,7.19,3.92,7.48
945.38,44,7.36,5.35,6.45,6.08,4.71,7.34,6.68,6.15,6.54,5.47,5.19,8.029999999999998,7.2,3.91,7.48
946.38,44,7.35,5.35,6.43,6.09,4.71,7.35,6.68,6.14,6.53,5.48,5.19,8.02,7.19,3.92,7.48
947.38,44,7.35,5.34,6.43,6.08,4.69,7.32,6.68,6.14,6.51,5.46,5.18,8,7.17,3.91,7.48
948.38,44,7.34,5.34,6.44,6.1,4.71,7.32,6.68,6.16,6.52,5.48,5.2,8.01,7.18,3.92,7.48
949.4,44,7.34,5.33,6.42,6.08,4.71,7.32,6.68,6.13,6.52,5.47,5.19,8,7.18,3.91,7.47
950.4,44,7.34,5.33,6.42,6.08,4.7,7.32,6.67,6.14,6.5,5.46,5.19,8.01,7.18,3.91,7.47
951.4,44,7.35,5.34,6.43,6.08,4.7,7.33,6.67,6.14,6.51,5.48,5.19,8.01,7.17,3.91,7.47
952.4,44,7.33,5.34,6.43,6.08,4.71,7.32,6.68,6.13,6.51,5.47,5.19,8.01,7.16,3.91,7.47
953.4,44,7.33,5.34,6.43,6.1,4.71,7.33,6.67,6.14,6.51,5.46,5.2,8.029999999999998,7.17,3.92,7.48
954.4,44,7.33,5.33,6.42,6.08,4.71,7.33,6.67,6.13,6.5,5.46,5.19,8,7.17,3.91,7.47
955.4,44,7.34,5.33,6.43,6.09,4.71,7.32,6.68,6.12,6.51,5.46,5.2,8.02,7.18,3.92,7.47
956.4,44,7.34,5.33,6.41,6.08,4.69,7.31,6.67,6.14,6.51,5.47,5.2,8,7.17,3.91,7.46
957.4,44,7.32,5.32,6.41,6.08,4.7,7.32,6.67,6.12,6.5,5.45,5.19,8,7.16,3.91,7.46
958.42,44,7.32,5.33,6.42,6.08,4.7,7.31,6.67,6.12,6.5,5.47,5.2,8,7.16,3.9,7.45
959.42,44,7.33,5.33,6.42,6.07,4.7,7.3,6.68,6.14,6.5,5.46,5.2,8,7.16,3.91,7.46
960.42,44,7.32,5.32,6.41,6.08,4.7,7.31,6.67,6.12,6.49,5.46,5.19,8,7.15,3.9,7.46
961.42,44,7.33,5.32,6.42,6.08,4.7,7.31,6.68,6.13,6.5,5.46,5.21,8,7.17,3.9,7.46
962.42,44,7.32,5.31,6.41,6.06,4.69,7.31,6.66,6.12,6.49,5.45,5.2,7.99,7.14,3.9,7.45
963.42,44,7.32,5.31,6.41,6.08,4.69,7.29,6.66,6.12,6.49,5.45,5.2,8,7.15,3.9,7.45
964.43,44,7.32,5.32,6.41,6.08,4.7,7.31,6.66,6.12,6.49,5.46,5.2,8,7.16,3.9,7.45
965.43,44,7.31,5.3,6.41,6.06,4.68,7.29,6.65,6.12,6.49,5.45,5.2,8,7.14,3.9,7.45
966.43,44,7.32,5.32,6.41,6.07,4.7,7.31,6.67,6.12,6.49,5.46,5.21,8,7.15,3.9,7.45
967.43,44,7.32,5.32,6.42,6.08,4.7,7.31,6.67,6.12,6.49,5.46,5.21,8,7.15,3.91,7.46
968.43,44,7.32,5.32,6.41,6.07,4.69,7.31,6.66,6.12,6.49,5.46,5.21,7.99,7.14,3.91,7.45
969.43,44,7.32,5.32,6.43,6.08,4.7,7.3,6.67,6.13,6.49,5.47,5.22,7.99,7.15,3.92,7.45
970.45,44,7.31,5.3,6.41,6.06,4.68,7.29,6.66,6.11,6.47,5.45,5.2,7.99,7.14,3.9,7.45
971.45,44,7.32,5.31,6.41,6.07,4.69,7.3,6.66,6.12,6.49,5.45,5.21,7.99,7.14,3.91,7.45
972.45,44,7.3,5.3,6.41,6.06,4.68,7.29,6.66,6.12,6.48,5.45,5.2,7.98,7.14,3.9,7.44
973.45,44,7.3,5.3,6.4,6.07,4.68,7.29,6.65,6.12,6.47,5.45,5.21,7.97,7.14,3.9,7.44
974.45,44,7.3,5.3,6.41,6.06,4.68,7.27,6.64,6.12,6.47,5.45,5.21,7.98,7.14,3.9,7.44
975.45,44,7.3,5.3,6.4,6.06,4.68,7.28,6.64,6.12,6.47,5.45,5.21,7.98,7.13,3.9,7.43
976.47,44,7.31,5.3,6.4,6.06,4.69,7.28,6.65,6.12,6.47,5.46,5.21,7.98,7.14,3.9,7.44
977.47,44,7.31,5.3,6.41,6.05,4.68,7.29,6.65,6.12,6.48,5.45,5.21,7.98,7.14,3.9,7.44
978.47,44,7.29,5.28,6.4,6.06,4.68,7.28,6.63,6.1,6.47,5.45,5.2,7.98,7.13,3.9,7.43
979.47,44,7.3,5.3,6.41,6.05,4.68,7.27,6.64,6.12,6.47,5.45,5.21,7.98,7.14,3.9,7.43
980.47,44,7.28,5.27,6.39,6.04,4.68,7.26,6.63,6.11,6.46,5.44,5.2,7.97,7.11,3.89,7.42
981.47,44,7.29,5.28,6.4,6.05,4.68,7.26,6.64,6.11,6.45,5.45,5.21,7.98,7.14,3.9,7.42
982.48,44,7.29,5.28,6.39,6.05,4.68,7.27,6.64,6.11,6.46,5.45,5.21,7.98,7.13,3.89,7.43
983.48,44,7.28,5.29,6.4,6.05,4.68,7.27,6.64,6.11,6.47,5.45,5.22,7.98,7.13,3.9,7.43
984.48,44,7.27,5.28,6.38,6.05,4.68,7.26,6.63,6.11,6.46,5.44,5.21,7.97,7.12,3.9,7.41
985.48,44,7.27,5.27,6.38,6.04,4.66,7.26,6.63,6.1,6.45,5.44,5.21,7.97,7.12,3.89,7.4
986.48,44,7.27,5.28,6.38,6.04,4.67,7.26,6.64,6.11,6.46,5.44,5.21,7.95,7.12,3.9,7.4
987.48,44,7.28,5.29,6.39,6.05,4.68,7.26,6.63,6.11,6.45,5.45,5.22,7.98,7.13,3.9,7.42
988.48,44,7.26,5.28,6.38,6.04,4.68,7.26,6.63,6.11,6.45,5.45,5.21,7.97,7.12,3.89,7.41
989.5,44,7.27,5.27,6.39,6.04,4.68,7.26,6.63,6.1,6.45,5.45,5.21,7.97,7.11,3.89,7.41
990.5,44,7.26,5.26,6.38,6.04,4.67,7.26,6.62,6.1,6.45,5.44,5.21,7.95,7.11,3.88,7.41
991.5,44,7.26,5.27,6.37,6.04,4.66,7.25,6.63,6.09,6.45,5.43,5.21,7.95,7.11,3.89,7.4
992.5,44,7.26,5.27,6.37,6.04,4.67,7.26,6.62,6.1,6.45,5.44,5.22,7.95,7.12,3.89,7.4
993.5,44,7.26,5.27,6.39,6.04,4.67,7.26,6.63,6.09,6.44,5.44,5.21,7.96,7.1,3.89,7.4
994.5,44,7.26,5.27,6.37,6.04,4.67,7.26,6.62,6.11,6.45,5.44,5.22,7.95,7.11,3.89,7.41
995.52,44,7.26,5.27,6.37,6.04,4.67,7.26,6.63,6.1,6.44,5.44,5.21,7.96,7.11,3.89,7.41
996.52,44,7.26,5.26,6.37,6.04,4.67,7.25,6.62,6.1,6.44,5.43,5.21,7.95,7.1,3.89,7.4
997.52,44,7.25,5.26,6.37,6.04,4.66,7.24,6.62,6.1,6.44,5.44,5.22,7.96,7.1,3.89,7.39
998.52,44,7.26,5.26,6.37,6.03,4.66,7.24,6.61,6.09,6.43,5.43,5.22,7.94,7.1,3.89,7.39
999.53,44,7.26,5.26,6.38,6.03,4.66,7.24,6.63,6.1,6.44,5.43,5.21,7.96,7.1,3.89,7.4
1000.53,44,7.25,5.25,6.37,6.03,4.66,7.24,6.62,6.09,6.43,5.43,5.21,7.95,7.1,3.89,7.39
1001.53,44,7.25,5.26,6.37,6.03,4.66,7.24,6.62,6.1,6.43,5.44,5.22,7.94,7.09,3.89,7.39
1002.53,44,7.25,5.24,6.37,6.03,4.65,7.23,6.62,6.08,6.42,5.43,5.21,7.95,7.09,3.89,7.39
1003.53,44,7.25,5.24,6.37,6.03,4.65,7.24,6.61,6.08,6.42,5.42,5.21,7.94,7.09,3.88,7.39
1004.53,44,7.26,5.25,6.37,6.03,4.67,7.24,6.61,6.09,6.43,5.43,5.21,7.93,7.09,3.89,7.39
1005.53,44,7.24,5.24,6.37,6.03,4.66,7.23,6.61,6.08,6.42,5.42,5.21,7.93,7.09,3.89,7.39
1006.53,44,7.24,5.24,6.36,6.03,4.66,7.22,6.6,6.1,6.42,5.43,5.21,7.94,7.09,3.88,7.38
1007.55,44,7.24,5.24,6.36,6.02,4.65,7.21,6.59,6.08,6.41,5.42,5.21,7.93,7.09,3.88,7.39
1008.55,44,7.26,5.24,6.37,6.02,4.65,7.24,6.61,6.09,6.42,5.43,5.22,7.94,7.09,3.89,7.39
1009.55,44,7.26,5.24,6.36,6.02,4.65,7.22,6.6,6.09,6.42,5.42,5.23,7.93,7.09,3.89,7.39
1010.55,44,7.24,5.23,6.36,6.02,4.65,7.21,6.59,6.09,6.41,5.43,5.22,7.93,7.09,3.88,7.37
1011.55,44,7.24,5.24,6.36,6.01,4.65,7.22,6.59,6.08,6.41,5.42,5.21,7.92,7.08,3.88,7.37
1012.55,44,7.24,5.24,6.35,6.03,4.65,7.22,6.6,6.09,6.41,5.42,5.21,7.93,7.08,3.88,7.37
1013.57,44,7.24,5.23,6.36,6.02,4.65,7.2,6.59,6.09,6.41,5.42,5.22,7.92,7.08,3.88,7.37
1014.57,44,7.24,5.24,6.36,6.02,4.65,7.21,6.59,6.08,6.41,5.43,5.22,7.94,7.08,3.88,7.38
1015.57,44,7.24,5.23,6.36,6.02,4.65,7.21,6.59,6.08,6.41,5.43,5.22,7.93,7.07,3.88,7.38
1016.57,44,7.23,5.21,6.35,6.01,4.65,7.21,6.59,6.08,6.39,5.42,5.22,7.91,7.07,3.88,7.37
1017.57,44,7.24,5.23,6.35,6.02,4.65,7.2,6.59,6.08,6.41,5.42,5.22,7.92,7.07,3.88,7.37
1018.57,44,7.23,5.21,6.35,6.01,4.64,7.2,6.59,6.08,6.4,5.42,5.21,7.91,7.06,3.88,7.36
1019.57,44,7.23,5.21,6.34,6.01,4.65,7.2,6.59,6.08,6.41,5.42,5.22,7.92,7.07,3.87,7.36
1020.58,44,7.22,5.21,6.33,6.01,4.65,7.2,6.58,6.08,6.4,5.42,5.22,7.91,7.06,3.88,7.36
1021.58,44,7.22,5.21,6.35,6,4.64,7.2,6.58,6.08,6.4,5.42,5.21,7.91,7.06,3.88,7.35
1022.58,44,7.22,5.21,6.34,6.01,4.64,7.21,6.58,6.08,6.39,5.42,5.22,7.92,7.06,3.88,7.35
1023.58,44,7.22,5.21,6.33,6.01,4.63,7.2,6.58,6.08,6.39,5.42,5.22,7.92,7.05,3.88,7.36
1024.58,44,7.2,5.21,6.32,6,4.64,7.19,6.58,6.08,6.39,5.42,5.22,7.91,7.05,3.88,7.34
1025.6,44,7.22,5.21,6.34,6.01,4.64,7.2,6.58,6.08,6.4,5.42,5.23,7.91,7.07,3.88,7.36
1026.6,44,7.21,5.21,6.33,6.01,4.64,7.2,6.58,6.07,6.39,5.42,5.22,7.9,7.06,3.88,7.35
1027.6,44,7.2,5.21,6.32,5.98,4.63,7.19,6.57,6.05,6.38,5.41,5.21,7.9,7.05,3.87,7.33
1028.6,44,7.22,5.21,6.33,6.01,4.64,7.2,6.58,6.08,6.39,5.42,5.22,7.91,7.05,3.88,7.35
1029.6,44,7.2,5.2,6.33,6,4.64,7.19,6.57,6.07,6.37,5.4,5.21,7.89,7.04,3.88,7.34
1030.6,44,7.2,5.21,6.32,6.01,4.64,7.19,6.57,6.08,6.38,5.42,5.22,7.9,7.05,3.88,7.34
1031.6,44,7.21,5.21,6.32,6,4.64,7.19,6.57,6.07,6.38,5.41,5.23,7.9,7.05,3.88,7.35
1032.62,44,7.2,5.21,6.33,6.01,4.63,7.18,6.56,6.07,6.37,5.41,5.23,7.89,7.05,3.88,7.34
1033.62,44,7.2,5.2,6.32,6.01,4.63,7.18,6.57,6.07,6.38,5.4,5.22,7.9,7.05,3.88,7.34
1034.62,44,7.19,5.18,6.33,5.99,4.63,7.17,6.54,6.06,6.37,5.41,5.22,7.88,7.03,3.87,7.32
1035.62,44,7.21,5.21,6.32,6.01,4.64,7.18,6.57,6.08,6.38,5.41,5.24,7.89,7.05,3.88,7.34
1036.63,44,7.2,5.2,6.32,6,4.63,7.18,6.55,6.07,6.37,5.41,5.23,7.89,7.03,3.87,7.33
1037.63,44,7.2,5.2,6.32,6,4.64,7.18,6.56,6.07,6.38,5.41,5.23,7.9,7.03,3.88,7.33
1038.63,44,7.19,5.18,6.31,5.98,4.63,7.17,6.54,6.07,6.37,5.39,5.22,7.89,7.03,3.87,7.32
1039.63,44,7.2,5.19,6.32,5.99,4.63,7.18,6.55,6.07,6.37,5.4,5.24,7.89,7.04,3.88,7.33
1040.63,44,7.18,5.18,6.32,6,4.63,7.18,6.55,6.07,6.36,5.4,5.23,7.89,7.03,3.88,7.32
1041.65,44,7.2,5.18,6.32,6,4.63,7.18,6.56,6.08,6.37,5.42,5.23,7.88,7.03,3.88,7.32
1042.65,44,7.18,5.18,6.3,5.98,4.62,7.17,6.54,6.06,6.36,5.4,5.22,7.89,7.02,3.86,7.32
1043.65,44,7.17,5.18,6.31,5.98,4.63,7.16,6.54,6.05,6.35,5.39,5.23,7.89,7.03,3.87,7.32
1044.65,44,7.19,5.18,6.32,6,4.63,7.17,6.54,6.08,6.37,5.4,5.23,7.89,7.03,3.88,7.32
1045.65,44,7.18,5.18,6.32,5.99,4.63,7.17,6.55,6.08,6.37,5.4,5.23,7.89,7.03,3.88,7.32
1046.67,44,7.17,5.18,6.31,5.98,4.62,7.15,6.54,6.05,6.36,5.39,5.23,7.87,7.02,3.87,7.32
1047.67,44,7.15,5.18,6.31,5.98,4.62,7.15,6.54,6.07,6.36,5.39,5.23,7.88,7.03,3.87,7.32
1048.67,44,7.17,5.18,6.3,5.98,4.62,7.15,6.54,6.05,6.35,5.4,5.23,7.88,7.01,3.87,7.3
1049.67,44,7.16,5.17,6.31,5.98,4.63,7.14,6.54,6.06,6.36,5.39,5.23,7.87,7.02,3.87,7.31
1050.67,44,7.17,5.18,6.3,5.98,4.62,7.15,6.54,6.06,6.36,5.4,5.23,7.88,7.01,3.88,7.32
1051.67,44,7.15,5.18,6.3,5.97,4.62,7.15,6.54,6.06,6.35,5.39,5.23,7.87,7.01,3.87,7.31
1052.68,44,7.16,5.18,6.31,5.98,4.63,7.15,6.54,6.05,6.35,5.4,5.23,7.87,7.02,3.88,7.32
1053.68,44,7.15,5.18,6.3,5.98,4.61,7.14,6.53,6.06,6.35,5.39,5.23,7.87,7.01,3.87,7.3
1054.68,44,7.15,5.17,6.31,5.97,4.62,7.14,6.54,6.06,6.35,5.4,5.23,7.87,7.01,3.86,7.31
1055.68,44,7.15,5.17,6.29,5.97,4.62,7.14,6.53,6.05,6.34,5.39,5.24,7.87,7,3.87,7.3
1056.68,44,7.14,5.15,6.29,5.97,4.62,7.14,6.52,6.05,6.35,5.39,5.22,7.86,7,3.87,7.3
1057.68,44,7.15,5.16,6.3,5.98,4.62,7.14,6.53,6.06,6.34,5.39,5.24,7.87,7,3.87,7.31
1058.7,44,7.14,5.16,6.29,5.97,4.63,7.14,6.52,6.06,6.34,5.39,5.23,7.87,7,3.88,7.3
1059.7,44,7.14,5.15,6.3,5.97,4.62,7.14,6.53,6.04,6.34,5.39,5.24,7.86,7,3.87,7.31
1060.7,44,7.14,5.15,6.28,5.97,4.6,7.12,6.52,6.04,6.33,5.39,5.23,7.86,7,3.86,7.3
1061.7,44,7.14,5.17,6.28,5.97,4.61,7.15,6.52,6.06,6.34,5.39,5.24,7.87,7,3.87,7.3
1062.7,44,7.13,5.15,6.28,5.97,4.61,7.14,6.51,6.05,6.32,5.39,5.24,7.85,7,3.86,7.28
1063.7,44,7.14,5.15,6.28,5.96,4.61,7.14,6.51,6.05,6.33,5.39,5.23,7.85,6.99,3.86,7.29
1064.7,44,7.14,5.16,6.29,5.97,4.6,7.14,6.52,6.05,6.32,5.38,5.24,7.86,6.99,3.87,7.29
1065.7,44,7.13,5.14,6.28,5.97,4.6,7.13,6.5,6.04,6.32,5.39,5.24,7.85,6.98,3.86,7.28
1066.7,44,7.13,5.14,6.28,5.97,4.6,7.14,6.5,6.04,6.33,5.39,5.24,7.85,6.99,3.87,7.28
1067.72,44,7.12,5.15,6.28,5.97,4.6,7.14,6.51,6.05,6.32,5.39,5.24,7.86,6.99,3.86,7.29
1068.72,44,7.12,5.14,6.28,5.96,4.6,7.14,6.51,6.04,6.32,5.39,5.24,7.85,6.98,3.86,7.28
1069.72,44,7.11,5.15,6.28,5.97,4.6,7.14,6.5,6.06,6.32,5.38,5.24,7.84,6.99,3.87,7.28
1070.72,44,7.12,5.15,6.28,5.97,4.61,7.14,6.5,6.04,6.32,5.38,5.24,7.84,6.99,3.87,7.28
1071.73,44,7.11,5.15,6.28,5.95,4.6,7.13,6.49,6.04,6.32,5.38,5.23,7.83,6.98,3.86,7.26
1072.73,44,7.11,5.14,6.28,5.97,4.61,7.14,6.5,6.04,6.32,5.39,5.24,7.84,6.98,3.86,7.28
1073.73,44,7.11,5.15,6.28,5.95,4.61,7.12,6.5,6.05,6.32,5.38,5.24,7.83,6.98,3.87,7.27
1074.73,44,7.11,5.14,6.27,5.95,4.6,7.13,6.49,6.03,6.31,5.37,5.24,7.83,6.97,3.86,7.27
1075.73,44,7.11,5.14,6.28,5.95,4.6,7.13,6.49,6.03,6.31,5.38,5.24,7.84,6.98,3.86,7.26
1076.73,44,7.11,5.13,6.29,5.96,4.6,7.13,6.49,6.05,6.32,5.39,5.24,7.83,6.98,3.86,7.27
1077.73,44,7.1,5.13,6.27,5.96,4.6,7.12,6.49,6.04,6.31,5.36,5.24,7.83,6.97,3.86,7.26
1078.73,44,7.11,5.13,6.27,5.95,4.6,7.13,6.49,6.04,6.31,5.38,5.24,7.83,6.98,3.86,7.26
1079.75,44,7.1,5.12,6.28,5.95,4.6,7.12,6.49,6.04,6.31,5.38,5.23,7.83,6.97,3.86,7.26
1080.75,44,7.09,5.12,6.27,5.95,4.59,7.12,6.48,6.04,6.29,5.36,5.24,7.83,6.96,3.86,7.26
1081.75,44,7.11,5.12,6.27,5.94,4.6,7.12,6.49,6.04,6.31,5.38,5.24,7.84,6.97,3.86,7.26
1082.75,44,7.1,5.12,6.27,5.94,4.6,7.11,6.49,6.04,6.3,5.37,5.24,7.83,6.97,3.86,7.26
1083.75,44,7.1,5.12,6.28,5.96,4.6,7.13,6.49,6.04,6.3,5.38,5.24,7.83,6.98,3.87,7.26
1084.75,44,7.1,5.12,6.28,5.95,4.6,7.12,6.49,6.05,6.31,5.37,5.24,7.82,6.97,3.87,7.26
1085.77,44,7.09,5.12,6.27,5.93,4.6,7.11,6.48,6.03,6.29,5.37,5.24,7.83,6.96,3.86,7.26
1086.77,44,7.09,5.11,6.26,5.93,4.59,7.11,6.48,6.03,6.29,5.36,5.24,7.81,6.95,3.86,7.26
1087.77,44,7.09,5.12,6.26,5.94,4.59,7.1,6.47,6.03,6.28,5.36,5.24,7.82,6.96,3.86,7.25
1088.77,44,7.09,5.12,6.26,5.95,4.59,7.11,6.47,6.04,6.3,5.37,5.24,7.81,6.96,3.86,7.26
1089.77,44,7.09,5.12,6.25,5.93,4.58,7.11,6.47,6.03,6.28,5.36,5.23,7.81,6.95,3.86,7.24
1090.77,44,7.08,5.11,6.26,5.94,4.58,7.09,6.47,6.04,6.28,5.36,5.24,7.81,6.96,3.86,7.25
1091.77,44,7.09,5.12,6.27,5.95,4.6,7.11,6.48,6.04,6.29,5.37,5.25,7.82,6.96,3.87,7.26
1092.78,44,7.09,5.11,6.26,5.93,4.59,7.1,6.47,6.03,6.29,5.36,5.24,7.81,6.96,3.86,7.25
1093.78,44,7.09,5.12,6.26,5.94,4.6,7.11,6.48,6.04,6.29,5.37,5.25,7.82,6.96,3.86,7.25
1094.78,44,7.09,5.12,6.27,5.94,4.59,7.1,6.47,6.04,6.29,5.36,5.24,7.81,6.95,3.86,7.25
1095.78,44,7.08,5.11,6.25,5.94,4.58,7.1,6.45,6.02,6.28,5.36,5.24,7.81,6.95,3.86,7.24
1096.78,44,7.07,5.1,6.24,5.93,4.58,7.09,6.45,6.02,6.28,5.35,5.24,7.81,6.94,3.86,7.24
1097.8,44,7.07,5.11,6.25,5.93,4.58,7.09,6.45,6.02,6.28,5.35,5.24,7.81,6.95,3.86,7.24
1098.8,44,7.07,5.11,6.24,5.93,4.59,7.09,6.45,6.03,6.28,5.36,5.24,7.8,6.94,3.86,7.24
1099.8,44,7.07,5.1,6.24,5.93,4.58,7.09,6.46,6.02,6.28,5.36,5.24,7.81,6.94,3.86,7.23
1100.8,44,7.06,5.1,6.25,5.93,4.58,7.09,6.45,6.02,6.28,5.36,5.24,7.8,6.94,3.86,7.23
1101.8,44,7.07,5.1,6.24,5.93,4.58,7.09,6.45,6.03,6.28,5.36,5.24,7.81,6.93,3.85,7.23
1102.8,44,7.06,5.09,6.24,5.92,4.58,7.09,6.45,6.02,6.27,5.36,5.24,7.81,6.94,3.86,7.23
1103.8,44,7.05,5.08,6.24,5.91,4.58,7.07,6.44,6.01,6.26,5.35,5.24,7.8,6.94,3.85,7.22
1104.82,44,7.05,5.09,6.24,5.92,4.58,7.09,6.45,6.01,6.27,5.36,5.24,7.8,6.94,3.86,7.23
1105.82,44,7.05,5.09,6.24,5.93,4.58,7.08,6.44,6.02,6.27,5.34,5.24,7.8,6.93,3.85,7.22
1106.82,44,7.07,5.1,6.25,5.94,4.59,7.09,6.45,6.02,6.28,5.36,5.25,7.81,6.93,3.86,7.23
1107.82,44,7.06,5.1,6.25,5.93,4.58,7.08,6.45,6.03,6.28,5.36,5.25,7.8,6.94,3.86,7.22
1108.82,44,7.05,5.09,6.24,5.92,4.58,7.09,6.44,6.01,6.27,5.35,5.24,7.8,6.93,3.86,7.21
1109.82,44,7.05,5.09,6.24,5.93,4.58,7.08,6.44,6.02,6.27,5.36,5.26,7.81,6.93,3.86,7.22
1110.83,44,7.03,5.09,6.24,5.92,4.58,7.07,6.44,6.01,6.26,5.34,5.24,7.79,6.93,3.85,7.21
1111.83,44,7.04,5.07,6.24,5.92,4.57,7.07,6.44,6.01,6.25,5.35,5.24,7.78,6.93,3.86,7.21
1112.83,44,7.04,5.08,6.22,5.92,4.57,7.07,6.44,6.01,6.25,5.36,5.24,7.8,6.92,3.85,7.21
1113.83,44,7.05,5.08,6.24,5.93,4.57,7.08,6.45,6.01,6.28,5.34,5.24,7.79,6.93,3.86,7.21
1114.83,44,7.03,5.07,6.24,5.92,4.56,7.07,6.42,6,6.25,5.34,5.24,7.78,6.92,3.86,7.21
1115.83,44,7.05,5.08,6.24,5.92,4.58,7.08,6.44,6.02,6.26,5.36,5.24,7.8,6.92,3.86,7.21
1116.85,44,7.04,5.09,6.24,5.92,4.58,7.06,6.43,6.01,6.26,5.35,5.24,7.78,6.93,3.86,7.22
1117.85,44,7.04,5.09,6.23,5.91,4.57,7.07,6.44,6,6.26,5.35,5.24,7.79,6.92,3.86,7.21
1118.85,44,7.03,5.07,6.23,5.91,4.58,7.06,6.43,6.01,6.25,5.33,5.24,7.78,6.92,3.85,7.21
1119.85,44,7.04,5.08,6.24,5.91,4.57,7.05,6.43,6.01,6.25,5.34,5.24,7.77,6.92,3.86,7.2
1120.87,44,7.03,5.07,6.24,5.91,4.58,7.05,6.42,6.01,6.25,5.34,5.24,7.77,6.91,3.86,7.2
1121.87,44,7.03,5.08,6.24,5.91,4.57,7.06,6.43,6.01,6.25,5.35,5.25,7.78,6.92,3.86,7.2
1122.87,44,7.03,5.08,6.24,5.92,4.58,7.05,6.42,6.01,6.25,5.34,5.24,7.78,6.91,3.86,7.2
1123.87,44,7.03,5.07,6.22,5.9,4.56,7.05,6.42,6.01,6.24,5.34,5.24,7.77,6.91,3.85,7.2
1124.87,44,7.03,5.06,6.23,5.9,4.56,7.05,6.41,6,6.24,5.33,5.24,7.77,6.9,3.86,7.2
1125.88,44,7.03,5.07,6.22,5.91,4.56,7.05,6.41,6.01,6.25,5.33,5.24,7.76,6.91,3.86,7.19
1126.88,44,7.03,5.07,6.22,5.9,4.56,7.04,6.41,6.01,6.24,5.34,5.25,7.77,6.91,3.85,7.19
1127.88,44,7.03,5.06,6.23,5.9,4.57,7.04,6.41,6.01,6.24,5.33,5.24,7.77,6.9,3.86,7.2
1128.88,44,7.03,5.07,6.22,5.91,4.57,7.03,6.41,6.01,6.24,5.34,5.24,7.75,6.9,3.86,7.2
1129.88,44,7.02,5.06,6.21,5.9,4.57,7.03,6.41,6.01,6.24,5.33,5.24,7.77,6.89,3.85,7.19
1130.9,44,7.03,5.06,6.2,5.9,4.56,7.03,6.41,6.01,6.24,5.33,5.24,7.76,6.89,3.86,7.2
1131.9,44,7.02,5.06,6.21,5.89,4.56,7.03,6.41,6.01,6.23,5.34,5.24,7.75,6.89,3.85,7.18
1132.9,44,7.02,5.07,6.23,5.9,4.56,7.03,6.41,6.01,6.24,5.33,5.25,7.76,6.91,3.86,7.19
1133.9,44,7,5.05,6.2,5.9,4.55,7.03,6.4,5.99,6.23,5.33,5.24,7.74,6.89,3.85,7.18
1134.9,44,7.02,5.06,6.22,5.9,4.57,7.04,6.41,6.01,6.24,5.33,5.25,7.76,6.9,3.86,7.19
1135.9,44,7.01,5.06,6.21,5.9,4.55,7.03,6.41,5.99,6.23,5.33,5.24,7.75,6.89,3.86,7.18
1136.92,44,7.01,5.06,6.21,5.9,4.56,7.03,6.4,6,6.23,5.33,5.24,7.75,6.9,3.85,7.18
1137.92,44,7.02,5.05,6.21,5.9,4.56,7.03,6.41,6,6.24,5.33,5.24,7.75,6.89,3.86,7.18
1138.92,44,7,5.05,6.2,5.89,4.55,7.01,6.4,6,6.23,5.33,5.24,7.74,6.88,3.85,7.18
1139.92,44,7.01,5.06,6.21,5.89,4.55,7.03,6.4,6,6.23,5.33,5.24,7.75,6.89,3.86,7.17
1140.92,44,7.01,5.04,6.21,5.89,4.55,7.02,6.4,5.99,6.21,5.33,5.25,7.75,6.89,3.84,7.17
1141.92,44,7,5.06,6.21,5.9,4.55,7.02,6.4,6,6.22,5.33,5.25,7.74,6.88,3.86,7.18
1142.92,44,7,5.05,6.2,5.89,4.55,7.03,6.39,6,6.23,5.33,5.25,7.75,6.9,3.85,7.17
1143.93,44,7,5.05,6.2,5.9,4.55,7.01,6.39,6,6.22,5.33,5.25,7.75,6.88,3.85,7.17
1144.93,44,7,5.04,6.2,5.89,4.55,7.02,6.38,6.01,6.22,5.33,5.25,7.74,6.87,3.86,7.17
1145.93,44,6.99,5.04,6.2,5.89,4.55,7.01,6.39,5.99,6.21,5.33,5.24,7.73,6.87,3.85,7.15
1146.93,44,6.99,5.05,6.2,5.88,4.55,7.02,6.38,5.99,6.22,5.33,5.26,7.74,6.88,3.85,7.17
1147.95,44,6.98,5.04,6.2,5.89,4.55,7.01,6.38,5.99,6.22,5.32,5.25,7.73,6.88,3.85,7.15
1148.95,44,6.99,5.05,6.2,5.89,4.55,7.02,6.38,5.99,6.2,5.31,5.25,7.73,6.87,3.85,7.16
1149.95,44,6.98,5.04,6.18,5.89,4.55,7,6.38,5.98,6.21,5.32,5.25,7.74,6.87,3.85,7.15
1150.95,44,6.98,5.03,6.2,5.88,4.55,7.02,6.38,5.98,6.2,5.33,5.25,7.73,6.87,3.85,7.16
1151.95,44,6.99,5.05,6.2,5.89,4.55,7.01,6.38,6,6.21,5.33,5.25,7.73,6.87,3.85,7.16
1152.95,44,6.98,5.03,6.2,5.89,4.55,6.99,6.37,5.99,6.21,5.33,5.24,7.73,6.87,3.85,7.16
1153.95,44,6.98,5.03,6.19,5.9,4.55,7,6.37,6,6.2,5.32,5.26,7.73,6.87,3.84,7.16
1154.95,44,6.99,5.04,6.2,5.89,4.55,7,6.37,6,6.2,5.32,5.26,7.73,6.88,3.86,7.17
1155.97,44,6.97,5.03,6.19,5.87,4.54,7,6.37,5.98,6.2,5.31,5.25,7.72,6.87,3.85,7.15
1156.97,44,6.98,5.03,6.2,5.88,4.55,7,6.37,5.98,6.21,5.33,5.26,7.73,6.87,3.86,7.14
1157.97,44,6.98,5.04,6.2,5.89,4.55,7,6.37,5.99,6.2,5.33,5.26,7.74,6.87,3.86,7.15
1158.97,44,6.98,5.03,6.19,5.88,4.54,6.98,6.37,5.98,6.2,5.31,5.24,7.72,6.87,3.85,7.14
1159.97,44,6.98,5.03,6.19,5.88,4.55,6.99,6.37,5.98,6.2,5.32,5.25,7.73,6.87,3.86,7.14
1160.97,44,6.97,5.03,6.19,5.88,4.55,6.98,6.37,5.97,6.19,5.31,5.25,7.73,6.86,3.85,7.14
1161.97,44,6.97,5.03,6.18,5.86,4.54,6.98,6.36,5.97,6.19,5.31,5.25,7.71,6.87,3.85,7.14
1162.98,44,6.97,5.03,6.18,5.87,4.54,6.98,6.35,5.98,6.2,5.31,5.25,7.73,6.87,3.85,7.15
1163.98,44,6.96,5.02,6.17,5.86,4.53,6.97,6.34,5.97,6.19,5.31,5.24,7.71,6.86,3.84,7.14
1164.98,44,6.96,5.02,6.18,5.88,4.54,6.98,6.35,5.97,6.2,5.3,5.25,7.72,6.86,3.84,7.14
1165.98,44,6.95,5.02,6.18,5.86,4.53,6.98,6.35,5.97,6.19,5.3,5.24,7.72,6.85,3.84,7.14
1166.98,44,6.96,5.03,6.18,5.86,4.54,6.98,6.36,5.97,6.19,5.31,5.25,7.73,6.85,3.85,7.14
1167.98,44,6.97,5.02,6.18,5.88,4.54,6.98,6.36,5.97,6.19,5.31,5.25,7.72,6.85,3.85,7.14
1168.98,44,6.95,5.01,6.16,5.87,4.53,6.97,6.35,5.97,6.19,5.3,5.24,7.71,6.85,3.84,7.14
1169.98,44,6.95,5.02,6.17,5.87,4.53,6.98,6.34,5.98,6.19,5.3,5.24,7.71,6.85,3.85,7.14
1171,44,6.95,5.02,6.18,5.87,4.53,6.97,6.34,5.98,6.18,5.31,5.24,7.71,6.85,3.84,7.14
1172,44,6.95,5.01,6.17,5.87,4.53,6.96,6.34,5.97,6.18,5.3,5.24,7.7,6.84,3.85,7.13
1173,44,6.95,5.01,6.16,5.86,4.54,6.97,6.34,5.97,6.18,5.3,5.25,7.7,6.85,3.85,7.13
1174,44,6.95,5.01,6.16,5.86,4.53,6.95,6.33,5.97,6.17,5.3,5.25,7.7,6.85,3.84,7.13
1175,44,6.96,5.01,6.16,5.86,4.54,6.97,6.35,5.97,6.18,5.3,5.26,7.72,6.85,3.85,7.13
1176,44,6.93,5.01,6.16,5.86,4.52,6.94,6.33,5.96,6.16,5.3,5.24,7.7,6.84,3.83,7.11
1177.02,44,6.95,5.01,6.16,5.86,4.53,6.96,6.33,5.97,6.17,5.3,5.25,7.71,6.85,3.85,7.12
1178.02,44,6.95,5.01,6.17,5.88,4.53,6.97,6.35,5.97,6.18,5.3,5.26,7.71,6.85,3.86,7.12
1179.02,44,6.93,5.01,6.16,5.85,4.53,6.95,6.33,5.96,6.16,5.3,5.24,7.7,6.84,3.84,7.11
1180.02,44,6.93,5,6.16,5.86,4.53,6.96,6.33,5.97,6.17,5.3,5.26,7.7,6.84,3.84,7.12
1181.02,44,6.93,5.01,6.16,5.86,4.53,6.94,6.32,5.96,6.16,5.3,5.25,7.7,6.83,3.84,7.11
1182.02,44,6.93,5,6.16,5.86,4.52,6.94,6.33,5.97,6.17,5.3,5.25,7.68,6.84,3.83,7.11
1183.02,44,6.93,4.99,6.14,5.85,4.51,6.94,6.31,5.95,6.16,5.29,5.24,7.69,6.82,3.83,7.1
1184.02,44,6.93,5,6.15,5.85,4.53,6.93,6.32,5.95,6.16,5.29,5.24,7.68,6.82,3.83,7.1
1185.03,44,6.93,5,6.16,5.86,4.52,6.93,6.32,5.95,6.16,5.3,5.24,7.69,6.82,3.83,7.11
1186.03,44,6.93,5.01,6.16,5.86,4.53,6.95,6.33,5.96,6.17,5.3,5.27,7.71,6.83,3.85,7.11
1187.03,44,6.92,4.99,6.16,5.86,4.52,6.93,6.32,5.97,6.16,5.3,5.25,7.69,6.82,3.83,7.11
1188.05,44,6.93,4.99,6.15,5.86,4.53,6.94,6.32,5.96,6.16,5.3,5.25,7.69,6.82,3.84,7.1
1189.05,44,6.93,5,6.15,5.86,4.53,6.94,6.32,5.96,6.16,5.3,5.25,7.68,6.82,3.83,7.1
1190.05,44,6.93,4.99,6.16,5.85,4.51,6.93,6.32,5.96,6.16,5.3,5.25,7.69,6.82,3.83,7.1
1191.05,44,6.93,4.98,6.15,5.86,4.52,6.93,6.31,5.96,6.16,5.29,5.25,7.67,6.82,3.83,7.09
1192.05,44,6.92,4.99,6.14,5.84,4.51,6.93,6.3,5.95,6.15,5.28,5.25,7.67,6.82,3.84,7.09
1193.07,44,6.93,4.98,6.14,5.84,4.52,6.93,6.32,5.95,6.15,5.3,5.24,7.68,6.82,3.83,7.09
1194.07,44,6.91,4.98,6.15,5.83,4.51,6.93,6.31,5.94,6.15,5.29,5.24,7.67,6.81,3.83,7.09
1195.07,44,6.92,4.98,6.15,5.84,4.51,6.93,6.31,5.94,6.15,5.3,5.25,7.68,6.82,3.83,7.09
1196.07,44,6.91,4.98,6.14,5.85,4.51,6.92,6.31,5.94,6.14,5.29,5.24,7.67,6.81,3.83,7.09
1197.07,44,6.92,4.98,6.14,5.85,4.52,6.93,6.3,5.94,6.16,5.29,5.26,7.67,6.82,3.84,7.09
1198.07,44,6.91,4.98,6.14,5.84,4.5,6.93,6.3,5.94,6.15,5.29,5.24,7.66,6.81,3.83,7.09
1199.07,44,6.9,4.98,6.15,5.84,4.52,6.92,6.3,5.95,6.15,5.29,5.26,7.67,6.81,3.83,7.09
1200.07,44,6.91,4.98,6.14,5.83,4.51,6.93,6.29,5.94,6.14,5.28,5.26,7.66,6.81,3.84,7.09
1201.07,44,6.9,4.97,6.13,5.83,4.5,6.92,6.28,5.94,6.14,5.28,5.24,7.66,6.8,3.83,7.09
1202.08,44,6.89,4.96,6.13,5.84,4.5,6.91,6.29,5.93,6.13,5.27,5.24,7.66,6.8,3.83,7.08
1203.08,44,6.9,4.98,6.14,5.83,4.51,6.92,6.3,5.94,6.14,5.29,5.26,7.66,6.81,3.83,7.08
1204.08,44,6.9,4.97,6.14,5.84,4.51,6.92,6.29,5.95,6.15,5.3,5.26,7.66,6.82,3.84,7.09
1205.08,44,6.89,4.97,6.14,5.82,4.5,6.91,6.29,5.94,6.13,5.28,5.24,7.66,6.8,3.83,7.08
1206.08,44,6.9,4.97,6.14,5.84,4.5,6.9,6.28,5.93,6.13,5.27,5.25,7.65,6.81,3.83,7.07
1207.08,44,6.89,4.96,6.13,5.84,4.5,6.91,6.28,5.93,6.14,5.28,5.25,7.66,6.79,3.83,7.08
1208.1,44,6.89,4.98,6.14,5.84,4.51,6.91,6.29,5.94,6.13,5.27,5.26,7.66,6.8,3.83,7.08
1209.1,44,6.89,4.97,6.14,5.83,4.5,6.91,6.28,5.94,6.13,5.27,5.25,7.65,6.79,3.83,7.07
1210.1,44,6.89,4.97,6.14,5.83,4.51,6.9,6.28,5.93,6.14,5.29,5.26,7.65,6.8,3.83,7.08
1211.1,44,6.88,4.96,6.12,5.83,4.5,6.9,6.28,5.93,6.13,5.28,5.25,7.65,6.79,3.83,7.08
1212.1,44,6.88,4.95,6.12,5.82,4.5,6.89,6.28,5.93,6.12,5.27,5.24,7.65,6.78,3.83,7.07
1213.12,44,6.88,4.97,6.13,5.83,4.51,6.89,6.28,5.94,6.13,5.28,5.26,7.66,6.8,3.83,7.07
1214.12,44,6.88,4.96,6.13,5.82,4.5,6.9,6.28,5.94,6.12,5.27,5.25,7.65,6.81,3.83,7.08
1215.12,44,6.89,4.95,6.13,5.84,4.5,6.89,6.28,5.94,6.13,5.27,5.26,7.65,6.79,3.83,7.08
1216.13,44,6.87,4.95,6.11,5.82,4.5,6.87,6.27,5.93,6.12,5.27,5.24,7.64,6.78,3.83,7.05
1217.13,44,6.87,4.96,6.12,5.82,4.5,6.89,6.28,5.93,6.12,5.27,5.25,7.65,6.78,3.83,7.05
1218.13,44,6.87,4.96,6.13,5.82,4.5,6.88,6.27,5.93,6.12,5.27,5.25,7.64,6.79,3.83,7.05
1219.15,44,6.88,4.96,6.12,5.83,4.5,6.89,6.27,5.94,6.11,5.28,5.25,7.65,6.78,3.83,7.07
1220.15,44,6.87,4.96,6.12,5.82,4.5,6.89,6.27,5.93,6.12,5.27,5.25,7.64,6.78,3.83,7.04
1221.15,44,6.87,4.95,6.12,5.82,4.5,6.88,6.26,5.93,6.12,5.27,5.26,7.64,6.78,3.83,7.06
1222.15,44,6.87,4.95,6.12,5.82,4.5,6.89,6.27,5.92,6.12,5.27,5.26,7.64,6.77,3.83,7.07
1223.15,44,6.87,4.95,6.11,5.82,4.5,6.87,6.26,5.92,6.1,5.27,5.25,7.63,6.77,3.83,7.04
1224.17,44,6.87,4.95,6.11,5.82,4.5,6.87,6.26,5.93,6.11,5.27,5.24,7.64,6.78,3.83,7.05
1225.17,44,6.86,4.94,6.1,5.82,4.48,6.87,6.25,5.91,6.1,5.27,5.24,7.63,6.77,3.83,7.04
1226.17,44,6.86,4.95,6.12,5.82,4.49,6.87,6.26,5.92,6.1,5.27,5.25,7.63,6.77,3.83,7.04
1227.17,44,6.87,4.94,6.12,5.82,4.5,6.87,6.26,5.93,6.11,5.27,5.26,7.62,6.78,3.83,7.04
1228.17,44,6.86,4.94,6.11,5.83,4.49,6.87,6.25,5.93,6.1,5.27,5.25,7.63,6.77,3.83,7.03
1229.17,44,6.86,4.95,6.11,5.82,4.5,6.87,6.26,5.92,6.11,5.27,5.25,7.63,6.78,3.83,7.04
1230.18,44,6.86,4.94,6.12,5.82,4.49,6.88,6.25,5.93,6.11,5.27,5.25,7.63,6.77,3.83,7.04
1231.18,44,6.85,4.93,6.11,5.82,4.48,6.86,6.25,5.93,6.1,5.27,5.25,7.62,6.77,3.83,7.03
1232.18,44,6.86,4.93,6.11,5.82,4.48,6.86,6.24,5.91,6.09,5.26,5.24,7.62,6.76,3.82,7.03
1233.2,44,6.85,4.94,6.1,5.81,4.49,6.87,6.24,5.93,6.09,5.27,5.24,7.62,6.77,3.83,7.03
1234.2,44,6.85,4.92,6.1,5.81,4.48,6.86,6.25,5.93,6.1,5.27,5.24,7.63,6.77,3.83,7.03
1235.2,44,6.85,4.94,6.11,5.82,4.49,6.87,6.24,5.93,6.11,5.27,5.26,7.62,6.76,3.83,7.03
1236.2,44,6.85,4.92,6.1,5.8,4.49,6.86,6.24,5.91,6.1,5.25,5.24,7.61,6.77,3.82,7.03
1237.2,44,6.84,4.92,6.09,5.8,4.49,6.86,6.24,5.92,6.08,5.25,5.25,7.61,6.77,3.83,7.03
1238.2,44,6.83,4.92,6.09,5.81,4.48,6.85,6.24,5.91,6.09,5.25,5.24,7.59,6.76,3.81,7.03
1239.22,44,6.84,4.92,6.1,5.81,4.48,6.86,6.24,5.92,6.09,5.26,5.25,7.63,6.76,3.83,7.02
1240.22,44,6.84,4.93,6.1,5.81,4.48,6.86,6.24,5.91,6.09,5.26,5.24,7.61,6.77,3.83,7.03
1241.22,44,6.83,4.92,6.09,5.8,4.48,6.85,6.23,5.9,6.08,5.25,5.24,7.61,6.76,3.83,7.03
1242.22,44,6.84,4.92,6.1,5.81,4.48,6.85,6.24,5.92,6.1,5.27,5.26,7.61,6.76,3.83,7.03
1243.22,44,6.84,4.92,6.1,5.81,4.48,6.84,6.23,5.91,6.08,5.26,5.25,7.61,6.75,3.82,7.03
1244.23,44,6.83,4.91,6.09,5.81,4.48,6.84,6.23,5.9,6.08,5.24,5.25,7.61,6.76,3.83,7.03
1245.23,44,6.82,4.92,6.09,5.79,4.48,6.84,6.23,5.9,6.08,5.25,5.24,7.6,6.75,3.82,7
1246.23,44,6.82,4.92,6.09,5.79,4.48,6.82,6.22,5.91,6.08,5.25,5.25,7.61,6.74,3.83,7.01
1247.23,44,6.82,4.92,6.08,5.8,4.48,6.83,6.23,5.9,6.08,5.25,5.25,7.61,6.74,3.82,7.01
1248.23,44,6.82,4.91,6.08,5.79,4.48,6.83,6.22,5.9,6.08,5.24,5.24,7.6,6.74,3.82,7.01
1249.25,44,6.82,4.92,6.09,5.8,4.47,6.83,6.22,5.9,6.07,5.24,5.24,7.6,6.75,3.82,7
1250.25,44,6.82,4.92,6.09,5.8,4.48,6.83,6.22,5.9,6.08,5.26,5.25,7.59,6.74,3.82,7.02
1251.25,44,6.82,4.9,6.09,5.79,4.48,6.84,6.22,5.91,6.08,5.26,5.25,7.6,6.74,3.83,7.02
1252.25,44,6.82,4.91,6.08,5.79,4.48,6.83,6.2,5.9,6.07,5.25,5.24,7.59,6.73,3.82,7.01
1253.25,44,6.82,4.9,6.07,5.79,4.47,6.83,6.21,5.9,6.07,5.24,5.24,7.59,6.74,3.82,7
1254.25,44,6.82,4.92,6.08,5.79,4.47,6.83,6.22,5.91,6.07,5.24,5.25,7.59,6.74,3.82,7.01
1255.27,44,6.81,4.9,6.08,5.79,4.46,6.82,6.2,5.9,6.07,5.24,5.24,7.59,6.73,3.81,7
1256.27,44,6.81,4.89,6.08,5.79,4.47,6.82,6.21,5.89,6.07,5.24,5.24,7.58,6.73,3.81,7
1257.27,44,6.82,4.9,6.08,5.8,4.46,6.83,6.21,5.9,6.07,5.25,5.24,7.59,6.74,3.82,7
1258.28,44,6.81,4.9,6.07,5.79,4.47,6.82,6.2,5.9,6.07,5.24,5.24,7.59,6.73,3.82,7
1259.28,44,6.82,4.91,6.08,5.79,4.46,6.82,6.21,5.9,6.07,5.24,5.24,7.59,6.74,3.83,7.01
1260.28,44,6.8,4.89,6.07,5.78,4.46,6.82,6.2,5.9,6.06,5.24,5.24,7.59,6.73,3.82,6.99
1261.28,44,6.82,4.9,6.07,5.8,4.47,6.82,6.2,5.9,6.06,5.24,5.24,7.59,6.74,3.82,7
1262.28,44,6.81,4.9,6.06,5.79,4.46,6.82,6.2,5.9,6.05,5.23,5.24,7.59,6.73,3.82,6.99
1263.3,44,6.81,4.89,6.07,5.79,4.46,6.82,6.2,5.89,6.05,5.24,5.24,7.58,6.73,3.81,6.98
1264.3,44,6.8,4.89,6.07,5.79,4.46,6.82,6.2,5.9,6.05,5.24,5.24,7.58,6.73,3.81,6.99
1265.3,44,6.81,4.89,6.07,5.78,4.46,6.8,6.19,5.89,6.05,5.24,5.24,7.58,6.73,3.81,6.99
1266.3,44,6.8,4.9,6.07,5.79,4.46,6.81,6.2,5.9,6.05,5.24,5.24,7.58,6.73,3.82,6.99
1267.32,44,6.8,4.89,6.08,5.79,4.47,6.82,6.2,5.9,6.07,5.24,5.26,7.59,6.73,3.83,6.99
1268.32,44,6.8,4.89,6.06,5.79,4.46,6.8,6.2,5.88,6.05,5.24,5.25,7.58,6.73,3.82,6.99
1269.32,44,6.79,4.88,6.06,5.77,4.46,6.8,6.19,5.9,6.04,5.23,5.24,7.58,6.73,3.82,6.98
1270.32,44,6.79,4.89,6.07,5.79,4.46,6.81,6.19,5.88,6.04,5.24,5.25,7.57,6.71,3.82,6.98
1271.32,44,6.79,4.89,6.06,5.78,4.46,6.8,6.19,5.88,6.05,5.24,5.25,7.57,6.72,3.82,6.98
1272.33,44,6.79,4.89,6.07,5.78,4.47,6.81,6.19,5.89,6.05,5.24,5.25,7.57,6.71,3.82,6.98
1273.33,44,6.78,4.88,6.06,5.77,4.45,6.8,6.17,5.88,6.04,5.23,5.24,7.56,6.71,3.81,6.97
1274.33,44,6.78,4.88,6.05,5.77,4.45,6.8,6.18,5.88,6.04,5.22,5.24,7.58,6.71,3.82,6.98
1275.33,44,6.78,4.89,6.05,5.78,4.46,6.8,6.19,5.89,6.05,5.24,5.24,7.58,6.7,3.82,6.98
1276.33,44,6.77,4.87,6.05,5.77,4.45,6.79,6.18,5.87,6.04,5.23,5.24,7.56,6.7,3.81,6.97
1277.33,44,6.78,4.87,6.05,5.76,4.45,6.79,6.19,5.88,6.04,5.23,5.24,7.56,6.7,3.81,6.97
1278.33,44,6.78,4.88,6.05,5.78,4.45,6.79,6.17,5.89,6.04,5.24,5.24,7.57,6.71,3.82,6.97
1279.33,44,6.77,4.87,6.04,5.76,4.45,6.77,6.16,5.88,6.04,5.22,5.24,7.56,6.7,3.81,6.95
1280.33,44,6.77,4.87,6.04,5.77,4.45,6.79,6.17,5.86,6.04,5.22,5.24,7.55,6.7,3.81,6.96
1281.33,44,6.77,4.87,6.04,5.77,4.45,6.78,6.17,5.86,6.04,5.23,5.24,7.56,6.7,3.81,6.95
1282.33,44,6.77,4.86,6.04,5.76,4.45,6.78,6.17,5.86,6.04,5.22,5.24,7.55,6.69,3.81,6.97
1283.33,44,6.77,4.87,6.06,5.77,4.45,6.77,6.16,5.87,6.04,5.23,5.24,7.56,6.71,3.82,6.96
1284.33,44,6.77,4.88,6.04,5.76,4.45,6.79,6.17,5.88,6.03,5.22,5.24,7.54,6.69,3.81,6.96
1285.33,44,6.77,4.87,6.04,5.75,4.45,6.78,6.16,5.87,6.03,5.21,5.24,7.54,6.69,3.81,6.96
1286.33,44,6.77,4.86,6.04,5.76,4.44,6.77,6.16,5.86,6.03,5.23,5.24,7.55,6.68,3.81,6.96
