Time,T,OTU16_R1,OTU17_R1,OTU18_R1,OTU16_R2,OTU17_R2,OTU18_R2,OTU16_R3,OTU17_R3,OTU18_R3,OTU16_R4,OTU17_R4,OTU18_R4,OTU16_R5,OTU17_R5,OTU18_R5
0.03,22,9.99,9.31,9.7,10.17,9.44,9.86,10.19,9.56,9.16,10.82,9.97,9.7,10.21,9.97,9.2
1.03,22,10,9.36,9.78,10.19,9.52,9.9,10.18,9.58,9.2,10.85,10.01,9.74,10.23,10.03,9.31
2.03,22,10.04,9.44,9.85,10.23,9.58,9.99,10.18,9.6,9.27,10.88,10.08,9.81,10.26,10.1,9.37
3.03,22,10.05,9.48,9.92,10.23,9.62,10.03,10.18,9.63,9.28,10.88,10.11,9.85,10.29,10.11,9.41
4.03,22,10.11,9.54,9.97,10.28,9.67,10.1,10.21,9.69,9.37,10.94,10.17,9.92,10.32,10.19,9.51
5.03,22,10.15,9.58,10.03,10.29,9.73,10.15,10.22,9.7,9.4,10.96,10.19,9.94,10.35,10.21,9.55
6.03,22,10.18,9.63,10.04,10.32,9.77,10.18,10.23,9.71,9.45,10.99,10.23,9.97,10.39,10.26,9.6
7.03,22,10.21,9.69,10.1,10.29,9.82,10.26,10.23,9.74,9.5,11.04,10.26,10.01,10.4,10.29,9.64
8.029999999999998,22,10.22,9.73,10.12,10.3,9.86,10.3,10.26,9.75,9.54,11.05,10.29,10.05,10.42,10.3,9.67
9.03,22,10.25,9.78,10.15,10.32,9.89,10.36,10.28,9.77,9.58,11.05,10.29,10.11,10.44,10.35,9.71
10.03,22,10.26,9.82,10.19,10.33,9.93,10.39,10.28,9.79,9.64,11.06,10.33,10.15,10.47,10.36,9.74
11.03,22,10.29,9.85,10.19,10.33,9.94,10.4,10.29,9.78,9.69,11.05,10.37,10.17,10.47,10.39,9.78
12.03,22,10.3,9.89,10.25,10.36,9.99,10.43,10.32,9.82,9.73,11.06,10.4,10.21,10.5,10.42,9.81
13.03,22,10.32,9.93,10.26,10.37,10,10.5,10.33,9.84,9.78,11.05,10.43,10.23,10.5,10.43,9.85
14.03,22,10.36,9.94,10.29,10.39,10.03,10.53,10.36,9.86,9.79,11.06,10.44,10.26,10.53,10.44,9.88
15.03,22,10.39,9.99,10.3,10.42,10.05,10.57,10.37,9.89,9.86,11.08,10.49,10.28,10.54,10.47,9.9
16.03,22,10.4,10,10.3,10.43,10.08,10.57,10.37,9.9,9.88,11.05,10.5,10.29,10.54,10.49,9.93
17.03,22,10.43,10.04,10.33,10.44,10.1,10.6,10.39,9.93,9.93,11.04,10.53,10.32,10.54,10.5,9.96
18.03,22,10.46,10.07,10.33,10.47,10.12,10.65,10.4,9.94,9.96,11.05,10.54,10.36,10.57,10.53,9.99
19.05,22,10.46,10.07,10.32,10.46,10.15,10.65,10.37,9.94,9.99,11.02,10.56,10.36,10.56,10.53,9.99
20.05,22,10.49,10.1,10.33,10.49,10.18,10.68,10.37,9.97,10,11.04,10.56,10.36,10.6,10.53,10.01
21.05,22,10.47,10.1,10.35,10.49,10.19,10.68,10.36,9.99,10.04,11.02,10.6,10.39,10.6,10.56,10.03
22.05,22,10.47,10.1,10.36,10.49,10.18,10.7,10.33,10,10.05,11.04,10.61,10.4,10.6,10.56,10.03
23.05,22,10.47,10.12,10.35,10.49,10.22,10.74,10.33,10.01,10.11,11.05,10.63,10.42,10.61,10.57,10.05
24.05,22,10.49,10.12,10.35,10.5,10.22,10.75,10.33,10.03,10.17,11.06,10.63,10.44,10.6,10.57,10.07
25.05,22,10.5,10.14,10.35,10.5,10.23,10.74,10.32,10.04,10.18,11.08,10.64,10.43,10.61,10.6,10.07
26.05,22,10.53,10.17,10.36,10.53,10.25,10.75,10.35,10.07,10.23,11.09,10.67,10.46,10.63,10.58,10.08
27.07,22,10.51,10.17,10.36,10.53,10.28,10.79,10.35,10.05,10.23,11.12,10.67,10.47,10.63,10.61,10.1
28.07,22,10.5,10.14,10.35,10.53,10.25,10.78,10.32,10.07,10.23,11.12,10.67,10.46,10.61,10.6,10.1
29.07,22,10.54,10.18,10.37,10.56,10.29,10.81,10.35,10.1,10.26,11.14,10.7,10.5,10.64,10.61,10.12
30.07,22,10.54,10.19,10.39,10.57,10.29,10.84,10.35,10.12,10.26,11.15,10.7,10.51,10.64,10.64,10.14
31.07,22,10.54,10.19,10.39,10.56,10.3,10.84,10.37,10.14,10.29,11.14,10.71,10.53,10.67,10.63,10.15
32.08,22,10.57,10.22,10.39,10.58,10.3,10.88,10.37,10.14,10.3,11.16,10.74,10.53,10.67,10.65,10.17
33.08,22,10.57,10.21,10.37,10.58,10.33,10.88,10.39,10.15,10.29,11.16,10.74,10.54,10.65,10.64,10.17
34.08,22,10.57,10.22,10.4,10.58,10.33,10.89,10.39,10.17,10.33,11.19,10.77,10.56,10.68,10.65,10.18
35.08,22,10.57,10.22,10.36,10.61,10.33,10.91,10.4,10.15,10.33,11.19,10.75,10.57,10.67,10.64,10.18
36.1,22,10.57,10.22,10.33,10.58,10.32,10.89,10.39,10.17,10.33,11.18,10.77,10.57,10.68,10.64,10.18
37.1,22,10.6,10.25,10.35,10.58,10.35,10.89,10.4,10.17,10.33,11.18,10.77,10.57,10.68,10.64,10.19
38.1,22,10.58,10.22,10.33,10.58,10.36,10.88,10.39,10.18,10.32,11.14,10.77,10.57,10.68,10.64,10.18
39.1,22,10.57,10.23,10.33,10.58,10.35,10.89,10.39,10.17,10.32,11.12,10.75,10.57,10.65,10.64,10.19
40.1,22,10.57,10.23,10.35,10.58,10.35,10.89,10.39,10.18,10.35,11.11,10.77,10.58,10.68,10.64,10.18
41.1,22,10.58,10.23,10.37,10.6,10.36,10.89,10.4,10.18,10.39,11.14,10.79,10.6,10.68,10.64,10.21
42.1,22,10.58,10.23,10.37,10.58,10.36,10.94,10.4,10.19,10.39,11.14,10.79,10.61,10.68,10.65,10.21
43.12,22,10.57,10.25,10.37,10.58,10.35,10.91,10.4,10.18,10.39,11.14,10.78,10.61,10.68,10.65,10.19
44.12,22,10.56,10.25,10.37,10.6,10.36,10.92,10.4,10.19,10.39,11.16,10.79,10.6,10.68,10.65,10.19
45.12,22,10.57,10.26,10.39,10.63,10.37,10.94,10.4,10.19,10.42,11.18,10.81,10.63,10.68,10.67,10.21
46.12,22,10.56,10.26,10.4,10.61,10.37,10.95,10.4,10.19,10.42,11.18,10.82,10.63,10.7,10.64,10.22
47.13,22,10.57,10.28,10.4,10.64,10.39,10.96,10.43,10.21,10.43,11.16,10.82,10.64,10.7,10.68,10.23
48.13,22,10.56,10.26,10.4,10.64,10.37,10.95,10.42,10.22,10.4,11.19,10.81,10.64,10.7,10.67,10.22
49.15,22,10.56,10.28,10.39,10.6,10.39,10.96,10.43,10.23,10.4,11.18,10.84,10.64,10.7,10.65,10.25
50.15,22,10.54,10.26,10.36,10.61,10.39,10.95,10.43,10.23,10.43,11.19,10.82,10.64,10.67,10.65,10.25
51.15,22,10.54,10.25,10.36,10.61,10.39,10.95,10.42,10.22,10.43,11.16,10.84,10.65,10.68,10.65,10.23
52.15,22,10.53,10.25,10.37,10.61,10.4,10.95,10.43,10.25,10.42,11.16,10.84,10.65,10.67,10.67,10.25
53.17,22,10.53,10.26,10.39,10.6,10.39,10.94,10.42,10.26,10.37,11.14,10.84,10.65,10.65,10.65,10.23
54.17,22,10.5,10.25,10.36,10.58,10.4,10.94,10.4,10.28,10.36,11.11,10.84,10.64,10.65,10.65,10.22
55.17,22,10.5,10.26,10.39,10.6,10.4,10.95,10.42,10.28,10.35,11.08,10.85,10.65,10.65,10.65,10.22
56.17,22,10.51,10.26,10.36,10.6,10.4,10.95,10.42,10.29,10.35,11.08,10.85,10.65,10.65,10.65,10.22
57.17,22,10.51,10.25,10.35,10.6,10.4,10.95,10.4,10.28,10.35,11.05,10.85,10.65,10.65,10.64,10.22
58.18,22,10.51,10.25,10.35,10.6,10.39,10.96,10.39,10.29,10.36,11.06,10.84,10.65,10.68,10.64,10.22
59.18,22,10.51,10.25,10.35,10.58,10.37,10.96,10.39,10.26,10.36,11.06,10.85,10.65,10.65,10.64,10.23
60.18,22,10.51,10.25,10.33,10.58,10.37,10.94,10.39,10.26,10.37,11.09,10.84,10.64,10.65,10.63,10.22
61.18,22,10.51,10.26,10.35,10.6,10.39,10.95,10.4,10.28,10.42,11.09,10.85,10.67,10.65,10.64,10.22
62.18,22,10.53,10.26,10.39,10.6,10.4,10.98,10.42,10.29,10.44,11.12,10.87,10.68,10.65,10.65,10.26
63.18,22,10.51,10.26,10.36,10.6,10.37,10.98,10.42,10.28,10.43,11.15,10.87,10.67,10.67,10.63,10.25
64.18,22,10.51,10.25,10.37,10.6,10.39,10.98,10.4,10.26,10.44,11.15,10.85,10.68,10.65,10.63,10.25
65.2,22,10.5,10.25,10.35,10.6,10.37,10.98,10.4,10.29,10.44,11.15,10.87,10.67,10.64,10.61,10.23
66.2,22,10.47,10.22,10.32,10.58,10.37,10.92,10.4,10.28,10.44,11.14,10.85,10.65,10.63,10.61,10.23
67.2,22,10.44,10.22,10.33,10.56,10.39,10.95,10.39,10.28,10.42,11.11,10.85,10.65,10.6,10.6,10.21
68.2,22,10.44,10.22,10.35,10.57,10.39,10.94,10.37,10.3,10.4,11.09,10.85,10.68,10.6,10.6,10.22
69.2,22,10.43,10.22,10.33,10.56,10.4,10.96,10.35,10.3,10.39,11.08,10.85,10.65,10.61,10.6,10.22
70.2,22,10.42,10.21,10.35,10.56,10.4,10.92,10.33,10.32,10.37,11.05,10.84,10.65,10.58,10.58,10.21
71.2,22,10.44,10.23,10.33,10.57,10.42,10.95,10.35,10.35,10.4,11.06,10.87,10.68,10.57,10.61,10.22
72.2,22,10.42,10.21,10.32,10.56,10.39,10.95,10.32,10.32,10.39,11.02,10.84,10.68,10.57,10.6,10.21
73.22,22,10.43,10.23,10.3,10.56,10.4,10.96,10.33,10.33,10.37,11.01,10.85,10.68,10.56,10.6,10.21
74.22,22,10.42,10.22,10.3,10.54,10.4,10.94,10.3,10.32,10.37,11.01,10.85,10.68,10.57,10.58,10.21
75.22,22,10.43,10.21,10.3,10.56,10.4,10.96,10.33,10.33,10.39,11.01,10.85,10.68,10.57,10.58,10.23
76.22,22,10.44,10.22,10.3,10.56,10.39,10.94,10.35,10.33,10.37,11.01,10.84,10.67,10.58,10.58,10.22
77.22,22,10.42,10.21,10.3,10.54,10.39,10.95,10.35,10.3,10.37,10.96,10.84,10.67,10.57,10.58,10.22
78.22,22,10.43,10.22,10.33,10.57,10.39,10.96,10.35,10.33,10.4,11.02,10.85,10.7,10.6,10.58,10.23
79.23,22,10.42,10.22,10.32,10.56,10.39,10.98,10.35,10.3,10.4,11.02,10.85,10.7,10.57,10.58,10.23
80.23,22,10.42,10.22,10.32,10.56,10.36,10.95,10.36,10.32,10.42,11.04,10.84,10.68,10.58,10.57,10.23
81.23,22,10.4,10.21,10.29,10.54,10.37,10.92,10.35,10.32,10.43,11.04,10.85,10.7,10.57,10.57,10.23
82.23,22,10.36,10.19,10.29,10.54,10.37,10.94,10.33,10.3,10.4,11.02,10.84,10.68,10.54,10.56,10.22
83.23,22,10.36,10.19,10.29,10.54,10.37,10.94,10.32,10.33,10.4,11.01,10.84,10.7,10.53,10.56,10.22
84.23,22,10.37,10.21,10.29,10.54,10.37,10.92,10.29,10.35,10.4,11.01,10.84,10.67,10.53,10.56,10.21
85.25,22,10.36,10.18,10.28,10.53,10.37,10.95,10.25,10.35,10.37,10.98,10.82,10.67,10.53,10.54,10.19
86.25,22,10.36,10.21,10.28,10.54,10.39,10.92,10.23,10.36,10.39,10.99,10.85,10.68,10.53,10.56,10.19
87.25,22,10.33,10.18,10.26,10.51,10.37,10.92,10.22,10.35,10.37,10.96,10.81,10.67,10.49,10.53,10.18
88.25,22,10.33,10.18,10.26,10.5,10.36,10.94,10.19,10.33,10.37,10.95,10.82,10.65,10.49,10.53,10.17
89.27,22,10.33,10.18,10.25,10.53,10.39,10.94,10.19,10.35,10.39,10.96,10.82,10.67,10.49,10.53,10.17
90.27,22,10.33,10.18,10.25,10.5,10.36,10.94,10.19,10.35,10.39,10.94,10.84,10.67,10.46,10.53,10.15
91.27,22,10.35,10.17,10.23,10.5,10.36,10.94,10.19,10.33,10.39,10.94,10.84,10.65,10.44,10.51,10.18
92.27,22,10.33,10.18,10.25,10.51,10.36,10.94,10.18,10.36,10.4,10.94,10.84,10.67,10.49,10.53,10.19
93.27,22,10.33,10.17,10.25,10.5,10.36,10.95,10.18,10.35,10.39,10.92,10.82,10.68,10.47,10.51,10.18
94.27,22,10.33,10.18,10.26,10.49,10.33,10.96,10.19,10.35,10.4,10.94,10.82,10.67,10.49,10.53,10.21
95.27,22,10.33,10.18,10.26,10.5,10.35,10.95,10.21,10.33,10.42,10.94,10.82,10.67,10.5,10.51,10.21
96.27,22,10.29,10.15,10.25,10.49,10.33,10.92,10.21,10.32,10.4,10.94,10.81,10.67,10.5,10.49,10.18
97.27,22,10.28,10.14,10.23,10.5,10.33,10.92,10.21,10.35,10.4,10.92,10.81,10.68,10.46,10.5,10.19
98.28,22,10.25,10.14,10.21,10.47,10.33,10.91,10.18,10.32,10.37,10.91,10.79,10.65,10.43,10.47,10.18
99.28,22,10.28,10.14,10.25,10.5,10.35,10.92,10.15,10.35,10.39,10.91,10.81,10.65,10.43,10.47,10.18
100.28,22,10.26,10.14,10.23,10.47,10.33,10.91,10.11,10.33,10.37,10.91,10.78,10.64,10.44,10.46,10.15
101.28,22,10.26,10.14,10.23,10.47,10.35,10.91,10.11,10.35,10.36,10.91,10.81,10.65,10.42,10.47,10.14
102.28,22,10.25,10.14,10.23,10.49,10.33,10.89,10.1,10.36,10.37,10.91,10.78,10.65,10.4,10.47,10.15
103.28,22,10.25,10.15,10.22,10.47,10.33,10.92,10.1,10.35,10.37,10.89,10.78,10.67,10.4,10.46,10.14
104.3,22,10.25,10.14,10.21,10.46,10.33,10.92,10.08,10.37,10.39,10.89,10.79,10.65,10.39,10.47,10.14
105.3,22,10.23,10.11,10.19,10.44,10.32,10.92,10.1,10.36,10.37,10.88,10.78,10.64,10.36,10.46,10.14
106.3,22,10.22,10.12,10.18,10.44,10.3,10.92,10.07,10.36,10.37,10.87,10.78,10.65,10.36,10.44,10.12
107.3,22,10.23,10.12,10.19,10.46,10.32,10.94,10.07,10.36,10.39,10.85,10.79,10.65,10.37,10.46,10.15
108.3,22,10.25,10.12,10.19,10.47,10.3,10.92,10.08,10.36,10.39,10.88,10.79,10.67,10.39,10.46,10.15
109.3,22,10.22,10.11,10.21,10.43,10.29,10.94,10.08,10.35,10.39,10.85,10.78,10.64,10.37,10.43,10.14
110.3,22,10.19,10.11,10.21,10.44,10.29,10.92,10.1,10.35,10.39,10.84,10.78,10.65,10.39,10.44,10.15
111.3,22,10.18,10.12,10.19,10.44,10.29,10.91,10.11,10.36,10.42,10.85,10.78,10.65,10.39,10.42,10.17
112.32,22,10.17,10.1,10.17,10.44,10.28,10.88,10.1,10.35,10.39,10.84,10.77,10.64,10.35,10.43,10.14
113.32,22,10.18,10.08,10.18,10.42,10.29,10.89,10.07,10.35,10.36,10.82,10.77,10.64,10.36,10.42,10.15
114.32,22,10.19,10.1,10.19,10.46,10.3,10.89,10.07,10.35,10.39,10.85,10.77,10.64,10.36,10.4,10.14
115.33,22,10.18,10.08,10.17,10.43,10.29,10.87,10.03,10.35,10.35,10.85,10.75,10.61,10.35,10.39,10.1
116.33,22,10.19,10.1,10.18,10.42,10.29,10.89,10.03,10.35,10.35,10.85,10.77,10.64,10.35,10.4,10.11
117.33,22,10.18,10.1,10.18,10.42,10.29,10.88,10.04,10.36,10.35,10.85,10.75,10.63,10.33,10.39,10.1
118.33,22,10.17,10.1,10.17,10.4,10.28,10.88,10.01,10.35,10.36,10.84,10.75,10.63,10.29,10.4,10.1
119.35,22,10.14,10.07,10.15,10.42,10.25,10.88,10.01,10.35,10.35,10.82,10.74,10.63,10.29,10.39,10.07
120.35,22,10.14,10.07,10.14,10.39,10.28,10.89,10.01,10.35,10.36,10.84,10.72,10.63,10.28,10.4,10.08
121.35,22,10.12,10.05,10.15,10.39,10.25,10.89,10.01,10.36,10.35,10.81,10.75,10.61,10.28,10.39,10.08
122.35,22,10.12,10.05,10.12,10.39,10.25,10.89,10,10.36,10.35,10.78,10.72,10.61,10.26,10.36,10.08
123.35,22,10.12,10.08,10.14,10.37,10.25,10.91,10.01,10.36,10.37,10.81,10.75,10.63,10.29,10.39,10.11
124.35,22,10.11,10.07,10.15,10.39,10.23,10.89,10.01,10.36,10.36,10.79,10.75,10.61,10.28,10.39,10.1
125.37,22,10.08,10.05,10.15,10.37,10.22,10.89,10.03,10.35,10.36,10.78,10.72,10.61,10.28,10.36,10.1
126.37,22,10.07,10.04,10.14,10.36,10.22,10.88,10.03,10.36,10.37,10.75,10.72,10.61,10.28,10.35,10.1
127.37,22,10.05,10.04,10.12,10.37,10.22,10.87,10.03,10.35,10.35,10.74,10.72,10.63,10.26,10.35,10.1
128.37,22,10.08,10.04,10.14,10.36,10.23,10.87,9.99,10.36,10.35,10.75,10.72,10.61,10.26,10.33,10.08
129.37,22,10.07,10.04,10.14,10.36,10.21,10.87,9.94,10.35,10.33,10.74,10.7,10.58,10.25,10.32,10.07
130.37,22,10.08,10.05,10.12,10.39,10.23,10.88,9.94,10.33,10.35,10.77,10.72,10.6,10.25,10.33,10.07
131.38,22,10.08,10.04,10.12,10.36,10.23,10.88,9.94,10.33,10.33,10.78,10.68,10.6,10.23,10.33,10.07
132.38,22,10.08,10.04,10.14,10.36,10.23,10.85,9.94,10.35,10.33,10.78,10.72,10.6,10.22,10.33,10.05
133.38,22,10.07,10.03,10.1,10.36,10.21,10.85,9.94,10.35,10.35,10.77,10.71,10.6,10.21,10.32,10.07
134.38,22,10.04,10.03,10.1,10.33,10.21,10.85,9.92,10.35,10.33,10.75,10.68,10.6,10.18,10.32,10.05
135.4,22,10.04,10.03,10.11,10.33,10.21,10.88,9.93,10.35,10.33,10.74,10.7,10.6,10.19,10.32,10.05
136.4,22,10.03,10.01,10.1,10.33,10.21,10.88,9.93,10.35,10.35,10.72,10.7,10.6,10.19,10.3,10.05
137.4,22,10.01,10,10.1,10.33,10.21,10.88,9.92,10.36,10.35,10.71,10.71,10.58,10.19,10.3,10.05
138.4,22,10.01,10.01,10.1,10.33,10.19,10.88,9.94,10.35,10.36,10.72,10.68,10.58,10.18,10.3,10.07
139.4,22,10.01,10,10.1,10.33,10.18,10.88,9.94,10.35,10.36,10.7,10.68,10.58,10.21,10.32,10.05
140.4,22,9.99,10,10.1,10.32,10.18,10.88,9.94,10.36,10.36,10.71,10.7,10.6,10.19,10.29,10.07
141.4,22,9.94,9.97,10.08,10.3,10.15,10.85,9.94,10.35,10.35,10.67,10.67,10.57,10.18,10.29,10.05
142.4,22,9.96,9.97,10.07,10.29,10.15,10.84,9.9,10.33,10.3,10.65,10.65,10.56,10.17,10.26,10.04
143.4,22,10,9.99,10.08,10.3,10.18,10.84,9.89,10.33,10.32,10.7,10.67,10.56,10.17,10.26,10.04
144.42,22,10.01,9.99,10.08,10.3,10.18,10.84,9.89,10.32,10.32,10.71,10.67,10.57,10.18,10.26,10.03
145.42,22,10,9.99,10.08,10.3,10.17,10.84,9.89,10.32,10.32,10.72,10.65,10.57,10.17,10.26,10.03
146.42,22,9.99,9.97,10.07,10.29,10.15,10.84,9.88,10.3,10.3,10.71,10.67,10.57,10.15,10.26,10
147.43,22,9.97,9.97,10.07,10.28,10.17,10.84,9.89,10.32,10.3,10.71,10.65,10.56,10.12,10.25,10
148.43,22,9.97,9.97,10.07,10.26,10.15,10.84,9.88,10.3,10.32,10.7,10.65,10.57,10.12,10.23,10
149.43,22,9.94,9.96,10.05,10.28,10.15,10.85,9.86,10.32,10.3,10.67,10.64,10.56,10.1,10.23,9.99
150.43,22,9.93,9.96,10.04,10.26,10.11,10.82,9.85,10.3,10.29,10.65,10.63,10.56,10.08,10.22,9.99
151.45,22,9.92,9.93,10.03,10.25,10.11,10.84,9.84,10.29,10.28,10.64,10.61,10.54,10.08,10.22,9.99
152.45,22,9.92,9.96,10.04,10.26,10.14,10.87,9.85,10.32,10.33,10.64,10.64,10.57,10.08,10.23,10
153.45,22,9.9,9.94,10.05,10.25,10.1,10.85,9.84,10.32,10.3,10.63,10.63,10.56,10.1,10.23,10.01
154.45,22,9.9,9.93,10.07,10.26,10.11,10.87,9.85,10.3,10.32,10.63,10.63,10.54,10.11,10.23,10.01
155.45,22,9.88,9.92,10.05,10.25,10.08,10.85,9.86,10.29,10.33,10.61,10.63,10.54,10.1,10.21,10.01
156.45,22,9.82,9.9,10,10.23,10.08,10.81,9.85,10.29,10.3,10.58,10.61,10.53,10.08,10.19,10.01
157.47,22,9.88,9.92,10.03,10.23,10.1,10.82,9.82,10.29,10.3,10.57,10.61,10.51,10.05,10.21,9.99
158.47,22,9.89,9.92,10.04,10.21,10.08,10.78,9.77,10.28,10.29,10.6,10.6,10.51,10.05,10.19,10
159.47,22,9.9,9.92,10.04,10.22,10.1,10.79,9.78,10.26,10.29,10.63,10.58,10.53,10.07,10.19,9.99
160.47,22,9.89,9.89,10.01,10.22,10.1,10.79,9.77,10.26,10.28,10.61,10.58,10.51,10.05,10.18,9.94
161.47,22,9.89,9.93,10.03,10.23,10.1,10.81,9.78,10.26,10.26,10.63,10.6,10.54,10.05,10.17,9.96
162.48,22,9.89,9.89,10.03,10.21,10.1,10.82,9.78,10.26,10.28,10.6,10.57,10.51,10.04,10.15,9.93
163.48,22,9.86,9.9,10.01,10.21,10.08,10.79,9.78,10.25,10.28,10.61,10.58,10.53,10.04,10.17,9.94
164.48,22,9.84,9.89,10,10.19,10.07,10.81,9.77,10.25,10.26,10.58,10.56,10.53,10,10.17,9.94
165.48,22,9.82,9.88,9.99,10.18,10.05,10.78,9.75,10.23,10.26,10.57,10.56,10.5,9.97,10.15,9.93
166.48,22,9.81,9.88,9.99,10.18,10.07,10.81,9.77,10.25,10.28,10.57,10.57,10.51,9.99,10.15,9.93
167.5,22,9.79,9.88,10,10.19,10.03,10.81,9.74,10.25,10.28,10.56,10.57,10.5,9.99,10.14,9.94
168.5,22,9.79,9.86,10,10.18,10.03,10.79,9.75,10.25,10.26,10.54,10.56,10.49,9.99,10.14,9.94
169.5,22,9.78,9.86,10.01,10.18,10.03,10.79,9.75,10.23,10.29,10.54,10.56,10.49,9.99,10.15,9.96
170.5,22,9.77,9.85,10,10.18,10.01,10.81,9.77,10.25,10.29,10.53,10.56,10.49,10,10.14,9.97
171.52,22,9.73,9.82,9.99,10.17,10,10.79,9.75,10.23,10.28,10.53,10.54,10.49,10,10.14,9.97
172.52,22,9.75,9.84,9.97,10.15,10,10.79,9.77,10.23,10.28,10.49,10.56,10.47,9.96,10.14,9.96
173.52,22,9.77,9.84,9.99,10.15,10.01,10.77,9.7,10.22,10.25,10.5,10.53,10.47,9.94,10.11,9.93
174.52,22,9.79,9.85,10,10.17,10.03,10.78,9.7,10.22,10.26,10.53,10.54,10.47,9.97,10.11,9.94
175.52,22,9.79,9.85,10,10.18,10.01,10.77,9.67,10.22,10.26,10.53,10.54,10.49,9.97,10.1,9.93
176.52,22,9.79,9.85,9.97,10.15,10.01,10.75,9.69,10.21,10.23,10.53,10.53,10.49,9.96,10.1,9.93
177.52,22,9.77,9.84,9.99,10.14,10.03,10.77,9.69,10.21,10.23,10.53,10.51,10.5,9.94,10.08,9.9
178.52,22,9.77,9.82,9.97,10.14,10.01,10.75,9.69,10.22,10.26,10.51,10.51,10.5,9.93,10.1,9.9
179.53,22,9.74,9.82,9.97,10.12,10,10.77,9.67,10.18,10.25,10.5,10.51,10.47,9.92,10.08,9.89
180.53,22,9.71,9.82,9.96,10.11,9.99,10.75,9.66,10.19,10.23,10.49,10.5,10.47,9.88,10.08,9.89
181.53,22,9.69,9.79,9.93,10.11,9.97,10.75,9.64,10.17,10.22,10.47,10.49,10.46,9.86,10.07,9.88
182.53,22,9.7,9.81,9.96,10.12,9.97,10.77,9.64,10.19,10.25,10.46,10.51,10.47,9.86,10.1,9.9
183.53,22,9.67,9.79,9.96,10.1,9.96,10.77,9.66,10.18,10.25,10.46,10.49,10.47,9.88,10.08,9.9
184.55,22,9.66,9.78,9.94,10.1,9.94,10.77,9.66,10.18,10.26,10.44,10.49,10.47,9.86,10.05,9.9
185.55,22,9.63,9.77,9.94,10.08,9.92,10.77,9.67,10.17,10.23,10.43,10.47,10.44,9.88,10.05,9.9
186.55,22,9.64,9.75,9.96,10.11,9.93,10.77,9.7,10.18,10.26,10.44,10.49,10.44,9.89,10.07,9.93
187.55,22,9.59,9.74,9.93,10.07,9.93,10.75,9.69,10.17,10.26,10.42,10.47,10.46,9.88,10.07,9.93
188.55,22,9.62,9.74,9.92,10.05,9.92,10.74,9.64,10.15,10.23,10.37,10.46,10.43,9.84,10.03,9.9
189.57,22,9.67,9.78,9.94,10.08,9.93,10.75,9.6,10.18,10.23,10.42,10.47,10.44,9.86,10.04,9.9
190.57,22,9.69,9.77,9.96,10.07,9.96,10.75,9.6,10.17,10.23,10.44,10.46,10.44,9.88,10.03,9.89
191.57,22,9.69,9.77,9.94,10.07,9.94,10.74,9.59,10.17,10.23,10.46,10.44,10.46,9.86,10.03,9.88
192.57,22,9.66,9.75,9.92,10.05,9.93,10.72,9.56,10.15,10.22,10.44,10.43,10.46,9.85,10.01,9.86
193.57,22,9.64,9.75,9.92,10.05,9.93,10.71,9.59,10.12,10.21,10.42,10.43,10.44,9.82,10.01,9.85
194.57,22,9.66,9.75,9.93,10.05,9.93,10.74,9.62,10.14,10.22,10.43,10.44,10.46,9.84,10.01,9.88
195.57,22,9.59,9.73,9.93,10.01,9.9,10.71,9.56,10.12,10.19,10.4,10.43,10.44,9.78,9.99,9.85
196.57,22,9.58,9.73,9.9,10.03,9.9,10.72,9.55,10.12,10.21,10.39,10.43,10.44,9.77,9.97,9.85
197.58,22,9.56,9.7,9.89,10.01,9.89,10.72,9.54,10.12,10.19,10.37,10.4,10.43,9.75,9.97,9.84
198.58,22,9.55,9.7,9.89,10.01,9.85,10.71,9.54,10.12,10.21,10.35,10.4,10.44,9.77,9.99,9.84
199.58,22,9.54,9.7,9.9,10,9.86,10.72,9.55,10.11,10.21,10.33,10.4,10.43,9.74,9.97,9.86
200.58,22,9.54,9.69,9.9,10,9.86,10.72,9.55,10.11,10.23,10.32,10.4,10.42,9.77,9.99,9.88
201.6,22,9.52,9.67,9.9,10.01,9.84,10.72,9.56,10.11,10.22,10.33,10.4,10.42,9.77,9.97,9.88
202.6,22,9.48,9.66,9.9,10,9.84,10.72,9.58,10.1,10.22,10.32,10.39,10.42,9.77,9.96,9.86
203.6,22,9.45,9.63,9.88,9.97,9.84,10.7,9.56,10.08,10.19,10.28,10.36,10.4,9.73,9.94,9.85
204.6,22,9.54,9.66,9.89,9.96,9.81,10.71,9.52,10.08,10.21,10.28,10.36,10.4,9.74,9.94,9.85
205.6,22,9.55,9.67,9.89,9.97,9.84,10.7,9.5,10.1,10.19,10.3,10.37,10.39,9.74,9.93,9.85
206.6,22,9.56,9.67,9.9,9.96,9.85,10.7,9.5,10.08,10.19,10.35,10.36,10.42,9.75,9.93,9.84
207.6,22,9.56,9.67,9.89,9.97,9.86,10.68,9.5,10.08,10.19,10.35,10.35,10.42,9.75,9.93,9.82
208.62,22,9.54,9.66,9.88,9.96,9.84,10.68,9.48,10.08,10.18,10.33,10.35,10.42,9.74,9.92,9.79
209.62,22,9.51,9.66,9.88,9.94,9.82,10.67,9.47,10.05,10.17,10.3,10.33,10.4,9.7,9.9,9.81
210.62,22,9.5,9.64,9.86,9.94,9.82,10.67,9.47,10.07,10.18,10.29,10.35,10.4,9.69,9.9,9.81
211.62,22,9.47,9.63,9.88,9.93,9.81,10.7,9.45,10.05,10.17,10.28,10.32,10.39,9.66,9.9,9.81
212.62,22,9.45,9.6,9.86,9.92,9.79,10.68,9.44,10.05,10.17,10.26,10.33,10.39,9.64,9.9,9.81
213.62,22,9.43,9.6,9.86,9.89,9.78,10.68,9.41,10.04,10.17,10.22,10.33,10.37,9.63,9.9,9.81
214.62,22,9.43,9.6,9.85,9.9,9.78,10.7,9.4,10.05,10.18,10.23,10.32,10.39,9.64,9.89,9.82
215.63,22,9.4,9.59,9.85,9.89,9.77,10.68,9.41,10.04,10.17,10.23,10.3,10.37,9.64,9.89,9.82
216.63,22,9.41,9.58,9.85,9.89,9.75,10.7,9.43,10.04,10.18,10.22,10.32,10.39,9.66,9.89,9.84
217.63,22,9.37,9.55,9.86,9.88,9.73,10.68,9.43,10.04,10.18,10.19,10.29,10.39,9.66,9.88,9.84
218.63,22,9.36,9.55,9.82,9.85,9.71,10.68,9.43,10.04,10.15,10.18,10.29,10.36,9.64,9.88,9.82
219.63,22,9.43,9.56,9.84,9.85,9.73,10.65,9.37,10.03,10.15,10.15,10.28,10.35,9.62,9.86,9.81
220.65,22,9.47,9.6,9.85,9.9,9.75,10.67,9.31,10.03,10.15,10.21,10.26,10.36,9.66,9.86,9.79
221.65,22,9.47,9.59,9.84,9.88,9.75,10.64,9.29,10.01,10.15,10.22,10.26,10.36,9.64,9.85,9.78
222.65,22,9.45,9.58,9.84,9.88,9.74,10.65,9.31,10,10.14,10.23,10.26,10.36,9.64,9.84,9.77
223.65,22,9.43,9.58,9.84,9.84,9.74,10.64,9.32,10,10.14,10.22,10.25,10.36,9.6,9.84,9.75
224.65,22,9.41,9.56,9.84,9.85,9.74,10.65,9.32,10.01,10.12,10.22,10.26,10.36,9.59,9.84,9.75
225.67,22,9.39,9.56,9.84,9.82,9.73,10.64,9.31,10.01,10.12,10.19,10.26,10.37,9.59,9.84,9.75
226.67,22,9.35,9.54,9.81,9.81,9.7,10.64,9.28,9.99,10.12,10.17,10.23,10.35,9.55,9.82,9.74
227.67,22,9.33,9.52,9.82,9.79,9.69,10.65,9.27,9.97,10.11,10.14,10.25,10.35,9.54,9.82,9.74
228.68,22,9.31,9.52,9.82,9.81,9.69,10.65,9.25,9.97,10.12,10.15,10.22,10.35,9.52,9.84,9.77
229.68,22,9.29,9.5,9.81,9.78,9.66,10.65,9.24,9.99,10.11,10.12,10.22,10.33,9.52,9.79,9.77
230.68,22,9.29,9.51,9.82,9.78,9.64,10.67,9.24,9.97,10.12,10.11,10.23,10.33,9.54,9.81,9.78
231.68,22,9.27,9.44,9.79,9.77,9.62,10.64,9.23,9.94,10.11,10.08,10.19,10.32,9.55,9.79,9.77
232.68,22,9.25,9.45,9.81,9.77,9.62,10.64,9.24,9.94,10.1,10.08,10.21,10.33,9.56,9.79,9.77
233.68,22,9.27,9.44,9.78,9.74,9.62,10.61,9.21,9.94,10.08,10.03,10.19,10.3,9.52,9.79,9.75
234.7,22,9.33,9.48,9.79,9.75,9.63,10.63,9.16,9.94,10.1,10.07,10.19,10.3,9.55,9.79,9.74
235.7,22,9.35,9.51,9.78,9.78,9.63,10.63,9.12,9.94,10.1,10.11,10.17,10.3,9.56,9.77,9.74
236.7,22,9.35,9.51,9.78,9.78,9.64,10.61,9.12,9.96,10.1,10.14,10.17,10.32,9.56,9.75,9.71
237.7,22,9.33,9.51,9.81,9.75,9.64,10.61,9.13,9.94,10.08,10.12,10.15,10.3,9.55,9.75,9.71
238.7,22,9.29,9.47,9.78,9.73,9.62,10.6,9.12,9.92,10.08,10.12,10.15,10.3,9.51,9.73,9.7
239.7,22,9.29,9.47,9.77,9.74,9.63,10.58,9.15,9.92,10.08,10.11,10.17,10.32,9.51,9.75,9.7
240.7,22,9.24,9.45,9.74,9.71,9.6,10.61,9.12,9.9,10.07,10.07,10.15,10.3,9.47,9.74,9.69
241.7,22,9.21,9.44,9.75,9.7,9.59,10.6,9.11,9.9,10.07,10.05,10.15,10.3,9.45,9.74,9.67
242.7,22,9.17,9.41,9.75,9.66,9.58,10.58,9.05,9.89,10.04,10.01,10.12,10.29,9.41,9.71,9.67
243.72,22,9.16,9.4,9.75,9.66,9.55,10.6,9.05,9.89,10.05,10,10.12,10.28,9.41,9.71,9.69
244.72,22,9.15,9.39,9.74,9.66,9.54,10.58,9.04,9.89,10.05,10,10.12,10.29,9.41,9.71,9.7
245.72,22,9.16,9.36,9.74,9.66,9.52,10.61,9.04,9.88,10.07,9.99,10.11,10.28,9.41,9.71,9.73
246.72,22,9.12,9.36,9.74,9.64,9.51,10.61,9.03,9.88,10.05,9.97,10.07,10.26,9.43,9.71,9.71
247.72,22,9.11,9.35,9.73,9.63,9.48,10.57,9.03,9.86,10.04,9.96,10.08,10.26,9.43,9.71,9.71
248.72,22,9.09,9.32,9.71,9.6,9.47,10.57,9.01,9.86,10.03,9.92,10.08,10.25,9.37,9.7,9.71
249.72,22,9.16,9.36,9.71,9.63,9.47,10.57,8.949999999999998,9.85,10.03,9.89,10.05,10.23,9.37,9.67,9.67
250.72,22,9.21,9.39,9.73,9.66,9.51,10.54,8.89,9.86,10.03,9.93,10.04,10.23,9.39,9.66,9.67
251.72,22,9.21,9.39,9.73,9.66,9.51,10.57,8.85,9.86,10.04,9.97,10.05,10.25,9.41,9.66,9.67
252.73,22,9.2,9.39,9.73,9.67,9.54,10.58,8.88,9.85,10.04,9.99,10.05,10.26,9.41,9.67,9.67
253.73,22,9.17,9.39,9.73,9.63,9.52,10.57,8.88,9.85,10.03,9.97,10.05,10.26,9.39,9.67,9.64
254.73,22,9.13,9.36,9.73,9.62,9.5,10.56,8.88,9.84,10.01,9.94,10.04,10.25,9.36,9.64,9.63
255.73,22,9.11,9.33,9.7,9.6,9.5,10.56,8.88,9.82,10.01,9.93,10.04,10.26,9.35,9.66,9.63
256.73,22,9.08,9.33,9.71,9.59,9.48,10.56,8.88,9.82,10.01,9.92,10.03,10.25,9.32,9.64,9.64
257.73,22,9.04,9.29,9.69,9.56,9.47,10.54,8.85,9.81,10,9.89,10.03,10.23,9.28,9.64,9.63
258.73,22,9.03,9.29,9.7,9.54,9.43,10.56,8.84,9.79,9.99,9.85,10.01,10.22,9.29,9.63,9.64
259.73,22,9.03,9.28,9.69,9.52,9.43,10.53,8.84,9.79,9.99,9.86,10,10.22,9.28,9.62,9.64
260.73,22,9.01,9.28,9.7,9.54,9.4,10.53,8.85,9.78,10,9.85,10,10.22,9.29,9.63,9.67
261.75,22,8.97,9.2,9.66,9.5,9.36,10.51,8.85,9.75,9.97,9.82,9.97,10.21,9.28,9.6,9.64
262.75,22,8.97,9.21,9.66,9.5,9.37,10.53,8.84,9.77,9.97,9.81,9.97,10.21,9.27,9.62,9.64
263.75,22,9.07,9.28,9.67,9.52,9.39,10.51,8.79,9.77,9.99,9.79,9.97,10.19,9.28,9.6,9.63
264.75,22,9.11,9.29,9.67,9.55,9.41,10.53,8.71,9.79,9.99,9.86,9.93,10.21,9.32,9.6,9.62
265.75,22,9.12,9.29,9.67,9.56,9.43,10.51,8.72,9.78,9.97,9.88,9.93,10.21,9.32,9.59,9.62
266.75,22,9.09,9.28,9.67,9.54,9.43,10.53,8.75,9.75,9.97,9.88,9.94,10.22,9.31,9.58,9.6
267.77,22,9.07,9.28,9.67,9.54,9.41,10.51,8.77,9.74,9.97,9.88,9.93,10.21,9.29,9.58,9.6
268.77,22,9.01,9.24,9.66,9.51,9.41,10.51,8.76,9.73,9.96,9.85,9.92,10.21,9.24,9.56,9.58
269.77,22,8.99,9.24,9.64,9.5,9.37,10.5,8.79,9.73,9.96,9.81,9.93,10.21,9.23,9.55,9.56
270.77,22,8.949999999999998,9.21,9.64,9.45,9.36,10.5,8.76,9.7,9.94,9.78,9.92,10.19,9.17,9.55,9.55
271.77,22,8.91,9.19,9.63,9.44,9.35,10.5,8.73,9.7,9.93,9.74,9.9,10.19,9.15,9.54,9.56
272.77,22,8.87,9.17,9.62,9.41,9.31,10.47,8.71,9.67,9.93,9.7,9.89,10.17,9.12,9.52,9.56
273.78,22,8.85,9.15,9.62,9.4,9.28,10.49,8.699999999999998,9.66,9.92,9.69,9.88,10.15,9.12,9.51,9.56
274.78,22,8.85,9.13,9.63,9.39,9.27,10.49,8.67,9.66,9.92,9.7,9.88,10.15,9.12,9.54,9.58
275.78,22,8.84,9.12,9.62,9.37,9.24,10.49,8.67,9.64,9.9,9.69,9.85,10.15,9.13,9.52,9.58
276.78,22,8.83,9.11,9.6,9.37,9.24,10.49,8.68,9.63,9.92,9.7,9.86,10.15,9.15,9.51,9.59
277.8,22,8.79,9.07,9.59,9.36,9.2,10.47,8.67,9.62,9.9,9.66,9.84,10.14,9.13,9.51,9.58
278.8,22,8.87,9.12,9.6,9.37,9.21,10.46,8.62,9.62,9.9,9.63,9.84,10.12,9.12,9.5,9.56
279.8,22,8.93,9.15,9.6,9.4,9.24,10.44,8.54,9.63,9.9,9.67,9.82,10.14,9.16,9.5,9.54
280.8,22,8.96,9.17,9.62,9.43,9.28,10.44,8.51,9.64,9.92,9.73,9.81,10.15,9.19,9.48,9.55
281.8,22,8.93,9.15,9.6,9.41,9.27,10.46,8.54,9.66,9.9,9.71,9.81,10.14,9.16,9.45,9.54
282.8,22,8.91,9.13,9.6,9.4,9.28,10.46,8.58,9.63,9.89,9.71,9.81,10.15,9.15,9.47,9.52
283.82,22,8.87,9.12,9.6,9.39,9.24,10.44,8.59,9.63,9.9,9.7,9.82,10.15,9.11,9.44,9.51
284.82,22,8.83,9.12,9.59,9.35,9.24,10.44,8.59,9.6,9.89,9.67,9.82,10.14,9.08,9.47,9.51
285.82,22,8.79,9.08,9.58,9.33,9.23,10.43,8.58,9.59,9.88,9.63,9.81,10.14,9.04,9.47,9.51
286.82,22,8.76,9.07,9.58,9.29,9.2,10.43,8.56,9.58,9.86,9.6,9.79,10.12,9.01,9.44,9.51
287.82,22,8.73,9.04,9.56,9.28,9.16,10.42,8.54,9.56,9.86,9.56,9.75,10.11,8.99,9.43,9.51
288.83,22,8.72,9,9.56,9.27,9.15,10.42,8.52,9.54,9.85,9.55,9.75,10.1,8.99,9.43,9.51
289.83,22,8.71,9,9.56,9.24,9.11,10.4,8.52,9.54,9.84,9.56,9.74,10.1,8.99,9.41,9.52
290.83,22,8.699999999999998,8.97,9.55,9.23,9.08,10.42,8.52,9.52,9.84,9.55,9.74,10.08,9.01,9.44,9.54
291.83,22,8.66,8.949999999999998,9.52,9.21,9.07,10.4,8.5,9.5,9.81,9.51,9.71,10.07,8.97,9.41,9.51
292.83,22,8.76,8.99,9.54,9.23,9.07,10.4,8.43,9.48,9.82,9.5,9.7,10.07,8.96,9.4,9.5
293.85,22,8.81,9.03,9.55,9.27,9.12,10.39,8.38,9.52,9.84,9.55,9.7,10.05,9.01,9.39,9.5
294.85,22,8.81,9.04,9.56,9.28,9.13,10.42,8.41,9.54,9.84,9.58,9.69,10.08,9.04,9.4,9.48
295.85,22,8.79,9.05,9.55,9.29,9.15,10.42,8.47,9.52,9.85,9.6,9.67,10.08,9.01,9.37,9.48
296.85,22,8.77,9.04,9.54,9.25,9.15,10.39,8.49,9.52,9.85,9.58,9.69,10.1,9.01,9.37,9.47
297.87,22,8.72,9,9.54,9.24,9.13,10.39,8.5,9.51,9.84,9.55,9.67,10.1,8.96,9.36,9.45
298.87,22,8.68,8.99,9.52,9.23,9.11,10.37,8.5,9.48,9.82,9.52,9.69,10.08,8.93,9.36,9.43
299.87,22,8.63,8.97,9.52,9.2,9.09,10.36,8.46,9.5,9.82,9.48,9.69,10.1,8.88,9.35,9.43
300.87,22,8.59,8.92,9.5,9.15,9.05,10.37,8.449999999999998,9.45,9.79,9.43,9.66,10.05,8.84,9.35,9.43
301.87,22,8.55,8.89,9.5,9.13,9.01,10.35,8.41,9.44,9.77,9.41,9.62,10.05,8.81,9.32,9.44
302.88,22,8.54,8.89,9.5,9.11,8.99,10.36,8.36,9.43,9.75,9.39,9.6,10.03,8.81,9.32,9.44
303.88,22,8.51,8.85,9.48,9.09,8.97,10.35,8.34,9.4,9.74,9.36,9.59,10.03,8.79,9.33,9.44
304.88,22,8.51,8.84,9.5,9.08,8.93,10.35,8.36,9.39,9.77,9.37,9.59,10.03,8.81,9.32,9.45
305.88,22,8.47,8.81,9.47,9.07,8.89,10.35,8.33,9.36,9.75,9.35,9.58,10,8.8,9.32,9.45
306.88,22,8.46,8.77,9.44,9.04,8.88,10.33,8.32,9.33,9.74,9.32,9.55,9.99,8.79,9.31,9.44
307.88,22,8.56,8.85,9.48,9.08,8.92,10.33,8.25,9.36,9.74,9.31,9.56,9.99,8.8,9.31,9.43
308.9,22,8.62,8.88,9.48,9.12,8.96,10.35,8.19,9.39,9.77,9.4,9.54,10,8.85,9.29,9.43
309.9,22,8.64,8.89,9.5,9.13,8.99,10.35,8.199999999999998,9.4,9.78,9.4,9.54,10.03,8.85,9.29,9.41
310.9,22,8.6,8.88,9.48,9.12,9,10.32,8.23,9.39,9.75,9.4,9.52,10.01,8.83,9.28,9.4
311.9,22,8.58,8.87,9.47,9.09,8.96,10.33,8.29,9.37,9.75,9.39,9.52,10.01,8.8,9.25,9.39
312.9,22,8.52,8.87,9.47,9.11,8.99,10.33,8.3,9.37,9.77,9.36,9.54,10.03,8.79,9.27,9.39
313.92,22,8.49,8.81,9.47,9.04,8.949999999999998,10.33,8.29,9.36,9.75,9.33,9.54,10.01,8.73,9.25,9.37
314.92,22,8.43,8.79,9.43,9.01,8.92,10.29,8.25,9.31,9.74,9.29,9.51,10,8.67,9.23,9.35
315.92,22,8.38,8.76,9.43,9,8.88,10.29,8.23,9.29,9.71,9.25,9.5,9.96,8.64,9.24,9.35
316.92,22,8.36,8.72,9.43,8.96,8.84,10.29,8.199999999999998,9.29,9.71,9.21,9.47,9.97,8.63,9.23,9.35
317.93,22,8.34,8.73,9.44,8.949999999999998,8.83,10.29,8.19,9.27,9.7,9.2,9.45,9.96,8.63,9.23,9.36
318.93,22,8.33,8.699999999999998,9.41,8.91,8.8,10.28,8.17,9.24,9.69,9.19,9.44,9.94,8.63,9.21,9.36
319.93,22,8.32,8.67,9.41,8.91,8.77,10.29,8.19,9.23,9.67,9.19,9.43,9.92,8.63,9.21,9.37
320.93,22,8.279999999999998,8.64,9.4,8.88,8.73,10.28,8.17,9.21,9.67,9.16,9.41,9.93,8.63,9.21,9.37
321.93,22,8.34,8.67,9.39,8.88,8.73,10.25,8.11,9.2,9.64,9.11,9.4,9.92,8.6,9.21,9.36
322.93,22,8.42,8.72,9.4,8.92,8.76,10.26,8.02,9.2,9.66,9.16,9.37,9.92,8.64,9.19,9.33
323.93,22,8.47,8.75,9.4,8.96,8.81,10.28,8.01,9.24,9.69,9.23,9.36,9.94,8.68,9.19,9.35
324.95,22,8.449999999999998,8.76,9.41,8.97,8.83,10.28,8.06,9.25,9.7,9.25,9.36,9.94,8.68,9.16,9.33
325.95,22,8.42,8.73,9.4,8.96,8.84,10.26,8.1,9.25,9.69,9.23,9.36,9.94,8.66,9.17,9.31
326.95,22,8.37,8.71,9.39,8.92,8.83,10.28,8.11,9.24,9.69,9.23,9.36,9.93,8.63,9.15,9.29
327.95,22,8.32,8.68,9.37,8.89,8.79,10.23,8.11,9.2,9.67,9.16,9.35,9.94,8.56,9.13,9.28
328.95,22,8.26,8.66,9.37,8.87,8.79,10.23,8.11,9.2,9.67,9.13,9.35,9.93,8.52,9.13,9.27
329.95,22,8.199999999999998,8.62,9.35,8.84,8.75,10.23,8.06,9.17,9.64,9.09,9.33,9.9,8.49,9.13,9.27
330.97,22,8.16,8.59,9.36,8.8,8.71,10.21,8.05,9.15,9.63,9.04,9.32,9.9,8.43,9.11,9.25
331.97,22,8.15,8.56,9.35,8.77,8.699999999999998,10.21,7.99,9.15,9.63,9.01,9.31,9.89,8.43,9.11,9.27
332.97,22,8.12,8.54,9.35,8.75,8.63,10.18,7.96,9.11,9.6,8.99,9.27,9.88,8.41,9.11,9.28
333.97,22,8.12,8.52,9.33,8.72,8.59,10.19,7.94,9.09,9.58,9,9.25,9.86,8.42,9.08,9.28
334.98,22,8.1,8.49,9.33,8.71,8.58,10.17,7.96,9.05,9.59,8.99,9.23,9.84,8.43,9.08,9.28
335.98,22,8.06,8.449999999999998,9.31,8.699999999999998,8.55,10.17,7.94,9.07,9.58,8.949999999999998,9.23,9.85,8.42,9.09,9.29
336.98,22,8.16,8.52,9.31,8.71,8.54,10.15,7.85,9.03,9.56,8.89,9.21,9.81,8.38,9.07,9.27
337.98,22,8.26,8.58,9.33,8.76,8.62,10.18,7.78,9.05,9.6,9.01,9.2,9.82,8.49,9.07,9.28
339,22,8.279999999999998,8.6,9.32,8.79,8.64,10.19,7.78,9.07,9.62,9.04,9.19,9.85,8.51,9.05,9.27
340,22,8.26,8.6,9.33,8.81,8.68,10.21,7.85,9.12,9.63,9.05,9.19,9.88,8.5,9.07,9.25
341.02,22,8.23,8.58,9.33,8.79,8.66,10.19,7.89,9.09,9.62,9.05,9.17,9.86,8.46,9.03,9.23
342.02,22,8.17,8.56,9.32,8.75,8.64,10.19,7.93,9.09,9.62,9.03,9.19,9.88,8.42,9.04,9.23
343.02,22,8.11,8.54,9.32,8.73,8.62,10.18,7.9,9.07,9.6,8.97,9.19,9.85,8.38,9.03,9.21
344.02,22,8.06,8.49,9.31,8.68,8.59,10.15,7.89,9.04,9.59,8.92,9.19,9.86,8.33,9.01,9.2
345.02,22,7.99,8.449999999999998,9.27,8.64,8.55,10.14,7.85,9,9.55,8.88,9.16,9.84,8.26,9,9.19
346.02,22,7.94,8.39,9.25,8.59,8.49,10.11,7.8,8.99,9.54,8.83,9.11,9.78,8.23,8.97,9.17
347.03,22,7.94,8.37,9.25,8.59,8.47,10.11,7.76,8.97,9.51,8.8,9.11,9.79,8.23,8.99,9.2
348.03,22,7.93,8.34,9.24,8.54,8.43,10.11,7.74,8.93,9.51,8.77,9.08,9.75,8.199999999999998,8.96,9.19
349.03,22,7.93,8.34,9.27,8.55,8.39,10.12,7.75,8.93,9.5,8.8,9.08,9.75,8.23,8.97,9.21
350.03,22,7.87,8.29,9.24,8.5,8.36,10.08,7.73,8.89,9.48,8.77,9.05,9.74,8.21,8.96,9.2
351.03,22,7.89,8.29,9.23,8.5,8.34,10.08,7.7,8.88,9.48,8.72,9.04,9.74,8.17,8.97,9.2
352.03,22,8.02,8.38,9.24,8.55,8.38,10.1,7.6,8.88,9.5,8.71,9.03,9.73,8.21,8.93,9.16
353.03,22,8.08,8.43,9.24,8.62,8.46,10.1,7.54,8.92,9.52,8.79,9,9.74,8.279999999999998,8.949999999999998,9.19
354.03,22,8.1,8.449999999999998,9.25,8.63,8.5,10.14,7.55,8.949999999999998,9.54,8.84,9.01,9.78,8.32,8.93,9.17
355.05,22,8.06,8.42,9.25,8.6,8.49,10.12,7.61,8.949999999999998,9.52,8.85,8.99,9.78,8.29,8.92,9.15
356.05,22,7.99,8.41,9.25,8.59,8.47,10.1,7.65,8.949999999999998,9.54,8.83,9,9.79,8.25,8.91,9.13
357.05,22,7.93,8.36,9.23,8.55,8.449999999999998,10.11,7.68,8.93,9.51,8.79,9,9.78,8.199999999999998,8.89,9.13
358.05,22,7.87,8.32,9.21,8.51,8.41,10.07,7.65,8.88,9.5,8.73,8.99,9.75,8.14,8.88,9.09
359.05,22,7.8,8.26,9.21,8.47,8.38,10.07,7.61,8.87,9.47,8.68,8.97,9.73,8.08,8.88,9.11
360.07,22,7.75,8.23,9.19,8.42,8.32,10.04,7.59,8.83,9.44,8.63,8.96,9.73,8.029999999999998,8.85,9.09
361.07,22,7.73,8.21,9.19,8.39,8.3,10.03,7.55,8.81,9.44,8.59,8.949999999999998,9.71,8.01,8.85,9.09
362.07,22,7.73,8.17,9.2,8.37,8.26,10.01,7.52,8.79,9.4,8.58,8.93,9.7,8.02,8.85,9.11
363.07,22,7.7,8.15,9.17,8.33,8.21,10.01,7.5,8.75,9.39,8.56,8.89,9.67,7.99,8.83,9.11
364.07,22,7.65,8.1,9.13,8.279999999999998,8.16,9.99,7.49,8.71,9.37,8.54,8.88,9.64,7.98,8.84,9.11
365.07,22,7.69,8.1,9.13,8.26,8.12,9.99,7.45,8.699999999999998,9.36,8.49,8.85,9.63,7.94,8.83,9.09
366.07,22,7.83,8.199999999999998,9.16,8.29,8.15,9.96,7.36,8.68,9.39,8.55,8.83,9.62,8.02,8.81,9.08
367.07,22,7.9,8.26,9.19,8.38,8.24,10,7.31,8.73,9.41,8.63,8.81,9.64,8.11,8.81,9.08
368.08,22,7.89,8.26,9.16,8.41,8.279999999999998,10.01,7.38,8.75,9.44,8.67,8.81,9.69,8.12,8.8,9.08
369.08,22,7.87,8.26,9.16,8.42,8.3,10.03,7.47,8.76,9.43,8.67,8.8,9.7,8.1,8.8,9.08
370.08,22,7.8,8.23,9.13,8.39,8.29,10.01,7.5,8.76,9.43,8.63,8.8,9.69,8.05,8.76,9.05
371.08,22,7.73,8.17,9.15,8.36,8.25,10,7.5,8.73,9.4,8.58,8.79,9.69,7.99,8.75,9.03
372.08,22,7.65,8.12,9.15,8.33,8.21,9.97,7.49,8.72,9.4,8.52,8.81,9.69,7.93,8.75,9.03
373.08,22,7.59,8.11,9.12,8.279999999999998,8.19,9.97,7.44,8.68,9.36,8.47,8.79,9.67,7.87,8.73,9
374.1,22,7.52,8.029999999999998,9.11,8.21,8.14,9.94,7.4,8.64,9.35,8.42,8.79,9.64,7.81,8.73,8.99
375.1,22,7.5,8.01,9.09,8.17,8.08,9.93,7.32,8.62,9.33,8.36,8.75,9.6,7.79,8.71,8.99
376.1,22,7.47,7.97,9.08,8.15,8.05,9.92,7.28,8.58,9.29,8.33,8.699999999999998,9.58,7.78,8.699999999999998,8.97
377.1,22,7.46,7.94,9.07,8.11,7.99,9.89,7.27,8.54,9.28,8.3,8.67,9.58,7.78,8.699999999999998,9
378.1,22,7.45,7.9,9.05,8.07,7.96,9.89,7.26,8.51,9.25,8.3,8.66,9.55,7.78,8.699999999999998,9
379.1,22,7.37,7.85,9.05,8.05,7.89,9.86,7.23,8.49,9.25,8.24,8.63,9.54,7.74,8.67,9
380.1,22,7.51,7.94,9.07,8.029999999999998,7.9,9.84,7.16,8.46,9.25,8.199999999999998,8.62,9.52,7.74,8.68,8.99
381.12,22,7.62,8.029999999999998,9.09,8.11,7.98,9.88,7.06,8.49,9.31,8.33,8.59,9.52,7.85,8.68,8.97
382.12,22,7.65,8.06,9.08,8.19,8.06,9.9,7.07,8.54,9.32,8.39,8.59,9.56,7.89,8.66,8.97
383.12,22,7.64,8.07,9.08,8.21,8.08,9.92,7.16,8.56,9.33,8.42,8.58,9.58,7.88,8.66,8.97
384.12,22,7.59,8.05,9.07,8.19,8.07,9.92,7.21,8.55,9.33,8.41,8.56,9.59,7.87,8.64,8.949999999999998
385.12,22,7.52,7.99,9.04,8.15,8.029999999999998,9.9,7.25,8.55,9.32,8.37,8.55,9.58,7.8,8.62,8.93
386.13,22,7.45,7.94,9.05,8.12,8.05,9.9,7.23,8.52,9.31,8.32,8.56,9.59,7.75,8.6,8.91
387.13,22,7.37,7.9,9.03,8.08,7.99,9.89,7.22,8.5,9.27,8.26,8.56,9.58,7.69,8.6,8.91
388.13,22,7.31,7.85,9.03,8.02,7.94,9.85,7.17,8.47,9.25,8.199999999999998,8.55,9.55,7.64,8.58,8.89
389.13,22,7.23,7.8,9,7.96,7.89,9.84,7.11,8.43,9.23,8.14,8.51,9.51,7.56,8.56,8.88
390.15,22,7.2,7.76,9,7.93,7.83,9.79,7.05,8.37,9.2,8.08,8.47,9.48,7.54,8.56,8.85
391.15,22,7.21,7.75,9,7.89,7.8,9.81,7.02,8.36,9.19,8.07,8.46,9.48,7.54,8.56,8.88
392.15,22,7.18,7.7,8.97,7.85,7.74,9.77,6.99,8.3,9.15,8.05,8.42,9.43,7.52,8.52,8.87
393.15,22,7.13,7.65,8.949999999999998,7.83,7.69,9.75,6.99,8.279999999999998,9.13,8.029999999999998,8.39,9.43,7.51,8.52,8.88
394.15,22,7.11,7.61,8.93,7.78,7.65,9.73,6.96,8.23,9.11,7.98,8.37,9.39,7.47,8.51,8.87
395.17,22,7.28,7.74,8.96,7.79,7.64,9.71,6.89,8.23,9.12,7.96,8.36,9.37,7.5,8.52,8.85
396.17,22,7.4,7.81,8.97,7.87,7.74,9.74,6.79,8.24,9.17,8.08,8.33,9.39,7.62,8.5,8.87
397.17,22,7.42,7.85,9,7.96,7.84,9.79,6.86,8.32,9.21,8.17,8.34,9.45,7.68,8.52,8.89
398.17,22,7.38,7.84,8.99,7.96,7.85,9.82,6.95,8.33,9.23,8.17,8.3,9.45,7.64,8.49,8.87
399.17,22,7.33,7.8,8.96,7.96,7.84,9.82,7.01,8.34,9.23,8.15,8.32,9.45,7.61,8.47,8.84
400.17,22,7.26,7.76,8.96,7.93,7.83,9.79,7.04,8.33,9.21,8.14,8.33,9.48,7.56,8.46,8.83
401.17,22,7.17,7.71,8.949999999999998,7.88,7.79,9.79,6.99,8.3,9.17,8.06,8.32,9.47,7.49,8.449999999999998,8.8
402.18,22,7.1,7.66,8.92,7.83,7.73,9.75,6.95,8.26,9.16,7.98,8.32,9.44,7.41,8.449999999999998,8.79
403.18,22,7.02,7.6,8.92,7.76,7.68,9.73,6.9,8.21,9.13,7.93,8.3,9.41,7.33,8.43,8.76
404.18,22,6.96,7.56,8.89,7.71,7.64,9.73,6.83,8.17,9.11,7.87,8.26,9.39,7.3,8.41,8.76
405.18,22,6.95,7.52,8.89,7.66,7.59,9.69,6.78,8.15,9.07,7.81,8.24,9.36,7.28,8.39,8.76
406.18,22,6.92,7.47,8.87,7.61,7.52,9.66,6.75,8.1,9.04,7.8,8.19,9.33,7.27,8.37,8.75
407.18,22,6.92,7.44,8.88,7.6,7.46,9.64,6.73,8.05,9.04,7.79,8.17,9.32,7.27,8.38,8.76
408.18,22,6.85,7.38,8.85,7.54,7.4,9.63,6.7,7.99,9,7.75,8.15,9.29,7.23,8.36,8.77
409.18,22,6.95,7.45,8.85,7.51,7.37,9.59,6.63,7.97,8.99,7.69,8.12,9.27,7.22,8.36,8.76
410.18,22,7.12,7.57,8.89,7.6,7.45,9.62,6.53,7.97,9.05,7.8,8.11,9.27,7.36,8.37,8.76
411.2,22,7.16,7.61,8.88,7.68,7.55,9.66,6.52,8.01,9.07,7.89,8.06,9.29,7.44,8.33,8.75
412.2,22,7.16,7.64,8.88,7.71,7.6,9.7,6.63,8.06,9.11,7.92,8.07,9.35,7.41,8.33,8.75
413.2,22,7.08,7.59,8.87,7.7,7.59,9.69,6.69,8.08,9.11,7.92,8.05,9.36,7.37,8.32,8.72
414.2,22,7.02,7.55,8.87,7.69,7.6,9.69,6.74,8.07,9.09,7.89,8.07,9.37,7.32,8.3,8.72
415.2,22,6.92,7.49,8.85,7.64,7.55,9.64,6.7,8.06,9.07,7.81,8.07,9.35,7.23,8.279999999999998,8.699999999999998
416.2,22,6.85,7.44,8.83,7.59,7.5,9.64,6.68,8.02,9.05,7.75,8.07,9.33,7.17,8.25,8.68
417.2,22,6.76,7.37,8.81,7.52,7.46,9.64,6.63,7.99,9.03,7.69,8.05,9.31,7.1,8.25,8.67
418.2,22,6.7,7.31,8.79,7.47,7.38,9.59,6.54,7.93,8.96,7.61,8.01,9.28,7.04,8.24,8.64
419.2,22,6.67,7.27,8.76,7.41,7.33,9.56,6.51,7.88,8.949999999999998,7.54,7.98,9.23,7.01,8.23,8.63
420.22,22,6.64,7.21,8.76,7.37,7.26,9.52,6.43,7.83,8.91,7.5,7.93,9.21,7,8.19,8.62
421.22,22,6.63,7.2,8.75,7.32,7.2,9.51,6.42,7.79,8.91,7.5,7.89,9.19,7,8.199999999999998,8.63
422.22,22,6.57,7.12,8.72,7.26,7.13,9.5,6.42,7.73,8.87,7.46,7.87,9.16,6.97,8.16,8.63
423.23,22,6.59,7.11,8.72,7.25,7.08,9.47,6.36,7.69,8.83,7.38,7.84,9.12,6.89,8.15,8.62
424.23,22,6.8,7.28,8.76,7.28,7.15,9.45,6.25,7.68,8.89,7.44,7.81,9.11,7.01,8.16,8.6
425.23,22,6.89,7.36,8.79,7.4,7.27,9.54,6.18,7.71,8.96,7.59,7.8,9.16,7.12,8.17,8.62
426.23,22,6.89,7.4,8.76,7.44,7.35,9.58,6.28,7.78,8.97,7.62,7.78,9.19,7.15,8.15,8.63
427.23,22,6.84,7.36,8.75,7.45,7.36,9.58,6.36,7.8,8.97,7.65,7.74,9.23,7.1,8.14,8.62
428.25,22,6.76,7.33,8.76,7.44,7.32,9.58,6.42,7.8,8.97,7.62,7.76,9.24,7.06,8.12,8.6
429.25,22,6.68,7.26,8.73,7.37,7.31,9.56,6.42,7.79,8.949999999999998,7.55,7.75,9.23,6.99,8.08,8.56
430.25,22,6.58,7.2,8.72,7.3,7.26,9.52,6.37,7.75,8.92,7.49,7.78,9.21,6.9,8.07,8.55
431.25,22,6.48,7.12,8.68,7.26,7.2,9.51,6.34,7.71,8.88,7.41,7.75,9.19,6.81,8.06,8.51
432.25,22,6.4,7.06,8.68,7.2,7.15,9.5,6.29,7.68,8.87,7.32,7.73,9.16,6.75,8.05,8.5
433.25,22,6.35,7,8.66,7.13,7.08,9.44,6.2,7.6,8.83,7.23,7.69,9.12,6.69,8.02,8.47
434.25,22,6.32,6.97,8.64,7.08,7,9.43,6.16,7.56,8.79,7.2,7.65,9.09,6.68,7.99,8.47
435.25,22,6.31,6.92,8.64,7.04,6.94,9.39,6.12,7.51,8.75,7.16,7.61,9.05,6.67,7.98,8.46
436.27,22,6.28,6.87,8.6,7,6.86,9.37,6.1,7.45,8.73,7.16,7.57,9.01,6.65,7.97,8.49
437.27,22,6.22,6.83,8.59,6.96,6.81,9.33,6.08,7.4,8.71,7.11,7.52,8.99,6.62,7.94,8.49
438.27,22,6.29,6.85,8.6,6.91,6.76,9.31,6.02,7.35,8.68,7.04,7.51,8.97,6.57,7.94,8.47
439.27,22,6.51,7.04,8.64,6.96,6.83,9.33,5.89,7.35,8.76,7.1,7.47,8.96,6.71,7.96,8.47
440.27,22,6.58,7.11,8.66,7.06,6.97,9.4,5.88,7.4,8.84,7.26,7.46,9.04,6.84,7.97,8.5
441.27,22,6.57,7.11,8.66,7.13,7.04,9.44,5.98,7.44,8.84,7.31,7.42,9.07,6.83,7.93,8.49
442.28,22,6.51,7.07,8.63,7.12,7.05,9.43,6.07,7.46,8.85,7.31,7.41,9.09,6.79,7.92,8.47
443.28,22,6.42,7.01,8.6,7.1,7.04,9.43,6.11,7.49,8.83,7.27,7.41,9.09,6.73,7.88,8.449999999999998
444.3,22,6.34,6.96,8.62,7.07,7,9.43,6.11,7.47,8.81,7.23,7.42,9.08,6.65,7.87,8.46
445.3,22,6.23,6.89,8.58,7,6.94,9.39,6.06,7.42,8.77,7.13,7.42,9.05,6.57,7.83,8.41
446.3,22,6.13,6.8,8.56,6.92,6.86,9.36,6,7.38,8.72,7.05,7.41,9.03,6.47,7.8,8.38
447.3,22,6.05,6.71,8.52,6.86,6.8,9.32,5.93,7.32,8.68,6.95,7.38,8.99,6.4,7.79,8.36
448.3,22,6.01,6.69,8.51,6.81,6.73,9.28,5.87,7.27,8.66,6.87,7.36,8.949999999999998,6.36,7.78,8.36
449.3,22,6,6.64,8.51,6.75,6.65,9.28,5.8,7.22,8.62,6.81,7.32,8.93,6.36,7.75,8.33
450.3,22,5.98,6.6,8.51,6.7,6.59,9.23,5.79,7.17,8.6,6.8,7.3,8.88,6.35,7.75,8.34
451.3,22,5.93,6.54,8.5,6.65,6.52,9.21,5.77,7.12,8.58,6.78,7.26,8.88,6.32,7.73,8.34
452.3,22,5.89,6.48,8.46,6.62,6.46,9.17,5.74,7.07,8.54,6.7,7.21,8.83,6.25,7.7,8.33
453.32,22,6.17,6.71,8.51,6.67,6.51,9.19,5.61,7.04,8.58,6.68,7.17,8.8,6.34,7.73,8.32
454.32,22,6.3,6.85,8.54,6.8,6.67,9.27,5.54,7.07,8.67,6.87,7.15,8.89,6.52,7.74,8.37
455.32,22,6.32,6.86,8.56,6.86,6.76,9.31,5.62,7.13,8.71,6.97,7.12,8.949999999999998,6.57,7.74,8.37
456.32,22,6.29,6.85,8.54,6.87,6.79,9.35,5.75,7.2,8.72,7.02,7.11,8.99,6.56,7.71,8.36
457.32,22,6.18,6.8,8.51,6.86,6.78,9.32,5.83,7.21,8.71,6.97,7.07,8.97,6.47,7.68,8.32
458.32,22,6.1,6.74,8.49,6.8,6.74,9.31,5.82,7.18,8.67,6.92,7.07,8.96,6.41,7.64,8.3
459.32,22,5.96,6.64,8.46,6.73,6.67,9.27,5.79,7.13,8.63,6.84,7.06,8.949999999999998,6.31,7.6,8.25
460.32,22,5.87,6.58,8.449999999999998,6.65,6.6,9.24,5.75,7.11,8.6,6.76,7.06,8.91,6.23,7.57,8.23
461.32,22,5.75,6.49,8.41,6.58,6.53,9.2,5.68,7.05,8.56,6.65,7.05,8.87,6.13,7.56,8.199999999999998
462.33,22,5.67,6.41,8.39,6.49,6.45,9.17,5.61,7,8.52,6.57,7.05,8.83,6.04,7.55,8.17
463.33,22,5.6,6.35,8.36,6.42,6.36,9.12,5.51,6.92,8.47,6.47,6.99,8.79,5.99,7.51,8.14
464.33,22,5.56,6.3,8.37,6.36,6.28,9.11,5.46,6.86,8.449999999999998,6.39,6.94,8.73,5.95,7.51,8.12
465.33,22,5.55,6.25,8.33,6.3,6.2,9.07,5.38,6.8,8.39,6.35,6.89,8.699999999999998,5.94,7.5,8.1
466.33,22,5.53,6.22,8.32,6.26,6.12,9.03,5.37,6.74,8.38,6.31,6.85,8.68,5.93,7.49,8.12
467.33,22,5.47,6.13,8.32,6.23,6.06,9,5.35,6.68,8.36,6.29,6.8,8.64,5.88,7.49,8.12
468.33,22,5.54,6.14,8.3,6.19,5.99,8.97,5.29,6.63,8.33,6.2,6.76,8.62,5.8,7.49,8.12
469.35,22,5.8,6.37,8.36,6.25,6.1,9.01,5.18,6.6,8.39,6.23,6.74,8.62,5.98,7.52,8.12
470.35,22,5.88,6.46,8.37,6.36,6.25,9.08,5.09,6.64,8.46,6.4,6.68,8.67,6.12,7.5,8.15
471.37,22,5.89,6.48,8.37,6.43,6.34,9.15,5.22,6.73,8.51,6.49,6.68,8.73,6.14,7.49,8.16
472.37,22,5.82,6.45,8.36,6.43,6.37,9.15,5.33,6.76,8.5,6.51,6.64,8.73,6.1,7.45,8.15
473.37,22,5.73,6.37,8.33,6.42,6.35,9.15,5.37,6.79,8.49,6.48,6.63,8.75,6.04,7.42,8.14
474.37,22,5.62,6.3,8.32,6.37,6.3,9.12,5.4,6.78,8.47,6.42,6.62,8.73,5.95,7.38,8.1
475.37,22,5.49,6.22,8.29,6.3,6.22,9.11,5.35,6.75,8.42,6.35,6.64,8.72,5.83,7.35,8.07
476.37,22,5.37,6.12,8.25,6.22,6.16,9.03,5.28,6.69,8.38,6.25,6.64,8.66,5.73,7.31,8.029999999999998
477.37,22,5.29,6.06,8.25,6.14,6.08,9.01,5.22,6.65,8.34,6.18,6.63,8.64,5.64,7.28,8.02
478.37,22,5.23,5.96,8.21,6.07,6,8.96,5.14,6.6,8.29,6.08,6.59,8.59,5.58,7.25,7.98
479.37,22,5.22,5.94,8.199999999999998,6.01,5.9,8.93,5.08,6.54,8.279999999999998,6.04,6.56,8.56,5.58,7.23,7.98
480.38,22,5.2,5.88,8.19,5.96,5.83,8.89,5.01,6.46,8.23,5.98,6.47,8.51,5.56,7.2,7.98
481.38,22,5.15,5.83,8.19,5.93,5.75,8.87,5,6.4,8.199999999999998,5.98,6.43,8.5,5.54,7.17,7.97
482.38,22,5.09,5.76,8.15,5.86,5.68,8.83,4.98,6.32,8.17,5.9,6.37,8.46,5.44,7.16,7.97
483.38,22,5.4,6.01,8.199999999999998,5.87,5.71,8.84,4.84,6.3,8.21,5.88,6.32,8.449999999999998,5.55,7.17,7.97
484.38,22,5.57,6.17,8.24,6,5.9,8.949999999999998,4.76,6.32,8.3,6.1,6.26,8.52,5.77,7.2,8.02
485.38,22,5.6,6.22,8.23,6.1,6.01,8.97,4.91,6.4,8.34,6.2,6.2,8.58,5.85,7.18,8.02
486.38,22,5.55,6.19,8.24,6.14,6.07,9.01,5.06,6.47,8.37,6.25,6.18,8.63,5.83,7.16,8.02
487.38,22,5.47,6.14,8.21,6.12,6.05,9.01,5.12,6.47,8.34,6.23,6.14,8.64,5.77,7.15,7.99
488.4,22,5.35,6.06,8.199999999999998,6.05,6,8.99,5.12,6.46,8.32,6.16,6.12,8.63,5.67,7.08,7.97
489.4,22,5.22,5.98,8.17,6,5.94,8.949999999999998,5.07,6.41,8.279999999999998,6.07,6.12,8.6,5.58,7.06,7.94
490.4,22,5.09,5.87,8.14,5.92,5.87,8.92,5.01,6.36,8.24,5.96,6.13,8.58,5.5,7.02,7.89
491.4,22,4.97,5.76,8.11,5.82,5.76,8.88,4.92,6.3,8.16,5.87,6.13,8.52,5.38,6.96,7.85
492.4,22,4.86,5.67,8.08,5.73,5.69,8.83,4.84,6.23,8.12,5.76,6.13,8.47,5.28,6.95,7.81
493.4,22,4.78,5.61,8.06,5.66,5.57,8.77,4.74,6.16,8.06,5.66,6.11,8.41,5.22,6.9,7.79
494.4,22,4.75,5.54,8.02,5.58,5.47,8.75,4.66,6.07,8.029999999999998,5.6,6.07,8.36,5.19,6.86,7.76
495.4,22,4.75,5.5,8.029999999999998,5.53,5.4,8.72,4.61,6,8.01,5.56,6.04,8.34,5.19,6.84,7.75
496.4,22,4.71,5.43,8.01,5.48,5.3,8.66,4.58,5.9,7.94,5.53,5.98,8.3,5.14,6.8,7.74
497.4,22,4.63,5.36,7.99,5.44,5.22,8.63,4.57,5.86,7.93,5.5,5.93,8.279999999999998,5.09,6.8,7.75
498.42,22,4.79,5.44,8.01,5.4,5.16,8.59,4.45,5.77,7.88,5.37,5.87,8.21,5,6.79,7.74
499.42,22,5.08,5.73,8.07,5.5,5.31,8.66,4.31,5.76,7.98,5.49,5.82,8.25,5.26,6.85,7.78
500.42,22,5.16,5.8,8.07,5.63,5.5,8.73,4.28,5.82,8.05,5.68,5.75,8.36,5.41,6.86,7.8
501.42,22,5.15,5.81,8.07,5.69,5.6,8.79,4.45,5.92,8.1,5.76,5.73,8.41,5.43,6.87,7.83
502.43,22,5.07,5.77,8.06,5.71,5.62,8.83,4.58,5.98,8.1,5.79,5.68,8.42,5.4,6.85,7.8
503.43,22,4.94,5.68,8.02,5.67,5.57,8.81,4.62,5.98,8.06,5.74,5.64,8.42,5.3,6.8,7.76
504.43,22,4.82,5.58,7.98,5.6,5.51,8.76,4.63,5.95,8.029999999999998,5.64,5.64,8.39,5.2,6.76,7.74
505.43,22,4.68,5.49,7.98,5.51,5.43,8.73,4.58,5.92,7.99,5.57,5.67,8.36,5.09,6.71,7.71
506.43,22,4.54,5.37,7.93,5.41,5.34,8.699999999999998,4.52,5.85,7.93,5.46,5.69,8.32,4.97,6.65,7.66
507.43,22,4.44,5.28,7.9,5.31,5.24,8.63,4.43,5.76,7.89,5.35,5.68,8.26,4.89,6.62,7.62
508.43,22,4.36,5.19,7.88,5.26,5.14,8.59,4.35,5.7,7.84,5.23,5.67,8.21,4.79,6.58,7.59
509.43,22,4.33,5.14,7.87,5.16,5.04,8.54,4.26,5.62,7.78,5.16,5.62,8.17,4.75,6.53,7.57
510.45,22,4.32,5.09,7.87,5.13,4.97,8.51,4.2,5.56,7.75,5.13,5.58,8.12,4.73,6.53,7.57
511.45,22,4.27,5.01,7.81,5.06,4.83,8.46,4.16,5.46,7.69,5.08,5.51,8.07,4.69,6.47,7.54
512.45,22,4.19,4.92,7.81,5,4.75,8.43,4.15,5.37,7.69,5.05,5.48,8.06,4.63,6.45,7.56
513.45,22,4.34,5.02,7.81,4.93,4.68,8.38,4.05,5.3,7.64,4.92,5.42,8.01,4.58,6.42,7.54
514.45,22,4.65,5.3,7.88,4.99,4.79,8.46,3.88,5.26,7.74,5.07,5.35,8.05,4.87,6.48,7.59
515.45,22,4.76,5.43,7.92,5.16,5.02,8.56,3.98,5.33,7.84,5.3,5.3,8.17,5.05,6.56,7.64
516.45,22,4.74,5.42,7.88,5.24,5.14,8.59,4.15,5.41,7.87,5.38,5.24,8.21,5.04,6.56,7.64
517.45,22,4.67,5.37,7.87,5.26,5.16,8.6,4.26,5.49,7.87,5.38,5.21,8.24,5,6.53,7.61
518.47,22,4.54,5.28,7.85,5.23,5.14,8.62,4.29,5.5,7.85,5.34,5.21,8.24,4.91,6.48,7.59
519.47,22,4.41,5.2,7.83,5.15,5.08,8.58,4.28,5.48,7.8,5.26,5.23,8.199999999999998,4.82,6.43,7.56
520.47,22,4.25,5.06,7.79,5.08,5,8.55,4.19,5.43,7.75,5.14,5.24,8.17,4.69,6.37,7.51
521.47,22,4.09,4.94,7.74,4.98,4.89,8.5,4.1,5.36,7.7,5,5.22,8.11,4.58,6.3,7.45
522.47,22,3.99,4.84,7.73,4.9,4.78,8.43,4.03,5.29,7.64,4.9,5.22,8.07,4.48,6.26,7.42
523.47,22,3.88,4.74,7.68,4.79,4.68,8.37,3.91,5.2,7.57,4.78,5.16,8.02,4.36,6.2,7.38
524.47,22,3.84,4.66,7.66,4.73,4.58,8.34,3.84,5.12,7.52,4.69,5.13,7.96,4.31,6.17,7.33
525.48,22,3.83,4.62,7.65,4.66,4.45,8.279999999999998,3.76,5.02,7.49,4.65,5.07,7.9,4.28,6.14,7.33
526.48,22,3.78,4.54,7.64,4.6,4.35,8.23,3.72,4.94,7.44,4.62,5.02,7.85,4.24,6.08,7.32
527.48,22,3.72,4.44,7.6,4.55,4.25,8.19,3.69,4.84,7.41,4.58,4.97,7.83,4.18,6.05,7.32
528.48,22,3.76,4.44,7.59,4.49,4.16,8.16,3.64,4.77,7.37,4.45,4.91,7.79,4.07,6.02,7.32
529.48,22,4.12,4.77,7.66,4.52,4.23,8.16,3.45,4.7,7.41,4.52,4.85,7.79,4.35,6.08,7.33
530.48,22,4.26,4.93,7.71,4.67,4.45,8.279999999999998,3.5,4.7,7.52,4.75,4.81,7.88,4.54,6.16,7.4
531.48,22,4.28,4.97,7.7,4.77,4.63,8.36,3.68,4.78,7.57,4.9,4.74,7.98,4.62,6.18,7.41
532.5,22,4.2,4.93,7.69,4.82,4.68,8.38,3.82,4.87,7.57,4.92,4.69,7.98,4.58,6.17,7.4
533.5,22,4.1,4.86,7.65,4.79,4.68,8.39,3.89,4.92,7.6,4.9,4.67,8.01,4.51,6.12,7.38
534.5,22,3.95,4.75,7.62,4.74,4.61,8.36,3.88,4.93,7.55,4.82,4.63,7.98,4.4,6.06,7.35
535.5,22,3.8,4.63,7.6,4.66,4.53,8.34,3.83,4.92,7.51,4.7,4.66,7.96,4.29,6,7.31
536.5,22,3.65,4.51,7.55,4.57,4.43,8.279999999999998,3.74,4.86,7.46,4.58,4.65,7.92,4.17,5.93,7.26
537.5,22,3.5,4.39,7.52,4.45,4.32,8.23,3.64,4.79,7.38,4.45,4.61,7.85,4.04,5.88,7.21
538.52,22,3.37,4.24,7.49,4.35,4.18,8.15,3.53,4.7,7.31,4.32,4.57,7.78,3.91,5.8,7.15
539.52,22,3.31,4.17,7.46,4.28,4.06,8.1,3.42,4.61,7.26,4.24,4.53,7.73,3.84,5.76,7.12
540.52,22,3.28,4.13,7.44,4.2,3.95,8.05,3.32,4.52,7.18,4.17,4.49,7.68,3.78,5.71,7.11
541.52,22,3.27,4.06,7.42,4.16,3.84,7.99,3.27,4.43,7.17,4.14,4.45,7.64,3.76,5.67,7.1
542.52,22,3.2,3.96,7.38,4.12,3.74,7.94,3.25,4.33,7.13,4.1,4.41,7.59,3.7,5.62,7.1
543.52,22,3.21,3.95,7.38,4.04,3.64,7.9,3.16,4.24,7.07,3.96,4.35,7.52,3.59,5.57,7.07
544.52,22,3.61,4.31,7.46,4.07,3.74,7.92,2.97,4.15,7.16,4,4.31,7.54,3.85,5.61,7.11
545.52,22,3.79,4.5,7.5,4.24,3.99,8.05,2.98,4.16,7.28,4.27,4.24,7.65,4.1,5.71,7.18
546.52,22,3.8,4.51,7.49,4.33,4.16,8.14,3.17,4.26,7.33,4.41,4.16,7.73,4.17,5.76,7.2
547.53,22,3.74,4.46,7.49,4.37,4.2,8.16,3.33,4.34,7.36,4.44,4.1,7.78,4.14,5.76,7.18
548.53,22,3.62,4.39,7.45,4.33,4.17,8.14,3.41,4.39,7.33,4.4,4.04,7.79,4.06,5.71,7.13
549.53,22,3.49,4.28,7.42,4.26,4.12,8.14,3.43,4.4,7.31,4.34,4.03,7.76,3.96,5.67,7.12
550.53,22,3.32,4.16,7.38,4.17,4.03,8.11,3.38,4.35,7.26,4.22,4.01,7.73,3.84,5.58,7.06
551.53,22,3.15,4.01,7.33,4.08,3.91,8.05,3.28,4.28,7.2,4.09,4.04,7.69,3.72,5.51,7.02
552.53,22,2.99,3.87,7.31,3.97,3.78,7.97,3.17,4.18,7.12,3.94,4.05,7.62,3.57,5.43,6.96
553.53,22,2.86,3.74,7.26,3.87,3.65,7.9,3.06,4.1,7.05,3.82,4,7.56,3.44,5.37,6.91
554.55,22,2.77,3.64,7.23,3.77,3.52,7.84,2.93,3.99,6.97,3.7,3.94,7.47,3.33,5.3,6.87
555.55,22,2.74,3.58,7.21,3.69,3.4,7.76,2.85,3.9,6.91,3.63,3.89,7.44,3.28,5.24,6.86
556.55,22,2.72,3.52,7.18,3.63,3.27,7.73,2.77,3.8,6.87,3.57,3.85,7.37,3.26,5.2,6.85
557.55,22,2.68,3.43,7.16,3.58,3.15,7.66,2.73,3.68,6.84,3.54,3.78,7.32,3.2,5.14,6.85
558.55,22,2.62,3.32,7.15,3.53,3.04,7.62,2.67,3.58,6.79,3.44,3.73,7.27,3.08,5.08,6.84
559.57,22,3.12,3.77,7.23,3.55,3.12,7.65,2.53,3.5,6.86,3.42,3.64,7.28,3.31,5.11,6.86
560.57,22,3.35,4.01,7.26,3.73,3.43,7.79,2.47,3.44,7.01,3.74,3.52,7.44,3.64,5.19,6.95
561.57,22,3.42,4.09,7.28,3.88,3.64,7.9,2.72,3.52,7.11,3.95,3.43,7.55,3.76,5.29,6.97
562.57,22,3.37,4.07,7.28,3.93,3.7,7.97,2.95,3.63,7.15,4.03,3.35,7.6,3.76,5.33,6.99
563.57,22,3.25,3.98,7.23,3.89,3.67,7.96,3.04,3.7,7.12,3.97,3.27,7.61,3.68,5.29,6.95
564.57,22,3.08,3.85,7.2,3.82,3.59,7.93,3.06,3.72,7.08,3.89,3.2,7.57,3.57,5.21,6.9
565.57,22,2.92,3.73,7.17,3.75,3.49,7.87,3,3.7,7.04,3.78,3.21,7.54,3.43,5.15,6.84
566.58,22,2.74,3.56,7.13,3.62,3.35,7.81,2.91,3.64,6.95,3.64,3.21,7.47,3.29,5.05,6.76
567.58,22,2.56,3.39,7.06,3.49,3.2,7.75,2.78,3.55,6.87,3.5,3.22,7.41,3.13,4.97,6.7
568.58,22,2.4,3.23,7.02,3.38,3.05,7.66,2.66,3.45,6.79,3.35,3.22,7.33,2.99,4.89,6.64
569.58,22,2.3,3.13,7,3.26,2.92,7.6,2.52,3.35,6.73,3.21,3.21,7.27,2.88,4.82,6.59
570.58,22,2.22,3.03,6.95,3.15,2.77,7.5,2.38,3.22,6.62,3.09,3.16,7.17,2.77,4.74,6.54
571.6,22,2.22,2.97,6.94,3.07,2.63,7.45,2.28,3.12,6.58,3.04,3.12,7.1,2.72,4.67,6.53
572.6,22,2.2,2.9,6.92,3.01,2.5,7.41,2.22,3.01,6.56,3,3.06,7.07,2.7,4.61,6.53
573.6,22,2.12,2.77,6.87,2.95,2.39,7.33,2.18,2.89,6.52,2.94,3.02,7.02,2.62,4.55,6.52
574.6,22,2.27,2.87,6.89,2.84,2.29,7.28,2.07,2.75,6.46,2.82,2.94,6.96,2.61,4.49,6.51
575.6,22,2.69,3.29,7,2.89,2.48,7.37,1.98,2.65,6.59,3.05,2.89,7.01,3.04,4.53,6.59
576.6,22,2.85,3.45,7.04,3.06,2.77,7.51,2.21,2.58,6.71,3.33,2.83,7.15,3.23,4.66,6.68
577.6,22,2.83,3.43,7.01,3.17,2.93,7.57,2.45,2.63,6.75,3.44,2.77,7.22,3.27,4.77,6.68
578.62,22,2.71,3.37,6.97,3.2,2.95,7.61,2.58,2.72,6.76,3.44,2.72,7.26,3.2,4.78,6.65
579.62,22,2.56,3.23,6.95,3.17,2.91,7.59,2.59,2.8,6.74,3.37,2.76,7.23,3.08,4.73,6.6
580.62,22,2.38,3.11,6.89,3.09,2.82,7.57,2.54,2.85,6.69,3.26,2.79,7.21,2.97,4.67,6.57
581.62,22,2.19,2.95,6.85,3.01,2.7,7.52,2.47,2.82,6.63,3.11,2.82,7.17,2.82,4.59,6.52
582.62,22,2.03,2.77,6.8,2.9,2.56,7.45,2.34,2.8,6.56,2.97,2.78,7.11,2.68,4.5,6.46
583.63,22,1.89,2.62,6.75,2.8,2.4,7.38,2.21,2.71,6.47,2.8,2.74,7.02,2.53,4.41,6.4
584.63,22,1.8,2.49,6.73,2.71,2.26,7.31,2.09,2.62,6.4,2.68,2.7,6.96,2.41,4.32,6.36
585.63,22,1.76,2.39,6.7,2.65,2.11,7.25,1.97,2.52,6.34,2.59,2.66,6.89,2.34,4.23,6.34
586.63,22,1.73,2.32,6.67,2.57,1.95,7.17,1.87,2.4,6.29,2.54,2.59,6.81,2.31,4.13,6.31
587.63,22,1.67,2.2,6.63,2.53,1.82,7.1,1.81,2.28,6.24,2.49,2.55,6.75,2.26,4.05,6.3
588.65,22,1.73,2.18,6.64,2.47,1.71,7.05,1.73,2.16,6.2,2.4,2.49,6.7,2.18,3.99,6.3
589.65,22,2.25,2.7,6.75,2.54,1.8,7.11,1.55,2.04,6.29,2.49,2.41,6.7,2.53,3.96,6.32
590.65,22,2.48,2.94,6.79,2.73,2.16,7.28,1.68,2.01,6.47,2.84,2.34,6.87,2.84,4.09,6.42
591.65,22,2.5,3.01,6.8,2.86,2.38,7.38,2.01,2.08,6.54,3.03,2.28,7,2.93,4.25,6.47
592.65,22,2.4,2.95,6.78,2.89,2.45,7.44,2.19,2.18,6.56,3.07,2.23,7.05,2.9,4.32,6.45
593.65,22,2.26,2.85,6.73,2.85,2.42,7.41,2.25,2.25,6.53,3.01,2.22,7.05,2.82,4.29,6.41
594.67,22,2.09,2.7,6.68,2.77,2.33,7.38,2.23,2.28,6.48,2.91,2.21,7.01,2.69,4.23,6.36
595.67,22,1.9,2.55,6.64,2.66,2.22,7.32,2.17,2.28,6.42,2.79,2.22,6.96,2.55,4.14,6.3
596.67,22,1.72,2.37,6.6,2.53,2.08,7.26,2.06,2.2,6.32,2.63,2.18,6.89,2.38,4.03,6.22
597.67,22,1.54,2.17,6.56,2.42,1.93,7.17,1.94,2.14,6.25,2.5,2.15,6.84,2.23,3.95,6.16
598.67,22,1.4,2,6.51,2.3,1.79,7.1,1.8,2.04,6.17,2.36,2.1,6.75,2.1,3.85,6.1
599.68,22,1.28,1.84,6.45,2.19,1.63,7.01,1.67,1.91,6.06,2.22,2.06,6.65,2,3.75,6.02
600.68,22,1.25,1.75,6.41,2.12,1.5,6.94,1.56,1.81,5.98,2.15,2.04,6.57,1.93,3.66,5.98
601.68,22,1.24,1.68,6.39,2.05,1.39,6.85,1.44,1.69,5.93,2.12,2.01,6.49,1.9,3.58,5.96
602.68,22,1.26,1.61,6.36,2.02,1.3,6.79,1.37,1.56,5.88,2.12,1.98,6.43,1.91,3.5,5.94
603.68,22,1.23,1.51,6.32,1.98,1.24,6.74,1.35,1.44,5.85,2.12,1.95,6.4,1.9,3.42,5.94
604.68,22,1.23,1.44,6.3,1.94,1.18,6.64,1.27,1.31,5.76,2.04,1.9,6.32,1.84,3.33,5.94
605.7,22,1.7,1.94,6.41,1.94,1.26,6.65,1.16,1.16,5.83,2.09,1.86,6.3,2.11,3.29,5.95
606.7,22,1.93,2.23,6.46,2.1,1.53,6.83,1.25,1.06,6,2.35,1.83,6.45,2.39,3.38,6.06
607.7,22,1.94,2.3,6.46,2.19,1.74,6.96,1.51,1.05,6.1,2.52,1.8,6.57,2.48,3.56,6.12
608.7,22,1.86,2.26,6.45,2.23,1.81,7.01,1.7,1.15,6.14,2.56,1.79,6.63,2.43,3.67,6.11
609.7,22,1.73,2.14,6.41,2.21,1.78,7.02,1.77,1.25,6.13,2.5,1.79,6.67,2.35,3.69,6.08
610.7,22,1.55,1.98,6.36,2.14,1.7,6.99,1.75,1.31,6.08,2.4,1.81,6.63,2.21,3.65,6.02
611.72,22,1.36,1.81,6.3,2.05,1.58,6.95,1.68,1.34,6.01,2.27,1.83,6.59,2.08,3.56,5.95
612.72,22,1.2,1.62,6.25,1.96,1.46,6.9,1.57,1.35,5.93,2.15,1.85,6.52,1.96,3.49,5.89
613.72,22,1.06,1.44,6.2,1.87,1.32,6.8,1.44,1.31,5.83,2.04,1.84,6.45,1.86,3.38,5.82
614.72,22,1,1.3,6.14,1.81,1.23,6.73,1.33,1.27,5.75,1.97,1.82,6.35,1.81,3.29,5.77
615.72,22,0.99,1.19,6.11,1.76,1.15,6.64,1.23,1.21,5.67,1.95,1.81,6.28,1.79,3.19,5.74
616.72,22,1,1.1,6.07,1.74,1.08,6.57,1.14,1.12,5.6,1.94,1.79,6.19,1.8,3.09,5.7
617.72,22,1.01,1.02,6.05,1.73,1.06,6.51,1.11,1.04,5.57,1.94,1.77,6.13,1.81,3.01,5.71
618.73,22,0.98,0.93,6.01,1.74,1.04,6.43,1.11,0.93,5.54,1.94,1.76,6.1,1.8,2.92,5.71
619.73,22,1.04,0.91,5.98,1.71,1.03,6.37,1.08,0.8,5.46,1.88,1.73,6.01,1.75,2.8,5.69
620.73,22,1.54,1.52,6.14,1.76,1.09,6.32,1.02,0.71,5.51,2.02,1.71,6,2.05,2.77,5.71
621.73,22,1.73,1.82,6.19,1.9,1.32,6.52,1.22,0.69,5.7,2.3,1.69,6.17,2.28,2.85,5.83
622.75,22,1.7,1.88,6.2,2,1.48,6.68,1.49,0.74,5.81,2.4,1.69,6.32,2.29,3.06,5.87
623.75,22,1.57,1.81,6.18,2.02,1.5,6.75,1.62,0.83,5.85,2.37,1.7,6.37,2.2,3.22,5.86
624.75,22,1.39,1.66,6.12,1.96,1.44,6.73,1.6,0.89,5.81,2.26,1.68,6.37,2.08,3.21,5.8
625.75,22,1.2,1.48,6.07,1.88,1.34,6.73,1.54,0.93,5.74,2.12,1.69,6.34,1.95,3.17,5.74
626.77,22,1.03,1.3,6.02,1.79,1.25,6.68,1.44,0.93,5.68,2.02,1.71,6.28,1.84,3.08,5.67
627.77,22,0.92,1.11,5.98,1.72,1.18,6.62,1.33,0.91,5.58,1.91,1.72,6.22,1.77,3,5.6
628.77,22,0.84,0.91,5.88,1.66,1.1,6.49,1.2,0.83,5.47,1.87,1.7,6.11,1.72,2.88,5.5
629.77,22,0.81,0.77,5.83,1.6,1.05,6.42,1.1,0.76,5.36,1.85,1.68,6.01,1.7,2.78,5.44
630.77,22,0.82,0.7,5.79,1.59,1.01,6.31,1.02,0.69,5.26,1.83,1.67,5.92,1.7,2.69,5.37
631.77,22,0.84,0.68,5.74,1.58,1.01,6.22,0.98,0.63,5.16,1.84,1.66,5.83,1.71,2.6,5.34
632.77,22,0.86,0.66,5.7,1.58,0.99,6.13,0.97,0.58,5.12,1.84,1.65,5.75,1.73,2.53,5.34
633.78,22,0.86,0.64,5.68,1.57,0.98,6.05,0.99,0.52,5.06,1.86,1.66,5.7,1.72,2.44,5.31
634.78,22,0.83,0.61,5.63,1.59,0.98,6.01,0.99,0.51,5.02,1.85,1.66,5.66,1.71,2.36,5.33
635.78,22,0.96,0.76,5.64,1.59,0.99,5.94,0.97,0.48,4.98,1.82,1.66,5.61,1.7,2.32,5.33
636.78,22,1.35,1.25,5.79,1.65,1.05,6.04,0.96,0.45,5.14,1.93,1.63,5.67,1.94,2.35,5.44
637.78,22,1.44,1.45,5.86,1.74,1.21,6.26,1.1,0.47,5.34,2.11,1.63,5.88,2.06,2.54,5.54
638.8,22,1.37,1.45,5.86,1.79,1.29,6.39,1.3,0.53,5.44,2.15,1.62,6,2.03,2.71,5.55
639.8,22,1.23,1.35,5.83,1.76,1.26,6.43,1.39,0.58,5.47,2.1,1.62,6.07,1.94,2.76,5.51
640.8,22,1.06,1.21,5.77,1.71,1.18,6.42,1.38,0.6,5.42,2,1.63,6.05,1.85,2.73,5.46
641.82,22,0.92,1.04,5.73,1.65,1.1,6.41,1.3,0.62,5.35,1.92,1.65,6.01,1.77,2.66,5.4
642.82,22,0.82,0.86,5.67,1.59,1.04,6.32,1.19,0.62,5.28,1.86,1.65,5.94,1.72,2.55,5.31
643.82,22,0.78,0.74,5.6,1.56,1,6.26,1.1,0.59,5.18,1.83,1.67,5.87,1.7,2.42,5.22
644.82,22,0.75,0.63,5.53,1.55,0.98,6.14,1.01,0.57,5.08,1.81,1.66,5.77,1.67,2.34,5.15
645.82,22,0.73,0.58,5.44,1.51,0.96,6.04,0.95,0.52,4.96,1.8,1.65,5.67,1.66,2.23,5.07
646.82,22,0.74,0.58,5.4,1.52,0.95,5.92,0.93,0.5,4.84,1.78,1.63,5.55,1.66,2.17,5
647.83,22,0.75,0.58,5.35,1.52,0.96,5.83,0.92,0.5,4.73,1.8,1.63,5.44,1.66,2.12,4.97
648.83,22,0.79,0.6,5.3,1.54,0.97,5.73,0.92,0.47,4.67,1.8,1.63,5.36,1.69,2.09,4.96
649.83,22,0.77,0.58,5.27,1.53,0.95,5.63,0.91,0.46,4.61,1.81,1.61,5.29,1.68,2.04,4.93
650.83,22,0.76,0.57,5.23,1.53,0.95,5.57,0.92,0.45,4.58,1.81,1.62,5.24,1.67,2.02,4.94
651.83,22,0.88,0.67,5.23,1.54,0.97,5.5,0.91,0.43,4.52,1.78,1.62,5.18,1.67,2.02,4.93
652.83,22,1.2,1.06,5.42,1.58,0.99,5.55,0.9,0.43,4.63,1.86,1.62,5.19,1.86,2.06,4.98
653.83,22,1.22,1.19,5.49,1.63,1.06,5.8,1.02,0.44,4.86,2.01,1.61,5.38,1.91,2.16,5.12
654.85,22,1.13,1.13,5.49,1.66,1.1,5.96,1.18,0.47,5.01,2.01,1.61,5.56,1.87,2.3,5.16
655.85,22,0.98,1.01,5.47,1.62,1.08,6.05,1.23,0.49,5.04,1.93,1.61,5.63,1.78,2.33,5.14
656.85,22,0.87,0.87,5.43,1.58,1.05,6.06,1.21,0.5,5.02,1.89,1.62,5.66,1.73,2.3,5.11
657.85,22,0.79,0.73,5.36,1.55,1,6.02,1.11,0.5,4.94,1.81,1.61,5.61,1.7,2.19,5.02
658.85,22,0.76,0.65,5.3,1.53,0.99,5.98,1.05,0.5,4.89,1.8,1.63,5.57,1.69,2.11,4.96
659.85,22,0.72,0.59,5.23,1.51,0.98,5.89,0.99,0.48,4.77,1.79,1.62,5.48,1.67,2.02,4.86
660.87,22,0.72,0.57,5.15,1.5,0.96,5.77,0.94,0.46,4.65,1.77,1.62,5.36,1.65,1.96,4.77
661.87,22,0.7,0.55,5.08,1.49,0.96,5.67,0.92,0.44,4.53,1.77,1.61,5.24,1.63,1.93,4.67
662.87,22,0.7,0.54,4.99,1.48,0.94,5.51,0.89,0.42,4.4,1.76,1.6,5.13,1.63,1.91,4.6
663.87,22,0.71,0.56,4.94,1.48,0.95,5.42,0.89,0.42,4.28,1.77,1.6,5.02,1.63,1.9,4.55
664.87,22,0.73,0.56,4.9,1.5,0.95,5.3,0.88,0.42,4.2,1.78,1.62,4.93,1.66,1.9,4.52
665.87,22,0.74,0.56,4.86,1.5,0.95,5.21,0.89,0.42,4.13,1.77,1.61,4.84,1.66,1.89,4.52
666.87,22,0.74,0.55,4.83,1.5,0.94,5.13,0.9,0.42,4.1,1.78,1.61,4.79,1.65,1.89,4.53
667.88,22,0.7,0.55,4.76,1.49,0.93,5.07,0.89,0.4,4.03,1.76,1.6,4.73,1.63,1.87,4.51
668.88,22,0.89,0.71,4.86,1.5,0.94,5,0.87,0.4,3.99,1.77,1.6,4.66,1.69,1.89,4.52
669.88,22,1.04,0.9,5.02,1.53,0.95,5.2,0.91,0.4,4.23,1.87,1.6,4.81,1.8,1.91,4.67
670.88,22,0.97,0.87,5.07,1.55,1,5.43,1.02,0.4,4.43,1.91,1.6,5.04,1.78,2,4.77
671.88,22,0.85,0.76,5.05,1.54,1,5.56,1.08,0.41,4.52,1.87,1.6,5.16,1.73,2.02,4.76
672.9,22,0.78,0.67,5.02,1.52,0.99,5.6,1.07,0.42,4.52,1.81,1.6,5.21,1.69,2,4.71
673.9,22,0.73,0.59,4.96,1.5,0.97,5.6,1.01,0.42,4.49,1.79,1.6,5.2,1.66,1.93,4.65
674.9,22,0.72,0.57,4.91,1.49,0.97,5.57,0.97,0.44,4.43,1.79,1.62,5.16,1.66,1.9,4.57
675.9,22,0.7,0.55,4.82,1.48,0.94,5.48,0.91,0.42,4.31,1.76,1.61,5.06,1.63,1.87,4.45
676.92,22,0.68,0.53,4.73,1.48,0.94,5.36,0.89,0.41,4.18,1.75,1.6,4.97,1.62,1.85,4.36
677.92,22,0.68,0.53,4.65,1.46,0.94,5.26,0.87,0.41,4.05,1.75,1.59,4.84,1.61,1.83,4.27
678.92,22,0.68,0.53,4.55,1.48,0.93,5.13,0.87,0.41,3.93,1.76,1.6,4.71,1.61,1.85,4.19
679.92,22,0.68,0.54,4.51,1.46,0.93,5,0.85,0.41,3.79,1.75,1.6,4.6,1.61,1.84,4.14
680.92,22,0.7,0.54,4.45,1.47,0.94,4.87,0.85,0.41,3.68,1.76,1.6,4.49,1.61,1.83,4.09
681.92,22,0.7,0.55,4.42,1.48,0.93,4.79,0.85,0.41,3.61,1.76,1.6,4.41,1.63,1.84,4.09
682.92,22,0.7,0.54,4.36,1.5,0.95,4.71,0.87,0.4,3.56,1.76,1.6,4.35,1.63,1.84,4.09
683.92,22,0.7,0.54,4.31,1.49,0.94,4.65,0.86,0.4,3.52,1.76,1.6,4.28,1.61,1.83,4.09
684.93,22,0.84,0.66,4.43,1.49,0.94,4.58,0.86,0.4,3.5,1.75,1.6,4.23,1.67,1.84,4.09
685.93,22,0.94,0.77,4.61,1.49,0.94,4.79,0.88,0.39,3.76,1.83,1.58,4.37,1.74,1.84,4.26
686.93,22,0.85,0.71,4.67,1.51,0.97,5.04,0.97,0.39,3.99,1.84,1.59,4.62,1.7,1.87,4.36
687.93,22,0.77,0.62,4.66,1.5,0.97,5.16,1.01,0.39,4.08,1.81,1.59,4.76,1.67,1.87,4.36
688.93,22,0.74,0.59,4.62,1.5,0.96,5.22,1,0.41,4.09,1.79,1.61,4.82,1.67,1.86,4.32
689.95,22,0.69,0.55,4.54,1.48,0.93,5.21,0.93,0.41,4.03,1.76,1.59,4.76,1.63,1.83,4.2
690.95,22,0.68,0.54,4.46,1.47,0.93,5.14,0.9,0.41,3.94,1.75,1.6,4.71,1.62,1.83,4.12
691.95,22,0.67,0.54,4.37,1.46,0.92,5.05,0.87,0.4,3.8,1.75,1.58,4.61,1.62,1.82,3.99
692.95,22,0.67,0.54,4.28,1.46,0.93,4.93,0.87,0.41,3.68,1.74,1.59,4.51,1.62,1.82,3.89
693.95,22,0.67,0.53,4.19,1.47,0.93,4.81,0.85,0.4,3.53,1.74,1.59,4.37,1.61,1.82,3.8
694.97,22,0.66,0.53,4.1,1.45,0.92,4.66,0.85,0.4,3.39,1.73,1.59,4.25,1.61,1.8,3.7
695.97,22,0.67,0.52,4.03,1.46,0.92,4.53,0.84,0.39,3.25,1.74,1.59,4.13,1.6,1.81,3.65
696.97,22,0.68,0.53,3.97,1.45,0.93,4.39,0.84,0.4,3.16,1.75,1.6,4,1.61,1.82,3.61
697.97,22,0.69,0.53,3.94,1.47,0.93,4.32,0.84,0.39,3.08,1.76,1.59,3.93,1.62,1.81,3.61
698.97,22,0.68,0.53,3.88,1.47,0.93,4.24,0.86,0.39,3.05,1.75,1.58,3.87,1.61,1.81,3.62
699.98,22,0.72,0.55,3.87,1.47,0.93,4.16,0.85,0.4,2.97,1.74,1.6,3.79,1.62,1.82,3.59
700.98,22,0.84,0.65,4.12,1.48,0.93,4.12,0.85,0.39,3.02,1.78,1.59,3.76,1.69,1.81,3.65
701.98,22,0.8,0.63,4.24,1.48,0.94,4.4,0.93,0.39,3.29,1.81,1.6,4,1.68,1.82,3.83
702.98,22,0.73,0.58,4.25,1.48,0.95,4.6,0.96,0.38,3.47,1.8,1.6,4.2,1.66,1.83,3.88
703.98,22,0.7,0.55,4.22,1.47,0.94,4.71,0.94,0.38,3.53,1.77,1.58,4.31,1.63,1.82,3.87
705,22,0.68,0.54,4.16,1.46,0.93,4.76,0.9,0.39,3.52,1.75,1.58,4.33,1.62,1.81,3.79
706,22,0.67,0.54,4.09,1.46,0.93,4.74,0.87,0.38,3.45,1.75,1.6,4.29,1.61,1.81,3.7
707,22,0.67,0.53,4.01,1.46,0.92,4.68,0.87,0.4,3.37,1.74,1.59,4.23,1.62,1.81,3.61
708,22,0.66,0.52,3.91,1.46,0.92,4.58,0.85,0.39,3.23,1.73,1.58,4.13,1.61,1.8,3.49
709,22,0.66,0.51,3.82,1.45,0.92,4.45,0.84,0.39,3.09,1.74,1.58,4,1.6,1.8,3.38
710,22,0.65,0.52,3.72,1.45,0.92,4.32,0.85,0.39,2.95,1.74,1.59,3.86,1.59,1.8,3.27
711.02,22,0.65,0.52,3.62,1.44,0.91,4.15,0.83,0.38,2.78,1.73,1.57,3.72,1.6,1.79,3.17
712.02,22,0.66,0.52,3.53,1.45,0.92,4.01,0.83,0.39,2.66,1.73,1.59,3.58,1.6,1.79,3.12
713.02,22,0.67,0.53,3.46,1.46,0.93,3.86,0.84,0.39,2.55,1.74,1.59,3.46,1.6,1.8,3.08
714.02,22,0.67,0.53,3.42,1.46,0.92,3.74,0.83,0.39,2.49,1.75,1.58,3.38,1.61,1.8,3.08
715.03,22,0.67,0.53,3.37,1.46,0.92,3.68,0.84,0.39,2.43,1.74,1.58,3.31,1.6,1.8,3.08
716.03,22,0.67,0.53,3.3,1.46,0.91,3.58,0.84,0.39,2.35,1.73,1.58,3.23,1.6,1.79,3.06
717.03,22,0.76,0.58,3.52,1.46,0.92,3.59,0.83,0.39,2.44,1.75,1.6,3.19,1.65,1.8,3.11
718.05,22,0.75,0.58,3.7,1.46,0.93,3.93,0.86,0.38,2.77,1.79,1.58,3.44,1.66,1.8,3.29
719.05,22,0.69,0.54,3.75,1.46,0.93,4.14,0.9,0.38,2.97,1.77,1.59,3.67,1.62,1.8,3.38
720.05,22,0.67,0.53,3.72,1.44,0.92,4.23,0.88,0.39,3.02,1.75,1.58,3.78,1.62,1.79,3.37
721.07,22,0.66,0.53,3.64,1.44,0.92,4.26,0.86,0.39,2.99,1.74,1.57,3.8,1.6,1.8,3.3
722.07,22,0.67,0.53,3.54,1.45,0.92,4.22,0.85,0.39,2.92,1.74,1.58,3.75,1.6,1.78,3.2
723.07,22,0.65,0.52,3.45,1.44,0.93,4.15,0.84,0.39,2.8,1.75,1.59,3.66,1.61,1.78,3.08
724.07,22,0.64,0.51,3.33,1.44,0.91,4.01,0.83,0.38,2.66,1.73,1.58,3.54,1.6,1.79,2.97
725.07,22,0.65,0.52,3.22,1.44,0.92,3.88,0.82,0.38,2.5,1.73,1.57,3.4,1.58,1.78,2.85
726.08,22,0.66,0.53,3.13,1.44,0.91,3.75,0.83,0.38,2.36,1.74,1.6,3.28,1.59,1.8,2.77
727.08,22,0.66,0.53,3.05,1.45,0.92,3.62,0.83,0.38,2.22,1.73,1.59,3.14,1.6,1.8,2.69
728.08,22,0.66,0.53,2.99,1.45,0.93,3.49,0.82,0.39,2.1,1.76,1.59,3.02,1.6,1.8,2.67
729.08,22,0.66,0.52,2.92,1.45,0.91,3.35,0.83,0.38,2.03,1.74,1.58,2.91,1.6,1.79,2.66
730.08,22,0.66,0.53,2.87,1.46,0.93,3.28,0.83,0.38,1.97,1.74,1.59,2.83,1.6,1.79,2.66
731.08,22,0.72,0.55,2.98,1.45,0.92,3.16,0.83,0.39,1.87,1.73,1.58,2.73,1.61,1.8,2.63
732.1,22,0.74,0.56,3.27,1.45,0.93,3.34,0.83,0.38,2.16,1.75,1.59,2.85,1.62,1.79,2.74
733.1,22,0.7,0.54,3.38,1.45,0.93,3.69,0.88,0.38,2.47,1.76,1.58,3.18,1.63,1.79,2.92
734.1,22,0.67,0.53,3.37,1.45,0.93,3.87,0.87,0.38,2.58,1.74,1.58,3.37,1.6,1.78,2.95
735.1,22,0.66,0.54,3.32,1.44,0.93,3.93,0.87,0.38,2.59,1.74,1.59,3.43,1.61,1.79,2.92
736.1,22,0.66,0.52,3.25,1.44,0.93,3.91,0.85,0.38,2.52,1.73,1.57,3.4,1.61,1.79,2.84
737.1,22,0.65,0.53,3.16,1.44,0.93,3.86,0.83,0.38,2.42,1.74,1.58,3.33,1.6,1.79,2.73
738.12,22,0.65,0.51,3.03,1.44,0.91,3.74,0.83,0.38,2.3,1.73,1.58,3.22,1.58,1.79,2.59
739.12,22,0.65,0.52,2.92,1.44,0.91,3.59,0.83,0.38,2.14,1.73,1.58,3.09,1.59,1.78,2.45
740.12,22,0.65,0.52,2.8,1.44,0.92,3.44,0.83,0.38,1.97,1.73,1.58,2.95,1.59,1.79,2.33
741.12,22,0.65,0.52,2.69,1.44,0.92,3.26,0.82,0.38,1.81,1.73,1.58,2.82,1.59,1.79,2.2
742.12,22,0.65,0.53,2.6,1.45,0.92,3.11,0.82,0.39,1.66,1.74,1.59,2.66,1.59,1.78,2.11
743.13,22,0.64,0.52,2.52,1.43,0.91,2.93,0.82,0.38,1.5,1.73,1.57,2.5,1.59,1.77,2.03
744.13,22,0.66,0.52,2.47,1.45,0.91,2.84,0.82,0.38,1.42,1.73,1.58,2.41,1.59,1.78,2
745.13,22,0.65,0.52,2.41,1.44,0.91,2.75,0.82,0.38,1.38,1.73,1.58,2.33,1.59,1.78,2
746.13,22,0.64,0.52,2.34,1.44,0.9,2.66,0.81,0.38,1.3,1.73,1.58,2.23,1.58,1.78,1.97
747.13,22,0.69,0.54,2.56,1.43,0.92,2.62,0.81,0.38,1.35,1.73,1.57,2.19,1.6,1.77,2.01
748.13,22,0.68,0.53,2.82,1.44,0.91,2.99,0.82,0.38,1.74,1.74,1.58,2.5,1.61,1.77,2.29
749.13,22,0.66,0.52,2.91,1.44,0.91,3.28,0.86,0.38,2,1.74,1.58,2.82,1.59,1.78,2.42
750.13,22,0.65,0.51,2.89,1.43,0.92,3.39,0.85,0.38,2.08,1.73,1.57,2.95,1.58,1.77,2.42
751.13,22,0.66,0.52,2.85,1.45,0.91,3.46,0.84,0.38,2.1,1.73,1.6,3,1.6,1.78,2.37
752.13,22,0.64,0.52,2.75,1.43,0.91,3.41,0.83,0.38,2.01,1.73,1.58,2.95,1.59,1.77,2.29
753.15,22,0.65,0.51,2.67,1.44,0.91,3.35,0.82,0.38,1.89,1.74,1.58,2.86,1.6,1.78,2.17
754.15,22,0.64,0.52,2.56,1.43,0.91,3.22,0.82,0.38,1.77,1.73,1.58,2.76,1.58,1.78,2.04
755.15,22,0.64,0.51,2.44,1.43,0.91,3.07,0.81,0.38,1.59,1.73,1.57,2.6,1.58,1.77,1.9
756.15,22,0.64,0.51,2.33,1.43,0.9,2.91,0.81,0.38,1.42,1.73,1.58,2.44,1.59,1.77,1.78
757.15,22,0.64,0.51,2.21,1.44,0.91,2.73,0.81,0.38,1.24,1.72,1.58,2.28,1.59,1.78,1.69
758.15,22,0.64,0.51,2.13,1.42,0.91,2.56,0.8,0.38,1.08,1.71,1.57,2.12,1.58,1.77,1.59
759.17,22,0.64,0.52,2.06,1.44,0.9,2.4,0.81,0.38,0.97,1.71,1.57,1.97,1.58,1.78,1.53
760.17,22,0.64,0.53,2.02,1.44,0.92,2.32,0.82,0.38,0.9,1.72,1.58,1.89,1.59,1.78,1.51
761.17,22,0.65,0.52,1.98,1.44,0.91,2.26,0.8,0.38,0.87,1.72,1.57,1.82,1.58,1.77,1.5
762.17,22,0.65,0.52,1.94,1.44,0.91,2.2,0.81,0.38,0.84,1.73,1.57,1.78,1.59,1.77,1.49
763.17,22,0.67,0.52,2.15,1.43,0.9,2.15,0.81,0.38,0.88,1.72,1.57,1.72,1.59,1.77,1.51
764.17,22,0.66,0.53,2.42,1.43,0.91,2.52,0.82,0.38,1.28,1.74,1.58,2,1.6,1.77,1.78
765.18,22,0.65,0.52,2.52,1.43,0.92,2.82,0.83,0.38,1.54,1.72,1.57,2.33,1.59,1.78,1.92
766.18,22,0.65,0.52,2.5,1.43,0.91,2.95,0.83,0.38,1.61,1.72,1.57,2.48,1.58,1.77,1.94
767.18,22,0.63,0.51,2.43,1.43,0.91,2.99,0.83,0.38,1.61,1.73,1.58,2.52,1.58,1.77,1.87
768.18,22,0.63,0.5,2.33,1.43,0.9,2.95,0.82,0.37,1.52,1.72,1.57,2.48,1.58,1.78,1.78
769.2,22,0.64,0.51,2.23,1.43,0.91,2.87,0.82,0.38,1.4,1.73,1.58,2.39,1.58,1.77,1.66
770.2,22,0.64,0.52,2.12,1.43,0.92,2.74,0.81,0.38,1.26,1.73,1.58,2.27,1.58,1.78,1.52
771.2,22,0.64,0.51,2.01,1.44,0.92,2.58,0.81,0.38,1.08,1.72,1.58,2.12,1.58,1.77,1.4
772.2,22,0.64,0.52,1.91,1.43,0.91,2.43,0.81,0.38,0.93,1.72,1.57,1.96,1.6,1.77,1.29
773.22,22,0.64,0.51,1.82,1.43,0.91,2.26,0.81,0.37,0.77,1.73,1.58,1.79,1.59,1.77,1.17
774.22,22,0.64,0.51,1.79,1.43,0.9,2.12,0.81,0.38,0.65,1.72,1.57,1.66,1.57,1.76,1.1
775.22,22,0.64,0.52,1.77,1.44,0.9,2.01,0.82,0.38,0.58,1.72,1.56,1.54,1.58,1.76,1.06
776.22,22,0.64,0.52,1.76,1.43,0.91,1.94,0.81,0.37,0.57,1.72,1.58,1.5,1.58,1.77,1.03
777.22,22,0.64,0.52,1.75,1.44,0.91,1.92,0.82,0.38,0.58,1.72,1.57,1.5,1.58,1.78,1.04
778.22,22,0.65,0.52,1.74,1.45,0.9,1.89,0.82,0.38,0.56,1.73,1.58,1.48,1.58,1.78,1.04
779.23,22,0.66,0.53,2.03,1.43,0.91,1.86,0.81,0.38,0.61,1.72,1.58,1.47,1.6,1.77,1.06
780.23,22,0.65,0.51,2.19,1.43,0.9,2.11,0.82,0.37,0.93,1.72,1.57,1.65,1.58,1.77,1.25
781.23,22,0.64,0.52,2.19,1.43,0.91,2.39,0.83,0.38,1.14,1.71,1.57,1.9,1.59,1.78,1.39
782.23,22,0.63,0.51,2.13,1.43,0.91,2.52,0.82,0.37,1.19,1.72,1.57,2.03,1.58,1.77,1.41
783.23,22,0.63,0.51,2.04,1.43,0.9,2.54,0.82,0.37,1.14,1.72,1.57,2.05,1.58,1.77,1.35
784.23,22,0.63,0.51,1.93,1.42,0.91,2.51,0.81,0.38,1.03,1.72,1.57,2,1.57,1.77,1.26
785.25,22,0.62,0.5,1.83,1.42,0.9,2.41,0.81,0.38,0.9,1.72,1.57,1.9,1.58,1.76,1.14
786.25,22,0.64,0.52,1.76,1.43,0.91,2.28,0.8,0.38,0.74,1.73,1.58,1.76,1.58,1.76,1.02
787.25,22,0.62,0.51,1.7,1.42,0.89,2.11,0.79,0.36,0.6,1.72,1.56,1.62,1.57,1.76,0.93
788.25,22,0.62,0.51,1.68,1.42,0.9,1.96,0.8,0.37,0.51,1.71,1.57,1.5,1.58,1.75,0.88
789.27,22,0.63,0.52,1.66,1.42,0.9,1.85,0.81,0.38,0.47,1.71,1.57,1.45,1.58,1.76,0.88
790.27,22,0.63,0.51,1.65,1.43,0.91,1.79,0.8,0.37,0.45,1.73,1.57,1.41,1.58,1.76,0.86
791.27,22,0.64,0.51,1.63,1.43,0.9,1.76,0.8,0.38,0.47,1.73,1.57,1.41,1.57,1.77,0.86
792.27,22,0.64,0.51,1.62,1.43,0.91,1.78,0.81,0.38,0.47,1.73,1.58,1.41,1.57,1.76,0.86
793.28,22,0.64,0.52,1.66,1.43,0.9,1.75,0.81,0.38,0.46,1.72,1.58,1.4,1.58,1.77,0.86
794.28,22,0.65,0.51,1.88,1.43,0.91,1.88,0.79,0.38,0.68,1.72,1.57,1.5,1.58,1.77,0.99
795.3,22,0.63,0.51,1.95,1.43,0.9,2.16,0.82,0.38,0.92,1.72,1.56,1.76,1.59,1.76,1.15
796.3,22,0.63,0.51,1.92,1.42,0.9,2.3,0.81,0.37,0.97,1.72,1.57,1.88,1.57,1.76,1.16
797.3,22,0.62,0.51,1.84,1.42,0.9,2.31,0.81,0.37,0.92,1.73,1.57,1.88,1.58,1.76,1.09
798.3,22,0.63,0.51,1.75,1.41,0.89,2.28,0.81,0.38,0.82,1.72,1.57,1.82,1.59,1.77,0.99
799.32,22,0.62,0.5,1.69,1.41,0.9,2.17,0.8,0.37,0.68,1.71,1.56,1.7,1.57,1.76,0.88
800.32,22,0.63,0.52,1.66,1.43,0.9,2.06,0.8,0.37,0.56,1.72,1.58,1.59,1.57,1.76,0.84
801.32,22,0.63,0.52,1.61,1.43,0.91,1.92,0.8,0.38,0.49,1.72,1.57,1.49,1.57,1.76,0.8
802.32,22,0.62,0.5,1.6,1.43,0.91,1.81,0.81,0.38,0.45,1.72,1.57,1.42,1.58,1.77,0.79
803.33,22,0.63,0.51,1.59,1.43,0.9,1.76,0.81,0.38,0.43,1.71,1.58,1.39,1.58,1.77,0.78
804.33,22,0.63,0.5,1.57,1.43,0.91,1.74,0.8,0.37,0.41,1.72,1.57,1.37,1.58,1.76,0.77
805.33,22,0.64,0.51,1.57,1.42,0.91,1.73,0.81,0.38,0.43,1.72,1.58,1.38,1.59,1.77,0.79
806.35,22,0.63,0.51,1.57,1.43,0.9,1.73,0.8,0.37,0.43,1.72,1.58,1.39,1.58,1.76,0.78
807.35,22,0.63,0.51,1.56,1.43,0.9,1.74,0.81,0.38,0.45,1.72,1.58,1.38,1.58,1.76,0.78
808.35,22,0.63,0.5,1.57,1.41,0.89,1.72,0.79,0.38,0.41,1.72,1.57,1.36,1.57,1.76,0.77
809.35,22,0.64,0.51,1.78,1.43,0.9,1.79,0.8,0.38,0.53,1.74,1.57,1.4,1.59,1.77,0.84
810.35,22,0.63,0.5,1.83,1.42,0.9,2,0.81,0.37,0.74,1.72,1.57,1.58,1.57,1.76,0.96
811.37,22,0.62,0.5,1.78,1.42,0.9,2.12,0.81,0.38,0.79,1.72,1.57,1.71,1.57,1.77,0.96
812.37,22,0.64,0.51,1.72,1.42,0.9,2.12,0.81,0.37,0.74,1.71,1.58,1.7,1.58,1.77,0.89
813.37,22,0.62,0.51,1.66,1.43,0.9,2.07,0.82,0.37,0.63,1.72,1.58,1.61,1.58,1.77,0.82
814.37,22,0.63,0.51,1.61,1.42,0.9,1.97,0.8,0.38,0.54,1.71,1.58,1.54,1.58,1.77,0.78
815.38,22,0.63,0.52,1.59,1.43,0.91,1.86,0.8,0.38,0.47,1.72,1.57,1.46,1.58,1.77,0.76
816.38,22,0.63,0.5,1.57,1.42,0.9,1.79,0.8,0.38,0.44,1.71,1.56,1.4,1.57,1.77,0.75
817.38,22,0.63,0.51,1.56,1.43,0.9,1.74,0.8,0.38,0.41,1.71,1.57,1.39,1.58,1.75,0.74
818.38,22,0.63,0.52,1.55,1.43,0.91,1.72,0.8,0.38,0.4,1.72,1.57,1.37,1.58,1.77,0.73
819.38,22,0.63,0.51,1.53,1.42,0.9,1.71,0.8,0.38,0.41,1.73,1.57,1.36,1.59,1.77,0.74
820.38,22,0.62,0.51,1.52,1.41,0.91,1.71,0.8,0.38,0.39,1.72,1.57,1.36,1.58,1.76,0.72
821.4,22,0.62,0.51,1.53,1.42,0.91,1.71,0.8,0.38,0.4,1.72,1.57,1.36,1.57,1.76,0.74
822.4,22,0.63,0.52,1.53,1.43,0.91,1.72,0.8,0.38,0.41,1.72,1.58,1.37,1.58,1.77,0.73
823.42,22,0.63,0.51,1.53,1.43,0.9,1.72,0.8,0.37,0.42,1.72,1.58,1.36,1.57,1.76,0.73
824.42,22,0.62,0.5,1.52,1.41,0.9,1.71,0.8,0.38,0.38,1.71,1.57,1.36,1.56,1.76,0.71
825.42,22,0.65,0.52,1.66,1.43,0.91,1.74,0.81,0.38,0.47,1.72,1.58,1.38,1.59,1.78,0.73
826.42,22,0.63,0.5,1.69,1.42,0.9,1.85,0.81,0.37,0.59,1.71,1.57,1.46,1.57,1.77,0.79
827.42,22,0.62,0.5,1.62,1.41,0.89,1.91,0.8,0.36,0.6,1.71,1.57,1.52,1.57,1.76,0.77
828.43,22,0.63,0.51,1.59,1.42,0.91,1.9,0.82,0.38,0.55,1.73,1.58,1.51,1.58,1.78,0.76
829.43,22,0.63,0.51,1.55,1.42,0.91,1.83,0.81,0.38,0.48,1.71,1.58,1.46,1.58,1.77,0.74
830.43,22,0.63,0.51,1.54,1.43,0.91,1.78,0.81,0.38,0.43,1.73,1.58,1.41,1.58,1.78,0.72
831.45,22,0.63,0.52,1.54,1.42,0.9,1.74,0.8,0.38,0.42,1.72,1.57,1.38,1.57,1.77,0.72
832.45,22,0.62,0.51,1.51,1.43,0.9,1.72,0.8,0.37,0.4,1.71,1.56,1.37,1.57,1.76,0.72
833.45,22,0.61,0.5,1.5,1.42,0.9,1.69,0.78,0.37,0.38,1.71,1.55,1.34,1.57,1.75,0.7
834.45,22,0.63,0.51,1.5,1.43,0.91,1.71,0.8,0.38,0.39,1.71,1.57,1.36,1.57,1.76,0.71
835.45,22,0.62,0.51,1.5,1.42,0.9,1.68,0.8,0.37,0.38,1.71,1.57,1.35,1.57,1.76,0.7
836.45,22,0.63,0.51,1.51,1.42,0.91,1.7,0.79,0.38,0.4,1.72,1.58,1.36,1.58,1.77,0.71
837.45,22,0.62,0.51,1.51,1.42,0.9,1.71,0.79,0.37,0.39,1.72,1.56,1.34,1.57,1.76,0.7
838.47,22,0.63,0.53,1.52,1.44,0.91,1.71,0.82,0.38,0.4,1.73,1.57,1.35,1.59,1.78,0.7
839.47,22,0.63,0.51,1.56,1.42,0.91,1.7,0.8,0.37,0.41,1.7,1.58,1.34,1.57,1.76,0.7
840.47,22,0.62,0.51,1.62,1.41,0.9,1.78,0.8,0.37,0.51,1.71,1.57,1.4,1.57,1.76,0.73
841.47,22,0.62,0.5,1.6,1.42,0.9,1.84,0.8,0.37,0.54,1.72,1.57,1.47,1.58,1.76,0.75
842.47,22,0.63,0.52,1.57,1.43,0.91,1.83,0.8,0.38,0.49,1.72,1.58,1.45,1.58,1.77,0.73
843.47,22,0.62,0.51,1.53,1.42,0.89,1.77,0.79,0.37,0.44,1.71,1.57,1.41,1.57,1.77,0.7
844.47,22,0.62,0.51,1.52,1.42,0.9,1.74,0.79,0.38,0.41,1.7,1.57,1.38,1.57,1.75,0.69
845.47,22,0.62,0.5,1.51,1.42,0.9,1.71,0.79,0.38,0.4,1.72,1.57,1.36,1.56,1.76,0.69
846.47,22,0.62,0.51,1.51,1.42,0.9,1.71,0.79,0.37,0.39,1.71,1.57,1.36,1.57,1.77,0.69
847.47,22,0.62,0.51,1.51,1.42,0.9,1.7,0.79,0.37,0.39,1.71,1.58,1.36,1.57,1.76,0.69
848.47,22,0.62,0.5,1.5,1.42,0.9,1.7,0.79,0.37,0.38,1.72,1.56,1.34,1.57,1.76,0.69
849.48,22,0.61,0.49,1.49,1.4,0.89,1.69,0.79,0.36,0.38,1.71,1.57,1.33,1.56,1.76,0.68
850.48,22,0.62,0.5,1.49,1.42,0.9,1.68,0.79,0.37,0.38,1.71,1.57,1.34,1.57,1.76,0.68
851.48,22,0.62,0.51,1.48,1.42,0.9,1.69,0.79,0.37,0.38,1.7,1.56,1.33,1.55,1.76,0.67
852.48,22,0.63,0.52,1.49,1.42,0.91,1.71,0.8,0.37,0.39,1.72,1.58,1.35,1.57,1.77,0.68
853.48,22,0.62,0.5,1.49,1.42,0.9,1.69,0.8,0.37,0.39,1.71,1.57,1.35,1.58,1.77,0.68
854.48,22,0.63,0.5,1.48,1.42,0.9,1.69,0.8,0.37,0.38,1.72,1.58,1.34,1.56,1.77,0.68
855.48,22,0.62,0.51,1.48,1.41,0.9,1.69,0.78,0.36,0.38,1.71,1.56,1.34,1.57,1.76,0.67
856.5,22,0.62,0.49,1.55,1.42,0.9,1.71,0.79,0.37,0.43,1.71,1.57,1.35,1.57,1.77,0.69
857.5,22,0.62,0.5,1.54,1.41,0.9,1.77,0.8,0.38,0.47,1.71,1.57,1.4,1.55,1.77,0.7
858.5,22,0.61,0.51,1.51,1.42,0.9,1.75,0.79,0.36,0.44,1.71,1.55,1.4,1.56,1.76,0.7
859.5,22,0.61,0.5,1.5,1.41,0.89,1.71,0.8,0.37,0.4,1.7,1.57,1.37,1.56,1.76,0.68
860.5,22,0.61,0.49,1.49,1.41,0.89,1.7,0.79,0.36,0.39,1.7,1.57,1.36,1.56,1.76,0.67
861.52,22,0.61,0.5,1.49,1.42,0.9,1.69,0.8,0.37,0.38,1.72,1.56,1.36,1.57,1.77,0.67
862.52,22,0.61,0.5,1.48,1.42,0.89,1.69,0.79,0.37,0.38,1.71,1.56,1.35,1.56,1.76,0.67
863.52,22,0.62,0.5,1.48,1.42,0.9,1.69,0.8,0.37,0.38,1.71,1.57,1.34,1.56,1.77,0.67
864.52,22,0.62,0.49,1.48,1.41,0.9,1.69,0.79,0.37,0.38,1.71,1.56,1.33,1.56,1.76,0.66
865.53,22,0.61,0.5,1.48,1.39,0.89,1.68,0.79,0.36,0.38,1.71,1.56,1.33,1.56,1.75,0.66
866.53,22,0.62,0.51,1.48,1.41,0.9,1.68,0.8,0.38,0.37,1.7,1.57,1.33,1.57,1.76,0.67
867.53,22,0.63,0.51,1.49,1.43,0.91,1.68,0.81,0.38,0.38,1.72,1.57,1.34,1.57,1.76,0.68
868.53,22,0.62,0.52,1.48,1.42,0.91,1.7,0.8,0.38,0.38,1.72,1.57,1.34,1.58,1.77,0.68
869.55,22,0.63,0.51,1.48,1.42,0.9,1.7,0.8,0.37,0.38,1.71,1.57,1.34,1.57,1.77,0.67
870.55,22,0.62,0.51,1.49,1.42,0.91,1.69,0.79,0.37,0.38,1.71,1.57,1.34,1.57,1.76,0.67
871.55,22,0.62,0.51,1.53,1.42,0.9,1.71,0.79,0.38,0.41,1.72,1.57,1.35,1.57,1.76,0.66
872.55,22,0.62,0.5,1.51,1.42,0.9,1.73,0.8,0.37,0.42,1.71,1.57,1.36,1.57,1.76,0.68
873.55,22,0.62,0.51,1.49,1.42,0.9,1.71,0.8,0.37,0.4,1.71,1.57,1.36,1.56,1.77,0.66
874.55,22,0.61,0.5,1.48,1.4,0.9,1.7,0.79,0.37,0.39,1.71,1.56,1.35,1.56,1.76,0.67
875.57,22,0.61,0.49,1.47,1.41,0.89,1.69,0.8,0.36,0.38,1.7,1.57,1.34,1.55,1.76,0.66
876.57,22,0.62,0.5,1.48,1.41,0.9,1.69,0.79,0.37,0.38,1.71,1.57,1.35,1.56,1.77,0.66
877.57,22,0.62,0.5,1.47,1.42,0.91,1.69,0.79,0.37,0.37,1.72,1.56,1.34,1.57,1.77,0.66
878.57,22,0.62,0.51,1.47,1.41,0.91,1.69,0.79,0.37,0.38,1.72,1.56,1.34,1.57,1.76,0.66
879.57,22,0.62,0.51,1.46,1.41,0.89,1.68,0.79,0.37,0.38,1.72,1.57,1.34,1.56,1.76,0.66
880.57,22,0.61,0.51,1.47,1.41,0.91,1.69,0.79,0.37,0.38,1.72,1.57,1.33,1.56,1.76,0.66
881.57,22,0.61,0.52,1.47,1.41,0.9,1.69,0.8,0.37,0.38,1.71,1.57,1.33,1.56,1.77,0.66
882.58,22,0.62,0.5,1.48,1.42,0.9,1.67,0.79,0.38,0.38,1.71,1.57,1.34,1.56,1.76,0.66
883.58,22,0.62,0.5,1.47,1.42,0.89,1.68,0.79,0.37,0.38,1.71,1.56,1.33,1.57,1.75,0.66
884.58,22,0.62,0.5,1.46,1.41,0.89,1.68,0.79,0.37,0.37,1.71,1.55,1.33,1.56,1.76,0.65
885.58,22,0.62,0.5,1.5,1.41,0.9,1.68,0.8,0.37,0.38,1.71,1.57,1.34,1.56,1.77,0.66
886.58,22,0.62,0.52,1.5,1.43,0.92,1.71,0.8,0.38,0.42,1.72,1.58,1.36,1.57,1.78,0.68
887.58,22,0.61,0.51,1.48,1.4,0.9,1.7,0.8,0.37,0.4,1.71,1.57,1.36,1.56,1.76,0.66
888.58,22,0.62,0.5,1.46,1.42,0.91,1.7,0.8,0.37,0.39,1.72,1.57,1.35,1.57,1.77,0.67
889.58,22,0.61,0.5,1.46,1.41,0.88,1.69,0.78,0.36,0.37,1.71,1.56,1.33,1.55,1.76,0.65
890.58,22,0.62,0.5,1.46,1.41,0.9,1.68,0.8,0.37,0.38,1.71,1.56,1.34,1.57,1.77,0.66
891.6,22,0.61,0.49,1.46,1.41,0.9,1.7,0.79,0.37,0.38,1.7,1.56,1.34,1.57,1.76,0.65
892.6,22,0.61,0.5,1.46,1.41,0.89,1.67,0.79,0.36,0.38,1.71,1.57,1.32,1.56,1.76,0.66
893.6,22,0.62,0.5,1.46,1.41,0.9,1.69,0.79,0.37,0.37,1.7,1.57,1.32,1.56,1.76,0.65
894.6,22,0.62,0.51,1.47,1.42,0.9,1.69,0.81,0.38,0.38,1.71,1.57,1.33,1.58,1.76,0.66
895.6,22,0.62,0.51,1.46,1.41,0.9,1.68,0.8,0.38,0.38,1.7,1.56,1.33,1.56,1.76,0.66
896.6,22,0.61,0.49,1.46,1.41,0.91,1.67,0.79,0.37,0.37,1.7,1.56,1.32,1.57,1.77,0.65
897.62,22,0.61,0.51,1.45,1.41,0.9,1.68,0.79,0.36,0.37,1.71,1.56,1.33,1.57,1.76,0.65
898.62,22,0.61,0.51,1.47,1.42,0.9,1.68,0.8,0.37,0.38,1.72,1.57,1.33,1.56,1.77,0.65
899.62,22,0.62,0.51,1.46,1.43,0.9,1.68,0.8,0.38,0.37,1.72,1.56,1.34,1.56,1.76,0.66
900.62,22,0.61,0.49,1.47,1.41,0.9,1.67,0.8,0.36,0.38,1.72,1.57,1.32,1.56,1.77,0.66
901.62,22,0.61,0.5,1.48,1.42,0.9,1.69,0.79,0.37,0.39,1.71,1.56,1.33,1.56,1.77,0.66
902.63,22,0.62,0.51,1.48,1.42,0.89,1.7,0.81,0.38,0.39,1.72,1.57,1.35,1.57,1.76,0.65
903.63,22,0.62,0.51,1.48,1.42,0.9,1.7,0.81,0.38,0.39,1.71,1.58,1.34,1.57,1.76,0.66
904.63,22,0.6,0.5,1.45,1.41,0.89,1.68,0.78,0.37,0.37,1.72,1.57,1.34,1.57,1.76,0.65
905.63,22,0.6,0.49,1.45,1.41,0.89,1.68,0.78,0.36,0.36,1.7,1.55,1.32,1.55,1.75,0.64
906.63,22,0.61,0.5,1.45,1.4,0.89,1.67,0.78,0.36,0.37,1.71,1.56,1.32,1.56,1.76,0.65
907.63,22,0.62,0.51,1.46,1.42,0.9,1.69,0.79,0.37,0.37,1.7,1.57,1.34,1.56,1.76,0.65
908.63,22,0.61,0.5,1.46,1.41,0.89,1.68,0.78,0.37,0.37,1.7,1.57,1.32,1.56,1.75,0.65
909.63,22,0.61,0.49,1.46,1.41,0.89,1.67,0.78,0.36,0.37,1.7,1.56,1.31,1.56,1.75,0.64
910.65,22,0.61,0.51,1.45,1.41,0.9,1.68,0.8,0.37,0.37,1.71,1.56,1.31,1.56,1.75,0.65
911.65,22,0.6,0.5,1.46,1.42,0.91,1.69,0.8,0.38,0.38,1.72,1.57,1.33,1.57,1.76,0.65
912.65,22,0.62,0.5,1.45,1.41,0.89,1.68,0.79,0.36,0.37,1.69,1.56,1.32,1.56,1.75,0.65
913.65,22,0.62,0.5,1.45,1.42,0.89,1.68,0.79,0.37,0.36,1.7,1.56,1.32,1.57,1.76,0.64
914.67,22,0.61,0.5,1.45,1.41,0.9,1.68,0.79,0.37,0.36,1.71,1.56,1.32,1.56,1.76,0.65
915.67,22,0.61,0.5,1.48,1.41,0.89,1.68,0.8,0.37,0.38,1.71,1.57,1.32,1.56,1.76,0.64
916.67,22,0.61,0.5,1.47,1.41,0.9,1.69,0.79,0.37,0.38,1.7,1.57,1.34,1.57,1.77,0.65
917.67,22,0.61,0.49,1.46,1.41,0.9,1.68,0.78,0.35,0.38,1.7,1.56,1.33,1.55,1.76,0.65
918.67,22,0.61,0.49,1.46,1.42,0.89,1.68,0.79,0.36,0.36,1.71,1.57,1.33,1.56,1.76,0.64
919.67,22,0.61,0.5,1.46,1.42,0.9,1.67,0.8,0.38,0.38,1.7,1.57,1.33,1.56,1.76,0.65
920.68,22,0.61,0.49,1.45,1.4,0.89,1.67,0.78,0.37,0.37,1.71,1.56,1.33,1.56,1.75,0.64
921.68,22,0.62,0.5,1.46,1.42,0.9,1.69,0.79,0.38,0.38,1.71,1.58,1.33,1.57,1.78,0.65
922.68,22,0.61,0.5,1.45,1.41,0.89,1.68,0.78,0.36,0.37,1.71,1.56,1.32,1.56,1.76,0.64
923.68,22,0.61,0.5,1.46,1.41,0.9,1.68,0.78,0.38,0.37,1.71,1.57,1.32,1.55,1.75,0.65
924.68,22,0.61,0.49,1.45,1.4,0.89,1.67,0.78,0.36,0.37,1.69,1.56,1.32,1.56,1.76,0.64
925.68,22,0.61,0.5,1.45,1.41,0.9,1.68,0.79,0.37,0.36,1.71,1.57,1.32,1.56,1.77,0.64
926.7,22,0.61,0.5,1.46,1.41,0.9,1.68,0.79,0.36,0.37,1.71,1.56,1.32,1.56,1.75,0.65
927.7,22,0.61,0.51,1.45,1.41,0.9,1.68,0.79,0.37,0.38,1.71,1.56,1.33,1.57,1.76,0.64
928.7,22,0.62,0.51,1.45,1.43,0.89,1.67,0.79,0.36,0.38,1.71,1.56,1.33,1.57,1.76,0.64
929.7,22,0.61,0.51,1.45,1.42,0.9,1.67,0.79,0.37,0.37,1.71,1.57,1.31,1.57,1.76,0.63
930.7,22,0.6,0.49,1.45,1.41,0.89,1.66,0.79,0.37,0.37,1.7,1.56,1.31,1.56,1.76,0.63
931.7,22,0.61,0.5,1.46,1.41,0.89,1.69,0.8,0.36,0.38,1.7,1.57,1.33,1.56,1.77,0.64
932.7,22,0.6,0.49,1.45,1.42,0.89,1.67,0.78,0.37,0.37,1.69,1.57,1.32,1.56,1.75,0.64
933.72,22,0.6,0.49,1.45,1.41,0.89,1.68,0.78,0.36,0.37,1.7,1.57,1.33,1.56,1.77,0.64
934.72,22,0.61,0.5,1.45,1.42,0.89,1.66,0.78,0.37,0.36,1.7,1.56,1.33,1.56,1.77,0.65
935.72,22,0.61,0.5,1.45,1.41,0.89,1.66,0.78,0.36,0.37,1.71,1.57,1.31,1.55,1.76,0.63
936.73,22,0.62,0.51,1.45,1.41,0.9,1.68,0.79,0.37,0.38,1.71,1.57,1.32,1.56,1.77,0.64
937.73,22,0.61,0.51,1.46,1.42,0.9,1.67,0.79,0.37,0.37,1.71,1.57,1.33,1.55,1.76,0.64
938.73,22,0.6,0.5,1.44,1.4,0.89,1.67,0.78,0.36,0.36,1.69,1.55,1.31,1.55,1.75,0.64
939.73,22,0.61,0.5,1.46,1.41,0.89,1.67,0.79,0.37,0.37,1.71,1.57,1.33,1.56,1.76,0.63
940.73,22,0.61,0.49,1.45,1.41,0.89,1.67,0.79,0.38,0.37,1.7,1.56,1.32,1.56,1.77,0.64
941.75,22,0.61,0.5,1.44,1.4,0.89,1.66,0.78,0.36,0.36,1.71,1.56,1.31,1.56,1.75,0.63
942.75,22,0.61,0.5,1.46,1.41,0.9,1.67,0.79,0.37,0.38,1.72,1.56,1.33,1.56,1.76,0.65
943.75,22,0.62,0.5,1.45,1.41,0.89,1.67,0.79,0.36,0.36,1.71,1.56,1.31,1.55,1.76,0.64
944.75,22,0.61,0.49,1.45,1.4,0.89,1.67,0.79,0.36,0.37,1.71,1.56,1.31,1.56,1.76,0.64
945.75,22,0.61,0.5,1.45,1.42,0.89,1.68,0.79,0.37,0.36,1.71,1.57,1.32,1.56,1.76,0.64
946.75,22,0.61,0.49,1.45,1.41,0.89,1.66,0.79,0.37,0.35,1.71,1.57,1.31,1.56,1.76,0.64
947.75,22,0.6,0.48,1.45,1.4,0.89,1.67,0.78,0.36,0.37,1.7,1.55,1.32,1.56,1.76,0.63
948.75,22,0.61,0.49,1.44,1.41,0.89,1.67,0.79,0.36,0.36,1.7,1.56,1.32,1.55,1.76,0.63
949.77,22,0.6,0.5,1.45,1.41,0.89,1.66,0.79,0.36,0.37,1.71,1.57,1.33,1.55,1.76,0.63
950.77,22,0.6,0.5,1.44,1.41,0.89,1.67,0.78,0.36,0.36,1.7,1.56,1.31,1.55,1.77,0.63
951.77,22,0.61,0.49,1.44,1.41,0.9,1.67,0.78,0.37,0.37,1.71,1.57,1.32,1.56,1.75,0.63
952.77,22,0.6,0.5,1.45,1.4,0.89,1.68,0.79,0.37,0.36,1.71,1.57,1.31,1.56,1.76,0.64
953.77,22,0.61,0.5,1.46,1.41,0.89,1.68,0.79,0.37,0.37,1.7,1.56,1.32,1.56,1.76,0.64
954.78,22,0.61,0.5,1.45,1.42,0.9,1.68,0.77,0.37,0.37,1.7,1.56,1.31,1.57,1.77,0.63
955.78,22,0.61,0.51,1.45,1.41,0.89,1.68,0.79,0.37,0.37,1.71,1.56,1.32,1.56,1.76,0.64
956.78,22,0.62,0.52,1.45,1.42,0.89,1.68,0.79,0.37,0.38,1.71,1.57,1.32,1.57,1.77,0.64
957.78,22,0.61,0.5,1.46,1.42,0.9,1.68,0.79,0.38,0.37,1.71,1.56,1.32,1.57,1.77,0.64
958.78,22,0.61,0.5,1.45,1.41,0.89,1.67,0.79,0.36,0.36,1.71,1.57,1.31,1.57,1.76,0.64
959.78,22,0.61,0.5,1.46,1.42,0.91,1.67,0.78,0.37,0.36,1.71,1.57,1.31,1.56,1.77,0.64
960.8,22,0.62,0.5,1.45,1.41,0.89,1.68,0.79,0.37,0.36,1.71,1.56,1.32,1.57,1.76,0.63
961.8,22,0.61,0.5,1.45,1.42,0.9,1.68,0.79,0.36,0.37,1.7,1.56,1.32,1.58,1.76,0.63
962.8,22,0.6,0.49,1.45,1.41,0.89,1.66,0.79,0.37,0.36,1.7,1.56,1.3,1.56,1.76,0.64
963.8,22,0.62,0.51,1.47,1.41,0.9,1.69,0.8,0.38,0.38,1.71,1.58,1.33,1.57,1.78,0.65
964.8,22,0.61,0.49,1.45,1.4,0.9,1.68,0.78,0.37,0.37,1.7,1.57,1.33,1.56,1.75,0.64
965.82,22,0.6,0.49,1.43,1.4,0.89,1.67,0.78,0.37,0.36,1.69,1.56,1.31,1.54,1.76,0.64
966.82,22,0.61,0.49,1.44,1.4,0.89,1.67,0.78,0.36,0.37,1.7,1.57,1.32,1.55,1.75,0.63
967.82,22,0.6,0.49,1.43,1.4,0.88,1.66,0.77,0.36,0.36,1.69,1.56,1.31,1.55,1.75,0.63
968.83,22,0.6,0.49,1.43,1.4,0.88,1.66,0.78,0.36,0.36,1.7,1.56,1.3,1.55,1.75,0.63
969.83,22,0.6,0.5,1.43,1.4,0.89,1.67,0.78,0.36,0.36,1.69,1.57,1.31,1.55,1.75,0.63
970.83,22,0.61,0.5,1.44,1.4,0.88,1.65,0.78,0.37,0.36,1.69,1.56,1.31,1.56,1.76,0.63
971.83,22,0.61,0.5,1.45,1.41,0.9,1.67,0.79,0.36,0.37,1.71,1.56,1.32,1.56,1.76,0.64
972.83,22,0.61,0.49,1.44,1.41,0.89,1.67,0.78,0.36,0.37,1.7,1.56,1.31,1.56,1.76,0.64
973.85,22,0.61,0.5,1.44,1.41,0.89,1.66,0.78,0.37,0.36,1.71,1.56,1.31,1.56,1.76,0.64
974.85,22,0.62,0.51,1.46,1.43,0.9,1.68,0.8,0.38,0.37,1.71,1.57,1.33,1.57,1.77,0.65
975.85,22,0.61,0.5,1.44,1.4,0.89,1.67,0.77,0.36,0.36,1.71,1.56,1.31,1.56,1.75,0.63
976.85,22,0.62,0.51,1.46,1.41,0.9,1.67,0.79,0.37,0.37,1.7,1.57,1.31,1.56,1.77,0.65
977.87,22,0.62,0.5,1.46,1.41,0.9,1.68,0.79,0.38,0.36,1.7,1.57,1.31,1.57,1.77,0.64
978.87,22,0.61,0.49,1.45,1.41,0.89,1.67,0.78,0.37,0.36,1.71,1.57,1.32,1.56,1.77,0.64
979.87,22,0.61,0.5,1.44,1.41,0.89,1.67,0.77,0.36,0.36,1.7,1.55,1.32,1.56,1.76,0.63
980.87,22,0.6,0.5,1.44,1.41,0.89,1.67,0.78,0.36,0.36,1.71,1.57,1.31,1.55,1.76,0.63
981.88,22,0.6,0.5,1.44,1.42,0.89,1.68,0.77,0.36,0.36,1.7,1.56,1.31,1.56,1.76,0.63
982.88,22,0.6,0.49,1.44,1.41,0.88,1.67,0.77,0.36,0.36,1.7,1.56,1.3,1.55,1.75,0.63
983.9,22,0.6,0.5,1.44,1.4,0.89,1.67,0.78,0.36,0.36,1.7,1.56,1.32,1.55,1.76,0.63
984.9,22,0.6,0.5,1.44,1.41,0.89,1.66,0.78,0.37,0.36,1.7,1.57,1.32,1.56,1.76,0.63
985.9,22,0.61,0.5,1.45,1.41,0.89,1.66,0.79,0.37,0.36,1.7,1.55,1.32,1.56,1.76,0.63
986.9,22,0.6,0.48,1.43,1.4,0.89,1.65,0.77,0.36,0.35,1.69,1.56,1.3,1.56,1.75,0.62
987.9,22,0.6,0.49,1.45,1.41,0.89,1.66,0.77,0.36,0.36,1.7,1.56,1.32,1.56,1.76,0.63
988.9,22,0.6,0.49,1.45,1.4,0.88,1.66,0.78,0.36,0.35,1.7,1.56,1.31,1.56,1.74,0.63
989.9,22,0.61,0.5,1.46,1.4,0.89,1.67,0.79,0.36,0.36,1.7,1.57,1.31,1.56,1.75,0.63
990.9,22,0.61,0.5,1.45,1.4,0.9,1.68,0.79,0.36,0.37,1.7,1.57,1.31,1.56,1.76,0.63
991.92,22,0.62,0.5,1.45,1.42,0.9,1.68,0.79,0.37,0.36,1.72,1.56,1.32,1.56,1.76,0.64
992.92,22,0.61,0.49,1.45,1.4,0.89,1.67,0.77,0.36,0.36,1.7,1.56,1.31,1.56,1.75,0.62
993.92,22,0.6,0.49,1.45,1.41,0.9,1.66,0.79,0.36,0.37,1.69,1.56,1.32,1.56,1.76,0.64
994.92,22,0.61,0.5,1.43,1.41,0.89,1.67,0.78,0.37,0.36,1.69,1.57,1.31,1.55,1.76,0.63
995.92,22,0.6,0.48,1.44,1.4,0.88,1.65,0.78,0.36,0.36,1.7,1.56,1.31,1.54,1.75,0.62
996.93,22,0.59,0.49,1.42,1.39,0.88,1.63,0.77,0.35,0.35,1.68,1.56,1.3,1.55,1.74,0.62
997.93,22,0.6,0.5,1.45,1.4,0.9,1.66,0.78,0.36,0.35,1.7,1.57,1.31,1.56,1.76,0.63
998.93,22,0.6,0.49,1.43,1.41,0.89,1.67,0.78,0.36,0.35,1.7,1.55,1.31,1.55,1.75,0.63
999.93,22,0.6,0.49,1.44,1.41,0.88,1.66,0.78,0.36,0.35,1.7,1.55,1.31,1.55,1.75,0.62
1000.93,22,0.6,0.5,1.45,1.41,0.89,1.67,0.78,0.37,0.36,1.71,1.56,1.32,1.56,1.76,0.63
1001.93,22,0.6,0.49,1.44,1.39,0.89,1.66,0.76,0.35,0.36,1.68,1.55,1.3,1.56,1.75,0.63
1002.95,22,0.61,0.5,1.45,1.41,0.9,1.67,0.79,0.36,0.37,1.71,1.57,1.33,1.56,1.76,0.63
1003.95,22,0.61,0.5,1.45,1.41,0.9,1.67,0.78,0.36,0.37,1.7,1.56,1.3,1.55,1.76,0.64
1004.97,22,0.61,0.51,1.44,1.41,0.9,1.67,0.78,0.37,0.37,1.7,1.57,1.32,1.56,1.76,0.64
1005.97,22,0.61,0.5,1.45,1.41,0.9,1.67,0.78,0.36,0.36,1.7,1.57,1.32,1.56,1.76,0.64
1006.97,22,0.6,0.5,1.44,1.4,0.89,1.67,0.78,0.36,0.36,1.7,1.56,1.31,1.55,1.75,0.62
1007.97,22,0.61,0.5,1.44,1.41,0.89,1.68,0.79,0.37,0.36,1.7,1.57,1.31,1.57,1.76,0.64
1008.97,22,0.61,0.5,1.45,1.41,0.9,1.67,0.78,0.37,0.36,1.71,1.56,1.31,1.57,1.76,0.63
1009.97,22,0.61,0.49,1.45,1.41,0.9,1.66,0.8,0.37,0.36,1.71,1.57,1.32,1.57,1.76,0.64
1010.98,22,0.59,0.49,1.44,1.41,0.89,1.66,0.79,0.36,0.36,1.69,1.56,1.3,1.55,1.75,0.63
1011.98,22,0.61,0.49,1.45,1.41,0.9,1.68,0.78,0.36,0.36,1.71,1.57,1.31,1.55,1.77,0.64
1012.98,22,0.61,0.5,1.44,1.4,0.89,1.67,0.79,0.37,0.36,1.7,1.56,1.31,1.56,1.77,0.63
1013.98,22,0.6,0.5,1.45,1.41,0.89,1.67,0.79,0.37,0.36,1.71,1.57,1.31,1.56,1.75,0.63
1015,22,0.6,0.5,1.44,1.41,0.9,1.66,0.78,0.36,0.36,1.7,1.56,1.31,1.56,1.76,0.63
1016,22,0.6,0.5,1.44,1.41,0.89,1.66,0.77,0.36,0.35,1.71,1.56,1.3,1.56,1.76,0.63
1017,22,0.61,0.5,1.43,1.42,0.9,1.67,0.78,0.36,0.36,1.7,1.57,1.31,1.56,1.77,0.63
1018,22,0.61,0.5,1.44,1.42,0.89,1.66,0.78,0.37,0.35,1.7,1.56,1.31,1.56,1.75,0.62
1019.02,22,0.61,0.5,1.44,1.41,0.89,1.66,0.78,0.37,0.36,1.7,1.56,1.31,1.55,1.76,0.63
1020.02,22,0.61,0.5,1.45,1.4,0.9,1.67,0.78,0.37,0.36,1.7,1.56,1.31,1.56,1.76,0.64
1021.02,22,0.62,0.5,1.45,1.41,0.89,1.67,0.78,0.36,0.37,1.7,1.57,1.32,1.56,1.75,0.63
1022.02,22,0.6,0.5,1.45,1.41,0.9,1.67,0.78,0.37,0.36,1.7,1.56,1.32,1.56,1.76,0.62
1023.02,22,0.61,0.5,1.45,1.41,0.89,1.66,0.77,0.37,0.35,1.7,1.56,1.31,1.57,1.76,0.63
1024.03,22,0.61,0.51,1.46,1.42,0.89,1.68,0.79,0.36,0.36,1.71,1.57,1.32,1.57,1.76,0.64
1025.03,22,0.61,0.49,1.45,1.41,0.9,1.67,0.79,0.37,0.36,1.71,1.56,1.32,1.56,1.75,0.63
1026.03,22,0.6,0.49,1.45,1.4,0.9,1.67,0.78,0.37,0.36,1.69,1.56,1.31,1.56,1.76,0.64
1027.05,22,0.59,0.49,1.45,1.4,0.89,1.68,0.78,0.36,0.36,1.7,1.57,1.32,1.55,1.76,0.63
1028.05,22,0.6,0.49,1.44,1.41,0.9,1.67,0.78,0.36,0.35,1.69,1.56,1.3,1.55,1.76,0.63
1029.05,22,0.59,0.5,1.43,1.4,0.88,1.66,0.77,0.36,0.34,1.7,1.56,1.31,1.55,1.74,0.62
1030.05,22,0.6,0.49,1.44,1.41,0.9,1.67,0.78,0.37,0.36,1.7,1.57,1.31,1.56,1.77,0.62
1031.07,22,0.59,0.49,1.43,1.39,0.89,1.66,0.76,0.35,0.34,1.69,1.54,1.3,1.54,1.75,0.61
1032.07,22,0.6,0.49,1.44,1.4,0.89,1.66,0.77,0.36,0.35,1.71,1.57,1.31,1.56,1.75,0.63
1033.07,22,0.62,0.51,1.46,1.41,0.9,1.67,0.79,0.37,0.37,1.7,1.57,1.32,1.58,1.77,0.64
1034.07,22,0.6,0.5,1.44,1.4,0.88,1.66,0.77,0.34,0.34,1.7,1.56,1.31,1.54,1.75,0.62
1035.07,22,0.61,0.51,1.45,1.42,0.9,1.67,0.79,0.37,0.37,1.71,1.57,1.32,1.55,1.77,0.64
1036.07,22,0.61,0.5,1.45,1.39,0.9,1.67,0.78,0.37,0.37,1.7,1.56,1.31,1.56,1.76,0.63
1037.08,22,0.6,0.49,1.45,1.41,0.89,1.67,0.78,0.36,0.36,1.71,1.57,1.32,1.56,1.76,0.63
1038.08,22,0.61,0.5,1.45,1.41,0.89,1.67,0.79,0.36,0.36,1.71,1.56,1.32,1.56,1.76,0.63
1039.08,22,0.62,0.51,1.45,1.41,0.9,1.68,0.79,0.37,0.36,1.71,1.57,1.32,1.57,1.77,0.64
1040.08,22,0.61,0.5,1.45,1.41,0.89,1.68,0.8,0.36,0.37,1.71,1.57,1.32,1.56,1.77,0.64
1041.1,22,0.6,0.49,1.44,1.41,0.89,1.66,0.79,0.37,0.36,1.69,1.56,1.31,1.55,1.76,0.64
1042.1,22,0.6,0.49,1.44,1.41,0.9,1.67,0.78,0.37,0.35,1.69,1.57,1.31,1.55,1.75,0.63
1043.1,22,0.6,0.49,1.44,1.4,0.89,1.65,0.77,0.35,0.35,1.7,1.56,1.3,1.55,1.76,0.62
1044.12,22,0.61,0.51,1.45,1.42,0.91,1.67,0.79,0.37,0.36,1.7,1.57,1.32,1.56,1.77,0.63
1045.12,22,0.6,0.49,1.43,1.4,0.89,1.66,0.78,0.36,0.34,1.7,1.56,1.3,1.55,1.75,0.62
1046.12,22,0.6,0.49,1.44,1.4,0.89,1.66,0.78,0.36,0.35,1.7,1.56,1.31,1.54,1.76,0.63
1047.12,22,0.6,0.49,1.43,1.4,0.88,1.66,0.76,0.36,0.34,1.69,1.56,1.3,1.55,1.75,0.62
1048.12,22,0.6,0.5,1.44,1.4,0.9,1.66,0.78,0.36,0.35,1.7,1.56,1.3,1.55,1.76,0.63
1049.12,22,0.61,0.5,1.45,1.41,0.9,1.67,0.79,0.37,0.36,1.7,1.57,1.31,1.57,1.76,0.64
1050.12,22,0.61,0.5,1.45,1.42,0.9,1.66,0.79,0.37,0.37,1.7,1.57,1.32,1.56,1.76,0.64
1051.13,22,0.61,0.5,1.45,1.4,0.89,1.66,0.77,0.35,0.36,1.7,1.55,1.31,1.55,1.76,0.63
1052.13,22,0.61,0.5,1.44,1.41,0.9,1.67,0.77,0.36,0.36,1.71,1.56,1.31,1.56,1.76,0.63
1053.13,22,0.62,0.5,1.45,1.41,0.9,1.67,0.79,0.37,0.36,1.71,1.56,1.32,1.57,1.77,0.64
1054.15,22,0.61,0.49,1.44,1.39,0.89,1.65,0.78,0.36,0.36,1.71,1.56,1.3,1.57,1.76,0.63
1055.15,22,0.61,0.51,1.45,1.41,0.9,1.68,0.79,0.37,0.37,1.71,1.57,1.31,1.56,1.76,0.64
1056.15,22,0.61,0.48,1.44,1.42,0.9,1.66,0.78,0.37,0.36,1.71,1.56,1.31,1.55,1.76,0.63
1057.15,22,0.59,0.49,1.43,1.39,0.88,1.66,0.77,0.36,0.34,1.69,1.55,1.31,1.55,1.75,0.61
1058.15,22,0.6,0.48,1.43,1.4,0.9,1.66,0.78,0.36,0.34,1.7,1.56,1.31,1.55,1.76,0.63
1059.17,22,0.6,0.5,1.43,1.41,0.89,1.67,0.78,0.37,0.36,1.71,1.57,1.32,1.56,1.76,0.63
1060.17,22,0.6,0.48,1.44,1.4,0.89,1.66,0.78,0.36,0.35,1.7,1.56,1.31,1.56,1.76,0.63
1061.17,22,0.6,0.5,1.44,1.41,0.9,1.67,0.79,0.37,0.36,1.71,1.57,1.3,1.55,1.76,0.63
1062.17,22,0.61,0.49,1.44,1.4,0.89,1.67,0.77,0.36,0.36,1.69,1.56,1.31,1.56,1.76,0.63
1063.18,22,0.6,0.5,1.44,1.39,0.88,1.66,0.78,0.36,0.35,1.69,1.55,1.29,1.54,1.76,0.62
1064.18,22,0.6,0.5,1.44,1.41,0.88,1.66,0.78,0.36,0.36,1.71,1.56,1.31,1.55,1.75,0.63
1065.18,22,0.61,0.5,1.45,1.42,0.9,1.67,0.79,0.37,0.36,1.71,1.57,1.32,1.57,1.76,0.63
1066.2,22,0.61,0.5,1.44,1.4,0.89,1.65,0.78,0.36,0.36,1.69,1.55,1.3,1.55,1.76,0.63
1067.2,22,0.61,0.51,1.45,1.41,0.9,1.68,0.79,0.37,0.37,1.7,1.57,1.32,1.57,1.77,0.63
1068.2,22,0.6,0.5,1.44,1.4,0.89,1.68,0.78,0.36,0.36,1.71,1.57,1.31,1.56,1.76,0.63
1069.2,22,0.62,0.5,1.46,1.42,0.9,1.68,0.79,0.37,0.37,1.71,1.58,1.32,1.56,1.77,0.64
1070.2,22,0.61,0.5,1.45,1.41,0.89,1.66,0.77,0.35,0.36,1.7,1.56,1.3,1.56,1.76,0.63
1071.2,22,0.61,0.5,1.44,1.41,0.89,1.67,0.78,0.36,0.37,1.7,1.57,1.32,1.57,1.76,0.64
1072.2,22,0.6,0.49,1.43,1.4,0.89,1.66,0.78,0.36,0.36,1.7,1.56,1.31,1.54,1.75,0.63
1073.22,22,0.59,0.49,1.44,1.41,0.89,1.66,0.78,0.37,0.35,1.7,1.55,1.31,1.55,1.76,0.63
1074.22,22,0.59,0.49,1.42,1.41,0.87,1.65,0.77,0.35,0.34,1.7,1.56,1.3,1.55,1.75,0.62
1075.22,22,0.61,0.49,1.44,1.41,0.88,1.67,0.77,0.37,0.36,1.69,1.56,1.32,1.56,1.76,0.63
1076.22,22,0.6,0.49,1.43,1.4,0.89,1.65,0.77,0.36,0.35,1.7,1.56,1.3,1.55,1.76,0.62
1077.23,22,0.6,0.5,1.44,1.41,0.89,1.66,0.78,0.37,0.36,1.7,1.57,1.3,1.56,1.76,0.63
1078.23,22,0.6,0.5,1.45,1.4,0.89,1.67,0.78,0.36,0.35,1.7,1.56,1.31,1.55,1.75,0.63
1079.23,22,0.6,0.49,1.44,1.41,0.89,1.67,0.78,0.35,0.36,1.69,1.56,1.29,1.55,1.75,0.63
1080.23,22,0.61,0.5,1.44,1.4,0.9,1.67,0.78,0.36,0.35,1.7,1.57,1.31,1.56,1.77,0.63
1081.25,22,0.6,0.5,1.44,1.4,0.89,1.66,0.78,0.36,0.35,1.71,1.55,1.32,1.56,1.76,0.63
1082.25,22,0.61,0.5,1.44,1.4,0.9,1.66,0.78,0.36,0.35,1.7,1.56,1.31,1.56,1.75,0.63
1083.25,22,0.61,0.51,1.45,1.42,0.89,1.67,0.79,0.37,0.36,1.71,1.56,1.32,1.55,1.75,0.64
1084.25,22,0.61,0.51,1.45,1.41,0.9,1.67,0.79,0.36,0.35,1.71,1.57,1.32,1.56,1.76,0.63
1085.25,22,0.61,0.5,1.45,1.41,0.89,1.67,0.78,0.37,0.36,1.69,1.56,1.31,1.56,1.77,0.63
1086.25,22,0.61,0.5,1.45,1.41,0.89,1.67,0.79,0.37,0.35,1.71,1.56,1.31,1.56,1.76,0.63
1087.25,22,0.6,0.49,1.44,1.4,0.88,1.67,0.78,0.35,0.35,1.71,1.56,1.31,1.55,1.76,0.62
1088.27,22,0.59,0.49,1.44,1.4,0.88,1.66,0.78,0.37,0.35,1.7,1.56,1.31,1.56,1.75,0.62
1089.27,22,0.6,0.49,1.43,1.41,0.89,1.65,0.78,0.37,0.35,1.7,1.56,1.31,1.56,1.76,0.63
1090.28,22,0.61,0.49,1.45,1.42,0.9,1.67,0.78,0.38,0.35,1.7,1.57,1.31,1.56,1.76,0.64
1091.28,22,0.61,0.5,1.45,1.41,0.89,1.67,0.78,0.36,0.36,1.71,1.56,1.31,1.56,1.76,0.63
1092.28,22,0.59,0.49,1.43,1.4,0.88,1.65,0.77,0.35,0.35,1.68,1.55,1.3,1.54,1.75,0.62
1093.3,22,0.61,0.49,1.45,1.41,0.9,1.67,0.78,0.37,0.35,1.7,1.57,1.31,1.56,1.76,0.63
1094.3,22,0.6,0.5,1.45,1.41,0.89,1.65,0.78,0.35,0.36,1.7,1.56,1.31,1.56,1.75,0.63
1095.3,22,0.59,0.49,1.43,1.39,0.88,1.65,0.77,0.35,0.34,1.69,1.55,1.3,1.55,1.75,0.62
1096.32,22,0.6,0.5,1.44,1.4,0.89,1.67,0.77,0.36,0.35,1.7,1.55,1.3,1.55,1.75,0.62
1097.32,22,0.61,0.5,1.44,1.42,0.9,1.65,0.79,0.36,0.36,1.71,1.57,1.31,1.56,1.77,0.64
1098.33,22,0.6,0.5,1.44,1.4,0.89,1.67,0.78,0.36,0.35,1.7,1.56,1.3,1.55,1.75,0.62
1099.33,22,0.61,0.5,1.45,1.4,0.9,1.66,0.79,0.37,0.36,1.71,1.56,1.32,1.56,1.77,0.63
1100.33,22,0.61,0.5,1.45,1.41,0.89,1.67,0.79,0.36,0.37,1.7,1.57,1.32,1.56,1.77,0.63
1101.33,22,0.61,0.5,1.45,1.4,0.89,1.67,0.79,0.36,0.36,1.7,1.56,1.31,1.56,1.76,0.63
1102.33,22,0.6,0.48,1.44,1.41,0.89,1.66,0.78,0.36,0.35,1.71,1.56,1.31,1.55,1.76,0.63
1103.35,22,0.6,0.49,1.42,1.4,0.9,1.65,0.78,0.36,0.36,1.7,1.55,1.3,1.55,1.77,0.63
1104.35,22,0.59,0.49,1.44,1.4,0.89,1.65,0.78,0.36,0.34,1.7,1.57,1.31,1.55,1.75,0.62
1105.35,22,0.6,0.49,1.45,1.4,0.88,1.66,0.78,0.37,0.36,1.7,1.57,1.31,1.55,1.76,0.62
1106.35,22,0.6,0.49,1.44,1.41,0.89,1.67,0.78,0.36,0.36,1.69,1.56,1.31,1.56,1.76,0.62
1107.35,22,0.59,0.48,1.44,1.4,0.88,1.66,0.77,0.36,0.36,1.69,1.56,1.31,1.55,1.75,0.62
1108.35,22,0.6,0.5,1.44,1.41,0.89,1.66,0.78,0.36,0.35,1.69,1.57,1.31,1.56,1.75,0.64
1109.35,22,0.6,0.5,1.44,1.4,0.89,1.67,0.78,0.37,0.36,1.7,1.57,1.3,1.57,1.77,0.62
1110.35,22,0.6,0.5,1.44,1.4,0.9,1.66,0.79,0.37,0.36,1.7,1.57,1.32,1.56,1.76,0.64
1111.37,22,0.61,0.5,1.45,1.4,0.88,1.67,0.79,0.37,0.37,1.7,1.57,1.31,1.56,1.76,0.64
1112.37,22,0.6,0.5,1.45,1.41,0.89,1.66,0.77,0.36,0.35,1.7,1.56,1.31,1.55,1.76,0.62
1113.37,22,0.61,0.5,1.44,1.4,0.89,1.67,0.78,0.35,0.36,1.7,1.56,1.31,1.56,1.76,0.63
1114.37,22,0.62,0.5,1.46,1.42,0.89,1.68,0.79,0.36,0.36,1.7,1.57,1.32,1.57,1.77,0.64
1115.37,22,0.61,0.5,1.44,1.41,0.89,1.65,0.79,0.36,0.35,1.71,1.56,1.31,1.56,1.77,0.63
1116.37,22,0.6,0.5,1.45,1.41,0.9,1.67,0.8,0.37,0.36,1.7,1.57,1.32,1.56,1.77,0.64
1117.38,22,0.6,0.5,1.44,1.42,0.89,1.66,0.78,0.37,0.36,1.71,1.56,1.31,1.56,1.76,0.63
1118.38,22,0.59,0.49,1.44,1.4,0.88,1.66,0.77,0.36,0.35,1.71,1.56,1.3,1.55,1.76,0.63
1119.38,22,0.6,0.49,1.44,1.41,0.89,1.67,0.78,0.37,0.35,1.7,1.57,1.3,1.55,1.77,0.63
1120.38,22,0.6,0.49,1.44,1.41,0.9,1.67,0.79,0.36,0.37,1.7,1.57,1.32,1.55,1.76,0.63
1121.4,22,0.6,0.5,1.44,1.4,0.89,1.66,0.79,0.36,0.35,1.69,1.56,1.31,1.56,1.77,0.64
1122.4,22,0.6,0.5,1.45,1.41,0.89,1.66,0.79,0.37,0.36,1.7,1.56,1.31,1.56,1.76,0.63
1123.4,22,0.6,0.5,1.44,1.41,0.9,1.67,0.78,0.36,0.36,1.7,1.57,1.31,1.56,1.77,0.63
1124.42,22,0.6,0.5,1.44,1.4,0.88,1.66,0.78,0.35,0.36,1.7,1.57,1.31,1.56,1.77,0.63
1125.42,22,0.6,0.5,1.44,1.4,0.88,1.67,0.78,0.36,0.35,1.69,1.55,1.3,1.55,1.75,0.63
1126.42,22,0.61,0.5,1.45,1.41,0.89,1.66,0.79,0.37,0.36,1.7,1.57,1.31,1.56,1.76,0.64
1127.43,22,0.61,0.5,1.45,1.4,0.9,1.67,0.79,0.36,0.35,1.71,1.57,1.32,1.56,1.76,0.63
1128.43,22,0.6,0.5,1.44,1.41,0.88,1.67,0.78,0.36,0.36,1.69,1.56,1.3,1.55,1.75,0.63
1129.43,22,0.61,0.49,1.45,1.4,0.89,1.66,0.77,0.36,0.35,1.71,1.56,1.3,1.55,1.75,0.64
1130.43,22,0.61,0.5,1.45,1.4,0.9,1.67,0.79,0.36,0.36,1.7,1.56,1.32,1.57,1.77,0.63
1131.43,22,0.6,0.5,1.43,1.4,0.9,1.67,0.78,0.36,0.35,1.7,1.56,1.31,1.55,1.76,0.63
1132.43,22,0.59,0.48,1.43,1.39,0.88,1.63,0.77,0.35,0.35,1.7,1.56,1.3,1.54,1.76,0.63
1133.43,22,0.59,0.48,1.43,1.4,0.88,1.65,0.78,0.35,0.35,1.69,1.56,1.31,1.55,1.75,0.63
1134.43,22,0.59,0.48,1.43,1.4,0.88,1.65,0.77,0.35,0.34,1.69,1.56,1.3,1.55,1.76,0.63
1135.43,22,0.6,0.49,1.43,1.4,0.89,1.67,0.78,0.36,0.34,1.7,1.56,1.31,1.55,1.76,0.62
1136.45,22,0.6,0.49,1.44,1.41,0.89,1.65,0.79,0.36,0.35,1.7,1.56,1.3,1.56,1.75,0.63
1137.45,22,0.6,0.5,1.44,1.4,0.9,1.67,0.77,0.36,0.34,1.7,1.55,1.3,1.55,1.75,0.63
1138.45,22,0.6,0.49,1.44,1.41,0.89,1.66,0.77,0.36,0.35,1.69,1.56,1.3,1.56,1.76,0.63
1139.45,22,0.6,0.48,1.43,1.4,0.88,1.67,0.77,0.36,0.36,1.7,1.56,1.3,1.55,1.76,0.63
1140.47,22,0.6,0.5,1.43,1.41,0.89,1.67,0.77,0.36,0.35,1.69,1.55,1.31,1.56,1.76,0.63
1141.47,22,0.6,0.49,1.43,1.41,0.9,1.67,0.77,0.36,0.35,1.69,1.56,1.31,1.55,1.76,0.62
1142.47,22,0.6,0.49,1.44,1.4,0.88,1.67,0.78,0.36,0.35,1.7,1.56,1.31,1.56,1.75,0.63
1143.47,22,0.6,0.49,1.45,1.41,0.89,1.65,0.78,0.36,0.34,1.71,1.55,1.31,1.56,1.75,0.63
1144.48,22,0.61,0.5,1.45,1.41,0.9,1.65,0.78,0.36,0.36,1.69,1.55,1.3,1.56,1.75,0.63
1145.48,22,0.61,0.5,1.44,1.41,0.9,1.68,0.78,0.36,0.36,1.7,1.56,1.31,1.56,1.77,0.63
1146.48,22,0.59,0.48,1.43,1.4,0.88,1.66,0.78,0.35,0.34,1.68,1.56,1.29,1.55,1.75,0.62
1147.48,22,0.6,0.49,1.44,1.4,0.89,1.65,0.77,0.36,0.35,1.69,1.57,1.3,1.54,1.75,0.63
1148.48,22,0.59,0.49,1.43,1.41,0.89,1.66,0.78,0.35,0.35,1.69,1.56,1.3,1.55,1.76,0.62
1149.5,22,0.59,0.49,1.44,1.41,0.88,1.67,0.78,0.36,0.35,1.7,1.57,1.29,1.56,1.76,0.63
1150.5,22,0.59,0.49,1.43,1.38,0.88,1.65,0.77,0.35,0.33,1.68,1.55,1.29,1.55,1.75,0.61
1151.5,22,0.59,0.49,1.44,1.4,0.89,1.65,0.78,0.36,0.34,1.7,1.57,1.3,1.55,1.76,0.62
1152.5,22,0.6,0.5,1.44,1.41,0.89,1.65,0.77,0.36,0.36,1.71,1.56,1.31,1.55,1.77,0.63
1153.5,22,0.6,0.49,1.44,1.4,0.89,1.66,0.78,0.35,0.35,1.69,1.56,1.31,1.55,1.75,0.63
1154.5,22,0.6,0.49,1.44,1.4,0.88,1.66,0.77,0.35,0.35,1.71,1.55,1.29,1.55,1.75,0.62
1155.52,22,0.6,0.5,1.43,1.41,0.89,1.65,0.77,0.36,0.35,1.7,1.57,1.31,1.55,1.76,0.63
1156.52,22,0.61,0.5,1.44,1.41,0.89,1.67,0.79,0.37,0.36,1.69,1.57,1.31,1.56,1.77,0.63
1157.52,22,0.6,0.49,1.43,1.4,0.89,1.67,0.78,0.36,0.35,1.7,1.56,1.3,1.55,1.76,0.63
1158.52,22,0.6,0.49,1.43,1.4,0.89,1.66,0.78,0.35,0.36,1.69,1.56,1.3,1.55,1.75,0.63
1159.53,22,0.6,0.5,1.45,1.4,0.89,1.65,0.78,0.35,0.36,1.69,1.56,1.31,1.55,1.76,0.62
1160.53,22,0.61,0.5,1.45,1.41,0.9,1.67,0.79,0.37,0.36,1.71,1.57,1.31,1.56,1.77,0.64
1161.53,22,0.59,0.48,1.43,1.39,0.88,1.65,0.78,0.36,0.34,1.69,1.55,1.31,1.54,1.76,0.62
1162.53,22,0.59,0.49,1.43,1.4,0.88,1.66,0.78,0.36,0.35,1.68,1.56,1.3,1.55,1.76,0.63
1163.53,22,0.61,0.5,1.44,1.42,0.9,1.67,0.78,0.37,0.36,1.69,1.57,1.31,1.56,1.77,0.63
1164.55,22,0.59,0.48,1.43,1.4,0.89,1.65,0.77,0.36,0.34,1.69,1.55,1.3,1.54,1.75,0.61
1165.55,22,0.6,0.49,1.43,1.4,0.88,1.66,0.77,0.35,0.34,1.69,1.56,1.29,1.54,1.76,0.63
1166.55,22,0.59,0.49,1.43,1.4,0.89,1.66,0.78,0.36,0.35,1.69,1.56,1.3,1.54,1.75,0.63
1167.55,22,0.59,0.48,1.43,1.4,0.89,1.66,0.78,0.36,0.35,1.7,1.55,1.31,1.55,1.76,0.62
1168.57,22,0.59,0.49,1.44,1.39,0.89,1.66,0.77,0.35,0.35,1.71,1.56,1.3,1.56,1.76,0.62
1169.57,22,0.6,0.49,1.44,1.4,0.9,1.66,0.78,0.35,0.36,1.7,1.56,1.31,1.56,1.77,0.63
1170.57,22,0.6,0.5,1.45,1.4,0.89,1.67,0.78,0.37,0.36,1.7,1.56,1.32,1.57,1.75,0.63
1171.57,22,0.61,0.49,1.44,1.4,0.89,1.66,0.79,0.36,0.35,1.7,1.56,1.3,1.55,1.76,0.62
1172.57,22,0.6,0.49,1.45,1.41,0.9,1.65,0.78,0.36,0.36,1.69,1.56,1.31,1.56,1.76,0.64
1173.58,22,0.6,0.5,1.45,1.4,0.88,1.67,0.78,0.36,0.35,1.69,1.55,1.3,1.56,1.76,0.63
1174.58,22,0.61,0.5,1.45,1.41,0.9,1.67,0.78,0.36,0.36,1.7,1.57,1.31,1.56,1.77,0.63
1175.58,22,0.6,0.49,1.43,1.4,0.89,1.66,0.78,0.36,0.35,1.69,1.56,1.3,1.55,1.76,0.63
1176.58,22,0.59,0.48,1.43,1.4,0.88,1.65,0.78,0.36,0.35,1.7,1.57,1.31,1.56,1.77,0.62
1177.58,22,0.6,0.49,1.44,1.4,0.89,1.65,0.78,0.36,0.34,1.7,1.56,1.3,1.56,1.76,0.63
1178.58,22,0.59,0.49,1.42,1.4,0.88,1.66,0.78,0.36,0.34,1.69,1.56,1.31,1.54,1.76,0.62
1179.58,22,0.6,0.48,1.44,1.4,0.89,1.66,0.78,0.35,0.35,1.7,1.55,1.3,1.55,1.76,0.63
1180.58,22,0.59,0.48,1.44,1.4,0.88,1.66,0.77,0.35,0.35,1.69,1.56,1.3,1.55,1.75,0.62
1181.6,22,0.6,0.48,1.44,1.41,0.89,1.67,0.79,0.36,0.36,1.69,1.56,1.3,1.56,1.76,0.63
1182.6,22,0.59,0.49,1.44,1.4,0.88,1.66,0.78,0.36,0.35,1.69,1.56,1.31,1.56,1.75,0.62
1183.6,22,0.6,0.48,1.44,1.4,0.89,1.66,0.79,0.36,0.36,1.69,1.56,1.3,1.55,1.76,0.62
1184.6,22,0.6,0.48,1.43,1.39,0.89,1.66,0.78,0.35,0.34,1.7,1.55,1.3,1.55,1.75,0.62
1185.6,22,0.61,0.5,1.45,1.41,0.9,1.66,0.78,0.37,0.36,1.7,1.56,1.31,1.57,1.76,0.63
1186.6,22,0.6,0.49,1.44,1.41,0.88,1.66,0.78,0.36,0.36,1.69,1.56,1.31,1.55,1.76,0.63
1187.6,22,0.6,0.5,1.45,1.41,0.9,1.68,0.78,0.36,0.36,1.7,1.56,1.3,1.57,1.77,0.63
1188.6,22,0.62,0.51,1.45,1.4,0.9,1.68,0.79,0.36,0.36,1.72,1.57,1.3,1.57,1.77,0.63
1189.62,22,0.59,0.49,1.43,1.39,0.89,1.66,0.77,0.35,0.34,1.69,1.56,1.3,1.56,1.75,0.63
1190.62,22,0.59,0.49,1.43,1.41,0.89,1.67,0.79,0.36,0.35,1.69,1.56,1.31,1.55,1.76,0.62
1191.62,22,0.59,0.48,1.43,1.4,0.88,1.66,0.77,0.36,0.34,1.69,1.55,1.3,1.55,1.75,0.62
1192.62,22,0.59,0.49,1.43,1.4,0.89,1.66,0.78,0.36,0.34,1.69,1.56,1.31,1.55,1.76,0.61
1193.62,22,0.59,0.49,1.43,1.41,0.89,1.66,0.78,0.35,0.34,1.7,1.56,1.3,1.55,1.75,0.63
1194.63,22,0.59,0.49,1.44,1.4,0.89,1.66,0.78,0.36,0.35,1.69,1.56,1.3,1.54,1.76,0.62
1195.63,22,0.6,0.48,1.43,1.41,0.88,1.66,0.78,0.36,0.35,1.69,1.54,1.31,1.54,1.75,0.63
1196.63,22,0.61,0.5,1.45,1.41,0.9,1.66,0.78,0.36,0.36,1.7,1.56,1.31,1.56,1.77,0.62
1197.63,22,0.6,0.48,1.44,1.4,0.89,1.65,0.78,0.36,0.36,1.7,1.55,1.31,1.55,1.76,0.62
1198.63,22,0.59,0.49,1.44,1.4,0.89,1.65,0.78,0.35,0.35,1.69,1.55,1.3,1.55,1.75,0.62
1199.63,22,0.6,0.49,1.44,1.4,0.89,1.66,0.78,0.36,0.36,1.69,1.55,1.31,1.55,1.75,0.62
1200.63,22,0.61,0.5,1.45,1.41,0.89,1.67,0.78,0.37,0.36,1.71,1.57,1.31,1.55,1.76,0.63
1201.65,22,0.62,0.51,1.46,1.41,0.89,1.68,0.79,0.36,0.37,1.71,1.57,1.32,1.56,1.77,0.64
1202.65,22,0.6,0.5,1.44,1.41,0.9,1.66,0.78,0.36,0.36,1.7,1.57,1.31,1.56,1.76,0.63
1203.65,22,0.6,0.51,1.45,1.41,0.9,1.66,0.79,0.36,0.36,1.71,1.58,1.32,1.57,1.77,0.63
1204.65,22,0.59,0.48,1.44,1.4,0.89,1.65,0.79,0.36,0.35,1.69,1.55,1.3,1.56,1.76,0.63
1205.65,22,0.6,0.49,1.44,1.4,0.89,1.66,0.79,0.36,0.35,1.7,1.57,1.31,1.56,1.77,0.63
1206.65,22,0.59,0.49,1.43,1.4,0.89,1.66,0.78,0.36,0.35,1.7,1.55,1.3,1.54,1.75,0.63
1207.65,22,0.59,0.49,1.44,1.39,0.89,1.66,0.78,0.35,0.35,1.69,1.56,1.31,1.55,1.76,0.62
1208.67,22,0.6,0.49,1.43,1.4,0.89,1.65,0.78,0.37,0.35,1.69,1.56,1.31,1.54,1.75,0.63
1209.67,22,0.6,0.49,1.43,1.4,0.88,1.63,0.77,0.35,0.34,1.69,1.56,1.29,1.55,1.75,0.61
1210.67,22,0.61,0.5,1.44,1.4,0.89,1.66,0.78,0.36,0.35,1.7,1.57,1.31,1.55,1.76,0.63
1211.67,22,0.6,0.49,1.45,1.4,0.9,1.66,0.78,0.36,0.35,1.69,1.55,1.32,1.56,1.76,0.63
1212.67,22,0.6,0.49,1.44,1.4,0.88,1.67,0.77,0.36,0.35,1.7,1.57,1.31,1.55,1.75,0.63
1213.67,22,0.61,0.49,1.45,1.41,0.89,1.67,0.78,0.36,0.35,1.69,1.56,1.3,1.56,1.76,0.63
1214.68,22,0.6,0.49,1.44,1.41,0.89,1.66,0.77,0.35,0.35,1.69,1.56,1.31,1.55,1.76,0.62
1215.68,22,0.61,0.5,1.45,1.42,0.9,1.67,0.8,0.36,0.36,1.71,1.57,1.32,1.56,1.76,0.64
1216.68,22,0.61,0.5,1.45,1.4,0.89,1.66,0.79,0.37,0.36,1.7,1.56,1.31,1.56,1.75,0.64
1217.68,22,0.61,0.49,1.44,1.41,0.89,1.67,0.8,0.37,0.35,1.7,1.56,1.32,1.56,1.76,0.64
1218.68,22,0.61,0.5,1.45,1.42,0.9,1.66,0.8,0.37,0.36,1.71,1.57,1.31,1.56,1.77,0.64
1219.68,22,0.6,0.49,1.44,1.4,0.9,1.66,0.78,0.36,0.35,1.69,1.56,1.31,1.55,1.77,0.63
1220.68,22,0.59,0.48,1.43,1.39,0.87,1.65,0.78,0.35,0.33,1.7,1.56,1.3,1.55,1.76,0.63
1221.68,22,0.59,0.48,1.43,1.4,0.88,1.65,0.77,0.36,0.35,1.7,1.55,1.3,1.55,1.74,0.62
1222.7,22,0.59,0.49,1.43,1.4,0.88,1.65,0.78,0.35,0.34,1.69,1.57,1.3,1.55,1.76,0.63
1223.7,22,0.6,0.49,1.44,1.4,0.89,1.66,0.78,0.36,0.35,1.7,1.56,1.31,1.55,1.76,0.63
1224.7,22,0.6,0.5,1.44,1.4,0.89,1.66,0.77,0.37,0.36,1.7,1.56,1.3,1.56,1.75,0.63
1225.7,22,0.6,0.5,1.44,1.41,0.9,1.66,0.78,0.36,0.35,1.7,1.55,1.3,1.55,1.75,0.63
1226.7,22,0.6,0.49,1.44,1.4,0.89,1.67,0.78,0.36,0.35,1.7,1.56,1.3,1.56,1.76,0.62
1227.7,22,0.6,0.49,1.44,1.39,0.88,1.65,0.78,0.36,0.35,1.69,1.56,1.29,1.56,1.74,0.62
1228.72,22,0.6,0.51,1.44,1.41,0.9,1.67,0.79,0.37,0.36,1.7,1.57,1.32,1.56,1.75,0.63
1229.72,22,0.61,0.5,1.45,1.41,0.89,1.65,0.78,0.36,0.36,1.7,1.56,1.31,1.56,1.76,0.63
1230.72,22,0.62,0.5,1.45,1.41,0.89,1.67,0.79,0.37,0.36,1.7,1.57,1.31,1.57,1.76,0.64
1231.72,22,0.6,0.49,1.45,1.4,0.89,1.66,0.77,0.36,0.35,1.69,1.56,1.31,1.56,1.75,0.62
1232.72,22,0.6,0.49,1.44,1.41,0.9,1.67,0.79,0.36,0.36,1.71,1.56,1.31,1.56,1.77,0.64
1233.72,22,0.59,0.49,1.43,1.4,0.9,1.66,0.77,0.35,0.35,1.69,1.56,1.29,1.55,1.76,0.63
1234.73,22,0.59,0.49,1.44,1.41,0.88,1.66,0.78,0.36,0.34,1.69,1.56,1.3,1.55,1.76,0.63
1235.73,22,0.59,0.49,1.43,1.41,0.89,1.67,0.77,0.36,0.35,1.7,1.56,1.3,1.55,1.76,0.63
1236.73,22,0.59,0.48,1.43,1.4,0.88,1.65,0.78,0.36,0.35,1.69,1.56,1.29,1.54,1.75,0.61
1237.73,22,0.59,0.49,1.44,1.4,0.88,1.66,0.77,0.36,0.35,1.69,1.55,1.3,1.54,1.76,0.62
1238.75,22,0.59,0.48,1.44,1.4,0.88,1.66,0.77,0.36,0.35,1.69,1.56,1.3,1.55,1.75,0.62
1239.75,22,0.6,0.49,1.45,1.41,0.88,1.65,0.78,0.36,0.35,1.7,1.56,1.3,1.55,1.77,0.63
1240.75,22,0.6,0.49,1.43,1.39,0.88,1.66,0.78,0.36,0.35,1.7,1.56,1.3,1.55,1.76,0.62
1241.75,22,0.6,0.49,1.44,1.4,0.89,1.66,0.77,0.35,0.34,1.7,1.57,1.31,1.56,1.76,0.62
1242.77,22,0.6,0.5,1.44,1.4,0.88,1.65,0.78,0.36,0.36,1.69,1.57,1.3,1.55,1.76,0.63
1243.77,22,0.6,0.5,1.44,1.41,0.9,1.66,0.78,0.36,0.35,1.7,1.56,1.31,1.56,1.75,0.63
1244.77,22,0.6,0.5,1.45,1.41,0.89,1.66,0.78,0.36,0.36,1.69,1.56,1.31,1.56,1.75,0.64
1245.77,22,0.6,0.5,1.44,1.4,0.89,1.67,0.79,0.36,0.36,1.7,1.56,1.31,1.56,1.75,0.64
1246.77,22,0.6,0.5,1.44,1.4,0.89,1.65,0.79,0.36,0.36,1.7,1.57,1.3,1.56,1.76,0.63
1247.78,22,0.6,0.48,1.43,1.4,0.9,1.65,0.78,0.36,0.35,1.7,1.56,1.3,1.54,1.75,0.63
1248.78,22,0.6,0.49,1.44,1.41,0.9,1.67,0.79,0.36,0.35,1.7,1.57,1.31,1.55,1.77,0.64
1249.78,22,0.59,0.49,1.44,1.4,0.89,1.66,0.79,0.36,0.35,1.7,1.56,1.31,1.54,1.76,0.62
1250.78,22,0.6,0.48,1.43,1.4,0.87,1.63,0.77,0.36,0.35,1.69,1.56,1.29,1.55,1.75,0.62
1251.78,22,0.59,0.48,1.43,1.39,0.87,1.65,0.77,0.35,0.34,1.69,1.55,1.3,1.54,1.75,0.61
1252.8,22,0.6,0.49,1.44,1.39,0.89,1.66,0.79,0.36,0.35,1.7,1.56,1.31,1.54,1.76,0.63
1253.8,22,0.6,0.49,1.43,1.39,0.88,1.67,0.78,0.36,0.35,1.68,1.56,1.3,1.55,1.74,0.61
1254.8,22,0.6,0.49,1.43,1.4,0.88,1.66,0.77,0.34,0.34,1.7,1.55,1.3,1.55,1.76,0.62
1255.8,22,0.6,0.5,1.44,1.4,0.88,1.66,0.78,0.35,0.35,1.7,1.55,1.31,1.55,1.75,0.62
1256.8,22,0.59,0.5,1.44,1.4,0.88,1.66,0.77,0.35,0.35,1.7,1.55,1.3,1.55,1.75,0.63
1257.8,22,0.61,0.51,1.45,1.41,0.89,1.66,0.78,0.38,0.36,1.72,1.56,1.32,1.56,1.77,0.63
1258.8,22,0.61,0.51,1.46,1.41,0.9,1.67,0.78,0.38,0.36,1.71,1.57,1.31,1.56,1.76,0.63
1259.82,22,0.6,0.49,1.45,1.4,0.88,1.66,0.78,0.36,0.36,1.7,1.56,1.31,1.55,1.76,0.63
1260.82,22,0.59,0.49,1.45,1.4,0.89,1.66,0.79,0.36,0.36,1.69,1.56,1.3,1.56,1.75,0.63
1261.82,22,0.59,0.49,1.44,1.4,0.89,1.65,0.78,0.36,0.34,1.7,1.56,1.3,1.56,1.76,0.62
1262.82,22,0.59,0.48,1.43,1.4,0.88,1.63,0.78,0.36,0.34,1.7,1.56,1.3,1.54,1.77,0.63
1263.82,22,0.58,0.48,1.43,1.41,0.88,1.66,0.78,0.36,0.34,1.69,1.57,1.3,1.55,1.75,0.62
1264.82,22,0.59,0.49,1.43,1.41,0.89,1.65,0.78,0.36,0.35,1.69,1.56,1.3,1.55,1.76,0.62
1265.82,22,0.59,0.49,1.43,1.41,0.89,1.65,0.78,0.35,0.35,1.7,1.55,1.3,1.56,1.75,0.62
1266.82,22,0.6,0.49,1.43,1.4,0.88,1.66,0.78,0.36,0.36,1.7,1.56,1.3,1.56,1.76,0.63
1267.82,22,0.59,0.48,1.45,1.41,0.88,1.66,0.78,0.35,0.35,1.7,1.56,1.3,1.55,1.75,0.62
1268.82,22,0.6,0.5,1.43,1.4,0.89,1.66,0.78,0.36,0.35,1.7,1.56,1.31,1.56,1.75,0.63
1269.83,22,0.6,0.49,1.44,1.4,0.89,1.66,0.78,0.36,0.35,1.7,1.56,1.3,1.56,1.76,0.63
1270.83,22,0.6,0.49,1.44,1.4,0.88,1.65,0.78,0.36,0.35,1.69,1.56,1.3,1.56,1.76,0.62
1271.83,22,0.61,0.5,1.44,1.41,0.89,1.66,0.79,0.35,0.35,1.7,1.57,1.31,1.56,1.75,0.64
1272.83,22,0.6,0.5,1.45,1.41,0.9,1.67,0.79,0.37,0.36,1.7,1.56,1.31,1.56,1.76,0.64
1273.83,22,0.61,0.5,1.45,1.41,0.9,1.67,0.79,0.36,0.36,1.7,1.56,1.3,1.55,1.75,0.64
1274.83,22,0.6,0.49,1.44,1.39,0.89,1.63,0.78,0.36,0.33,1.69,1.56,1.29,1.55,1.75,0.62
1275.85,22,0.6,0.49,1.45,1.41,0.89,1.66,0.79,0.37,0.35,1.71,1.56,1.31,1.54,1.76,0.63
1276.85,22,0.6,0.49,1.44,1.41,0.89,1.66,0.79,0.36,0.35,1.7,1.57,1.3,1.56,1.77,0.63
1277.85,22,0.59,0.49,1.43,1.4,0.89,1.66,0.78,0.37,0.34,1.69,1.57,1.3,1.55,1.76,0.63
1278.85,22,0.59,0.49,1.43,1.4,0.87,1.63,0.78,0.36,0.34,1.7,1.55,1.3,1.55,1.75,0.62
1279.85,22,0.6,0.49,1.43,1.41,0.89,1.66,0.78,0.36,0.36,1.7,1.56,1.3,1.55,1.76,0.62
1280.85,22,0.6,0.49,1.44,1.39,0.88,1.66,0.78,0.36,0.34,1.69,1.56,1.3,1.54,1.76,0.62
1281.87,22,0.59,0.48,1.44,1.39,0.88,1.66,0.78,0.36,0.35,1.69,1.56,1.3,1.55,1.75,0.62
1282.87,22,0.59,0.5,1.44,1.4,0.89,1.66,0.79,0.36,0.35,1.7,1.56,1.31,1.56,1.77,0.63
1283.87,22,0.6,0.49,1.44,1.39,0.89,1.66,0.78,0.36,0.35,1.7,1.56,1.31,1.55,1.76,0.63
1284.87,22,0.6,0.5,1.44,1.4,0.88,1.67,0.78,0.36,0.35,1.69,1.55,1.31,1.55,1.75,0.63
1285.87,22,0.61,0.5,1.44,1.4,0.89,1.66,0.78,0.36,0.35,1.7,1.56,1.31,1.56,1.76,0.63
1286.87,22,0.6,0.49,1.45,1.4,0.88,1.66,0.77,0.36,0.36,1.69,1.56,1.31,1.55,1.75,0.62
1287.88,22,0.6,0.5,1.45,1.4,0.89,1.63,0.79,0.35,0.35,1.7,1.56,1.3,1.56,1.76,0.63
1288.88,22,0.6,0.49,1.45,1.39,0.89,1.66,0.78,0.36,0.35,1.69,1.56,1.3,1.56,1.76,0.62
1289.88,22,0.59,0.49,1.43,1.4,0.89,1.66,0.79,0.36,0.35,1.69,1.56,1.3,1.55,1.75,0.62
1290.88,22,0.59,0.48,1.44,1.4,0.89,1.66,0.78,0.36,0.35,1.69,1.56,1.29,1.55,1.75,0.63
1291.88,22,0.59,0.48,1.44,1.41,0.88,1.65,0.78,0.36,0.35,1.69,1.56,1.3,1.55,1.76,0.62
1292.88,22,0.6,0.49,1.43,1.4,0.89,1.66,0.78,0.36,0.35,1.69,1.56,1.29,1.55,1.75,0.62
1293.9,22,0.59,0.48,1.43,1.4,0.89,1.65,0.78,0.36,0.34,1.69,1.56,1.29,1.55,1.76,0.63
1294.9,22,0.59,0.48,1.43,1.41,0.88,1.65,0.78,0.35,0.34,1.69,1.55,1.31,1.55,1.74,0.62
1295.9,22,0.6,0.5,1.44,1.4,0.89,1.66,0.79,0.37,0.36,1.7,1.57,1.31,1.55,1.77,0.63
1296.9,22,0.6,0.49,1.44,1.4,0.89,1.66,0.78,0.36,0.34,1.7,1.56,1.31,1.56,1.76,0.63
1297.9,22,0.6,0.49,1.44,1.4,0.88,1.65,0.78,0.36,0.36,1.69,1.56,1.3,1.55,1.75,0.62
1298.9,22,0.6,0.49,1.44,1.41,0.89,1.67,0.79,0.36,0.35,1.7,1.57,1.31,1.56,1.75,0.63
1299.9,22,0.6,0.5,1.45,1.41,0.89,1.66,0.79,0.37,0.35,1.69,1.56,1.31,1.55,1.76,0.63
1300.9,22,0.61,0.5,1.44,1.41,0.88,1.66,0.78,0.37,0.36,1.69,1.56,1.31,1.56,1.76,0.63
1301.92,22,0.6,0.49,1.44,1.39,0.88,1.65,0.78,0.36,0.34,1.69,1.55,1.3,1.56,1.75,0.62
1302.92,22,0.59,0.49,1.44,1.39,0.88,1.66,0.77,0.35,0.35,1.69,1.55,1.3,1.56,1.76,0.63
1303.92,22,0.61,0.5,1.45,1.4,0.9,1.65,0.79,0.36,0.36,1.71,1.56,1.3,1.56,1.76,0.64
1304.92,22,0.6,0.49,1.44,1.4,0.89,1.67,0.79,0.35,0.34,1.7,1.56,1.3,1.55,1.76,0.63
1305.93,22,0.59,0.49,1.44,1.4,0.89,1.66,0.78,0.36,0.34,1.69,1.56,1.3,1.55,1.75,0.63
1306.93,22,0.6,0.5,1.45,1.4,0.9,1.67,0.79,0.37,0.36,1.7,1.56,1.3,1.56,1.76,0.64
1307.93,22,0.59,0.48,1.43,1.38,0.87,1.66,0.78,0.35,0.34,1.7,1.55,1.3,1.54,1.75,0.62
1308.93,22,0.59,0.48,1.43,1.4,0.89,1.66,0.78,0.37,0.35,1.7,1.56,1.3,1.54,1.76,0.63
1309.93,22,0.59,0.49,1.44,1.41,0.89,1.65,0.78,0.36,0.34,1.69,1.58,1.3,1.55,1.75,0.63
1310.93,22,0.6,0.49,1.43,1.41,0.88,1.66,0.78,0.35,0.35,1.69,1.56,1.31,1.55,1.75,0.63
1311.95,22,0.6,0.49,1.44,1.41,0.9,1.67,0.78,0.36,0.36,1.7,1.56,1.31,1.56,1.77,0.62
1312.95,22,0.58,0.47,1.43,1.39,0.87,1.65,0.77,0.34,0.35,1.7,1.55,1.3,1.54,1.75,0.62
1313.95,22,0.6,0.49,1.44,1.4,0.89,1.66,0.78,0.36,0.36,1.68,1.55,1.31,1.56,1.76,0.63
1314.95,22,0.6,0.5,1.44,1.4,0.88,1.66,0.78,0.35,0.35,1.69,1.55,1.3,1.55,1.76,0.63
1315.95,22,0.61,0.5,1.45,1.4,0.89,1.67,0.78,0.36,0.35,1.7,1.56,1.31,1.55,1.76,0.62
1316.95,22,0.6,0.5,1.44,1.4,0.89,1.66,0.79,0.35,0.35,1.69,1.56,1.31,1.56,1.75,0.63
1317.97,22,0.59,0.49,1.43,1.4,0.88,1.66,0.78,0.35,0.36,1.68,1.55,1.3,1.54,1.74,0.62
1318.97,22,0.61,0.5,1.47,1.41,0.89,1.67,0.79,0.37,0.36,1.7,1.57,1.31,1.56,1.76,0.63
1319.97,22,0.61,0.49,1.45,1.41,0.89,1.67,0.8,0.37,0.35,1.71,1.58,1.31,1.55,1.77,0.63
1320.97,22,0.59,0.49,1.44,1.4,0.88,1.66,0.78,0.35,0.35,1.69,1.55,1.3,1.54,1.76,0.63
1321.97,22,0.6,0.48,1.44,1.4,0.89,1.66,0.79,0.36,0.35,1.69,1.56,1.3,1.56,1.76,0.63
1322.98,22,0.6,0.49,1.44,1.4,0.89,1.63,0.78,0.36,0.35,1.69,1.55,1.31,1.55,1.75,0.62
1323.98,22,0.59,0.48,1.43,1.39,0.88,1.66,0.78,0.36,0.34,1.68,1.55,1.3,1.55,1.75,0.62
1324.98,22,0.59,0.49,1.44,1.4,0.89,1.66,0.78,0.35,0.36,1.69,1.56,1.3,1.55,1.75,0.63
1325.98,22,0.59,0.49,1.43,1.4,0.89,1.66,0.78,0.35,0.35,1.69,1.55,1.3,1.55,1.75,0.63
1326.98,22,0.61,0.48,1.44,1.41,0.89,1.66,0.78,0.36,0.35,1.69,1.56,1.3,1.55,1.76,0.63
1327.98,22,0.6,0.49,1.45,1.4,0.89,1.67,0.78,0.36,0.35,1.7,1.56,1.31,1.56,1.76,0.63
1329,22,0.6,0.5,1.44,1.41,0.89,1.65,0.79,0.36,0.36,1.7,1.56,1.3,1.55,1.77,0.63
1330,22,0.6,0.49,1.44,1.39,0.88,1.65,0.78,0.35,0.34,1.7,1.56,1.3,1.55,1.76,0.63
1331,22,0.6,0.49,1.44,1.4,0.89,1.66,0.77,0.36,0.35,1.7,1.55,1.3,1.55,1.76,0.62
1332,22,0.6,0.49,1.44,1.4,0.88,1.66,0.79,0.35,0.34,1.7,1.56,1.31,1.56,1.75,0.63
1333,22,0.61,0.49,1.44,1.41,0.89,1.66,0.78,0.37,0.36,1.7,1.56,1.31,1.56,1.75,0.63
1334,22,0.59,0.49,1.44,1.4,0.89,1.67,0.79,0.36,0.34,1.71,1.56,1.3,1.56,1.76,0.63
1335,22,0.59,0.49,1.43,1.41,0.88,1.66,0.78,0.36,0.36,1.68,1.55,1.3,1.54,1.75,0.62
1336,22,0.6,0.49,1.44,1.4,0.89,1.65,0.77,0.37,0.35,1.69,1.57,1.3,1.55,1.75,0.62
1337.02,22,0.6,0.49,1.44,1.4,0.9,1.66,0.79,0.36,0.35,1.7,1.56,1.31,1.55,1.76,0.63
1338.02,22,0.58,0.48,1.42,1.39,0.87,1.63,0.77,0.34,0.34,1.69,1.55,1.28,1.54,1.75,0.62
1339.02,22,0.6,0.49,1.44,1.39,0.89,1.66,0.78,0.36,0.34,1.69,1.56,1.3,1.55,1.76,0.63
1340.02,22,0.6,0.49,1.45,1.41,0.89,1.67,0.78,0.36,0.35,1.71,1.57,1.31,1.56,1.76,0.63
1341.02,22,0.6,0.48,1.44,1.41,0.88,1.65,0.78,0.36,0.35,1.7,1.56,1.3,1.55,1.75,0.63
1342.03,22,0.6,0.5,1.45,1.41,0.89,1.67,0.79,0.36,0.35,1.7,1.56,1.31,1.56,1.76,0.63
1343.03,22,0.6,0.49,1.44,1.41,0.89,1.67,0.79,0.36,0.35,1.7,1.56,1.31,1.55,1.75,0.63
1344.03,22,0.6,0.5,1.45,1.41,0.89,1.67,0.79,0.37,0.36,1.71,1.57,1.31,1.57,1.77,0.63
1345.03,22,0.6,0.51,1.45,1.41,0.9,1.67,0.78,0.36,0.36,1.7,1.56,1.31,1.56,1.77,0.64
1346.03,22,0.6,0.5,1.44,1.4,0.89,1.66,0.79,0.35,0.35,1.69,1.56,1.31,1.56,1.75,0.63
1347.03,22,0.6,0.5,1.44,1.4,0.89,1.66,0.79,0.37,0.35,1.7,1.56,1.31,1.54,1.75,0.63
1348.05,22,0.59,0.49,1.43,1.4,0.89,1.66,0.78,0.35,0.35,1.69,1.56,1.29,1.55,1.76,0.63
1349.05,22,0.59,0.48,1.43,1.39,0.88,1.65,0.77,0.36,0.34,1.69,1.55,1.29,1.55,1.76,0.62
1350.05,22,0.59,0.48,1.43,1.4,0.88,1.65,0.78,0.36,0.34,1.69,1.56,1.29,1.55,1.75,0.62
1351.05,22,0.6,0.49,1.43,1.39,0.89,1.66,0.78,0.36,0.35,1.7,1.56,1.3,1.55,1.74,0.62
1352.05,22,0.59,0.49,1.45,1.41,0.89,1.66,0.78,0.36,0.36,1.69,1.57,1.31,1.54,1.75,0.63
1353.07,22,0.59,0.49,1.43,1.4,0.88,1.66,0.78,0.36,0.35,1.68,1.56,1.3,1.55,1.76,0.62
1354.07,22,0.59,0.48,1.44,1.39,0.87,1.66,0.77,0.35,0.34,1.68,1.55,1.29,1.54,1.75,0.61
1355.08,22,0.6,0.5,1.45,1.41,0.89,1.65,0.78,0.36,0.35,1.7,1.56,1.31,1.56,1.76,0.62
