Time,T,OTU16_R1,OTU17_R1,OTU18_R1,OTU16_R2,OTU17_R2,OTU18_R2,OTU16_R3,OTU17_R3,OTU18_R3,OTU16_R4,OTU17_R4,OTU18_R4,OTU16_R5,OTU17_R5,OTU18_R5
0.03,42,4.19,3.8,3.58,4.04,3.84,3.62,3.96,3.72,3.84,3.29,3.95,3.56,3.82,3.54,3.42
1.03,42,4.31,3.84,3.73,4.15,3.93,3.61,4.08,3.83,3.9,3.44,3.98,3.64,4.03,3.67,3.5
2.03,42,4.48,3.97,3.99,4.32,4.16,3.73,4.22,4,4.12,3.64,4.1,3.88,4.3,3.88,3.69
3.03,42,4.7,4.12,4.27,4.51,4.38,3.93,4.39,4.18,4.36,3.92,4.29,4.14,4.56,4.07,3.92
4.03,42,4.91,4.31,4.55,4.68,4.54,4.18,4.56,4.37,4.62,4.24,4.47,4.4,4.8,4.26,4.18
5.03,42,5.09,4.5,4.8,4.84,4.64,4.4,4.71,4.53,4.84,4.49,4.64,4.65,5,4.45,4.43
6.03,42,5.29,4.74,5.04,5,4.72,4.64,4.89,4.71,5.07,4.61,4.82,4.89,5.13,4.63,4.68
7.03,42,5.51,4.95,5.28,5.16,4.8,4.88,5.04,4.88,5.29,4.7,5.01,5.12,5.29,4.82,4.92
8.029999999999998,42,5.7,5.14,5.49,5.31,4.86,5.08,5.18,5.04,5.49,4.78,5.16,5.33,5.44,4.98,5.12
9.03,42,5.9,5.34,5.72,5.47,4.95,5.31,5.35,5.21,5.7,4.91,5.34,5.55,5.63,5.17,5.35
10.03,42,6.09,5.54,5.92,5.61,5.05,5.49,5.5,5.35,5.9,5.02,5.49,5.75,5.78,5.34,5.54
11.03,42,6.26,5.72,6.1,5.75,5.19,5.69,5.64,5.51,6.08,5.16,5.64,5.93,5.94,5.49,5.73
12.03,42,6.42,5.88,6.26,5.89,5.33,5.86,5.77,5.67,6.25,5.29,5.79,6.1,6.08,5.64,5.91
13.03,42,6.58,6.05,6.42,6.03,5.48,6.03,5.92,5.81,6.42,5.44,5.95,6.28,6.22,5.81,6.09
14.03,42,6.74,6.21,6.57,6.16,5.63,6.18,6.06,5.93,6.57,5.56,6.09,6.44,6.34,5.95,6.23
15.03,42,6.87,6.34,6.68,6.29,5.77,6.32,6.18,6.06,6.71,5.68,6.22,6.59,6.47,6.08,6.38
16.03,42,7.02,6.5,6.82,6.42,5.92,6.45,6.32,6.21,6.85,5.81,6.35,6.74,6.6,6.23,6.54
17.03,42,7.14,6.62,6.94,6.52,6.05,6.59,6.44,6.33,6.98,5.92,6.47,6.85,6.71,6.35,6.67
18.03,42,7.25,6.76,7.05,6.64,6.18,6.71,6.56,6.45,7.1,6.05,6.6,6.99,6.82,6.48,6.79
19.05,42,7.35,6.86,7.14,6.75,6.29,6.83,6.67,6.56,7.21,6.15,6.71,7.11,6.92,6.59,6.91
20.05,42,7.46,6.99,7.23,6.86,6.42,6.94,6.78,6.68,7.33,6.26,6.82,7.22,7.02,6.7,7.03
21.05,42,7.54,7.09,7.32,6.96,6.52,7.04,6.87,6.77,7.42,6.36,6.93,7.32,7.11,6.8,7.13
22.05,42,7.64,7.19,7.39,7.05,6.63,7.14,6.98,6.88,7.54,6.46,7.05,7.42,7.2,6.92,7.23
23.05,42,7.71,7.29,7.45,7.16,6.74,7.25,7.08,6.98,7.62,6.56,7.14,7.52,7.29,7.01,7.32
24.05,42,7.8,7.38,7.51,7.25,6.83,7.33,7.17,7.07,7.71,6.63,7.24,7.6,7.37,7.1,7.4
25.05,42,7.87,7.46,7.56,7.32,6.92,7.4,7.24,7.16,7.79,6.73,7.32,7.68,7.45,7.17,7.48
26.05,42,7.95,7.55,7.6,7.41,7.02,7.47,7.32,7.25,7.86,6.81,7.4,7.77,7.51,7.27,7.56
27.07,42,8.01,7.63,7.65,7.49,7.11,7.57,7.43,7.34,7.94,6.91,7.49,7.84,7.58,7.36,7.63
28.07,42,8.07,7.7,7.7,7.56,7.19,7.63,7.47,7.41,8.02,6.98,7.57,7.92,7.65,7.43,7.7
29.07,42,8.12,7.76,7.71,7.63,7.27,7.7,7.56,7.47,8.08,7.04,7.64,7.99,7.72,7.5,7.77
30.07,42,8.18,7.83,7.76,7.72,7.35,7.76,7.64,7.56,8.14,7.12,7.73,8.05,7.77,7.57,7.83
31.07,42,8.22,7.88,7.78,7.78,7.41,7.82,7.71,7.62,8.199999999999998,7.19,7.8,8.1,7.85,7.64,7.88
32.08,42,8.27,7.94,7.81,7.84,7.48,7.88,7.77,7.67,8.26,7.25,7.85,8.16,7.89,7.71,7.95
33.08,42,8.31,7.99,7.83,7.89,7.54,7.93,7.84,7.74,8.31,7.32,7.92,8.199999999999998,7.94,7.75,7.99
34.08,42,8.36,8.05,7.84,7.98,7.61,7.99,7.9,7.81,8.37,7.39,7.98,8.27,8,7.81,8.06
35.08,42,8.41,8.1,7.86,8.029999999999998,7.66,8.04,7.94,7.86,8.41,7.44,8.04,8.31,8.05,7.87,8.08
36.1,42,8.44,8.14,7.88,8.07,7.73,8.06,8,7.92,8.46,7.49,8.08,8.35,8.08,7.91,8.14
37.1,42,8.47,8.18,7.89,8.13,7.77,8.12,8.05,7.97,8.49,7.55,8.12,8.4,8.13,7.96,8.17
38.1,42,8.5,8.22,7.91,8.16,7.83,8.15,8.11,8.01,8.529999999999998,7.59,8.18,8.43,8.17,7.99,8.21
39.1,42,8.54,8.26,7.9,8.21,7.87,8.18,8.15,8.05,8.58,7.64,8.22,8.449999999999998,8.18,8.029999999999998,8.24
40.1,42,8.56,8.29,7.93,8.26,7.92,8.23,8.19,8.1,8.61,7.67,8.25,8.49,8.22,8.08,8.27
41.1,42,8.6,8.34,7.94,8.31,7.96,8.25,8.23,8.14,8.65,7.73,8.3,8.54,8.26,8.12,8.32
42.1,42,8.62,8.35,7.92,8.34,8,8.3,8.279999999999998,8.17,8.67,7.75,8.33,8.56,8.29,8.14,8.34
43.12,42,8.63,8.4,7.94,8.37,8.04,8.31,8.32,8.22,8.699999999999998,7.8,8.37,8.6,8.32,8.17,8.37
44.12,42,8.67,8.42,7.95,8.41,8.09,8.36,8.36,8.27,8.73,7.84,8.41,8.63,8.35,8.19,8.41
45.12,42,8.67,8.44,7.94,8.43,8.11,8.37,8.38,8.279999999999998,8.74,7.86,8.42,8.65,8.36,8.21,8.41
46.12,42,8.69,8.47,7.94,8.47,8.14,8.4,8.42,8.31,8.779999999999998,7.9,8.449999999999998,8.67,8.38,8.23,8.449999999999998
47.13,42,8.72,8.49,7.94,8.5,8.17,8.44,8.46,8.35,8.81,7.95,8.48,8.69,8.43,8.279999999999998,8.47
48.13,42,8.72,8.5,7.94,8.51,8.19,8.44,8.47,8.37,8.83,7.95,8.5,8.699999999999998,8.43,8.3,8.48
49.15,42,8.74,8.51,7.94,8.56,8.24,8.47,8.52,8.41,8.85,7.99,8.529999999999998,8.74,8.46,8.31,8.51
50.15,42,8.75,8.529999999999998,7.94,8.58,8.26,8.48,8.529999999999998,8.42,8.88,8.029999999999998,8.55,8.75,8.46,8.32,8.54
51.15,42,8.76,8.56,7.94,8.6,8.27,8.5,8.56,8.449999999999998,8.9,8.05,8.58,8.76,8.48,8.35,8.55
52.15,42,8.779999999999998,8.57,7.94,8.63,8.29,8.529999999999998,8.59,8.47,8.92,8.07,8.6,8.79,8.49,8.38,8.56
53.17,42,8.8,8.59,7.93,8.65,8.31,8.54,8.61,8.48,8.93,8.08,8.62,8.79,8.51,8.38,8.59
54.17,42,8.8,8.6,7.92,8.67,8.33,8.55,8.62,8.5,8.949999999999998,8.11,8.63,8.81,8.529999999999998,8.4,8.6
55.17,42,8.81,8.63,7.93,8.68,8.36,8.57,8.65,8.52,8.96,8.13,8.65,8.83,8.54,8.43,8.62
56.17,42,8.83,8.63,7.91,8.68,8.37,8.59,8.66,8.529999999999998,8.96,8.14,8.67,8.83,8.55,8.43,8.63
57.17,42,8.85,8.65,7.92,8.699999999999998,8.38,8.6,8.68,8.56,8.99,8.17,8.68,8.86,8.57,8.46,8.65
58.18,42,8.85,8.66,7.92,8.73,8.41,8.62,8.699999999999998,8.58,9,8.18,8.699999999999998,8.86,8.58,8.47,8.66
59.18,42,8.85,8.66,7.91,8.72,8.42,8.62,8.71,8.59,9,8.17,8.699999999999998,8.87,8.58,8.47,8.66
60.18,42,8.86,8.67,7.9,8.74,8.43,8.65,8.72,8.6,9.03,8.199999999999998,8.72,8.87,8.59,8.47,8.67
61.18,42,8.88,8.68,7.91,8.75,8.44,8.66,8.73,8.61,9.03,8.21,8.74,8.89,8.6,8.5,8.67
62.18,42,8.88,8.67,7.89,8.76,8.449999999999998,8.66,8.74,8.63,9.03,8.22,8.75,8.89,8.6,8.5,8.69
63.18,42,8.89,8.68,7.89,8.77,8.46,8.67,8.75,8.64,9.05,8.24,8.74,8.91,8.61,8.51,8.71
64.18,42,8.9,8.69,7.88,8.779999999999998,8.47,8.67,8.77,8.65,9.05,8.24,8.75,8.9,8.62,8.52,8.72
65.2,42,8.9,8.699999999999998,7.87,8.8,8.47,8.69,8.779999999999998,8.65,9.06,8.25,8.77,8.91,8.63,8.52,8.71
66.2,42,8.9,8.699999999999998,7.86,8.8,8.47,8.69,8.79,8.67,9.07,8.25,8.779999999999998,8.91,8.61,8.529999999999998,8.73
67.2,42,8.91,8.69,7.86,8.8,8.48,8.699999999999998,8.81,8.67,9.08,8.27,8.779999999999998,8.93,8.64,8.529999999999998,8.74
68.2,42,8.91,8.69,7.85,8.81,8.49,8.699999999999998,8.81,8.69,9.09,8.27,8.8,8.94,8.63,8.55,8.74
69.2,42,8.91,8.71,7.83,8.8,8.5,8.72,8.83,8.67,9.09,8.279999999999998,8.81,8.94,8.64,8.56,8.75
70.2,42,8.9,8.72,7.84,8.82,8.49,8.72,8.83,8.69,9.08,8.279999999999998,8.8,8.94,8.64,8.56,8.75
71.2,42,8.92,8.699999999999998,7.83,8.83,8.5,8.73,8.83,8.699999999999998,9.1,8.279999999999998,8.82,8.96,8.65,8.58,8.76
72.2,42,8.92,8.699999999999998,7.83,8.83,8.51,8.73,8.84,8.69,9.1,8.29,8.81,8.96,8.65,8.56,8.76
73.22,42,8.92,8.71,7.81,8.83,8.5,8.74,8.83,8.699999999999998,9.1,8.29,8.82,8.97,8.64,8.57,8.77
74.22,42,8.92,8.71,7.81,8.84,8.51,8.73,8.85,8.71,9.12,8.3,8.83,8.99,8.65,8.58,8.77
75.22,42,8.91,8.699999999999998,7.8,8.82,8.51,8.74,8.87,8.72,9.1,8.29,8.82,8.98,8.65,8.57,8.77
76.22,42,8.93,8.69,7.79,8.85,8.52,8.75,8.86,8.71,9.13,8.29,8.84,8.99,8.66,8.59,8.77
77.22,42,8.92,8.68,7.78,8.82,8.5,8.75,8.86,8.71,9.11,8.29,8.82,8.99,8.65,8.57,8.79
78.22,42,8.92,8.699999999999998,7.78,8.82,8.51,8.75,8.87,8.72,9.12,8.3,8.83,9.01,8.66,8.57,8.779999999999998
79.23,42,8.9,8.68,7.76,8.82,8.51,8.74,8.87,8.72,9.12,8.29,8.84,9,8.65,8.58,8.77
80.23,42,8.91,8.699999999999998,7.76,8.82,8.51,8.76,8.88,8.72,9.12,8.29,8.83,9,8.65,8.59,8.77
81.23,42,8.91,8.69,7.75,8.83,8.52,8.76,8.89,8.72,9.13,8.3,8.83,9.01,8.65,8.59,8.8
82.23,42,8.91,8.67,7.76,8.82,8.51,8.75,8.9,8.73,9.12,8.279999999999998,8.84,9.01,8.65,8.6,8.779999999999998
83.23,42,8.9,8.67,7.74,8.81,8.51,8.75,8.9,8.72,9.12,8.29,8.85,9.01,8.65,8.59,8.779999999999998
84.23,42,8.91,8.67,7.73,8.83,8.51,8.77,8.91,8.73,9.14,8.29,8.85,9.02,8.67,8.6,8.8
85.25,42,8.9,8.67,7.73,8.83,8.52,8.76,8.91,8.72,9.14,8.279999999999998,8.86,9.03,8.66,8.6,8.81
86.25,42,8.91,8.67,7.73,8.83,8.51,8.76,8.92,8.74,9.13,8.3,8.86,9.03,8.66,8.61,8.79
87.25,42,8.9,8.66,7.73,8.81,8.5,8.75,8.92,8.73,9.13,8.279999999999998,8.84,9.03,8.65,8.61,8.79
88.25,42,8.89,8.63,7.71,8.81,8.48,8.75,8.92,8.71,9.13,8.279999999999998,8.85,9.02,8.64,8.6,8.779999999999998
89.27,42,8.89,8.64,7.71,8.81,8.49,8.76,8.91,8.72,9.13,8.279999999999998,8.85,9.03,8.66,8.6,8.779999999999998
90.27,42,8.88,8.63,7.7,8.8,8.49,8.76,8.91,8.71,9.13,8.279999999999998,8.86,9.02,8.65,8.61,8.779999999999998
91.27,42,8.89,8.64,7.71,8.79,8.5,8.75,8.93,8.73,9.14,8.279999999999998,8.86,9.04,8.66,8.61,8.79
92.27,42,8.88,8.63,7.7,8.79,8.48,8.76,8.91,8.73,9.12,8.29,8.84,9.03,8.65,8.6,8.779999999999998
93.27,42,8.88,8.6,7.7,8.779999999999998,8.47,8.76,8.91,8.71,9.13,8.279999999999998,8.85,9.02,8.64,8.59,8.77
94.27,42,8.87,8.6,7.71,8.8,8.48,8.76,8.93,8.72,9.12,8.279999999999998,8.85,9.04,8.64,8.6,8.779999999999998
95.27,42,8.87,8.6,7.71,8.79,8.47,8.77,8.93,8.71,9.12,8.27,8.85,9.04,8.64,8.6,8.779999999999998
96.27,42,8.85,8.58,7.69,8.79,8.449999999999998,8.76,8.9,8.71,9.12,8.26,8.84,9.02,8.65,8.58,8.77
97.27,42,8.85,8.56,7.71,8.79,8.46,8.75,8.91,8.699999999999998,9.12,8.26,8.83,9.02,8.64,8.59,8.779999999999998
98.28,42,8.84,8.55,7.71,8.779999999999998,8.46,8.75,8.9,8.699999999999998,9.11,8.24,8.82,9.02,8.64,8.58,8.77
99.28,42,8.84,8.54,7.71,8.77,8.44,8.74,8.91,8.699999999999998,9.12,8.25,8.84,9.02,8.62,8.58,8.76
100.28,42,8.85,8.52,7.72,8.75,8.44,8.74,8.91,8.699999999999998,9.11,8.23,8.83,9.02,8.63,8.58,8.76
101.28,42,8.84,8.52,7.72,8.76,8.44,8.74,8.92,8.699999999999998,9.11,8.24,8.82,9.02,8.64,8.59,8.76
102.28,42,8.84,8.52,7.73,8.75,8.44,8.74,8.89,8.699999999999998,9.12,8.24,8.82,9.03,8.62,8.58,8.77
103.28,42,8.83,8.49,7.73,8.75,8.44,8.74,8.89,8.68,9.11,8.23,8.83,9.03,8.62,8.56,8.76
104.3,42,8.83,8.49,7.74,8.76,8.42,8.73,8.91,8.69,9.11,8.23,8.83,9.02,8.62,8.58,8.76
105.3,42,8.81,8.47,7.73,8.74,8.41,8.72,8.9,8.67,9.09,8.22,8.82,9.01,8.61,8.56,8.75
106.3,42,8.81,8.449999999999998,7.73,8.72,8.42,8.72,8.9,8.67,9.09,8.22,8.81,9.02,8.6,8.56,8.74
107.3,42,8.81,8.449999999999998,7.73,8.73,8.4,8.72,8.91,8.67,9.09,8.21,8.8,9.01,8.61,8.55,8.74
108.3,42,8.79,8.41,7.73,8.72,8.4,8.72,8.89,8.66,9.08,8.19,8.8,9.01,8.6,8.529999999999998,8.73
109.3,42,8.779999999999998,8.42,7.73,8.699999999999998,8.39,8.71,8.89,8.67,9.1,8.199999999999998,8.8,9.01,8.59,8.529999999999998,8.74
110.3,42,8.77,8.39,7.73,8.71,8.38,8.699999999999998,8.89,8.66,9.08,8.19,8.79,8.99,8.59,8.54,8.73
111.3,42,8.77,8.37,7.73,8.71,8.38,8.699999999999998,8.87,8.65,9.07,8.19,8.779999999999998,9.01,8.59,8.52,8.72
112.32,42,8.77,8.36,7.73,8.699999999999998,8.36,8.69,8.88,8.65,9.08,8.19,8.779999999999998,9.01,8.58,8.52,8.72
113.32,42,8.77,8.34,7.73,8.699999999999998,8.36,8.69,8.87,8.64,9.07,8.18,8.779999999999998,9,8.58,8.529999999999998,8.73
114.32,42,8.76,8.33,7.72,8.68,8.34,8.69,8.87,8.64,9.06,8.17,8.77,8.99,8.57,8.51,8.71
115.33,42,8.75,8.32,7.71,8.67,8.34,8.68,8.86,8.61,9.06,8.16,8.76,8.99,8.56,8.51,8.699999999999998
116.33,42,8.76,8.3,7.71,8.67,8.32,8.68,8.86,8.62,9.06,8.17,8.76,9,8.55,8.51,8.699999999999998
117.33,42,8.74,8.279999999999998,7.71,8.66,8.32,8.68,8.85,8.61,9.05,8.16,8.75,8.98,8.55,8.5,8.699999999999998
118.33,42,8.74,8.26,7.69,8.67,8.31,8.67,8.85,8.61,9.04,8.16,8.75,8.98,8.55,8.49,8.69
119.35,42,8.74,8.24,7.68,8.65,8.3,8.66,8.83,8.59,9.04,8.15,8.73,8.96,8.54,8.48,8.68
120.35,42,8.72,8.22,7.69,8.66,8.31,8.66,8.84,8.59,9.04,8.15,8.73,8.97,8.529999999999998,8.47,8.69
121.35,42,8.72,8.22,7.68,8.66,8.29,8.66,8.84,8.58,9.04,8.14,8.73,8.96,8.529999999999998,8.47,8.69
122.35,42,8.699999999999998,8.18,7.66,8.64,8.26,8.65,8.82,8.56,9.02,8.12,8.71,8.949999999999998,8.51,8.44,8.67
123.35,42,8.699999999999998,8.17,7.67,8.63,8.25,8.62,8.81,8.54,9.03,8.11,8.72,8.949999999999998,8.5,8.44,8.67
124.35,42,8.699999999999998,8.15,7.65,8.63,8.24,8.62,8.81,8.54,9.02,8.11,8.699999999999998,8.94,8.49,8.43,8.67
125.37,42,8.69,8.12,7.65,8.63,8.24,8.62,8.81,8.529999999999998,9.02,8.1,8.699999999999998,8.949999999999998,8.48,8.42,8.67
126.37,42,8.69,8.1,7.64,8.62,8.23,8.61,8.8,8.51,9.01,8.1,8.699999999999998,8.94,8.5,8.44,8.66
127.37,42,8.69,8.08,7.63,8.62,8.23,8.62,8.8,8.51,9.01,8.1,8.699999999999998,8.94,8.49,8.42,8.66
128.37,42,8.69,8.05,7.64,8.62,8.21,8.61,8.8,8.49,8.99,8.09,8.68,8.93,8.49,8.42,8.66
129.37,42,8.67,8.05,7.63,8.6,8.19,8.6,8.79,8.49,9,8.08,8.67,8.93,8.47,8.4,8.66
130.37,42,8.67,8.02,7.62,8.59,8.18,8.58,8.76,8.47,8.98,8.07,8.67,8.91,8.47,8.38,8.64
131.38,42,8.67,8.02,7.62,8.6,8.17,8.58,8.76,8.47,8.99,8.07,8.67,8.91,8.46,8.37,8.64
132.38,42,8.67,8,7.61,8.58,8.15,8.58,8.75,8.44,8.97,8.05,8.65,8.9,8.46,8.37,8.63
133.38,42,8.66,7.98,7.6,8.58,8.13,8.55,8.75,8.42,8.96,8.05,8.65,8.88,8.44,8.36,8.62
134.38,42,8.65,7.96,7.59,8.57,8.12,8.55,8.74,8.4,8.96,8.05,8.64,8.89,8.43,8.35,8.62
135.4,42,8.64,7.94,7.57,8.56,8.11,8.56,8.74,8.39,8.96,8.05,8.63,8.88,8.43,8.35,8.62
136.4,42,8.63,7.95,7.57,8.56,8.08,8.54,8.73,8.37,8.949999999999998,8.04,8.63,8.87,8.42,8.34,8.61
137.4,42,8.63,7.94,7.56,8.56,8.08,8.54,8.74,8.34,8.949999999999998,8.04,8.61,8.85,8.42,8.34,8.61
138.4,42,8.61,7.94,7.56,8.56,8.06,8.52,8.71,8.32,8.93,8.02,8.61,8.86,8.41,8.31,8.6
139.4,42,8.61,7.94,7.56,8.54,8.05,8.529999999999998,8.71,8.31,8.94,8.02,8.6,8.85,8.39,8.31,8.6
140.4,42,8.6,7.94,7.55,8.54,8.029999999999998,8.54,8.71,8.31,8.93,8.01,8.59,8.84,8.4,8.31,8.58
141.4,42,8.57,7.94,7.54,8.529999999999998,8.01,8.51,8.69,8.27,8.92,8,8.57,8.81,8.38,8.29,8.58
142.4,42,8.57,7.93,7.53,8.52,8.01,8.52,8.67,8.25,8.92,8.01,8.57,8.83,8.37,8.279999999999998,8.58
143.4,42,8.55,7.94,7.53,8.52,7.97,8.5,8.67,8.25,8.91,7.98,8.55,8.82,8.36,8.26,8.57
144.42,42,8.54,7.94,7.52,8.5,7.96,8.5,8.67,8.26,8.91,7.99,8.54,8.82,8.36,8.26,8.57
145.42,42,8.529999999999998,7.94,7.51,8.5,7.94,8.5,8.66,8.27,8.89,7.98,8.529999999999998,8.8,8.34,8.24,8.55
146.42,42,8.51,7.94,7.5,8.5,7.94,8.5,8.66,8.29,8.88,7.96,8.52,8.8,8.33,8.22,8.56
147.43,42,8.51,7.94,7.49,8.5,7.9,8.48,8.64,8.279999999999998,8.87,7.95,8.51,8.779999999999998,8.32,8.21,8.55
148.43,42,8.5,7.94,7.49,8.48,7.89,8.49,8.65,8.31,8.88,7.95,8.5,8.79,8.31,8.21,8.55
149.43,42,8.49,7.93,7.48,8.47,7.86,8.48,8.64,8.31,8.87,7.94,8.49,8.779999999999998,8.3,8.19,8.529999999999998
150.43,42,8.47,7.93,7.47,8.47,7.85,8.47,8.62,8.31,8.84,7.94,8.47,8.76,8.29,8.17,8.52
151.45,42,8.47,7.94,7.47,8.48,7.84,8.48,8.63,8.3,8.86,7.94,8.47,8.77,8.27,8.17,8.52
152.45,42,8.44,7.93,7.46,8.46,7.81,8.46,8.61,8.29,8.84,7.94,8.449999999999998,8.75,8.27,8.13,8.5
153.45,42,8.449999999999998,7.94,7.46,8.47,7.8,8.47,8.62,8.3,8.86,7.93,8.46,8.76,8.27,8.13,8.52
154.45,42,8.42,7.9,7.44,8.449999999999998,7.76,8.46,8.6,8.279999999999998,8.84,7.91,8.44,8.74,8.24,8.1,8.51
155.45,42,8.42,7.92,7.44,8.449999999999998,7.75,8.47,8.59,8.27,8.84,7.91,8.42,8.75,8.22,8.07,8.49
156.45,42,8.41,7.92,7.42,8.449999999999998,7.73,8.449999999999998,8.57,8.25,8.83,7.9,8.39,8.72,8.21,8.06,8.49
157.47,42,8.4,7.9,7.42,8.44,7.72,8.449999999999998,8.58,8.24,8.83,7.9,8.38,8.73,8.199999999999998,8.05,8.48
158.47,42,8.38,7.9,7.4,8.44,7.69,8.43,8.57,8.23,8.82,7.89,8.36,8.73,8.18,8.029999999999998,8.48
159.47,42,8.38,7.89,7.41,8.44,7.69,8.44,8.56,8.22,8.83,7.9,8.37,8.73,8.17,8.01,8.48
160.47,42,8.36,7.87,7.39,8.42,7.65,8.42,8.55,8.21,8.81,7.89,8.33,8.71,8.16,7.98,8.47
161.47,42,8.35,7.84,7.39,8.41,7.64,8.41,8.529999999999998,8.19,8.8,7.88,8.32,8.69,8.14,7.94,8.449999999999998
162.48,42,8.34,7.84,7.39,8.43,7.62,8.42,8.55,8.199999999999998,8.81,7.87,8.31,8.69,8.13,7.93,8.46
163.48,42,8.33,7.83,7.38,8.41,7.61,8.4,8.55,8.17,8.81,7.87,8.279999999999998,8.69,8.11,7.92,8.44
164.48,42,8.32,7.84,7.39,8.41,7.59,8.39,8.529999999999998,8.17,8.8,7.87,8.27,8.699999999999998,8.09,7.89,8.44
165.48,42,8.31,7.82,7.37,8.4,7.57,8.4,8.52,8.16,8.79,7.86,8.24,8.68,8.08,7.87,8.43
166.48,42,8.3,7.82,7.37,8.4,7.56,8.39,8.51,8.15,8.8,7.85,8.23,8.68,8.07,7.83,8.43
167.5,42,8.29,7.82,7.36,8.4,7.52,8.37,8.51,8.12,8.779999999999998,7.84,8.19,8.67,8.04,7.81,8.42
168.5,42,8.29,7.82,7.36,8.38,7.53,8.38,8.5,8.11,8.79,7.85,8.19,8.67,8.029999999999998,7.8,8.42
169.5,42,8.26,7.8,7.34,8.38,7.5,8.36,8.49,8.07,8.76,7.82,8.16,8.65,8.01,7.75,8.4
170.5,42,8.25,7.79,7.34,8.39,7.48,8.35,8.48,8.05,8.77,7.83,8.14,8.65,8,7.74,8.39
171.52,42,8.23,7.77,7.33,8.37,7.47,8.36,8.47,8.029999999999998,8.76,7.82,8.11,8.65,7.97,7.72,8.38
172.52,42,8.21,7.78,7.33,8.37,7.45,8.35,8.47,8.01,8.75,7.82,8.08,8.63,7.96,7.68,8.37
173.52,42,8.19,7.77,7.32,8.35,7.43,8.32,8.46,7.97,8.74,7.81,8.07,8.62,7.94,7.65,8.36
174.52,42,8.18,7.77,7.32,8.35,7.41,8.33,8.46,7.96,8.75,7.81,8.05,8.62,7.94,7.64,8.35
175.52,42,8.17,7.75,7.31,8.34,7.39,8.32,8.42,7.93,8.73,7.8,8.01,8.6,7.91,7.61,8.35
176.52,42,8.16,7.74,7.31,8.35,7.38,8.33,8.42,7.9,8.73,7.79,7.98,8.61,7.9,7.58,8.35
177.52,42,8.14,7.74,7.3,8.34,7.36,8.3,8.39,7.87,8.71,7.79,7.96,8.6,7.9,7.56,8.34
178.52,42,8.12,7.73,7.29,8.33,7.34,8.31,8.37,7.83,8.71,7.78,7.95,8.57,7.85,7.51,8.31
179.53,42,8.1,7.72,7.3,8.33,7.32,8.3,8.36,7.81,8.699999999999998,7.78,7.93,8.56,7.85,7.48,8.31
180.53,42,8.08,7.73,7.29,8.32,7.31,8.29,8.34,7.79,8.69,7.77,7.89,8.54,7.82,7.45,8.31
181.53,42,8.07,7.72,7.28,8.32,7.28,8.29,8.29,7.74,8.67,7.77,7.87,8.54,7.81,7.42,8.3
182.53,42,8.04,7.7,7.27,8.31,7.26,8.279999999999998,8.29,7.72,8.67,7.75,7.83,8.52,7.78,7.38,8.279999999999998
183.53,42,8.029999999999998,7.69,7.26,8.3,7.24,8.26,8.25,7.69,8.66,7.75,7.83,8.51,7.77,7.36,8.27
184.55,42,8.029999999999998,7.7,7.26,8.31,7.23,8.27,8.24,7.66,8.66,7.75,7.81,8.51,7.76,7.33,8.279999999999998
185.55,42,8,7.67,7.25,8.3,7.22,8.26,8.21,7.62,8.64,7.74,7.78,8.49,7.74,7.29,8.26
186.55,42,8,7.68,7.25,8.29,7.19,8.25,8.19,7.62,8.65,7.74,7.76,8.48,7.73,7.27,8.27
187.55,42,7.98,7.65,7.25,8.27,7.17,8.24,8.16,7.56,8.62,7.73,7.73,8.46,7.72,7.24,8.24
188.55,42,7.98,7.63,7.23,8.26,7.15,8.22,8.14,7.52,8.61,7.71,7.71,8.449999999999998,7.71,7.2,8.23
189.57,42,7.97,7.64,7.22,8.26,7.12,8.22,8.11,7.5,8.6,7.71,7.69,8.43,7.69,7.17,8.23
190.57,42,7.96,7.62,7.21,8.25,7.11,8.24,8.08,7.47,8.59,7.71,7.67,8.43,7.68,7.12,8.22
191.57,42,7.96,7.61,7.22,8.26,7.1,8.23,8.06,7.45,8.59,7.7,7.65,8.41,7.68,7.11,8.22
192.57,42,7.94,7.58,7.19,8.23,7.06,8.21,8.029999999999998,7.41,8.55,7.67,7.62,8.38,7.64,7.06,8.21
193.57,42,7.94,7.58,7.19,8.23,7.04,8.21,8.01,7.39,8.56,7.67,7.6,8.39,7.64,7.04,8.21
194.57,42,7.92,7.57,7.18,8.23,7.04,8.21,7.97,7.34,8.54,7.65,7.57,8.37,7.62,7.01,8.19
195.57,42,7.93,7.55,7.18,8.23,7.01,8.19,7.96,7.32,8.54,7.64,7.55,8.36,7.6,6.98,8.199999999999998
196.57,42,7.91,7.55,7.17,8.21,6.99,8.19,7.94,7.29,8.529999999999998,7.63,7.53,8.35,7.6,6.94,8.19
197.58,42,7.91,7.54,7.17,8.21,6.97,8.17,7.9,7.25,8.5,7.62,7.49,8.32,7.59,6.91,8.19
198.58,42,7.92,7.54,7.17,8.21,6.95,8.19,7.89,7.25,8.51,7.62,7.48,8.32,7.58,6.89,8.18
199.58,42,7.9,7.51,7.15,8.199999999999998,6.93,8.17,7.85,7.19,8.49,7.6,7.46,8.3,7.56,6.85,8.16
200.58,42,7.9,7.5,7.15,8.19,6.91,8.17,7.83,7.18,8.49,7.6,7.43,8.3,7.56,6.81,8.17
201.6,42,7.89,7.49,7.15,8.18,6.89,8.16,7.81,7.15,8.49,7.59,7.41,8.279999999999998,7.55,6.79,8.17
202.6,42,7.88,7.47,7.13,8.18,6.87,8.16,7.77,7.12,8.47,7.57,7.39,8.26,7.54,6.75,8.17
203.6,42,7.9,7.47,7.13,8.18,6.86,8.15,7.74,7.09,8.47,7.57,7.38,8.25,7.53,6.74,8.16
204.6,42,7.89,7.46,7.13,8.17,6.84,8.15,7.73,7.06,8.46,7.58,7.36,8.24,7.53,6.7,8.17
205.6,42,7.89,7.44,7.11,8.16,6.81,8.13,7.72,7.04,8.449999999999998,7.56,7.32,8.23,7.51,6.67,8.14
206.6,42,7.9,7.43,7.11,8.15,6.79,8.13,7.71,7.01,8.46,7.57,7.32,8.22,7.5,6.64,8.16
207.6,42,7.87,7.4,7.11,8.14,6.78,8.11,7.66,6.98,8.44,7.56,7.3,8.19,7.48,6.61,8.14
208.62,42,7.89,7.39,7.11,8.15,6.74,8.12,7.64,6.97,8.42,7.57,7.27,8.19,7.49,6.57,8.14
209.62,42,7.89,7.39,7.1,8.14,6.74,8.1,7.64,6.93,8.43,7.56,7.25,8.18,7.48,6.55,8.13
210.62,42,7.89,7.39,7.1,8.15,6.72,8.11,7.62,6.92,8.43,7.56,7.24,8.17,7.47,6.52,8.13
211.62,42,7.88,7.36,7.09,8.14,6.69,8.1,7.58,6.88,8.41,7.54,7.21,8.14,7.47,6.48,8.11
212.62,42,7.89,7.37,7.09,8.13,6.68,8.09,7.58,6.86,8.41,7.55,7.2,8.15,7.46,6.46,8.11
213.62,42,7.89,7.34,7.06,8.13,6.66,8.09,7.57,6.85,8.39,7.55,7.17,8.13,7.46,6.43,8.11
214.62,42,7.87,7.34,7.07,8.12,6.64,8.07,7.54,6.81,8.38,7.54,7.16,8.12,7.44,6.4,8.11
215.63,42,7.89,7.32,7.07,8.11,6.63,8.05,7.54,6.8,8.37,7.53,7.12,8.1,7.43,6.37,8.09
216.63,42,7.88,7.31,7.06,8.11,6.6,8.05,7.52,6.76,8.36,7.53,7.11,8.09,7.43,6.34,8.1
217.63,42,7.88,7.31,7.05,8.1,6.59,8.06,7.5,6.74,8.36,7.52,7.09,8.07,7.41,6.3,8.09
218.63,42,7.88,7.3,7.07,8.11,6.58,8.05,7.48,6.73,8.35,7.53,7.06,8.05,7.4,6.27,8.09
219.63,42,7.88,7.28,7.04,8.1,6.57,8.05,7.47,6.7,8.34,7.51,7.04,8.05,7.39,6.24,8.07
220.65,42,7.87,7.25,7.04,8.08,6.53,8.02,7.45,6.67,8.32,7.49,7.02,8.04,7.39,6.22,8.08
221.65,42,7.9,7.25,7.04,8.1,6.53,8.04,7.44,6.64,8.32,7.51,7.01,8.04,7.39,6.19,8.08
222.65,42,7.9,7.25,7.04,8.09,6.51,8.029999999999998,7.44,6.63,8.32,7.51,6.99,8.029999999999998,7.39,6.18,8.08
223.65,42,7.89,7.23,7.02,8.08,6.49,8.02,7.42,6.59,8.31,7.49,6.97,7.99,7.37,6.14,8.07
224.65,42,7.88,7.22,7.02,8.07,6.47,8,7.39,6.57,8.3,7.48,6.94,8,7.36,6.11,8.05
225.67,42,7.89,7.2,7,8.07,6.46,8,7.39,6.54,8.29,7.47,6.93,7.99,7.36,6.1,8.07
226.67,42,7.89,7.19,7.01,8.07,6.44,8.01,7.39,6.52,8.29,7.48,6.92,7.98,7.37,6.08,8.06
227.67,42,7.88,7.17,7,8.05,6.43,7.99,7.37,6.49,8.26,7.47,6.89,7.95,7.35,6.05,8.05
228.68,42,7.9,7.19,7,8.05,6.44,7.99,7.38,6.48,8.27,7.48,6.88,7.96,7.38,6.04,8.05
229.68,42,7.91,7.17,7,8.05,6.43,7.98,7.36,6.45,8.25,7.46,6.85,7.95,7.36,6.02,8.05
230.68,42,7.9,7.15,6.98,8.029999999999998,6.41,7.97,7.34,6.42,8.24,7.45,6.83,7.94,7.34,5.99,8.029999999999998
231.68,42,7.91,7.14,6.99,8.04,6.4,7.97,7.34,6.4,8.23,7.46,6.82,7.93,7.35,5.97,8.05
232.68,42,7.9,7.12,6.98,8.02,6.4,7.96,7.33,6.38,8.23,7.44,6.8,7.93,7.34,5.95,8.02
233.68,42,7.9,7.11,6.98,8.01,6.39,7.97,7.32,6.37,8.21,7.45,6.8,7.9,7.34,5.95,8.02
234.7,42,7.9,7.11,6.98,8.02,6.38,7.95,7.32,6.35,8.22,7.44,6.77,7.9,7.35,5.92,8.02
235.7,42,7.89,7.09,6.97,8,6.37,7.94,7.3,6.32,8.21,7.43,6.75,7.9,7.34,5.92,8.02
236.7,42,7.9,7.08,6.97,8,6.36,7.94,7.31,6.32,8.18,7.43,6.74,7.87,7.33,5.9,7.99
237.7,42,7.89,7.06,6.95,7.98,6.33,7.94,7.29,6.29,8.17,7.42,6.71,7.88,7.33,5.88,7.99
238.7,42,7.9,7.05,6.95,7.98,6.33,7.94,7.28,6.27,8.17,7.42,6.71,7.86,7.33,5.87,7.98
239.7,42,7.9,7.04,6.95,7.98,6.32,7.94,7.29,6.26,8.17,7.41,6.68,7.86,7.32,5.85,7.97
240.7,42,7.91,7.04,6.93,7.96,6.3,7.93,7.27,6.25,8.16,7.41,6.68,7.86,7.32,5.84,7.98
241.7,42,7.91,7.01,6.93,7.95,6.29,7.93,7.26,6.23,8.16,7.39,6.65,7.84,7.33,5.82,7.95
242.7,42,7.9,6.99,6.93,7.95,6.28,7.91,7.25,6.21,8.15,7.4,6.64,7.84,7.32,5.8,7.95
243.72,42,7.9,6.99,6.92,7.94,6.26,7.92,7.25,6.2,8.14,7.4,6.62,7.83,7.34,5.79,7.94
244.72,42,7.89,6.98,6.92,7.93,6.24,7.91,7.25,6.19,8.13,7.39,6.6,7.82,7.33,5.78,7.94
245.72,42,7.89,6.96,6.92,7.91,6.22,7.9,7.23,6.16,8.12,7.38,6.57,7.82,7.32,5.76,7.93
246.72,42,7.89,6.96,6.92,7.91,6.21,7.9,7.22,6.15,8.1,7.39,6.56,7.8,7.33,5.75,7.92
247.72,42,7.89,6.96,6.92,7.92,6.2,7.91,7.24,6.14,8.11,7.39,6.57,7.81,7.33,5.73,7.93
248.72,42,7.89,6.94,6.91,7.91,6.18,7.89,7.23,6.12,8.11,7.39,6.54,7.8,7.32,5.72,7.92
249.72,42,7.89,6.92,6.9,7.89,6.16,7.89,7.22,6.1,8.09,7.36,6.52,7.78,7.32,5.71,7.9
250.72,42,7.9,6.93,6.91,7.89,6.15,7.88,7.22,6.1,8.09,7.37,6.52,7.78,7.33,5.69,7.89
251.72,42,7.87,6.91,6.88,7.87,6.12,7.86,7.2,6.06,8.06,7.35,6.49,7.76,7.31,5.67,7.87
252.73,42,7.88,6.91,6.89,7.87,6.11,7.86,7.2,6.04,8.07,7.37,6.5,7.76,7.32,5.67,7.88
253.73,42,7.87,6.9,6.88,7.88,6.09,7.86,7.19,6.03,8.06,7.36,6.5,7.76,7.3,5.66,7.87
254.73,42,7.86,6.89,6.87,7.85,6.06,7.84,7.17,6,8.05,7.35,6.46,7.73,7.3,5.64,7.85
255.73,42,7.86,6.87,6.87,7.85,6.05,7.85,7.18,5.98,8.04,7.34,6.46,7.74,7.3,5.61,7.84
256.73,42,7.85,6.86,6.87,7.85,6.03,7.83,7.17,5.96,8.029999999999998,7.34,6.45,7.73,7.3,5.6,7.84
257.73,42,7.85,6.85,6.85,7.83,6.02,7.83,7.16,5.95,8.02,7.33,6.44,7.73,7.28,5.58,7.83
258.73,42,7.85,6.83,6.85,7.83,6,7.83,7.16,5.92,8.02,7.32,6.42,7.71,7.29,5.56,7.82
259.73,42,7.85,6.83,6.85,7.83,5.99,7.83,7.16,5.92,8.029999999999998,7.33,6.43,7.73,7.28,5.56,7.83
260.73,42,7.86,6.82,6.84,7.83,5.96,7.83,7.16,5.88,7.99,7.33,6.41,7.71,7.28,5.53,7.81
261.75,42,7.85,6.81,6.85,7.81,5.95,7.83,7.14,5.87,8.01,7.32,6.4,7.71,7.28,5.53,7.81
262.75,42,7.85,6.81,6.84,7.82,5.92,7.81,7.14,5.86,8,7.32,6.38,7.68,7.28,5.5,7.8
263.75,42,7.86,6.8,6.84,7.8,5.91,7.83,7.14,5.83,7.99,7.32,6.37,7.69,7.28,5.49,7.79
264.75,42,7.87,6.79,6.85,7.81,5.9,7.82,7.14,5.82,8,7.31,6.35,7.69,7.27,5.48,7.78
265.75,42,7.86,6.78,6.83,7.8,5.88,7.81,7.12,5.8,7.96,7.32,6.33,7.68,7.26,5.45,7.78
266.75,42,7.85,6.77,6.82,7.78,5.86,7.8,7.11,5.77,7.97,7.31,6.32,7.67,7.26,5.43,7.76
267.77,42,7.84,6.74,6.82,7.76,5.84,7.81,7.11,5.76,7.95,7.3,6.31,7.65,7.26,5.42,7.77
268.77,42,7.86,6.74,6.81,7.75,5.82,7.8,7.11,5.74,7.96,7.3,6.28,7.66,7.26,5.4,7.75
269.77,42,7.84,6.72,6.8,7.75,5.8,7.79,7.11,5.72,7.95,7.29,6.27,7.65,7.27,5.39,7.75
270.77,42,7.85,6.72,6.8,7.75,5.77,7.79,7.11,5.7,7.95,7.28,6.26,7.64,7.27,5.38,7.74
271.77,42,7.85,6.69,6.8,7.73,5.76,7.77,7.09,5.68,7.93,7.28,6.23,7.64,7.25,5.35,7.73
272.77,42,7.83,6.68,6.79,7.72,5.73,7.77,7.08,5.64,7.92,7.26,6.22,7.63,7.25,5.34,7.71
273.78,42,7.85,6.68,6.79,7.73,5.71,7.77,7.07,5.63,7.93,7.27,6.21,7.63,7.27,5.32,7.72
274.78,42,7.84,6.66,6.79,7.72,5.69,7.76,7.07,5.6,7.91,7.26,6.2,7.62,7.26,5.31,7.72
275.78,42,7.84,6.66,6.79,7.72,5.67,7.78,7.08,5.59,7.92,7.25,6.2,7.61,7.26,5.29,7.71
276.78,42,7.83,6.64,6.78,7.7,5.65,7.76,7.07,5.56,7.9,7.25,6.17,7.61,7.26,5.27,7.71
277.8,42,7.84,6.63,6.77,7.71,5.63,7.75,7.05,5.53,7.89,7.25,6.15,7.59,7.26,5.25,7.68
278.8,42,7.85,6.63,6.78,7.69,5.61,7.76,7.07,5.53,7.89,7.25,6.15,7.6,7.28,5.24,7.7
279.8,42,7.84,6.61,6.77,7.68,5.58,7.76,7.05,5.5,7.89,7.25,6.13,7.58,7.27,5.22,7.68
280.8,42,7.83,6.59,6.76,7.69,5.56,7.76,7.05,5.48,7.88,7.24,6.12,7.58,7.28,5.21,7.69
281.8,42,7.83,6.58,6.74,7.68,5.54,7.74,7.04,5.43,7.87,7.23,6.09,7.57,7.26,5.19,7.66
282.8,42,7.83,6.57,6.74,7.66,5.52,7.75,7.04,5.42,7.86,7.23,6.09,7.56,7.27,5.17,7.66
283.82,42,7.83,6.57,6.75,7.65,5.49,7.74,7.02,5.4,7.85,7.22,6.07,7.58,7.28,5.16,7.66
284.82,42,7.81,6.56,6.73,7.64,5.47,7.73,7.01,5.36,7.84,7.21,6.05,7.56,7.25,5.13,7.64
285.82,42,7.82,6.54,6.74,7.64,5.45,7.73,7.01,5.36,7.84,7.22,6.03,7.55,7.26,5.12,7.65
286.82,42,7.8,6.55,6.74,7.64,5.45,7.73,7,5.34,7.83,7.21,6.01,7.54,7.26,5.11,7.64
287.82,42,7.81,6.54,6.73,7.63,5.43,7.73,6.99,5.32,7.83,7.21,6,7.53,7.24,5.08,7.63
288.83,42,7.81,6.53,6.74,7.62,5.42,7.72,6.99,5.3,7.83,7.21,5.99,7.52,7.25,5.06,7.62
289.83,42,7.8,6.52,6.72,7.6,5.4,7.73,6.98,5.28,7.82,7.2,5.96,7.52,7.24,5.04,7.61
290.83,42,7.79,6.52,6.72,7.6,5.39,7.73,6.97,5.25,7.82,7.19,5.96,7.52,7.25,5.01,7.62
291.83,42,7.78,6.5,6.71,7.58,5.38,7.71,6.98,5.24,7.81,7.18,5.95,7.51,7.24,5,7.6
292.83,42,7.8,6.5,6.71,7.59,5.36,7.72,6.96,5.22,7.82,7.19,5.93,7.52,7.24,4.98,7.6
293.85,42,7.79,6.49,6.7,7.58,5.36,7.72,6.95,5.21,7.79,7.19,5.92,7.51,7.24,4.96,7.59
294.85,42,7.79,6.47,6.7,7.57,5.35,7.72,6.96,5.2,7.8,7.17,5.92,7.5,7.25,4.94,7.59
295.85,42,7.77,6.46,6.7,7.56,5.32,7.69,6.94,5.17,7.78,7.17,5.91,7.48,7.23,4.91,7.57
296.85,42,7.78,6.45,6.69,7.56,5.31,7.7,6.92,5.14,7.77,7.17,5.88,7.48,7.23,4.88,7.57
297.87,42,7.78,6.45,6.68,7.56,5.28,7.69,6.92,5.13,7.77,7.16,5.88,7.49,7.22,4.86,7.56
298.87,42,7.77,6.43,6.68,7.54,5.27,7.69,6.92,5.11,7.76,7.16,5.87,7.47,7.21,4.82,7.56
299.87,42,7.77,6.43,6.68,7.54,5.26,7.68,6.9,5.09,7.75,7.16,5.86,7.46,7.21,4.79,7.55
300.87,42,7.76,6.42,6.67,7.53,5.23,7.67,6.89,5.08,7.73,7.15,5.84,7.47,7.21,4.75,7.53
301.87,42,7.77,6.42,6.68,7.53,5.24,7.68,6.9,5.05,7.74,7.16,5.84,7.47,7.2,4.73,7.54
302.88,42,7.76,6.41,6.66,7.51,5.21,7.69,6.89,5.02,7.74,7.15,5.82,7.46,7.19,4.7,7.53
303.88,42,7.76,6.4,6.66,7.52,5.19,7.68,6.87,5.01,7.73,7.15,5.8,7.45,7.18,4.66,7.52
304.88,42,7.77,6.38,6.67,7.52,5.19,7.67,6.88,4.98,7.72,7.14,5.79,7.44,7.18,4.63,7.51
305.88,42,7.76,6.38,6.66,7.5,5.18,7.66,6.87,4.96,7.72,7.14,5.76,7.43,7.18,4.59,7.5
306.88,42,7.76,6.37,6.65,7.48,5.16,7.67,6.87,4.94,7.72,7.13,5.76,7.42,7.17,4.56,7.49
307.88,42,7.76,6.36,6.64,7.49,5.16,7.67,6.85,4.92,7.71,7.12,5.74,7.42,7.17,4.53,7.48
308.9,42,7.75,6.35,6.64,7.49,5.14,7.66,6.85,4.89,7.69,7.11,5.72,7.4,7.17,4.5,7.48
309.9,42,7.76,6.34,6.65,7.48,5.14,7.66,6.84,4.86,7.69,7.11,5.72,7.39,7.17,4.46,7.47
310.9,42,7.75,6.32,6.63,7.47,5.13,7.66,6.83,4.83,7.68,7.11,5.69,7.39,7.15,4.43,7.47
311.9,42,7.75,6.31,6.63,7.49,5.11,7.66,6.83,4.81,7.66,7.1,5.69,7.39,7.16,4.41,7.46
312.9,42,7.75,6.3,6.63,7.48,5.11,7.65,6.83,4.79,7.68,7.11,5.68,7.39,7.15,4.37,7.47
313.92,42,7.74,6.28,6.62,7.47,5.09,7.65,6.82,4.76,7.65,7.1,5.66,7.38,7.14,4.34,7.45
314.92,42,7.75,6.28,6.63,7.47,5.08,7.64,6.82,4.74,7.66,7.1,5.64,7.38,7.14,4.31,7.44
315.92,42,7.76,6.26,6.61,7.48,5.08,7.65,6.81,4.72,7.66,7.08,5.64,7.39,7.14,4.29,7.43
316.92,42,7.75,6.25,6.6,7.46,5.07,7.64,6.79,4.7,7.64,7.07,5.61,7.37,7.13,4.24,7.42
317.93,42,7.73,6.23,6.59,7.46,5.04,7.64,6.79,4.68,7.64,7.06,5.6,7.36,7.12,4.21,7.41
318.93,42,7.74,6.23,6.59,7.47,5.04,7.64,6.78,4.66,7.64,7.06,5.6,7.37,7.15,4.18,7.41
319.93,42,7.74,6.22,6.59,7.47,5.03,7.65,6.79,4.65,7.64,7.05,5.56,7.36,7.13,4.17,7.4
320.93,42,7.73,6.19,6.58,7.46,5.01,7.64,6.77,4.62,7.63,7.04,5.54,7.35,7.13,4.13,7.39
321.93,42,7.73,6.2,6.57,7.46,5.02,7.64,6.78,4.61,7.63,7.04,5.53,7.37,7.14,4.11,7.39
322.93,42,7.73,6.18,6.57,7.45,5,7.62,6.76,4.59,7.61,7.02,5.51,7.34,7.15,4.08,7.39
323.93,42,7.73,6.18,6.57,7.46,4.99,7.64,6.76,4.57,7.62,7.01,5.49,7.33,7.15,4.06,7.38
324.95,42,7.73,6.17,6.57,7.46,4.99,7.64,6.76,4.56,7.61,7.01,5.47,7.35,7.14,4.04,7.38
325.95,42,7.72,6.16,6.56,7.46,4.97,7.62,6.76,4.54,7.59,6.99,5.46,7.35,7.14,4.03,7.38
326.95,42,7.72,6.15,6.57,7.45,4.96,7.63,6.74,4.53,7.6,6.98,5.43,7.33,7.13,4.03,7.38
327.95,42,7.7,6.14,6.56,7.44,4.96,7.62,6.74,4.52,7.59,6.98,5.41,7.33,7.13,4.01,7.37
328.95,42,7.71,6.12,6.55,7.45,4.95,7.61,6.74,4.5,7.58,6.96,5.39,7.33,7.12,4,7.36
329.95,42,7.7,6.12,6.56,7.45,4.95,7.63,6.75,4.49,7.59,6.95,5.38,7.33,7.13,4,7.35
330.97,42,7.69,6.09,6.53,7.43,4.93,7.61,6.74,4.48,7.57,6.93,5.35,7.31,7.12,3.99,7.35
331.97,42,7.7,6.09,6.55,7.44,4.93,7.61,6.74,4.45,7.57,6.92,5.34,7.32,7.12,4,7.35
332.97,42,7.69,6.07,6.54,7.44,4.92,7.59,6.75,4.45,7.56,6.92,5.32,7.31,7.11,3.98,7.34
333.97,42,7.68,6.07,6.53,7.44,4.9,7.59,6.75,4.43,7.56,6.9,5.3,7.31,7.11,3.97,7.34
334.98,42,7.67,6.06,6.54,7.43,4.89,7.6,6.75,4.41,7.56,6.88,5.28,7.3,7.11,3.96,7.33
335.98,42,7.66,6.05,6.53,7.43,4.88,7.59,6.74,4.4,7.56,6.87,5.26,7.31,7.11,3.95,7.32
336.98,42,7.67,6.04,6.52,7.41,4.87,7.58,6.75,4.39,7.54,6.86,5.24,7.29,7.11,3.93,7.32
337.98,42,7.66,6.04,6.52,7.42,4.85,7.57,6.75,4.38,7.54,6.84,5.24,7.3,7.09,3.91,7.32
339,42,7.65,6.03,6.52,7.4,4.83,7.57,6.75,4.37,7.52,6.83,5.21,7.29,7.09,3.88,7.31
340,42,7.65,6.02,6.52,7.42,4.82,7.57,6.75,4.35,7.53,6.82,5.19,7.29,7.09,3.87,7.3
341.02,42,7.65,6.02,6.51,7.42,4.81,7.57,6.76,4.34,7.52,6.81,5.17,7.29,7.08,3.85,7.31
342.02,42,7.65,6,6.51,7.41,4.79,7.56,6.76,4.33,7.51,6.8,5.15,7.29,7.06,3.82,7.29
343.02,42,7.64,6,6.5,7.39,4.78,7.55,6.75,4.31,7.49,6.78,5.12,7.28,7.06,3.78,7.27
344.02,42,7.64,6,6.49,7.39,4.76,7.56,6.77,4.31,7.49,6.77,5.1,7.27,7.05,3.76,7.28
345.02,42,7.66,5.98,6.49,7.4,4.75,7.55,6.76,4.3,7.47,6.75,5.08,7.27,7.04,3.73,7.28
346.02,42,7.64,5.96,6.48,7.39,4.73,7.54,6.76,4.28,7.47,6.74,5.04,7.27,7.04,3.7,7.26
347.03,42,7.64,5.96,6.49,7.39,4.73,7.54,6.76,4.28,7.47,6.74,5.02,7.27,7.03,3.67,7.26
348.03,42,7.64,5.93,6.47,7.39,4.73,7.53,6.76,4.27,7.46,6.72,4.99,7.26,7.03,3.64,7.25
349.03,42,7.64,5.93,6.47,7.39,4.71,7.52,6.76,4.26,7.46,6.71,4.97,7.25,7,3.61,7.25
350.03,42,7.65,5.93,6.47,7.39,4.71,7.54,6.76,4.25,7.46,6.7,4.95,7.25,7.01,3.59,7.25
351.03,42,7.64,5.92,6.47,7.39,4.71,7.53,6.78,4.25,7.45,6.69,4.92,7.25,7.01,3.55,7.24
352.03,42,7.64,5.9,6.46,7.38,4.7,7.52,6.74,4.23,7.44,6.67,4.89,7.25,6.99,3.52,7.23
353.03,42,7.64,5.88,6.47,7.38,4.7,7.52,6.77,4.21,7.43,6.67,4.86,7.25,6.99,3.49,7.22
354.03,42,7.64,5.86,6.45,7.38,4.68,7.51,6.76,4.21,7.42,6.66,4.84,7.23,6.98,3.46,7.22
355.05,42,7.64,5.87,6.45,7.38,4.68,7.51,6.76,4.2,7.41,6.65,4.82,7.22,6.98,3.44,7.23
356.05,42,7.63,5.86,6.44,7.39,4.67,7.5,6.77,4.18,7.42,6.63,4.79,7.22,6.97,3.42,7.22
357.05,42,7.63,5.85,6.44,7.38,4.65,7.5,6.76,4.15,7.4,6.62,4.77,7.22,6.97,3.39,7.2
358.05,42,7.63,5.85,6.44,7.39,4.64,7.48,6.78,4.13,7.4,6.62,4.75,7.22,6.96,3.38,7.2
359.05,42,7.62,5.84,6.44,7.38,4.62,7.47,6.76,4.11,7.39,6.6,4.72,7.2,6.96,3.35,7.2
360.07,42,7.63,5.83,6.44,7.39,4.62,7.49,6.77,4.1,7.39,6.59,4.7,7.2,6.95,3.33,7.19
361.07,42,7.61,5.82,6.42,7.38,4.6,7.48,6.76,4.08,7.37,6.57,4.68,7.2,6.95,3.31,7.19
362.07,42,7.6,5.8,6.42,7.36,4.57,7.47,6.76,4.04,7.38,6.56,4.65,7.18,6.93,3.29,7.17
363.07,42,7.61,5.8,6.42,7.38,4.56,7.48,6.75,4.04,7.38,6.57,4.64,7.18,6.94,3.28,7.18
364.07,42,7.6,5.78,6.41,7.36,4.53,7.47,6.75,4,7.37,6.54,4.61,7.17,6.92,3.26,7.17
365.07,42,7.59,5.77,6.42,7.37,4.53,7.47,6.76,3.98,7.37,6.53,4.59,7.18,6.92,3.25,7.17
366.07,42,7.59,5.76,6.39,7.35,4.5,7.45,6.74,3.96,7.35,6.52,4.56,7.16,6.9,3.23,7.15
367.07,42,7.57,5.75,6.42,7.35,4.49,7.46,6.74,3.94,7.35,6.51,4.53,7.16,6.91,3.22,7.17
368.08,42,7.58,5.76,6.4,7.35,4.48,7.46,6.75,3.92,7.35,6.51,4.51,7.15,6.9,3.21,7.15
369.08,42,7.58,5.75,6.4,7.35,4.46,7.45,6.76,3.9,7.35,6.49,4.48,7.16,6.9,3.2,7.15
370.08,42,7.58,5.72,6.41,7.35,4.45,7.44,6.75,3.88,7.34,6.47,4.45,7.14,6.89,3.18,7.14
371.08,42,7.57,5.72,6.38,7.33,4.42,7.45,6.75,3.85,7.32,6.47,4.42,7.14,6.86,3.16,7.13
372.08,42,7.57,5.71,6.39,7.35,4.41,7.43,6.75,3.83,7.32,6.47,4.39,7.12,6.87,3.15,7.13
373.08,42,7.57,5.69,6.38,7.34,4.38,7.43,6.75,3.83,7.32,6.45,4.37,7.12,6.87,3.12,7.13
374.1,42,7.56,5.69,6.37,7.34,4.37,7.43,6.74,3.79,7.32,6.44,4.34,7.12,6.86,3.11,7.13
375.1,42,7.56,5.68,6.37,7.33,4.34,7.43,6.75,3.78,7.31,6.43,4.31,7.11,6.85,3.09,7.13
376.1,42,7.57,5.68,6.37,7.33,4.33,7.42,6.75,3.77,7.32,6.42,4.29,7.11,6.84,3.07,7.11
377.1,42,7.57,5.67,6.37,7.33,4.3,7.42,6.75,3.76,7.31,6.42,4.26,7.1,6.84,3.05,7.12
378.1,42,7.56,5.65,6.37,7.32,4.28,7.41,6.74,3.74,7.31,6.41,4.23,7.09,6.83,3.03,7.11
379.1,42,7.55,5.64,6.35,7.3,4.26,7.4,6.72,3.72,7.29,6.38,4.19,7.08,6.82,3,7.1
380.1,42,7.55,5.64,6.35,7.31,4.25,7.39,6.73,3.71,7.29,6.38,4.17,7.09,6.81,2.98,7.1
381.12,42,7.54,5.63,6.35,7.31,4.23,7.39,6.74,3.69,7.28,6.37,4.14,7.09,6.8,2.96,7.08
382.12,42,7.55,5.63,6.35,7.3,4.23,7.39,6.74,3.68,7.28,6.37,4.12,7.07,6.8,2.94,7.08
383.12,42,7.55,5.61,6.35,7.29,4.22,7.39,6.74,3.67,7.27,6.37,4.08,7.06,6.79,2.92,7.07
384.12,42,7.54,5.61,6.33,7.3,4.21,7.38,6.74,3.64,7.27,6.35,4.05,7.07,6.79,2.9,7.07
385.12,42,7.54,5.6,6.35,7.3,4.21,7.38,6.74,3.64,7.27,6.35,4.01,7.06,6.79,2.88,7.07
386.13,42,7.53,5.6,6.34,7.3,4.2,7.38,6.74,3.62,7.26,6.34,4,7.06,6.78,2.86,7.06
387.13,42,7.53,5.58,6.34,7.28,4.2,7.36,6.74,3.6,7.26,6.32,3.97,7.06,6.77,2.84,7.05
388.13,42,7.53,5.56,6.32,7.29,4.18,7.37,6.73,3.58,7.25,6.33,3.94,7.06,6.76,2.82,7.05
389.13,42,7.54,5.56,6.33,7.29,4.18,7.36,6.74,3.57,7.25,6.32,3.93,7.06,6.74,2.8,7.04
390.15,42,7.53,5.54,6.32,7.28,4.18,7.35,6.72,3.54,7.24,6.32,3.9,7.04,6.74,2.78,7.04
391.15,42,7.51,5.53,6.31,7.28,4.15,7.35,6.72,3.53,7.24,6.3,3.87,7.04,6.74,2.76,7.04
392.15,42,7.51,5.53,6.32,7.27,4.15,7.36,6.71,3.52,7.23,6.29,3.86,7.04,6.74,2.75,7.03
393.15,42,7.51,5.52,6.31,7.27,4.13,7.33,6.71,3.5,7.21,6.28,3.83,7.03,6.73,2.73,7.03
394.15,42,7.52,5.51,6.31,7.28,4.13,7.36,6.73,3.49,7.23,6.29,3.83,7.04,6.73,2.72,7.04
395.17,42,7.51,5.51,6.32,7.28,4.11,7.34,6.73,3.48,7.22,6.27,3.82,7.02,6.71,2.7,7.01
396.17,42,7.5,5.49,6.3,7.27,4.1,7.34,6.71,3.46,7.21,6.27,3.8,7.02,6.7,2.68,7.01
397.17,42,7.51,5.48,6.3,7.28,4.08,7.32,6.72,3.44,7.2,6.27,3.8,7.01,6.7,2.66,7.02
398.17,42,7.51,5.49,6.3,7.28,4.07,7.34,6.73,3.44,7.2,6.27,3.8,7.03,6.71,2.66,7.02
399.17,42,7.51,5.47,6.29,7.25,4.05,7.34,6.71,3.42,7.2,6.27,3.78,7.02,6.69,2.64,7
400.17,42,7.49,5.45,6.28,7.26,4.04,7.32,6.72,3.4,7.19,6.24,3.77,7.01,6.68,2.62,6.99
401.17,42,7.48,5.43,6.27,7.25,4.02,7.31,6.71,3.39,7.18,6.24,3.76,7,6.68,2.6,6.99
402.18,42,7.49,5.43,6.27,7.26,4.02,7.32,6.71,3.38,7.18,6.24,3.75,6.99,6.68,2.59,6.98
403.18,42,7.47,5.41,6.27,7.25,4,7.32,6.69,3.36,7.17,6.23,3.73,6.99,6.66,2.56,6.97
404.18,42,7.49,5.41,6.28,7.25,4,7.32,6.71,3.35,7.17,6.23,3.72,7,6.67,2.54,6.98
405.18,42,7.47,5.39,6.26,7.26,3.98,7.3,6.7,3.33,7.17,6.23,3.7,6.98,6.65,2.52,6.98
406.18,42,7.47,5.38,6.27,7.24,3.97,7.31,6.71,3.32,7.15,6.22,3.67,6.98,6.64,2.5,6.98
407.18,42,7.48,5.38,6.27,7.25,3.97,7.31,6.71,3.31,7.16,6.22,3.65,6.98,6.65,2.49,6.98
408.18,42,7.47,5.37,6.26,7.24,3.95,7.3,6.7,3.29,7.15,6.21,3.62,6.98,6.65,2.45,6.97
409.18,42,7.47,5.35,6.26,7.24,3.95,7.29,6.7,3.28,7.15,6.21,3.6,6.98,6.65,2.43,6.97
410.18,42,7.47,5.34,6.26,7.24,3.94,7.29,6.7,3.27,7.15,6.21,3.57,6.97,6.65,2.41,6.96
411.2,42,7.47,5.33,6.25,7.24,3.93,7.29,6.7,3.25,7.13,6.19,3.55,6.96,6.63,2.39,6.96
412.2,42,7.46,5.32,6.25,7.24,3.92,7.29,6.69,3.25,7.13,6.18,3.53,6.97,6.64,2.36,6.97
413.2,42,7.45,5.3,6.23,7.23,3.9,7.29,6.7,3.23,7.12,6.18,3.49,6.95,6.63,2.33,6.95
414.2,42,7.46,5.29,6.23,7.24,3.9,7.29,6.69,3.21,7.13,6.18,3.46,6.96,6.63,2.31,6.95
415.2,42,7.45,5.28,6.23,7.24,3.88,7.27,6.7,3.21,7.13,6.18,3.44,6.96,6.62,2.28,6.94
416.2,42,7.46,5.28,6.23,7.23,3.86,7.28,6.7,3.19,7.12,6.17,3.41,6.95,6.63,2.27,6.94
417.2,42,7.45,5.26,6.23,7.22,3.84,7.26,6.69,3.18,7.11,6.16,3.38,6.94,6.61,2.25,6.94
418.2,42,7.44,5.25,6.23,7.21,3.83,7.26,6.69,3.16,7.11,6.16,3.36,6.93,6.61,2.22,6.92
419.2,42,7.44,5.25,6.23,7.21,3.81,7.25,6.7,3.15,7.1,6.14,3.33,6.94,6.6,2.21,6.92
420.22,42,7.43,5.25,6.22,7.22,3.79,7.26,6.68,3.14,7.1,6.15,3.3,6.94,6.59,2.19,6.92
421.22,42,7.43,5.24,6.22,7.21,3.77,7.25,6.69,3.13,7.09,6.14,3.28,6.93,6.59,2.18,6.92
422.22,42,7.43,5.24,6.22,7.21,3.76,7.25,6.7,3.12,7.09,6.14,3.25,6.94,6.59,2.17,6.92
423.23,42,7.42,5.21,6.21,7.21,3.73,7.24,6.68,3.1,7.08,6.13,3.23,6.93,6.57,2.15,6.9
424.23,42,7.42,5.21,6.2,7.19,3.7,7.23,6.68,3.08,7.06,6.12,3.21,6.92,6.56,2.14,6.9
425.23,42,7.42,5.22,6.19,7.18,3.68,7.23,6.68,3.08,7.06,6.13,3.18,6.92,6.55,2.12,6.89
426.23,42,7.42,5.21,6.19,7.19,3.67,7.23,6.69,3.06,7.05,6.11,3.16,6.92,6.55,2.12,6.9
427.23,42,7.42,5.21,6.2,7.19,3.66,7.23,6.68,3.05,7.06,6.12,3.16,6.92,6.55,2.12,6.88
428.25,42,7.41,5.19,6.18,7.17,3.64,7.21,6.68,3.04,7.04,6.1,3.14,6.91,6.53,2.09,6.87
429.25,42,7.42,5.2,6.19,7.17,3.62,7.21,6.68,3.03,7.04,6.1,3.12,6.91,6.53,2.08,6.88
430.25,42,7.42,5.18,6.19,7.17,3.62,7.22,6.67,3.02,7.04,6.09,3.12,6.91,6.53,2.08,6.87
431.25,42,7.42,5.17,6.18,7.17,3.62,7.21,6.68,3,7.03,6.1,3.11,6.91,6.52,2.07,6.86
432.25,42,7.4,5.16,6.18,7.17,3.6,7.19,6.66,2.98,7.01,6.09,3.09,6.9,6.51,2.05,6.85
433.25,42,7.41,5.16,6.18,7.17,3.6,7.19,6.66,2.97,7.02,6.09,3.09,6.91,6.52,2.05,6.86
434.25,42,7.4,5.14,6.18,7.16,3.59,7.17,6.65,2.95,7,6.09,3.07,6.9,6.51,2.02,6.84
435.25,42,7.4,5.13,6.17,7.16,3.6,7.17,6.66,2.93,6.99,6.09,3.07,6.89,6.51,2.02,6.85
436.27,42,7.39,5.11,6.17,7.14,3.58,7.17,6.64,2.92,6.99,6.08,3.06,6.87,6.49,2,6.84
437.27,42,7.41,5.11,6.17,7.15,3.58,7.18,6.67,2.91,7,6.09,3.07,6.89,6.5,1.99,6.85
438.27,42,7.39,5.1,6.16,7.15,3.58,7.17,6.64,2.89,6.98,6.07,3.06,6.86,6.49,1.97,6.83
439.27,42,7.4,5.08,6.15,7.14,3.58,7.17,6.64,2.88,6.98,6.08,3.06,6.88,6.49,1.96,6.82
440.27,42,7.39,5.08,6.17,7.16,3.58,7.17,6.65,2.86,6.98,6.07,3.05,6.88,6.48,1.95,6.83
441.27,42,7.39,5.06,6.15,7.14,3.56,7.16,6.65,2.84,6.98,6.05,3.04,6.87,6.48,1.93,6.81
442.28,42,7.39,5.04,6.15,7.14,3.56,7.17,6.64,2.84,6.98,6.06,3.03,6.87,6.47,1.91,6.82
443.28,42,7.39,5.04,6.14,7.14,3.55,7.16,6.63,2.83,6.97,6.05,3.03,6.86,6.47,1.9,6.81
444.3,42,7.39,5.03,6.15,7.14,3.54,7.15,6.63,2.82,6.96,6.06,3.03,6.85,6.47,1.88,6.81
445.3,42,7.38,5.01,6.14,7.13,3.53,7.14,6.64,2.8,6.96,6.05,3.02,6.85,6.47,1.87,6.8
446.3,42,7.37,5.01,6.14,7.13,3.51,7.14,6.63,2.79,6.95,6.05,3.01,6.85,6.46,1.86,6.8
447.3,42,7.37,5,6.14,7.12,3.51,7.13,6.64,2.78,6.95,6.03,3,6.84,6.46,1.85,6.8
448.3,42,7.37,4.98,6.14,7.13,3.51,7.15,6.64,2.79,6.96,6.04,2.98,6.84,6.46,1.85,6.8
449.3,42,7.36,4.98,6.14,7.13,3.49,7.14,6.65,2.77,6.95,6.04,2.96,6.85,6.46,1.83,6.8
450.3,42,7.34,4.98,6.13,7.11,3.49,7.13,6.64,2.77,6.94,6.02,2.96,6.84,6.45,1.83,6.8
451.3,42,7.35,4.97,6.13,7.11,3.49,7.12,6.64,2.75,6.94,6.03,2.94,6.83,6.44,1.82,6.79
452.3,42,7.35,4.96,6.12,7.11,3.48,7.13,6.64,2.75,6.93,6.01,2.93,6.83,6.43,1.8,6.79
453.32,42,7.34,4.95,6.12,7.11,3.47,7.12,6.64,2.74,6.93,6.01,2.91,6.83,6.43,1.8,6.78
454.32,42,7.33,4.94,6.11,7.1,3.46,7.11,6.65,2.75,6.92,6,2.9,6.81,6.43,1.79,6.77
455.32,42,7.32,4.94,6.12,7.11,3.46,7.12,6.64,2.74,6.92,6,2.88,6.82,6.43,1.78,6.77
456.32,42,7.32,4.92,6.11,7.09,3.44,7.11,6.64,2.73,6.91,6,2.86,6.82,6.42,1.77,6.77
457.32,42,7.32,4.91,6.1,7.09,3.43,7.11,6.64,2.72,6.92,6,2.86,6.82,6.42,1.76,6.77
458.32,42,7.33,4.9,6.09,7.09,3.42,7.11,6.65,2.73,6.92,5.99,2.85,6.8,6.41,1.74,6.76
459.32,42,7.32,4.91,6.1,7.11,3.42,7.11,6.66,2.71,6.91,5.99,2.84,6.82,6.42,1.74,6.76
460.32,42,7.31,4.88,6.09,7.09,3.39,7.08,6.64,2.7,6.88,5.98,2.82,6.8,6.41,1.72,6.74
461.32,42,7.31,4.88,6.08,7.08,3.37,7.09,6.65,2.69,6.88,5.96,2.82,6.81,6.42,1.71,6.74
462.33,42,7.32,4.87,6.09,7.08,3.36,7.08,6.64,2.69,6.88,5.96,2.81,6.81,6.41,1.7,6.74
463.33,42,7.31,4.87,6.09,7.09,3.35,7.07,6.64,2.68,6.87,5.97,2.81,6.81,6.4,1.69,6.74
464.33,42,7.31,4.86,6.09,7.08,3.34,7.08,6.64,2.68,6.88,5.96,2.81,6.82,6.4,1.69,6.74
465.33,42,7.29,4.85,6.07,7.06,3.32,7.07,6.64,2.67,6.86,5.96,2.79,6.8,6.4,1.67,6.72
466.33,42,7.29,4.83,6.08,7.08,3.31,7.07,6.65,2.67,6.86,5.96,2.79,6.81,6.4,1.66,6.73
467.33,42,7.3,4.82,6.07,7.06,3.29,7.05,6.64,2.66,6.85,5.94,2.77,6.8,6.39,1.64,6.71
468.33,42,7.28,4.82,6.07,7.06,3.28,7.05,6.63,2.65,6.85,5.94,2.76,6.79,6.39,1.65,6.71
469.35,42,7.29,4.82,6.06,7.06,3.27,7.05,6.63,2.65,6.85,5.94,2.76,6.8,6.41,1.65,6.71
470.35,42,7.29,4.81,6.06,7.05,3.25,7.04,6.64,2.65,6.85,5.92,2.75,6.8,6.39,1.63,6.7
471.37,42,7.28,4.8,6.05,7.04,3.24,7.04,6.63,2.63,6.85,5.92,2.73,6.8,6.39,1.62,6.69
472.37,42,7.29,4.8,6.06,7.05,3.23,7.05,6.63,2.63,6.85,5.92,2.71,6.81,6.4,1.61,6.71
473.37,42,7.27,4.79,6.06,7.04,3.21,7.02,6.62,2.62,6.84,5.92,2.69,6.79,6.4,1.6,6.68
474.37,42,7.27,4.77,6.05,7.04,3.2,7.03,6.63,2.62,6.83,5.92,2.68,6.8,6.39,1.6,6.68
475.37,42,7.27,4.77,6.05,7.04,3.19,7.03,6.63,2.61,6.83,5.91,2.66,6.79,6.39,1.59,6.68
476.37,42,7.26,4.76,6.05,7.04,3.19,7.02,6.63,2.61,6.82,5.91,2.65,6.79,6.39,1.58,6.68
477.37,42,7.27,4.74,6.05,7.03,3.18,7.02,6.63,2.61,6.82,5.9,2.65,6.8,6.4,1.58,6.68
478.37,42,7.25,4.73,6.03,7.02,3.16,7.01,6.63,2.6,6.8,5.89,2.63,6.77,6.38,1.57,6.65
479.37,42,7.26,4.73,6.04,7.02,3.16,7,6.63,2.6,6.8,5.9,2.63,6.77,6.37,1.56,6.66
480.38,42,7.26,4.71,6.05,7.03,3.16,7,6.63,2.6,6.8,5.89,2.62,6.78,6.4,1.55,6.66
481.38,42,7.25,4.7,6.02,7.01,3.16,6.99,6.62,2.59,6.8,5.9,2.62,6.78,6.37,1.54,6.65
482.38,42,7.25,4.7,6.04,7.02,3.14,7,6.63,2.59,6.8,5.9,2.61,6.78,6.39,1.55,6.66
483.38,42,7.25,4.69,6.02,7.01,3.13,6.98,6.62,2.58,6.78,5.89,2.6,6.77,6.38,1.52,6.63
484.38,42,7.25,4.68,6.02,7,3.12,6.98,6.61,2.58,6.78,5.89,2.61,6.76,6.38,1.52,6.64
485.38,42,7.25,4.67,6.02,7.01,3.12,6.98,6.62,2.58,6.78,5.89,2.6,6.77,6.38,1.51,6.63
486.38,42,7.25,4.66,6.01,7,3.1,6.97,6.61,2.56,6.75,5.89,2.6,6.76,6.37,1.5,6.63
487.38,42,7.25,4.65,6.01,7.01,3.09,6.96,6.61,2.56,6.76,5.89,2.6,6.75,6.37,1.49,6.61
488.4,42,7.25,4.65,6.02,7,3.08,6.97,6.63,2.56,6.77,5.89,2.6,6.78,6.39,1.49,6.63
489.4,42,7.24,4.62,6,6.98,3.06,6.96,6.6,2.56,6.75,5.88,2.59,6.76,6.37,1.48,6.62
490.4,42,7.25,4.62,6.01,7,3.05,6.96,6.61,2.56,6.75,5.88,2.6,6.75,6.38,1.48,6.62
491.4,42,7.25,4.61,6,7,3.05,6.97,6.61,2.56,6.75,5.88,2.59,6.75,6.37,1.48,6.62
492.4,42,7.24,4.6,6,6.99,3.04,6.95,6.61,2.54,6.74,5.88,2.58,6.75,6.37,1.46,6.62
493.4,42,7.22,4.59,6,6.98,3.03,6.95,6.61,2.54,6.74,5.87,2.58,6.74,6.37,1.46,6.6
494.4,42,7.23,4.56,6,6.98,3.03,6.94,6.61,2.53,6.74,5.87,2.57,6.74,6.36,1.45,6.6
495.4,42,7.22,4.56,6,6.98,3.03,6.94,6.59,2.54,6.73,5.87,2.57,6.73,6.36,1.45,6.59
496.4,42,7.21,4.54,5.99,6.98,3.02,6.94,6.6,2.52,6.73,5.86,2.56,6.74,6.37,1.45,6.59
497.4,42,7.22,4.54,5.98,6.98,3.02,6.93,6.61,2.52,6.73,5.87,2.56,6.74,6.36,1.44,6.59
498.42,42,7.21,4.52,5.98,6.98,3.02,6.92,6.6,2.52,6.72,5.86,2.56,6.74,6.35,1.45,6.59
499.42,42,7.2,4.51,5.98,6.96,3.01,6.92,6.6,2.51,6.71,5.85,2.54,6.72,6.34,1.44,6.58
500.42,42,7.2,4.5,5.97,6.97,3.01,6.93,6.61,2.51,6.72,5.84,2.56,6.74,6.35,1.44,6.59
501.42,42,7.19,4.49,5.97,6.97,3,6.92,6.59,2.52,6.72,5.84,2.54,6.74,6.34,1.45,6.58
502.43,42,7.19,4.49,5.97,6.98,3,6.92,6.61,2.51,6.71,5.84,2.55,6.73,6.34,1.45,6.58
503.43,42,7.18,4.46,5.96,6.94,2.97,6.91,6.58,2.5,6.7,5.84,2.54,6.71,6.33,1.44,6.57
504.43,42,7.18,4.45,5.96,6.95,2.97,6.92,6.59,2.51,6.7,5.84,2.54,6.72,6.34,1.45,6.57
505.43,42,7.18,4.45,5.96,6.97,2.95,6.9,6.6,2.51,6.7,5.84,2.54,6.72,6.33,1.45,6.57
506.43,42,7.17,4.43,5.97,6.95,2.94,6.9,6.59,2.5,6.7,5.83,2.54,6.73,6.32,1.46,6.57
507.43,42,7.17,4.42,5.96,6.95,2.91,6.91,6.6,2.5,6.68,5.83,2.54,6.71,6.32,1.46,6.57
508.43,42,7.17,4.41,5.96,6.93,2.9,6.89,6.59,2.49,6.68,5.81,2.54,6.71,6.32,1.46,6.55
509.43,42,7.17,4.4,5.96,6.95,2.88,6.89,6.59,2.5,6.68,5.82,2.55,6.72,6.32,1.46,6.57
510.45,42,7.14,4.39,5.94,6.94,2.86,6.88,6.58,2.49,6.68,5.8,2.54,6.69,6.3,1.48,6.54
511.45,42,7.16,4.39,5.96,6.94,2.86,6.89,6.59,2.5,6.68,5.81,2.54,6.7,6.32,1.49,6.55
512.45,42,7.15,4.37,5.95,6.94,2.84,6.87,6.57,2.49,6.67,5.8,2.55,6.7,6.3,1.48,6.54
513.45,42,7.15,4.37,5.95,6.94,2.83,6.87,6.58,2.5,6.67,5.8,2.56,6.7,6.3,1.49,6.56
514.45,42,7.15,4.36,5.95,6.93,2.82,6.87,6.58,2.5,6.68,5.8,2.56,6.69,6.3,1.5,6.56
515.45,42,7.13,4.33,5.93,6.92,2.8,6.84,6.57,2.48,6.65,5.78,2.56,6.67,6.27,1.5,6.53
516.45,42,7.13,4.32,5.94,6.92,2.79,6.85,6.57,2.48,6.65,5.78,2.56,6.67,6.27,1.51,6.53
517.45,42,7.13,4.32,5.93,6.92,2.78,6.85,6.57,2.48,6.65,5.77,2.56,6.67,6.27,1.52,6.54
518.47,42,7.13,4.31,5.93,6.92,2.77,6.85,6.58,2.47,6.66,5.78,2.56,6.68,6.28,1.53,6.53
519.47,42,7.13,4.29,5.93,6.92,2.76,6.85,6.57,2.47,6.64,5.76,2.56,6.68,6.27,1.54,6.52
520.47,42,7.12,4.29,5.92,6.92,2.75,6.84,6.58,2.47,6.64,5.76,2.56,6.68,6.26,1.54,6.52
521.47,42,7.11,4.27,5.92,6.9,2.73,6.84,6.56,2.45,6.65,5.75,2.55,6.67,6.25,1.55,6.52
522.47,42,7.13,4.29,5.92,6.92,2.72,6.83,6.57,2.46,6.63,5.75,2.56,6.66,6.26,1.55,6.52
523.47,42,7.11,4.26,5.91,6.89,2.71,6.82,6.57,2.45,6.64,5.75,2.54,6.65,6.25,1.55,6.51
524.47,42,7.11,4.25,5.92,6.9,2.69,6.82,6.57,2.45,6.63,5.74,2.54,6.66,6.25,1.57,6.51
525.48,42,7.11,4.25,5.92,6.89,2.69,6.82,6.57,2.44,6.63,5.72,2.54,6.65,6.25,1.57,6.5
526.48,42,7.11,4.23,5.91,6.89,2.67,6.81,6.56,2.43,6.63,5.72,2.52,6.63,6.25,1.56,6.49
527.48,42,7.09,4.23,5.91,6.89,2.67,6.81,6.56,2.43,6.63,5.72,2.52,6.63,6.24,1.57,6.49
528.48,42,7.1,4.23,5.91,6.88,2.65,6.8,6.56,2.43,6.62,5.72,2.51,6.64,6.24,1.57,6.48
529.48,42,7.09,4.22,5.91,6.88,2.64,6.79,6.55,2.41,6.61,5.7,2.5,6.63,6.23,1.57,6.47
530.48,42,7.08,4.22,5.9,6.86,2.63,6.79,6.55,2.41,6.6,5.7,2.5,6.63,6.23,1.56,6.48
531.48,42,7.08,4.21,5.9,6.88,2.62,6.78,6.56,2.42,6.6,5.7,2.49,6.63,6.23,1.57,6.47
532.5,42,7.08,4.21,5.9,6.87,2.61,6.79,6.54,2.41,6.61,5.69,2.49,6.62,6.23,1.56,6.47
533.5,42,7.08,4.18,5.9,6.86,2.6,6.78,6.54,2.41,6.6,5.69,2.49,6.61,6.22,1.56,6.47
534.5,42,7.08,4.17,5.88,6.86,2.58,6.78,6.54,2.4,6.59,5.69,2.49,6.61,6.23,1.55,6.45
535.5,42,7.07,4.16,5.89,6.86,2.56,6.76,6.53,2.4,6.58,5.68,2.49,6.61,6.21,1.56,6.46
536.5,42,7.08,4.15,5.88,6.85,2.56,6.77,6.54,2.4,6.59,5.68,2.49,6.6,6.22,1.55,6.45
537.5,42,7.07,4.14,5.9,6.85,2.54,6.75,6.53,2.4,6.59,5.68,2.49,6.6,6.22,1.56,6.45
538.52,42,7.07,4.13,5.88,6.85,2.52,6.74,6.52,2.39,6.58,5.67,2.49,6.59,6.21,1.55,6.44
539.52,42,7.07,4.13,5.88,6.84,2.52,6.76,6.52,2.38,6.57,5.66,2.49,6.59,6.21,1.56,6.44
540.52,42,7.06,4.13,5.88,6.84,2.5,6.75,6.52,2.38,6.57,5.66,2.49,6.58,6.2,1.55,6.43
541.52,42,7.06,4.12,5.87,6.85,2.49,6.74,6.52,2.38,6.57,5.64,2.49,6.59,6.21,1.55,6.42
542.52,42,7.07,4.1,5.87,6.84,2.48,6.74,6.52,2.37,6.56,5.65,2.48,6.57,6.2,1.55,6.42
543.52,42,7.07,4.1,5.88,6.84,2.47,6.74,6.51,2.36,6.56,5.65,2.47,6.57,6.22,1.55,6.42
544.52,42,7.07,4.1,5.87,6.84,2.46,6.74,6.52,2.35,6.55,5.64,2.47,6.57,6.19,1.54,6.42
545.52,42,7.07,4.1,5.87,6.83,2.45,6.74,6.51,2.35,6.56,5.64,2.47,6.58,6.21,1.54,6.42
546.52,42,7.06,4.08,5.86,6.82,2.43,6.73,6.5,2.34,6.53,5.64,2.44,6.57,6.18,1.54,6.4
547.53,42,7.08,4.08,5.87,6.83,2.43,6.73,6.48,2.34,6.54,5.63,2.43,6.56,6.18,1.54,6.4
548.53,42,7.07,4.06,5.86,6.8,2.41,6.71,6.49,2.33,6.53,5.63,2.43,6.56,6.2,1.52,6.39
549.53,42,7.06,4.05,5.86,6.83,2.4,6.7,6.5,2.32,6.52,5.63,2.41,6.55,6.18,1.52,6.38
550.53,42,7.06,4.04,5.85,6.81,2.38,6.7,6.47,2.32,6.52,5.62,2.4,6.55,6.19,1.51,6.38
551.53,42,7.05,4.04,5.85,6.8,2.38,6.69,6.48,2.32,6.51,5.62,2.39,6.55,6.19,1.51,6.37
552.53,42,7.05,4.03,5.84,6.8,2.35,6.69,6.47,2.31,6.51,5.61,2.37,6.54,6.18,1.5,6.37
553.53,42,7.05,4.03,5.85,6.81,2.35,6.7,6.48,2.31,6.52,5.62,2.37,6.55,6.18,1.51,6.38
554.55,42,7.05,4.02,5.84,6.8,2.32,6.69,6.47,2.3,6.51,5.61,2.36,6.54,6.18,1.49,6.37
555.55,42,7.05,4.01,5.84,6.8,2.32,6.69,6.47,2.3,6.51,5.6,2.36,6.54,6.18,1.48,6.36
556.55,42,7.04,4,5.84,6.8,2.31,6.68,6.46,2.3,6.5,5.61,2.34,6.54,6.17,1.48,6.37
557.55,42,7.04,3.99,5.84,6.79,2.29,6.68,6.45,2.28,6.48,5.6,2.33,6.52,6.17,1.46,6.36
558.55,42,7.05,3.98,5.84,6.79,2.3,6.68,6.47,2.29,6.49,5.61,2.32,6.53,6.17,1.46,6.35
559.57,42,7.04,3.97,5.84,6.79,2.29,6.67,6.46,2.27,6.49,5.6,2.32,6.53,6.17,1.46,6.36
560.57,42,7.04,3.95,5.84,6.79,2.29,6.67,6.45,2.27,6.48,5.6,2.31,6.53,6.18,1.44,6.35
561.57,42,7.04,3.95,5.84,6.78,2.29,6.67,6.44,2.26,6.48,5.6,2.31,6.53,6.16,1.43,6.34
562.57,42,7.03,3.93,5.83,6.78,2.29,6.66,6.43,2.25,6.47,5.59,2.31,6.52,6.16,1.42,6.33
563.57,42,7.02,3.93,5.82,6.78,2.29,6.64,6.43,2.26,6.47,5.59,2.31,6.51,6.17,1.42,6.32
564.57,42,7.02,3.93,5.83,6.78,2.27,6.65,6.43,2.25,6.46,5.58,2.31,6.52,6.15,1.41,6.33
565.57,42,7,3.9,5.81,6.78,2.27,6.66,6.43,2.25,6.47,5.58,2.29,6.52,6.16,1.41,6.32
566.58,42,7.01,3.9,5.82,6.78,2.27,6.64,6.44,2.25,6.47,5.58,2.3,6.52,6.14,1.4,6.32
567.58,42,7.01,3.89,5.81,6.78,2.25,6.64,6.43,2.25,6.45,5.57,2.3,6.51,6.14,1.39,6.32
568.58,42,7,3.88,5.81,6.76,2.24,6.64,6.43,2.25,6.47,5.57,2.3,6.5,6.14,1.39,6.32
569.58,42,7,3.88,5.82,6.78,2.22,6.65,6.42,2.25,6.47,5.58,2.29,6.52,6.14,1.38,6.32
570.58,42,6.99,3.86,5.8,6.78,2.2,6.63,6.42,2.25,6.46,5.56,2.29,6.51,6.15,1.37,6.31
571.6,42,7,3.85,5.8,6.76,2.19,6.65,6.42,2.25,6.46,5.56,2.28,6.51,6.14,1.37,6.32
572.6,42,6.98,3.83,5.8,6.75,2.17,6.63,6.42,2.24,6.45,5.56,2.28,6.49,6.14,1.36,6.3
573.6,42,6.98,3.82,5.8,6.76,2.17,6.63,6.42,2.25,6.44,5.56,2.27,6.49,6.12,1.35,6.31
574.6,42,6.98,3.82,5.81,6.76,2.16,6.63,6.43,2.25,6.45,5.56,2.27,6.5,6.14,1.34,6.31
575.6,42,6.98,3.81,5.8,6.76,2.15,6.62,6.42,2.25,6.45,5.55,2.27,6.5,6.13,1.33,6.31
576.6,42,6.98,3.79,5.8,6.75,2.13,6.62,6.42,2.25,6.44,5.53,2.26,6.48,6.11,1.31,6.29
577.6,42,6.97,3.78,5.8,6.75,2.13,6.62,6.42,2.25,6.43,5.53,2.25,6.49,6.11,1.31,6.3
578.62,42,6.97,3.77,5.8,6.74,2.12,6.61,6.42,2.25,6.43,5.53,2.24,6.48,6.11,1.28,6.29
579.62,42,6.97,3.76,5.79,6.74,2.11,6.61,6.41,2.25,6.42,5.53,2.24,6.48,6.11,1.28,6.28
580.62,42,6.96,3.76,5.79,6.74,2.1,6.61,6.42,2.26,6.43,5.53,2.24,6.49,6.11,1.27,6.28
581.62,42,6.97,3.74,5.79,6.75,2.09,6.61,6.42,2.25,6.42,5.52,2.23,6.47,6.11,1.25,6.29
582.62,42,6.95,3.74,5.79,6.74,2.08,6.61,6.41,2.26,6.42,5.52,2.22,6.47,6.1,1.24,6.28
583.63,42,6.95,3.73,5.78,6.74,2.06,6.6,6.42,2.26,6.42,5.52,2.21,6.47,6.1,1.24,6.27
584.63,42,6.95,3.71,5.78,6.73,2.03,6.59,6.41,2.25,6.42,5.49,2.2,6.47,6.09,1.22,6.27
585.63,42,6.94,3.7,5.77,6.73,2.02,6.6,6.4,2.25,6.42,5.5,2.2,6.47,6.09,1.22,6.27
586.63,42,6.94,3.69,5.77,6.74,2,6.6,6.42,2.27,6.42,5.51,2.2,6.47,6.1,1.24,6.27
587.63,42,6.94,3.69,5.77,6.72,1.98,6.59,6.42,2.25,6.41,5.49,2.19,6.46,6.09,1.24,6.27
588.65,42,6.93,3.68,5.76,6.73,1.96,6.59,6.41,2.26,6.41,5.49,2.19,6.47,6.08,1.25,6.27
589.65,42,6.93,3.68,5.76,6.72,1.93,6.58,6.41,2.25,6.42,5.49,2.18,6.46,6.09,1.25,6.26
590.65,42,6.93,3.67,5.77,6.72,1.93,6.57,6.4,2.25,6.41,5.48,2.17,6.47,6.09,1.26,6.27
591.65,42,6.92,3.67,5.76,6.72,1.92,6.58,6.39,2.25,6.39,5.49,2.17,6.46,6.08,1.27,6.26
592.65,42,6.92,3.67,5.76,6.71,1.9,6.57,6.42,2.25,6.4,5.48,2.17,6.45,6.07,1.27,6.25
593.65,42,6.91,3.65,5.76,6.7,1.89,6.57,6.38,2.24,6.39,5.47,2.15,6.45,6.07,1.27,6.24
594.67,42,6.9,3.64,5.75,6.69,1.88,6.56,6.38,2.24,6.38,5.47,2.15,6.44,6.06,1.28,6.23
595.67,42,6.91,3.64,5.76,6.7,1.88,6.56,6.39,2.24,6.38,5.46,2.15,6.44,6.06,1.28,6.23
596.67,42,6.92,3.64,5.76,6.69,1.88,6.56,6.39,2.23,6.37,5.46,2.14,6.45,6.06,1.3,6.24
597.67,42,6.91,3.64,5.76,6.69,1.87,6.55,6.37,2.22,6.37,5.45,2.14,6.43,6.05,1.3,6.23
598.67,42,6.91,3.62,5.75,6.68,1.86,6.55,6.37,2.21,6.37,5.45,2.13,6.43,6.06,1.3,6.23
599.68,42,6.91,3.61,5.74,6.68,1.85,6.55,6.37,2.2,6.37,5.45,2.13,6.44,6.05,1.29,6.23
600.68,42,6.91,3.61,5.75,6.68,1.83,6.54,6.37,2.19,6.37,5.45,2.12,6.43,6.05,1.28,6.22
601.68,42,6.9,3.62,5.75,6.68,1.82,6.52,6.37,2.19,6.37,5.45,2.11,6.43,6.05,1.28,6.22
602.68,42,6.9,3.6,5.74,6.68,1.81,6.52,6.37,2.17,6.36,5.44,2.11,6.43,6.04,1.27,6.21
603.68,42,6.9,3.6,5.74,6.68,1.8,6.52,6.36,2.15,6.36,5.44,2.1,6.42,6.04,1.25,6.21
604.68,42,6.89,3.59,5.74,6.65,1.78,6.51,6.35,2.13,6.35,5.42,2.1,6.42,6.02,1.24,6.19
605.7,42,6.89,3.58,5.73,6.66,1.77,6.52,6.35,2.12,6.35,5.43,2.1,6.42,6.03,1.24,6.2
606.7,42,6.9,3.58,5.73,6.66,1.77,6.51,6.34,2.1,6.34,5.42,2.09,6.41,6.03,1.22,6.2
607.7,42,6.89,3.58,5.73,6.66,1.76,6.51,6.34,2.1,6.35,5.42,2.09,6.42,6.02,1.21,6.19
608.7,42,6.9,3.57,5.73,6.66,1.76,6.5,6.34,2.08,6.33,5.42,2.08,6.41,6.03,1.2,6.19
609.7,42,6.88,3.55,5.72,6.65,1.75,6.5,6.32,2.07,6.33,5.42,2.07,6.41,6.01,1.19,6.18
610.7,42,6.89,3.55,5.72,6.64,1.74,6.5,6.33,2.07,6.32,5.42,2.07,6.4,6.02,1.19,6.18
611.72,42,6.88,3.54,5.72,6.65,1.74,6.5,6.32,2.05,6.33,5.42,2.06,6.4,6.01,1.18,6.18
612.72,42,6.89,3.54,5.73,6.65,1.74,6.49,6.32,2.05,6.32,5.43,2.06,6.41,6.01,1.17,6.18
613.72,42,6.89,3.53,5.73,6.66,1.74,6.49,6.33,2.06,6.33,5.43,2.06,6.41,6.01,1.18,6.18
614.72,42,6.88,3.51,5.72,6.63,1.71,6.48,6.31,2.04,6.32,5.42,2.04,6.39,6,1.15,6.17
615.72,42,6.88,3.51,5.72,6.64,1.71,6.48,6.3,2.05,6.32,5.42,2.04,6.41,6,1.15,6.17
616.72,42,6.87,3.5,5.71,6.64,1.7,6.48,6.31,2.04,6.31,5.41,2.03,6.39,6,1.15,6.17
617.72,42,6.87,3.49,5.71,6.63,1.69,6.47,6.3,2.05,6.31,5.41,2.03,6.38,5.99,1.15,6.16
618.73,42,6.87,3.49,5.7,6.63,1.66,6.46,6.29,2.03,6.31,5.4,2.02,6.37,5.99,1.14,6.15
619.73,42,6.87,3.46,5.71,6.63,1.65,6.47,6.29,2.05,6.29,5.4,2,6.38,5.99,1.14,6.15
620.73,42,6.87,3.46,5.71,6.63,1.63,6.47,6.29,2.05,6.3,5.41,2,6.39,5.99,1.14,6.14
621.73,42,6.85,3.45,5.69,6.63,1.61,6.46,6.28,2.04,6.3,5.4,1.98,6.37,5.97,1.14,6.14
622.75,42,6.85,3.44,5.69,6.62,1.59,6.45,6.28,2.04,6.3,5.4,1.98,6.37,5.98,1.14,6.14
623.75,42,6.85,3.44,5.69,6.62,1.57,6.45,6.28,2.05,6.29,5.39,1.97,6.37,5.97,1.13,6.14
624.75,42,6.85,3.42,5.69,6.63,1.55,6.46,6.27,2.05,6.3,5.39,1.95,6.37,5.97,1.12,6.13
625.75,42,6.85,3.42,5.68,6.61,1.53,6.44,6.27,2.05,6.28,5.38,1.94,6.37,5.96,1.12,6.14
626.77,42,6.84,3.42,5.69,6.61,1.51,6.44,6.27,2.05,6.28,5.38,1.94,6.37,5.96,1.11,6.13
627.77,42,6.83,3.4,5.69,6.62,1.5,6.44,6.27,2.05,6.29,5.38,1.93,6.37,5.96,1.11,6.12
628.77,42,6.84,3.4,5.68,6.61,1.49,6.43,6.26,2.05,6.27,5.38,1.92,6.37,5.96,1.11,6.12
629.77,42,6.83,3.38,5.68,6.6,1.48,6.43,6.27,2.05,6.27,5.38,1.92,6.36,5.96,1.11,6.11
630.77,42,6.83,3.38,5.68,6.62,1.48,6.44,6.26,2.05,6.27,5.38,1.92,6.37,5.95,1.09,6.12
631.77,42,6.82,3.37,5.68,6.59,1.47,6.42,6.25,2.05,6.26,5.38,1.91,6.37,5.95,1.09,6.11
632.77,42,6.81,3.36,5.67,6.61,1.48,6.42,6.25,2.05,6.27,5.38,1.9,6.37,5.95,1.08,6.11
633.78,42,6.81,3.36,5.68,6.59,1.48,6.43,6.27,2.06,6.27,5.38,1.9,6.37,5.96,1.08,6.11
634.78,42,6.81,3.34,5.67,6.57,1.46,6.42,6.26,2.04,6.26,5.38,1.9,6.35,5.93,1.07,6.11
635.78,42,6.81,3.33,5.67,6.57,1.46,6.41,6.24,2.05,6.26,5.36,1.89,6.35,5.93,1.06,6.1
636.78,42,6.8,3.31,5.66,6.58,1.45,6.42,6.25,2.04,6.26,5.37,1.88,6.36,5.93,1.06,6.1
637.78,42,6.8,3.31,5.67,6.58,1.44,6.41,6.24,2.04,6.25,5.36,1.88,6.36,5.93,1.06,6.09
638.8,42,6.81,3.31,5.66,6.58,1.44,6.42,6.24,2.05,6.27,5.38,1.88,6.36,5.94,1.05,6.11
639.8,42,6.8,3.31,5.66,6.58,1.43,6.41,6.24,2.03,6.26,5.36,1.87,6.36,5.93,1.04,6.09
640.8,42,6.8,3.28,5.64,6.57,1.42,6.4,6.24,2.03,6.25,5.36,1.87,6.34,5.93,1.03,6.09
641.82,42,6.8,3.29,5.65,6.57,1.4,6.4,6.23,2.03,6.25,5.37,1.88,6.34,5.93,1.04,6.09
642.82,42,6.79,3.27,5.65,6.57,1.39,6.4,6.24,2.03,6.26,5.35,1.86,6.34,5.92,1.02,6.09
643.82,42,6.79,3.27,5.65,6.57,1.39,6.4,6.24,2.02,6.24,5.35,1.87,6.34,5.91,1.02,6.09
644.82,42,6.79,3.26,5.64,6.56,1.38,6.39,6.24,2.02,6.24,5.35,1.85,6.34,5.91,1.02,6.09
645.82,42,6.78,3.25,5.65,6.56,1.36,6.39,6.23,2,6.24,5.35,1.85,6.34,5.91,1.01,6.09
646.82,42,6.77,3.25,5.64,6.56,1.36,6.37,6.23,2,6.24,5.35,1.85,6.34,5.89,1.01,6.07
647.83,42,6.76,3.24,5.64,6.54,1.35,6.38,6.22,1.98,6.22,5.34,1.84,6.32,5.89,1.01,6.07
648.83,42,6.77,3.22,5.64,6.56,1.35,6.37,6.22,1.98,6.23,5.33,1.85,6.33,5.9,1.01,6.06
649.83,42,6.76,3.22,5.64,6.55,1.35,6.37,6.23,1.98,6.23,5.33,1.85,6.32,5.9,1.01,6.07
650.83,42,6.75,3.21,5.63,6.55,1.34,6.37,6.22,1.97,6.22,5.32,1.84,6.32,5.89,1.01,6.06
651.83,42,6.76,3.2,5.63,6.54,1.34,6.37,6.23,1.97,6.23,5.33,1.84,6.32,5.89,1.02,6.06
652.83,42,6.75,3.19,5.64,6.55,1.34,6.36,6.22,1.95,6.23,5.32,1.84,6.32,5.88,1.02,6.05
653.83,42,6.74,3.18,5.63,6.54,1.34,6.37,6.23,1.95,6.22,5.31,1.84,6.32,5.89,1.04,6.06
654.85,42,6.75,3.18,5.64,6.55,1.35,6.37,6.23,1.95,6.22,5.32,1.84,6.33,5.88,1.04,6.07
655.85,42,6.75,3.16,5.63,6.53,1.34,6.36,6.23,1.94,6.23,5.31,1.84,6.32,5.88,1.05,6.06
656.85,42,6.76,3.14,5.62,6.53,1.34,6.36,6.22,1.93,6.22,5.31,1.82,6.32,5.88,1.05,6.05
657.85,42,6.75,3.14,5.63,6.55,1.34,6.35,6.23,1.94,6.22,5.31,1.82,6.31,5.88,1.07,6.06
658.85,42,6.74,3.12,5.62,6.53,1.34,6.34,6.22,1.93,6.22,5.31,1.8,6.3,5.87,1.07,6.05
659.85,42,6.74,3.12,5.61,6.52,1.33,6.34,6.2,1.93,6.22,5.3,1.81,6.3,5.87,1.07,6.05
660.87,42,6.73,3.1,5.61,6.52,1.32,6.33,6.2,1.93,6.2,5.3,1.8,6.3,5.87,1.08,6.05
661.87,42,6.74,3.09,5.62,6.52,1.33,6.34,6.21,1.95,6.2,5.3,1.8,6.3,5.87,1.09,6.05
662.87,42,6.71,3.08,5.6,6.52,1.32,6.32,6.21,1.95,6.2,5.29,1.79,6.3,5.86,1.09,6.04
663.87,42,6.73,3.07,5.61,6.52,1.33,6.34,6.22,1.95,6.21,5.29,1.79,6.3,5.86,1.08,6.04
664.87,42,6.74,3.06,5.61,6.52,1.33,6.32,6.23,1.97,6.21,5.29,1.79,6.3,5.87,1.1,6.05
665.87,42,6.72,3.05,5.6,6.5,1.33,6.32,6.21,1.96,6.2,5.28,1.78,6.28,5.85,1.09,6.03
666.87,42,6.72,3.04,5.6,6.52,1.33,6.32,6.21,1.97,6.19,5.28,1.79,6.29,5.85,1.09,6.03
667.88,42,6.72,3.04,5.61,6.53,1.34,6.32,6.22,1.98,6.21,5.28,1.79,6.3,5.85,1.09,6.03
668.88,42,6.71,3.02,5.59,6.51,1.34,6.32,6.2,1.98,6.2,5.27,1.79,6.28,5.85,1.09,6.03
669.88,42,6.7,3.02,5.59,6.49,1.34,6.31,6.21,1.98,6.19,5.27,1.79,6.28,5.84,1.09,6.02
670.88,42,6.7,3.01,5.6,6.5,1.35,6.32,6.21,1.99,6.2,5.26,1.79,6.28,5.84,1.09,6.02
671.88,42,6.69,3,5.6,6.5,1.36,6.31,6.21,2,6.19,5.26,1.79,6.28,5.84,1.1,6.03
672.9,42,6.69,3,5.58,6.49,1.36,6.31,6.2,1.99,6.18,5.24,1.79,6.27,5.84,1.09,6.01
673.9,42,6.69,3,5.58,6.5,1.37,6.3,6.19,2,6.18,5.24,1.79,6.27,5.84,1.1,6.01
674.9,42,6.69,3,5.58,6.49,1.39,6.29,6.19,1.98,6.18,5.24,1.79,6.26,5.84,1.09,6.01
675.9,42,6.68,2.98,5.59,6.49,1.42,6.29,6.19,1.98,6.18,5.24,1.79,6.26,5.82,1.09,6
676.92,42,6.68,2.98,5.59,6.48,1.43,6.29,6.21,1.98,6.18,5.24,1.79,6.28,5.84,1.11,6.02
677.92,42,6.68,2.97,5.58,6.47,1.45,6.28,6.19,1.97,6.17,5.23,1.79,6.27,5.83,1.1,6
678.92,42,6.68,2.96,5.58,6.47,1.45,6.28,6.19,1.97,6.18,5.22,1.79,6.25,5.82,1.11,6
679.92,42,6.68,2.95,5.57,6.47,1.46,6.29,6.19,1.96,6.17,5.23,1.79,6.25,5.83,1.11,6
680.92,42,6.68,2.95,5.59,6.47,1.47,6.28,6.18,1.97,6.17,5.24,1.8,6.26,5.83,1.12,6
681.92,42,6.66,2.93,5.57,6.47,1.47,6.27,6.18,1.95,6.16,5.23,1.79,6.25,5.81,1.11,5.99
682.92,42,6.68,2.92,5.57,6.47,1.46,6.28,6.18,1.94,6.17,5.22,1.78,6.25,5.81,1.12,6
683.92,42,6.67,2.91,5.56,6.47,1.46,6.27,6.18,1.93,6.16,5.22,1.79,6.25,5.81,1.13,5.99
684.93,42,6.68,2.9,5.57,6.47,1.45,6.27,6.18,1.92,6.15,5.22,1.79,6.25,5.81,1.14,5.99
685.93,42,6.68,2.88,5.57,6.47,1.45,6.27,6.18,1.93,6.15,5.21,1.79,6.25,5.82,1.14,6
686.93,42,6.65,2.88,5.56,6.46,1.43,6.26,6.18,1.91,6.14,5.19,1.79,6.23,5.8,1.14,5.99
687.93,42,6.65,2.87,5.56,6.46,1.42,6.25,6.17,1.9,6.14,5.19,1.78,6.24,5.79,1.13,5.97
688.93,42,6.65,2.86,5.56,6.46,1.42,6.26,6.17,1.9,6.14,5.19,1.79,6.23,5.79,1.14,5.98
689.95,42,6.66,2.86,5.56,6.47,1.4,6.26,6.18,1.89,6.15,5.19,1.79,6.23,5.79,1.14,5.98
690.95,42,6.65,2.84,5.56,6.46,1.39,6.26,6.16,1.88,6.14,5.18,1.79,6.24,5.79,1.14,5.97
691.95,42,6.65,2.84,5.56,6.46,1.38,6.25,6.18,1.88,6.14,5.18,1.79,6.24,5.79,1.15,5.97
692.95,42,6.65,2.83,5.55,6.46,1.37,6.25,6.17,1.88,6.14,5.18,1.78,6.23,5.8,1.14,5.96
693.95,42,6.64,2.83,5.55,6.44,1.35,6.24,6.16,1.88,6.13,5.18,1.78,6.23,5.77,1.14,5.96
694.97,42,6.65,2.83,5.55,6.46,1.33,6.24,6.17,1.88,6.13,5.17,1.78,6.23,5.79,1.14,5.97
695.97,42,6.63,2.82,5.53,6.43,1.31,6.23,6.14,1.87,6.13,5.16,1.77,6.22,5.78,1.13,5.96
696.97,42,6.63,2.81,5.53,6.43,1.29,6.23,6.14,1.88,6.14,5.16,1.76,6.21,5.77,1.13,5.95
697.97,42,6.63,2.81,5.53,6.44,1.28,6.24,6.16,1.88,6.13,5.16,1.76,6.22,5.77,1.12,5.96
698.97,42,6.62,2.8,5.53,6.42,1.26,6.23,6.14,1.88,6.13,5.15,1.75,6.21,5.76,1.12,5.95
699.98,42,6.63,2.8,5.52,6.42,1.24,6.21,6.14,1.88,6.11,5.14,1.74,6.2,5.76,1.11,5.95
700.98,42,6.63,2.79,5.52,6.42,1.24,6.23,6.14,1.89,6.13,5.15,1.74,6.21,5.76,1.11,5.95
701.98,42,6.63,2.8,5.53,6.42,1.23,6.23,6.14,1.88,6.12,5.14,1.72,6.2,5.77,1.11,5.94
702.98,42,6.62,2.79,5.52,6.41,1.21,6.22,6.14,1.88,6.11,5.14,1.71,6.2,5.76,1.1,5.94
703.98,42,6.61,2.79,5.51,6.42,1.22,6.21,6.14,1.89,6.1,5.14,1.71,6.2,5.77,1.11,5.95
705,42,6.62,2.78,5.51,6.42,1.22,6.21,6.13,1.88,6.11,5.14,1.71,6.21,5.77,1.11,5.93
706,42,6.62,2.78,5.52,6.42,1.21,6.21,6.14,1.88,6.11,5.14,1.69,6.2,5.75,1.09,5.92
707,42,6.62,2.77,5.51,6.42,1.21,6.22,6.13,1.89,6.1,5.14,1.69,6.19,5.76,1.09,5.93
708,42,6.61,2.77,5.5,6.39,1.19,6.21,6.12,1.87,6.1,5.14,1.68,6.19,5.74,1.08,5.92
709,42,6.62,2.77,5.52,6.41,1.21,6.21,6.13,1.88,6.1,5.15,1.69,6.19,5.76,1.09,5.92
710,42,6.61,2.75,5.5,6.4,1.18,6.2,6.11,1.87,6.09,5.14,1.68,6.18,5.76,1.07,5.92
711.02,42,6.61,2.75,5.49,6.4,1.18,6.19,6.11,1.87,6.09,5.13,1.67,6.19,5.74,1.07,5.92
712.02,42,6.59,2.73,5.49,6.38,1.17,6.19,6.09,1.85,6.09,5.12,1.66,6.18,5.74,1.07,5.91
713.02,42,6.6,2.73,5.49,6.38,1.17,6.18,6.1,1.86,6.07,5.13,1.66,6.18,5.75,1.06,5.91
714.02,42,6.61,2.71,5.5,6.38,1.17,6.19,6.1,1.86,6.09,5.12,1.66,6.18,5.75,1.07,5.92
715.03,42,6.6,2.71,5.49,6.39,1.15,6.18,6.09,1.85,6.09,5.12,1.66,6.18,5.74,1.06,5.9
716.03,42,6.6,2.69,5.48,6.38,1.15,6.18,6.08,1.85,6.08,5.11,1.66,6.17,5.74,1.05,5.9
717.03,42,6.6,2.68,5.48,6.37,1.14,6.17,6.08,1.84,6.07,5.11,1.65,6.16,5.74,1.05,5.89
718.05,42,6.59,2.67,5.47,6.37,1.13,6.17,6.08,1.83,6.07,5.11,1.65,6.17,5.72,1.05,5.89
719.05,42,6.59,2.67,5.48,6.37,1.13,6.18,6.09,1.84,6.08,5.11,1.65,6.16,5.74,1.05,5.9
720.05,42,6.59,2.66,5.48,6.37,1.12,6.18,6.08,1.84,6.08,5.11,1.65,6.16,5.73,1.05,5.89
721.07,42,6.6,2.65,5.48,6.37,1.11,6.18,6.07,1.83,6.07,5.11,1.65,6.17,5.74,1.04,5.89
722.07,42,6.58,2.65,5.47,6.37,1.1,6.17,6.06,1.82,6.05,5.11,1.63,6.15,5.73,1.04,5.88
723.07,42,6.58,2.65,5.48,6.37,1.1,6.17,6.08,1.82,6.06,5.11,1.64,6.16,5.74,1.04,5.88
724.07,42,6.59,2.63,5.48,6.37,1.09,6.16,6.06,1.82,6.06,5.11,1.63,6.16,5.72,1.03,5.88
725.07,42,6.57,2.61,5.47,6.37,1.08,6.15,6.06,1.81,6.05,5.1,1.63,6.15,5.72,1.02,5.87
726.08,42,6.57,2.61,5.47,6.37,1.08,6.16,6.07,1.82,6.05,5.09,1.63,6.15,5.72,1.02,5.88
727.08,42,6.57,2.6,5.46,6.36,1.07,6.15,6.07,1.8,6.05,5.1,1.61,6.15,5.72,1.03,5.88
728.08,42,6.57,2.59,5.45,6.37,1.05,6.15,6.05,1.79,6.05,5.08,1.61,6.14,5.71,1.02,5.87
729.08,42,6.57,2.58,5.46,6.36,1.04,6.15,6.06,1.79,6.05,5.08,1.61,6.14,5.72,1.01,5.86
730.08,42,6.56,2.59,5.46,6.36,1.04,6.14,6.06,1.79,6.05,5.08,1.6,6.15,5.72,1.01,5.88
731.08,42,6.55,2.58,5.44,6.35,1.01,6.14,6.05,1.77,6.04,5.08,1.6,6.14,5.7,1,5.86
732.1,42,6.56,2.58,5.45,6.33,0.99,6.14,6.05,1.76,6.04,5.07,1.6,6.14,5.69,0.99,5.84
733.1,42,6.55,2.58,5.45,6.34,0.99,6.14,6.05,1.76,6.05,5.07,1.6,6.14,5.71,0.99,5.85
734.1,42,6.55,2.58,5.44,6.35,0.98,6.14,6.05,1.75,6.05,5.07,1.58,6.14,5.7,0.98,5.86
735.1,42,6.54,2.57,5.45,6.33,0.96,6.14,6.04,1.74,6.04,5.07,1.58,6.13,5.7,0.98,5.85
736.1,42,6.54,2.58,5.45,6.34,0.95,6.14,6.06,1.74,6.04,5.08,1.58,6.14,5.7,0.98,5.86
737.1,42,6.54,2.58,5.45,6.34,0.95,6.13,6.04,1.71,6.03,5.06,1.57,6.14,5.7,0.97,5.84
738.12,42,6.53,2.56,5.44,6.33,0.94,6.12,6.04,1.71,6.04,5.06,1.56,6.13,5.69,0.96,5.84
739.12,42,6.52,2.54,5.43,6.32,0.94,6.11,6.02,1.69,6.02,5.05,1.55,6.11,5.68,0.95,5.84
740.12,42,6.52,2.54,5.44,6.33,0.94,6.11,6.03,1.7,6.02,5.06,1.55,6.14,5.69,0.95,5.84
741.12,42,6.53,2.54,5.44,6.32,0.95,6.12,6.04,1.7,6.03,5.06,1.55,6.13,5.7,0.95,5.84
742.12,42,6.52,2.53,5.44,6.32,0.95,6.12,6.04,1.68,6.01,5.06,1.54,6.12,5.69,0.94,5.83
743.13,42,6.53,2.52,5.43,6.32,0.95,6.11,6.03,1.68,6.02,5.06,1.53,6.12,5.69,0.94,5.83
744.13,42,6.52,2.52,5.43,6.32,0.95,6.12,6.03,1.67,6.01,5.04,1.53,6.12,5.68,0.94,5.83
745.13,42,6.52,2.5,5.43,6.3,0.95,6.1,6.02,1.67,6,5.05,1.52,6.12,5.68,0.93,5.81
746.13,42,6.51,2.49,5.42,6.3,0.94,6.11,6.02,1.66,6,5.04,1.51,6.12,5.68,0.93,5.82
747.13,42,6.52,2.5,5.42,6.31,0.95,6.1,6.01,1.66,6.01,5.05,1.51,6.12,5.69,0.94,5.82
748.13,42,6.52,2.48,5.42,6.31,0.94,6.1,6.01,1.66,6.02,5.04,1.51,6.12,5.68,0.94,5.81
749.13,42,6.52,2.47,5.42,6.3,0.94,6.1,6,1.65,6.01,5.04,1.51,6.11,5.68,0.94,5.8
750.13,42,6.51,2.45,5.41,6.3,0.93,6.09,6.02,1.65,6,5.04,1.51,6.11,5.68,0.94,5.8
751.13,42,6.52,2.46,5.42,6.31,0.93,6.09,6.01,1.65,6.01,5.04,1.51,6.11,5.68,0.94,5.81
752.13,42,6.51,2.45,5.42,6.29,0.92,6.09,6.01,1.65,6.01,5.04,1.5,6.12,5.68,0.94,5.81
753.15,42,6.51,2.44,5.41,6.3,0.91,6.09,6,1.65,6,5.04,1.5,6.11,5.68,0.94,5.79
754.15,42,6.51,2.44,5.42,6.3,0.9,6.09,6.01,1.65,6,5.04,1.5,6.1,5.68,0.94,5.8
755.15,42,6.51,2.44,5.41,6.29,0.9,6.08,6.01,1.65,6,5.03,1.49,6.1,5.68,0.94,5.8
756.15,42,6.51,2.43,5.41,6.29,0.88,6.08,6,1.64,6,5.04,1.49,6.09,5.67,0.93,5.8
757.15,42,6.49,2.43,5.41,6.28,0.87,6.08,5.99,1.63,6,5.03,1.49,6.09,5.67,0.93,5.8
758.15,42,6.49,2.42,5.4,6.27,0.86,6.08,5.98,1.63,6,5.02,1.48,6.09,5.66,0.93,5.79
759.17,42,6.49,2.41,5.4,6.28,0.86,6.08,6,1.63,6,5.02,1.48,6.09,5.66,0.93,5.79
760.17,42,6.49,2.41,5.41,6.28,0.86,6.07,5.99,1.64,6,5.03,1.48,6.1,5.66,0.93,5.79
761.17,42,6.48,2.41,5.4,6.27,0.85,6.07,5.99,1.63,6,5.02,1.47,6.09,5.66,0.93,5.78
762.17,42,6.47,2.39,5.4,6.28,0.85,6.07,5.99,1.63,5.99,5.02,1.46,6.09,5.65,0.93,5.78
763.17,42,6.47,2.38,5.39,6.27,0.86,6.06,5.98,1.63,5.99,5.01,1.46,6.09,5.64,0.92,5.78
764.17,42,6.47,2.38,5.39,6.27,0.86,6.06,5.98,1.62,5.98,5.02,1.46,6.09,5.66,0.92,5.78
765.18,42,6.47,2.36,5.39,6.27,0.86,6.06,5.98,1.63,5.98,5.01,1.46,6.09,5.65,0.92,5.78
766.18,42,6.47,2.36,5.4,6.27,0.86,6.06,5.98,1.63,5.99,5.01,1.45,6.09,5.65,0.91,5.77
767.18,42,6.47,2.36,5.39,6.27,0.86,6.06,5.97,1.63,5.98,5.01,1.45,6.09,5.65,0.9,5.78
768.18,42,6.47,2.36,5.39,6.27,0.87,6.06,5.98,1.63,5.98,5.01,1.45,6.09,5.65,0.91,5.78
769.2,42,6.47,2.35,5.39,6.27,0.87,6.05,5.98,1.63,5.99,5.01,1.45,6.09,5.65,0.9,5.77
770.2,42,6.46,2.33,5.38,6.27,0.87,6.05,5.96,1.62,5.97,5,1.45,6.08,5.64,0.89,5.77
771.2,42,6.45,2.32,5.38,6.26,0.87,6.05,5.96,1.62,5.98,4.99,1.44,6.09,5.64,0.89,5.77
772.2,42,6.46,2.31,5.38,6.27,0.88,6.05,5.97,1.63,5.98,5,1.44,6.08,5.64,0.89,5.76
773.22,42,6.45,2.31,5.38,6.25,0.87,6.05,5.96,1.63,5.98,4.99,1.44,6.08,5.64,0.88,5.77
774.22,42,6.44,2.29,5.37,6.26,0.87,6.04,5.96,1.63,5.97,5,1.44,6.08,5.63,0.88,5.77
775.22,42,6.44,2.29,5.37,6.26,0.86,6.04,5.96,1.61,5.96,4.99,1.43,6.05,5.62,0.88,5.77
776.22,42,6.44,2.29,5.38,6.25,0.87,6.04,5.96,1.62,5.98,4.99,1.44,6.08,5.64,0.88,5.76
777.22,42,6.44,2.28,5.37,6.24,0.87,6.03,5.96,1.62,5.96,4.98,1.43,6.07,5.63,0.88,5.76
778.22,42,6.43,2.26,5.37,6.24,0.86,6.03,5.96,1.63,5.96,4.98,1.43,6.07,5.64,0.88,5.76
779.23,42,6.43,2.26,5.37,6.25,0.86,6.03,5.95,1.63,5.97,4.98,1.43,6.06,5.63,0.88,5.76
780.23,42,6.43,2.26,5.36,6.25,0.86,6.04,5.96,1.63,5.98,4.98,1.43,6.06,5.64,0.89,5.76
781.23,42,6.43,2.25,5.37,6.24,0.86,6.02,5.96,1.64,5.96,4.98,1.43,6.06,5.62,0.88,5.76
782.23,42,6.42,2.25,5.37,6.24,0.86,6.02,5.95,1.64,5.96,4.97,1.42,6.05,5.62,0.88,5.76
783.23,42,6.42,2.24,5.36,6.23,0.86,6.01,5.96,1.65,5.96,4.97,1.42,6.05,5.61,0.88,5.75
784.23,42,6.42,2.23,5.36,6.23,0.87,6.01,5.94,1.65,5.96,4.98,1.42,6.05,5.61,0.89,5.75
785.25,42,6.42,2.22,5.36,6.23,0.87,6.01,5.95,1.65,5.96,4.97,1.42,6.05,5.62,0.9,5.74
786.25,42,6.41,2.2,5.35,6.23,0.87,6.02,5.95,1.66,5.95,4.97,1.41,6.05,5.61,0.9,5.74
787.25,42,6.4,2.19,5.35,6.23,0.87,6.01,5.94,1.65,5.95,4.96,1.41,6.04,5.61,0.9,5.74
788.25,42,6.41,2.19,5.35,6.23,0.87,6,5.94,1.67,5.96,4.96,1.4,6.05,5.61,0.91,5.74
789.27,42,6.41,2.19,5.35,6.22,0.87,6,5.95,1.68,5.96,4.95,1.4,6.04,5.62,0.91,5.75
790.27,42,6.4,2.17,5.35,6.23,0.87,6,5.93,1.68,5.96,4.95,1.4,6.05,5.6,0.91,5.74
791.27,42,6.41,2.17,5.35,6.22,0.87,6,5.95,1.68,5.96,4.95,1.4,6.04,5.6,0.92,5.74
792.27,42,6.39,2.15,5.34,6.22,0.88,6,5.94,1.68,5.96,4.95,1.4,6.03,5.6,0.92,5.74
793.28,42,6.39,2.14,5.34,6.22,0.87,5.99,5.95,1.69,5.96,4.95,1.4,6.03,5.61,0.92,5.73
794.28,42,6.39,2.13,5.34,6.22,0.88,6,5.94,1.69,5.96,4.95,1.4,6.02,5.6,0.92,5.73
795.3,42,6.39,2.14,5.35,6.22,0.88,5.99,5.94,1.69,5.95,4.95,1.4,6.02,5.6,0.93,5.73
796.3,42,6.38,2.13,5.34,6.2,0.87,5.98,5.93,1.69,5.95,4.94,1.4,6.02,5.6,0.92,5.72
797.3,42,6.38,2.13,5.33,6.2,0.88,5.99,5.93,1.69,5.95,4.94,1.4,6.02,5.6,0.93,5.73
798.3,42,6.38,2.12,5.34,6.2,0.87,5.97,5.94,1.69,5.95,4.94,1.4,6.03,5.6,0.93,5.72
799.32,42,6.38,2.1,5.33,6.21,0.88,5.97,5.94,1.69,5.94,4.93,1.4,6.02,5.59,0.92,5.73
800.32,42,6.37,2.09,5.33,6.2,0.87,5.98,5.92,1.69,5.94,4.92,1.4,6.01,5.59,0.92,5.72
801.32,42,6.38,2.09,5.32,6.2,0.88,5.98,5.93,1.69,5.95,4.92,1.4,6,5.58,0.93,5.72
802.32,42,6.38,2.07,5.33,6.21,0.88,5.97,5.93,1.69,5.94,4.92,1.4,6,5.59,0.93,5.72
803.33,42,6.37,2.08,5.33,6.19,0.87,5.98,5.92,1.68,5.93,4.92,1.4,6,5.58,0.93,5.72
804.33,42,6.36,2.07,5.32,6.19,0.87,5.96,5.92,1.68,5.93,4.91,1.39,6,5.57,0.92,5.71
805.33,42,6.37,2.07,5.32,6.19,0.86,5.97,5.92,1.68,5.93,4.92,1.4,6,5.57,0.93,5.72
806.35,42,6.37,2.07,5.32,6.19,0.86,5.96,5.92,1.66,5.93,4.91,1.39,6,5.58,0.93,5.71
807.35,42,6.37,2.07,5.33,6.18,0.87,5.96,5.92,1.68,5.94,4.91,1.4,6.01,5.57,0.93,5.72
808.35,42,6.37,2.07,5.32,6.18,0.86,5.97,5.92,1.68,5.93,4.91,1.39,6,5.58,0.94,5.72
809.35,42,6.35,2.06,5.31,6.18,0.84,5.96,5.92,1.66,5.93,4.91,1.39,5.99,5.57,0.93,5.72
810.35,42,6.36,2.05,5.32,6.18,0.84,5.95,5.92,1.66,5.92,4.9,1.39,5.99,5.56,0.93,5.7
811.37,42,6.35,2.05,5.31,6.17,0.84,5.95,5.91,1.65,5.92,4.89,1.38,5.98,5.56,0.92,5.7
812.37,42,6.34,2.04,5.32,6.18,0.83,5.95,5.92,1.66,5.92,4.9,1.39,5.99,5.56,0.93,5.71
813.37,42,6.34,2.03,5.31,6.17,0.82,5.95,5.91,1.66,5.92,4.89,1.39,5.98,5.56,0.93,5.69
814.37,42,6.34,2.02,5.31,6.16,0.82,5.95,5.9,1.65,5.92,4.89,1.38,5.98,5.56,0.91,5.69
815.38,42,6.34,2.01,5.31,6.18,0.81,5.95,5.9,1.66,5.92,4.89,1.39,5.97,5.56,0.93,5.7
816.38,42,6.34,2,5.31,6.16,0.8,5.94,5.91,1.66,5.92,4.88,1.37,5.98,5.56,0.92,5.69
817.38,42,6.34,2,5.31,6.16,0.8,5.94,5.9,1.67,5.92,4.88,1.38,5.97,5.56,0.92,5.69
818.38,42,6.33,2,5.31,6.17,0.8,5.94,5.89,1.67,5.92,4.88,1.37,5.97,5.56,0.92,5.69
819.38,42,6.33,1.98,5.31,6.15,0.79,5.94,5.9,1.68,5.91,4.88,1.37,5.96,5.55,0.91,5.69
820.38,42,6.34,1.98,5.3,6.16,0.79,5.94,5.91,1.69,5.92,4.87,1.39,5.96,5.55,0.91,5.69
821.4,42,6.34,1.97,5.3,6.15,0.79,5.93,5.9,1.69,5.92,4.88,1.37,5.96,5.55,0.91,5.69
822.4,42,6.33,1.97,5.31,6.15,0.77,5.93,5.9,1.7,5.91,4.87,1.37,5.97,5.56,0.91,5.69
823.42,42,6.33,1.97,5.3,6.16,0.77,5.93,5.89,1.7,5.91,4.86,1.38,5.96,5.54,0.9,5.68
824.42,42,6.32,1.97,5.31,6.15,0.76,5.93,5.9,1.7,5.91,4.86,1.37,5.96,5.55,0.9,5.68
825.42,42,6.32,1.96,5.3,6.14,0.76,5.92,5.89,1.69,5.9,4.86,1.37,5.96,5.53,0.9,5.68
826.42,42,6.32,1.95,5.29,6.14,0.75,5.92,5.88,1.7,5.9,4.85,1.36,5.96,5.54,0.89,5.68
827.42,42,6.32,1.95,5.29,6.14,0.73,5.92,5.88,1.69,5.89,4.85,1.36,5.95,5.53,0.88,5.68
828.43,42,6.32,1.93,5.29,6.14,0.72,5.92,5.89,1.69,5.9,4.84,1.35,5.95,5.53,0.88,5.67
829.43,42,6.32,1.93,5.29,6.14,0.72,5.9,5.88,1.69,5.89,4.83,1.36,5.95,5.54,0.88,5.68
830.43,42,6.32,1.91,5.28,6.14,0.72,5.92,5.88,1.67,5.89,4.83,1.35,5.94,5.53,0.88,5.67
831.45,42,6.32,1.91,5.29,6.13,0.72,5.92,5.88,1.68,5.9,4.83,1.35,5.94,5.53,0.88,5.67
832.45,42,6.31,1.92,5.28,6.14,0.71,5.9,5.86,1.66,5.89,4.82,1.35,5.94,5.53,0.88,5.67
833.45,42,6.3,1.91,5.28,6.13,0.71,5.91,5.88,1.66,5.89,4.82,1.35,5.94,5.53,0.88,5.66
834.45,42,6.31,1.9,5.28,6.14,0.7,5.9,5.87,1.65,5.89,4.82,1.35,5.93,5.52,0.88,5.65
835.45,42,6.3,1.88,5.28,6.13,0.7,5.9,5.86,1.65,5.88,4.81,1.34,5.92,5.52,0.87,5.65
836.45,42,6.29,1.88,5.28,6.11,0.69,5.89,5.87,1.64,5.88,4.8,1.34,5.93,5.52,0.87,5.65
837.45,42,6.29,1.88,5.28,6.12,0.69,5.9,5.87,1.63,5.89,4.82,1.34,5.92,5.51,0.87,5.65
838.47,42,6.29,1.88,5.27,6.11,0.69,5.9,5.87,1.63,5.88,4.81,1.34,5.93,5.52,0.87,5.65
839.47,42,6.29,1.86,5.28,6.11,0.69,5.89,5.87,1.63,5.88,4.81,1.34,5.92,5.51,0.87,5.64
840.47,42,6.29,1.88,5.28,6.13,0.69,5.9,5.88,1.63,5.89,4.82,1.34,5.94,5.53,0.88,5.65
841.47,42,6.28,1.88,5.27,6.1,0.69,5.88,5.87,1.63,5.88,4.8,1.34,5.92,5.51,0.87,5.65
842.47,42,6.29,1.87,5.28,6.11,0.69,5.88,5.86,1.63,5.88,4.8,1.33,5.92,5.49,0.87,5.64
843.47,42,6.29,1.88,5.27,6.11,0.69,5.9,5.87,1.65,5.88,4.8,1.34,5.93,5.51,0.87,5.65
844.47,42,6.27,1.86,5.27,6.09,0.69,5.88,5.87,1.63,5.87,4.79,1.33,5.92,5.5,0.86,5.65
845.47,42,6.27,1.87,5.27,6.1,0.68,5.88,5.86,1.63,5.87,4.79,1.33,5.91,5.49,0.86,5.64
846.47,42,6.27,1.86,5.27,6.09,0.68,5.88,5.85,1.64,5.88,4.79,1.33,5.91,5.5,0.86,5.64
847.47,42,6.27,1.85,5.26,6.09,0.68,5.88,5.84,1.64,5.87,4.79,1.31,5.92,5.49,0.85,5.64
848.47,42,6.27,1.85,5.26,6.09,0.68,5.88,5.86,1.64,5.87,4.79,1.33,5.91,5.49,0.84,5.63
849.48,42,6.27,1.86,5.26,6.08,0.68,5.87,5.84,1.65,5.86,4.79,1.32,5.91,5.5,0.85,5.63
850.48,42,6.25,1.84,5.25,6.07,0.67,5.87,5.84,1.64,5.85,4.78,1.3,5.89,5.48,0.83,5.62
851.48,42,6.27,1.84,5.26,6.08,0.67,5.87,5.84,1.64,5.86,4.79,1.31,5.9,5.49,0.83,5.62
852.48,42,6.26,1.85,5.25,6.07,0.67,5.86,5.84,1.63,5.84,4.78,1.3,5.89,5.49,0.83,5.62
853.48,42,6.26,1.84,5.25,6.06,0.67,5.86,5.83,1.63,5.85,4.78,1.3,5.89,5.48,0.82,5.61
854.48,42,6.26,1.84,5.25,6.06,0.67,5.86,5.83,1.63,5.85,4.78,1.3,5.9,5.49,0.82,5.61
855.48,42,6.27,1.83,5.25,6.05,0.67,5.86,5.82,1.62,5.85,4.77,1.29,5.88,5.48,0.82,5.62
856.5,42,6.27,1.83,5.25,6.05,0.67,5.86,5.83,1.62,5.85,4.77,1.3,5.89,5.48,0.82,5.61
857.5,42,6.26,1.81,5.24,6.05,0.66,5.85,5.81,1.61,5.84,4.77,1.28,5.88,5.47,0.81,5.6
858.5,42,6.27,1.82,5.24,6.05,0.67,5.86,5.82,1.61,5.85,4.76,1.29,5.89,5.48,0.81,5.61
859.5,42,6.26,1.81,5.24,6.05,0.66,5.85,5.81,1.61,5.84,4.76,1.28,5.88,5.47,0.8,5.6
860.5,42,6.26,1.8,5.24,6.05,0.66,5.85,5.82,1.6,5.85,4.76,1.29,5.89,5.47,0.82,5.61
861.52,42,6.25,1.79,5.23,6.04,0.65,5.84,5.8,1.58,5.83,4.76,1.28,5.87,5.46,0.8,5.6
862.52,42,6.25,1.79,5.24,6.05,0.65,5.86,5.8,1.58,5.84,4.77,1.28,5.88,5.47,0.8,5.6
863.52,42,6.25,1.79,5.24,6.04,0.64,5.85,5.81,1.58,5.84,4.76,1.28,5.88,5.47,0.8,5.59
864.52,42,6.24,1.77,5.23,6.03,0.65,5.84,5.8,1.57,5.84,4.76,1.28,5.88,5.45,0.79,5.59
865.53,42,6.26,1.77,5.24,6.04,0.65,5.84,5.8,1.57,5.84,4.77,1.28,5.88,5.45,0.8,5.6
866.53,42,6.25,1.76,5.24,6.05,0.65,5.84,5.8,1.56,5.84,4.76,1.27,5.88,5.45,0.79,5.6
867.53,42,6.24,1.76,5.24,6.04,0.64,5.84,5.8,1.56,5.84,4.76,1.28,5.88,5.46,0.8,5.6
868.53,42,6.23,1.75,5.23,6.04,0.64,5.84,5.8,1.56,5.84,4.76,1.28,5.88,5.46,0.8,5.59
869.55,42,6.23,1.74,5.22,6.03,0.64,5.84,5.8,1.54,5.84,4.76,1.27,5.87,5.45,0.8,5.6
870.55,42,6.23,1.73,5.22,6.04,0.63,5.84,5.8,1.55,5.84,4.76,1.28,5.87,5.45,0.79,5.59
871.55,42,6.23,1.73,5.22,6.03,0.63,5.83,5.79,1.54,5.84,4.75,1.27,5.86,5.45,0.79,5.58
872.55,42,6.24,1.72,5.23,6.03,0.63,5.83,5.8,1.55,5.84,4.75,1.28,5.87,5.45,0.8,5.59
873.55,42,6.23,1.71,5.22,6.03,0.61,5.84,5.8,1.54,5.83,4.74,1.27,5.86,5.44,0.79,5.57
874.55,42,6.22,1.69,5.22,6.03,0.62,5.83,5.8,1.54,5.82,4.74,1.27,5.86,5.45,0.79,5.59
875.57,42,6.22,1.7,5.22,6.04,0.62,5.83,5.79,1.54,5.83,4.74,1.27,5.87,5.45,0.78,5.6
876.57,42,6.22,1.69,5.22,6.04,0.62,5.83,5.8,1.53,5.83,4.73,1.27,5.86,5.44,0.78,5.58
877.57,42,6.21,1.69,5.22,6.01,0.61,5.82,5.79,1.53,5.82,4.73,1.26,5.86,5.44,0.77,5.58
878.57,42,6.21,1.68,5.22,6.02,0.61,5.83,5.78,1.53,5.83,4.73,1.26,5.85,5.44,0.77,5.58
879.57,42,6.21,1.67,5.21,6.02,0.62,5.82,5.79,1.53,5.83,4.73,1.26,5.85,5.45,0.77,5.58
880.57,42,6.2,1.67,5.21,6.02,0.62,5.8,5.79,1.53,5.82,4.72,1.26,5.84,5.43,0.77,5.56
881.57,42,6.2,1.66,5.21,6.02,0.62,5.81,5.77,1.52,5.82,4.73,1.25,5.84,5.44,0.77,5.58
882.58,42,6.19,1.66,5.21,6,0.62,5.82,5.76,1.52,5.81,4.73,1.25,5.84,5.43,0.76,5.56
883.58,42,6.18,1.66,5.21,6.01,0.63,5.82,5.79,1.52,5.83,4.73,1.25,5.84,5.44,0.77,5.56
884.58,42,6.18,1.65,5.21,6,0.63,5.82,5.79,1.51,5.82,4.73,1.25,5.85,5.44,0.77,5.56
885.58,42,6.18,1.65,5.2,6,0.63,5.8,5.77,1.51,5.81,4.72,1.24,5.84,5.44,0.76,5.56
886.58,42,6.18,1.64,5.21,6,0.64,5.8,5.76,1.51,5.81,4.73,1.24,5.84,5.45,0.76,5.56
887.58,42,6.18,1.63,5.2,5.99,0.64,5.8,5.76,1.49,5.81,4.73,1.24,5.83,5.42,0.76,5.56
888.58,42,6.18,1.65,5.2,6,0.65,5.81,5.76,1.49,5.81,4.73,1.24,5.84,5.44,0.76,5.56
889.58,42,6.18,1.63,5.2,5.98,0.64,5.8,5.76,1.49,5.8,4.72,1.24,5.84,5.44,0.76,5.56
890.58,42,6.19,1.64,5.21,5.99,0.64,5.8,5.76,1.48,5.81,4.73,1.24,5.84,5.43,0.76,5.56
891.6,42,6.18,1.64,5.2,5.99,0.65,5.8,5.77,1.47,5.8,4.73,1.24,5.84,5.43,0.76,5.56
892.6,42,6.17,1.62,5.19,5.97,0.64,5.79,5.76,1.45,5.8,4.71,1.23,5.83,5.42,0.76,5.54
893.6,42,6.17,1.63,5.19,5.98,0.64,5.79,5.74,1.46,5.8,4.73,1.23,5.83,5.43,0.76,5.55
894.6,42,6.17,1.63,5.19,5.96,0.64,5.79,5.75,1.44,5.8,4.72,1.23,5.82,5.43,0.75,5.55
895.6,42,6.18,1.62,5.18,5.97,0.63,5.79,5.75,1.43,5.8,4.73,1.22,5.82,5.42,0.76,5.53
896.6,42,6.18,1.63,5.19,5.96,0.63,5.79,5.76,1.43,5.8,4.72,1.23,5.83,5.42,0.76,5.54
897.62,42,6.17,1.61,5.19,5.96,0.63,5.78,5.74,1.42,5.8,4.72,1.22,5.83,5.42,0.76,5.54
898.62,42,6.18,1.61,5.19,5.97,0.63,5.78,5.74,1.41,5.8,4.72,1.23,5.83,5.43,0.76,5.54
899.62,42,6.17,1.61,5.17,5.96,0.63,5.78,5.73,1.4,5.79,4.71,1.23,5.82,5.42,0.76,5.53
900.62,42,6.17,1.61,5.19,5.97,0.63,5.78,5.75,1.39,5.8,4.72,1.22,5.83,5.42,0.76,5.53
901.62,42,6.16,1.59,5.18,5.96,0.63,5.78,5.72,1.39,5.79,4.71,1.22,5.83,5.43,0.76,5.53
902.63,42,6.16,1.59,5.18,5.95,0.62,5.76,5.72,1.38,5.79,4.72,1.22,5.82,5.43,0.76,5.53
903.63,42,6.17,1.58,5.19,5.96,0.63,5.78,5.73,1.38,5.8,4.72,1.23,5.83,5.42,0.76,5.53
904.63,42,6.16,1.58,5.17,5.96,0.61,5.76,5.72,1.36,5.78,4.7,1.21,5.81,5.42,0.76,5.53
905.63,42,6.16,1.58,5.17,5.96,0.61,5.77,5.72,1.37,5.79,4.71,1.22,5.82,5.42,0.76,5.53
906.63,42,6.15,1.58,5.17,5.95,0.61,5.77,5.72,1.36,5.78,4.71,1.21,5.81,5.41,0.75,5.53
907.63,42,6.15,1.57,5.17,5.95,0.61,5.76,5.72,1.36,5.79,4.7,1.21,5.82,5.42,0.75,5.51
908.63,42,6.15,1.57,5.17,5.96,0.61,5.76,5.71,1.36,5.79,4.71,1.21,5.82,5.42,0.75,5.52
909.63,42,6.15,1.57,5.17,5.95,0.61,5.76,5.71,1.36,5.77,4.71,1.21,5.82,5.41,0.74,5.51
910.65,42,6.14,1.56,5.17,5.94,0.6,5.75,5.71,1.36,5.78,4.71,1.21,5.81,5.42,0.75,5.51
911.65,42,6.14,1.56,5.16,5.96,0.61,5.76,5.72,1.36,5.78,4.71,1.21,5.83,5.42,0.75,5.51
912.65,42,6.14,1.56,5.17,5.94,0.6,5.76,5.71,1.36,5.77,4.71,1.21,5.81,5.42,0.75,5.51
913.65,42,6.14,1.55,5.16,5.94,0.6,5.76,5.7,1.37,5.78,4.71,1.21,5.8,5.42,0.75,5.51
914.67,42,6.14,1.54,5.16,5.95,0.6,5.76,5.71,1.37,5.77,4.71,1.2,5.8,5.41,0.75,5.51
915.67,42,6.14,1.53,5.16,5.96,0.59,5.76,5.7,1.37,5.78,4.71,1.21,5.81,5.41,0.75,5.51
916.67,42,6.14,1.52,5.16,5.94,0.59,5.74,5.7,1.37,5.76,4.7,1.2,5.8,5.4,0.74,5.5
917.67,42,6.13,1.52,5.17,5.95,0.59,5.75,5.71,1.39,5.78,4.7,1.2,5.8,5.42,0.74,5.5
918.67,42,6.13,1.51,5.16,5.94,0.59,5.75,5.69,1.39,5.77,4.7,1.2,5.8,5.4,0.74,5.49
919.67,42,6.13,1.51,5.15,5.95,0.58,5.74,5.68,1.39,5.78,4.7,1.2,5.8,5.39,0.74,5.49
920.68,42,6.13,1.5,5.16,5.95,0.59,5.74,5.69,1.39,5.77,4.7,1.19,5.8,5.39,0.73,5.5
921.68,42,6.13,1.49,5.15,5.94,0.59,5.75,5.69,1.39,5.77,4.7,1.2,5.8,5.4,0.73,5.5
922.68,42,6.12,1.49,5.15,5.95,0.59,5.74,5.69,1.39,5.76,4.69,1.19,5.8,5.4,0.73,5.49
923.68,42,6.11,1.49,5.15,5.95,0.59,5.74,5.69,1.39,5.78,4.7,1.2,5.8,5.4,0.73,5.49
924.68,42,6.12,1.48,5.14,5.95,0.59,5.73,5.68,1.4,5.77,4.7,1.19,5.79,5.4,0.73,5.49
925.68,42,6.1,1.48,5.15,5.95,0.59,5.73,5.68,1.4,5.76,4.7,1.19,5.8,5.4,0.73,5.49
926.7,42,6.1,1.47,5.14,5.94,0.59,5.72,5.68,1.4,5.76,4.7,1.19,5.8,5.4,0.72,5.49
927.7,42,6.09,1.46,5.14,5.93,0.58,5.72,5.68,1.39,5.76,4.69,1.18,5.79,5.38,0.72,5.49
928.7,42,6.1,1.46,5.14,5.94,0.59,5.72,5.69,1.39,5.76,4.7,1.19,5.8,5.39,0.73,5.49
929.7,42,6.1,1.45,5.14,5.94,0.59,5.72,5.68,1.39,5.76,4.69,1.19,5.79,5.39,0.72,5.49
930.7,42,6.09,1.45,5.14,5.96,0.59,5.72,5.68,1.39,5.76,4.7,1.19,5.8,5.39,0.73,5.48
931.7,42,6.1,1.45,5.14,5.95,0.59,5.73,5.69,1.39,5.77,4.7,1.19,5.8,5.41,0.73,5.49
932.7,42,6.09,1.43,5.13,5.94,0.59,5.72,5.68,1.39,5.76,4.7,1.18,5.79,5.39,0.73,5.48
933.72,42,6.09,1.43,5.14,5.93,0.59,5.72,5.68,1.39,5.76,4.7,1.19,5.78,5.39,0.73,5.47
934.72,42,6.09,1.42,5.13,5.93,0.58,5.71,5.68,1.38,5.76,4.68,1.18,5.78,5.39,0.73,5.47
935.72,42,6.08,1.4,5.13,5.92,0.58,5.71,5.67,1.39,5.76,4.69,1.18,5.78,5.38,0.73,5.48
936.73,42,6.09,1.4,5.13,5.92,0.59,5.72,5.68,1.38,5.76,4.69,1.19,5.8,5.38,0.72,5.48
937.73,42,6.08,1.39,5.12,5.93,0.58,5.71,5.67,1.38,5.76,4.69,1.18,5.79,5.38,0.73,5.47
938.73,42,6.07,1.38,5.12,5.93,0.58,5.7,5.65,1.37,5.76,4.68,1.17,5.78,5.38,0.72,5.47
939.73,42,6.07,1.39,5.13,5.92,0.58,5.7,5.67,1.37,5.76,4.68,1.18,5.77,5.38,0.72,5.46
940.73,42,6.07,1.38,5.13,5.92,0.58,5.71,5.66,1.37,5.76,4.68,1.18,5.77,5.38,0.72,5.46
941.75,42,6.07,1.37,5.12,5.92,0.58,5.7,5.67,1.37,5.75,4.68,1.18,5.77,5.38,0.73,5.46
942.75,42,6.06,1.36,5.12,5.92,0.58,5.69,5.65,1.37,5.75,4.67,1.17,5.77,5.37,0.72,5.45
943.75,42,6.06,1.36,5.11,5.92,0.59,5.71,5.66,1.37,5.75,4.68,1.18,5.77,5.38,0.72,5.47
944.75,42,6.05,1.34,5.11,5.91,0.58,5.69,5.66,1.37,5.75,4.67,1.18,5.76,5.36,0.72,5.45
945.75,42,6.06,1.34,5.11,5.92,0.58,5.69,5.66,1.37,5.76,4.68,1.18,5.77,5.37,0.72,5.46
946.75,42,6.06,1.34,5.12,5.92,0.58,5.7,5.66,1.36,5.76,4.67,1.18,5.77,5.38,0.72,5.45
947.75,42,6.05,1.33,5.11,5.93,0.58,5.69,5.66,1.37,5.76,4.67,1.18,5.76,5.36,0.71,5.46
948.75,42,6.05,1.33,5.11,5.91,0.58,5.69,5.66,1.36,5.75,4.66,1.17,5.76,5.36,0.72,5.45
949.77,42,6.04,1.32,5.11,5.91,0.58,5.69,5.65,1.36,5.75,4.66,1.17,5.76,5.36,0.72,5.45
950.77,42,6.05,1.31,5.11,5.92,0.58,5.68,5.65,1.37,5.74,4.65,1.18,5.76,5.36,0.72,5.45
951.77,42,6.05,1.31,5.11,5.91,0.58,5.68,5.65,1.37,5.75,4.66,1.17,5.76,5.36,0.73,5.46
952.77,42,6.04,1.3,5.1,5.91,0.58,5.68,5.64,1.37,5.75,4.65,1.17,5.75,5.35,0.71,5.45
953.77,42,6.04,1.31,5.11,5.9,0.58,5.68,5.64,1.38,5.76,4.65,1.17,5.76,5.35,0.72,5.45
954.78,42,6.04,1.3,5.1,5.89,0.57,5.68,5.64,1.37,5.74,4.65,1.17,5.74,5.35,0.71,5.45
955.78,42,6.04,1.3,5.11,5.9,0.57,5.68,5.64,1.38,5.75,4.65,1.17,5.76,5.35,0.72,5.45
956.78,42,6.03,1.3,5.11,5.9,0.58,5.68,5.64,1.38,5.75,4.64,1.17,5.75,5.35,0.72,5.45
957.78,42,6.03,1.29,5.11,5.9,0.56,5.68,5.64,1.39,5.75,4.65,1.17,5.74,5.35,0.72,5.44
958.78,42,6.02,1.28,5.09,5.9,0.57,5.68,5.64,1.39,5.75,4.64,1.17,5.74,5.35,0.72,5.45
959.78,42,6.02,1.28,5.1,5.9,0.56,5.67,5.64,1.39,5.74,4.63,1.16,5.73,5.34,0.72,5.44
960.8,42,6.02,1.27,5.1,5.91,0.56,5.67,5.63,1.39,5.75,4.63,1.17,5.74,5.35,0.71,5.45
961.8,42,6.03,1.27,5.1,5.91,0.57,5.68,5.63,1.4,5.75,4.64,1.17,5.74,5.34,0.72,5.45
962.8,42,6.01,1.25,5.09,5.89,0.56,5.66,5.62,1.39,5.74,4.63,1.17,5.74,5.34,0.71,5.45
963.8,42,6.02,1.25,5.08,5.88,0.56,5.65,5.61,1.39,5.73,4.63,1.16,5.72,5.33,0.71,5.43
964.8,42,6.02,1.24,5.1,5.89,0.57,5.67,5.64,1.39,5.75,4.64,1.17,5.73,5.35,0.72,5.44
965.82,42,6.02,1.24,5.08,5.88,0.56,5.66,5.63,1.4,5.74,4.62,1.17,5.73,5.34,0.71,5.45
966.82,42,6.02,1.23,5.09,5.89,0.56,5.66,5.63,1.39,5.74,4.62,1.17,5.72,5.33,0.72,5.44
967.82,42,6.01,1.22,5.08,5.89,0.56,5.66,5.62,1.39,5.74,4.62,1.16,5.72,5.33,0.72,5.43
968.83,42,6.01,1.22,5.09,5.88,0.56,5.66,5.63,1.39,5.74,4.62,1.17,5.73,5.33,0.72,5.44
969.83,42,6,1.21,5.08,5.88,0.56,5.66,5.62,1.39,5.73,4.62,1.17,5.72,5.32,0.71,5.44
970.83,42,6,1.2,5.08,5.88,0.56,5.65,5.61,1.39,5.73,4.61,1.17,5.72,5.32,0.71,5.43
971.83,42,6,1.2,5.08,5.89,0.56,5.66,5.62,1.4,5.75,4.61,1.18,5.72,5.33,0.72,5.43
972.83,42,6,1.19,5.08,5.89,0.55,5.65,5.6,1.39,5.75,4.61,1.17,5.72,5.31,0.71,5.43
973.85,42,6,1.18,5.08,5.88,0.55,5.64,5.6,1.39,5.73,4.6,1.17,5.71,5.31,0.7,5.42
974.85,42,5.99,1.19,5.08,5.88,0.55,5.65,5.6,1.39,5.74,4.59,1.17,5.71,5.31,0.71,5.43
975.85,42,5.99,1.19,5.08,5.88,0.55,5.65,5.61,1.39,5.73,4.59,1.17,5.72,5.31,0.71,5.43
976.85,42,6,1.18,5.08,5.88,0.56,5.65,5.61,1.39,5.74,4.6,1.18,5.71,5.31,0.71,5.44
977.87,42,5.98,1.18,5.07,5.87,0.55,5.64,5.6,1.39,5.72,4.59,1.17,5.71,5.31,0.71,5.43
978.87,42,5.99,1.18,5.08,5.87,0.54,5.65,5.6,1.39,5.72,4.59,1.17,5.72,5.31,0.71,5.43
979.87,42,5.98,1.19,5.08,5.88,0.55,5.65,5.6,1.39,5.73,4.59,1.17,5.71,5.31,0.71,5.43
980.87,42,5.98,1.18,5.08,5.87,0.55,5.64,5.6,1.39,5.73,4.58,1.16,5.71,5.31,0.7,5.42
981.88,42,5.97,1.18,5.07,5.86,0.55,5.64,5.59,1.39,5.73,4.59,1.16,5.7,5.31,0.7,5.42
982.88,42,5.97,1.18,5.08,5.87,0.55,5.64,5.59,1.38,5.72,4.59,1.17,5.71,5.31,0.7,5.42
983.9,42,5.97,1.17,5.07,5.86,0.54,5.64,5.59,1.39,5.73,4.58,1.16,5.69,5.3,0.69,5.41
984.9,42,5.97,1.17,5.07,5.85,0.54,5.64,5.59,1.39,5.72,4.58,1.16,5.7,5.29,0.69,5.41
985.9,42,5.97,1.17,5.05,5.84,0.54,5.63,5.58,1.37,5.72,4.56,1.15,5.68,5.31,0.69,5.4
986.9,42,5.96,1.16,5.06,5.84,0.54,5.63,5.57,1.37,5.71,4.56,1.16,5.68,5.28,0.69,5.4
987.9,42,5.96,1.15,5.06,5.84,0.54,5.62,5.57,1.37,5.72,4.56,1.16,5.69,5.29,0.69,5.41
988.9,42,5.96,1.15,5.05,5.84,0.53,5.62,5.56,1.37,5.72,4.56,1.15,5.68,5.28,0.69,5.4
989.9,42,5.96,1.16,5.06,5.84,0.54,5.63,5.57,1.37,5.72,4.56,1.16,5.68,5.29,0.69,5.4
990.9,42,5.96,1.15,5.07,5.84,0.54,5.62,5.56,1.37,5.71,4.57,1.15,5.68,5.29,0.68,5.39
991.92,42,5.97,1.16,5.06,5.84,0.54,5.62,5.56,1.37,5.72,4.57,1.17,5.69,5.3,0.69,5.41
992.92,42,5.96,1.15,5.07,5.83,0.52,5.61,5.56,1.36,5.71,4.57,1.16,5.69,5.29,0.68,5.39
993.92,42,5.95,1.15,5.04,5.81,0.53,5.61,5.55,1.36,5.71,4.56,1.15,5.67,5.28,0.68,5.39
994.92,42,5.96,1.15,5.05,5.81,0.52,5.6,5.56,1.35,5.7,4.56,1.15,5.67,5.28,0.68,5.38
995.92,42,5.96,1.15,5.04,5.81,0.52,5.6,5.55,1.34,5.71,4.56,1.14,5.68,5.29,0.68,5.38
996.93,42,5.96,1.14,5.04,5.81,0.52,5.6,5.54,1.34,5.7,4.56,1.15,5.66,5.28,0.67,5.38
997.93,42,5.95,1.15,5.04,5.8,0.51,5.6,5.55,1.34,5.7,4.56,1.15,5.67,5.28,0.67,5.38
998.93,42,5.96,1.14,5.05,5.82,0.52,5.6,5.55,1.34,5.7,4.57,1.15,5.66,5.29,0.68,5.39
999.93,42,5.96,1.14,5.05,5.81,0.51,5.6,5.54,1.34,5.7,4.57,1.15,5.67,5.28,0.67,5.38
1000.93,42,5.96,1.13,5.04,5.8,0.51,5.6,5.53,1.33,5.69,4.56,1.15,5.66,5.28,0.67,5.38
1001.93,42,5.94,1.12,5.04,5.8,0.5,5.6,5.53,1.33,5.68,4.56,1.14,5.65,5.28,0.67,5.38
1002.95,42,5.95,1.12,5.04,5.8,0.51,5.6,5.53,1.34,5.69,4.57,1.14,5.66,5.28,0.68,5.38
1003.95,42,5.94,1.11,5.03,5.8,0.5,5.59,5.52,1.33,5.68,4.56,1.14,5.64,5.27,0.67,5.36
1004.97,42,5.95,1.11,5.04,5.8,0.5,5.6,5.52,1.34,5.7,4.56,1.15,5.66,5.28,0.68,5.38
1005.97,42,5.94,1.1,5.04,5.8,0.5,5.6,5.5,1.34,5.68,4.56,1.14,5.65,5.27,0.67,5.37
1006.97,42,5.95,1.1,5.04,5.8,0.5,5.6,5.52,1.34,5.68,4.56,1.15,5.65,5.28,0.68,5.38
1007.97,42,5.94,1.09,5.04,5.8,0.5,5.6,5.5,1.34,5.68,4.56,1.15,5.64,5.28,0.67,5.37
1008.97,42,5.95,1.09,5.04,5.8,0.5,5.6,5.51,1.36,5.69,4.56,1.15,5.64,5.28,0.68,5.37
1009.97,42,5.94,1.09,5.04,5.8,0.5,5.6,5.52,1.35,5.69,4.56,1.15,5.64,5.28,0.67,5.37
1010.98,42,5.93,1.08,5.02,5.79,0.5,5.59,5.49,1.36,5.68,4.56,1.14,5.65,5.27,0.67,5.37
1011.98,42,5.92,1.07,5.03,5.79,0.49,5.59,5.49,1.35,5.68,4.56,1.14,5.64,5.26,0.67,5.36
1012.98,42,5.92,1.07,5.03,5.8,0.5,5.58,5.49,1.36,5.68,4.55,1.15,5.64,5.26,0.68,5.36
1013.98,42,5.92,1.05,5.03,5.79,0.5,5.58,5.49,1.36,5.68,4.55,1.14,5.64,5.26,0.67,5.36
1015,42,5.92,1.05,5.02,5.8,0.48,5.59,5.49,1.36,5.68,4.55,1.15,5.64,5.25,0.67,5.37
1016,42,5.92,1.03,5.02,5.8,0.48,5.58,5.49,1.36,5.68,4.53,1.14,5.63,5.25,0.67,5.35
1017,42,5.92,1.03,5.03,5.8,0.48,5.58,5.49,1.36,5.68,4.54,1.15,5.62,5.25,0.67,5.36
1018,42,5.91,1.01,5.01,5.8,0.48,5.58,5.48,1.36,5.67,4.52,1.14,5.63,5.24,0.67,5.35
1019.02,42,5.91,1.01,5.02,5.8,0.48,5.57,5.48,1.36,5.68,4.53,1.14,5.63,5.24,0.67,5.36
1020.02,42,5.92,1,5.02,5.8,0.48,5.59,5.49,1.37,5.68,4.53,1.15,5.62,5.24,0.68,5.36
1021.02,42,5.92,1,5.03,5.8,0.48,5.57,5.48,1.37,5.68,4.53,1.15,5.62,5.25,0.68,5.37
1022.02,42,5.9,0.99,5.02,5.8,0.48,5.57,5.48,1.36,5.68,4.53,1.14,5.63,5.24,0.67,5.36
1023.02,42,5.91,0.99,5.02,5.8,0.49,5.57,5.47,1.36,5.68,4.52,1.15,5.63,5.24,0.68,5.37
1024.03,42,5.9,0.99,5.02,5.8,0.49,5.57,5.49,1.37,5.68,4.52,1.14,5.61,5.24,0.67,5.37
1025.03,42,5.88,0.98,5.01,5.78,0.49,5.56,5.48,1.36,5.67,4.51,1.14,5.61,5.23,0.67,5.36
1026.03,42,5.91,0.98,5.02,5.8,0.49,5.57,5.49,1.36,5.68,4.5,1.15,5.62,5.24,0.68,5.35
1027.05,42,5.89,0.98,5.02,5.78,0.5,5.57,5.49,1.36,5.68,4.5,1.15,5.61,5.24,0.67,5.36
1028.05,42,5.88,0.97,5.01,5.8,0.5,5.56,5.49,1.35,5.68,4.5,1.14,5.61,5.25,0.68,5.36
1029.05,42,5.88,0.97,5.01,5.79,0.5,5.56,5.49,1.35,5.68,4.5,1.14,5.6,5.24,0.67,5.36
1030.05,42,5.88,0.98,5.02,5.78,0.5,5.56,5.49,1.36,5.68,4.5,1.15,5.6,5.24,0.68,5.36
1031.07,42,5.88,0.97,5.01,5.78,0.5,5.56,5.49,1.34,5.67,4.5,1.14,5.61,5.24,0.68,5.36
1032.07,42,5.88,0.97,5.01,5.77,0.5,5.56,5.48,1.34,5.68,4.49,1.14,5.59,5.24,0.67,5.36
1033.07,42,5.87,0.97,5.01,5.76,0.49,5.56,5.48,1.34,5.67,4.49,1.14,5.6,5.24,0.67,5.35
1034.07,42,5.87,0.97,5.01,5.77,0.49,5.56,5.49,1.34,5.66,4.49,1.14,5.59,5.22,0.67,5.35
1035.07,42,5.88,0.97,5.01,5.77,0.49,5.57,5.49,1.34,5.67,4.5,1.15,5.6,5.24,0.67,5.36
1036.07,42,5.87,0.97,5.01,5.76,0.49,5.56,5.49,1.33,5.67,4.48,1.14,5.59,5.24,0.67,5.35
1037.08,42,5.88,0.97,5.01,5.76,0.5,5.56,5.5,1.33,5.68,4.49,1.15,5.6,5.24,0.67,5.36
1038.08,42,5.86,0.97,5.01,5.76,0.49,5.55,5.48,1.33,5.66,4.48,1.14,5.59,5.24,0.67,5.35
1039.08,42,5.85,0.97,5.01,5.75,0.48,5.54,5.49,1.32,5.67,4.48,1.14,5.58,5.23,0.66,5.35
1040.08,42,5.86,0.98,5,5.75,0.48,5.55,5.49,1.33,5.66,4.48,1.14,5.58,5.23,0.66,5.35
1041.1,42,5.85,0.96,4.99,5.74,0.48,5.54,5.47,1.31,5.66,4.48,1.13,5.58,5.21,0.65,5.34
1042.1,42,5.86,0.97,5,5.75,0.48,5.55,5.46,1.31,5.65,4.48,1.14,5.59,5.24,0.66,5.35
1043.1,42,5.86,0.97,4.99,5.74,0.48,5.55,5.47,1.31,5.66,4.48,1.14,5.58,5.24,0.67,5.35
1044.12,42,5.85,0.95,4.99,5.72,0.46,5.53,5.45,1.31,5.65,4.48,1.14,5.58,5.23,0.65,5.34
1045.12,42,5.85,0.96,4.99,5.73,0.46,5.54,5.46,1.3,5.66,4.46,1.13,5.57,5.22,0.65,5.34
1046.12,42,5.84,0.95,4.99,5.73,0.46,5.53,5.45,1.3,5.64,4.47,1.13,5.57,5.22,0.65,5.33
1047.12,42,5.84,0.95,5,5.72,0.46,5.54,5.45,1.3,5.65,4.47,1.14,5.57,5.23,0.65,5.33
1048.12,42,5.86,0.95,4.99,5.74,0.46,5.54,5.45,1.28,5.65,4.46,1.13,5.57,5.23,0.66,5.32
1049.12,42,5.86,0.96,5,5.73,0.46,5.53,5.45,1.29,5.65,4.46,1.13,5.57,5.23,0.65,5.33
1050.12,42,5.85,0.95,4.99,5.72,0.46,5.53,5.43,1.28,5.64,4.45,1.14,5.57,5.22,0.65,5.31
1051.13,42,5.85,0.95,4.98,5.73,0.45,5.52,5.44,1.28,5.64,4.46,1.13,5.56,5.22,0.65,5.31
1052.13,42,5.85,0.95,5,5.72,0.45,5.53,5.42,1.28,5.64,4.46,1.13,5.56,5.22,0.65,5.31
1053.13,42,5.84,0.94,4.98,5.72,0.45,5.52,5.43,1.28,5.64,4.46,1.13,5.56,5.21,0.65,5.31
1054.15,42,5.84,0.94,4.98,5.71,0.45,5.53,5.43,1.27,5.64,4.45,1.12,5.55,5.21,0.65,5.31
1055.15,42,5.84,0.94,4.98,5.7,0.44,5.52,5.42,1.27,5.64,4.45,1.12,5.55,5.21,0.65,5.31
1056.15,42,5.84,0.94,4.98,5.71,0.43,5.52,5.42,1.28,5.64,4.45,1.12,5.56,5.21,0.65,5.31
1057.15,42,5.84,0.94,4.98,5.72,0.45,5.52,5.42,1.28,5.64,4.45,1.12,5.56,5.22,0.65,5.31
1058.15,42,5.84,0.94,4.98,5.71,0.44,5.52,5.4,1.27,5.63,4.45,1.13,5.56,5.21,0.65,5.3
1059.17,42,5.84,0.93,4.98,5.71,0.43,5.51,5.42,1.28,5.64,4.46,1.12,5.55,5.21,0.65,5.3
1060.17,42,5.84,0.93,4.97,5.71,0.43,5.52,5.4,1.28,5.64,4.45,1.13,5.56,5.21,0.65,5.3
1061.17,42,5.84,0.93,4.98,5.71,0.43,5.51,5.41,1.28,5.64,4.45,1.12,5.55,5.21,0.65,5.3
1062.17,42,5.84,0.92,4.97,5.7,0.43,5.52,5.39,1.29,5.64,4.45,1.12,5.55,5.21,0.65,5.3
1063.18,42,5.84,0.91,4.97,5.69,0.43,5.51,5.39,1.29,5.63,4.45,1.12,5.56,5.21,0.65,5.3
1064.18,42,5.84,0.91,4.96,5.7,0.43,5.5,5.38,1.3,5.62,4.45,1.12,5.54,5.21,0.65,5.29
1065.18,42,5.84,0.9,4.97,5.69,0.43,5.5,5.38,1.29,5.63,4.45,1.12,5.55,5.2,0.65,5.29
1066.2,42,5.82,0.9,4.97,5.68,0.43,5.5,5.38,1.3,5.62,4.44,1.12,5.54,5.2,0.65,5.28
1067.2,42,5.83,0.88,4.96,5.69,0.43,5.5,5.38,1.31,5.63,4.44,1.13,5.56,5.21,0.65,5.29
1068.2,42,5.83,0.88,4.96,5.69,0.43,5.5,5.38,1.3,5.62,4.45,1.12,5.55,5.2,0.64,5.29
1069.2,42,5.83,0.88,4.97,5.7,0.43,5.51,5.38,1.31,5.63,4.45,1.12,5.54,5.21,0.65,5.29
1070.2,42,5.82,0.87,4.97,5.68,0.43,5.5,5.38,1.3,5.63,4.45,1.12,5.53,5.19,0.65,5.28
1071.2,42,5.82,0.87,4.96,5.7,0.43,5.49,5.37,1.31,5.62,4.43,1.12,5.53,5.2,0.64,5.28
1072.2,42,5.83,0.87,4.97,5.7,0.43,5.49,5.38,1.31,5.62,4.43,1.12,5.54,5.2,0.65,5.28
1073.22,42,5.82,0.86,4.96,5.7,0.43,5.49,5.36,1.31,5.62,4.42,1.12,5.54,5.2,0.64,5.28
1074.22,42,5.81,0.86,4.95,5.7,0.43,5.5,5.37,1.31,5.63,4.43,1.12,5.53,5.19,0.64,5.28
1075.22,42,5.81,0.87,4.96,5.69,0.43,5.49,5.38,1.3,5.63,4.43,1.12,5.54,5.2,0.65,5.29
1076.22,42,5.81,0.86,4.96,5.7,0.43,5.5,5.38,1.31,5.63,4.44,1.12,5.53,5.21,0.64,5.28
1077.23,42,5.81,0.85,4.95,5.68,0.43,5.49,5.36,1.3,5.62,4.42,1.12,5.53,5.18,0.64,5.28
1078.23,42,5.8,0.84,4.95,5.68,0.43,5.5,5.37,1.3,5.63,4.42,1.12,5.53,5.2,0.65,5.28
1079.23,42,5.8,0.83,4.95,5.68,0.44,5.49,5.38,1.29,5.62,4.42,1.12,5.53,5.19,0.64,5.28
1080.23,42,5.79,0.84,4.95,5.68,0.44,5.49,5.37,1.28,5.61,4.42,1.12,5.53,5.19,0.64,5.28
1081.25,42,5.79,0.83,4.95,5.68,0.44,5.5,5.37,1.28,5.62,4.41,1.12,5.52,5.19,0.64,5.28
1082.25,42,5.8,0.83,4.95,5.68,0.45,5.49,5.37,1.27,5.62,4.42,1.12,5.53,5.2,0.65,5.28
1083.25,42,5.79,0.82,4.95,5.68,0.45,5.49,5.37,1.27,5.62,4.42,1.12,5.52,5.19,0.65,5.28
1084.25,42,5.79,0.83,4.95,5.68,0.45,5.49,5.36,1.26,5.62,4.41,1.11,5.53,5.17,0.64,5.27
1085.25,42,5.8,0.82,4.95,5.68,0.45,5.49,5.37,1.26,5.62,4.42,1.12,5.53,5.2,0.65,5.28
1086.25,42,5.78,0.82,4.95,5.67,0.45,5.49,5.35,1.26,5.62,4.4,1.11,5.53,5.18,0.64,5.27
1087.25,42,5.77,0.8,4.94,5.67,0.45,5.47,5.36,1.25,5.61,4.4,1.12,5.51,5.19,0.64,5.27
1088.27,42,5.77,0.8,4.95,5.66,0.45,5.48,5.35,1.24,5.61,4.4,1.12,5.51,5.19,0.64,5.26
1089.27,42,5.77,0.81,4.95,5.68,0.45,5.48,5.36,1.24,5.62,4.41,1.12,5.53,5.19,0.64,5.28
1090.28,42,5.77,0.8,4.95,5.67,0.44,5.48,5.35,1.24,5.61,4.4,1.12,5.52,5.18,0.64,5.28
1091.28,42,5.76,0.8,4.94,5.67,0.44,5.48,5.36,1.23,5.61,4.39,1.11,5.5,5.18,0.64,5.27
1092.28,42,5.76,0.8,4.94,5.66,0.44,5.48,5.36,1.24,5.6,4.4,1.12,5.51,5.17,0.64,5.26
1093.3,42,5.76,0.8,4.94,5.67,0.44,5.47,5.35,1.23,5.6,4.39,1.12,5.51,5.18,0.63,5.26
1094.3,42,5.76,0.8,4.93,5.65,0.44,5.46,5.35,1.23,5.6,4.4,1.11,5.5,5.17,0.63,5.25
1095.3,42,5.76,0.8,4.94,5.65,0.44,5.46,5.35,1.22,5.61,4.39,1.11,5.49,5.18,0.63,5.25
1096.32,42,5.76,0.81,4.94,5.65,0.43,5.46,5.35,1.22,5.6,4.39,1.11,5.5,5.18,0.63,5.26
1097.32,42,5.76,0.81,4.93,5.65,0.44,5.46,5.35,1.22,5.6,4.39,1.11,5.5,5.17,0.64,5.25
1098.33,42,5.76,0.8,4.94,5.64,0.44,5.46,5.34,1.22,5.6,4.39,1.12,5.51,5.18,0.64,5.24
1099.33,42,5.76,0.8,4.92,5.64,0.43,5.45,5.35,1.22,5.6,4.39,1.11,5.49,5.18,0.63,5.26
1100.33,42,5.76,0.79,4.92,5.64,0.43,5.45,5.34,1.22,5.6,4.39,1.11,5.49,5.18,0.63,5.24
1101.33,42,5.76,0.79,4.93,5.64,0.43,5.45,5.35,1.22,5.6,4.39,1.11,5.5,5.17,0.64,5.25
1102.33,42,5.75,0.78,4.92,5.63,0.43,5.45,5.33,1.21,5.59,4.37,1.11,5.49,5.18,0.63,5.24
1103.35,42,5.76,0.77,4.92,5.63,0.43,5.45,5.34,1.21,5.59,4.38,1.12,5.49,5.18,0.63,5.24
1104.35,42,5.76,0.78,4.92,5.63,0.42,5.45,5.34,1.22,5.59,4.39,1.12,5.49,5.17,0.64,5.24
1105.35,42,5.75,0.77,4.92,5.62,0.42,5.45,5.33,1.21,5.6,4.38,1.11,5.49,5.17,0.63,5.24
1106.35,42,5.76,0.78,4.92,5.63,0.43,5.45,5.34,1.21,5.6,4.39,1.12,5.49,5.17,0.63,5.25
1107.35,42,5.75,0.77,4.92,5.62,0.42,5.43,5.31,1.2,5.59,4.37,1.11,5.48,5.17,0.63,5.23
1108.35,42,5.74,0.77,4.92,5.63,0.42,5.43,5.31,1.21,5.59,4.38,1.11,5.49,5.17,0.64,5.24
1109.35,42,5.75,0.77,4.92,5.62,0.42,5.45,5.32,1.21,5.6,4.38,1.12,5.49,5.17,0.64,5.24
1110.35,42,5.74,0.76,4.91,5.61,0.42,5.43,5.33,1.2,5.59,4.37,1.11,5.48,5.17,0.63,5.23
1111.37,42,5.74,0.75,4.91,5.62,0.42,5.43,5.31,1.19,5.58,4.37,1.11,5.49,5.17,0.63,5.23
1112.37,42,5.75,0.75,4.92,5.62,0.42,5.44,5.32,1.2,5.59,4.38,1.11,5.49,5.17,0.63,5.24
1113.37,42,5.74,0.74,4.91,5.62,0.42,5.42,5.31,1.2,5.58,4.37,1.11,5.48,5.17,0.63,5.22
1114.37,42,5.73,0.74,4.91,5.62,0.42,5.43,5.31,1.19,5.58,4.37,1.11,5.47,5.16,0.63,5.22
1115.37,42,5.73,0.73,4.91,5.61,0.41,5.42,5.31,1.19,5.59,4.37,1.12,5.48,5.17,0.63,5.22
1116.37,42,5.73,0.72,4.9,5.61,0.41,5.42,5.3,1.19,5.58,4.37,1.11,5.46,5.17,0.63,5.22
1117.38,42,5.74,0.73,4.91,5.61,0.42,5.43,5.3,1.19,5.58,4.37,1.11,5.48,5.17,0.63,5.23
1118.38,42,5.72,0.72,4.9,5.61,0.41,5.42,5.3,1.19,5.58,4.37,1.11,5.47,5.16,0.63,5.23
1119.38,42,5.73,0.72,4.91,5.62,0.41,5.42,5.31,1.2,5.58,4.37,1.11,5.47,5.16,0.63,5.22
1120.38,42,5.73,0.72,4.91,5.61,0.41,5.42,5.3,1.2,5.58,4.37,1.11,5.47,5.16,0.63,5.22
1121.4,42,5.72,0.71,4.9,5.62,0.41,5.42,5.31,1.19,5.58,4.37,1.11,5.47,5.15,0.63,5.21
1122.4,42,5.71,0.71,4.89,5.6,0.41,5.42,5.29,1.19,5.56,4.35,1.1,5.47,5.15,0.62,5.21
1123.4,42,5.71,0.71,4.89,5.61,0.41,5.41,5.29,1.2,5.57,4.35,1.1,5.45,5.15,0.62,5.21
1124.42,42,5.72,0.7,4.89,5.61,0.41,5.42,5.3,1.21,5.58,4.36,1.11,5.47,5.16,0.63,5.22
1125.42,42,5.71,0.69,4.89,5.59,0.41,5.41,5.28,1.2,5.56,4.35,1.1,5.45,5.14,0.62,5.21
1126.42,42,5.71,0.69,4.89,5.6,0.41,5.41,5.29,1.21,5.57,4.35,1.11,5.46,5.15,0.63,5.21
1127.43,42,5.72,0.69,4.89,5.61,0.41,5.42,5.3,1.21,5.56,4.37,1.11,5.47,5.14,0.63,5.21
1128.43,42,5.71,0.68,4.89,5.6,0.41,5.42,5.29,1.21,5.57,4.36,1.11,5.46,5.14,0.63,5.21
1129.43,42,5.7,0.68,4.89,5.6,0.41,5.42,5.28,1.22,5.57,4.35,1.11,5.45,5.14,0.62,5.21
1130.43,42,5.7,0.68,4.89,5.6,0.41,5.41,5.29,1.22,5.57,4.34,1.11,5.46,5.15,0.62,5.21
1131.43,42,5.7,0.68,4.89,5.61,0.41,5.4,5.28,1.22,5.56,4.34,1.1,5.46,5.14,0.63,5.21
1132.43,42,5.7,0.68,4.89,5.6,0.41,5.41,5.27,1.22,5.56,4.34,1.1,5.45,5.14,0.63,5.21
1133.43,42,5.69,0.67,4.88,5.6,0.41,5.4,5.28,1.22,5.56,4.34,1.11,5.45,5.14,0.63,5.2
1134.43,42,5.71,0.67,4.89,5.61,0.42,5.42,5.29,1.23,5.57,4.35,1.11,5.45,5.14,0.63,5.21
1135.43,42,5.69,0.65,4.89,5.59,0.42,5.4,5.28,1.22,5.57,4.33,1.1,5.45,5.14,0.62,5.2
1136.45,42,5.68,0.65,4.88,5.6,0.41,5.4,5.28,1.22,5.56,4.33,1.11,5.44,5.14,0.62,5.21
1137.45,42,5.69,0.65,4.88,5.6,0.42,5.4,5.28,1.22,5.56,4.34,1.11,5.45,5.13,0.63,5.21
1138.45,42,5.68,0.64,4.88,5.6,0.41,5.39,5.27,1.21,5.55,4.33,1.11,5.44,5.13,0.62,5.21
1139.45,42,5.7,0.65,4.89,5.6,0.43,5.4,5.29,1.22,5.58,4.33,1.12,5.45,5.14,0.64,5.21
1140.47,42,5.68,0.64,4.89,5.6,0.42,5.4,5.28,1.22,5.56,4.33,1.11,5.45,5.13,0.63,5.21
1141.47,42,5.68,0.64,4.89,5.6,0.42,5.4,5.28,1.22,5.57,4.31,1.11,5.45,5.14,0.63,5.21
1142.47,42,5.68,0.64,4.88,5.6,0.41,5.39,5.29,1.22,5.56,4.32,1.11,5.45,5.14,0.63,5.21
1143.47,42,5.68,0.64,4.87,5.6,0.41,5.39,5.28,1.21,5.56,4.31,1.11,5.44,5.13,0.63,5.21
1144.48,42,5.68,0.62,4.87,5.6,0.41,5.38,5.26,1.21,5.56,4.31,1.11,5.43,5.12,0.62,5.2
1145.48,42,5.68,0.63,4.87,5.6,0.41,5.38,5.28,1.21,5.56,4.31,1.1,5.42,5.12,0.63,5.21
1146.48,42,5.68,0.62,4.88,5.6,0.41,5.39,5.28,1.21,5.56,4.3,1.11,5.44,5.12,0.63,5.21
1147.48,42,5.67,0.62,4.87,5.6,0.41,5.38,5.28,1.21,5.56,4.3,1.11,5.42,5.12,0.63,5.2
1148.48,42,5.67,0.62,4.87,5.6,0.41,5.39,5.28,1.2,5.56,4.31,1.11,5.43,5.12,0.63,5.21
1149.5,42,5.68,0.62,4.87,5.6,0.42,5.38,5.28,1.21,5.56,4.3,1.12,5.44,5.13,0.63,5.2
1150.5,42,5.66,0.61,4.86,5.6,0.41,5.38,5.27,1.2,5.55,4.29,1.11,5.42,5.12,0.62,5.19
1151.5,42,5.66,0.61,4.87,5.6,0.41,5.38,5.28,1.2,5.55,4.3,1.11,5.43,5.12,0.63,5.21
1152.5,42,5.66,0.61,4.86,5.6,0.41,5.38,5.27,1.2,5.55,4.29,1.11,5.42,5.11,0.62,5.2
1153.5,42,5.65,0.61,4.86,5.59,0.41,5.38,5.28,1.2,5.55,4.29,1.11,5.43,5.12,0.63,5.19
1154.5,42,5.66,0.61,4.86,5.6,0.41,5.38,5.27,1.21,5.56,4.29,1.11,5.42,5.12,0.63,5.2
1155.52,42,5.64,0.61,4.86,5.57,0.41,5.37,5.26,1.19,5.54,4.28,1.11,5.42,5.11,0.62,5.18
1156.52,42,5.65,0.61,4.87,5.58,0.4,5.37,5.26,1.19,5.54,4.29,1.11,5.41,5.11,0.62,5.19
1157.52,42,5.65,0.6,4.86,5.58,0.41,5.38,5.26,1.19,5.54,4.29,1.11,5.42,5.11,0.62,5.19
1158.52,42,5.65,0.61,4.86,5.59,0.4,5.38,5.25,1.19,5.55,4.28,1.11,5.42,5.11,0.62,5.19
1159.53,42,5.64,0.61,4.86,5.57,0.4,5.37,5.25,1.19,5.54,4.29,1.11,5.41,5.12,0.61,5.18
1160.53,42,5.64,0.6,4.86,5.58,0.41,5.36,5.25,1.2,5.53,4.28,1.12,5.41,5.11,0.61,5.18
1161.53,42,5.64,0.6,4.86,5.56,0.4,5.36,5.24,1.19,5.53,4.29,1.11,5.42,5.11,0.62,5.18
1162.53,42,5.64,0.6,4.86,5.56,0.39,5.37,5.24,1.19,5.53,4.27,1.11,5.4,5.11,0.62,5.18
1163.53,42,5.64,0.6,4.85,5.56,0.4,5.37,5.25,1.18,5.53,4.27,1.11,5.41,5.11,0.62,5.19
1164.55,42,5.64,0.59,4.86,5.56,0.4,5.35,5.24,1.19,5.53,4.27,1.11,5.41,5.11,0.61,5.18
1165.55,42,5.63,0.6,4.85,5.56,0.39,5.37,5.24,1.19,5.53,4.27,1.11,5.39,5.11,0.62,5.17
1166.55,42,5.64,0.6,4.86,5.56,0.39,5.35,5.24,1.19,5.53,4.27,1.11,5.39,5.11,0.62,5.17
1167.55,42,5.63,0.6,4.85,5.56,0.39,5.35,5.24,1.19,5.53,4.27,1.11,5.38,5.11,0.61,5.17
1168.57,42,5.63,0.59,4.85,5.54,0.39,5.35,5.23,1.18,5.52,4.26,1.11,5.38,5.1,0.61,5.16
1169.57,42,5.64,0.6,4.84,5.55,0.39,5.35,5.23,1.19,5.52,4.26,1.11,5.38,5.11,0.62,5.17
1170.57,42,5.64,0.59,4.85,5.55,0.39,5.35,5.22,1.18,5.52,4.27,1.11,5.38,5.1,0.61,5.17
1171.57,42,5.64,0.59,4.85,5.55,0.39,5.35,5.24,1.19,5.53,4.26,1.11,5.38,5.11,0.61,5.17
1172.57,42,5.64,0.6,4.85,5.55,0.39,5.35,5.23,1.19,5.53,4.28,1.11,5.39,5.1,0.62,5.17
1173.58,42,5.63,0.59,4.83,5.54,0.38,5.34,5.21,1.18,5.51,4.26,1.1,5.38,5.09,0.61,5.15
1174.58,42,5.64,0.58,4.84,5.54,0.39,5.34,5.22,1.18,5.52,4.27,1.11,5.38,5.09,0.61,5.17
1175.58,42,5.63,0.6,4.85,5.53,0.38,5.35,5.23,1.19,5.52,4.27,1.11,5.38,5.1,0.61,5.16
1176.58,42,5.64,0.59,4.84,5.53,0.39,5.34,5.22,1.18,5.51,4.27,1.1,5.38,5.1,0.61,5.15
1177.58,42,5.63,0.59,4.83,5.53,0.39,5.34,5.21,1.19,5.51,4.27,1.11,5.38,5.1,0.61,5.16
1178.58,42,5.63,0.59,4.84,5.53,0.38,5.34,5.21,1.18,5.5,4.27,1.1,5.37,5.09,0.61,5.15
1179.58,42,5.64,0.58,4.84,5.53,0.38,5.33,5.21,1.18,5.5,4.27,1.1,5.36,5.1,0.61,5.15
1180.58,42,5.63,0.58,4.83,5.53,0.38,5.32,5.21,1.18,5.5,4.26,1.09,5.37,5.08,0.61,5.14
1181.6,42,5.63,0.58,4.83,5.53,0.38,5.32,5.21,1.18,5.5,4.27,1.11,5.37,5.09,0.61,5.16
1182.6,42,5.63,0.58,4.83,5.53,0.38,5.33,5.21,1.18,5.5,4.27,1.11,5.37,5.09,0.62,5.15
1183.6,42,5.63,0.58,4.82,5.53,0.38,5.32,5.21,1.18,5.5,4.26,1.1,5.37,5.09,0.61,5.15
1184.6,42,5.61,0.58,4.82,5.53,0.38,5.33,5.19,1.18,5.49,4.26,1.1,5.37,5.09,0.61,5.14
1185.6,42,5.61,0.57,4.82,5.53,0.37,5.32,5.19,1.18,5.49,4.26,1.09,5.36,5.08,0.61,5.14
1186.6,42,5.61,0.57,4.83,5.51,0.37,5.32,5.19,1.18,5.49,4.26,1.1,5.35,5.08,0.61,5.13
1187.6,42,5.61,0.56,4.82,5.52,0.37,5.32,5.19,1.18,5.49,4.27,1.1,5.36,5.08,0.61,5.14
1188.6,42,5.6,0.56,4.82,5.52,0.37,5.31,5.2,1.19,5.49,4.27,1.1,5.36,5.08,0.61,5.14
1189.62,42,5.6,0.56,4.82,5.51,0.37,5.31,5.21,1.19,5.49,4.27,1.1,5.36,5.08,0.61,5.13
1190.62,42,5.6,0.56,4.82,5.51,0.37,5.31,5.19,1.18,5.49,4.26,1.1,5.35,5.08,0.61,5.12
1191.62,42,5.6,0.56,4.82,5.52,0.37,5.31,5.21,1.18,5.49,4.26,1.1,5.35,5.08,0.6,5.13
1192.62,42,5.6,0.56,4.82,5.52,0.37,5.31,5.19,1.18,5.49,4.27,1.1,5.35,5.08,0.61,5.14
1193.62,42,5.6,0.56,4.82,5.51,0.37,5.31,5.2,1.18,5.49,4.26,1.1,5.36,5.08,0.61,5.13
1194.63,42,5.6,0.55,4.81,5.52,0.37,5.31,5.19,1.18,5.49,4.26,1.1,5.35,5.08,0.61,5.12
1195.63,42,5.6,0.55,4.82,5.53,0.38,5.31,5.2,1.19,5.49,4.26,1.11,5.36,5.08,0.61,5.12
1196.63,42,5.6,0.55,4.82,5.52,0.37,5.31,5.2,1.18,5.49,4.26,1.09,5.35,5.08,0.61,5.12
1197.63,42,5.6,0.55,4.81,5.52,0.37,5.31,5.21,1.19,5.49,4.27,1.1,5.35,5.08,0.61,5.13
1198.63,42,5.6,0.55,4.82,5.52,0.37,5.31,5.2,1.18,5.49,4.26,1.1,5.35,5.08,0.61,5.14
1199.63,42,5.6,0.55,4.82,5.52,0.37,5.31,5.21,1.19,5.49,4.26,1.11,5.35,5.08,0.61,5.14
1200.63,42,5.59,0.54,4.8,5.51,0.38,5.31,5.2,1.18,5.49,4.26,1.1,5.35,5.08,0.61,5.13
1201.65,42,5.57,0.54,4.81,5.51,0.37,5.29,5.2,1.18,5.49,4.26,1.09,5.35,5.07,0.61,5.11
1202.65,42,5.57,0.53,4.8,5.51,0.37,5.3,5.2,1.18,5.49,4.26,1.1,5.34,5.08,0.6,5.13
1203.65,42,5.58,0.52,4.8,5.52,0.37,5.31,5.21,1.18,5.49,4.26,1.1,5.34,5.08,0.6,5.13
1204.65,42,5.58,0.53,4.8,5.53,0.37,5.29,5.21,1.19,5.49,4.25,1.1,5.34,5.07,0.61,5.12
1205.65,42,5.57,0.53,4.8,5.52,0.37,5.31,5.2,1.18,5.49,4.26,1.1,5.34,5.07,0.61,5.12
1206.65,42,5.58,0.52,4.81,5.51,0.37,5.3,5.2,1.18,5.49,4.26,1.11,5.34,5.08,0.62,5.13
1207.65,42,5.57,0.52,4.81,5.51,0.37,5.3,5.2,1.19,5.49,4.25,1.1,5.34,5.07,0.61,5.13
1208.67,42,5.56,0.52,4.8,5.51,0.37,5.29,5.2,1.19,5.48,4.24,1.09,5.33,5.06,0.6,5.11
1209.67,42,5.57,0.52,4.81,5.52,0.38,5.3,5.2,1.19,5.48,4.24,1.11,5.33,5.06,0.61,5.13
1210.67,42,5.56,0.52,4.79,5.51,0.38,5.3,5.19,1.18,5.49,4.23,1.11,5.33,5.05,0.61,5.12
1211.67,42,5.56,0.51,4.79,5.52,0.38,5.29,5.2,1.19,5.49,4.24,1.1,5.34,5.05,0.61,5.12
1212.67,42,5.56,0.51,4.79,5.51,0.37,5.28,5.2,1.19,5.49,4.24,1.1,5.34,5.07,0.61,5.12
1213.67,42,5.56,0.51,4.79,5.51,0.38,5.28,5.19,1.19,5.48,4.23,1.1,5.34,5.05,0.6,5.11
1214.68,42,5.55,0.51,4.79,5.5,0.37,5.28,5.2,1.18,5.48,4.23,1.1,5.32,5.05,0.6,5.12
1215.68,42,5.55,0.52,4.79,5.5,0.38,5.29,5.2,1.19,5.49,4.23,1.1,5.32,5.06,0.61,5.11
1216.68,42,5.55,0.51,4.79,5.5,0.38,5.28,5.2,1.19,5.49,4.23,1.1,5.32,5.06,0.61,5.13
1217.68,42,5.54,0.51,4.79,5.5,0.37,5.28,5.2,1.18,5.49,4.22,1.1,5.32,5.06,0.6,5.12
1218.68,42,5.55,0.51,4.8,5.5,0.38,5.29,5.21,1.19,5.48,4.23,1.1,5.32,5.06,0.61,5.11
1219.68,42,5.54,0.5,4.79,5.49,0.37,5.28,5.2,1.19,5.49,4.22,1.1,5.31,5.06,0.61,5.11
1220.68,42,5.54,0.51,4.79,5.49,0.38,5.28,5.2,1.18,5.49,4.23,1.1,5.31,5.05,0.61,5.11
1221.68,42,5.53,0.51,4.79,5.49,0.37,5.28,5.19,1.18,5.49,4.22,1.09,5.32,5.05,0.61,5.11
1222.7,42,5.55,0.51,4.79,5.49,0.38,5.28,5.21,1.18,5.49,4.22,1.1,5.31,5.06,0.61,5.11
1223.7,42,5.53,0.5,4.78,5.49,0.37,5.27,5.2,1.17,5.47,4.21,1.1,5.31,5.04,0.6,5.11
1224.7,42,5.53,0.5,4.79,5.49,0.37,5.27,5.19,1.17,5.49,4.21,1.09,5.3,5.04,0.6,5.11
1225.7,42,5.53,0.5,4.79,5.49,0.38,5.28,5.21,1.18,5.48,4.22,1.1,5.31,5.05,0.6,5.11
1226.7,42,5.53,0.5,4.79,5.49,0.38,5.28,5.21,1.17,5.48,4.21,1.1,5.3,5.05,0.61,5.11
1227.7,42,5.53,0.5,4.78,5.48,0.37,5.27,5.2,1.17,5.49,4.21,1.09,5.31,5.05,0.61,5.11
1228.72,42,5.53,0.5,4.78,5.48,0.37,5.27,5.2,1.16,5.48,4.21,1.1,5.3,5.05,0.61,5.11
1229.72,42,5.53,0.5,4.78,5.47,0.37,5.26,5.21,1.15,5.47,4.21,1.11,5.3,5.05,0.61,5.11
1230.72,42,5.53,0.5,4.78,5.49,0.37,5.26,5.2,1.16,5.48,4.21,1.1,5.3,5.05,0.6,5.1
1231.72,42,5.52,0.49,4.77,5.47,0.37,5.25,5.2,1.15,5.48,4.21,1.11,5.3,5.05,0.61,5.09
1232.72,42,5.52,0.5,4.77,5.46,0.37,5.26,5.2,1.15,5.47,4.2,1.09,5.28,5.04,0.6,5.09
1233.72,42,5.53,0.5,4.78,5.47,0.37,5.26,5.21,1.15,5.48,4.21,1.11,5.29,5.06,0.61,5.1
1234.73,42,5.53,0.5,4.76,5.46,0.37,5.26,5.21,1.15,5.47,4.21,1.1,5.28,5.04,0.6,5.1
1235.73,42,5.52,0.5,4.78,5.47,0.37,5.26,5.21,1.15,5.47,4.21,1.1,5.29,5.05,0.6,5.09
1236.73,42,5.52,0.49,4.77,5.46,0.37,5.25,5.19,1.14,5.47,4.2,1.1,5.29,5.04,0.6,5.09
1237.73,42,5.51,0.5,4.76,5.46,0.37,5.24,5.2,1.14,5.47,4.2,1.1,5.28,5.04,0.6,5.08
1238.75,42,5.51,0.49,4.76,5.46,0.37,5.24,5.2,1.14,5.46,4.2,1.09,5.28,5.04,0.6,5.08
1239.75,42,5.52,0.5,4.76,5.45,0.36,5.24,5.21,1.14,5.47,4.2,1.09,5.29,5.04,0.6,5.09
1240.75,42,5.52,0.49,4.76,5.45,0.36,5.24,5.19,1.14,5.46,4.2,1.1,5.28,5.04,0.6,5.08
1241.75,42,5.52,0.49,4.77,5.46,0.37,5.24,5.21,1.14,5.47,4.2,1.09,5.28,5.04,0.6,5.08
1242.77,42,5.52,0.48,4.76,5.45,0.36,5.24,5.21,1.14,5.46,4.19,1.09,5.28,5.02,0.6,5.08
1243.77,42,5.52,0.48,4.77,5.45,0.37,5.24,5.21,1.15,5.46,4.19,1.1,5.28,5.04,0.6,5.08
1244.77,42,5.52,0.48,4.76,5.45,0.36,5.24,5.2,1.14,5.45,4.19,1.1,5.28,5.02,0.6,5.08
1245.77,42,5.51,0.48,4.77,5.45,0.36,5.24,5.21,1.14,5.46,4.2,1.1,5.28,5.03,0.6,5.08
1246.77,42,5.51,0.5,4.77,5.45,0.37,5.24,5.21,1.14,5.47,4.2,1.1,5.28,5.04,0.61,5.08
1247.78,42,5.51,0.48,4.76,5.45,0.36,5.23,5.2,1.14,5.46,4.19,1.09,5.27,5.02,0.6,5.08
1248.78,42,5.5,0.48,4.76,5.45,0.36,5.23,5.2,1.15,5.46,4.18,1.1,5.27,5.02,0.6,5.08
1249.78,42,5.5,0.47,4.76,5.45,0.36,5.23,5.18,1.14,5.45,4.17,1.09,5.26,5.01,0.6,5.07
1250.78,42,5.51,0.48,4.76,5.45,0.36,5.22,5.2,1.14,5.45,4.18,1.09,5.28,5.02,0.6,5.08
1251.78,42,5.51,0.48,4.76,5.45,0.36,5.24,5.2,1.14,5.45,4.18,1.1,5.27,5.03,0.61,5.08
1252.8,42,5.49,0.48,4.76,5.44,0.36,5.23,5.21,1.14,5.45,4.18,1.09,5.28,5.01,0.6,5.07
1253.8,42,5.49,0.47,4.76,5.43,0.36,5.22,5.19,1.14,5.45,4.17,1.1,5.26,5.01,0.6,5.06
1254.8,42,5.5,0.48,4.76,5.45,0.36,5.22,5.21,1.15,5.46,4.18,1.09,5.27,5.01,0.61,5.08
1255.8,42,5.5,0.47,4.76,5.44,0.36,5.23,5.2,1.15,5.46,4.18,1.09,5.25,5.01,0.6,5.07
1256.8,42,5.49,0.48,4.76,5.45,0.36,5.23,5.19,1.15,5.45,4.18,1.1,5.26,5.01,0.6,5.07
1257.8,42,5.49,0.48,4.76,5.44,0.36,5.23,5.21,1.15,5.45,4.17,1.1,5.27,5.02,0.61,5.07
1258.8,42,5.49,0.47,4.75,5.43,0.36,5.23,5.21,1.15,5.46,4.17,1.09,5.25,5.01,0.6,5.07
1259.82,42,5.49,0.46,4.75,5.44,0.35,5.21,5.19,1.14,5.45,4.16,1.09,5.26,5.01,0.6,5.05
1260.82,42,5.49,0.47,4.75,5.43,0.36,5.21,5.2,1.14,5.45,4.18,1.1,5.25,5.01,0.6,5.06
1261.82,42,5.49,0.48,4.75,5.44,0.36,5.21,5.21,1.15,5.45,4.17,1.11,5.25,5.02,0.6,5.06
1262.82,42,5.49,0.47,4.74,5.42,0.35,5.21,5.2,1.15,5.45,4.17,1.1,5.24,5,0.6,5.05
1263.82,42,5.49,0.47,4.75,5.43,0.36,5.22,5.2,1.15,5.45,4.17,1.1,5.25,5.01,0.6,5.06
1264.82,42,5.48,0.47,4.74,5.42,0.36,5.21,5.21,1.15,5.45,4.17,1.1,5.25,5.01,0.6,5.05
1265.82,42,5.48,0.47,4.74,5.43,0.35,5.21,5.21,1.14,5.45,4.17,1.09,5.24,5.01,0.6,5.05
1266.82,42,5.47,0.47,4.74,5.42,0.34,5.21,5.2,1.14,5.44,4.17,1.09,5.24,5.01,0.6,5.04
1267.82,42,5.47,0.47,4.74,5.42,0.35,5.21,5.21,1.15,5.44,4.17,1.09,5.24,5.01,0.6,5.04
1268.82,42,5.48,0.47,4.74,5.42,0.36,5.21,5.21,1.15,5.45,4.17,1.09,5.24,5.01,0.6,5.05
1269.83,42,5.48,0.47,4.73,5.42,0.35,5.21,5.21,1.15,5.44,4.17,1.09,5.24,5.01,0.6,5.04
1270.83,42,5.47,0.47,4.73,5.41,0.36,5.2,5.21,1.15,5.44,4.17,1.09,5.24,5,0.59,5.04
1271.83,42,5.48,0.46,4.73,5.42,0.35,5.19,5.21,1.14,5.44,4.17,1.09,5.24,5.01,0.6,5.04
1272.83,42,5.47,0.47,4.73,5.42,0.36,5.2,5.21,1.14,5.43,4.17,1.1,5.24,5.01,0.6,5.04
1273.83,42,5.48,0.47,4.73,5.42,0.36,5.21,5.21,1.14,5.45,4.17,1.09,5.24,5.01,0.6,5.04
1274.83,42,5.47,0.46,4.73,5.41,0.35,5.19,5.21,1.14,5.44,4.17,1.09,5.24,5.01,0.6,5.04
1275.85,42,5.47,0.46,4.73,5.42,0.36,5.2,5.22,1.14,5.45,4.18,1.1,5.24,5,0.6,5.04
1276.85,42,5.46,0.46,4.73,5.4,0.35,5.18,5.21,1.14,5.42,4.16,1.09,5.24,5,0.6,5.03
1277.85,42,5.45,0.46,4.72,5.41,0.36,5.19,5.21,1.13,5.43,4.15,1.09,5.23,5.01,0.6,5.04
1278.85,42,5.46,0.46,4.72,5.4,0.34,5.18,5.21,1.13,5.42,4.15,1.09,5.23,5,0.59,5.03
1279.85,42,5.46,0.46,4.73,5.4,0.36,5.19,5.21,1.14,5.42,4.17,1.09,5.22,5,0.6,5.04
1280.85,42,5.46,0.46,4.73,5.4,0.35,5.19,5.21,1.14,5.43,4.15,1.09,5.23,4.99,0.6,5.03
1281.87,42,5.46,0.46,4.73,5.41,0.35,5.19,5.21,1.14,5.42,4.16,1.1,5.23,5,0.6,5.04
1282.87,42,5.45,0.45,4.72,5.39,0.35,5.19,5.21,1.14,5.43,4.15,1.09,5.22,5,0.6,5.03
1283.87,42,5.45,0.45,4.72,5.4,0.35,5.19,5.22,1.13,5.43,4.15,1.09,5.22,4.99,0.6,5.03
1284.87,42,5.45,0.45,4.72,5.4,0.35,5.17,5.21,1.14,5.43,4.15,1.09,5.22,4.98,0.6,5.02
1285.87,42,5.45,0.45,4.72,5.41,0.36,5.18,5.21,1.12,5.42,4.15,1.09,5.22,4.99,0.6,5.03
1286.87,42,5.45,0.45,4.73,5.41,0.35,5.17,5.22,1.13,5.42,4.15,1.09,5.23,4.99,0.6,5.03
1287.88,42,5.43,0.45,4.72,5.4,0.34,5.17,5.21,1.12,5.42,4.14,1.09,5.23,4.98,0.59,5.02
1288.88,42,5.43,0.45,4.71,5.4,0.35,5.18,5.21,1.12,5.42,4.14,1.09,5.23,4.98,0.6,5.03
1289.88,42,5.43,0.45,4.72,5.39,0.35,5.17,5.22,1.12,5.42,4.15,1.09,5.22,4.98,0.6,5.03
1290.88,42,5.43,0.45,4.72,5.39,0.35,5.17,5.21,1.12,5.42,4.14,1.09,5.22,4.98,0.6,5.03
1291.88,42,5.43,0.45,4.72,5.4,0.34,5.17,5.21,1.12,5.42,4.14,1.09,5.22,4.98,0.6,5.02
1292.88,42,5.43,0.46,4.72,5.4,0.36,5.17,5.22,1.12,5.42,4.13,1.09,5.22,4.98,0.6,5.02
1293.9,42,5.42,0.45,4.71,5.39,0.34,5.17,5.22,1.12,5.42,4.14,1.09,5.21,4.97,0.59,5.02
1294.9,42,5.43,0.45,4.71,5.4,0.35,5.17,5.21,1.12,5.42,4.14,1.09,5.21,4.98,0.6,5.03
1295.9,42,5.42,0.45,4.7,5.38,0.34,5.17,5.22,1.11,5.41,4.13,1.09,5.22,4.98,0.6,5.01
1296.9,42,5.42,0.45,4.7,5.4,0.35,5.17,5.22,1.11,5.42,4.14,1.09,5.21,4.98,0.6,5.03
1297.9,42,5.42,0.45,4.71,5.38,0.34,5.16,5.21,1.12,5.42,4.13,1.09,5.21,4.98,0.6,5.01
1298.9,42,5.42,0.45,4.7,5.38,0.34,5.16,5.21,1.11,5.42,4.13,1.09,5.21,4.98,0.6,5.01
1299.9,42,5.41,0.45,4.7,5.38,0.34,5.16,5.21,1.12,5.42,4.13,1.09,5.21,4.97,0.6,5.01
1300.9,42,5.42,0.45,4.7,5.38,0.35,5.15,5.21,1.12,5.42,4.13,1.09,5.21,4.98,0.59,5.01
1301.92,42,5.42,0.45,4.7,5.39,0.35,5.17,5.22,1.12,5.42,4.13,1.09,5.21,4.98,0.6,5.01
1302.92,42,5.41,0.44,4.7,5.38,0.34,5.15,5.21,1.11,5.4,4.13,1.09,5.19,4.96,0.59,5
1303.92,42,5.41,0.44,4.7,5.38,0.34,5.15,5.21,1.11,5.4,4.13,1.09,5.2,4.97,0.59,5
1304.92,42,5.41,0.44,4.7,5.37,0.34,5.15,5.21,1.11,5.41,4.13,1.09,5.19,4.97,0.59,5.01
1305.93,42,5.42,0.45,4.7,5.38,0.34,5.16,5.23,1.11,5.41,4.13,1.09,5.21,4.98,0.6,5.01
1306.93,42,5.41,0.44,4.7,5.37,0.35,5.16,5.22,1.11,5.42,4.12,1.09,5.2,4.97,0.6,5.01
1307.93,42,5.41,0.44,4.7,5.38,0.34,5.15,5.2,1.11,5.41,4.13,1.09,5.19,4.97,0.6,5
1308.93,42,5.41,0.45,4.7,5.37,0.35,5.15,5.2,1.12,5.4,4.12,1.09,5.19,4.97,0.6,5.01
1309.93,42,5.4,0.44,4.69,5.37,0.34,5.14,5.21,1.11,5.41,4.12,1.09,5.19,4.97,0.6,5
1310.93,42,5.42,0.44,4.7,5.38,0.35,5.16,5.22,1.11,5.41,4.12,1.09,5.21,4.97,0.6,5.01
1311.95,42,5.41,0.45,4.7,5.36,0.34,5.16,5.21,1.12,5.41,4.12,1.1,5.2,4.96,0.59,5.01
1312.95,42,5.41,0.43,4.69,5.36,0.34,5.15,5.22,1.11,5.41,4.11,1.09,5.2,4.97,0.6,5
1313.95,42,5.41,0.44,4.7,5.37,0.34,5.15,5.21,1.12,5.41,4.11,1.1,5.19,4.96,0.6,5.01
1314.95,42,5.4,0.44,4.69,5.35,0.35,5.15,5.22,1.12,5.41,4.11,1.1,5.19,4.96,0.6,5
1315.95,42,5.4,0.43,4.7,5.37,0.35,5.14,5.21,1.11,5.41,4.11,1.09,5.2,4.96,0.6,5
1316.95,42,5.39,0.43,4.68,5.35,0.34,5.14,5.2,1.11,5.4,4.1,1.09,5.19,4.95,0.59,4.99
1317.97,42,5.4,0.43,4.69,5.36,0.34,5.14,5.21,1.11,5.39,4.1,1.09,5.18,4.95,0.6,5
1318.97,42,5.39,0.43,4.69,5.36,0.34,5.14,5.21,1.12,5.41,4.1,1.09,5.19,4.95,0.6,5
1319.97,42,5.39,0.43,4.69,5.35,0.34,5.14,5.2,1.11,5.4,4.1,1.09,5.18,4.95,0.6,5
1320.97,42,5.38,0.43,4.68,5.36,0.34,5.14,5.21,1.11,5.4,4.1,1.09,5.17,4.95,0.59,4.99
1321.97,42,5.38,0.43,4.68,5.36,0.34,5.14,5.21,1.12,5.39,4.1,1.09,5.18,4.95,0.6,4.99
1322.98,42,5.38,0.43,4.68,5.35,0.34,5.14,5.21,1.11,5.4,4.09,1.09,5.18,4.95,0.59,4.99
1323.98,42,5.38,0.43,4.68,5.35,0.35,5.14,5.21,1.11,5.4,4.09,1.09,5.18,4.95,0.6,5
1324.98,42,5.38,0.43,4.68,5.35,0.34,5.14,5.21,1.11,5.4,4.1,1.09,5.17,4.95,0.59,5
1325.98,42,5.38,0.43,4.68,5.36,0.34,5.14,5.21,1.11,5.4,4.09,1.09,5.17,4.94,0.6,4.99
1326.98,42,5.38,0.43,4.68,5.35,0.34,5.14,5.21,1.11,5.4,4.09,1.09,5.17,4.95,0.59,4.98
1327.98,42,5.38,0.43,4.68,5.35,0.34,5.13,5.21,1.11,5.4,4.08,1.09,5.17,4.94,0.59,4.98
1329,42,5.37,0.43,4.68,5.35,0.34,5.13,5.2,1.11,5.39,4.08,1.08,5.17,4.94,0.59,4.98
1330,42,5.37,0.43,4.68,5.34,0.34,5.12,5.21,1.11,5.39,4.08,1.09,5.17,4.95,0.59,4.98
1331,42,5.38,0.43,4.68,5.35,0.34,5.12,5.21,1.12,5.39,4.08,1.09,5.17,4.95,0.6,4.98
1332,42,5.37,0.42,4.68,5.35,0.34,5.12,5.21,1.12,5.39,4.08,1.09,5.17,4.93,0.6,4.98
1333,42,5.37,0.43,4.68,5.34,0.34,5.13,5.21,1.12,5.39,4.08,1.09,5.16,4.95,0.6,4.98
1334,42,5.37,0.44,4.68,5.35,0.34,5.12,5.2,1.11,5.39,4.08,1.09,5.16,4.95,0.6,4.98
1335,42,5.36,0.43,4.67,5.33,0.34,5.13,5.2,1.11,5.39,4.08,1.09,5.15,4.94,0.59,4.98
1336,42,5.37,0.43,4.67,5.34,0.34,5.11,5.2,1.11,5.39,4.08,1.09,5.16,4.94,0.59,4.98
1337.02,42,5.36,0.43,4.68,5.34,0.34,5.12,5.21,1.11,5.39,4.08,1.1,5.16,4.94,0.59,4.98
1338.02,42,5.36,0.43,4.68,5.32,0.34,5.11,5.2,1.11,5.39,4.08,1.08,5.15,4.93,0.59,4.98
1339.02,42,5.37,0.43,4.68,5.34,0.34,5.11,5.21,1.11,5.38,4.08,1.09,5.14,4.94,0.6,4.98
1340.02,42,5.37,0.43,4.67,5.32,0.34,5.12,5.21,1.11,5.4,4.08,1.09,5.15,4.94,0.6,4.98
1341.02,42,5.36,0.43,4.67,5.32,0.34,5.11,5.21,1.11,5.38,4.08,1.09,5.16,4.94,0.59,4.97
1342.03,42,5.36,0.43,4.67,5.33,0.34,5.11,5.21,1.11,5.39,4.07,1.09,5.16,4.93,0.6,4.97
1343.03,42,5.35,0.43,4.66,5.32,0.33,5.11,5.19,1.11,5.38,4.07,1.08,5.13,4.93,0.59,4.96
1344.03,42,5.35,0.42,4.66,5.33,0.34,5.11,5.2,1.1,5.38,4.08,1.09,5.15,4.92,0.6,4.97
1345.03,42,5.35,0.43,4.66,5.31,0.34,5.1,5.21,1.11,5.38,4.07,1.09,5.15,4.93,0.59,4.96
1346.03,42,5.35,0.43,4.66,5.31,0.34,5.11,5.21,1.11,5.38,4.06,1.09,5.14,4.93,0.59,4.96
1347.03,42,5.35,0.43,4.66,5.32,0.33,5.1,5.2,1.1,5.37,4.07,1.09,5.14,4.92,0.59,4.96
1348.05,42,5.35,0.42,4.66,5.31,0.34,5.1,5.19,1.1,5.38,4.07,1.08,5.14,4.92,0.59,4.95
1349.05,42,5.35,0.43,4.66,5.31,0.34,5.11,5.19,1.11,5.38,4.07,1.09,5.14,4.92,0.6,4.97
1350.05,42,5.35,0.43,4.65,5.32,0.34,5.1,5.2,1.11,5.38,4.07,1.09,5.14,4.92,0.59,4.97
1351.05,42,5.35,0.43,4.65,5.31,0.33,5.11,5.19,1.1,5.38,4.07,1.09,5.14,4.92,0.59,4.95
1352.05,42,5.35,0.42,4.65,5.31,0.33,5.1,5.2,1.11,5.38,4.07,1.09,5.14,4.92,0.59,4.96
1353.07,42,5.34,0.42,4.65,5.31,0.33,5.1,5.19,1.1,5.37,4.06,1.09,5.14,4.91,0.59,4.95
1354.07,42,5.35,0.44,4.65,5.31,0.33,5.1,5.2,1.1,5.38,4.07,1.09,5.14,4.92,0.59,4.95
1355.08,42,5.35,0.43,4.65,5.31,0.33,5.09,5.19,1.09,5.37,4.07,1.09,5.14,4.92,0.59,4.95
