WELLID,win_start,win_end,dur_h_auto,n_pts,r_auto,K_auto,r_se,resid_sd,O2_0_auto,dd_auto
00b5c37d7f11e83c75c0d3d5d8031aad,90.27,644.82,9.242500000000001,300,0.003537741522718116,0.005969242877871737,0.0001808336224115859,0.2369975849281828,10.408811021086638,9.58
00c2f863454627e6a978b52a5bd1f1f5,90.2,509.18,6.9830000000000005,300,0.0016455058840473692,0.014674064073092779,0.00044012124363247387,0.18665070803631312,9.681025395361031,8.04
00cca919191cf33a5296b5f78efe9f70,118.42,1017.63,14.986833333333333,300,0.001467339124259792,0.002359879389780238,6.444165977432158e-05,0.03154330133236298,9.848285379548217,4.449999999999999
012d689083d8d56c64e7bbed7d253c72,90.28,303.02,3.5456666666666665,213,0.011376061230150987,0.009774034505897295,0.0005723523937722237,0.10644820047026932,9.484072837639687,8.04
02863dc30a8f3cad568aa52d1d3a9bf6,90.3,285.87,3.2595,196,0.013274299356516759,0.008830550425894394,0.0009521305943337865,0.16149094882228593,8.56571650047651,7.3500000000000005
02af396f95485bb919db322ee037c003,90.13,989.88,14.995833333333334,300,4.048776210752356e-27,0.0020548978298859802,4.724545276454154e-05,0.02182126475258024,9.591072044964074,1.7600000000000007
02bfb016056a1e04bbfc54b0f63e98b4,90.13,560.52,7.839833333333333,300,0.004840569603981763,0.005535051559323889,0.00031063839434491676,0.21975251924662198,11.689957732771047,9.41
02e3b33d21c15a8fc324ec398c3960e2,90.2,315.8,3.7600000000000002,226,0.010440652770611427,0.01020086679559998,0.0005741117200099616,0.12396308506804003,9.323657924192268,8.46
01490383f88b24a57f1c44e21d72165a,90.27,447.4,5.952166666666667,300,0.0074051646483764885,0.0060789918990582364,0.0004686011457375675,0.16485504710109644,10.310568322248354,9.54
014e1a9c0913b6f167de6e536945ea0a,90.13,627.73,8.96,300,0.005774809018052781,0.0026967012933628983,0.00010274911230427999,0.12414098396273701,11.87714553105959,9.629999999999999
0154870487a80160dd915b880c309cd2,90.2,801.03,11.847166666666665,300,0.0002267282711028382,0.012193440121949103,0.00016640693002343236,0.17010125746227,9.47843127009546,8.46
01c754c0c7fbc12f03b02f14a7dbddf4,90.3,387.23,4.948833333333334,297,0.010560438000868146,0.0038320064250877434,0.00029815347870317145,0.059304511153904046,8.225448365775407,7.720000000000001
0010a5af5c70cdd47d12078221faf615,90.3,358.15,4.464166666666666,268,0.009934150041297165,0.007157478494555003,0.0011096077409436988,0.26545372497878195,9.018015664809742,8.129999999999999
005a8645299c37e52636715b75d6d6a4,90.25,882.85,13.21,300,0.002681353794862163,0.0032876816987893755,8.153128522357885e-05,0.1331316289268841,10.400671066454525,8.57
0092896b8e32d9faa48645c9b8018644,90.27,571.6,8.022166666666667,300,0.006142356851240216,0.0032579785892127787,0.00042019437969042833,0.2298228028647191,10.636919523886801,9.31
009f6869330e6e785cb82ad347aa1eef,90.2,408.05,5.2975,300,0.0038751394021706983,0.014486820254784415,0.0013682150123057362,0.4414491587460048,8.782774724896688,7.35
03494335108e1121ba7a3418b13d726d,90.13,646.8,9.277833333333332,300,0.006077820399346766,0.00232304851852531,0.0001502672876702667,0.11622474361706962,12.924956614625792,10.149999999999999
037918e366ecb2fefe0779523a4af8ba,90.28,426.35,5.601166666666668,300,0.007407950452312936,0.005028338366323382,0.00032546706914422227,0.07084677791217119,7.709683735347235,7.4
039bb09d6012f0a617109f6eb689bae4,90.22,473.48,6.387666666666666,300,0.007383415584829271,0.0040394632547288145,0.0006989718982731178,0.21209889644138633,10.043007518328817,8.28
03d2a8c3d9719d2c3088469dbc97a71e,90.25,989.23,14.983,300,1.326347180916641e-23,0.004385210036508015,0.00013437135320873225,0.09806259675219618,7.563774373752022,3.65
05b1195f8bd88448095916e2130ae847,90.2,287.52,3.2886666666666664,198,0.009925983082173885,0.013293447695816937,0.0005534615864266402,0.099319696179807,8.267897562020337,7.619999999999999
05dd0ee0d92dba3f7e986cc10b9b8eb8,113.4,471.65,5.970833333333333,300,0.014371685360856791,0.0008712178560320809,0.001061204932508632,0.23061769874404758,9.987530685561804,8.76
05e20ca828d4d8a00b8ee888ee52253f,90.25,579.95,8.161666666666667,300,0.005284904665113123,0.00413993583787189,0.0004504211360993162,0.2199969789174638,10.082366354288535,9.39
0647a038d9551a8ff978825950c46138,90.25,428.4,5.635833333333333,300,0.002508975258512511,0.01435431650144117,0.0001250945461628472,0.03915048569644834,7.8796254304095905,7.34
06c5700549b23ba83340b9facc9735a4,90.3,400.27,5.166166666666666,300,0.001867461615878648,0.019303752026302145,0.0006623383660401603,0.20857609072734193,8.275480646704482,7.28
07ae59aea9bbb3ea5fb2aebd4baea6a0,90.27,669.12,9.6475,300,0.004908427354117685,0.0029743865743642184,0.00044515876775974323,0.23726006631829935,9.826742596341832,8.49
07ec1126777ec831d01eb301804edd41,90.3,376.2,4.765,286,0.007600333340508067,0.007664076722457757,0.0006153697973822844,0.14179213876375396,7.996763409281888,7.07
0839d49316d32e3c765e90409778f2fc,90.28,439.42,5.819,300,0.0016959459512260729,0.018635665228864094,0.000703637814938301,0.2552757161098753,9.146625165327892,7.58
04383b4c3fe914b7dfafde81008533b0,90.2,420.07,5.497833333333333,300,0.004895176058227355,0.012777172444980766,0.0007552832341040802,0.28187732449723096,10.598948560235026,9.57
045c66c6cd3f6aee3396120e17334ea1,90.27,989.9,14.993833333333333,300,1.8145377491762077e-19,0.003129358930670716,0.00037650076423008215,0.16366551168855203,8.391762756206537,2.960000000000001
0501d860ac355b127d5d0c923a48855c,90.25,959.52,14.487833333333333,300,0.005639690307177149,0.0003987316474398145,0.00036069281772010975,0.20884171148107913,9.267145622594361,8.53
0514584a04d98a2fc7e08ad988b2a180,90.28,340.13,4.164166666666667,250,0.011558895931762403,0.00571274387882832,0.00046235528389168817,0.07843483790638608,8.781825567453122,7.78
08bc763fb6e3989c7c39d192581839a4,90.13,510.37,7.0040000000000004,300,0.0037658630664293012,0.01030713026888951,0.0011759943618925397,0.5136562906755714,9.886614137623681,8.69
08be64b3f6170f9b132b4bb927f1069f,90.25,442.45,5.87,300,0.008231278459125595,0.0036188581676548847,0.0005054013998025614,0.12216491420434732,7.496756096824845,7.050000000000001
09089e5b41301527b191bcba8eac7d38,90.27,534.75,7.408,300,0.006576809651619938,0.0038501931246958435,0.00036064683866708045,0.18493392214025844,10.098871227434545,9.57
09250a99af5202bea221db35d7d3a1c1,90.22,276.77,3.1091666666666664,187,0.009931428948460844,0.015549635286221074,0.0007312243722842558,0.13291791447889817,8.759922810866309,7.5600000000000005
0a0855192d322a932558c6117bf0ebb5,90.23,285.87,3.2606666666666664,196,0.009308430855995644,0.012836566054502684,0.0010160647183165008,0.14351007778096095,7.373870805158979,6.46
0a0a215b6e8f3fb9e491d7c0592afc59,90.22,274.77,3.075833333333333,185,0.014058784389856225,0.008960408132544928,0.0007451991585150424,0.11159726720186375,8.359530150464316,7.949999999999999
0a2dd8b944ecc50bdcdb7258c67ce777,90.25,403.3,5.2175,300,0.010955717054163655,0.0029270104314035456,0.000646401976370744,0.13065082256821084,8.518382690869583,7.12
0a3e67443a30b7e9b60491abc0b7e57e,118.42,1017.63,14.986833333333333,300,1.3953098414985559e-18,0.003012444821414385,0.00013924088991343038,0.06472198740615288,9.319580931727689,2.549999999999999
0963ea5e211ec17dfd98f100a0353d03,90.2,989.5,14.988333333333333,300,0.0004946448420686635,0.005619973908305958,0.00014762634780143754,0.10251129424037286,6.8682277286783915,6.1
096901130a35846921b44cedb56fb4f9,90.2,732.83,10.7105,300,0.0009172200196359645,0.01137199623042369,0.0004322377811974531,0.3177248958011175,9.716326847917543,8.459999999999999
09e3ab37dbacfbf84fbca202d85cf1be,90.22,739.18,10.815999999999999,300,0.004368834176625495,0.002498167576949978,0.00012457114257733936,0.15382455094039743,10.553478958183248,8.91
0a0828cbd204daaa8813470c9ec33fda,90.2,522.23,7.200500000000001,300,0.0024060787698258544,0.012834062814379005,0.0009103831036095206,0.389253293046265,9.891356878496575,8.309999999999999
084b9f43c91f191f0ee3fe4b2da1ef84,115.42,397.37,4.699166666666667,282,0.0151091145659193,0.002336379999089262,0.0012888890570841628,0.2841813903948347,10.176893946101353,9.0
084e0ffcaac06d65cf92936313565034,90.13,735.12,10.749833333333333,300,0.0029785600551493307,0.005937724643836426,0.0005127556359319459,0.3958587541469048,11.702207761378608,9.79
0882b124cc451db1843ea908ca8b6f69,109.32,582.98,7.894333333333334,300,0.013548822444199323,0.0002177414806736697,0.0008802669321358674,0.19902863585568634,9.51105133939061,8.540000000000001
08a7e18b9e2fe3ec8cd814565ac50394,90.22,283.8,3.2263333333333337,194,0.010457185747857091,0.013042575900728966,0.0004925908806758428,0.07203468267596201,8.795624077237486,7.6499999999999995
0aa159135b007a3d523dd566e38f5f9d,90.2,540.38,7.503,300,0.0064681248112932275,0.0038872065012705184,0.00020373981010274095,0.1963206767413966,12.55763216343532,10.309999999999999
0ad82c792fc98ec3b50adcdb078c9651,90.27,346.15,4.264666666666667,256,0.010740400318894517,0.006688681759983286,0.0005082091792136986,0.10376478874707284,9.432745887403605,8.33
0b31a032b39f62c808e2954dc57dcc31,90.28,314.05,3.7295000000000003,224,0.008447504919424318,0.013263270000529879,0.0007862328887136157,0.17779479511564208,8.536765522162936,7.779999999999999
0b4cacd86ffb38f5cf6c9ac7576db589,90.27,328.07,3.9633333333333334,238,0.009887024685317197,0.009284498612207563,0.0006548230479188951,0.13827057808404472,8.87141540625411,8.03
0d026049dfc88f646f6e35d020bb3748,90.27,265.83,2.926,176,0.016860828823726085,0.008187791944143954,0.0004018730287408499,0.058900390801298094,9.274532987917212,8.41
0d3a56659a37b3513c706a83eec85e85,90.25,548.87,7.643666666666666,300,0.0015016833330764713,0.013532356984721317,0.0005416792298799994,0.26361861509377577,9.074181050551841,7.77
0d79ab5577abb3f6ffb902bc4e64f122,90.22,466.43,6.270166666666667,300,0.00657150178932603,0.006060424679441371,0.0009579711863789526,0.3488856878173714,9.983362980519756,9.07
0dbb23026fd5a62246d3bde05eb1a48c,90.27,371.08,4.680166666666667,281,0.008321374901626979,0.007664731849459096,0.0002838936753321222,0.06148803533473039,8.918179586289625,8.27
0b7b0853ccf4643a5d91831ce591a4be,119.42,1018.63,14.986833333333333,300,8.482815255322856e-17,0.0026045117267125164,0.0001563549162950304,0.06547898907789597,9.489294806745477,2.249999999999999
0b971432f3a5e95b25eb1cc123c693f1,90.28,324.08,3.8966666666666665,234,0.00863818556329826,0.011115124908855618,0.0005907832514118616,0.13720805807417474,9.093733353903163,7.75
0baac2cf05e58c17b9619e3786bea1b9,90.27,302.92,3.5441666666666674,213,0.00983324682886249,0.011880308753179981,0.0005315174090143432,0.1076088019997316,8.703910472095325,7.839999999999999
0baba782ef05173af421a91009bccf79,90.25,579.95,8.161666666666667,300,0.0050155093001490215,0.004024434172809655,0.0002797922544087821,0.12672233675943637,9.809211869344404,8.46
0c2258d5e3cf6f84f2d9f2d6fc62b36b,113.4,858.05,12.410833333333333,300,0.0067403558841330966,0.0005051261353946817,0.0005583576992805481,0.27451821989782227,11.483982101741406,9.51
0c8803a8272efbb5349dc204637191eb,90.3,496.55,6.770833333333333,300,0.00566778568533236,0.0061677687401594655,0.0006623981535980774,0.2912272955844214,10.60392311419765,8.59
0cb105b1a1ff52d15f8bd5df0aef575c,90.2,765.98,11.263,300,0.0002358288491576039,0.012982539016858792,0.00033272498903036597,0.33571853724471085,9.890377017561953,8.0
0cdf80d23e3136cb5d5dc7deeb227e25,90.28,472.5,6.370333333333334,300,2.2656065096053665e-28,0.024380277828866655,0.0004484581577708424,0.2884905899714134,9.546685612301847,8.379999999999999
0f2cd0fff2a00cefa6d60c358e2501c9,90.25,399.27,5.150333333333333,300,0.005450283406131175,0.011121689141548851,0.0005605395442203266,0.14671604684527398,9.603541031977157,8.29
0f6dd22a60370bf8dc230df14853712e,90.3,989.13,14.980500000000001,300,4.396538010550053e-21,0.0011016012444597305,0.00010185692033988573,0.025184431082852298,6.836830610331868,0.96
0f8aa72cf7c973cb56099f4e5ee6e5f4,90.27,496.55,6.771333333333334,300,0.007657815184010216,0.0034994863033380465,0.00027977990530885085,0.08848460023510972,9.708182115476742,9.1
0fe58eac901ce506dd1cf4f3fdfc7269,90.2,291.73,3.358833333333334,202,0.01273361322868355,0.009954416709862118,0.0005314546970821913,0.09910072379042667,9.828031599733347,8.63
0ecd5886ad4d4b241f3d467307b4e8ff,90.27,827.67,12.29,300,0.004054672324586698,0.00218596329916285,9.351796998987802e-05,0.17555428921783373,11.685826718991061,9.7
0ef07f6fcc9dbfb91040e27483d096de,90.13,341.88,4.195833333333334,252,0.012277724836575027,0.005401975971666848,0.0005575321356103155,0.10594605177858717,9.648844531261524,8.48
0f0632f8396d03897b00bff2e648558b,90.3,363.17,4.547833333333333,273,0.013281037845742716,0.0027734704791269726,0.00033537565799224685,0.056003120164149614,8.24686612881452,7.77
0f224c7f06ff0e7b98d1df6044001e02,90.28,461.47,6.1865000000000006,300,0.007390533714986227,0.004994089140024243,0.00036645184301403825,0.12956541927642318,10.380333425835188,8.85
0dc7125ccd62543749aa41cc70355351,90.23,295.88,3.4274999999999998,206,0.004938311882814906,0.02708372061566452,0.0009538972447686624,0.24967550743512446,9.254426573055344,8.26
0dcfa01a0201d0ecd77ecf6f49a49e74,90.22,737.18,10.782666666666666,300,0.004217794012066006,0.0028245248438368326,0.0001242506275857018,0.1589962018722002,9.936026612798633,9.06
0ded7bfa39f25c5e8b303162a4e74755,90.23,434.22,5.7331666666666665,300,0.007168558940980098,0.00591641496245158,0.0009231691471928971,0.25281903795948757,9.330671648436113,7.609999999999999
0e133eded8baece6d365feaf31ce5cdd,90.23,311.92,3.6948333333333334,222,0.002948712233769924,0.022642914457805727,0.0011142998233759915,0.2029246178875825,7.337119412399683,6.18
0e3d3cc89a8f4ece145b4bcf3830a354,90.2,364.95,4.579166666666667,275,0.0032227507780293566,0.020642041601566942,0.0011865128312522617,0.3406154514932346,8.900979961353231,7.649999999999998
0e47e98ede6439f98427aab45f098443,110.33,921.38,13.5175,300,0.007669456601043788,0.00017033724456139574,0.00046889915908706334,0.301443913304621,10.39180214397493,9.81
0e69ecb5b0bf7b0f4edc730e14a1e570,111.4,430.5,5.318333333333333,300,0.012483311053506198,0.0022150004545951232,0.0002493269411703807,0.05816995717030666,9.391243207269742,8.9
0ea0a3247b47cf5c71e25df45a8db91d,98.2,997.65,14.990833333333333,300,1.44849191117364e-28,0.0027244652404823538,0.0003081094921544626,0.14320432545694978,9.070380505284852,2.369999999999999
0feba408bcf9b5ae9de839ed2f4e1c48,90.3,266.82,2.9419999999999997,177,0.011792256183932523,0.014645061879682657,0.00082232903301596,0.13517115273826885,8.560936706327512,7.85
0ff584ec19355297c257bc7a00f0181e,94.27,420.22,5.432500000000001,300,0.0095809706979854,0.00445932516855986,0.0014529484069249466,0.3965608374778777,9.75942991074763,8.229999999999999
0ff7c75a57a56e260da7ee9675c19333,90.28,411.3,5.350333333333333,300,0.0057664910989172905,0.009526155295829586,0.0003505136763707487,0.11622334262293296,9.442416500232916,8.19
107941bdcd9469790197fb0bf4e19c72,90.27,322.93,3.8776666666666673,233,0.00776590021639746,0.013345913194976616,0.0007982968737038346,0.1938604204784418,8.953755507829424,7.73
1086c0f629beea20700a817f90db1644,90.3,355.13,4.413833333333333,265,0.010012541307214861,0.0068060493140271495,0.0007811100252248252,0.18049676857508976,8.804129168344474,7.89
109719efddcb4c4605123a7bb70b8137,90.2,318.62,3.8070000000000004,229,0.006594370230099081,0.016607214374286843,0.0006657971755858362,0.15812786346824645,8.846433240801735,8.0
10be91b1fc49ff5c75d760a755ae8fcd,90.25,317.95,3.795,228,0.008885898959239196,0.01018497705635568,0.0007818448809969253,0.14625914627774558,8.241602880521002,6.640000000000001
10eae39d688f0e80f80aaab0a746fe1d,90.27,350.03,4.3293333333333335,260,0.0052681761760929625,0.016589165678190264,0.0010676260047003492,0.30608100356541385,8.806130997176753,7.94
110f90c9af5784382164373af50a44d0,90.2,359.93,4.495500000000001,270,0.004697824589594211,0.017509942440733475,0.0008319509688302427,0.230331535553287,9.334178142189781,8.3
11c70dba6f81f5600f3cc2759c5e7512,90.13,472.25,6.368666666666667,300,0.008972638766089128,0.0030069542805111356,0.00040869517531973886,0.15554883422639848,11.301509627317214,9.579999999999998
11f8d1be6e7739f149e18f5f802c95d9,90.27,303.88,3.560166666666667,214,0.01107790250092453,0.009935679899775113,0.0006069315808106656,0.10120052894232834,9.375853350940101,7.91
1211611c99592416b48912115ed4438a,90.2,558.43,7.8038333333333325,300,0.004163406865753438,0.00725334270073429,0.0003086379947461956,0.24645180034147265,11.375231797442176,9.629999999999999
1254c7707ed5f7b3bcc353499e9f94ed,90.23,263.82,2.893166666666666,174,0.00834445081018763,0.021544732489166468,0.0006531850351272042,0.11775100110303928,8.652064159284414,7.96
128e52cb5f2212a0333eabadee72f17a,90.2,281.7,3.191666666666667,192,0.008291969988947514,0.020771596757227156,0.000941397133543351,0.22773366537743744,10.036111501765527,8.51
129372ed1d0859896f8cc36f7982c475,90.13,833.4,12.387833333333333,300,0.0006087688290989925,0.009813828330292982,0.00022615511846345375,0.18263160627791672,10.16019101709055,8.25
12ae23b59dee025eb5c85f5186aec533,90.28,403.28,5.216666666666667,300,0.0052660764224710865,0.011764515509567142,0.0007848591259510818,0.24522612110069744,9.527762746950298,8.12
14d5a0d764c19c20ce3773b11d365a8d,90.28,348.17,4.298166666666666,258,0.009807041887906697,0.007371618215262479,0.0005023449810726389,0.10320744380606364,8.673615327993888,7.99
1541ce30bba4f79e9f58b87a013a50bc,90.27,362.23,4.5326666666666675,272,0.010861138179731838,0.005754798076273036,0.0009381712018402403,0.22758212206910788,9.571408844147275,8.41
155262076ba43fe505353f810c9cdf25,90.22,371.08,4.681,281,0.010198095975256116,0.004772234807187761,0.0004276469708104649,0.08913002494987249,8.143720828645746,7.39
15b1cbf124ef51df6e435846d30e79ef,90.25,366.17,4.598666666666667,276,0.008244522500550786,0.008481009812799128,0.0004739761953563579,0.12597927034764192,9.197033814988629,8.16
140727f5997be821aceb98adce580083,90.28,350.17,4.3315,260,0.010531849692739154,0.006299974655739027,0.0003064778108099281,0.06321484622750395,9.166960159812453,8.19
1409cdec43b8c7bef933e7fc3c212993,90.27,307.88,3.6268333333333334,218,0.010139761511608314,0.011403187794401312,0.0009753209246594481,0.20109443123994672,9.250511298942126,7.94
141d5a9b17fff97e5b8afdf40186d2ac,90.3,392.25,5.0325,300,0.010467535451449312,0.004244848895153029,0.000896865359393345,0.20575298140478152,8.886727235166259,7.879999999999999
142a26e62cb3a7f51f01fec3edbb7805,98.32,998.17,14.997499999999999,300,4.413583759741954e-05,0.0013382831541958369,6.443747640759213e-05,0.01955200426466699,8.575025146870216,1.33
146c73b72cd2b61236747cb127eca570,90.3,783.57,11.5545,300,0.004340789904920965,0.0021801313309342467,0.00022349699080674088,0.15675125197959008,10.733648454916409,8.870000000000001
1484f0df94fee162e1646e21ef5a1207,99.2,530.25,7.184166666666667,300,0.0023158868973463093,0.015395594756539975,0.0006694959555904685,0.34959152065040966,11.737546627711827,9.690000000000001
1486135181187b686ddf574ec76bc853,109.22,1008.67,14.990833333333333,300,3.5664036511401816e-18,0.002088078861977929,4.8973924271274486e-05,0.0252760912574432,9.48795893769204,1.8399999999999999
14906adc7aa728b473b46e4637ccc3d5,90.2,413.9,5.395,300,0.002665345257288297,0.01779117550025313,0.0008031654163022733,0.25384500673464727,9.593360737000257,7.69
1378131f1762e365a80dec2d1414fba4,90.13,447.18,5.950833333333334,300,0.00809162648651986,0.003640476295256789,0.0006034326828923358,0.13978988209336748,8.16496028672815,6.789999999999999
13c4bc774eda61631f13140b79e43d87,90.28,446.43,5.935833333333333,300,0.007200971867310934,0.006116623527302284,0.00043273914798710994,0.1606694982796623,9.748334145692388,9.110000000000001
13ed8107727896ab24af618c690b3d3e,90.27,989.9,14.993833333333333,300,1.4517959441415935e-24,0.007995481774864885,0.0010138630006054188,0.9853401430371304,7.058090716836215,7.3500000000000005
13fac68f3ce8997b83ac308140f3a368,90.28,541.72,7.524000000000001,300,0.005072249562591932,0.005852918688935217,0.0007949911165806495,0.37519427955868656,9.883300127308766,8.819999999999999
15b526844baa44de4277269172eed026,90.22,339.95,4.162166666666667,250,0.0077978599358473006,0.011892651129466537,0.0011232709060017896,0.25289402954161416,9.196723731804266,7.99
15ddbf6383876bd6bb9b46b337d4135c,90.25,388.23,4.966333333333334,298,0.0030627156208326354,0.01864653799121913,0.001046890237679396,0.3545335225294856,9.629059959443074,8.19
15e800338327a89fa9f195d54c58cbad,90.23,263.82,2.893166666666666,174,0.008549419551089166,0.02028782797090952,0.0006962402370165111,0.13276663040404563,8.37529845473595,7.36
15f673824c90d97a7307c33d02e30686,90.22,334.93,4.0785,245,0.0031878764016342303,0.02589125626755855,0.0013045344191705604,0.3609374903811623,9.471168644411652,8.08
16fdf63bafd76db2fe2501c0c2d42416,90.25,409.32,5.317833333333334,300,0.008322866041742271,0.005182445733759466,0.0006358313025843617,0.15650565423809326,8.656060533812406,7.540000000000001
17409d6b85ef3748f10fbccd33ab0592,90.25,879.83,13.159666666666668,300,0.002848845469774736,0.0032169791091520693,9.437137821711986e-05,0.13599371566195143,10.985407886565117,9.11
17a2ea19b77ee914e79ea5e3caa9f586,90.3,360.17,4.497833333333333,270,0.00954855634241184,0.00633843068971304,0.00037559648394189173,0.07190245278475235,8.188575043606608,7.66
17ac9f0e1c614896324363063921c472,90.3,989.13,14.980500000000001,300,2.1495413405118188e-17,0.0010741300448344404,0.0001137504081205313,0.025250473195832516,7.043831578175699,1.0299999999999994
15fb0cb49f26d91ad48042db8f1d0979,90.28,342.15,4.197833333333333,252,0.011055553270275699,0.006381436386162832,0.0007464170499018687,0.15040633587867167,8.647444905665193,7.840000000000001
160034f5be242c3abcdaf1217d978dc1,106.38,413.43,5.117500000000001,300,0.016515960528379902,0.0010844658627166487,0.0013666963501546992,0.27270041562860237,10.118889028099627,8.63
1694ab07920222ade1886a0de2ef2004,90.25,502.68,6.873833333333334,300,0.005434624055854238,0.00562183051789302,0.0005329988310358139,0.19270843889504877,9.004504760642371,7.96
16de2f22b75461f8a719e466fa7f5afd,90.27,334.1,4.063833333333334,244,0.010556571218952693,0.00809551880161809,0.0006873050680577767,0.14257073174111007,9.00811713146521,8.33
190a0e422c6b851bd88192e09a7c52ef,90.25,989.23,14.983,300,8.329810081815046e-25,0.0015081776456536396,0.000126030541007779,0.032660677453481744,6.806454016678634,1.42
1911d1d9a6f7fef4d0b9e2f4dfcfcfb4,90.3,522.67,7.2061666666666655,300,0.007412245924187478,0.0028740654400148708,0.0007113569366759729,0.27165872728093404,10.189150490445282,8.559999999999999
19a2b3b3f787ce62f05a08e2249e5e5d,90.27,313.02,3.7125,223,0.010344160138241406,0.011073996981795488,0.0008788836457882733,0.20649113482612452,9.339448910292296,8.48
19cbc2b736ba803072dfbe835cffbf18,90.3,741.37,10.851166666666668,300,0.004438685890339206,0.002655431706969731,0.00018817082862526038,0.2095625447139674,10.491100536935102,9.32
1baffc855be4faad139f41ac6a234e08,90.28,361.22,4.515666666666667,271,0.00631517693476474,0.013096064196486826,0.0009963158893605386,0.27952716229383096,8.809566655013029,7.960000000000001
1be9c8c44877ab39526ebafa9c089d13,90.28,975.18,14.748333333333333,300,0.002061787511653044,0.003690491458461828,6.304900961231447e-05,0.13708857000392147,10.560901614822724,9.07
1bf925ecdea83060f02dd90fba278f8a,90.28,456.43,6.1025,300,0.007074724482576057,0.00519213253133661,0.0003649999115219295,0.11362074828832873,9.112505967560475,8.25
1c042d12def1d8527df3f3aa4cc19fe9,90.13,291.72,3.359833333333334,202,0.014767586795686733,0.007255699215898135,0.0005828627043777918,0.08720747222732662,9.513870980831962,8.479999999999999
19d0960ca83882f43cc3b75c8a40cbdc,90.13,394.05,5.065333333333333,300,0.012616328252385265,0.002463502208115917,0.0004226437964792219,0.07928482115851679,10.129858147493309,8.639999999999999
19ded94018fa657cbc97be1152cb0e6d,90.23,283.87,3.227333333333333,194,0.012283026508617269,0.010727096484897607,0.0005172045040653341,0.08273971383005733,8.996315739130589,8.05
19f5516b91edadf0e926de888fb75bb0,114.42,1013.62,14.986666666666668,300,0.004970553903631972,0.00023158169056747364,0.00016041902708818044,0.0776748089752035,11.690105892863217,4.3100000000000005
1a31dc0cdfce45aa5670668275691ff6,119.35,975.55,14.27,300,0.007171909613256565,0.00017313299224280305,0.0004757935107460876,0.30018246044664365,10.35638364589182,9.79
1a3848d2f470bbcf450d2ae2ff3837cb,90.28,633.02,9.045666666666667,300,0.005186825926437428,0.003210450194930182,0.00021698530373011855,0.20001013763666914,10.78532666702344,9.229999999999999
1a74e54237499d747143875fd445bde4,90.28,456.43,6.1025,300,0.0005008154891672609,0.02242574679709848,0.0005515319888405628,0.2844671854016556,9.116268262048035,7.9399999999999995
1a8430df09ef2d1a5edaacb2454cb95c,90.2,413.9,5.395,300,1.883454715021742e-27,0.02932829398841653,0.0006459243230684787,0.3926137050863277,9.795525438040695,7.829999999999999
1aeff1caf206595bf85e9f63341d07e0,90.22,283.8,3.2263333333333337,194,0.00355387236423375,0.027839054246934215,0.0007028412323312328,0.1447540758145627,8.032778182319804,6.92
1c446607fab883a4bebfdade9f3c6849,90.27,374.18,4.731833333333333,284,0.0029824770655434763,0.02064063790897073,0.0009652060394580533,0.29462221604383393,9.612926849130682,7.879999999999999
1c61d742941552d65edbebca99a93da6,90.28,954.08,14.396666666666668,300,0.002236434699315611,0.0036966532700240507,6.101975981352789e-05,0.11661845714363689,10.079912463597886,9.459999999999999
1c6491ff0ed10a4c1faf05950b6cda3c,90.27,467.33,6.2843333333333335,300,0.006196539919541948,0.006508412161871317,0.0006513920919830967,0.223611755756597,10.373404789827926,8.629999999999999
1caa97777f180275a46642aa14588091,90.28,328.07,3.9631666666666665,238,0.009511364189600347,0.010298830181434886,0.0006281072825267113,0.14395563629005892,9.115064910045353,8.44
1e2c00665c35023d8922374523f32b9d,105.22,1004.65,14.990499999999999,300,1.3242238702823737e-21,0.002126158012988945,3.449180630440469e-05,0.018749478391129906,9.29972420986845,1.8399999999999999
1e915fe21f948bf77d101fa490888c7e,90.3,846.77,12.607833333333334,300,0.003695901589253427,0.0023343531111944924,8.532840616860299e-05,0.15213204345786763,9.957288649270945,9.12
1eb5666e5411c2fdf0a1cd939179d6d3,90.27,300.97,3.5116666666666676,211,0.008531108323261974,0.015678156457387828,0.0007898318861297589,0.1606989799267461,9.213852952107551,8.43
1f2e9d65a99e4ef7ec05eb06f55cb54a,90.13,558.52,7.8065,300,0.004926980467974465,0.005438165719022377,0.00040349861616206616,0.24755171383353966,11.24489462518296,9.47
1cb91f213dd5bb2869021721d867c222,90.2,414.9,5.411666666666666,300,0.008758497639242056,0.004758716285724006,0.0005994171130907477,0.15163683931967123,8.839914377317976,7.88
1ce7e0edc31fa5bcb93f2b7c79af1415,90.3,408.28,5.299666666666666,300,0.00870365486538199,0.0050588411333913775,0.00047619738027962114,0.11595777717226498,9.132873489003288,7.83
1d21bd50b350c2076a03daf57416612a,90.32,571.0,8.011333333333333,300,0.010273022392652664,0.0007125924683161659,0.0007265559856460715,0.2131631642921425,9.069080773241904,8.54
1d30b705a5f687807bd21fa98d7f5f72,90.3,498.58,6.804666666666666,300,0.0067496551512391595,0.004415917176511177,0.0006682505903959219,0.2599990518944487,9.319436685731691,8.49
1d7329c4f3db18d3493eb1ab0ea9a6f1,90.2,362.93,4.5455000000000005,273,0.006420977000871215,0.013230223460547823,0.0007054817080527683,0.22664005680389476,9.825846135640203,8.59
1d73854a284428dfbe234ec7cd4bf5fb,98.28,492.7,6.573666666666666,300,0.014809566640415476,0.0004450898393357299,0.0008666394774991171,0.21368578103523458,9.58869674248628,9.06
1dd733a302276917ded117e3ecb5ae2f,90.3,590.87,8.342833333333333,300,0.0033713609412155746,0.006649225077122331,0.000342406991803298,0.15337237824685238,9.35342407587932,7.779999999999999
1e09105bd1039366a052c39d5c736004,90.28,335.13,4.0808333333333335,245,0.007058954082064189,0.013440362095420936,0.0006476485844300344,0.15745966337239423,8.901734682789522,7.85
1fb7e86d21638a4e907f5043428402a0,90.28,405.28,5.25,300,0.005691998233323696,0.01001304035759982,0.0005415817070342651,0.14931051417861446,8.920327571409079,7.94
1fe16b04e8960e01fec854604dde4453,90.22,308.88,3.6443333333333334,219,0.00102631177764622,0.030485847062514306,0.0011051607053578177,0.2784672757748525,7.7539817258878845,6.470000000000001
1ff566ae6d02fd474be88562b3e2191f,90.3,292.9,3.376666666666666,203,0.014748067875876644,0.006577407645291351,0.0009398136421655183,0.12485935980728725,8.790198567328847,7.69
2026fcf47480d6940ba2aabf6912b16e,90.27,632.77,9.041666666666666,300,0.0049122290252950045,0.0035113076329136195,0.00010937772256070847,0.16778594286787532,10.211746482793046,9.52
203dbe3686a2829afdd9436a895215c6,90.22,227.68,2.291,138,0.012732586889355375,0.022960506645349432,0.001062306803439462,0.1603743654740823,8.692870124956373,7.65
206777394b0fdd84e94e0b7d9dcd74a4,90.27,522.72,7.2075000000000005,300,0.006632337925167181,0.004024088089510869,0.0002987169987165482,0.15254131722876882,10.871035441292586,9.33
208d86a4af608d871922690874b898f3,90.28,496.57,6.7715,300,0.007672682204609466,0.003415817414321249,0.0003001495611834654,0.09873364613951077,10.08109499332885,9.4
20b311918d640aa1b2768a435019e329,90.25,325.97,3.928666666666667,236,0.007401686185544538,0.012781920249624133,0.0014194269313904352,0.3053019467776011,8.62003943366665,6.6899999999999995
213db84cbee2e8ab70d80b5f57ac9675,90.28,316.03,3.7624999999999997,226,0.004387867982747766,0.025357084580501003,0.0012648979747417065,0.3534504123837247,9.501925588524829,8.370000000000001
21720e7de82997848857d4f79429b74a,90.23,281.87,3.194,192,0.010204442301903763,0.012917754068624263,0.0014147650779786783,0.22381995336394256,7.474812428157943,6.819999999999999
21a68134b8eba6b1b6f5c8bdc54b0ecf,114.33,1013.7,14.9895,300,0.0028480070907016476,0.00031852424962617947,5.942368082997356e-05,0.022608262079410687,11.520774887382865,1.4600000000000009
21b082fed52474d7151811e42d598160,90.22,737.18,10.782666666666666,300,0.0043727960694661455,0.0027242527292309126,0.0001780244177244953,0.18820036310902943,10.64274981476608,9.24
20b7287e7f4eb327c428a604ec7ee366,90.2,312.8,3.7100000000000004,223,0.010970864933425221,0.00996397542191434,0.000900582659763966,0.1917843848586906,9.499321744971516,8.44
20c63749ff582f85b32c75f10ff7bc3a,93.25,681.22,9.7995,300,0.003939543685773286,0.004320406133774475,0.000771122884141877,0.3741605110218485,10.271880192352558,8.93
20cf992d04b16c843ae053cc2cef45cb,113.33,1012.7,14.9895,300,0.0049562324608648,0.00014800216905602146,0.0001648732859581052,0.05343230997857981,10.722251535005762,2.799999999999999
212af18fd0792ae6f0977a170c34939f,90.3,297.93,3.4605,208,0.012429492224980276,0.008269158940559004,0.00037164541995181566,0.053251387921647304,8.316574329626258,7.719999999999997
21d9eb7bb011c1e8cd8c973218386a02,90.13,989.88,14.995833333333334,300,7.486193988320938e-19,0.001962707262976846,2.724717543505824e-05,0.017195717337120567,10.033399688216157,1.709999999999999
220db167f720c68dd0b4eeb3200ec522,90.23,440.23,5.833333333333333,300,0.007627250252364441,0.005480989615525551,0.0003217546263209044,0.10139355834006432,10.523237095045415,8.9
223c8b35c27847f3d94c6e26d332edb8,90.23,328.97,3.979,239,0.008658606711967292,0.009902903139011312,0.0014407777324166573,0.29837170462956614,7.553613792764076,6.56
224cc723174ee437a4f6d485a41b21c3,90.28,298.0,3.462,208,0.011392716277846614,0.009863519862280061,0.00027447386378052325,0.046327990887621934,8.66697364725213,8.08
22ba5a2e0f1e4b6a4168a7a5f05cef65,90.28,458.45,6.136166666666666,300,0.005090679230682928,0.008686896194744009,0.000349188216270153,0.14336508399005093,9.352363036878039,8.69
22d7c3b6fbfbd4179e77d11ea3a02a0c,97.3,303.93,3.443833333333333,207,0.015842197434709743,0.005301045576662918,0.0005819841708695663,0.08378149158251985,8.697210009874853,8.21
22f81bafcdba4ea16f5fe24932f40201,90.3,292.9,3.376666666666666,203,0.014756544743179213,0.006379787129407467,0.0006542441615754078,0.09287865303854663,8.42798947370051,7.499999999999999
23955b106268e3b4c6ef564901f72ece,90.25,412.35,5.368333333333334,300,0.009504708773867289,0.003713222091818844,0.000796983577859181,0.17542151234463793,9.822309850007505,7.29
249b2028e0131324a6420fe9e9b414ee,90.23,412.18,5.365833333333333,300,0.0093302380397048,0.004587080553571427,0.0008210522056500418,0.20521890904237924,9.679856430386604,8.53
24b1b34389616e538f7588fe1f58ab27,90.27,330.08,3.9968333333333335,240,0.009389383849358756,0.010370222366812835,0.0007625062560400512,0.1830909461549472,9.456246036914402,8.25
24e0e68b169a2c60392546a8265f54c2,90.13,341.88,4.195833333333334,252,0.006737148389115874,0.014306519628445907,0.0008569448513582179,0.23550688896044392,9.949245527355847,8.61
254c6453876aa20d586f7dafa3be0b52,90.13,556.52,7.773166666666667,300,0.005558048869876514,0.004570712147615714,0.0005522861060035961,0.3286318392881305,11.526098469716358,9.63
24544859e75e4e6c7524f5bb35b7d87c,90.27,541.77,7.525,300,0.005903184437743212,0.004573634093722599,0.000523071760980752,0.28289786829177155,10.407846066229116,9.76
2455a06c9fe8ac2f6d2c379e69c3b8ce,112.4,391.35,4.649166666666668,279,0.013744006600596067,0.0032685943779608533,0.0014090389056359873,0.3284218764763994,10.074369118668951,8.94
245fd19148bab4a1116820aa4f56dcdc,90.23,581.65,8.190333333333333,300,0.004248858525228233,0.005952429257591425,0.0006990375240317779,0.31080556605806714,10.575113003966571,8.42
248f9a89baa3d1f358908353f14e981f,90.27,662.87,9.543333333333333,300,0.0049853095797311835,0.002734655139724276,0.00017096475819887384,0.13073382070567124,10.420002955564767,8.62
2552ea8350152a79a9ffede4dde5acec,90.27,401.27,5.183333333333334,300,0.0014764647026138595,0.022314952259229,0.0005948548471449988,0.18265566920117568,9.652080223430696,7.81
2566463c1840917cc7e84be7e79dee4b,90.27,307.93,3.6276666666666673,218,0.010499354065081188,0.010853238299160347,0.0007871121589808259,0.18068888012922735,9.270908291945487,8.07
2583b1904d0f089cebd36478aecddcfa,90.2,310.6,3.673333333333334,221,0.015251015510118832,0.004723751767332837,0.00041952226524557407,0.06804952405539136,9.405931493893148,8.06
25f483652e5bf903cb4b5f2787fa9478,113.4,562.98,7.493,300,0.011596810428917633,0.0006521788505962179,0.000876253768733625,0.23256697806011634,10.010898043327455,8.85
2607baf2ff5b18e2978b25f620cd7fec,90.3,276.85,3.109166666666667,187,0.011699839018332662,0.013641432291888748,0.0011173080127099277,0.24186279417350678,8.641700092578708,7.9
269395e205840f6cb191d809e8905abd,90.2,404.03,5.2305,300,0.003975973425768831,0.013888618890380034,0.001056148639745685,0.2886180473784166,8.90903091590613,7.419999999999999
26dc8f9cc66f73d0bd9090d0f6cfe322,90.28,830.67,12.339833333333333,300,0.0023988087247797606,0.004651363235068485,0.00010130213673073828,0.13824691051434487,10.81143959654832,9.03
270d7fd4cff7bdd9f62f45428e3a7104,90.13,504.35,6.903666666666667,300,0.0075273635239497625,0.003717588767329829,0.00037307779229057254,0.15982627596585888,11.12835753842062,9.64
2753031ce7261bafd4c8787ef0ccb12a,113.33,1012.7,14.9895,300,0.0020965339300953395,0.00043758603751193747,3.8419174596340165e-05,0.016650668962477497,10.22532212886317,1.1800000000000015
2753308e2243367817e14491225d40c8,98.35,393.37,4.917,295,0.01590890308064203,0.0015269098984173218,0.0012583928946178016,0.2443248008041605,10.300679866849151,8.91
2772da85b51e9a027259e93bc4ef9617,90.27,399.25,5.149666666666667,300,0.0016924444853135068,0.022536286433106296,0.0009617639212195836,0.30678597968791166,9.61697837307676,7.63
277e49e727482a5c9259712da27ad580,90.3,327.03,3.9454999999999996,237,0.010501587659392617,0.006134637456357118,0.0008843394352512738,0.14295676595362222,6.8134623073259215,5.62
2790746784a4ce5c2ef6d806becdfce2,90.2,330.85,4.010833333333334,241,0.006490882024606535,0.017993133729626184,0.00119305749121378,0.3301709235355721,9.816930221026109,8.82
27ba86a9b1411c07e5ef6b7034c88db6,90.27,281.88,3.1935000000000002,192,0.013672406890252254,0.010392343461043266,0.0010837010505782242,0.21795045239704836,9.318386296922682,8.399999999999999
27d382fca43c6d87fa395273ebcfc7eb,90.27,800.6,11.838833333333334,300,0.003920999813704678,0.002505243259381824,6.961604936128775e-05,0.13652211515273383,11.66983391103327,9.27
27fe89cdc718528df94eaf390cff909a,113.4,532.88,6.991333333333333,300,0.012770618818296336,0.0006292700806886198,0.0007361982749916542,0.18924164990615744,9.681922283867399,9.04
283c7e40bc1b9e790d56dc257315c1a0,90.2,438.12,5.798666666666667,300,0.006149337823757414,0.00887399864231478,0.0006150644674117782,0.225435692172495,10.425024253804763,9.45
290d8cf114b8d40ee96913420075646c,90.27,552.53,7.7043333333333335,300,0.0067084947738917195,0.0030486519985991854,0.0003405709398755604,0.21925661438345503,11.195111630113896,9.11
297d2e6b631da0688287ca63b6d8c4b8,90.2,252.45,2.7041666666666666,163,0.01717307705686967,0.009725386982487655,0.0010013367484636275,0.12288988305830939,9.033425660199136,7.789999999999999
298438e41feeab37d0cdc04b02d26914,90.25,376.2,4.765833333333333,286,0.00542375887693231,0.012109815962343659,0.0006499237865756939,0.1563471364492045,8.580728218671123,7.83
2a3362f44795a814d6bbfafc1ed26c70,90.27,341.02,4.179166666666666,251,0.011864551124638061,0.005866112936164936,0.0007165841958844808,0.1554205756282697,9.600702054885211,8.229999999999999
2a90a1cbe146d1cc8380e79e64cec0cc,90.28,403.28,5.216666666666667,300,0.0026995302551618048,0.0203955641635802,0.0009663443492030317,0.3656666063915997,9.846951663436695,8.4
2ab30003d5f139174fbe0013f5d625e1,96.25,667.18,9.5155,300,0.003997677444399249,0.0045147548667756185,0.0007636905914006778,0.4156222630882055,10.396165283794197,8.850000000000001
2aee83c9db8eec4ab05e9e40631a0e80,90.25,417.38,5.452166666666667,300,0.006337346092716836,0.006629945132544907,0.0009133445922205477,0.216122998546286,6.925733455487567,6.2299999999999995
2afabca21714fba8852f2a4f459a9d0f,90.28,417.33,5.450833333333333,300,1.3604625937878327e-16,0.030331355899005194,0.000683964329216907,0.48390745435801474,9.464135262614336,8.42
2b10f251831e36e8d342860256527cb2,90.27,307.93,3.6276666666666673,218,0.011933369995426619,0.00828161753818377,0.0006036694533662888,0.10563953673984489,8.673640637164736,8.06
2b3dd83e7d4a15d1d9f81f2e16638a70,90.28,354.18,4.3983333333333325,264,0.008712936492978982,0.00868002652251388,0.0011197387696832736,0.2655710393333552,8.92372371928272,7.47
2b6195bc95b859b22224331a79455202,90.27,342.02,4.195833333333334,252,0.004839582414387579,0.01770504016022239,0.0007974217784527052,0.19544050776427307,8.609290285226006,7.819999999999999
2b81da9a1fb3853b50f9394f40ed2163,90.2,989.63,14.990499999999999,300,4.8784679682967504e-29,0.002266118328450102,0.0003023640481965407,0.1064289452080162,9.202141567005105,2.1000000000000005
2ba4ecca6d876b7e0cad03bb9a965c44,90.23,313.93,3.728333333333333,224,0.00839628480253374,0.012970532990800558,0.00031458603477684075,0.0598999239777315,8.754550441473361,8.069999999999999
2bd0dd6863516ceecd0738138344379d,90.22,302.87,3.544166666666667,213,0.0035182679358964643,0.021561677428853555,0.0012219885471252228,0.21244804648081586,6.754539126366394,5.84
2c59af01a5bf2096237c8a830c016ed6,90.3,370.17,4.6645,280,0.013265090737126423,0.0027014839884712395,0.0006929046872093462,0.11424251476107285,7.9736626763610285,7.49
2c789bee5acd62d5de639d37cdd306ea,90.3,290.88,3.3429999999999995,201,0.011154690464848429,0.011098912400885423,0.0005656761448901564,0.1021110647515075,8.39687771131853,7.73
2c857eda2c7a64215307e5dcea793afd,90.28,558.77,7.808166666666667,300,0.0045437918850364505,0.005976915871707885,0.0006148530706200006,0.28518503775244836,10.121723557968311,8.53
2cc8f8e9acb2b5a480b3b54602ac6030,90.23,318.95,3.8119999999999994,229,0.00886480522736057,0.012993425972627001,0.0015243338585911822,0.3778519911104219,9.447709170897788,7.99
2d1fd9e2b14c39ddd4fe3872906929c2,90.3,374.2,4.7316666666666665,284,0.009672313365618742,0.005980580061298706,0.0006988429212633856,0.15505383771864817,9.020151094123111,7.97
2d27d01c1b73677f127ec0c97dda6b8d,90.25,428.43,5.636333333333334,300,0.008384802921108141,0.004364591364470478,0.0007214942689917088,0.17796739144116958,9.072523206814324,7.240000000000001
2d30aefd55055d5d853b2e8a6b04fc46,90.3,365.18,4.581333333333333,275,0.008946681056065232,0.007255025125647265,0.0006065202911857491,0.16014438589183794,9.033396672891762,7.68
2d4aecb8ffa08506d86c26c1708e07f9,90.27,326.07,3.93,236,0.005163616933689378,0.020892009706050065,0.0009841797174055525,0.2618129835995007,9.197096610330956,8.16
2d800fdc4695b540a895964927e4a68a,90.13,285.7,3.2595,196,0.012395549911122636,0.009824656333219241,0.0002227650400833252,0.04540577525288103,8.554739330676782,8.01
2d9195595c90101fef4221ef2ffe3f2d,90.28,364.22,4.565666666666668,274,0.008556672038968293,0.007563757808752177,0.0002672265743023594,0.05558837202424126,8.480675254622929,7.97
2de5f8edff652b81368cb5096ae7c128,90.22,272.75,3.0421666666666667,183,0.011664334296939222,0.013053029386944389,0.0006186626663120887,0.09615638511100066,8.675187929399732,7.680000000000001
2df8817aeb9c3f42f6dfe2dc54440630,90.25,526.73,7.274666666666667,300,0.00610976250718092,0.0037005406082929386,0.00034058461098642275,0.18043140489376341,8.211898754055722,7.590000000000001
2e01e539e89d6d8682e233b24b4cc877,90.27,474.5,6.403833333333334,300,0.008179284406918444,0.003665084987697399,0.00041332164113846786,0.13425595554570777,10.252519357599502,9.06
2e05d251b3086eff1105cf179dc06cfc,90.13,710.0,10.331166666666666,300,0.004241454195818689,0.0032929894990105036,5.758175354693617e-05,0.09583953309742772,11.74960499141079,9.85
2e35ec4f5f629d3cf017c543df77bd41,90.23,330.97,4.012333333333333,241,0.000890782801927181,0.027951088901792077,0.0005095675798817943,0.11353230964861238,7.743276555832882,6.88
2eac7dc78c31bf0a2171f227876c8c04,90.2,291.52,3.3553333333333333,202,0.011199893653810657,0.012212367630447587,0.0012629384370295054,0.261026389740994,9.549599981725788,7.909999999999999
2ead4b519b13bd1d63a6c9129c15eeea,93.28,344.15,4.181166666666666,251,0.011205291167501514,0.006704647494443839,0.0005273818137058735,0.11747628543982501,9.295407646514478,8.61
2f0816d604ed0ff7458077274cefe740,90.22,470.47,6.3375,300,0.007444706442528685,0.004235778573509153,0.0007939838209687644,0.296611623699375,9.535891916876762,8.9
2f44b7e4716289ec2d5c72a7913ef171,90.3,557.75,7.7908333333333335,300,0.006282549914203001,0.0032190068868754207,0.00044926708368767684,0.21085353315646962,9.53848106859507,8.56
2fde466e79742791ff058776853795f8,90.2,449.98,5.996333333333334,300,0.004318440215245716,0.00990849033139757,0.0004278912578340495,0.14402285655178007,9.081535885464826,8.370000000000001
300d17e40bfb04fc25aadf0cb8af5422,90.3,387.23,4.948833333333334,297,0.012201200191308976,0.002825465597656806,0.00041473271691988003,0.08526778020089126,8.675588869500643,7.86
3012d16ed8c13e27b78e18ce386d8d9d,90.32,912.23,13.698500000000001,300,0.0068614693596728196,0.0002692393696224291,0.00017797965298256785,0.22502268666703293,11.444171326623813,10.040000000000001
30478310f09609d915980bc77fc4bd86,90.3,295.93,3.4271666666666665,206,0.014408726416904034,0.006405496611960388,0.0001062167608804953,0.023683449145629733,8.42605962914011,7.95
308951fcf501f8964464978d8acf83c7,118.35,578.97,7.6770000000000005,300,0.007286246890158886,0.002579182832849262,0.0005380218607936442,0.19904150816748148,10.048990762048508,8.600000000000001
3097a1ac9cd30be14168e93e9c58becb,90.23,273.85,3.0603333333333333,184,0.0071516536113373054,0.02281448648868855,0.001227514852151422,0.24870273115958996,8.519463434288804,7.44
312ce912d0ffcef2e4d107e6881b5254,90.3,722.3,10.533333333333333,300,0.00537264077695334,0.0017663434238198528,0.0003317122399546664,0.16570005044904074,10.606591099634695,8.7
31bda3467462ae1b999a852bd3a7af7f,90.3,519.65,7.155833333333333,300,0.007884409009614318,0.0025334669379807493,0.0005167338431912508,0.2050333697626147,9.635279709248511,8.66
31fb01ab78fe5e32b1e9b6d2b26e10a5,90.23,298.88,3.4774999999999996,209,0.0074403239680464455,0.016077662433240995,0.00031806717972696297,0.052300499903480985,8.674960349607634,7.6
3211bbe795416b53e1bb831e25b44d5a,90.27,307.88,3.6268333333333334,218,0.011841834499649888,0.008278261930424594,0.0004808532385515738,0.07921642834109983,9.343420235814438,7.92
30aa10dc32ccad75a5a41afe3615391b,90.25,989.23,14.983,300,0.00012377411055357888,0.0014778757485050845,8.666206777902834e-05,0.019686207436966082,7.762170470920102,1.3000000000000007
30ba4e0ae09405476f0f9fc459d73dfd,90.23,291.87,3.3606666666666665,202,0.008511512371044198,0.01547942636449223,0.000611343825855457,0.1124654710944544,8.85746249355602,7.84
30c7463b3c4e5ff1fd124f1e9901aeb8,114.42,503.78,6.489333333333333,300,0.016338479574396714,0.0002831432510236831,0.001153492072665682,0.19940796673439623,9.528576863859723,8.829999999999998
311f731ae4064d6bc23e9e50e867c0f2,90.28,534.68,7.406666666666666,300,0.004249839013674217,0.00815389212551958,0.0011701142143764158,0.5627700572268954,10.838258415769593,9.12
33a0ac17d13f87a93a1fe7a9d7a97547,90.27,350.07,4.33,260,0.010786801834157133,0.006798212507926647,0.0006388182991880777,0.16394465936724215,9.48058021565024,8.66
33b670dd710fbc005753b46ca5996f46,91.25,518.75,7.125,300,0.005460682566616048,0.005202493812757704,0.0005362746953121758,0.19194901406018325,9.666613079240296,7.989999999999999
33e33ac0036b41313d08c9a6ee0a2b98,90.27,330.97,4.011666666666668,241,0.003993028335930177,0.024587941523629107,0.001682486710009521,0.49995540368643954,10.212562249697706,7.91
33f1576a96dad070b23b4e084932c707,90.28,390.25,4.9995,300,0.006003129948652103,0.010393148637362506,0.0005640945261162798,0.1632931997336487,8.460036763001918,7.91
322ddd8400d057e9efcb7d727d03c7fc,90.3,304.97,3.5778333333333334,215,0.010675348547796509,0.010860566150847007,0.0011385334678052977,0.23905849225980008,8.826807134715862,7.73
3235ecafc9eff5c8bc032d1f0937cd47,90.23,333.97,4.062333333333333,244,0.0019193387239906648,0.027769744082806514,0.0008462410496511359,0.2500159842561303,8.824006928043799,7.41
3281e6060c4f47fedbce456f871994d8,90.3,307.97,3.6278333333333337,218,0.014610942897576232,0.004966047769906134,0.0007113609518781736,0.10430607552507339,8.212282468973646,7.4
336edff1f6657688c860eb143a1b53fd,111.33,502.73,6.523333333333334,300,0.015365670228332361,0.0003704807080605844,0.0013442098615032115,0.25565129615914284,9.86876356796385,8.469999999999999
3439148ae0259aa2767a6739c78dbefd,90.2,309.58,3.6563333333333334,220,0.01628868467590548,0.00404506807000713,0.0005063026693833964,0.07699368552110479,8.77148611001503,7.960000000000001
3482ee2d2ddaa5459ac804c3b4a83d18,90.28,630.02,8.995666666666667,300,0.005498761484726301,0.003029813657392447,0.0002524142781280909,0.20690260692750478,11.290644981137419,9.45
34899f8cb580faafebba453deaf87f41,90.28,452.45,6.036166666666666,300,0.007839626349698828,0.004747448082725237,0.0005592076839324178,0.1712201010148275,10.113926737183618,8.73
34a8bdf1a368c51ee804f680f959c0fd,98.35,790.82,11.541166666666667,300,0.0014670062499723391,0.008045060083272477,0.00024297033120637747,0.18428479344858706,10.23379586352347,8.51
34ae1fd271e85095d4ab7a8101bd6eef,111.4,670.35,9.315833333333334,300,0.011156086712194776,0.00022239141023410963,0.0008018577290361674,0.22116538351347118,9.39548415965779,8.99
35336382f5dd3f888f336884097ca770,90.23,430.2,5.666166666666666,300,8.585753479736829e-21,0.023076124910550635,0.0002765788817703983,0.18530100431385324,8.320149551013959,7.119999999999999
357584d9d105564e0f1d7c82bf23b626,90.25,415.37,5.418666666666667,300,0.008462389869233984,0.004909802615517661,0.0007051520174277319,0.17966914862104183,8.15696769616109,7.410000000000001
3577eed5da69a281c41288c4234ab516,90.25,522.77,7.208666666666667,300,0.005968951734255094,0.004175328664193406,0.00017910772395269103,0.05950497405973093,8.823770586055081,8.23
35a5066d85780c6d7f6c34b15f4e8f31,111.33,651.25,8.998666666666667,300,0.009285465085614288,0.0006399676603883465,0.0008358773700717488,0.26355307759143576,9.746925265161014,8.73
35adf1498b0ecf731515c7a52be18e3f,90.13,489.3,6.652833333333334,300,0.007070372874079275,0.004235228449539232,0.00042660749354947843,0.13792109818632037,9.474363775527566,8.620000000000001
35de24a5037c02614720130b75f6da6a,90.13,556.52,7.773166666666667,300,0.005291253151239715,0.004907137399596191,0.00036156517795758053,0.24426926365736237,11.327233755118115,9.5
35e515cb28f08483ed13af844c35afdd,90.27,409.18,5.315166666666667,300,0.006662334069660324,0.008154401463546653,0.00044496916204773946,0.13265381411329547,9.174484427700687,8.430000000000001
3696f771943078f667ea1378e56bc01c,90.3,835.73,12.423833333333334,300,0.0038787091612804384,0.002072365717458919,6.10067496381214e-05,0.12179125631606968,10.338280424452018,8.76
369930e33ce10d9209ec7df0f5f35808,90.23,257.78,2.792499999999999,168,0.012485047455029085,0.014126146924540823,0.0005565530345382969,0.06962896935401956,8.866095505384457,7.5600000000000005
36a528eb626d6beec3cf387cf35e1dc7,90.3,759.42,11.152,300,0.004745998522996862,0.0019370698126600814,0.00013597615238384046,0.13528867534490488,11.015577192222967,8.64
36f236a61240b71e1a04bd244ec3324d,90.2,463.0,6.213333333333334,300,0.005245097949913952,0.007855792972194813,0.0006586897611151879,0.2246079628007056,9.549884455332398,7.91
365f0ec0175f265df29dd5dc1bc8d353,119.35,927.42,13.467833333333333,300,0.0074863794947427975,0.00016964775308790192,0.00026568067886266646,0.1655416151732243,10.471921290474855,9.16
3668fb0284311a58a8217356702a0a8e,90.28,989.23,14.9825,300,3.178627754905993e-30,0.005824385956872172,0.00022487943059055465,0.23272490769810542,7.180342155343708,5.1899999999999995
366b09b4ef6d806c07c4f058e90f163e,90.25,669.18,9.648833333333332,300,6.576551410082181e-31,0.015287127355297884,0.0006330543482463886,0.5953071431688953,8.425652325830344,7.79
3685ea499a3990531d699cf26db145ce,109.32,513.77,6.740833333333333,300,0.012498621604024159,0.0007762713550897814,0.0007354139571908999,0.17136885839662624,9.513519566322032,8.57
36f705136c73f072cc64193394618af8,94.22,510.3,6.934666666666668,300,0.0002388877819892027,0.021478835235250432,0.0005147102838745625,0.37273826230500656,9.842697524892623,8.14
37452f87043e7c313733379f5b73a241,90.2,662.67,9.541166666666665,300,0.0010606992869665029,0.011758198356136626,0.0004333598057380863,0.2659990307432531,9.529373728532514,7.89
3753873c29f8a828a10d21c436793041,90.3,368.18,4.631333333333333,278,0.008384734937159723,0.008492377391572372,0.0008986304218903035,0.23476378512139695,9.694063545943907,8.1
379f0136ab6cb4febfebff8c097331c9,90.27,474.5,6.403833333333334,300,0.007709724492038848,0.004119358944969907,0.00036249506043118285,0.11674662101696394,10.42120913705537,8.86
391095ec9b2ffca6c5d49716509dc331,90.25,989.23,14.983,300,0.001318303830565311,0.003137346033414021,4.4638543976472355e-05,0.0763564970562398,10.17480891932407,5.64
39412f167e16505e0aeb530aeb9deb33,90.22,269.75,2.992166666666667,180,0.0158310774443418,0.007662640710870313,0.0005839822955640348,0.07404060695771715,8.809134932257882,7.589999999999998
3941344380009a56afa501651b3333d9,90.13,536.43,7.438333333333333,300,0.0030611989124651293,0.008379353241087519,0.0004691886157740036,0.17840608188478452,9.548217266346859,7.14
394ff0951a6ac26fd5a81233dad0810b,90.23,581.65,8.190333333333333,300,0.005946475726355808,0.0031922424227804292,0.00026410543983592977,0.17938556317516,10.297748549023531,8.969999999999999
37cf310b351dc47eefdd025c7f6c7704,90.22,480.5,6.504666666666666,300,0.007552046983093746,0.0038580361700987355,0.0008460041704387839,0.327457481291834,10.513619295109029,8.83
37ec5356012d7f7c22db40ec3bfbcc6b,90.25,576.93,8.111333333333333,300,0.004820467518671185,0.0045288171812666155,0.0003338099924295054,0.1679928153036593,10.58220409769335,8.75
37ff9d42e40e039b1d4455a3b770038c,90.2,312.8,3.7100000000000004,223,0.00633370263383806,0.02097177218990151,0.0016023218911572024,0.461890998295072,9.764899840969685,8.39
38326bc4c001acba430e757b412072c5,90.3,989.13,14.980500000000001,300,1.666317200985585e-23,0.0014507381283843119,0.00010078631728626968,0.02698780610378523,8.43849840377281,1.3200000000000003
3858076fe0af055c6f7b1dbf296e18b1,90.25,473.6,6.389166666666667,300,0.0051137814601606435,0.006262014960124101,0.0002675768593394652,0.07001772916896627,7.644738517369802,7.3
38851fa882ebd1de111cc0d27a582c13,90.27,301.97,3.528333333333334,212,0.0029831593775212794,0.03181007163755555,0.0016453749210164222,0.4848210029507328,9.697555774794736,8.09
38b7fe0ea2f1196c4f7152161d2bc634,116.33,496.72,6.339833333333334,300,0.013923486414988256,0.0006857662144012074,0.000932628923388264,0.19963363439880266,9.719831015098906,8.54
390346d236a299c71519b92e503125b6,90.22,282.8,3.2096666666666667,193,0.010310291703884188,0.013328703936578345,0.0003755858630312016,0.057229231585714004,8.542184427538183,7.66
396b4e7e9b6dbde10c8ae66da392a016,90.28,366.18,4.598333333333333,276,0.003361484666226891,0.020826251709213508,0.000835022473190686,0.24078265724445777,9.628778250303426,8.27
39880adcf969e6c44cbebd87990573cc,90.27,445.4,5.918833333333334,300,0.006818171437908913,0.007262289238570251,0.0006607239994592584,0.2662147845882703,10.983180189710367,9.31
399fb0b9bbe219f0145290ef91202592,90.28,839.68,12.49,300,0.0025437066672122617,0.004651360639390844,0.0002567110911672336,0.2153028040790422,10.904567579238226,9.66
39ba79441dde8cb98a358b154e8614e0,90.23,414.18,5.399166666666667,300,0.00950858907809453,0.004438493207628633,0.00042405957024662137,0.11413134172713074,9.619838236634324,8.85
39c2b3f1585c3e9319cd657e2fe6439a,90.28,330.07,3.9964999999999997,240,0.008221175992446202,0.010744566640305587,0.0001952220857654882,0.03866718090540753,8.363140528309595,7.9
39df8a11b06b8e642bd658a2de3feda6,90.25,400.28,5.167166666666666,300,0.009378543499066607,0.004437712110043321,0.000796011064173288,0.17804190741609108,9.050634797316354,7.180000000000001
39e28031ed6d6dd4690bb10e3c69d101,90.27,379.28,4.816833333333333,289,0.010478644284288232,0.0050487598899046065,0.00045301491388868886,0.10849087881550587,9.313798376809542,8.68
3a0dc859d882a67b6fa56734e6603a50,90.22,722.13,10.531833333333333,300,0.0045135457561517826,0.002657369187522642,0.0001324264596772269,0.13110259461420895,10.629697973700967,8.93
3a241e68a551a15181bb464e61afe66b,90.28,387.25,4.9495000000000005,297,0.007918588261236273,0.007632592596571628,0.0005724324365196154,0.14922498871560783,9.58483024115956,8.25
3a4bf8fe22c864ecd92c62fd9ddc23e5,90.2,989.5,14.988333333333333,300,2.6694855817452734e-26,0.008318042310519367,0.00018777665487123624,0.22732631940798584,8.88798517650464,7.239999999999999
3a55d4b87578e243f2cba517aa4ef272,90.28,246.8,2.6086666666666667,157,0.018391965407427255,0.009584103204215082,0.0013525523445536089,0.2091021321434953,8.894014882698153,7.6899999999999995
3a56f6f60e90bce59841a2f6babda9fd,90.2,299.57,3.4895,210,0.007431541393311349,0.01608052409434927,0.0006471486151905847,0.10808537240762504,8.664275420658727,7.35
3a694da77df07d30956c6d59366bbbdc,115.42,632.23,8.6135,300,0.005868495967260798,0.0026156730331156775,0.001476509959521198,0.6349286390373203,7.995513691898203,6.48
3a7ae5549b2e275d7ec5a7c5cbb99867,90.23,322.95,3.8786666666666663,233,0.0035488042764865424,0.016757065187338344,0.0006612641076036723,0.10250898919431792,7.021629346735888,5.4799999999999995
3a7f1e7656124914df9c9b8125882f53,90.25,534.75,7.408333333333333,300,0.0063997317465131895,0.0031209913081426915,0.00028256850429354607,0.1548041029697315,8.875276906305833,7.43
3a87011f29dc629a3e251d6343912587,90.27,318.03,3.796,228,0.006888281337022259,0.016947788172333035,0.0008861314058299836,0.22039421555010577,9.238390358646253,8.02
3ab97e1154d9fa0b67d07c647fb2fa24,90.28,456.45,6.102833333333333,300,0.008257147315896001,0.004235272542836571,0.0004375947127051324,0.14672313342445237,10.615587071186201,9.07
3aba9c1270b8fbf5ca96cc6bbefd6adf,90.27,700.22,10.165833333333333,300,0.004926998698307341,0.0025179569505905863,0.00019296973037106715,0.20374284165496342,11.051952163877294,9.27
3abcd829ef0b5e49f54220be7740272f,90.28,447.45,5.9528333333333325,300,0.007895079577590848,0.0049514741941707185,0.0003853822072672901,0.12293471907762768,10.64465557334298,8.93
3ac1df23d7df5191ce64b8c01e20161a,90.28,297.0,3.445333333333333,207,0.010205354573236241,0.012202140133372988,0.0009278204622450661,0.18164782749378253,8.882745561621121,7.66
3ae365009d88cf1f0ab2f204b1701f10,115.33,389.32,4.5665000000000004,274,0.014947140395532677,0.0026077503798563593,0.0016596894096329146,0.3491984044526885,9.78323724847153,8.469999999999999
3b76100da333b5762ad89cbb9555daa1,119.42,1018.63,14.986833333333333,300,3.7002630095039526e-27,0.0029490745599082655,0.00012196305961350299,0.060127960417811155,9.239934701979804,2.4800000000000004
3bc457ae823b0b8f0fcc588ae8b6740e,93.22,992.5,14.988,300,1.0709528317626143e-24,0.0023210884613853156,0.0001763894968135625,0.06304465713208512,9.241098316462196,2.1500000000000004
3bd80235f85bd4096b043660c50fcba2,90.25,404.3,5.234166666666667,300,0.002761199418960334,0.015577799631594964,0.00034324426999619167,0.08749605260807376,8.444545289972886,7.2
3be6fc3d4cdd0f370dd12579ae18b8c3,116.33,898.3,13.032833333333333,300,0.007447118260779545,0.000245650606852297,0.00034440807241973616,0.26508044471717124,10.544174667991326,9.99
3c5fd03fc0b467c28778e0c11cce53b2,90.2,318.82,3.8103333333333333,229,0.004368948938325862,0.026358587848869377,0.0015531801879948377,0.4615724716642072,9.885079854968792,8.51
3ccb327b58af83dc5027cb151bfa83ca,107.38,571.0,7.727,300,0.011578719326263878,0.0005370976344987931,0.0004706541997318921,0.12447550993350824,9.61813673820684,9.09
3ce3f3b7cf85c19fd832157349bd791d,90.25,476.62,6.4395,300,1.6759122879687392e-24,0.018960775273327735,0.00015606017321590548,0.08542838197915151,7.453235374065399,6.87
3d165167fccd0f78c4c121ba42ac419b,90.3,295.93,3.4271666666666665,206,0.013989135315996338,0.0067888734610558965,0.0003809786171333562,0.05718878825241864,8.330589764921568,7.779999999999998
3d59a3735b38d2417f340886346c8dfa,90.28,408.3,5.300333333333333,300,0.006922893644307534,0.006825499886373085,0.000677662936155078,0.1734439900606954,7.809356632508831,6.97
3d5cbdc385dd653bc8e0cbda4d09e724,90.27,316.98,3.7785000000000006,227,0.010779726464803876,0.009383479373978506,0.0007393690892833334,0.1575368361032558,8.903899313371305,8.14
3d6674925109897eb4f55c643e5e9e86,90.3,476.5,6.4366666666666665,300,0.005853305365436452,0.00653953354814194,0.0006480089198140271,0.27153209712328463,10.310837598266582,8.559999999999999
3d74ce732bef84c14b13d4e879f8e619,90.27,344.15,4.231333333333334,254,0.0033493165813004845,0.023573316858671547,0.0009558726570828437,0.29288805902081305,9.125243618646552,8.09
3d929784f40a779247c06ce48cbb8fa3,90.22,298.85,3.477166666666667,209,0.0041390528374561485,0.025532061380670622,0.0008032999882405849,0.19466705755436012,8.826281674492613,7.65
3e2315f07b883b96bc81f442472c2ab2,117.35,893.28,12.932166666666665,300,0.007073520809318364,0.00029006488925182076,0.00020914575657324475,0.1662148454218261,10.113839975577177,9.59
3ee3ac85478ef12a78d2f1f6a26173c6,90.27,309.95,3.6613333333333333,220,0.011967405815735266,0.0080668429676438,0.0005923573061255278,0.10920642190660923,8.986540288851623,7.879999999999999
3f3561382353b92d03a5f304107233a4,90.2,361.93,4.528833333333334,272,0.0057497321989816675,0.014942299586875615,0.0007717083345200383,0.24339523126806895,9.551399652647076,8.69
3f4b26b5feec04dccad1f263fb74a424,90.27,270.85,3.0096666666666674,181,0.015737341120690262,0.007970188881847378,0.0002210556603924962,0.03313542530605429,8.627624903037317,8.17
3fa1fe9ae4a33adbe438f41b798b0e3d,106.32,1005.68,14.989333333333331,300,0.0004953265788299824,0.003559316334984015,0.00012571494884725928,0.05214671840983702,9.126928651945144,3.76
3ff25e68ce4a7541e59a8c39181c6604,90.13,989.88,14.995833333333334,300,4.626315042129226e-22,0.0020116492954725487,2.8487387227647435e-05,0.017063047551932584,9.465583156496507,1.7399999999999993
4014cbda493cd8026914800f1905def4,105.3,517.78,6.874666666666666,300,0.016066590294655035,0.00019499337857587152,0.0006502618562235847,0.1289832098876031,9.237131114187351,8.459999999999999
408cbf22712d4f69c6c614536a793af8,90.28,378.22,4.799000000000001,288,0.00703570290426975,0.010030267788521358,0.0010283697005974218,0.28952485890612073,9.158453668303082,8.14
40c4313b26717ab1a3bc825e64b2858b,114.42,495.75,6.3555,300,0.01838773543859362,0.00015436211484012383,0.0008848079168199684,0.14457461715434086,9.25115979271318,8.93
40e058f54b8837fcbffae938e09b647b,90.25,494.65,6.739999999999999,300,0.005497419019801984,0.004187471746540827,0.0001814857571162236,0.04542421067541726,6.554115972224669,6.02
41c166be2029b3db2f7b5028e5098be4,90.2,560.43,7.837166666666666,300,0.004766863295904006,0.00565563187522493,0.0003433154143951529,0.26661827674635175,11.418343205913986,9.540000000000001
41e348bea109041dcf1c358b97b2ab98,118.42,730.6,10.203000000000001,300,0.010319441866019935,0.00019903678969769077,0.0008918033370163767,0.271054008581366,10.012072351945914,8.86
41e6e6092d4b736862796093ba2d2d6a,90.28,520.63,7.1725,300,0.005983521224058371,0.00436237927350581,0.0003892313167192907,0.14314769979831168,8.812835534112438,7.92
420b0e3b3e01c0c3209d90a40d10435f,102.37,717.53,10.252666666666666,300,0.0023434875773689604,0.007145290783751696,0.00032800113008268287,0.21565544480149276,10.170967174778966,8.530000000000001
4130c4b073ea339d3e151a5c2b7774cd,90.28,989.23,14.9825,300,5.780379043342659e-19,0.002678021579043929,0.0015469182828063768,0.5242965294184523,7.856890467986457,3.09
413eef423fbe3a62e233a18dbba8cecd,90.22,300.85,3.5105000000000004,211,0.011035143127260671,0.010299817008966289,0.0006481684921125939,0.12300809595698227,9.208714302225962,7.73
41651090a75e677e84b021bea5a75ae2,116.33,473.65,5.955333333333333,300,0.015970135701692943,0.0005563164084380826,0.0008841226595901351,0.1782519248128705,9.792632834214658,9.07
4183269dc272dc100482b45a0ec02e44,90.28,304.02,3.562333333333333,214,0.011780880085179739,0.007481639972481046,0.0007308103669338129,0.10117565318996773,7.197111433108629,6.64
4227a7ccabc62bc09b0bfe197e944359,90.3,989.13,14.980500000000001,300,2.946016827765973e-25,0.0018048696375530975,0.00037456365139507916,0.10510229808556225,8.127541716714749,1.71
422e2b0e1f91e0a0cf9204a0ebdd1fb2,90.27,669.12,9.6475,300,0.00476799576682429,0.0033660003936659593,0.0005078786511729176,0.2640394750907855,10.92767086612174,9.07
4232d7ac9bc7dd74ad1329b2b3e96b51,90.27,289.9,3.3271666666666664,200,0.013375586874446965,0.009082207249365796,0.0007862593816721151,0.13669977470329073,9.390794294053263,8.21
423342ec3073d7de45190221972b3284,90.2,547.4,7.62,300,0.005419922593011271,0.0051465462020562425,0.00018790754779004056,0.15231967372142197,10.647233740024056,9.84
424fcfa7e4f562fad94bd7b2965c69b1,90.25,496.65,6.7733333333333325,300,0.005597512706862052,0.005586150014753763,0.0005048843984937384,0.17694941104810688,8.628929658991908,8.04
4260e3ba08fd61292f825c4ed0a7ad31,90.28,432.4,5.702,300,0.001505077685010335,0.019750230285801574,0.0008856122887368758,0.34195226770786974,9.16134333530609,7.17
42740d8b6be58b5ddf3ecde02fbcc998,90.28,989.23,14.9825,300,1.1257874202133033e-30,0.007537039829628737,0.0006459119608904703,0.6794573854746588,8.59923343026962,6.629999999999999
42d3bad69687fda4bf67fe1a7a6b44da,114.42,914.23,13.330166666666667,300,0.0063907367684741465,0.00041904671025465155,0.0001606312679029879,0.1908986742494561,11.007558840004384,10.290000000000001
4334ad3076ad9869be3e67212d785964,90.27,664.12,9.564166666666667,300,0.004967772008020597,0.002926444043143734,0.00016874784731967006,0.18335396217563057,10.79453675301017,9.15
4338d4ff540a6a458a4dceecc44a0f43,90.2,406.87,5.277833333333334,300,0.005350445727452558,0.010561960183383281,0.0004489363806980979,0.1410173942176468,8.803670646679006,7.779999999999999
43573be91ea710ab726b139b802c0cd0,90.23,384.1,4.897833333333334,294,0.0058684212648495715,0.012323717612898135,0.0016590087051123826,0.47410721605783473,10.106942590224005,8.55
43a4cf2addebb15eae7ca381807d4125,90.22,687.03,9.946833333333332,300,0.004380492939691906,0.0030901468277407694,0.0001362748656539886,0.16913452226327838,10.8538476522076,8.809999999999999
445854fa798d52edbb50c63eaf8c9f5f,91.28,317.98,3.7783333333333338,227,0.014005166884679544,0.005835215722029976,0.0007642156749573202,0.15598694463178064,9.477867106163579,8.5
44a27b3694d1ef86f3f3e79771c72e2f,90.27,313.02,3.7125,223,0.009653503879784983,0.011131135479340078,0.0005255504199150144,0.10327939189348158,9.152293692344369,8.0
44aab9fbdd0cc823e33a06fb46faaf01,90.22,345.97,4.2625,256,0.009975231299825832,0.00753001152365741,0.0008799688190531772,0.20121626834771214,8.746069296025201,7.840000000000001
44b4fc70a876f093fd1f532f31a7cbc8,90.25,416.37,5.435333333333333,300,0.008319065238966285,0.00494492511143952,0.00071823466507228,0.1897135455958832,9.557798932367684,7.26
43c0c407cab81429fb90b1f4a77e9ccb,116.33,577.97,7.694000000000001,300,0.014010949155852284,0.00018321887767983077,0.0008120203328281615,0.14909854296520553,8.848507168391748,8.52
43e70d046e1023333262b25553858004,90.13,720.07,10.499,300,0.004484089014058871,0.002859769745288427,0.0001094368784660445,0.1589292993966225,11.195413447113351,9.67
43f265833c57306aea72174271c3a6f9,90.2,600.53,8.5055,300,0.00507368063768887,0.0039110781957897205,0.000326515604082489,0.14529824484002452,9.197916024667304,8.69
442627f980bf043be0b7f86d46a37cea,90.23,584.65,8.240333333333332,300,0.004089889227201368,0.006045981766353773,0.00045824416534783174,0.2869247820898977,10.380306593433062,8.540000000000001
451a668e930d637054916ffcccf50441,90.23,278.87,3.1439999999999997,189,0.008127743885735611,0.01958744392453663,0.0004815334232612679,0.08759712223402866,8.874327127865051,8.25
45828ff49718abff771495c563b88c97,90.27,333.03,4.046,243,0.01167913669446832,0.007223741166832568,0.0012183030433992644,0.26965697511612063,9.891502822537143,8.36
45925e08132075ef2ec0b2b494e945ef,90.3,358.15,4.464166666666666,268,0.011427317463682866,0.00472727041529954,0.00047466098074891823,0.09514443887570907,8.813408082817668,7.74
45ecdf484f5f3bec6c0507953ceb6bb2,90.28,619.98,8.828333333333335,300,0.0051841871638098735,0.0033528494326399024,0.00014159241337988505,0.15293642269968835,11.088564840080066,9.07
44b878a08f0caf6bc4bd75ca957e95cb,90.13,491.3,6.686166666666667,300,0.007374703010729866,0.00398234484470708,0.0003519726862173294,0.15722641006735733,11.04325696249518,9.280000000000001
44d9b0ff787cf157fd9deb352d74a6d9,90.27,374.1,4.730500000000001,284,0.010576956853970955,0.004982667647954593,0.00048460391601235034,0.10463817334675268,9.017463535037232,8.28
44f568fd7baad65b06c8df0e25b0583d,90.25,376.2,4.765833333333333,286,0.008994040161459585,0.0055532759141872865,0.0010782205416353628,0.22055904570425472,7.99926128539352,6.5200000000000005
45118b8379a188a5f721904d5d0dcbe1,90.27,285.82,3.2591666666666668,196,0.015507404737167205,0.006545329154983023,0.0003303014367904843,0.04649287344128897,8.856769868206502,8.02
46235c5632b740852ed8183a91d947d5,90.3,285.87,3.2595,196,0.010698679621878628,0.012697208078916805,0.0007931014802596617,0.14208629739904724,8.591215497020416,7.580000000000001
463af307747fe4800bff6f0827f24322,90.22,261.73,2.8585000000000003,172,0.006633433537143021,0.025010032429673878,0.0008285535355255591,0.12940663356274368,8.535859707684615,7.66
4667d4062370426900437c25ca520011,90.27,434.25,5.7330000000000005,300,0.005281422400739712,0.00928698260480951,0.0005469038958361,0.1625815343996666,9.482523837367427,8.12
466f1d30bbbe37df7c8bd1fa921bebe4,90.27,366.25,4.599666666666667,276,0.011305980886080843,0.0049974742099911105,0.0008080451233568436,0.17999333818494878,9.754001948600347,8.559999999999999
466fdb783bce5dc94349aa4d6215decb,90.2,645.65,9.257499999999999,300,0.002496579417206581,0.009930319253520298,0.0007638698886830098,0.5622963952441152,11.190129187174279,9.69
46ce3cbd8f1e0f6dab5f51ecc9f61954,90.2,583.45,8.220833333333335,300,0.005899215030300404,0.0035599338410753465,0.0003615868165469017,0.23632141172958052,10.408462057456019,9.58
4701ac3ef1e123c7a02aed7bf13acc98,90.2,558.43,7.8038333333333325,300,0.004980238296351965,0.005520597900031863,0.0002899717165822965,0.24331106894228913,11.102359801809644,9.629999999999999
47d9618a584d81b8bd7ec6fccbf76c47,90.22,284.8,3.2430000000000003,195,0.01017902713238467,0.013061612312211889,0.000943696451750038,0.1567613259799215,8.341517826412195,7.3999999999999995
490196c6e566b0b397e4bca825259170,90.22,334.93,4.0785,245,0.012871296095965526,0.004649819522949307,0.0003958621538492802,0.07098961488528353,8.245707600275203,7.74
49296e1dfa24cdb9d505e16e0b1c67c6,116.33,464.62,5.804833333333334,300,0.012149020289258697,0.0017538455400849355,0.0009801513199449174,0.2183439735368781,9.566569202258846,8.5
4965691e8702ed52448c25e7cb4c17c5,90.27,470.35,6.334666666666667,300,0.004713433756695279,0.009332790183768513,0.0007466632854536283,0.3183458547728273,10.44094329671937,8.89
496f803db7c3f8958fcb66bc455444d4,90.23,332.97,4.0456666666666665,243,0.00829537071732217,0.009891958824372292,0.0010666075909951894,0.20459113921068894,8.204611256407196,6.8100000000000005
4a9d5e1eddc228af57a2b6bebf2e994f,90.2,580.43,8.170499999999999,300,0.00474609159275593,0.004521174892107442,0.0005414892816490583,0.21836718317017761,8.911543937277209,7.69
4ad31e2734846350015f68389206a6e2,90.22,275.77,3.0925,186,0.013693922579527132,0.00893464286092754,0.00047897447480755976,0.061674026309144585,8.08808466339607,7.460000000000001
4ae310a1cb38ee69dff1e70f39ed4a0c,90.22,253.73,2.7251666666666665,164,0.013021243515280634,0.014163394908580188,0.0004938745768131293,0.06430678773321927,8.52188644539902,7.6000000000000005
4b1905b7eca41aa0d7c68a4bbc4a74b8,90.25,386.23,4.933000000000001,296,0.005575742902277375,0.010166134134091788,0.00029760285234716464,0.07050687889915376,7.854394166113227,7.33
49768fede47f922d2a1a393b074eece0,90.3,335.08,4.079666666666666,245,0.008777612801035471,0.00931688057147513,0.0007079296718113784,0.13723538219480808,8.97428908011067,7.56
4989c784ba87d276a0b6ccb3d8142a73,90.28,288.98,3.311666666666667,199,0.013581042380964466,0.008108979262180719,0.0004346743842652281,0.06252529924732736,8.509529534183875,7.949999999999999
49e8bbb6e630e447303e85985f446e06,90.27,390.23,4.999333333333334,300,0.004097217691220296,0.016450827950501894,0.0007399379744810688,0.24861923695102045,9.468057589035134,8.3
4a06cd0bd04a604d2687086b9c901f53,90.28,503.58,6.888333333333333,300,1.2606275715487082e-05,0.020335350296457683,0.00024906227468153737,0.16277442625539068,8.641259370241373,7.619999999999999
4a2a102288df0410085d286231cfd54f,90.27,292.9,3.3771666666666667,203,0.010916641769208703,0.012764163758471097,0.0009022405995440087,0.20429057638578824,9.95560166549053,8.32
4a5f0be54124565d0a0411f82a7df164,90.25,989.23,14.983,300,0.0021052234974807617,0.002740398488161135,5.508317326785645e-05,0.11454120031648382,10.747202199978679,7.39
4a6d61d5c05c6fc86767ee36c76d1442,90.25,457.53,6.121333333333333,300,0.005328853719630662,0.008244451552966596,0.000791570844180227,0.265593384391097,9.553482755154352,8.17
4a92dc4fa9b718ae6e6f59fca6f03921,90.25,755.4,11.085833333333333,300,0.00058184465346765,0.010740376616789298,0.0004128676853453463,0.27443500396092474,9.17911644737318,7.5600000000000005
4bfed48ded1e36b1ef083964a699b335,90.25,989.23,14.983,300,3.276511050641402e-23,0.0015795219092269645,2.364253704878151e-05,0.013435434573081297,8.018453418191227,1.3499999999999996
4c0a79184161c57ddbe120b4e6c2fd4e,90.2,434.95,5.745833333333334,300,0.007250907880292406,0.005491244333169198,0.0002747494815265241,0.06852973202824657,8.709064670847999,8.08
4c3601c4649ba1ede3d0bb5f9e6b27fc,90.27,307.93,3.6276666666666673,218,0.013056094803076464,0.007305553364744415,0.0007551564623801202,0.12464602329043559,8.81741732159412,8.26
4c6d4dc526b06672473e52a0692f3fb8,103.32,301.92,3.3100000000000005,199,0.013636147080116151,0.00838443032759022,0.0003451208819499772,0.052558240293980124,8.770951888880132,8.2
4b32b9f13cf17775cc9aa0baf34fae90,90.27,379.2,4.8155,289,0.009139900512495094,0.0055355746028375825,0.0008569168866057302,0.20000411513761718,8.242719927937987,6.85
4b9744bab7343c163c45dfb6f7daac54,90.28,303.02,3.5456666666666665,213,0.015001111621983957,0.005818776809385971,0.0005860516131521332,0.09300372680635177,8.943443424747526,8.34
4bc1685a0be9d2a1b9ed84be46334ca0,90.2,516.2,7.1000000000000005,300,0.0026073120954833223,0.012242970042536902,0.0006899161174214979,0.2999362335286961,10.0572877407166,8.39
4bcda20fb47dd83243d458d320fce867,90.13,488.3,6.636166666666667,300,0.006704490666283332,0.0051347559912663905,0.0005931771880777468,0.2542522674425895,11.487054423350003,9.23
4cb4f2020f5b3faffdbc6d920f6b0a60,90.2,419.07,5.481166666666667,300,0.00852102717251252,0.005488864852148141,0.0004080770516377684,0.11536805615835082,10.872841939384717,9.29
4cc10b8c0e069654ecb151f5a02449ad,90.27,312.0,3.6955000000000005,222,0.011742252383075039,0.008519807995377649,0.000532746051570317,0.09215840324945514,8.962701042079972,8.42
4d05ad16d718859adffd56b611f30851,108.38,889.13,13.0125,300,0.004259906938390453,0.0013542055564368112,0.0002365946109883443,0.1371315765442874,9.185840344989144,8.7
4d0cb07260c763ca0c10d8b464eec0b7,90.27,311.0,3.678833333333334,221,0.006252064625704663,0.019486374433820817,0.000836225551648525,0.210041359529888,9.172697836240301,8.19
4db60778be8ea052b0bc351f1d37c62d,90.28,833.67,12.389833333333334,300,0.002995723476254786,0.003430732463900476,0.00010396415885772358,0.16679043316811257,10.266409844407825,9.35
4dddcabb9d85a5af86f0bd601cbcf400,90.25,392.25,5.033333333333333,300,0.005957221386691443,0.008794806672376237,0.0008688132870778103,0.20040077837980028,8.47358812793686,6.6000000000000005
4deb9a6c0624572b853f6d5be370aad1,90.27,306.88,3.6101666666666667,217,0.004933140578408674,0.0229339872707653,0.0009690254314743783,0.22193674175679265,8.535120331535857,7.779999999999999
4def187030a3443926717af775a4890e,90.28,989.23,14.9825,300,2.907185339033086e-22,0.0020427347924024714,0.0005276902636783554,0.16066081106708624,8.660880201566519,2.05
4ec8e77468339b47091eec9bf8e0bfda,90.25,989.6,14.989166666666668,300,0.0033382594907786353,0.00024684135217756454,5.0912979604899744e-05,0.018972121261055408,11.323154607542762,1.4800000000000004
4efae1c7c136f97deb34ace2055c2c11,90.23,409.17,5.315666666666667,300,0.009281326852035624,0.004728647423236517,0.0002709885308563796,0.07029852813916379,10.365564862035786,8.77
4f2924e17c36ab202f64c06522813eff,90.27,662.1,9.5305,300,0.005366534760527723,0.002751301186346005,0.00035006165738688194,0.18003302941413724,11.419259773370536,9.440000000000001
4f69a5e286f522a7b2b8aee1c27d5cc0,90.23,581.65,8.190333333333333,300,0.004420557646395308,0.005699095927735601,0.00042643903196634236,0.22292935775897393,9.583659094024847,9.03
4e116b03e02090d08bb9e5e837e73ad8,90.28,457.45,6.1194999999999995,300,0.0065919364436917965,0.006266224256140714,0.0004388695561797242,0.15237303434382002,10.199000737264695,8.77
4e2cbd8c713963713ef96214164b075c,113.4,839.98,12.109666666666667,300,0.002860514276077995,0.003947463886000613,0.00013997781605995822,0.10596452490716929,9.543586918548272,8.87
4e9ddcd0bb8f09dbea2db86465321621,90.28,427.37,5.618166666666667,300,0.004953432945714473,0.009172828230461975,0.00046970367738251583,0.13929426956888938,8.460421475019066,7.140000000000001
4ea58c6919ee41cf998ffa5c6ca4b87d,90.27,665.12,9.580833333333334,300,0.0047904709001399025,0.00321411401149206,0.0004984416057884244,0.28424721994729996,9.79547143277455,8.379999999999999
503340bd5de4816fd7a914eddc76d40a,90.28,382.27,4.8665,292,0.012174133998476661,0.0024160139124812475,0.00014383587340735247,0.028823960294530625,7.01445013228669,6.54
505005ff2c47f0f4468508c27ea633f0,90.3,386.23,4.932166666666666,296,0.010387239416896444,0.004386688492234937,0.0008139506537396093,0.18599678747269133,8.779393283724284,7.69
50aedcc508170e0fdc60ca7f93512e48,119.42,537.9,6.974666666666666,300,0.011279938104096715,0.0010522842557491533,0.0009094121068551557,0.24543112723411958,9.757798264986338,8.73
50aff5d1613d0ed63f431964269a2309,90.2,336.68,4.1080000000000005,247,0.01130033697644735,0.006572405334451961,0.0006294099516488867,0.13703038870539458,8.936660239042036,7.920000000000001
50fa8358e5ef37d9312dc21f83bf0ef9,90.28,458.45,6.136166666666666,300,0.00840998482953828,0.003469464988564072,0.000645238364411452,0.17593847835740672,8.722833478963949,7.6
515bf6b1f0df82d282adb14b275d8071,90.2,520.22,7.167000000000001,300,0.0074719544166847686,0.0031198241886787508,0.0003486060494072537,0.18375811426317062,11.419130579122603,9.39
51612833e8ea75f60306f3dc79cde8a2,90.22,472.47,6.370833333333334,300,0.007039982408910665,0.004729575419707973,0.000612911875994393,0.23280002156404042,9.447999006048649,8.76
518c9ac72b975d55d9686010f9914c05,90.22,336.93,4.111833333333333,247,0.0032790462737779585,0.022927442965789538,0.0011079314454399737,0.27290675427670374,8.857161541975007,7.609999999999999
4f8e0c4b9a2b4c70a4142d35108bd0e4,90.28,510.62,7.005666666666667,300,0.005092598724024952,0.006916787906928014,0.0005987354142338085,0.27334633098126015,10.24637804267334,8.92
4fc0269d9efafb7babab499d84c16e16,90.25,715.53,10.421333333333333,300,0.005885304116938795,0.0014170368083155408,0.0011484277577775259,0.5102483323823925,8.527765233743716,7.28
4fcded73ee52aef205bdc6806ddaff5b,90.25,686.23,9.933,300,1.0995084672967929e-17,0.015009322609715317,0.0003113012462034568,0.3360559227021557,9.071267786193284,7.6
501ed205d82e3ad607f4c7a22e450ea0,90.3,727.33,10.617166666666668,300,0.004020069763871247,0.003330305920686865,0.00017997223562857137,0.16407186396725384,10.80258296866264,9.1
518e3f66c2cb93b363912ca46578c52f,90.27,377.27,4.783333333333333,287,0.0017171759815579122,0.026594939149544215,0.000802218713587149,0.24832817041101843,9.582647363584506,8.53
51b1549f03aab7b70105f9e8225167ce,90.27,332.02,4.029166666666667,242,0.00956253538527738,0.009479400652194367,0.000965246263595343,0.22438102713926095,9.655293251245018,7.819999999999999
51b293753c735442e61dfa8a6e1cfb1b,92.25,399.15,5.114999999999999,300,0.011946222549712204,0.0029436572879180042,0.00047155408456660833,0.10032736084569566,10.257697325998802,8.77
520b9fd3fbf1fc875d92f387244a914e,90.25,989.23,14.983,300,8.297034174958283e-21,0.002596402900133822,0.0002447952984156536,0.11100829235443882,7.2658543510950375,2.3600000000000003
52205fed4bff49b95efe319723003900,90.27,389.3,4.983833333333334,299,0.010794099942321674,0.004152236389494437,0.00046195655780321797,0.10279860054623734,9.633185002583408,8.5
5226275ecee67665f0ca74940baf8399,90.28,612.95,8.711166666666667,300,0.005169983668464994,0.0033377353160328875,0.00017230872134550484,0.1706806021930663,10.284230663288934,8.780000000000001
5273a2d44e3d5fc4e19e4614c0ed5f58,90.3,309.97,3.661166666666667,220,0.007158384797327608,0.01585812423230785,0.0008889020515862249,0.2085630122367632,8.651262136448091,7.250000000000001
528b114368ba3155277c503819c0a01a,90.22,289.83,3.326833333333333,200,0.013123316387587462,0.008605530809133257,0.00048350406452372143,0.07273477449234424,8.455958276661312,7.990000000000001
52ea4ad8f4d9668b28be8b9628c8a8e8,90.25,989.23,14.983,300,0.0014622824267486957,0.0029877776302124526,5.0073425632284565e-05,0.09647720769930762,10.807627130957796,5.64
530469a6b8a0f3ad0c70a4e04447d434,90.25,530.75,7.341666666666667,300,0.005850876865035428,0.0038054566436876575,0.00041274672044949246,0.20845677455717054,9.462264178803958,7.23
53227649f8ff90f3d3186bd24b679964,90.2,424.07,5.5645,300,0.005703080229006665,0.010728529975216042,0.0006573903362708992,0.2545639163428873,11.311728296796081,9.27
533d4f26b352e3a3940955c5390e2aff,90.27,364.07,4.5633333333333335,274,0.00505798158630051,0.012582691987195884,0.0008141785458599611,0.18560939187915504,7.750557692930841,6.529999999999999
53786150bce92f7b131a043661e5d950,90.27,630.0,8.9955,300,0.005749745571445539,0.0025251238436933042,0.0001362392826403906,0.15137452351782693,10.718250643147183,9.37
53e3949bbfe2faba88a667c855bcdcf4,90.13,803.3,11.886166666666666,300,0.0009296317543273395,0.00938649746695796,0.00022931720300242204,0.18098039554614534,9.51472929499765,8.379999999999999
53e933c32117c5d626f3d6f3aa6379b1,113.22,1012.68,14.990999999999998,300,3.009265538105056e-36,0.002026371413900371,3.991825137080223e-05,0.01964285597966417,9.104068983757365,1.7300000000000004
53f696d21030389482a17972fff7e989,90.13,989.88,14.995833333333334,300,8.715271185933189e-26,0.0025638029350350793,0.0005213467892167727,0.19139835400896302,6.85410538140582,2.4000000000000004
551bfed004bdc4667f704a87074ac9dc,90.3,361.15,4.514166666666666,271,0.009872005223620714,0.006674288337585415,0.0009014023196664879,0.21153812975854636,9.19686033011382,7.880000000000001
552519424287b4a52215be1caad5c321,90.3,287.87,3.2928333333333333,198,0.010034712385855564,0.013862930070401727,0.0011558683591883442,0.2397100555098098,8.559059000803662,7.34
553127eb59fd47acd92dcc70822f16db,90.2,416.9,5.444999999999999,300,0.009019104427043848,0.0037197925045404047,0.0006064424673179484,0.12099978369277467,7.674580745414389,6.73
5538aacc5078f5752a83966a44388717,90.2,391.83,5.027166666666667,300,0.01091120817008742,0.0038738078811902644,0.0003308963693429879,0.07667561488912404,9.436615378962362,8.510000000000002
53fa171d8f31ace7aa1b22340f7eca9c,90.28,397.27,5.1165,300,0.003905692536144124,0.013846434109626526,0.0002897958653222798,0.07864797194531735,9.01606548498172,7.889999999999999
53fffcee6f3d74b3ffd0ab81f61ed775,90.25,989.6,14.989166666666668,300,0.007856484524062332,6.020803979920708e-05,0.0003435869200582568,0.17071493007975136,9.796126775625275,8.85
547072d8a98c5702279a6f14b72e5aa5,90.32,989.53,14.986833333333333,300,0.005053576937405835,0.00022562044773026324,0.00013584996903548194,0.06886556866493636,11.532086493831073,4.34
5485c01df4590d913cc3a6ae95740c7f,117.35,930.42,13.551166666666665,300,0.008464116067101788,8.979672382084632e-05,0.00037361446588103425,0.24051040987755262,10.259975907384883,9.86
560fa219b1de15b66b0214f894b651a8,90.22,281.78,3.1926666666666663,192,0.003066498883327715,0.03192677220336474,0.0007917576783330611,0.16691577253338744,8.592277541535735,7.7
567381202d5ce3e27a0a8d50125234f4,90.27,324.05,3.8963333333333336,234,0.011774689344165876,0.007013031675047833,0.00023215068801502834,0.051619507508228614,9.51849241625624,8.270000000000001
5691363d997860613e8d646be2a89269,90.13,816.35,12.103666666666667,300,0.0006351754643287038,0.010290777690382492,0.00029690918432880356,0.26271983410981026,10.19724774605597,8.19
569f0a4051198f1cff6bcc5d64521f94,90.2,583.45,8.220833333333335,300,0.006062252107416542,0.003202346442347883,0.00028534316254808846,0.2106260627132578,11.543703940058082,9.34
55545d5df1072e7aaaac65edef52bf06,90.25,359.15,4.4816666666666665,269,0.007784033513514015,0.009910807371054695,0.0005306785832665379,0.13442419752564344,8.845021505569042,8.26
55629f00f101eb7696ae03f0f46213fb,90.25,989.23,14.983,300,3.0008899923331466e-25,0.0038834450292912696,0.00010767751114874825,0.07063814700012015,8.688121122945502,3.3
55ca0aa44b96b170b7f5eb6ae96c36e9,90.3,559.75,7.824166666666667,300,0.006366225038117352,0.0032863298286281615,0.0005957210989433276,0.24206703173725133,9.644203653148308,8.629999999999999
55e0452418b5a9f2775cdf8707601e9e,90.22,256.73,2.775166666666667,167,0.002585813686264465,0.04157395424337061,0.0017725471650637753,0.39288810469817287,8.960748620206385,7.91
56a26b1f8903912eb3239f30597f9b73,90.22,722.13,10.531833333333333,300,0.0045248442191704935,0.002514197082564189,0.00010928273077884963,0.1366021484483525,9.63292861164147,9.14
5707674a076c41039202c2ad691d2956,90.25,734.33,10.734666666666667,300,0.003462802377677736,0.0035259661305184153,0.00030061496809260217,0.15320573283258354,9.420588832202988,7.8100000000000005
570f53133c7bebfcb6fb5bf95534639a,90.3,583.85,8.225833333333334,300,0.005931042370719405,0.00309065389683697,0.0003284766923734258,0.1728547368477974,10.384114773382588,8.309999999999999
571d96a6d17385f22d4c69a4438f8040,90.3,515.63,7.088833333333333,300,0.007571477105947752,0.0028147395014194825,0.0005723679422631677,0.22296604272171192,9.751364335067837,8.73
578a7506cfabb35e2c10094314edcb2e,90.23,564.6,7.906166666666667,300,0.005175583447184674,0.00448673934525523,0.00039776827336275496,0.17499130831564072,9.867447245123019,8.28
578a989d98c98e200d7f3a1653cd04ac,90.23,291.87,3.3606666666666665,202,0.00875075417811395,0.01485092615517704,0.0005032948232641332,0.08838244326768188,8.670045063253852,8.03
578de1a3dfdb389b54b8cf2f10420216,118.42,567.0,7.476333333333333,300,0.012243560651515897,0.0005050081947857785,0.0004097140482559596,0.09863415861684552,9.838919166742656,9.35
57aec25a2f9d031c82deccedb650986f,90.13,288.72,3.309833333333334,199,0.011555413544415062,0.011581446667700284,0.0006968478702386009,0.12584544625596802,8.896069994111311,8.11
57b1df0d3ec1a6660da5e7c64c1f5cc4,90.22,259.73,2.825166666666667,170,0.013393260114790183,0.012170623304100781,0.0010284700546856064,0.1566084575365351,8.815283946365504,7.880000000000001
57bcfad7ad306e3a4d63f98e1ff8cf60,90.27,443.4,5.8854999999999995,300,0.00823304230235946,0.005263519688557808,0.0005495781345565372,0.18244235715112597,10.792655173046935,9.79
581fb792559c00de45aa7e49dde6469d,90.25,285.88,3.2605,196,0.010281303077471557,0.013335055282832249,0.0005851548230689965,0.0940670991638671,8.433536989453408,7.799999999999999
584cdc8ec534535d848a45f184613c31,90.2,577.48,8.121333333333334,300,1.772806725010705e-28,0.019327039823339456,0.00030602553677210444,0.29365159557827936,9.580889537442554,8.02
5733da1f90548f5c1e537cbd276eb6b4,116.33,413.43,4.951666666666667,297,0.014906579320677652,0.0018470989791991475,0.0014610439013474962,0.31241609920307406,9.748007069292273,8.63
577481520465d2c6b17b5ac37641893f,90.28,565.78,7.925,300,0.0008256415168934883,0.014552366263439859,0.0003613824549889621,0.15774759286373052,9.16024624450792,7.6
57839382042b7fa5457070b7dbc0fc15,90.3,396.25,5.099166666666666,300,0.009277853229801639,0.005348866291975654,0.0008978687738090288,0.2329576014419608,9.566194643297308,7.87
5788408cf798758d4dd44b80e2375cc9,90.27,989.9,14.993833333333333,300,2.3491280132426553e-19,0.0028824372334695313,0.00038210186837050255,0.1733221243319613,7.3568018131228845,2.6400000000000006
586be9f97776a45f36154e31c901a1f9,90.27,892.6,13.372166666666667,300,1.6787435045720496e-19,0.010206977213012874,0.0006288652324175957,0.8211779274790412,7.922952941450337,7.629999999999999
588a5d0bd54dde12752f6eaada746d8c,90.28,535.72,7.424000000000001,300,0.0031276062168305663,0.0067483558669830124,0.0003415811855059242,0.10027329226102702,6.784806530061596,5.92
588aa7ce015cced00070120dcddb454c,90.27,311.0,3.678833333333334,221,0.008436320795665813,0.014305530849237027,0.0006212304493695233,0.12437280564543425,9.44309119938551,8.44
5894560a40cdb3564652e240dbc059e0,90.2,449.13,5.982166666666667,300,0.006363543512327991,0.0067945743338429475,0.0009036892542410886,0.28041903451816097,9.866910513565644,8.15
598d1a812dd3321cdbf6b83760df96bd,90.28,603.9,8.560333333333334,300,0.004326535148642285,0.004664149629664035,0.0002910984108143102,0.1398956703910114,9.531314741116278,8.0
59f9f8fc56bf4f44f2ff9b9e093660a2,90.25,382.22,4.866166666666667,292,0.0023461235287832918,0.020315769967307114,0.0005122554044651263,0.14414347132470012,9.236442163729379,7.95
5a06c3133e70c53a8cc55a418a7c90c6,104.3,609.08,8.413,300,0.012253928740205535,0.000257366722902333,0.0009320785524482061,0.2288100405611891,9.686759847464572,8.71
5ad902689428d6d627cebc79949a5277,90.22,327.9,3.961333333333333,238,0.005694842032052676,0.01586477275476263,0.0006964050704275746,0.16338411377322318,8.30383507626164,7.13
58c868f3ce97d236769cbb0454468f3b,90.2,600.53,8.5055,300,0.0035831132769365576,0.007491245540052854,0.000652511344133583,0.3412031718948971,10.138997789268801,9.4
58ce5e683e3aeacff789ef1ab2da552f,90.13,628.73,8.976666666666667,300,0.005646115116514863,0.0029660375607620127,0.00011388606218252879,0.12541054624849748,10.897002315259307,9.99
58fbcabcf7281c8bdf6ca88bf728a11f,98.2,997.65,14.990833333333333,300,5.622496923613479e-23,0.0024582370047592627,0.000382999879362346,0.1557335833208077,8.823775078976745,2.2399999999999993
5918067d453d66db637e079733a48163,111.4,906.2,13.246666666666668,300,0.004311257315978821,0.0012884967612677863,0.00023635142445583158,0.1457286665566961,9.40234011389009,8.809999999999999
5b192af6082df54eb185f5f53974fce1,90.22,311.88,3.6943333333333332,222,0.008086358675809124,0.013591749068224721,0.0005867350332751587,0.11284484257717423,8.6863722470712,7.669999999999999
5b56770b540f71737626b131f1b2eb20,90.2,989.5,14.988333333333333,300,2.4490433321619193e-28,0.002194491040704802,0.0007135566640488045,0.2056037221353189,7.765333045595112,2.4699999999999998
5b83631379ce13424d1c5f6173247a0e,90.3,753.4,11.051666666666668,300,0.0009955173663027343,0.009153258114971946,0.00023518459298019185,0.1628425269367438,8.566743960856934,7.699999999999999
5beeaaa85437144568d3f486ce85c1ed,90.27,348.17,4.298333333333334,258,0.006357902330245152,0.014270236234598884,0.000625702622697059,0.17971781873343368,9.076839936846554,8.3
5bfdf52cc0e2fe014b2f82a72ee82993,90.22,295.85,3.427166666666667,206,0.009262348375410682,0.013126270823602083,0.0006496860033591247,0.10865228431678542,8.642438533062375,7.56
5c5c6e69c94c9c2fb48104f59bc00737,90.28,462.47,6.203166666666667,300,0.005004943778237137,0.007533726902428925,0.0006333564975082785,0.20070302828459505,8.169985240996386,7.13
5c6773061a8b549ee4d5b49223e2ae6b,90.27,697.2,10.1155,300,0.004909800211568127,0.0026675185904924278,0.00019568905221261103,0.21033020555562848,11.242213753076108,9.379999999999999
5c9a4a2a0cd29e1bf7e6783ae6582300,99.17,784.23,11.417666666666667,300,0.0008625625097207683,0.010238181488007134,0.00031324899836788296,0.2384001315416053,9.828739069059978,8.209999999999999
5ce7a2267943ccfbdb5809e853fd916f,90.27,451.42,6.019166666666667,300,0.008686039423292335,0.0043633534471484905,0.0012220629166542307,0.4115794255653108,10.582449073024259,9.110000000000001
5d22f7ac3206fbdaa5162e9e8d3c6f38,90.28,629.0,8.978666666666667,300,0.00510765124536925,0.0035665746468918195,0.0002269099391688781,0.17142045414137094,10.409726435992622,9.36
5d2a35b89e4d5ca34288cc2249fe13e5,90.27,448.42,5.969166666666667,300,0.008722638120568662,0.004012696107835973,0.00040562598725461905,0.11939467283674436,10.358990859387653,9.12
5dbf1d43c5b68e50a24f4ab2d19280bb,90.23,247.77,2.625666666666667,158,0.011173721653533796,0.019986506218421275,0.0010649975753971531,0.1956051637360908,8.9372949194916,7.510000000000001
5de51439d96208d572780a7917e59587,90.27,362.23,4.5326666666666675,272,0.007767425101838902,0.0101803649300558,0.0007654890688310001,0.21094811312890274,10.067378548275975,8.39
5de878f108b4653f68a4d458313aa3d0,118.35,1017.7,14.989166666666668,300,0.0007607769247186183,0.003097230956020931,0.0002115923128912783,0.0851328406111608,10.371250198469408,3.4700000000000006
5e1486ac8185399ea98edbcb3df22dfb,90.28,633.02,9.045666666666667,300,0.004898882010213926,0.003603339136144405,0.00020395984320767285,0.18331463793610037,11.162395657812242,9.03
5e2f6181d1616ce3352c87ab6bbf98cb,90.3,304.97,3.5778333333333334,215,0.011804210448309205,0.008403826277906869,0.0006008446083441742,0.10481231716041062,8.830948294099548,7.5
5e365946913b856d12debc780dbaf9cb,90.13,294.73,3.4100000000000006,205,0.007999725435357334,0.0178335577197294,0.0011823229241265934,0.25994415366516627,9.129549612668134,8.15
5e3ecb9d680020b83e10a938a11ccd22,90.27,511.7,7.023833333333333,300,0.007520060372620354,0.0030646392137253205,0.0006376049294394101,0.24565835585225185,10.315605183678256,9.4
5e419589098476e0dc71b30349cdf781,90.13,490.3,6.6695,300,0.003021328613364226,0.013689372719857134,0.0009411068920190512,0.4893145774803212,10.658925635492794,9.13
5e83a878c899442ff5cf437e9d325f64,90.22,271.75,3.0255,182,0.018907513438582775,0.005225387498068465,0.0009188005314815667,0.1064568499503695,8.633715562374716,7.73
5e90d87b8bbd61f99b8e9a8936416905,111.4,1010.6,14.986666666666668,300,0.0015154299293192292,0.0033091811382752584,5.553242311373596e-05,0.04473196163559092,9.687659661761312,6.32
5ef35bcec9632d4d1bdda37746a5060d,90.27,336.03,4.096,246,0.011434809940130176,0.00721672215732994,0.0008746461030207684,0.2128101309050524,9.406472211702278,8.540000000000001
5f2d9981a220f1cfa2cd523371c26f1c,112.33,540.83,7.1416666666666675,300,0.013294174964184356,0.0004507390888453259,0.0008986391218717339,0.21258120379348083,9.847736516904428,8.65
5f4ea69579fae10c38983b73389c21ad,95.3,995.15,14.9975,300,2.646979569445935e-22,0.0016820654973433563,9.573449462958819e-05,0.026114975214467637,8.270387591174426,1.54
5fa300f8974c17d64c07ad6308680a3b,90.28,391.25,5.016166666666667,300,0.00627716246237778,0.010224714711379758,0.0004970609145686489,0.15595178631817233,9.70106024822957,8.24
5faa5c71bdd79f5cd67a2f8a75010621,90.22,353.0,4.379666666666666,263,0.008211258822089238,0.008403615194787415,0.0007066912925097756,0.14637960053769725,8.132483504418637,7.1
5fc163a0abbf379506df937f2cd9bf03,90.28,528.68,7.306666666666667,300,2.1924023085695927e-20,0.01903638353816221,0.0006657090453117544,0.4241636034127157,8.526510168065702,7.38
5fc598c2513f0444aa7f3da0d97b6f9b,90.3,300.95,3.510833333333333,211,0.006631609311783147,0.019140601956566233,0.0018502123300394033,0.4025169181502277,8.934302646016414,7.040000000000001
5f592d1e03c906ebac066165046fe673,90.27,623.98,8.895166666666666,300,0.0051834330527767555,0.00371722512463642,0.00028046382134080787,0.2477650357652311,10.372619917906547,9.72
5f73c7fc5fa2f1bc3e95f58de53c4ce6,90.22,675.0,9.746333333333332,300,0.001990868161649394,0.008302170836600875,0.0006619621611734836,0.3634756771890133,11.060358700574017,9.11
5f8321c193278eec953bfc4b742f9246,90.27,452.3,6.033833333333334,300,0.008559188961582436,0.004184456048443625,0.0007107281025241649,0.24366104783195078,10.71674630496356,9.020000000000001
5f9958fb68ffd5465df64200c6e28fe2,90.27,989.9,14.993833333333333,300,5.267243512366783e-23,0.008487054337107712,0.00018686638517093982,0.22910570682342815,8.201457890075549,7.470000000000001
60bd710107f8c23c94196c7d80023f40,90.13,989.88,14.995833333333334,300,1.1776308084962292e-20,0.001965160714167047,5.592742831089715e-05,0.024485114289075304,9.69860338468444,1.7000000000000002
619d4b6852e5446f1fac9a1042702149,90.3,740.37,10.8345,300,0.0036899147226520644,0.003652421676433408,0.00018750091601999353,0.24519692746739408,10.955390303475895,8.969999999999999
61e142605b91948ce6ba3824c60c933d,90.28,607.9,8.627,300,0.004678155798031535,0.004626964417579885,0.00022067211851711088,0.10773471240661929,9.948056896453718,9.31
61ecf35137aa763c527c659b8eeea253,90.25,408.3,5.300833333333333,300,0.001430025065198744,0.020370895126278293,0.0008868173116901605,0.2806555835143282,8.205172540607826,6.98
5fd00cff2807efb6ca18d66fb5bad77f,90.25,425.42,5.586166666666667,300,0.008034708743152283,0.00488969830790048,0.0005885822019626117,0.15102760260999143,8.138201666294082,7.549999999999999
601c7d0f32276dc7500ab9950b2c0341,90.22,724.15,10.565499999999998,300,0.004181431537664087,0.002780866908130859,9.427928103202112e-05,0.11579291948951294,10.015044867191387,8.399999999999999
6043d40f871e9a3a97f5db1597f54145,90.27,365.07,4.58,275,0.0035427183932066875,0.017691790334468247,0.0006905726417068465,0.18688860462271134,8.525360861470832,7.19
604f9707c2b5113b4c0a2dc15cf74669,118.42,802.85,11.407166666666667,300,0.010110694559259337,0.00010555572855836892,0.0009090119361498469,0.2821145293963047,9.913285076280399,8.9
6237bb8939a60ae5907f9b68c0c69958,90.27,315.98,3.761833333333334,226,0.011312606159026944,0.008421062051605683,0.0004955407185331048,0.08891839771314526,8.954554172594513,8.149999999999999
623f4eee3925e1f36e75a59d18643d31,90.28,485.55,6.587833333333333,300,0.0019743003384266964,0.01270908493580993,0.0003438116127614165,0.1258548949914982,8.028800318493085,7.03
624be3c6f1fb70f5703b33bfc8654bc5,93.22,992.5,14.988,300,7.179941823572825e-28,0.004052863599843335,0.00045664865292470864,0.2775846510555222,9.189406593441953,3.5500000000000007
627af81bdd0edbfdb816a6f58e4fc197,90.27,798.58,11.805166666666668,300,0.004292069567658717,0.00209181500014998,7.193904703029409e-05,0.11942113322711333,11.351849198024338,9.35
62a4bfdb522e023b6ecb774ffa1e2693,95.2,994.63,14.990499999999999,300,3.2360440386818257e-21,0.0022529847631406314,6.717561994549688e-05,0.030151412016968825,9.168368170061061,1.9799999999999995
62a73b9a1c644d7d8421090df4d190cb,111.4,416.45,5.084166666666666,300,0.01351471465684465,0.002451495848591793,0.0011949744090170062,0.3049817318335963,10.734200175174102,9.17
6375119f19c6d3ad380cb2033c147506,90.25,989.23,14.983,300,1.8634630075311785e-25,0.0016071021678475401,3.79490683638392e-05,0.015577388744186592,7.4151032964600105,1.3600000000000003
6390dce7012cc858dd61bb3a0b52645d,90.13,369.98,4.6641666666666675,280,0.013043465149156091,0.00320076855007427,0.000650538589395987,0.12025401744233671,9.593890428466931,8.4
6392e4d11afda9a512c8e6d856b5252b,90.28,314.05,3.7295000000000003,224,0.010589325359323169,0.010072385332624159,0.0006829351817063781,0.15471451287611926,9.230326068623745,8.23
63c02b002874199c6f3108df0b63bf55,90.27,378.1,4.7971666666666675,288,0.01031905255682316,0.005117170779028886,0.0006656857528767118,0.1424404924473121,9.071717772073217,8.35
640d92b664af7cf1b7b73f2303e8752c,90.2,524.23,7.233833333333334,300,0.005025277366349562,0.005793623307361621,0.00042608523224475027,0.15655724451352945,9.81364206379191,8.61
6479d9c1cb7914e3f14b16a968140bc7,90.25,989.23,14.983,300,8.362847576525702e-26,0.004317957995351212,0.0001136307213884689,0.08285482513269629,7.704345665265798,3.5999999999999996
647d49d59f2ba64fb8f69c2dd65f58f9,90.2,544.3,7.5683333333333325,300,0.008032120947284576,0.0022806343090773537,0.0002539584880143927,0.12247141549345858,12.107783696979174,9.73
6480c575a6eca1fd4c1efe2fdf809651,108.38,874.08,12.761666666666667,300,0.0071359637436322915,0.0003426529643292785,0.00044717632478385034,0.22940361995107833,11.359998758309631,9.76
64e094151031d7b6b6b830e6f53d2091,90.25,733.33,10.718,300,0.0032044752408685335,0.004345871814159889,0.00036744528711576903,0.24900281988044187,10.760202089664713,8.559999999999999
65096f1eca8088fec71250d1d5de718d,90.28,557.77,7.7915,300,0.0035611541720867675,0.008518306607689874,0.0008268111748623628,0.4193127124958829,9.75637887175304,8.6
6522fa430403f80efbecaa6fe2f7f13f,90.27,344.15,4.231333333333334,254,0.005233334299488008,0.01760697380088883,0.0012721195453188926,0.33028602228773185,9.196389444008375,7.749999999999999
6532f52e80bf248d4dd6d4e4080b6ea7,90.28,989.23,14.9825,300,2.004344567258951e-27,0.006204277357600622,0.00028041363641515525,0.34872741967123044,8.081360028003347,5.35
656aaa692ac9b8c20551d6003e5bdc7b,90.27,349.17,4.315,259,0.0037224503975876455,0.021997467906973704,0.0015493498187806657,0.47261455962869164,9.389630493723352,7.760000000000001
65758c81c0001e25c8a6f88293932ab0,90.28,638.03,9.129166666666666,300,0.005320174933660468,0.003021724563808373,0.00020694747860293148,0.20227015488335734,10.749358280843035,9.389999999999999
659f240dab7c6c3f14bace4012990b7a,90.22,290.83,3.3434999999999997,201,0.008667750014979037,0.013014526259835502,0.001177594255632948,0.20573636486606783,7.434829161242437,6.21
66088d0c56e82f144848ee7380f6d9ae,117.42,1016.63,14.986833333333333,300,0.0028830627121068124,0.00047960141536428503,0.00010791093236429596,0.03743598966278466,10.809437213604184,2.2699999999999996
661b52aeac6695d0231b3d08bce244e9,90.27,279.88,3.160166666666667,190,0.014245983618650674,0.00969408030284737,0.0011252602493524277,0.23834015176953782,9.567786320159584,8.3
6641b17cb68c36f9535a6100a7e89946,90.13,294.73,3.4100000000000006,205,0.013924431025060373,0.007958523631014496,0.0007943372534674508,0.14074822042335333,9.81280440156034,8.42
667f05660dad780115881745fa1c32e1,90.23,603.7,8.557833333333333,300,0.005593103858632112,0.003144911459342382,0.00023612860086922387,0.17576786097276692,9.624284616801315,8.99
66b039a06cbc444a32c6b43130067d09,90.28,320.07,3.829833333333333,230,0.010535072528488166,0.009344863831800226,0.0008333760764382058,0.17811998454810893,9.170086059948428,7.97
66e814571b6da8e18a3b7aac2aefce82,90.28,337.13,4.114166666666667,247,0.00812305102710654,0.010518338532234717,0.000726453577226772,0.15786978458910403,8.49514403826328,7.390000000000001
67076d4c5eb406e4dacc1d1551dc1189,96.2,995.63,14.990499999999999,300,3.459629087291109e-15,0.0017415284953694334,0.0002859958372780433,0.07647415836908412,8.88824101926755,1.6500000000000004
67280d3052c996a945ed2d9dc940eea7,90.27,620.73,8.841000000000001,300,0.005212697874538652,0.003498124543796759,0.0002645850609010641,0.12703234364286506,10.927442902598132,9.129999999999999
6732ad985dedc9c304326737f67e88b2,90.32,843.0,12.544666666666668,300,0.004407887145178706,0.001132028555545632,0.0002959788107915316,0.12841880423477148,7.246136067766859,6.42
6775c971706f444bc09462e9fe16d023,90.25,737.35,10.785,300,0.0032951901630383137,0.0037303288415190027,0.00027230851897344275,0.14550045941953557,9.394071779881353,7.720000000000001
6823df4b079a89210b32efb3b4bcc7de,90.25,335.0,4.079166666666667,245,0.008335658405520634,0.009630536756945984,0.0007843062525543926,0.16630786154069707,8.249226460268407,6.779999999999999
68a1f67c924c536314307e68688e3791,92.32,991.55,14.987166666666667,300,0.004205818532885055,0.00024356471726394514,9.294311965789795e-05,0.04457495015221426,11.278734057204142,2.6400000000000006
68dc078ac6c34cac824e8a1988bbb5c9,119.35,477.67,5.972,300,0.01278071475206133,0.0014149335562964633,0.0007883985653464322,0.2121599745028507,10.04924835367344,9.26
69104927157d11e203cb0da977b42101,90.2,353.9,4.395,264,0.00571679897772972,0.015691973768923128,0.0013891252026097486,0.4027363438604856,9.285280418929585,8.05
691d9df3067d0721d0bd42106eaa9fe5,90.2,519.32,7.152000000000001,300,0.002076878946840742,0.01396992803430858,0.0006360996714491835,0.3050589973929713,9.69565040766502,8.200000000000001
685a7ffc4b8c0236485fa71a76e142c1,90.25,344.05,4.23,254,0.009423290084740644,0.007320462046458753,0.0006705805432608331,0.13174753262506322,8.180009536430765,6.83
68826f4c13e2ebdeba1dc05e2ebb1433,90.23,582.65,8.206999999999999,300,0.006052495208497768,0.0030141312409897206,0.00024056418911802492,0.13648741864803274,10.512395586314058,8.72
6896f9173bf04b34c495b2a2ac0f546c,90.25,528.8,7.309166666666666,300,0.01373401577796082,0.0002548657127079317,0.0011805135242639727,0.20050070500167297,7.693123141755846,6.92
6897bb2bc2fc56e54adeb9d65c47e0f3,99.3,296.9,3.2933333333333326,198,0.018878689092107798,0.0045183635284405865,0.0015660697949799885,0.25832221023489466,9.50630644668973,8.459999999999999
69495279d85251194ea29047382c5f24,90.28,431.4,5.685333333333333,300,0.007626209415147656,0.00587260797151002,0.00040286299729799753,0.11487376062208397,10.292946229125851,8.850000000000001
69b6e06f07ae6062bd0a864d2278b6da,90.28,734.35,10.7345,300,0.0037547790374347677,0.0035810267596024744,0.00017164066831052682,0.2193030607604955,10.875335878013114,9.309999999999999
6a1114d119d65a882ba24719b55b6b2b,90.27,394.32,5.0675,300,0.005027532689320094,0.012017452378578779,0.000459784205170893,0.12017051811050657,9.190126271303084,7.87
6a3752ab8a4237dd66f2bbe5cf438e10,96.33,749.67,10.889,300,0.007424290721366685,0.000643459499390451,0.0005472636430101589,0.23330669443193539,11.252859420935554,9.49
6a430c3b6971e2632c6fcd3a745126ba,90.2,635.62,9.090333333333332,300,0.004496671869889502,0.004315191301193197,0.00025324958530576174,0.176120758345349,11.354667286780643,9.25
6a448fc9ddfc96986565ec3de1db7f14,90.22,277.77,3.125833333333333,188,0.004059567078162825,0.03447765197863022,0.0020109739092079013,0.50454694364052,9.403135736200172,7.830000000000001
6a540f87aba5712db1e70668553dbfec,90.27,383.12,4.880833333333333,293,0.009752806248798008,0.005570315685640596,0.0005346542814860414,0.12246867598985486,9.23804779191896,8.56
6a5b9c8eff288b041f35dbfe9359a84f,90.25,989.23,14.983,300,1.125464862118265e-21,0.004130383432112496,0.00012607394737401172,0.08321330154118835,7.773593560138297,3.49
6b07783a4e1931494230f8a80155691e,90.13,687.95,9.963666666666667,300,0.004061478342239806,0.004071182870469494,0.00015473507516986176,0.19167602933114541,11.97690066804784,9.7
6b58bf64d447428b518bf93ccae4cb9f,90.13,290.72,3.3431666666666673,201,0.010850612702891733,0.012377532233512581,0.0008263413624403041,0.1565848969570821,9.1822458004768,8.06
6b7b391613f64a0f37ba8ed619fd8e22,90.27,412.28,5.366833333333333,300,0.004442858838099959,0.012463866369079413,0.0006499996680180371,0.19551362268034334,8.783064312163663,7.840000000000001
6b99e0afa6684e8737c518ea0fbc1235,90.22,724.15,10.565499999999998,300,0.004436459239681914,0.00258125087504944,0.00011108633210364196,0.14492237268192126,10.060751340746199,8.75
6bcebb4e610cd982429bfac839880e54,90.2,302.57,3.5395,213,0.007397762023131167,0.017109765992256856,0.0005416558135318477,0.11341348571790025,9.442903097365127,8.0
6be9223017c426ca87938089925fbec8,90.3,269.82,2.9919999999999995,180,0.01332209800978053,0.011173585356885002,0.0005156053213502646,0.06876125474830433,8.356369847554026,7.779999999999999
6c2f6668bb3bd787464f8a5b649e4449,103.17,1002.93,14.996,300,1.8629618239638725e-16,0.001991970285870999,0.00011438558979842433,0.04435239458876837,9.572596398318789,1.83
6c5d7efc54942bc15ac625e7fb6bfc32,90.2,413.9,5.395,300,0.010067959322379319,0.0037738860576637385,0.00013294173241804554,0.04763676501419525,9.621984392317577,8.97
6db3bd6fb8eaa2cfbbd108a13ac9c6ac,90.3,291.9,3.3599999999999994,202,0.009296647648394354,0.014407182980637456,0.0009581461882890898,0.19703835167486222,8.54127981637141,7.41
6de40c5619193d1169eea450af0425c9,101.3,1000.67,14.9895,300,0.0017342686213315632,0.0005045287089309887,3.106905597440481e-05,0.015573474083236121,11.267156505132874,1.1399999999999988
6e61d1f8a85b26fc9ec30531d1cbffec,90.3,845.77,12.591166666666668,300,0.003790103301863889,0.002195639856685158,8.161175532098511e-05,0.14083377647234321,9.740544007540112,9.05
6e817acb16c114a44da31d3422c07d01,90.28,270.92,3.010666666666667,181,0.013022489489525124,0.011609295381147645,0.0006300437983988883,0.08914005230490654,8.704061477038339,7.809999999999999
6d03510ef9be7f14ab8c6c5333fe206a,90.27,329.08,3.980166666666667,239,0.011230246925002886,0.007424421538053522,0.0007085829244922568,0.1433096880818986,9.528804884943133,8.1
6d6ae883df7537a96f9ea7dcbebd97f2,112.4,1011.6,14.986666666666668,300,0.0016897664490476577,0.0025832819658080054,2.3228158841979705e-05,0.024716673024906283,9.587114787609071,5.45
6d8a310371973b1f30e1e4d3d2e00b79,90.22,264.73,2.9085000000000005,175,0.004873961325165712,0.0300125644184126,0.0009483142099902591,0.1718195448952724,8.14809712937136,7.3
6d98549c2a18f66fa2acc0ed2e82e813,90.28,478.52,6.470666666666667,300,0.007882427058853834,0.0033233293864325135,0.0004949061384296587,0.13609676084353697,8.790127670383848,7.65
6c97a97045be952bceb1c3abf4a03dc4,90.3,310.98,3.678,221,0.012910570031397032,0.006883054448812561,0.0007900789048399008,0.15218533047087676,8.834873982884254,7.689999999999998
6c9b339942f634779a325611f023c7ff,90.3,762.42,11.202,300,0.0007892329310429119,0.009992257479564535,0.00028775733461701116,0.1887913738152246,9.67909094100948,7.85
6cbb82ad9667a65b4b0d2a30b7a01e21,90.23,361.03,4.513333333333333,271,7.918806075340236e-18,0.032088611318997,0.000581273560829427,0.29460986571628184,8.595568679193063,7.510000000000001
6ccf142d5d295ff910c574d192f080b9,90.28,738.37,10.8015,300,0.003433381267069413,0.004053331129048019,0.00018806423287562421,0.16478534560775307,10.702309355544243,8.93
6e84ca93037c60f78e96c3aebae34f4f,90.28,635.03,9.079166666666667,300,0.005923498267198006,0.0023827122939444364,0.00017777862010537242,0.1237522354602744,10.95166865358303,9.16
6eb5772f95976a1865b81e747feb14a9,90.2,433.93,5.728833333333333,300,0.008807796328065434,0.004302964634405444,0.00046083482052523947,0.13144126437043246,10.683397673231118,8.600000000000001
6ed4247820c0099b7a2e68a7e0d5b6ad,90.28,888.83,13.309166666666668,300,2.352908613057886e-30,0.007051943694427048,0.000644620381697992,0.603379987409394,8.022428360563245,5.609999999999999
6ef81ccc9b63f84dac6b971929422599,90.2,539.38,7.4863333333333335,300,0.006352409550178068,0.0039985685236352654,0.0001729812496343275,0.10226132904537809,11.271438340815848,9.65
708f18c5e948d382f92487aa41647e8d,116.42,630.22,8.563333333333334,300,0.011185172749106397,0.0003380525689459005,0.0005803762868579522,0.17876231991643093,9.903890383810259,8.67
70d14985b44135ff27577fbed79976a9,116.42,1015.62,14.986666666666668,300,0.0076810206745605535,8.082061736729719e-05,0.00024480115431276206,0.1691041308536906,11.29464632992482,9.77
70d479267bbc2fc9726f347c851120fc,90.28,622.0,8.862,300,0.00550292931154519,0.003166103967837846,0.00017111722780909958,0.12810532320684762,10.972607163072057,9.309999999999999
70d5fed49f77bbf46cca1a9a8e544441,90.27,618.73,8.807666666666668,300,0.005001772926426458,0.0036669383974565657,0.00012593287572518598,0.15025838248301387,10.4011309451807,9.32
6ef8d99b05fe66d7823407f2f78f47d3,90.25,547.78,7.6255,300,0.006172933649318242,0.0034195741931879456,0.0004373430827028208,0.17307207130816535,9.089888411351836,7.8500000000000005
6f30e47f8fb6a7ada6f1510bf2b87897,90.25,412.35,5.368333333333334,300,0.008456844670296206,0.004742101057598391,0.0004209360731901154,0.10155746525838553,8.815229434955702,7.45
6f5151e7afb16faf6b2df8c169938ee4,90.28,428.38,5.635000000000001,300,0.0005620231009284768,0.023948866922215446,0.0007402456992019943,0.35808284216043174,9.109049953476658,7.33
70568f2361f3dfb25ed021dd9f72341c,90.27,379.2,4.8155,289,0.003956656643717456,0.018037627862225715,0.0011758512711126958,0.37735375555383754,10.112026615316081,8.09
70defc15154662d7b684403af0c60e9e,90.27,319.03,3.8126666666666664,229,0.010495829244076587,0.009256338506406964,0.00041310364797184833,0.07700169810654103,9.34637455151468,8.25
710e83cbf9bcc26d99e55bf3f28cdc41,90.32,594.1,8.396333333333335,300,0.010615702062968718,0.0004240465578355673,0.0005999014908057902,0.1435849100632411,8.17283006909668,7.91
711dd120feeacb84bf6548bea8daa167,100.32,1000.17,14.997499999999999,300,4.416223101690709e-20,0.0017348891121466942,0.0002122209759362568,0.05461015390058535,8.675880797813383,1.6799999999999988
71243c001b9f6874703ff16d3f160366,90.27,468.47,6.303333333333334,300,0.0076647889908427,0.004734945620846364,0.0005518833262729508,0.21139343407234565,10.08445673277651,9.29
712d2b8fd3625e1dd6916c8711eea6aa,90.3,989.13,14.980500000000001,300,6.018531076210112e-35,0.007307721862192009,7.94179617768398e-05,0.09104470752464629,8.846647703497531,6.130000000000001
712e182954001a44c3cb371600fef4bd,109.32,664.32,9.25,300,0.008705401972252507,0.0007097882020567031,0.0007089572295856073,0.25216611839770475,9.823985938497575,8.69
71310c4af438f990d4c6be0472923fdd,90.23,395.13,5.081666666666666,300,0.01265212308334686,0.0023943487337486744,0.000491617415048328,0.09421104088101542,9.885240286555565,8.6
7159eda81e52ed29cc903f3cfe91cc78,90.22,368.07,4.630833333333333,278,0.010337133792916706,0.005323814257773943,0.0004480808111146222,0.09990635015801942,9.321245842228626,7.84
715eb368bd509f0ea947aa91f9ed6ea8,90.25,414.37,5.402,300,0.007024781356596441,0.006237523204130488,0.0004998086219866691,0.12126381971244511,8.92421811435559,7.14
717768f03f34f2a3d56c800d790ade71,90.23,281.87,3.194,192,0.010109247499322458,0.013712494043000949,0.0006714130292137444,0.12209714211819886,8.494236143738569,7.31
717fbcc9b88cffd58f43f18e653da3b7,90.27,286.88,3.2768333333333337,197,0.014768300960264848,0.007572908393384623,0.0005778343730720886,0.07832755739642575,9.605151043915217,8.25
718185371d761239fa9cd6cd47b75ccb,90.27,540.77,7.508333333333334,300,0.00652651515376254,0.0038139063243595524,0.0005578385801399195,0.2531712575301741,10.866466221307714,9.34
718414a24c253d0ac03903d2c245507d,90.2,425.93,5.5955,300,0.010619011400410685,0.0029266911972853906,0.0002262403565973112,0.06654896775841497,10.296509022432506,8.86
71bb8eedd9c0258298e50954665f165b,90.2,423.93,5.562166666666667,300,0.007014809474172287,0.006663381585693152,0.0005694602195732467,0.17541595811595206,9.60124035349083,7.86
7205e65a8da465ec26c6a9ce23855e9a,90.28,489.53,6.654166666666667,300,0.0015061180754556275,0.015170230371116184,0.00023220555384518494,0.09174214802293794,8.389579939417883,7.720000000000001
723040dc8595eff8b91d3eb41685e994,90.27,514.7,7.073833333333335,300,0.006443380758936793,0.004456748767988793,0.0005305787105553719,0.2117795021116108,10.543097595983884,9.28
732472483384e5552f55c184cfc589e6,90.28,542.72,7.5406666666666675,300,0.00579071147103594,0.004470507806835997,0.00033669671954060656,0.13212334805734796,10.7282105705363,8.920000000000002
73357fa4afa265f92a3a1b4729c2c649,90.13,480.28,6.5024999999999995,300,0.004751033218299328,0.00885138993575662,0.0008164214390973702,0.300094527044098,9.45410547326602,8.8
73368844fc375eb25b561a3cc80b52ae,90.27,785.55,11.588,300,0.0041886127855539496,0.002399299131124486,6.910289396154254e-05,0.11916627743729427,11.199442701597805,9.79
735fd6fc2e5a525951b311b0dd8fbb47,90.2,389.0,4.98,299,0.011583178458577693,0.003414934290428039,0.0006842148108804424,0.15626016687173488,11.226303602407457,9.57
745a5063b391733a94aa20c8e48e1335,90.3,368.18,4.631333333333333,278,0.011343807081516956,0.004269248232722699,0.0005593010926404056,0.11156182136753609,8.603982538935476,7.670000000000001
7460944275f9d242de24e5f0d7b4fc74,90.28,401.28,5.183333333333334,300,0.006686385392418864,0.0074362928115348295,0.0006017346352108972,0.14081087983113372,7.794655771184351,6.8999999999999995
746b5ef2fef5b431f2addc6a60093aad,90.3,298.93,3.4771666666666667,209,0.011715273744915947,0.00924937249952278,0.000612364219424685,0.09629602965453472,8.364023846534618,7.750000000000001
74a78f709289d63cd5ce97a502bd1e26,90.22,462.43,6.203500000000001,300,0.007073132931736803,0.00488949223142702,0.0006096546545593184,0.1924499745175113,8.83074615976634,8.299999999999999
7596016e089e3597d5bcfbfe5dffdc41,90.28,439.42,5.819,300,0.007333369158939192,0.0061431704120147946,0.0005629147923630289,0.17211075311981672,10.411053565907984,8.94
75cebd92c9903537fcecb8756dfc1d12,90.2,303.77,3.5595,214,0.009163612787591546,0.01505229797521223,0.0010636636653154955,0.26428294896686755,9.990869219793892,8.65
75e2ce06deebea7e83cb9378a11c5709,90.23,272.83,3.0433333333333326,183,0.008249110702274699,0.020248310104780697,0.0007752669610012979,0.14507987618257512,8.876437105899104,8.1
7608b57dd53a4e006453d8bc118418a6,90.25,321.95,3.8616666666666664,232,0.008427188060063106,0.011060536333659957,0.0008848066024888483,0.18367143064585512,8.404050816229105,6.85
7396cf9602c7b7b5cb699059795498e0,90.27,582.8,8.208833333333333,300,1.1134771677194582e-27,0.015524952171737386,0.0004768340841320136,0.3872589730966141,8.102789107373221,7.42
739e597a4cb99febec82fe29acf2ea4f,90.3,379.2,4.8149999999999995,289,0.007610178617170643,0.008693650611411505,0.001013978127156107,0.27009333422697923,9.005504927153547,7.790000000000001
73d0a519bfad901ddaa4ecf28ef433e5,90.25,989.23,14.983,300,4.398031672029382e-06,0.0016393195483583158,3.69665613563528e-05,0.015904835001331778,7.5598078111319085,1.37
73d8f8a37585ffb9a787662304cd8b1f,90.3,794.6,11.738333333333335,300,0.003992938943748954,0.002572685608305196,0.0002867875079261283,0.18205768071253584,9.578590125679488,9.0
727f994bfde207d68259f53825234835,90.28,352.18,4.364999999999999,262,0.011749455662129248,0.004847024828095629,0.0005391883518555652,0.1018629740225168,9.038773769056208,7.95
7297b5bbda2752681445485a68b5e978,109.32,669.33,9.333499999999999,300,0.00920031709651763,0.0005554968874842602,0.0007913404356748368,0.2901693498828849,9.974447965261927,8.69
72d4faa02c7d6da7c95eba1dc483733f,117.35,514.77,6.623666666666666,300,0.01595223552577844,0.00027440371333804114,0.0010046719797378754,0.19569578443502736,9.589491512657213,8.66
72f5552fc6191e9c5bd2bba1606532c7,90.13,989.88,14.995833333333334,300,3.350583488998702e-17,0.004901608058811966,0.0004964040141525144,0.3841418607915029,9.562877926090275,4.21
74b8a76c21e8afb8390ddc379c861e30,90.23,581.65,8.190333333333333,300,0.005790326890334887,0.0033708773971816396,0.00022507189320812,0.14998796722323038,10.377454593977882,9.09
7517a2025154e871ec2115cd65b6903f,90.13,460.22,6.168166666666667,300,0.008577627173183923,0.0036732199006059363,0.0005220823398830249,0.19785960991689622,12.210381695976354,9.27
752b214268576514c6f907fd7444c59c,111.4,602.12,8.178666666666667,300,0.009491683868010897,0.0009003591207826249,0.0005509453817794487,0.1801780585579603,9.814620169906418,8.81
755babbf68d6d4f8168e391d63dcc4a6,103.3,417.47,5.236166666666667,300,0.013046111400210987,0.0021233787135474277,0.0008943745318408009,0.18857231489262835,9.793231103255614,8.41
76185eb650553752a66479853a64305e,102.22,1001.65,14.990499999999999,300,7.575560695329639e-28,0.0021828218243767233,4.5763981383055694e-05,0.025533696838971533,9.78198445059849,1.87
7692b07af7138562b618bdf4610e7062,90.3,989.13,14.980500000000001,300,1.3516879175472367e-23,0.0015030176663368058,4.01630494314309e-05,0.01883894771071363,8.356634390159936,1.4000000000000004
76cab3e45ddcad329aa1d08d4cccb52b,90.27,442.4,5.868833333333333,300,0.005202106424562869,0.006365972139896078,0.00048633400129123155,0.11953742678233154,6.871521708767776,5.64
76d2ed5e12bc1337713aeec2869004ab,90.3,293.92,3.393666666666667,204,0.014279321857500225,0.006909076455124999,0.0005376523207654884,0.07802859007813004,8.335775456051982,7.74
781718ee7b5fa0c64d59cfd885db5812,90.2,323.63,3.8905000000000003,234,0.00724427632692021,0.01426576926001025,0.0006881349379048928,0.1510492280647187,9.376392045839726,7.8500000000000005
782c4e4eb7166e8dcefa66b6e5191361,90.28,722.3,10.533666666666667,300,0.0039196733063372605,0.003443240367799708,0.0001386549791860167,0.1577175971236176,10.97205425977609,9.180000000000001
783f8cd9121186f2d9382ea5c25b7f05,90.2,327.83,3.9605,238,0.00695872594775989,0.01627991873866775,0.001371370743638374,0.3366638740198397,9.890475153842797,8.33
78a6cbf3b08e2598aad04534475d31df,90.23,268.83,2.976666666666666,179,0.011891701946483852,0.012983840009086185,0.0004912221638021229,0.07995736639632238,8.642466541308973,8.05
773b79cc1a0e1b8adf948baba1e12c79,106.38,853.03,12.444166666666666,300,0.008113515788655932,0.0002096511418806126,0.00034215303268780395,0.1754072639998553,11.611288264037666,9.83
779d99b9c29506e928385ecfd01c44d9,90.28,413.35,5.384500000000001,300,0.010849106184099684,0.0033301202327300668,0.000381180319742891,0.09790507132888839,10.676746440630065,9.11
77acc68faf0222e515db2bb15f7a91c9,106.38,774.77,11.139833333333334,300,0.008342439028066709,0.00036030606889734656,0.00032025403204024466,0.1683050841052416,12.225422721136376,10.34
77b163514f2b8dc5e026bc9e01b9c2e1,90.22,269.75,2.992166666666667,180,0.009813045086913698,0.01722616609683341,0.0007359854930722431,0.1367599288522685,9.205617102956579,7.669999999999999
7afed95f54f913bd4a35f412cb478a7d,90.25,324.03,3.8963333333333328,234,0.009689207153836022,0.008946655660649167,0.00033466286458176637,0.05801699491051256,8.142147810986977,7.51
7b0cd1599e861ad009f01ae00eeabf3b,90.2,350.9,4.345,261,0.005151892124587449,0.01718828548734662,0.0012544060214494622,0.3266656516705039,8.836964098069215,7.960000000000001
7b9a42359c1dc8e5eddb1fa24a741e9c,90.23,343.0,4.212833333333333,253,0.004048883770389511,0.015598928606809358,0.0005779726461551465,0.11954935213805343,7.198838508925092,6.2700000000000005
7bd05f9459a6f64d6651fea7fda97bf8,90.25,324.95,3.9116666666666666,235,0.009699835565056793,0.008839969726838643,0.001094868248479695,0.22687634208779425,8.711616673207377,6.73
79c0bed9bedc337937a7985808befd35,90.3,297.93,3.4605,208,0.0025547422914595458,0.03107573730625805,0.0012453563274235086,0.303701426278913,8.714481428842031,7.08
7a040e274688b7360374433a17168f92,90.2,312.8,3.7100000000000004,223,0.007323938161348779,0.01885816990354608,0.0011139901179219366,0.2774117850441459,10.280216673182728,9.02
7a2711ff19a273f23f8fa7ff2549547b,90.3,739.37,10.817833333333335,300,0.0036919451711882674,0.0035753627832766045,0.00017733429951837188,0.22253503815373107,11.144287481347751,8.82
7a3edd5d31b2f38e1bd4e2e39df970e6,90.27,540.77,7.508333333333334,300,0.0060188283257810804,0.004213690041097693,0.0007620033361682939,0.3013298730319963,10.703191588669544,9.170000000000002
7a727992610377d4954e30cfd3b5794c,90.22,278.78,3.142666666666666,189,0.009746663758035344,0.014890870982212449,0.0008149655781227358,0.1190861517705711,8.330922996836357,7.250000000000001
7a770c29186c509af0611727f0d95b0c,90.3,893.83,13.392166666666668,300,8.88304902231942e-22,0.008555375113094323,0.0001863450812058717,0.2139608424564706,7.398839294051155,5.92
7a8ddea875ed8d2218fe9f0c1a351c35,90.27,300.97,3.5116666666666676,211,0.013992926874198654,0.00693453603308621,0.0006792958716258793,0.10349565207236226,9.19373774296755,8.22
7abb3c1e71e4572dc515d981fb418155,90.28,368.18,4.631666666666666,278,0.008944418785704823,0.007359058196061301,0.0006756171131460478,0.15960754050901751,9.394686250998118,8.36
78ac27d9ae5c7ae0f7c4d720e6f3568e,90.27,360.07,4.496666666666667,270,0.006003719356914057,0.013377671096086766,0.0006887991328022455,0.17109636895696062,8.820501502227184,7.99
78d460ab7c39d83221723f9d5cf2be46,112.27,1011.55,14.988,300,4.103199313015376e-21,0.0022215020662007196,0.0006474388514308663,0.21968936064508715,8.275513065936599,2.1899999999999977
78ea816898a4d945cd3bfd58d0d98756,105.38,767.73,11.039166666666667,300,0.010144436848075547,0.00013802649321692455,0.00046333389769482203,0.2088519229318584,11.25997476591006,10.02
798e66237b36453792d1550105ff1be5,90.27,931.88,14.026833333333334,300,1.0292169622805388e-30,0.010193737296621803,0.0005767771591697717,0.859115448435213,7.573387352541551,7.889999999999999
7bd19556216135d4faf3cd567c507135,90.22,515.63,7.090166666666666,300,0.006096218600910577,0.0044635738888553515,0.0007067534709664016,0.2427546366698145,9.912069336644224,7.859999999999999
7bd25f12f75979643dc01e501060b785,112.33,1011.7,14.9895,300,0.003056033035191203,0.00024258600114151376,8.638988490387624e-05,0.02048516091035919,11.439092170314291,1.2299999999999986
7bdec150911a07fd9c974a0c976743b0,90.27,375.27,4.75,285,0.008716770196546974,0.0075805027630783265,0.0007229442790740569,0.1869893366650547,9.405765823108315,8.4
7c332f641768abb8405b5a481746dcdd,90.3,356.15,4.430833333333333,266,0.008029664744501284,0.009283725119990453,0.0009008053556731075,0.20633517822013436,8.666564740730363,7.5
7df3fb70002ed440fb31a3bc87807183,90.2,590.48,8.338000000000001,300,0.006071319371984974,0.003112458645105128,0.00028985317877039846,0.2045684654268367,11.028591279094936,9.38
7e4ebdd759d3f7a0cd1bdae130d39dd2,90.2,446.13,5.932166666666666,300,0.008391301781241603,0.004483737613337244,0.0003604927225601073,0.10698970131447903,11.048533921097253,9.29
7eb6ded692d0b79099649815385b89a4,90.3,560.77,7.841166666666666,300,0.006122974452652483,0.003464420272731465,0.0004979433578360484,0.27414137736952093,9.93627521432257,8.59
7f311d116bf0fdff08a48756ce9da1b0,90.2,435.95,5.7625,300,0.008255520210971564,0.004965297407575409,0.0004610378678860174,0.1413183788313945,10.483629109242264,8.819999999999999
7f76c1a20f14105787de890e77bbf91f,90.27,815.65,12.089666666666666,300,0.004342451443544692,0.002018745664500934,8.167018887304568e-05,0.12402095042440352,10.956012515971521,9.75
7fa0bfced590d6186082af5dd14ac410,96.27,647.23,9.182666666666668,300,0.010191090770270268,0.0003505657623801599,0.00028254427126638086,0.10661993443090637,9.169876389315718,8.76
7fcd848a0774d472093f06aef2ac2577,90.25,478.62,6.472833333333333,300,0.0017778970733217418,0.015484494239378229,0.0007406646347265924,0.3112493960160901,9.227190049827634,7.75
7ffab3bffb5ce4515f8a638fa553b239,117.35,539.83,7.041333333333333,300,0.01244634557637091,0.0006692028559727991,0.000985196983028144,0.24895436956629843,9.399563824409013,8.67
7d0b619a359c0b3fabe9ddf8dbbc1ba4,114.42,554.95,7.342166666666667,300,0.011803447067080147,0.0006860649228440688,0.0009143593574462353,0.2371504636841727,9.588255116405612,8.94
7d65cc3af9f429665f75b99d2969be65,90.3,291.9,3.3599999999999994,202,0.0021345384373498044,0.03439865176929192,0.0011970535914414225,0.27991532357359655,9.184718626899942,7.4
7d947014bdb89c1d31308f349606467b,90.27,989.9,14.993833333333333,300,1.5052821145325458e-21,0.00350982640531059,0.00022046830617561592,0.13599780276739984,8.47849019018957,3.13
7dd426cb394cadfcc5e83c6919949b18,90.28,633.02,9.045666666666667,300,0.005213027058617127,0.003177573620000315,0.0002086136456036269,0.18085959597616452,10.613164961603367,9.36
827ad5a749650bb012394c09d7ca9dcd,90.2,542.3,7.534999999999999,300,0.007177134457409893,0.002710478813653259,0.0002472194132856837,0.1634978546781548,10.784056724190947,9.18
8281e4cfa103384171f5cc40781ecb17,90.3,690.2,9.998333333333335,300,0.0045747947483625075,0.002922135170586951,0.00016562034847283365,0.18305036023192936,9.864422498447768,8.72
829e2a87a474dc80e1e99de5cb2ace4c,98.15,997.92,14.996166666666666,300,5.998886590777362e-30,0.0019097104760402136,0.0001537304247626607,0.04747552045918872,9.227734987857609,1.7899999999999991
82b26136e6469fea8eb288089276b5de,90.27,433.35,5.718000000000001,300,0.008192577448737267,0.005202479235896569,0.0003716350802996693,0.1101313961573028,10.40872439328133,9.17
80f5307d9179db080f7076ba7439df01,90.25,903.9,13.560833333333333,300,0.0028194381548567672,0.0028373994303222895,8.081704734005551e-05,0.1665158628878172,10.748471112731602,8.83
811a0405bb3a158fe4b2cf9fba74d5e4,90.22,742.18,10.865999999999998,300,0.0044759411487211055,0.002450452925254624,0.00012537633723093132,0.17830494483964648,9.990027700291165,9.35
81cb69fe7b8ba2e1b89e51219ea07e7e,90.27,801.32,11.850833333333334,300,0.004072425790758523,0.0023765127665734756,9.13147902552756e-05,0.13009183189830223,10.226157871588097,9.35
8206a25924a6040fb4b80bc63a6e16cb,118.35,652.27,8.898666666666665,300,0.01101824627038139,0.00031485622139023066,0.000988844216382995,0.2820159788618048,9.548587645355742,8.530000000000001
8326e782d747605336cb575d7b288161,113.4,894.15,13.0125,300,0.006849692710277296,0.00035055538261522255,0.00011426125809440098,0.1483348339943902,11.019224767018432,10.139999999999999
834122ac4a12a0001966cfbd1dd20f75,90.3,325.02,3.9119999999999995,235,0.011357994451474299,0.006939705078242345,0.00041336495664652756,0.07770114628667499,8.46494837806121,7.679999999999998
83673e5807c98d10a65894bf7b441b87,90.23,582.65,8.206999999999999,300,0.00576997791355793,0.003304979153018247,0.00022776160439099582,0.15342915344157476,10.573516102616779,8.79
8370049ef625f736923a486a5fe4a0d2,90.25,989.23,14.983,300,0.0014932376495924587,0.004095309195570614,7.167141879157893e-05,0.11382986230633449,10.343983135682747,7.779999999999999
82b632f41aa3ce79e5cf26068ea13d7a,92.3,523.67,7.189499999999999,300,0.007481740618838228,0.002878186501019464,0.0006975753169091653,0.2648358755628061,10.654911986850697,8.89
82b8ab960855eb07a1103d262422e0bb,90.22,512.63,7.040166666666666,300,0.006276260570507594,0.004331269987192167,0.0006223275628640586,0.21348958243813632,9.461828994270876,7.990000000000001
82bbf039d5079acac540ff07ff479491,90.27,417.3,5.450500000000001,300,0.007965586743466879,0.006817860763474078,0.00122163022285624,0.37163808334638093,11.126764175004578,9.18
83229e82324a5910bb573f353cf92f48,90.27,323.05,3.879666666666667,233,0.009910942924076615,0.00954567343497601,0.00038380024747505207,0.07884952614986215,8.806734185716511,8.19
866a8e010e5b7a730f09b2752839be03,90.28,287.98,3.2950000000000004,198,0.011372946636981159,0.011922095318307183,0.001286528261007751,0.24471540994702098,8.83983937166033,7.72
86816781879b24836fc8d16101c828cd,90.23,370.05,4.663666666666667,280,0.0061132008611114825,0.011962964438355057,0.0009813977308938118,0.2431952195406452,10.035598573990635,8.57
86843ea015efbfeea60a1fd3acd0ead6,90.3,497.58,6.787999999999999,300,0.006450230900018031,0.005091327515946013,0.0008235092496754372,0.30375970823308146,11.256392379491805,8.66
86b1592a735a0eea843a46e1cfb96a56,90.25,916.97,13.778666666666668,300,0.0027512026140409447,0.002911066678489647,9.259288283756358e-05,0.18113686343577326,10.846408887860568,8.82
83884001d65052df1d65684df172354b,90.2,536.37,7.436166666666667,300,0.005060479104379327,0.006179148596393007,0.000288453103398734,0.19499638371527936,10.537572306089947,9.889999999999999
83b88411f394f92620185f59f10b80d7,113.38,456.43,5.7175,300,0.0047732976776425394,0.010813804381324699,0.00032642731769925033,0.11314133500477873,9.663711070243561,8.59
83cfe4bc43151a5233b78366e1ecb749,90.2,239.42,2.4869999999999997,150,0.017877189524149743,0.011304184965774849,0.0007978469731059481,0.08772303916880259,8.524146945917881,7.9399999999999995
83ff405ff78656e639ccbd036ce2f2d6,90.28,989.23,14.9825,300,2.426888291967923e-23,0.005695831105363344,0.0009037485303655013,0.6586452822306931,7.396494472775476,5.4399999999999995
8463078780e8b160fd3adf8407dcb211,90.27,465.33,6.251,300,0.006107755820770618,0.006453490865686991,0.0005891260309943688,0.20391720578108025,9.492523929828476,8.13
8497030350c43904ccc4c852c13e1977,119.35,984.58,14.4205,300,0.00822341359182838,7.126890670913041e-05,0.0003973857967027594,0.225669838395394,10.854954598819548,9.43
860dbb31b741ea47b6011842e0ef2a61,90.28,328.1,3.963666666666667,238,0.01037175474971692,0.008917101744151064,0.0007752558549152966,0.1803279633656069,9.556826990503485,8.14
861f5db3a9f8d4766f132e835c873ea9,90.27,535.75,7.424666666666667,300,0.005799345388294454,0.005093473552830958,0.0005843913934772236,0.27537097877772354,10.329042432447164,9.67
86dd0172e312d7a0327512e8449f2ee0,90.2,543.3,7.551666666666666,300,0.00713788302950547,0.002988784395964707,0.0003825745087119377,0.18142849649451345,11.729602522864123,9.31
86e83d1b81885ff5663f6ff8c39fd2af,90.25,425.38,5.5855,300,0.0065900003023031855,0.0071031409570617,0.0005960175434276889,0.16813488216962075,8.985405386300087,8.19
8755904203b50f2f2b9dffa1d9b6b4d7,90.27,788.25,11.633000000000001,300,0.004316358032817715,0.0023570244110894443,0.00012553163605608482,0.19767847724378607,10.570292359089478,9.88
877aed47b7c325e41cf914a4b79e4985,101.35,491.72,6.506166666666667,300,0.017985654318826826,0.00015417997249636195,0.0010918471850532479,0.1807854678036276,9.634347622024855,8.649999999999999
88fc8e4df8b337f1b4725226767a8e36,90.2,780.02,11.496999999999998,300,0.000766159078180245,0.010676401996105497,0.0003408666155620098,0.2690558153982768,10.15088276762404,8.299999999999999
8912362f1d4e1c539df59e3b4293da6e,90.27,382.22,4.865833333333334,292,0.0032351819376666515,0.019014654311632885,0.001254735901585638,0.37635134175731677,9.380682390529579,7.64
8931d4f89581b8d2bf2243f97fd080eb,90.27,488.53,6.637666666666666,300,0.000608306597369532,0.019429836361374627,0.0003127983899104051,0.1296795580628046,9.021566264687213,7.939999999999998
893d85657fd6b75332815aadcfa81ebf,90.2,550.32,7.668666666666668,300,0.0033904858069516543,0.007287834783988299,0.0002299761490847084,0.08778596438665254,8.511453332013035,7.569999999999999
88742338ed21852265c8fd04e481a3e6,90.27,310.95,3.678,221,0.01100649577009068,0.009451243208182143,0.0006331716088009792,0.12257730796929375,8.931489466754474,8.08
8875a4175d5f4913ad79228c3351004e,90.23,290.87,3.344,201,0.005585446678562908,0.022353200720423832,0.0018713028306069348,0.38918290622314317,7.88042273696583,6.78
8898f0bd62c49a6cb2714136e846d913,90.25,695.45,10.086666666666668,300,0.004153672919728054,0.00384343755462863,0.001292052997575431,0.7521921648114294,9.651738978111355,8.129999999999999
88cac23d7788ea7484c1751026f1b409,90.28,543.73,7.557500000000001,300,0.0016973696314611269,0.012566517272349961,0.0002807119209373077,0.13080594290089054,8.871602662868817,7.739999999999999
894b389aefd9073e64b1b9bd661ea8fb,90.28,613.92,8.727333333333332,300,0.004564394210294275,0.004308418377550589,0.00016258083622146466,0.08359012658577221,10.250602943024914,8.770000000000001
895fa4704351e17e3d1a8c86fbc9edcf,90.2,989.5,14.988333333333333,300,5.371038359287781e-26,0.002383578712741861,0.0003562073928196188,0.1370593858689218,8.464293684529114,2.55
898974ca0ce444c0d23f74cf4f77f7e2,90.28,435.38,5.751666666666667,300,0.006682768611316236,0.006628507419626307,0.00039122384201721675,0.11714878040519837,9.232636102916654,8.22
89b24747897a9c64bcc3700dcef7e6a1,90.28,648.05,9.296166666666666,300,0.004696157185141641,0.0038913765362024017,0.0002572291962449834,0.2176457818149266,11.964862984096548,9.66
89b70cbbc1b3f3e3ef6173c28e864fa5,90.3,376.2,4.765,286,0.012206828624939032,0.0034199711973318535,0.0010271431977016444,0.21068055771776167,8.901399916001655,7.8500000000000005
89cdad171e3136a396659742b8c8e516,90.27,281.88,3.1935000000000002,192,0.012587425092387,0.011108632430559874,0.0008920810225838487,0.1474895801895092,9.157686991635034,8.14
8a36de13071a249f61e2665fae8f4e96,90.13,474.27,6.402333333333333,300,0.008082743408569714,0.003952732607040559,0.00047017032958631284,0.1752325094095517,11.423621410751682,9.46
8a53ff667799e45f224a9fce939f6d1e,90.28,357.2,4.448666666666666,267,0.013016608447797083,0.003783597796841796,0.0005574764488813452,0.12130160074094895,9.216032412802518,8.27
8bb5b121ee8498561eb4c0da404571e4,90.22,274.77,3.075833333333333,185,0.006574331252219381,0.024204502603294265,0.0007391268639530235,0.14856960294582736,9.348052545129379,7.84
8bde43973badd5b2d9f37a0ead35da82,90.28,322.07,3.8631666666666664,232,0.01038266276120683,0.008852207160428843,0.0003260593872009558,0.05916017505223704,8.726491810020246,8.16
8be5c7bb1600339323bbf518d104ec82,90.27,815.65,12.089666666666666,300,0.004632499068310363,0.001691049914565829,6.119208311443004e-05,0.10506659555151403,10.89228316446842,9.67
8bf96fe88cb7dbed40025d1e44bf45a3,90.27,643.05,9.213,300,0.005647852496105579,0.002676496023257388,0.00021149812878592446,0.1835684137856304,11.673586057792749,9.59
8a816996befc7b5ef29c0e04979e1344,90.25,370.17,4.665333333333334,280,0.00554614051450754,0.011541842050875268,0.0009135268301973251,0.2194629016179538,8.03469115290086,6.6
8a9058ad136d222aa9ea09ce6faf279f,90.25,546.78,7.608833333333333,300,0.00613834125466181,0.0034605067909866624,0.000506822200714936,0.20510310121224556,8.503045325449008,7.779999999999999
8a9d7004804b5ad60787f2c0abe760bd,90.27,329.02,3.9791666666666665,239,0.01004887630693812,0.009864553730412217,0.0007229919502019074,0.18150845937455712,10.585013397187595,8.63
8aac0820ef04e5c73569c92f88a6268b,90.28,342.15,4.197833333333333,252,0.011314230239102854,0.006381550784218684,0.0006045509998356961,0.13594901287829078,9.38237969142872,8.190000000000001
8ab0fab4124e83f9634c7b602c7fc43b,90.27,321.93,3.861,232,0.007535286604784614,0.013229390309419137,0.00017169977144804795,0.04069924564682711,8.646618885864648,8.06
8af35aa10dd6b0acf5f0c1ae660665eb,90.27,630.0,8.9955,300,0.0052070131180066825,0.003295473790001399,0.00023741332551788366,0.13903128176867696,10.074415745880634,9.120000000000001
8b00f303e6fbbbdc61021e88229fa267,90.25,400.28,5.167166666666666,300,0.00825881971379173,0.005236781845081486,0.0005328762026107094,0.13117607867464984,7.727666701744781,6.76
8b76b4fec07bc4f90808bc9b7daaac03,90.25,692.25,10.033333333333333,300,0.0037295084183730115,0.0040067893339694,0.0005675525676099768,0.2774789084461845,10.167882071652576,8.229999999999999
8c0cdc8dd9de8468bf1edc2332dd7fd3,90.27,573.87,8.06,300,0.005842150914961423,0.003341621847984181,0.0006919846889863705,0.2663385685217877,9.383304036655488,7.759999999999999
8c728b14031f9e58974d13af17a2cf33,101.3,451.58,5.837999999999999,300,0.008990886243454043,0.0038421742660532717,0.00034255590011543827,0.09200816893899648,9.379669416419969,8.8
8c91eb4af5ce99157801e17e604a394d,90.32,549.93,7.660166666666666,300,0.010721259873047779,0.0007022913132172299,0.000763331187537028,0.17465513581314965,8.515254082388672,8.24
8cbb8d7d9b9b470f3895595756328b89,90.3,299.93,3.4938333333333333,210,0.011045242181368585,0.01016423023049075,0.0007161391651721279,0.14278995511518663,8.683017067664073,7.489999999999999
8e78f81a8f00969f8a350fee3160d065,90.23,551.57,7.689000000000001,300,0.0040487590923101524,0.006748295702288088,0.00028942767435937436,0.12263932734183552,9.806766099533018,8.62
8ec9d85bb3618e0995fb37e6616494af,90.27,273.87,3.0600000000000005,184,0.015333046492587028,0.008955661819572419,0.0006588148116573199,0.09928681362157787,9.229075548736434,8.61
8eed6ede0b0d147918da46950dae3afb,90.25,989.6,14.989166666666668,300,0.0020785644320986357,0.00043342128902401183,4.811689317534591e-05,0.01889741133393321,11.565239780797652,1.1099999999999994
8f4175d7f77b9f536b3697858e19b951,90.27,321.05,3.846333333333334,231,0.011416278321442604,0.007799113441184163,0.0003238440222328472,0.05709433119548756,8.982088997809296,8.38
8cf4780ee23249029e9668b85d167641,90.23,583.65,8.223666666666666,300,0.005513886004522159,0.0035024683413393425,0.00023081882500805,0.16798498331055833,10.62662711586769,8.959999999999999
8d591c51dcf95f47a33e7c98320075b6,90.27,396.32,5.100833333333333,300,0.011324674854673254,0.003300511299425669,8.212553923724153e-05,0.03252964743739628,9.698921597273737,8.65
8d771d463d04faa9398280c7a620035c,90.32,726.58,10.604333333333333,300,0.007568433620388487,0.0006390133777173208,0.000954595795667125,0.4031167669605757,10.239728397188191,8.56
8db1a3241676a9a6b9109d863e525f1e,90.27,319.03,3.8126666666666664,229,0.00870936052278522,0.012556841413286588,0.0007989605187410442,0.18602801744906075,9.059338603366253,8.03
8f41bf87915006c62bdecc5480e7bc13,90.27,296.9,3.443833333333333,207,0.011876114496703652,0.009780029532098599,0.0007515780013440358,0.1538365580764917,8.93703034156067,7.92
8f6911272c55677b3789a54dfd5f661a,90.27,523.72,7.224166666666667,300,0.006610074666374882,0.003968120227731908,0.0006661617939748072,0.307444001516386,10.29837921326558,9.639999999999999
8f6beb2a2a69bc375d885473c3384738,90.22,252.73,2.7085,163,0.010891836063029259,0.01900968611604503,0.0010824463213172375,0.17142777277031793,8.432956336214403,7.48
8fa770529cbead545b79653864c96183,90.3,419.32,5.483666666666666,300,0.007926232203750988,0.005698920429058019,0.000630909846808698,0.18537013298839872,9.55841279957481,7.809999999999999
8fbb2c8689402b396080129b241ab8fe,90.27,366.07,4.596666666666667,276,0.002655539054132479,0.018664423801244553,0.0011909329170098817,0.29103643416182834,7.4889739643529225,6.49
90156620f3b1ea9051ec13dc3fbb200c,90.22,276.77,3.1091666666666664,187,0.004292047940787721,0.022853159916010498,0.0009688380836018605,0.16304078537099911,6.905445865947176,5.71
901c3bb2783967ba55f99e55f8a80a28,90.27,359.12,4.480833333333334,269,0.010631852305700448,0.005857369051509174,0.00043800419608021286,0.10425338343133993,9.306098659800957,8.27
905e84a73adb4673b42da17fdb51b8b2,117.42,1016.63,14.986833333333333,300,0.0025959229840267608,0.001726272901787869,0.00011278570526188383,0.05883781102823478,9.652510630934783,6.450000000000001
9099f816ae83304d5811ec578a6a63d6,90.28,410.35,5.334500000000001,300,0.0008662567869329679,0.02449148278865112,0.0008634094392230296,0.33481291274034813,8.881409473893582,7.53
90bb2f4a895274d9a395f66c065fc24f,119.35,829.02,11.827833333333333,300,0.008564693948525803,0.0002094495410598122,0.00046471898913037215,0.2795334481195456,11.439998214520708,9.66
90ed59c394a6f04f3d48f5a8c0649f4f,90.25,989.23,14.983,300,0.002185636961543747,0.002558925545534694,5.7347290650650816e-05,0.1252030668384115,10.259857633126408,7.2700000000000005
913f8f86f702c6eea3a20909a882532d,90.3,393.25,5.049166666666666,300,0.008750092195419236,0.005856162068240171,0.0005252576103400528,0.12011166505556234,9.13511164068898,7.93
9153a83a8bb3bd8d7d73066ec3554a1a,90.27,291.92,3.360833333333334,202,0.015058913484560782,0.00671366248814512,0.0005489330427365069,0.08700600062903348,8.877443862849592,8.37
917942b735b0e43a342b0a2ee68e90ee,90.27,541.77,7.525,300,0.005794007596045497,0.004501240297605124,0.0005309487481100102,0.2952526320674334,11.389803008798738,9.13
91d2399e42329116cdaa84b340f51e7d,90.23,287.87,3.2939999999999996,198,0.009310540416855605,0.015225236843171472,0.000337388549494763,0.058298951847299135,9.018959774560347,8.41
921032d49f132feb5cfbed981f825ba3,90.3,288.88,3.3096666666666663,199,0.010480496746737093,0.013090662567732628,0.0009377406352064655,0.20473687860339815,8.415068739986998,7.57
9210f4817e983046033e6bdb6bb137a6,90.27,434.25,5.7330000000000005,300,0.007969377749154093,0.005314938753144114,0.0007122554145360821,0.20525099410082132,9.466064542382751,8.33
92244bf8deca02a04be72ae49105c649,90.25,989.6,14.989166666666668,300,0.0013724708069934718,0.0010041128776595702,0.00020485699413993759,0.0449228229179309,10.615224816805355,2.049999999999999
92321ec0cff22c51746ee9c8f6c589aa,90.28,971.15,14.681166666666666,300,1.1221031433613514e-20,0.006939241653323888,0.0008817994214319786,0.8071802477662661,7.007392452150414,6.47
925eaf53aa39f5584131303c8d936c6f,90.23,256.78,2.7758333333333325,167,0.008619710635561807,0.025810718292443142,0.001216857934424138,0.26298867476085025,9.416653243086678,8.290000000000001
926ecaf11b63b1923b33bcdfe32ad93e,112.4,833.97,12.026166666666667,300,0.007811443559634846,0.0003051367823411278,0.0003846416146430745,0.19203714044800518,11.215971414373108,9.73
92d0426242cba693122ac74cfe8ff1ad,90.25,989.23,14.983,300,0.0021716076204663535,0.002698008223289409,2.8619566175219695e-05,0.056464083166764864,10.67840212279162,7.529999999999999
92d4460fb4534a1dd8c770101734f086,90.28,466.47,6.2698333333333345,300,0.0073686054574921625,0.004912671601284002,0.0003786155177075241,0.1349944233347567,10.49548107076234,8.959999999999999
9303328bd7492b8b5027317a7fc9bdc0,90.23,580.65,8.173666666666666,300,0.00599710037845162,0.0031084220550612906,0.00024837779807641576,0.17223277290095743,10.087565706049247,8.94
93346fa3b9bf985db83f66c4ed5233bf,90.27,308.0,3.6288333333333336,218,0.011467089105046764,0.009542319684861036,0.0006469122625546228,0.12383468212654472,9.542595423369526,8.4
9360cc6ccd427bd096d91bdbaed0bc2f,90.3,789.58,11.654666666666667,300,0.004098342100474303,0.002259572384019385,0.00011561654985405671,0.1190589694114813,10.690115344760656,8.53
938440adbedbe30720059110b27050c7,90.28,338.13,4.130833333333333,248,0.01471600474306669,0.0035364913568695,0.0004940861449609129,0.08023728566679102,9.52342469392944,8.290000000000001
93b4d855cf8866ea58364ab142effb6b,90.27,469.35,6.3180000000000005,300,0.007730272960898539,0.004366435318768091,0.0005776460403218405,0.19782648740941847,11.12203816247415,9.13
94177abd18a01ca97d2d15d6523f4ce6,90.3,525.67,7.256166666666666,300,0.007780852756248083,0.0024161874316670413,0.0004561312150487666,0.1759219622916229,9.455729887124631,8.549999999999999
9466bb7ffb2a91b404daa4b9448aca50,90.28,344.12,4.230666666666667,254,0.006539399195015293,0.015214527401096451,0.0009128019057197283,0.25473484267233676,9.440451732887517,8.58
9483fe81208bdead2eb1fc01e008ff50,90.13,321.82,3.8615,232,0.008641017762202573,0.00955311550459068,0.0008167531147646242,0.14052265794491242,7.605949252454391,6.38
948ef4eef84b942bf3d33f209c297a15,90.28,312.03,3.695833333333333,222,0.009436107056848617,0.01147343737567154,0.000729416952457067,0.15081968195668574,9.270416037070737,7.8
94bdf9178c82dc4b83eb868ba814f368,90.2,332.85,4.044166666666667,243,0.004000810529089811,0.025172087347282143,0.0017646816476230064,0.5073951337584988,10.562756345460173,8.559999999999999
94c17af39bd4775f537fdc4e9bb20ae1,90.27,292.9,3.3771666666666667,203,0.011317895277832108,0.010782554174415246,0.0005912851139862021,0.10555236259880466,8.980333271718642,7.790000000000001
94ef6b24f6502d22cf0f8ca176e06eef,90.28,395.27,5.083166666666667,300,0.00031519424138227,0.030757078024417767,0.0007192306053349207,0.34535430959185537,9.895990134682316,8.45
94fcf6463feff9e5eb214e562b424dda,90.23,514.47,7.070666666666667,300,5.951705066555126e-25,0.02197725165843445,0.000569711826515657,0.5179509410498375,8.969726705158852,7.7700000000000005
951bbc50a1d4407726f02b2335b1414a,90.25,621.08,8.847166666666668,300,0.0056307827489394495,0.00258552259472854,0.00043260144200777187,0.19268886245435532,10.147388711418117,8.8
952c65bc14a2f92ced8ac7d004f7aa31,90.13,500.35,6.837000000000001,300,0.0037278284108995686,0.01061314523044699,0.0008801546259033967,0.42506181117112707,10.291704588546795,8.600000000000001
955d06060ec072dc05fca7b375dc7b03,90.25,351.12,4.347833333333333,261,0.007154428745378369,0.011078386261926957,0.0005058971171501979,0.13051940054292147,8.737764819628586,7.680000000000001
95714861afec73ef7a86005c23a8528d,90.23,444.25,5.900333333333333,300,7.644170718852163e-23,0.022831015088235162,0.00039768057113508424,0.19548557443078418,8.336588468457817,7.5
9603a247abf3d04fc23936e787649c08,90.25,446.55,5.9383333333333335,300,0.008616253782065592,0.003987112784793262,0.000585842416522301,0.16125666140547132,9.423498003529431,8.41
961fc67853fccf692b9daf70523c4ad8,90.2,409.88,5.328,300,0.009360742824853833,0.004841808995895112,0.000528913734320772,0.1449861693648013,10.098691534092632,8.72
9629938261040c05360aaa682db5d00e,90.28,510.62,7.005666666666667,300,0.006343483273193263,0.004552300159375797,0.00042673142415823264,0.16022881337862444,10.907054155142065,8.77
9650ada26e548c5a74baede92e581707,90.2,359.93,4.495500000000001,270,0.0030633229434190896,0.023262861210889725,0.0013943547964609152,0.4678539501769305,9.943065481601069,8.030000000000001
959069e39732727718b28c64589ebf29,90.2,785.98,11.596333333333332,300,2.0005323229787606e-24,0.012884101376534042,0.00014992793236185873,0.19618768748473092,9.446034374425826,8.42
95a56f3cdfa33850adf9acb073b2fd29,90.2,989.63,14.990499999999999,300,7.162347972048361e-28,0.0015135209026796534,0.0006436573076295923,0.1645872460668106,6.7342644321497085,1.6100000000000003
95d1833a7b18f200508f264d4ace56c6,90.2,411.05,5.3475,300,0.006012286978614634,0.011173805350084663,0.0010991221032676797,0.44245591755733193,10.95651972126117,9.219999999999999
95fb0a88baace1496cb5cb5791a5fd8f,90.23,244.75,2.575333333333333,155,0.013057846391368332,0.01571534887923588,0.00025565468074383014,0.030563629629182302,8.27635878828635,7.720000000000001
9662280f3aa7d83f24564a9722125e2a,90.28,989.23,14.9825,300,0.0018928621801218802,0.00400497532917544,0.00011181503494011211,0.12770159736983264,9.385237506309311,8.75
969148511384493c63b8baf5fcd460a4,90.28,322.07,3.8631666666666664,232,0.009851345367726649,0.00944787421091361,0.0005104133881843409,0.10901586816001517,8.813205794322036,7.6499999999999995
971dede84eecd04de77fda82ee12e8da,90.27,629.77,8.991666666666667,300,0.003958905912275946,0.005224073577825446,0.0002030218572664437,0.1904069604055702,11.078940166641319,9.09
97600b9c77bddd3f9b132f8f80f31607,90.25,989.23,14.983,300,0.0016709494607912497,0.00254253636772283,2.948055969931494e-05,0.04845550261679588,9.9948725308389,5.289999999999999
9767162573d9c799922f95e06cfda74b,90.25,817.62,12.122833333333334,300,2.7976443558157865e-29,0.01164892262215149,0.0009378466253830804,1.1869384740401234,7.865452738814595,8.02
9781f25bf425b91d9db15b94d5ee2756,90.25,989.6,14.989166666666668,300,0.0030849647846601315,0.0003662402116712836,4.228818592549901e-05,0.02151300403318435,11.313836344123157,1.7799999999999994
982078c7d3c07238308698ed56827568,90.23,280.87,3.177333333333333,191,0.010357793952385346,0.011627668514278993,0.0011830767079350733,0.17953045960703848,7.2728126675281155,6.08
9838ec2fe06bf32c65780beef26a7e61,90.25,376.2,4.765833333333333,286,0.006995810982945512,0.008586587048328808,0.00021311088160915915,0.04759471341387832,8.128531069675365,7.539999999999997
989af32827da1c98239b7b39b0d8f653,91.25,731.33,10.668000000000001,300,0.00341522451446813,0.00398393460746538,0.0004537124007488413,0.26413002764208776,9.853549677043231,8.65
989da78257c9e301e3b058bb833311ca,90.23,259.8,2.8261666666666665,170,0.007553577282651896,0.027981111836034623,0.0014747019352207957,0.3323055526449862,9.541816686842546,8.05
98a426117b0eb30b1eb110ff4ff5b57f,90.25,470.6,6.339166666666667,300,0.00544360082588987,0.006217513134102404,0.00027874851809423434,0.07693184949752693,8.03483210952004,7.51
98a9660b4c9b431007208cf266444d7c,90.27,403.35,5.218000000000001,300,0.008412930554495959,0.006146011072302588,0.00039882187779686866,0.11572077885967715,9.626056741893033,8.54
984591a3299f20ef9be1ca2d76c4d33d,90.2,531.25,7.350833333333333,300,0.004856195181332353,0.006314853119135966,0.0009000277599267722,0.38471980287666435,10.661629486543893,8.82
986889e37f8aa5349fff038f625394b3,90.28,317.05,3.7795,227,0.006760654245484605,0.017093843740562935,0.0013414289439796047,0.3267421356901059,8.769723975032385,7.750000000000001
986bc9cd2b5cfb8708ca7bcca04a6b62,90.23,320.95,3.845333333333333,231,0.005451229513149194,0.017562961850772486,0.0014444618130387732,0.3309134119348746,8.011392223207544,6.75
9895a4b3289eb7222721d3b10bc4233b,90.2,989.5,14.988333333333333,300,1.9635235729213288e-18,0.002321855644685454,8.96912032709497e-05,0.03374752528336775,9.29420525688871,2.030000000000001
98f0001a08a5dc785c6a3a237d6cca6e,90.13,409.08,5.315833333333333,300,0.009100274092956917,0.005058474835264079,0.000395993904278976,0.11881870732310458,10.018298249742443,8.66
99227b7b7643e4f316cfa74012e704f5,90.2,429.08,5.648,300,0.005762140184183092,0.010196247151930867,0.000686992808289326,0.2474056617773819,11.385629809164612,9.25
99783ffd0fb38e73b18bf3205277304d,90.22,277.77,3.125833333333333,188,0.009109185507666382,0.014065207515586785,0.0010737206539296643,0.17448130408548806,7.258407912421244,6.08
997a7ff9cc41849ed6febca372e080ac,90.27,545.78,7.591833333333333,300,0.005917105785175831,0.004422180316905418,0.0004264140193147924,0.18997586456257953,10.738101754941965,9.22
999c33e0c64efde4c29959c3a2754585,90.25,989.23,14.983,300,0.0014712837900212755,0.0028478812006387,2.7514202141562523e-05,0.05232075332452382,9.264286531031239,5.340000000000001
99a72d537d485d8e70e2f2cc5a54ce4c,90.23,308.92,3.644833333333333,219,0.006423672678132098,0.015569716760275378,0.0008649418733537791,0.19402958242500867,7.1759245933033,6.49
99c1547988beecf13a875a0c0ddfd2f4,90.32,667.35,9.617166666666666,300,0.008640296771254498,0.0006421679260330497,0.0005940163156155862,0.23666362306141567,11.320156113602899,9.510000000000002
99ea9338b786956f079d4c70ddb32777,117.35,474.67,5.955333333333334,300,0.01569085318165701,0.0005870649102968752,0.001141612047875056,0.23822501781519828,9.688743561386582,8.610000000000001
9a2c1aa80256761a7c1cab6e46be21ad,118.35,914.37,13.267,300,0.0071325648360954395,0.0002748486180998011,0.00042930511975307833,0.2564539275923822,10.880376190071965,9.72
9a5a3b4ae28dad97bc7ef7e4b484e83b,113.4,722.57,10.152833333333335,300,0.008301737660366232,0.0006346663925339885,0.000588592218055403,0.28375933867139336,11.319435097878198,10.25
9ada9668ef3649ec7f6bdae22baa5bd6,90.22,330.92,4.011666666666667,241,0.006552332904142402,0.01418854035897873,0.0006705260698295202,0.15539465089331028,8.546675759680948,7.540000000000001
9b03b72e4573291be746727071a27642,90.13,415.1,5.416166666666667,300,0.008457750769226193,0.0054384698675530065,0.00029748935739390046,0.07635883065750639,9.305646721597864,8.76
9b4fd94d2b16354156b8d370d0287c19,90.3,989.13,14.980500000000001,300,4.8453414520484987e-26,0.002422875865692265,9.828618850419107e-05,0.03669074708576051,8.660776949055386,2.1799999999999997
9b5d9ae911c105ba92acf18bf604202c,90.25,434.42,5.736166666666667,300,0.008079352963939638,0.003204369781781154,0.00013466850552964422,0.030409800531371472,6.3624988448093065,6.01
9b6a5b23c9da283e3973a9cc95d9db96,90.3,365.18,4.581333333333333,275,0.010441627957247148,0.005077747739144397,0.0004322309562071422,0.09245873586479277,8.273290115890234,7.709999999999999
9bd3cf7af1006ffaa7ae7229b4f6e99a,90.28,478.53,6.470833333333333,300,0.005623795844591971,0.005851197268322519,0.0007432374943946619,0.2129508322717466,7.8952166227149005,7.13
9bd4cda3f29d606187e78887b1713c59,90.13,989.88,14.995833333333334,300,2.6127530836365264e-19,0.0020456175611253727,0.00014882422486435138,0.047037225185839165,9.087163939423187,1.8599999999999994
9bf557aadf4fb226b5b203a6658866df,90.22,287.82,3.2933333333333334,198,0.015221109173779517,0.0067521119036341995,0.0001855429819656672,0.036109888360686064,9.625727881465021,8.18
9c4110a000c4e6b43fd47197bfe20eca,90.22,266.75,2.9421666666666666,177,0.0040001682019379465,0.03778349804955047,0.0018092553207600187,0.4716171426232929,9.206818269855775,8.0
9c586649c14550bfeefca5feb3ab3677,114.33,1013.7,14.9895,300,0.003913813663433606,0.00018683905178043547,6.67660602324573e-05,0.021423074154921444,10.915677317976376,1.6899999999999995
9c64574c07c8d058099dfccda45226d2,90.27,342.05,4.1963333333333335,252,0.010040158577670162,0.008771407481690339,0.0015919379413702542,0.43232786570541365,9.496449504022173,8.13
9ceebd8fe3db5a90223f76c15e00e68b,90.3,707.25,10.2825,300,0.004509148967598571,0.0028137302733872572,0.00018799795184722124,0.1839178536633858,9.811270298717146,8.670000000000002
9d28b54d44d9ec5b74568cf5ffde0d38,90.25,506.68,6.9405,300,0.006247513117159581,0.0038999738037915977,0.00045878478454698,0.18284701359916114,8.901321412191036,7.25
9d2d6fccb0f59e1f9f66dca7993516f7,90.32,641.25,9.182166666666667,300,0.007575699138252218,0.0009766250571277306,0.000866523265941642,0.28480822625319613,7.939364581249197,7.300000000000001
9d9937138b81d8f7344410241c49679d,90.3,690.2,9.998333333333335,300,0.004449385137485118,0.003241461781832742,0.00023624232934568303,0.21198001693782298,10.613129836074059,8.81
9df6bb0098999654c86c06f9a3e67a32,90.27,522.72,7.2075000000000005,300,0.006802588448482807,0.003640352036100699,0.0005717831060843413,0.24031806918256934,10.576287541404866,9.42
9e0a72e33c204b5378cc21d119bed420,90.32,989.53,14.986833333333333,300,0.00509658338709154,0.0003991070571602254,0.00010184114470124376,0.1470195236775548,11.713385405780299,8.04
9ed22cb3f59c0249c77fca8adef2c23c,90.25,383.23,4.883,293,0.005557494074093006,0.010308102960045086,0.001116701932234823,0.26894870194157094,8.364419866384184,6.66
9ee44c62d15fab81d05b7ce7b3c01726,90.28,460.45,6.169499999999999,300,0.009323577700856329,0.0029611662036654373,0.0002770971381452054,0.0879802600264433,10.492869274812575,9.32
9ee46569f630f18084267a4cf33748fb,90.3,748.38,10.968,300,0.0050594911171260885,0.0017669481933831983,9.644035358365536e-05,0.1264280258238708,9.998328728816723,8.91
9f15dfce94fcf109920bed906919e213,111.4,711.52,10.002,300,0.010255934738197654,0.00022383300357468948,0.0005962471643196606,0.19600414844992792,9.605367819103753,9.09
9f2a26e7132ec84f85abd104d578378d,90.13,535.43,7.421666666666666,300,0.00403804521009207,0.006269238538515549,0.0006757855328120215,0.2657565192641449,8.7493703760898,6.6899999999999995
9f46cf08e2cedc047f202142721e93d0,90.3,373.2,4.715,283,0.007690903064273683,0.00839175329892516,0.0006297055124702593,0.15267038298623306,9.265897799055328,7.720000000000001
9f7b466296e8cf22e438d8d790fd64bc,90.3,581.83,8.192166666666667,300,0.0062380833473147075,0.002874373543085681,0.0004491342280712311,0.17050012557029803,9.983835995609628,8.46
9f9807291258fd05be27167d272b8b80,90.28,439.4,5.818666666666667,300,0.004189065121845608,0.010067189622056707,0.0008485303860325089,0.2372726679235041,8.077335192035122,6.97
9f9fb5a6ffb82a04bcd7ee1ed732424a,90.27,292.93,3.3776666666666673,203,0.011050970167635933,0.01162903030628623,0.0005020962376940611,0.09870610044449477,9.030803332704963,8.399999999999999
a06abf0daa99d2ba8fe902b99c19ff2e,90.25,426.38,5.602166666666666,300,0.007921415043648189,0.005431641485521733,0.0006028101024688539,0.1628445963896721,9.121566509411938,8.15
a07294ec96ecbc458fdb0c7d102cf659,113.22,1012.68,14.990999999999998,300,2.858980843323465e-19,0.0021809189174759065,4.668175634374183e-05,0.02313602496228259,9.385162113599781,1.879999999999999
a0a5710a9a2b68f9ad8d699454074862,90.2,989.5,14.988333333333333,300,1.4683903728400161e-25,0.0020632822465995017,0.00026357376233699493,0.08041333833662591,8.094798878871352,1.9899999999999993
a110bfed94596783fd86c158cb1f653e,90.32,989.53,14.986833333333333,300,0.005450061397378021,0.0003417982892856615,6.409122195980169e-05,0.10624175614287769,11.333174421082836,8.56
a1498c2bd8b3da1df1fd4d87100730ee,90.2,402.03,5.197166666666666,300,0.010729762422493355,0.0035127836610312204,0.0004405963230003013,0.10451184058592851,10.794660254805402,9.57
a2034aa0515f1434f2d1032c348887ea,116.33,580.98,7.7441666666666675,300,0.013333559457834914,0.00022203872888861413,0.000673708792326034,0.1535842227311217,8.95387269726297,8.83
a21f0c32df0870e15f534fb43a96d0ce,90.2,543.3,7.551666666666666,300,0.004034524145477917,0.007709149055699863,0.0004378682040020456,0.18623418681612885,10.37333006458404,8.799999999999999
a238e1234ad565976435b8f09a98bbdd,90.2,430.08,5.664666666666666,300,0.005413380501949631,0.011071308694880084,0.000561928381316758,0.2162200887383289,10.83869534927215,9.49
a2cc5e7f2064f17d37c08fa0b7ecf2c4,90.28,420.35,5.501166666666667,300,0.006718563461982272,0.007083960082138055,0.0002849089346127132,0.07099955437851252,8.969378225836653,8.120000000000001
a310a51d779cfcae3d4b20eb27ba2aac,90.23,396.13,5.098333333333333,300,0.008219788511869566,0.007075937929560967,0.0007001842562488384,0.1930422119121809,9.755553902226234,8.59
a3384e8975f58cc45e930b7d89e97abd,90.3,384.22,4.898666666666667,294,0.009326860520574604,0.005429180311735716,0.00044108855341082163,0.09080264221892792,8.496218563804483,7.739999999999999
a33891bac6f62ea7384eb94945d2d09b,90.3,531.68,7.356333333333333,300,0.006644554282476722,0.003588292329358864,0.00043019700571124837,0.18918450206847878,9.892572822009715,8.629999999999999
a2497554ad65592e27b5cc4817653dc9,91.27,990.9,14.993833333333333,300,2.384779881345635e-20,0.0034901372097740453,0.00047910694154173285,0.2882684664544381,8.418878147902864,3.3599999999999994
a279ccc6728c04d128e46cb825858d2d,90.27,454.32,6.0675,300,0.008195379359941487,0.004019731627597449,0.0003016497405064369,0.10998055383439989,10.356152036914176,8.850000000000001
a2837d5db2594265ece60a13f595c7a7,90.27,357.05,4.4463333333333335,267,0.006171835651189537,0.013238744708864235,0.0007639978826630845,0.20059272696952163,9.173817499843953,7.840000000000001
a2880ca5f260a11c3e9c32643f940fba,90.2,388.82,4.977,299,0.009719442037319613,0.004956897577887763,0.0004120341139967206,0.08922032139524023,10.284121860705438,8.8
a3773328c9bd96ff715bca2290cfe3f7,90.27,353.18,4.381833333333334,263,0.0037360668019972448,0.021071927632605857,0.0008721663855317108,0.27042574829125016,9.688162507757347,7.97
a39a95cc054f1ad7a14b3c3dbe557018,91.28,336.03,4.079166666666667,245,0.012027823086034844,0.006280093768150988,0.0007342640374335047,0.14708810164545083,9.570682033657624,8.34
a3e3eef38b7604abd6ed7dbaffd3b536,90.27,462.45,6.203,300,0.008969391337067832,0.0032982860484093313,0.0003743207091646411,0.10206881899565928,10.732926993856916,9.24
a3ec9cf65188de52ab58ab04fbf8a613,90.25,316.0,3.7625,226,0.009979725787363265,0.009065724778252638,0.00024764163510943824,0.04083054764880881,7.961043373235192,7.430000000000001
a3f718ff7f8d23d029671ae6fb1a9a88,90.13,481.28,6.519166666666666,300,0.007724298197740011,0.004247696272620123,0.0003557308867131024,0.16229056141427273,10.769279676113147,9.77
a41d5bd8aec8a803b5bdfd210bb1e93d,111.4,734.6,10.386666666666667,300,0.009329211924963624,0.0002896215332546925,0.0008576367639013402,0.2824320836276568,9.701819668895254,8.84
a4221a1c547aa66ee6107b1323e009ca,90.23,286.87,3.277333333333333,197,0.00730132666977384,0.018403062084360648,0.0004182004640607424,0.06605357300608546,8.77133700574213,7.609999999999999
a4451c087724f7d2591004db96f89dc2,90.22,339.95,4.162166666666667,250,0.012225602882636901,0.004713680658921513,0.0006109296736591797,0.09966322821301063,8.123620225658689,7.68
a446b5c74b63479c54c9f76a56dbc87d,90.25,275.83,3.0929999999999995,186,0.009674604936120795,0.015585014522776124,0.0004382411009193642,0.06471526829835808,8.225361751508132,7.680000000000001
a470d1a9611eb964e0ee4ea5314b9d9a,117.42,797.83,11.340166666666669,300,0.0016702760606612578,0.008477082430925703,0.0002127166247096828,0.17932052224562173,10.637974256318138,9.6
a482868857f6c1f5765fef2907678854,90.32,668.35,9.633833333333333,300,0.006598181289807827,0.0011380053199387748,0.0011716017873115016,0.3818802714579022,7.322725384296531,6.0600000000000005
a4dd8125c9e529b801c5b00de1a41c31,92.27,391.15,4.981333333333334,299,0.00931834817170354,0.0058072977393672275,0.0007930347139067622,0.21518226805633106,9.341791054420296,8.15
a4ebaa60d7fb20fd11b43fc66d83f933,90.22,302.87,3.544166666666667,213,8.495045873098771e-29,0.037880432655397124,0.0005821107976891553,0.21900923710916653,8.508022390657885,7.409999999999999
a507c7f8bc28c65fe784a6c5c9e83bd1,90.28,321.07,3.8465,231,0.012514723052961257,0.0062950550356765285,0.00043320158560964284,0.07258733263419119,9.156271512635708,7.92
a547887492a9533180b1949e5e26569c,111.4,517.83,6.773833333333334,300,0.011927408300095652,0.0010067413591871978,0.0010041077521139195,0.2860774205248259,9.815615078362141,8.9
a5779aa17a2bb46e3870c3dc2869583c,90.23,281.87,3.194,192,0.011245171253918175,0.011100074266975643,0.0008041110105637497,0.13079114038064027,7.622535147914951,6.77
a58ff9d44b22334acb6f283df35cb850,90.28,441.42,5.852333333333333,300,0.008440338505945996,0.0044932524915454655,0.00048393408021135854,0.14797141188220167,10.551500147348422,8.870000000000001
a5ae900b6733c26284da25d1ea566a9d,90.27,316.92,3.7775000000000007,227,0.005275991118356405,0.02071079959887252,0.0008676477367882792,0.23341858510018293,9.001244646716717,7.879999999999997
a642fd7b2086c6f99cbef6885c6137b7,90.27,989.9,14.993833333333333,300,6.609512044479382e-20,0.003438844109545431,0.0004664478236858152,0.25300356517644934,7.988763629260909,3.37
a6684cf75c33107a60e738d15af73c92,90.27,790.27,11.666666666666666,300,0.0042619044207734755,0.0021804020158230674,0.00010790153335005108,0.1836854739592788,11.066297515759748,9.149999999999999
a7e7d7c499b254ae71b2c335660889c4,118.35,1017.7,14.989166666666668,300,0.00042695429495258775,0.003683706667696684,7.366319861568589e-05,0.035857769492073,9.358930537145035,3.829999999999999
a81390bb47db99fff1646b61df1c95c6,105.22,1004.65,14.990499999999999,300,4.683290225578602e-05,0.0020079126068343277,4.044420176671557e-05,0.020621405609466372,9.674890130496896,1.790000000000001
a8193beb29fb6adf90c8d6a8054a1623,90.3,759.42,11.152,300,0.004575983792998671,0.002181713007174318,0.0002699090530920105,0.17736199207024164,12.301489458630162,8.629999999999999
a85dcc2a27b53eb730731bfa1713a00f,90.27,688.18,9.965166666666667,300,0.005580140847345746,0.0020265068896495675,0.00017798011629826448,0.16557260087321202,10.77007641473125,9.309999999999999
a73f4bbf45ef053a99f294566cf093a3,90.27,789.27,11.65,300,0.004226131011066481,0.002260370946770471,0.00010897317744002603,0.170726984499378,10.780280121822923,9.22
a74d3af804fb2b9e90bae73dba3eb8c9,90.25,404.3,5.234166666666667,300,0.007131591907151132,0.007763553448587342,0.0008718491314052342,0.23096270037228123,9.197333333788556,8.09
a750fdf69ed9273e254266cf646f048e,90.2,304.77,3.5761666666666665,215,0.008819094699783377,0.014582651043013022,0.0005744899711854179,0.13982763744537852,9.183874477975113,8.51
a7a54dc86734bec3e355f3e70fd7c242,90.27,414.38,5.401833333333333,300,0.008632708467387172,0.0045806439865322575,0.000883022985755303,0.21130428044329375,8.149324091655641,7.08
a88ced9f0cc6d1bf100cacb1a35cb818,90.25,553.87,7.727,300,0.010700915661074136,0.0007369068639506702,0.0010583840014993548,0.29182572393977274,9.472811242535434,8.5
a9074319f63e8f86c540fb45def80433,117.35,570.95,7.5600000000000005,300,0.014170126245237055,0.0002256346707597457,0.0006760715888556604,0.16312812713463973,9.211418471141336,8.67
a9204b71f5e742d5136274510f23c074,90.27,303.93,3.5610000000000004,214,0.011412605164258256,0.009599787157179735,0.0006279294789463579,0.10311639091795063,9.099894281818932,8.01
a96e6cbd76a4685c79e508ad6c22cc65,90.23,374.07,4.730666666666666,284,0.010492074574596642,0.005508995805370653,0.0006768755178016598,0.15160746074851414,10.315830801299184,8.879999999999999
a988a56970be9ea90f912746de552852,90.2,322.82,3.8770000000000002,233,0.013130133351762432,0.0063016272715143455,0.0008936341891606873,0.17608894004012834,10.254344961293675,8.59
a98ac1b5dd550250ea02e6b11fd8911b,90.28,853.75,12.7245,300,0.0026083826649433302,0.004333078082344549,0.00014595484542458465,0.22127222237556357,10.817967248927076,9.84
a9c194372738e48800dccbe7d42b7f9e,90.28,291.0,3.3453333333333335,201,0.014958416075414973,0.006275604793497575,0.0006801944153833945,0.09299414252258485,8.662528233783734,7.6899999999999995
a9c197403c5d4b66f65c72ea978c4b20,90.28,388.25,4.966166666666667,298,0.008601937281709986,0.0061599048077191545,0.0003740809684069281,0.08514959932304482,9.267181065529426,8.12
aaadc8163db897b4e2cedd428e546f0a,119.35,746.68,10.455499999999999,300,0.007536752528699703,0.0007339961142164593,0.0005027132962221023,0.2949731831555674,11.015687496491665,9.540000000000001
ab546a991b5790366670030abca2ece6,90.25,292.92,3.3778333333333337,203,0.009871776038975759,0.011405097685973998,0.0005501941775011077,0.09045783064597859,7.554769677930288,6.99
ab9b58b9c074ec2074c82289ea8b0790,90.27,306.98,3.611833333333334,217,0.011576974929002894,0.009560952070973338,0.0007405823967989039,0.15571075533025555,9.68082363321277,8.299999999999999
abd9f499532bf47e6639a124d7c02824,90.22,345.97,4.2625,256,0.005446042712637177,0.014573946873835623,0.0007995636469164753,0.19805353236983386,8.383902871000071,7.17
aa0572ee8097c1cab911452207f6386e,106.17,748.13,10.699333333333334,300,0.001135888122280499,0.009861091849360947,0.00027532273303380113,0.20512921963783748,9.73822363118242,8.19
aa07561bda8673f30bf99a0481368ea5,90.27,317.98,3.7951666666666672,228,0.013370191488326612,0.005912426118586822,0.0004560829401171518,0.07839940841454356,8.905298638573074,8.24
aa98b4d0d237cbdf13cc34e052ad474d,98.15,997.92,14.996166666666666,300,9.896127501160693e-16,0.0019191585494991315,0.00012524303916319377,0.041795088280986194,9.900151961411433,1.799999999999999
aa9f3dd65184d56b84b367844c801213,94.33,419.47,5.4190000000000005,300,0.014070883144579762,0.001424607771468009,0.0009537980054105318,0.19620560916505594,9.547458692088158,8.55
abe10d11942a0cfa30b443196353e922,90.25,363.13,4.548,273,0.005844850079426101,0.01112832292723288,0.0007812643148093226,0.1668585098944304,8.473738850066427,6.62
abf69e7045a9bacd15f69060022c75fe,90.27,470.35,6.334666666666667,300,0.007265848603446768,0.004649004378751519,0.0005873589766287481,0.2477560559838916,10.386786719081645,8.82
ac202a0737d02540755f06904d906543,91.25,471.6,6.339166666666667,300,0.004482041760962014,0.009486887649139015,0.0008321005314975101,0.3166426886298172,9.265181739806902,8.049999999999999
ac2747b5d8376fc8054a8802194698c0,90.25,989.23,14.983,300,0.0012293742965590344,0.0035406443892590073,3.137051881237047e-05,0.06068138219981742,10.546005362094206,5.949999999999999
ac37ba56571630d7d060e3d8621006c2,90.28,419.33,5.484166666666666,300,0.0075825177179975126,0.006100870179631938,0.000358298750819467,0.10015867226891433,9.089211012221785,8.21
ac56f1c4843556e85f673d0e0af91fbd,90.28,304.02,3.562333333333333,214,0.012584733273552612,0.008053576807965066,0.000595864449495795,0.10638060115464486,9.053904113930061,8.05
ac7b2ebf4ca444f27b158163e9005c8e,90.3,322.02,3.8619999999999997,232,0.0007217118169195213,0.03437904556592172,0.0009018281006426121,0.30710243798586573,9.198500584662058,7.3100000000000005
ac9b9dcb4a22f4f20cccb3251a682f74,90.27,989.9,14.993833333333333,300,1.3083233461187193e-26,0.0029077519129561856,0.0002638955191463646,0.12110064478934648,8.44415456785481,2.920000000000001
ad724377172df3583ff954cdffc1a66b,90.27,384.3,4.9005,294,0.008527066821771907,0.007281826785366225,0.0005144070171345595,0.13998994087834912,9.843827790045871,8.73
ad92490f33d28f51ab1f925d56fcbf9e,90.22,479.5,6.4879999999999995,300,0.007540906941393174,0.003709101621812349,0.0007381406268029536,0.27026107268359933,10.094331055950553,8.620000000000001
adba55e0d0c8e487779d14c971f9fd5f,90.28,323.07,3.879833333333333,233,0.01068452812071959,0.008969312036981932,0.0006887318076185709,0.13901154561040122,9.156533488988059,8.49
ae13c29c9afc52f74724e74e758cbe51,90.25,572.93,8.044666666666666,300,0.005200120289836236,0.004020672441882643,0.0005934869231009078,0.2704408953165469,10.658506997606025,8.81
acaef4f5d9782bfe27ebe922b5db09f3,110.37,408.3,4.9655000000000005,298,0.005765947907711413,0.012695874120739867,0.0005494400402799012,0.15692061882622751,10.754863792316906,9.12
ad284281921d2c57a26699477f609c5a,90.2,287.72,3.2920000000000007,198,0.011899369950335836,0.011693200767961019,0.0006555837802257022,0.1174725428112793,9.62970062978849,8.559999999999999
ad4c1c8c1b312f4ae2c512001565fb67,112.4,974.48,14.368,300,0.009142784012947644,3.651146377782189e-05,0.0002541390569700912,0.13158077634094278,10.462771871570032,10.1
ad6344e65890fdfac5a5bbbff5f7b3e2,90.28,631.0,9.012,300,0.0035000470747089526,0.005736582276620048,0.0004366574005691593,0.20397937656528015,9.729389080927403,8.23
ae1c2ec8539a688aa01e5c31977341ba,90.23,288.87,3.3106666666666666,199,0.006474156835340442,0.01926839140852273,0.0015873384332803456,0.2757374800940685,7.497440474474574,6.7700000000000005
ae4b167a5c05248107a9394932627a3d,90.28,615.97,8.761500000000002,300,0.006009130178024706,0.002691767416280893,0.00021483618682518823,0.1805466158375245,10.471895032164744,9.7
ae7850b69fb8ec1bb527adb5a607668c,90.27,475.37,6.418333333333334,300,0.008194231510271774,0.003461033624949303,0.0002778101809709106,0.10751379335294893,10.161938952146258,8.91
ae79e31cfde02bafaa968eaecb5ce624,90.27,795.58,11.755166666666668,300,0.004005003538482601,0.0024986539552946012,8.205679113682767e-05,0.15501830022114513,11.541092658351594,9.44
ae8fec49d5765ee244b3d6bd989e0a0a,90.25,989.23,14.983,300,1.1293998320532785e-26,0.0016203819872900815,3.599206025400548e-05,0.016158284791478825,7.546099112467396,1.42
aea9d56cfd86c9e5e81844f7e21f6338,90.32,393.37,5.050833333333333,300,0.012814200704432139,0.0021586575532236557,0.0005861743253999954,0.09640125280587562,8.706309181104599,7.84
aed19f088c0e81f8ff1f3ef702532fa3,90.13,293.73,3.3933333333333335,204,0.01263477447354667,0.009354372887597273,0.00024898766546751366,0.04771029659123171,9.207413129424827,8.62
af93aa12e795fbb1227dbd848842a31c,90.28,989.23,14.9825,300,9.778694618350052e-19,0.004516524786267101,0.0007273733595399402,0.5283856226330013,7.639881457478236,4.300000000000001
b09046a234eb246f8994f0f8e7d8c992,90.23,435.22,5.749833333333333,300,0.0008575736153364478,0.02092433078654117,0.0008622240129599841,0.34552124873943985,8.017149592506758,7.06
b0b145fc64535920fa10d9160231bf04,90.2,406.03,5.263833333333333,300,0.005722301486447298,0.012661328003276136,0.0014654550416352502,0.5409840200945717,11.336147663781633,9.49
b0bdeac00f89d7c195019f9fd0c09afa,90.2,796.02,11.763666666666666,300,0.0003300986845308086,0.011690560298643399,0.00017746095385954986,0.13622951119345958,9.820417776716468,8.52
b0c170b90b8bc3350b029f3a8279dfcf,90.27,619.97,8.828333333333335,300,0.006426694759167911,0.00216462690883069,0.00013674187219709424,0.09083751301913978,10.9504653098514,9.41
b0205d8a023d1fcc749a426da7e56fea,90.2,989.5,14.988333333333333,300,1.0408742310479259e-27,0.0073774577389991,0.0004680002980913245,0.5535952222289466,8.565531258106022,6.360000000000001
b046229ead9d88d27f9d72eff62b49b9,90.25,372.2,4.699166666666667,282,0.005329390315616693,0.013518227468942202,0.0008616167609277336,0.2531664890600143,8.917399115135918,7.74
b07d8c1bebcae9a4ae73f2c1ac7c930f,95.2,994.63,14.990499999999999,300,4.1791905389751607e-20,0.0020600007647667336,1.895612808793156e-05,0.015977494178501476,9.827997463191974,1.7899999999999991
b086d582846e2c2cca57868b5ebac4fd,90.23,447.27,5.950666666666666,300,0.007324370429256281,0.004923589098288248,0.0005380635496345391,0.15008464956533452,9.049111809127895,7.599999999999998
afa03f04113f681545a3d2cd7f250ba5,90.3,532.68,7.372999999999999,300,0.007532773724349426,0.00258719243428783,0.00038314688175081126,0.15568789388253346,9.860618094053393,8.47
afcd4b48e2c583f461d45dcab42f7a85,114.33,617.12,8.379833333333334,300,0.011615443173968046,0.00032093169305051937,0.0007774305065398374,0.1981843555393144,9.048102315922108,8.51
b0014a52fa3e16b1697ddf4b8224d62b,109.32,587.02,7.961666666666667,300,0.013003919120133621,0.00023507932167457707,0.0007163178193027374,0.16428469021096564,9.27279083188275,8.42
b00eac27c163a51dd58b66e67264eadc,90.2,989.63,14.990499999999999,300,2.8096464430804167e-26,0.0017152734109099471,0.00032521164112816407,0.08480466338422775,9.464941528268175,1.67
b0ce0cdaec369c75fa1743cbf5ab306a,90.23,299.88,3.494166666666666,210,0.006860540665691429,0.014664914246865147,0.0011440200740964956,0.21554360660338642,6.996038306422687,5.88
b0e6ea8d543a41b4a3f041ac4ee571eb,112.33,486.7,6.2395000000000005,300,0.01461480283568851,0.0006388061951706375,0.001501241675353347,0.32481419650507687,9.563995158448913,8.55
b0fcc542d82f5e4ed0e31517c531a179,96.27,995.63,14.989333333333333,300,0.0035329107432083787,0.0002601784601210883,0.00018361214100427292,0.03982258692875431,11.158189979473626,1.9000000000000004
b1039dc9cc397fe4b879f9f5cfc0c283,90.3,471.48,6.353,300,0.00741199388791877,0.0045376295039492665,0.0007644764267536162,0.26243666631862966,9.805263760129401,9.06
b2243af710b3472c48dd5b1138c07b89,90.3,304.97,3.5778333333333334,215,0.01711386560133748,0.0037246451191309637,0.00030784688731255554,0.04747792636226765,8.97894169940139,7.8999999999999995
b2277bcf1059f22272fc236bef8d17ac,90.22,282.8,3.2096666666666667,193,0.0027198634238900198,0.03322803976355599,0.0008050045507735868,0.16420682476087334,9.11442503692648,7.609999999999999
b22cb38748dabb945859da6fe7250322,116.42,1015.62,14.986666666666668,300,0.0036699291493386362,0.00018405607687890668,0.00018211194114323823,0.03133662181654799,11.782725944360257,1.2799999999999994
b2758ec67529b55b46bb73a4239e8173,90.2,560.43,7.837166666666666,300,0.005356793993825628,0.004680689214349218,0.0003095519362937904,0.24002445557893737,11.540223386504188,9.459999999999999
b1d56e559faa9fb17c320708f9273b2a,90.28,813.6,12.055333333333333,300,0.0024045321198083317,0.004893046291718035,8.999153645932962e-05,0.1066364889976823,11.110343748104174,9.239999999999998
b1f8e310c273be9722320a214b5f53bd,90.27,440.27,5.833333333333333,300,0.005624445814947598,0.0088550948548598,0.0006798310603698573,0.24944016076947428,10.268229939450482,8.64
b209e8157c4c34210718c45ff275fcd1,90.27,544.78,7.575166666666666,300,0.006205912175040808,0.004017008551197236,0.0005016359317226909,0.2283077055067347,10.466003002276485,9.190000000000001
b21f2bf826e77afb536ae988ad645a33,90.13,507.37,6.954,300,0.0037229339227710487,0.00981306993287684,0.0005537887275719241,0.2366558156078384,10.16478446977915,8.57
b2f4b506b5d42e2e54b5f930b07ab03c,90.3,285.87,3.2595,196,0.013570366450922628,0.008163050320697232,0.0005841635143157012,0.08264150595238788,8.410646429112932,7.369999999999997
b30d89da1a6d930ff228f5b623167fc9,90.23,312.93,3.7116666666666664,223,0.0007760304729080968,0.036364063253321394,0.000932727127914842,0.36376451417788885,9.01950179849714,7.5
b320317e3bfcc40cc2017ca8b695b4da,90.22,469.45,6.3205,300,0.007395198617377389,0.0042135621045350045,0.0008194711465408822,0.30822090994400153,10.17376539010791,8.62
b33ee517998359e8be3de024f9342f57,90.2,472.2,6.366666666666666,300,0.0036006091396818644,0.011195217427275387,0.0006280021461813405,0.22739921906159682,9.465489278419323,8.31
b38ca231e8d720e4a69bcb736b152895,114.42,806.87,11.540833333333333,300,0.008305453296454829,0.0002985300598522997,0.0003911198251325737,0.18705059685479142,10.891202896578115,10.07
b3a1fff4e0ba550c71df3055fb774704,90.27,803.33,11.884333333333334,300,0.004068381479320136,0.002224118041114394,0.0001377553042390108,0.16305257443940188,10.26428736322035,8.66
b3b9e531d88c5989c70629fa9d67f621,90.2,383.8,4.8933333333333335,294,0.011417251966865874,0.004072565362090208,0.0006339440878632863,0.14458770051347913,9.610586350203587,8.84
b3cfd7b185c7d7f739b799eaaac107d5,90.25,356.15,4.431666666666667,266,0.0088768243543018,0.008432091485919361,0.0008181542280438387,0.2030956145097264,9.539455449773865,8.059999999999999
b3e399c67244db03a28295444ff47a37,90.22,258.73,2.8085000000000004,169,0.006253719798250733,0.02910930572270471,0.001024920669931074,0.20806373718608615,8.897676908330869,7.6
b3e65a9ed8b4300fd47a09f12eb2eb52,90.27,485.38,6.585166666666667,300,0.0048756085455770185,0.007581368819718898,0.0004285299480458431,0.16497908392075047,9.370609588350826,8.06
b42e623e2ed1a714ffe33c702ca86384,90.13,490.3,6.6695,300,0.0077287796316075075,0.0038248236602469823,0.0005909891016819964,0.21556209407866042,11.201990208000264,9.26
b456a624f6ce62738b20027ee905c6e9,90.27,323.05,3.879666666666667,233,0.007764610597000473,0.014416411966393164,0.0009006372280382059,0.2061443157041585,9.71797063131052,8.290000000000001
b46f15d2197380c8778b81650683d489,90.23,417.18,5.449166666666667,300,0.008981017680589443,0.00491613661514805,0.0004710063578223429,0.12873292249591292,10.20949242469463,9.05
b491593e8c8375c752e4864c5bcf4488,90.13,445.17,5.917333333333334,300,0.007879391486668757,0.004590611206440209,0.00014218950226955527,0.04779028140963993,9.787580055099232,8.64
b4e938f51d48bae8bab85badcc065675,90.27,424.23,5.566000000000001,300,0.00766991045298796,0.005729822004082414,0.0006344428636516322,0.18147919278380967,9.287723483927698,8.4
b4ee31322d814b8674bacfde7989898b,90.2,347.9,4.295,258,0.008409913756272078,0.010722558467908984,0.0006126961431767016,0.155476161419289,10.692062447133637,8.9
b4eed46086054d59359f297a2f884e58,90.2,427.93,5.628833333333334,300,0.010071917459122389,0.003082908529019852,0.00019205881298934793,0.05173988675696228,9.731415503645234,8.600000000000001
b52b288c354f8a7771d40a7fb98a3321,90.25,529.75,7.325,300,0.0063094187307228666,0.0033294880009011934,0.0004056222607381424,0.15983551085560327,9.179292400006126,7.36
b5ddd2e1e93e4924c6d08fd23a01c070,117.35,706.5,9.819166666666666,300,0.011745400558426596,0.00011333281643408061,0.0005052371371015268,0.15727419303553047,9.316422337928376,8.909999999999998
b5efd7448667ffbf427c45cb9e364ca5,103.3,423.48,5.336333333333333,300,0.013983216775861255,0.0016108657288161896,0.0008906555642531357,0.20345288443694534,9.516909022346145,8.670000000000002
b630123e846db37c81361fbd1081e57a,90.25,811.6,12.0225,300,1.3192728792767527e-18,0.011433667358081616,0.0009007972347743137,0.9298584468188963,7.2048889533811415,7.83
b66dcc1d75f8efbc2253743220b31f27,111.4,434.52,5.3853333333333335,300,0.013751742085410303,0.0016937180504421202,0.001187442225127786,0.2519255968851513,9.727396381328669,8.850000000000001
b6a77c81998515400fcf94be493a8e0d,118.42,1017.63,14.986833333333333,300,5.973385596501668e-19,0.0028043964106685506,0.00015106742375406657,0.060223731544656,9.629549247655016,2.3899999999999997
b6a7ff7aed91113fd4e5cc594c6d78cd,90.27,333.03,4.046,243,0.010869612995945757,0.0077460749663822845,0.0009859729721836755,0.22259653180148808,8.976119439537412,8.0
b7b5fb90597f56f45289285f3d23804d,90.25,368.18,4.6321666666666665,278,0.0068732900741202176,0.00922436324123643,0.00046599194440572796,0.09031614328217172,7.951327776719532,7.24
b7de9d9053dfbc33ed19e174c688b944,90.3,529.67,7.322833333333333,300,0.006852209600803467,0.0033693018905841606,0.0006832897265670318,0.2706670783583467,10.183672383335969,8.61
b7e5469ad468f95d0c6041d3f1564990,90.3,727.33,10.617166666666668,300,0.003713139909533408,0.0038518232787648743,0.0001807390039492906,0.22363773050839833,10.020459019861045,9.18
b831b7ce3cb0570080f16c71471605ba,90.28,325.08,3.913333333333333,235,0.007216904570932674,0.014031666072410727,0.0006455278328276915,0.1713429569457621,8.79031951097751,7.6899999999999995
b6b444befe23f17047b3ffcdec43612c,90.27,330.08,3.9968333333333335,240,0.01062088272968087,0.008518943051447774,0.0006533256877799006,0.14404533860346247,9.419522237284731,8.41
b6c0a552cfe02a32932d6353d27cb272,90.25,386.23,4.933000000000001,296,0.001577995359400569,0.023244751913545605,0.0007036292125730017,0.22725661153701984,8.852054093933635,7.699999999999999
b6e67a257cc2079f012771059ef4a75e,90.28,989.23,14.9825,300,5.9816867113341825e-25,0.0037726137496454626,0.0002089584899635065,0.12148264102282429,6.366437964394293,3.4999999999999996
b7948c444685b3cfbffb53c56d534bb1,90.32,833.97,12.394166666666669,300,0.007313628658416384,0.0002871165696332521,0.0005549383253535877,0.20847704020174035,9.418925711725832,8.14
b842228c09d1ce9d42c05cf1b34edbb5,111.4,870.08,12.644666666666668,300,0.0047531069461779,0.001213777626016213,0.00027838264127932877,0.1752929707334962,9.19619736326837,8.82
b86219786b824a6c48c8d381adff2773,90.13,616.68,8.775833333333333,300,0.005434447216188851,0.0033491352937017166,0.00010131935206028567,0.08252036242260963,11.400106248116735,9.719999999999999
b8621d3b9dfb86a2da339ead510d2c0c,90.27,315.02,3.745833333333333,225,0.009966434389325972,0.010843889273301993,0.0008076865544288489,0.16387960437868254,9.438482597654557,8.139999999999999
b875826f9aaecbad48092b38d8f85508,90.2,989.5,14.988333333333333,300,2.577264539149662e-22,0.0011634176619294398,0.00023375221740208922,0.03766935095316964,6.4120222379280944,1.04
b8abcd8dd277f082befb9a6912e75a98,90.28,972.17,14.698166666666667,300,0.002123970523005584,0.0036327837020251955,8.600279574974353e-05,0.16325320721771222,10.741145951364695,9.139999999999999
b8c20f76dfdfd23f93084bea1e28dced,90.25,522.72,7.207833333333334,300,0.005780011618400927,0.004296826541890154,0.0004904610057428953,0.2361414088294512,9.837438945571387,7.37
b8f858fdeb22a5d0eaed371d29a50196,90.27,326.07,3.93,236,0.009529795072230141,0.01041101361903422,0.0007756679770800425,0.16798049252773148,9.446580315334236,8.24
b92987c1cf6af1fbb2e3ca297fcaf68c,90.2,541.3,7.518333333333333,300,0.006903872128674515,0.0033156603139041997,0.0003183745167088238,0.14349267032889104,10.959984248571832,9.41
b88f96baa4ce8e595b3dae822fbc490a,90.13,419.1,5.482833333333334,300,0.006419687934495846,0.008441773890101095,0.0006845164541421261,0.21503991072188688,9.79383993324349,8.559999999999999
b895197b8b89b979e7ee23905ef8d027,90.13,307.78,3.6274999999999995,218,0.003577317750913995,0.030083420178846326,0.0018467516217778328,0.5022812095381066,10.270445844559443,8.09
b898fb8743cd538abd7c5eba098f80bb,90.28,361.17,4.514833333333333,271,0.00462062821739796,0.017991008523470294,0.0010373867504911223,0.2912017875068436,9.38398386186979,8.34
b89a11e584692c82e4d5a8ea75a81042,90.13,282.7,3.2095,193,0.009967823622113835,0.015495170300710097,0.0006109823867242955,0.1348887359996448,9.111290656069002,8.24
b969e5d42d38d677b3fdc8c7de9a1829,90.2,748.88,10.978,300,0.00048720171204489016,0.012271125190936373,0.00020798378346667502,0.14514115161312385,9.563064797583976,8.7
b986f466eb9c4520cbf09896ab0aa28f,90.27,372.08,4.696833333333333,282,0.008991302771250454,0.006800688526052416,0.00033337362752482554,0.07579099018109325,9.54159753798737,8.14
b98ac07d72fb028cc6efa78007561871,90.25,418.35,5.468333333333334,300,0.004282296258030016,0.013195752785020245,0.0007951078336000912,0.26285463814860494,10.244776247729634,8.379999999999999
ba0fbc46a8520908daf5c1445deac133,90.3,297.93,3.4605,208,0.01341726244591894,0.007647693534803845,0.0006683037122469789,0.11542600479911187,8.471560317917042,7.779999999999998
ba42e4667c9264e66ff5a613572b2329,90.2,827.1,12.281666666666666,300,5.6211085667904845e-19,0.012598286284845559,0.0001174803285180915,0.1722353401268416,9.764024055753923,8.33
ba520a059d9a17b4484c28c88314b401,90.27,365.25,4.583,275,0.00382780341942052,0.017868846957866762,0.0005152513198970141,0.1635521486331521,9.210877631261207,7.789999999999999
ba6659f0981d8756e1fd31a1d64d1c20,90.27,360.22,4.499166666666667,270,0.01296773559875701,0.003724330676616923,0.0006575847828388271,0.13125062641172364,9.476178334999613,8.48
ba763aee0905388bce2f5d4383718382,90.27,547.53,7.6209999999999996,300,0.007159758782863316,0.0025393072436207488,0.000314774330110547,0.1712512210546767,10.863201820804099,9.020000000000001
bad1edff4470cfcb258b844f1ff892b4,118.42,914.23,13.2635,300,0.006775585338123427,0.0003493910766212547,0.00017965004578803762,0.18803889854849276,11.814989437435091,10.25
bb8cf52417ca1322587729f21de1baa4,90.27,468.33,6.301,300,0.006267965291187914,0.006340538272893812,0.0005876107966270043,0.20394403337330777,10.787756753207212,8.68
bb9ae57f3238ea9ce8ec45df9b9435e3,90.2,341.88,4.1946666666666665,252,0.0084697443828059,0.010852927213258416,0.001390396750400242,0.3458951520803491,9.363721929786083,8.14
bbb1ca812f4a61de73d8ecc0e04d20c6,90.13,702.98,10.214166666666667,300,0.004137735545218525,0.003842887073002348,0.00019878377028704786,0.21763260159362943,11.767311101379168,9.77
ba90e15460d8b10749fadbcde62acc12,90.13,414.1,5.399500000000001,300,0.009424202511717269,0.004460208659380833,0.0004958265563431428,0.13112271463338332,10.119934669022376,8.6
ba93f23b992ce1ab1ff1f849369d8476,90.13,989.88,14.995833333333334,300,4.5495598100625335e-21,0.0060452595696859025,0.00018626458399035011,0.19206755567748257,8.753321561968205,5.120000000000001
ba993ec72e7a91da1ed786b5973a17a0,90.25,569.92,7.9944999999999995,300,0.005200406158943474,0.004137660453323449,0.0006230282069468122,0.28866930188287176,10.436789923579678,8.74
bac73bc0b56985add31f2bb28b391087,90.25,489.63,6.656333333333333,300,0.005531553570304499,0.005981888226157724,0.0003495822083439602,0.12096185295769409,9.385069130141991,7.98
bbd1f952bb8eab192926d30012f6e526,90.27,832.68,12.3735,300,0.00419882732895426,0.0019439104345416252,7.21699825198029e-05,0.13449025678449772,11.033630807144773,9.6
bc0abc0cb360a077d7f3957204688524,90.22,254.73,2.741833333333333,165,0.012237128147768287,0.016037405841319147,0.0011913278575788222,0.2113296226666294,8.771198397070695,7.760000000000001
bc4e645dedffcb31bde94e7238b6d8e3,90.2,256.45,2.7708333333333335,167,0.018365453852079952,0.007367595007632985,0.0009101603746760874,0.09626492694692887,9.16007885444365,7.63
bd1833e474715df4a375c545fddd8e38,90.28,320.07,3.829833333333333,230,0.013329649951713134,0.005229783493245858,0.0003404533246915408,0.05581407129133463,8.25613387187747,7.819999999999998
bd19b6e29b7c89f297ded45d8c07e0fe,90.3,262.8,2.875,173,0.01199404763328786,0.015006575859616277,0.0012646213784274646,0.22793879746511064,8.84491753023433,7.429999999999999
bd2515e8b0d2ee641a6944a9422a13df,90.3,481.53,6.520499999999999,300,0.006748647048356213,0.004639468541005072,0.00046300629369142016,0.20179250149121675,9.979111938662749,8.27
bd276140fa8afd2d88890346107eac8f,90.25,366.15,4.598333333333333,276,0.007187833759160796,0.008547525652290345,0.000871063146062829,0.19779266621131084,7.32883220612228,6.61
bd29af9b5c2311c1d4aa79f84e958368,90.25,573.93,8.061333333333332,300,8.551728697709167e-19,0.018506796033978628,0.00032634829883497284,0.28976319354059177,9.294007498650638,7.86
be1b8d13283660387203f4e852038dbc,90.22,466.43,6.270166666666667,300,0.00649612320010784,0.005633484962750946,0.0006059375473378854,0.21712178482699143,9.890138302032474,8.21
be2662a6c31ce78a6e0e7e2f2f91aa62,115.22,1014.68,14.990999999999998,300,1.5085181355617327e-22,0.0020538058191198246,4.636304083878191e-05,0.02061542514719253,9.210048616310795,1.7899999999999991
be5fda6fa9af7b71c4678d0f17fc41b4,90.27,844.75,12.574666666666667,300,0.004198895111341898,0.0018797481823802562,7.273363437352181e-05,0.15257334885880247,10.491948833665937,9.83
be7eeb1cbac264772829d69871c624f6,94.33,993.55,14.986999999999998,300,0.0033555759076724333,0.00042639576677792293,0.00016513520957557736,0.05811989331723013,11.06224875085386,2.8499999999999996
bd5be2aeb6dedcd1529d546d7b8f17ea,90.27,357.1,4.447166666666667,267,0.011128360013189878,0.005560849445003401,0.0006762026970844838,0.1614607137753746,9.960568874135225,8.299999999999999
be0777e77ce0e17059e85d2ea0822309,90.2,633.6,9.056666666666667,300,0.004750030595802291,0.0038354559741963852,0.0001793549448384088,0.19245423469380699,10.936891394360426,9.45
be09767fc1f8839ab51773f8ab51cdc3,90.2,557.43,7.787166666666666,300,0.004974263050672977,0.005699978250877483,0.0003916753162867666,0.22916906477587914,11.354493088610718,9.64
be0bac8e682e8590da45efc3c6344df9,90.3,309.97,3.661166666666667,220,0.013266521748144454,0.006632411163472972,0.0009591273253321261,0.16746413833330712,8.970403123762614,7.739999999999999
be87a44acf921314812a0abae269ee38,90.25,578.88,8.143833333333333,300,0.004793405106029139,0.004411602293072679,0.0007973952882192968,0.29390225878508747,9.171650158444482,7.29
beb48a30a60127e63a16869d7769ff69,90.3,373.18,4.714666666666667,283,0.010881963253912818,0.004352875760893667,0.00029127236725033916,0.059901619484766494,8.561872784385056,7.960000000000001
bf0b1851ec03c5e994f5a106b16d0e1a,119.35,654.27,8.915333333333333,300,0.009145696042928671,0.0007048590956572589,0.0006326918618410702,0.22513990715800122,9.979775388681825,8.77
bf2b5607a6b7cbe3369c11bb0b9c45a0,90.27,466.47,6.2700000000000005,300,0.008430851184761199,0.003812537570642604,0.0005919005831973674,0.20147579427643522,10.96012247800327,9.059999999999999
bf7e5507783e34a4f800d8d321c5fe20,90.27,458.32,6.134166666666667,300,0.0072048538871297306,0.004978740825529026,0.0001766260191281206,0.07789437440997136,9.593332569538957,9.030000000000001
c0352386c07b00a75bb95177bf456fb5,90.22,278.78,3.142666666666666,189,0.013720606565631973,0.007474932763749988,0.0006656286032547844,0.07748883602776889,6.793479777078292,6.33
c0d38402a84524cfe881723e49eaa31c,90.3,369.2,4.6483333333333325,279,0.00782726880871376,0.009213009234107164,0.0008369593532867295,0.21392462586075914,9.479955671520809,8.01
c0f65c37dd865f229417d6a37c80a3ec,104.3,633.78,8.824666666666667,300,0.005831527040835456,0.0029380756865055877,0.00013861489156777762,0.13424962931118342,10.499273740494722,9.85
c2139768ecffefdb0da87b36ed5bdb7d,90.27,344.15,4.231333333333334,254,0.002664096635185065,0.026366804176603417,0.0013498459858491284,0.3963525986393988,9.843839077788532,7.719999999999999
c2188ee5ae3fee4d5ded8097aa5164ae,90.27,445.3,5.917166666666668,300,0.00871293167700178,0.003706540640455232,0.0006643056981242611,0.22989359318283484,10.432547864203787,8.9
c230c2f1b1293f791d48435460678b7a,90.3,789.58,11.654666666666667,300,0.00440763904911091,0.0020317209624230582,0.00011718560188499121,0.1483344704453765,10.86779092246904,8.81
c23c5575ea4905739d330c53bfadb3ce,90.28,321.05,3.846166666666667,231,0.00979835278609212,0.009947081374363332,0.0008640697962711009,0.17209819368897739,8.424170469060243,7.92
c1307e3c91195b5ec11de397756f36ab,90.22,706.07,10.264166666666666,300,0.0037165531179582894,0.0037664360864390505,0.00011886710452896788,0.14785632247375588,10.343665551697047,8.670000000000002
c19e816c698e63f38b6824047c67ba63,90.23,452.27,6.034,300,0.0030193174870014935,0.013098192637307604,0.0007039259804751114,0.23102727156944258,8.800117179564051,7.46
c1c56e55bfb61206baf8fd11ac058a85,90.27,629.77,8.991666666666667,300,0.0036801437806243597,0.005496404347182962,0.00017879573889173617,0.18891006196153182,10.547654076121558,8.760000000000002
c1c5d50f807a5fd51a5d25606e10174b,90.27,377.18,4.781833333333334,287,0.002970788422256939,0.02114000437442888,0.0013153520013825814,0.3776249040083971,9.592151655578753,8.030000000000001
c24affd501da5abef06a1b67d1497d3a,90.25,989.23,14.983,300,7.026975728482468e-26,0.0025589739199206535,0.00017250952758220172,0.08871310416867767,7.568882512778458,2.2
c255eb3b7eaf6adb367fa4124af66b88,90.2,627.6,8.956666666666667,300,0.004659152170420026,0.004130266299862067,0.0002386765264873365,0.20722786753084838,11.306700978985514,9.31
c31091b562a09ae708b8c1a1cbd5ce5f,90.25,385.23,4.916333333333333,295,0.006383399479455259,0.008242520509499794,0.0005840464157622044,0.12446659914755037,7.512290374009076,6.71
c32f9150366ffe8308c55a7078b2f7d8,90.28,414.32,5.400666666666666,300,0.005792633853286321,0.009768637491389376,0.000339226365618935,0.09741790750355128,9.459843482873097,8.56
c3346236612db1e0c9ae7f06ffbb58f7,90.27,795.58,11.755166666666668,300,0.0039616988490383965,0.002688083225438092,7.785794083724014e-05,0.11948956131326832,10.956725601328996,9.850000000000001
c33e51392e0d3a1328b9c4e5d2c308a2,112.4,1011.6,14.986666666666668,300,0.0027499519391190265,0.00032083576771243974,9.947460135262053e-05,0.022512956099121236,11.578902386329089,1.3599999999999994
c373c25c9a785842e1fe6c425acf6710,90.25,527.78,7.292166666666666,300,0.006013170799597187,0.00364495807261887,0.0006040968692213645,0.18804655353689548,7.987680327470582,6.92
c38f9ca19889d6d129065e5532f8aaf8,90.27,288.83,3.3093333333333335,199,0.006592034764382421,0.021151200611822286,0.0008787969961867702,0.1767870878608631,8.799278526157003,7.65
c4f4c373f2302f90c96d77d9aa566c86,90.27,346.02,4.2625,256,0.003679080526725218,0.021607587456637198,0.000911742122564571,0.2519703173346804,9.151994801184797,7.930000000000001
c587669d345caa21b2ef1f480143afd3,90.27,305.93,3.5943333333333336,216,0.009474899082580595,0.01288708706705968,0.0007016496788035711,0.14595518979645208,8.911826702538528,8.199999999999998
c5cddaab1d5156a1eb4de04e3fdb1240,90.22,722.13,10.531833333333333,300,0.003677704183724042,0.004169439555746662,0.0003377491047361737,0.23879610079902505,10.622451510617275,9.12
c5dd007ed2439ca7ee4976989900b989,90.23,388.1,4.9645,298,0.002306325231830112,0.020129962178476065,0.0006129375174074011,0.18211814411638266,8.646804911304072,7.81
c3f59e1354e2c2e9f4e7fdc7ee719dfb,111.4,545.92,7.242,300,0.012285843377918562,0.0006280201564311586,0.0013155048102806573,0.3190346410361626,10.025341224216218,8.97
c45bce978b3e1d7cc49404d9abafe751,90.3,425.33,5.583833333333333,300,0.008940029926821172,0.004077721102083899,0.0003215001172765684,0.06926147154390717,8.651873127070282,8.08
c49af7a2db978e49c7b1656f7cfa480c,90.2,470.2,6.333333333333333,300,0.0029029905012530307,0.013336937484246353,0.000595434737117939,0.2280755719643488,9.128456124928935,8.14
c4b72139b12b65b5fc01a48fd9093c6d,90.3,356.13,4.430499999999999,266,0.008737277660228308,0.008657260682839236,0.0007606079407710896,0.18820537774258253,8.858113294348305,8.0
c65ffcd579c569741bf1bb339ad035fa,90.27,774.5,11.403833333333333,300,0.0039438463829006825,0.003016598462826193,0.0005402402879929008,0.3317257518935124,10.783747296252853,9.67
c6a39563cae63e61ccdd53f00ed5f83a,90.3,830.72,12.340333333333335,300,0.003931704283082437,0.0020481153737871623,6.682321501080976e-05,0.1346898530120551,10.541180162946127,8.709999999999999
c6aa7bea96656a382787adaca655e05d,90.28,314.05,3.7295000000000003,224,0.012338465820740241,0.0071816340235582666,0.00034332191636744314,0.059067674167661906,9.133917672438988,8.16
c6cfbb5bb3db3078f87d680a49f9f3cb,90.23,266.83,2.943333333333333,177,0.009305429194352788,0.018971780543505314,0.0010226296081583815,0.18776084326379308,8.773176024511063,7.58
c6d2f964c35f4b3776bec6fcbde615db,90.3,318.0,3.795,228,0.009753982549517056,0.010046855623984153,0.0006887407333680105,0.14120575653425999,9.08627935274443,7.5600000000000005
c6dde4181248c2be6661d5542fb919ee,90.27,309.95,3.6613333333333333,220,0.0108173819348222,0.009728066371498579,0.0004886094358028844,0.08948861161194539,9.057211083471785,8.06
c6f718a5eac3ef6843396d787e02b16b,90.25,362.13,4.531333333333333,272,0.009821169781447389,0.005573121246766476,0.0007708025853681252,0.15765209140485825,8.052460908411721,6.75
c721db566d64dd81e81110214f358ceb,114.42,510.82,6.6066666666666665,300,0.017766940266194957,0.00014699182141394572,0.000797159484531117,0.13933784625283205,9.185435949452454,8.8
c7326be2b0a8c909d8f4812986d87f2d,111.4,898.17,13.112833333333333,300,0.0042495586242625545,0.0013777085134647736,0.0002161431797935087,0.12244680167546002,9.338704300971374,8.5
c7b7ce75d7c3cd708a0bfdd3bb4dc606,90.3,607.93,8.627166666666666,300,0.003317142181144271,0.005938561581042875,0.0002345791233886516,0.0959625288728264,8.671033184708099,7.640000000000001
c7d94405aec8d92aff7781f159465b4b,90.2,646.65,9.274166666666666,300,0.004817494595317779,0.0037113129053472685,0.0003127214498351131,0.2116421340360362,10.972698796945487,9.520000000000001
c80db6ac5cdad39089f23efe7e145ae2,90.2,354.92,4.412000000000001,265,0.006520209774608141,0.0140042201666061,0.0007548505388059419,0.20021247650904606,9.954237992333313,8.7
c814612cf8e2887927c64b7b35c43197,90.25,989.23,14.983,300,0.0012246748639906844,0.004773233496418596,9.310049427445497e-05,0.11518135203878462,10.831768602531861,7.89
c8638f6d92a4139ac2778d32b0bc9546,90.3,814.68,12.073,300,0.003978783499980918,0.002309487030769671,0.00011622025650781828,0.18083367026467978,9.95856123996931,9.05
c86ab88b3f591a57d2a4d5599a4bb290,90.13,422.12,5.533166666666667,300,0.008902226334636805,0.004777107884817517,0.00045338138097252695,0.12943615530901195,10.085908068114783,8.84
c86e1285df3e26006cf6e4c16574c919,90.3,989.13,14.980500000000001,300,9.793273696841138e-19,0.0016561175016474206,0.0002023346641064798,0.0525549183140625,8.501230604282705,1.540000000000001
c876f25e17ab264e5c0287b45b9a5bb5,90.27,389.3,4.983833333333334,299,0.013058124919551203,0.002312362959694844,0.00027333347518753906,0.05070635558533373,9.020236103292252,8.63
c8b124bf29d0f5a6f30c17f18ff2d973,90.13,404.07,5.232333333333333,300,0.009755375217719929,0.00454124674025361,0.0006043862720525283,0.16528247966844453,10.236803836709973,8.51
c8c15c24fe525d4948cb769d58eda893,90.13,709.0,10.3145,300,0.004611447751338702,0.0027970801573511156,0.00010160471738697399,0.14509436922930188,11.22304976997267,9.67
c90447316963db6e9bd72da8cb34fd05,90.27,295.93,3.427666666666667,206,0.010547779548689268,0.01253288598932491,0.0008624669850528058,0.18336802805906188,9.21979054432071,8.059999999999997
c934041d110bf00123ee8985ad30f63a,90.13,989.88,14.995833333333334,300,1.712957182057148e-23,0.004497931414005161,0.0002041845057361361,0.1522311844880688,9.325815436911427,3.91
c9c68bd0d9411c364f716a8f562c0d1e,90.27,297.9,3.4605,208,0.014008187446672262,0.0074405875855977155,0.0006675072563062475,0.1191052700335406,9.052269613493802,8.4
c9ed39665b83408b63b9fe19c85da25f,90.2,548.32,7.635333333333334,300,0.004404679012695907,0.006683008419528138,0.00044569554956046324,0.1899090846043328,11.137756407889338,8.72
cac4e17890dafbad0d94cf55153ac25e,90.13,398.05,5.132000000000001,300,0.009251887750884667,0.005199298339995964,9.779220349629797e-05,0.033157032936064,9.379576357061268,8.86
cb0a9aa3a5d30778d2fb3ac0839da259,90.13,642.77,9.210666666666667,300,0.005477042887112718,0.0030187955685224413,0.0002997808983221938,0.17983558211224218,11.70887218144102,9.7
cb208415b1706cc72d961a12bb090482,90.22,352.0,4.3629999999999995,262,0.00925794365809838,0.007582361151105587,0.0006158798029839397,0.12767419317907558,8.432276834136182,7.74
cb26e89acf87c82f718691e63983fdd3,90.28,371.2,4.6819999999999995,281,0.007413702822465062,0.009752825424528901,0.0010442804579072823,0.27459732966273737,9.191200535221208,7.99
cb7bc59ada9360c080767f8e94d70c24,90.2,395.85,5.094166666666667,300,0.00976649788050797,0.004544718906960903,0.0001671101020390961,0.041933672250916425,8.903097433991615,8.37
cbbac99b2a7f5a2da4a35c06b1818507,105.3,1004.3,14.983333333333333,300,0.000214775193421496,0.0014484743340767744,0.00011757118240527693,0.02414902623742094,8.274216116111901,1.3099999999999996
cc241414886d83b35f9df62e4f552914,90.28,636.03,9.095833333333333,300,0.005660237025378242,0.0026845409614595665,0.00016944930196912983,0.1428734416165953,10.402210477812158,9.41
cc3aaacc2ad2757dd14e6e78753b01c3,90.23,600.7,8.507833333333334,300,0.005755341352940435,0.0033121641085895694,0.00039454383163252675,0.1911021808334796,10.21400704857549,9.24
ccb2e8f770974ccff4734d41a2230d5c,90.23,308.92,3.644833333333333,219,0.011277477130374226,0.01036681269929057,0.0011575099930833093,0.2764705177002323,10.15957698212162,8.56
cccc310b7da312cc6680e32ac62eaf11,90.25,967.53,14.621333333333332,300,0.006670219720060722,0.0002056513462792273,0.00038520310346883526,0.264211279171727,10.93988638585035,9.6
ccd479cfb317b24dae737d6fe2541d94,90.27,367.07,4.613333333333333,277,0.009954092439892313,0.0058297347262993345,0.0003190781869010662,0.06270434672454778,8.744573365553578,8.18
ccdd35b36522a7b6c0e3c33ad45b9e9c,90.27,348.03,4.296,258,0.0064244140372787285,0.013699765845655314,0.0009235796801078602,0.23679886169161135,9.24751562614805,7.8
cd5cfa5e2abe317b16ba772b2a78a3eb,90.13,278.68,3.1425,189,0.010775970936830274,0.013983272749527237,0.0006615174924732158,0.12822146656990893,8.9966544555608,7.909999999999999
cd70f65ba446ab0c96490ab7909033ea,90.28,400.28,5.166666666666667,300,0.005841097284222316,0.009530707909256721,0.0004724997632441312,0.12002299265385302,8.323454117439223,7.62
cd8ea3c975f9d5575cd40e3fbe9cab70,90.28,736.37,10.768166666666668,300,0.003776725526634745,0.003625270226864662,0.00017345590303146876,0.22007753694078827,10.20135908642429,9.620000000000001
cd93f25c8e158211395644cc1120cdc7,96.2,995.63,14.990499999999999,300,7.43777504487631e-26,0.0016056232057054974,0.0003654862502907349,0.08857176523392458,8.959700780774691,1.5499999999999998
ce1d7b008df0705efb552186cf85c7b1,90.25,370.17,4.665333333333334,280,0.006331869400971237,0.009808677298249914,0.0008821853858588383,0.20035071281928132,7.7869106958585075,6.6
cf439955b6ac560e505969ea17cc0260,90.25,414.45,5.403333333333333,300,0.006600721645327852,0.006900593674932563,0.0006902905358640856,0.17951718937149236,7.915787278777476,6.65
cf6026587e1a14de841899755b6fdd07,90.28,457.45,6.1194999999999995,300,0.004422575679080482,0.010706018779004784,0.0006834968683942032,0.257903564477647,9.935915181959441,8.510000000000002
cf81662982b55b7817fbf9cf0bf5acdd,90.2,344.88,4.244666666666666,255,0.010174502159382665,0.0074790503030874545,0.00010783867834947721,0.03076610318489129,9.394140772260577,8.81
cfabb69765f9868fde5377659e82e15d,90.3,326.03,3.9288333333333325,236,0.009724752310295022,0.008952200301891108,0.0009897269475620746,0.2213367442020996,8.194264877907658,7.1
cea9606c38797132f4d4b01ef4909718,90.27,324.95,3.9113333333333333,235,0.017461934861484073,0.0026888147865798337,0.0014977306536195182,0.23633061931924895,9.156443944301385,8.3
ceaf416c2a30269b81c89083323accde,90.25,481.62,6.522833333333334,300,1.1725427335674288e-24,0.01879372429984273,0.00045812574457149895,0.2678952511023686,7.548614003899292,6.42
cecd697a5279859cfe88c48adbfed2ef,90.27,549.8,7.658833333333333,300,0.005850031165854034,0.0038945018179639156,0.0004600717044486358,0.1654696510452815,9.498661667161118,8.36
cf2fe0224a06c7897ef198f70541212d,90.23,308.92,3.644833333333333,219,0.0041812651529930115,0.025560462417884393,0.0007605445478270291,0.1933643274435935,9.152283715095246,8.05
cfb4c7a74f5b44fa4fd79e69b34795a5,90.27,989.9,14.993833333333333,300,3.127314136502799e-19,0.0038696225778183132,0.0005289134112182918,0.2894387112538887,8.643820044617474,3.420000000000001
cff6aba90a7b9b9e06cbdd662553f4b4,90.25,465.62,6.256166666666667,300,0.008452531717482963,0.003465653389440227,0.0006580041288425505,0.16951192094644943,9.702407828763842,8.25
d0418d6d79857cc4975a12c38226b0d6,90.3,262.8,2.875,173,0.011264656669466926,0.015883493781442725,0.000829950326574561,0.15970221417508132,8.316266465423038,7.48
d04fded4ee93f3287197249f2fc943df,90.13,989.88,14.995833333333334,300,1.0101951198677646e-18,0.00453011306197199,0.00013270243126193827,0.10315096085498138,9.979292501419604,3.8600000000000003
d09af7489a9cb9c059b592163fbc226f,90.3,288.88,3.3096666666666663,199,0.012454444421878158,0.009375548227919089,0.0006619612219241423,0.11240068704858901,8.551092582237002,7.35
d09d9775c1233e19e8fde2bece6d7a84,90.28,989.23,14.9825,300,2.0872179734097357e-20,0.003228124462584977,0.00045904456285259925,0.22834475676739266,7.986257653937413,3.1100000000000003
d0ae79aa777ea57b927c76413eef272d,115.42,777.77,11.039166666666667,300,0.008488477912874711,0.00033370985663802496,0.0004981376006889392,0.20006319613854712,10.72382799049653,9.49
d0e1324297c35cbacfc07277c59fc845,106.32,567.93,7.693499999999999,300,0.007710489098942109,0.0021891054988074665,0.00048754672762368835,0.15725840933962013,9.43404012895607,8.76
d1129e719b11a1a9ce9df0a5de91dea0,90.28,359.22,4.482333333333334,269,0.011145042397795981,0.005242149610042906,0.0005217566041765038,0.09930652803385713,9.144122549573723,8.19
d11a29d1694c798d2a2a1735b9fbc286,90.27,643.82,9.225833333333334,300,0.004046520260744063,0.0047998223771939805,0.00022548378084790756,0.18940663261259796,10.672490028999585,8.94
d13a029291db3b4cfe8924f6928f3eca,90.28,309.02,3.645666666666666,219,0.00520371239711929,0.02228838799435452,0.0006474499001219801,0.15793841296691088,9.026686937424548,8.59
d18b92288a1c799f5b860acf286458a0,119.35,868.22,12.481166666666667,300,0.008476216715091694,0.00015917099617595337,0.0005542602806079086,0.2747277905164884,11.177766327143143,9.46
d1a22d52d2c10d1b7778de04d18f91fc,109.4,511.82,6.706999999999999,300,0.016845532091520312,0.00019450869264024792,0.0010118222432986864,0.19004155259963038,9.43646326045037,9.02
d1d3954b87d3bd166f066018d0fa6b12,90.3,468.48,6.303,300,0.006623264696079884,0.005400374037638904,0.0005623641640124356,0.215195836726168,9.39237710693728,8.89
d264c61ea0de90c0bc38e9f2792b7da6,90.28,469.48,6.320000000000001,300,0.007256316812342553,0.004635692474253739,0.0003205466811308507,0.09780580529303294,9.876544165692362,8.61
d27e14ec36d2692682645727aa1f96ed,119.35,732.62,10.221166666666667,300,0.009948013657213253,0.00025497635914685827,0.0008466199976156037,0.31871385631977056,10.491091864873303,9.27
d29934fd8324008d37d35637a6c9cd33,90.27,784.55,11.571333333333333,300,0.004114312219542047,0.0026477975616157104,6.97891492020573e-05,0.1152300274789854,10.768047175748459,9.930000000000001
d2ee6492720a70e42279f34ed374abbf,90.28,989.23,14.9825,300,4.730814625828512e-24,0.0027928860630499373,0.0006390792141365161,0.31439501855539387,6.479458564109769,3.0500000000000007
d36957f9d3e7d06e29bd73deb76f2949,100.28,591.02,8.179,300,0.010598306681969176,0.00048440748940655506,0.0007833860356180485,0.2151854169641924,8.609550705151053,8.21
d38df8b3bdfd87e6985d0e44c01a7928,90.27,646.82,9.275833333333335,300,0.00297159409155138,0.007136983598674357,0.00019378484207779653,0.20467015039360914,10.396180202575048,9.26
d3fca7a1b49dd48da8124cc6056ffe5e,90.28,562.77,7.874833333333333,300,5.7547568633554035e-21,0.021127815762390437,0.0009129279320417163,0.8191040683779521,8.642902304933816,8.09
d40fc185ff6a75de9b6095003569ee88,90.27,331.08,4.0135,241,0.008642835788856301,0.011255589322053098,0.0006620741325565402,0.1701966548136931,9.35693099544654,8.14
d41410528189d9c2e25ee0f37374c82a,90.13,309.78,3.660833333333333,220,0.010799269280140534,0.008703900284724524,0.001095401953485744,0.1944135517575667,8.162847818368322,6.819999999999999
d467f6927e6a965ce37a09bbe61da022,90.27,785.55,11.588,300,0.004109161617494459,0.0025197577881868848,8.24522600589749e-05,0.13746708096284155,11.658054135858409,9.610000000000001
d485af251fe5748e1d21ec2fb3d163bd,90.28,952.08,14.363333333333335,300,0.002198573550369226,0.0036559866238624994,8.053551644176384e-05,0.17166277564467017,10.466092720360322,9.23
d4d90958de9a7e7f91ffeecb92e1b8ef,90.3,318.0,3.795,228,0.012777211698656182,0.006196965485038317,0.0006096550515020899,0.09658539879647658,8.823151071382464,7.680000000000001
d4fec2d6dae983cd3ec14760077035b5,90.27,306.93,3.611,217,0.01139480055149967,0.009595766292098165,0.0006723576411991032,0.12832286362228523,9.455728713837264,8.25
d515150e6b92fb75ab2a0c1460102c8f,102.3,656.28,9.233,300,0.009396709070796854,0.0005432037358870206,0.0009546378844460067,0.3340300378728335,9.307923261266332,8.76
d56cf045b0defa2982d58102f88bf99e,90.23,476.33,6.435,300,2.128547839314255e-15,0.021624551397531853,0.00047104020098241717,0.30840756844731315,8.283540129188193,7.42
d5ad6cdf3b7b8aecfbd4a7c0e5854040,90.13,735.12,10.749833333333333,300,0.004345682909646013,0.0028699429256854336,0.00012384088961297308,0.17931167661328334,10.926766569390074,9.65
d5f4b4eebb56bfce3631044d3206d88e,90.25,989.6,14.989166666666668,300,0.003742999484242207,0.00021319396278545043,0.00010913845245940788,0.03129752411699143,11.324071408987328,1.540000000000001
d68ec6f2873fc5112a68dd14ed54e9ba,90.25,355.15,4.415,265,0.006993499902830838,0.01057249820915808,0.0007042467522163601,0.17415886442376172,7.874474881382839,7.199999999999999
d6992e9a2952169ae9e77a109acd10a8,90.2,989.5,14.988333333333333,300,2.419449492636465e-33,0.0033398321237016766,0.0004000266016142818,0.2295040143544728,6.409160097555392,3.06
d6ad6cd5dcb1a9c318f63d16be3efb0d,98.2,997.65,14.990833333333333,300,7.801013937294377e-23,0.0021997327741993876,0.00036387785868843896,0.1453917100656823,8.94480929934862,2.0699999999999994
d6c6ddde571313d196581b7d359e9650,90.27,367.15,4.6146666666666665,277,0.0024905255787296596,0.023543696173914778,0.0012210286671943424,0.4172021770442583,9.359764964163332,7.539999999999997
d6cdfa355c02a6a5b90cafc7a074015a,90.27,316.02,3.7625,226,0.014319929006878068,0.00545560259930209,0.001094526258267426,0.19590154196477255,9.274721172047968,8.32
d6d6b827ce5fb0dda35dd50e16f6c855,90.27,393.15,5.048,300,0.0039053380151001537,0.015131708925487724,0.0005318537292146393,0.15284970651664678,8.839579946714789,7.819999999999999
d73632ea12601a94e9ff21c639d7aee0,90.2,658.67,9.474499999999999,300,0.004720523251826706,0.003275196649806928,0.0006697047840171687,0.311342347373548,10.233651170656167,8.19
d75d3e5783aed09c6528a3117f6c085a,118.35,1017.7,14.989166666666668,300,0.0003180918695555479,0.0038657366207207086,0.00010538892558319422,0.043418998036652515,9.37346739940275,3.7799999999999994
d76a77732325e3daf4c6cd27c082d5a9,90.28,315.05,3.746166666666667,225,0.010551928970705192,0.009465848187850316,0.0007668318462302525,0.15770597851399132,8.886405348654213,7.68
d7c940e2bd367dd3bdd0cf57493ed6ac,90.2,989.5,14.988333333333333,300,5.021746774193054e-29,0.0018968825230628317,0.00016698117568005052,0.04767124485822746,9.070973693322358,1.7799999999999994
d7d8a799a576cb967d39604ba0e8979f,90.28,291.0,3.3453333333333335,201,0.012085909392804423,0.010866413495979827,0.0006703974407476198,0.12653316614035753,9.062998308403406,8.38
d7f21e6a52636080b60a306b5a4afe8a,112.33,1011.7,14.9895,300,0.003635357459653228,0.00024938827497280144,0.00015910277877084487,0.04010250474562179,11.241897142241944,1.9799999999999986
d7fe5fdf70166834cc1819539f421b92,90.28,369.2,4.648666666666666,279,0.003473778877152114,0.02198522214290913,0.0011004423800142324,0.4108448787538716,10.08927638337963,8.54
d80f6d0728e3a3aaf20ef5da8c18e062,90.23,427.2,5.6161666666666665,300,0.008402352876569716,0.004542415404042498,0.000745776839948274,0.1967536979800872,8.610876917531424,7.540000000000001
d83292f99ff09b083381e88eb0a222de,90.28,721.3,10.517,300,0.003815598611725506,0.003736823376356258,0.00015856871569329458,0.18223570146840212,11.150343622295956,9.5
d83c9c56e8b45ba930b8248d0c208b88,90.23,402.15,5.198666666666666,300,0.0025271158981441675,0.01304725817316284,0.0005432144108194248,0.10766551712170484,6.596887034209875,5.59
d85e7627aafb39306b1df26ba565f5de,90.2,384.8,4.91,295,0.010500135749264452,0.00470840446478429,0.0009496148428912969,0.24027234192387983,9.680190883812575,8.15
d8aa9b310f25a895dcdff1c8797a6b70,90.28,333.12,4.0473333333333334,243,0.011754657954437446,0.006437558989084632,0.0005104643618632483,0.09852283368311349,8.915395865704102,8.32
d8d210f4d593b46483958a7d16fb7ff9,90.27,295.9,3.4271666666666665,206,0.01221346890013394,0.009862195492457025,0.0006858574608929343,0.1431361354147281,9.32191219290147,8.12
d8f4091aba7892f6246dfd49d1be8371,90.27,471.48,6.3535,300,0.00629772050127971,0.005766264294987831,0.0009282982181860909,0.2965739475050109,9.503446075138953,7.75
d92cf0a7fe7059a575f56610514a4bfd,90.3,391.25,5.015833333333333,300,0.010651785272132373,0.0037778807837923808,0.00023461690811948135,0.04895106259318247,8.627792612568134,8.049999999999999
d935ac5cf5455678d6d4023d3b93d019,90.25,481.62,6.522833333333334,300,0.006619501700684053,0.004179220261203316,0.0005890291183436116,0.164126449294215,7.735641608205664,7.35
d936d3fb106be337ca59e7d0cc9396ce,90.2,536.37,7.436166666666667,300,0.0072445661227974354,0.003322579342937028,0.0003559497453600411,0.15074196901238635,10.691362392720448,10.07
d950d84a951a3e4796a1b691d269e5b6,98.28,463.33,6.084166666666666,300,0.004647763963825434,0.009533433905211636,0.00039504628229009963,0.15574757234939945,9.41089584236812,8.09
d9612a5065d426b4ace575a34d6d72aa,90.3,602.9,8.543333333333333,300,0.003552830977021459,0.005743526092471577,0.00023914159245623704,0.10026365564126126,8.885759470648516,7.629999999999999
d97404d8e560fab32ea2ec23084060a8,113.33,538.83,7.091666666666668,300,0.014045592462567837,0.00036146041756027165,0.0011164831691824022,0.24274846542319606,9.624761987810015,8.85
d9ba3850184dc6e381f5515ffd628d0d,90.2,414.05,5.3975,300,0.007416132476141542,0.007855238330869827,0.000648617719286563,0.21371960568803383,11.064202117809772,9.36
da4852f545197223ea10ab81543b1f9b,90.23,280.87,3.177333333333333,191,0.014926702972656091,0.008002815337268801,0.0005146452686172905,0.07056678837245706,9.09008412436991,8.07
da608c68dfb89cc8b7f0566de5e77d46,99.23,998.52,14.988166666666666,300,1.6390557458229573e-27,0.0025141563314608232,0.0002614650183003965,0.10094845557695069,9.1853930973486,2.17
da62de080c7fee4429071a527a197bec,90.23,588.67,8.307333333333332,300,2.021468395580487e-27,0.01847553853734991,0.0003229069939195158,0.32047883505221164,8.811225237324976,7.76
da742fa5a2efe4c700f93528b6490e64,94.27,994.25,14.999666666666666,300,2.5494940383557823e-21,0.0016156902623577502,3.0560968779972224e-05,0.015831629600813836,7.920797825110278,1.3999999999999995
da808e5038475abd43da8766e43bd15a,93.22,992.5,14.988,300,9.616826520024648e-20,0.0014849181969502471,0.0004382499119465472,0.09615298298759364,9.250073498189813,1.62
daadd5ca3c90149f03e55adf86b94716,98.2,997.65,14.990833333333333,300,8.294400580970004e-25,0.0023927841008276342,0.0004373223915838957,0.16192652532393026,8.709711855395202,2.2
dab864925aa4d65ad61f56aaba192baf,96.27,487.7,6.523833333333333,300,0.011792245227420377,0.0011189963045164723,0.0008210993346828637,0.20788545842036676,9.337753731326591,8.319999999999999
db85b4ae15a60d3ee8c6fe437431f634,90.22,281.78,3.1926666666666663,192,0.012178288027806133,0.012026774201570348,0.001002227185017768,0.17138909950755277,8.923344993314895,8.28
db92d9269c65316226f143c891637efe,90.27,546.52,7.604166666666667,300,0.006496184918743479,0.0033011020246349427,0.0005457203499391329,0.2853133939160685,10.68482189292896,9.06
dbaf9bd7a3e85692e290256e6d5935fd,90.22,720.13,10.4985,300,0.004181780030771471,0.0032073717074148373,0.00015151116104162853,0.15160213124217037,12.122268352008184,9.28
dc7aa87c8fe11530bc57f1adc7ea0d41,90.27,620.97,8.845,300,0.004753501628783755,0.004425763017805218,0.00034416333826382817,0.24495141621598837,11.145401193097344,9.64
dc9cc71cbbdf0d12fc479b4816add4a0,90.27,373.08,4.7135,283,0.004397396734091328,0.015610019810599752,0.0005799994446907422,0.1594182863655927,8.733260978847184,7.819999999999999
dcad2359a4623bb2658646b5b8d4a63d,90.25,620.07,8.830333333333334,300,2.584903326050608e-19,0.017242569652178474,0.0004849658703993984,0.5560225457251067,8.843225652151363,7.890000000000001
dce1aa4db5a9ac0ba54ba4f5fad2e50f,90.13,693.97,10.064,300,0.0041159462920400585,0.0038616852839127446,0.00012392912190188615,0.1738001631971634,10.685301307198026,9.88
dd08bbcd99a0deeb2e2108d1f9ebf740,90.2,381.8,4.86,292,0.011322760700517904,0.003902330984485151,0.0003211632043043387,0.06482763837113625,9.59575496535691,8.94
dd130cd8f152cf8c3ca8be186e81ed12,90.27,459.45,6.1530000000000005,300,0.009363767468439796,0.0028238997184763842,0.0005547329966594886,0.150737991899087,10.101371355817117,9.309999999999999
dd35577568db6a8448bc4359af33cbe7,90.3,782.5,11.536666666666667,300,0.0007529984693104578,0.009011728802397631,0.0002438628481986149,0.15522453020558918,8.743375568663772,7.33
dd6f354490253d6232c57d22593e6383,90.27,324.95,3.9113333333333333,235,0.006214056163443868,0.017437696554622465,0.0011557924878913058,0.2710261448463736,8.880664976892351,7.960000000000001
dd9464e20ca2af4bd5b9be970c8e7393,90.3,403.27,5.216166666666666,300,0.00909215566583863,0.004935904146846478,0.0006091445538675321,0.15160221716620323,9.049718329348678,7.68
dda79e2d83e2df79a1e42a8cf50fb630,90.23,294.88,3.410833333333333,205,0.010931309391667808,0.009856815347785952,0.0006727620259642297,0.10695930642944193,7.457620064228788,6.93
ddab1c2e4435f71e33dc8b11fffcf5d8,90.27,354.08,4.396833333333333,264,0.011324085909498233,0.005658451386190173,0.0006660015147235172,0.13427207631576515,9.829398351981018,8.49
ddd8bab48938a489a49063cac00ff336,113.4,1012.62,14.987,300,1.0152468667377989e-23,0.0028150193423176423,0.00017804827486353676,0.07754315148615758,9.455994409089374,2.369999999999999
dddc1a243d367c079009273c437dcbd8,90.2,379.8,4.826666666666667,290,0.0021230764250656595,0.02345264445012109,0.0008540869335665243,0.30247316910341965,9.179810439993322,7.84
de5f8f1d0ef296a4964193384076866c,102.3,431.52,5.486999999999999,300,0.008054156153371739,0.006021072583595364,0.0006411220071376638,0.18743090532482148,9.644965907647379,8.62
deadb5e441426899040596382fd101ee,90.28,438.42,5.802333333333333,300,0.0013648968204320907,0.02092905551751271,0.0007552145830755426,0.3098291586239151,8.95831689202882,7.800000000000001
ded50df58a0aee4dd30121a7ac8f97f9,90.2,375.98,4.763000000000001,286,0.008448682626882982,0.00842471490554856,0.0005216536199293434,0.1481783655860983,11.177956321051866,9.389999999999999
deeb0bad79f97069dc1fac20df816b28,90.25,989.23,14.983,300,4.0062135133525076e-25,0.0016257879831237043,2.314568212123619e-05,0.012966574622062074,7.849193007650608,1.3899999999999997
df0a4eb0452cd89f1a13fe34c2fae100,90.28,947.07,14.279833333333334,300,1.282818341037525e-22,0.005647366127611322,0.0012073694757507901,0.7923495651786588,8.098679394191588,5.23
df3c200685d7338e2253de3432a87bab,90.25,374.2,4.7325,284,0.008557842071949772,0.007368439433046959,0.0007536358092279374,0.17413194409479563,9.395254966228533,8.07
df8325bfef35901b36f43f4b499195c1,90.13,521.4,7.187833333333333,300,0.004669629866033987,0.0068309997892747444,0.00035878086480920364,0.15177784644720263,9.19761549182311,8.67
df8e303a9de6816ebabcbad8e995548f,90.27,328.07,3.9633333333333334,238,0.010129350044854876,0.009951938976066915,0.0005657837787285234,0.14933141323043544,10.500750867619876,8.91
dfbb5c97e4e612910d137ca7bebb7983,90.27,306.93,3.611,217,0.007634018538776824,0.01619392970471225,0.0007231304792955804,0.17083092007641162,9.693051050737964,7.99
dfc835ecc62bd6c5e44e5d30c98cdf9d,90.25,415.37,5.418666666666667,300,0.006576506226700712,0.007466460729929101,0.0006679385545015213,0.19400939252048724,9.215937162866618,7.43
e014cd4a1e119212bbe2d734e933e728,90.27,288.92,3.310833333333334,199,0.011348583474300433,0.01233624922384638,0.001349845071496211,0.2815486744550014,8.99711528601719,8.34
e026e87dff6cf861bcb1cfdb6b14579e,90.23,583.65,8.223666666666666,300,0.0060272987224010855,0.003049140267689748,0.0002288998149203554,0.1572354495984872,9.802658658270932,9.299999999999999
e18ce4fa18e1c5da6bf7505ff040feaf,111.33,1010.7,14.9895,300,0.0061592167491405815,8.984048763746623e-05,0.00016993529541155353,0.05625641825694993,10.990852638350262,3.9700000000000006
e18d304c8c6af87a2455704d2bb77ba1,90.25,989.23,14.983,300,2.6043600653094855e-23,0.004345144746645892,0.00019006676681311143,0.13183787359166807,7.582985530036205,3.6400000000000006
e18fb5025ecee35a7b0b757f4b5406c8,90.3,537.68,7.456333333333332,300,0.007117417176509917,0.00301786830064106,0.0004288185784081796,0.1826998654414473,9.483373136859177,8.850000000000001
e1afc3a57f2f0a61e0d178fd8d71f49b,117.35,414.45,4.951666666666667,297,0.015340634375451882,0.0017168369514871675,0.0013157303801590947,0.325214900658416,9.530220180108845,8.86
e22ac631b9478c2297272c432d581540,90.13,326.83,3.945,237,0.0024036319768394993,0.028959033820626392,0.0010189744723842003,0.28493885865501806,10.307258641418677,7.94
e24fec62780767810e05c7748295e576,111.4,710.52,9.985333333333333,300,0.009746754930866987,0.00031475510341621434,0.0007760379033259395,0.2712835014137746,10.018871960132499,9.48
e268bb2e2cd41c710574444ce74b59e4,90.22,724.15,10.565499999999998,300,0.0033726815002883574,0.0043864864171427355,0.0003234901216116127,0.1930269325307775,10.029842464397682,8.69
e273007106dbd21818057bb8e03f8a7d,90.22,299.85,3.493833333333334,210,0.007551272466908279,0.01636569898699696,0.0007574395049617325,0.1566581054825262,9.061065337238237,7.52
e2b66b3383519926216e855ba1c935d2,90.3,470.48,6.336333333333333,300,0.007216911830976767,0.004541190144632509,0.0008015548528148396,0.27408828318118034,10.469031266173548,8.51
e2bf4d8e709bcd892bd69d79777ca2a1,90.28,290.97,3.3448333333333338,201,0.007390659463386198,0.019665770986903468,0.0008055344385225742,0.1892638643945924,9.492894778157366,8.19
e2bfce7d57d74338e70dc94c7d6587c2,90.25,557.88,7.793833333333334,300,0.0008011659295655576,0.012750691134960553,0.000586808376270476,0.25390134206315296,7.243629973155734,6.09
e30f7274db67ec920a8ea296d355d284,117.42,1016.63,14.986833333333333,300,0.0016635029706582173,0.003043003090333038,2.331503701066562e-05,0.029538131200689783,9.740147963931632,6.25
e33c8bccc807285a26a9ffdfc2b6538b,90.27,801.6,11.855500000000001,300,0.003757520056978968,0.0027519918281248908,8.477378893358084e-05,0.12064647407260227,10.720757719770393,9.34
e3a892d4a48bdf15afad49f121ed4cbb,90.28,442.42,5.869,300,0.007027679912901641,0.007024084115108644,0.0006608397653249003,0.23503145119271257,11.802156284980757,9.420000000000002
e3ea8c6b504f19d87d9750681e0ffa7b,90.3,344.1,4.23,254,0.008412780692682484,0.009219384330816136,0.0007536881387734297,0.16970467509807444,9.396085076028937,7.830000000000001
e49a41064ced7023a3a665d7afbbcb2b,90.3,311.98,3.694666666666667,222,0.009808132766452073,0.01039946164022746,0.0009406246996428925,0.18936998805819782,8.327850885957638,7.279999999999999
e4f9d36dc6a5e0abcb32f1fdbf6c2109,90.25,342.03,4.196333333333333,252,0.010776707740460852,0.005751228821163866,0.0004072774531665294,0.06961994140946405,8.401115124820501,6.89
e53c9b90fb8f345c5e2133c5979b972a,101.35,800.85,11.658333333333333,300,0.001041718424757728,0.009745753358013184,0.00020156948001600583,0.1686593631483069,9.976767586573635,8.96
e55aeef4f229fd29608f2e1d7cbceace,90.28,989.23,14.9825,300,8.10917407260519e-29,0.0033538599419199342,0.0004712777303136728,0.27955991998695645,6.593639587041113,3.25
e6bd2f699e695aa4d0691061bdad6a5c,90.27,355.2,4.4155,265,0.011899337273890429,0.004508850381557885,0.00018586167312773378,0.03927203070315072,8.851175325948702,8.38
e6f486affd37f137dab9dcf921891fb8,90.28,450.45,6.002833333333332,300,0.0023398793111089854,0.015689524942502336,0.0006317342581441948,0.21108536336460862,9.117606685608331,7.74
e73770c42140647f6fe21c38e1af8c87,90.23,325.97,3.9290000000000003,236,0.01269069477350103,0.005914593753109403,0.0007607087159506912,0.13642535221684146,8.977735426886643,7.949999999999999
e75ae9d61ff891dc18770a9b0bcad737,90.27,292.9,3.3771666666666667,203,0.012250845684471788,0.009820631896116705,0.0005326501020492739,0.08742331025439386,9.138532515593447,8.129999999999999
e5f8d5cf47e73b5597766d6de638fa63,90.2,406.87,5.277833333333334,300,0.009801543940389176,0.0035001951918515236,0.00046619670889942006,0.09272375795008596,7.516982444407595,6.91
e6012994ae8ffd19d33ae326fec5f487,90.2,989.5,14.988333333333333,300,0.00010307782805940245,0.0059065892275279915,0.00020381256749896093,0.14958382544688342,7.62434275412652,5.99
e626e1b21dd84e399c0f4fb415da0540,90.28,507.6,6.955333333333334,300,1.0493076875919257e-21,0.023120987236334184,0.0005049521516936411,0.38357017104490426,10.071182796821782,7.91
e670783590d8cfabd94fc7d87673c23a,90.27,706.23,10.266,300,0.005463900214823183,0.0017690823732277236,0.0002537614760134365,0.11546148621264533,9.17614481297367,8.309999999999999
e76dcd1965dddadc9704acddc944e075,90.25,358.1,4.464166666666667,268,0.009006646197333516,0.006709159710209414,0.0006641524298010098,0.13250216207174173,8.067201316162228,6.71
e76e1a837b5274d19fb535d185bfa011,96.27,996.27,15.0,300,8.841738060931029e-21,0.002869983246935593,0.00020661359418174116,0.0980618415631175,7.418393267907254,2.49
e79912ab1ec025893a28b5835d5b493d,90.28,627.98,8.961666666666668,300,0.004100529706373461,0.004526870385413636,0.00027407245707272704,0.13310850551751394,8.955614718182026,8.08
e7aaea667b7126870de16906d27bea6e,90.27,346.15,4.264666666666667,256,0.005496961163961286,0.016133956349055244,0.0006164942204910909,0.1804403824573926,9.352276799269085,7.969999999999999
e7ce3964e35344f4f3203a273ae8edbc,90.2,989.5,14.988333333333333,300,6.489637151277232e-19,0.006638888059080246,0.00012706063460978415,0.13939163957350628,8.899584312052147,5.96
e8754b5eea888194b62fdca62ae229ba,90.13,268.67,2.975666666666667,179,0.01397909638270923,0.011960950094544466,0.0009714963976158773,0.18926617113752953,9.929238970909145,8.510000000000002
e88074398e2a846f7c57e7447fb979b5,90.22,464.43,6.236833333333334,300,0.0065299238836077035,0.006190531043946502,0.0008311705364149579,0.27493303027927657,9.691713076298141,8.97
e89e50ca8b34dfd1e792bcd2db559647,90.27,342.02,4.195833333333334,252,0.00419205932540893,0.020112775849268447,0.000940419168313916,0.2514902952458486,8.949464295228012,7.83
e8a04e62156cdcf75d85c79428c74d3e,106.3,365.15,4.314166666666666,259,0.012006325288476,0.0045615509220493155,0.0010216585038583298,0.1890411499965342,8.431647155865537,7.03
e90cbd7a612d2e44eb0e928f57e109bc,90.25,989.23,14.983,300,4.296767578557807e-25,0.0024205734130132496,0.00022168854931522555,0.09568571320271439,7.503608980374442,2.08
e927c159df7e0f878a357e4da15e0b6b,90.25,898.88,13.477166666666667,300,0.002906495704679318,0.003046927269228873,0.00010300708301005994,0.19052749489270426,10.539494841565206,9.45
e939ce7a619c6549e1bf24b6d4bd70a2,90.27,279.88,3.160166666666667,190,0.011573805290310891,0.01384829453517989,0.0006767270988635709,0.13952583540556435,10.338671439118805,8.62
e9b854905c1109b734df58fd1b210ebd,90.27,326.95,3.944666666666667,237,0.008895797376974842,0.010872184191016609,0.0006352247436752719,0.14186827443730543,8.756372646278406,8.0
e9d954ab30cca0724a29ef196dee9a97,90.3,759.42,11.152,300,0.0047324248995306815,0.001919810965022377,0.0001286935029991407,0.16308961628768137,10.720479777128343,8.709999999999999
ea7372db60935ba03e8934f7f49f9a25,90.3,303.95,3.560833333333333,214,0.01025169098289758,0.012069017795680387,0.0010360438352792188,0.21606653885669114,9.812721491551137,8.08
eade4be3a0f91fe63a9226d2446e4d6f,90.27,894.6,13.4055,300,7.625912207795699e-30,0.009992438359042176,0.000996160277045004,1.0894099012881115,7.053591254434382,7.859999999999999
eaf7ffa708a5ac849bc77e7039346f41,90.25,989.23,14.983,300,2.2407888100148307e-22,0.0029446224180945603,0.00028319925356616707,0.1363087289798648,7.722267483911355,2.62
eafef2a9aa777190a9a87a392842cb8e,90.2,583.45,8.220833333333335,300,0.005760941312478284,0.0036334464858155382,0.0003081227062798373,0.21918567709074094,10.854599299760727,9.459999999999999
eb17e0bea8ca2ede1ec6ddc12103a6ff,116.33,517.78,6.690833333333333,300,0.01587227164076992,0.00026068315835800737,0.0010497556598219368,0.2066815524291144,9.34500675308673,8.36
eb314c9de0f05e0969fbc511920ab694,90.3,493.57,6.721166666666666,300,0.0066701579052489334,0.00464600903367379,0.0007148005620003266,0.23830570440211354,9.79187367413948,8.42
eb483c06cb18f9d714171fe8ec8d61ae,90.27,421.22,5.515833333333334,300,0.0077618760116073895,0.004945102694277448,0.0006740820146833968,0.16089740943656694,7.3971668216482795,6.87
eb7b8af6ce1296f2c7bd7b2a37b6818d,90.22,267.75,2.958833333333333,178,0.011242455981826521,0.014763143801830329,0.0004616649508786757,0.07622427208292444,8.83560728011768,7.9
ebe6f597e7404e8b6e4c63435127e22f,90.2,256.45,2.7708333333333335,167,0.018961248137616602,0.006793564310714354,0.0007777475690428771,0.08614153456785786,9.101577688054295,7.709999999999999
ec0ac96dc87ce3ec76bed2435a66732b,90.23,321.95,3.8619999999999997,232,0.012469665977321366,0.006169574857781748,0.00034034730118455333,0.05826610316504344,8.526056447226193,7.99
ec3fbb6d18d9c3c995cd0c0fd0f14f73,90.22,343.95,4.228833333333333,254,0.009571074638370633,0.008048934262323571,0.001040083468078755,0.22903591793992087,8.225843391602249,7.57
ec48826aa1a70fc8755f8b76a5de6462,93.15,992.88,14.9955,300,1.2004482065689256e-20,0.0019058813561233635,1.3579144304213703e-05,0.012678607019641856,9.8257823085575,1.6599999999999984
ec6af1e217ae937063c6275ef56376e7,90.23,292.87,3.377333333333333,203,0.009706446963527791,0.0132126792067807,0.0006257059357379529,0.120369863480809,8.824166866435808,8.18
ece01397b4a5d799ac0e83dbc622c907,90.2,519.22,7.150333333333334,300,0.002841790735286331,0.011779498205457187,0.0009596169995435829,0.4254484433465438,9.839285051782745,8.16
ed0d31366b847b81179cf7db313f413d,90.2,574.48,8.071333333333333,300,0.004760492946088824,0.005456929006255731,0.00028638758614815994,0.2298138409145329,11.431196936617654,9.53
ed1e94fd39381327c2c2aa1cea491203,90.13,535.43,7.421666666666666,300,0.0041147955979838014,0.006408480240794384,0.0007545181573332212,0.27235535095679314,8.199634965633992,7.13
ed58c73057dacdadd95fd24880f4c072,90.28,369.2,4.648666666666666,279,0.006389394409584542,0.01219546719162411,0.0005951678907233175,0.16162602456074304,9.845710691423827,8.51
ed6724e03220da5be74bfa0d6540d508,90.27,363.13,4.547666666666667,273,0.003914194653558245,0.018774177017425536,0.001345914066650903,0.38380858793116224,9.194487597816774,7.65
ed8b77e255cd0b9a6a2ef3f52f86617d,90.28,485.53,6.5875,300,3.743625581958936e-21,0.02234139365941325,0.0003368140662886488,0.29745039549869495,9.427807249377718,7.470000000000001
edd09220054743103d994da851eb3686,90.28,622.0,8.862,300,0.0058799301405499695,0.002638525397537247,0.00018336796802810316,0.13483106366764985,11.207175620483596,9.23
edf08910e0bdb68c7ae89a60d132e927,90.3,272.83,3.0421666666666662,183,0.013026744260357543,0.010495756353045874,0.0005345855134846739,0.08262066822986291,8.055923678698202,7.42
ee07c60f69235dd61742fb1bb645bbb0,90.27,330.08,3.9968333333333335,240,0.008147702745085656,0.012035801105517665,0.0008666948132925339,0.19679991439305008,8.68393424574808,7.8100000000000005
ee807519bd0570975f5b500c2de7016e,90.27,299.92,3.494166666666667,210,0.012724998168087547,0.008165907304434684,0.0002471441434839616,0.041704148321767706,8.845091694870222,8.35
eec807d86a39db6c0c67c6bedac948f2,90.25,518.78,7.142166666666666,300,0.007039468459245652,0.0026789298755019206,0.0007193491312830535,0.1985787174957962,7.29788252745269,6.42
eeeba1118c60eaae3d31c8eb7d56a39b,90.3,690.2,9.998333333333335,300,0.0048266190885725745,0.0026157169438261285,0.0001564452302964606,0.17167963518135634,10.652561995341493,8.629999999999999
ef277b2026aecb196613d01c658a5857,90.27,989.1,14.980500000000001,300,6.43982825154482e-33,0.008367454554013573,0.0003853687755981495,0.5157138055507207,7.824721466715015,7.220000000000001
ef3f5351ca6fb5d129fc3df9acab940b,115.42,591.08,7.927666666666667,300,0.01435751123064157,0.00015879229471577137,0.0006781137947628478,0.16578141162218774,9.6070147114383,9.1
ef831d21208881c1880c13036b94ce81,90.22,272.75,3.0421666666666667,183,0.0015519291151672471,0.04100043788566885,0.0008939676378441882,0.2157881798610671,8.472451623674651,7.529999999999998
efb86b3a19ed45d91912e17bf118c056,90.22,330.92,4.011666666666667,241,0.005132863933333668,0.017649009716200797,0.0008462495466550579,0.21723667690954432,8.47223561536778,7.35
efcf2792df0f0271729f42dd958ead0d,90.3,644.08,9.229666666666668,300,0.002630067348897208,0.0066948209300390395,0.000240734994218061,0.12706376548146292,8.889823810791842,7.5600000000000005
f0079fc796441d77d9debc9e7bcdaf15,90.25,402.28,5.2005,300,0.006681532821165489,0.00873245744807684,0.0006167812958721094,0.1710191194020018,9.50679731997375,8.149999999999999
f00dd34edf41519f00da8a1196c1a267,109.32,632.18,8.714333333333332,300,0.010851354341419872,0.0003604170143799297,0.00044082942233495385,0.13573241515450432,9.938976623868816,8.790000000000001
f03659818c33fbef22b31eef8d7fff22,91.27,990.9,14.993833333333333,300,4.954782300236274e-16,0.003068071307826153,0.0008883594977513524,0.357551528067717,8.024639221819788,3.37
f04511a748ec6f3023c75caca3210f83,90.25,797.57,11.788666666666668,300,5.339640770813611e-32,0.011961101351508564,0.0007381659846796792,0.7685261058836901,7.833950556560766,7.779999999999999
f125023abd103f35faa9072adcc81378,90.3,322.02,3.8619999999999997,232,0.010862545116302266,0.007189858688017492,0.00034365600632102255,0.056984283683797855,8.170998972725485,7.719999999999997
f166588b89f48e0534bf9fe301532d44,90.13,687.95,9.963666666666667,300,0.0042333366258758744,0.0038141050713703865,0.00017332328832493732,0.16419097083433393,11.767664047471493,9.52
f1ee61c15821a0fb2b81da38edadf12c,90.25,502.67,6.873666666666667,300,0.006161384480101155,0.004181892932318764,0.00037359111731033196,0.15461014099142023,9.321453517142118,7.3500000000000005
f2560d1796745c078bee69d1aefa5a0a,90.2,342.88,4.211333333333333,253,0.009048785863182446,0.009984972584470831,0.0009055857309814008,0.22327679662257693,9.64673401023453,8.48
f089ecfedd33f999dc839391732e6c66,118.35,536.82,6.974500000000001,300,0.007284598526754065,0.0034876992721659525,0.0005288780732844826,0.2010285794017924,9.559464809187936,8.33
f0be7e6b7b9e6ad9b3cfc651e5177d4c,90.32,499.77,6.824166666666667,300,0.010073929760776486,0.0013519838237148756,0.0006387476464959422,0.15992958403522195,8.347676670410852,7.67
f0e93cc11d460d7b77336e45b159d6d8,115.42,411.43,4.9334999999999996,296,0.015090410084535365,0.00185938814941385,0.0013822470801285063,0.31317844764880487,10.213634624958976,8.78
f0f845ba536c1f22253fb98dc54f1071,90.2,561.37,7.852833333333334,300,0.005833351643988706,0.0038985381769005723,0.00027340713978219367,0.18845201852664,11.211504614836638,9.04
f283d61d7508735b2efa4120ab97836a,90.27,375.27,4.75,285,0.012625448057776278,0.0031503893130003864,0.00038267083257734544,0.08579712053063854,8.971084502528598,8.52
f29028dbc95c62720dced23c84f29919,90.22,741.18,10.849333333333332,300,0.004288676972737476,0.0027694992073775313,0.0001352419576012851,0.13956340841556367,9.91593021179812,9.22
f2ac0a368c2fcf80d386853f9ee86b3b,90.25,727.33,10.618,300,0.0033475703511961167,0.004267425453333818,0.0004604130914336985,0.3057368798299062,10.268921943103281,8.75
f2b21606943f71d89915075fd22ba1ce,90.25,372.2,4.699166666666667,282,0.005720139093005957,0.011188032705919424,0.0006064965251772435,0.14963055317394147,7.94345334714982,7.21
f446e42893e3fb357bf1b32b3d3c2130,90.13,462.23,6.201666666666667,300,0.008436998654005093,0.003860929100622986,0.0004707504372688363,0.1911997799360157,11.450531208006792,9.620000000000001
f45be3380f750277cc88b4c60e5d9054,90.23,374.07,4.730666666666666,284,0.009312378069742486,0.007017846894299148,0.0011758410567663522,0.2886661340694318,9.855733616581752,8.73
f4dd7cdfb6f3c99a179df7401f5fbeea,90.28,619.98,8.828333333333335,300,0.004923752333562408,0.0038358299165199942,0.0001734435710488955,0.16389340287171414,10.066274649104372,9.329999999999998
f54f2aed08a3821e5ec4b43cab08fded,90.2,345.88,4.261333333333334,256,0.007793364243568374,0.008865859636673343,0.000779679798339728,0.14889215892196517,7.806375907713578,6.42
f2df027bd07ece5ea51557b5bf038e6e,90.3,389.23,4.982166666666667,299,0.008571101584634647,0.005820449249918756,0.0006449112636154035,0.14335644626209268,7.980811553661504,7.39
f2ec6675b8a4f2eeb7f09b6a89c3636b,116.33,625.15,8.480333333333332,300,0.011913832790621802,0.0002944044041210556,0.0009694935514132166,0.2632273569194046,10.894302294958967,8.979999999999999
f2f3545e6b382929f9f4450e36206b14,96.27,996.27,15.0,300,1.6513855101163564e-16,0.0016762774923772764,2.7106842818993268e-05,0.017174915452733593,7.821839207102434,1.4299999999999997
f36f35f744325e4d6752eec135635f11,91.25,683.23,9.866333333333333,300,0.0038175009707473906,0.004241909116599748,0.0010000135243523577,0.49906618374506906,10.046166124503534,8.61
f375c1d042032bd656f13cf8f18952e1,90.2,989.5,14.988333333333333,300,7.498704545786177e-20,0.003932643409886481,0.0003919786391348072,0.2625190814191416,8.383730338981987,3.780000000000001
f4172bb5bd99fbfdd31bef9b808f790f,90.2,396.02,5.0969999999999995,300,0.008065176070417146,0.007929937365886854,0.0004895472400758043,0.14509909786949202,10.760904377138617,9.66
f419927c6d507839c2f3273babf6dd12,116.42,1015.62,14.986666666666668,300,0.004863229235943971,0.00019137037543739496,0.0002420533901626455,0.07027746105963993,12.023522372474611,3.450000000000001
f4373b5bb62ee28d07ce69091c6dc229,90.2,989.63,14.990499999999999,300,6.35509500689668e-24,0.001199867740533388,0.0005657595582177164,0.10224918697587992,6.8145420811651265,1.2999999999999998
f57f5ca2ccaa89e0bec07d6d071b67fd,90.27,339.03,4.146,249,0.010820197929743034,0.007448449801081174,0.0007752591785709074,0.1805162066207866,9.533691742025688,8.290000000000001
f5e904ce0958e271febb2d7546523b76,90.2,578.48,8.138,300,0.0048050516380717945,0.0051448498648237265,0.00026410633662016605,0.21241395187461598,11.833455108099386,9.55
f6032c4f965ee0881de707be80bd6f7d,90.3,622.98,8.878000000000002,300,0.0030454263644680213,0.006631917219170284,0.0005209000764004644,0.2725778932303845,8.640765571551837,7.51
f634a60b110354ec2801c9f7cdcfd48e,90.27,799.6,11.822166666666668,300,0.004263390371840795,0.002206764530289869,8.334639755053357e-05,0.13743395066252137,11.720370601408396,9.69
f6e14efc05e4c994508b038c3622cc9d,90.3,298.93,3.4771666666666667,209,0.010207845032690082,0.011804752164147466,0.000810621090448352,0.16097165978002648,9.06398553271814,7.56
f6ea27ae70e0f1f5fad0c4bd01077efd,90.13,534.43,7.404999999999999,300,0.005215212716778865,0.005303571363489764,0.000314073713879855,0.20293330269309268,11.427515263529218,9.33
f6f0e2191becc2c360e14cdfa34315a1,90.25,555.87,7.7603333333333335,300,0.006841764312526116,0.002276741337204321,0.0004309780674709881,0.1314580242244086,7.957165659910993,7.33
f6f3b74a8496e698f0bec899b373d446,90.13,382.02,4.864833333333333,292,0.010010793535371355,0.005432717967163448,0.0005761554896470218,0.14120472959163755,10.361997032506107,8.57
f720a1a2d74f1a3a36e4d476bbafdfde,90.23,630.78,9.009166666666665,300,0.004187188272567625,0.004802945022366173,0.0005140725169435102,0.2622290154543986,10.493776807441767,8.69
f78b01994b505c210665f235db18e7bc,90.13,734.12,10.733166666666667,300,0.004302186462000201,0.0029629862879453346,0.00014706209652614352,0.1947046521857475,11.743170787605033,9.510000000000002
f7a58581788ffb6ecc7e48646e9f7add,92.27,410.18,5.298500000000001,300,0.011506249173302013,0.002808789627083349,0.0007201467333317519,0.14868395943813317,9.511806343173768,8.33
f7af292e1fcedda9abad913efbedd53c,90.23,316.93,3.7783333333333333,227,0.014458238502252736,0.004749227011526598,0.0006839179678195418,0.10320773503483247,8.634552023690425,7.930000000000001
f64fb7d6e6dff4d64e0cf4c17938b691,90.27,548.53,7.637666666666666,300,0.007510089867923883,0.0022960104585853535,0.00037339568499109477,0.19811856362201175,10.446608661659154,9.290000000000001
f6655736af78a9794e62be51a52357e8,90.3,688.2,9.965000000000002,300,0.004694525598066299,0.002764374462074705,0.0001566949650541435,0.16072442725301406,10.739873692841885,8.46
f6a02189e3bd7e4d1521a20a8f95e9e8,90.25,989.23,14.983,300,7.564735139377921e-22,0.008349582357717655,0.00023170906520521872,0.3211667062360171,8.024551624096333,7.01
f6b4e15016d1f1f27593ed40a8f2bc0e,90.27,989.9,14.993833333333333,300,1.6291974496980234e-26,0.004228456729256146,0.0003628087667353962,0.25751811377117667,7.8898838655431485,3.719999999999998
f7e7b4abb70920355ebe075752bdfcb1,90.27,989.9,14.993833333333333,300,1.0858007840466358e-29,0.0038176979976993148,0.0003684443957347506,0.2257232062538156,8.402465301391125,3.3799999999999972
f8a04c15e332137fe4345761dfcfe039,90.23,275.85,3.0936666666666666,186,0.010831944875093863,0.013451247817052887,0.0004495913482654207,0.06805484708254401,8.21341048139894,7.609999999999999
f8b03f71b0dcc34bca5d280c6be30874,90.13,512.37,7.037333333333334,300,0.002722055643345429,0.01302212591395072,0.0007915664797194297,0.3783413308352718,10.320011123195899,8.8
f90243ccefe58706f00dd9675815401b,94.15,993.88,14.9955,300,3.224173127251428e-27,0.0019610549244472425,0.0001448683072771751,0.0508730752465432,9.40017408628113,1.8499999999999988
f99ccfdfe8c1afe1d5daa1c0b126fa68,90.22,253.73,2.7251666666666665,164,0.01754345275268797,0.008408138728497489,0.0015092742633649318,0.21925114702726475,8.08551911163011,7.789999999999999
f9b95c9ca13ca544f31188b560270463,110.33,1009.68,14.989166666666666,300,0.002619949706964547,0.00027046962730963025,3.775706240196977e-05,0.013518235009230347,10.11239725874875,1.0099999999999998
f9f350f69eac467a7448998b053cdf2d,114.42,760.7,10.771333333333335,300,0.010969194428063083,9.578351933076157e-05,0.0004609232180928362,0.1704682301472329,11.52283698613968,9.78
f9f6060438edc5d363930be2f7a94b33,90.13,359.95,4.497,270,0.011592936225591146,0.005138070686762672,0.0005835542645276297,0.11903998665925683,9.415895856191382,8.87
f93d0d293a40e9d8cd3527b463f41070,90.2,320.82,3.8436666666666666,231,0.01264102732714369,0.007430502047185202,0.0011671767622958413,0.26551505645405243,9.99067367835197,8.84
f943c0cefcd4d178d3dcdca7b197145e,90.25,509.72,6.991166666666667,300,1.532579236305509e-20,0.022162837590780325,0.0010068382548170467,0.7367020237427637,8.319753269349613,8.27
f981fb816dbf593e4cfcd960eb1e63e3,90.2,989.63,14.990499999999999,300,6.044129785147857e-24,0.0016863830461706592,0.0005080811532127097,0.1404807553447549,9.473952062034538,1.7299999999999986
f985626764ce533899e282b55c39bf88,90.2,311.6,3.6900000000000004,222,0.013248209718886579,0.006589486309026211,0.0007290323555962625,0.1161623960653874,9.83715855316161,8.030000000000001
fa32c7bd21013217d37c0d7bb754c86c,90.28,989.23,14.9825,300,1.4114483420446186e-18,0.005995558949026283,0.0006675123007117474,0.6212539301759319,5.949189802298691,5.05
fa546271a96b1338987544d8017b5fe1,90.2,241.42,2.520333333333333,152,0.017734231339175482,0.010674290724099747,0.0006495320337294798,0.0713790360439535,8.928933465263151,7.7
faa2746d039a2a50243aee81f309992c,90.27,989.9,14.993833333333333,300,5.321930845538494e-19,0.009274506264237158,0.0004359819101009942,0.679911885322745,7.39607295235228,7.95
fadb86d8dbe21350e5f24e0a0ed30c12,114.33,1013.7,14.9895,300,0.0005675852798231344,0.0033030227401346208,0.00010532173121467533,0.04358261010476451,9.205256920457849,3.6499999999999995
fafbc90c5a94cfd71370f07f67751ebf,90.22,275.77,3.0925,186,0.007412078816665005,0.022366990137109063,0.0012858604049861048,0.22686813182817264,9.164445204042634,8.06
fb3b3d3cb3a205e623f9ad58e1114fcf,90.3,481.53,6.520499999999999,300,0.007546264259746724,0.003843789522078972,0.0006127006529997686,0.22348192819694915,10.209760611816947,8.34
fb9435f407d2e9ebc31cbb57035f42a6,90.25,304.97,3.5786666666666673,215,0.007431907917328993,0.014749240819837686,0.0008495439424348791,0.1598343830838016,7.7283033327509525,7.029999999999999
fc1342426a1bbe5f3aed2569056056e2,113.33,988.6,14.587833333333332,300,0.007139045997693715,0.00013750661921330023,0.000325233796617728,0.1840421232881449,11.345066938351923,9.29
fc39872c19d90c328e026df43cd23d5c,90.23,288.87,3.3106666666666666,199,0.013927990997871235,0.007875891704735308,0.0006866044733045084,0.10474634268176067,8.914622564719986,7.719999999999999
fc719e3dc92f95e1dc24106407222cf5,90.28,359.22,4.482333333333334,269,0.006670991553844281,0.009220213269515326,0.0010959193221969541,0.21791460180625696,7.2527662584040495,5.83
fc74a55a299fa99ee253854680dcae7f,90.3,532.68,7.372999999999999,300,0.006340662644670155,0.004004605458990012,0.00047052846754277685,0.23772403372635334,9.690833560576573,9.030000000000001
fc9eb297150abbe9a5255c371da13787,90.3,304.97,3.5778333333333334,215,0.00451554063214722,0.020255130615280656,0.0011873663692035347,0.2292828735446227,7.740633499170939,6.32
fde8fecc39ced1d74ac949d49c100042,90.3,820.68,12.173,300,0.004088410585641113,0.0020028327531985035,7.827015748510152e-05,0.10855838897511005,10.682890548924233,8.73
fe362dace00601c72c7b686dfbafb377,90.22,444.35,5.902166666666667,300,0.008190094360917848,0.00434151392434949,0.0012144931697686834,0.35145088503900246,11.044914549367142,8.93
fee9467769928828163f45136d7f65fa,90.13,293.73,3.3933333333333335,204,0.012176014232217064,0.009727654885752036,0.0007570205688079832,0.13048964798106413,9.351217374124674,7.880000000000001
fef6a94f06e0f3d59f4465f3d652e8b7,90.27,308.9,3.6438333333333333,219,0.01128021132069563,0.00818097579877642,0.0007491116780885677,0.12222796294928098,8.317235456255306,7.199999999999999
fce1ef1703b2e3a4e730793634761a40,90.23,302.9,3.5444999999999993,213,0.010955751204084282,0.00883645587464613,0.0005718321622703192,0.09169204584319979,8.065063846574807,6.909999999999999
fd1a1e9dc0e9cf78e97ccb306a9de4d1,90.2,791.05,11.680833333333332,300,0.0008697789940978029,0.009311135317762393,0.00025930704433450147,0.19723573130356153,9.393294058107363,7.8999999999999995
fd79072475bacc6063d9a36f0d2a675a,90.22,483.52,6.554999999999999,300,0.00785282895156167,0.0034415510412898294,0.0005824672101010517,0.24658292797154174,10.156046670773986,9.059999999999999
fda43cc3f1608b96d14464901a15f353,90.2,989.5,14.988333333333333,300,1.728745532961093e-27,0.0032329747245914164,0.0005986236678798835,0.29748454295914273,7.086009388456154,3.2199999999999998
ffa44d2fa10c4bd348a414458fd77624,102.25,585.5,8.054166666666667,300,3.1037343767077593e-30,0.008868784572945128,0.0005039874065488703,0.240798214843608,8.856057076832707,3.8899999999999997
ffbb0b06e69c2539ffcd34399b531c9c,90.22,483.52,6.554999999999999,300,0.007282532276821633,0.004104107536070074,0.0005477652686689907,0.1908679117999301,10.512744453143915,8.56
ffc7b26e8f8abc069403463f7cecf323,90.2,392.83,5.043833333333334,300,0.0029766063118076796,0.017680031878005188,0.0003845827060451621,0.11734628922510976,9.400558772245788,7.95
fff05f03da1eb4f4922dd6fb743edf6a,113.33,680.38,9.450833333333332,300,0.010140892039224117,0.0003267381423028983,0.0007835452588622776,0.24852031264970595,9.805411249812094,8.8
