WELLID,state,reason,drawdown,dur_h,n,eff_n,rho,r_hat,K_hat,rt,r_boot_lo,dlpd,dlpd_se,a,b,c,G
01490383f88b24a57f1c44e21d72165a,1,OK,9.61,6.1530000000000005,300,1.5075376884422125,0.99,0.3949834539721274,0.42937341852429933,2.4303331922905,0.3328806148489148,1.6341662200459008,0.1731100899735845,True,True,True,3
014e1a9c0913b6f167de6e536945ea0a,2,OK,9.809999999999999,14.995833333333334,300,1.5075376884422125,0.99,2.5219522964070512e-15,0.883194596211301,3.7818776311537406e-14,1.2914890790532067e-24,2.1489550879512837e-11,2.270116048505017e-11,False,False,False,0
0154870487a80160dd915b880c309cd2,2,OK,8.610000000000001,14.988333333333333,300,1.5075376884422125,0.99,2.288177914687352e-16,0.6791020124434592,3.4295973311305592e-15,1.7609039408004934e-26,-3.7227332327915974e-11,1.6562942244043572e-10,False,False,False,0
01c754c0c7fbc12f03b02f14a7dbddf4,1,OK,7.720000000000001,4.948833333333334,297,4.296701442304921,0.9714786028407437,0.6336262800520888,0.2299203855052646,3.135710855597779,0.6050782704234636,2.659089630059816,0.08934972960534857,True,True,True,3
0010a5af5c70cdd47d12078221faf615,3,PARTIAL_C,8.26,5.6345,300,1.5075376884422125,0.99,0.13740688434425075,1.2940717697704576,0.7742190898376808,2.9116002840336986e-19,-0.7893584306197629,1.0672629036063568,False,False,True,1
005a8645299c37e52636715b75d6d6a4,1,OK,8.68,14.983,300,4.519569102195886,0.970316724698378,0.09239204338509184,0.3195726019159444,1.384309986038831,0.0567573868304446,0.6922759192245379,0.30081578563140865,True,True,True,3
0092896b8e32d9faa48645c9b8018644,2,OK,9.49,14.993833333333333,300,1.5075376884422125,0.99,3.0155204038966018e-24,0.8465678696728718,4.521421034929166e-23,1.7934604645520476e-24,-3.7155250727967846e-09,3.4889562256401377e-09,False,False,False,0
009f6869330e6e785cb82ad347aa1eef,2,OK,7.479999999999999,14.988333333333333,300,1.5075376884422125,0.99,3.668504178737059e-28,0.470952417644114,5.498476346563729e-27,3.1499720074565085e-27,1.3373746554634636e-12,1.104551186738128e-11,False,False,False,0
00b5c37d7f11e83c75c0d3d5d8031aad,2,OK,9.73,14.993833333333333,300,1.8975676864886952,0.9874290627709909,5.297136883610545e-25,0.830870056420978,7.942438757670924e-24,1.5101031188368087e-25,-3.9676188260765834e-11,4.814464295047621e-11,False,False,False,0
00c2f863454627e6a978b52a5bd1f1f5,3,PARTIAL_A,8.2,14.990499999999999,300,1.5075376884422125,0.99,2.5982827018478085e-18,0.5910901185506467,3.894955684204957e-17,4.150017725696927e-27,1.824022414590824e-11,1.7544592605397344e-11,True,False,False,1
00cca919191cf33a5296b5f78efe9f70,1,OK,4.449999999999999,14.986833333333333,300,10.371680364215619,0.933166064944813,0.08804034745558752,0.14159276338681429,1.3194460139256474,0.08227480801724703,1.6209775430870723,0.048107242898194076,True,True,True,3
012d689083d8d56c64e7bbed7d253c72,3,PARTIAL_A,8.2,14.9815,300,1.5075376884422125,0.99,2.295625371436002e-20,0.4339452663026517,3.4391911502168465e-19,9.170545001049196e-27,1.9687459070401778e-10,1.72980104093656e-10,True,False,False,1
02863dc30a8f3cad568aa52d1d3a9bf6,2,OK,7.48,14.982000000000001,300,1.5075376884422125,0.99,1.263232117518576e-20,0.37605600164497865,1.8925743584663306e-19,2.8535507432795254e-25,-9.857063313726637e-11,1.241155368179621e-10,False,False,False,0
02af396f95485bb919db322ee037c003,2,OK,1.7600000000000007,14.995833333333334,300,16.37753916363051,0.8964683826359744,2.4292657264514135e-25,0.12329386979315882,3.642886395624432e-24,2.720312875944796e-26,2.727386242777167e-09,2.727392126990852e-09,False,False,False,0
02bfb016056a1e04bbfc54b0f63e98b4,2,OK,9.559999999999999,14.995833333333334,300,1.5075376884422125,0.99,7.008761324611367e-23,0.8010527488227662,1.0510221669698463e-21,2.4849349626055204e-26,-4.798827261491093e-10,3.025885024205451e-10,False,False,False,0
02e3b33d21c15a8fc324ec398c3960e2,3,PARTIAL_A,8.62,14.988333333333333,300,1.5075376884422125,0.99,2.025464885558946e-18,0.4724605529253164,3.035834285971934e-17,1.9796558885924148e-26,1.2317176908046198e-10,8.841298198254487e-11,True,False,False,1
03494335108e1121ba7a3418b13d726d,2,OK,10.309999999999999,14.995833333333334,300,1.5075376884422125,0.99,2.2819134065396256e-16,0.9414505761076812,3.4219193125567135e-15,2.008920795354725e-27,-0.005481095870676207,0.005481095870679984,False,False,False,0
037918e366ecb2fefe0779523a4af8ba,1,OK,7.4,5.601166666666668,300,2.0606942672245263,0.9863557602406787,0.4444770271387762,0.3017003019794029,2.489589908508809,0.4113265637866974,2.163144763568342,0.3311276756512175,True,True,True,3
039bb09d6012f0a617109f6eb689bae4,2,OK,8.42,14.996,300,1.5075376884422125,0.99,2.8281125675359926e-28,0.6758702361376906,4.241037606276975e-27,2.8510458633864183e-23,8.096814330116331e-10,8.58300900229905e-10,False,False,False,0
03d2a8c3d9719d2c3088469dbc97a71e,2,OK,3.65,14.983,300,1.5075376884422125,0.99,7.958083085499846e-22,0.2631126021904809,1.192359588700442e-20,2.273727855254296e-28,-1.9187101907292003e-10,1.6326932412555464e-10,False,False,False,0
05b1195f8bd88448095916e2130ae847,1,OK,7.619999999999999,3.2886666666666664,198,0.9949748743718602,0.99,0.5955589849304331,0.7976068617490162,1.958594981774551,0.5475152221761529,1.5622644442985816,0.28376724045845275,True,True,True,3
05dd0ee0d92dba3f7e986cc10b9b8eb8,2,OK,8.9,14.987,300,1.5075376884422125,0.99,9.148323214860691e-18,0.7602897069526537,1.3710592002111718e-16,3.3222072214592867e-28,-1.1821392013426173e-09,8.874095022073474e-10,False,False,False,0
05e20ca828d4d8a00b8ee888ee52253f,1,OK,9.5,8.3455,300,10.76205544728633,0.930737647929402,0.3079635921636561,0.2592957841102017,2.570110158401792,0.2658631451243333,1.497925197242061,0.24953260510358932,True,True,True,3
0647a038d9551a8ff978825950c46138,1,OK,7.34,5.635833333333333,300,6.331348797693435,0.9586633962045147,0.15053851551075065,0.8612589900864702,0.8484099836660055,0.13787780474477151,2.106992437284824,0.2725944085047139,True,True,True,3
04383b4c3fe914b7dfafde81008533b0,2,OK,9.75,14.988333333333333,300,1.5075376884422125,0.99,6.927813830103397e-21,0.6530081466477005,1.0383638295686642e-19,4.345247580155991e-25,1.953232908746827e-09,2.0049451956647848e-09,False,False,False,0
045c66c6cd3f6aee3396120e17334ea1,2,OK,2.960000000000001,14.993833333333333,300,1.5075376884422125,0.99,1.0887226495057246e-17,0.18776153584024297,1.6324125952913917e-16,6.800440144703867e-27,1.6932194535357326e-10,2.084431695060103e-10,False,False,False,0
0501d860ac355b127d5d0c923a48855c,1,OK,8.61,14.989166666666668,300,1.5075376884422125,0.99,0.2907327572070525,0.037984801373087296,4.357841753236045,0.24562328957871493,1.3686665100466897,0.2667838185405378,True,True,True,3
0514584a04d98a2fc7e08ad988b2a180,2,OK,7.92,14.9815,300,1.5075376884422125,0.99,3.4177219136092985e-19,0.48537393132637835,5.1202600848737704e-18,2.465604326716509e-26,-2.0601994184706504e-10,1.8755871437307292e-10,False,False,False,0
06c5700549b23ba83340b9facc9735a4,3,PARTIAL_A,7.42,14.982000000000001,300,1.5075376884422125,0.99,4.348453271751345e-22,0.4159601359823523,6.514852691737865e-21,1.314121042363787e-25,1.4444045959294272e-10,1.39382320002009e-10,True,False,False,1
07ae59aea9bbb3ea5fb2aebd4baea6a0,2,OK,8.65,14.980500000000001,300,1.5075376884422125,0.99,1.9835276373058165e-23,0.7770446930824085,2.9714235770659786e-22,1.418068532695127e-26,-3.529539623533159e-11,3.775642956717203e-11,False,False,False,0
07ec1126777ec831d01eb301804edd41,2,OK,7.2,14.980500000000001,300,1.5075376884422125,0.99,1.6888621287400109e-19,0.45188455951415174,2.5299999119589734e-18,4.4233190964188724e-27,-1.891627595303665e-11,2.1880330462524165e-11,False,False,False,0
0839d49316d32e3c765e90409778f2fc,3,PARTIAL_A,7.72,14.9815,300,1.5075376884422125,0.99,8.384125480304014e-29,0.4946699572150431,1.256067758831746e-27,4.5847082423594236e-27,2.983927623508483e-09,2.594628010599298e-09,True,False,False,1
08bc763fb6e3989c7c39d192581839a4,3,PARTIAL_A,8.85,14.995833333333334,300,1.5075376884422125,0.99,1.3694120934795912e-16,0.6843736795073992,2.0535475518471037e-15,2.139069342066492e-26,2.810825646311817e-11,1.74139948752021e-11,True,False,False,1
08be64b3f6170f9b132b4bb927f1069f,1,OK,7.050000000000001,5.87,300,1.5075376884422125,0.99,0.4938767075475357,0.21713149005929308,2.899056273304035,0.44585625421644914,1.8729802731706886,0.22509937795269527,True,True,True,3
09089e5b41301527b191bcba8eac7d38,1,OK,9.57,7.408,300,11.450114372610171,0.9264722416578626,0.39460857909719627,0.2310115874817506,2.92326035395203,0.35961625196691716,2.009452796346594,0.17278019509068682,True,True,True,3
09250a99af5202bea221db35d7d3a1c1,3,PARTIAL_A,7.71,14.996,300,1.5075376884422125,0.99,3.882419460941302e-21,0.3480062527960239,5.822076223627576e-20,2.0724324585394512e-24,3.0870528355819715e-10,2.481554045477914e-10,True,False,False,1
084b9f43c91f191f0ee3fe4b2da1ef84,2,OK,9.16,14.986666666666668,300,1.5075376884422125,0.99,6.406200744343841e-26,0.662898010876871,9.600759515523305e-25,1.7244859305919344e-24,1.0895471191929573e-09,1.1669229426889532e-09,False,False,False,0
084e0ffcaac06d65cf92936313565034,2,OK,9.94,14.995833333333334,300,1.5075376884422125,0.99,3.1192625154660855e-24,0.8703356520410187,4.677594080484351e-23,1.9353660395942102e-25,-3.845713377378009e-10,4.2359192243942537e-10,False,False,False,0
0882b124cc451db1843ea908ca8b6f69,2,OK,8.690000000000001,14.989333333333331,300,1.5075376884422125,0.99,1.3806142426981877e-18,0.833144683756898,2.06944870885507e-17,2.0186821142113438e-26,1.3631377508242318e-10,1.4881618438511552e-10,False,False,False,0
08a7e18b9e2fe3ec8cd814565ac50394,3,PARTIAL_A,7.779999999999999,14.996,300,1.5075376884422125,0.99,9.814119920552342e-20,0.36920962601412627,1.4717254232860294e-18,5.2980030996518525e-27,1.3063446620738736e-10,8.866124682938682e-11,True,False,False,1
0963ea5e211ec17dfd98f100a0353d03,3,PARTIAL_AB,6.1,14.988333333333333,300,1.5075376884422125,0.99,0.02967869052411981,0.33719843449835746,0.4448341064723491,0.015029624871318667,0.538801055832968,0.35092990155770254,True,True,False,2
096901130a35846921b44cedb56fb4f9,2,OK,8.6,14.990499999999999,300,1.5075376884422125,0.99,6.024362055778669e-20,0.710633320915248,9.030819939715014e-19,3.649646242558514e-25,7.098247915375093e-12,9.585248287347868e-12,False,False,False,0
09e3ab37dbacfbf84fbca202d85cf1be,2,OK,9.06,14.996,300,2.349429858175389,0.9844588438001854,0.03228585505259263,0.6205031015334038,0.48415868236867904,1.9694880332565656e-24,-0.9564371486882406,1.0678675088891958,False,False,False,0
0a0828cbd204daaa8813470c9ec33fda,3,PARTIAL_A,8.459999999999999,14.990499999999999,300,1.5075376884422125,0.99,1.0233221550304538e-16,0.6476155052555165,1.5340110764984017e-15,2.02242242423774e-26,1.5645758762635373e-10,1.4789785023271753e-10,True,False,False,1
0a0855192d322a932558c6117bf0ebb5,3,PARTIAL_A,6.58,14.993666666666666,300,1.5075376884422125,0.99,4.216303731522452e-15,0.29898394838340514,6.321785271587047e-14,1.6148051755203326e-24,1.0062920866952633e-10,9.640250384964588e-11,True,False,False,1
0a0a215b6e8f3fb9e491d7c0592afc59,1,OK,7.949999999999999,3.075833333333333,185,1.4727116596953627,0.9842045343086661,0.8435270633913735,0.5376244879526957,2.594548659147966,0.7722832924244862,1.0599700102795562,0.7510329672826506,True,True,True,3
0a2dd8b944ecc50bdcdb7258c67ce777,3,PARTIAL_A,7.26,14.983,300,1.5075376884422125,0.99,3.0506044483422817e-21,0.5273765309609615,4.570720644951241e-20,9.596544421009977e-26,1.2742508529820877e-09,1.1623061483340482e-09,True,False,False,1
0a3e67443a30b7e9b60491abc0b7e57e,2,OK,2.549999999999999,14.986833333333333,300,2.296655289208785,0.9848052881232737,8.371859048991335e-17,0.1807466892848631,1.2546765625739164e-15,2.3459609055244285e-25,8.869582845960622e-11,1.5624137374986177e-10,False,False,False,0
0aa159135b007a3d523dd566e38f5f9d,2,OK,10.469999999999999,14.988333333333333,300,1.5075376884422125,0.99,9.914548686749494e-27,0.902219967389224,1.4860256056656367e-25,1.456755075081435e-26,-1.0242547550850153e-11,8.623739321066478e-12,False,False,False,0
0ad82c792fc98ec3b50adcdb078c9651,2,OK,8.5,14.983,300,1.5075376884422125,0.99,2.4670193653022005e-19,0.527451567558291,3.696335115032287e-18,4.858393248170021e-26,8.308191172072081e-11,9.082875843587431e-11,False,False,False,0
0b31a032b39f62c808e2954dc57dcc31,1,OK,7.84,3.913333333333333,235,1.1809045226130666,0.99,0.4079202984711457,0.9605269861093955,1.5963281013504167,0.2912178142024825,1.0216551013971709,0.21974448640417107,True,True,True,3
0b4cacd86ffb38f5cf6c9ac7576db589,3,PARTIAL_A,8.17,14.983,300,1.5075376884422125,0.99,4.974999916037317e-14,0.46320205884133797,7.454042374198713e-13,3.285484444511098e-25,2.7906891612398493e-10,1.9668246987295587e-10,True,False,False,1
0c2258d5e3cf6f84f2d9f2d6fc62b36b,1,OK,9.649999999999999,14.987,300,1.5075376884422125,0.99,0.15586113596881207,0.22265192544310883,2.3358908447645863,0.07423892424234957,0.42826067020429665,0.35763748824944164,True,True,True,3
0c8803a8272efbb5349dc204637191eb,2,OK,8.76,14.982000000000001,300,1.5075376884422125,0.99,1.8874695239912512e-24,0.6998173810662608,2.8278068408436925e-23,1.3755243637043092e-25,-1.0082971494777363e-11,4.6848802386026327e-11,False,False,False,0
0cb105b1a1ff52d15f8bd5df0aef575c,2,OK,8.13,14.990499999999999,300,1.5075376884422125,0.99,7.449460157475423e-21,0.6709712440640511,1.116711324906353e-19,4.765869229988042e-26,-1.7765733328900524e-10,1.862233784746036e-10,False,False,False,0
0cdf80d23e3136cb5d5dc7deeb227e25,3,PARTIAL_A,8.549999999999999,14.9825,300,1.5075376884422125,0.99,3.8836460134311756e-22,0.5106136370688396,5.8186726396232585e-21,1.6552679159460194e-26,3.2153139410221837e-10,2.9597806822239453e-10,True,False,False,1
0b7b0853ccf4643a5d91831ce591a4be,3,PARTIAL_A,2.249999999999999,14.986833333333333,300,1.8160063693946467,0.9879661361155775,5.089689153193714e-15,0.156270703602751,7.627832305738866e-14,4.1844972643053035e-27,5.463844932052098e-10,3.530538995472771e-10,True,False,False,1
0b971432f3a5e95b25eb1cc123c693f1,2,OK,7.890000000000001,14.9815,300,1.5075376884422125,0.99,2.4423767097357725e-18,0.43912125984737393,3.659046667690648e-17,4.104277562182618e-27,2.3686082724812724e-10,2.370159530830534e-10,False,False,False,0
0baac2cf05e58c17b9619e3786bea1b9,2,OK,7.989999999999999,14.980500000000001,300,1.5075376884422125,0.99,1.0781289416452288e-22,0.4072879144850462,1.615091061031635e-21,9.680629320932658e-26,4.7202242114963155e-12,2.9218989872204624e-11,False,False,False,0
0baba782ef05173af421a91009bccf79,2,OK,8.61,14.983,300,1.5075376884422125,0.99,2.880769409525404e-17,0.7376896590030624,4.3162568062919123e-16,8.119454096832289e-27,-1.6079744202812662e-09,1.6091769249631333e-09,False,False,False,0
0d026049dfc88f646f6e35d020bb3748,3,PARTIAL_A,8.58,14.980500000000001,300,1.5075376884422125,0.99,7.851537111289221e-18,0.4094308263322236,1.1761995169566819e-16,8.37369627194946e-27,7.177577051227975e-11,3.032215108332322e-11,True,False,False,1
0d3a56659a37b3513c706a83eec85e85,3,PARTIAL_A,7.919999999999999,14.983,300,1.5075376884422125,0.99,1.1189996736834356e-17,0.5771322203803879,1.6765972110798916e-16,1.647085209206099e-25,3.2711337342542873e-10,2.2293243511911294e-10,True,False,False,1
0d79ab5577abb3f6ffb902bc4e64f122,2,OK,9.219999999999999,14.996,300,1.5075376884422125,0.99,1.6628479139839394e-27,0.7185489996851556,2.4936067318103156e-26,2.480171108071101e-25,-7.298265695491561e-11,7.360079716684102e-11,False,False,False,0
0dbb23026fd5a62246d3bde05eb1a48c,1,OK,8.27,4.680166666666667,281,2.9908655079835884,0.9789368893775247,0.49928249409761877,0.4598839109675458,2.3367252861258723,0.47428526482353595,2.2704891334049995,0.6127815440876565,True,True,True,3
0dc7125ccd62543749aa41cc70355351,1,OK,8.26,3.4274999999999998,206,1.0351758793969859,0.99,0.2962987129688944,1.6250232369398714,1.0155638387008854,0.20621996705221052,0.6473918407917237,0.24391200679114428,True,True,True,3
0dcfa01a0201d0ecd77ecf6f49a49e74,2,OK,9.190000000000001,14.996,300,1.7356750995205648,0.9884953935331108,0.0217510674339698,0.68401388299701,0.32617900723981114,8.994759674272336e-26,-0.9868259792780668,1.0149180553180221,False,False,False,0
0ded7bfa39f25c5e8b303162a4e74755,3,PARTIAL_A,7.739999999999999,14.993666666666666,300,1.5075376884422125,0.99,4.754566364868102e-27,0.5593184163834306,7.128838321937736e-26,7.378571123615587e-26,1.0266055413173565e-09,8.386612458240453e-10,True,False,False,1
0e133eded8baece6d365feaf31ce5cdd,2,OK,6.29,14.993666666666666,300,1.5075376884422125,0.99,1.4907798913890338e-29,0.2809306543964434,2.235225676485671e-28,2.9223435959238945e-23,-9.376869651115763e-12,1.8690763809504065e-10,False,False,False,0
0ecd5886ad4d4b241f3d467307b4e8ff,3,PARTIAL_BC,9.84,14.983,300,4.662231075666613,0.969394098774858,0.0993178108074862,0.36671178740206206,1.4880787593285658,0.03942202817643407,0.3480303704870637,0.4183777039066354,False,True,True,2
0ef07f6fcc9dbfb91040e27483d096de,3,PARTIAL_A,8.65,14.995833333333334,300,1.5075376884422125,0.99,1.9206078441186087e-19,0.5402954553173698,2.8801115129095303e-18,1.6265712633168543e-25,5.344687655413812e-12,3.639726998106377e-12,True,False,False,1
0f0632f8396d03897b00bff2e648558b,1,OK,7.77,4.547833333333333,273,2.607068195260316,0.9810812675282096,0.796862270744563,0.16640822874761835,3.623996796967815,0.7664525028173763,2.770127485298378,0.16694416356660186,True,True,True,3
0f224c7f06ff0e7b98d1df6044001e02,2,OK,9.03,14.9815,300,1.5075376884422125,0.99,1.4951302307069214e-27,0.7041809521190502,2.2399293551335744e-26,1.7591658877295947e-26,4.611444559543543e-11,4.628853224682358e-11,False,False,False,0
0e3d3cc89a8f4ece145b4bcf3830a354,2,OK,7.789999999999997,14.988333333333333,300,1.5075376884422125,0.99,5.771470375531687e-31,0.4255557490997186,8.650472181192744e-30,1.3929006982934416e-25,-1.2907156824818836e-11,7.614370818390688e-12,False,False,False,0
0e47e98ede6439f98427aab45f098443,1,OK,9.92,14.989166666666666,300,2.18118028175974,0.9855637582742515,0.2705588031611812,0.06205034628595335,4.055450993716805,0.19435919966955797,1.0402519910460546,0.15543188344298933,True,True,True,3
0e69ecb5b0bf7b0f4edc730e14a1e570,1,OK,8.9,5.318333333333333,300,5.3750243597618,0.9647972235382977,0.7489986632103719,0.1329000272757074,3.983424557173828,0.7256651512483396,2.9605631956337626,0.050045891689727444,True,True,True,3
0ea0a3247b47cf5c71e25df45a8db91d,3,PARTIAL_A,2.369999999999999,14.990833333333333,300,1.5075376884422125,0.99,8.69095146704184e-27,0.16346791442894124,1.3028460495051306e-25,2.892559754805336e-24,7.328228764554486e-11,4.9728193867095505e-11,True,False,False,1
0f2cd0fff2a00cefa6d60c358e2501c9,3,PARTIAL_A,8.44,14.983,300,1.5075376884422125,0.99,6.766629024161434e-20,0.5443159806204583,1.0138440266901077e-18,7.038650561730954e-26,8.872131918025161e-10,6.133187423682426e-10,True,False,False,1
0f6dd22a60370bf8dc230df14853712e,4,OK,0.96,14.980500000000001,300,16.258148096109757,0.89718432113775,,,,,,,False,False,False,0
0f8aa72cf7c973cb56099f4e5ee6e5f4,1,OK,9.1,6.771333333333334,300,2.3458533339127126,0.9844823184571879,0.45946891104061294,0.2099691782002828,3.1112171529596706,0.4327695002283155,2.6702260439444294,0.10493504434449007,True,True,True,3
0fe58eac901ce506dd1cf4f3fdfc7269,3,PARTIAL_A,8.780000000000001,14.988333333333333,300,1.5075376884422125,0.99,3.895171241721502e-18,0.4529712398897414,5.838212496133578e-17,9.76260426138345e-27,5.3393141759746264e-11,2.597560521435747e-11,True,False,False,1
0feba408bcf9b5ae9de839ed2f4e1c48,1,OK,7.85,2.9419999999999997,177,0.9180831527991797,0.989679709487307,0.7075353710359513,0.8787037127809595,2.0815690615877687,0.6323236049590512,1.7974456458044223,0.1866554879246131,True,True,True,3
0ff584ec19355297c257bc7a00f0181e,2,OK,8.389999999999999,14.994166666666667,300,1.5075376884422125,0.99,4.7719921790049175e-27,0.6224590011056836,7.155204606402957e-26,1.082767983644611e-25,-8.252761437195962e-11,8.915789744915694e-11,False,False,False,0
0ff7c75a57a56e260da7ee9675c19333,2,OK,8.34,14.9825,300,1.5075376884422125,0.99,4.804437057737744e-21,0.5642211707790228,7.198247821755575e-20,4.563505818441653e-26,1.7013743747185117e-09,2.0075533818489206e-09,False,False,False,0
107941bdcd9469790197fb0bf4e19c72,3,PARTIAL_A,7.87,14.993833333333333,300,1.5075376884422125,0.99,1.2013933490236243e-22,0.4124328340672848,1.8013491643035384e-21,2.0951953049675635e-27,1.992023435093415e-09,1.757826757894942e-09,True,False,False,1
1086c0f629beea20700a817f90db1644,3,PARTIAL_A,8.04,14.982000000000001,300,1.5075376884422125,0.99,1.742714494674054e-19,0.5026317037384402,2.6109348559206678e-18,2.790582800785525e-25,2.697659873263092e-10,2.491148718293131e-10,True,False,False,1
109719efddcb4c4605123a7bb70b8137,1,OK,8.0,3.8070000000000004,229,1.150753768844222,0.99,0.39566221380594485,0.9964328624572106,1.5062860479592322,0.32524204906385423,0.721624947389853,0.6306812358817248,True,True,True,3
10be91b1fc49ff5c75d760a755ae8fcd,2,OK,6.77,14.983,300,1.5075376884422125,0.99,3.850134843971427e-18,0.36308852519197576,5.768657036722389e-17,2.927112352988372e-26,4.0387767204682255e-11,1.4463641660506993e-10,False,False,False,0
10eae39d688f0e80f80aaab0a746fe1d,3,PARTIAL_BC,7.94,4.3293333333333335,260,1.3065326633165841,0.99,0.31609057056557777,0.9953499406914158,1.368461443501908,0.22489011687226296,0.3194147611894191,0.6689572353313328,False,True,True,2
1254c7707ed5f7b3bcc353499e9f94ed,3,PARTIAL_BC,7.96,2.893166666666666,174,0.8743718592964832,0.99,0.5006670486112578,1.2926839493499882,1.4485132161404703,0.44332347766878,-2.2659453226339337,3.759985244316792,False,True,True,2
128e52cb5f2212a0333eabadee72f17a,2,OK,8.68,14.988333333333333,300,1.5075376884422125,0.99,1.0602341166359432e-17,0.3931404178132292,1.589114235151173e-16,4.696003073057482e-27,-1.8924284361787613e-10,2.1374698857753332e-10,False,False,False,0
129372ed1d0859896f8cc36f7982c475,2,OK,8.370000000000001,14.995833333333334,300,1.5075376884422125,0.99,1.1505474672890237e-26,0.6757944972016746,1.7253418061554984e-25,5.90634565694956e-29,-2.1860476392040102e-11,3.624133254564141e-11,False,False,False,0
12ae23b59dee025eb5c85f5186aec533,3,PARTIAL_A,8.27,14.9825,300,1.5075376884422125,0.99,6.543769035547353e-28,0.5336284492317896,9.804201957508822e-27,5.050594431420859e-26,2.75618120918845e-10,2.2065730357811546e-10,True,False,False,1
110f90c9af5784382164373af50a44d0,3,PARTIAL_A,8.440000000000001,14.988333333333333,300,1.5075376884422125,0.99,2.8350890419749333e-18,0.4727756268377584,4.2493259590800955e-17,6.7796426897543305e-25,1.842917670321261e-10,1.7496588239552908e-10,True,False,False,1
11c70dba6f81f5600f3cc2759c5e7512,2,OK,9.76,14.995833333333334,300,1.5075376884422125,0.99,2.5112607827068882e-17,0.8013679877739248,3.765844815400871e-16,1.571739731802983e-26,1.0618469066988231e-11,2.2170889754774655e-11,False,False,False,0
11f8d1be6e7739f149e18f5f802c95d9,2,OK,8.06,14.993833333333333,300,1.5075376884422125,0.99,3.0363961748663276e-18,0.4247728546089501,4.552721817991657e-17,8.475687022336074e-26,1.5279185324364637e-11,2.27013699425166e-11,False,False,False,0
1211611c99592416b48912115ed4438a,2,OK,9.82,14.988333333333333,300,1.5075376884422125,0.99,6.851718682132313e-22,0.8089559958791216,1.0269584351402649e-20,6.933089879255902e-26,-3.3301776151499024e-10,3.3563248982300014e-10,False,False,False,0
1378131f1762e365a80dec2d1414fba4,3,PARTIAL_A,6.909999999999999,14.995833333333334,300,1.5075376884422125,0.99,1.4291212680795737e-18,0.5249529201120405,2.1430864349243275e-17,1.492223567642157e-25,5.049782073977364e-10,3.899262071962318e-10,True,False,False,1
13c4bc774eda61631f13140b79e43d87,1,OK,9.14,6.002833333333332,300,1.5075376884422125,0.99,0.416326124574619,0.3863675631067201,2.4991363381340084,0.3705819953994566,1.9061405158032845,0.15096745792374586,True,True,True,3
13ed8107727896ab24af618c690b3d3e,2,OK,7.3500000000000005,14.993833333333333,300,1.5075376884422125,0.99,8.710775664849561e-23,0.4797289064918931,1.3060791852281017e-21,9.268662041326389e-26,-4.586471942976308e-11,2.1231965675136264e-10,False,False,False,0
13fac68f3ce8997b83ac308140f3a368,3,PARTIAL_A,8.989999999999998,14.9825,300,1.5075376884422125,0.99,2.900450496247177e-29,0.7330890980454181,4.345599956002333e-28,3.4884071863547347e-26,7.442024034058173e-10,7.382979363866421e-10,True,False,False,1
146c73b72cd2b61236747cb127eca570,3,PARTIAL_C,9.0,14.982000000000001,300,1.5075376884422125,0.99,0.05998153078580482,0.48938287544377007,0.8986432942329279,1.3959807622650254e-16,-0.5973008928052191,0.957873720158623,False,False,True,1
1484f0df94fee162e1646e21ef5a1207,2,OK,9.86,14.990833333333333,300,1.5075376884422125,0.99,1.5376367374778713e-16,0.7371165116701506,2.305045605874119e-15,7.293588707124059e-26,-1.5275958276106394e-10,1.487265623179746e-10,False,False,False,0
1486135181187b686ddf574ec76bc853,3,PARTIAL_A,1.8399999999999999,14.990833333333333,300,19.863797583028276,0.8757984008623411,2.139842190684109e-16,0.12528473171867574,3.207801764018036e-15,1.3615157439197074e-24,4.822754788117815e-10,3.3997000420422556e-10,True,False,False,1
14906adc7aa728b473b46e4637ccc3d5,2,OK,7.83,14.990499999999999,300,1.5075376884422125,0.99,1.7784911062986094e-19,0.4876800814265072,2.6660470928969305e-18,4.807680603338768e-27,-2.586893662244923e-11,3.8093200581044834e-11,False,False,False,0
140727f5997be821aceb98adce580083,2,OK,8.35,14.9815,300,1.5075376884422125,0.99,1.5419016587442097e-19,0.5265018208310833,2.309999970047638e-18,6.585704555546e-26,1.9756655570783246e-10,1.9761230445472917e-10,False,False,False,0
1409cdec43b8c7bef933e7fc3c212993,2,OK,8.09,14.993833333333333,300,1.5075376884422125,0.99,1.774705225237112e-20,0.42675175275476485,2.660963436300105e-19,5.409331008690749e-23,-2.061943208767995e-11,4.925869663347078e-11,False,False,False,0
141d5a9b17fff97e5b8afdf40186d2ac,2,OK,8.04,14.980500000000001,300,1.5075376884422125,0.99,1.488569382490773e-28,0.571618618570699,2.2299513634403026e-27,2.1160814302132242e-26,-9.504463882592518e-11,1.0239384024991346e-10,False,False,False,0
142a26e62cb3a7f51f01fec3edbb7805,3,PARTIAL_A,1.33,14.997499999999999,300,26.080090007515416,0.8400387462668185,0.0026481502558451725,0.08029698925175022,0.03971563346203797,8.830557409103589e-23,0.006612277765156271,0.003314929082419846,True,False,False,1
14d5a0d764c19c20ce3773b11d365a8d,1,OK,7.99,4.298166666666666,258,1.2964824120603027,0.99,0.5884225132744018,0.4422970929157487,2.5291380324722574,0.5416041870687218,1.9855908764126362,0.20675801935166874,True,True,True,3
1541ce30bba4f79e9f58b87a013a50bc,2,OK,8.56,14.983,300,1.5075376884422125,0.99,1.060111699774952e-27,0.5516924653356999,1.5883653597728108e-26,1.0208164872714302e-25,2.0180449903743163e-11,2.0293689004744532e-11,False,False,False,0
155262076ba43fe505353f810c9cdf25,3,PARTIAL_A,7.54,14.996,300,1.5075376884422125,0.99,4.686581366029255e-30,0.497235699914444,7.027997416497471e-29,3.5551977752691493e-25,2.4819083085011093e-09,2.400771997114203e-09,True,False,False,1
15b1cbf124ef51df6e435846d30e79ef,2,OK,8.32,14.983,300,1.5075376884422125,0.99,1.8844600917397198e-19,0.5218139165333846,2.8234865554536222e-18,5.196343571082635e-26,3.5217645096471037e-09,3.5321592921433555e-09,False,False,False,0
16fdf63bafd76db2fe2501c0c2d42416,2,OK,7.69,14.983,300,1.5075376884422125,0.99,3.4863832379082255e-18,0.5339646882125696,5.2236480053578944e-17,1.4101005777366205e-26,-1.721620623840181e-10,1.852955852671614e-10,False,False,False,0
17409d6b85ef3748f10fbccd33ab0592,1,OK,9.24,14.983,300,3.7545313580079656,0.9752791746597331,0.10017392240711058,0.31967300014747174,1.500905879425738,0.059051948130332585,0.7491413888523066,0.28548932279163597,True,True,True,3
17a2ea19b77ee914e79ea5e3caa9f586,1,OK,7.66,4.497833333333333,270,2.7679950219438116,0.9797044002781842,0.5729133805447104,0.3803058413827824,2.576868900126683,0.5403117757530695,2.270961353431567,0.11996681464342757,True,True,True,3
17ac9f0e1c614896324363063921c472,3,PARTIAL_A,1.0299999999999994,14.980500000000001,300,14.649098119065053,0.9068861267574856,1.2897248043070913e-15,0.06444780269006642,1.932072243092238e-14,1.322370986688443e-25,8.929859814562254e-10,6.467448327662719e-10,True,False,False,1
190a0e422c6b851bd88192e09a7c52ef,2,OK,1.42,14.983,300,6.597172802785796,0.9569652078492626,4.997886049089028e-23,0.09049065873921837,7.48833266735009e-22,4.252939945777925e-25,2.374359967897514e-11,1.733681493737791e-10,False,False,False,0
1911d1d9a6f7fef4d0b9e2f4dfcfcfb4,2,OK,8.709999999999999,14.980500000000001,300,1.5075376884422125,0.99,5.223115950537105e-17,0.7510320804973052,7.824488849702111e-16,5.465550526901427e-28,-1.899675898068646e-09,1.8954683301138193e-09,False,False,False,0
19a2b3b3f787ce62f05a08e2249e5e5d,1,OK,8.58,4.063833333333334,244,1.2261306532663327,0.99,0.41325054376285103,1.001939386199879,1.6793813347615998,0.26384500173495773,0.7539245301679635,0.2847965048714335,True,True,True,3
19cbc2b736ba803072dfbe835cffbf18,2,OK,9.47,14.982000000000001,300,1.759407738075825,0.9883390032392761,0.028881432527297815,0.6772670344158785,0.4327016221239759,9.663141206097793e-24,-0.9317316252770903,1.012121370664927,False,False,False,0
15fb0cb49f26d91ad48042db8f1d0979,2,OK,7.99,14.9815,300,1.5075376884422125,0.99,4.2770006074417215e-19,0.4878332860438939,6.4075884600388156e-18,9.171552647596102e-27,7.792137305765815e-12,9.630017226293182e-12,False,False,False,0
160034f5be242c3abcdaf1217d978dc1,2,OK,8.790000000000001,14.987,300,1.5075376884422125,0.99,1.4579674865000253e-27,0.6822019877666471,2.185055872017588e-26,2.213706891798068e-25,3.579173994220734e-10,4.126558010813335e-10,False,False,False,0
1694ab07920222ade1886a0de2ef2004,2,OK,8.12,14.983,300,1.5075376884422125,0.99,5.276115211339651e-16,0.6516672765551447,7.905203421150199e-15,2.0385251723500834e-26,1.2126381380520948e-10,1.9544906672822532e-09,False,False,False,0
16de2f22b75461f8a719e466fa7f5afd,1,OK,8.39,4.197666666666667,252,1.2663316582914583,0.99,0.5623075122959904,0.570049841206115,2.3603795007811357,0.4578632322750614,1.6422859702849977,0.15647975636202618,True,True,True,3
15b526844baa44de4277269172eed026,2,OK,8.14,14.996,300,1.5075376884422125,0.99,2.1928834627298086e-18,0.45950537590703444,3.288448040709621e-17,3.619507996563819e-26,-1.2240046013782072e-10,1.224524186440898e-10,False,False,False,0
15ddbf6383876bd6bb9b46b337d4135c,2,OK,8.34,14.983,300,1.5075376884422125,0.99,3.6859283609842987e-19,0.5116450786746009,5.522626463262775e-18,2.082285873587534e-26,-4.0092906772315473e-10,2.090998440865799e-10,False,False,False,0
15e800338327a89fa9f195d54c58cbad,2,OK,7.51,14.993666666666666,300,1.5075376884422125,0.99,1.4512699316899921e-22,0.3058461396121707,2.1759857599115844e-21,3.1431957869807426e-24,4.468721688984563e-12,4.701085056602067e-12,False,False,False,0
15f673824c90d97a7307c33d02e30686,3,PARTIAL_A,8.24,14.996,300,1.5075376884422125,0.99,4.677296715713702e-18,0.42170642082354975,7.014074154884267e-17,2.7449604651498763e-24,1.261865352949106e-09,1.0712060355357875e-09,True,False,False,1
1baffc855be4faad139f41ac6a234e08,1,OK,7.960000000000001,4.515666666666667,271,1.361809045226132,0.99,0.3789106160858844,0.7857638517892096,1.7110340387051588,0.29010553835911823,1.1681539939052266,0.19706453112411643,True,True,True,3
1be9c8c44877ab39526ebafa9c089d13,1,OK,9.1,14.9825,300,46.749255261554126,0.7303569968662744,0.11875725083142627,0.22966189044341848,1.779280510581844,0.11105161941713877,1.6462228735412332,0.2176236940887207,True,True,True,3
1bf925ecdea83060f02dd90fba278f8a,2,OK,8.389999999999999,14.9825,300,1.5075376884422125,0.99,1.3150480771869373e-26,0.6407328749212003,1.9702707816453288e-25,1.155885988236899e-27,-7.570818046550205e-11,9.043178431112987e-11,False,False,False,0
1c042d12def1d8527df3f3aa4cc19fe9,3,PARTIAL_A,8.629999999999999,14.995833333333334,300,1.5075376884422125,0.99,1.8821279320563908e-16,0.4535327956262079,2.822407678112896e-15,1.5940139328504236e-24,2.94861172515463e-11,1.3021485634463007e-11,True,False,False,1
1c446607fab883a4bebfdade9f3c6849,2,OK,8.02,14.980500000000001,300,1.5075376884422125,0.99,1.3783773574243674e-18,0.46320464419103063,2.0648782002895736e-17,1.0866876362674275e-25,-1.4569937848799933e-10,7.370314171900775e-11,False,False,False,0
1c61d742941552d65edbebca99a93da6,1,OK,9.459999999999999,14.396666666666668,300,37.89674059359168,0.7756904045477472,0.13418608195893666,0.22179919620144303,1.931832293268825,0.12804571920542765,1.9871509449185485,0.19181439240799367,True,True,True,3
1c6491ff0ed10a4c1faf05950b6cda3c,2,OK,8.8,14.993833333333333,300,1.5075376884422125,0.99,1.2771226647220638e-27,0.6717261525646979,1.914896438106517e-26,9.592958407622798e-27,1.2737263096103865e-10,1.896497543467415e-10,False,False,False,0
1caa97777f180275a46642aa14588091,1,OK,8.5,4.0633333333333335,244,1.2261306532663327,0.99,0.5242633122551549,0.6818522137598201,2.1302565921301126,0.4520345866441653,1.6212197690661754,0.14586802846424082,True,True,True,3
19d0960ca83882f43cc3b75c8a40cbdc,2,OK,8.79,14.995833333333334,300,1.5075376884422125,0.99,4.267429348454572e-27,0.6471996816969193,6.399365927120002e-26,3.703350660390795e-27,7.838237466491668e-10,9.672447182494155e-10,False,False,False,0
19ded94018fa657cbc97be1152cb0e6d,3,PARTIAL_A,8.17,14.993666666666666,300,1.5075376884422125,0.99,7.380441596568933e-18,0.3950308781816471,1.1065988115175572e-16,8.10187553909344e-24,8.133338447180449e-10,7.739075525571901e-10,True,False,False,1
19f5516b91edadf0e926de888fb75bb0,1,OK,4.3100000000000005,14.986666666666668,300,32.400250778599336,0.8050527898056247,0.2982332342179183,0.013894901434048418,4.469522070145869,0.2841258136008886,1.912305917334594,0.20305868948842085,True,True,True,3
1a31dc0cdfce45aa5670668275691ff6,1,OK,9.86,14.403833333333333,300,8.924576020606615,0.942221650762992,0.4132484719915631,0.012369739718074575,5.952362115821143,0.3629561355389226,1.5997941147541475,0.2046173880947387,True,True,True,3
1a3848d2f470bbcf450d2ae2ff3837cb,2,OK,9.389999999999999,14.9815,300,1.5075376884422125,0.99,8.054297452438213e-24,0.8415293259964091,1.2066545728370309e-22,1.0644685676850206e-26,-2.2518618821483947e-09,1.3639334001735438e-09,False,False,False,0
1a74e54237499d747143875fd445bde4,3,PARTIAL_A,8.1,14.9825,300,1.5075376884422125,0.99,1.1397327936734929e-21,0.5042141486228728,1.7076046581213108e-20,1.31509869987034e-24,2.2114828486981725e-11,1.742879507955724e-11,True,False,False,1
1a8430df09ef2d1a5edaacb2454cb95c,3,PARTIAL_A,7.969999999999999,14.990499999999999,300,1.5075376884422125,0.99,2.4407847424857774e-18,0.4274827273049453,3.658858368223304e-17,7.180433826451243e-25,3.0910126310364677e-10,3.073575074531748e-10,True,False,False,1
1aeff1caf206595bf85e9f63341d07e0,3,PARTIAL_A,7.0600000000000005,14.996,300,1.5075376884422125,0.99,2.8571550478384877e-13,0.29072128028939725,4.284589709738596e-12,2.3013920516424297e-25,2.9387255591946843e-10,2.921361050549375e-10,True,False,False,1
1e2c00665c35023d8922374523f32b9d,2,OK,1.8399999999999999,14.990499999999999,300,19.376798581387764,0.8786586961391316,7.945343221694242e-20,0.1275694807793367,1.1910466756480753e-18,1.400899341029312e-23,8.233956923694071e-09,8.55817253741163e-09,False,False,False,0
1e915fe21f948bf77d101fa490888c7e,1,OK,9.25,14.982000000000001,300,2.980231923875503,0.9803272186772615,0.10077051326578905,0.3329340412365466,1.5097438297480517,0.04692180574515987,0.4607437261013712,0.3702238771792285,True,True,True,3
1eb5666e5411c2fdf0a1cd939179d6d3,1,OK,8.43,3.5116666666666676,211,1.0603015075376896,0.99,0.5118664993957184,0.9406893874432697,1.797504523711298,0.43929521411859906,0.956733938423254,0.47062743129712065,True,True,True,3
1f2e9d65a99e4ef7ec05eb06f55cb54a,2,OK,9.64,14.995833333333334,300,1.5075376884422125,0.99,2.0545491375076788e-18,0.8096054339411942,3.08096764412089e-17,8.323368750946945e-27,-3.228766143337225e-10,3.681300320494022e-10,False,False,False,0
1cb91f213dd5bb2869021721d867c222,3,PARTIAL_A,8.0,14.990499999999999,300,1.5075376884422125,0.99,2.176234491983295e-21,0.5704620420604456,3.2622843152075584e-20,1.8844224563001994e-26,1.074087041530447e-09,8.686232153950618e-10,True,False,False,1
1ce7e0edc31fa5bcb93f2b7c79af1415,2,OK,7.97,14.982000000000001,300,1.5075376884422125,0.99,4.895163508685106e-21,0.5710954245530582,7.333933968712026e-20,1.5337230934533217e-25,9.881086319533476e-10,1.0648907381663923e-09,False,False,False,0
1d21bd50b350c2076a03daf57416612a,3,PARTIAL_BC,8.7,10.487166666666667,300,1.5075376884422125,0.99,0.14222971011330388,0.487702425655411,1.4915866749099034,0.02186723076179568,-0.6056256433430579,1.1285309748850754,False,True,True,2
1d30b705a5f687807bd21fa98d7f5f72,2,OK,8.64,10.583333333333334,300,1.5075376884422125,0.99,5.067696097681335e-23,1.1060974385075197,5.363311703379413e-22,1.1201755252956111e-24,-2.416496632425454e-11,3.270934625320401e-11,False,False,False,0
1d7329c4f3db18d3493eb1ab0ea9a6f1,3,PARTIAL_A,8.76,14.988333333333333,300,1.5075376884422125,0.99,6.973913134745764e-19,0.5242073149985856,1.0452733470128108e-17,1.1333152273116581e-24,2.1654781671524384e-10,1.291762061733693e-10,True,False,False,1
1d73854a284428dfbe234ec7cd4bf5fb,1,OK,9.06,6.573666666666666,300,5.219599695537878,0.9657977423419432,0.8885739984249286,0.026705390360143792,5.841189274312671,0.802736214777195,1.4823585793171083,0.6172897582410041,True,True,True,3
1dd733a302276917ded117e3ecb5ae2f,2,OK,7.92,14.980500000000001,300,1.5075376884422125,0.99,2.3449091134298542e-18,0.662025527173726,3.5127910973735935e-17,6.740874598197869e-27,-1.7552322558363662e-10,1.8813769534284005e-10,False,False,False,0
1e09105bd1039366a052c39d5c736004,3,PARTIAL_A,8.01,14.9815,300,1.5075376884422125,0.99,6.574881515852569e-23,0.4420419012364149,9.850158742974528e-22,6.722101677916979e-26,1.1082601503176193e-10,9.95352657313877e-11,True,False,False,1
1fb7e86d21638a4e907f5043428402a0,3,PARTIAL_A,8.09,14.9825,300,1.5075376884422125,0.99,3.407159366486622e-20,0.5289420841819987,5.104776520838581e-19,2.202539244496722e-26,2.0627174042905003e-10,1.984734805218412e-10,True,False,False,1
1fe16b04e8960e01fec854604dde4453,3,PARTIAL_A,6.6000000000000005,14.996,300,1.5075376884422125,0.99,1.9488578064043936e-17,0.2767527705540558,2.9225071664840285e-16,4.3901865823658617e-26,6.690264638583206e-10,6.39774980189028e-10,True,False,False,1
1ff566ae6d02fd474be88562b3e2191f,2,OK,7.840000000000001,14.982000000000001,300,1.5075376884422125,0.99,2.906199580508292e-29,0.41425965301908785,4.354068211517523e-28,1.345188094796439e-26,-9.760266668952984e-11,2.702092344892671e-10,False,False,False,0
2026fcf47480d6940ba2aabf6912b16e,3,PARTIAL_BC,9.68,11.298499999999999,300,5.092075192328393,0.966619420126738,0.10836919523671276,0.5534559462078272,1.224409352381999,0.041209093346500594,0.17970706160267094,0.4889254048582113,False,True,True,2
20b7287e7f4eb327c428a604ec7ee366,3,PARTIAL_A,8.61,14.988333333333333,300,1.5075376884422125,0.99,2.307784084315738e-18,0.4650822378299078,3.458983711708572e-17,2.0578040693950303e-25,1.5204741169820105e-10,1.5036341822125045e-10,True,False,False,1
20c63749ff582f85b32c75f10ff7bc3a,2,OK,9.1,14.999666666666666,300,1.5075376884422125,0.99,6.105872153262469e-24,0.8048743129115988,9.158604700821927e-23,1.0108964381287589e-26,-9.819138095205442e-11,1.0109177596048297e-10,False,False,False,0
20cf992d04b16c843ae053cc2cef45cb,1,OK,2.799999999999999,14.9895,300,29.089342768750416,0.8232130975496744,0.297373947651888,0.008880130143361288,4.457486788327976,0.2824819678626644,1.6624152129959244,0.29159106462745527,True,True,True,3
212af18fd0792ae6f0977a170c34939f,1,OK,7.719999999999997,3.4605,208,2.8660755619205456,0.9728161530556021,0.7457695334988166,0.49614953643354026,2.580735470672655,0.7087154354587918,2.7369633968617624,0.3110113897425117,True,True,True,3
203dbe3686a2829afdd9436a895215c6,2,OK,7.79,14.996,300,1.5075376884422125,0.99,1.7372658866753227e-20,0.2690643741016445,2.605203923658314e-19,5.016403042747043e-25,5.062953759941516e-10,6.351252824476086e-10,False,False,False,0
206777394b0fdd84e94e0b7d9dcd74a4,2,OK,9.5,14.983,300,1.5075376884422125,0.99,3.691311125729388e-18,0.8023695645287597,5.530691459680342e-17,2.0617439240600002e-25,-4.0821834801363366e-10,4.219233094887732e-10,False,False,False,0
208d86a4af608d871922690874b898f3,2,OK,9.57,14.9825,300,1.5075376884422125,0.99,3.4787749029235984e-26,0.785573335184969,5.2120744983052815e-25,4.264025074684877e-26,-7.412899923527524e-10,7.414852942003051e-10,False,False,False,0
20b311918d640aa1b2768a435019e329,3,PARTIAL_A,6.8100000000000005,14.983,300,1.5075376884422125,0.99,1.2039582412308387e-28,0.3654332799072124,1.8038906328361656e-27,1.7523604498147413e-26,1.0650154832111032e-10,1.0387497964388841e-10,True,False,False,1
213db84cbee2e8ab70d80b5f57ac9675,3,PARTIAL_A,8.530000000000001,14.9825,300,1.5075376884422125,0.99,6.273227416583296e-22,0.4094850132666288,9.398862976895923e-21,1.6064176735753284e-25,4.2098028766683154e-10,3.219927835493479e-10,True,False,False,1
21720e7de82997848857d4f79429b74a,3,PARTIAL_A,6.9399999999999995,14.993666666666666,300,1.5075376884422125,0.99,3.294491134121737e-17,0.31037790625668166,4.939650190130994e-16,2.925776998868816e-25,1.4723918380828613e-10,1.1555542991719212e-10,True,False,False,1
21a68134b8eba6b1b6f5c8bdc54b0ecf,1,OK,1.4600000000000009,14.9895,300,85.48058023548573,0.5564986428978258,0.17088042544209886,0.019111454977570767,2.5614121371643406,0.1650133088843105,1.6231511372667826,0.13518024902134468,True,True,True,3
21b082fed52474d7151811e42d598160,2,OK,9.37,14.996,300,1.8993885598971745,0.9874170758082186,0.02394208517918471,0.6923989823836361,0.3590355093470539,1.8360207553098354e-26,-0.9725644482136263,1.011997839283797,False,False,False,0
21d9eb7bb011c1e8cd8c973218386a02,2,OK,1.709999999999999,14.995833333333334,300,31.073882705643307,0.8122843007023239,4.491716392992563e-17,0.11776243577861077,6.735703040991764e-16,1.1392238127288358e-24,4.814465863015963e-10,4.984902768172015e-10,False,False,False,0
220db167f720c68dd0b4eeb3200ec522,3,PARTIAL_A,9.06,14.993666666666666,300,1.5075376884422125,0.99,2.6675362324927624e-27,0.6752914217377721,3.9996149091252316e-26,1.3985690336760033e-26,4.811440135199518e-10,3.287080435237374e-10,True,False,False,1
223c8b35c27847f3d94c6e26d332edb8,3,PARTIAL_A,6.68,14.993666666666666,300,1.5075376884422125,0.99,4.41990992706606e-19,0.36553548751545134,6.627065614311947e-18,1.3278514597768082e-23,1.4422940619596147e-09,1.336550884495582e-09,True,False,False,1
224cc723174ee437a4f6d485a41b21c3,1,OK,8.08,3.462,208,4.465591666754195,0.9579640954403729,0.6835629766707969,0.5918111917368036,2.366495025234299,0.655104779017203,2.3172748057624246,0.5654076413569281,True,True,True,3
22ba5a2e0f1e4b6a4168a7a5f05cef65,1,OK,8.69,6.136166666666666,300,1.5075376884422125,0.99,0.3054407538409757,0.5212137716846406,1.8742353723605334,0.2726393393616115,1.7229619886141103,0.1550820402225875,True,True,True,3
22d7c3b6fbfbd4179e77d11ea3a02a0c,1,OK,8.21,3.443833333333333,207,2.1983750437620917,0.9789828669242558,0.9505318460825846,0.3180627345997751,3.273473255934074,0.8915604506250019,2.139381670567728,0.11346154855584455,True,True,True,3
22f81bafcdba4ea16f5fe24932f40201,3,PARTIAL_A,7.6499999999999995,14.982000000000001,300,1.5075376884422125,0.99,6.756494536947302e-19,0.4054237752794253,1.0122580115254448e-17,1.0863098127100001e-26,1.3926733840226765e-10,1.2267422725913554e-10,True,False,False,1
23955b106268e3b4c6ef564901f72ece,2,OK,7.43,14.983,300,1.5075376884422125,0.99,1.8321805774287036e-16,0.546984746663303,2.7451561591614268e-15,2.163156661079129e-26,4.34800713951707e-10,5.876875230396283e-10,False,False,False,0
24544859e75e4e6c7524f5bb35b7d87c,1,OK,9.81,7.708833333333333,300,8.986468642851179,0.9418326072185486,0.3351391043052765,0.2973253139164969,2.583531498571992,0.28803349271136697,1.4145987423982291,0.20374720904246799,True,True,True,3
2455a06c9fe8ac2f6d2c379e69c3b8ce,2,OK,9.08,14.986666666666668,300,1.5075376884422125,0.99,9.988781730525956e-27,0.635874814143185,1.4969854220148234e-25,2.993394334619352e-27,-1.9880393627621138e-12,1.794431725671175e-12,False,False,False,0
245fd19148bab4a1116820aa4f56dcdc,2,OK,8.57,14.993666666666666,300,1.5075376884422125,0.99,3.876683173419574e-18,0.7162475061566005,5.812569527452862e-17,9.164643335402012e-25,-8.040445346561379e-10,5.732198209235268e-10,False,False,False,0
248f9a89baa3d1f358908353f14e981f,2,OK,8.78,14.993833333333333,300,1.5075376884422125,0.99,3.590650293685427e-24,0.7734829620496251,5.383761206180369e-23,1.2737278937988601e-23,-1.8643087074110554e-11,2.37127997499063e-11,False,False,False,0
249b2028e0131324a6420fe9e9b414ee,2,OK,8.69,14.993666666666666,300,1.5075376884422125,0.99,6.660913453580808e-27,0.6240824877049882,9.987151601850611e-26,1.2686352777908719e-25,-1.6174099097080821e-10,1.1556729971017869e-10,False,False,False,0
24b1b34389616e538f7588fe1f58ab27,3,PARTIAL_A,8.41,14.983,300,1.5075376884422125,0.99,1.2645290749006369e-14,0.47671955059155663,1.8946439129236243e-13,3.896763922259531e-24,5.7333619333614174e-11,5.619442719147042e-11,True,False,False,1
24e0e68b169a2c60392546a8265f54c2,2,OK,8.77,14.995833333333334,300,1.5075376884422125,0.99,1.4308578475436656e-18,0.5050965072542078,2.1456905805456885e-17,2.3992761314335474e-25,1.2652123793088776e-10,1.3363058162972035e-10,False,False,False,0
254c6453876aa20d586f7dafa3be0b52,3,PARTIAL_A,9.8,14.995833333333334,300,1.5075376884422125,0.99,5.046854130032486e-19,0.8327321952393346,7.568178339161216e-18,2.921903733457368e-27,5.366448026696465e-12,2.9909133881314084e-12,True,False,False,1
2552ea8350152a79a9ffede4dde5acec,3,PARTIAL_A,7.949999999999999,14.980500000000001,300,1.5075376884422125,0.99,1.670886775092959e-18,0.4595055310599117,2.5030719334280072e-17,3.494714207292139e-26,8.708219330818186e-11,6.993067069994722e-11,True,False,False,1
2566463c1840917cc7e84be7e79dee4b,3,PARTIAL_A,8.23,14.980500000000001,300,1.5075376884422125,0.99,2.7287872536621767e-18,0.43853100507076775,4.087859745348624e-17,1.2434281264321509e-26,6.097965095837784e-10,5.802679070329473e-10,True,False,False,1
2583b1904d0f089cebd36478aecddcfa,3,PARTIAL_A,8.21,14.990499999999999,300,1.5075376884422125,0.99,1.0058472789350915e-18,0.47857812324161025,1.507815363487649e-17,1.655070361756044e-25,5.54719233510544e-12,3.7178747990473995e-12,True,False,False,1
25f483652e5bf903cb4b5f2787fa9478,2,OK,9.01,14.987,300,1.5075376884422125,0.99,1.4284725013474978e-27,0.8385331737155667,2.140851737769495e-26,1.272016947402296e-25,1.3709581618096914e-10,2.96486840875689e-10,False,False,False,0
2607baf2ff5b18e2978b25f620cd7fec,1,OK,7.9,3.109166666666667,187,0.9396984924623124,0.99,0.7019903410999597,0.8184859375133249,2.182604968869958,0.6081782572685264,1.3675056833465706,0.141525785879257,True,True,True,3
269395e205840f6cb191d809e8905abd,2,OK,7.569999999999999,14.988333333333333,300,1.5075376884422125,0.99,2.3009260409368045e-27,0.4685815836486446,3.4487046476907804e-26,4.7304985086948606e-24,-7.725590537669784e-11,9.331005421571802e-11,False,False,False,0
26dc8f9cc66f73d0bd9090d0f6cfe322,3,PARTIAL_C,9.17,14.9825,300,2.241921077515809,0.9851647245390501,0.04842839284233031,0.5131000181770665,0.7255783957602139,0.0035770042479383885,0.02143237626096406,0.4330952931177659,False,False,True,1
270d7fd4cff7bdd9f62f45428e3a7104,2,OK,9.81,14.995833333333334,300,1.5075376884422125,0.99,2.5969463505222184e-22,0.8224310192194061,3.894337464803943e-21,1.5839034676622733e-26,-1.503270100992419e-10,8.422893570884482e-11,False,False,False,0
2753031ce7261bafd4c8787ef0ccb12a,1,OK,1.1800000000000015,14.9895,300,119.61451014818932,0.4298838231025578,0.12579203580572038,0.02625516225071625,1.8855597207098456,0.12183861447496426,1.408182558238435,0.37438061278262486,True,True,True,3
2753308e2243367817e14491225d40c8,2,OK,9.080000000000002,14.987,300,1.5075376884422125,0.99,3.602451960976325e-27,0.678480507226883,5.398994753915218e-26,8.507755620474562e-28,-7.097848235086228e-11,6.056138580739319e-11,False,False,False,0
2772da85b51e9a027259e93bc4ef9617,2,OK,7.78,14.980500000000001,300,1.5075376884422125,0.99,7.157946603872034e-19,0.46227078563456947,1.0722961909930502e-17,8.095028411734656e-24,-2.3812951610580058e-11,2.6519265190227544e-11,False,False,False,0
277e49e727482a5c9259712da27ad580,2,OK,5.72,14.982000000000001,300,1.5075376884422125,0.99,2.474813510469821e-20,0.3283535457379207,3.707765601385886e-19,1.4172285214979963e-26,5.297607611846426e-09,5.29767944329575e-09,False,False,False,0
2790746784a4ce5c2ef6d806becdfce2,3,PARTIAL_BC,8.92,4.395,264,1.3266331658291468,0.99,0.21826142975735324,1.502894481827993,0.9592589837835674,0.08076563427529929,0.08447330792440584,0.5257674519154757,False,True,True,2
27ba86a9b1411c07e5ef6b7034c88db6,3,PARTIAL_C,8.53,4.029166666666667,242,1.2160804020100513,0.99,0.20035232692947996,1.8267485944687434,0.807252917253363,3.3031890351979623e-18,-0.5342353998939822,0.8594314415785415,False,False,True,1
27d382fca43c6d87fa395273ebcfc7eb,3,PARTIAL_C,9.41,14.983,300,2.9860967201422777,0.9802888861735433,0.07136684562252552,0.453336476973272,1.0692894479622999,3.506877719711025e-11,-0.15740219596319785,0.6849879565298875,False,False,True,1
27fe89cdc718528df94eaf390cff909a,1,OK,9.04,6.991333333333333,300,3.142500346761983,0.9792671740638986,0.7662371290977802,0.037756204841317184,5.357019181898948,0.6820962635954074,2.1745494856485297,0.12502488046155727,True,True,True,3
2a3362f44795a814d6bbfafc1ed26c70,3,PARTIAL_A,8.379999999999999,14.993833333333333,300,1.5075376884422125,0.99,2.2465421501314233e-30,0.5196027798449074,3.368427857537887e-29,4.979994092112941e-25,3.447997443117856e-10,1.7597010812229633e-10,True,False,False,1
2a90a1cbe146d1cc8380e79e64cec0cc,2,OK,8.56,14.9825,300,1.5075376884422125,0.99,5.657144270123702e-19,0.5172188659571223,8.475816402712836e-18,1.396220108039825e-26,7.981763398371792e-13,9.104030384904926e-13,False,False,False,0
2ab30003d5f139174fbe0013f5d625e1,2,OK,9.02,15.0,300,1.5075376884422125,0.99,9.927289406666396e-25,0.7931395549135708,1.4890934109999594e-23,1.541539432379335e-27,-5.444311668156843e-12,6.13023516136714e-12,False,False,False,0
2aee83c9db8eec4ab05e9e40631a0e80,1,OK,6.3,5.953833333333334,300,1.5075376884422125,0.99,0.23653393047019244,0.5944345996036164,1.408283599697781,0.10754480784275774,0.46323577069526456,0.39637974607493587,True,True,True,3
283c7e40bc1b9e790d56dc257315c1a0,2,OK,9.64,14.988333333333333,300,1.5075376884422125,0.99,1.1036245348269629e-20,0.6867322807773197,1.6541492402831463e-19,2.555222837883705e-24,-1.9969359499327766e-11,2.5303654195528155e-10,False,False,False,0
290d8cf114b8d40ee96913420075646c,3,PARTIAL_A,9.25,14.993833333333333,300,1.5075376884422125,0.99,6.0291698007510636e-18,0.8126857509403848,9.040036713082798e-17,4.140547797821563e-27,5.918374679225735e-10,4.957038461231873e-10,True,False,False,1
297d2e6b631da0688287ca63b6d8c4b8,3,PARTIAL_A,7.9399999999999995,14.990499999999999,300,1.5075376884422125,0.99,3.3788401940004993e-22,0.3444739895007742,5.065050392816448e-21,8.003587131519798e-25,4.088325974057246e-10,3.50433896152309e-10,True,False,False,1
298438e41feeab37d0cdc04b02d26914,2,OK,7.96,14.983,300,1.5075376884422125,0.99,1.075077373565458e-28,0.4840921796319928,1.6107884288131257e-27,1.4744106141420182e-25,-4.319137640133401e-12,6.24193451399865e-11,False,False,False,0
2afabca21714fba8852f2a4f459a9d0f,2,OK,8.42,5.450833333333333,300,1.5075376884422125,0.99,8.162775562726996e-15,1.8198813539403116,4.4493929129831063e-14,2.3577225321675444e-26,-6.869991982701625e-10,5.742356238277689e-10,False,False,False,0
2b10f251831e36e8d342860256527cb2,1,OK,8.06,3.6276666666666673,218,2.4441796228563173,0.9778249566213278,0.7160021997255971,0.4968970522910262,2.597417313204558,0.6665606896112174,1.6315645389168296,0.12198144221870713,True,True,True,3
2b3dd83e7d4a15d1d9f81f2e16638a70,3,PARTIAL_A,7.62,14.9815,300,1.5075376884422125,0.99,1.6537560665553775e-19,0.4760824004270292,2.477574651109939e-18,6.25817841271682e-26,3.560398272502615e-09,3.149432270064494e-09,True,False,False,1
2b6195bc95b859b22224331a79455202,3,PARTIAL_BC,7.819999999999999,4.195833333333334,252,1.2663316582914583,0.99,0.29037494486325477,1.0623024096133433,1.2183648728220733,0.22028330162900653,0.3217677021670556,0.719026747518565,False,True,True,2
2b81da9a1fb3853b50f9394f40ed2163,2,OK,2.1000000000000005,14.990499999999999,300,1.5075376884422125,0.99,2.9270807809780502e-27,0.1359670997070061,4.387840444725146e-26,6.307061266377777e-26,-2.1412501401603854e-12,6.48519822090657e-12,False,False,False,0
2ba4ecca6d876b7e0cad03bb9a965c44,1,OK,8.12,3.8119999999999994,229,1.4482561937970513,0.9874309641763648,0.47787942305713155,0.8181110353136233,1.8216763606937851,0.43222758269645645,2.146907584756565,0.2111915379548819,True,True,True,3
2bd0dd6863516ceecd0738138344379d,2,OK,5.95,14.996,300,1.5075376884422125,0.99,2.0213557624685124e-17,0.2613754493884807,3.0312251013977814e-16,1.0849650850066507e-25,1.2596827284975612e-10,1.7008762168340884e-10,False,False,False,0
2c59af01a5bf2096237c8a830c016ed6,1,OK,7.49,4.6645,280,2.088386807509342,0.9851933868590315,0.7959054442275854,0.16208903930827437,3.7125009445995723,0.732232482581793,2.2348114587927066,0.23431950479694344,True,True,True,3
2d27d01c1b73677f127ec0c97dda6b8d,2,OK,7.380000000000001,14.983,300,1.5075376884422125,0.99,3.269420154992884e-27,0.5513638679518033,4.898572218225838e-26,6.61346756040072e-27,5.981056390898706e-10,7.133610434886647e-10,False,False,False,0
2d30aefd55055d5d853b2e8a6b04fc46,3,PARTIAL_A,7.829999999999999,14.980500000000001,300,1.5075376884422125,0.99,2.672801659561829e-15,0.4988139659690518,4.003990526106598e-14,1.0863103222812723e-23,3.3078745668528122e-09,3.3040090811459017e-09,True,False,False,1
2d4aecb8ffa08506d86c26c1708e07f9,1,OK,8.16,3.93,236,1.1859296482412072,0.99,0.3098170160213627,1.253520582363004,1.2175808729639555,0.21800841680998742,0.6677708176950272,0.36310293885642025,True,True,True,3
2d800fdc4695b540a895964927e4a68a,1,OK,8.01,3.2595,196,14.274288845797969,0.8642317239625446,0.7437329946673582,0.5894793799931545,2.424197696118254,0.7192926376466617,1.8644064080242473,0.8415519991569956,True,True,True,3
2c789bee5acd62d5de639d37cdd306ea,1,OK,7.73,3.3429999999999995,201,1.1541313198358845,0.9885816697160654,0.6692814278909057,0.6659347440531254,2.2374078134392974,0.6118022726594091,1.8185146114410902,0.3692787005102617,True,True,True,3
2c857eda2c7a64215307e5dcea793afd,2,OK,8.68,14.9825,300,1.5075376884422125,0.99,1.0833610978236e-17,0.7142865471469428,1.6231457648142086e-16,3.630477065561942e-26,1.0927584762991198e-10,1.725947654165136e-10,False,False,False,0
2cc8f8e9acb2b5a480b3b54602ac6030,3,PARTIAL_A,8.14,14.993666666666666,300,1.5075376884422125,0.99,2.5418592271560263e-24,0.43025198002355386,3.8111789965568403e-23,2.832774273262665e-25,1.1385300110096826e-10,1.0413664584618096e-10,True,False,False,1
2d1fd9e2b14c39ddd4fe3872906929c2,3,PARTIAL_A,8.129999999999999,14.980500000000001,300,1.5075376884422125,0.99,1.2599291064213176e-20,0.5423826212566527,1.887436797874455e-19,9.489853060385828e-28,2.202263260642212e-09,2.1936563161911333e-09,True,False,False,1
2d9195595c90101fef4221ef2ffe3f2d,1,OK,7.97,4.565666666666668,274,2.612974649060768,0.9811073601852852,0.5134003223380976,0.4538254685251306,2.344014738354975,0.4885747486060681,2.7504152903208294,0.0974966472682146,True,True,True,3
2de5f8edff652b81368cb5096ae7c128,2,OK,7.83,14.996,300,1.5075376884422125,0.99,1.1795682453593978e-17,0.35739644102455137,1.768880540740953e-16,1.8061865597273216e-26,-2.827586313240242e-10,2.501298592893566e-10,False,False,False,0
2df8817aeb9c3f42f6dfe2dc54440630,1,OK,7.640000000000001,7.642166666666666,300,7.1423160421469705,0.9534918136049552,0.31407981634527954,0.2751753779866219,2.4002503031466835,0.2581784097561691,1.4110462911255575,0.17325835055583028,True,True,True,3
2e01e539e89d6d8682e233b24b4cc877,2,OK,9.23,14.980500000000001,300,1.5075376884422125,0.99,5.486385479478214e-17,0.7417408426824166,8.218879767532339e-16,5.0730667983095516e-26,-2.9465148839354544e-10,5.065175855259184e-10,False,False,False,0
2e05d251b3086eff1105cf179dc06cfc,2,OK,10.02,14.995833333333334,300,1.5075376884422125,0.99,0.006565433963229975,0.8348915358958127,0.09845415347360283,2.3750691333699836e-26,-0.7134254136550817,0.7134254134742384,False,False,False,0
2e35ec4f5f629d3cf017c543df77bd41,2,OK,7.01,6.719166666666666,300,1.5075376884422125,0.99,1.4521203631888656e-27,1.171790204570384,9.757038740326519e-27,2.3315906602875154e-23,-2.704187244499205e-10,2.7108291003520915e-10,False,False,False,0
2eac7dc78c31bf0a2171f227876c8c04,2,OK,8.059999999999999,14.990499999999999,300,1.5075376884422125,0.99,5.671266472690227e-18,0.39901560407014736,8.501512005886284e-17,2.282640831959247e-24,7.62071887076369e-12,9.232270162863087e-12,False,False,False,0
2ead4b519b13bd1d63a6c9129c15eeea,1,OK,8.61,4.181166666666666,251,1.6364620087294648,0.987044926170056,0.6723174700500908,0.40227884966663036,2.8110713951911044,0.6089664967889954,1.9874058687422744,0.17641615491250034,True,True,True,3
2f0816d604ed0ff7458077274cefe740,1,OK,8.93,6.4543333333333335,300,6.639445328232156,0.9566954256578101,0.4374893755254387,0.2625966295528654,2.8237022594330234,0.35769744270269344,1.389207406077518,0.18001086065058206,True,True,True,3
2f44b7e4716289ec2d5c72a7913ef171,2,OK,8.72,14.982000000000001,300,1.5075376884422125,0.99,7.451329893899303e-25,0.7595292420558601,1.1163582447039936e-23,6.066004478967283e-26,-3.7712239257340725e-09,1.8941596416676603e-09,False,False,False,0
2fde466e79742791ff058776853795f8,1,OK,8.370000000000001,5.996333333333334,300,1.9662148124105006,0.9869772529775759,0.25910641291474296,0.5945094198838542,1.553688420641104,0.2174744076356371,1.0055609312484937,0.5238910701469001,True,True,True,3
300d17e40bfb04fc25aadf0cb8af5422,2,OK,7.99,14.982000000000001,300,1.5075376884422125,0.99,1.6341925590555263e-29,0.5751938266411208,2.44834729197699e-28,2.5147988329166167e-25,-1.6611460355401656e-10,8.508707098515924e-11,False,False,False,0
3012d16ed8c13e27b78e18ce386d8d9d,1,OK,10.17,14.986833333333333,300,6.314886634879592,0.9587686598960057,0.2747979688139133,0.05914627157935282,4.1183513589526495,0.21481989618017439,1.2782354320428782,0.13040500716052322,True,True,True,3
30478310f09609d915980bc77fc4bd86,1,OK,7.95,3.4271666666666665,206,15.477359716935965,0.8602352878261043,0.8645235850142421,0.3843297967176233,2.9628664131079767,0.8537867011033157,3.832688676142503,0.18240528281606505,True,True,True,3
308951fcf501f8964464978d8acf83c7,2,OK,8.770000000000001,14.989166666666668,300,1.5075376884422125,0.99,1.4767402190027477e-24,0.7705549150184254,2.2135105266002018e-23,5.0129121287449175e-27,-1.8448093423254857e-09,2.06970724558912e-09,False,False,False,0
3097a1ac9cd30be14168e93e9c58becb,3,PARTIAL_A,7.58,14.993666666666666,300,1.5075376884422125,0.99,1.9523080415697337e-13,0.31538446874404147,2.9272256005949397e-12,5.6581768262553095e-25,5.477899615395169e-11,2.7049927939880113e-11,True,False,False,1
30aa10dc32ccad75a5a41afe3615391b,2,OK,1.3000000000000007,14.983,300,16.124552803854936,0.8979860775707624,0.007426446633214732,0.08867254491030507,0.11127044990545634,7.436024953802641e-21,-0.07116354560526654,0.12680027295853738,False,False,False,0
30ba4e0ae09405476f0f9fc459d73dfd,3,PARTIAL_A,7.97,14.993666666666666,300,1.5075376884422125,0.99,7.475293492681594e-18,0.385602040301014,1.1208205886477025e-16,7.2589644365279325e-25,6.17105625858964e-11,4.372068101414136e-11,True,False,False,1
30c7463b3c4e5ff1fd124f1e9901aeb8,2,OK,8.989999999999998,14.986666666666668,300,1.5075376884422125,0.99,4.343262054235402e-24,0.7999481210348356,6.50910206528079e-23,2.9105953707478363e-25,-7.625476546498552e-10,7.66483198681562e-10,False,False,False,0
311f731ae4064d6bc23e9e50e867c0f2,2,OK,9.27,14.9825,300,1.5075376884422125,0.99,2.2114086766111194e-17,0.7595553077383136,3.3132430497326096e-16,1.8703468543091714e-24,1.172765588345707e-12,2.189472901700601e-11,False,False,False,0
312ce912d0ffcef2e4d107e6881b5254,2,OK,8.84,14.980500000000001,300,1.5075376884422125,0.99,0.025702100428977193,0.6536224822869122,0.38503031547629285,1.0106436760013703e-23,-1.4483446885456457,1.481409924192912,False,False,False,0
31bda3467462ae1b999a852bd3a7af7f,2,OK,8.799999999999999,14.980500000000001,300,1.5075376884422125,0.99,3.886917885601041e-18,0.7587890899270814,5.82279733852464e-17,2.2383675503637525e-25,-2.4724755576244206e-09,1.880484367793505e-09,False,False,False,0
31fb01ab78fe5e32b1e9b6d2b26e10a5,3,PARTIAL_A,7.74,14.993666666666666,300,1.5075376884422125,0.99,8.614343491269561e-18,0.37083268241069584,1.2916059486026537e-16,1.749241125354868e-24,2.0808702908918045e-10,1.9581919567934807e-10,True,False,False,1
3211bbe795416b53e1bb831e25b44d5a,2,OK,8.08,14.993833333333333,300,1.5075376884422125,0.99,2.1975592303892353e-18,0.4378647491640193,3.294983684058446e-17,3.1902266590886392e-25,-3.032653387672705e-10,4.6114299579423486e-10,False,False,False,0
33a0ac17d13f87a93a1fe7a9d7a97547,1,OK,8.71,4.464166666666667,268,1.3467336683417097,0.99,0.5846586670273053,0.47545177773580904,2.6100137327210624,0.50422627389938,1.594308645949982,0.1521263002228799,True,True,True,3
33b670dd710fbc005753b46ca5996f46,3,PARTIAL_A,8.149999999999999,14.999666666666666,300,1.5075376884422125,0.99,3.6972077142401767e-29,0.6625608688535531,5.545688331103123e-28,1.0737944053530577e-27,3.2271022890976536e-10,3.1896959816060205e-10,True,False,False,1
33e33ac0036b41313d08c9a6ee0a2b98,3,PARTIAL_A,8.06,14.993833333333333,300,1.5075376884422125,0.99,1.5894712625365664e-22,0.40938169000682884,2.3832267198596186e-21,9.063038580139355e-26,9.693505257738859e-11,4.4310164574686695e-11,True,False,False,1
33f1576a96dad070b23b4e084932c707,1,OK,7.91,4.9995,300,1.5075376884422125,0.99,0.3601877969191262,0.6235889182417503,1.8007588906971717,0.3041155189991323,1.6669725393654717,0.1713178426778026,True,True,True,3
322ddd8400d057e9efcb7d727d03c7fc,2,OK,7.870000000000001,14.982000000000001,300,1.5075376884422125,0.99,3.286600954729587e-29,0.4128451972775242,4.923985550375868e-28,8.807407674472676e-26,3.130680899706325e-12,3.877371055348309e-12,False,False,False,0
3235ecafc9eff5c8bc032d1f0937cd47,3,PARTIAL_A,7.55,14.993666666666666,300,1.5075376884422125,0.99,8.407349750160806e-18,0.3654854528669974,1.2605699970399439e-16,5.730402094790461e-26,1.2457583113227125e-10,9.158811019959591e-11,True,False,False,1
3281e6060c4f47fedbce456f871994d8,3,PARTIAL_A,7.54,14.982000000000001,300,1.5075376884422125,0.99,3.223115908488025e-20,0.4241380483673855,4.828872254096759e-19,1.8939245119596132e-26,4.171477977858255e-12,2.6120423618335465e-12,True,False,False,1
336edff1f6657688c860eb143a1b53fd,2,OK,8.639999999999999,14.9895,300,1.5075376884422125,0.99,3.914537845922676e-24,0.777308236393507,5.867696504145795e-23,8.318837471874353e-28,-4.519569903512396e-11,5.273019414502202e-11,False,False,False,0
3439148ae0259aa2767a6739c78dbefd,3,PARTIAL_A,8.110000000000001,14.990499999999999,300,1.5075376884422125,0.99,1.2130440024113488e-18,0.4722593660346846,1.818413611814732e-17,1.9293651028306411e-25,1.7454556318815168e-11,1.5229582726245746e-11,True,False,False,1
3482ee2d2ddaa5459ac804c3b4a83d18,2,OK,9.629999999999999,14.9815,300,1.5075376884422125,0.99,9.839546873368992e-24,0.8672971714856674,1.4741117148337756e-22,6.268726335560068e-27,1.9092283309873892e-11,2.7130934680967638e-11,False,False,False,0
34899f8cb580faafebba453deaf87f41,3,PARTIAL_A,8.89,14.9815,300,1.5075376884422125,0.99,2.8532958436250446e-19,0.6904676311626425,4.2746651681268604e-18,5.842368970128586e-25,4.629800246884012e-11,4.612641497689299e-11,True,False,False,1
34a8bdf1a368c51ee804f680f959c0fd,2,OK,8.67,14.987,300,1.5075376884422125,0.99,7.169615327349416e-17,0.7331275581222166,1.074510249109857e-15,3.5264430557167436e-26,-9.101908116093682e-11,9.434592972531908e-11,False,False,False,0
34ae1fd271e85095d4ab7a8101bd6eef,1,OK,8.99,9.315833333333334,300,3.099090530174719,0.9795506444789798,0.6693652027316865,0.013343484614046578,6.23569466778127,0.60169222614464,1.9965885578470999,0.1069332950901654,True,True,True,3
35336382f5dd3f888f336884097ca770,3,PARTIAL_A,7.239999999999999,14.993666666666666,300,1.5075376884422125,0.99,5.46896344998521e-22,0.40711852031398366,8.199981498126157e-21,4.955037903682366e-27,1.1887083909793242e-10,6.493562010290847e-11,True,False,False,1
357584d9d105564e0f1d7c82bf23b626,2,OK,7.550000000000001,9.715333333333332,300,1.5075376884422125,0.99,5.509345946542845e-20,1.0216451305457035,5.352513231931257e-19,3.7145062039446656e-26,-2.568113647664442e-09,2.1650329257149467e-09,False,False,False,0
3577eed5da69a281c41288c4234ab516,1,OK,8.23,7.208666666666667,300,3.1015060200562985,0.9795348689567311,0.35813710405530563,0.25051971985160437,2.5816910041000134,0.34282802774980015,1.920615112720336,0.3993172172565455,True,True,True,3
35a5066d85780c6d7f6c34b15f4e8f31,2,OK,8.89,14.9895,300,1.5075376884422125,0.99,1.2157381534963442e-22,0.8456113327063741,1.822330705183345e-21,7.815927933033159e-27,-0.043991178977387246,0.0439911786455538,False,False,False,0
35adf1498b0ecf731515c7a52be18e3f,2,OK,8.77,14.995833333333334,300,1.5075376884422125,0.99,6.72418289080078e-17,0.700846856568738,1.0083472593330004e-15,1.9023507070409051e-26,1.46215765421213e-09,1.522637099781156e-09,False,False,False,0
35de24a5037c02614720130b75f6da6a,2,OK,9.66,14.995833333333334,300,1.5075376884422125,0.99,2.3235212640373492e-23,0.8220157758356305,3.484313762196008e-22,1.936125618901298e-26,-3.088448015849584e-11,2.1362194357300233e-10,False,False,False,0
35e515cb28f08483ed13af844c35afdd,1,OK,8.430000000000001,5.315166666666667,300,1.5075376884422125,0.99,0.39974004417961945,0.4892640878127992,2.1246849581553744,0.3597358551406325,0.8893076895861336,0.770230747469067,True,True,True,3
365f0ec0175f265df29dd5dc1bc8d353,1,OK,9.3,14.9895,300,1.5075376884422125,0.99,0.2749456175426074,0.05402526109373402,4.121297334154913,0.2089142223418722,1.1679341838370003,0.16021296122860665,True,True,True,3
3668fb0284311a58a8217356702a0a8e,3,PARTIAL_A,5.1899999999999995,14.9825,300,1.5075376884422125,0.99,1.9071766529435959e-28,0.34946315741233036,2.8574274202727424e-27,1.6215929608089452e-26,2.7220927364031883e-10,2.506843676815781e-10,True,False,False,1
366b09b4ef6d806c07c4f058e90f163e,2,OK,7.93,14.983,300,1.5075376884422125,0.99,4.019650384603295e-19,0.5423813120598896,6.022642171251117e-18,4.711399341466585e-27,9.974672939468594e-10,1.6499831850696198e-09,False,False,False,0
3685ea499a3990531d699cf26db145ce,2,OK,8.74,14.989333333333331,300,1.5075376884422125,0.99,2.2573138321086383e-17,0.7756272414172185,3.383562946742041e-16,2.0288375331784474e-26,-3.1342242875117185e-09,2.241567793988511e-09,False,False,False,0
3696f771943078f667ea1378e56bc01c,1,OK,8.86,14.982000000000001,300,3.8802744662656523,0.9744618207082973,0.10010231522569193,0.321550522779848,1.4997328867113167,0.04939106113825872,0.44344903296932164,0.3718578562309621,True,True,True,3
369930e33ce10d9209ec7df0f5f35808,3,PARTIAL_A,7.700000000000001,14.993666666666666,300,1.5075376884422125,0.99,3.415736904727871e-27,0.32621839068925884,5.121442057052145e-26,1.8780878724163942e-24,4.601227621137127e-09,4.596376476160457e-09,True,False,False,1
36a528eb626d6beec3cf387cf35e1dc7,3,PARTIAL_C,8.78,14.980500000000001,300,1.5075376884422125,0.99,0.049694132390989874,0.5282851647271469,0.7444429502832238,6.754671270729799e-19,-0.9385228098240304,1.182789601364082,False,False,True,1
36f236a61240b71e1a04bd244ec3324d,2,OK,8.05,14.990499999999999,300,1.5075376884422125,0.99,1.6497394981900225e-16,0.6016518521895915,2.473041994761753e-15,7.781739939499237e-27,-7.950188655551453e-11,1.0661651854619321e-10,False,False,False,0
36f705136c73f072cc64193394618af8,3,PARTIAL_A,8.3,14.988,300,1.5075376884422125,0.99,8.214047205219887e-21,0.5757538524134218,1.2311213951183566e-19,4.0621620574967997e-25,2.2269497357285672e-10,1.6604318775041395e-10,True,False,False,1
37452f87043e7c313733379f5b73a241,2,OK,8.02,14.990499999999999,300,1.5075376884422125,0.99,1.237544977448483e-17,0.6592283863326229,1.8551417984441483e-16,7.802396724179568e-27,-3.962230543663736e-11,8.552049926687261e-11,False,False,False,0
3753873c29f8a828a10d21c436793041,3,PARTIAL_A,8.26,14.980500000000001,300,1.5075376884422125,0.99,5.810756798974271e-20,0.5323233496744343,8.704804222703408e-19,1.9867216919702273e-26,2.959798332350753e-10,2.924802040812501e-10,True,False,False,1
379f0136ab6cb4febfebff8c097331c9,2,OK,9.04,14.980500000000001,300,1.5075376884422125,0.99,2.690774503201739e-28,0.728740115957905,4.030914744521365e-27,7.247423795915e-24,2.2633369252863153e-10,7.253600157884642e-10,False,False,False,0
37cf310b351dc47eefdd025c7f6c7704,2,OK,9.0,14.996,300,1.5075376884422125,0.99,4.5734095424391496e-29,0.7371596377465247,6.858284949841749e-28,3.675816487385069e-26,-2.7052656411304572e-11,5.266919185772298e-11,False,False,False,0
37ec5356012d7f7c22db40ec3bfbcc6b,2,OK,8.9,14.983,300,1.5075376884422125,0.99,1.386143544104331e-27,0.7599228045570299,2.0768588721315193e-26,1.729630486824336e-26,-1.3841313280712106e-10,7.830633592344722e-11,False,False,False,0
37ff9d42e40e039b1d4455a3b770038c,2,OK,8.55,14.988333333333333,300,1.5075376884422125,0.99,1.0189080574872072e-29,0.4192185631624375,1.5271733601637423e-28,3.590211135435789e-27,5.525765030730175e-11,1.532909791650925e-10,False,False,False,0
38326bc4c001acba430e757b412072c5,3,PARTIAL_A,1.3200000000000003,14.980500000000001,300,10.106204413296155,0.9348210111924943,9.99790320591351e-22,0.08704428770305872,1.4977358897618735e-20,2.3697509782736293e-25,6.712282581607572e-11,3.533602445667949e-11,True,False,False,1
391095ec9b2ffca6c5d49716509dc331,1,OK,5.64,14.983,300,114.32828956466923,0.44812704107270646,0.07909822983391866,0.18824076200484127,1.1851287776016033,0.07503159711664345,1.3721324475161294,0.256534297861056,True,True,True,3
39412f167e16505e0aeb530aeb9deb33,3,PARTIAL_A,7.729999999999998,14.996,300,1.5075376884422125,0.99,7.222113411212602e-18,0.3715757123172266,1.0830281271454417e-16,4.406159072282808e-25,1.086160790938114e-10,5.169002932500804e-11,True,False,False,1
3941344380009a56afa501651b3333d9,2,OK,7.27,14.995833333333334,300,1.5075376884422125,0.99,1.3420548007794132e-16,0.5511212595004998,2.012523011668795e-15,2.2512279537303744e-24,-2.175026825312898e-10,2.8486722172453514e-10,False,False,False,0
394ff0951a6ac26fd5a81233dad0810b,2,OK,9.129999999999999,14.993666666666666,300,1.5075376884422125,0.99,1.59632956008199e-24,0.8031786939706869,2.3934833314015997e-23,7.791938924581552e-27,-6.928317179225966e-11,7.463849953674563e-11,False,False,False,0
3858076fe0af055c6f7b1dbf296e18b1,1,OK,7.3,6.389166666666667,300,2.9490553309935605,0.9805310148416109,0.3068268876096386,0.37572089760744604,1.9603681227525829,0.2765962876516483,2.3576087211373395,0.17063903308350606,True,True,True,3
38851fa882ebd1de111cc0d27a582c13,3,PARTIAL_A,8.25,14.983,300,1.5075376884422125,0.99,1.0392687910334348e-17,0.38034416023729856,1.5571364296053954e-16,9.93015223219525e-25,1.1248039536819003e-10,9.531249354975793e-11,True,False,False,1
38b7fe0ea2f1196c4f7152161d2bc634,2,OK,8.69,14.9895,300,1.5075376884422125,0.99,5.239113792089619e-16,0.7578672573593526,7.853169618652734e-15,8.518355162474447e-27,-4.795048802463953e-10,5.444043381863479e-10,False,False,False,0
390346d236a299c71519b92e503125b6,3,PARTIAL_A,7.8100000000000005,14.996,300,1.5075376884422125,0.99,9.037020635068911e-18,0.3711362069661143,1.355191614434934e-16,3.9080665364202636e-25,1.9087620373170466e-10,1.7109171514672224e-10,True,False,False,1
396b4e7e9b6dbde10c8ae66da392a016,2,OK,8.41,14.9825,300,1.5075376884422125,0.99,2.7694845397997857e-18,0.4678346830172031,4.149380211755029e-17,2.0004025738487807e-26,9.78985781330266e-11,1.160603432660743e-10,False,False,False,0
39880adcf969e6c44cbebd87990573cc,3,PARTIAL_A,9.49,14.980500000000001,300,1.5075376884422125,0.99,2.5403734746942194e-21,0.7119420126477091,3.805606483765676e-20,2.919181628663104e-25,1.3491652239849827e-11,1.208123412840279e-11,True,False,False,1
399fb0b9bbe219f0145290ef91202592,3,PARTIAL_BC,9.799999999999999,14.9825,300,1.5075376884422125,0.99,0.05590454033619355,0.5217652508710164,0.8375897755870199,0.010969019593475836,-0.004156717809509288,0.5103003541694354,False,True,True,2
39ba79441dde8cb98a358b154e8614e0,2,OK,9.01,14.993666666666666,300,1.5075376884422125,0.99,2.4343282863196016e-16,0.659459852740254,3.6499506882314e-15,1.2600318699509344e-25,1.9715710545635073e-11,1.9911308359819125e-11,False,False,False,0
39c2b3f1585c3e9319cd657e2fe6439a,1,OK,7.9,3.9964999999999997,240,4.93483176613805,0.9597049408566782,0.4932705595467721,0.6446739984183352,1.9713557912286748,0.4749460566963333,2.295071163554557,0.5007640260230973,True,True,True,3
39df8a11b06b8e642bd658a2de3feda6,3,PARTIAL_A,7.3100000000000005,14.983,300,1.5075376884422125,0.99,3.040716469412328e-16,0.5144192848435395,4.555905486120491e-15,6.649845519376407e-27,1.251641753204543e-10,7.669225327900112e-11,True,False,False,1
39e28031ed6d6dd4690bb10e3c69d101,1,OK,8.68,4.816833333333333,289,1.5633453124844905,0.9892392117746084,0.6287186570572939,0.3029255933942764,3.028432984602142,0.5820044017956371,2.2905253455565266,0.10308178520332525,True,True,True,3
3a0dc859d882a67b6fa56734e6603a50,2,OK,9.08,14.996,300,1.5075376884422125,0.99,0.013881056091776277,0.7305056871552916,0.20816031715227706,3.41130418436787e-27,-0.8730254214242216,0.8730254212532073,False,False,False,0
3a694da77df07d30956c6d59366bbbdc,2,OK,6.590000000000001,14.986666666666668,300,1.5075376884422125,0.99,2.3442022387438495e-24,0.6172560214771503,3.513177755130783e-23,5.7730280098928145e-25,-3.8877567831718807e-11,4.6707865688046185e-11,False,False,False,0
3a7ae5549b2e275d7ec5a7c5cbb99867,3,PARTIAL_A,5.58,14.993666666666666,300,1.5075376884422125,0.99,8.522805422862455e-18,0.27152416456437334,1.277881035752587e-16,6.546578850576716e-26,2.9606036141179476e-10,2.093182345244941e-10,True,False,False,1
3a7f1e7656124914df9c9b8125882f53,2,OK,7.569999999999999,14.983,300,1.5075376884422125,0.99,6.872177674219984e-19,0.6490047237302449,1.0296583809283802e-17,3.347100692833219e-26,-1.0592164182791446e-10,1.0647263149914274e-10,False,False,False,0
3a87011f29dc629a3e251d6343912587,2,OK,8.17,14.983,300,1.5075376884422125,0.99,2.944300581980574e-21,0.4276792656386046,4.4114455619814946e-20,3.5009899409198204e-24,7.030672340609575e-13,6.767621472128635e-12,False,False,False,0
3a241e68a551a15181bb464e61afe66b,2,OK,8.4,14.9825,300,1.5075376884422125,0.99,2.101849576903598e-14,0.5549317839142744,3.149096128595816e-13,2.1221473078697043e-26,2.3520999962537794e-09,2.355268889102503e-09,False,False,False,0
3a4bf8fe22c864ecd92c62fd9ddc23e5,2,OK,7.239999999999999,14.988333333333333,300,1.5075376884422125,0.99,1.601691349047164e-24,0.499082538631162,2.4006683836635244e-23,8.159123284354827e-29,2.7616918474304697e-10,2.917400495968063e-10,False,False,False,0
3a55d4b87578e243f2cba517aa4ef272,2,OK,7.829999999999999,14.9815,300,1.5075376884422125,0.99,1.2630772815689037e-12,0.33771464286667435,1.8922792293824532e-11,1.6624767302761308e-24,-1.0106685858583357e-10,1.0561448105840223e-10,False,False,False,0
3a56f6f60e90bce59841a2f6babda9fd,2,OK,7.489999999999999,14.990499999999999,300,1.5075376884422125,0.99,8.249546565999504e-18,0.36016329883174614,1.2366482779761557e-16,6.340717585490723e-26,-2.7504280334748426e-10,2.7479076650478607e-10,False,False,False,0
3ab97e1154d9fa0b67d07c647fb2fa24,3,PARTIAL_A,9.24,14.9815,300,1.5075376884422125,0.99,9.444121024431002e-17,0.7277422264250608,1.4148709912751306e-15,1.1384617176276096e-26,8.14407800457199e-11,4.376517182732911e-11,True,False,False,1
3aba9c1270b8fbf5ca96cc6bbefd6adf,2,OK,9.41,14.980500000000001,300,1.8764142693637267,0.9875683280927711,0.004451859758426485,0.8136822589560478,0.06669108511110795,1.8964654965391653e-25,-0.642798288829238,0.6427982875140995,False,False,False,0
3abcd829ef0b5e49f54220be7740272f,2,OK,9.09,14.9815,300,1.5075376884422125,0.99,1.4132705043506863e-27,0.7018998133408121,2.1172912060929807e-26,6.800719254834841e-27,-4.3624511410674437e-11,8.311176622233654e-11,False,False,False,0
3ac1df23d7df5191ce64b8c01e20161a,3,PARTIAL_A,7.8100000000000005,14.9815,300,1.5075376884422125,0.99,5.6123746381211756e-18,0.3897474816691089,8.40817906410124e-17,1.1559685687335098e-24,5.987107106382912e-11,4.958803446216861e-11,True,False,False,1
3ae365009d88cf1f0ab2f204b1701f10,2,OK,8.62,14.9895,300,1.5075376884422125,0.99,1.303746720273273e-26,0.5995303707407408,1.9542511463536225e-25,6.554369622387751e-26,-1.4723748146631502e-10,1.4203847422333002e-10,False,False,False,0
3b76100da333b5762ad89cbb9555daa1,2,OK,2.4800000000000004,14.986833333333333,300,2.2728543667527186,0.9849615714152418,2.2201578057023715e-25,0.17694447359449592,3.327313500776049e-24,4.144015757618241e-28,-4.5296026189115914e-11,5.66937010415844e-11,False,False,False,0
3bc457ae823b0b8f0fcc588ae8b6740e,2,OK,2.1500000000000004,14.988,300,2.3585330161917106,0.9843990973718251,6.425716990575686e-23,0.13926530768311893,9.630864625474837e-22,2.5255460766741233e-25,-9.384607905597402e-11,1.0512010004482509e-10,False,False,False,0
3bd80235f85bd4096b043660c50fcba2,3,PARTIAL_A,7.34,14.983,300,1.5075376884422125,0.99,4.560615393988796e-19,0.44583055664893606,6.833170044813413e-18,3.9980410530413756e-26,8.097966741615892e-12,5.253189103343103e-12,True,False,False,1
3d165167fccd0f78c4c121ba42ac419b,1,OK,7.779999999999998,3.4271666666666665,206,2.8026074392849836,0.9731554363840986,0.8393481189597803,0.40733240766335377,2.876585895028327,0.8007691523234615,2.7459348790300537,0.17396546026292672,True,True,True,3
3d59a3735b38d2417f340886346c8dfa,2,OK,7.109999999999999,14.9825,300,1.5075376884422125,0.99,6.599842217865475e-28,0.48130516481959595,9.888213602916948e-27,1.9162473547029895e-25,1.61373869822512e-09,1.8009635115979186e-09,False,False,False,0
3d5cbdc385dd653bc8e0cbda4d09e724,1,OK,8.25,4.146,249,1.2512562814070363,0.99,0.42688983574906025,0.8848005760412562,1.7698852590156038,0.298954284393275,0.9267344616975152,0.21024030951068973,True,True,True,3
3d6674925109897eb4f55c643e5e9e86,2,OK,8.709999999999999,14.982000000000001,300,1.5075376884422125,0.99,1.1854166986375784e-31,0.6726987788999679,1.77599129789882e-30,3.371412162330908e-27,-6.796948189465486e-11,6.956907662677607e-11,False,False,False,0
3be6fc3d4cdd0f370dd12579ae18b8c3,1,OK,10.02,13.384166666666665,300,11.279017263663421,0.9275311431987096,0.3959874241198813,0.023507405832697593,5.299961682324511,0.3435496575413337,1.6275173090574837,0.14625198111890528,True,True,True,3
3c5fd03fc0b467c28778e0c11cce53b2,3,PARTIAL_A,8.67,14.988333333333333,300,1.5075376884422125,0.99,1.3939731427758925e-26,0.42129922364330535,2.0893334121639338e-25,2.4328249929000626e-24,1.2210841967193649e-09,1.2198542286334576e-09,True,False,False,1
3ccb327b58af83dc5027cb151bfa83ca,1,OK,9.09,7.727,300,4.614434285927518,0.9697031147145433,0.6947231595758327,0.03222585806992759,5.36812585404246,0.6530078605870978,1.7796799321333516,0.8086522079844195,True,True,True,3
3ce3f3b7cf85c19fd832157349bd791d,2,OK,6.87,6.4395,300,1.5075376884422125,0.99,1.0055473727812435e-22,1.137646516399664,6.475222307024818e-22,1.3072302870849371e-28,-1.0347336691178082e-09,4.33986458928586e-10,False,False,False,0
3f3561382353b92d03a5f304107233a4,2,OK,8.86,14.988333333333333,300,1.5075376884422125,0.99,2.682196103080647e-25,0.5077522236307926,4.020164925834043e-24,6.66023739800355e-27,9.616537196185011e-11,9.661919678738582e-11,False,False,False,0
3f4b26b5feec04dccad1f263fb74a424,1,OK,8.17,3.0096666666666674,181,6.6767479979019155,0.9288484261462527,0.9442404672414157,0.47821133291084267,2.841849059574248,0.9216694812787273,3.2950236035035587,0.12213835149957047,True,True,True,3
3fa1fe9ae4a33adbe438f41b798b0e3d,3,PARTIAL_AB,3.76,14.989333333333331,300,4.012206214432067,0.9736049662979512,0.029719594729798942,0.2135589800990409,0.4454769119365329,0.017806430569287938,0.2854525995126957,0.2328721460455243,True,True,False,2
3ff25e68ce4a7541e59a8c39181c6604,2,OK,1.7399999999999993,14.995833333333334,300,32.97069931938472,0.8019603563509995,2.775789025277536e-20,0.12069895772835292,4.1625269591557713e-19,1.159999450743963e-24,1.055690349952935e-10,1.0893003734549682e-10,False,False,False,0
3d74ce732bef84c14b13d4e879f8e619,3,PARTIAL_BC,8.09,4.231333333333334,254,1.2763819095477398,0.99,0.20095899487802907,1.414399011520293,0.8503244936605671,0.11586906963693688,0.01689851481727896,0.5137782502530676,False,True,True,2
3d929784f40a779247c06ce48cbb8fa3,3,PARTIAL_A,7.78,14.996,300,1.5075376884422125,0.99,1.5071870985585583e-17,0.3405517179173078,2.260177772998414e-16,4.834370270401525e-24,1.9894930147756895e-10,1.722294518589974e-10,True,False,False,1
3e2315f07b883b96bc81f442472c2ab2,1,OK,9.709999999999999,13.517833333333332,300,10.191682604513309,0.9342878408670457,0.3643951062853304,0.029991780087451098,4.925832314247382,0.3300343067414814,1.7819269982668615,0.15039986444026537,True,True,True,3
3ee3ac85478ef12a78d2f1f6a26173c6,3,PARTIAL_A,8.02,14.980500000000001,300,1.5075376884422125,0.99,3.0635060500904728e-18,0.44118069449089375,4.589285238338033e-17,2.1489753240242563e-24,2.5106368835755194e-10,1.462117468878803e-10,True,False,False,1
4014cbda493cd8026914800f1905def4,3,PARTIAL_A,8.62,14.9895,300,1.5075376884422125,0.99,7.4646707487823085e-19,0.788891146860733,1.118916821888724e-17,1.4420104701023423e-26,5.038272761955417e-10,4.994089454171045e-10,True,False,False,1
408cbf22712d4f69c6c614536a793af8,2,OK,8.290000000000001,14.9825,300,1.5075376884422125,0.99,1.9775379035427173e-19,0.5196406966692662,2.962846163982876e-18,1.1964054505452415e-23,3.5252426163386494e-09,3.528364104291885e-09,False,False,False,0
40c4313b26717ab1a3bc825e64b2858b,1,OK,8.93,6.3555,300,4.88573754213522,0.9679503699876416,1.103264126315617,0.00926172689040743,7.011795154798905,1.0135090983535369,2.179929172600463,0.33546187956268353,True,True,True,3
40e058f54b8837fcbffae938e09b647b,1,OK,6.02,6.739999999999999,300,3.356769391211187,0.977869164430069,0.32984514118811903,0.25124830479244964,2.223156251607922,0.31225305062694864,2.6149021312522316,0.18988104203510425,True,True,True,3
4130c4b073ea339d3e151a5c2b7774cd,3,PARTIAL_A,3.09,14.9825,300,1.5075376884422125,0.99,3.4682274260055953e-17,0.16068129474263576,5.196271741012883e-16,2.739604728419554e-26,3.6554412089865687e-09,3.5812008739379335e-09,True,False,False,1
413eef423fbe3a62e233a18dbba8cecd,3,PARTIAL_A,7.880000000000001,14.996,300,1.5075376884422125,0.99,3.7657540850614075e-18,0.40785941543950277,5.647124825958087e-17,1.2466698040553001e-26,4.3758996426390695e-11,2.75602999422659e-11,True,False,False,1
41651090a75e677e84b021bea5a75ae2,1,OK,9.07,5.955333333333333,300,4.496317049054833,0.9704671827059868,0.9582081421015766,0.03337898450628495,5.7064488889289215,0.8635784487889409,2.291044236450819,0.10768426641350941,True,True,True,3
4183269dc272dc100482b45a0ec02e44,1,OK,6.64,3.562333333333333,214,1.2656660801869715,0.9882408922590051,0.7068528051107843,0.44889839834886275,2.5180453094063173,0.6441639537914381,2.1606510952615685,0.12922895196544842,True,True,True,3
41c166be2029b3db2f7b5028e5098be4,2,OK,9.72,14.988333333333333,300,1.6217948982822445,0.9892461690387515,3.5121188926967977e-19,0.828288396738539,5.264080867003717e-18,6.878581747746664e-26,-9.666045741596463e-10,8.461245637865633e-10,False,False,False,0
41e348bea109041dcf1c358b97b2ab98,3,PARTIAL_C,9.030000000000001,14.986833333333333,300,1.5075376884422125,0.99,0.059146649565661596,0.5410886574576256,0.8864209792656428,5.877099511004595e-18,-1.885778759607905,2.0248215329803796,False,False,True,1
41e6e6092d4b736862796093ba2d2d6a,2,OK,8.08,14.9825,300,1.5075376884422125,0.99,8.638588310119855e-16,0.6648233839216217,1.2942764935637073e-14,4.71554455900449e-26,-1.864606247181655e-10,6.697712117277209e-10,False,False,False,0
420b0e3b3e01c0c3209d90a40d10435f,2,OK,8.69,14.986833333333333,300,1.5075376884422125,0.99,1.0324413249754834e-16,0.754361082550085,1.5473026063853408e-15,4.714803153013101e-26,-1.360084489476776e-09,1.196609049290865e-09,False,False,False,0
4227a7ccabc62bc09b0bfe197e944359,2,OK,1.71,14.980500000000001,300,1.5075376884422125,0.99,1.7676100966595838e-23,0.10829217825318585,2.6479683053008897e-22,5.935993876108473e-23,-2.8291316344029407e-09,2.4961140958833327e-09,False,False,False,0
422e2b0e1f91e0a0cf9204a0ebdd1fb2,2,OK,9.25,14.980500000000001,300,1.5075376884422125,0.99,1.1653917094616003e-23,0.8281195948929293,1.7458150503589505e-22,2.7131495675957425e-27,-2.2018068849642228e-10,2.2184141362060762e-10,False,False,False,0
4232d7ac9bc7dd74ad1329b2b3e96b51,2,OK,8.36,14.980500000000001,300,1.5075376884422125,0.99,4.132164691072539e-18,0.4290261795397277,6.190189315461217e-17,4.519510713534563e-25,4.104479719065542e-11,2.6758838951824057e-10,False,False,False,0
423342ec3073d7de45190221972b3284,2,OK,10.020000000000001,14.988333333333333,300,1.5075376884422125,0.99,1.6405078077709961e-18,0.8472760167284974,2.4588477858807613e-17,2.9326816064749635e-26,-3.4923286484911387e-10,3.4947320184419056e-10,False,False,False,0
424fcfa7e4f562fad94bd7b2965c69b1,1,OK,8.04,6.7733333333333325,300,1.5075376884422125,0.99,0.3358507624117231,0.3351690008852258,2.2748291640687377,0.2878390883485087,1.0735344263602202,0.6302844175303411,True,True,True,3
4260e3ba08fd61292f825c4ed0a7ad31,3,PARTIAL_A,7.3,14.9815,300,1.5075376884422125,0.99,1.0802498768615384e-19,0.4616513247824282,1.6183763530201138e-18,6.63001461747614e-26,3.163216281502438e-09,3.158256453846167e-09,True,False,False,1
42740d8b6be58b5ddf3ecde02fbcc998,2,OK,6.629999999999999,14.9825,300,1.5075376884422125,0.99,6.75472452127982e-29,0.4522223897777242,1.0120266014007489e-27,1.1981321560712141e-27,1.1737303721541062e-10,2.845717119008169e-10,False,False,False,0
42d3bad69687fda4bf67fe1a7a6b44da,1,OK,10.41,14.986666666666668,300,3.4544732742537043,0.977232345682829,0.23088120918373276,0.09946373441178297,3.460139721633542,0.16019206312800496,1.178740340798927,0.1441332633891855,True,True,True,3
43c0c407cab81429fb90b1f4a77e9ccb,1,OK,8.52,7.694000000000001,300,2.5576770355671887,0.983092962236972,0.8406569493511371,0.010993132660789846,6.46801456830765,0.7697591589801497,1.7820297015377353,0.5815871331357312,True,True,True,3
43e70d046e1023333262b25553858004,2,OK,9.82,14.995833333333334,300,1.813326753144707,0.9879837860531067,0.015157002865546935,0.77341662831148,0.22729188880459758,5.246445791176692e-26,-0.8721071350474462,0.8721071349508447,False,False,False,0
43f265833c57306aea72174271c3a6f9,1,OK,8.69,8.5055,300,3.3438230805417954,0.9779535772537952,0.3044208382613322,0.23466469174738322,2.5892514398317608,0.2687735190711506,2.0877395341007428,0.13251898606563678,True,True,True,3
442627f980bf043be0b7f86d46a37cea,2,OK,8.68,14.993666666666666,300,1.5075376884422125,0.99,2.7040257312723725e-18,0.725439968235337,4.0543260472787526e-17,1.1301465241017064e-26,-7.555881846125582e-12,3.112060138089699e-11,False,False,False,0
4334ad3076ad9869be3e67212d785964,2,OK,9.31,14.980500000000001,300,1.5075376884422125,0.99,9.211235586444502e-21,0.8331763410529739,1.3798891470273187e-19,1.53620061515046e-26,-0.033493907818911296,0.033493907784715546,False,False,False,0
4338d4ff540a6a458a4dceecc44a0f43,3,PARTIAL_A,7.919999999999999,14.990499999999999,300,1.5075376884422125,0.99,4.096118623747857e-20,0.516881019879181,6.140286622929225e-19,2.81902341079365e-26,3.5344009200836507e-10,3.473243188311278e-10,True,False,False,1
43573be91ea710ab726b139b802c0cd0,3,PARTIAL_A,8.71,14.993666666666666,300,1.5075376884422125,0.99,6.45466737800373e-20,0.5641775991454254,9.677913110999526e-19,1.4558389487254885e-26,2.6794285309013805e-10,2.591292682054898e-10,True,False,False,1
43a4cf2addebb15eae7ca381807d4125,2,OK,8.94,14.996,300,2.6493297006780336,0.9824924132275579,3.923073074398134e-27,0.7942147265082296,5.883040382367443e-26,9.842848995814442e-25,-0.2977832040300659,0.29778320403509523,False,False,False,0
445854fa798d52edbb50c63eaf8c9f5f,3,PARTIAL_A,8.67,14.997000000000002,300,1.5075376884422125,0.99,8.987242038008933e-16,0.5055435895056356,1.3478166884401998e-14,1.7460160315909722e-25,1.451418984999009e-10,7.052298655809754e-11,True,False,False,1
44a27b3694d1ef86f3f3e79771c72e2f,3,PARTIAL_A,8.16,14.983,300,1.5075376884422125,0.99,2.0276473655573793e-22,0.43695970770756604,3.0380240478146217e-21,2.1659731339617885e-25,2.546156618876694e-10,1.3791822462953323e-10,True,False,False,1
44aab9fbdd0cc823e33a06fb46faaf01,2,OK,8.0,14.996,300,1.5075376884422125,0.99,6.171668221031445e-19,0.48059478122413707,9.255033664258755e-18,1.602204813623719e-26,-1.7119639039719914e-13,7.698951853311826e-13,False,False,False,0
44b4fc70a876f093fd1f532f31a7cbc8,2,OK,7.4,14.983,300,1.5075376884422125,0.99,8.034497958795816e-21,0.5308908238432756,1.203808829166377e-19,4.875811944069763e-25,-9.500245035098942e-11,1.3487239074407046e-10,False,False,False,0
44b878a08f0caf6bc4bd75ca957e95cb,2,OK,9.420000000000002,14.995833333333334,300,1.5075376884422125,0.99,3.0639619485256535e-29,0.7749210267161404,4.594666271976595e-28,3.8187914559251905e-25,-1.9667230806893108e-12,1.3262723653246056e-12,False,False,False,0
44d9b0ff787cf157fd9deb352d74a6d9,1,OK,8.37,5.031333333333333,300,1.5075376884422125,0.99,0.521260680896734,0.40850597899688473,2.622636239151768,0.436139222979504,1.5686081654024768,0.14393722389961416,True,True,True,3
44f568fd7baad65b06c8df0e25b0583d,2,OK,6.65,14.983,300,1.5075376884422125,0.99,2.8965645638781844e-20,0.4337260587399525,4.339922686058684e-19,1.3694480484704952e-25,-7.270969012059443e-11,7.085383405210805e-11,False,False,False,0
45118b8379a188a5f721904d5d0dcbe1,3,PARTIAL_A,8.149999999999999,14.993833333333333,300,1.5075376884422125,0.99,3.5973869966842366e-18,0.42590555271619357,5.3938621063783994e-17,8.626944733126342e-25,3.644169410677023e-10,2.228854724864089e-10,True,False,False,1
451a668e930d637054916ffcccf50441,1,OK,8.25,3.1439999999999997,189,1.518049424343444,0.9840639831351383,0.48766463314413666,1.1752466354721978,1.5332176066051655,0.43903722547340174,1.790166136496684,0.24235433455038952,True,True,True,3
45828ff49718abff771495c563b88c97,3,PARTIAL_A,8.52,14.980500000000001,300,1.5075376884422125,0.99,4.817171438644513e-19,0.5141538869560607,7.216363673661412e-18,2.5305638273242373e-26,7.316280914437812e-11,6.391703944599729e-11,True,False,False,1
45925e08132075ef2ec0b2b494e945ef,2,OK,7.87,14.982000000000001,300,1.5075376884422125,0.99,3.8149370931779776e-20,0.5122606972191674,5.715538752999247e-19,2.7438233961107097e-26,4.257113180491009e-11,4.380584589790516e-11,False,False,False,0
45ecdf484f5f3bec6c0507953ceb6bb2,3,PARTIAL_A,9.25,14.9815,300,1.5075376884422125,0.99,1.7726074318865458e-24,0.8170236646786658,2.6556318240808285e-23,3.010292844544834e-25,9.108277095511615e-11,8.65240885418905e-11,True,False,False,1
46235c5632b740852ed8183a91d947d5,3,PARTIAL_A,7.720000000000001,14.982000000000001,300,1.5075376884422125,0.99,6.702089568723737e-17,0.3687966364307136,1.0041070591861904e-15,2.5259880591570838e-27,6.667366732789522e-09,6.6433639757783556e-09,True,False,False,1
463af307747fe4800bff6f0827f24322,3,PARTIAL_A,7.8,14.996,300,1.5075376884422125,0.99,2.4991643591929963e-22,0.3149660736137598,3.747746873045817e-21,7.900242901669381e-26,8.110911942083021e-11,7.76420210599984e-11,True,False,False,1
4667d4062370426900437c25ca520011,2,OK,8.27,14.993833333333333,300,1.5075376884422125,0.99,2.6944414234517376e-16,0.5952901376765103,4.0400005629664776e-15,6.081768323414172e-25,-2.0272250544906e-10,1.5401557744331693e-10,False,False,False,0
466f1d30bbbe37df7c8bd1fa921bebe4,2,OK,8.719999999999999,14.983,300,1.5075376884422125,0.99,2.86125928622901e-16,0.5835563225098724,4.2870247885569264e-15,2.7905081228519314e-25,-4.940122385240405e-12,4.11025332605914e-12,False,False,False,0
466fdb783bce5dc94349aa4d6215decb,2,OK,9.87,14.988333333333333,300,1.5075376884422125,0.99,1.8223999777100052e-19,0.8419646281112113,2.7314738332576793e-18,3.693570313985797e-27,-2.1107352902542212e-10,2.669365091024617e-10,False,False,False,0
46ce3cbd8f1e0f6dab5f51ecc9f61954,3,PARTIAL_A,9.739999999999998,14.990499999999999,300,1.5075376884422125,0.99,2.702078356120611e-24,0.8609390298444684,4.0505505597426015e-23,1.428248569380263e-25,1.4935008785244008e-10,1.013234516100888e-10,True,False,False,1
4701ac3ef1e123c7a02aed7bf13acc98,2,OK,9.81,14.988333333333333,300,1.5075376884422125,0.99,1.3226602091287063e-20,0.8340211600483335,1.9824472101157426e-19,9.048854578252708e-26,-2.9154826700998154e-10,1.8652946610447394e-10,False,False,False,0
47d9618a584d81b8bd7ec6fccbf76c47,3,PARTIAL_A,7.539999999999999,14.996,300,1.5075376884422125,0.99,1.1358166077346339e-17,0.3485673009096517,1.703270584958857e-16,4.359719788130095e-25,4.626448113498327e-10,4.448031506106515e-10,True,False,False,1
490196c6e566b0b397e4bca825259170,1,OK,7.74,4.0785,245,4.476382715300984,0.9641137756882633,0.7722777657579316,0.2789891713769584,3.149734867643724,0.734801661180971,2.730424120915096,0.2003846499063121,True,True,True,3
49296e1dfa24cdb9d505e16e0b1c67c6,2,OK,8.65,14.9895,300,1.5075376884422125,0.99,6.507778949173166e-17,0.6973116396219861,9.754835255863118e-16,1.9659503988530542e-25,2.659233574083449e-10,3.390508571033819e-10,False,False,False,0
4965691e8702ed52448c25e7cb4c17c5,3,PARTIAL_A,9.05,14.993833333333333,300,1.5075376884422125,0.99,2.5195554792858248e-27,0.6728855076487721,3.777779493049844e-26,5.241137851212766e-26,3.4258980837383507e-10,3.151241781506541e-10,True,False,False,1
496f803db7c3f8958fcb66bc455444d4,2,OK,6.910000000000001,14.993666666666666,300,1.5075376884422125,0.99,5.213255986160683e-21,0.37652416936681254,7.816582250449789e-20,7.625707824183856e-26,-1.7141547440739183e-10,1.7607039372905976e-10,False,False,False,0
49768fede47f922d2a1a393b074eece0,3,PARTIAL_A,7.699999999999999,14.980500000000001,300,1.5075376884422125,0.99,9.061875893824224e-19,0.4521242736067017,1.3575143182743379e-17,2.1686074403645295e-26,5.124110321238125e-09,5.0514728224048e-09,True,False,False,1
4989c784ba87d276a0b6ccb3d8142a73,1,OK,7.949999999999999,3.311666666666667,199,1.8983368884284757,0.9811015171371703,0.814862542857868,0.4865387557308431,2.6985531210976395,0.7689734296198585,2.68160248609013,0.17535991538992649,True,True,True,3
49e8bbb6e630e447303e85985f446e06,2,OK,8.46,8.275833333333335,300,1.5075376884422125,0.99,1.0994886963876831e-18,1.2940921011184836,9.099185203188402e-18,1.820344251906298e-26,4.99022971093647e-10,6.219863329226882e-10,False,False,False,0
4a06cd0bd04a604d2687086b9c901f53,2,OK,7.619999999999999,6.888333333333333,300,1.5075376884422125,0.99,0.0007563765429292249,1.220121017787461,0.005210173753210811,1.8296267162872217e-28,-0.01486450648891339,0.012308201076933945,False,False,False,0
4a2a102288df0410085d286231cfd54f,2,OK,8.48,14.980500000000001,300,1.5075376884422125,0.99,5.164274873676832e-18,0.421240928777797,7.736341974511579e-17,7.70806159401557e-26,1.0838848337376324e-10,1.0999943349181084e-10,False,False,False,0
4a5f0be54124565d0a0411f82a7df164,1,OK,7.39,14.983,300,89.41876622887656,0.5407577960620332,0.1263134098488457,0.1644239092896681,1.8925538197652552,0.12095064371802962,1.6344844145361712,0.2821304722340054,True,True,True,3
4a6d61d5c05c6fc86767ee36c76d1442,2,OK,8.32,14.983,300,1.5075376884422125,0.99,1.1070560475075265e-27,0.622556883294197,1.658702075980527e-26,6.335464418974413e-26,1.1458981911497783e-12,4.763432135466511e-12,False,False,False,0
4a92dc4fa9b718ae6e6f59fca6f03921,2,OK,7.7,14.983,300,1.5075376884422125,0.99,5.500266478116823e-19,0.6220970152279625,8.241049264162436e-18,1.0731708919752714e-27,6.73462026886303e-11,1.7978390315761168e-10,False,False,False,0
4bfed48ded1e36b1ef083964a699b335,2,OK,1.3499999999999996,14.983,300,45.805496300243064,0.7350794201346483,1.9659066303848413e-21,0.09477131455361787,2.945517904305608e-20,3.370896049140564e-23,1.7116731735692763e-09,2.27154018734831e-09,False,False,False,0
4c0a79184161c57ddbe120b4e6c2fd4e,1,OK,8.08,5.745833333333334,300,2.1489289965453118,0.9857756967487389,0.43505447281754434,0.3294746599901519,2.499750491730807,0.4070017789538315,1.1363062967628543,0.5956479966153149,True,True,True,3
4c3601c4649ba1ede3d0bb5f9e6b27fc,1,OK,8.26,3.6276666666666673,218,1.8425645987804697,0.9832374171749387,0.7833656881845878,0.43833320188466485,2.8417895948376235,0.7185097250831954,2.2420111992417873,0.18235547993518172,True,True,True,3
4c6d4dc526b06672473e52a0692f3fb8,1,OK,8.2,3.3100000000000005,199,4.750714305099879,0.9533673850292758,0.8181688248069691,0.5030658196554132,2.708138810111068,0.7854478784425523,2.8096449840918454,0.3944477356660929,True,True,True,3
4a9d5e1eddc228af57a2b6bebf2e994f,2,OK,7.8100000000000005,14.990499999999999,300,1.5075376884422125,0.99,1.763865349456257e-18,0.6596335633739022,2.6441223521024022e-17,1.6641020780590924e-27,-4.655770583876044e-10,3.9837757182538615e-10,False,False,False,0
4ad31e2734846350015f68389206a6e2,2,OK,7.61,14.996,300,1.5075376884422125,0.99,2.9629591405606277e-27,0.36253304292526206,4.4432535271847174e-26,1.3038656278422898e-25,-2.5989107162634656e-10,2.7931966855117656e-10,False,False,False,0
4ae310a1cb38ee69dff1e70f39ed4a0c,3,PARTIAL_A,7.750000000000001,14.996,300,1.5075376884422125,0.99,1.0939792861694869e-21,0.3273019217473647,1.6405313375397626e-20,5.4440698692979815e-25,7.053846395876917e-11,4.4335276822817195e-11,True,False,False,1
4b1905b7eca41aa0d7c68a4bbc4a74b8,1,OK,7.33,4.933000000000001,296,1.6792131166540445,0.9887179685872389,0.3345445741366425,0.6099680480455073,1.6503083842160577,0.3008795211644935,2.0094620947151736,0.013043836397073152,True,True,True,3
4b32b9f13cf17775cc9aa0baf34fae90,2,OK,6.970000000000001,14.980500000000001,300,1.5075376884422125,0.99,1.7614709496224487e-28,0.45808734996138695,2.6387715560819095e-27,2.8159597088456667e-26,-2.916903755571335e-11,2.62302182823799e-10,False,False,False,0
4b9744bab7343c163c45dfb6f7daac54,1,OK,8.39,3.695833333333333,222,1.1155778894472372,0.99,0.7829441578485623,0.4467177065881018,2.8936311167153113,0.6788060433925038,1.833368879156966,0.16260185749897965,True,True,True,3
4bc1685a0be9d2a1b9ed84be46334ca0,2,OK,8.55,14.990499999999999,300,1.5075376884422125,0.99,2.263402067209549e-17,0.6605613984340633,3.392952868850474e-16,1.743303406299123e-26,5.5737414683676434e-11,1.1437876148996459e-10,False,False,False,0
4bcda20fb47dd83243d458d320fce867,2,OK,9.4,14.995833333333334,300,1.5075376884422125,0.99,4.1566228255856436e-17,0.7545104485747813,6.233202312201138e-16,7.243667807278112e-26,-2.2710670381324385e-10,4.485665558054279e-10,False,False,False,0
4cb4f2020f5b3faffdbc6d920f6b0a60,3,PARTIAL_A,9.469999999999999,14.988333333333333,300,1.5075376884422125,0.99,2.0260358030327908e-16,0.7041322980768311,3.0366899961123144e-15,7.547471392276747e-27,7.72318209385503e-10,7.649952876460778e-10,True,False,False,1
4cc10b8c0e069654ecb151f5a02449ad,1,OK,8.42,3.6955000000000005,222,3.022297974725667,0.9731377912151166,0.7045351429845024,0.5111884797226589,2.603609620899229,0.6556966649607301,2.522638638480017,0.16446076874130142,True,True,True,3
4d05ad16d718859adffd56b611f30851,1,OK,8.84,14.987,300,1.5075376884422125,0.99,0.15270704420325493,0.18542459752048895,2.288620471474182,0.10367359736037512,1.114681259717793,0.16770681875530405,True,True,True,3
4d0cb07260c763ca0c10d8b464eec0b7,3,PARTIAL_BC,8.19,3.678833333333334,221,1.1105527638190964,0.99,0.3751238775422798,1.169182466029249,1.3800182248317907,0.2995980053753085,0.2492678573282304,0.7682906500576928,False,True,True,2
4db60778be8ea052b0bc351f1d37c62d,3,PARTIAL_BC,9.51,14.9825,300,7.056388868497958,0.9540384820227924,0.07892208754499797,0.4077667310538162,1.182450176642932,0.03560526131955857,0.314179623719017,0.4462722231573678,False,True,True,2
4dddcabb9d85a5af86f0bd601cbcf400,2,OK,6.720000000000001,14.983,300,1.5075376884422125,0.99,1.0464607706265172e-20,0.4463609743823636,1.5679121726297108e-19,3.421596045841886e-26,2.0514729914822283e-09,2.548872962160563e-09,False,False,False,0
4deb9a6c0624572b853f6d5be370aad1,1,OK,7.779999999999999,3.6101666666666667,217,1.0904522613065335,0.99,0.29598843470452046,1.376039236245918,1.068567580689103,0.20775484428647462,0.809919683229147,0.307504085632175,True,True,True,3
4def187030a3443926717af775a4890e,3,PARTIAL_A,2.05,14.9825,300,1.5075376884422125,0.99,1.7443112034198516e-20,0.12256408754414828,2.6134142605237925e-19,1.4744982723658062e-22,9.509647236338736e-11,3.4816174483119875e-11,True,False,False,1
4ec8e77468339b47091eec9bf8e0bfda,1,OK,1.4800000000000004,14.989166666666668,300,90.60943799533612,0.5360611947301795,0.2002955694467181,0.014810481130653872,3.002263673031766,0.19486606976798795,2.01967445113037,0.11782565291327754,True,True,True,3
4efae1c7c136f97deb34ace2055c2c11,2,OK,8.92,14.993666666666666,300,1.5075376884422125,0.99,2.778436644423849e-20,0.647063619824443,4.165895290094305e-19,3.704309865947737e-25,-1.3213526569207565e-10,7.089689758653863e-11,False,False,False,0
4f2924e17c36ab202f64c06522813eff,2,OK,9.600000000000001,14.980500000000001,300,1.5075376884422125,0.99,1.5862734382028974e-16,0.8712468448673444,2.3763169240998506e-15,1.934606148647582e-26,-0.001349259003374052,0.0013492589797714878,False,False,False,0
4f69a5e286f522a7b2b8aee1c27d5cc0,1,OK,9.08,8.357499999999998,300,3.1739699920497717,0.979061724909081,0.24537025564083195,0.3724709252541828,2.0506819115182524,0.19680988854132894,1.4089922494277838,0.15671516173211825,True,True,True,3
4e116b03e02090d08bb9e5e837e73ad8,2,OK,8.94,14.9815,300,1.5075376884422125,0.99,2.1538213828466887e-27,0.6737008156726897,3.2267475047117665e-26,5.406791476849786e-26,1.3091379832038305e-10,2.878546254875068e-10,False,False,False,0
4e2cbd8c713963713ef96214164b075c,1,OK,8.87,12.109666666666667,300,1.5075376884422125,0.99,0.1716308565646797,0.2368478331600368,2.0783924627127495,0.15766803195480533,2.1961748559271155,0.17754550869773622,True,True,True,3
4e9ddcd0bb8f09dbea2db86465321621,2,OK,7.28,14.9825,300,1.5075376884422125,0.99,3.0719470485786e-21,0.4923031786959313,4.6025446655328875e-20,4.330549339265825e-25,5.640036585911427e-11,1.631365445869076e-10,False,False,False,0
4ea58c6919ee41cf998ffa5c6ca4b87d,2,OK,8.53,14.980500000000001,300,1.5075376884422125,0.99,6.756630631072898e-25,0.7689136528880187,1.0121770516878757e-23,7.882735531424767e-28,-4.373916784317089e-10,2.5618156417573973e-10,False,False,False,0
4f8e0c4b9a2b4c70a4142d35108bd0e4,2,OK,9.1,14.9825,300,1.5075376884422125,0.99,5.094277295898678e-28,0.7195735403542651,7.632500958580194e-27,2.5352147594307703e-27,-1.0803780092771831e-10,5.3680080221454e-11,False,False,False,0
4fc0269d9efafb7babab499d84c16e16,2,OK,7.41,14.989166666666668,300,1.5075376884422125,0.99,0.013660281138592755,0.6236942640668838,0.2047562306998899,3.6674775762152764e-27,-0.5129903054025345,0.5129903054054139,False,False,False,0
4fcded73ee52aef205bdc6806ddaff5b,2,OK,7.74,14.983,300,1.5075376884422125,0.99,1.1390288654776325e-23,0.5896649311552242,1.7066069491451368e-22,6.886071612263188e-26,-1.3100912947076418e-10,1.2800317546129314e-10,False,False,False,0
501ed205d82e3ad607f4c7a22e450ea0,2,OK,9.25,14.982000000000001,300,1.5075376884422125,0.99,0.007038151964976262,0.7750058048305246,0.10544559273927437,2.7823016275068204e-27,-0.6707201338405661,0.6707201320281058,False,False,False,0
503340bd5de4816fd7a914eddc76d40a,1,OK,6.54,4.8665,292,9.563888124226011,0.9365713966369457,0.7304480399085996,0.14496083474887486,3.5547253862152,0.7166989536667367,3.4772716437087077,0.14366218142292803,True,True,True,3
505005ff2c47f0f4468508c27ea633f0,3,PARTIAL_A,7.830000000000001,14.982000000000001,300,1.5075376884422125,0.99,2.414234359624768e-14,0.5387583583988999,3.6170059175898273e-13,3.457827756995065e-26,1.2525343725163415e-10,2.542709177332071e-11,True,False,False,1
50aedcc508170e0fdc60ca7f93512e48,2,OK,8.9,14.986833333333333,300,1.5075376884422125,0.99,6.211347786671176e-24,0.8033833461760487,9.308843405420979e-23,4.317775795724881e-26,-1.5269370952826952e-10,9.645334539946338e-11,False,False,False,0
50aff5d1613d0ed63f431964269a2309,2,OK,8.08,14.990499999999999,300,1.5075376884422125,0.99,5.689069645138485e-19,0.48701767715952105,8.528199851544845e-18,2.661998428938113e-25,-9.359787019510198e-11,1.1674861206318767e-10,False,False,False,0
50fa8358e5ef37d9312dc21f83bf0ef9,2,OK,7.749999999999999,14.9815,300,1.5075376884422125,0.99,1.0378641297858644e-16,0.609901365198678,1.5548761460386928e-15,1.6658500535812513e-27,-3.5924522615952505e-11,7.413633407324792e-11,False,False,False,0
515bf6b1f0df82d282adb14b275d8071,2,OK,9.56,14.990499999999999,300,1.5075376884422125,0.99,7.183617233297951e-19,0.8228327819324524,1.0768601413575293e-17,3.676641562995479e-27,-1.8014519505745359e-09,1.9116533275712255e-09,False,False,False,0
51612833e8ea75f60306f3dc79cde8a2,1,OK,8.87,7.457166666666666,300,1.5075376884422125,0.99,0.21512763651371902,0.5997152158404098,1.6042426400888883,0.1228460524899835,0.4759679175760463,0.40525879452890223,True,True,True,3
518c9ac72b975d55d9686010f9914c05,2,OK,7.76,14.996,300,1.5075376884422125,0.99,8.536318841466853e-23,0.3827597505929867,1.2801063734663692e-21,5.305590021248057e-26,-2.169954586387727e-10,1.7244450656358295e-10,False,False,False,0
518e3f66c2cb93b363912ca46578c52f,3,PARTIAL_B,8.53,4.783333333333333,287,1.4422110552763834,0.99,0.10303055889347473,1.595696348972653,0.4928295067071208,0.03128621872180519,-0.08044214401235321,0.5805930082861527,False,True,False,1
51b1549f03aab7b70105f9e8225167ce,3,PARTIAL_A,7.96,14.980500000000001,300,1.5075376884422125,0.99,9.38844776901244e-19,0.4642286973312833,1.4064364180369086e-17,1.6802950187120542e-26,3.062535410454833e-11,2.680671111906217e-11,True,False,False,1
51b293753c735442e61dfa8a6e1cfb1b,2,OK,8.93,14.993333333333334,300,1.5075376884422125,0.99,5.352128500573018e-27,0.6474412684414013,8.024624665192479e-26,6.078028504229073e-27,9.703503926298633e-10,1.1407012763245885e-09,False,False,False,0
520b9fd3fbf1fc875d92f387244a914e,3,PARTIAL_A,2.3600000000000003,14.983,300,1.5075376884422125,0.99,4.97822050497497e-19,0.15578417400802932,7.458867782603998e-18,9.49996818439212e-25,3.0770791470402514e-10,1.6451378566275095e-10,True,False,False,1
52205fed4bff49b95efe319723003900,2,OK,8.66,14.983,300,1.5075376884422125,0.99,7.85104571457479e-27,0.6133563715264414,1.1763221794147408e-25,1.6172495966206275e-26,-8.344443654569507e-11,1.2632096341074323e-10,False,False,False,0
5226275ecee67665f0ca74940baf8399,2,OK,8.94,14.9815,300,1.5075376884422125,0.99,1.1274752278985306e-14,0.7909178889469275,1.6891270126761837e-13,2.637799011334809e-25,-1.0102422602168797e-10,9.599874817500034e-11,False,False,False,0
5273a2d44e3d5fc4e19e4614c0ed5f58,3,PARTIAL_A,7.390000000000001,14.982000000000001,300,1.5075376884422125,0.99,4.27618707854045e-18,0.3796594120063592,6.406583481069303e-17,5.680316947117438e-25,4.884478007246192e-11,4.4750227792848135e-11,True,False,False,1
528b114368ba3155277c503819c0a01a,1,OK,7.990000000000001,3.326833333333333,200,4.1009546777168895,0.9598144488428048,0.7873989832552477,0.5163318485479954,2.619545184126333,0.7377896930169666,2.571642552855114,0.16689555851351653,True,True,True,3
52ea4ad8f4d9668b28be8b9628c8a8e8,1,OK,5.64,14.983,300,103.62795155622797,0.48651746660913825,0.08773694560492175,0.17926665781274714,1.3145626559985426,0.08322527128552043,1.2305280177363962,0.25293984591021135,True,True,True,3
530469a6b8a0f3ad0c70a4e04447d434,2,OK,7.3500000000000005,14.983,300,1.5075376884422125,0.99,2.24789646254809e-22,0.6115831889331906,3.3680232698358035e-21,2.721867240076874e-25,1.3880822417415098e-11,1.7135403127359995e-11,False,False,False,0
53227649f8ff90f3d3186bd24b679964,2,OK,9.45,14.988333333333333,300,1.5075376884422125,0.99,9.844555818486844e-28,0.6596497071522704,1.4755348412608697e-26,1.2631444577786963e-26,1.3631613615672222e-09,1.5229997472681774e-09,False,False,False,0
533d4f26b352e3a3940955c5390e2aff,3,PARTIAL_A,6.66,14.993833333333333,300,1.5075376884422125,0.99,2.160535547056028e-18,0.37734286960027136,3.2394709903300244e-17,3.2149467535300727e-27,1.2477618938078194e-10,6.431898576676115e-11,True,False,False,1
53786150bce92f7b131a043661e5d950,2,OK,9.559999999999999,14.980500000000001,300,1.5075376884422125,0.99,1.1361888597226147e-21,0.8609998238810123,1.702067721307463e-20,1.6887172789604843e-25,-1.514058434182175e-09,1.5886229912246414e-09,False,False,False,0
53e3949bbfe2faba88a667c855bcdcf4,2,OK,8.51,13.207333333333334,300,1.5075376884422125,0.99,0.016453728490714303,0.690966013057065,0.2173098767530274,7.679453765294107e-23,-0.07041822901649114,0.19900802321382605,False,False,False,0
53e933c32117c5d626f3d6f3aa6379b1,3,PARTIAL_A,1.7300000000000004,14.990999999999998,300,22.955519042224203,0.8578409862119561,1.8055593228630336e-34,0.12158228483402225,2.7067139809039735e-33,1.997014200556703e-23,1.63402210281068e-09,9.20196593916118e-10,True,False,False,1
53f696d21030389482a17972fff7e989,2,OK,2.4000000000000004,14.995833333333334,300,1.5075376884422125,0.99,5.2291627115599135e-24,0.15382817610210475,7.841565249543387e-23,1.8409487293073544e-26,-2.2320911322963136e-10,2.6337156109608034e-10,False,False,False,0
53fa171d8f31ace7aa1b22340f7eca9c,2,OK,8.04,14.9825,300,1.5075376884422125,0.99,7.273011627604708e-19,0.4805800461336693,1.0896789671058754e-17,3.461900058825274e-26,2.9927023822059105e-11,1.829127081665228e-10,False,False,False,0
53fffcee6f3d74b3ffd0ab81f61ed775,1,OK,8.85,14.989166666666668,300,9.852655389717436,0.9364042539682272,0.4713890714437399,0.0036124823879524247,7.065729356715459,0.437437577496629,2.028023061963786,0.3116276959361905,True,True,True,3
547072d8a98c5702279a6f14b72e5aa5,1,OK,4.34,14.986833333333333,300,33.95394139971626,0.7966549443470943,0.3032146162443501,0.013537226863815794,4.544226917884701,0.291232123742946,1.9949801139922723,0.23049464933088903,True,True,True,3
5485c01df4590d913cc3a6ae95740c7f,1,OK,9.92,13.718333333333334,300,22.323191385011985,0.8614856641925766,0.48766921034901617,0.006631791240880928,6.690008783971254,0.4535601187504952,1.8870487096103392,0.09203973243342582,True,True,True,3
55545d5df1072e7aaaac65edef52bf06,1,OK,8.26,4.4816666666666665,269,1.3517587939698503,0.99,0.4670420108108409,0.5946484422632816,2.0931266117839185,0.4126697897652715,1.9451266733167227,0.1355429278994295,True,True,True,3
55629f00f101eb7696ae03f0f46213fb,2,OK,3.3,14.983,300,1.9218634048572878,0.9872691339197242,1.800533995399888e-23,0.23300670175747618,2.6977400853076524e-22,9.310429366844327e-30,-1.3231515142801224e-09,1.310301559845762e-09,False,False,False,0
55ca0aa44b96b170b7f5eb6ae96c36e9,2,OK,8.79,14.982000000000001,300,1.5075376884422125,0.99,1.8458584251764547e-27,0.7689471041094987,2.765465092599365e-26,1.9355967938312342e-24,4.411454905077032e-10,8.46805493899483e-10,False,False,False,0
55e0452418b5a9f2775cdf8707601e9e,2,OK,7.91,2.775166666666667,167,0.8391959798994982,0.99,0.1551488211758679,2.4944372546022366,0.4305638368998961,1.4356169262861694e-14,-0.05772151746898868,0.2664309843524952,False,False,False,0
551bfed004bdc4667f704a87074ac9dc,2,OK,8.030000000000001,14.982000000000001,300,1.5075376884422125,0.99,6.563984980505789e-28,0.5154005687410377,9.834162297793774e-27,1.762790735848412e-26,5.068538181755381e-13,1.8099513448686191e-12,False,False,False,0
552519424287b4a52215be1caad5c321,3,PARTIAL_A,7.48,14.982000000000001,300,1.5075376884422125,0.99,1.0700787738796294e-23,0.36587396871691275,1.6031920190264609e-22,6.399309921077222e-26,2.7426327875446077e-10,5.2265504569489114e-11,True,False,False,1
553127eb59fd47acd92dcc70822f16db,2,OK,6.84,14.990499999999999,300,1.5075376884422125,0.99,6.399618686165903e-27,0.4914813287880374,9.593348391496997e-26,9.539072386233211e-26,-1.4246618699568595e-10,1.4328234472208375e-10,False,False,False,0
5538aacc5078f5752a83966a44388717,2,OK,8.670000000000002,14.990499999999999,300,1.5075376884422125,0.99,7.669576891494846e-27,0.6192143681160238,1.149707923919535e-25,4.2140012050320724e-27,1.3247483110490066e-09,1.4985025196541587e-09,False,False,False,0
560fa219b1de15b66b0214f894b651a8,3,PARTIAL_BC,7.7,3.1926666666666663,192,0.9648241206030159,0.99,0.1839899329996629,1.9156063322018844,0.587418526090257,0.11137307265995915,0.0012760152743149789,0.42733038310920185,False,True,True,2
567381202d5ce3e27a0a8d50125234f4,3,PARTIAL_A,8.43,14.983,300,1.5075376884422125,0.99,8.968414006230064e-16,0.491323223250992,1.3437374705534505e-14,1.9402309689671294e-25,1.338956353199213e-10,8.219336428125129e-11,True,False,False,1
5691363d997860613e8d646be2a89269,2,OK,8.309999999999999,14.995833333333334,300,1.5075376884422125,0.99,2.8973702622305665e-20,0.6891916066506872,4.344848155736587e-19,4.105648803379223e-28,-2.848455175434121e-10,1.9221267870599507e-10,False,False,False,0
569f0a4051198f1cff6bcc5d64521f94,2,OK,9.51,14.990499999999999,300,1.5075376884422125,0.99,2.04376308387623e-24,0.8463961391517102,3.063703050884662e-23,5.517289165181476e-26,3.2383229431331984e-10,4.286525931287375e-10,False,False,False,0
56a26b1f8903912eb3239f30597f9b73,1,OK,9.14,10.531833333333333,300,58.39536315106733,0.6741288021270907,0.27149065315022963,0.15085182495385135,2.859294310536027,0.26132068971473915,2.1264233511652586,0.17807573131784715,True,True,True,3
5707674a076c41039202c2ad691d2956,2,OK,7.930000000000001,14.983,300,1.5075376884422125,0.99,3.268976214156604e-13,0.6855363324144466,4.89790706167084e-12,2.0772827698152028e-26,-0.3270049564385731,0.32700495648763067,False,False,False,0
570f53133c7bebfcb6fb5bf95534639a,2,OK,8.469999999999999,14.982000000000001,300,1.5075376884422125,0.99,1.5355705070857361e-24,0.7468792980623234,2.30059173371585e-23,4.395475368956491e-26,-2.4093476103104194e-09,2.3447841351651393e-09,False,False,False,0
571d96a6d17385f22d4c69a4438f8040,2,OK,8.89,14.980500000000001,300,1.5075376884422125,0.99,1.4666711491520317e-18,0.761343819867185,2.1971467149872013e-17,1.0323202517185295e-26,-1.6662355199296523e-09,1.1248956434934202e-09,False,False,False,0
5733da1f90548f5c1e537cbd276eb6b4,3,PARTIAL_A,8.77,14.9895,300,1.5075376884422125,0.99,4.3825691442498184e-27,0.6475038039198812,6.569252018773265e-26,9.492008629076142e-27,1.091671419928275e-09,8.848731283581895e-10,True,False,False,1
577481520465d2c6b17b5ac37641893f,2,OK,7.739999999999999,14.9815,300,1.5075376884422125,0.99,5.019434546754774e-18,0.564796791037862,7.519865866220665e-17,1.4023976618185327e-27,-3.3007729882683634e-10,2.429259055108777e-10,False,False,False,0
57839382042b7fa5457070b7dbc0fc15,3,PARTIAL_A,8.030000000000001,14.980500000000001,300,1.5075376884422125,0.99,7.183641655366614e-27,0.5646015674630507,1.0761454381821958e-25,9.408342190547411e-26,3.332113251985902e-09,1.673117531733014e-09,True,False,False,1
5788408cf798758d4dd44b80e2375cc9,3,PARTIAL_A,2.6400000000000006,14.993833333333333,300,1.5075376884422125,0.99,1.4094768079455932e-17,0.17294623400817188,2.11334603455349e-16,1.881595037067442e-29,3.338517726159118e-10,1.7638147600544553e-10,True,False,False,1
578a7506cfabb35e2c10094314edcb2e,2,OK,8.42,14.993666666666666,300,1.5075376884422125,0.99,1.1889253059862491e-18,0.7142151989316177,1.782634972952249e-17,2.649642402934987e-26,-2.100613682998187e-09,1.561404391605226e-09,False,False,False,0
578a989d98c98e200d7f3a1653cd04ac,3,PARTIAL_A,8.18,14.993666666666666,300,1.5075376884422125,0.99,2.9120180991003293e-19,0.3899430347746476,4.366182870521064e-18,1.4818484405486612e-27,2.8081699928369136e-10,2.1000917398700118e-10,True,False,False,1
578de1a3dfdb389b54b8cf2f10420216,1,OK,9.35,7.476333333333333,300,4.356419080278712,0.9713729114474196,0.7346136390909539,0.03030049168714671,5.492216437057001,0.6937712622273985,1.665901352442366,1.0891056905459793,True,True,True,3
57aec25a2f9d031c82deccedb650986f,1,OK,8.19,3.4933333333333336,210,1.0552763819095488,0.99,0.5726176675939479,0.8619981088719683,2.000344385461525,0.46882643759835324,1.254878602192752,0.1480258591803131,True,True,True,3
57b1df0d3ec1a6660da5e7c64c1f5cc4,3,PARTIAL_A,8.040000000000001,14.996,300,1.5075376884422125,0.99,1.4581091221849433e-17,0.34911934893987456,2.186580439628541e-16,7.045106414490005e-24,8.596297747705724e-10,8.256741030985893e-10,True,False,False,1
57bcfad7ad306e3a4d63f98e1ff8cf60,2,OK,9.96,14.980500000000001,300,1.5075376884422125,0.99,2.2440242377220093e-27,0.7671791230601313,3.361660509319456e-26,5.2969101225124085e-27,-3.398303860535634e-11,9.589165378209208e-11,False,False,False,0
581fb792559c00de45aa7e49dde6469d,1,OK,7.799999999999999,3.2605,196,1.520633922921873,0.9846027840968223,0.6168781846482935,0.800103316969935,2.011331321045761,0.5589526104924617,2.1713092223225936,0.13002750719995132,True,True,True,3
584cdc8ec534535d848a45f184613c31,2,OK,8.18,14.988333333333333,300,1.5075376884422125,0.99,1.7278100005834912e-18,0.5757213626282159,2.5896992225412228e-17,8.253277188554756e-27,6.893738913049674e-10,8.794008520484864e-10,False,False,False,0
586be9f97776a45f36154e31c901a1f9,3,PARTIAL_A,7.699999999999999,14.993833333333333,300,1.5075376884422125,0.99,1.0107665534133091e-28,0.5359736373582439,1.515526524078692e-27,1.761593613285505e-26,1.220534044203229e-10,1.1512017509977306e-10,True,False,False,1
588a5d0bd54dde12752f6eaada746d8c,2,OK,6.04,14.9815,300,1.5075376884422125,0.99,1.1600646427022076e-27,0.46792375671391184,1.7379508444643126e-26,1.1463495391550289e-26,-1.5628128421004325e-10,2.2362209875605322e-10,False,False,False,0
588aa7ce015cced00070120dcddb454c,3,PARTIAL_A,8.6,14.983,300,1.5075376884422125,0.99,8.875613035622217e-20,0.4409609422790868,1.3298331011272768e-18,1.4020026123957366e-25,1.1896431987660586e-10,6.487184336548461e-11,True,False,False,1
5894560a40cdb3564652e240dbc059e0,3,PARTIAL_A,8.3,14.988333333333333,300,1.5075376884422125,0.99,4.3136516671198656e-27,0.6047962734174004,6.465444907068159e-26,6.42688985417843e-26,6.588803576808762e-12,4.882854898537082e-12,True,False,False,1
58c868f3ce97d236769cbb0454468f3b,1,OK,9.4,8.5055,300,3.9059724471829944,0.9742948622185316,0.21498679661619347,0.4494747324031712,1.8285701986190335,0.16025320769324172,1.1538783638531385,0.1832236192197706,True,True,True,3
58ce5e683e3aeacff789ef1ab2da552f,2,OK,10.180000000000001,14.995833333333334,300,1.5075376884422125,0.99,1.298000213705384e-23,0.9133533645231942,1.9464594871356987e-22,4.124271125250728e-27,4.403366560268296e-12,5.517268495056123e-12,False,False,False,0
58fbcabcf7281c8bdf6ca88bf728a11f,3,PARTIAL_A,2.2399999999999993,14.990833333333333,300,1.5075376884422125,0.99,3.3734981541680874e-21,0.14749422028555575,5.0571548579441435e-20,1.712138581095801e-24,4.698408259673492e-10,3.981842082715354e-10,True,False,False,1
5918067d453d66db637e079733a48163,1,OK,8.959999999999999,14.986666666666668,300,1.5075376884422125,0.99,0.1615526897085073,0.17052360333515426,2.42113630976483,0.1105804282567815,1.1465960462067197,0.17259558400999456,True,True,True,3
5b192af6082df54eb185f5f53974fce1,2,OK,7.799999999999999,14.996,300,1.5075376884422125,0.99,1.439188179322863e-18,0.3998691628885583,2.1582065937125656e-17,6.267539574601356e-27,1.0203749697031601e-09,1.0434008241563316e-09,False,False,False,0
5b56770b540f71737626b131f1b2eb20,2,OK,2.4699999999999998,14.988333333333333,300,1.5075376884422125,0.99,1.4694259992971516e-26,0.13166946244228814,2.202424668613214e-25,3.5086496096149465e-27,-2.5192288070445084e-11,5.5795770610867355e-11,False,False,False,0
5b83631379ce13424d1c5f6173247a0e,3,PARTIAL_BC,7.699999999999999,11.051666666666668,300,1.5075376884422125,0.99,0.059731041978164055,0.5491954868983168,0.6601275655953431,0.032125307424779745,0.27179439316497506,0.3804546946194057,False,True,True,2
5beeaaa85437144568d3f486ce85c1ed,1,OK,8.3,4.298333333333334,258,1.2964824120603027,0.99,0.3814741398147091,0.856214174075933,1.6397030109702249,0.32997107121923064,1.1808728869666902,0.27877050280385596,True,True,True,3
598d1a812dd3321cdbf6b83760df96bd,2,OK,8.15,14.9825,300,1.5075376884422125,0.99,1.9300421884998587e-27,0.6948907098916473,2.891685708919913e-26,7.820602306349626e-27,4.598547468740814e-10,4.676864710548764e-10,False,False,False,0
59f9f8fc56bf4f44f2ff9b9e093660a2,3,PARTIAL_A,8.11,14.983,300,1.5075376884422125,0.99,1.4506985015499602e-18,0.4697414333307652,2.1735815648723055e-17,4.186133164607506e-24,9.285083812926587e-11,6.517211097635039e-11,True,False,False,1
5a06c3133e70c53a8cc55a418a7c90c6,2,OK,8.860000000000001,14.9895,300,1.5075376884422125,0.99,4.737109029032805e-20,0.853193774024318,7.100689579068722e-19,1.0342257668055059e-26,-3.5468043317147626e-09,3.875458148459489e-09,False,False,False,0
5ad902689428d6d627cebc79949a5277,2,OK,7.26,14.996,300,1.5075376884422125,0.99,1.0966187230447952e-29,0.37563936647131446,1.6444894370779749e-28,7.461009771874192e-26,-2.841482604765133e-11,3.3705547416622654e-11,False,False,False,0
5bfdf52cc0e2fe014b2f82a72ee82993,3,PARTIAL_A,7.7,14.996,300,1.5075376884422125,0.99,8.236804236404037e-18,0.36969013636377906,1.2351911632911493e-16,4.1330275135801083e-26,1.8410858023306295e-10,1.705630992015394e-10,True,False,False,1
5c5c6e69c94c9c2fb48104f59bc00737,2,OK,7.27,14.9825,300,1.5075376884422125,0.99,2.498449978066338e-16,0.5285372419729234,3.743302679637891e-15,1.6888535149114078e-26,5.13515156323289e-13,8.111140934311281e-13,False,False,False,0
5c6773061a8b549ee4d5b49223e2ae6b,2,OK,9.55,14.980500000000001,300,1.5560307659270598,0.989679989075497,2.3834680181305657e-17,0.8564973563751339,3.5705542645604945e-16,3.612204156341688e-26,-0.47478907954049904,0.474789078972242,False,False,False,0
5c9a4a2a0cd29e1bf7e6783ae6582300,2,OK,8.35,14.995833333333334,300,1.5075376884422125,0.99,9.50171866982229e-26,0.6987982856715773,1.4248618955287676e-24,5.6182967964725385e-27,-3.0791765433709393e-09,3.085631766576155e-09,False,False,False,0
5ce7a2267943ccfbdb5809e853fd916f,2,OK,9.270000000000001,14.980500000000001,300,1.5075376884422125,0.99,1.672161711194996e-27,0.728443914421665,2.504981851455664e-26,7.33953556841773e-26,-1.2614938723250665e-10,1.0797990393887994e-10,False,False,False,0
5d22f7ac3206fbdaa5162e9e8d3c6f38,2,OK,9.52,14.9815,300,1.5075376884422125,0.99,3.9005483838447126e-24,0.8475140993167469,5.843606561256957e-23,1.628051047957818e-25,-1.5414706548237216e-11,1.4683305434786172e-11,False,False,False,0
5d2a35b89e4d5ca34288cc2249fe13e5,2,OK,9.29,14.980500000000001,300,1.5075376884422125,0.99,1.4430807224566821e-18,0.7274376800842819,2.1618070762762326e-17,1.342639755451541e-25,-5.788036716580791e-11,6.549075749286157e-11,False,False,False,0
5dbf1d43c5b68e50a24f4ab2d19280bb,3,PARTIAL_A,7.65,14.993666666666666,300,1.5075376884422125,0.99,2.6885288417694897e-22,0.2960523861857188,4.031090527721114e-21,4.291727866709095e-25,5.4446328926853e-10,5.089927263871639e-10,True,False,False,1
5de51439d96208d572780a7917e59587,2,OK,8.54,14.983,300,1.5075376884422125,0.99,2.7797473147297685e-19,0.5259502720512071,4.164895401659613e-18,7.497694577306088e-26,3.7899278530299325e-09,4.055251242553374e-09,False,False,False,0
5de878f108b4653f68a4d458313aa3d0,3,PARTIAL_BC,3.4700000000000006,14.989166666666668,300,2.1997760456725954,0.9854415772608638,0.045646615483117096,0.18583385736125588,0.6842047272456894,0.025199865512971067,0.1480928192793957,0.17647680090949913,False,True,True,2
5e1486ac8185399ea98edbcb3df22dfb,3,PARTIAL_A,9.18,14.9815,300,1.5075376884422125,0.99,3.220428010103891e-24,0.8174052037250706,4.8246842233371444e-23,8.180614544443826e-26,4.829521967527247e-11,3.1200403136764355e-11,True,False,False,1
5e2f6181d1616ce3352c87ab6bbf98cb,3,PARTIAL_A,7.640000000000001,14.982000000000001,300,1.5075376884422125,0.99,2.159365151112751e-18,0.4138235280622382,3.235160869397124e-17,1.3953042761974057e-25,1.912766241692528e-10,1.493684012160244e-10,True,False,False,1
5e365946913b856d12debc780dbaf9cb,3,PARTIAL_BC,8.25,3.978333333333333,239,1.2010050251256292,0.99,0.18883203299500917,1.7492398334586963,0.7512367712651448,0.017460109799669218,-0.18978733879370305,0.625183846611054,False,True,True,2
5e3ecb9d680020b83e10a938a11ccd22,3,PARTIAL_A,9.58,14.983,300,1.5075376884422125,0.99,1.581103331248489e-18,0.8197512827878599,2.3689671212096112e-17,2.739655609250543e-27,8.635292481073975e-11,5.8564957587691e-11,True,False,False,1
5e419589098476e0dc71b30349cdf781,2,OK,9.290000000000001,14.995833333333334,300,1.5075376884422125,0.99,3.004450713244088e-27,0.6897303986619369,4.50542421540228e-26,1.1655471643637355e-24,3.044656378866269e-10,5.758122594443917e-10,False,False,False,0
5e83a878c899442ff5cf437e9d325f64,3,PARTIAL_A,7.8500000000000005,14.996,300,1.5075376884422125,0.99,5.8474652489459134e-18,0.3885510935525869,8.768858887319292e-17,5.824988736975767e-25,1.7784433185378626e-10,7.852741921167092e-11,True,False,False,1
5e90d87b8bbd61f99b8e9a8936416905,1,OK,6.32,14.986666666666668,300,14.130573227267389,0.910033760279397,0.09092579575915376,0.1985508682965155,1.362674592443851,0.08570249464632972,1.95495651013247,0.11624628221808743,True,True,True,3
5ef35bcec9632d4d1bdda37746a5060d,2,OK,8.71,8.225833333333334,300,1.5075376884422125,0.99,5.2340440180781144e-27,1.3576169309860893,4.3054373752040893e-26,2.416022847264533e-25,-4.07587371261305e-10,4.086877968763876e-10,False,False,False,0
5f2d9981a220f1cfa2cd523371c26f1c,2,OK,8.8,14.9895,300,1.5075376884422125,0.99,1.2014134649767074e-23,0.8110243269632861,1.8008587133268355e-22,5.516270974168127e-26,7.484501907129015e-11,1.5099866659331128e-10,False,False,False,0
5f4ea69579fae10c38983b73389c21ad,3,PARTIAL_A,1.54,14.9975,300,7.824667045217318,0.9491615332823998,1.588187741667561e-20,0.10092392984060138,2.381884565565925e-19,2.2955822759647507e-25,1.186862904252924e-09,7.638268781569155e-10,True,False,False,1
5f592d1e03c906ebac066165046fe673,1,OK,9.72,8.895166666666666,300,20.963164447087973,0.8693733937774418,0.3110059831666053,0.2230335074781852,2.766450054597482,0.2858794386737519,1.71713259090361,0.1683400773473382,True,True,True,3
5f73c7fc5fa2f1bc3e95f58de53c4ce6,2,OK,9.25,14.996,300,1.5075376884422125,0.99,1.2763757120524327e-25,0.7765848418785428,1.9140530177938282e-24,2.8217432146846786e-27,-1.2696765120760272e-09,1.3111643904911668e-09,False,False,False,0
5f8321c193278eec953bfc4b742f9246,3,PARTIAL_A,9.190000000000001,14.993833333333333,300,1.5075376884422125,0.99,1.1390952712168676e-16,0.7211350878519489,1.7079404647413844e-15,4.400145180922301e-26,4.057768935676146e-11,3.41241254300523e-11,True,False,False,1
5f9958fb68ffd5465df64200c6e28fe2,3,PARTIAL_A,7.470000000000001,14.993833333333333,300,1.5075376884422125,0.99,3.16034610742007e-21,0.5092232602264627,4.738570281030529e-20,1.3170171479620795e-27,8.256543596966518e-13,5.278263458863854e-13,True,False,False,1
60bd710107f8c23c94196c7d80023f40,2,OK,1.7000000000000002,14.995833333333334,300,14.775039424426579,0.9061231827565294,7.065784850977375e-19,0.11790964285002284,1.0595733199444822e-17,3.5786280534898613e-26,4.149384539668214e-11,5.89035739506082e-11,False,False,False,0
619d4b6852e5446f1fac9a1042702149,2,OK,9.1,14.982000000000001,300,2.8522026272360774,0.9811643923835238,0.00827218960093494,0.7517811836445539,0.12393394460120728,1.0163081471980918e-26,-0.617907002294751,0.6179070010191157,False,False,False,0
61e142605b91948ce6ba3824c60c933d,1,OK,9.35,8.677333333333333,300,2.154187280834915,0.9857411389845627,0.2763323993407355,0.2833788976119224,2.397828339879342,0.2511381973761709,2.276170822453196,0.15393140157770796,True,True,True,3
61ecf35137aa763c527c659b8eeea253,3,PARTIAL_A,7.11,14.983,300,1.5075376884422125,0.99,1.0337425052014093e-18,0.4114395375756542,1.5488563955432716e-17,5.117766923576559e-25,4.803520544290526e-11,3.569393602806295e-11,True,False,False,1
5fd00cff2807efb6ca18d66fb5bad77f,1,OK,7.619999999999999,5.870500000000001,300,1.5075376884422125,0.99,0.395700902925486,0.38470760531466014,2.3229621506240656,0.3159056768508271,1.4069617734345223,0.15562903223172708,True,True,True,3
601c7d0f32276dc7500ab9950b2c0341,2,OK,8.549999999999999,14.996,300,1.5075376884422125,0.99,0.011443334704195006,0.6851174802300898,0.1716042472241083,2.734248699583585e-26,-0.8657767339977633,0.8657767318309931,False,False,False,0
6043d40f871e9a3a97f5db1597f54145,3,PARTIAL_A,7.330000000000001,14.993833333333333,300,1.5075376884422125,0.99,3.071718984220844e-18,0.40576005874144483,4.6056842496243295e-17,3.8046588036717247e-28,2.4823291570423106e-10,1.241610763350251e-10,True,False,False,1
604f9707c2b5113b4c0a2dc15cf74669,3,PARTIAL_BC,9.05,14.986833333333333,300,1.5075376884422125,0.99,0.13335845219217907,0.26860814490462304,1.998620896595489,0.03787101974463494,-0.3426160561555145,0.9255297170893297,False,True,True,2
5fa300f8974c17d64c07ad6308680a3b,3,PARTIAL_A,8.4,14.9825,300,1.5075376884422125,0.99,4.107207407989721e-20,0.5463334578952858,6.153623499020599e-19,6.264638324806567e-26,2.842898361166135e-09,2.7358960604822693e-09,True,False,False,1
5faa5c71bdd79f5cd67a2f8a75010621,3,PARTIAL_A,7.239999999999999,14.996,300,1.5075376884422125,0.99,9.480265301681966e-19,0.42505618208645446,1.4216605846402276e-17,1.1782431150761147e-26,7.757276302792585e-12,3.080961660796041e-12,True,False,False,1
5fc163a0abbf379506df937f2cd9bf03,3,PARTIAL_A,7.52,14.9815,300,1.5075376884422125,0.99,1.3131250133328762e-28,0.4428970181219942,1.9672582387246487e-27,1.0458960702667567e-24,4.779140046669757e-12,2.284289084178768e-12,True,False,False,1
5fc598c2513f0444aa7f3da0d97b6f9b,3,PARTIAL_A,7.180000000000001,14.982000000000001,300,1.5075376884422125,0.99,1.475164238988113e-26,0.3503421032081747,2.210091062851991e-25,1.2865007571783849e-25,7.135936286317701e-11,6.9267593258338e-11,True,False,False,1
6237bb8939a60ae5907f9b68c0c69958,1,OK,8.29,4.380166666666667,263,1.3216080402010064,0.99,0.347190691807918,1.0128587807563445,1.5207530952339823,0.20840060399435992,0.6331087729629813,0.28888721101641407,True,True,True,3
623f4eee3925e1f36e75a59d18643d31,2,OK,7.16,14.9825,300,1.5075376884422125,0.99,8.69366924767428e-21,0.48029985155745486,1.3025289950327988e-19,7.512555076454948e-27,1.2962724227350009e-09,1.3974597022733731e-09,False,False,False,0
624be3c6f1fb70f5703b33bfc8654bc5,2,OK,3.5500000000000007,14.988,300,1.5075376884422125,0.99,4.307965094143695e-26,0.24317181599060012,6.456778083102569e-25,6.687245384078055e-26,7.35181360234094e-12,7.065869878679876e-11,False,False,False,0
627af81bdd0edbfdb816a6f58e4fc197,3,PARTIAL_BC,9.5,14.983,300,1.770823843844766,0.9882637836137459,0.08082688728428966,0.4240716238172846,1.211029252180512,0.019460908093854156,-0.051246420878299594,0.6315262623343753,False,True,True,2
62a4bfdb522e023b6ecb774ffa1e2693,3,PARTIAL_A,1.9799999999999995,14.990499999999999,300,7.626655459812483,0.9504161598193573,1.9416264232090954e-19,0.13517908578843787,2.9105950897115943e-18,9.195098296724206e-27,4.8502194112861235e-09,3.8211807857824706e-09,True,False,False,1
62a73b9a1c644d7d8421090df4d190cb,3,PARTIAL_A,9.33,14.986666666666668,300,1.5075376884422125,0.99,4.5688132668081114e-20,0.6988999145790593,6.847128149189757e-19,1.2140541597960181e-26,3.182646738745613e-11,1.6532605493141615e-11,True,False,False,1
6375119f19c6d3ad380cb2033c147506,2,OK,1.3600000000000003,14.983,300,20.781321696921818,0.8704330938784755,1.1180778045187071e-23,0.0964261300708524,1.6752159745103789e-22,4.696098829541999e-26,-2.066917896096735e-09,2.070541092617055e-09,False,False,False,0
6390dce7012cc858dd61bb3a0b52645d,2,OK,8.56,14.995833333333334,300,1.5075376884422125,0.99,1.2904268224268475e-20,0.5894523273018892,1.9351025557975934e-19,5.9988221319333786e-27,1.5633718764007654e-09,1.7196366554109975e-09,False,False,False,0
6392e4d11afda9a512c8e6d856b5252b,3,PARTIAL_A,8.39,14.9815,300,1.5075376884422125,0.99,2.127319140206681e-18,0.45559973135861637,3.187043169900639e-17,1.424169825269252e-26,1.505832495733254e-12,1.446121902199284e-12,True,False,False,1
63c02b002874199c6f3108df0b63bf55,1,OK,8.35,4.7971666666666675,288,1.5469073657185781,0.9893149791873638,0.6191431534093895,0.3070302467417332,2.9701328974304104,0.5606119887739459,1.785318659482811,0.05067675817465731,True,True,True,3
640d92b664af7cf1b7b73f2303e8752c,2,OK,8.77,14.990499999999999,300,1.5075376884422125,0.99,2.4710261490256378e-17,0.7120235343974922,3.7041917486968823e-16,2.0897635663772733e-27,-5.340141662202313e-10,5.114950535094356e-10,False,False,False,0
6479d9c1cb7914e3f14b16a968140bc7,3,PARTIAL_A,3.5999999999999996,14.983,300,1.5075376884422125,0.99,5.017708545915421e-24,0.2590774797210727,7.518032714345076e-23,3.314233673301176e-28,1.970806480973882e-09,1.928560193284806e-09,True,False,False,1
647d49d59f2ba64fb8f69c2dd65f58f9,2,OK,9.89,14.990499999999999,300,1.5075376884422125,0.99,2.7335864467512698e-24,0.8857264165423254,4.097782763002491e-23,8.675881365589333e-27,1.266224976722204e-09,1.683454380795971e-09,False,False,False,0
6480c575a6eca1fd4c1efe2fdf809651,1,OK,9.919999999999998,14.987,300,1.5075376884422125,0.99,0.1900648684357294,0.15703190760771843,2.8485021832462762,0.11310011671025391,0.7957312102727823,0.16676596340601627,True,True,True,3
64e094151031d7b6b6b830e6f53d2091,2,OK,8.7,14.983,300,1.5075376884422125,0.99,1.7774364624871623e-14,0.7563963193099366,2.6631330517445154e-13,1.948048882668129e-27,-0.17845425786967675,0.1784542578688641,False,False,False,0
65096f1eca8088fec71250d1d5de718d,2,OK,8.76,14.9825,300,1.5075376884422125,0.99,5.562750160318953e-17,0.6974042677340588,8.334390427697871e-16,8.302509284333299e-27,-1.7296534574976855e-10,1.1645137999615518e-10,False,False,False,0
6522fa430403f80efbecaa6fe2f7f13f,3,PARTIAL_A,7.8999999999999995,14.983,300,1.5075376884422125,0.99,2.3872660760742398e-18,0.4417957643164382,3.5768407617820336e-17,5.228721935529123e-25,5.526586595768398e-11,5.434410994169432e-11,True,False,False,1
6532f52e80bf248d4dd6d4e4080b6ea7,3,PARTIAL_A,5.35,14.9825,300,1.5075376884422125,0.99,1.2026067403553706e-25,0.3722566414560373,1.801805548737434e-24,9.095978776553253e-25,4.2684259830375976e-10,4.2089056490161117e-10,True,False,False,1
656aaa692ac9b8c20551d6003e5bdc7b,2,OK,7.910000000000001,14.983,300,1.5075376884422125,0.99,1.8913795623717857e-24,0.42860281476670997,2.8338539983016465e-23,2.8797008954808244e-25,8.944852266286792e-11,9.016010484588227e-11,False,False,False,0
65758c81c0001e25c8a6f88293932ab0,2,OK,9.58,14.9815,300,1.5075376884422125,0.99,1.2568074749565532e-23,0.8588050296103986,1.8828861186061601e-22,3.113529838615941e-26,6.138474913560306e-11,3.933476480392364e-10,False,False,False,0
667f05660dad780115881745fa1c32e1,1,OK,9.11,10.0625,300,3.299460006179123,0.9782428890172643,0.16951809038394,0.427565020701845,1.7057757844883963,0.09114208870346807,0.6526869076787405,0.2862347288085108,True,True,True,3
66b039a06cbc444a32c6b43130067d09,3,PARTIAL_A,8.12,14.9815,300,1.5075376884422125,0.99,2.007979418320569e-18,0.45750754492523266,3.00825436555696e-17,8.395486695952602e-27,5.770561806173191e-11,5.440904815535593e-11,True,False,False,1
66e814571b6da8e18a3b7aac2aefce82,2,OK,7.540000000000001,14.9815,300,1.5075376884422125,0.99,1.819597434864713e-18,0.43050373242921774,2.72602989704257e-17,1.583991676916721e-24,-1.7767602204325309e-10,2.5239683098251373e-10,False,False,False,0
67076d4c5eb406e4dacc1d1551dc1189,3,PARTIAL_A,1.6500000000000004,14.990499999999999,300,1.5075376884422125,0.99,2.0757774523746655e-13,0.10449170972216601,3.1116941899822422e-12,1.8654292433374422e-24,5.1153026259243006e-11,4.78926537284471e-11,True,False,False,1
67280d3052c996a945ed2d9dc940eea7,2,OK,9.29,14.993833333333333,300,1.5075376884422125,0.99,2.6948691535230225e-24,0.8250286243467722,4.040641894306528e-23,8.731710307640898e-26,-2.2961706610165795e-11,4.795054574806631e-11,False,False,False,0
6732ad985dedc9c304326737f67e88b2,1,OK,6.54,14.986833333333333,300,1.5075376884422125,0.99,0.11026609989431559,0.2129907467028192,1.6525396614327919,0.05465854440400471,0.4476862407502637,0.3563175082254127,True,True,True,3
6775c971706f444bc09462e9fe16d023,2,OK,7.8500000000000005,14.983,300,1.5075376884422125,0.99,7.764928284045947e-22,0.6783702072935053,1.1634192047986043e-20,4.6232389208528144e-26,-0.3127683006690421,0.31276830059548677,False,False,False,0
6823df4b079a89210b32efb3b4bcc7de,3,PARTIAL_A,6.9,14.983,300,1.5075376884422125,0.99,1.4416191906436838e-17,0.3884771804478041,2.1599780333414316e-16,1.2768670552998457e-25,2.171221720933166e-10,2.058536448123905e-10,True,False,False,1
659f240dab7c6c3f14bace4012990b7a,3,PARTIAL_A,6.33,14.996,300,1.5075376884422125,0.99,1.2138850600654121e-23,0.28865421842815053,1.820342036074092e-22,6.2882095861547735e-25,9.594665802599896e-11,7.7857334297778e-11,True,False,False,1
66088d0c56e82f144848ee7380f6d9ae,1,OK,2.2699999999999996,14.986833333333333,300,33.59465259459463,0.7985899813842581,0.17298376272640875,0.0287760849218571,2.5924788213535668,0.16286486414288298,1.5665405170616065,0.16852491014598034,True,True,True,3
661b52aeac6695d0231b3d08bce244e9,3,PARTIAL_A,8.450000000000001,14.980500000000001,300,1.5075376884422125,0.99,5.345278147574774e-18,0.42042963670789657,8.00749392897439e-17,1.2478757197485323e-26,6.001384574479592e-11,4.4138916630999877e-11,True,False,False,1
6641b17cb68c36f9535a6100a7e89946,3,PARTIAL_A,8.57,14.995833333333334,300,1.5075376884422125,0.99,4.3457302552032686e-16,0.45212329900718673,6.516784661865235e-15,5.793567766171329e-24,2.598103954198905e-10,1.3256373871783318e-10,True,False,False,1
685a7ffc4b8c0236485fa71a76e142c1,2,OK,6.96,14.983,300,1.5075376884422125,0.99,4.0185470556972477e-19,0.4234826286313743,6.020989053551187e-18,8.724594901683461e-26,4.09142305220674e-09,4.164502051120014e-09,False,False,False,0
68826f4c13e2ebdeba1dc05e2ebb1433,2,OK,8.850000000000001,14.993666666666666,300,1.5075376884422125,0.99,4.954523844580264e-27,0.7807172042551019,7.428647901768827e-26,4.7234686563628065e-27,2.063105242200436e-11,2.341035159375861e-11,False,False,False,0
6896f9173bf04b34c495b2a2ac0f546c,2,OK,7.05,14.989166666666668,300,1.5075376884422125,0.99,5.1204507762875374e-24,0.6330848781085987,7.675129009423662e-23,2.770758990089725e-26,-2.806292457672536e-09,2.8366193880319144e-09,False,False,False,0
6897bb2bc2fc56e54adeb9d65c47e0f3,2,OK,8.62,14.997166666666667,300,1.5075376884422125,0.99,2.0628045777355427e-18,0.46728467534625495,3.093622405306289e-17,7.15823786902817e-26,2.7464549153440504e-10,3.623317526739385e-10,False,False,False,0
68a1f67c924c536314307e68688e3791,1,OK,2.6400000000000006,14.987166666666667,300,67.21868329890995,0.6339037943546295,0.2523491119731033,0.014613883035836708,3.7819981993262277,0.2440688220204491,2.01854978082186,0.10667724960809973,True,True,True,3
68dc078ac6c34cac824e8a1988bbb5c9,1,OK,9.37,6.456333333333333,300,1.5075376884422125,0.99,0.5440177594985363,0.2009434035361884,3.512359994575716,0.42093733029081626,1.2920499803164336,0.13182961069329285,True,True,True,3
69104927157d11e203cb0da977b42101,2,OK,8.21,14.988333333333333,300,1.5075376884422125,0.99,2.6853104467959335e-18,0.45780590283307654,4.0248328080059716e-17,9.610564649818803e-25,-4.419301961415082e-11,6.181267002421587e-11,False,False,False,0
691d9df3067d0721d0bd42106eaa9fe5,3,PARTIAL_A,8.36,14.988333333333333,300,1.5075376884422125,0.99,7.776091647828879e-18,0.6204986017405216,1.1655065364820852e-16,3.7076456382411744e-26,4.505188814600084e-11,2.1269622051403468e-11,True,False,False,1
69495279d85251194ea29047382c5f24,2,OK,9.020000000000001,14.9815,300,1.5075376884422125,0.99,2.99607685354109e-28,0.6643274007498627,4.488572538132584e-27,3.897608641014748e-27,-1.272631629708106e-10,1.2862276293361717e-10,False,False,False,0
69b6e06f07ae6062bd0a864d2278b6da,2,OK,9.469999999999999,14.9825,300,2.944946063434224,0.9805578795639154,0.01399443184637717,0.7432704137214272,0.20967157513834594,1.5654829108314322e-26,-0.7116730735332727,0.7116730795442013,False,False,False,0
6a1114d119d65a882ba24719b55b6b2b,3,PARTIAL_A,8.02,14.983,300,1.5075376884422125,0.99,2.033716957287636e-19,0.5011787266436015,3.047118117104065e-18,4.609528275570143e-28,3.440273177446329e-09,3.4227267965760733e-09,True,False,False,1
6a3752ab8a4237dd66f2bbe5cf438e10,3,PARTIAL_C,9.65,14.987333333333334,300,1.5075376884422125,0.99,0.07098554476014719,0.5050961474176635,1.0638840211685794,1.7693448531083884e-17,-1.371531847125402,1.6673815194830033,False,False,True,1
6a430c3b6971e2632c6fcd3a745126ba,2,OK,9.37,14.990499999999999,300,1.5075376884422125,0.99,1.698162135222773e-24,0.8277659690498241,2.545629948805698e-23,1.9453271240447234e-25,-5.328034310044434e-12,1.7359034340608584e-11,False,False,False,0
6a448fc9ddfc96986565ec3de1db7f14,3,PARTIAL_A,7.970000000000001,14.996,300,1.5075376884422125,0.99,9.069081967799462e-22,0.3275473016808196,1.3599995318912073e-20,6.753249006239351e-26,3.625499900294926e-11,2.5357589233436477e-11,True,False,False,1
6a540f87aba5712db1e70668553dbfec,1,OK,8.56,4.880833333333333,293,2.734953926483663,0.9815040197976493,0.5851683749278804,0.33421894113843575,2.8561093099604964,0.535105066506707,2.286754327370881,0.22794634255291035,True,True,True,3
6a5b9c8eff288b041f35dbfe9359a84f,2,OK,3.49,14.983,300,1.5075376884422125,0.99,6.75278917270959e-20,0.24782300592674975,1.0117704017470779e-18,6.784068205145524e-29,-1.9867065770284853e-09,1.981821481015142e-09,False,False,False,0
6bcebb4e610cd982429bfac839880e54,2,OK,8.16,14.990499999999999,300,1.5075376884422125,0.99,6.064537054907633e-18,0.4036551008196522,9.091044272159287e-17,1.1496381749751152e-26,-3.581668295282725e-11,4.9544340423387326e-11,False,False,False,0
6be9223017c426ca87938089925fbec8,1,OK,7.779999999999999,2.9919999999999995,180,3.175974643303809,0.9653232401302808,0.7993258805868317,0.6704151214131001,2.3915830347158002,0.7568251419538843,2.649956121928028,0.193070795251882,True,True,True,3
6c2f6668bb3bd787464f8a5b649e4449,3,PARTIAL_A,1.83,14.996,300,6.656956903105689,0.9565836890163292,1.1177770943783235e-14,0.11951821715225995,1.676218530729734e-13,6.61579677277799e-26,3.186341412941829e-09,1.3843448032948216e-09,True,False,False,1
6c5d7efc54942bc15ac625e7fb6bfc32,1,OK,9.08,5.929666666666667,300,1.5075376884422125,0.99,0.4375009667806415,0.38925681755800356,2.5942348993536104,0.33912808517010434,1.4259110638429535,0.15544819579740204,True,True,True,3
6b07783a4e1931494230f8a80155691e,2,OK,9.87,14.995833333333334,300,1.8015950393273652,0.9880610635003927,6.648535486420792e-24,0.8712440881443448,9.970033006511846e-23,5.992862281911324e-25,-0.04345220359958383,0.04345220360025508,False,False,False,0
6b58bf64d447428b518bf93ccae4cb9f,3,PARTIAL_A,8.200000000000001,14.995833333333334,300,1.5075376884422125,0.99,5.829659798519797e-18,0.4087003996558187,8.742060672863646e-17,1.3468063414951415e-24,1.4918111190809213e-09,1.4650583276638524e-09,True,False,False,1
6b7b391613f64a0f37ba8ed619fd8e22,1,OK,7.890000000000001,5.634333333333333,300,1.5075376884422125,0.99,0.21392878884496908,0.8564702804405814,1.2053461059488373,0.1448790871026343,0.5823086845177047,0.4307572768708206,True,True,True,3
6b99e0afa6684e8737c518ea0fbc1235,2,OK,8.89,14.996,300,1.849683433348549,0.9877443407439784,0.018770451129193014,0.681891402908901,0.28148168513337846,3.923729061544635e-24,-0.94440654558175,0.9593095831097591,False,False,False,0
6d03510ef9be7f14ab8c6c5333fe206a,3,PARTIAL_A,8.25,14.983,300,1.5075376884422125,0.99,2.1567275688968264e-14,0.49048198381186414,3.231424916478115e-13,1.1587283554695945e-25,1.8221572399094535e-10,1.657834447845716e-10,True,False,False,1
6d6ae883df7537a96f9ea7dcbebd97f2,1,OK,5.45,14.986666666666668,300,36.48280058044689,0.7831520629434102,0.10138598694285945,0.15499691794848033,1.519437990983654,0.09903000630757688,2.557396151706332,0.013440425024488606,True,True,True,3
6d8a310371973b1f30e1e4d3d2e00b79,3,PARTIAL_BC,7.33,3.0925,186,0.9346733668341717,0.99,0.1817143372653839,2.0788204467182574,0.5619515879931997,0.056695701605720135,0.19653839853025837,0.3182332921512169,False,True,True,2
6d98549c2a18f66fa2acc0ed2e82e813,2,OK,7.790000000000001,14.9815,300,1.5075376884422125,0.99,5.598060057901095e-17,0.6285699471433579,8.386733675744527e-16,1.6920830567496866e-26,7.737514332954257e-13,9.264983522433653e-13,False,False,False,0
6c97a97045be952bceb1c3abf4a03dc4,3,PARTIAL_A,7.839999999999997,14.982000000000001,300,1.5075376884422125,0.99,2.253281670742502e-18,0.4379736889175397,3.3758665991064166e-17,1.1587347489407123e-22,1.2296815417774573e-10,7.836451689051097e-11,True,False,False,1
6c9b339942f634779a325611f023c7ff,2,OK,7.98,14.980500000000001,300,1.5075376884422125,0.99,3.92680783774629e-26,0.6560999958187234,5.88255448133583e-25,4.547707622145314e-27,-1.1671064855297193e-09,1.0797548711732946e-09,False,False,False,0
6cbb82ad9667a65b4b0d2a30b7a01e21,3,PARTIAL_A,7.65,14.993666666666666,300,1.5075376884422125,0.99,1.2992319732452121e-17,0.34989194597853085,1.9480251129514293e-16,1.1608957865519498e-23,1.8798214836598012e-10,1.2174270057026903e-10,True,False,False,1
6ccf142d5d295ff910c574d192f080b9,2,OK,9.079999999999998,14.9825,300,1.5075376884422125,0.99,0.0003455268211568458,0.7851538249157456,0.0051768555979824415,1.3227689823157372e-27,-0.5322084865981448,0.5322084862297657,False,False,False,0
6e84ca93037c60f78e96c3aebae34f4f,2,OK,9.33,14.9815,300,1.5075376884422125,0.99,9.190425640318298e-16,0.8479886314184484,1.376863617304286e-14,4.7659111707613126e-26,-1.632300961063038e-10,1.6260894884487662e-10,False,False,False,0
6eb5772f95976a1865b81e747feb14a9,2,OK,8.74,14.990499999999999,300,1.5075376884422125,0.99,2.1692129357292316e-20,0.6640439696237961,3.2517586513049043e-19,3.3071421892556305e-25,-3.1584068693746303e-11,1.5746845281335844e-11,False,False,False,0
6ed4247820c0099b7a2e68a7e0d5b6ad,3,PARTIAL_A,5.68,14.9825,300,1.5075376884422125,0.99,4.723724659556748e-22,0.3663015293777939,7.077320471180897e-21,6.518657499297857e-27,1.2620719284465547e-09,1.0607809864976656e-09,True,False,False,1
6ef81ccc9b63f84dac6b971929422599,2,OK,9.81,14.988333333333333,300,1.5075376884422125,0.99,3.902238352988903e-19,0.8438845321593614,5.848804918071534e-18,2.589500940782895e-26,-2.369694366658829e-09,1.7044473302118829e-09,False,False,False,0
6db3bd6fb8eaa2cfbbd108a13ac9c6ac,2,OK,7.5600000000000005,14.982000000000001,300,1.5075376884422125,0.99,4.944711447136962e-13,0.3692224919903299,7.408166690100597e-12,3.9818274119893205e-26,5.750738626038772e-09,5.774827207182975e-09,False,False,False,0
6de40c5619193d1169eea450af0425c9,1,OK,1.1399999999999988,14.9895,300,249.07939130466474,0.09273815317370238,0.10405611727989379,0.030271722535859323,1.5597491699669679,0.10093467075367023,1.3330753470970136,0.07285772082770225,True,True,True,3
6e61d1f8a85b26fc9ec30531d1cbffec,1,OK,9.170000000000002,14.982000000000001,300,3.311129911051122,0.9781667760624403,0.10385291834526311,0.321099219287921,1.555924422648732,0.0470961984459303,0.5109032119354165,0.3385986997766487,True,True,True,3
6e817acb16c114a44da31d3422c07d01,3,PARTIAL_A,7.959999999999999,14.9815,300,1.5075376884422125,0.99,1.0292897164353378e-17,0.3677341398300533,1.5420303886776014e-16,3.4998851905258625e-25,8.259948280908702e-11,7.173451625447244e-11,True,False,False,1
708f18c5e948d382f92487aa41647e8d,2,OK,8.82,14.986666666666668,300,1.5075376884422125,0.99,6.868394207363662e-15,0.84123558709379,1.0293433452102343e-13,6.262221221751118e-27,-0.011508647609797862,0.01150864760407533,False,False,False,0
70d14985b44135ff27577fbed79976a9,1,OK,9.77,14.986666666666668,300,20.013274365619157,0.8749222237402956,0.4608612404736332,0.004849237042037832,6.90677379056485,0.4383718269415405,2.137281004371324,0.07569397493890812,True,True,True,3
70d479267bbc2fc9726f347c851120fc,3,PARTIAL_A,9.469999999999999,14.9815,300,1.5075376884422125,0.99,3.668372470302755e-18,0.8508128695797034,5.4957722163840725e-17,6.772133596753244e-27,3.3467303002983804e-11,3.064192771074395e-11,True,False,False,1
70d5fed49f77bbf46cca1a9a8e544441,2,OK,9.479999999999999,14.993833333333333,300,1.5075376884422125,0.99,2.3853763406537945e-24,0.8364569681269279,3.576593528903955e-23,1.521659530504868e-26,7.605027718682322e-13,2.0346610307815885e-12,False,False,False,0
6ef8d99b05fe66d7823407f2f78f47d3,3,PARTIAL_A,7.990000000000001,14.983,300,1.5075376884422125,0.99,2.0008347525282997e-26,0.6869545018535463,2.9978507097131515e-25,7.144379024000523e-26,1.2819308577623664e-10,1.2632287411707335e-10,True,False,False,1
6f30e47f8fb6a7ada6f1510bf2b87897,2,OK,7.6,14.983,300,1.5075376884422125,0.99,2.550152840215419e-16,0.5548882536195313,3.820894000494762e-15,1.10258460099207e-25,1.4721172429214371e-10,4.603056428834543e-10,False,False,False,0
6f5151e7afb16faf6b2df8c169938ee4,3,PARTIAL_A,7.460000000000001,14.9815,300,1.5075376884422125,0.99,5.668283824191249e-19,0.4475337306521115,8.49193941121212e-18,2.6897185081095115e-25,3.106233788704079e-11,2.297517771939991e-11,True,False,False,1
70568f2361f3dfb25ed021dd9f72341c,3,PARTIAL_A,8.25,14.980500000000001,300,1.5075376884422125,0.99,5.246223479247876e-19,0.49550980473590556,7.859105083087281e-18,3.0454602636995854e-25,1.0524692228841559e-11,8.697117344968074e-12,True,False,False,1
70defc15154662d7b684403af0c60e9e,3,PARTIAL_A,8.41,14.983,300,1.5075376884422125,0.99,2.2912660306531356e-18,0.46995455941061526,3.433003893727593e-17,1.6313061157273947e-25,8.863191662082197e-11,8.524398327605842e-11,True,False,False,1
710e83cbf9bcc26d99e55bf3f28cdc41,1,OK,7.91,8.396333333333335,300,2.913364758606193,0.9807643696346784,0.6369421237781231,0.025442793470134038,5.3479783852823815,0.5768174267091424,1.8997892973747252,0.10471786345677259,True,True,True,3
711dd120feeacb84bf6548bea8daa167,2,OK,1.6799999999999988,14.997499999999999,300,2.4317351854545803,0.983918782967909,2.6497338610144253e-18,0.10409334672880165,3.973938358056384e-17,2.115757488315094e-25,-1.653796803206357e-09,1.6607920083106164e-09,False,False,False,0
71243c001b9f6874703ff16d3f160366,3,PARTIAL_C,9.45,8.359333333333334,300,1.5075376884422125,0.99,0.06912578717053948,1.1141157365812837,0.5778454968875963,2.9571587583558836e-23,-1.1573657992416708,1.302656618728037,False,False,True,1
712d2b8fd3625e1dd6916c8711eea6aa,2,OK,6.130000000000001,14.980500000000001,300,1.5075376884422125,0.99,3.611118645726067e-33,0.43846331173152053,5.409636287229936e-32,1.093592326229649e-27,8.852737191459662e-09,9.014337831547374e-09,False,False,False,0
712e182954001a44c3cb371600fef4bd,2,OK,8.83,14.989333333333331,300,1.5075376884422125,0.99,3.3714337367335603e-25,0.8351676519648531,5.053554409114491e-24,1.4040192806035234e-26,-0.12991906876628553,0.12991906872802145,False,False,False,0
71310c4af438f990d4c6be0472923fdd,2,OK,8.76,14.993666666666666,300,1.5075376884422125,0.99,4.378362913251277e-27,0.6411310295556423,6.564771406698522e-26,2.5672729166262475e-25,8.365480900588788e-10,9.437102710108697e-10,False,False,False,0
7159eda81e52ed29cc903f3cfe91cc78,3,PARTIAL_A,8.0,14.996,300,1.5075376884422125,0.99,3.107291225694534e-26,0.5233386576137347,4.659693922051523e-25,1.7382385985525612e-26,2.573049329157584e-09,2.4739844747813732e-09,True,False,False,1
718414a24c253d0ac03903d2c245507d,3,PARTIAL_A,9.04,14.990499999999999,300,1.5075376884422125,0.99,1.4410270067091952e-27,0.6986058522668818,2.160171534407419e-26,2.2967639033191096e-26,3.3621179914196847e-10,2.627411827974184e-10,True,False,False,1
71bb8eedd9c0258298e50954665f165b,2,OK,8.01,14.990499999999999,300,1.5075376884422125,0.99,2.7461947001588905e-21,0.5815145882914038,4.1166831652731843e-20,6.017877800772978e-26,2.0631644540950827e-11,2.1920272862174814e-11,False,False,False,0
7205e65a8da465ec26c6a9ce23855e9a,1,OK,7.720000000000001,6.654166666666667,300,1.5075376884422125,0.99,0.09036708452733765,0.9102138222669711,0.6013176416256593,0.06554990556901652,1.0587225206727802,0.26815935659831774,True,True,True,3
723040dc8595eff8b91d3eb41685e994,3,PARTIAL_A,9.46,14.983,300,1.5075376884422125,0.99,8.698311499978614e-18,0.7907729153598869,1.3032680120417958e-16,8.140681617403984e-28,5.1098384782714374e-12,3.6658311341230915e-12,True,False,False,1
715eb368bd509f0ea947aa91f9ed6ea8,2,OK,7.27,14.983,300,1.5075376884422125,0.99,5.352773602938992e-28,0.5150805002777178,8.020060689283492e-27,7.356664433046072e-26,-1.0420693937381505e-10,1.6608467536804414e-10,False,False,False,0
717768f03f34f2a3d56c800d790ade71,3,PARTIAL_A,7.42,14.993666666666666,300,1.5075376884422125,0.99,1.145014946619103e-17,0.33932628863078274,1.7167972437957957e-16,4.0248718148016575e-25,1.0787578238099134e-10,7.418405734017563e-11,True,False,False,1
717fbcc9b88cffd58f43f18e653da3b7,2,OK,8.41,14.980500000000001,300,1.5075376884422125,0.99,3.102942111976137e-18,0.4388734643759055,4.648362430845852e-17,5.031159554958794e-24,-3.524736058579947e-11,1.4711688564832254e-10,False,False,False,0
718185371d761239fa9cd6cd47b75ccb,2,OK,9.53,14.983,300,1.5075376884422125,0.99,3.4917770350939556e-19,0.822586629123375,5.231729531681274e-18,5.445496659830542e-26,9.576043661733518e-13,3.298348555640145e-12,False,False,False,0
727f994bfde207d68259f53825234835,3,PARTIAL_A,8.100000000000001,14.9815,300,1.5075376884422125,0.99,1.0424377466173132e-19,0.515837010002584,1.5617281100947279e-18,3.546321291459438e-24,3.4664148588584944e-09,3.2000999910264917e-09,True,False,False,1
7297b5bbda2752681445485a68b5e978,2,OK,8.83,14.989333333333331,300,1.5075376884422125,0.99,0.000908711627198237,0.8402385471850374,0.013620981483950105,1.5488677437193683e-25,-0.21510540814774512,0.21510540793375496,False,False,False,0
72d4faa02c7d6da7c95eba1dc483733f,3,PARTIAL_A,8.799999999999999,14.989166666666668,300,1.5075376884422125,0.99,3.864585201251818e-24,0.7892739026898064,5.792691167909704e-23,1.0739147586167627e-25,1.274002014994835e-09,1.2724895338636802e-09,True,False,False,1
72f5552fc6191e9c5bd2bba1606532c7,2,OK,4.21,14.995833333333334,300,1.5075376884422125,0.99,2.0103500933992214e-15,0.2940964835287179,3.0146874942265824e-14,3.2310650598536987e-25,-1.650911398328366e-10,2.113987720031761e-10,False,False,False,0
732472483384e5552f55c184cfc589e6,2,OK,9.09,14.9825,300,1.5075376884422125,0.99,2.849092663677005e-17,0.7677395769289874,4.2686530833540723e-16,1.3138634027706656e-26,6.317391054722066e-12,1.2110335254928748e-11,False,False,False,0
73357fa4afa265f92a3a1b4729c2c649,1,OK,8.8,6.5024999999999995,300,1.5075376884422125,0.99,0.2850619930979597,0.5310833961453971,1.853615610119483,0.19874938717348223,1.2620476115413355,0.18181357652254207,True,True,True,3
73368844fc375eb25b561a3cc80b52ae,3,PARTIAL_BC,9.959999999999999,14.983,300,1.71584423948479,0.9886260912560969,0.06968958211935602,0.4881230503163141,1.0441590088943113,0.007391612187675703,-0.24411479665222094,0.7398659810423278,False,True,True,2
735fd6fc2e5a525951b311b0dd8fbb47,2,OK,9.74,14.988333333333333,300,1.5075376884422125,0.99,1.0794932103164925e-20,0.7040735421991425,1.6179804067293694e-19,3.2669417142660525e-26,8.401497275656311e-10,9.56389592944033e-10,False,False,False,0
7396cf9602c7b7b5cb699059795498e0,2,OK,7.56,14.980500000000001,300,1.5075376884422125,0.99,8.752818033299041e-19,0.4503317701335617,1.3112159054783629e-17,1.4110060828898507e-26,-1.1492954736051312e-11,2.5899126097067773e-11,False,False,False,0
739e597a4cb99febec82fe29acf2ea4f,3,PARTIAL_A,7.94,14.982000000000001,300,1.5075376884422125,0.99,5.3327031524166993e-20,0.5131545659731696,7.989455862950699e-19,1.5888191337492079e-24,1.0440759368179897e-10,1.029431782556934e-10,True,False,False,1
73d0a519bfad901ddaa4ecf28ef433e5,2,OK,1.37,14.983,300,27.14465607969009,0.8340510500463266,0.0002638819003217629,0.09835917290149894,0.003953742512520973,9.00634705489391e-25,-0.04537498099965642,0.028120096177864998,False,False,False,0
73d8f8a37585ffb9a787662304cd8b1f,1,OK,9.0,11.738333333333335,300,3.0575334435932513,0.9798220924663974,0.23957633662493721,0.15436113649831176,2.8122268980823883,0.20963217494006692,2.001748845322524,0.14622717247833028,True,True,True,3
745a5063b391733a94aa20c8e48e1335,2,OK,7.82,14.997166666666667,300,1.5075376884422125,0.99,2.3083256543307746e-27,0.5287971179936759,3.461834455894102e-26,2.953897717209485e-26,1.8693394980099734e-09,1.963374492956545e-09,False,False,False,0
7460944275f9d242de24e5f0d7b4fc74,3,PARTIAL_A,7.029999999999999,14.9825,300,1.5075376884422125,0.99,9.304032891931378e-21,0.4711710005355044,1.3939767280336187e-19,6.474593198394824e-28,5.388659888675799e-11,5.2434296858724594e-11,True,False,False,1
746b5ef2fef5b431f2addc6a60093aad,1,OK,7.750000000000001,3.4771666666666667,209,2.7555089171875853,0.9739746188301982,0.7029164246949569,0.5549623499713667,2.444157561401814,0.6449963695641551,1.677368677001417,0.09217231314777286,True,True,True,3
74a78f709289d63cd5ce97a502bd1e26,1,OK,8.299999999999999,6.203500000000001,300,7.343478498066145,0.952213214128034,0.4243879759042082,0.2933695338856212,2.632690808521756,0.3641480108233144,1.72409129156027,0.1723647209012137,True,True,True,3
76185eb650553752a66479853a64305e,2,OK,1.87,14.990499999999999,300,12.610701823538456,0.9193200888518723,4.5453364171977835e-26,0.1309693094626034,6.813686556200337e-25,1.4984521363047587e-25,-1.7863636495955387e-11,1.565251596732351e-11,False,False,False,0
7692b07af7138562b618bdf4610e7062,3,PARTIAL_A,1.4000000000000004,14.980500000000001,300,25.611920337683166,0.8426843813879925,8.11012750528342e-22,0.09018105998020834,1.2149376509289828e-20,9.597303466593729e-25,1.2719694926962195e-09,5.458276181909872e-10,True,False,False,1
76cab3e45ddcad329aa1d08d4cccb52b,2,OK,5.75,14.980500000000001,300,1.5075376884422125,0.99,3.1572172124396346e-16,0.410790027270717,4.7296692450951945e-15,4.097105491961985e-26,8.264973890466839e-10,9.506338781615795e-10,False,False,False,0
76d2ed5e12bc1337713aeec2869004ab,1,OK,7.75,3.4103333333333334,205,2.6295148344124093,0.9746710881975572,0.8462991930994356,0.4231204388621441,2.8861623482001084,0.7828707284267976,2.578008634204564,0.17990369633376288,True,True,True,3
74b8a76c21e8afb8390ddc379c861e30,2,OK,9.24,14.993666666666666,300,1.5075376884422125,0.99,1.3136057559553055e-24,0.8042717993622357,1.9695766836208532e-23,5.383713056144472e-27,-1.0942136086100618e-11,6.098032642647277e-12,False,False,False,0
7517a2025154e871ec2115cd65b6903f,2,OK,9.4,14.995833333333334,300,1.5075376884422125,0.99,5.57923112656331e-17,0.749525520549001,8.366522010208896e-16,4.630773440462513e-26,4.668108862423045e-10,1.2525017738018826e-09,False,False,False,0
752b214268576514c6f907fd7444c59c,2,OK,8.97,14.986666666666668,300,1.5075376884422125,0.99,2.368787051829087e-17,0.832162742027087,3.550022195007859e-16,3.1057649513033613e-26,-6.278533248860185e-12,2.1293968266059866e-11,False,False,False,0
755babbf68d6d4f8168e391d63dcc4a6,2,OK,8.57,14.9895,300,1.5075376884422125,0.99,2.803013848500738e-27,0.6455472277862065,4.2015776082101814e-26,3.800291492378319e-27,-5.881983788924572e-11,1.183760307766731e-10,False,False,False,0
7596016e089e3597d5bcfbfe5dffdc41,2,OK,9.1,14.9815,300,1.5075376884422125,0.99,3.0357324693230715e-29,0.6743165599158271,4.54798259891636e-28,5.181591070968146e-25,-9.277911772187508e-12,1.068389081154463e-11,False,False,False,0
75cebd92c9903537fcecb8756dfc1d12,2,OK,8.82,14.988333333333333,300,1.5075376884422125,0.99,5.1358719794459475e-18,0.4445336812314404,7.697816118526235e-17,5.066841894210149e-27,1.8585784763066235e-10,1.995476404936146e-10,False,False,False,0
75e2ce06deebea7e83cb9378a11c5709,1,OK,8.1,3.0433333333333326,183,1.0727560650130523,0.9883442168417996,0.49494664213648193,1.2148986062868419,1.5062876142353596,0.4236255723556626,1.198884520780574,0.32142732333493085,True,True,True,3
7608b57dd53a4e006453d8bc118418a6,2,OK,6.97,14.983,300,1.5075376884422125,0.99,3.816640039147168e-18,0.3758859937497887,5.718471770654202e-17,5.269158827274139e-26,-4.803350310093416e-11,6.219692531555557e-11,False,False,False,0
773b79cc1a0e1b8adf948baba1e12c79,1,OK,10.0,14.987,300,1.5075376884422125,0.99,0.189739576887771,0.16093013501471254,2.843627038817024,0.1007375570630673,0.7150116585744776,0.18377082434186828,True,True,True,3
779d99b9c29506e928385ecfd01c44d9,2,OK,9.27,14.9815,300,1.5075376884422125,0.99,1.6250272809346053e-16,0.6961084491823191,2.434534620932179e-15,1.0929640897625811e-26,4.738073637137555e-10,6.597210325127544e-10,False,False,False,0
77acc68faf0222e515db2bb15f7a91c9,3,PARTIAL_BC,10.51,14.987,300,1.5075376884422125,0.99,0.10290204184890188,0.41055481654376325,1.5421929011894924,0.02663510323066951,-0.6658752332702437,1.1764601845592189,False,True,True,2
77b163514f2b8dc5e026bc9e01b9c2e1,3,PARTIAL_A,7.799999999999999,14.996,300,1.5075376884422125,0.99,9.034105701041829e-14,0.33860364982100116,1.3547544909282327e-12,3.227597478840798e-26,1.9795868648013007e-10,1.9265790855502877e-10,True,False,False,1
78ac27d9ae5c7ae0f7c4d720e6f3568e,1,OK,8.08,4.8475,291,1.462311557788946,0.99,0.2459058661465759,1.035023073434263,1.1920286861455267,0.13851577884234495,0.6507884801505956,0.343457237059963,True,True,True,3
78d460ab7c39d83221723f9d5cf2be46,3,PARTIAL_A,2.1899999999999977,14.988,300,1.5075376884422125,0.99,2.4619195878092256e-19,0.13329012397204318,3.6899250782084675e-18,9.403653398542003e-25,9.552770148986885e-11,8.224287521382397e-11,True,False,False,1
78ea816898a4d945cd3bfd58d0d98756,3,PARTIAL_BC,10.209999999999999,14.986666666666668,300,1.5075376884422125,0.99,0.11419406191872779,0.3637310280338519,1.7113883412886672,0.020681197151767403,-0.6667455630425616,1.1871688056362069,False,True,True,2
798e66237b36453792d1550105ff1be5,2,OK,7.919999999999999,14.980500000000001,300,1.5075376884422125,0.99,8.146457734594011e-17,0.5632992917463608,1.220380100930856e-15,6.444264823764712e-27,-3.5832966223855084e-10,1.9060157433041806e-10,False,False,False,0
781718ee7b5fa0c64d59cfd885db5812,2,OK,8.0,14.990499999999999,300,1.5075376884422125,0.99,2.4062874820008088e-18,0.43230574960163676,3.6071452498933124e-17,5.416988573881281e-27,2.678357535756959e-10,3.616704916076733e-10,False,False,False,0
782c4e4eb7166e8dcefa66b6e5191361,2,OK,9.33,14.9825,300,1.5075376884422125,0.99,0.007918075177227405,0.7714417366473002,0.1186325613428096,4.707802320628054e-25,-0.6232410500089864,0.6232410493434181,False,False,False,0
783f8cd9121186f2d9382ea5c25b7f05,3,PARTIAL_A,8.49,14.988333333333333,300,1.5075376884422125,0.99,2.2615008571950812e-18,0.45916961590875466,3.3896128681258945e-17,3.3051558720089487e-23,1.0206169983225284e-09,8.574055202835442e-10,True,False,False,1
78a6cbf3b08e2598aad04534475d31df,1,OK,8.05,2.976666666666666,179,1.1276057068816254,0.9874799234414234,0.7135021167890312,0.7790304005451711,2.123857967642016,0.6637878588117588,1.5052090719706335,0.26823394779873466,True,True,True,3
79c0bed9bedc337937a7985808befd35,3,PARTIAL_A,7.21,14.982000000000001,300,1.5075376884422125,0.99,1.7361127064285443e-17,0.3093509871093229,2.6010440567712455e-16,8.952234401543171e-25,2.1183188536610942e-10,1.881645425292745e-10,True,False,False,1
7a040e274688b7360374433a17168f92,2,OK,9.19,14.988333333333333,300,1.5075376884422125,0.99,4.440835246894113e-18,0.4702601588159577,6.65607189588646e-17,1.803826549868256e-27,-5.556000104434133e-12,4.845013449067453e-12,False,False,False,0
7a2711ff19a273f23f8fa7ff2549547b,2,OK,8.95,14.982000000000001,300,2.9102432159245946,0.98078478175563,0.008174934471437455,0.7376589065198355,0.12247686825107595,4.929852490603378e-26,-0.6863041937004576,0.6863041929194973,False,False,False,0
7a3edd5d31b2f38e1bd4e2e39df970e6,2,OK,9.350000000000001,14.983,300,1.5075376884422125,0.99,7.669343908999554e-19,0.8006025103784645,1.1490977978854032e-17,2.077724337403202e-26,-1.9081124088179044e-09,1.89973910437339e-09,False,False,False,0
7a727992610377d4954e30cfd3b5794c,3,PARTIAL_A,7.370000000000001,14.996,300,1.5075376884422125,0.99,1.2695812124368057e-17,0.33371938802759665,1.903863986170234e-16,5.2413867984596255e-27,2.6913079172648696e-10,1.3000374337580977e-10,True,False,False,1
7a770c29186c509af0611727f0d95b0c,3,PARTIAL_A,5.9799999999999995,14.980500000000001,300,1.5075376884422125,0.99,1.083543594151814e-27,0.47478754956607394,1.6232024812191252e-26,1.0388050119156766e-27,1.1791798093518935e-10,7.120623601358987e-11,True,False,False,1
7a8ddea875ed8d2218fe9f0c1a351c35,3,PARTIAL_A,8.350000000000001,14.983,300,1.5075376884422125,0.99,2.0456862043899054e-14,0.45305727342969987,3.0650516400373954e-13,1.9885504113153705e-27,9.566747394273989e-11,9.082959430660359e-11,True,False,False,1
7abb3c1e71e4572dc515d981fb418155,3,PARTIAL_A,8.52,14.9825,300,1.5075376884422125,0.99,6.910921624529513e-27,0.5453563090772039,1.0354288323951343e-25,1.1177711790539326e-25,4.09346630666126e-12,2.231152928977291e-12,True,False,False,1
7afed95f54f913bd4a35f412cb478a7d,1,OK,7.51,3.8963333333333328,234,2.855501447879576,0.9758882404637079,0.5813524292301613,0.53679933963895,2.2651428484237845,0.5508052695112681,2.707586681768339,0.1329965472164189,True,True,True,3
7b0cd1599e861ad009f01ae00eeabf3b,1,OK,7.960000000000001,4.345,261,1.3115577889447247,0.99,0.30911352747524695,1.031297129240797,1.343098276879948,0.2095818490990238,0.6942573100300183,0.3363208103704672,True,True,True,3
7b9a42359c1dc8e5eddb1fa24a741e9c,3,PARTIAL_A,6.380000000000001,14.993666666666666,300,1.5075376884422125,0.99,4.326660476485026e-24,0.3248922919689433,6.487250496425765e-23,3.691646244858371e-26,1.266822202694584e-10,1.1286142906697073e-10,True,False,False,1
7bd05f9459a6f64d6651fea7fda97bf8,2,OK,6.840000000000001,14.983,300,1.5075376884422125,0.99,1.9176529433286548e-18,0.381754266837495,2.873219404989324e-17,1.6614837484639917e-27,-1.5691374125973803e-10,1.523779355622699e-10,False,False,False,0
7bd19556216135d4faf3cd567c507135,3,PARTIAL_A,8.0,14.996,300,1.5075376884422125,0.99,2.571694254740276e-29,0.6547973397800113,3.856512704408518e-28,3.8399461448944036e-26,4.077271853475395e-11,3.946715549850236e-11,True,False,False,1
7bd25f12f75979643dc01e501060b785,1,OK,1.2299999999999986,14.9895,300,60.08237186070974,0.6662854026969621,0.18336198211147217,0.014555160068490825,2.7485044308599123,0.17498153444865303,1.598015368689105,0.25863405374691806,True,True,True,3
7bdec150911a07fd9c974a0c976743b0,2,OK,8.56,14.983,300,1.5075376884422125,0.99,3.999529939154519e-20,0.5585614978859689,5.992495707835216e-19,1.0102941450665166e-26,-4.172440171146263e-11,3.753991082107478e-11,False,False,False,0
7c332f641768abb8405b5a481746dcdd,3,PARTIAL_A,7.65,14.980500000000001,300,1.5075376884422125,0.99,1.589242887304505e-22,0.46673588012818623,2.3807653073265136e-21,2.9450238815131978e-27,5.0649854680765806e-11,4.977957502702497e-11,True,False,False,1
7d0b619a359c0b3fabe9ddf8dbbc1ba4,1,OK,8.99,7.543,300,1.5075376884422125,0.99,0.6259435088079944,0.062076090306489855,4.721491886938702,0.517852388303938,1.583150001265049,0.1594321329949738,True,True,True,3
7d65cc3af9f429665f75b99d2969be65,3,PARTIAL_A,7.540000000000001,14.982000000000001,300,1.5075376884422125,0.99,1.2284970975792705e-21,0.31776489462581037,1.840534351593263e-20,6.359796087875883e-24,2.563200762750739e-10,1.773990386358087e-10,True,False,False,1
7d947014bdb89c1d31308f349606467b,2,OK,3.13,14.993833333333333,300,1.5075376884422125,0.99,9.031692687195275e-20,0.2105895843186354,1.354196948696914e-18,8.780084737463252e-26,1.891773774668574e-11,5.405271534933582e-11,False,False,False,0
7dd426cb394cadfcc5e83c6919949b18,3,PARTIAL_A,9.51,14.9815,300,1.5075376884422125,0.99,2.409921870094918e-15,0.848978181359823,3.6104244496827014e-14,1.1732143376946602e-25,4.133583105433066e-10,3.206272490959443e-10,True,False,False,1
7f76c1a20f14105787de890e77bbf91f,3,PARTIAL_BC,9.89,14.983,300,1.5075376884422125,0.99,0.09183844392228818,0.39874380122930114,1.3760154052876439,0.037754885557729274,0.13865101171416536,0.5272755330666109,False,True,True,2
7fa0bfced590d6186082af5dd14ac410,1,OK,8.76,9.182666666666668,300,8.745424576247085,0.9433486369020679,0.611465446216216,0.021033945742809597,5.614883370788107,0.5855995654693478,2.25558719112535,0.3094536981552171,True,True,True,3
7fcd848a0774d472093f06aef2ac2577,3,PARTIAL_A,7.89,14.983,300,1.5075376884422125,0.99,3.281440429332088e-17,0.5498439850739173,4.916582195268267e-16,6.28058196296887e-27,1.1786981020852256e-09,1.1524051864233827e-09,True,False,False,1
7ffab3bffb5ce4515f8a638fa553b239,1,OK,8.75,7.308666666666666,300,1.5075376884422125,0.99,0.6273653583986611,0.07094889113419853,4.5852042827496815,0.5080108605085241,1.465905857129444,0.14409188121370978,True,True,True,3
7df3fb70002ed440fb31a3bc87807183,2,OK,9.540000000000001,14.990499999999999,300,1.5075376884422125,0.99,3.511979167759999e-24,0.85540160118834,5.264632371430626e-23,1.0166649280314054e-24,7.15686028958847e-11,2.838241861203137e-10,False,False,False,0
7e4ebdd759d3f7a0cd1bdae130d39dd2,2,OK,9.469999999999999,14.988333333333333,300,1.5075376884422125,0.99,7.82035743777912e-22,0.7253658881185437,1.1721412406324604e-20,1.0015799600232198e-25,-1.4032123611211014e-10,7.498796685262322e-11,False,False,False,0
7eb6ded692d0b79099649815385b89a4,2,OK,8.72,14.982000000000001,300,1.5075376884422125,0.99,1.1449970912636952e-24,0.7599879887154601,1.7154346421312683e-23,3.0915834077579528e-24,-2.0953466369396287e-09,1.7716506226035037e-09,False,False,False,0
7f311d116bf0fdff08a48756ce9da1b0,3,PARTIAL_A,8.959999999999999,14.990499999999999,300,1.5075376884422125,0.99,8.861891103222033e-30,0.6742183882803404,1.3284417858284988e-28,6.941389743684717e-25,3.356862935769792e-11,1.5982550495202903e-11,True,False,False,1
80f5307d9179db080f7076ba7439df01,1,OK,8.940000000000001,14.983,300,19.8593141779806,0.8758246935593053,0.12121208204801866,0.2430659269296494,1.8161206253254636,0.10257759366956964,1.087915876507617,0.21419272358519015,True,True,True,3
811a0405bb3a158fe4b2cf9fba74d5e4,1,OK,9.42,11.3675,300,35.607088633345064,0.7878049073495808,0.23642709621925934,0.17982474354285335,2.6875850162724304,0.21751900238710403,1.6250699019126476,0.1634640081921862,True,True,True,3
81cb69fe7b8ba2e1b89e51219ea07e7e,3,PARTIAL_BC,9.530000000000001,14.993833333333333,300,1.5075376884422125,0.99,0.07247914420662838,0.4571741038004434,1.086740208376818,0.012254381282897462,-0.19586261737729638,0.709233277015773,False,True,True,2
8206a25924a6040fb4b80bc63a6e16cb,2,OK,8.680000000000001,14.989166666666668,300,1.5075376884422125,0.99,5.844363405401093e-26,0.8370891614857774,8.760213714412455e-25,4.020040103386937e-26,-0.07293838372071226,0.07293838370298822,False,False,False,0
827ad5a749650bb012394c09d7ca9dcd,2,OK,9.33,14.990499999999999,300,1.5075376884422125,0.99,1.6277444665182195e-24,0.8196056103578845,2.4400703425341367e-23,2.0190588261084654e-26,-2.954007409054308e-12,4.4544094605153735e-12,False,False,False,0
8281e4cfa103384171f5cc40781ecb17,2,OK,8.86,14.980500000000001,300,1.7901722145056855,0.9881363120517174,9.080651835708931e-26,0.7870551052874768,1.3603270482483766e-24,4.321082367068498e-26,-0.23623086551845063,0.23623086536148954,False,False,False,0
829e2a87a474dc80e1e99de5cb2ace4c,3,PARTIAL_A,1.7899999999999991,14.996166666666666,300,3.6154470720604146,0.9761840373609033,3.5993319544664173e-28,0.11458262856241282,5.397618187783747e-27,9.559332830212269e-24,3.2927182462098394e-09,3.240632844709413e-09,True,False,False,1
82b26136e6469fea8eb288089276b5de,2,OK,9.33,14.980500000000001,300,1.5075376884422125,0.99,1.963792467851161e-16,0.6936515869888407,2.9418593064644317e-15,1.351175441455731e-26,1.2041238376762446e-09,1.404740087629531e-09,False,False,False,0
82b632f41aa3ce79e5cf26068ea13d7a,2,OK,9.05,14.9975,300,1.5075376884422125,0.99,4.3264797405630306e-19,0.7810281660324129,6.488637990909405e-18,1.232561756463415e-26,-1.1673108405811188e-09,1.168084780971841e-09,False,False,False,0
82b8ab960855eb07a1103d262422e0bb,2,OK,8.13,14.996,300,1.5075376884422125,0.99,3.259690543921206e-17,0.6630278582741985,4.88823193966424e-16,2.9013078133918777e-26,-6.825548274728513e-10,6.339311560250873e-10,False,False,False,0
82bbf039d5079acac540ff07ff479491,2,OK,9.31,14.980500000000001,300,1.5075376884422125,0.99,5.38540857001203e-27,0.683170535559043,8.067611308306522e-26,1.2775398426454591e-26,-9.857477796989163e-11,9.65875769010932e-11,False,False,False,0
83229e82324a5910bb573f353cf92f48,1,OK,8.19,3.879666666666667,233,1.6136250094163027,0.9862444049500404,0.5946565754445968,0.5727404060985606,2.3070692938665545,0.5575592063276611,2.2915795354617035,0.3756028892725598,True,True,True,3
83884001d65052df1d65684df172354b,1,OK,9.889999999999999,7.436166666666667,300,16.667010475304533,0.8947347849699404,0.3036287462627596,0.3707489157835804,2.257833962000924,0.27316114254630597,1.527942423823637,0.25992740600700326,True,True,True,3
83b88411f394f92620185f59f10b80d7,3,PARTIAL_A,8.75,14.998666666666667,300,1.5075376884422125,0.99,1.3905843137554053e-21,0.6004792424776596,2.0856910593912738e-20,5.17755523392513e-24,6.402508153276661e-11,5.045911535581764e-11,True,False,False,1
83cfe4bc43151a5233b78366e1ecb749,1,OK,7.9399999999999995,2.4869999999999997,150,1.8096797530655984,0.9761585722859144,1.0726313714489846,0.678251097946491,2.6676342207936243,0.9912237621244877,1.8354895229116288,0.1973803591096462,True,True,True,3
83ff405ff78656e639ccbd036ce2f2d6,3,PARTIAL_A,5.4399999999999995,14.9825,300,1.5075376884422125,0.99,1.4561329751807538e-21,0.34174986632180065,2.1816512300645643e-20,3.581402871723976e-25,1.400490908428272e-09,1.2769480024829133e-09,True,False,False,1
8326e782d747605336cb575d7b288161,1,OK,10.29,14.987,300,2.139056184178039,0.9858405847215322,0.21748599916422878,0.11704618608710833,3.259462669474297,0.1339178452582037,1.0590095738467267,0.14024454381103074,True,True,True,3
834122ac4a12a0001966cfbd1dd20f75,3,PARTIAL_A,7.819999999999998,14.982000000000001,300,1.5075376884422125,0.99,2.4115085911596988e-29,0.4510617989246969,3.612922171275461e-28,1.2620721230968215e-24,1.129192295223902e-10,1.0817837470222693e-10,True,False,False,1
83673e5807c98d10a65894bf7b441b87,2,OK,8.93,14.993666666666666,300,1.5075376884422125,0.99,9.925965599459822e-25,0.7782731623212811,1.4882661954310075e-23,1.7194665565634312e-25,-7.281307408864753e-10,6.246144743739348e-10,False,False,False,0
8370049ef625f736923a486a5fe4a0d2,1,OK,7.779999999999999,14.983,300,33.9965159802263,0.7964259245013262,0.08959425897554753,0.24571855173423682,1.3423907822306287,0.08237383686657883,1.2116705797175795,0.3113653336422324,True,True,True,3
8463078780e8b160fd3adf8407dcb211,2,OK,8.290000000000001,14.993833333333333,300,1.5075376884422125,0.99,6.058507218879769e-26,0.6341289742160706,9.08402474886801e-25,1.4746220153469958e-27,-6.881458366099953e-11,8.431761042079734e-11,False,False,False,0
8497030350c43904ccc4c852c13e1977,1,OK,9.51,14.9895,300,4.118274021789009,0.9729166289987957,0.4069052806252801,0.010806509217334528,6.099306703932636,0.33714196868861507,1.424700016565107,0.22956509538318057,True,True,True,3
860dbb31b741ea47b6011842e0ef2a61,2,OK,8.3,14.9815,300,1.5075376884422125,0.99,1.7889241756801085e-14,0.4758686788914237,2.6800767537951546e-13,1.2007003470443404e-25,2.836989902258817e-13,3.14016825689782e-13,False,False,False,0
861f5db3a9f8d4766f132e835c873ea9,1,OK,9.69,7.475,300,4.798290028836898,0.9685149806556793,0.3406861918583559,0.3146805431808184,2.5466292841412104,0.2859570874984064,1.5249045082590709,0.17909254924219364,True,True,True,3
86dd0172e312d7a0327512e8449f2ee0,2,OK,9.450000000000001,14.990499999999999,300,1.5075376884422125,0.99,5.415111303670043e-18,0.8254027857153547,8.117522599766577e-17,2.526827109458114e-26,-2.240795401083536e-09,1.6940370271776638e-09,False,False,False,0
86e83d1b81885ff5663f6ff8c39fd2af,3,PARTIAL_A,8.33,14.983,300,1.5075376884422125,0.99,8.20362956135365e-27,0.5901575514205687,1.2291498171776174e-25,1.6637269324846824e-26,1.1679643178534131e-09,1.11087801368252e-09,True,False,False,1
8755904203b50f2f2b9dffa1d9b6b4d7,1,OK,9.92,11.65,300,49.91875550669057,0.7146837388901487,0.2587859087611821,0.14154163037167725,3.014855837067772,0.24619536605574363,1.9326070145546999,0.12322415470078113,True,True,True,3
877aed47b7c325e41cf914a4b79e4985,2,OK,8.799999999999999,14.987166666666667,300,1.5075376884422125,0.99,1.8286148305240074e-24,0.7901335388960653,2.740575523420172e-23,6.448595840579176e-25,-7.238038316851695e-10,7.253444529072839e-10,False,False,False,0
866a8e010e5b7a730f09b2752839be03,2,OK,7.859999999999999,14.9815,300,1.5075376884422125,0.99,7.012279855663376e-18,0.38178478464890525,1.0505447065762086e-16,2.6463249953465343e-25,-2.2065171911833659e-10,2.1854843848100126e-10,False,False,False,0
86816781879b24836fc8d16101c828cd,2,OK,8.73,14.993666666666666,300,1.5075376884422125,0.99,2.732976188372612e-19,0.5384317617097188,4.097733397639615e-18,1.1122705803130196e-25,-1.5022716404189396e-10,9.881676037343364e-11,False,False,False,0
86843ea015efbfeea60a1fd3acd0ead6,2,OK,8.79,14.980500000000001,300,1.5075376884422125,0.99,3.1025651308743146e-17,0.7163733162777797,4.647797694306267e-16,1.4372094902890704e-26,-2.3164292706212564e-10,4.1202796823065925e-10,False,False,False,0
86b1592a735a0eea843a46e1cfb96a56,1,OK,8.91,14.983,300,16.848549826268794,0.893649190848391,0.12234830612367795,0.24018622218105246,1.8331446706510668,0.10143235303141829,1.0837832613924026,0.2134689542974007,True,True,True,3
88742338ed21852265c8fd04e481a3e6,3,PARTIAL_A,8.24,14.980500000000001,300,1.5075376884422125,0.99,1.463134182609995e-19,0.4465354264416994,2.191848162258903e-18,3.983251759961229e-26,1.1673854475683734e-10,1.0363606980250261e-10,True,False,False,1
8875a4175d5f4913ad79228c3351004e,3,PARTIAL_A,6.9,14.993666666666666,300,1.5075376884422125,0.99,1.786920104205506e-17,0.2989317786719437,2.6792484402422623e-16,2.954486605438202e-25,1.4529340693532807e-11,1.2268738192900889e-11,True,False,False,1
8898f0bd62c49a6cb2714136e846d913,2,OK,8.26,14.989166666666668,300,1.5075376884422125,0.99,3.2328767937017996e-20,0.7532185228701982,4.845812907359523e-19,7.146739605036992e-26,-2.2391318429034376e-10,2.1327808251691124e-10,False,False,False,0
88cac23d7788ea7484c1751026f1b409,2,OK,7.88,14.9815,300,1.5075376884422125,0.99,1.6408455979601247e-16,0.5846148819514349,2.458232832583961e-15,2.4499788718917053e-25,-2.0501385774214972e-10,2.1211979178803742e-10,False,False,False,0
88fc8e4df8b337f1b4725226767a8e36,2,OK,8.43,14.990499999999999,300,1.5075376884422125,0.99,5.682830701695728e-26,0.7011720836645515,8.51884736337698e-25,1.7168429777559903e-26,-1.2103391252201352e-09,1.2384545994416008e-09,False,False,False,0
8912362f1d4e1c539df59e3b4293da6e,2,OK,7.77,14.980500000000001,300,1.5075376884422125,0.99,5.27930844192801e-19,0.4679267608568567,7.908668011430256e-18,2.8791288908708836e-27,-5.937102661353795e-12,1.1177524811552209e-11,False,False,False,0
8931d4f89581b8d2bf2243f97fd080eb,3,PARTIAL_A,8.099999999999998,14.980500000000001,300,1.5075376884422125,0.99,3.720171396716846e-20,0.5314069933172305,5.573002760851671e-19,1.5855700616322497e-26,3.728814294371811e-10,3.7198555794839557e-10,True,False,False,1
893d85657fd6b75332815aadcfa81ebf,2,OK,7.72,14.990499999999999,300,1.5075376884422125,0.99,3.6254475645123083e-28,0.6011064786877423,5.434727171582175e-27,4.799923401727981e-26,-1.1052692094892791e-10,7.8200941257709e-11,False,False,False,0
894b389aefd9073e64b1b9bd661ea8fb,2,OK,8.940000000000001,14.9825,300,1.5075376884422125,0.99,8.059116406492982e-25,0.7741922507702839,1.207457115602811e-23,1.405095105070458e-25,-1.2060167679332304e-10,1.1193120408868619e-10,False,False,False,0
895fa4704351e17e3d1a8c86fbc9edcf,3,PARTIAL_A,2.55,14.988333333333333,300,1.5075376884422125,0.99,3.2226230155726686e-24,0.14301472276451166,4.830174796507501e-23,2.7597368159807993e-26,5.968137280672655e-10,5.215481174872551e-10,True,False,False,1
898974ca0ce444c0d23f74cf4f77f7e2,2,OK,8.360000000000001,14.9825,300,1.5075376884422125,0.99,4.5659330823950384e-27,0.6069530580690251,6.840909240698367e-26,2.8287618986686045e-25,-4.10427987892111e-11,4.105559548436983e-11,False,False,False,0
89b24747897a9c64bcc3700dcef7e6a1,2,OK,9.829999999999998,14.9815,300,1.5075376884422125,0.99,1.564973818213652e-24,0.865514667380509,2.344565525756783e-23,5.4407101076211565e-27,-7.740023436989911e-11,6.981789807765692e-11,False,False,False,0
89b70cbbc1b3f3e3ef6173c28e864fa5,2,OK,7.98,14.982000000000001,300,1.5075376884422125,0.99,2.0191177849315718e-19,0.5474445270406526,3.025042265384481e-18,8.457856011798261e-24,6.289657683566929e-11,2.2110109713770083e-10,False,False,False,0
89cdad171e3136a396659742b8c8e516,3,PARTIAL_A,8.29,14.983,300,1.5075376884422125,0.99,1.034056488249994e-20,0.4060827273565757,1.5493268363449662e-19,8.92382307048503e-25,4.360333575685142e-10,2.9790010273244144e-10,True,False,False,1
8a36de13071a249f61e2665fae8f4e96,2,OK,9.620000000000001,14.995833333333334,300,1.5075376884422125,0.99,4.152670155953256e-17,0.7785247871740143,6.227274954698237e-16,1.0339679387119913e-25,-2.171345325763241e-10,4.828773612813346e-10,False,False,False,0
8a53ff667799e45f224a9fce939f6d1e,2,OK,8.42,14.9815,300,1.5075376884422125,0.99,1.5942561330670643e-20,0.5595019912263633,2.388434825754422e-19,1.5953189553066927e-25,-9.050996988927788e-11,8.158886533244602e-11,False,False,False,0
8a816996befc7b5ef29c0e04979e1344,3,PARTIAL_A,6.73,14.983,300,1.5075376884422125,0.99,1.5890662600381936e-27,0.40794400298194167,2.3808979774152255e-26,2.668932146516456e-25,1.2052536746409714e-10,9.879663548709748e-11,True,False,False,1
8a9058ad136d222aa9ea09ce6faf279f,1,OK,7.869999999999999,8.461333333333332,300,1.7450749450553396,0.9884334486959027,0.23224466665824872,0.3714304638172645,1.9650995394843283,0.15313701762353393,0.8341887729105574,0.22001043743814505,True,True,True,3
8a9d7004804b5ad60787f2c0abe760bd,2,OK,8.8,14.980500000000001,300,1.5075376884422125,0.99,1.1252872803146043e-18,0.5095256030885293,1.685736610275293e-17,9.710695831965178e-26,-1.9179576445556753e-10,1.894153350089224e-10,False,False,False,0
8aac0820ef04e5c73569c92f88a6268b,2,OK,8.34,14.9815,300,1.5075376884422125,0.99,2.001785822957157e-24,0.5160503843523228,2.9989754306632644e-23,7.091506472848377e-26,2.4101461567245983e-12,3.4266954550859243e-11,False,False,False,0
8ab0fab4124e83f9634c7b602c7fc43b,1,OK,8.06,3.861,232,6.645585327065956,0.944305818035912,0.45211719628707686,0.7937634185651482,1.745624494864404,0.43721020599159954,2.616688398294564,0.23389080143011837,True,True,True,3
8af35aa10dd6b0acf5f0c1ae660665eb,3,PARTIAL_A,9.290000000000001,14.980500000000001,300,1.5075376884422125,0.99,6.40351714538297e-15,0.8228848835403495,9.59278885964096e-14,1.7525661431953097e-27,1.0624390256452898e-11,1.037055773774379e-11,True,False,False,1
8b00f303e6fbbbdc61021e88229fa267,3,PARTIAL_A,6.89,14.983,300,1.5075376884422125,0.99,2.2141264120370954e-19,0.4720596364826341,3.3174256031551802e-18,3.4039737383545454e-27,1.847963559953314e-09,1.8268475402318002e-09,True,False,False,1
8b76b4fec07bc4f90808bc9b7daaac03,2,OK,8.37,14.983,300,1.5075376884422125,0.99,1.3365974028608113e-22,0.734673764147321,2.0026238887063537e-21,2.392150672121801e-25,2.7408623518946723e-10,8.70315966621122e-10,False,False,False,0
8bb5b121ee8498561eb4c0da404571e4,2,OK,7.989999999999999,14.996,300,1.5075376884422125,0.99,4.411763343415028e-15,0.34124860549968594,6.615880309785176e-14,3.1076689894428123e-25,4.753360668037961e-11,5.93826317735149e-11,False,False,False,0
8bde43973badd5b2d9f37a0ead35da82,1,OK,8.16,3.8631666666666664,232,4.071875903714243,0.9655030834306156,0.6229597656724097,0.5311324296257306,2.4065974014201306,0.5874017249663072,2.7783553303745605,0.13316453316937873,True,True,True,3
8be5c7bb1600339323bbf518d104ec82,3,PARTIAL_BC,9.82,14.983,300,1.5075376884422125,0.99,0.10101434579950444,0.3638534961690429,1.513497943113975,0.042303717634290444,0.25157837936187954,0.46670268481552685,False,True,True,2
8bf96fe88cb7dbed40025d1e44bf45a3,2,OK,9.74,14.980500000000001,300,1.5075376884422125,0.99,3.4113786474139034e-20,0.8831527483537607,5.110415782758399e-19,7.724195313154206e-23,-3.6893284723523343e-09,3.690911787883973e-09,False,False,False,0
8e78f81a8f00969f8a350fee3160d065,2,OK,8.76,14.993666666666666,300,1.5075376884422125,0.99,6.809125318381072e-29,0.6969028577687119,1.0209375531536633e-27,1.791957594394079e-24,-1.4194023734148686e-09,1.4162267481553196e-09,False,False,False,0
8ec9d85bb3618e0995fb37e6616494af,1,OK,8.61,3.0600000000000005,184,1.1488848420358697,0.987589610998564,0.9199827895552217,0.5373397091743451,2.815147336038979,0.8565182468563867,1.8835602626865764,0.14883130150206167,True,True,True,3
8eed6ede0b0d147918da46950dae3afb,1,OK,1.1099999999999994,14.989166666666668,300,103.4555953174563,0.48715250690201495,0.12471386592591814,0.02600527734144071,1.869356922007908,0.1204550331272045,1.143622044528898,0.4039134563877874,True,True,True,3
8f4175d7f77b9f536b3697858e19b951,1,OK,8.38,3.846333333333334,231,3.2655021906946256,0.9721213566644868,0.6849766992865562,0.46794680647104975,2.6346487110225243,0.653812817500741,2.888860046123344,0.1666243158230212,True,True,True,3
8c0cdc8dd9de8468bf1edc2332dd7fd3,2,OK,7.909999999999999,14.983,300,1.5075376884422125,0.99,1.7316415806677238e-16,0.6844039503204367,2.5945185803144507e-15,2.535966164637905e-25,-2.3257618053662554e-09,1.8296773578173876e-09,False,False,False,0
8c728b14031f9e58974d13af17a2cf33,1,OK,8.8,5.837999999999999,300,2.326530440058219,0.9846091546337545,0.5394531746072426,0.2305304559631963,3.149327633357082,0.5074709840456594,2.6742983443301065,0.17701840029817936,True,True,True,3
8c91eb4af5ce99157801e17e604a394d,1,OK,8.24,7.660166666666666,300,1.7142997038833285,0.988636271429191,0.6432755923828667,0.04213747879303379,4.927598250251489,0.5849670083143969,1.5486160069961599,0.36734786952945114,True,True,True,3
8cbb8d7d9b9b470f3895595756328b89,2,OK,7.64,14.982000000000001,300,1.5075376884422125,0.99,3.904105007412112e-20,0.3955720548265535,5.849130122104827e-19,4.248241779886293e-24,-9.492406860545088e-13,2.963633567549845e-12,False,False,False,0
8cf4780ee23249029e9668b85d167641,2,OK,9.12,14.993666666666666,300,1.5075376884422125,0.99,5.244065201249579e-22,0.7880624897333844,7.862776560580244e-21,5.429644253421094e-26,2.4889231416599006e-10,3.3102761816269893e-10,False,False,False,0
8d591c51dcf95f47a33e7c98320075b6,2,OK,8.81,14.983,300,1.5075376884422125,0.99,5.3235168853192015e-27,0.6438939020657702,7.97622534927376e-26,1.4802392485257113e-25,-1.0682617753351072e-10,1.0503670924151372e-10,False,False,False,0
8d771d463d04faa9398280c7a620035c,3,PARTIAL_C,8.700000000000001,14.986833333333333,300,1.5075376884422125,0.99,0.04979388108683822,0.5405421486264437,0.7462525968682633,5.918397978630117e-24,-1.7583463439371396,1.8542754786654643,False,False,True,1
8db1a3241676a9a6b9109d863e525f1e,3,PARTIAL_A,8.16,14.983,300,1.5075376884422125,0.99,3.363275106952297e-29,0.4376437841921531,5.039195092746626e-28,8.1899380430944e-28,1.5592771518413429e-10,1.3355395002635667e-10,True,False,False,1
8f41bf87915006c62bdecc5480e7bc13,2,OK,8.07,14.980500000000001,300,1.5075376884422125,0.99,3.809979925234336e-27,0.41398951662630523,5.707540426997297e-26,1.321287350649654e-25,4.956627700873166e-12,1.0402164917471208e-11,False,False,False,0
8f6911272c55677b3789a54dfd5f661a,1,OK,9.7,7.575166666666666,300,7.451779106988577,0.9515255424533063,0.34284505273003674,0.2971685360959518,2.59710841527215,0.2631811605217186,1.150284782040217,0.27303735800397677,True,True,True,3
8f6beb2a2a69bc375d885473c3384738,3,PARTIAL_A,7.630000000000001,14.996,300,1.5075376884422125,0.99,1.2732168106171813e-12,0.3035838932232601,1.909315929201525e-11,1.024025850767781e-24,3.791743215704931e-10,2.6671616094737057e-10,True,False,False,1
8fa770529cbead545b79653864c96183,2,OK,7.949999999999999,14.980500000000001,300,1.5075376884422125,0.99,4.131258397666617e-27,0.5803288258019469,6.188831642624476e-26,2.343008402998567e-27,9.764933306399826e-10,1.036563378851365e-09,False,False,False,0
9099f816ae83304d5811ec578a6a63d6,2,OK,7.640000000000001,7.8415,300,1.5075376884422125,0.99,1.0962721113765879e-23,1.2048320680469071,8.596417761359514e-23,1.1635718073532562e-25,-5.448767363229005e-11,5.687476387800273e-11,False,False,False,0
90bb2f4a895274d9a395f66c065fc24f,3,PARTIAL_BC,9.83,14.9895,300,1.5075376884422125,0.99,0.1519274165325405,0.23560240490311035,2.277316010114516,0.07162744754219438,0.21347464859637225,0.4951846531054194,False,True,True,2
90ed59c394a6f04f3d48f5a8c0649f4f,1,OK,7.2700000000000005,14.983,300,97.06586397600971,0.511084317326889,0.13113821769262482,0.15353553273208165,1.9648439156885977,0.1252175084975034,1.5627479557074668,0.26737068037555406,True,True,True,3
913f8f86f702c6eea3a20909a882532d,2,OK,8.09,14.982000000000001,300,1.5075376884422125,0.99,9.679614723324256e-19,0.5572049827553165,1.45019987784844e-17,5.310233330491898e-25,1.438756151254476e-09,1.7149396988028527e-09,False,False,False,0
9153a83a8bb3bd8d7d73066ec3554a1a,1,OK,8.37,3.360833333333334,202,1.7919502098299078,0.9824139254962243,0.9035348090736469,0.40281974928870723,3.036629904161682,0.8551855855594899,2.4766846782140157,0.2558669687880505,True,True,True,3
917942b735b0e43a342b0a2ee68e90ee,2,OK,9.3,14.983,300,1.5075376884422125,0.99,9.597112964258177e-19,0.7947910321931353,1.4379354354348026e-17,2.116706340072656e-25,2.649695278004553e-11,5.889788616879795e-11,False,False,False,0
91d2399e42329116cdaa84b340f51e7d,1,OK,8.41,3.2939999999999996,198,4.829606295623505,0.9523776988593631,0.5586324250113363,0.9135142105902883,1.8401352079873414,0.5268878432864621,1.6034133603698415,0.773417881105981,True,True,True,3
921032d49f132feb5cfbed981f825ba3,1,OK,7.57,3.3096666666666663,199,1.0000000000000009,0.99,0.6288298048042256,0.7854397540639577,2.081217043967052,0.5301760010897697,1.1590347127747271,0.28409550117738364,True,True,True,3
8fbb2c8689402b396080129b241ab8fe,3,PARTIAL_A,6.61,14.993833333333333,300,1.5075376884422125,0.99,4.245649185912126e-18,0.34750183277497054,6.365855628536876e-17,1.639231082485095e-25,2.4491371893494336e-11,2.088977057371549e-11,True,False,False,1
90156620f3b1ea9051ec13dc3fbb200c,3,PARTIAL_A,5.82,14.996,300,1.5075376884422125,0.99,8.102523522650229e-27,0.2319402749373705,1.2150544274566283e-25,3.621462091307714e-25,2.560546589573202e-10,2.2999617056757384e-10,True,False,False,1
901c3bb2783967ba55f99e55f8a80a28,3,PARTIAL_A,8.43,14.980500000000001,300,1.5075376884422125,0.99,8.281468668209733e-29,0.5458830704023765,1.2406054138411592e-27,6.3853290055691774e-27,3.1557801557132357e-09,3.152905288208863e-09,True,False,False,1
905e84a73adb4673b42da17fdb51b8b2,1,OK,6.450000000000001,14.986833333333333,300,3.4561244739612174,0.977221586943072,0.15575537904160563,0.10357637410727215,2.3342799064667035,0.14485785750518065,1.8679552036871214,0.17550058330587975,True,True,True,3
926ecaf11b63b1923b33bcdfe32ad93e,3,PARTIAL_BC,9.89,14.986666666666668,300,1.5075376884422125,0.99,0.1506515467449711,0.23835211582619797,2.257764513884634,0.06560493149191565,0.3157503201390815,0.4266378393608928,False,True,True,2
92d0426242cba693122ac74cfe8ff1ad,1,OK,7.529999999999999,14.983,300,71.49382089346521,0.615100887968913,0.13029645722798122,0.16188049339736454,1.9522318186468428,0.1275631103749958,2.349053382870198,0.232692173904474,True,True,True,3
92d4460fb4534a1dd8c770101734f086,3,PARTIAL_A,9.14,14.9815,300,1.5075376884422125,0.99,3.365625044654943e-20,0.7207591868875172,5.042211160649803e-19,2.0704825422931665e-26,8.452320325128919e-11,7.809107632963938e-11,True,False,False,1
9303328bd7492b8b5027317a7fc9bdc0,2,OK,9.09,14.993666666666666,300,1.5075376884422125,0.99,1.6392120388898042e-24,0.797591527100732,2.457779890710076e-23,1.1657941230465511e-26,-9.150428563013217e-11,1.1129848490808702e-10,False,False,False,0
9210f4817e983046033e6bdb6bb137a6,2,OK,8.5,14.993833333333333,300,1.5075376884422125,0.99,3.2431427668316644e-27,0.6380215954356174,4.8627142122079504e-26,4.847558375563009e-27,-5.3115067899511814e-11,1.1743892839355334e-10,False,False,False,0
92244bf8deca02a04be72ae49105c649,1,OK,2.049999999999999,14.989166666666668,300,11.486595806777364,0.9262466124615983,0.0823482484196083,0.06024677265957421,1.2343316202695789,0.06465735761467782,0.6483958693437731,0.46877146265378383,True,True,True,3
92321ec0cff22c51746ee9c8f6c589aa,3,PARTIAL_A,6.51,14.9825,300,1.5075376884422125,0.99,9.975581597739376e-22,0.40650345784192954,1.494591512881302e-20,1.6071816360582288e-25,8.959746648310821e-10,8.931264432037758e-10,True,False,False,1
925eaf53aa39f5584131303c8d936c6f,3,PARTIAL_A,8.43,14.993666666666666,300,1.5075376884422125,0.99,6.156852368148467e-22,0.3324115222570359,9.23137921238954e-21,1.1851615699515686e-25,1.5215221675172566e-10,1.1597514894839448e-10,True,False,False,1
93346fa3b9bf985db83f66c4ed5233bf,2,OK,8.56,14.983,300,1.5075376884422125,0.99,7.179972052387085e-15,0.46114781975248664,1.075775212609157e-13,1.1741085200048205e-23,-2.7419474098640723e-10,1.3806382034138508e-10,False,False,False,0
9360cc6ccd427bd096d91bdbaed0bc2f,3,PARTIAL_C,8.68,14.982000000000001,300,1.5075376884422125,0.99,0.060711234925736435,0.4599035333244991,0.9095757216573833,5.114130019108587e-16,-0.5207196422841375,0.9172696784084092,False,False,True,1
938440adbedbe30720059110b27050c7,2,OK,8.430000000000001,14.9815,300,1.5075376884422125,0.99,6.792155704773721e-20,0.5402678108836547,1.0175668069106751e-18,5.8364108265857805e-25,-4.965065395860317e-12,7.400872794299544e-12,False,False,False,0
93b4d855cf8866ea58364ab142effb6b,3,PARTIAL_A,9.290000000000001,14.993833333333333,300,1.5075376884422125,0.99,4.794756670947575e-28,0.7431401287991769,7.18917823980761e-27,3.183744252618626e-27,3.301433200893674e-12,1.5384555707915302e-12,True,False,False,1
94177abd18a01ca97d2d15d6523f4ce6,2,OK,8.7,14.980500000000001,300,1.5075376884422125,0.99,1.3514081148578716e-27,0.7558379277894615,2.0244769264628345e-26,2.7947626099511597e-25,-4.496551279468501e-12,3.891445482637888e-12,False,False,False,0
9466bb7ffb2a91b404daa4b9448aca50,1,OK,8.58,4.230666666666667,254,1.2763819095477398,0.99,0.3923639517009176,0.9128716440657871,1.6599610916626821,0.31638544746625413,1.1529694061595304,0.22938540783548592,True,True,True,3
9483fe81208bdead2eb1fc01e008ff50,2,OK,6.51,14.995833333333334,300,1.5075376884422125,0.99,4.741681578849731e-18,0.348677865280904,7.110546667616742e-17,3.976902921114348e-24,4.232836303685872e-12,5.866137214286056e-12,False,False,False,0
948ef4eef84b942bf3d33f209c297a15,3,PARTIAL_A,7.9399999999999995,14.9815,300,1.5075376884422125,0.99,2.1882120571556434e-18,0.4285568528791646,3.2782698934277273e-17,8.604927664441694e-25,4.485352829893448e-10,2.9068816222280696e-10,True,False,False,1
951bbc50a1d4407726f02b2335b1414a,2,OK,8.96,14.983,300,1.5075376884422125,0.99,1.4618190688083687e-21,0.7912897620228156,2.190243510795579e-20,6.435856983999495e-26,-3.268684582261964e-10,4.152765644799772e-10,False,False,False,0
952c65bc14a2f92ced8ac7d004f7aa31,2,OK,8.75,14.995833333333334,300,1.5075376884422125,0.99,1.4150269524599675e-27,0.6677946779629772,2.1219508341264262e-26,1.5077453161950206e-26,-9.05864272482404e-11,9.098975119282291e-11,False,False,False,0
955d06060ec072dc05fca7b375dc7b03,3,PARTIAL_A,7.82,14.983,300,1.5075376884422125,0.99,4.288262766754049e-29,0.45348472663155215,6.425104103427591e-28,2.359796568908225e-27,1.0243673316997122e-09,5.511809899688881e-10,True,False,False,1
95714861afec73ef7a86005c23a8528d,3,PARTIAL_A,7.640000000000001,14.993666666666666,300,1.5075376884422125,0.99,1.4807687929421035e-28,0.420430191445236,2.220215369177625e-27,1.8254762446281126e-27,3.7178134644951416e-10,2.2479210024810957e-10,True,False,False,1
959069e39732727718b28c64589ebf29,3,PARTIAL_A,8.57,14.988333333333333,300,1.5075376884422125,0.99,2.7227834588774547e-31,0.6467442713448625,4.080998607614158e-30,4.210786670269376e-26,5.647077990407942e-10,3.241305221945645e-10,True,False,False,1
95a56f3cdfa33850adf9acb073b2fd29,2,OK,1.6100000000000003,14.990499999999999,300,1.5075376884422125,0.99,4.297408783229017e-26,0.0908112541607792,6.442030636499457e-25,1.1459318322718151e-23,1.2993504189262595e-10,1.936399792407453e-10,False,False,False,0
95d1833a7b18f200508f264d4ace56c6,2,OK,9.39,14.988333333333333,300,1.5075376884422125,0.99,2.523664738078478e-21,0.6401429854178117,3.7825528315899587e-20,8.350411874560037e-28,1.8442922004406153e-09,2.064669060604704e-09,False,False,False,0
95fb0a88baace1496cb5cb5791a5fd8f,1,OK,7.720000000000001,2.575333333333333,155,5.446537379782676,0.9321077603950962,0.7834707834820999,0.9429209327541528,2.017698424394234,0.7577938559372462,2.882235575860145,0.5378939359218804,True,True,True,3
94bdf9178c82dc4b83eb868ba814f368,3,PARTIAL_A,8.709999999999999,14.988333333333333,300,1.5075376884422125,0.99,3.794159111867309e-18,0.45017258596896426,5.686812148837118e-17,1.943533239901776e-24,5.7982433669205115e-11,5.4560670589420744e-11,True,False,False,1
94c17af39bd4775f537fdc4e9bb20ae1,3,PARTIAL_A,7.94,14.980500000000001,300,1.5075376884422125,0.99,4.365185540908304e-18,0.404998609310103,6.539266199557685e-17,1.7752107475505806e-27,1.2934312880001167e-10,6.349958383793338e-11,True,False,False,1
94ef6b24f6502d22cf0f8ca176e06eef,3,PARTIAL_A,8.61,14.9825,300,1.5075376884422125,0.99,2.723401047716492e-18,0.48036949047871247,4.080335619741234e-17,5.479378543858577e-26,1.3663981057732144e-10,1.2579588757263838e-10,True,False,False,1
94fcf6463feff9e5eb214e562b424dda,3,PARTIAL_A,7.910000000000001,14.993666666666666,300,1.5075376884422125,0.99,1.7751656221318832e-19,0.4952498490221661,2.661624161637141e-18,4.416722049841604e-27,1.0496618389292205e-10,1.0048694083448133e-10,True,False,False,1
9603a247abf3d04fc23936e787649c08,2,OK,8.57,14.989166666666668,300,1.5075376884422125,0.99,1.844016308262814e-21,0.6660397487457228,2.76402677806027e-20,1.0844004114951239e-25,-7.055252678374775e-11,5.059083859741707e-11,False,False,False,0
961fc67853fccf692b9daf70523c4ad8,2,OK,8.870000000000001,14.990499999999999,300,1.5075376884422125,0.99,2.7504976660088255e-29,0.6446865124251765,4.12313352623053e-28,1.4721921277353576e-25,-1.4906594477300434e-12,1.3859792102905095e-10,False,False,False,0
9629938261040c05360aaa682db5d00e,2,OK,8.92,14.9825,300,1.5075376884422125,0.99,1.8483321577682023e-17,0.7324890369286446,2.769263655376209e-16,1.8041990144691898e-26,-5.134249321988212e-10,5.108983594436353e-10,False,False,False,0
9650ada26e548c5a74baede92e581707,3,PARTIAL_A,8.190000000000001,14.988333333333333,300,1.5075376884422125,0.99,3.1421926398353452e-18,0.4336772382912415,4.709623068339877e-17,1.1013278056640319e-26,1.0993842873100827e-10,1.09259225964325e-10,True,False,False,1
9662280f3aa7d83f24564a9722125e2a,1,OK,8.75,14.9825,300,11.394668730255354,0.9268152613099105,0.11357173080731281,0.24029851975052643,1.7015884568205641,0.1038680741561082,1.8367995918394644,0.1460772070421944,True,True,True,3
969148511384493c63b8baf5fcd460a4,3,PARTIAL_A,7.799999999999999,14.9815,300,1.5075376884422125,0.99,2.1145825297896677e-18,0.43972826768966555,3.167961817004391e-17,1.43243150224252e-26,6.231533807484387e-11,5.792080511702229e-11,True,False,False,1
971dede84eecd04de77fda82ee12e8da,3,PARTIAL_A,9.25,14.993833333333333,300,1.5075376884422125,0.99,1.2913508574880774e-19,0.8004771111469279,1.9362299532033318e-18,9.639470423908602e-27,3.372729503089052e-10,3.3613756917524377e-10,True,False,False,1
97600b9c77bddd3f9b132f8f80f31607,1,OK,5.289999999999999,14.983,300,105.48398151997512,0.47971320038555604,0.10025696764747498,0.1525521820633698,1.5021501462621176,0.09694811498982749,1.952027533802558,0.27373537460852493,True,True,True,3
9767162573d9c799922f95e06cfda74b,2,OK,8.120000000000001,14.983,300,1.5075376884422125,0.99,3.5329455476088427e-20,0.5145125564062772,5.293412313982329e-19,1.7973174428885374e-25,1.8700152537576287e-10,3.4318879112017043e-10,False,False,False,0
9781f25bf425b91d9db15b94d5ee2756,1,OK,1.7799999999999994,14.989166666666668,300,102.8510434215237,0.4893842520650722,0.1850978870796079,0.02197441270027702,2.7744630790840894,0.181084962264953,1.9694888618975215,0.33860332089720957,True,True,True,3
982078c7d3c07238308698ed56827568,2,OK,6.19,14.993666666666666,300,1.5075376884422125,0.99,2.785684398653876e-23,0.2812084283212473,4.1767623311949993e-22,1.8595401501609344e-25,7.943053622246529e-12,9.108979233265484e-12,False,False,False,0
9838ec2fe06bf32c65780beef26a7e61,1,OK,7.539999999999997,4.765833333333333,286,4.114706744798475,0.9716339320335249,0.41974865897673075,0.5151952228997284,2.000452150573269,0.40127360334578277,2.690603566307891,0.07013535827487288,True,True,True,3
984591a3299f20ef9be1ca2d76c4d33d,2,OK,8.97,14.990499999999999,300,1.5075376884422125,0.99,1.3372344018823513e-17,0.73813269504764,2.0045812301417387e-16,4.34240105185385e-26,1.1143560148714944e-10,1.9113132535320465e-10,False,False,False,0
986889e37f8aa5349fff038f625394b3,2,OK,7.890000000000001,5.752,300,1.5075376884422125,0.99,6.059066522642618e-31,1.7835100170979894,3.485175063824034e-30,4.289610514735673e-26,-1.2748080369107129e-09,1.244390040106982e-09,False,False,False,0
986bc9cd2b5cfb8708ca7bcca04a6b62,3,PARTIAL_A,6.859999999999999,14.993666666666666,300,1.5075376884422125,0.99,6.367017327066985e-18,0.33855492966514666,9.546493546293335e-17,1.8867030539475648e-25,9.842164120736167e-11,9.014199911225836e-11,True,False,False,1
9895a4b3289eb7222721d3b10bc4233b,2,OK,2.030000000000001,14.988333333333333,300,8.566054066103192,0.9444783121589382,1.1781141437527973e-16,0.13931133868112724,1.765796749128151e-15,3.345306663552642e-25,2.507616336799856e-11,2.8878600786618843e-11,False,False,False,0
989af32827da1c98239b7b39b0d8f653,2,OK,8.77,14.999666666666666,300,1.5075376884422125,0.99,7.085143870387441e-21,0.764363322439463,1.0627479634118815e-19,9.947654035823958e-26,-0.212242716829966,0.2122427166965066,False,False,False,0
989da78257c9e301e3b058bb833311ca,3,PARTIAL_A,8.190000000000001,14.993666666666666,300,1.5075376884422125,0.99,1.0818982521228805e-29,0.32308312889879376,1.6221621759579762e-28,1.5737029123196302e-26,4.7479723856251134e-11,4.3310401280598724e-11,True,False,False,1
98a426117b0eb30b1eb110ff4ff5b57f,1,OK,7.51,6.339166666666667,300,3.5294688355861403,0.9767438143708019,0.3266160495533922,0.3730507880461442,2.0704735741272122,0.29680047928667685,2.2350946468024584,0.1142794560966257,True,True,True,3
98a9660b4c9b431007208cf266444d7c,2,OK,8.69,14.983,300,1.5075376884422125,0.99,8.531022244459924e-27,0.6091201281116576,1.2782030628874306e-25,6.519600083643035e-28,9.90392952833948e-13,1.3431881889265574e-12,False,False,False,0
999c33e0c64efde4c29959c3a2754585,1,OK,5.340000000000001,14.983,300,113.00111963379643,0.45278056517622384,0.08827702740127653,0.17087287203832202,1.3226547015533263,0.08528760589824451,1.7801014825980734,0.2587938824212894,True,True,True,3
99a72d537d485d8e70e2f2cc5a54ce4c,1,OK,6.49,3.644833333333333,219,1.1005025125628152,0.99,0.3854203606879259,0.9341830056165227,1.4047929779807085,0.30434419268015467,1.0764642379550138,0.22740150261231012,True,True,True,3
99c1547988beecf13a875a0c0ddfd2f4,2,OK,9.66,14.986833333333333,300,1.5075376884422125,0.99,0.01235848803315261,0.8223889526463868,0.18521460040485263,2.3406362423256053e-24,-0.6690691412991248,0.6690691411199517,False,False,False,0
99ea9338b786956f079d4c70ddb32777,2,OK,8.75,14.989166666666668,300,1.5075376884422125,0.99,9.950989166737973e-18,0.7455162210862847,1.4915703511842995e-16,6.044656701091716e-27,3.5556742735328345e-13,1.4958888519232987e-12,False,False,False,0
9a2c1aa80256761a7c1cab6e46be21ad,1,OK,9.85,14.989166666666668,300,1.5075376884422125,0.99,0.23247245104165998,0.0965794387522998,3.484568314071949,0.17193591873768904,1.0107494640940509,0.13857174895181149,True,True,True,3
9a5a3b4ae28dad97bc7ef7e4b484e83b,3,PARTIAL_C,10.4,14.987,300,1.5075376884422125,0.99,0.04048367000171679,0.7187987927880694,0.6067287623157296,3.778507263072044e-24,-1.5076077628379876,1.5788853749686769,False,False,True,1
9ada9668ef3649ec7f6bdae22baa5bd6,3,PARTIAL_A,7.680000000000001,14.996,300,1.5075376884422125,0.99,3.1013660847292706e-29,0.40970854533710294,4.6508085806600145e-28,1.5731100369017143e-26,1.9228663106218846e-10,1.4389949920593519e-10,True,False,False,1
9b03b72e4573291be746727071a27642,1,OK,8.76,5.416166666666667,300,5.1002552051627985,0.9665666932875349,0.5074650461535716,0.3263081920531804,2.7485152674754363,0.47913690939003833,2.71790131114901,0.11478777440125532,True,True,True,3
98f0001a08a5dc785c6a3a237d6cca6e,2,OK,8.83,14.995833333333334,300,1.5075376884422125,0.99,3.7507286115020423e-28,0.6361883528234827,5.6245301136649375e-27,3.418456754152849e-27,-1.0357389020517378e-10,1.4474945356019675e-10,False,False,False,0
99227b7b7643e4f316cfa74012e704f5,2,OK,9.42,14.988333333333333,300,1.5075376884422125,0.99,3.0204558590402144e-16,0.6649980826459145,4.527159923391442e-15,5.201890249322469e-26,1.209576439009652e-09,1.2793794289781388e-09,False,False,False,0
99783ffd0fb38e73b18bf3205277304d,2,OK,6.180000000000001,14.996,300,1.5075376884422125,0.99,1.6965841295612447e-17,0.2735199105236236,2.544197560690043e-16,2.5833801813452376e-26,-1.2080321927972668e-10,1.4235828046785832e-10,False,False,False,0
997a7ff9cc41849ed6febca372e080ac,2,OK,9.39,14.983,300,1.5075376884422125,0.99,1.0990784180350311e-18,0.8028509660652425,1.6467491937418873e-17,1.1635964541295077e-26,-6.605390308796662e-11,5.291180996521701e-11,False,False,False,0
9b4fd94d2b16354156b8d370d0287c19,2,OK,2.1799999999999997,14.980500000000001,300,5.81765923459942,0.9619534120484745,2.9072048712290992e-24,0.1453725519415359,4.3551382573447525e-23,2.6642988212934464e-26,3.890944603549921e-10,4.011456122547945e-10,False,False,False,0
9b5d9ae911c105ba92acf18bf604202c,1,OK,6.01,5.736166666666667,300,10.381462330914143,0.9331051393794523,0.4847611778363783,0.19226218690686925,2.780670909599105,0.4724605709475269,3.092388184499935,0.225044207988842,True,True,True,3
9b6a5b23c9da283e3973a9cc95d9db96,3,PARTIAL_BC,7.709999999999999,4.581333333333333,275,1.381909547738695,0.99,0.6264976774348289,0.30466486434866386,2.870194692888096,0.5866044933029964,-0.5051503785066687,1.4839976685555767,False,True,True,2
9bd3cf7af1006ffaa7ae7229b4f6e99a,3,PARTIAL_A,7.2700000000000005,14.9825,300,1.5075376884422125,0.99,1.3366786256911255e-16,0.5521318370661665,2.0026787509417286e-15,1.2710639911028369e-24,1.8815467702400685e-11,1.1221640752672217e-11,True,False,False,1
9bd4cda3f29d606187e78887b1713c59,3,PARTIAL_A,1.8599999999999994,14.995833333333334,300,3.0239165573543727,0.9800417300937233,1.567651850181916e-17,0.12273705366752237,2.3508245870019647e-16,1.0914945557219998e-26,3.309595560570718e-10,1.8019726809508083e-10,True,False,False,1
9bf557aadf4fb226b5b203a6658866df,2,OK,8.33,14.996,300,1.5075376884422125,0.99,2.1333496465927653e-20,0.4358598396659571,3.199171130030511e-19,2.1703268181742415e-25,-1.7767335750799398e-10,1.5196423417365735e-10,False,False,False,0
9c4110a000c4e6b43fd47197bfe20eca,3,PARTIAL_BC,8.0,2.9421666666666666,177,0.8894472361809053,0.99,0.2400100921162768,2.267009882973028,0.7061496926881057,0.047967192855238136,0.09769782439684276,0.282882198158855,False,True,True,2
9c586649c14550bfeefca5feb3ab3677,1,OK,1.6899999999999995,14.9895,300,67.97532545976773,0.6305441112126973,0.23482881980601636,0.011210343106826129,3.519966594482282,0.2280617413501728,2.04560856765926,0.11548492358317693,True,True,True,3
9d9937138b81d8f7344410241c49679d,2,OK,8.93,14.980500000000001,300,1.5075376884422125,0.99,1.5850513285271546e-20,0.8004141543554961,2.3744861427001044e-19,4.7503703933961764e-27,-0.09934149274870256,0.09934149238567594,False,False,False,0
9df6bb0098999654c86c06f9a3e67a32,2,OK,9.58,14.983,300,1.5075376884422125,0.99,1.6718680988739567e-18,0.815505677644547,2.5049599725428494e-17,6.145589142798815e-25,-2.4053184629243183e-09,1.7589085592403954e-09,False,False,False,0
9e0a72e33c204b5378cc21d119bed420,1,OK,8.04,14.986833333333333,300,80.90348328308639,0.575202187253514,0.3057950032254924,0.023946423429613523,4.582898747506584,0.2963566481472407,2.190113181000356,0.16008468436288573,True,True,True,3
9ed22cb3f59c0249c77fca8adef2c23c,2,OK,6.78,14.983,300,1.5075376884422125,0.99,1.2042103875902765e-26,0.4356413226953717,1.8042684237265115e-25,2.33466454062118e-25,1.5940989269343694e-10,2.2439159871681455e-10,False,False,False,0
9c64574c07c8d058099dfccda45226d2,2,OK,8.290000000000001,14.980500000000001,300,1.5075376884422125,0.99,2.517528892174031e-15,0.5014668921517611,3.7713841569213075e-14,3.0468356550137895e-26,-6.661101300172352e-11,6.407464687597093e-11,False,False,False,0
9ceebd8fe3db5a90223f76c15e00e68b,2,OK,8.81,14.980500000000001,300,1.5631761159752737,0.9896328448578608,4.2635673484410677e-16,0.7874313654468207,6.387037066332142e-15,1.0785566127242332e-24,-0.5135374061120012,0.5135374056617685,False,False,False,0
9d28b54d44d9ec5b74568cf5ffde0d38,2,OK,7.390000000000001,14.983,300,1.5075376884422125,0.99,1.3590933246430956e-26,0.6049375457329568,2.0363295283127503e-25,1.39677006103355e-26,1.660341493921654e-10,1.6960620486694337e-10,False,False,False,0
9d2d6fccb0f59e1f9f66dca7993516f7,2,OK,7.430000000000001,14.986833333333333,300,1.5075376884422125,0.99,2.5352993556910478e-24,0.6637491618889523,3.7996108893849115e-23,1.8567884430861533e-26,-6.518215596903094e-11,6.239391719685707e-11,False,False,False,0
9ee44c62d15fab81d05b7ce7b3c01726,2,OK,9.49,14.9825,300,1.5075376884422125,0.99,1.9576885291701814e-28,0.7643217764379376,2.9331068388292244e-27,4.747852110858783e-26,5.466261517502365e-10,5.778933524294943e-10,False,False,False,0
9ee46569f630f18084267a4cf33748fb,3,PARTIAL_C,9.06,14.980500000000001,300,1.5075376884422125,0.99,0.04828699373404752,0.5492505094920591,0.7233633096328989,3.038842484913785e-23,-1.0579740635024317,1.2789214230373778,False,False,True,1
9f15dfce94fcf109920bed906919e213,1,OK,9.09,10.002,300,2.9434496231607667,0.9805676628636651,0.6153560842918592,0.013429980214481368,6.154791555087176,0.5555599107950515,1.6313633471842681,0.47891565407449743,True,True,True,3
9f2a26e7132ec84f85abd104d578378d,2,OK,6.799999999999999,14.995833333333334,300,1.5075376884422125,0.99,7.494998408288073e-17,0.5336875664406903,1.1239374696428656e-15,1.0500496381554163e-26,-4.7954233176975926e-11,6.915623419249149e-11,False,False,False,0
9f46cf08e2cedc047f202142721e93d0,3,PARTIAL_A,7.870000000000001,14.980500000000001,300,1.5075376884422125,0.99,1.2037199361127394e-18,0.49955872755203423,1.8032326502936895e-17,8.451723234557748e-27,4.1314781225783764e-10,4.0981558364018483e-10,True,False,False,1
9f7b466296e8cf22e438d8d790fd64bc,2,OK,8.620000000000001,14.982000000000001,300,1.5075376884422125,0.99,2.0335793826278924e-24,0.7636445821511588,3.0467086310531085e-23,7.154643251750209e-25,-2.663499495033269e-09,2.590550844801373e-09,False,False,False,0
9f9807291258fd05be27167d272b8b80,2,OK,7.109999999999999,14.9825,300,1.5075376884422125,0.99,1.054317370858637e-20,0.4736803408157251,1.579631000888953e-19,9.155172382307499e-26,6.174734797544564e-11,6.481562916868637e-11,False,False,False,0
9f9fb5a6ffb82a04bcd7ee1ed732424a,1,OK,8.399999999999999,3.3776666666666673,203,1.0201005025125638,0.99,0.663058210058156,0.6977418183771738,2.2395896141730987,0.6148107635032909,1.1787930204927064,0.2762978458611875,True,True,True,3
a06abf0daa99d2ba8fe902b99c19ff2e,3,PARTIAL_A,8.31,14.983,300,1.5075376884422125,0.99,4.6810266558716196e-27,0.6090981304134421,7.013582238492448e-26,4.239407086252665e-24,7.855323058691965e-10,7.567728330172334e-10,True,False,False,1
a07294ec96ecbc458fdb0c7d102cf659,2,OK,1.879999999999999,14.990999999999998,300,15.488035979280475,0.9018153830701989,1.715388505994079e-17,0.1308551350485544,2.5715389093357235e-16,1.2819219465580095e-24,5.003405097644039e-14,3.389909435393634e-11,False,False,False,0
a0a5710a9a2b68f9ad8d699454074862,3,PARTIAL_A,1.9899999999999993,14.988333333333333,300,1.728831470602506,0.9885404953701221,8.810342237040097e-24,0.1237969347959701,1.3205234622950265e-22,1.512888111369496e-25,1.3031945892786703e-10,9.766468195954727e-11,True,False,False,1
a110bfed94596783fd86c158cb1f653e,1,OK,8.56,14.986833333333333,300,86.5663546143351,0.5521268026509986,0.32700368384268125,0.02050789735713969,4.90074970913629,0.32075697717450563,2.635889946965791,0.14669137799625556,True,True,True,3
a1498c2bd8b3da1df1fd4d87100730ee,3,PARTIAL_A,9.73,14.988333333333333,300,1.5075376884422125,0.99,3.302060069016347e-29,0.7313771226310486,4.949237700110668e-28,2.1213133156851315e-25,6.186970935573299e-10,5.983159227344133e-10,True,False,False,1
a2034aa0515f1434f2d1032c348887ea,1,OK,8.83,7.7441666666666675,300,6.56677267884812,0.9571592666650321,0.8000135674700949,0.013322323733316847,6.195438402082994,0.7278005078873704,1.7833092849963357,0.4724458650510408,True,True,True,3
a21f0c32df0870e15f534fb43a96d0ce,2,OK,8.95,14.990499999999999,300,1.5075376884422125,0.99,4.689254228594042e-29,0.7225628899331341,7.029426551373898e-28,4.017391916972592e-24,9.45414043348099e-10,9.474110039907451e-10,False,False,False,0
a238e1234ad565976435b8f09a98bbdd,3,PARTIAL_A,9.67,14.988333333333333,300,1.5075376884422125,0.99,7.657245432418358e-19,0.6689455341202278,1.147693469562305e-17,1.2434524361578731e-24,1.6056158624877526e-09,1.5038411280764836e-09,True,False,False,1
a2497554ad65592e27b5cc4817653dc9,2,OK,3.3599999999999994,14.993833333333333,300,1.5075376884422125,0.99,1.430867928807381e-18,0.20940823258644273,2.1454195246549736e-17,6.425936016188243e-25,-4.782861144173959e-11,1.2850654502527473e-10,False,False,False,0
a279ccc6728c04d128e46cb825858d2d,2,OK,9.020000000000001,14.993833333333333,300,1.5075376884422125,0.99,1.2922551117043367e-20,0.7105896544048074,1.9375857769042872e-19,6.218494570649641e-24,-1.3296112359266013e-10,1.9607043530645077e-10,False,False,False,0
a2837d5db2594265ece60a13f595c7a7,2,OK,7.990000000000001,14.993833333333333,300,1.5075376884422125,0.99,8.786705104698894e-23,0.46637202554803686,1.3174639188900443e-21,2.8042672128936686e-25,-2.4088879039633564e-11,9.024552121778539e-11,False,False,False,0
a2880ca5f260a11c3e9c32643f940fba,2,OK,8.97,14.990499999999999,300,1.5075376884422125,0.99,4.865054938284941e-28,0.6350301898974455,7.292960605236041e-27,4.593587895652484e-27,-1.2772479370444975e-10,1.2657247703554042e-10,False,False,False,0
a2cc5e7f2064f17d37c08fa0b7ecf2c4,2,OK,8.27,14.9825,300,1.5075376884422125,0.99,8.64204825389396e-27,0.5764447820968972,1.2947948796396626e-25,1.206829660590124e-27,-1.7255012233855874e-10,1.9379847113070523e-10,False,False,False,0
a310a51d779cfcae3d4b20eb27ba2aac,2,OK,8.760000000000002,14.993666666666666,300,1.5075376884422125,0.99,6.940735451710153e-27,0.5935532430072706,1.0406707378445814e-25,2.750746464066835e-24,7.782670804109178e-11,3.1350569161307624e-10,False,False,False,0
a3384e8975f58cc45e930b7d89e97abd,1,OK,7.859999999999999,5.650833333333334,300,1.5075376884422125,0.99,0.3021900327736332,0.6641845441427103,1.707625510198339,0.16190017707998897,0.743015466406714,0.25002939005899144,True,True,True,3
a33891bac6f62ea7384eb94945d2d09b,3,PARTIAL_A,8.79,14.982000000000001,300,1.5075376884422125,0.99,5.730707498337542e-22,0.7513304500999441,8.585745974009306e-21,3.0527866521527934e-26,1.2850172777708244e-10,1.2650412484655306e-10,True,False,False,1
a3773328c9bd96ff715bca2290cfe3f7,3,PARTIAL_A,8.129999999999999,14.983,300,1.5075376884422125,0.99,3.4324170033735018e-18,0.44462581814907665,5.142790396154518e-17,5.1060926449959016e-26,9.644211355445501e-12,4.040760355401385e-12,True,False,False,1
a39a95cc054f1ad7a14b3c3dbe557018,3,PARTIAL_A,8.5,14.997000000000002,300,1.5075376884422125,0.99,3.311937468608557e-19,0.5203654322357176,4.966912621672254e-18,4.2128763618864704e-27,6.379289689088334e-11,5.810364714774214e-11,True,False,False,1
a3e3eef38b7604abd6ed7dbaffd3b536,3,PARTIAL_A,9.41,14.980500000000001,300,1.5075376884422125,0.99,3.958080808847998e-17,0.7585904045333266,5.929402955694743e-16,3.650098252057188e-27,2.7984281558701696e-11,1.3042649601467438e-11,True,False,False,1
a3ec9cf65188de52ab58ab04fbf8a613,1,OK,7.430000000000001,3.7625,226,4.4974672802075,0.960975993938015,0.5987835472417959,0.5439434866951584,2.2529230964972573,0.5736735620736191,2.8974064971818767,0.09921119799792893,True,True,True,3
a446b5c74b63479c54c9f76a56dbc87d,1,OK,7.680000000000001,3.0929999999999995,186,2.295857091573573,0.9756143642559588,0.5804762961672477,0.9351008713665674,1.795413184045297,0.5406221877443336,2.344365661088966,0.11966322373070572,True,True,True,3
a470d1a9611eb964e0ee4ea5314b9d9a,1,OK,9.73,12.243500000000001,300,1.5075376884422125,0.99,0.06503910003279195,0.6130521530339397,0.7963062212514883,0.036294761972841864,0.5115307186536713,0.24446118924801602,True,True,True,3
a482868857f6c1f5765fef2907678854,2,OK,6.17,14.986833333333333,300,1.5075376884422125,0.99,1.6858527057715162e-29,0.5800789913252781,2.526559352594675e-28,8.559601359645933e-26,-0.04646328785610132,0.046463286317182335,False,False,False,0
a4dd8125c9e529b801c5b00de1a41c31,2,OK,8.31,14.994166666666667,300,1.5075376884422125,0.99,6.591847363930997e-21,0.5765645780284205,9.883925801600869e-20,1.756221619919699e-27,-8.026757036816434e-11,1.320498862516288e-10,False,False,False,0
a3f718ff7f8d23d029671ae6fb1a9a88,2,OK,9.93,14.995833333333334,300,1.5075376884422125,0.99,3.970546776108341e-17,0.8080483830967946,5.954165769672467e-16,1.4269349773061146e-26,1.0137224393247379e-10,1.349319442091429e-10,False,False,False,0
a41d5bd8aec8a803b5bdfd210bb1e93d,3,PARTIAL_C,8.99,14.986666666666668,300,1.5075376884422125,0.99,0.05990247265687893,0.5245390045638402,0.897738390217759,1.0317858430868233e-18,-1.9173459546714902,2.067182097470745,False,False,True,1
a4221a1c547aa66ee6107b1323e009ca,3,PARTIAL_A,7.749999999999999,14.993666666666666,300,1.5075376884422125,0.99,1.118222379170403e-17,0.3553334475895068,1.6766253612487964e-16,4.1699283592405515e-24,1.0540598024041022e-10,9.513404019052639e-11,True,False,False,1
a4451c087724f7d2591004db96f89dc2,1,OK,7.68,4.162166666666667,250,1.7868442037272425,0.9858066912957417,0.733536172958214,0.2828208395352908,3.0530998078809133,0.6672491090857627,1.9133488592909655,0.5497829192427338,True,True,True,3
a7e7d7c499b254ae71b2c335660889c4,3,PARTIAL_AB,3.829999999999999,14.989166666666668,300,8.307938403158845,0.9461062310222128,0.025617257697155265,0.22102240006180104,0.38398134516560983,0.01896912670567456,0.35478061627092555,0.22174191911884805,True,True,False,2
a81390bb47db99fff1646b61df1c95c6,2,OK,1.790000000000001,14.990499999999999,300,40.93877025172496,0.7598467887855718,0.0028099741353471612,0.12047475641005967,0.042122917275921615,1.0576271030508086e-21,-0.07201675670520961,0.058631439409750116,False,False,False,0
a8193beb29fb6adf90c8d6a8054a1623,3,PARTIAL_C,8.77,14.980500000000001,300,1.5075376884422125,0.99,0.04086259741991446,0.5696286370128527,0.6121421406490286,1.492567773974432e-19,-0.9955237932776918,1.1636784894448848,False,False,True,1
a85dcc2a27b53eb730731bfa1713a00f,2,OK,9.469999999999999,14.980500000000001,300,1.5075376884422125,0.99,0.004355896425689374,0.8280683225801031,0.06525350640503967,1.2682873239759759e-24,-0.6360953179147603,0.6360953179261193,False,False,False,0
a58ff9d44b22334acb6f283df35cb850,2,OK,9.030000000000001,14.9815,300,1.5075376884422125,0.99,1.1230705064500283e-19,0.6962758441242566,1.68252807923811e-18,3.473680755613868e-27,-5.3788085097039584e-11,7.026667652656923e-11,False,False,False,0
a5ae900b6733c26284da25d1ea566a9d,2,OK,8.039999999999997,14.993833333333333,300,1.5075376884422125,0.99,9.000471715491499e-17,0.3925661315104479,1.3495157282346027e-15,5.286421625697558e-26,-2.1106671965753776e-11,2.53203227924655e-11,False,False,False,0
a642fd7b2086c6f99cbef6885c6137b7,2,OK,3.37,14.993833333333333,300,1.5075376884422125,0.99,3.965707226687629e-18,0.20633064657272585,5.946115320574986e-17,4.863979030491445e-25,-6.743728029704836e-11,7.20769407717785e-11,False,False,False,0
a6684cf75c33107a60e738d15af73c92,3,PARTIAL_BC,9.29,14.993833333333333,300,3.5127844909722006,0.9768524775859866,0.07219460489276483,0.45128796430699814,1.082473873327967,0.008152981343880513,-0.2749320131443392,0.7647818582079523,False,True,True,2
a4ebaa60d7fb20fd11b43fc66d83f933,2,OK,7.56,14.996,300,1.5075376884422125,0.99,2.6425584458342784e-22,0.30478135392573863,3.962780645373084e-21,1.4548458292599772e-25,2.0877966022680994e-11,7.390321510282289e-11,False,False,False,0
a507c7f8bc28c65fe784a6c5c9e83bd1,3,PARTIAL_A,8.08,14.9815,300,1.5075376884422125,0.99,1.057121458609126e-18,0.4691524967057458,1.583726513215262e-17,1.4989656477762036e-24,1.476674338363182e-10,1.4710406923734384e-10,True,False,False,1
a547887492a9533180b1949e5e26569c,3,PARTIAL_A,9.07,14.986666666666668,300,1.5075376884422125,0.99,4.5216550593420816e-24,0.8117294184285493,6.776453715600667e-23,1.6185124603002496e-27,3.167703136834158e-11,3.164899471570245e-11,True,False,False,1
a5779aa17a2bb46e3870c3dc2869583c,3,PARTIAL_A,6.8999999999999995,14.993666666666666,300,1.5075376884422125,0.99,1.1103708195701408e-17,0.32108220547397215,1.6648529945028166e-16,6.376704988578597e-25,2.2226502120285355e-10,2.1484969457448488e-10,True,False,False,1
a73f4bbf45ef053a99f294566cf093a3,3,PARTIAL_C,9.37,14.993833333333333,300,2.990532575552822,0.9802598942605105,0.06883127679178533,0.4684470232442003,1.0320446923365638,0.002754117050554371,-0.34691466753428446,0.8079161421668344,False,False,True,1
a74d3af804fb2b9e90bae73dba3eb8c9,3,PARTIAL_A,8.239999999999998,14.983,300,1.5075376884422125,0.99,2.449298757434421e-21,0.5615483035282036,3.6697843282639927e-20,7.686942616617404e-26,1.878134166706976e-09,1.8530183496905718e-09,True,False,False,1
a750fdf69ed9273e254266cf646f048e,1,OK,8.57,3.8103333333333333,229,1.150753768844222,0.99,0.40508999661843403,1.0999693312282472,1.5435279171151064,0.3131286481755353,1.1084411603147286,0.2118061557637301,True,True,True,3
a7a54dc86734bec3e355f3e70fd7c242,3,PARTIAL_A,7.210000000000001,14.983,300,1.5075376884422125,0.99,6.49599222058304e-27,0.5163718385357737,9.73294514409957e-26,1.0322257270768586e-25,9.92751806686935e-11,5.268995299190142e-11,True,False,False,1
aa0572ee8097c1cab911452207f6386e,2,OK,8.33,14.996333333333334,300,1.5075376884422125,0.99,9.927817719643723e-29,0.6857148562781444,1.488808637963505e-27,5.961821813234136e-24,-6.02745261109779e-11,7.53518830755026e-11,False,False,False,0
aa07561bda8673f30bf99a0481368ea5,2,OK,8.36,5.433833333333334,300,1.5075376884422125,0.99,0.04453379698876062,1.824464277146092,0.24198923053742713,3.490711724274273e-25,-1.1167891623814754,1.1167891623779984,False,False,False,0
aa98b4d0d237cbdf13cc34e052ad474d,2,OK,1.799999999999999,14.996166666666666,300,6.237529486235762,0.9592634547653238,5.937676500696416e-14,0.1151495129699479,8.904238641719355e-13,7.212311695631227e-25,-4.268471502181607e-10,8.141125622490222e-10,False,False,False,0
aa9f3dd65184d56b84b367844c801213,3,PARTIAL_A,8.72,14.986999999999998,300,1.5075376884422125,0.99,1.4182748852791992e-16,0.6801525014220131,2.1255685705679355e-15,2.3441223665771968e-26,2.3933891905395892e-11,2.3631775614604866e-11,True,False,False,1
a88ced9f0cc6d1bf100cacb1a35cb818,2,OK,8.66,14.989166666666668,300,1.5075376884422125,0.99,6.3646106415659084e-24,0.7826296455227787,9.540020967487167e-23,8.823183611833685e-26,-1.6637747476030047e-09,1.5425916041695967e-09,False,False,False,0
a9074319f63e8f86c540fb45def80433,1,OK,8.67,7.5600000000000005,300,5.3711690886369565,0.9648220288466203,0.8502075747142233,0.013538080245584743,6.427569264839528,0.7957046361581304,1.994843270886615,0.33410331667269344,True,True,True,3
a9204b71f5e742d5136274510f23c074,2,OK,8.149999999999999,14.980500000000001,300,1.5075376884422125,0.99,2.747052467874856e-18,0.43550947674850055,4.1152219494999285e-17,2.4172636933535636e-26,-1.3198161082546753e-10,1.621014176330492e-10,False,False,False,0
a96e6cbd76a4685c79e508ad6c22cc65,2,OK,9.04,14.993666666666666,300,1.5075376884422125,0.99,3.053779039195057e-20,0.6043443539079612,4.578734498734429e-19,5.450633567104279e-25,-6.626580765593341e-11,1.3885681964226661e-10,False,False,False,0
aaadc8163db897b4e2cedd428e546f0a,3,PARTIAL_C,9.690000000000001,14.9895,300,1.5075376884422125,0.99,0.04995483752925068,0.6109714584953121,0.748798037144703,4.366266199655878e-24,-1.4633463938995461,1.6064301554406688,False,False,True,1
ab546a991b5790366670030abca2ece6,1,OK,6.99,3.3778333333333337,203,1.3850875316302147,0.9864462955848884,0.5923065623385455,0.6843058611584398,2.0007128498192173,0.5376157824157255,1.9375095006315473,0.0386168945195892,True,True,True,3
ab9b58b9c074ec2074c82289ea8b0790,2,OK,8.45,14.983,300,1.5075376884422125,0.99,2.3252174973366612e-18,0.45392264271527605,3.4838733762595196e-17,1.3033347179292544e-26,-9.303876187990075e-11,8.367293165709183e-11,False,False,False,0
abd9f499532bf47e6639a124d7c02824,3,PARTIAL_A,7.3100000000000005,14.996,300,1.5075376884422125,0.99,3.581486032683296e-18,0.4002144492303932,5.370796454611871e-17,1.0986384240352369e-27,5.476920398687449e-10,4.020628348332089e-10,True,False,False,1
a988a56970be9ea90f912746de552852,3,PARTIAL_A,8.76,14.988333333333333,300,1.5075376884422125,0.99,4.5554204897156355e-18,0.5144859538469454,6.827816077335452e-17,5.424413307381702e-25,3.295349178718728e-11,1.8595782520398743e-11,True,False,False,1
a98ac1b5dd550250ea02e6b11fd8911b,3,PARTIAL_BC,9.959999999999999,14.9825,300,5.455931107167047,0.9642768036135931,0.07045050086269472,0.4618750217346352,1.0555246291753237,0.016596442024440154,0.2304387605559666,0.4584193614140742,False,True,True,2
a9c194372738e48800dccbe7d42b7f9e,2,OK,7.83,14.9815,300,1.5075376884422125,0.99,3.68561356383126e-18,0.4077563741601332,5.521601960653802e-17,6.793144413925734e-26,-8.355508877381605e-11,7.231146654626824e-11,False,False,False,0
a9c197403c5d4b66f65c72ea978c4b20,2,OK,8.28,14.9825,300,1.5075376884422125,0.99,1.2924790250509377e-27,0.5596146982789425,1.9364566992825674e-26,8.781116766283255e-26,2.9245050825466024e-10,3.189051533849214e-10,False,False,False,0
abe10d11942a0cfa30b443196353e922,2,OK,6.75,14.983,300,1.5075376884422125,0.99,6.141061649794059e-19,0.4015194287011465,9.20115266988644e-18,5.44216477021187e-25,-6.029991321080767e-11,7.214410250451449e-11,False,False,False,0
abf69e7045a9bacd15f69060022c75fe,2,OK,8.99,14.993833333333333,300,1.5075376884422125,0.99,2.330936063508361e-25,0.7157203195165226,3.494966684690044e-24,3.747725946881936e-27,9.012879331748991e-11,1.5214709252616676e-10,False,False,False,0
ac202a0737d02540755f06904d906543,3,PARTIAL_A,8.19,14.999666666666666,300,1.5075376884422125,0.99,3.371756368517844e-27,0.6055792059634306,5.0575221608978154e-26,9.440954809704897e-27,5.497999093032983e-10,5.126587994364763e-10,True,False,False,1
ac2747b5d8376fc8054a8802194698c0,1,OK,5.949999999999999,14.983,300,107.9816476818263,0.4706543870520458,0.07376245779354207,0.21243866335554043,1.1051829051206408,0.07071167723042203,1.5743513655624637,0.2576596137836365,True,True,True,3
ad724377172df3583ff954cdffc1a66b,2,OK,8.9,14.983,300,1.5075376884422125,0.99,7.741801656775471e-29,0.5982486510135988,1.1599541422346687e-27,7.049033452283788e-27,-8.799627693178991e-13,1.1098914699240862e-12,False,False,False,0
ad92490f33d28f51ab1f925d56fcbf9e,2,OK,8.78,14.996,300,1.5075376884422125,0.99,4.0378084249050593e-29,0.7195643014427058,6.055097513987627e-28,3.7145693717986863e-25,1.857669573723797e-11,3.4982533391696684e-11,False,False,False,0
adba55e0d0c8e487779d14c971f9fd5f,1,OK,8.49,3.879833333333333,233,2.48329646342956,0.9789089374853794,0.6410716872431753,0.5381587222189159,2.487251301222313,0.5700690245444354,1.8664128045289454,0.1942918821603987,True,True,True,3
ae13c29c9afc52f74724e74e758cbe51,2,OK,8.97,14.983,300,1.5075376884422125,0.99,6.238045797932249e-25,0.7716414275031123,9.34646401904189e-24,6.469887501670987e-26,-1.378993660002455e-09,1.5335370029694119e-09,False,False,False,0
acaef4f5d9782bfe27ebe922b5db09f3,3,PARTIAL_A,9.28,14.998833333333332,300,1.5075376884422125,0.99,8.658349941240836e-25,0.5786063637977557,1.2986514771034774e-23,2.0367380829963133e-26,1.098358441235329e-11,6.537792576645458e-12,True,False,False,1
ad284281921d2c57a26699477f609c5a,3,PARTIAL_A,8.719999999999999,14.988333333333333,300,1.5075376884422125,0.99,5.4315282054221925e-18,0.4363837624923262,8.140955525226963e-17,3.0032281329153934e-27,4.710358029550813e-11,3.532928013433453e-11,True,False,False,1
ad4c1c8c1b312f4ae2c512001565fb67,1,OK,10.1,14.368,300,12.313299251088926,0.9211477751308345,0.5485670407768586,0.0021906878266693135,7.881811241881905,0.5258050540944195,2.4103166948415,0.20737414816903788,True,True,True,3
ad6344e65890fdfac5a5bbbff5f7b3e2,3,PARTIAL_A,8.379999999999999,14.9825,300,1.5075376884422125,0.99,4.1084580238926476e-20,0.7050930262456061,6.155497234297159e-19,4.689985650564603e-24,2.1907660870586674e-12,1.0962808332458833e-12,True,False,False,1
ac37ba56571630d7d060e3d8621006c2,2,OK,8.35,14.9825,300,1.5075376884422125,0.99,2.1172728822254145e-21,0.5979272886532091,3.1722040957942276e-20,7.9372318499581e-27,8.023968896727259e-10,9.808326504085797e-10,False,False,False,0
ac56f1c4843556e85f673d0e0af91fbd,2,OK,8.209999999999999,14.9815,300,1.5075376884422125,0.99,2.542286492176768e-18,0.44098453737359095,3.8087265082546257e-17,2.9517698366585414e-26,-6.947168766184102e-11,1.4823480253612332e-10,False,False,False,0
ac7b2ebf4ca444f27b158163e9005c8e,3,PARTIAL_A,7.44,14.982000000000001,300,1.5075376884422125,0.99,4.327393052164659e-21,0.33758154144760644,6.483300270753093e-20,2.2380534234861027e-25,1.3553358435558494e-10,1.1209522599831718e-10,True,False,False,1
ac9b9dcb4a22f4f20cccb3251a682f74,2,OK,2.920000000000001,14.993833333333333,300,1.5075376884422125,0.99,7.849940076712316e-25,0.17446511477737114,1.1770069318687833e-23,2.744545417386099e-23,-1.3458797039807754e-10,5.279728838302052e-11,False,False,False,0
ae1c2ec8539a688aa01e5c31977341ba,2,OK,6.86,3.7616666666666663,226,1.1356783919598,0.99,0.12929912795097884,1.7227662242013824,0.48638021964226535,4.755924240879183e-16,-0.5394972964119029,0.7515860261126301,False,False,False,0
ae4b167a5c05248107a9394932627a3d,2,OK,9.87,14.9815,300,1.5075376884422125,0.99,1.5099992850201576e-23,0.8896575735806269,2.2622054288529493e-22,5.113972256103411e-24,6.899392168691065e-11,7.108293279592332e-11,False,False,False,0
ae7850b69fb8ec1bb527adb5a607668c,2,OK,9.08,14.993833333333333,300,1.5075376884422125,0.99,5.400697064133762e-25,0.742402161848638,8.097715166344427e-24,1.2511845483798476e-25,-4.3931880355785324e-10,4.684353823855498e-10,False,False,False,0
ae79e31cfde02bafaa968eaecb5ce624,3,PARTIAL_BC,9.6,14.983,300,2.9049439749662227,0.9808194350554654,0.06887579923818113,0.47261572878366825,1.031966099985668,0.013760714536870762,-0.2548218375208269,0.7455251084589901,False,True,True,2
ae8fec49d5765ee244b3d6bd989e0a0a,3,PARTIAL_A,1.42,14.983,300,28.896013428849667,0.8242848058412191,6.776398992319671e-25,0.09722291923740489,1.0153078610192564e-23,1.7522857636008518e-23,1.7536129585475162e-09,1.385652493377457e-09,True,False,False,1
aea9d56cfd86c9e5e81844f7e21f6338,2,OK,7.9799999999999995,14.986833333333333,300,1.5075376884422125,0.99,5.502535925509884e-27,0.5793231449256979,8.246558882629571e-26,1.1510797635107732e-25,-9.098951222104763e-11,1.2514526045805303e-10,False,False,False,0
aed19f088c0e81f8ff1f3ef702532fa3,1,OK,8.62,3.3933333333333335,204,5.561602959107533,0.9469215459265905,0.7580864684128003,0.5612623732558364,2.5724400828141025,0.7344431399438364,2.977367654119791,0.20254085366464428,True,True,True,3
af93aa12e795fbb1227dbd848842a31c,2,OK,4.300000000000001,14.9825,300,1.5075376884422125,0.99,5.867216771010031e-17,0.27099148717602606,8.790557527165779e-16,2.7692253335564096e-26,-1.568277729901979e-10,1.5484201646734467e-10,False,False,False,0
afa03f04113f681545a3d2cd7f250ba5,2,OK,8.64,14.982000000000001,300,1.5075376884422125,0.99,1.0416712313016378e-19,0.7511959208080369,1.560631838736114e-18,4.530163193594342e-26,-1.9301822362649546e-09,1.9332755038640377e-09,False,False,False,0
afcd4b48e2c583f461d45dcab42f7a85,2,OK,8.67,14.9895,300,1.5075376884422125,0.99,1.6417136877821954e-18,0.81633604010031,2.4608467323011216e-17,1.905451739492126e-27,-2.77909547226803e-10,3.742351234171207e-10,False,False,False,0
b0014a52fa3e16b1697ddf4b8224d62b,2,OK,8.559999999999999,14.989333333333331,300,1.5075376884422125,0.99,5.896801984217241e-18,0.8025440092244505,8.838913054209362e-17,1.839058150977888e-27,1.8370342284394308e-11,2.4302370234481593e-11,False,False,False,0
b00eac27c163a51dd58b66e67264eadc,3,PARTIAL_A,1.67,14.990499999999999,300,1.6057175736001466,0.989352207335338,1.68578786584825e-24,0.10291640465459682,2.527080300299819e-23,1.01533616579227e-24,1.0828459418484501e-08,1.0608400324087582e-08,True,False,False,1
b0205d8a023d1fcc749a426da7e56fea,3,PARTIAL_A,6.360000000000001,14.988333333333333,300,1.5075376884422125,0.99,6.245245386287555e-26,0.442647464339946,9.360581959813997e-25,2.026790541515898e-27,3.726294143617063e-09,3.0321898091699042e-09,True,False,False,1
b046229ead9d88d27f9d72eff62b49b9,3,PARTIAL_A,7.880000000000001,14.983,300,1.5075376884422125,0.99,1.0155201060672621e-18,0.46323239190124654,1.5215537749205788e-17,7.159457040460868e-26,7.917215031720086e-11,6.247939057350158e-11,True,False,False,1
b07d8c1bebcae9a4ae73f2c1ac7c930f,2,OK,1.7899999999999991,14.990499999999999,300,44.72684114945967,0.7405085081258995,2.5075143233850964e-18,0.12360004588600401,3.758889346470429e-17,6.569188924054508e-22,-5.4142024197290084e-11,5.236337463505906e-11,False,False,False,0
b086d582846e2c2cca57868b5ebac4fd,3,PARTIAL_A,7.729999999999998,14.993666666666666,300,1.5075376884422125,0.99,2.2284542910981486e-29,0.5816658067406167,3.3412700822628607e-28,4.117187925654436e-28,1.5822676502352806e-11,1.5451165539377684e-11,True,False,False,1
b09046a234eb246f8994f0f8e7d8c992,2,OK,7.06,5.749833333333333,300,1.5075376884422125,0.99,0.051454416920186874,1.2554598471924703,0.29585432155492114,5.921937321410523e-23,-0.4927592704095209,0.6266599981933023,False,False,False,0
b0b145fc64535920fa10d9160231bf04,2,OK,9.67,14.988333333333333,300,1.5075376884422125,0.99,1.5468126143670953e-28,0.6490722570974728,2.3184143068338814e-27,9.20358180473619e-24,7.632864710653091e-11,7.712120769978007e-11,False,False,False,0
b0bdeac00f89d7c195019f9fd0c09afa,3,PARTIAL_A,8.66,14.988333333333333,300,1.5075376884422125,0.99,7.627482454704147e-17,0.6770709006364565,1.1432324952525731e-15,1.6592148397368477e-27,3.264622646289202e-10,2.3953910649065006e-10,True,False,False,1
b0c170b90b8bc3350b029f3a8279dfcf,2,OK,9.58,14.980500000000001,300,1.5075376884422125,0.99,3.3853097152538505e-20,0.8747733820933339,5.071363218936031e-19,2.2800730240490727e-26,-9.792152274220218e-10,1.0155763794133134e-09,False,False,False,0
b0ce0cdaec369c75fa1743cbf5ab306a,2,OK,5.99,14.993666666666666,300,1.5075376884422125,0.99,2.5321219262779004e-29,0.27869805855273916,3.7965792121968743e-28,1.4828346807679143e-25,-3.6712114829621596e-12,4.685431472690756e-12,False,False,False,0
b0e6ea8d543a41b4a3f041ac4ee571eb,2,OK,8.71,14.9895,300,1.5075376884422125,0.99,2.86728113426965e-18,0.7558459564735347,4.2979110562134914e-17,4.3631257259032626e-27,-2.970690360371009e-11,2.533199106838472e-11,False,False,False,0
b0fcc542d82f5e4ed0e31517c531a179,1,OK,1.9000000000000004,14.989333333333333,300,23.906786473834046,0.8523847756690007,0.21197464459250273,0.0156107076072653,3.1773586060118877,0.1961105988239656,1.4094956091543274,0.24869220724965074,True,True,True,3
b1039dc9cc397fe4b879f9f5cfc0c283,2,OK,9.21,10.918000000000001,300,1.5075376884422125,0.99,6.267456504631152e-24,1.125880448490651,6.842809011756292e-23,7.768656095557379e-25,-1.3696664543279742e-09,1.6146813375296239e-09,False,False,False,0
b1d56e559faa9fb17c320708f9273b2a,3,PARTIAL_C,9.37,14.9825,300,1.5075376884422125,0.99,0.03701581814956148,0.5719091191352387,0.5545894954258048,8.028074445161792e-18,-0.19072906478173626,0.49177388112456466,False,False,True,1
b1f8e310c273be9722320a214b5f53bd,2,OK,8.8,14.993833333333333,300,1.5075376884422125,0.99,4.645439049955701e-21,0.6289665668843931,6.965293887519412e-20,1.0925837552363726e-26,8.176445446631911e-10,9.859878212015678e-10,False,False,False,0
b209e8157c4c34210718c45ff275fcd1,2,OK,9.370000000000001,14.983,300,1.5075376884422125,0.99,5.062789796845063e-19,0.8064842126003482,7.585577952612958e-18,3.356746487741887e-23,-5.883207994846392e-10,6.973723245779228e-10,False,False,False,0
b21f2bf826e77afb536ae988ad645a33,2,OK,8.719999999999999,14.995833333333334,300,1.5075376884422125,0.99,1.2723617658995386e-27,0.6642225874418582,1.9080124981135164e-26,2.479635111547359e-25,-9.379511981914372e-11,1.1269462339430575e-10,False,False,False,0
b2243af710b3472c48dd5b1138c07b89,3,PARTIAL_A,8.059999999999999,14.982000000000001,300,1.5075376884422125,0.99,1.1729282307067131e-18,0.4680875591793504,1.7572810752447977e-17,3.4219796910868066e-26,1.6715295814151432e-10,9.748668788532966e-11,True,False,False,1
b2277bcf1059f22272fc236bef8d17ac,2,OK,7.76,14.996,300,1.5075376884422125,0.99,3.460533587606069e-30,0.3211117360504141,5.189416167974062e-29,5.420713177008583e-27,-1.36257079693299e-10,1.387815194757584e-10,False,False,False,0
b22cb38748dabb945859da6fe7250322,1,OK,1.2799999999999994,14.986666666666668,300,27.11696365215596,0.8342063135497239,0.22019574896031818,0.011043364612734401,3.3000002910853024,0.20208114002896077,1.4505445999944566,0.18634510505632074,True,True,True,3
b2758ec67529b55b46bb73a4239e8173,2,OK,9.62,14.988333333333333,300,1.5075376884422125,0.99,1.6720953714602262e-16,0.8324913147990488,2.506192279256969e-15,5.703242477618323e-27,3.2989833087526677e-11,3.513246575622676e-11,False,False,False,0
b2f4b506b5d42e2e54b5f930b07ab03c,3,PARTIAL_A,7.509999999999998,14.982000000000001,300,1.5075376884422125,0.99,1.7056873428772187e-20,0.38359196378116317,2.555460777098649e-19,1.2279332152436168e-24,1.6767150630888258e-10,1.0924121223561938e-10,True,False,False,1
b30d89da1a6d930ff228f5b623167fc9,3,PARTIAL_A,7.640000000000001,14.993666666666666,300,1.5075376884422125,0.99,4.928498397646143e-20,0.32703521752767184,7.389626214150705e-19,1.1925511110409236e-25,4.632659441246763e-10,4.619465937780801e-10,True,False,False,1
b320317e3bfcc40cc2017ca8b695b4da,3,PARTIAL_A,8.76,14.996,300,1.5075376884422125,0.99,2.04660871470254e-28,0.7059605553028604,3.0690944285679293e-27,4.0097643041686566e-25,4.814324494617495e-10,4.79923343628499e-10,True,False,False,1
b33ee517998359e8be3de024f9342f57,3,PARTIAL_A,8.459999999999999,14.988333333333333,300,1.5075376884422125,0.99,3.551722966241165e-27,0.6205716502928306,5.323440772567799e-26,3.4706929307193857e-25,1.091241689602877e-09,8.140827208236711e-10,True,False,False,1
b38ca231e8d720e4a69bcb736b152895,3,PARTIAL_BC,10.24,14.986666666666668,300,1.5075376884422125,0.99,0.1259581400843971,0.3195478574853295,1.8876926593981647,0.04340284753079068,-0.176454901995988,0.7991322462602655,False,True,True,2
b3a1fff4e0ba550c71df3055fb774704,3,PARTIAL_C,8.82,14.993833333333333,300,1.6619489786429509,0.9889813814153895,0.06953331461074463,0.43194710812760173,1.0425709303877366,0.0032385286301711224,-0.3569181162036886,0.8374829357845843,False,False,True,1
b3b9e531d88c5989c70629fa9d67f621,3,PARTIAL_A,9.020000000000001,14.990499999999999,300,1.5075376884422125,0.99,8.688963969405335e-28,0.6315761639251816,1.3025191438337066e-26,2.3534419757144434e-26,1.7605061852776771e-09,1.4488944078585927e-09,True,False,False,1
b3cfd7b185c7d7f739b799eaaac107d5,2,OK,8.209999999999999,14.983,300,1.5075376884422125,0.99,3.4208473476991705e-19,0.5021621458571118,5.125455581057667e-18,2.3704840984058814e-27,-4.702963944206809e-10,2.45784404728207e-10,False,False,False,0
b3e399c67244db03a28295444ff47a37,2,OK,7.75,14.996,300,1.5075376884422125,0.99,1.3633354045238785e-12,0.3003651522420883,2.0444577726240084e-11,6.091918143702927e-25,4.531745349349118e-11,7.208195434481664e-11,False,False,False,0
b3e65a9ed8b4300fd47a09f12eb2eb52,3,PARTIAL_A,8.21,14.993833333333333,300,1.5075376884422125,0.99,1.3544063815304348e-27,0.6284411119567099,2.0307743550270417e-26,1.2241503708618068e-25,9.431907107189848e-11,3.104267205785155e-11,True,False,False,1
b42e623e2ed1a714ffe33c702ca86384,2,OK,9.43,14.995833333333334,300,1.5075376884422125,0.99,2.213735858791658e-17,0.7755521943235795,3.3196813982463236e-16,3.751364079459896e-26,-5.094091074890154e-10,4.926044856960478e-10,False,False,False,0
b456a624f6ce62738b20027ee905c6e9,2,OK,8.43,14.983,300,1.5075376884422125,0.99,2.1228197324201654e-14,0.4501634041394023,3.180620805085134e-13,9.535619967224166e-26,1.3182218279913135e-10,1.3614717465101063e-10,False,False,False,0
b46f15d2197380c8778b81650683d489,3,PARTIAL_A,9.22,14.993666666666666,300,1.5075376884422125,0.99,4.941628088506545e-27,0.669368346655776,7.409312434970431e-26,6.2327385513031e-26,4.2915226927675576e-11,4.033824141893416e-11,True,False,False,1
b491593e8c8375c752e4864c5bcf4488,2,OK,8.81,14.995833333333334,300,1.5075376884422125,0.99,1.5587552523496981e-27,0.6748470002138943,2.3374833971694015e-26,8.60722902870986e-28,4.555926006825454e-11,1.4722570577361213e-10,False,False,False,0
b4e938f51d48bae8bab85badcc065675,2,OK,8.57,14.993833333333333,300,1.5075376884422125,0.99,4.895059102451262e-27,0.6357504529901411,7.339570033897048e-26,2.533697593344522e-23,6.942597607917378e-10,8.364193250844358e-10,False,False,False,0
b4ee31322d814b8674bacfde7989898b,3,PARTIAL_A,9.08,14.988333333333333,300,1.5075376884422125,0.99,5.575561158829959e-19,0.5425369669297955,8.356836916892971e-18,1.4415703962874255e-25,1.0924883220297943e-10,1.0399619487859545e-10,True,False,False,1
b4eed46086054d59359f297a2f884e58,3,PARTIAL_A,8.75,14.990499999999999,300,1.5075376884422125,0.99,9.48264144627192e-29,0.6756158229418116,1.421495366003392e-27,1.9036525124237947e-25,3.290264357265945e-11,3.262225646940194e-11,True,False,False,1
b52b288c354f8a7771d40a7fb98a3321,2,OK,7.51,14.983,300,1.5075376884422125,0.99,2.539145887723709e-18,0.6372011587405275,3.8044022835764335e-17,7.651878365677911e-27,-8.94722814355949e-10,7.639133206777184e-10,False,False,False,0
b5ddd2e1e93e4924c6d08fd23a01c070,1,OK,8.909999999999998,9.819166666666666,300,7.2510007189125245,0.952800799984726,0.7047240335055958,0.006799968986044837,6.919802738997029,0.6557471467547191,2.0647677968859326,0.19401994125914493,True,True,True,3
b5efd7448667ffbf427c45cb9e364ca5,3,PARTIAL_A,8.840000000000002,14.9895,300,1.5075376884422125,0.99,1.1721264232132153e-16,0.6852893100136944,1.756958902075449e-15,1.5261600215662734e-23,3.8811257911201363e-10,3.755353631939492e-10,True,False,False,1
b630123e846db37c81361fbd1081e57a,3,PARTIAL_A,7.930000000000001,14.983,300,1.5075376884422125,0.99,5.153842246570098e-28,0.5126876197393297,7.722001838035979e-27,6.0086054896727886e-27,3.752553823233029e-12,1.0053206829375577e-12,True,False,False,1
b66dcc1d75f8efbc2253743220b31f27,2,OK,9.01,14.986666666666668,300,1.5075376884422125,0.99,9.304083777974882e-29,0.7030613931287811,1.3943720221925024e-27,3.2524404748164436e-26,-3.966590019407098e-11,4.592976114257657e-11,False,False,False,0
b6a77c81998515400fcf94be493a8e0d,2,OK,2.3899999999999997,14.986833333333333,300,3.431879731584739,0.9773795704352451,3.584031357901001e-17,0.16826378464011305,5.371328062230265e-16,3.761402194848913e-26,1.922081012869133e-11,6.77297037739809e-11,False,False,False,0
b6a7ff7aed91113fd4e5cc594c6d78cd,3,PARTIAL_A,8.16,14.980500000000001,300,1.5075376884422125,0.99,8.197263823745394e-19,0.4854689913267304,1.2279911071161789e-17,2.4841767316901353e-25,3.268703085979041e-10,1.5823677802507422e-10,True,False,False,1
b6b444befe23f17047b3ffcdec43612c,2,OK,8.58,14.983,300,1.5075376884422125,0.99,1.1420838773549611e-18,0.5014032899365242,1.7111842734409383e-17,8.813095057690065e-27,1.8988114784216728e-10,1.90437696441718e-10,False,False,False,0
b6c0a552cfe02a32932d6353d27cb272,3,PARTIAL_A,7.84,14.983,300,1.5075376884422125,0.99,3.865626741310066e-18,0.4306294855638379,5.791868546504873e-17,8.006339370106105e-27,2.1433432806361452e-10,1.4454587413932988e-10,True,False,False,1
b6e67a257cc2079f012771059ef4a75e,2,OK,3.4999999999999996,14.9825,300,1.5075376884422125,0.99,3.5890120268005095e-23,0.22635682497872775,5.377237269153863e-22,3.3106762531181855e-28,-2.2834297415859814e-10,1.4575631978306632e-10,False,False,False,0
b7948c444685b3cfbffb53c56d534bb1,1,OK,8.29,14.986833333333333,300,1.5075376884422125,0.99,0.16411289643505392,0.16718871606155095,2.4595326267227473,0.09153789658661021,0.5561516598467949,0.27348518574350655,True,True,True,3
b7b5fb90597f56f45289285f3d23804d,1,OK,7.24,4.6321666666666665,278,2.4622062380700496,0.9824417965536504,0.41239740444721307,0.5534617944741858,1.910293510300232,0.36484167815558255,1.7823674354882553,0.1515453618374351,True,True,True,3
b7de9d9053dfbc33ed19e174c688b944,2,OK,8.76,14.982000000000001,300,1.5075376884422125,0.99,9.072371517774234e-22,0.7474716914760898,1.3592227007929358e-20,3.683259667359738e-26,-4.1913154428622573e-10,4.2929245453643666e-10,False,False,False,0
b7e5469ad468f95d0c6041d3f1564990,2,OK,9.33,14.982000000000001,300,2.799041340994144,0.9815122179475989,1.935705345941709e-17,0.8156830856120998,2.9000737492898687e-16,4.438032197084836e-25,-0.4640707373278245,0.46407073732608756,False,False,False,0
b831b7ce3cb0570080f16c71471605ba,3,PARTIAL_A,7.83,14.9815,300,1.5075376884422125,0.99,2.973033202904228e-18,0.41483383759836123,4.454049692930969e-17,8.646521269824152e-27,1.586841028948053e-10,7.726576464793717e-11,True,False,False,1
b842228c09d1ce9d42c05cf1b34edbb5,1,OK,8.84,12.661333333333335,300,8.656026283680784,0.9439115031194941,0.28421765292680123,0.0733968674500131,3.5985744429238733,0.25901204303326975,1.3242692095507342,0.1347347437391862,True,True,True,3
b86219786b824a6c48c8d381adff2773,2,OK,9.879999999999999,14.995833333333334,300,1.5075376884422125,0.99,4.123924209919357e-24,0.8818401406640382,6.184168013124903e-23,1.5622332044953506e-25,-4.621969473816989e-11,2.3358518419373063e-11,False,False,False,0
b8621d3b9dfb86a2da339ead510d2c0c,2,OK,8.299999999999999,14.983,300,1.5075376884422125,0.99,2.960896410559525e-14,0.4490315502836816,4.436311091941337e-13,5.0107445064960335e-25,-2.514810581999427e-11,2.2094789763220187e-11,False,False,False,0
b875826f9aaecbad48092b38d8f85508,2,OK,1.04,14.988333333333333,300,4.1205236683240525,0.9729020348997036,1.5463587234897972e-20,0.0698050597157664,2.317734000057291e-19,8.78640055508568e-28,1.4555768812485326e-09,1.6487717861281166e-09,False,False,False,0
b88f96baa4ce8e595b3dae822fbc490a,3,PARTIAL_A,8.719999999999999,14.995833333333334,300,1.5075376884422125,0.99,2.6473559527331865e-22,0.6062773057522055,3.969930864119474e-21,3.809477773937029e-27,1.4633722382010699e-09,1.4014656806833131e-09,True,False,False,1
b895197b8b89b979e7ee23905ef8d027,2,OK,8.23,14.995833333333334,300,1.5075376884422125,0.99,1.0017734790417532e-18,0.3868213027204394,1.5022428129463624e-17,2.9969680224314224e-24,3.3897699462196823e-10,3.4401727212946167e-10,False,False,False,0
b898fb8743cd538abd7c5eba098f80bb,3,PARTIAL_A,8.489999999999998,14.9825,300,1.5075376884422125,0.99,2.3423745212489508e-14,0.4784806615774324,3.5094626264612405e-13,6.645770097539685e-26,8.469913659325812e-11,8.461420530978904e-11,True,False,False,1
b89a11e584692c82e4d5a8ea75a81042,2,OK,8.36,4.1625,250,1.256281407035177,0.99,0.07405090626384848,2.216223555570617,0.3082368973232693,1.64659252291144e-22,-0.502906304171547,0.5702662312342061,False,False,False,0
b8abcd8dd277f082befb9a6912e75a98,1,OK,9.2,14.9825,300,39.96470640311821,0.7648890861292557,0.12161593385014124,0.22780901685104943,1.8221107289097411,0.11223914934062923,1.522786224423635,0.21998466832848604,True,True,True,3
b8c20f76dfdfd23f93084bea1e28dced,3,PARTIAL_A,7.48,14.983,300,1.5075376884422125,0.99,2.603939868687558e-25,0.6198787154711161,3.9014831052545686e-24,2.1973557763506633e-27,1.2800412581744544e-10,1.054569207936933e-10,True,False,False,1
b8f858fdeb22a5d0eaed371d29a50196,2,OK,8.39,14.983,300,1.5075376884422125,0.99,2.5387596977752232e-18,0.4663814273162747,3.8038236551766174e-17,1.071518448728963e-22,9.440352203663831e-11,1.0049025204486382e-10,False,False,False,0
b92987c1cf6af1fbb2e3ca297fcaf68c,2,OK,9.559999999999999,14.990499999999999,300,1.5075376884422125,0.99,1.1802886679741432e-19,0.8298718257980594,1.7693117277266394e-18,5.497567580921191e-25,5.672203447678233e-12,5.946711180895086e-12,False,False,False,0
b969e5d42d38d677b3fdc8c7de9a1829,2,OK,8.84,12.900333333333332,300,1.5075376884422125,0.99,1.4674229569233504e-26,0.798205227308906,1.893024528529686e-25,9.332127133746583e-26,-1.0719006793280528e-09,1.0746657891604127e-09,False,False,False,0
b986f466eb9c4520cbf09896ab0aa28f,3,PARTIAL_A,8.3,14.993833333333333,300,1.5075376884422125,0.99,2.5235134120232355e-28,0.5444224755762346,3.783713951430772e-27,1.3299503376139035e-25,9.313949611566841e-11,9.251497632083679e-11,True,False,False,1
b98ac07d72fb028cc6efa78007561871,3,PARTIAL_A,8.54,14.983,300,1.5075376884422125,0.99,1.2647400147536657e-27,0.5558749913689177,1.8949599641054174e-26,6.133615774986467e-27,2.7438190238389857e-09,2.3908144334770297e-09,True,False,False,1
ba0fbc46a8520908daf5c1445deac133,1,OK,7.779999999999998,3.4605,208,1.4146466076883095,0.9864895160810937,0.8050357467551363,0.4588616120882307,2.7858262016461492,0.7329448721454923,2.2603318284122254,0.19242290860523764,True,True,True,3
ba42e4667c9264e66ff5a613572b2329,3,PARTIAL_A,8.450000000000001,14.988333333333333,300,1.5075376884422125,0.99,3.0198793813616897e-19,0.6550370567440634,4.526295879430946e-18,3.584602487860927e-28,1.828874644319948e-10,1.7027822310300027e-10,True,False,False,1
ba520a059d9a17b4484c28c88314b401,3,PARTIAL_A,7.9399999999999995,14.983,300,1.5075376884422125,0.99,1.2369424979704134e-22,0.45522888149975066,1.8533109447090706e-21,2.0502151648940828e-25,1.5100439417399986e-11,9.094879273212407e-12,True,False,False,1
ba6659f0981d8756e1fd31a1d64d1c20,2,OK,8.64,14.983,300,1.5075376884422125,0.99,3.1687686016670024e-28,0.5759200411927204,4.74776599587767e-27,1.5249574153025848e-26,3.8943219019908305e-11,4.289853885879454e-11,False,False,False,0
ba763aee0905388bce2f5d4383718382,2,OK,9.190000000000001,14.993833333333333,300,1.5075376884422125,0.99,2.0414186878735262e-24,0.813020141730268,3.0608691569527675e-23,6.273847757077641e-26,-5.053030586547417e-10,6.703974594224498e-10,False,False,False,0
ba90e15460d8b10749fadbcde62acc12,3,PARTIAL_A,8.74,14.995833333333334,300,1.5075376884422125,0.99,4.617835019247686e-28,0.6409095189564925,6.924828430946842e-27,3.295325655711494e-26,6.41855457672591e-11,4.235180836154889e-11,True,False,False,1
ba93f23b992ce1ab1ff1f849369d8476,2,OK,5.120000000000001,14.995833333333334,300,1.5075376884422125,0.99,2.72973588603752e-19,0.36271557418115413,4.0934664391037646e-18,2.0695684497192408e-25,1.279544988482447e-10,1.391278303722716e-10,False,False,False,0
ba993ec72e7a91da1ed786b5973a17a0,2,OK,8.88,14.983,300,1.5075376884422125,0.99,4.521414060757815e-20,0.7633559088549591,6.774434687233435e-19,5.685629175047778e-28,-7.788609016993556e-10,6.798471883946128e-10,False,False,False,0
bac73bc0b56985add31f2bb28b391087,2,OK,8.13,14.983,300,1.5075376884422125,0.99,5.771665375938556e-28,0.6411404235200536,8.647686232768739e-27,8.303363458337755e-27,-2.1467642478493568e-10,2.2267132252278434e-10,False,False,False,0
bad1edff4470cfcb258b844f1ff892b4,1,OK,10.39,14.986833333333333,300,1.81311754830071,0.9879851640443656,0.23033531016833736,0.10253875761899311,3.4519969042745107,0.1590999754016805,1.1055715053453508,0.1372090145564067,True,True,True,3
bb8cf52417ca1322587729f21de1baa4,2,OK,8.84,14.993833333333333,300,1.5075376884422125,0.99,1.03554730028768e-16,0.6764425174803884,1.5526823629296758e-15,1.0695277033516069e-27,-1.688791329002015e-10,9.416440033048635e-11,False,False,False,0
bb9ae57f3238ea9ce8ec45df9b9435e3,3,PARTIAL_A,8.3,14.988333333333333,300,1.5075376884422125,0.99,2.0398997527034933e-18,0.4684117594066529,3.0574697460104193e-17,2.3279839364598473e-25,1.5703816025336437e-10,8.746158028934419e-11,True,False,False,1
bbb1ca812f4a61de73d8ecc0e04d20c6,2,OK,9.92,14.995833333333334,300,1.5075376884422125,0.99,9.08675318177275e-27,0.8852410205167429,1.3626343625500053e-25,8.666403683400912e-28,-0.18874768377746176,0.18874768337466896,False,False,False,0
bbd1f952bb8eab192926d30012f6e526,1,OK,9.73,14.983,300,2.8563452715971445,0.9811372928704161,0.10674029135881143,0.3355608650154311,1.5992897854290717,0.0536586927892179,0.47408528131482713,0.3503454030817966,True,True,True,3
bc0abc0cb360a077d7f3957204688524,2,OK,7.9,14.996,300,1.5075376884422125,0.99,3.6870080755363634e-23,0.3260006821384576,5.529037310074331e-22,4.736544652599057e-25,1.0621807137548937e-10,1.467723355370441e-10,False,False,False,0
bc4e645dedffcb31bde94e7238b6d8e3,2,OK,7.78,14.990499999999999,300,1.5075376884422125,0.99,1.0604258545169936e-17,0.3515267561391791,1.5896313772136993e-16,2.947008266456837e-23,4.813410410993886e-09,4.813652912409283e-09,False,False,False,0
bd1833e474715df4a375c545fddd8e38,1,OK,7.819999999999998,3.829833333333333,230,3.7034122704288928,0.9683067334409007,0.7997789971027881,0.3137870095947515,3.0630202624041614,0.7670739727880457,2.961551347756346,0.19416308518682004,True,True,True,3
bd19b6e29b7c89f297ded45d8c07e0fe,3,PARTIAL_A,7.569999999999999,14.982000000000001,300,1.5075376884422125,0.99,1.421985123783684e-17,0.33060152661519165,2.1304181124527154e-16,2.4439500571771417e-26,5.279308101791003e-10,4.658372115181667e-10,True,False,False,1
bd2515e8b0d2ee641a6944a9422a13df,2,OK,8.4,14.980500000000001,300,1.5075376884422125,0.99,3.2361400855538724e-28,0.6689787715669082,4.847899655163979e-27,3.9733694282305897e-26,5.76239056471195e-11,1.0530536458670478e-10,False,False,False,0
bd276140fa8afd2d88890346107eac8f,3,PARTIAL_BC,6.61,4.598333333333333,276,1.3869346733668355,0.99,0.4312700255496478,0.5128515391374208,1.9831233341524634,0.34362119351438464,0.2786686415814738,0.5292795461115394,False,True,True,2
bd29af9b5c2311c1d4aa79f84e958368,3,PARTIAL_A,8.0,14.983,300,1.5075376884422125,0.99,6.335629234943298e-29,0.5444387005120821,9.492673282715544e-28,2.3609593083742172e-26,1.7035210279440585e-10,1.260030980285303e-10,True,False,False,1
be1b8d13283660387203f4e852038dbc,2,OK,8.34,14.996,300,1.5075376884422125,0.99,1.499709906686371e-16,0.6422804903286519,2.248964976066882e-15,2.836270344557231e-26,-7.598507008784357e-11,7.675256599888989e-11,False,False,False,0
be2662a6c31ce78a6e0e7e2f2f91aa62,2,OK,1.7899999999999991,14.990999999999998,300,16.787704187014086,0.8940129053929218,9.051108813370396e-21,0.12322834914718947,1.356851722212356e-19,2.1015786996198797e-25,8.927081296405959e-12,1.7092251647449652e-11,False,False,False,0
be5fda6fa9af7b71c4678d0f17fc41b4,1,OK,9.97,14.698833333333335,300,5.310519811375216,0.9652123365113254,0.133280615226172,0.2733849665120906,1.9590695497736312,0.08120508854360423,0.8172836009875727,0.2171399365940482,True,True,True,3
be7eeb1cbac264772829d69871c624f6,1,OK,2.8499999999999996,14.986999999999998,300,26.21893196117621,0.8392556078609407,0.20133455446034598,0.025583746006675376,3.017400967697205,0.18578083613528684,1.4472464467427286,0.19531294781184882,True,True,True,3
bd5be2aeb6dedcd1529d546d7b8f17ea,2,OK,8.459999999999999,14.980500000000001,300,1.5075376884422125,0.99,1.4783731517048876e-18,0.5531688771415838,2.214676899911507e-17,3.1187505940424044e-24,-2.9863297020445617e-10,3.021417001911226e-10,False,False,False,0
be0777e77ce0e17059e85d2ea0822309,2,OK,9.61,14.990499999999999,300,1.5075376884422125,0.99,1.0343837859861248e-29,0.8535566852042393,1.5505930143825003e-28,1.1852457694397884e-27,-9.601675750777379e-10,9.62885377502428e-10,False,False,False,0
be09767fc1f8839ab51773f8ab51cdc3,2,OK,9.790000000000001,14.988333333333333,300,1.5075376884422125,0.99,2.0839162827055886e-15,0.8225774740928251,3.123443188395226e-14,9.696751316758774e-26,-4.305895640044355e-10,3.541572117298181e-10,False,False,False,0
be0bac8e682e8590da45efc3c6344df9,2,OK,7.889999999999999,14.982000000000001,300,1.5075376884422125,0.99,2.3605948327569465e-18,0.4393669755230986,3.5366431784364576e-17,6.578490083337486e-27,-5.034594963149175e-11,4.8931653277954913e-11,False,False,False,0
be87a44acf921314812a0abae269ee38,2,OK,7.41,14.983,300,1.5075376884422125,0.99,3.2016169396119853e-19,0.6370544956583073,4.796982660620638e-18,8.629422627550535e-27,-3.39274830452041e-10,2.9941855097469663e-10,False,False,False,0
beb48a30a60127e63a16869d7769ff69,1,OK,7.960000000000001,4.714666666666667,283,2.5703031069221995,0.9819988067459533,0.652917795234769,0.26117254565362,3.0782897652668577,0.6234854855924069,2.7884284287662524,0.22938950438396696,True,True,True,3
bf0b1851ec03c5e994f5a106b16d0e1a,2,OK,8.92,14.9895,300,1.5075376884422125,0.99,1.3505137138670333e-21,0.8444135585997733,2.0243525314009896e-20,3.159960677603467e-27,-0.019406452054284856,0.01940645172798298,False,False,False,0
bf2b5607a6b7cbe3369c11bb0b9c45a0,2,OK,9.229999999999999,14.980500000000001,300,1.5075376884422125,0.99,3.027099649390082e-28,0.7445054613065807,4.534746629768813e-27,3.233403214218378e-27,-1.3209700000516023e-10,1.1745405226734204e-10,False,False,False,0
bf7e5507783e34a4f800d8d321c5fe20,1,OK,9.030000000000001,6.134166666666667,300,15.63348857427493,0.9009389742204363,0.43229123322778384,0.29872444953174154,2.6517464731580977,0.41448031320259743,2.3673270396762622,0.0709338012384922,True,True,True,3
c0352386c07b00a75bb95177bf456fb5,1,OK,6.33,3.142666666666666,189,1.5472358513966766,0.9837600808588656,0.8232363939379184,0.4484959658249993,2.5871575740155643,0.7618720284556324,2.3329092951795336,0.13118693189546587,True,True,True,3
c0d38402a84524cfe881723e49eaa31c,3,PARTIAL_A,8.17,14.980500000000001,300,1.5075376884422125,0.99,1.241029614719356e-19,0.5171626687517286,1.8591244143303316e-18,2.9483368183844223e-25,3.42002692832466e-09,3.0605968979241814e-09,True,False,False,1
c0f65c37dd865f229417d6a37c80a3ec,1,OK,9.889999999999999,8.858,300,23.339469180941087,0.855634888991048,0.3477345650780107,0.17828060670490306,3.080232777461019,0.33080210933506926,2.328550981196438,0.14588627784261726,True,True,True,3
c2139768ecffefdb0da87b36ed5bdb7d,2,OK,7.869999999999999,14.983,300,1.5075376884422125,0.99,3.0838204750237814e-18,0.41323500442097216,4.620488217728132e-17,7.148111483454979e-25,1.4699293634142427e-10,1.5152296898850585e-10,False,False,False,0
c2188ee5ae3fee4d5ded8097aa5164ae,2,OK,9.040000000000001,14.993833333333333,300,1.5075376884422125,0.99,9.50631316829762e-28,0.7122327146529781,1.4253607525992647e-26,4.1503705536553295e-26,-4.7320961963729737e-11,1.7665048136093774e-10,False,False,False,0
c230c2f1b1293f791d48435460678b7a,3,PARTIAL_BC,8.93,14.982000000000001,300,1.5075376884422125,0.99,0.06634292439554483,0.45781877898229206,0.9939496932940527,0.005214143376480471,-0.5264593720053549,0.9428050668560989,False,True,True,2
c23c5575ea4905739d330c53bfadb3ce,1,OK,7.99,4.1466666666666665,249,1.2512562814070363,0.99,0.41215708207576796,0.8571251325556456,1.7090780336741844,0.2667817025043564,1.0093810991680523,0.18718794978165287,True,True,True,3
c1307e3c91195b5ec11de397756f36ab,2,OK,8.81,14.996,300,2.0944795821319295,0.9861336123385698,1.2015858036376923e-15,0.7657621652248562,1.8018980711350833e-14,5.447282584485699e-27,-0.25584286643803217,0.2558428663795461,False,False,False,0
c19e816c698e63f38b6824047c67ba63,3,PARTIAL_A,7.6,14.993666666666666,300,1.5075376884422125,0.99,7.2415961924739e-21,0.510373107908718,1.0857807944455616e-19,1.2170930923589856e-25,2.799309672951722e-10,1.6447671612297415e-10,True,False,False,1
c1c56e55bfb61206baf8fd11ac058a85,2,OK,8.920000000000002,14.993833333333333,300,1.5075376884422125,0.99,9.382376340813995e-25,0.7608075253867697,1.406777871247749e-23,4.058328303275432e-26,-1.5590831588715066e-09,1.5622050573144163e-09,False,False,False,0
c1c5d50f807a5fd51a5d25606e10174b,3,PARTIAL_A,8.18,14.980500000000001,300,1.5075376884422125,0.99,3.237467405656665e-23,0.48075242074301106,4.849888047043967e-22,1.605280641514018e-24,1.0919147068004047e-10,1.0588424426319581e-10,True,False,False,1
c24affd501da5abef06a1b67d1497d3a,3,PARTIAL_A,2.2,14.983,300,1.5075376884422125,0.99,4.216185437089481e-24,0.15353843519523921,6.317110640391169e-23,1.4373025971604214e-25,1.0377071239335105e-09,8.53882772586742e-10,True,False,False,1
c255eb3b7eaf6adb367fa4124af66b88,3,PARTIAL_A,9.48,14.990499999999999,300,1.5075376884422125,0.99,4.581386834231446e-15,0.8344427462239007,6.867727933854648e-14,1.6017843853301741e-24,1.001046652978251e-10,5.1577308042569346e-11,True,False,False,1
c31091b562a09ae708b8c1a1cbd5ce5f,2,OK,6.83,14.983,300,1.5075376884422125,0.99,6.500144013967998e-28,0.44071651238337367,9.739165776128252e-27,2.816514498003238e-25,5.353443614334689e-11,9.37172436289504e-11,False,False,False,0
c32f9150366ffe8308c55a7078b2f7d8,2,OK,8.72,14.9825,300,1.5075376884422125,0.99,4.229307475604672e-21,0.5923887176553225,6.3365599253247e-20,7.4778413731652755e-28,-1.3182292294781442e-10,5.814890762657336e-11,False,False,False,0
c3346236612db1e0c9ae7f06ffbb58f7,3,PARTIAL_C,10.020000000000001,14.983,300,1.5075376884422125,0.99,0.06630559980193938,0.5062288286815118,0.9934568018324578,0.00159878119680405,-0.2786396973548846,0.7475362614818496,False,False,True,1
c33e51392e0d3a1328b9c4e5d2c308a2,1,OK,1.3599999999999994,14.986666666666668,300,40.40562016722763,0.7626030959924929,0.1649971163471416,0.019250146062746384,2.472756783655829,0.15557562301656216,1.5572442883686197,0.15717120780395372,True,True,True,3
c373c25c9a785842e1fe6c425acf6710,2,OK,7.0600000000000005,14.983,300,1.5075376884422125,0.99,2.24669357662493e-29,0.5794944185231345,3.3662209858571326e-28,3.695710651090509e-27,-5.290530976272597e-11,4.763953941841896e-10,False,False,False,0
c38f9ca19889d6d129065e5532f8aaf8,2,OK,7.800000000000001,14.993833333333333,300,1.5075376884422125,0.99,1.7131347704241313e-21,0.34808718616134166,2.5686457225277688e-20,7.403005753959668e-25,-1.9503088033445692e-10,2.1624100686646186e-10,False,False,False,0
c3f59e1354e2c2e9f4e7fdc7ee719dfb,2,OK,9.15,14.986666666666668,300,1.5075376884422125,0.99,2.4574446673996756e-29,0.8472124740337185,3.6828904082096474e-28,7.92229034072268e-27,-2.9489018634383985e-10,2.997597781815774e-10,False,False,False,0
c45bce978b3e1d7cc49404d9abafe751,1,OK,8.08,5.583833333333333,300,3.130338523362332,0.9793465837922318,0.5364017956092704,0.24466326612503395,2.9951782263828974,0.5036054143794593,2.821194799392554,0.1864030803764108,True,True,True,3
c49af7a2db978e49c7b1656f7cfa480c,3,PARTIAL_BC,8.14,6.333333333333333,300,1.5075376884422125,0.99,0.17417943007518183,0.8002162490547812,1.1031363904761515,0.11397741613309668,0.2464080073363584,0.6828259831113174,False,True,True,2
c4b72139b12b65b5fc01a48fd9093c6d,1,OK,8.1,4.982166666666667,299,1.5025125628140719,0.99,0.2985469293445095,0.8859428951128486,1.4874105598159038,0.16069386928013507,0.552251964835782,0.33543265584036136,True,True,True,3
c4f4c373f2302f90c96d77d9aa566c86,3,PARTIAL_A,8.09,14.993833333333333,300,1.5075376884422125,0.99,4.4606860306317374e-18,0.4199706387161259,6.688278289562049e-17,3.78247140561547e-26,1.0377373034960631e-10,6.934150488944566e-11,True,False,False,1
c587669d345caa21b2ef1f480143afd3,1,OK,8.199999999999998,3.5943333333333336,216,1.0854271356783929,0.99,0.5684939449548357,0.7732252240235807,2.0433567361493314,0.4944090144535206,1.6800409693795728,0.09364472463615052,True,True,True,3
c5cddaab1d5156a1eb4de04e3fdb1240,2,OK,9.28,14.996,300,1.5075376884422125,0.99,1.0333905295072238e-23,0.8268739171134551,1.5496724380490327e-22,5.905157465755113e-27,-0.17846969113089287,0.17846969114392935,False,False,False,0
c5dd007ed2439ca7ee4976989900b989,2,OK,7.859999999999999,5.4325,300,1.5075376884422125,0.99,0.05530635159409306,1.4464287683856916,0.30045175503491056,5.643557433066792e-17,-0.1500701674688737,0.36058274288471104,False,False,False,0
c65ffcd579c569741bf1bb339ad035fa,3,PARTIAL_C,9.82,14.983,300,1.5075376884422125,0.99,0.04594545822300754,0.6034104895056909,0.6884008005553219,5.0371673752119656e-20,-0.762861059016803,0.9973712567062755,False,False,True,1
c6a39563cae63e61ccdd53f00ed5f83a,3,PARTIAL_BC,8.84,14.982000000000001,300,4.321394928292346,0.97159979547734,0.09788035372581881,0.3290428570741951,1.4664434595202176,0.040224163341061867,0.3742353482287634,0.4047565984280043,False,True,True,2
c6aa7bea96656a382787adaca655e05d,2,OK,8.32,14.9815,300,1.5075376884422125,0.99,1.5997112114922668e-18,0.4766172093262611,2.3966073514971394e-17,4.774803235536867e-25,-1.1900998705035212e-10,1.1223615143627262e-10,False,False,False,0
c6cfbb5bb3db3078f87d680a49f9f3cb,3,PARTIAL_A,7.72,14.993666666666666,300,1.5075376884422125,0.99,1.063409152141212e-25,0.3285230767595345,1.5944402357487953e-24,3.0858135311857466e-24,1.8913685432645858e-10,1.785925972777162e-10,True,False,False,1
c6d2f964c35f4b3776bec6fcbde615db,3,PARTIAL_A,7.69,14.982000000000001,300,1.5075376884422125,0.99,6.5230223521459734e-21,0.4218057228015792,9.772792087985098e-20,7.406164760550945e-25,3.549020336871915e-10,2.412012440644847e-10,True,False,False,1
c6dde4181248c2be6661d5542fb919ee,3,PARTIAL_A,8.21,14.980500000000001,300,1.5075376884422125,0.99,2.261269569740993e-18,0.4454789167974975,3.387494878950495e-17,4.172539088243407e-26,4.225442218341868e-11,2.883009981371344e-11,True,False,False,1
c6f718a5eac3ef6843396d787e02b16b,3,PARTIAL_A,6.88,14.983,300,1.5075376884422125,0.99,1.5465667564322366e-27,0.4413764914314507,2.31722097116242e-26,2.766453254604053e-26,1.821228353312184e-10,1.7075114165129393e-10,True,False,False,1
c721db566d64dd81e81110214f358ceb,1,OK,8.8,6.6066666666666665,300,4.623756559595171,0.9696428367123061,1.0660164159716974,0.008819509284836744,7.042815121519681,0.9978978312051202,2.2156646056734823,0.32313510411513374,True,True,True,3
c7326be2b0a8c909d8f4812986d87f2d,1,OK,8.64,14.986666666666668,300,1.5075376884422125,0.99,0.147446250299553,0.1939727824823927,2.209727804489301,0.09843585172215498,1.032872457790804,0.171414131452304,True,True,True,3
c7b7ce75d7c3cd708a0bfdd3bb4dc606,2,OK,7.78,14.980500000000001,300,1.5075376884422125,0.99,2.2439127597840234e-19,0.6576793759635274,3.3614935097944564e-18,5.143141682298883e-26,2.7157431858881864e-10,4.568020405032267e-10,False,False,False,0
c7d94405aec8d92aff7781f159465b4b,2,OK,9.690000000000001,14.990499999999999,300,1.5075376884422125,0.99,1.1522376510822663e-23,0.869851125344239,1.7272618508548712e-22,1.1891562305130453e-25,-1.8103388417974504e-09,9.028865273801396e-10,False,False,False,0
c80db6ac5cdad39089f23efe7e145ae2,3,PARTIAL_A,8.86,14.988333333333333,300,1.5075376884422125,0.99,9.984121503602751e-16,0.5197368660643265,1.4964534113649923e-14,4.10012772698317e-27,5.905964606256475e-11,2.446541762905983e-11,True,False,False,1
c814612cf8e2887927c64b7b35c43197,1,OK,7.89,14.983,300,21.129260245681042,0.8684065087714771,0.07348049183944107,0.28639400978511576,1.1009582092303456,0.06335784898638606,1.0767149053006275,0.052519732750479386,True,True,True,3
c8638f6d92a4139ac2778d32b0bc9546,3,PARTIAL_BC,9.180000000000001,14.982000000000001,300,3.4130672461138842,0.9775021736730583,0.0791626787540953,0.4133324705134782,1.186015253093856,0.018557433895871462,-0.09233208580489667,0.6744677238566218,False,True,True,2
c86ab88b3f591a57d2a4d5599a4bb290,2,OK,9.0,14.995833333333334,300,1.5075376884422125,0.99,4.143461089794254e-27,0.6650561149852229,6.213465192570634e-26,1.167792089936672e-26,-7.837752669104248e-11,1.2661189958611853e-10,False,False,False,0
c86e1285df3e26006cf6e4c16574c919,2,OK,1.540000000000001,14.980500000000001,300,2.447708035242906,0.9838140083709433,5.875964218104683e-17,0.09936705009884524,8.802488196931721e-16,3.20726833109061e-25,-6.959499643244271e-11,7.496296288324128e-11,False,False,False,0
c876f25e17ab264e5c0287b45b9a5bb5,1,OK,8.63,4.983833333333334,299,3.7007631549285773,0.9755483724827317,0.7834874951730721,0.13874177758169065,3.9047710946933964,0.7608122376316028,1.956587231513974,0.7063441953200038,True,True,True,3
c8b124bf29d0f5a6f30c17f18ff2d973,2,OK,8.66,14.995833333333334,300,1.5075376884422125,0.99,6.3715155164174046e-27,0.620384974437696,9.554618476494266e-26,6.871045660911478e-26,2.073371104434803e-11,2.7445263451886276e-11,False,False,False,0
c8c15c24fe525d4948cb769d58eda893,2,OK,9.82,14.995833333333334,300,1.940506729829258,0.9871464299318701,0.011403670451593538,0.798442223433834,0.17100754148035477,6.922780809560216e-27,-0.8110437809612902,0.811043780162804,False,False,False,0
c90447316963db6e9bd72da8cb34fd05,2,OK,8.209999999999997,14.983,300,1.5075376884422125,0.99,4.855931086508959e-18,0.4154383581878529,7.275641546916374e-17,5.961040206082999e-26,3.502753642692369e-12,9.376587271424673e-11,False,False,False,0
c934041d110bf00123ee8985ad30f63a,2,OK,3.91,14.995833333333334,300,1.5075376884422125,0.99,1.0277743092342888e-21,0.26987588484030967,1.541233224555919e-20,5.898175512298352e-28,1.259111738483032e-11,1.5644364188961468e-11,False,False,False,0
c9c68bd0d9411c364f716a8f562c0d1e,1,OK,8.4,3.4605,208,1.1109823584885032,0.9893742323243081,0.8404912468003357,0.4464352551358629,2.908519959552562,0.7806558475717896,2.2835974486183095,0.15792900586205882,True,True,True,3
c9ed39665b83408b63b9fe19c85da25f,2,OK,8.850000000000001,14.990499999999999,300,1.5075376884422125,0.99,1.1643638579071062e-17,0.7293804446249335,1.7454396411956474e-16,1.0434665450604979e-27,-6.472822278169588e-12,4.127001863216947e-11,False,False,False,0
cac4e17890dafbad0d94cf55153ac25e,1,OK,8.86,5.132000000000001,300,10.964841790853812,0.9294785755990482,0.55511326505308,0.31195790039975785,2.848841276252407,0.54716212100539,3.4341244761052523,0.10403484621207265,True,True,True,3
cb0a9aa3a5d30778d2fb3ac0839da259,2,OK,9.870000000000001,14.995833333333334,300,1.5075376884422125,0.99,5.09029002852856e-21,0.8938565093213481,7.633314088614286e-20,7.495305807877468e-26,-1.8130908626308913e-09,1.744849068582586e-09,False,False,False,0
cb208415b1706cc72d961a12bb090482,1,OK,7.800000000000001,4.798,288,1.447236180904524,0.99,0.3756353583543355,0.699582592814241,1.8022984493841017,0.25782516498520885,0.9740468833763503,0.21090821003156293,True,True,True,3
cb26e89acf87c82f718691e63983fdd3,2,OK,8.13,14.9825,300,1.5075376884422125,0.99,3.3956420073678146e-19,0.4998093498692642,5.087520637538828e-18,4.504559102115738e-26,-2.947494100643174e-12,1.5972842632116987e-12,False,False,False,0
cb7bc59ada9360c080767f8e94d70c24,1,OK,8.37,5.094166666666667,300,7.174230208545079,0.9532888536666999,0.5859898728304782,0.2726831344176542,2.9851300771772613,0.5696432695278925,3.2797495560462244,0.1101744119351969,True,True,True,3
cbbac99b2a7f5a2da4a35c06b1818507,2,OK,1.3099999999999996,14.983333333333333,300,13.991630130317782,0.9108789611716035,0.012886511605289759,0.08690846004460646,0.1930828988859249,0.001333450628425018,-0.005727991757925525,0.1329226361500891,False,False,False,0
cc241414886d83b35f9df62e4f552914,2,OK,9.59,14.9815,300,1.5075376884422125,0.99,1.5446833636537527e-15,0.8665740631269603,2.3141673812578698e-14,4.9301307489617435e-26,-1.2678880167982243e-10,1.4509014236987658e-10,False,False,False,0
cc3aaacc2ad2757dd14e6e78753b01c3,2,OK,9.38,14.993666666666666,300,1.5075376884422125,0.99,2.9495164119567597e-24,0.8316803585463416,4.422406590874233e-23,5.0474292736275055e-27,-5.6142720102532927e-11,8.914084370938883e-11,False,False,False,0
ccb2e8f770974ccff4734d41a2230d5c,2,OK,8.72,14.993666666666666,300,1.5075376884422125,0.99,2.5528604103833045e-15,0.4615596323741123,3.827673803981714e-14,4.053203812634551e-24,8.44559237359969e-11,9.086876292001736e-11,False,False,False,0
cd70f65ba446ab0c96490ab7909033ea,3,PARTIAL_A,7.75,14.9825,300,1.5075376884422125,0.99,7.731847622866557e-20,0.5013509160715729,1.158424070095982e-18,8.818327235034168e-26,2.963432536399561e-09,2.7960640546574508e-09,True,False,False,1
cf6026587e1a14de841899755b6fdd07,2,OK,8.66,14.9825,300,1.5075376884422125,0.99,2.1883286762934195e-21,0.6184004975345374,3.2786634392566156e-20,2.613920191733769e-26,4.94123260826503e-13,1.0297149900527968e-12,False,False,False,0
cf81662982b55b7817fbf9cf0bf5acdd,1,OK,8.81,4.244666666666666,255,12.658514157355832,0.9054129535374024,0.6104701295629599,0.44874301818524726,2.591242209951577,0.600002103393711,3.2974298715972856,0.2668835956006895,True,True,True,3
cfabb69765f9868fde5377659e82e15d,3,PARTIAL_A,7.2299999999999995,14.982000000000001,300,1.5075376884422125,0.99,2.9074862802545324e-18,0.39998690886532157,4.3559959450773406e-17,1.5855545598221276e-25,1.1213644827516116e-10,6.002573806570449e-11,True,False,False,1
cfb4c7a74f5b44fa4fd79e69b34795a5,3,PARTIAL_A,3.420000000000001,14.993833333333333,300,1.5075376884422125,0.99,1.8763884819016794e-17,0.2321773546690988,2.813425616622013e-16,1.199127470801416e-24,5.987263000199287e-11,5.462677413229378e-11,True,False,False,1
cd8ea3c975f9d5575cd40e3fbe9cab70,1,OK,9.63,10.784833333333333,300,35.59571261914065,0.7878655103109893,0.22620399678387337,0.21791654018238363,2.4395724046479437,0.2108026365286323,1.6918665046390375,0.18787288840028638,True,True,True,3
cd93f25c8e158211395644cc1120cdc7,2,OK,1.5499999999999998,14.990499999999999,300,1.5075376884422125,0.99,4.462665026925786e-24,0.09633739234232984,6.689758008613099e-23,3.998705951850911e-24,1.6673938156112436e-10,2.2515221921189396e-10,False,False,False,0
ce1d7b008df0705efb552186cf85c7b1,2,OK,6.72,14.983,300,1.5075376884422125,0.99,4.020199256219007e-27,0.41439811183686825,6.023464545592938e-26,2.0807656215266333e-26,-1.104301835160489e-13,1.283792966652086e-12,False,False,False,0
cea9606c38797132f4d4b01ef4909718,2,OK,8.42,14.993833333333333,300,1.5075376884422125,0.99,1.428731869944227e-24,0.5165613227202639,2.1422167535965416e-23,6.882377293443867e-27,3.1181205765543986e-11,3.3962372710149514e-11,False,False,False,0
cccc310b7da312cc6680e32ac62eaf11,1,OK,9.709999999999999,14.989166666666668,300,9.701301070051247,0.9373505953218007,0.3604648839133865,0.01864921971510237,5.403068222458403,0.31759690456892087,1.638967022751238,0.14947377118021532,True,True,True,3
ccd479cfb317b24dae737d6fe2541d94,1,OK,8.18,4.613333333333333,277,2.750798529204775,0.9803339361770036,0.5972455463935388,0.3497840835779601,2.755292787362192,0.5651219778015137,2.6691099811745143,0.07364365887091144,True,True,True,3
ccdd35b36522a7b6c0e3c33ad45b9e9c,2,OK,7.93,14.993833333333333,300,1.5075376884422125,0.99,1.7584623252485087e-18,0.4508625205371673,2.636609102772193e-17,6.186262934331522e-26,-3.89182760092884e-11,3.932144748177441e-11,False,False,False,0
cd5cfa5e2abe317b16ba772b2a78a3eb,3,PARTIAL_A,8.07,14.995833333333334,300,1.5075376884422125,0.99,9.107620888091224e-18,0.3799958481922584,1.3657636490100132e-16,2.024889136051211e-26,2.1510015990600095e-10,1.7576349745269198e-10,True,False,False,1
ceaf416c2a30269b81c89083323accde,2,OK,6.54,14.983,300,1.5075376884422125,0.99,6.767371729761724e-18,0.39031207325469064,1.0139553062701991e-16,9.598469378359748e-25,6.639503761599978e-12,9.181879781658874e-11,False,False,False,0
cecd697a5279859cfe88c48adbfed2ef,2,OK,8.53,14.983,300,1.5075376884422125,0.99,7.295958667928566e-18,0.7080465951461044,1.0931534872157371e-16,4.990494558377765e-24,1.2655802332043702e-12,5.496835982985182e-12,False,False,False,0
cf2fe0224a06c7897ef198f70541212d,2,OK,8.21,14.993666666666666,300,1.5075376884422125,0.99,1.5554922200525846e-19,0.387221019378705,2.332253185006177e-18,2.5883349738796137e-27,3.693472194754577e-10,3.8903526423176147e-10,False,False,False,0
cf439955b6ac560e505969ea17cc0260,2,OK,6.7700000000000005,14.989166666666668,300,1.5075376884422125,0.99,8.271761259066292e-27,0.4736244574337287,1.2398680813902118e-25,5.534919952768191e-24,1.1719869519311032e-10,1.667176535567658e-10,False,False,False,0
d09d9775c1233e19e8fde2bece6d7a84,2,OK,3.1100000000000003,14.9825,300,1.5075376884422125,0.99,1.2523307840458414e-18,0.19368746775509862,1.876304597196682e-17,1.1322357483469502e-27,3.8514765450988385e-11,6.365389121561641e-11,False,False,False,0
d0ae79aa777ea57b927c76413eef272d,3,PARTIAL_BC,9.66,14.986666666666668,300,1.5075376884422125,0.99,0.09608220050810332,0.40740123604889583,1.4399519116147752,0.017452861972602887,-0.9132053519847151,1.3633845742874586,False,True,True,2
d0e1324297c35cbacfc07277c59fc845,1,OK,8.89,9.032166666666667,300,1.5075376884422125,0.99,0.2183013864388447,0.4063864672542312,1.9717345058800517,0.12163743612394752,0.6602499909891183,0.25672495527057004,True,True,True,3
d1129e719b11a1a9ce9df0a5de91dea0,2,OK,8.35,14.9815,300,1.5075376884422125,0.99,3.375023217935384e-20,0.5472828202388736,5.056291033949896e-19,5.1047870956052005e-28,2.2792380575490747e-09,2.63465213385401e-09,False,False,False,0
d11a29d1694c798d2a2a1735b9fbc286,2,OK,9.1,14.993833333333333,300,1.5075376884422125,0.99,1.4091509015405716e-29,0.7973775118467783,2.112857375921574e-28,3.864421588688219e-26,-5.327015643411907e-09,5.673663316438886e-09,False,False,False,0
d13a029291db3b4cfe8924f6928f3eca,1,OK,8.59,3.645666666666666,219,1.1005025125628152,0.99,0.31222274382715737,1.3373032796612712,1.1382600497458732,0.23986691086524434,1.0346885860525379,0.3043058546441297,True,True,True,3
d18b92288a1c799f5b860acf286458a0,1,OK,9.600000000000001,14.9895,300,1.5075376884422125,0.99,0.1954157954679615,0.14477204763914753,2.929185066167009,0.10183848834598799,0.691936460925565,0.18847918865950736,True,True,True,3
d1a22d52d2c10d1b7778de04d18f91fc,1,OK,9.02,6.706999999999999,300,2.7071756584740063,0.9821135679880391,1.0107319254912188,0.011670521558414875,6.778979024269604,0.9098320425347243,2.0921855940057634,0.11731835910509017,True,True,True,3
d1d3954b87d3bd166f066018d0fa6b12,1,OK,8.89,6.303,300,8.131357868700807,0.9472214842076171,0.39739588176479307,0.3240224422583342,2.504786242763491,0.3426227914950422,1.562070536054555,0.19921530441604207,True,True,True,3
d264c61ea0de90c0bc38e9f2792b7da6,2,OK,8.78,14.9815,300,1.5075376884422125,0.99,1.1232716770446339e-27,0.6928415375220504,1.6828294629644183e-26,1.2725100470978173e-25,-2.501752878932469e-10,2.0793452324118294e-10,False,False,False,0
d27e14ec36d2692682645727aa1f96ed,3,PARTIAL_C,9.42,14.9895,300,1.5075376884422125,0.99,0.05924531969470684,0.5745514885179355,0.8880577195638081,4.094761330061461e-21,-1.595718631081829,1.7486115680298626,False,False,True,1
d29934fd8324008d37d35637a6c9cd33,3,PARTIAL_C,10.100000000000001,14.983,300,1.5075376884422125,0.99,0.05949955415420451,0.5449949135524526,0.8914818198924462,3.241306224993365e-13,-0.4999314726847941,0.8852629418116063,False,False,True,1
cff6aba90a7b9b9e06cbdd662553f4b4,2,OK,8.4,14.989166666666668,300,1.5075376884422125,0.99,6.733999482569648e-17,0.6719000792271701,1.0093704057748355e-15,1.0540226934452142e-25,-8.659858015865514e-11,7.577045927373728e-11,False,False,False,0
d0418d6d79857cc4975a12c38226b0d6,3,PARTIAL_A,7.620000000000001,14.982000000000001,300,1.5075376884422125,0.99,2.1447339260809992e-13,0.32577070690902926,3.2132403680545533e-12,4.555702419270938e-25,4.3854218774915426e-09,4.224224087343214e-09,True,False,False,1
d04fded4ee93f3287197249f2fc943df,3,PARTIAL_A,3.8600000000000003,14.995833333333334,300,1.5075376884422125,0.99,6.061170719206588e-17,0.2718067837183194,9.089230591010212e-16,4.336300603265861e-28,9.263027382170701e-11,8.420847206306493e-11,True,False,False,1
d09af7489a9cb9c059b592163fbc226f,3,PARTIAL_A,7.499999999999999,14.982000000000001,300,1.5075376884422125,0.99,4.8212579370527235e-18,0.38081354362348824,7.223208641292391e-17,4.5338440252899707e-23,6.757957156840651e-11,6.103707846638527e-11,True,False,False,1
d5ad6cdf3b7b8aecfbd4a7c0e5854040,2,OK,9.78,14.995833333333334,300,2.0811204808932384,0.986221446228879,0.023029595743509115,0.724037040131044,0.34534797950370544,2.9747815313392115e-25,-0.970377240172434,1.0025299656879019,False,False,False,0
d5f4b4eebb56bfce3631044d3206d88e,1,OK,1.540000000000001,14.989166666666668,300,49.44595820267163,0.7170036908883406,0.22457996905453242,0.012791637767127027,3.366266586153229,0.21383059909102908,1.4096960314965994,0.39486428362430365,True,True,True,3
d68ec6f2873fc5112a68dd14ed54e9ba,1,OK,7.199999999999999,4.415,265,1.3316582914572874,0.99,0.4196099941698503,0.6343498925494848,1.852578124259889,0.35246190857180143,1.371002804266871,0.14109092101394502,True,True,True,3
d6992e9a2952169ae9e77a109acd10a8,2,OK,3.06,14.988333333333333,300,1.5075376884422125,0.99,1.451669695581879e-31,0.2003899274221006,2.175810928727973e-30,7.874066795852826e-24,-5.512513778782591e-10,6.910706490980891e-10,False,False,False,0
d2ee6492720a70e42279f34ed374abbf,3,PARTIAL_A,3.0500000000000007,14.9825,300,1.5075376884422125,0.99,2.8384887754971073e-22,0.16757316378299625,4.252765807888541e-21,1.372518319765519e-25,2.089332503304083e-09,2.0704615965278887e-09,True,False,False,1
d36957f9d3e7d06e29bd73deb76f2949,2,OK,8.36,14.989833333333333,300,1.5075376884422125,0.99,1.4173511215760232e-23,0.7551906603278933,2.124585708723766e-22,1.3084724901336135e-26,7.418510250545296e-13,5.772047785272886e-12,False,False,False,0
d38df8b3bdfd87e6985d0e44c01a7928,3,PARTIAL_A,9.42,14.993833333333333,300,1.5075376884422125,0.99,5.5384232373305144e-18,0.7985736592533891,8.304219494999417e-17,4.115050920794091e-27,6.152752381656985e-11,5.993871257545727e-11,True,False,False,1
d3fca7a1b49dd48da8124cc6056ffe5e,2,OK,8.09,7.874833333333333,300,1.5075376884422125,0.99,3.452854118013242e-19,1.2676689457434263,2.7190650703667947e-18,2.2441453233262177e-26,-5.138242794207789e-10,8.719505219897398e-10,False,False,False,0
d40fc185ff6a75de9b6095003569ee88,3,PARTIAL_A,8.290000000000001,14.983,300,1.5075376884422125,0.99,2.326138818211506e-18,0.45811354938658017,3.4852537913263e-17,2.8935555129718765e-26,1.1515973360095206e-12,6.737082179960861e-13,True,False,False,1
d41410528189d9c2e25ee0f37374c82a,3,PARTIAL_A,6.9399999999999995,14.995833333333334,300,1.5075376884422125,0.99,2.9750971477795186e-18,0.36592908740453917,4.461406097857703e-17,5.654023558992278e-25,1.0116515033094704e-10,7.2218129679109e-11,True,False,False,1
d467f6927e6a965ce37a09bbe61da022,3,PARTIAL_BC,9.760000000000002,14.983,300,2.073551605175111,0.9862712137877907,0.06419869324985591,0.5063326930971551,0.9618890209625912,0.01651806458554456,-0.363873464733941,0.8019417119118963,False,True,True,2
d485af251fe5748e1d21ec2fb3d163bd,1,OK,9.31,14.9825,300,37.043099747740534,0.780187757735047,0.11754538383546652,0.24422444888216702,1.7611237133148772,0.10644059132537718,1.3916351305534231,0.2289000922983547,True,True,True,3
d4d90958de9a7e7f91ffeecb92e1b8ef,3,PARTIAL_A,7.820000000000001,14.982000000000001,300,1.5075376884422125,0.99,1.3298750890635664e-18,0.4518986431293317,1.9924188584350352e-17,1.598540882029257e-26,5.423501869827874e-09,5.369996545548401e-09,True,False,False,1
d4fec2d6dae983cd3ec14760077035b5,3,PARTIAL_A,8.4,14.980500000000001,300,1.5075376884422125,0.99,1.857836236846856e-14,0.4507781619372734,2.783131574608433e-13,1.070089809458211e-24,4.757828205489053e-10,3.778955620065524e-10,True,False,False,1
d515150e6b92fb75ab2a0c1460102c8f,1,OK,8.76,9.233,300,1.5075376884422125,0.99,0.5638025442478113,0.03259222415322124,5.205588891040042,0.48177221334491027,1.4974561128210853,0.20494041474200367,True,True,True,3
d56cf045b0defa2982d58102f88bf99e,3,PARTIAL_A,7.56,14.993666666666666,300,1.5075376884422125,0.99,5.656892005359897e-29,0.4369535843430638,8.481755309769784e-28,4.991272418756325e-26,4.2426817614682477e-10,2.0351032937091477e-10,True,False,False,1
d73632ea12601a94e9ff21c639d7aee0,2,OK,8.32,14.990499999999999,300,1.5075376884422125,0.99,3.411065122535732e-24,0.7383153049230551,5.113357171937189e-23,2.256224137732711e-25,-4.5018995938524614e-10,4.4657826335326217e-10,False,False,False,0
d75d3e5783aed09c6528a3117f6c085a,3,PARTIAL_B,3.7799999999999994,14.989166666666668,300,4.586727572163391,0.9698822886425562,0.019085512173332875,0.23194419724324253,0.286075922884782,0.009805285343522109,0.11548559943235126,0.16108708221544754,False,True,False,1
d76a77732325e3daf4c6cd27c082d5a9,2,OK,7.829999999999999,14.9815,300,1.5075376884422125,0.99,2.538150023658506e-18,0.43541073473770553,3.802529457943991e-17,6.881883756947432e-24,3.527082329905321e-11,3.5189294463333286e-10,False,False,False,0
d7c940e2bd367dd3bdd0cf57493ed6ac,3,PARTIAL_A,1.7799999999999994,14.988333333333333,300,4.009077728713669,0.9736252762011849,3.0130480645158326e-27,0.1138129513837699,4.5160568740318135e-26,1.623019436214979e-25,3.0031160706360063e-09,2.250441850533355e-09,True,False,False,1
d7d8a799a576cb967d39604ba0e8979f,1,OK,8.38,3.3453333333333335,201,1.5542105404731736,0.9846538806937057,0.7251545635682654,0.6519848097587896,2.4258837333237038,0.6632852816269016,2.060962649375696,0.15987087703912908,True,True,True,3
d7f21e6a52636080b60a306b5a4afe8a,1,OK,1.9799999999999986,14.9895,300,33.407015714837364,0.7996022030717533,0.21812144757919366,0.014963296498368086,3.269531438488323,0.20328256825723992,1.4593836060793048,0.23148260267024884,True,True,True,3
d7fe5fdf70166834cc1819539f421b92,2,OK,8.709999999999999,14.9825,300,1.5075376884422125,0.99,1.7315399227553804e-18,0.4962915209642859,2.5942796892682488e-17,3.4972739992998234e-26,-3.2996568440542737e-12,1.593504196907339e-10,False,False,False,0
d80f6d0728e3a3aaf20ef5da8c18e062,3,PARTIAL_A,7.66,14.993666666666666,300,1.5075376884422125,0.99,3.452631663024502e-22,0.557202571027785,5.1767608278168376e-21,8.131165907935696e-26,3.2693255510215145e-11,2.2014909042216765e-11,True,False,False,1
d6ad6cd5dcb1a9c318f63d16be3efb0d,2,OK,2.0699999999999994,14.990833333333333,300,1.5075376884422125,0.99,4.680608362376626e-21,0.13198396645196325,7.016621985899427e-20,4.389886691962363e-23,1.2803813564943312e-11,1.099770663522267e-10,False,False,False,0
d6c6ddde571313d196581b7d359e9650,2,OK,7.679999999999998,14.980500000000001,300,1.5075376884422125,0.99,2.1253995803535464e-18,0.4326608808312836,3.18395484134863e-17,4.7346837318030435e-27,1.1860379345307592e-10,2.807771589883817e-10,False,False,False,0
d6cdfa355c02a6a5b90cafc7a074015a,2,OK,8.459999999999999,14.983,300,1.5075376884422125,0.99,1.4689961890640306e-18,0.48531365238032187,2.2009969900746373e-17,1.5037634874758064e-23,8.792307622703295e-11,9.14069027143083e-11,False,False,False,0
d6d6b827ce5fb0dda35dd50e16f6c855,2,OK,7.97,14.993833333333333,300,1.5075376884422125,0.99,8.123377781847411e-29,0.48080870118932995,1.218005725647231e-27,7.158185182807128e-27,5.137594053887066e-12,6.663821291255607e-12,False,False,False,0
d83292f99ff09b083381e88eb0a222de,2,OK,9.649999999999999,14.9825,300,2.002450108714014,0.9867388485888563,0.005414438157657962,0.8109165310470963,0.08112181969711041,7.080434613358002e-26,-0.5594040111994895,0.5594040085957144,False,False,False,0
d83c9c56e8b45ba930b8248d0c208b88,3,PARTIAL_A,5.7,14.993666666666666,300,1.5075376884422125,0.99,9.200382072846415e-16,0.3338604116310401,1.3794746200623487e-14,1.1068288452254821e-24,1.0784758271616586e-10,5.402948605407589e-11,True,False,False,1
d85e7627aafb39306b1df26ba565f5de,2,OK,8.290000000000001,14.990499999999999,300,1.5075376884422125,0.99,1.0387440094004831e-18,0.5702988901725834,1.5571292072917942e-17,1.1668143946284773e-26,-2.0131437257949378e-10,6.827722136678975e-11,False,False,False,0
d8aa9b310f25a895dcdff1c8797a6b70,1,OK,8.32,4.0473333333333334,243,1.4831457463149824,0.987867092091052,0.7052794772662467,0.38625353934507795,2.8545011376555895,0.6589900562750679,2.2349439430050047,0.07588594282865649,True,True,True,3
d8d210f4d593b46483958a7d16fb7ff9,3,PARTIAL_A,8.27,14.980500000000001,300,1.5075376884422125,0.99,3.246342950761897e-18,0.4324518267685404,4.86318405738886e-17,2.851874906893998e-25,1.0603762312655363e-10,9.981970955514604e-11,True,False,False,1
d8f4091aba7892f6246dfd49d1be8371,2,OK,7.880000000000001,14.980500000000001,300,1.5075376884422125,0.99,1.5002840192381016e-27,0.6024753956886152,2.2475004750196382e-26,2.085713157405243e-25,1.4422248580577465e-10,1.6915124002837128e-10,False,False,False,0
d92cf0a7fe7059a575f56610514a4bfd,1,OK,8.049999999999999,5.015833333333333,300,4.409920754440227,0.9710264320984624,0.6391071163279424,0.22667284702754284,3.2056547776482374,0.6164557614823551,3.1239853013202272,0.19661978379455064,True,True,True,3
d935ac5cf5455678d6d4023d3b93d019,1,OK,7.35,6.522833333333334,300,1.5075376884422125,0.99,0.3971701020410432,0.25075321567219894,2.590674380596718,0.33403218394167355,0.965314038690876,0.4070704714747516,True,True,True,3
d936d3fb106be337ca59e7d0cc9396ce,1,OK,10.07,7.436166666666667,300,4.8043724177015825,0.9684756988254899,0.43467396736784614,0.1993547605762217,3.232308067008532,0.39991526397699706,2.371774550113945,0.15250460508471886,True,True,True,3
d950d84a951a3e4796a1b691d269e5b6,2,OK,8.25,14.994166666666667,300,1.5075376884422125,0.99,4.187926960350267e-27,0.5996545685150331,6.279447483131862e-26,1.2709998715023853e-25,-1.2548569590838574e-10,1.6266032452925876e-10,False,False,False,0
d9612a5065d426b4ace575a34d6d72aa,2,OK,7.76,14.980500000000001,300,1.5075376884422125,0.99,3.9039613766671993e-19,0.6575233967049653,5.848329340316298e-18,2.9905112521593424e-25,-1.3520703075660853e-10,1.3388989629261828e-10,False,False,False,0
d97404d8e560fab32ea2ec23084060a8,3,PARTIAL_A,9.03,14.9895,300,1.5075376884422125,0.99,1.581730153207045e-17,0.8270194548308447,2.3709344131497004e-16,1.425492240073614e-25,9.366323272530508e-10,9.309997964079213e-10,True,False,False,1
d9ba3850184dc6e381f5515ffd628d0d,3,PARTIAL_A,9.54,14.988333333333333,300,1.5075376884422125,0.99,8.014626500331264e-27,0.6767733440561466,1.2012589352913176e-25,7.129138146089248e-26,1.2304692080059947e-09,1.1856907765202344e-09,True,False,False,1
da4852f545197223ea10ab81543b1f9b,3,PARTIAL_A,8.22,14.993666666666666,300,1.5075376884422125,0.99,7.466936367399523e-20,0.41239888855399987,1.119567549139993e-18,5.849456059138054e-25,3.535309082517794e-10,3.464745619568448e-10,True,False,False,1
da608c68dfb89cc8b7f0566de5e77d46,2,OK,2.17,14.988166666666666,300,1.5075376884422125,0.99,9.834334474937744e-26,0.1508493798876494,1.4739864416611271e-24,3.347771607362426e-26,8.483399168331593e-12,1.1255805071544783e-10,False,False,False,0
da62de080c7fee4429071a527a197bec,2,OK,7.76,8.307333333333332,300,1.5075376884422125,0.99,1.212881037348292e-25,1.1085323122409947,1.0075807070931378e-24,6.4367259906737936e-27,-1.38888044945093e-10,1.2370916008668278e-10,False,False,False,0
da742fa5a2efe4c700f93528b6490e64,2,OK,1.3999999999999995,14.999666666666666,300,35.41964002319408,0.7888040186272645,1.5296964230134694e-19,0.09694141574146502,2.294493644639437e-18,1.6959369558243717e-24,-5.93723588811675e-11,9.824441821373701e-11,False,False,False,0
da808e5038475abd43da8766e43bd15a,3,PARTIAL_A,1.62,14.988,300,1.5075376884422125,0.99,5.770095912014789e-18,0.08909509181701483,8.648219752927765e-17,6.474083904649021e-25,4.8461096247010005e-12,2.97797072084358e-12,True,False,False,1
daadd5ca3c90149f03e55adf86b94716,3,PARTIAL_A,2.2,14.990833333333333,300,1.5075376884422125,0.99,4.976640348582002e-23,0.14356704604965806,7.46039860255347e-22,2.24435981175552e-26,2.0854091601722285e-11,1.6681831204123387e-11,True,False,False,1
dab864925aa4d65ad61f56aaba192baf,2,OK,8.459999999999999,14.989333333333333,300,1.5075376884422125,0.99,3.804434633779778e-18,0.724953302840018,5.702593887060302e-17,1.6404544948155277e-25,-6.508262077412988e-10,6.673020310083423e-10,False,False,False,0
db85b4ae15a60d3ee8c6fe437431f634,1,OK,8.28,3.1926666666666663,192,1.2943085449523226,0.9866078980318107,0.730697281668368,0.7216064520942209,2.3328728546065425,0.647138316697499,1.6382253513567049,0.3048217915933302,True,True,True,3
db92d9269c65316226f143c891637efe,2,OK,9.219999999999999,14.993833333333333,300,1.5075376884422125,0.99,1.2131092495133381e-17,0.8039683005923122,1.8189157902328072e-16,4.9786068678851586e-26,-3.160346058924309e-10,3.577955975447053e-10,False,False,False,0
dbaf9bd7a3e85692e290256e6d5935fd,2,OK,9.41,14.996,300,1.5075376884422125,0.99,0.005947854011777496,0.7961930509587795,0.08919401876061533,8.462759275362276e-26,-0.6650117287759592,0.6650117287756883,False,False,False,0
dc7aa87c8fe11530bc57f1adc7ea0d41,3,PARTIAL_A,9.83,14.980500000000001,300,1.5075376884422125,0.99,1.2046793491243224e-24,0.8591717474004528,1.8046698989556913e-23,1.4086420464924352e-26,9.20705955920198e-10,8.677882380990945e-10,True,False,False,1
dc9cc71cbbdf0d12fc479b4816add4a0,2,OK,7.9399999999999995,6.718833333333333,300,1.5075376884422125,0.99,1.1598266902057187e-24,1.5032672707841563,7.792682227043857e-24,6.869320643978887e-27,2.855123544994361e-12,8.81134983613945e-12,False,False,False,0
dcad2359a4623bb2658646b5b8d4a63d,3,PARTIAL_A,8.040000000000001,14.983,300,1.5075376884422125,0.99,1.7789685685965855e-28,0.5345040364741007,2.6654286063282642e-27,3.307674445010284e-26,2.310373670155741e-09,1.7721682946267307e-09,True,False,False,1
dce1aa4db5a9ac0ba54ba4f5fad2e50f,2,OK,10.06,14.995833333333334,300,1.894103468732416,0.9874518684070384,1.145788417359245e-25,0.88902400054367,1.7182052141983012e-24,8.530892359744484e-26,-0.21064762195747266,0.21064762195433243,False,False,False,0
dd08bbcd99a0deeb2e2108d1f9ebf740,1,OK,9.02,5.110833333333334,300,2.1266188090156173,0.9859223340373069,0.6201446267227819,0.2792767075504309,3.1694558297423514,0.5560538977930458,2.2124447340203113,0.1483905279399712,True,True,True,3
dda79e2d83e2df79a1e42a8cf50fb630,1,OK,6.93,3.410833333333333,205,1.346605151991688,0.9869481239974867,0.6558785635000685,0.5914089208671571,2.2370924670048167,0.587556884777017,2.0979304484540315,0.1616401679197452,True,True,True,3
ddab1c2e4435f71e33dc8b11fffcf5d8,3,PARTIAL_A,8.64,14.980500000000001,300,1.5075376884422125,0.99,6.231492709502257e-27,0.555968785319624,9.335087653469857e-26,1.610897581144897e-25,2.9772554051750908e-09,2.97513278587031e-09,True,False,False,1
ddd8bab48938a489a49063cac00ff336,3,PARTIAL_A,2.369999999999999,14.987,300,1.5075376884422125,0.99,6.091481200426793e-22,0.16890116053905854,9.129302875079635e-21,2.0497518323717814e-28,1.6191274987420456e-09,9.079209630164865e-10,True,False,False,1
dddc1a243d367c079009273c437dcbd8,3,PARTIAL_A,7.99,14.990499999999999,300,1.5075376884422125,0.99,2.9835158920705443e-29,0.4543548874777312,4.472439498008349e-28,4.988656524409364e-25,8.477130108985875e-11,6.784555024249447e-11,True,False,False,1
dd130cd8f152cf8c3ca8be186e81ed12,2,OK,9.489999999999998,14.980500000000001,300,1.5075376884422125,0.99,5.0510881444707186e-17,0.7653750890508026,7.566782594824361e-16,1.749121871772711e-26,2.89194076093698e-10,3.3322455278035475e-10,False,False,False,0
dd35577568db6a8448bc4359af33cbe7,2,OK,7.44,14.980500000000001,300,1.5075376884422125,0.99,2.7004372789187185e-26,0.6056518024617379,4.0453900656841863e-25,6.4562595154583555e-27,-2.5760689877548277e-11,1.9924278291159373e-11,False,False,False,0
dd6f354490253d6232c57d22593e6383,3,PARTIAL_A,8.120000000000001,14.993833333333333,300,1.5075376884422125,0.99,5.1999206712111565e-18,0.41473957576450676,7.796674389069488e-17,6.452485615934793e-26,1.3703105317119935e-09,1.3139526750786266e-09,True,False,False,1
dd9464e20ca2af4bd5b9be970c8e7393,2,OK,7.82,14.980500000000001,300,1.5075376884422125,0.99,6.0689904407530576e-27,0.5620188924242445,9.091651129770119e-26,1.1115827922112805e-25,-3.6540104275673e-11,8.072790958930719e-11,False,False,False,0
de5f8f1d0ef296a4964193384076866c,3,PARTIAL_A,8.78,14.9895,300,1.5075376884422125,0.99,6.019301448187867e-27,0.6369849530675514,9.022631905761203e-26,3.442137706479929e-26,3.6093942649510304e-11,1.9054629193427796e-11,True,False,False,1
deadb5e441426899040596382fd101ee,3,PARTIAL_B,7.800000000000001,5.802333333333333,300,1.5075376884422125,0.99,0.08189380922592544,1.2557433310507626,0.47517517906522805,0.006092306320108844,-0.0709842772130848,0.41348427233644874,False,True,False,1
ded50df58a0aee4dd30121a7ac8f97f9,3,PARTIAL_A,9.579999999999998,14.988333333333333,300,1.5075376884422125,0.99,5.866437489324824e-16,0.6341177345978889,8.792812056916357e-15,1.1602273452639099e-26,4.9783880721558184e-11,4.546163616295753e-11,True,False,False,1
deeb0bad79f97069dc1fac20df816b28,2,OK,1.3899999999999997,14.983,300,45.77582359016832,0.7352283157631967,2.4037281080115046e-23,0.09754727898742226,3.6015058242336374e-22,9.989160102728768e-23,-1.2853211828200983e-09,1.0287427858375975e-09,False,False,False,0
df0a4eb0452cd89f1a13fe34c2fae100,3,PARTIAL_A,5.24,14.9825,300,1.5075376884422125,0.99,1.1401833097254028e-14,0.31619377503444573,1.7082796437960848e-13,3.61165297572984e-26,2.264642695593011e-09,2.260104752191824e-09,True,False,False,1
df3c200685d7338e2253de3432a87bab,2,OK,8.2,14.983,300,1.5075376884422125,0.99,3.832479037303588e-20,0.5350381275826583,5.742203341591966e-19,1.0243624786701563e-25,6.857477548768051e-13,7.853856343863252e-13,False,False,False,0
df8325bfef35901b36f43f4b499195c1,1,OK,8.67,7.187833333333333,300,1.847338133576265,0.9877597851616053,0.28017779196203924,0.40985998735648466,2.0138712723244776,0.24201617733766237,1.820240226950518,0.1861020807297095,True,True,True,3
df8e303a9de6816ebabcbad8e995548f,3,PARTIAL_A,9.09,14.983,300,1.5075376884422125,0.99,1.8730439081143624e-26,0.5201045250358522,2.806381687527749e-25,3.3856073485290876e-26,6.2025939939758246e-12,5.160184007843019e-12,True,False,False,1
e18ce4fa18e1c5da6bf7505ff040feaf,1,OK,3.9700000000000006,14.9895,300,21.404843117211243,0.8668044768111647,0.3695530049484349,0.005390429258247974,5.539414767674565,0.35326612136690577,2.0213167430018526,0.345755407070121,True,True,True,3
e18d304c8c6af87a2455704d2bb77ba1,3,PARTIAL_A,3.6400000000000006,14.983,300,1.5075376884422125,0.99,1.5626160391856913e-21,0.26070868479875353,2.3412676115119215e-20,1.8020612626545954e-25,3.826857118231312e-10,1.7088218712944806e-10,True,False,False,1
e18fb5025ecee35a7b0b757f4b5406c8,1,OK,8.89,7.657,300,3.138602796203848,0.9792926221388314,0.39025404890321497,0.21269902918414726,2.988175252451917,0.3291078248511036,1.7531360138426073,0.14662273916990962,True,True,True,3
e1afc3a57f2f0a61e0d178fd8d71f49b,1,OK,8.93,5.219499999999999,300,1.5075376884422125,0.99,0.7246429044486482,0.19203370998416266,3.7822736397697185,0.5322065213086754,1.2778789353339948,0.1342198528734795,True,True,True,3
dfbb5c97e4e612910d137ca7bebb7983,2,OK,8.15,14.980500000000001,300,1.5075376884422125,0.99,2.635914027624004e-27,0.4126032965594534,3.9487310090821395e-26,1.3226904753550571e-24,-1.3094325623796976e-10,1.7055793013287595e-10,False,False,False,0
dfc835ecc62bd6c5e44e5d30c98cdf9d,3,PARTIAL_A,7.58,14.983,300,1.5075376884422125,0.99,6.788440830778353e-27,0.5336997423242565,1.0171120896755207e-25,4.312798403117307e-26,3.5950501834728734e-11,2.925257015597601e-11,True,False,False,1
e014cd4a1e119212bbe2d734e933e728,1,OK,8.34,3.310833333333334,199,1.1828474303084706,0.9881823298500111,0.680915008458026,0.7401749534307828,2.2543961071697813,0.5636321633767388,1.406153198493712,0.17117267255486124,True,True,True,3
e026e87dff6cf861bcb1cfdb6b14579e,1,OK,9.299999999999999,8.223666666666666,300,24.743025751380323,0.8476147366421146,0.36163792334406514,0.18294841606138487,2.9739897356071436,0.33878967503849433,2.0319836122700385,0.1721136557202081,True,True,True,3
e22ac631b9478c2297272c432d581540,2,OK,8.09,14.995833333333334,300,1.5075376884422125,0.99,6.431405582935995e-18,0.39760680397722054,9.64442862207777e-17,5.784782345529399e-26,1.0158940355609047e-10,1.7777934575525859e-10,False,False,False,0
e24fec62780767810e05c7748295e576,1,OK,9.49,10.002,300,3.087337589946732,0.9796274063146534,0.5799457744947337,0.01954497451685575,5.800617636496327,0.5064186547135069,1.5091617784743978,0.39915068106394286,True,True,True,3
e268bb2e2cd41c710574444ce74b59e4,2,OK,8.84,14.996,300,1.5075376884422125,0.99,5.116818071818995e-25,0.7624268303339271,7.673180380499764e-24,2.0630962157704503e-25,-0.09832949106951627,0.09832949108015089,False,False,False,0
e273007106dbd21818057bb8e03f8a7d,2,OK,7.67,14.996,300,1.5075376884422125,0.99,7.428334384683473e-18,0.36994203241493323,1.1139530243271337e-16,5.105651499186561e-25,-5.105619630777862e-12,2.3859988748269497e-11,False,False,False,0
e2b66b3383519926216e855ba1c935d2,2,OK,8.67,14.982000000000001,300,1.5075376884422125,0.99,6.402944275536697e-17,0.6883015392141756,9.592891113609081e-16,3.2603670692633035e-27,-1.0822380029177717e-11,5.677449410198613e-11,False,False,False,0
e2bf4d8e709bcd892bd69d79777ca2a1,3,PARTIAL_A,8.34,14.9825,300,1.5075376884422125,0.99,3.594084820593091e-17,0.39131576563519166,5.384837582453599e-16,5.464286956814354e-27,1.0918007239032098e-11,9.333738436821717e-12,True,False,False,1
e2bfce7d57d74338e70dc94c7d6587c2,2,OK,6.2,14.983,300,1.5075376884422125,0.99,3.0888988894455794e-27,0.45226289018353766,4.628097206056312e-26,9.490656594296784e-25,2.3222875474478619e-10,5.590093385800234e-10,False,False,False,0
e30f7274db67ec920a8ea296d355d284,1,OK,6.25,14.986833333333333,300,34.778681313255774,0.7922288170989418,0.09981017823949304,0.1825801854199823,1.4958385062455755,0.09763926776576459,2.5750475273564732,0.2059566023303624,True,True,True,3
e4f9d36dc6a5e0abcb32f1fdbf6c2109,3,PARTIAL_A,7.02,14.983,300,1.5075376884422125,0.99,2.1359887119625113e-19,0.4344039020814258,3.2003518871334308e-18,1.2888669054042519e-24,4.647867276238079e-11,4.0533440637562656e-11,True,False,False,1
e53c9b90fb8f345c5e2133c5979b972a,1,OK,8.98,11.7755,300,1.5075376884422125,0.99,0.05936669513595879,0.5941916225698768,0.6990725185734827,0.03580033223376797,0.43280531489567703,0.28060507675247914,True,True,True,3
e55aeef4f229fd29608f2e1d7cbceace,3,PARTIAL_A,3.25,14.9825,300,1.5075376884422125,0.99,4.865504443563114e-27,0.20123159651519607,7.289742032568435e-26,5.428221160674025e-25,1.2970342392707816e-12,6.934545446265127e-13,True,False,False,1
e5f8d5cf47e73b5597766d6de638fa63,1,OK,7.0,5.612166666666667,300,1.5075376884422125,0.99,0.46629671044714205,0.3057988736708478,2.616934855147769,0.38560523780917166,1.5015477744086116,0.15032899417090273,True,True,True,3
e33c8bccc807285a26a9ffdfc2b6538b,3,PARTIAL_BC,9.49,14.983,300,1.5075376884422125,0.99,0.06362304481750772,0.48343516405437936,0.9532640805007182,0.0054228198814843444,-0.2851560397416138,0.752607765402362,False,True,True,2
e3a892d4a48bdf15afad49f121ed4cbb,3,PARTIAL_A,9.610000000000001,14.9815,300,1.5075376884422125,0.99,3.005883605122712e-27,0.7165806513720426,4.5032645230145913e-26,2.5191233006063054e-26,8.745892898787133e-11,1.8533719975730464e-11,True,False,False,1
e3ea8c6b504f19d87d9750681e0ffa7b,3,PARTIAL_A,7.970000000000001,14.980500000000001,300,1.5075376884422125,0.99,5.967975075969619e-19,0.47530463341906837,8.940325062556288e-18,4.110709803680777e-26,2.6239529068069107e-11,2.0787019692624494e-11,True,False,False,1
e49a41064ced7023a3a665d7afbbcb2b,2,OK,7.42,14.982000000000001,300,1.5075376884422125,0.99,2.5314198592437503e-18,0.3969384840566208,3.7925732331189866e-17,4.472600976546078e-26,9.733769346098597e-12,1.911244850613593e-11,False,False,False,0
e6012994ae8ffd19d33ae326fec5f487,2,OK,5.99,14.988333333333333,300,1.5075376884422125,0.99,0.0061846696835641465,0.3543953536516795,0.09269789077382061,2.4600220572913013e-26,-0.06608668229636093,0.07603935737209935,False,False,False,0
e626e1b21dd84e399c0f4fb415da0540,2,OK,8.06,14.9815,300,1.5075376884422125,0.99,5.1288109313213155e-28,0.535120104648023,7.683728096759029e-27,3.446609715810796e-25,-2.3338323866065974e-10,3.0584694989900553e-10,False,False,False,0
e670783590d8cfabd94fc7d87673c23a,2,OK,8.469999999999999,14.980500000000001,300,1.5075376884422125,0.99,0.013055359316675293,0.6898169540625855,0.19557581024345425,2.7176532437287955e-26,-0.9988970570734194,0.9988970567511699,False,False,False,0
e6bd2f699e695aa4d0691061bdad6a5c,1,OK,8.38,4.4155,265,6.412995932803737,0.9527436340270791,0.7139602364334258,0.2705310228934731,3.1524914239717914,0.6935361403236411,3.0242119683984225,0.3447768746352494,True,True,True,3
e76e1a837b5274d19fb535d185bfa011,3,PARTIAL_A,2.49,15.0,300,2.6773417087898723,0.9823089386627045,5.305042836558617e-19,0.1721989948161356,7.957564254837926e-18,6.978441258503974e-24,1.7945596120227947e-09,1.6317761625426862e-09,True,False,False,1
e79912ab1ec025893a28b5835d5b493d,3,PARTIAL_A,8.23,14.9825,300,1.5075376884422125,0.99,1.0151101571429241e-24,0.7105788222512961,1.520888792939386e-23,8.334719754873918e-26,9.516143428811574e-11,9.038332069272696e-11,True,False,False,1
e7aaea667b7126870de16906d27bea6e,2,OK,8.11,14.983,300,1.5075376884422125,0.99,2.5435988982291145e-18,0.4519354800489238,3.8110742292166823e-17,1.7317667777834532e-25,-5.335509811743577e-12,5.9341331571355836e-12,False,False,False,0
e7ce3964e35344f4f3203a273ae8edbc,3,PARTIAL_A,5.96,14.988333333333333,300,1.5075376884422125,0.99,3.893782290766339e-17,0.39833328354481473,5.836130690143615e-16,6.673925036285093e-30,2.5370835062451153e-11,1.9612186076215846e-11,True,False,False,1
e6f486affd37f137dab9dcf921891fb8,3,PARTIAL_A,7.88,14.9815,300,1.5075376884422125,0.99,1.477081192504989e-26,0.5187253097388165,2.212889188551349e-25,1.3406652257483428e-25,3.4912073232362673e-12,2.530154091152338e-12,True,False,False,1
e73770c42140647f6fe21c38e1af8c87,3,PARTIAL_A,8.1,14.993666666666666,300,1.5075376884422125,0.99,1.0280889216045493e-18,0.47487852683467136,1.541482259423141e-17,2.2192784353342303e-24,2.3427001079786197e-10,1.8770855019149075e-10,True,False,False,1
e75ae9d61ff891dc18770a9b0bcad737,2,OK,8.29,14.980500000000001,300,1.5075376884422125,0.99,1.2147786761341127e-28,0.4249833475720774,1.8197991957827075e-27,1.4635860543120823e-24,-2.2755649216795366e-11,6.197995816381832e-11,False,False,False,0
e76dcd1965dddadc9704acddc944e075,3,PARTIAL_A,6.84,14.983,300,1.5075376884422125,0.99,1.3883351741269567e-19,0.43014474915041695,2.080142591394419e-18,4.510809410716931e-27,3.4024184950946315e-09,3.326782543944781e-09,True,False,False,1
e8754b5eea888194b62fdca62ae229ba,3,PARTIAL_A,8.66,14.995833333333334,300,1.5075376884422125,0.99,8.166387190962707e-18,0.4066883556896991,1.2246178125114493e-16,1.067018005893324e-25,1.220498517066441e-10,8.847662061783038e-11,True,False,False,1
e88074398e2a846f7c57e7447fb979b5,1,OK,9.0,6.287166666666667,300,5.088006810758586,0.9666456452094192,0.38355914406010866,0.3818917084665106,2.4115002652299133,0.312261390842421,1.3913796705180739,0.19455353503641754,True,True,True,3
e89e50ca8b34dfd1e792bcd2db559647,3,PARTIAL_A,7.970000000000001,14.993833333333333,300,1.5075376884422125,0.99,3.339515635647413e-22,0.4144163907014054,5.007214085495803e-21,3.371281387971242e-24,4.641251827308679e-10,4.242386569170204e-10,True,False,False,1
e8a04e62156cdcf75d85c79428c74d3e,2,OK,7.17,14.983666666666668,300,1.5075376884422125,0.99,2.800715434490225e-19,0.4604496432026245,4.196498649859004e-18,3.422817137740827e-27,-1.8388194670630279e-10,1.8010784900705847e-10,False,False,False,0
e90cbd7a612d2e44eb0e928f57e109bc,2,OK,2.08,14.983,300,1.5075376884422125,0.99,2.5780605471346843e-23,0.14523440478079497,3.8627081177718977e-22,1.2118789374796292e-25,-1.7825981431703514e-11,5.26294386145696e-11,False,False,False,0
e927c159df7e0f878a357e4da15e0b6b,1,OK,9.56,14.983,300,12.41310773621714,0.9205340145542291,0.11666117560514516,0.2800130494737497,1.74793439409189,0.09345691344189958,0.9285557046670695,0.2429380104435289,True,True,True,3
e939ce7a619c6549e1bf24b6d4bd70a2,2,OK,8.79,14.980500000000001,300,1.5075376884422125,0.99,7.295822579536773e-28,0.41570713404817267,1.0929507015275064e-26,1.021727344283048e-25,5.945399728091161e-11,1.4934599953241855e-10,False,False,False,0
e9b854905c1109b734df58fd1b210ebd,1,OK,8.0,3.944666666666667,237,1.1909547738693478,0.99,0.5337478426184905,0.6523310514609966,2.1054573231824056,0.4675025929840807,1.268614076531134,0.2773893408485825,True,True,True,3
e9d954ab30cca0724a29ef196dee9a97,3,PARTIAL_C,8.85,14.980500000000001,300,1.9477341225624591,0.9870988657807125,0.052437168737334235,0.5159811335077129,0.7855350062696356,1.3065008319063774e-17,-0.8764875733871484,1.1486995361693384,False,False,True,1
ea7372db60935ba03e8934f7f49f9a25,3,PARTIAL_A,8.24,14.982000000000001,300,1.5075376884422125,0.99,7.491752278025319e-20,0.43256810030434867,1.1224143262937533e-18,8.545994577921988e-26,1.2717752776817784e-10,9.689797127397396e-11,True,False,False,1
eade4be3a0f91fe63a9226d2446e4d6f,3,PARTIAL_A,7.92,14.993833333333333,300,1.5075376884422125,0.99,4.685758638011588e-23,0.5154488648111367,7.025748405857274e-22,6.608650502036539e-25,4.153447955938342e-11,2.2440775041632285e-11,True,False,False,1
eaf7ffa708a5ac849bc77e7039346f41,3,PARTIAL_A,2.62,14.983,300,1.5075376884422125,0.99,1.3444732860088984e-20,0.17667734508567362,2.0144243244271325e-19,6.722795893809908e-26,2.1024141686846556e-10,1.3699144216936e-10,True,False,False,1
eafef2a9aa777190a9a87a392842cb8e,2,OK,9.629999999999999,14.990499999999999,300,1.5075376884422125,0.99,2.14008595863211e-24,0.8529134959115505,3.2080958562874643e-23,3.9487543684336566e-28,4.71055416895183e-10,4.76032307742722e-10,False,False,False,0
eb17e0bea8ca2ede1ec6ddc12103a6ff,2,OK,8.52,14.9895,300,1.5075376884422125,0.99,3.036028618064859e-23,0.7673402175467061,4.55085509704832e-22,1.636414203317734e-27,-1.6812401100925929e-09,1.0929780770119554e-09,False,False,False,0
eb314c9de0f05e0969fbc511920ab694,2,OK,8.58,14.980500000000001,300,1.5075376884422125,0.99,4.9240347921203133e-17,0.6910658283792019,7.376450320335836e-16,7.015415234083675e-26,-1.3907911859215952e-11,1.4372284355816175e-11,False,False,False,0
eb483c06cb18f9d714171fe8ec8d61ae,1,OK,6.87,5.515833333333334,300,1.5075376884422125,0.99,0.4657125606964434,0.29670616165664687,2.568792866041466,0.40498634828692676,1.7853914904011514,0.12884181640925585,True,True,True,3
eb7b8af6ce1296f2c7bd7b2a37b6818d,3,PARTIAL_A,8.06,14.996,300,1.5075376884422125,0.99,3.2002241621386956e-21,0.35803897505169396,4.799056153543188e-20,1.0339586234703324e-26,2.5379653934010094e-10,2.404577732289318e-10,True,False,False,1
ebe6f597e7404e8b6e4c63435127e22f,3,PARTIAL_A,7.859999999999999,14.990499999999999,300,1.5075376884422125,0.99,4.211277674651724e-20,0.3591016682512529,6.312915798186666e-19,3.473728617394504e-26,2.5368721937960953e-10,2.360035601923625e-10,True,False,False,1
ec0ac96dc87ce3ec76bed2435a66732b,1,OK,7.99,3.8619999999999997,232,4.783914914619059,0.9595925684703366,0.748179958639282,0.3701744914669049,2.8894710002649067,0.7125626867139194,2.799404302456903,0.14203478432323727,True,True,True,3
ec3fbb6d18d9c3c995cd0c0fd0f14f73,1,OK,7.66,4.714333333333333,283,1.4221105527638205,0.99,0.32406605166379043,0.8527824625328789,1.5277553895603293,0.14367696590976906,0.6497478553960386,0.23732064935909913,True,True,True,3
ec48826aa1a70fc8755f8b76a5de6462,2,OK,1.6599999999999984,14.9955,300,79.64175035940637,0.580437345028519,7.202689239413553e-19,0.1143528813674018,1.0800792648962594e-17,9.06461007309995e-23,-1.3817628522853434e-10,9.728273693798907e-11,False,False,False,0
ec6af1e217ae937063c6275ef56376e7,1,OK,8.18,3.377333333333333,203,1.4119442677260794,0.9861853056308999,0.5823868178116675,0.792760752406842,1.9669144126892715,0.5270499773305692,1.5906749635358401,0.27288845725678756,True,True,True,3
ece01397b4a5d799ac0e83dbc622c907,3,PARTIAL_A,8.3,14.990499999999999,300,1.5075376884422125,0.99,2.943613826485138e-17,0.6274793667789847,4.4126243065925456e-16,3.9017571899224473e-26,5.62604777580115e-11,3.651145265740985e-11,True,False,False,1
ed0d31366b847b81179cf7db313f413d,2,OK,9.709999999999999,14.988333333333333,300,1.5075376884422125,0.99,1.3677696990699446e-19,0.8298223602867225,2.0500588172893353e-18,2.082528567561798e-26,-8.890717791606069e-11,3.523656199531766e-11,False,False,False,0
edd09220054743103d994da851eb3686,2,OK,9.379999999999999,14.9815,300,1.5075376884422125,0.99,1.487458176299146e-23,0.8503239695812882,2.228435466822566e-22,3.0422513254485657e-26,1.6095273262332437e-12,4.3421160778768435e-12,False,False,False,0
edf08910e0bdb68c7ae89a60d132e927,1,OK,7.42,3.0421666666666662,183,1.2006523264967628,0.986963647399374,0.7816046556214525,0.6297453811827525,2.377771629843062,0.7288637726757864,1.119422552225135,0.6758251137710847,True,True,True,3
ee07c60f69235dd61742fb1bb645bbb0,1,OK,7.8100000000000005,3.9968333333333335,240,1.2060301507537698,0.99,0.4888621647051394,0.7221480663310599,1.9539005952989914,0.4066810081044889,1.092449994730549,0.35487273026817623,True,True,True,3
ee807519bd0570975f5b500c2de7016e,1,OK,8.35,3.494166666666667,210,6.011514550738985,0.9443407953206407,0.7634998900852528,0.48995443826608104,2.667795865939554,0.737935940863766,3.1332827889347556,0.18310900315906656,True,True,True,3
ed1e94fd39381327c2c2aa1cea491203,2,OK,7.26,14.995833333333334,300,1.5075376884422125,0.99,3.700968860046554e-17,0.5629985878573046,5.549911219711478e-16,1.0583075948301243e-26,-4.170370715428362e-10,2.970515766481105e-10,False,False,False,0
ed58c73057dacdadd95fd24880f4c072,3,PARTIAL_A,8.67,14.9825,300,1.5075376884422125,0.99,5.425892534667975e-30,0.5215136075097813,8.129343490066294e-29,4.067739118605585e-27,4.492753502560731e-09,4.460098113800243e-09,True,False,False,1
ed6724e03220da5be74bfa0d6540d508,3,PARTIAL_A,7.800000000000001,14.980500000000001,300,1.5075376884422125,0.99,1.3006081142099905e-18,0.4523871515777746,1.9483759854922765e-17,1.7868192704480304e-27,1.5351734698280475e-10,1.4483471006261072e-10,True,False,False,1
ed8b77e255cd0b9a6a2ef3f52f86617d,2,OK,7.62,14.9815,300,1.5075376884422125,0.99,1.2212598718615939e-19,0.48246301999571856,1.829630477029447e-18,3.445622869081596e-27,-1.828921458724153e-10,9.78334560106138e-11,False,False,False,0
eec807d86a39db6c0c67c6bedac948f2,2,OK,6.550000000000001,14.989166666666668,300,1.5075376884422125,0.99,3.563998299335255e-29,0.5442842578749851,5.34213645084527e-28,2.7425115609755593e-26,-6.222429238533778e-10,8.906364718908116e-10,False,False,False,0
eeeba1118c60eaae3d31c8eb7d56a39b,2,OK,8.78,14.980500000000001,300,1.5075376884422125,0.99,3.780088575777326e-19,0.7845187264713146,5.6627616909432235e-18,4.058743518781539e-27,-0.32440655574346744,0.3244065556471518,False,False,False,0
ef277b2026aecb196613d01c658a5857,2,OK,7.220000000000001,14.980500000000001,300,1.5075376884422125,0.99,3.863896950926892e-31,0.5020472732408143,5.788310827336031e-30,3.2362964785885205e-27,-9.286099666994119e-11,1.1859462051396465e-10,False,False,False,0
ef3f5351ca6fb5d129fc3df9acab940b,1,OK,9.1,7.927666666666667,300,4.460955784580296,0.9706960403307896,0.8614506738384942,0.009527537682946282,6.829293791966969,0.799079218418418,2.3693766427776546,0.1233012208487667,True,True,True,3
ef831d21208881c1880c13036b94ce81,2,OK,7.529999999999998,3.0421666666666667,183,0.9195979899497496,0.99,0.09311574691003482,2.460026273140131,0.2832736213914776,4.2811920868064975e-16,0.05828442732173141,0.1790798357720209,False,False,False,0
efb86b3a19ed45d91912e17bf118c056,3,PARTIAL_A,7.49,14.996,300,1.5075376884422125,0.99,4.320710739626429e-25,0.38764767795460214,6.4793378251437935e-24,4.641707363165076e-25,5.906319877624355e-11,5.4100963412531456e-11,True,False,False,1
efcf2792df0f0271729f42dd958ead0d,2,OK,7.7,14.980500000000001,300,1.5075376884422125,0.99,8.935280431696412e-28,0.650327766926699,1.338549685070281e-26,1.02810314908055e-27,-7.045312481560965e-11,5.423268163082113e-11,False,False,False,0
f0079fc796441d77d9debc9e7bcdaf15,2,OK,8.29,14.983,300,1.5075376884422125,0.99,5.620486274938252e-21,0.5598392190404993,8.421174585739983e-20,2.3912961254498974e-25,1.4389637629600807e-10,4.0904464942400084e-10,False,False,False,0
f00dd34edf41519f00da8a1196c1a267,2,OK,8.96,14.989333333333331,300,1.5075376884422125,0.99,2.0180705235365462e-17,0.8510299654235576,3.0249531767463797e-16,5.873178351479162e-24,-0.043862121507274754,0.04386212150617674,False,False,False,0
f03659818c33fbef22b31eef8d7fff22,3,PARTIAL_A,3.37,14.993833333333333,300,1.5075376884422125,0.99,2.9728693801417645e-14,0.18408427846956918,4.457470800761559e-13,6.925020386863313e-26,1.5962296646502652e-10,1.2372251337871343e-10,True,False,False,1
f04511a748ec6f3023c75caca3210f83,2,OK,7.89,14.983,300,1.5075376884422125,0.99,5.3366187540415527e-20,0.5354382817296408,7.995855879180459e-19,2.3048134340684863e-27,3.236197236115383e-10,1.0411024578095927e-09,False,False,False,0
f089ecfedd33f999dc839391732e6c66,3,PARTIAL_A,8.49,14.989166666666668,300,1.5075376884422125,0.99,5.110210868699703e-24,0.716783499307349,7.65978024127513e-23,3.5508336488300446e-26,2.5754213576571297e-12,1.5846445213420015e-12,True,False,False,1
f0be7e6b7b9e6ad9b3cfc651e5177d4c,2,OK,7.8100000000000005,14.986833333333333,300,1.5075376884422125,0.99,3.7473224449983595e-28,0.6494222519100257,5.616049692944958e-27,1.7920004679057572e-26,7.746418321611752e-11,8.789619901174812e-11,False,False,False,0
f0e93cc11d460d7b77336e45b159d6d8,2,OK,8.93,14.986666666666668,300,1.5075376884422125,0.99,3.565196772132098e-27,0.6666306727086411,5.343041562501972e-26,2.928790140100192e-27,-6.071395238412454e-11,3.146710258297476e-11,False,False,False,0
f0f845ba536c1f22253fb98dc54f1071,3,PARTIAL_A,9.2,14.990499999999999,300,1.5075376884422125,0.99,2.886102999786618e-22,0.7991223117284165,4.3264127018301296e-21,1.0684780798920313e-26,3.962087694967901e-10,3.9318799859097305e-10,True,False,False,1
f125023abd103f35faa9072adcc81378,1,OK,7.719999999999997,3.8619999999999997,232,2.063711329138964,0.9823662427856065,0.6517527069781359,0.4313915212810495,2.517068954349561,0.6129792980915943,2.533879738420721,0.11979653694548728,True,True,True,3
f29028dbc95c62720dced23c84f29919,1,OK,9.34,11.969333333333333,300,3.80163524296372,0.9749729112555738,0.17705323434266995,0.2728962993856921,2.1192091795921977,0.12300143228047218,1.1220834165423392,0.16790707447413838,True,True,True,3
f2ac0a368c2fcf80d386853f9ee86b3b,2,OK,8.9,14.983,300,1.5075376884422125,0.99,2.0555935206778217e-21,0.7775560434162315,3.07989577203158e-20,5.299888036017504e-26,-0.13521819022411208,0.13521819022113535,False,False,False,0
f2b21606943f71d89915075fd22ba1ce,1,OK,7.21,4.699166666666667,282,1.4170854271356796,0.99,0.3432083455803574,0.6712819623551655,1.6127932172730295,0.282357386614957,0.9834670991428526,0.41557845460488174,True,True,True,3
f2df027bd07ece5ea51557b5bf038e6e,3,PARTIAL_BC,7.5,5.918333333333333,300,1.5075376884422125,0.99,0.20971360646605697,0.8026086611728738,1.2411550276016137,0.0659781732994998,0.1766669044591831,0.5179955130683378,False,True,True,2
f166588b89f48e0534bf9fe301532d44,2,OK,9.7,14.995833333333334,300,1.5075376884422125,0.99,2.2494882734142994e-20,0.8647937007984833,3.3732951233408598e-19,3.1983732341309506e-24,-0.05360119112778635,0.05360119125340453,False,False,False,0
f1ee61c15821a0fb2b81da38edadf12c,2,OK,7.48,14.983,300,1.5075376884422125,0.99,3.119021863311663e-17,0.6070513195902593,4.673230457799864e-16,5.724163818493015e-28,3.643351546382216e-10,3.925598052741897e-10,False,False,False,0
f2560d1796745c078bee69d1aefa5a0a,2,OK,8.65,14.988333333333333,300,1.5075376884422125,0.99,9.729313042134705e-16,0.5128754138153347,1.4582618697986235e-14,5.693502159335036e-27,2.4868995751603507e-12,2.753244273187468e-12,False,False,False,0
f283d61d7508735b2efa4120ab97836a,1,OK,8.52,4.75,285,5.062521540323123,0.965093583869853,0.7575268834665767,0.1890233587800232,3.5982526964662394,0.7202517568180242,2.7605297348782987,0.16604798633563186,True,True,True,3
f2ec6675b8a4f2eeb7f09b6a89c3636b,2,OK,9.149999999999999,14.9895,300,1.5075376884422125,0.99,2.1790149765628932e-13,0.8846184229380852,3.2662344991189485e-12,1.0603695724657826e-26,-0.0009633723491525951,0.0009633719247898291,False,False,False,0
f2f3545e6b382929f9f4450e36206b14,2,OK,1.4299999999999997,15.0,300,36.65536372293069,0.7822380530785289,9.908313060698138e-15,0.10057664954263659,1.4862469591047208e-13,6.12177200254869e-24,-2.059423742650779e-10,4.255722317491304e-10,False,False,False,0
f36f35f744325e4d6752eec135635f11,2,OK,8.76,14.999666666666666,300,1.5075376884422125,0.99,9.538154754806342e-22,0.7745235400512984,1.4306914193717685e-20,9.270620018745057e-26,-1.300513030599859e-10,1.2152584672519626e-10,False,False,False,0
f375c1d042032bd656f13cf8f18952e1,2,OK,3.780000000000001,14.988333333333333,300,1.5075376884422125,0.99,4.4992227274717064e-18,0.23595860459318888,6.74358499802551e-17,6.16940003050985e-26,2.2059064760012367e-10,3.1949345379770144e-10,False,False,False,0
f4172bb5bd99fbfdd31bef9b808f790f,3,PARTIAL_A,9.84,14.988333333333333,300,1.5075376884422125,0.99,1.2483803342301758e-21,0.6768403349552761,1.8711140576219953e-20,2.1970327450073866e-25,1.2173299405541608e-11,8.56611551099805e-12,True,False,False,1
f419927c6d507839c2f3273babf6dd12,1,OK,3.450000000000001,14.986666666666668,300,16.032507908417195,0.8985388685833342,0.2917937541566383,0.011482222526243698,4.373015728960819,0.26848180030688873,1.6137458949386871,0.24610076398729794,True,True,True,3
f4373b5bb62ee28d07ce69091c6dc229,2,OK,1.2999999999999998,14.990499999999999,300,1.5075376884422125,0.99,3.813057004138008e-22,0.07199206443200327,5.715963102053081e-21,5.853742347192522e-26,1.587433888043203e-11,1.7691039617450927e-11,False,False,False,0
f446e42893e3fb357bf1b32b3d3c2130,2,OK,9.790000000000001,14.995833333333334,300,1.5075376884422125,0.99,3.0212000632591294e-19,0.7759496384874678,4.530541261529003e-18,2.189962424227354e-27,-5.055077837804826e-10,5.051807459474196e-10,False,False,False,0
f5e904ce0958e271febb2d7546523b76,2,OK,9.68,14.988333333333333,300,1.5075376884422125,0.99,1.7383877905652385e-29,0.834915586472264,2.605553566758865e-28,7.112385328912202e-26,8.355072189658586e-11,1.5515802902320656e-10,False,False,False,0
f6032c4f965ee0881de707be80bd6f7d,2,OK,7.65,14.980500000000001,300,1.5075376884422125,0.99,4.72813594701955e-19,0.6494138311067736,7.082984055432637e-18,2.321302503994564e-23,-2.0011980961243125e-09,1.870959939083767e-09,False,False,False,0
f634a60b110354ec2801c9f7cdcfd48e,3,PARTIAL_BC,9.84,14.983,300,1.9067642192026184,0.9873685227018087,0.07900304270351229,0.4454265414434561,1.1837025888267245,0.015246138274754312,-0.1044369962782008,0.672949952639728,False,True,True,2
f64fb7d6e6dff4d64e0cf4c17938b691,3,PARTIAL_A,9.440000000000001,14.993833333333333,300,1.5075376884422125,0.99,3.0399583286642172e-24,0.8424989711017206,4.558062852026983e-23,4.48390120837059e-27,6.364656949623774e-10,4.708486301876076e-10,True,False,False,1
f45be3380f750277cc88b4c60e5d9054,3,PARTIAL_A,8.879999999999999,14.993666666666666,300,1.5075376884422125,0.99,7.164372440138378e-20,0.5707300339825209,1.0742021224328813e-18,1.2947372392527303e-25,3.8075461302374453e-10,3.7917399053946314e-10,True,False,False,1
f4dd7cdfb6f3c99a179df7401f5fbeea,3,PARTIAL_A,9.51,14.9815,300,1.5075376884422125,0.99,1.7398642809011504e-24,0.8343998129435596,2.6065776724320586e-23,3.95919350531913e-27,1.1276091171907865e-11,8.181448380952834e-12,True,False,False,1
f54f2aed08a3821e5ec4b43cab08fded,2,OK,6.55,14.988333333333333,300,1.5075376884422125,0.99,1.6138608951959392e-18,0.3749828540107226,2.4189085050828468e-17,3.87726710326822e-25,5.590628626706007e-09,5.676105682028792e-09,False,False,False,0
f57f5ca2ccaa89e0bec07d6d071b67fd,2,OK,8.440000000000001,14.980500000000001,300,1.5075376884422125,0.99,4.0288934372614095e-19,0.5137436231786565,6.0354838136894546e-18,4.1260681859483306e-25,-1.6665831677660967e-10,1.6743509033962952e-10,False,False,False,0
f6655736af78a9794e62be51a52357e8,2,OK,8.610000000000001,14.980500000000001,300,1.5075376884422125,0.99,8.510556850647679e-25,0.7724891934400678,1.2749239690112757e-23,6.487214602268501e-27,-0.23247253965589665,0.2324725396544837,False,False,False,0
f6a02189e3bd7e4d1521a20a8f95e9e8,3,PARTIAL_A,7.01,14.983,300,1.5075376884422125,0.99,4.5388410836267525e-20,0.5009749414630593,6.800545595597964e-19,2.3778325520698973e-28,1.276808547778785e-09,6.764523738667667e-10,True,False,False,1
f6b4e15016d1f1f27593ed40a8f2bc0e,3,PARTIAL_A,3.719999999999998,14.993833333333333,300,1.5075376884422125,0.99,9.77518469818814e-25,0.25370740375536877,1.4656749016718328e-23,1.7656358880435158e-26,2.2258945150029538e-10,1.3177775523853677e-10,True,False,False,1
f6e14efc05e4c994508b038c3622cc9d,3,PARTIAL_A,7.699999999999999,14.982000000000001,300,1.5075376884422125,0.99,4.407277434171632e-18,0.39043257344063476,6.60298305187594e-17,3.4911013118175513e-23,1.5010000649814023e-10,8.482846788455705e-11,True,False,False,1
f6ea27ae70e0f1f5fad0c4bd01077efd,3,PARTIAL_A,9.5,14.995833333333334,300,1.5075376884422125,0.99,6.937867721733871e-18,0.7839946949017821,1.0403910804383417e-16,7.014183239568662e-26,1.0103399598430467e-10,1.0045406917735294e-10,True,False,False,1
f6f0e2191becc2c360e14cdfa34315a1,2,OK,7.46,14.989166666666668,300,1.5075376884422125,0.99,1.2387376491071622e-17,0.630901883284936,1.8567645078742108e-16,1.0025108257521423e-23,-4.061153635603887e-10,6.071828913732618e-10,False,False,False,0
f6f3b74a8496e698f0bec899b373d446,3,PARTIAL_A,8.73,14.995833333333334,300,1.5075376884422125,0.99,1.9224032057108253e-19,0.5977788418208074,2.882803807230525e-18,6.057220981173807e-24,1.841018744859942e-09,1.752920133462555e-09,True,False,False,1
f720a1a2d74f1a3a36e4d476bbafdfde,2,OK,8.84,14.993666666666666,300,1.5075376884422125,0.99,1.1830639393047185e-17,0.7618243685378776,1.7738466351288513e-16,6.905698186547454e-27,-1.5742630162426015e-09,1.7137483630694707e-09,False,False,False,0
f78b01994b505c210665f235db18e7bc,2,OK,9.670000000000002,14.995833333333334,300,1.8773076310725214,0.987562446175207,0.01849935364715582,0.7433984710651386,0.27741322406714086,1.4144698810754134e-25,-0.8975636811316222,0.9099989614631472,False,False,False,0
f7a58581788ffb6ecc7e48646e9f7add,2,OK,8.49,14.994166666666667,300,1.5075376884422125,0.99,1.694969235191115e-16,0.64022973403408,2.541465120732811e-15,4.6776861689016817e-26,5.420454455655014e-10,6.854304690762399e-10,False,False,False,0
f7af292e1fcedda9abad913efbedd53c,3,PARTIAL_A,8.06,14.993666666666666,300,1.5075376884422125,0.99,1.5126107408893095e-18,0.46392731005859505,2.267958124531401e-17,1.8249950683046914e-25,5.5954546181643155e-09,5.595362469791685e-09,True,False,False,1
f7e7b4abb70920355ebe075752bdfcb1,2,OK,3.3799999999999972,14.993833333333333,300,1.5075376884422125,0.99,6.514804704279815e-28,0.2290618798619589,9.76818959351875e-27,1.5698621427242754e-24,2.400982144582879e-10,2.6969516785924453e-10,False,False,False,0
f8a04c15e332137fe4345761dfcfe039,1,OK,7.609999999999999,3.0936666666666666,186,2.0532587077672164,0.978163008480933,0.6499166925056318,0.8070748690231732,2.010625607714923,0.6079807658202162,2.4867381561515307,0.19910791541825892,True,True,True,3
f8b03f71b0dcc34bca5d280c6be30874,2,OK,8.96,14.995833333333334,300,1.5075376884422125,0.99,4.599972731358807e-15,0.6775267689429887,6.898042441733478e-14,8.451346081237489e-24,2.706496508390425e-10,3.304743123339816e-10,False,False,False,0
f90243ccefe58706f00dd9675815401b,3,PARTIAL_A,1.8499999999999988,14.9955,300,3.626559334009222,0.9761117120849776,1.9345038763508567e-25,0.11766329546683456,2.900885287781927e-24,6.073654679462795e-24,1.1844921340061396e-10,1.1425351369656307e-10,True,False,False,1
f93d0d293a40e9d8cd3527b463f41070,2,OK,9.01,14.988333333333333,300,1.5075376884422125,0.99,9.35066484050566e-19,0.5301730603846403,1.40150881517779e-17,3.617885593178668e-26,-1.6034943743174304e-10,1.6034710704830221e-10,False,False,False,0
f943c0cefcd4d178d3dcdca7b197145e,3,PARTIAL_A,8.27,6.991166666666667,300,1.5075376884422125,0.99,9.195475417833054e-19,1.3297702554468196,6.42871012253072e-18,9.135788775641292e-25,1.550420902773908e-10,1.2793909735298192e-10,True,False,False,1
f981fb816dbf593e4cfcd960eb1e63e3,2,OK,1.7299999999999986,14.990499999999999,300,1.5075376884422125,0.99,3.626477871088714e-22,0.10118298277023954,5.4362716526555364e-21,9.409049946690823e-25,9.640773364812578e-11,1.1616862785891378e-10,False,False,False,0
f985626764ce533899e282b55c39bf88,3,PARTIAL_A,8.18,14.990499999999999,300,1.5075376884422125,0.99,1.7636678439291388e-18,0.45991598175946513,2.6438262814419754e-17,3.3841125152451814e-26,1.7019230469372815e-10,1.1918648448569467e-10,True,False,False,1
f99ccfdfe8c1afe1d5daa1c0b126fa68,3,PARTIAL_BC,7.859999999999999,3.376833333333333,203,1.0201005025125638,0.99,0.32767483434693667,1.5655590013539338,1.1065033031172138,0.14429810951093486,-0.02094133771900168,0.5566449155512061,False,True,True,2
f9b95c9ca13ca544f31188b560270463,1,OK,1.0099999999999998,14.989166666666666,300,158.7204817692829,0.3079860696121582,0.15719698241787283,0.016228177638577816,2.3562517689585656,0.15396515270712854,1.7718411803771996,0.22723377150176155,True,True,True,3
f9f350f69eac467a7448998b053cdf2d,3,PARTIAL_BC,9.95,14.986666666666668,300,1.5075376884422125,0.99,0.10777996709329188,0.37677975969725497,1.6152624401714677,0.013684774122549702,-0.8562882496017011,1.3361213166971815,False,True,True,2
f9f6060438edc5d363930be2f7a94b33,1,OK,8.87,4.497,270,1.678724130679375,0.9876418432392822,0.6955761735354687,0.3082842412057603,3.128006052389003,0.6305416971030654,2.444960689808011,0.1728975812233722,True,True,True,3
fa32c7bd21013217d37c0d7bb754c86c,2,OK,5.05,14.9825,300,1.5075376884422125,0.99,8.468690052267712e-17,0.35973353694157695,1.2688214870810098e-15,1.1111699281053931e-24,-2.1258309927200494e-10,2.0113446046092706e-10,False,False,False,0
fa546271a96b1338987544d8017b5fe1,2,OK,7.85,14.990499999999999,300,1.5075376884422125,0.99,6.516542648670488e-22,0.3194353242771174,9.768623257489494e-21,1.8963794984708422e-26,-4.360410551148182e-10,5.07578202543668e-10,False,False,False,0
faa2746d039a2a50243aee81f309992c,2,OK,7.95,14.993833333333333,300,1.5075376884422125,0.99,3.193158507323096e-17,0.5564703758542295,4.787768646571795e-16,2.3853266154146265e-26,-2.7733482177438873e-10,1.5057108562964484e-10,False,False,False,0
fadb86d8dbe21350e5f24e0a0ed30c12,3,PARTIAL_BC,3.6499999999999995,14.9895,300,6.050504974878866,0.960460741763027,0.034055116789388065,0.19818136440807724,0.5104691731145324,0.02317249940859991,0.26628024456779925,0.521701951011805,False,True,True,2
fafbc90c5a94cfd71370f07f67751ebf,3,PARTIAL_A,8.21,14.996,300,1.5075376884422125,0.99,6.5426962275778234e-21,0.3647280789595932,9.811427262875704e-20,3.2443252890501145e-23,6.05692111281068e-09,5.849164898936319e-09,True,False,False,1
fb3b3d3cb3a205e623f9ad58e1114fcf,2,OK,8.5,14.980500000000001,300,1.5075376884422125,0.99,3.115281714473216e-17,0.6922139479312164,4.666847772366601e-16,3.898281271558817e-26,3.5884554587066e-11,6.234110182709001e-11,False,False,False,0
fb9435f407d2e9ebc31cbb57035f42a6,3,PARTIAL_BC,7.029999999999999,3.5786666666666673,215,1.0804020100502523,0.99,0.4459144750397396,0.8849544491902611,1.5957792680088816,0.36526259186250953,0.5659350512359601,0.7548702066935153,False,True,True,2
fc1342426a1bbe5f3aed2569056056e2,1,OK,9.29,14.9895,300,6.524060619698244,0.9574319836001873,0.3830179093139001,0.013339185014083071,5.741246951660706,0.33777963149013557,1.5282462425028116,0.3087862119275246,True,True,True,3
fc39872c19d90c328e026df43cd23d5c,2,OK,7.859999999999999,14.993666666666666,300,1.5075376884422125,0.99,4.542704574969807e-18,0.3987803635932165,6.811179816223896e-17,4.3161604965950014e-27,-2.790687680942483e-10,2.849024102721538e-10,False,False,False,0
fc719e3dc92f95e1dc24106407222cf5,2,OK,5.94,14.9815,300,1.5075376884422125,0.99,2.5023746949111092e-20,0.35224560935360244,3.7489326491810784e-19,8.527587140403676e-25,-4.5341508325691393e-13,3.965769456906243e-12,False,False,False,0
fc74a55a299fa99ee253854680dcae7f,1,OK,9.09,7.422999999999999,300,9.81244878331163,0.9366555551796136,0.3748601023388592,0.24564181048030212,2.7825865396613514,0.3296908320428488,1.6548641174507852,0.17560660273509604,True,True,True,3
fc9eb297150abbe9a5255c371da13787,2,OK,6.43,14.982000000000001,300,1.5075376884422125,0.99,4.674226428349582e-25,0.2920355022214286,7.002926034953344e-24,1.4278502908500344e-26,-1.2210410460511412e-10,1.413943611601483e-10,False,False,False,0
fce1ef1703b2e3a4e730793634761a40,2,OK,7.029999999999999,14.993666666666666,300,1.5075376884422125,0.99,5.0861938383014855e-20,0.3621634869628801,7.626069501354637e-19,6.0989198395064355e-24,-1.309640544159644e-10,1.355278387805136e-10,False,False,False,0
fd1a1e9dc0e9cf78e97ccb306a9de4d1,2,OK,8.03,14.990499999999999,300,1.5075376884422125,0.99,2.995317183075826e-26,0.6582241734997343,4.490130223289816e-25,2.0350707829680047e-26,-2.0572306450953684e-09,2.0472665289345874e-09,False,False,False,0
fd79072475bacc6063d9a36f0d2a675a,2,OK,9.219999999999999,14.996,300,1.5075376884422125,0.99,1.7017503894745212e-17,0.7628250633463006,2.551944884055992e-16,2.4942438342507446e-26,1.1387883229000788e-10,1.6673113005608537e-10,False,False,False,0
fda43cc3f1608b96d14464901a15f353,3,PARTIAL_A,3.2199999999999998,14.988333333333333,300,1.5075376884422125,0.99,1.0372473197766559e-25,0.193978483475485,1.554660857791911e-24,2.028697566219739e-27,2.017918563727387e-10,1.3512712233013948e-10,True,False,False,1
fde8fecc39ced1d74ac949d49c100042,3,PARTIAL_BC,8.860000000000001,14.982000000000001,300,1.5075376884422125,0.99,0.09157436118276692,0.35453660153490885,1.371967079240214,0.035535966074084616,0.20319845026277558,0.5005294540611205,False,True,True,2
ffbb0b06e69c2539ffcd34399b531c9c,2,OK,8.71,14.996,300,1.5075376884422125,0.99,5.221250929718613e-25,0.7118109708855815,7.829787894206032e-24,6.561710500499661e-27,-3.6318984856601827e-10,3.468826278166388e-10,False,False,False,0
ffc7b26e8f8abc069403463f7cecf323,2,OK,8.11,14.990499999999999,300,1.5075376884422125,0.99,5.297168515355123e-19,0.4880258339350351,7.940720462943095e-18,1.0481970172899153e-25,3.0942433800381273e-11,3.172362217314874e-11,False,False,False,0
fff05f03da1eb4f4922dd6fb743edf6a,2,OK,8.96,14.9895,300,1.5075376884422125,0.99,0.015102495421687475,0.7538669206727875,0.2263788551233844,5.869314461461585e-24,-0.5570363092958215,0.5570363092783215,False,False,False,0
fe362dace00601c72c7b686dfbafb377,2,OK,9.08,14.996,300,1.5075376884422125,0.99,6.608867122763688e-28,0.7139085923394302,9.910657137296426e-27,1.9486261813726653e-26,4.852592401978958e-11,1.5569134179360558e-10,False,False,False,0
fee9467769928828163f45136d7f65fa,3,PARTIAL_A,8.030000000000001,14.995833333333334,300,1.5075376884422125,0.99,1.6382330427849023e-22,0.41376775324267573,2.456666967076193e-21,2.2969861737384346e-24,6.704784875447937e-12,4.945572457737825e-12,True,False,False,1
fef6a94f06e0f3d59f4465f3d652e8b7,3,PARTIAL_A,7.34,14.993833333333333,300,1.5075376884422125,0.99,7.579811154800908e-21,0.38616913521072904,1.1365042515322568e-19,6.899599960490148e-26,1.7571262963163767e-10,1.372780596899179e-10,True,False,False,1
ffa44d2fa10c4bd348a414458fd77624,2,OK,3.96,14.988,300,1.5075376884422125,0.99,3.4753698552181638e-15,0.23888330309323935,5.2088843390009836e-14,2.252665315307212e-25,1.6952236651472201e-09,1.7827192752384898e-09,False,False,False,0
