k,r_true,rt_true,dd_true,dur_h,sigma,rho_true,state,reason,drawdown,rt,r_hat,r_boot_lo,dlpd,dlpd_se,G,eff_n
4,0.0,0.0,7.85,2.942,0.031183739415788,0.99,2,OK,7.860562488427135,9.852178508613843e-25,3.339721528343676e-25,9.0868824563536e-24,9.331682093716152e-11,1.8944383776057368e-10,0,5.328801847562241
5,0.0,0.0,7.77,4.547833333333333,0.0108760472104893,0.99,2,OK,7.787245398488034,0.0097126634643201,0.0021346513108395,7.679887020612029e-17,-1.50126329043657,1.3570356770534329,0,4.483306943087383
6,0.0,0.0,7.41,14.989166666666668,0.0127244867872389,0.99,2,OK,7.402068069690403,0.0131100776808086,0.0008740051787205,3.702287708110405e-19,-2.401592110233215,2.088520294290396,0,5.110089556793796
7,0.0,0.0,9.71,13.517833333333332,0.0075343977946729,0.99,2,OK,9.70308742498548,0.0020326270034971,0.0001503793097531,3.0009021900160087e-20,-0.576815695799601,0.5622962989648649,0,11.646086868848
8,0.0,0.0,8.620000000000001,14.982,0.0066764329092978,0.99,2,OK,8.622970688676533,5.843408584878485e-23,3.899938988795429e-24,3.778213806815304e-25,-1.2279750057323298,1.2279750077948794,0,4.207290958810714
9,0.0,0.0,8.61,4.181166666666666,0.0083075212451321,0.99,2,OK,8.635193242693846,4.698380193726956e-17,1.123118771408834e-17,1.703610126963366e-23,-6.740665803306455e-10,5.170919183607066e-10,0,4.9791326476322215
10,0.0,0.0,8.8,14.9895,0.0073963797157087,0.99,2,OK,8.7938691618553,3.3267992841383468e-12,2.2178661894255645e-13,1.3314053570409185e-23,-0.0034568531055145,0.0022079596761778,0,6.591358456742703
11,0.0,0.0,7.859999999999999,14.9815,0.0082093573645361,0.99,2,OK,7.882235810405076,0.0002469175575186,1.647948103572941e-05,2.723982901422765e-21,-0.2922600476304411,0.2630440882435032,0,16.630737054373892
12,0.0,0.0,8.77,14.9895,0.0056708596358757,0.99,2,OK,8.76851224676317,5.605472219806204e-19,3.736981479870802e-20,5.248667731315005e-23,-0.094034165434985,0.0940341672795211,0,9.06196832358919
13,0.0,0.0,6.9,14.983,0.0070433169344659,0.99,3,PARTIAL_A,6.908597052428879,0.0197377598514799,0.0013173143393646,0.0007720253045791,1.0140857585678489,0.9562269663315304,1,11.031500943518054
14,0.0,0.0,8.89,7.657,0.0061305703337821,0.99,2,OK,8.897793503333832,3.2000292912051444e-11,4.1739512493980136e-12,2.0634670149085688e-23,-1.4498840883447885e-08,1.4722957886156337e-08,0,7.767677399294015
15,0.0,0.0,9.72,8.895166666666666,0.0109936849991218,0.99,2,OK,9.736077230098577,0.0045686338518012,0.0005133296462697,1.37889216830355e-20,-0.2653376766528971,0.2555629809341904,0,7.617817871544783
0,0.0,0.0,7.89,14.983,0.0717331689728817,0.99,3,PARTIAL_A,7.918451909433696,3.9408669164047075e-21,2.6301670187350667e-22,3.0346107761731943e-28,1.3711940471949902e-10,1.0019171210668576e-10,1,5.235555714086138
1,0.0,0.0,1.540000000000001,14.989166666666668,0.0061259918810411,0.99,2,OK,1.5432175349153727,6.327185231460428e-16,4.2181234876402846e-17,1.815508973518136e-22,-0.6029505562361209,0.6029505575314495,0,14.257730892489851
2,0.0,0.0,8.66,14.9825,0.0855074339037046,0.99,2,OK,8.556716751319533,0.0854851957532161,0.0057053523305817,4.8509591381070395e-18,-0.8266631655080765,0.6753571008915384,0,7.9632879681678865
3,0.0,0.0,8.86,5.132000000000001,0.009195814682361,0.99,2,OK,8.863706417761641,1.120315605691593e-26,2.182432998100505e-27,9.490981188218495e-24,-0.3594236399536088,0.3594236037463416,0,4.093628518950545
16,0.0,0.0,8.1,14.9825,0.0187067469773679,0.99,2,OK,8.153232897040956,1.8018093948638324e-18,1.2025424214886537e-19,1.2870729242012065e-25,-1.3210144823452663,1.3210144826973993,0,5.335623958734371
17,0.0,0.0,8.78,14.9805,0.0060571476811548,0.99,2,OK,8.784773985327764,3.666671073483879e-14,2.4471664561627665e-15,3.1664251957734496e-23,-0.4066678386435033,0.4066678259650531,0,12.918390651602582
18,0.0,0.0,8.69,14.983,0.0095771522051894,0.99,2,OK,8.699000615876166,1.9042317779801978e-11,1.270899963056862e-12,1.1939958847710057e-22,-0.3426598256753942,0.3426598259390408,0,5.787053775839627
19,0.0,0.0,7.729999999999998,14.993666666666666,0.0084046056548409,0.99,2,OK,7.731514988736269,9.522577543258898e-16,6.348385028839265e-17,3.410127364134654e-25,-0.6760493327793335,0.676049334802684,0,11.86030560352609
20,0.0,0.0,9.739999999999998,14.9905,0.0080996196927018,0.99,2,OK,9.73098100073631,1.8403228772817874e-20,1.2268819181878585e-21,6.255010646129483e-24,-0.2866419505885331,0.2182927841905674,0,4.274916334781293
21,0.0,0.0,9.4,14.995833333333334,0.0075598994858811,0.99,2,OK,9.405806423175322,0.0026882833319163,0.0001792188887944,9.73525173844256e-21,-0.5237833809354501,0.4235217452334772,0,11.009242456534292
22,0.0,0.0,7.98,14.982,0.075272434593523,0.99,2,OK,8.114351895918418,0.0536021283018993,0.0035774501647541,1.288090226962973e-05,-0.2394315296370854,0.2647460659622601,0,11.850669174743256
23,0.0,0.0,9.56,14.9905,0.0093613636318776,0.99,3,PARTIAL_A,9.57716222396079,6.262958716866153e-17,4.175305811244102e-18,1.831594920226423e-23,2.1573352171344598e-08,2.0399997293554547e-08,1,11.203423220216816
24,0.0,0.0,8.62,14.988333333333332,0.0071418983057304,0.99,2,OK,8.630652077779725,1.279091454957757e-16,8.527276366385047e-18,1.1530672566532422e-23,-2.223714692384249e-08,3.5396774365912215e-08,0,5.583585470955583
25,0.0,0.0,8.35,14.9825,0.0070352651110103,0.99,2,OK,8.369885334992812,0.0032547327789944,0.0002172235447604,2.656856432329633e-20,-0.3939838693039009,0.3307007926892738,0,9.330474789394472
26,0.0,0.0,9.170000000000002,14.982,0.0240725330499161,0.99,3,PARTIAL_A,9.192725352184368,1.8059745933783554e-14,1.2053223092625289e-15,8.882628026975829e-26,5.223730326076037e-09,4.790588435606067e-09,1,4.3427654396754365
27,0.0,0.0,9.15,14.986666666666668,0.0545297091700384,0.99,2,OK,9.135857129498504,2.1162410740929808e-15,1.4108273827286539e-16,2.049007653041269e-26,-2.668334553312945e-10,2.3554427887805806e-10,0,7.583856241119857
28,0.0,0.0,8.870000000000001,14.9905,0.0076522453763997,0.99,2,OK,8.867684495258953,0.0043756337050073,0.0002917089136671,1.8206091296643443e-20,-3.5733997927625056,3.00281578263032,0,6.826862855672204
29,0.0,0.0,8.03,14.9905,0.1138860060383392,0.99,2,OK,7.74533285422687,0.1521356007330173,0.0101762943634125,2.842772024836521e-13,-1.9647946318078853,2.0240265052348545,0,8.477747961592522
30,0.0,0.0,7.819999999999998,14.982,0.006896167531711,0.99,3,PARTIAL_A,7.826603489462888,0.0138122736006048,0.0009218425094953,0.0002959699942447,0.8502888246267084,0.3719159615810805,1,7.30920347506229
31,0.0,0.0,8.11,14.983,0.0054290040754649,0.99,2,OK,8.11315620998721,0.0084749773546941,0.0005656269647181,0.0001046688546109,0.3540073520234994,0.3790135206717489,0,9.059298090468888
36,0.0,0.0,8.53,14.9805,0.0075269710578097,0.99,3,PARTIAL_A,8.514942425794219,5.398678073254462e-25,3.603122184596971e-26,1.7063179709066285e-25,1.0388983451292687e-09,5.10361849951059e-10,1,7.597647476027607
37,0.0,0.0,7.9,3.9965,0.0089303366185758,0.99,2,OK,7.894517222499723,7.521309033170036e-18,1.880327258292509e-18,9.497514421228588e-24,-6.440908917326738e-10,5.917812581750681e-09,0,3.4995037073531607
38,0.0,0.0,8.149999999999999,14.999666666666666,0.0054029277252934,0.99,3,PARTIAL_A,8.141973465667782,0.0115869628371341,0.0007724641891422,0.0003169582786899,0.9125266830125308,0.3011117682326408,1,6.7232735190205
39,0.0,0.0,9.25,14.9815,0.0070472994494488,0.99,2,OK,9.24788015030517,1.3172542330367922e-14,8.79146317933343e-16,2.8042604163639303e-23,-0.0825669573104235,0.0825669570838433,0,10.866000604664675
32,0.0,0.0,8.51,13.207333333333334,0.0926885244258696,0.99,2,OK,8.257161572397912,0.1006132008721888,0.0076126003181983,0.0017991988838342,-0.6056869171123207,0.6180499788470042,0,8.996710068377942
33,0.0,0.0,8.94,14.9815,0.0068138597677686,0.99,2,OK,8.95043122169894,9.913496160908068e-16,6.616348939426964e-17,1.8941351817036204e-23,-0.1364518926446283,0.1326657876538992,0,10.012079545252366
34,0.0,0.0,7.0600000000000005,14.996,0.0084046056548409,0.99,2,OK,7.038745389466922,0.0005269747821039,3.513165214026184e-05,8.358031777914558e-23,-1.2213043802463155,1.17740383409644,0,5.76701220314622
35,0.0,0.0,8.64,14.986666666666668,0.0790519844881847,0.99,2,OK,8.72672457190509,7.602353210817901e-10,5.0682354738786e-11,1.2862331413114095e-26,2.386824071720639e-12,3.198041506234223e-11,0,9.92151518899143
44,0.0,0.0,8.35,4.797166666666668,0.0069272344540377,0.99,2,OK,8.355017365120975,7.168991064300969e-13,1.4935398050627018e-13,1.5445174558726955e-22,-0.785381233526819,0.7853812334801857,0,1.618404148518293
45,0.0,0.0,9.09,14.9825,0.0799006888873986,0.99,2,OK,9.207475149423711,0.0222264664344242,0.0014834126652563,1.7058677597739545e-29,-4.177051741739158,4.019893951204251,0,5.411337688170134
46,0.0,0.0,9.83,14.9895,0.0246167453650052,0.99,2,OK,9.849735000165545,9.396853121993838e-16,6.264568747995892e-17,3.775353119692169e-25,-2.913428458680293,2.9132421583541848,0,8.848976635271699
47,0.0,0.0,9.02,15.0,0.0089492309581146,0.99,2,OK,9.008374592514055,1.4102655238518692e-16,9.40177015901246e-18,4.5313489371328454e-23,-8.575012255818137e-10,1.016930392709083e-09,0,4.538689778345351
40,0.0,0.0,8.96,14.983,0.0093586266416312,0.99,2,OK,8.966602547920543,6.97941101310337e-22,4.658116360246965e-23,3.1565018304567483e-22,-0.4650781160524181,0.4650780758579667,0,14.276999863499528
41,0.0,0.0,3.65,14.983,0.0381228927808613,0.99,2,OK,3.694283639699038,5.249970643568348e-25,3.503873621958853e-26,2.7430172788731874e-28,7.009050007056317e-10,1.1370072074313111e-09,0,6.841633783013338
42,0.0,0.0,9.29,14.995833333333334,0.0073197963321747,0.99,2,OK,9.269640755288467,0.0054650712796121,0.0003643380853074,4.2501850143932004e-20,-0.0424305144959462,0.1002633433728149,0,7.560534841588839
43,0.0,0.0,7.74,14.993666666666666,0.005685584508826,0.99,2,OK,7.726901239690239,2.3374925264315857e-17,1.5583283509543905e-18,2.639807638060928e-22,2.7486368736617807e-11,4.4620891492128806e-11,0,5.870114845628848
48,0.0,0.0,8.2,3.3100000000000005,0.0105866677498168,0.99,2,OK,8.209484819885304,3.647234436750253e-14,1.0996686743970612e-14,2.6886388270834213e-23,1.6579692285745296e-08,2.069582793562569e-08,0,4.167629747874934
49,0.0,0.0,8.989999999999998,14.9825,0.0732789100472852,0.99,2,OK,9.25108235211076,0.0115111914172875,0.0007691219209768,1.4918234860296066e-26,-0.1543031330106801,0.0972160930467625,0,10.86977212837404
50,0.0,0.0,9.02,15.0,0.0722175783593302,0.99,2,OK,8.923661729014079,0.0299830494828127,0.0019988699655208,3.1811678819652397e-27,-5.481877809325004,5.293562538219869,0,5.567379949285424
51,0.0,0.0,7.51,6.339166666666667,0.0068132100318826,0.99,3,PARTIAL_A,7.518945191495583,0.0095855491237583,0.00150953529508,0.0005819433927666,0.7641902554329237,0.5321156749906004,1,7.39994379522118
52,0.0,0.0,7.949999999999999,14.9805,0.0150873418675995,0.99,2,OK,7.9391181439589875,3.875829527292569e-16,2.5867605298949294e-17,4.916501636080095e-27,-1.13033962190201e-09,2.08077459711166e-09,0,3.4996098908440123
53,0.0,0.0,8.8,6.5025,0.0063931186497967,0.99,2,OK,8.789640017704981,1.1572202324330445e-19,1.7757855229151578e-20,1.1260200561124726e-24,-1.7265770276627734,1.7265768868944538,0,4.297677027215952
54,0.0,0.0,8.56,14.983,0.0853011509504271,0.99,2,OK,8.704845529318163,0.0537541110703443,0.0035875936198227,2.796840765398352e-25,-0.1499157052275963,0.2437141100668653,0,6.893517951096139
55,0.0,0.0,8.13,14.9905,0.0062345856643226,0.99,2,OK,8.144171336097317,0.0022979993607584,0.0001531999573838,1.0107001533145874e-21,-0.1366304658392024,0.0769590161278264,0,6.328198454533408
60,0.0,0.0,8.459999999999999,14.983,0.0252548531229936,0.99,2,OK,8.415564133074835,0.0236564881555208,0.0015788534920258,1.7197319128015065e-05,-0.3608200481439712,0.4374426310978063,0,10.191113913381804
61,0.0,0.0,9.1,14.9825,0.0084840838098511,0.9829290281662134,2,OK,9.100197121717509,0.0013214257885876,8.819304484455991e-05,1.7690792712094686e-23,-0.2867023637733574,0.2399560006279729,0,9.183526559412028
62,0.0,0.0,9.61,6.1530000000000005,0.0081510704911929,0.99,2,OK,9.612222382712435,0.0077795402193849,0.0012615470626029,0.0001592848264691,-1.347733739238007,1.420214845229983,0,6.4206756539254
63,0.0,0.0,7.01,6.719166666666666,0.0068091457294299,0.99,2,OK,7.005984875446681,0.0053376838735931,0.0007927253277613,2.3245982774992555e-18,-3.928070108064502,3.858066576483328,0,7.32530535343288
56,0.0,0.0,7.949999999999999,14.9805,0.0106736117044518,0.99,2,OK,7.942100957161795,6.2829745207126e-20,4.1933089126001776e-21,6.563213612470546e-26,-0.3918014838605688,0.3918014836829529,0,2.67017258803734
57,0.0,0.0,8.92,14.993666666666666,0.0070889876860528,0.99,2,OK,8.929391892648544,4.1571520893305156e-11,2.7714347262203438e-12,9.237543964682828e-23,-1.2381804415390167,1.1673559865515162,0,3.852346935663802
58,0.0,0.0,9.47,14.9825,0.0084311816198234,0.9808805680227812,3,PARTIAL_A,9.465154315955086,0.0067191538587431,0.0004484418593154,0.000112210631241,0.249715173919677,0.1626261363228539,1,21.479750637431785
59,0.0,0.0,2.0699999999999994,14.990833333333333,0.0063676062473194,0.99,2,OK,2.0797694945242577,0.011607744460788,0.0007738496307192,2.627719555688516e-20,-0.3677336484442748,0.3131222566484805,0,7.317027394835985
68,0.0,0.0,9.05,14.9975,0.009649669081802,0.99,2,OK,9.044141300168285,2.600631532887863e-14,1.7337543552585754e-15,1.4507406671034573e-23,-0.1603052127171041,0.1603052126266534,0,9.30470049187168
69,0.0,0.0,8.79,14.9805,0.0076595506476489,0.99,3,PARTIAL_A,8.787107275951588,0.002390221867174,0.0001595253748948,4.260221482976221e-21,0.0283358362334715,0.0262142144925799,1,7.056859891299298
70,0.0,0.0,7.96,2.893166666666666,0.0080233044383518,0.99,2,OK,7.9725987858930045,5.312448839441675e-22,1.8318789101523017e-22,7.020723216947686e-24,-1.8214678654260295e-09,1.2870619431876735e-09,0,4.773377225714
71,0.0,0.0,9.72,8.895166666666666,0.0076850766219058,0.99,2,OK,9.727385574168595,1.4316627370927389e-21,1.6086098169581334e-22,1.9459822758383665e-23,-0.1043613593757136,0.0732018757476193,0,6.736589565264268
64,0.0,0.0,7.51,14.983,0.0072506521236498,0.99,2,OK,7.507074435937766,0.007751824363921,0.0005173631388601,1.239575097774385e-15,-0.0493716242928965,0.0665382327961839,0,7.150526255524132
65,0.0,0.0,7.2,14.9805,0.0077322237652929,0.99,2,OK,7.191554367420802,0.0008652150500671,5.774516463184677e-05,5.1150485779224963e-23,-1.155786743722828,1.127636137023816,0,10.981831214527542
66,0.0,0.0,8.6,14.9905,0.0116531289834455,0.99,2,OK,8.606877583598854,0.0021486460947196,0.0001432430729813,1.1788390016389021e-21,-0.2859256601771481,0.2236992074231412,0,14.631891149680689
67,0.0,0.0,8.39,14.9815,0.0066554715846003,0.99,2,OK,8.391731057333983,0.0007043962779846,4.701198740720566e-05,1.2228687997472694e-21,-0.7484130923108289,0.6863842836186872,0,6.564172876047508
76,0.0,0.0,8.55,14.988333333333332,0.0105391211581621,0.99,2,OK,8.540292317026205,0.0034530278264196,0.0002302018550946,1.5280597474187704e-21,-0.2383928689467232,0.1709778989788108,0,5.326881278366547
77,0.0,0.0,8.8,5.837999999999999,0.0087341629679453,0.99,2,OK,8.81135018732348,1.74684475327927e-23,2.986059407314992e-24,9.636012950099012e-23,-1.395388306210407,1.395388307342563,0,4.568520137405297
78,0.0,0.0,8.24,14.982,0.0312240944078185,0.99,2,OK,8.25484758773148,0.0163321549744289,0.0010900214665914,3.467815657728197e-22,-0.7509102058849335,0.5719614201751009,0,7.235737904367987
79,0.0,0.0,8.24,14.9805,0.0824163180247109,0.99,2,OK,8.214170886197305,0.1201670810402161,0.0080289809158273,0.0020945952665718,-0.2937146602737847,0.6573350095057204,0,9.407517855482418
72,0.0,0.0,2.18,14.9805,0.1138860060383392,0.961953412048477,2,OK,2.3582037450912123,0.1083186981961814,0.0072373295008584,3.468681353685588e-24,-0.1349892786731641,0.1130009810373011,0,30.267194053942628
73,0.0,0.0,7.81,14.986833333333331,0.0435543323421656,0.99,2,OK,7.8012688433573025,0.0140309185101611,0.000935394567344,3.0996686896945936e-27,-0.3472248787617743,0.2590077851678469,0,5.235539865553422
74,0.0,0.0,9.39,14.983,0.0230612896113813,0.99,2,OK,9.333314465040688,7.90354502411483e-27,5.2748910060833125e-28,9.77177419518236e-26,-0.4499424681692419,0.4499424678966132,0,6.073469981196363
75,0.0,0.0,2.960000000000001,14.993833333333331,0.0140965761393752,0.99,2,OK,2.934607001936155,0.0028649202956699,0.0001909946863779,9.45989671589394e-26,-0.6913484121511031,0.6631332908177301,0,4.942227690462445
84,0.0,0.0,8.16,14.983,0.0067801089320452,0.99,2,OK,8.161941470101437,0.0087536290512476,0.0005842244083146,1.1574756885913123e-14,-1.6276507216438765,1.3973883801243667,0,6.543350981451519
85,0.0,0.0,8.72,14.9825,0.0058695102733585,0.99,2,OK,8.709458983793832,1.3102534558181453e-13,8.744739415916431e-15,3.3664968558620704e-22,-0.139403735391469,0.1273564354687731,0,14.826452487584904
86,0.0,0.0,7.91,8.396333333333335,0.0555252510448708,0.99,2,OK,7.876080420870076,2.741708797201896e-18,3.263939044287971e-19,2.0833323468821163e-25,-0.9681776745676804,0.9159783330753336,0,7.789095666024347
87,0.0,0.0,7.9,14.996,0.0056905502946847,0.99,3,PARTIAL_A,7.903019885793885,0.0122437625473427,0.0008162508364895,0.0004684714322906,2.052496346864683,1.0308342583800425,1,12.42711773290673
80,0.0,0.0,7.79,14.996,0.0231990822239223,0.99,2,OK,7.77949423021875,1.5674744150937616e-16,1.0449829433958412e-17,2.8453494987898163e-24,-0.7096284384355169,0.7096284385975691,0,11.988949798216172
81,0.0,0.0,9.29,14.9805,0.0098676834654345,0.99,2,OK,9.28532113151018,1.563740195712128e-15,1.0436530783395738e-16,1.6572255078416534e-23,-2.618174765878223e-09,2.889895717816288e-09,0,8.45541984913626
82,0.0,0.0,8.93,14.986666666666668,0.006943363077626,0.99,2,OK,8.9420666986103,0.0033982467186295,0.0002265497812419,9.511236409961275e-21,-0.1523854610486796,0.1237552473567314,0,9.609683359585864
83,0.0,0.0,9.58,14.983,0.0287763107892554,0.99,2,OK,9.573750819958631,0.0133643268350751,0.0008919461736423,4.827108926212254e-19,-0.7763040451560719,0.8008481033907825,0,13.940602219876649
88,0.0,0.0,7.76,14.9805,0.0639344751432418,0.99,2,OK,7.68096780627828,1.6823810184059825e-12,1.1228349399817459e-13,2.1268482321334983e-27,-1.255254816196429,1.2552548161929935,0,3.858154593679176
89,0.0,0.0,9.08,14.996,0.007262148652907,0.99,2,OK,9.08124043102086,1.4097423498858876e-19,9.398282332572584e-21,6.038053702354529e-23,-3.6712801687599497e-10,5.144194120526561e-10,0,12.993589514044748
90,0.0,0.0,9.06,14.996,0.0063540189444707,0.9856428236153608,2,OK,9.052059399309355,0.0082221882528877,0.0005481458835258,0.0001039596477481,-0.5439382241848071,0.5441647185141741,0,10.363221445355668
91,0.0,0.0,7.569999999999999,14.988333333333332,0.049917715650966,0.99,2,OK,7.538060241470362,0.0163841020083747,0.0010959265557441,3.3659622153278663e-20,-0.0084289498846906,0.034168536392987,0,17.76686431982067
92,0.0,0.0,8.840000000000002,14.9895,0.0061258693336304,0.99,2,OK,8.84184974426837,0.0021044518837114,0.0001402967922474,1.2257186197208089e-21,-1.755349104108877,1.6555694856059606,0,7.7236977439799475
93,0.0,0.0,2.1000000000000005,14.9905,0.0068989050305496,0.99,2,OK,2.1143861079103496,3.008885368026556e-15,2.0059235786843703e-16,4.378369243860045e-23,-0.5194070439447316,0.5194070767680091,0,8.634874904435554
94,0.0,0.0,8.87,7.457166666666666,0.006579657783885,0.99,2,OK,8.859771718788274,3.9619771673847044e-16,5.3062194206045135e-17,2.704445868829326e-23,-0.1292411536073242,0.1292411537557394,0,6.568061286293283
95,0.0,0.0,9.29,14.9805,0.0069231828728079,0.99,3,PARTIAL_A,9.288574659369518,0.0069165418548966,0.000461615696656,0.0001352293649482,0.5250610826692339,0.2046677230543598,1,14.359834501537811
96,0.0,0.0,9.1,14.9825,0.0462400603020128,0.99,2,OK,9.11343312222214,9.48181620222163e-25,6.328242181682957e-26,1.9518693104680264e-26,-2.3041422229599955,2.288602453269084,0,11.192737430604115
97,0.0,0.0,8.059999999999999,14.9905,0.0698797981738223,0.99,2,OK,7.933018190192629,0.0629746816890081,0.0042029820927035,3.7712400718747695e-16,0.0704846648459202,0.1663641197008561,0,10.85502762437771
98,0.0,0.0,7.679999999999998,14.9805,0.0219517298615379,0.99,2,OK,7.673835544131826,5.494872056027038e-22,3.667322840507478e-23,1.8287287385672344e-27,-0.5390135001406394,0.5390134967905851,0,4.041092176363064
99,0.0,0.0,7.57,3.3096666666666663,0.0063103905649946,0.99,2,OK,7.558253330536518,0.0070602779902931,0.0021287270322491,1.1011775205549206e-12,-1.1901688009775793,1.0666201699511122,0,2.5419702144887006
100,0.0,0.0,9.24,14.993666666666666,0.0078256899414058,0.99,3,PARTIAL_A,9.220780795930027,7.556745644482265e-19,5.037830429654842e-20,5.900113310767962e-23,1.0351172363698423e-09,6.51442485527068e-10,1,8.006076657830512
101,0.0,0.0,9.5,14.995833333333334,0.0083075212451321,0.99,2,OK,9.501501731012022,0.0027384064952391,0.0001825604330159,4.758603961465367e-21,-0.2745506822067687,0.1938978304744198,0,9.199486047806198
102,0.0,0.0,6.75,14.983,0.006943363077626,0.99,2,OK,6.746740923737653,1.228023961166625e-16,8.195932999999723e-18,6.889444140544432e-24,-1.2165495185556543,1.216549517530985,0,8.056469912593135
103,0.0,0.0,8.89,14.9895,0.0084840838098511,0.99,2,OK,8.881363462427819,6.301375674267946e-12,4.200917116178631e-13,2.0965385884103312e-23,-1.3954425615025912e-08,1.3951835083822192e-08,0,15.825115265880063
104,0.0,0.0,7.799999999999999,14.996,0.0064070822861711,0.99,2,OK,7.809112149473468,0.0001993391429198,1.3289276194654611e-05,2.0084861866050506e-21,-1.1233310530940823,1.0877991871667274,0,9.409530571959248
105,0.0,0.0,7.74,4.0785,0.0124107552404188,0.99,2,OK,7.754106591439045,0.0162546116885184,0.0039807212298412,0.0004659064004258,-0.2417743074776275,0.911448145633778,0,4.952538305541921
106,0.0,0.0,7.95,3.4271666666666665,0.0276118834450414,0.99,3,PARTIAL_A,7.879780307214265,2.04302648500598e-30,6.008901426488176e-31,3.188404122770354e-23,1.3328093539932697e-08,1.1973095251248132e-08,1,2.6278033335298403
107,0.0,0.0,8.08,5.745833333333334,0.0069465814389723,0.99,2,OK,8.085776809782356,0.0131963257657107,0.0022950131766453,0.0009503289273304,-1.086485007330981,1.7989916802123824,0,4.519494799466997
108,0.0,0.0,8.75,14.995833333333334,0.008490584990563,0.99,2,OK,8.742244986108323,4.995383760591345e-13,3.33025584039423e-14,3.6018522763117513e-23,1.4148737381702858e-08,1.51048987391821e-08,0,5.035347519484431
109,0.0,0.0,1.86,14.995833333333334,0.0292103251806238,0.9800417300937236,2,OK,1.769392019946567,7.569884594597541e-27,5.09185062416875e-28,5.433389925236452e-25,-0.4605825423101248,0.4581931170294097,0,13.759968606070402
110,0.0,0.0,9.1,14.9825,0.0081854894255911,0.9829290281662134,3,PARTIAL_A,9.10134507419161,9.123665948580556e-21,6.0892097543363e-22,8.209696396245465e-24,1.8669936152626576e-09,1.7215410869471623e-09,1,6.700216464130258
111,0.0,0.0,8.21,14.9905,0.0083377051127304,0.99,3,PARTIAL_A,8.170769776681368,0.0048808413088219,0.0003253894205881,3.74888125948759e-05,0.2178154564545872,0.0993597363281344,1,21.12952603072026
112,0.0,0.0,9.04,14.9905,0.009649669081802,0.99,2,OK,9.046020197310709,0.0079645009029327,0.0005309667268621,4.477865469871606e-16,-0.6089201701760458,0.3079053487180638,0,9.70283004792585
113,0.0,0.0,8.610000000000001,14.988333333333332,0.0603462217457516,0.99,2,OK,8.704651244173395,3.682536670135326e-26,2.46323523085975e-27,5.1688647113303375e-26,7.385154709993458e-11,1.0099557755872851e-10,0,6.370266075737235
114,0.0,0.0,9.61,14.9905,0.0235365827924683,0.99,2,OK,9.559438151246772,1.8933031503853608e-25,1.262202100256907e-26,2.479746469249326e-25,-2.9324342113181427,2.932434208482265,0,3.740184685739429
115,0.0,0.0,9.81,14.995833333333334,0.0066344157448884,0.99,2,OK,9.814517182713374,4.565612394505231e-16,3.043741596336821e-17,3.165996090741801e-23,-0.0720905454153499,0.0720905481373274,0,14.911456150688982
116,0.0,0.0,8.76,9.233,0.0081854894255911,0.99,2,OK,8.776070114387267,0.0115659720271522,0.001252632349511,8.853817759333578e-16,0.174539756561356,0.3139903707730908,0,3.6154022223766287
117,0.0,0.0,7.800000000000001,4.798,0.0062300535275744,0.99,2,OK,7.808926220021927,3.0520383923772653e-16,6.358413317452635e-17,9.736197022884636e-24,1.043770048170245e-09,1.0743429566969735e-09,0,3.539591192204766
118,0.0,0.0,9.0,14.982,0.0607263945803122,0.99,2,OK,8.743122134688994,5.123125289279832e-21,3.419215988395883e-22,8.659991757999834e-27,-0.4607757914608743,0.4526354562991748,0,3.700267548104781
119,0.0,0.0,9.25,14.993833333333331,0.0077417678383438,0.99,2,OK,9.258399001118624,3.5110008865607346e-14,2.340667257707156e-15,2.1255408476036724e-23,2.9226158826389794e-09,8.090997071437675e-09,0,8.359236044749913
120,0.0,0.0,7.619999999999999,6.888333333333333,0.0576880107846667,0.99,2,OK,7.553265080393134,0.0332333369439357,0.004851582035611,2.390360851369021e-21,-0.5842844031621591,0.5374592477618999,0,7.881775677905332
121,0.0,0.0,9.66,14.995833333333334,0.006489522808381,0.99,2,OK,9.670150856459962,9.16503648395565e-22,6.1100243226371e-23,1.8449500198074533e-23,-1.775281122107231e-08,2.367037548218349e-08,0,8.265476036430464
122,0.0,0.0,8.72,14.986999999999998,0.0062950349723525,0.99,2,OK,8.7198744354541,0.0087833416697283,0.0005855561113152,2.806672528344511e-19,-0.3539415980014758,0.4895133562014377,0,3.4860988144901914
123,0.0,0.0,1.42,14.983,0.0066089636382987,0.9569652078492846,2,OK,1.4124716084027602,4.048269816761863e-18,2.7048573385936724e-19,1.209637339913637e-25,-0.2051872565802862,0.192652530273022,0,17.62324010186185
124,0.0,0.0,8.200000000000001,14.995833333333334,0.008263407204246,0.99,2,OK,8.200312499224939,2.6047645803632106e-13,1.7365097202421404e-14,5.480295594660896e-24,8.556231723133578e-09,9.775888132073061e-09,0,7.836060043369007
125,0.0,0.0,8.71,14.996,0.0076265849094794,0.99,2,OK,8.688589067931415,2.2616841374774857e-18,1.5077894249849904e-19,9.703255994297477e-24,-1.8519234146197051e-09,2.1289832207767196e-08,0,4.635278855854158
126,0.0,0.0,8.0,14.983,0.0069594906798528,0.99,2,OK,7.990763847432094,1.1763227919024442e-16,7.85087514061698e-18,8.50265846648989e-23,-1.485245615384656e-09,1.6570825348686634e-09,0,6.390285589231962
127,0.0,0.0,7.939999999999999,14.983,0.0077417678383438,0.99,2,OK,7.925381797618875,0.0145901843344355,0.0009737609121981,0.0004199495370241,-0.3018911032348092,1.123733676291277,0,10.960614447146916
128,0.0,0.0,8.89,14.996,0.0066003594681764,0.9880622669844156,2,OK,8.894783399849741,0.0023671918503619,0.0001578127900241,9.117169136927917e-16,-0.1839905132003262,0.1542300229819871,0,22.978386475326825
129,0.0,0.0,1.37,14.983,0.0090113845120234,0.8340273986931155,2,OK,1.3896446202853747,0.0014187736549176,9.479556714371908e-05,1.0579110361787031e-22,-0.1388521655933334,0.1331420694636771,0,95.48575729323233
130,0.0,0.0,8.2,3.3100000000000005,0.0073880394480657,0.99,2,OK,8.195556087439186,6.96764856832583e-16,2.10079856331432e-16,1.491329550634565e-23,8.089525732613013e-09,8.311908581774151e-09,0,1.66935155820643
131,0.0,0.0,2.960000000000001,14.993833333333331,0.0514369457463724,0.99,2,OK,2.8758432205062148,2.4528067903255024e-21,1.6352045268836685e-22,3.7781250599634656e-25,-5.739862585230071e-10,1.980602930756965e-09,0,14.383663165654108
132,0.0,0.0,8.389999999999999,14.9825,0.0128490337486209,0.99,2,OK,8.378472721945835,9.204749845216977e-19,6.143325814382853e-20,3.618425455069537e-23,-0.4937146495336965,0.4937146494514455,0,7.595926471605894
133,0.0,0.0,2.05,14.9825,0.0068138597677686,0.99,2,OK,2.057165634149303,9.619690393788716e-18,6.420260552028065e-19,2.432900043154432e-23,-0.6190126421148946,0.6133168830101218,0,11.578179356264616
134,0.0,0.0,9.37,14.996,0.0071221752462381,0.9879301692602735,2,OK,9.366432476988448,0.0058106570123684,0.0003873771341578,3.383575619546697e-12,0.1250361796696334,0.1971393032422617,0,11.329719785204349
135,0.0,0.0,9.29,14.993833333333331,0.0054029277252934,0.99,2,OK,9.283436280544516,4.877526976981516e-25,3.2516846513210107e-26,1.0056159006042273e-23,-0.1761900022853404,0.1761900023029156,0,3.830736611942027
136,0.0,0.0,7.89,14.983,0.0071514179610623,0.9842114580881646,2,OK,7.899037024060103,0.0128162926014232,0.0008553699177813,0.0004108891958959,-1.3794186873388388,1.4584024629269148,0,13.704553616493827
137,0.0,0.0,5.289999999999999,14.983,0.0066256404332826,0.985637186361314,2,OK,5.304097960121274,4.5554031915869536e-14,3.0403135872660424e-15,6.439331467622353e-23,-0.3367868162840766,0.2899631263012904,0,34.24139778730476
138,0.0,0.0,8.040000000000001,14.996,0.0678871763746578,0.99,3,PARTIAL_A,8.105939376011634,0.0882943048557234,0.0058862869903815,0.0007696688396647,0.4816197527122458,0.236606784391913,1,9.766438262758898
139,0.0,0.0,7.26,14.983,0.0070669924632239,0.99,2,OK,7.256457503083199,0.0034242701397983,0.0002285386077729,1.0269272619486986e-22,-0.147289784553104,0.1290466480935359,0,4.452912372420879
140,0.0,0.0,9.08,5.929666666666667,0.0272827975608408,0.99,2,OK,9.075180017687876,0.0340843749163606,0.0057607394224834,0.0026552913757009,0.4517423399628201,0.730011215645577,0,7.640859703807343
141,0.0,0.0,7.93,14.993833333333331,0.0107648928553362,0.99,2,OK,7.933508034669211,0.0085603317077794,0.0005706887805186,8.271251042102824e-19,-0.0691229804813332,0.2759644566724296,0,10.846472692508424
142,0.0,0.0,8.8,14.9895,0.0094727338704625,0.99,2,OK,8.778265003614418,2.5641548497948647e-24,1.7094365665299098e-25,1.84497841880004e-24,-0.2145182116364023,0.2134752655672458,0,4.148137144761123
143,0.0,0.0,7.470000000000001,14.993833333333331,0.009195814682361,0.99,2,OK,7.481027638090359,0.0028822771743674,0.0001921518116244,5.479239530789855e-22,-2.7525559379548854,2.633796503903416,0,9.413447038082518
144,0.0,0.0,3.86,14.995833333333334,0.0093764978734234,0.99,2,OK,3.861696563668452,8.622759475282822e-14,5.748506316855214e-15,4.95970656178292e-25,-0.1026954903904357,0.1026954887660647,0,4.197658110190386
145,0.0,0.0,9.45,14.988333333333332,0.010456498248918,0.99,2,OK,9.45037713174919,0.0094988901425006,0.0006332593428333,0.0001999860056327,-1.0043149098216897,1.0424355107499403,0,13.911295452909224
146,0.0,0.0,6.19,14.993666666666666,0.0280579457934406,0.99,3,PARTIAL_A,6.129191885436148,0.0649475261995384,0.0043298350799692,0.0020141380123626,0.6770805246850105,0.4980557327506828,1,9.947729026393937
147,0.0,0.0,7.550000000000001,9.715333333333332,0.0171713303541034,0.99,2,OK,7.556478648890038,1.4990519976389584e-15,1.542763633933748e-16,2.7510370360508924e-25,5.283355225538244e-09,9.744899811333451e-09,0,6.072218386789709
148,0.0,0.0,8.860000000000001,14.982,0.0081409446691401,0.99,2,OK,8.873455329327339,7.470339997045973e-13,4.98576640514748e-14,2.469207208545048e-24,-1.2089433720774424e-08,5.8989226217783e-09,0,5.920434569059085
149,0.0,0.0,8.96,14.9895,0.008287299847871,0.99,2,OK,8.983169769327827,1.0424012917014304e-16,6.949341944676203e-18,5.09821554838253e-24,-2.9401703294240638e-12,3.965697772127449e-10,0,5.443067377755518
150,0.0,0.0,1.9899999999999995,14.988333333333332,0.0152073105113891,0.9885404953701212,2,OK,1.9846960575380868,1.8194919208689985e-17,1.2129946139126657e-18,1.2194852822391895e-25,-0.1450433766515303,0.1450433756191827,0,7.1466015613546405
151,0.0,0.0,8.57,3.810333333333333,0.0363505694938458,0.99,2,OK,8.587405918939009,4.7660570082262775e-20,1.2542255284805994e-20,3.0537398864506105e-23,-0.6341814155181963,0.6078694099482341,0,6.123739381477333
152,0.0,0.0,8.149999999999999,14.999666666666666,0.0102485880513844,0.99,2,OK,8.141938536871622,1.385462811948533e-13,9.236418746323551e-15,5.539602157515408e-24,-0.0549131153887851,0.0438311147922588,0,12.613611379159003
153,0.0,0.0,7.75,3.410333333333333,0.0061258693336304,0.99,2,OK,7.756734567709688,2.3070768222737853e-17,6.752419967630592e-18,1.5866933677449214e-23,-5.844460471138289e-11,5.4672825018609695e-11,0,4.459772628199159
154,0.0,0.0,8.91,14.983,0.006402143447934,0.981041552804744,2,OK,8.921200099154293,6.089861994770229e-14,4.064424023205936e-15,1.5787371059814797e-22,-4.167171763214128e-09,3.922382650595798e-09,0,11.144804933731171
155,0.0,0.0,9.01,14.988333333333332,0.0082465717530451,0.99,2,OK,9.002034901454248,0.0065792394116939,0.0004386159607795,7.137210946905313e-19,-0.4756287246532958,0.6380474195893757,0,5.789382786746545
156,0.0,0.0,8.34,14.996,0.0701325048223874,0.99,2,OK,8.289184245181083,1.0636912124265429e-17,7.091274749510285e-19,4.678623095301029e-28,-2.5814724941009003e-10,5.586811636964801e-10,0,5.434676121100928
157,0.0,0.0,8.469999999999999,14.9805,0.0069150997293658,0.99,2,OK,8.46168260562466,1.6270498744911724e-24,1.0859064790819838e-25,9.099458178135117e-23,-3.7920528939139327e-10,4.578739338215455e-10,0,10.216926419962062
158,0.0,0.0,5.94,14.9815,0.0078531308725636,0.99,3,PARTIAL_A,5.941290084065609,0.0271541369685332,0.0018122894528498,0.0004991899133689,0.6465074193963946,0.3119676697169138,1,5.2252293164405215
159,0.0,0.0,7.62,14.9815,0.0065538553641523,0.99,2,OK,7.608408202900949,0.008098242466386,0.0005404833681681,1.1904294333355934e-05,-1.3324005372665604,1.4645680280562907,0,8.310004044840246
160,0.0,0.0,7.109999999999999,14.9825,0.0078710663953735,0.99,2,OK,7.103773081888117,2.1451683669856737e-21,1.4317030257968901e-22,1.9136112108204412e-23,-0.3826625012447894,0.3767041896374349,0,7.110791152997503
161,0.0,0.0,6.87,6.4395,0.0701325048223874,0.99,2,OK,6.872532452333462,0.077149842683304,0.0121495815249297,0.0032027178453381,-0.3798052514171255,0.2725141237728667,0,9.624795894485048
162,0.0,0.0,3.4700000000000006,14.989166666666668,0.0047060493292969,0.99,2,OK,3.4670335530321914,1.389468543628124e-12,9.263123624187495e-14,4.603098729363549e-23,-1.455126561194421,1.455126559956898,0,6.6465008073972704
163,0.0,0.0,8.29,14.983,0.0075317384789512,0.99,2,OK,8.295758203454815,8.306859154047756e-19,5.544066176227646e-20,4.9557933466001993e-23,-6.197400370666628e-11,4.805030873369681e-10,0,6.174652891100485
164,0.0,0.0,7.890000000000001,5.752,0.0540491168819538,0.99,2,OK,7.934403067907903,1.0563403774151144e-14,1.8318041226851693e-15,3.1710665850981754e-22,-2.602555948527652e-11,8.463819743680176e-11,0,9.336829891652672
165,0.0,0.0,8.39,14.983,0.0075454868845933,0.99,2,OK,8.404897264159144,1.7316379534338777e-10,1.1557094238713312e-11,9.337058648391768e-24,-0.0144688347327149,0.014468835862472,0,14.24227334043487
166,0.0,0.0,8.9,14.986833333333331,0.0080996196927018,0.99,2,OK,8.90992198606392,5.379464076341106e-17,3.5863093842274044e-18,2.248791964951783e-22,-3.0899125658123697e-08,3.699495453102552e-08,0,11.166483530252563
167,0.0,0.0,9.06,6.573666666666666,0.0161473915860598,0.99,3,PARTIAL_A,9.0540959174435,0.0104145652103372,0.0015859743975132,0.0006298088094153,0.5064674970755261,0.2675076300411926,1,15.054034540909631
168,0.0,0.0,8.99,9.315833333333334,0.0966077300405921,0.99,2,OK,8.853605294177987,2.0334400993743143e-25,2.190420214765868e-26,1.3253140541624994e-27,-0.1399983385049629,0.1368522619580774,0,6.175514086110006
169,0.0,0.0,9.51,14.9895,0.0082430775899166,0.99,3,PARTIAL_A,9.511757037331847,0.012320043096741,0.0008213362064494,0.0004158903101282,0.9617559410420844,0.4857262116036573,1,11.633172875412702
170,0.0,0.0,1.6500000000000004,14.9905,0.0077611024764285,0.99,2,OK,1.652855953439313,0.0028836281784011,0.00019224187856,3.4301003756217624e-23,-0.225520253846559,0.1341145206809292,0,10.24773432916546
171,0.0,0.0,8.19,3.678833333333334,0.0195674706091581,0.99,2,OK,8.21795266505622,4.7780015241656656e-24,1.2971949839363796e-24,6.1688291699558965e-25,-3.023739484458662,3.023739483194764,0,2.370439842354972
172,0.0,0.0,7.89,14.983,0.0062569871458375,0.99,2,OK,7.890218641607599,1.0289170285543752e-17,6.867076942520858e-19,2.0873925616222165e-22,-2.0691543589634877e-09,1.8195071828139083e-09,0,7.782740415120689
173,0.0,0.0,7.609999999999999,3.0936666666666666,0.0071808944295813,0.99,2,OK,7.61026890519074,8.520874242162153e-15,2.748669110374888e-15,1.3503683110249838e-23,-1.8924717124038,1.8924717080745532,0,4.947613589249758
174,0.0,0.0,8.799999999999999,14.9805,0.009036342234795,0.99,2,OK,8.791690427813807,1.2682207880551271e-20,8.464209931402407e-22,1.071942883753103e-22,-0.0226102700602651,0.022610263754098,0,9.731213626973094
175,0.0,0.0,1.5499999999999998,14.9905,0.0089336250045104,0.99,2,OK,1.5600842144964415,1.487647829504814e-17,9.917652196698761e-19,3.030406895487111e-22,-3.345710375413091e-09,3.759938696678349e-09,0,10.142094260873607
176,0.0,0.0,8.23,14.9825,0.0041769201047891,0.99,2,OK,8.218214874312585,0.0079609088707464,0.0005313176109508,0.000136257866799,-0.849008535785958,0.6890861960951363,0,5.977107292023619
177,0.0,0.0,8.32,14.9815,0.0501980017940139,0.99,2,OK,8.292149387848188,1.9750498311530574e-14,1.3181645146738984e-15,1.255409268305856e-26,1.3340040183607016e-10,1.5114655984327763e-10,0,11.486635188165808
178,0.0,0.0,6.55,14.988333333333332,0.0075269710578097,0.99,2,OK,6.551239493356211,0.0097184164955975,0.0006478944330398,5.2167542675798735e-17,-0.4678938978559331,0.4689672980516048,0,7.799683560043937
179,0.0,0.0,7.54,14.996,0.0647681273996875,0.99,2,OK,7.625534321960612,8.532393506580328e-28,5.694589659564179e-29,3.394957018874888e-26,-6.227323101626326e-11,1.6961275951096629e-10,0,13.504798344807522
180,0.0,0.0,1.540000000000001,14.989166666666668,0.0074560607000822,0.99,2,OK,1.5261446017472746,1.3252669337256931e-19,8.835112891504621e-21,6.046134317050323e-23,2.2024675416787428e-10,1.3094294381452022e-09,0,6.471797220029336
181,0.0,0.0,8.64,14.983,0.0313429794795634,0.99,2,OK,8.618042277488449,4.164472893042882e-25,2.779403488126506e-26,1.3009067275182724e-23,-4.0652202493163255e-09,4.059981520206443e-09,0,8.135304047747239
182,0.0,0.0,9.17,14.9825,0.0058548633075635,0.9895418619387024,2,OK,9.163733215355734,4.021284699143419e-11,2.683838508883261e-12,1.866686608734274e-23,1.1293639523568542e-09,3.811318493868468e-09,0,4.770881680359262
183,0.0,0.0,6.25,14.986833333333331,0.0059874806202266,0.99,3,PARTIAL_A,6.25564177459407,2.16013211172463e-19,1.4400880744830867e-20,1.0046458300146153e-23,7.782549182877574e-09,7.754463922859545e-09,1,7.666436990066486
184,0.0,0.0,9.4,8.5055,0.0308538053848779,0.99,2,OK,9.401015005331292,0.0276268856384444,0.0032630179887926,0.0016735235524975,-0.2396230646120352,0.9156016691593662,0,13.684408352203835
185,0.0,0.0,2.369999999999999,14.987,0.0079848380412385,0.99,2,OK,2.371919439914471,0.0256244579997735,0.0017082971999849,1.6409237962144254e-20,-0.5198998898646984,0.5185375048652343,0,5.415334244388595
186,0.0,0.0,8.19,3.879666666666667,0.0097648892556124,0.99,2,OK,8.19354966799667,1.0438196019137842e-17,2.6879474727393584e-18,2.85150119390091e-23,-3.9497818375912273,3.949781836711346,0,4.26513633796678
187,0.0,0.0,8.88,14.983,0.0073197963321747,0.99,2,OK,8.891871563563535,4.361613212263505e-10,2.9109765599089026e-11,1.714840035265731e-23,-0.4731965310935577,0.4731965284533801,0,4.731640659815051
188,0.0,0.0,7.919999999999999,14.9905,0.0272930453936923,0.99,2,OK,7.888721137301197,0.0262725861179963,0.0017515057411997,3.460197621875302e-20,-0.6406649209619374,0.6219386668549843,0,6.046668409486661
189,0.0,0.0,9.73,14.993833333333331,0.0067925879077279,0.9874290627709896,2,OK,9.73068580533446,9.214092258032604e-13,6.142728172021736e-14,2.0596823758296812e-22,-0.1318185475678783,0.1318185322376972,0,6.904226785027223
190,0.0,0.0,8.670000000000002,14.9905,0.0070345402235489,0.99,2,OK,8.655664356476144,0.0020522931296249,0.0001368195419749,2.2742482758900202e-21,-0.0445047640951524,0.0860702661359734,0,10.876564780662363
191,0.0,0.0,8.79,14.9805,0.0155689750883275,0.99,2,OK,8.7403707849699,0.0051983335566532,0.0003469410605107,8.618038186573738e-22,-1.2415700129753742,1.1659825690891203,0,6.242831215139937
192,0.0,0.0,8.46,8.275833333333335,0.0112526073965292,0.99,2,OK,8.459389877717944,1.2587491147790379e-17,1.5196166375602069e-18,5.006004019449432e-24,1.5734773128883718e-08,1.5967568279249272e-08,0,17.4080949166423
193,0.0,0.0,1.37,14.983,0.0076959729885329,0.8340273986931155,2,OK,1.3610651116098085,0.0208841646486727,0.0014063410537826,3.641206108645394e-13,0.0170792421240189,0.0186703056203661,0,74.53141373184982
194,0.0,0.0,7.94,4.3293333333333335,0.0075268713202257,0.99,3,PARTIAL_A,7.912949972952497,0.0075934702292108,0.001759105072404,0.0009695041575759,0.7191360626611483,0.5644805013350244,1,10.319749370055604
195,0.0,0.0,8.52,4.75,0.0163965754668809,0.99,2,OK,8.522537005193465,3.0771630915472303e-21,6.478238087467852e-22,7.285239006976611e-23,-9.937906408907792e-09,1.0307277196003057e-08,0,3.389946833055781
200,0.005,0.0749691666666666,8.99,14.993833333333331,0.0075195369858682,0.99,3,PARTIAL_B,8.993960328648269,0.0857943036371977,0.0057196202424798,0.0051452674706344,0.5352060093037927,3.398417815018292,1,7.2637272875159695
201,0.005,0.0749683333333333,7.74,14.993666666666666,0.0116602650484822,0.99,2,OK,7.728464501191299,0.0673911411239632,0.0044927427415975,0.003438113758164,-1.0568411557460369,3.7984495681356063,0,7.5627921708087165
202,0.005,0.0749341666666666,6.17,14.986833333333331,0.0394161789000014,0.99,2,OK,6.184391788767512,0.135593345878045,0.0090395563918696,0.0025340651223523,-1.9779596381394309,2.5005540900902927,0,4.725302213129121
203,0.005,0.07498,8.81,14.996,0.0065963287921103,0.9861336123348616,3,PARTIAL_A,8.813762359414644,0.0753252175754515,0.0050216811716967,0.0046241891803889,4.842992529361801,2.050390259672788,1,12.169379830068491
196,0.0,0.0,8.469999999999999,14.9805,0.0061305091061439,0.99,2,OK,8.462543632289016,0.003277630453073,0.0002187517543763,2.486873729584811e-21,-0.0738007819259469,0.0805372100242555,0,6.60995594013589
197,0.0,0.0,8.3,14.993833333333331,0.0063821409648025,0.99,2,OK,8.288320610265195,5.598056300992544e-11,3.732037533995029e-12,1.8221494152916681e-23,-0.3349010074899494,0.3349010072349431,0,8.070171640382977
198,0.0,0.0,1.3999999999999997,14.999666666666666,0.0064722633316302,0.7888040186718089,2,OK,1.3953612869049443,3.580938078699683e-13,2.3872920524664555e-14,1.6979628926239421e-22,-0.1046723959319362,0.1046723966131662,0,115.42778205584784
199,0.0,0.0,8.38,3.345333333333333,0.007695972988533,0.99,2,OK,8.390558206926972,0.0058159644021609,0.0017361087767644,6.038753026701375e-14,-0.6835133272996056,0.5270033697316994,0,3.0409211045738127
204,0.005,0.0749475,1.9799999999999984,14.9895,0.0303383203649584,0.9888878937410884,2,OK,1.96670251960537,0.0179891139606392,0.0012019452534948,1.6887601458277042e-26,-0.2368803255030765,0.2478246084717207,0,5.707969205128689
205,0.005,0.0293525,7.619999999999999,5.870500000000001,0.0064504058312089,0.99,2,OK,7.622681757452674,0.0215300313237995,0.0036594954091444,0.0022873486378593,0.0626698809545427,2.0041598738470507,0,4.536758051411714
206,0.005,0.0310175,8.299999999999999,6.203500000000001,0.0729262138204938,0.99,2,OK,8.284699267770492,4.5074091843907745e-17,7.250524157196957e-18,3.9469476045680035e-24,-0.7055305374500895,0.7055305371838376,0,8.579054269804438
207,0.005,0.0749075,7.62,14.9815,0.0080093508141386,0.99,3,PARTIAL_A,7.6170304547249,0.0735437202188665,0.004908368423951,0.0041540671010978,2.2991667458856746,1.066790508347565,1,6.8095255136531625
208,0.005,0.0749025,9.33,14.9805,0.0714901889002196,0.99,2,OK,9.29030407341562,0.0027808200790109,0.0001855942210685,2.013850957464448e-27,-0.1639223030900893,0.1267580909689524,0,12.639016655180956
209,0.005,0.0749025,9.6,14.9805,0.006724089489993,0.99,3,PARTIAL_A,9.595590986279742,0.0725739258159124,0.0048436435472244,0.0044201011922488,4.745696690582818,1.874260976945331,1,8.483145632804685
210,0.005,0.0749683333333333,5.7,14.993666666666666,0.0074897646571158,0.99,3,PARTIAL_AB,5.686849554835511,0.085685390511252,0.0057123593674168,0.005330801571549,4.159689766552122,1.679789369036783,2,18.587709742317525
211,0.005,0.0749475,9.3,14.9895,0.0459366843700895,0.99,3,PARTIAL_AB,9.142087304248026,0.127650638014965,0.008510042534331,0.0054676615198917,1.6355839882352126,0.6925046443288507,2,8.077518168353464
216,0.005,0.07491,7.649999999999999,14.982,0.0063720700034371,0.99,3,PARTIAL_AB,7.655585317814666,0.0827877340223294,0.0055253215142822,0.0050741446980381,4.233040146545468,2.0962634051785995,2,9.759598925177428
217,0.005,0.074915,8.44,14.983,0.0049606199614194,0.99,3,PARTIAL_A,8.428687968681801,0.0762068269174586,0.0050861063571162,0.0048394391496081,5.02661592217603,2.0505412344273988,1,13.243172471576395
218,0.005,0.0749791666666666,8.370000000000001,14.995833333333334,0.0683657900129012,0.99,2,OK,8.39476605487064,0.0383197047374881,0.0025546469824992,1.1279961526800513e-23,-0.2624495618871726,0.340547166952469,0,11.882967925133098
219,0.005,0.0168041666666666,8.37,3.360833333333334,0.0059452506620991,0.99,3,PARTIAL_AB,8.377150025639098,0.0229749130321857,0.0068242315937185,0.0059110862613824,2.834230637081199,1.8358656994405076,2,8.055714362769317
212,0.005,0.0749416666666666,9.75,14.988333333333332,0.0072235392253789,0.99,3,PARTIAL_A,9.758034499026172,0.0732776142646643,0.0048851742843109,0.0044828382757774,4.011552369914545,1.5734470892444057,1,9.456201816289049
213,0.005,0.0749691666666666,9.08,14.993833333333331,0.0057540959052488,0.99,3,PARTIAL_A,9.07516630891776,0.0763501534698791,0.0050900102313252,0.0045711152147124,4.358980766075186,1.8077232732989328,1,6.394955709091389
214,0.005,0.0749075,8.42,14.9815,0.0071514179610623,0.99,3,PARTIAL_A,8.428669296340967,0.0674133099231587,0.004499219794649,0.0038481387601494,4.286198480830324,1.992223868094392,1,6.094147568772964
215,0.005,0.0749475,8.96,14.9895,0.0089115285810727,0.99,3,PARTIAL_A,8.960241107162032,0.0656521582737601,0.004376810551584,0.0039272855416222,3.288341824466894,1.5471489421361613,1,10.728270434620995
220,0.005,0.074915,7.27,14.983,0.0320357043541664,0.99,3,PARTIAL_A,7.261730998761102,0.0580879640321441,0.0038768385338472,0.0018136608233112,0.7422683164796915,0.3958253229577376,1,12.857672410229489
221,0.005,0.0749525,8.670000000000002,14.9905,0.0065246068574268,0.99,2,OK,8.670038713481865,0.0829012698574554,0.0055267513238303,0.0049941194998964,0.5261837297128403,2.3252927355677544,0,6.877185925507295
222,0.005,0.0209883333333333,8.39,4.197666666666667,0.0078256899414058,0.99,3,PARTIAL_A,8.401040420582124,0.0144647709308241,0.0034439930787676,0.0022584946384977,2.199931784797977,1.2828994117514645,1,8.499559723991014
223,0.005,0.0203166666666666,8.5,4.0633333333333335,0.0118269509940294,0.99,2,OK,8.497032585171125,0.0062316574831359,0.001532374790935,1.6014305516318986e-20,-0.9970453950061692,0.8886226068313556,0,3.7005372366870337
224,0.005,0.0749525,8.01,14.9905,0.0136049603386956,0.99,2,OK,8.009687133719114,0.0686004167982317,0.0045733611198821,0.0032164244668093,-0.0723345183793139,2.7725469034351,0,5.647393610486911
225,0.005,0.0749683333333333,7.65,14.993666666666666,0.0155132126775222,0.99,3,PARTIAL_A,7.612189680070093,0.0705549091912933,0.0047036606127528,0.0039023423342375,2.2552857070537504,1.997360185525428,1,13.26278425375607
226,0.005,0.0235716666666666,7.66,4.714333333333333,0.0301010545941622,0.99,2,OK,7.629352232318831,0.01695036022155,0.0035937159480318,4.216130798161645e-18,-0.1408678474950145,0.3795679897078762,0,7.944103962381673
227,0.005,0.0162975,8.01,3.2595,0.0092896367781875,0.99,2,OK,7.973203505910966,0.0199101881258219,0.0060949555487209,0.0034810699970753,-8.595372114170976,8.296443427251994,0,3.3138691201723
228,0.005,0.0749691666666666,7.470000000000001,14.993833333333331,0.0115953396485827,0.99,2,OK,7.486113788449267,0.0702640324602751,0.004684268830685,0.0036534913175441,1.3085208083489508,1.980793383554444,0,8.759874954508994
229,0.005,0.0749791666666666,8.23,14.995833333333334,0.0095068561154098,0.99,3,PARTIAL_A,8.2134684419067,0.0751643655403513,0.00501095770269,0.0043939485090483,4.33185296860159,2.0654498258515703,1,8.913198365875736
230,0.005,0.0193158333333333,8.16,3.8631666666666655,0.0075385236209454,0.99,3,PARTIAL_A,8.169184764246138,0.0215708848455238,0.0055786771152216,0.0039118606470339,3.0350372413534736,1.3427177869585871,1,6.152871637467224
231,0.005,0.0749416666666666,9.64,14.988333333333332,0.0049606199614194,0.99,3,PARTIAL_A,9.647082796232317,0.0739433232099164,0.0049295548806611,0.0046901235502634,4.386862622020061,1.7247728639114988,1,11.733309322439355
232,0.005,0.0749333333333333,6.590000000000001,14.986666666666668,0.0097076869501728,0.99,3,PARTIAL_AB,6.598605401899099,0.0906089428211896,0.0060405961880793,0.0053605378545446,4.437117985935428,1.7792853857967343,2,12.555478578026722
233,0.005,0.0749075,8.2,14.9815,0.0098761910617476,0.99,3,PARTIAL_A,8.193944667136744,0.0612200187540016,0.0040858744440935,0.003194881556391,2.9825504723296783,1.6998300840493972,1,7.54272918939346
234,0.005,0.037375,9.69,7.475,0.0125763586694042,0.99,3,PARTIAL_A,9.716553441318464,0.0401912799582098,0.005370772377489,0.0045585340308376,3.416086508639966,1.6177547843430395,1,12.766078138248313
235,0.005,0.0749791666666666,9.4,14.995833333333334,0.0075268713202257,0.99,3,PARTIAL_AB,9.39455938656757,0.0875018470853654,0.0058334564723576,0.0052027157452439,4.747947095411769,1.9866048526503728,2,7.848785817091593
236,0.005,0.0749683333333333,9.09,14.993666666666666,0.0122334652931125,0.99,3,PARTIAL_AB,9.117519677658391,0.0919759098924441,0.0061317273261629,0.0050358930112088,4.045588270245206,2.1208709880827925,2,7.074549286240244
237,0.005,0.07491,7.540000000000001,14.982,0.0138886789367992,0.99,3,PARTIAL_A,7.570075293040928,0.0723052892475244,0.0048257145215255,0.0035436314644659,2.858238254174485,1.685415001463875,1,7.915528118445636
238,0.005,0.07491,7.87,14.982,0.0075175702613211,0.99,3,PARTIAL_A,7.8610553942546,0.0598852460181702,0.0039967906130035,0.0032248387725187,2.515476673193698,1.883001621139741,1,7.455833509898147
239,0.005,0.074955,1.7899999999999991,14.990999999999998,0.0275844947598348,0.8940129053995512,3,PARTIAL_A,1.7754367951742245,0.1409818316263186,0.009419721489509,0.0034159777697179,0.234717437751842,0.1120998178507879,1,49.63342084037209
240,0.005,0.074915,1.3000000000000007,14.983,0.008287299847871,0.906575540523122,3,PARTIAL_A,1.317930178875094,0.0708967191195512,0.0047369745514176,0.0020623554909464,0.1713363492022101,0.1409569429055306,1,41.09097556623562
241,0.005,0.0280608333333333,7.0,5.612166666666667,0.0093136071062639,0.99,3,PARTIAL_AB,6.99912002166896,0.0406533131882303,0.0072379786091804,0.0065658216067292,4.473018245172296,1.9149731512235384,2,17.36131003796676
242,0.005,0.074915,9.3,14.983,0.0082907074618429,0.99,3,PARTIAL_A,9.291062243085957,0.0775290791052941,0.0051743545565268,0.0046406864442169,4.50203438658981,1.881281509060857,1,9.44708358315761
243,0.005,0.0749025,8.93,14.9805,0.0078531308725636,0.99,2,OK,8.942342618549123,0.0667989687940163,0.0044582181620033,0.0037754201596762,-1.351110934435712,4.417474219005928,0,6.070342299457433
244,0.005,0.0168883333333333,8.399999999999999,3.377666666666668,0.0591314589335576,0.99,2,OK,8.470600824908775,0.0153023353066664,0.004545248110891,6.096325003600084e-22,-3.0796492743723296,2.8405927857664404,0,6.476734694733109
245,0.005,0.0749341666666666,10.39,14.986833333333331,0.0071418983057304,0.99,2,OK,10.407657846702175,0.0749560502613767,0.0049970700174251,0.0045950896259424,1.6467210177371534,2.629353492414456,0,6.980093900945597
246,0.005,0.07491,8.84,14.982,0.0061376260200427,0.9865322518967904,3,PARTIAL_A,8.848932915052856,0.0743508057283705,0.0049622339751971,0.0044194607019134,3.6457996241757527,1.5183300390196803,1,7.407229219940701
247,0.005,0.0238291666666666,7.539999999999997,4.765833333333333,0.0062390242650361,0.99,3,PARTIAL_AB,7.529291994748212,0.0364093803991297,0.0076383315522649,0.0063329893315126,3.433088533227336,2.1744379482581984,2,6.6208513233713004
248,0.005,0.0170516666666666,7.75,3.410333333333333,0.0070750081789634,0.99,3,PARTIAL_A,7.753287843208038,0.0191648106034333,0.0056092128595414,0.0045042189868551,3.620718764080702,1.6169773435609995,1,9.561130290161788
249,0.005,0.0295916666666666,7.5,5.918333333333333,0.0073843423694449,0.99,3,PARTIAL_A,7.496688097006748,0.026679680095902,0.0044965752970621,0.0038803880663518,3.139129157247904,1.5404041602717786,1,11.64462192559036
250,0.005,0.074935,10.0,14.987,0.0869631169228553,0.99,2,OK,10.058837794520114,2.9076580379196997e-19,1.9384386919464668e-20,6.847522198496338e-27,-2.178004517265528,2.1780045176900176,0,7.51456842171099
251,0.005,0.0749125,8.989999999999998,14.9825,0.0124107552404188,0.99,3,PARTIAL_A,8.957189142426312,0.0623154623527444,0.0041589852515736,0.0036973323765794,3.61578185835118,1.5810734065467138,1,18.010399745803465
252,0.005,0.0568375,9.42,11.3675,0.007035021352045,0.9849472208883544,3,PARTIAL_AB,9.428936761701312,0.0677650778431626,0.005953008302474,0.0052417466656537,2.383330080383584,1.7217392332322536,2,7.4482939466560545
253,0.005,0.0251566666666666,8.37,5.031333333333333,0.0161386778845817,0.99,2,OK,8.346477587783399,0.0286282256671789,0.0056877269537441,0.0029662438143231,0.4614225108055944,0.98183190472555,0,7.13765858680606
254,0.005,0.0188083333333333,6.86,3.7616666666666654,0.0066384173941649,0.99,3,PARTIAL_AB,6.857761972034119,0.0359038396982549,0.0095319928402446,0.007087228325812,1.908456501577342,1.018933789807121,2,2.6952359544863707
255,0.005,0.0749791666666666,8.66,14.995833333333334,0.0075767180266434,0.99,3,PARTIAL_A,8.665919943687099,0.0742587590774936,0.0049505839384995,0.0040769792301587,3.034066027637445,1.6767354698328172,1,6.463727268184714
256,0.005,0.046165,8.76,9.233,0.0071191285396167,0.99,3,PARTIAL_A,8.77151528163528,0.0446313296675476,0.0048337180145358,0.0042259376335562,4.164405511032081,1.7242723609189683,1,10.122842015333749
257,0.005,0.0344416666666666,7.619999999999999,6.888333333333333,0.007094756547606,0.99,2,OK,7.613644009657589,0.038640318059011,0.0056000460955088,0.0040207953211193,-6.186552288967058,8.485635086426916,0,4.301468089475669
258,0.005,0.0749125,5.19,14.9825,0.0062658594182687,0.99,3,PARTIAL_A,5.19502048821577,0.0693702858810026,0.0046298299809345,0.0039610718004488,2.474046356989158,1.6687919317752629,1,9.705458454262253
259,0.005,0.07491,7.870000000000001,14.982,0.0139309309685302,0.99,3,PARTIAL_A,7.8431370047192575,0.0473305640298293,0.0031588808028807,0.0021534012015117,1.6160872225180491,0.892707272946348,1,8.31482655840504
260,0.005,0.0749341666666666,7.979999999999999,14.986833333333331,0.0075455366305191,0.99,3,PARTIAL_AB,7.974061451567304,0.0829298371792392,0.0055286558119492,0.0051605505932016,4.711686829372534,1.7284128495462023,2,15.30528441965519
261,0.005,0.074915,7.89,14.983,0.0156885319604098,0.99,3,PARTIAL_A,7.882386930898646,0.0770258342719413,0.0051407675821095,0.0043786636207662,3.482021317122489,1.4848218847262986,1,12.36240220241918
262,0.005,0.0749125,8.549999999999999,14.9825,0.0099410167610059,0.99,3,PARTIAL_A,8.545573232202502,0.085864196261289,0.0057306471364597,0.0043901767565937,2.375072668629247,0.9702141284927136,1,3.553723252097996
263,0.005,0.0433866666666666,9.35,8.677333333333333,0.0116025643338729,0.99,3,PARTIAL_AB,9.337059393752693,0.0588614237677322,0.0067917027424306,0.0059070265339175,1.549465976613488,0.6581870101002953,2,10.68568833945158
264,0.005,0.07491,7.499999999999999,14.982,0.0089303366185758,0.99,3,PARTIAL_AB,7.510747859055319,0.0879666332490978,0.0058709655116194,0.0054060034653259,3.3919717798583706,1.361232898636321,2,13.202551606408104
265,0.005,0.074915,6.2,14.983,0.0058886004459912,0.99,3,PARTIAL_AB,6.192312715149539,0.0867488992251455,0.0057896929404991,0.0053634082741581,3.853026407273056,1.756585766386767,2,11.737274706320765
266,0.005,0.0371808333333333,10.07,7.436166666666667,0.0067121583135835,0.99,3,PARTIAL_A,10.067078102153731,0.0409453782768496,0.0054960239297784,0.0048836109018349,2.1850935374853417,1.6092593948543188,1,8.819103438676056
267,0.005,0.0749525,1.6500000000000004,14.9905,0.0094330225924167,0.99,3,PARTIAL_A,1.6312147728199804,0.1189632287883511,0.0079308819192234,0.0044111098325082,0.8991995781044289,0.8848257906787483,1,8.622805708329597
268,0.005,0.0749691666666666,7.35,14.993833333333331,0.0108219265364227,0.99,3,PARTIAL_AB,7.327274304869297,0.0901181337792515,0.0060078755852834,0.0050326943681706,2.405540608288415,1.463459011940447,2,6.440253792226532
269,0.005,0.074915,7.41,14.983,0.0591314589335576,0.99,3,PARTIAL_A,7.26259114141191,0.0999455638125507,0.006670449197723,0.001780648771041,0.4829730559280996,0.228524234315553,1,9.705362691290828
270,0.005,0.0749125,9.27,14.9825,0.0066344157448884,0.99,3,PARTIAL_AB,9.27601868998534,0.0914887761387764,0.006106036227282,0.005530685324433,2.837174973744656,1.9469830898421971,2,6.554603282596757
271,0.005,0.0749525,9.04,14.9905,0.0064937871580788,0.99,3,PARTIAL_AB,9.041192297183189,0.0827353047355195,0.0055156869823679,0.0052119487552109,5.138870282626055,2.08429047520448,2,12.153593096405311
272,0.005,0.0749791666666666,7.26,14.995833333333334,0.0071574907851141,0.99,3,PARTIAL_A,7.250316957887905,0.0729458937332993,0.0048630595822199,0.0041364672132952,1.8131438820593488,1.5650268568331849,1,7.217380566790239
273,0.005,0.0749075,8.3,14.9815,0.005655996882708,0.99,3,PARTIAL_A,8.28244804651141,0.0695718077416305,0.0046432797157929,0.0040282251872662,3.2691227133072096,2.324596301592292,1,5.458396545185697
274,0.005,0.0749683333333333,7.51,14.993666666666666,0.0414346806768009,0.99,2,OK,7.517893801691269,0.0571483696566839,0.0038098913104455,0.0007726371135165,-1.702059956542278,1.8366828218969955,0,7.9386948262999875
275,0.005,0.0749416666666666,8.66,14.988333333333332,0.0055207166770103,0.99,3,PARTIAL_A,8.651953341137478,0.081826192814965,0.0054550795209976,0.0049956373091937,3.636161760163836,1.0467687983077936,1,7.889941690989651
276,0.005,0.0168883333333333,8.399999999999999,3.377666666666668,0.013407205684701,0.99,3,PARTIAL_AB,8.383329373423724,0.0382536087876469,0.0113064853559547,0.0091831065366959,1.7864140673538205,1.7789654224989588,2,9.40123638968587
277,0.005,0.0749475,8.67,14.9895,0.0062970672672793,0.99,3,PARTIAL_A,8.659626494600658,0.0750282489098997,0.0050018832606599,0.0046045761719438,4.241319661184798,2.0795329982740336,1,10.03588588142783
278,0.005,0.07498,9.06,14.996,0.0069793952044095,0.9856428236153608,3,PARTIAL_A,9.075334289008872,0.0758675198852024,0.0050578346590134,0.0047503525761288,4.973003915865031,1.95706906085792,1,19.623499519938218
279,0.005,0.074915,8.97,14.983,0.059704710811886,0.99,3,PARTIAL_A,9.007274837613371,0.140129162649528,0.0093523356607026,0.0043517468734435,1.4555148890289284,0.8557137975781575,1,7.577326971809149
280,0.005,0.0749683333333333,8.84,14.993666666666666,0.0067138138869458,0.99,3,PARTIAL_A,8.845456279385182,0.0731803347773926,0.0048786889851595,0.0045125582698208,4.822585440708734,1.793944573556245,1,11.630120304322707
281,0.005,0.0749075,8.12,14.9815,0.0180153374941382,0.99,3,PARTIAL_A,8.128120452826689,0.059690814348393,0.0039838140833187,0.0023421934684909,1.780676424475993,1.1412884212599326,1,7.361068581033882
282,0.005,0.0749683333333333,9.22,14.993666666666666,0.030819345013901,0.99,3,PARTIAL_A,9.290261073205,0.0886597076780715,0.0059106471785381,0.0035507836597731,1.6781450867329446,1.128148638025572,1,8.301645379170106
283,0.005,0.07491,9.47,14.982,0.0073768663292608,0.989009584211673,3,PARTIAL_A,9.46300845021385,0.0763147947285498,0.0050933122177007,0.0048263168538341,3.69831427231384,1.318906917459162,1,13.790733493569537
284,0.005,0.0152166666666666,8.1,3.043333333333333,0.009280247704807,0.99,3,PARTIAL_A,8.099913514643271,0.0190871267080091,0.0062580743304947,0.0036222839176031,1.48195454288079,1.0509465466026455,1,4.83779634326264
285,0.005,0.0749025,8.099999999999998,14.9805,0.0068132100318826,0.99,2,OK,8.090831104460806,0.084433282905132,0.0056351468012323,0.0049643153156824,1.0425123022570315,1.3838942804825711,0,5.4211637540563
286,0.005,0.074915,8.37,14.983,0.0077322237652929,0.99,3,PARTIAL_A,8.379577262065435,0.076303132455046,0.0050925338679674,0.0046619370058097,4.378167212298107,1.7517316148420634,1,10.46160848332723
287,0.005,0.074915,7.11,14.983,0.0346320674446559,0.99,2,OK,7.191044826276806,0.0828175867383334,0.0055273139091212,0.0038374938555889,0.5640943908676498,0.9384097467298864,0,13.811600103947027
288,0.005,0.074915,9.39,14.983,0.011631450471083,0.99,3,PARTIAL_A,9.381902484836296,0.0568586175801878,0.0037947909397233,0.0035086613483591,3.681511591232403,1.7361889370516552,1,25.423520003301512
289,0.005,0.0749458333333333,8.680000000000001,14.989166666666668,0.0078649108873666,0.99,3,PARTIAL_AB,8.68645091436371,0.0864128378533806,0.005760855856892,0.0050829102515562,3.355111585451008,1.7678131587954218,2,6.845497398997827
290,0.005,0.0314358333333333,9.0,6.287166666666667,0.0102020873535754,0.99,2,OK,8.990523373065908,0.0089837563815873,0.0014259930764424,1.6596014614834887e-14,-0.4570546304650055,0.4099443289452634,0,4.663904632275267
291,0.005,0.074915,7.69,14.983,0.0080439095145747,0.99,2,OK,7.666843982648277,0.0648393900810728,0.0043274342657,0.003551388649504,0.4830943426318239,2.927586401958429,0,7.683738529439951
292,0.005,0.0749683333333333,7.640000000000001,14.993666666666666,0.0064245752999895,0.99,3,PARTIAL_A,7.652934582810923,0.0741328718969077,0.0049421914597938,0.0044891092034216,4.144365229154686,1.7508381518877838,1,8.690015112848808
293,0.005,0.0749416666666666,10.02,14.988333333333332,0.0713915691950056,0.99,2,OK,10.151709674891864,6.044805481431869e-20,4.034352935327165e-21,3.255948619892552e-29,-2.2356489098008643,2.1455810803790305,0,4.60061566045216
294,0.005,0.0749683333333333,7.640000000000001,14.993666666666666,0.0085301040940566,0.99,3,PARTIAL_A,7.64998456082005,0.0728806397010391,0.0048587093134026,0.0041767981969792,3.54411721984006,1.4464997192860498,1,8.156897581637464
295,0.005,0.0749475,3.65,14.9895,0.0066502673569635,0.9899518847167588,3,PARTIAL_A,3.647598941553202,0.0697594424146098,0.0046506294943073,0.0037065773341832,3.1954354042338893,1.802944215185478,1,9.713231279505964
296,0.005,0.07491,8.09,14.982,0.0070551779308911,0.99,3,PARTIAL_AB,8.11251374023515,0.0844196408958576,0.0056342363223041,0.005224270922345,3.4828703342639,1.5065883449106772,2,13.70537301782217
297,0.005,0.0749691666666666,7.87,14.993833333333331,0.0540982617459873,0.99,2,OK,7.878220500964398,0.1033551474331039,0.0068903431622069,0.001399955065852,-2.408793082945751,2.2365268840598014,0,7.391573816776032
298,0.005,0.0154683333333333,7.609999999999999,3.0936666666666666,0.0716726481470459,0.99,2,OK,7.739569074570111,0.0470995559335103,0.015193405139842,0.0016024475448224,-0.630676024849684,0.6028611238374051,0,6.254778454967642
299,0.005,0.0749416666666666,9.08,14.988333333333332,0.0086311438578732,0.99,3,PARTIAL_AB,9.064392027269832,0.0880267492672005,0.0058684499511467,0.0053711386703501,3.5665684876369013,1.5995227829988423,2,8.722402465702705
300,0.005,0.0749541666666666,2.24,14.990833333333333,0.0417426577585843,0.99,2,OK,2.2682587171125617,0.0802905488401126,0.005468141805229,1.82000860456708e-25,-1.4597040820062777,1.4317658708358505,0,7.090857311767009
301,0.005,0.07498,8.14,14.996,0.0056708596358756,0.99,3,PARTIAL_A,8.1372691729799,0.07092571538208,0.004728381025472,0.0044926242328053,4.773837114569116,1.8909119877458496,1,15.025215998305583
302,0.005,0.0152108333333333,7.529999999999998,3.0421666666666667,0.0112526073965292,0.99,3,PARTIAL_AB,7.539053726350582,0.0216179656019265,0.0070878575744021,0.0052275863486863,2.412906072507348,1.4041679422142557,2,10.808791402273515
303,0.005,0.0749791666666666,9.94,14.995833333333334,0.0089210953405218,0.99,3,PARTIAL_A,9.932313349006362,0.0814320819574994,0.0054288054638332,0.0047996364694845,3.955835321673172,1.5016495900935998,1,7.537900542044515
308,0.005,0.074915,8.120000000000001,14.983,0.0113121264940131,0.99,3,PARTIAL_A,8.115518733548177,0.0548868294629131,0.003663192177725,0.002850789230665,2.464681033138942,1.1973710231814192,1,8.828540725754511
309,0.005,0.0749983333333333,8.19,14.999666666666666,0.0066554715846004,0.99,3,PARTIAL_A,8.196053901053881,0.0734279489908203,0.004895196599388,0.0044207424899217,3.9576117858951543,1.7994139044544537,1,9.576392083398192
310,0.005,0.074915,1.37,14.983,0.0072003784556548,0.8340273986931155,3,PARTIAL_A,1.3736248340129509,0.0787335934537712,0.0052547448356243,0.0034841457000226,0.5000141620509254,0.2373749034952033,1,81.63496512850563
311,0.005,0.0214916666666666,8.3,4.298333333333334,0.0069713772381122,0.99,3,PARTIAL_A,8.294400018788508,0.0182600196243835,0.0042465161917171,0.0032294008392101,2.397524600703231,1.253116716797453,1,6.637427460577132
304,0.005,0.074915,8.129999999999999,14.983,0.0080162370132962,0.99,3,PARTIAL_AB,8.129229461747812,0.0901645382319092,0.0060176554993487,0.0056271901239001,4.260861756164492,2.2158901699150846,2,15.499097879100884
305,0.005,0.07491,7.889999999999999,14.982,0.0080892670626416,0.99,3,PARTIAL_AB,7.887828919444011,0.0906721818706021,0.0060515360536553,0.0054831629068963,3.911216077509516,1.6775721882711778,2,9.011612427127668
306,0.005,0.0749683333333333,8.21,14.993666666666666,0.0337380354134179,0.99,2,OK,8.221781302534762,0.0037525187735575,0.0002501679182371,3.496827595239512e-23,-0.4630973866803285,0.2908047477153925,0,14.127649919304426
307,0.005,0.07498,7.989999999999999,14.996,0.0071144237186669,0.99,3,PARTIAL_A,7.99171156594467,0.0719356636418642,0.0047957109094576,0.0041975565978641,3.869971926712055,1.8369327705332343,1,7.390098542259558
312,0.005,0.074915,6.9,14.983,0.0235116071306221,0.99,2,OK,6.919491810008718,0.0301982274395879,0.0020154545565909,8.003591903142196e-21,-0.200397786668746,0.141727893451191,0,6.492009620730109
313,0.005,0.074915,8.56,14.983,0.0538947295241966,0.99,2,OK,8.597697839358224,0.119383412848197,0.0079677472423713,0.0023784075465753,-0.1746697807805226,0.2198632863720188,0,6.139198782683658
314,0.005,0.0749416666666666,9.72,14.988333333333332,0.0081854894255911,0.9892461690387448,3,PARTIAL_A,9.709835664438163,0.063817392171549,0.0042544928114366,0.0036537948497348,4.065754157439625,2.244338353103755,1,7.836105221931258
315,0.005,0.0214908333333333,7.99,4.298166666666666,0.0093853907328914,0.99,3,PARTIAL_A,7.974525852165276,0.0229299927421479,0.0053325564516623,0.0038121372930769,2.107995354914609,1.7511474410253085,1,8.449271461134419
316,0.005,0.0749683333333333,7.65,14.993666666666666,0.0137286468501393,0.99,3,PARTIAL_A,7.666132798102309,0.0611080278584057,0.0040738685238937,0.0032801099610919,2.8054758489714557,1.466967126073886,1,11.547694867590872
317,0.005,0.0749691666666666,8.09,14.993833333333331,0.0092322342156123,0.99,3,PARTIAL_A,8.078586824418068,0.0653294490862699,0.0043552966057513,0.0038229934948363,3.3727173784538,1.599937506721106,1,11.269305611066017
318,0.005,0.0749025,8.23,14.9805,0.0065538553641523,0.99,3,PARTIAL_A,8.227638310636713,0.0735355767733257,0.0049078249236924,0.0043999429049052,4.515102923687506,2.1955260808064527,1,8.930243303003085
319,0.005,0.0214908333333333,7.99,4.298166666666666,0.0205611934443368,0.99,3,PARTIAL_A,7.96495573612413,0.0308029995943646,0.0071634882777592,0.0037417970179821,0.5956456427010726,0.4968027243722592,1,7.722117276276861
320,0.005,0.0749341666666666,8.29,14.986833333333331,0.0060708429524339,0.99,3,PARTIAL_A,8.297716746053618,0.0776544697454172,0.0051769646496944,0.0048296452451724,3.961149901047155,1.7837543511963532,1,13.333307081643976
321,0.005,0.0154624999999999,7.33,3.0925,0.0650283867821473,0.99,3,PARTIAL_AB,7.365617798151541,0.0783749828371307,0.0255570596208034,0.0139067657360203,1.1937282245433487,0.582744430396726,2,9.20393732340412
322,0.005,0.0317775,8.93,6.3555,0.0706101563760143,0.99,2,OK,9.01656475915101,5.933615613891107e-22,9.418437482366836e-23,1.0622804796057884e-22,-2.7302533567308275e-10,2.59071130405487e-10,0,13.550646970854965
323,0.005,0.0749525,1.87,14.9905,0.0057003701177733,0.919320088852018,3,PARTIAL_A,1.867522123344096,0.0721090831507011,0.0048072722100467,0.0038659550154643,1.1603321788492678,0.6660168649150214,1,50.0826143461319
328,0.005,0.0749125,5.24,14.9825,0.0072928890263039,0.99,3,PARTIAL_A,5.237755279111902,0.0738026862359388,0.0049256520290949,0.0043231142471365,4.085423926543139,1.956059351345721,1,12.709718556258723
329,0.005,0.074915,8.17,14.983,0.0079813703817626,0.99,3,PARTIAL_A,8.159713502170714,0.0612507413728622,0.0040879248969652,0.0035669946882332,3.2700797218770745,1.4503558064180544,1,10.416970533837231
330,0.005,0.0417275,9.5,8.3455,0.0755690454981986,0.99,2,OK,9.413489311522712,0.08070892781121,0.0096657398576299,0.003117533927215,-0.1971605839165014,0.6887314347638788,0,8.184395164731841
331,0.005,0.0128766666666666,7.720000000000001,2.575333333333333,0.0098533608341184,0.99,3,PARTIAL_AB,7.723825836566416,0.0335804633443254,0.012998889036513,0.0100643105743097,2.853894738393492,1.6653609028758425,2,4.685992107470974
324,0.005,0.0749683333333333,7.66,14.993666666666666,0.0074297479501424,0.99,3,PARTIAL_A,7.6563906811468225,0.0740521802015782,0.0049368120134385,0.0045967904505645,3.570400062225056,1.7618307326104985,1,15.131979669615667
325,0.005,0.0749025,7.82,14.9805,0.0059734685587122,0.99,3,PARTIAL_A,7.8306924662174495,0.0678517633792846,0.0045284825392181,0.0040146262869155,3.900567953248685,1.9227243293351504,1,7.902737435724473
326,0.005,0.074935,10.4,14.987,0.0072699491961123,0.99,3,PARTIAL_A,10.392020169265155,0.0608300926352185,0.0040553395090145,0.0034350895429607,2.478826919879848,1.296073882747017,1,6.337033966799105
327,0.005,0.0749333333333333,6.590000000000001,14.986666666666668,0.0056659428409934,0.99,3,PARTIAL_A,6.593624712240887,0.0707324654516904,0.0047154976967793,0.0042897180768689,4.264700721723974,1.6982164069066483,1,11.76622409357904
332,0.005,0.0749791666666666,9.43,14.995833333333334,0.0075306978027253,0.99,3,PARTIAL_A,9.41367332202184,0.0676305371889052,0.0045087024792603,0.0043101370609223,5.326859733469385,1.973772763424388,1,23.400919063717243
333,0.005,0.07491,7.870000000000001,14.982,0.0125897227359554,0.99,3,PARTIAL_A,7.862987865286776,0.0649919721479931,0.0043376177184422,0.0035363525888314,2.8369823767895794,1.356115073317402,1,11.98553955484436
334,0.005,0.0749416666666666,8.55,14.988333333333332,0.0284871593867953,0.99,3,PARTIAL_AB,8.482669527019226,0.134251853049948,0.0089501235366632,0.0071247969012902,3.029686798519613,1.6049833073133697,2,9.58829342205888
335,0.005,0.0749475,8.67,14.9895,0.0716726481470459,0.99,2,OK,8.593976748393796,0.120340709485564,0.0081037514805093,0.0011950851478674,-0.4178912682165407,0.3296686263401877,0,5.999775202955347
344,0.005,0.0749466666666666,8.83,14.989333333333333,0.0068091457294299,0.99,3,PARTIAL_A,8.827169340609563,0.077269359236102,0.0051512906157401,0.0048333288149425,5.1852091369481546,2.192463984176329,1,13.33822042517794
345,0.005,0.0749691666666666,3.420000000000001,14.993833333333331,0.0082093573645361,0.99,3,PARTIAL_A,3.4117277626484066,0.0867755143108677,0.0057850342873911,0.0049660123801954,3.0090058289670187,1.6432778915715662,1,15.134376006782482
346,0.005,0.0243325,6.54,4.8665,0.0076923507140425,0.99,3,PARTIAL_A,6.51777817590825,0.0253254983391014,0.0052397582770554,0.0041170095966218,3.6382655760989,1.774185646568915,1,10.373626669392904
347,0.005,0.0191491666666666,7.819999999999998,3.829833333333333,0.0583437362699857,0.99,2,OK,7.780274272396932,0.0340262362640943,0.0089151710735618,1.602258258357171e-15,-1.124063645255004,1.164284454505292,0,8.052639097013452
340,0.005,0.0749125,8.04,14.9825,0.0066931659204659,0.99,3,PARTIAL_AB,8.035009889425279,0.083710379036061,0.0055868996019618,0.0052929254916142,4.534719157161254,1.6854190676021932,2,17.261135664766268
341,0.005,0.0749683333333333,8.17,14.993666666666666,0.008140852453652,0.99,3,PARTIAL_AB,8.16308527371742,0.0879619099091008,0.0058641273272733,0.0052669976351758,4.306306135045932,2.041617448366469,2,8.528855256951369
342,0.005,0.0749025,8.709999999999999,14.9805,0.0240757410571016,0.99,3,PARTIAL_A,8.719691257851721,0.0736513547509299,0.0049155520412189,0.0038438356410813,2.803409882796421,1.414099886596305,1,15.930438525271573
343,0.005,0.0749341666666666,8.56,14.986833333333331,0.0068560979969377,0.99,3,PARTIAL_A,8.559032401606585,0.0661617995748631,0.0044107866383242,0.003751770130928,4.282919897826055,2.013963977886936,1,5.516590741057246
336,0.005,0.0749791666666666,9.87,14.995833333333334,0.0142307796487187,0.9880610635004192,3,PARTIAL_A,9.861379732338287,0.0562681230926625,0.0037512082061775,0.0031289571898355,2.1935848493539494,1.753635317531383,1,14.536954439881944
337,0.005,0.0749525,7.859999999999999,14.9905,0.0434682120475753,0.99,3,PARTIAL_AB,7.865420522931815,0.2303718035514829,0.0153581202367655,0.0124949386050529,2.894257823593546,1.6043081465856717,2,10.193681043087766
338,0.005,0.074915,6.73,14.983,0.0063676062473194,0.99,3,PARTIAL_AB,6.742018875545703,0.0934926472163474,0.0062397762324592,0.0053418133048795,3.539922288193812,2.1624683984638904,2,5.200917900084414
339,0.005,0.074915,3.6,14.983,0.061926110912669,0.99,2,OK,3.4701652767420104,2.6538611241999258e-17,1.773181152026677e-18,1.4224163808771749e-27,-0.1614917420400214,0.1614917418391678,0,7.374228031512711
348,0.005,0.0749025,8.07,14.9805,0.0717331689728817,0.99,2,OK,8.06724942833031,8.781705643940353e-11,5.860982632218257e-12,1.0872644908043704e-29,-0.5969968277412969,0.5480375773903884,0,5.389566708843343
349,0.005,0.0552583333333333,7.699999999999999,11.051666666666668,0.0081065218182442,0.99,3,PARTIAL_AB,7.695502900102704,0.0646022257510837,0.0058375505196762,0.0053157058456248,2.931638701882158,1.7328507451376296,2,12.047516742485524
350,0.005,0.0749458333333333,1.540000000000001,14.989166666666668,0.0057490870720545,0.99,3,PARTIAL_A,1.5424260040282896,0.0483388441609667,0.0032225896107311,0.0019788820417003,0.6702769375268707,0.5318487878516767,1,15.553935111297893
351,0.005,0.0749691666666666,8.06,14.993833333333331,0.0071808944295813,0.99,2,OK,8.042238093843919,0.0821920667561155,0.0054794711170743,0.0048739198261928,-0.1253442844860107,3.102295378797628,0,5.722204420204918
352,0.005,0.0749525,8.43,14.9905,0.0113046331859354,0.99,2,OK,8.394404170875328,0.0657585521521138,0.0043839034768075,0.0033669402112636,1.1332024911706975,2.3419558742756283,0,7.904320830474249
353,0.005,0.0749416666666666,8.21,14.988333333333332,0.0281243724144938,0.99,2,OK,8.275928691125149,0.0642022221069425,0.0042801481404628,0.000133560416682,-6.6484519661132495,6.592653727935192,0,3.472073093936383
354,0.005,0.0749025,9.31,14.9805,0.0074031406771142,0.99,3,PARTIAL_A,9.323634885867676,0.0614425574571507,0.0041007268603215,0.0034073648175022,3.668517581086815,1.911395749565074,1,5.64782709402619
355,0.005,0.0749683333333333,5.7,14.993666666666666,0.060547912970024,0.99,2,OK,5.633231698369502,0.0590624176899905,0.0039418743730805,4.098446432372308e-22,0.0155794526821674,0.1027705665631694,0,9.272688159908618
360,0.005,0.074935,8.84,14.987,0.0070433169344659,0.99,3,PARTIAL_A,8.835270050710216,0.0752969196556262,0.0050197946437084,0.0046004482434877,4.844988661793549,2.098877092790138,1,10.11901524643412
361,0.005,0.0749075,8.34,14.9815,0.0344507857034783,0.99,2,OK,8.349900631582834,0.1214689836785729,0.0081069399563007,0.0039775162550701,-0.9173662649501568,1.945348620456992,0,4.42678841311703
362,0.005,0.0415366666666666,7.76,8.307333333333332,0.0061528687371969,0.99,3,PARTIAL_AB,7.763650094193113,0.0536451532328834,0.006450319025998,0.0054775464090213,2.584995493396425,1.851135466965724,2,5.768420885366316
363,0.005,0.074915,8.54,14.983,0.0094389497324813,0.99,3,PARTIAL_A,8.549809982848101,0.0644297113361863,0.0043000919690446,0.0036106010982913,2.8192427645493496,1.8035172424590569,1,9.537334212506511
356,0.005,0.07498,8.06,14.996,0.0081065218182442,0.99,3,PARTIAL_A,8.05326576764929,0.0600064877685513,0.0040004325179034,0.0035764896398501,3.68395530161837,1.615820087993057,1,12.248973687378736
357,0.005,0.0749691666666666,2.960000000000001,14.993833333333331,0.0071536220871011,0.99,2,OK,2.953815161566029,0.0809627351879346,0.0053975156791956,0.0041563242397913,-0.5236827148910275,2.795600681080918,0,10.222458240116444
358,0.005,0.0749416666666666,5.96,14.988333333333332,0.059704710811886,0.99,2,OK,5.9745421337987015,2.450345328656041e-23,1.6372017786120541e-24,1.3465230874285745e-23,-0.0456314117250762,0.045631413032057,0,19.493200191272432
359,0.005,0.0749416666666666,8.86,14.988333333333332,0.0193663413605848,0.99,3,PARTIAL_AB,8.79515845448601,0.0946841088032416,0.0063122739202161,0.0053822026842184,3.092371669349696,1.6854360509217825,2,10.647868535660075
364,0.005,0.0749416666666666,9.67,14.988333333333332,0.0284871593867953,0.99,2,OK,9.67122673201274,0.0312139636757282,0.0020809309117152,3.259252737941466e-13,-0.5490150375823071,0.3948981888590412,0,7.262411421924797
365,0.005,0.0192316666666666,8.38,3.846333333333334,0.0152109877987286,0.99,3,PARTIAL_A,8.370422616226376,0.0268071832759352,0.0069629047469961,0.0047763067398886,2.551505587621285,1.4108565463498244,1,9.967187388944918
366,0.005,0.0749333333333333,9.07,14.986666666666668,0.0051593527762328,0.99,3,PARTIAL_AB,9.068374375144655,0.0781121481138773,0.0052074765409251,0.0050411701680751,5.247049947047015,1.8970750219366064,2,16.832823433605437
367,0.005,0.0749416666666666,10.02,14.988333333333332,0.0076814247762831,0.99,3,PARTIAL_A,10.020689285302405,0.0708870177296579,0.0047258011819771,0.0040617808648555,4.163879765913163,1.800390412435751,1,5.679425102789032
372,0.005,0.0749683333333333,8.76,14.993666666666666,0.007739453545298,0.99,2,OK,8.753333497055337,0.0768295774121562,0.005121971827477,0.0043306219221032,-0.593079741962705,2.8236595868393124,0,4.611057685295052
373,0.005,0.0749075,7.83,14.9815,0.0115397296510447,0.99,2,OK,7.875206433834261,0.0902825993080053,0.0060255349927478,0.004778570617437,1.7831568443700878,1.8909259560796443,0,6.133960160082175
374,0.005,0.0192316666666666,8.38,3.846333333333334,0.0640762080550884,0.99,3,PARTIAL_AB,8.164392437618638,0.1064316019419586,0.0276445719329762,0.0164057126916181,2.195557199516551,0.984725293670316,2,5.66966558381757
375,0.005,0.0749025,7.679999999999998,14.9805,0.0081510704911929,0.99,3,PARTIAL_A,7.672659753245584,0.0572366104788599,0.0038200184969205,0.0033033251088737,2.898592051413993,1.6097760458169204,1,9.719240207298688
368,0.005,0.0749683333333333,9.04,14.993666666666666,0.0091378022223689,0.99,3,PARTIAL_A,9.047914376916632,0.0823662320980065,0.0054910821398671,0.0049618197375536,4.884606637783544,2.156534590355969,1,12.092481665810464
369,0.005,0.0749025,8.79,14.9805,0.0079003390221948,0.99,3,PARTIAL_AB,8.792101004318031,0.0874440963181319,0.0058360909667273,0.0052787260445971,3.955336400241293,1.7582054363471118,2,9.090282206629745
370,0.005,0.0749691666666666,9.22,14.993833333333331,0.0229652982062115,0.99,3,PARTIAL_A,9.241130278153316,0.0791443317307377,0.0052762887820491,0.0037951368445749,2.3818492818918395,1.6699340359902504,1,9.027014387018268
371,0.005,0.0749683333333333,7.239999999999999,14.993666666666666,0.0064043820190435,0.99,3,PARTIAL_A,7.23815118989595,0.0792878967971628,0.0052858597864775,0.0046909587501981,3.188766272476406,1.5539339073539842,1,7.7246136490942225
376,0.005,0.0749341666666666,6.54,14.986833333333331,0.0780849493830324,0.99,2,OK,6.570055965941036,0.1496532697376524,0.0099768846491768,0.0046251924644799,-0.4396854260391437,0.5137563222215281,0,11.249677087758725
377,0.005,0.0749683333333333,8.68,14.993666666666666,0.013407205684701,0.99,3,PARTIAL_A,8.6871424651735,0.0812087350745713,0.005413915671638,0.0047331095556374,4.083686340649651,1.7436256140550763,1,13.015169961647205
378,0.005,0.0749708333333333,8.31,14.994166666666668,0.0067348165643333,0.99,3,PARTIAL_A,8.31098677530705,0.0763271778742286,0.0050884785249485,0.0046097619366737,2.3409344928648586,1.25356509353915,1,7.854817859775325
379,0.005,0.0749075,8.3,14.9815,0.0073121003004825,0.99,3,PARTIAL_A,8.303595079959345,0.0748467532453584,0.0049953339207135,0.0043079123831164,3.6767176974855658,1.8359161964617587,1,4.786619352050931
380,0.005,0.0749075,7.92,14.9815,0.0070352651110103,0.99,3,PARTIAL_A,7.914450099793054,0.0692080695095598,0.0046190035267781,0.0041390378393503,4.465604743924922,2.014090450201603,1,11.384608879879394
381,0.005,0.074915,9.84,14.983,0.0092986732593842,0.985356852912624,3,PARTIAL_A,9.848071041042742,0.0643312618531011,0.0042935213695061,0.0038299832670142,2.436440630046288,1.5624561527251026,1,12.963667550534408
382,0.005,0.0749983333333333,9.1,14.999666666666666,0.0108140935640361,0.99,2,OK,9.105523625854952,0.0702552390662938,0.0046836826044195,0.0036140307906057,0.3199312206048052,2.696379083480128,0,4.575878368697077
383,0.005,0.0749341666666666,2.27,14.986833333333331,0.0113516104761696,0.99,2,OK,2.285521386939079,0.0467709345824638,0.0031180623054975,1.1035198182749612e-21,-0.1650000116928688,0.1727830646333792,0,4.390358310054371
384,0.005,0.0749683333333333,9.06,14.993666666666666,0.0101443717107035,0.99,2,OK,9.07146089413478,0.0738300491349005,0.00492200327566,0.0041767013757223,0.2539747830242899,3.290528769510962,0,7.214008626762527
385,0.005,0.0749025,7.65,14.9805,0.0219517298615379,0.99,3,PARTIAL_A,7.660756880645678,0.0645763849551664,0.0043098810871078,0.0028433925535909,1.4498483507509532,1.3048924889207425,1,12.164873427313635
386,0.005,0.0749125,5.05,14.9825,0.0061305703337821,0.99,2,OK,5.037591596300552,0.0684604386909362,0.0045691060305407,0.0036113746571902,-0.677002555146349,3.836373957250906,0,6.791042940029648
387,0.005,0.0749341666666666,7.81,14.986833333333331,0.0074672912571411,0.99,3,PARTIAL_A,7.814467595038873,0.0766485298855468,0.0051099019923697,0.0045555827919771,4.518842528764011,2.0795005651074074,1,9.938431816673804
392,0.005,0.0749691666666666,3.13,14.993833333333331,0.0156048807829652,0.99,3,PARTIAL_AB,3.158463869855802,0.1659439722409504,0.01106293148273,0.0079452509429387,2.8821814930647016,1.5519820227142342,2,9.502802297143324
393,0.005,0.07491,7.69,14.982,0.0061391361760677,0.99,3,PARTIAL_A,7.6861188825711135,0.0729682864336348,0.0048699634994639,0.0044172738904786,4.172210573092737,1.8051087129260264,1,10.32706790589828
394,0.005,0.0749025,7.919999999999999,14.9805,0.0072507038923902,0.99,3,PARTIAL_A,7.912777210236518,0.0698972651694149,0.0046650010124192,0.0041955258257916,3.0507223789090903,1.109863702717533,1,9.648144792832536
395,0.005,0.0749025,7.7,14.9805,0.0666172901505035,0.99,2,OK,7.815629580698477,0.174472815418476,0.0116444593160273,0.0048882389796033,-0.6335175141137542,1.602935788784166,0,6.568122395287489
388,0.005,0.0749416666666666,1.04,14.988333333333332,0.061926110912669,0.9729020348997024,3,PARTIAL_C,1.1192705131347331,0.6304503820768204,0.042030025471788,0.0047071157083157,-1.5346183462301048,1.4711122481942644,1,14.432459161177537
389,0.005,0.0749691666666666,9.19,14.993833333333331,0.0083779453877617,0.99,3,PARTIAL_AB,9.189334609195871,0.0818500330998784,0.0054566688733252,0.0050496973044256,4.6404117655834,1.8954198224574208,2,11.965836909219757
390,0.005,0.0749525,8.850000000000001,14.9905,0.0298757649872528,0.99,2,OK,8.806396497880613,0.0848619305466814,0.0056574620364454,0.00183945262771,0.2731627985538387,0.4710700212238204,0,3.869611448780172
391,0.005,0.0749025,8.15,14.9805,0.0069180261301112,0.99,3,PARTIAL_A,8.152183931535607,0.0630784398890131,0.004209907000379,0.0036874477254134,3.014359224604093,1.5764649652018967,1,7.02501406074195
396,0.005,0.07491,9.33,14.982,0.0056708596358756,0.9815122179475648,3,PARTIAL_A,9.324819876006012,0.0725695484781301,0.0048433514000976,0.0044835067204081,3.78460050490199,1.4062309632682788,1,12.894226270883191
397,0.005,0.0749341666666666,4.34,14.986833333333331,0.007977830640064,0.99,3,PARTIAL_A,4.319132481997291,0.0732919050493669,0.0048861270032911,0.0032563059943436,2.6349516623692115,1.655423061629482,1,6.516325808718707
398,0.005,0.0749525,8.97,14.9905,0.0130542591734211,0.99,3,PARTIAL_A,8.983015443151059,0.0785958383856155,0.005239722559041,0.0042380023779128,2.745971516606699,2.040575860312384,1,7.082935642201951
399,0.005,0.0749125,7.029999999999999,14.9825,0.0381228927808613,0.99,2,OK,6.970107688938409,1.230206269545276e-17,8.210497905752677e-19,1.3459662138603095e-27,-0.0260888939314148,0.0260888931423663,0,7.056629505084354
400,0.01,0.1498833333333333,9.08,14.988333333333332,0.0071574907851141,0.99,3,PARTIAL_AB,9.083507306407675,0.1451780902759437,0.0096785393517295,0.0091918908344626,4.253739500200345,1.3319469862384865,2,7.090530810455859
401,0.01,0.0439499999999999,8.92,4.395,0.0064385682216236,0.99,3,PARTIAL_B,8.908561088447684,0.0460005130210606,0.010454662050241,0.0096055044906876,2.197841574094113,2.2311288734837085,1,8.864429640061953
402,0.01,0.149805,8.79,14.9805,0.0576962655672157,0.99,3,PARTIAL_AB,8.900265193498715,0.162350271521387,0.0108353907578233,0.0084759449272717,1.6244141719135272,0.8300008886401552,2,18.02674867124883
403,0.01,0.149905,8.2,14.9905,0.0101662530870644,0.99,3,PARTIAL_AB,8.205489325216835,0.1550358825616557,0.0103357255041103,0.0096003751128016,5.020894616257443,1.860325535096445,2,9.02071819534546
404,0.01,0.1499583333333333,9.79,14.995833333333334,0.0053350604064444,0.99,3,PARTIAL_AB,9.793191895530462,0.1500234164095501,0.01000156109397,0.009271656150259,2.4532192533498565,1.3029359066407895,2,3.3061687085414686
405,0.01,0.1498833333333333,8.440000000000001,14.988333333333332,0.0089303366185758,0.99,3,PARTIAL_AB,8.446319610424037,0.156959426369169,0.0104639617579446,0.0096104844726054,3.614718071385427,1.9953470963753872,2,6.036109669923949
406,0.01,0.149825,8.4,14.9825,0.0075380710730467,0.99,3,PARTIAL_AB,8.372700866658876,0.1520868303482522,0.010150400245712,0.0094632173405303,3.409933516334802,1.4333840883470716,2,6.505734469261224
407,0.01,0.149895,9.83,14.9895,0.0057492176507707,0.99,3,PARTIAL_AB,9.832862226690445,0.1496800010406123,0.0099786667360408,0.0097220212542305,5.185251759733709,1.9799789554367169,2,10.274843969804676
408,0.01,0.149805,7.98,14.9805,0.0377779625125717,0.99,3,PARTIAL_AB,7.982981824406491,0.1476624226549462,0.0098551116343679,0.0078484553351928,2.867469399174293,1.7623448744986403,2,12.619085951774194
409,0.01,0.14982,8.04,14.982,0.0075417176768803,0.99,3,PARTIAL_AB,8.035175652725599,0.1415018507602251,0.0094439499951207,0.0089952579037371,4.705743348222777,1.73235034759616,2,12.259388449408968
410,0.01,0.1499383333333333,8.42,14.993833333333331,0.0506887608815615,0.99,3,PARTIAL_AB,8.428563308797427,0.1188215355290953,0.0079214357019396,0.005433528952821,1.6906764974109436,1.0129826945409837,2,13.106866960651852
411,0.01,0.149805,7.880000000000001,14.9805,0.0127923230716996,0.99,3,PARTIAL_AB,7.889351938212534,0.1389864162601629,0.0092760678260397,0.0085698238912672,4.736834156604106,1.7860846431416837,2,13.142414239886849
412,0.01,0.14983,6.77,14.983,0.023358886615004,0.99,3,PARTIAL_AB,6.795393288558295,0.1909442325138399,0.0127437752512017,0.0105744141779527,2.8752527114778923,1.449104626933002,2,8.286622166575123
413,0.01,0.1499383333333333,7.87,14.993833333333331,0.0258631165999818,0.99,3,PARTIAL_AB,7.919051585945409,0.1679712129700567,0.0111980808646704,0.0092799645569769,3.783962445167383,1.8666662711181183,2,8.97086766056044
414,0.01,0.149805,8.27,14.9805,0.0075454868845933,0.99,3,PARTIAL_AB,8.274926702197558,0.1538186730169823,0.0102659848509665,0.0099644180961909,4.480899916536552,1.6831163047492366,2,14.381281004242188
415,0.01,0.1498833333333333,9.73,14.988333333333332,0.007342682671498,0.99,3,PARTIAL_AB,9.73875971029114,0.1415051752195869,0.0094336783479724,0.0088074943118212,3.315559785472192,2.525416666154132,2,5.186672831050652
416,0.01,0.1498916666666666,7.41,14.989166666666668,0.0072978102213242,0.99,3,PARTIAL_AB,7.426479347904349,0.1464761515029858,0.0097650767668657,0.0092828313221818,5.015428407316625,1.7904856721112368,2,10.219985607160176
417,0.01,0.149805,8.48,14.9805,0.0593716962102894,0.99,2,OK,8.349504651066244,0.019955840896679,0.0013333523984418,4.3499195472374045e-26,-0.6412418672986007,0.5452917335699436,0,11.031655419391369
418,0.01,0.1499383333333333,9.29,14.993833333333331,0.0551543475118438,0.99,3,PARTIAL_B,9.31508921212916,0.1691355168608966,0.0112757011240597,0.0080759123007216,0.7911210553685522,1.0346508787938873,1,9.581435564623677
419,0.01,0.149805,8.07,14.9805,0.0079039134683364,0.99,3,PARTIAL_AB,8.071661838345424,0.1474552887042794,0.0098412873440008,0.0094515302158811,5.229541587319432,1.9956449187596357,2,12.35596595666799
420,0.01,0.10002,9.49,10.002,0.0115397296510447,0.99,3,PARTIAL_AB,9.488623767694785,0.0773339382756897,0.0077205262837627,0.0066689621652397,4.270775730982755,2.005221260846368,2,9.38228560466038
421,0.01,0.149815,9.33,14.9815,0.0073812959455328,0.99,3,PARTIAL_AB,9.314611646414187,0.1449547126882408,0.0096743968423742,0.009339863431117,3.384438046047561,1.0125439234518965,2,13.467670041298192
422,0.01,0.1498833333333333,9.54,14.988333333333332,0.0355753262692895,0.99,3,PARTIAL_AB,9.608848299654182,0.167176758143708,0.0111451172095805,0.0099384440675395,3.1988208800781037,1.8155341941085763,2,16.974880236924008
423,0.01,0.14983,9.56,14.983,0.049917715650966,0.9817666716625348,3,PARTIAL_A,9.580947864587332,0.1158683608180397,0.0077331497765098,0.0048945679144635,0.7367975643101835,0.3360853160636037,1,13.853174916265669
424,0.01,0.14996,7.75,14.996,0.0065109895792392,0.99,3,PARTIAL_AB,7.752103277778925,0.1409597858438754,0.0093973190562583,0.0089480355827615,5.033566774265322,1.8570983691963825,2,11.226136736197454
425,0.01,0.1498833333333333,8.610000000000001,14.988333333333332,0.0067098572030572,0.99,3,PARTIAL_AB,8.602866905773016,0.1526998573929738,0.0101799904928649,0.0097520504750722,5.456531009759854,1.999604714910544,2,9.974339271035095
426,0.01,0.149895,8.840000000000002,14.9895,0.0359402814006086,0.99,3,PARTIAL_A,8.844662224821517,0.098242713582276,0.0065495142388184,0.0047227183361029,1.866373472449172,1.0087024539838494,1,12.002943700551082
427,0.01,0.149905,8.16,14.9905,0.0069180261301112,0.99,3,PARTIAL_AB,8.151261339802947,0.1560776631711505,0.0104051775447433,0.0096607540847378,4.762930993646906,1.914527177728152,2,5.059151027521771
428,0.01,0.149815,8.08,14.9815,0.0083377051127304,0.99,3,PARTIAL_AB,8.088145802285236,0.1533782614863118,0.0102365914228906,0.0098212288344451,5.561551357921528,2.0833619742512357,2,13.769910821479352
429,0.01,0.0551583333333333,6.87,5.515833333333334,0.0132456498373553,0.99,3,PARTIAL_B,6.86930402015579,0.0624036061470349,0.0113118319299761,0.0088994853703596,-0.3031111595838421,3.0637784909666825,1,6.557667316026458
430,0.01,0.14983,6.73,14.983,0.011454575634843,0.99,3,PARTIAL_B,6.739358457026128,0.1426979100689065,0.0095237759779025,0.007905979031791,1.1029182844393417,2.389445426629794,1,5.212855873098162
431,0.01,0.0511083333333333,9.02,5.110833333333334,0.00831429592801,0.99,3,PARTIAL_AB,9.030091684422915,0.0657385334444696,0.0128479218458246,0.0114553080863035,4.023862019292161,1.7144905830695214,2,5.179931542341328
436,0.01,0.149825,8.68,14.9825,0.0086439201219178,0.99,3,PARTIAL_AB,8.647770547373918,0.158375664396455,0.0105701222066599,0.0100512839752525,3.834726698520607,1.4802053042891108,2,10.5402392980278
437,0.01,0.14987,8.9,14.987,0.0087499316308691,0.99,3,PARTIAL_AB,8.914966138664639,0.1426460915409344,0.0095097394360622,0.0085222129231284,4.055718983137615,2.03848399625726,2,4.879066555594094
438,0.01,0.05132,8.86,5.132000000000001,0.0619125622181734,0.99,3,PARTIAL_B,8.667382615454422,0.1678315724158358,0.0331246524504939,0.021104702509434,0.8901807234787252,1.0611411274437024,1,4.82329588731241
439,0.01,0.1498683333333333,2.249999999999999,14.986833333333331,0.0099971938017192,0.9879661361156152,3,PARTIAL_B,2.232559769086895,0.1281615280029198,0.0085441018668613,0.0062967768068507,0.6231224142111218,2.3161908413362453,1,10.650263411088073
432,0.01,0.1498833333333333,8.82,14.988333333333332,0.0106814422722124,0.99,3,PARTIAL_AB,8.794175653162227,0.1545920099346387,0.0103061339956425,0.0097446974186144,4.290357193355062,1.682887765023239,2,13.98200688343386
433,0.01,0.1499083333333333,2.369999999999999,14.990833333333333,0.0317973752814036,0.99,2,OK,2.2495354215564687,0.0207096881789888,0.0013806458785992,1.8753580316439628e-27,-0.2824317298710843,0.2039480115003954,0,6.741994529385934
434,0.01,0.14983,7.41,14.983,0.006890793408402,0.99,3,PARTIAL_AB,7.415497023000004,0.1525580732894936,0.0101818513875079,0.0096547267358112,5.150338931250737,1.9992901950449409,2,9.07766212281939
435,0.01,0.1498833333333333,8.450000000000001,14.988333333333332,0.006907007126376,0.99,3,PARTIAL_AB,8.441910439365458,0.1541972613660907,0.010279817424406,0.0098267591144438,4.511372984717883,1.7667246631747895,2,11.01966833555515
440,0.01,0.149815,9.52,14.9815,0.0751061688175325,0.99,3,PARTIAL_B,9.558244293251525,0.2191534161640166,0.0146264793880322,0.0096287609949001,-0.9763150460407384,2.112063931593473,1,7.352905983977101
441,0.01,0.149805,9.31,14.9805,0.0162112898052832,0.99,3,PARTIAL_AB,9.303508151209964,0.127086223014209,0.0084818391333176,0.0072860943082757,2.2391377891065845,1.5835237223020706,2,7.016237624750668
442,0.01,0.14983,7.26,14.983,0.0175800924903035,0.99,3,PARTIAL_AB,7.272627869760658,0.1487482408307087,0.0099275800331952,0.0086017344515833,3.3923674996896667,1.7778150631765326,2,8.698879768964503
443,0.01,0.14983,7.930000000000001,14.983,0.0075385236209454,0.99,3,PARTIAL_AB,7.927234495954408,0.1466885779884252,0.0097901164397169,0.0091996025821315,2.8884614839583413,1.0469649305393796,2,8.541681272611674
444,0.01,0.14996,7.370000000000001,14.996,0.0195674706091581,0.99,3,PARTIAL_AB,7.359461029594939,0.1644578709219242,0.0109638580614616,0.0099671665902239,3.3969377916051435,1.3258159492033552,2,12.974119186632072
445,0.01,0.1498916666666666,1.4800000000000004,14.989166666666668,0.0174683903996136,0.99,2,OK,1.4617932665297104,0.1359837872102361,0.0090857764283008,0.0032772096331535,-0.1913317599500424,0.4152093770229033,0,10.689908452453055
446,0.01,0.1498666666666666,6.32,14.986666666666668,0.0099157525004916,0.99,3,PARTIAL_AB,6.3064976012795935,0.1535914185459328,0.0102394279030621,0.009308041546127,3.622753092430732,1.735304238954358,2,9.590797025809092
447,0.01,0.1499583333333333,2.4000000000000004,14.995833333333334,0.0639344751432418,0.99,2,OK,2.362062499543012,0.0079488912606818,0.000544444606896,8.779409521832191e-25,-0.8333519627588803,0.6445749834827146,0,8.743768169693974
448,0.01,0.149825,8.61,14.9825,0.006532357075586,0.99,3,PARTIAL_AB,8.612173169150301,0.1550094217060804,0.010345456398626,0.0100035288322129,5.265851415375776,1.9016047245883645,2,12.669588872693998
449,0.01,0.14983,7.34,14.983,0.0522593396374587,0.99,3,PARTIAL_A,7.271054141393918,0.1158360221909719,0.0077396005918244,0.0033544060756171,1.0389801682765398,0.5782579053731812,1,9.367018276847348
450,0.01,0.149905,7.489999999999999,14.9905,0.0280160548410917,0.99,3,PARTIAL_AB,7.472623161098011,0.1880466030189378,0.0125364402012625,0.0103833209806093,3.8020667376220727,1.649733829238157,2,9.611108649925097
451,0.01,0.149805,9.74,14.9805,0.0060950762419031,0.99,3,PARTIAL_AB,9.732807514225668,0.1474374015987293,0.0098400935438529,0.0096160252820586,5.964762921273875,2.005753217826112,2,14.419319823254265
452,0.01,0.149905,9.69,14.9905,0.0066722009069737,0.99,3,PARTIAL_AB,9.686696494228697,0.1497957464792852,0.009986383098619,0.0096821765920697,5.697088974956459,2.03066038511563,2,12.055935839423189
453,0.01,0.1499583333333333,9.64,14.995833333333334,0.0426912047406595,0.99,3,PARTIAL_AB,9.654696124721934,0.1408862948587518,0.0093924196572501,0.0076787654634018,2.9721191838304213,1.7761176421310014,2,13.976374964133417
454,0.01,0.149805,8.149999999999999,14.9805,0.0092775879313602,0.99,3,PARTIAL_B,8.154913869390086,0.1564388415712551,0.0104408570570359,0.0093032070146577,0.9974493563321172,2.2680088434389907,1,5.790561047233124
455,0.01,0.149825,8.68,14.9825,0.0073878018637129,0.99,3,PARTIAL_AB,8.678675137767046,0.1339663961151392,0.0089410275493975,0.008399814408516,5.427941069637775,2.1373612996675733,2,11.1938493308665
456,0.01,0.149905,9.45,14.9905,0.0319576216504041,0.99,3,PARTIAL_AB,9.560530653580011,0.1611929375203049,0.0107461958346869,0.0092782564919377,3.6654804111198502,1.645320943270901,2,12.864646500166756
457,0.01,0.149825,8.75,14.9825,0.0330682862200874,0.99,3,PARTIAL_B,8.754509702262961,0.1718465882789501,0.0114691827549911,0.0093051896217429,1.168122618763817,1.625374506609944,1,7.572418229106189
458,0.01,0.0306,8.61,3.0600000000000005,0.0075175702613211,0.99,3,PARTIAL_B,8.61081137328008,0.0292502825703231,0.0095381356207575,0.0075481692027007,-0.5240050047284364,3.364786833148952,1,4.275427977202064
459,0.01,0.149805,8.799999999999999,14.9805,0.0853011509504271,0.99,2,OK,8.614725470883888,0.0596702986829635,0.0039913243266196,7.623494972364462e-21,-1.979609834061769,1.8518126488964608,0,10.393890723195549
460,0.01,0.14983,9.35,14.983,0.0063806646049737,0.99,3,PARTIAL_AB,9.346988976528962,0.1428948077164165,0.009536917088971,0.0090471906041909,5.140375595636927,2.3346014235339205,2,7.890112474796618
461,0.01,0.149805,8.48,14.9805,0.0092534431716554,0.99,3,PARTIAL_AB,8.507284237538183,0.1427029590265654,0.0095241129494926,0.0087328993787432,1.742020829894564,0.2133599030948919,2,8.224130900596853
462,0.01,0.1498833333333333,6.360000000000001,14.988333333333332,0.0091714546490326,0.99,3,PARTIAL_AB,6.361632938179861,0.1589295637945115,0.0105953042529674,0.0091925564443973,2.9152548640734453,1.14582449564458,2,6.580326668771891
463,0.01,0.14987,10.4,14.987,0.0066003594681764,0.99,3,PARTIAL_AB,10.404411462130286,0.1579432666144194,0.0105295511076279,0.0102732738211462,6.026454691134492,2.129277367765801,2,11.967183811656769
464,0.01,0.1499383333333333,8.3,14.993833333333331,0.0630826251340421,0.99,2,OK,8.387026769296375,0.1645300654455274,0.0109686710297018,0.004979531369561,-1.185529337762237,2.347976918264908,0,6.898623932119158
465,0.01,0.034605,7.719999999999997,3.4605,0.0075824571506802,0.99,3,PARTIAL_AB,7.728595609405658,0.0315990752138314,0.0091151178501436,0.0070774762706256,1.9224161335448076,1.4158519982209958,2,4.981330853640973
466,0.01,0.14983,5.340000000000001,14.983,0.0084840838098511,0.977887827112816,3,PARTIAL_AB,5.357798153820738,0.152039521205879,0.0101472427946081,0.008898331013388,3.672388873279393,1.7136503075260578,2,10.105843076717363
467,0.01,0.149815,9.27,14.9815,0.0062300535275744,0.99,3,PARTIAL_AB,9.262810566524546,0.1564086013003573,0.0104388387964643,0.0100434858959728,4.878625070299701,1.927780364291473,2,10.198531000416542
468,0.01,0.0613616666666666,8.69,6.136166666666666,0.0568604398478133,0.99,3,PARTIAL_B,8.65012893095863,0.0638438751808517,0.0103811179155856,0.0053905144735078,0.3144773260449466,0.5112552375555625,1,11.346809010014312
469,0.01,0.0309299999999999,7.680000000000001,3.0929999999999995,0.0078430717263507,0.99,3,PARTIAL_AB,7.629528427464097,0.0312484689612594,0.01013463858203,0.008660980257383,2.3999260948021863,1.8721276765182504,2,9.892304831274856
470,0.01,0.1499383333333333,8.06,14.993833333333331,0.0076265849094794,0.99,3,PARTIAL_AB,8.059332254074722,0.1498008210787575,0.0099867214052505,0.0095324654815838,4.48097661996656,1.7712858517279748,2,11.11920245120232
471,0.01,0.1498833333333333,1.04,14.988333333333332,0.0907398735095852,0.9729020348997024,2,OK,1.2595637458215911,1.888195675384888e-23,1.2859448413517964e-24,8.168446611499834e-24,-0.7072348787553914,0.707234878672486,0,13.360275689478769
472,0.01,0.1499383333333333,9.22,14.993833333333331,0.0663700040753058,0.99,3,PARTIAL_B,9.341867235503042,0.1887675161690451,0.0125984994106148,0.0071536198516814,-1.1742176660449215,2.147205372230492,1,6.348276906044365
473,0.01,0.0438016666666666,8.29,4.380166666666667,0.0090517918316359,0.99,3,PARTIAL_AB,8.280990631624508,0.0575939396885842,0.0131393018300952,0.0122357050182353,2.9363867840438296,1.0781830657785745,2,12.05201275987048
474,0.01,0.149825,7.75,14.9825,0.0667653073383333,0.99,3,PARTIAL_AB,7.870284209414872,0.1635368495873637,0.0110249561519571,0.0059402581398709,0.8976491027923255,0.7982562259761459,2,8.810543064662655
475,0.01,0.1498683333333333,7.81,14.986833333333331,0.0069029708612603,0.99,3,PARTIAL_B,7.823003576231868,0.1593711625580046,0.0106247441705336,0.0100748669117407,0.4698981724230135,3.246713797082732,1,8.570550730089437
476,0.01,0.149905,7.78,14.9905,0.0136180709545434,0.99,3,PARTIAL_AB,7.773745676089634,0.1818410291332224,0.0121227352755481,0.0109085432977139,4.587257179906911,2.3746778899442416,2,8.62051772501975
477,0.01,0.149825,8.13,14.9825,0.011631450471083,0.99,3,PARTIAL_B,8.148663759354664,0.1571958779947425,0.010491382291084,0.0096099007665316,-4.473634540670444,7.9925503103116835,1,6.929872370388129
478,0.01,0.0742299999999999,9.09,7.422999999999999,0.0847618060118427,0.99,2,OK,9.079701344304135,2.1818130234798498e-18,2.9351744710491258e-19,4.8274219835483405e-27,-0.5055826061926315,0.4780429086641847,0,4.985027045277043
479,0.01,0.14982,7.830000000000001,14.982,0.0073843423694449,0.99,3,PARTIAL_AB,7.823440264560348,0.1470004769219597,0.0098109328312765,0.0093056340068845,3.3748728230976117,1.2434206745392888,2,9.931148922282986
480,0.01,0.14983,8.6,14.983,0.0138039092562495,0.99,3,PARTIAL_AB,8.57152003029412,0.1649993494096155,0.0110121923966373,0.0101924284938217,3.940913020444661,1.5321491894048962,2,11.965955619609398
481,0.01,0.14996,8.71,14.996,0.0159855161027864,0.99,3,PARTIAL_AB,8.729535632948332,0.1434344705788489,0.0095622980385899,0.0080882351608716,3.3924287991330133,1.9621190455658388,2,6.216859524926592
482,0.01,0.149805,8.84,14.9805,0.0041769201047891,0.99,3,PARTIAL_AB,8.84000408318614,0.1498513168075611,0.0100012002318728,0.0097063189427514,4.580416688091897,1.8837249345132463,2,8.601533661210038
483,0.01,0.1498916666666666,8.770000000000001,14.989166666666668,0.0079568185833711,0.99,3,PARTIAL_AB,8.761369782945994,0.1617496987767527,0.0107833132517835,0.0098990836175095,4.456167892826454,2.3117656654491565,2,4.466596002343769
484,0.01,0.1498833333333333,8.61,14.988333333333332,0.0323708931041134,0.99,3,PARTIAL_AB,8.608671571985457,0.1429643787519517,0.0095309585834634,0.0073732882946768,2.9855794390957344,1.4861220012117666,2,7.205968120710315
485,0.01,0.1499366666666666,6.68,14.993666666666666,0.0073963797157087,0.99,3,PARTIAL_AB,6.670904642158079,0.1370225001306865,0.0091348333420457,0.0084590312255391,3.659884433656122,1.443846412320552,2,8.925121608641032
486,0.01,0.14996,7.729999999999998,14.996,0.0212829513493153,0.99,3,PARTIAL_AB,7.785314904003464,0.1840639525885456,0.0122709301725697,0.0114622796717164,4.614513479054845,1.8245632404534364,2,18.648435472836216
487,0.01,0.0742299999999999,9.09,7.422999999999999,0.0576962655672157,0.99,3,PARTIAL_A,9.163270960383825,0.0464259883689834,0.0063021703668303,0.0003238248175736,0.3557396766708992,0.1235012563211974,1,6.469490599340672
488,0.01,0.1499383333333333,9.08,14.993833333333331,0.007342682671498,0.99,3,PARTIAL_AB,9.07357990120066,0.1407875525669154,0.0093858368377943,0.0088021938292452,5.178564534457962,2.056052784922552,2,5.68921263427205
489,0.01,0.14996,7.79,14.996,0.0092352118886027,0.99,3,PARTIAL_AB,7.800287208858365,0.1645080521799434,0.0109672034786628,0.0105071628596983,5.013195866554421,1.808508106946948,2,16.075548232490817
490,0.01,0.14996,6.6000000000000005,14.996,0.0807418022023589,0.99,3,PARTIAL_B,6.568312210787035,0.2254275131866061,0.015028500879107,0.0071363813957603,-0.0039165793360298,0.5032539885416716,1,9.518629261739608
491,0.01,0.1499383333333333,7.34,14.993833333333331,0.0063103905649946,0.99,3,PARTIAL_AB,7.33970799228433,0.1496765201935871,0.0099784346795724,0.0096423256764805,4.688296343809185,1.899251941511929,2,13.405443320355138
492,0.01,0.1499366666666666,7.749999999999999,14.993666666666666,0.0075454868845933,0.99,3,PARTIAL_AB,7.761258935566713,0.1388678385408321,0.0092578559027221,0.0085679191220714,4.673979726661591,1.899730008961944,2,8.230896061917834
493,0.01,0.149805,9.41,14.9805,0.0658543916140342,0.9875854649658604,2,OK,9.372488597246251,0.1387695381311035,0.0092615932011859,0.0048015820090942,0.2243984288387642,0.9672602818848032,0,11.078842168656152
494,0.01,0.149825,9.17,14.9825,0.0612819731538003,0.9895418619387024,2,OK,9.094481455758531,0.115530310077605,0.0077105879918312,0.0017536155276384,-0.6914458073705253,0.4656351634262411,0,5.614662270247293
495,0.01,0.14996,7.26,14.996,0.0152109877987286,0.99,3,PARTIAL_AB,7.267957586032932,0.1706641151152953,0.011377607674353,0.0097907430578785,3.900522863991841,1.699587276051285,2,7.088033314017622
500,0.01,0.1499366666666666,6.94,14.993666666666666,0.0661742144491217,0.99,3,PARTIAL_B,7.0017977091769525,0.1953997781702512,0.0130411420358343,0.0074980334311276,0.4596176513443499,0.6657958971863717,1,11.040366093775956
501,0.01,0.1498683333333333,9.03,14.986833333333331,0.0091378022223689,0.99,3,PARTIAL_AB,9.015997741921195,0.145089955994119,0.0096726637329412,0.009253143865756,4.96065650447748,1.7727204111129389,2,13.745927459186264
502,0.01,0.1498916666666666,8.680000000000001,14.989166666666668,0.0061351147788651,0.99,3,PARTIAL_AB,8.68069650722365,0.1481443174549462,0.0098762878303297,0.0094661484765432,5.155040815824679,1.766033633159151,2,9.929017462664747
503,0.01,0.0745716666666666,8.87,7.457166666666666,0.01135131287342,0.99,3,PARTIAL_B,8.874051554403607,0.0787944304452343,0.0105528255060581,0.0094489752549079,0.9635387978524548,1.4484554804870566,1,9.299058102488758
496,0.01,0.149805,9.31,14.9805,0.0066554715846004,0.99,3,PARTIAL_AB,9.316166219363534,0.1482536997200432,0.0098945739523944,0.0096511416894216,5.08481597445171,1.8820452704385815,2,14.232592238026871
497,0.01,0.0423066666666666,8.58,4.230666666666667,0.0211881375420242,0.99,2,OK,8.563097458448683,0.0005826660064187,0.0001376376393115,4.372384629488673e-24,-1.193744485353912,1.082237028848965,0,2.377944480005284
498,0.01,0.1499383333333333,7.35,14.993833333333331,0.0084043376843018,0.99,3,PARTIAL_AB,7.3404182840801635,0.1393205143673487,0.0092880342911565,0.0082736006614963,3.042142293439172,1.8146528648618168,2,5.114113008794407
499,0.01,0.14987,9.01,14.987,0.0178233941233442,0.99,3,PARTIAL_AB,9.018248553531624,0.1581059566910456,0.0105403971127363,0.0094884214575759,4.715120672163151,2.0222375100813643,2,10.970866417841874
504,0.01,0.1498799999999999,2.1500000000000004,14.988,0.0088265559379459,0.98439909737185,3,PARTIAL_AB,2.147226113062233,0.1682356397963424,0.0112157093197561,0.0086089715843848,1.975387151189383,1.2201735691487088,2,10.36954376356542
505,0.01,0.149905,7.99,14.9905,0.0068188226399794,0.99,3,PARTIAL_AB,7.987229513065698,0.1443176187592255,0.0096211745839483,0.0093474720810427,5.647312238721812,1.9613082018028547,2,18.688913006973088
506,0.01,0.14987,8.67,14.987,0.0103813467384486,0.99,3,PARTIAL_B,8.673792945774483,0.1518592601449853,0.0101239506763323,0.0090496783501803,-2.2490204418847384,4.640794309936108,1,5.546373132504588
507,0.01,0.1498666666666666,9.33,14.986666666666668,0.0101746401535215,0.99,3,PARTIAL_AB,9.336729207585533,0.1391367567427953,0.009275783782853,0.0087709503445438,5.224957562880303,2.011323308944668,2,11.834060784837854
508,0.01,0.1498683333333333,2.39,14.986833333333331,0.0059544613616726,0.9773795704341176,3,PARTIAL_AB,2.3734373339464856,0.1527822154952865,0.0101854810330191,0.0091189744253579,3.5913411219070115,1.514302723303933,2,17.72325442439167
509,0.01,0.0475,8.52,4.75,0.0073502445483567,0.99,3,PARTIAL_AB,8.525547571217995,0.0532215532523351,0.0112045375268074,0.0096863432538174,1.0706591985427545,0.974787669046432,2,4.823670046467149
510,0.01,0.1498833333333333,8.459999999999999,14.988333333333332,0.0232099646886873,0.99,3,PARTIAL_B,8.350860708969739,0.1477609710465892,0.0098507314031059,0.0071863631119356,0.1906908088773304,2.259952956632857,1,3.6056687458455743
511,0.01,0.1498683333333333,7.81,14.986833333333331,0.0107284630970146,0.99,3,PARTIAL_AB,7.80937387708123,0.1404099324454988,0.0093606621630332,0.0087300354815849,3.9437937446024462,1.647631060706502,2,13.549713115009547
512,0.01,0.0306,8.61,3.0600000000000005,0.0492573405976269,0.99,3,PARTIAL_B,8.60459070369907,0.0736324728362769,0.0240105889683511,0.0149798240952204,0.2769732483250721,2.0591201530145384,1,6.529733831694144
513,0.01,0.1498916666666666,1.0099999999999998,14.989166666666666,0.0135276388237785,0.9799777275463916,3,PARTIAL_B,1.0128241455719351,0.2815431615280074,0.0188113470954125,0.0085843320302743,0.2332614156402914,0.9100733316174128,1,10.680323976597936
514,0.01,0.149815,9.24,14.9815,0.0068214689384873,0.99,3,PARTIAL_AB,9.230095569319058,0.1428518823492937,0.0095340522146358,0.0090377329670615,4.170225768317091,1.622549080265323,2,8.344533320032195
515,0.01,0.1499583333333333,9.420000000000002,14.995833333333334,0.0078256899414058,0.99,3,PARTIAL_B,9.43520078816802,0.1448665044547628,0.0096577669636508,0.0092263799567529,1.8264113922393257,2.294791479704442,1,9.037822183026394
516,0.01,0.149815,8.08,14.9815,0.0124377343539828,0.99,3,PARTIAL_AB,8.074330746276646,0.1458443427480161,0.0097337714848509,0.0086232667095116,3.347489526738128,1.4168040844011278,2,7.359907933440354
517,0.01,0.1498683333333333,10.17,14.986833333333331,0.0674598935446936,0.99,2,OK,10.2068261773324,0.1081882204985877,0.0072125480332391,0.0020906205658413,-1.9748864317213533,2.231365626623289,0,7.032615525760083
518,0.01,0.1498916666666666,7.41,14.989166666666668,0.006579657783885,0.99,3,PARTIAL_AB,7.403735581179024,0.1517396585989698,0.0101159772399313,0.0093310724182355,3.631089422777167,1.5343703050424378,2,6.6000507392505
519,0.01,0.1498683333333333,9.05,14.986833333333331,0.0482507181643156,0.99,2,OK,9.073242261133442,0.0103688165984892,0.0006912544398992,1.355186614269506e-25,-2.709400399127146,2.474738585455278,0,5.4382723033169
520,0.01,0.149805,8.58,14.9805,0.0079284633951275,0.99,3,PARTIAL_B,8.572334617695722,0.1444851326508744,0.0096430566841518,0.0089898586201824,0.695972305869321,2.980741883704749,1,7.703423901006927
521,0.01,0.149895,8.67,14.9895,0.0078531308725636,0.99,3,PARTIAL_AB,8.661537314572366,0.1432243969871237,0.0095482931324749,0.0089320462908936,5.0061532864605,1.7851215433250889,2,9.035305801467144
522,0.01,0.149815,9.61,14.9815,0.0055158912179638,0.99,3,PARTIAL_AB,9.60595833657104,0.1534392839009191,0.0102406641090713,0.0097591758792219,5.04840127686099,1.8009482449801832,2,5.731980121544309
523,0.01,0.14982,7.98,14.982,0.007782594727053,0.99,3,PARTIAL_AB,7.975411812294865,0.1448488967541746,0.0096673345998336,0.0090898219550609,4.738773084863851,1.9986524301426185,2,8.517844237329179
524,0.01,0.149825,5.68,14.9825,0.0304753417185514,0.99,3,PARTIAL_B,5.716595189337792,0.1385750958957242,0.0092486159663442,0.0063201400821186,1.3561360839801233,1.3926416957553078,1,8.113848345094315
525,0.01,0.1499383333333333,9.25,14.993833333333331,0.0078577965386584,0.99,3,PARTIAL_AB,9.258804324682917,0.1461287026552742,0.0097419135103516,0.0094726362525548,5.286299414523997,1.987073745946392,2,17.487854932643483
526,0.01,0.149905,7.939999999999999,14.9905,0.008140852453652,0.99,3,PARTIAL_AB,7.9240181576368,0.1319655128623478,0.0087977008574898,0.0082069119286476,1.90453575195141,0.4848638283472624,2,10.031450776604167
527,0.01,0.0386316666666666,8.16,3.8631666666666655,0.0068521410328958,0.99,3,PARTIAL_B,8.165738548232959,0.0414867392084998,0.0107293291056465,0.0092456917267395,0.9785938604993232,1.036183100827127,1,4.50216973239706
528,0.01,0.149825,5.19,14.9825,0.0075343977946729,0.99,3,PARTIAL_AB,5.19951419359632,0.1400066991955174,0.0093441623489778,0.0086528901497905,3.590256555183629,1.8625992144334191,2,12.01864638094887
529,0.01,0.0475,8.52,4.75,0.0076923507140425,0.99,3,PARTIAL_AB,8.521799595222967,0.0391506972537639,0.0082422520534239,0.006426489855716,2.8141730850280564,1.769746300620337,2,3.7435392948970607
530,0.01,0.14983,8.64,14.983,0.0067801089320452,0.99,3,PARTIAL_AB,8.638080151734815,0.1501709209249877,0.0100225308737477,0.0095420061917248,2.785964580258663,0.7466009828438902,2,9.02829574081545
531,0.01,0.14996,7.56,14.996,0.0370968259645524,0.99,3,PARTIAL_A,7.571945836931811,0.0937611143128437,0.0062576939474645,0.0043004754200221,1.3297273690473923,1.0290297668017478,1,13.353742200392285
536,0.01,0.1351783333333333,9.71,13.517833333333332,0.0079145322684971,0.99,3,PARTIAL_AB,9.706641933239837,0.1157765236496827,0.0085654641417767,0.0078500021715888,4.862763806174811,2.028541926113116,2,5.729675415566046
537,0.01,0.149805,8.25,14.9805,0.0093914278715315,0.99,3,PARTIAL_AB,8.246905316060563,0.1647622181644326,0.0109963660621423,0.0105442953840826,5.316783740487546,2.051376588135861,2,14.061713290569994
538,0.01,0.1499366666666666,7.859999999999999,14.993666666666666,0.0091774280194248,0.99,3,PARTIAL_AB,7.875595370663049,0.1525901758550854,0.010172678390339,0.0096615159483646,4.781500365885151,1.7494946111151533,2,12.132330117224216
539,0.01,0.0389633333333333,7.51,3.8963333333333328,0.0073880394480657,0.99,3,PARTIAL_AB,7.515520565042722,0.033441798362891,0.0085748200930489,0.0062403533563253,2.739080075368941,2.226149007428846,2,4.419260801795405
532,0.01,0.14996,8.71,14.996,0.0077683053797396,0.99,3,PARTIAL_AB,8.699789856605147,0.1392028260961627,0.0092801884064108,0.0086394020871619,4.365194704438084,2.169881202198765,2,6.215355240722008
533,0.01,0.149815,9.87,14.9815,0.007342682671498,0.99,3,PARTIAL_AB,9.867884310245218,0.1616420348433837,0.0107881224589577,0.0103007075860918,5.41214765188171,2.0137477089176463,2,7.477957008757411
534,0.01,0.1498683333333333,10.17,14.986833333333331,0.0060570857113289,0.99,3,PARTIAL_AB,10.163165922424149,0.1505487322052925,0.0100365821470195,0.0095932792480879,4.185564306145959,1.6394256250871062,2,7.325955511917842
535,0.01,0.149805,8.7,14.9805,0.0471363584842746,0.99,3,PARTIAL_B,8.600038121599365,0.1548275921936505,0.0103333209472959,0.0076645065486769,-0.278943706201629,2.577474486579224,1,10.011656917973296
540,0.01,0.14983,8.69,14.983,0.0082092659175345,0.99,3,PARTIAL_AB,8.688872190756653,0.1368046680443927,0.009130456154242,0.008439775617268,3.5482523350861817,1.5718229690679324,2,6.341439795385036
541,0.01,0.0404733333333333,8.32,4.047333333333333,0.0072968382108089,0.99,3,PARTIAL_AB,8.324177875149353,0.0340059850638841,0.0083965395219467,0.0069607128944488,3.127235704180661,1.890470944539162,2,6.365506651713711
542,0.01,0.149805,8.27,14.9805,0.0059874806202266,0.99,3,PARTIAL_AB,8.27258417658789,0.145320149867839,0.0096987864205454,0.0094392537889434,5.206004084150612,1.6632113504597097,2,13.29358385038026
543,0.01,0.14983,2.08,14.983,0.0734420538055694,0.99,2,OK,2.2153390773023283,0.0923891443709875,0.006166127544226,3.5636645651307004e-23,-0.0902714245770585,0.0785334640936323,0,9.786271514072345
544,0.01,0.1498833333333333,8.86,14.988333333333332,0.0062658594182687,0.99,3,PARTIAL_AB,8.873974849276344,0.1506033211495834,0.0100402214099722,0.0094228347660516,1.8749283480696792,1.2675547946727297,2,6.030928215920311
545,0.01,0.14983,2.2,14.983,0.007342682671498,0.99,3,PARTIAL_B,2.198467719159936,0.1104192507056074,0.0073694716822429,0.0053746461412569,-0.5689950754061496,3.468828697278444,1,10.42935646780758
546,0.01,0.149805,9.29,14.9805,0.0320357043541664,0.99,3,PARTIAL_AB,9.350953339299505,0.1542640894775387,0.0102957123121827,0.0083183204781096,3.094259385071872,1.3777772136225486,2,10.594758282662642
547,0.01,0.0633333333333333,8.14,6.333333333333333,0.0113884941453182,0.99,3,PARTIAL_AB,8.158076988626592,0.0671675295124843,0.010605399396708,0.0093382669135634,3.1369304475808044,1.7154103225275066,2,8.806871786736753
548,0.01,0.1498833333333333,8.440000000000001,14.988333333333332,0.0660896321233358,0.99,2,OK,8.380457061743368,8.007907201161866e-11,5.3386048007745765e-12,1.3984413004311889e-25,-0.0114197325137105,0.0090502523541355,0,11.51088345598667
549,0.01,0.0633333333333333,8.14,6.333333333333333,0.0071497250459484,0.99,3,PARTIAL_AB,8.156121887364389,0.0632852330013557,0.0099924052107403,0.0091218141718281,3.3995321888132635,1.5022636699199203,2,8.981468884955657
550,0.01,0.149825,7.16,14.9825,0.0069634578484164,0.99,3,PARTIAL_AB,7.166908697798825,0.1597711421035808,0.0106632575375026,0.0099980417380276,4.628760407020318,2.15645169856754,2,8.461778998757788
551,0.01,0.1499383333333333,8.920000000000002,14.993833333333331,0.0066930537578162,0.99,3,PARTIAL_AB,8.916859046698894,0.1373479639561345,0.0091565309304089,0.0084926271439131,4.750758640424776,2.204430272335085,2,5.91369017833561
552,0.01,0.14982,7.390000000000001,14.982,0.007035021352045,0.99,3,PARTIAL_AB,7.387407547158146,0.1466690281382249,0.0097888116666223,0.009034491104368,4.759197733683896,1.7167100859537208,2,7.568375960223733
553,0.01,0.149825,8.52,14.9825,0.0576962655672157,0.99,3,PARTIAL_AB,8.607019790118244,0.1536286813730994,0.0102533046522647,0.0073033009260971,1.6229526375570582,0.7811314363910331,2,12.759592244037876
554,0.01,0.14996,7.76,14.996,0.0067097453194253,0.99,3,PARTIAL_AB,7.754853275687264,0.1315762456281749,0.0087717497085449,0.0081754170438358,4.544654450607203,1.5739054018876115,2,8.584266451387572
555,0.01,0.1498933333333333,8.96,14.989333333333333,0.0303383203649584,0.99,3,PARTIAL_AB,8.976676949162995,0.1714388516589521,0.0114292567772634,0.0091453530890116,1.7124914845476835,1.647658244129146,2,7.928236671362054
556,0.01,0.149815,9.25,14.9815,0.0082534874236405,0.99,3,PARTIAL_AB,9.251597549490596,0.1572046979209437,0.0104919709402187,0.0100074335608673,5.412813900670256,1.838748560231475,2,10.622128922030122
557,0.01,0.1499366666666666,7.749999999999999,14.993666666666666,0.0096412146607275,0.99,3,PARTIAL_AB,7.755699217508437,0.1557725508971744,0.0103848367264782,0.0095348063273143,2.8584775557886912,0.6985584022047312,2,7.864021169322598
558,0.01,0.1499383333333333,8.78,14.993833333333331,0.008490584990563,0.99,3,PARTIAL_AB,8.794182233836823,0.1520340011643801,0.0101356000776253,0.0094611683131802,1.6625838592259687,0.541796853321391,2,6.5558640204485545
559,0.01,0.149805,6.970000000000001,14.9805,0.0102485880513844,0.99,3,PARTIAL_B,6.946995547377034,0.176462212078799,0.0117772332866829,0.0102363218560236,2.00944528557416,2.1498814442167413,1,4.1824969947856365
560,0.01,0.1498916666666666,2.049999999999999,14.989166666666668,0.0109656433597966,0.9810284108903268,3,PARTIAL_B,2.047170219139604,0.1297132423385923,0.0086764710594376,0.0063781789079186,0.1314400130882402,1.794124270395108,1,18.240985846467545
561,0.01,0.09233,8.76,9.233,0.0072236431511016,0.99,3,PARTIAL_AB,8.757851920580451,0.0857946400762922,0.0092918382754107,0.0086721374619126,4.457077560618882,2.195495318442876,2,7.96377022260981
562,0.01,0.14996,8.71,14.996,0.0640762080550884,0.99,2,OK,8.78619524884229,0.0680628002066277,0.0045425673107871,6.911536909863705e-20,-0.0246353481849824,0.1730431306753104,0,4.924305614212366
563,0.01,0.14983,8.209999999999999,14.983,0.0060847850004021,0.99,3,PARTIAL_AB,8.205078930835139,0.1542054461930865,0.010291798411107,0.0099618175580229,5.86124065128965,2.1959432721808003,2,11.164882073555638
564,0.01,0.1498833333333333,9.64,14.988333333333332,0.0125897227359554,0.99,3,PARTIAL_B,9.619703744238976,0.1542697213111457,0.0102846480874097,0.0090360596182831,-3.5587796310497986,5.996572721192891,1,4.842328291204111
565,0.01,0.14996,7.71,14.996,0.0146128257231519,0.99,3,PARTIAL_AB,7.689336806246197,0.1612028503816956,0.010746856692113,0.0096168500016054,4.7283838608167725,1.8494471751850627,2,9.395496175686285
566,0.01,0.0574583333333333,8.08,5.745833333333334,0.0064245752999894,0.99,3,PARTIAL_AB,8.084139166819721,0.0587031900644867,0.0102092504459976,0.0092567677650562,4.62976280993019,1.9890667512514917,2,6.915887800464661
567,0.01,0.14996,7.630000000000001,14.996,0.0588593983955358,0.99,2,OK,7.688219178517202,2.4991113477401654e-25,1.666074231826777e-26,7.41554227583061e-25,-1.716412967311953e-09,1.737145906112221e-09,0,10.559621504243651
568,0.01,0.14983,8.9,14.983,0.0057492176507707,0.99,3,PARTIAL_AB,8.89660388925538,0.1536185102693595,0.0102526258244288,0.0097063480199023,3.2740679437058686,2.100618601255261,2,5.034815598420893
569,0.01,0.1498833333333333,8.3,14.988333333333332,0.0076959729885329,0.99,3,PARTIAL_AB,8.306036960462588,0.1259507275976118,0.0083967151731741,0.0079764315564642,5.029277712866694,2.2031056282603454,2,11.171663146844653
570,0.01,0.149815,7.88,14.9815,0.0471363584842746,0.99,3,PARTIAL_AB,7.933015810137929,0.1787512780436239,0.0119300074333898,0.0082484927053092,3.2285073476407646,1.6199581366486844,2,9.970112772931222
571,0.01,0.149805,8.85,14.9805,0.0501980017940139,0.9892859083564248,3,PARTIAL_AB,8.885831454491417,0.162604446392066,0.0108523545979131,0.0085867185745502,2.89376380923576,1.8150962636900336,2,14.149480760818372
572,0.01,0.1498799999999999,3.96,14.988,0.0064632780231091,0.99,3,PARTIAL_AB,3.95777592623127,0.1546847350674232,0.0103123156711615,0.0097395898778765,5.057685880262535,2.090717411947196,2,14.804581918499782
573,0.01,0.149905,8.11,14.9905,0.0153828775572209,0.99,3,PARTIAL_AB,8.121435124406279,0.1421467268250132,0.0094764484550008,0.0084218359864491,2.7043131152558075,1.8936655592355447,2,9.462527176737352
574,0.01,0.1498833333333333,9.64,14.988333333333332,0.0095068561154098,0.99,3,PARTIAL_AB,9.637310553636995,0.1551052514091491,0.0103403500939432,0.009781228832217,4.95482434229595,1.8254151191778711,2,10.042625723270318
575,0.01,0.149805,6.970000000000001,14.9805,0.0070433169344659,0.99,3,PARTIAL_AB,6.965437618458821,0.1424450373213412,0.0095068990425811,0.0091678758722425,4.152669344456124,1.3622789563167663,2,15.807559089531528
576,0.01,0.0347716666666666,7.750000000000001,3.4771666666666667,0.0072699491961123,0.99,3,PARTIAL_AB,7.723340662245502,0.0420155847833064,0.0121198802259537,0.0114930850505183,4.731743155333589,1.7525647498599848,2,19.494189654307
577,0.01,0.1499366666666666,8.93,14.993666666666666,0.0067097453194253,0.99,3,PARTIAL_AB,8.921176715541904,0.1536684249912908,0.010244561666086,0.0098959483410815,4.159908928247513,1.55041635434629,2,11.439848049351436
578,0.01,0.14983,9.58,14.983,0.0095537645495532,0.99,3,PARTIAL_AB,9.596543934902048,0.1404198522311469,0.0093717365226571,0.0087313028671983,4.241024027534269,1.955529951863464,2,8.498078733135
579,0.01,0.0660666666666666,8.8,6.6066666666666665,0.0089116970616721,0.99,3,PARTIAL_B,8.813226032058582,0.0614715070764684,0.0092904040921614,0.0073250048826813,-1.8211985197500888,4.589034651481088,1,2.9462058370704285
580,0.01,0.1499366666666666,7.72,14.993666666666666,0.0062345856643226,0.99,3,PARTIAL_AB,7.718335332022062,0.1426203690139138,0.0095080246009275,0.0092235660004729,5.366558249531621,1.933892767182413,2,14.38303099620252
581,0.01,0.1499366666666666,8.93,14.993666666666666,0.0127923230716996,0.99,3,PARTIAL_AB,8.952936701097242,0.1524803680560866,0.0101653578704057,0.0093142140733654,4.397838276900477,1.6265363864919022,2,8.593394411441537
582,0.01,0.0299199999999999,7.779999999999999,2.9919999999999995,0.0364925467280402,0.99,2,OK,7.721425603382356,2.0899186696421076e-20,6.966395565473691e-21,5.384354331367913e-24,-0.0175685005414546,0.0135598779780501,0,10.837096209962514
583,0.01,0.14983,9.49,14.983,0.0122334652931125,0.99,3,PARTIAL_AB,9.470985967894553,0.1412038786251824,0.0094240630895561,0.0086733650918205,4.925704541294399,2.0903611350431093,2,8.383161117462743
584,0.01,0.14991,1.879999999999999,14.990999999999998,0.0280098542409192,0.9018153830696743,2,OK,1.9025807478038708,0.0645795193734507,0.0043487891833973,7.442860572490101e-15,0.0142659847206026,0.0158972875697858,0,51.41729616252694
585,0.01,0.149805,9.49,14.9805,0.0059828240359541,0.99,3,PARTIAL_AB,9.493432207036854,0.1327548563947213,0.0088601683911938,0.0084176045552465,4.214222738453372,2.407537292366554,2,6.161229955324505
586,0.01,0.149815,7.92,14.9815,0.0301010545941622,0.99,2,OK,7.872003566137073,0.0981508930425548,0.0065506713932739,0.0032733779249891,-0.1016081289971923,0.6417449108982266,0,5.783281500429393
587,0.01,0.149905,1.6500000000000004,14.9905,0.0080439095145747,0.99,3,PARTIAL_AB,1.629165395259892,0.1652065065534833,0.0110137671035655,0.00841714164841,2.638694097706397,1.4130987862349538,2,10.830987087021812
588,0.01,0.14996,8.0,14.996,0.0623195245737775,0.99,2,OK,7.9205497193737,0.0321876288435085,0.0021458419229005,5.083187937464687e-21,-0.1082626435465468,0.1360595110761109,0,9.447003316266674
589,0.01,0.149905,9.54,14.9905,0.0130456877519093,0.99,3,PARTIAL_AB,9.541630484056665,0.1590013579640009,0.0106000905309333,0.0098737622199002,3.8199208932184456,1.8663614775183448,2,9.984074855534946
590,0.01,0.149895,3.65,14.9895,0.0391313658645296,0.9899518847167588,2,OK,3.686501417737108,0.0939274233710415,0.0063109131044372,5.543513398243024e-18,-1.2687048807593593,1.1142418422708993,0,7.829714417770242
591,0.01,0.14983,7.31,14.983,0.00697950276547,0.99,3,PARTIAL_B,7.310677650469161,0.1419608526063792,0.0094745841561543,0.0084985240017382,0.215518031246169,0.683625364095289,1,4.690040060603869
592,0.01,0.034275,8.26,3.4275,0.0258631165999818,0.99,3,PARTIAL_B,8.276374254191099,0.068257262064922,0.0198807559412394,0.0129051599644679,-2.400878495021163,3.405504724095457,1,4.099495816090323
593,0.01,0.0394466666666666,8.0,3.944666666666667,0.0264754715787751,0.99,2,OK,7.96531536309281,0.0226233348106287,0.0057274265343363,0.001546285216745,-2.820836799483494,2.523978706611862,0,7.729469279288306
594,0.01,0.149825,5.05,14.9825,0.0093136071062639,0.99,3,PARTIAL_AB,5.052600560945594,0.1734691669709752,0.0115774749925011,0.0104570135491281,2.2375950788543437,0.6384749595867197,2,8.949336639475263
595,0.01,0.149905,8.75,14.9905,0.0075012271794548,0.99,3,PARTIAL_AB,8.75659118785913,0.1521524810494539,0.0101434987366302,0.0096663162718291,5.551782276627764,2.089522504692107,2,9.19312783296222
596,0.01,0.0476583333333333,7.539999999999997,4.765833333333333,0.0152073105113891,0.99,3,PARTIAL_AB,7.539321784071497,0.0440983726619913,0.009251406852166,0.0079053756328371,3.7581492110293047,1.8704117894839123,2,13.803587783807927
597,0.01,0.149825,8.66,14.9825,0.0417426577585843,0.99,2,OK,8.588878377882489,0.1108825979202126,0.0074003958567438,0.0033993072083911,-0.8468210124220373,2.086252149519324,0,6.621957073469
598,0.01,0.1498833333333333,8.57,14.988333333333332,0.0098561127746119,0.99,3,PARTIAL_AB,8.609557851408441,0.1190342186979268,0.0079356145798617,0.0071241672858256,4.413719324461908,1.714224908879994,2,9.409849814315338
599,0.01,0.1499383333333333,8.8,14.993833333333331,0.0106814422722124,0.99,3,PARTIAL_AB,8.778322149539978,0.1670133372973144,0.0111342224864876,0.0103840026451907,4.5076670233024485,1.9531752170747323,2,7.93216493748187
600,0.02,0.1484599999999999,9.09,7.422999999999999,0.0088990943446818,0.99,3,PARTIAL_AB,9.081537098412756,0.1487965861191701,0.0200174779532515,0.0186237295958535,3.890383367438203,1.8340695451319424,2,4.454931553432176
601,0.02,0.29966,9.82,14.983,0.0066805779515164,0.99,3,PARTIAL_AB,9.799584744681123,0.3056443681903412,0.0203989567201562,0.0198086742075551,5.828922971963822,1.98129566710826,2,6.220064619744949
602,0.02,0.2997666666666666,1.04,14.988333333333332,0.0091774280194248,0.9729020348997024,3,PARTIAL_A,1.0813943292662636,0.1976888016448784,0.0132677048083811,0.0037174904891219,0.0943953765771624,0.0668989418652512,1,6.45509577407482
603,0.02,0.29964,8.76,14.982,0.0090517918316359,0.99,3,PARTIAL_AB,8.75363142484355,0.3064301494842011,0.0204514004105139,0.0200780640231545,5.829516580380007,1.843908448262732,2,14.01592885347752
604,0.02,0.29979,1.1800000000000015,14.9895,0.0298757649872528,0.9749395455639898,3,PARTIAL_AB,1.1655079438938571,0.3786939125194536,0.0259675825727625,0.0076988531429808,0.3198780417490342,0.1407829509637643,2,14.481406916716894
605,0.02,0.21836,9.21,10.918,0.0089021834496382,0.99,3,PARTIAL_AB,9.22984104856937,0.2225211360518197,0.0203525429315688,0.0194388436116515,4.493168738601994,1.9769490348409748,2,6.431402171436403
606,0.02,0.29961,8.23,14.9805,0.0067967725643877,0.99,3,PARTIAL_AB,8.216094797081869,0.2985482370608912,0.0199253550874899,0.0191956871007146,4.262530171568258,1.72483571657655,2,4.530402769634997
607,0.02,0.2997333333333333,9.15,14.986666666666668,0.0351037107131578,0.99,3,PARTIAL_AB,9.178673150433148,0.2986634329377687,0.0199108955291845,0.0174623993002245,3.983495732683896,1.8032221161465247,2,8.990454847594629
608,0.02,0.29963,7.460000000000001,14.9815,0.0392774400262636,0.99,3,PARTIAL_AB,7.567640202185567,0.2598017070754871,0.0173393797825686,0.0147220147491619,3.184181546323491,1.368548252093415,2,10.07982530197372
609,0.02,0.2998733333333333,7.910000000000001,14.993666666666666,0.0855074339037046,0.99,3,PARTIAL_AB,7.973232504544744,0.4088503936404625,0.0272566929093641,0.0193954919888985,1.3817315690853058,0.8783356381212001,2,7.168301438036837
610,0.02,0.0725533333333333,8.26,3.6276666666666673,0.0462400603020128,0.99,3,PARTIAL_B,8.180398105428571,0.0949448563989074,0.0261316118529103,0.0147664066146762,0.2843306561213672,1.1847934013397117,1,4.9327197026277485
611,0.02,0.29966,5.340000000000001,14.983,0.0100807606983861,0.977887827112816,3,PARTIAL_AB,5.316169249475531,0.289122707168521,0.0192962874639724,0.0180202580030677,5.076575246068536,2.0645423805015013,2,12.332351318241464
612,0.02,0.2999166666666666,5.120000000000001,14.995833333333334,0.0070551779308911,0.99,3,PARTIAL_AB,5.103202539779767,0.3086739301957363,0.020578262013049,0.0192058698964812,4.288979245394431,1.8899663404294087,2,5.354017474513846
613,0.02,0.29966,9.84,14.983,0.0230612896113813,0.99,3,PARTIAL_AB,9.86568702674102,0.3070407849220948,0.0204921547222755,0.0183924062587392,4.828730496132351,2.061974820473042,2,5.687868113198545
614,0.02,0.2999733333333333,8.75,14.998666666666669,0.0276118834450414,0.99,3,PARTIAL_AB,8.782597268326978,0.3069470209290054,0.0204631347286003,0.0177311264721648,4.254413628233761,1.8926164596630943,2,4.987623278101416
615,0.02,0.2999166666666666,9.94,14.995833333333334,0.0058695102733585,0.99,3,PARTIAL_AB,9.939191105519017,0.2994387459772748,0.0199625830651516,0.0194903588759521,5.359778540266388,2.0672942183026555,2,6.103881037534918
616,0.02,0.29964,7.64,14.982,0.0123814211061218,0.99,3,PARTIAL_AB,7.623507235746894,0.3005814291962876,0.0200610520042016,0.0190975904366481,5.188754886909616,2.2696753714539093,2,8.726449682471573
617,0.02,0.29964,7.56,14.982,0.0076410901628777,0.99,3,PARTIAL_AB,7.556675554752736,0.2950974107635312,0.0196950440999019,0.0191032851908756,2.8980128492733277,0.7962692535800496,2,8.858666016600337
618,0.02,0.29966,8.7,14.983,0.0052027493225688,0.99,3,PARTIAL_AB,8.686241864625382,0.2975364780037337,0.0198578294551991,0.0195166078092277,6.274059872535071,1.8773342995766225,2,10.41783864141975
619,0.02,0.29966,7.7,14.983,0.0157119383298435,0.99,3,PARTIAL_AB,7.70317993846819,0.285536341571454,0.0190569304719546,0.0170352939585915,2.754555345863852,1.866330120431504,2,6.104306972468911
620,0.02,0.2999166666666666,8.030000000000001,14.995833333333334,0.0067097453194253,0.99,3,PARTIAL_AB,8.022945539796302,0.2899057818101919,0.0193270521206794,0.0189723032022136,5.550053520082857,1.8460296032443069,2,12.826671521204764
621,0.02,0.2999166666666666,1.86,14.995833333333334,0.0540982617459873,0.9800417300937236,2,OK,1.800128146092125,0.061149602891429,0.004122445138748,9.197575813004664e-27,-0.6149851074075736,0.5167006792279764,0,9.951263412544597
622,0.02,0.2997333333333333,9.16,14.986666666666668,0.0635648658460188,0.99,3,PARTIAL_AB,9.190468386018996,0.1499108998000527,0.0100051768498366,0.0069238489402871,1.2320370282478554,0.8503587684576458,2,13.109069270738894
623,0.02,0.2997333333333333,8.989999999999998,14.986666666666668,0.0049210582762148,0.99,3,PARTIAL_AB,9.000958547729303,0.3009960502515547,0.0200664033501036,0.0197023266550529,4.630970505319237,1.5598545559880506,2,6.206249435110152
624,0.02,0.2997666666666666,8.3,14.988333333333332,0.0090084370231693,0.99,3,PARTIAL_AB,8.306752411351432,0.3087209914949766,0.0205813994329984,0.0198233546975044,3.4963561978512714,0.9993395142618126,2,6.498308691729794
625,0.02,0.2998766666666666,9.53,14.993833333333331,0.0177605248123679,0.99,3,PARTIAL_AB,9.526282917175104,0.3063106276419626,0.0204207085094641,0.0185983689597185,3.4477645151071004,1.9409580983033767,2,5.436209813123803
626,0.02,0.0959433333333333,8.35,4.797166666666668,0.0076410901628777,0.99,3,PARTIAL_AB,8.353768957078756,0.0842779376154945,0.0175579036698947,0.0169173057580372,3.5482208545409906,1.1606741523528452,2,14.095264845487684
627,0.02,0.2997666666666666,9.74,14.988333333333332,0.0070705417755502,0.99,3,PARTIAL_AB,9.731426999221116,0.2976294992912593,0.0198419666194172,0.0194358725117368,5.168031995342981,1.413938217600461,2,10.39118096327134
628,0.02,0.29963,8.89,14.9815,0.067103712843664,0.99,3,PARTIAL_AB,8.947099318054192,0.2965079580962223,0.0197891851899592,0.0151766344102302,2.6066657996384417,1.48196645880499,2,8.465474332652098
629,0.02,0.29963,9.18,14.9815,0.0588593983955358,0.99,3,PARTIAL_AB,9.235870101371171,0.3289866395477649,0.0219812899475121,0.015755553859379,2.6308514792361484,1.3065808992255676,2,5.178389245795436
630,0.02,0.1127166666666666,7.34,5.635833333333333,0.0181681790228465,0.99,3,PARTIAL_AB,7.318550052976095,0.1143628934920022,0.02024122008708,0.0184283762445356,3.1631224783726744,1.5006785496609154,2,10.537314624958368
631,0.02,0.2997333333333333,9.66,14.986666666666668,0.0714901889002196,0.99,3,PARTIAL_AB,9.926194652138436,0.1704803203350697,0.0113906672829668,0.0066616930471568,0.9592125767910576,0.6622134109086524,2,8.295066080824187
632,0.02,0.2999166666666666,8.370000000000001,14.995833333333334,0.0346320674446559,0.99,3,PARTIAL_AB,8.372916102978383,0.2833792109780687,0.0188919473985379,0.0157854269691223,2.7494291981854326,1.7643951380504372,2,7.016329010855112
633,0.02,0.29964,8.68,14.982,0.0107542177216596,0.99,3,PARTIAL_AB,8.663185694629005,0.3072540380618657,0.0205063874123603,0.019886507797399,5.553736355413567,1.7306101051275573,2,10.867013614134466
634,0.02,0.29965,8.4,14.9825,0.0796194809388157,0.99,3,PARTIAL_AB,8.343536332072166,0.2884079930328035,0.0192700218062006,0.0160304107781739,2.4080926665925366,1.692685872624479,2,17.27304447420641
635,0.02,0.29981,8.0,14.9905,0.0492573405976269,0.99,3,PARTIAL_AB,7.95066322681207,0.2745937037520738,0.0183062469168049,0.0156414033074601,3.341336060584964,1.4577328741816111,2,11.346628213227588
636,0.02,0.29966,2.2,14.983,0.0092292352466491,0.99,3,PARTIAL_B,2.223557628483219,0.346022198194089,0.0230938063310849,0.0189325923140954,1.5181654957107953,2.5191085138837046,1,4.867699488336135
637,0.02,0.1671866666666666,9.45,8.359333333333334,0.0640762080550884,0.99,3,PARTIAL_B,9.396855191097131,0.1319146200376447,0.0157666876539017,0.0089870766805474,-4.725995230789781,5.631427723144467,1,7.332129782469278
638,0.02,0.2999166666666666,8.75,14.995833333333334,0.0551543475118438,0.99,3,PARTIAL_AB,8.673087355354303,0.2561908262208432,0.0170793884147228,0.0126892901185109,3.263806666485312,1.7042289346755226,2,8.268222206494029
639,0.02,0.29964,9.47,14.982,0.0073878018637129,0.989009584211673,3,PARTIAL_AB,9.471194933345672,0.300071941040937,0.020027048345335,0.0196236292203145,6.330264661897433,2.1121719227715854,2,10.950128277100228
640,0.02,0.29979,8.77,14.9895,0.0071447978287122,0.99,3,PARTIAL_AB,8.771926449921017,0.2988527696737258,0.0199235179782483,0.0195670948529394,6.112543113726213,1.9141397809856944,2,10.130030208804778
641,0.02,0.2997666666666666,8.3,14.988333333333332,0.0370968259645524,0.99,3,PARTIAL_AB,8.285031332558352,0.227451657955577,0.015197215453602,0.0123084795746779,3.5548382206522,1.745755835136629,2,9.210833232077638
642,0.02,0.29966,1.42,14.983,0.0068188226399794,0.9569652078492846,3,PARTIAL_AB,1.4210412266972368,0.2948795679229449,0.0196805050894067,0.0176489351239012,3.9169119364841007,1.9318420039127389,2,32.440482769148765
643,0.02,0.29961,1.3200000000000005,14.9805,0.0370968259645524,0.9348210111924902,3,PARTIAL_AB,1.3665310260695644,0.2870390920122646,0.0194602774245603,0.0056600449382993,0.2117465907286914,0.1192588462888683,2,33.23374708222625
644,0.02,0.0868999999999999,7.960000000000001,4.345,0.0098561127746119,0.99,3,PARTIAL_B,7.949008379550312,0.0760845016291862,0.0174906900296979,0.0154970907196798,-0.2721024112694444,3.389507199152345,1,5.428842744408748
645,0.02,0.29965,8.13,14.9825,0.0500810286636323,0.99,3,PARTIAL_AB,8.100391385356108,0.2867476817214435,0.0191377763106636,0.016052181042601,2.612040163628145,1.07357138783982,2,11.356296788460904
646,0.02,0.29966,9.37,14.983,0.0072122171740797,0.99,3,PARTIAL_AB,9.38454081399071,0.2979385287680759,0.0198846626541541,0.0194641567378484,6.2836363948204745,2.223809890225818,2,9.823333501796665
647,0.02,0.2998733333333333,7.74,14.993666666666666,0.0090113845120234,0.99,3,PARTIAL_AB,7.730956302518965,0.2954640756065118,0.0196976050404341,0.0186330672394008,3.559737953779408,1.8354540504171224,2,4.655361264559954
648,0.02,0.0661933333333333,7.57,3.3096666666666663,0.0079108914481458,0.99,3,PARTIAL_AB,7.572823132962078,0.0652570817381798,0.019675502031612,0.0187317750650955,5.267761607077801,1.810273029528748,2,11.244640204245677
649,0.02,0.0762066666666666,8.57,3.810333333333333,0.0352460193382831,0.99,3,PARTIAL_B,8.568810202140556,0.0742891056453178,0.019464394492223,0.0112025135126494,-0.4921730632151128,2.485194216154814,1,5.2698809429921125
650,0.02,0.04974,7.939999999999999,2.487,0.0067883730243662,0.99,3,PARTIAL_AB,7.936186745169619,0.0573294577748237,0.0229317831099295,0.0219535896592025,5.548767778505892,1.950907593760359,2,11.356482361387402
651,0.02,0.29966,7.909999999999999,14.983,0.0107648928553362,0.99,3,PARTIAL_AB,7.917120229505915,0.2976309955511528,0.0198641376341147,0.0183788168155435,3.60218944195423,2.0228380747838783,2,4.214804550103794
652,0.02,0.29963,9.87,14.9815,0.0068253557092222,0.99,3,PARTIAL_AB,9.875119327301208,0.297967656603854,0.0198866066698901,0.0196534946303842,5.841530102540034,1.8585835415528085,2,14.782394334371975
653,0.02,0.29966,6.65,14.983,0.0143988344752172,0.99,3,PARTIAL_AB,6.682372396315724,0.3158312581291416,0.0210788381398759,0.0198599263307367,4.713063651001193,1.6955536054917988,2,9.765575318145531
654,0.02,0.29966,9.760000000000002,14.983,0.0229652982062115,0.99,3,PARTIAL_AB,9.724347687268622,0.3061619031467635,0.0204334974291499,0.0191032953654143,4.959893362752066,2.3464856625057853,2,8.20430871096194
655,0.02,0.29992,7.85,14.996,0.0077417678383438,0.99,3,PARTIAL_B,7.836446458026893,0.3023719348366206,0.020158128989108,0.0194494545309844,1.8335924332434683,2.605063547398195,1,6.778850561116023
656,0.02,0.29963,9.14,14.9815,0.0072736012082862,0.99,3,PARTIAL_AB,9.114898370693652,0.2938183591842552,0.0196096791446666,0.0189883338439332,5.229075577618107,2.222467797589707,2,7.264082018600368
657,0.02,0.29961,8.85,14.9805,0.0133340253825475,0.9892859083564248,3,PARTIAL_AB,8.869892332919443,0.2577333836294,0.0172013381732636,0.0161892546563454,4.112353750912516,1.898127065540375,2,8.200364883855473
658,0.02,0.2116666666666666,8.64,10.583333333333334,0.0061259918810411,0.99,3,PARTIAL_AB,8.653642260213019,0.2152228252392975,0.0203360149832407,0.0201444092447551,6.710380941160622,2.151587663518649,2,24.667677181021105
659,0.02,0.29964,7.640000000000001,14.982,0.0089085480538721,0.99,3,PARTIAL_AB,7.656789133275089,0.2871543975118872,0.0191649208573005,0.0180795697598236,2.8691832824999213,0.8971188306430987,2,5.168303535591274
660,0.02,0.29966,9.84,14.983,0.0072853191392407,0.985356852912624,3,PARTIAL_AB,9.846352780496424,0.2973175360475421,0.0198432170888237,0.0194468153729468,5.973344128850499,2.2600050030976706,2,13.8274651741315
661,0.02,0.2997366666666666,6.54,14.986833333333331,0.0071964545753673,0.99,3,PARTIAL_AB,6.541803083441735,0.296393206539015,0.019759547102601,0.0192434488768155,5.815916878779544,1.859998979132953,2,10.288459124513215
662,0.02,0.29964,5.72,14.982,0.0079568185833711,0.99,3,PARTIAL_AB,5.729729718917291,0.2987884383842689,0.0199413863215307,0.0190890236154408,4.764313640235448,2.1758569042291067,2,9.061006131701255
663,0.02,0.29992,8.13,14.996,0.0228982241971112,0.99,3,PARTIAL_AB,8.138103620035636,0.3139250974682629,0.0209283398312175,0.0197957952944566,4.61740947562452,1.604867503748202,2,11.584827603748383
664,0.02,0.2999166666666666,1.709999999999999,14.995833333333334,0.0078112872164976,0.812284300685629,3,PARTIAL_AB,1.7005301871096794,0.2878091219679115,0.0192729322746369,0.0177356141847355,3.1215265944197474,1.4407528905100273,2,81.11248637851453
665,0.02,0.2999166666666666,4.21,14.995833333333334,0.0591314589335576,0.99,3,PARTIAL_AB,4.139655817004227,0.3034041255598036,0.0202269417039869,0.0108317070392948,1.128453417245802,1.0497832352030334,2,7.290463863220764
666,0.02,0.1735466666666666,9.35,8.677333333333333,0.0060847850004021,0.99,3,PARTIAL_B,9.350386612248174,0.1685285253908924,0.0194455990835645,0.0187130034846149,-0.9261540126477068,2.194698265046513,1,5.072222251073176
667,0.02,0.29964,7.640000000000001,14.982,0.0063456840182051,0.99,3,PARTIAL_AB,7.640083482118983,0.2916051735389576,0.0194619693129448,0.018708782646134,3.203158260334328,1.4774433778584393,2,7.236376159005145
668,0.02,0.2532266666666667,8.84,12.661333333333337,0.0490434146443391,0.99,3,PARTIAL_B,8.846878852043817,0.3018299357444893,0.0239547568051182,0.0175068119583002,-2.431960103506408,5.276367504828225,1,4.844291605562699
669,0.02,0.0752333333333333,6.86,3.7616666666666654,0.0101773974249077,0.99,3,PARTIAL_AB,6.878587518419389,0.0739607033326691,0.0196355849555758,0.0182635833054172,4.168719157080015,1.7143653681948383,2,11.67636897400016
670,0.02,0.29963,8.01,14.9815,0.0076850766219058,0.99,3,PARTIAL_AB,8.01590823802793,0.308938942850023,0.0206188393448291,0.0199284638002955,4.751112515455477,2.0256247204098767,2,6.285338216209465
671,0.02,0.1487233333333333,9.89,7.436166666666667,0.0075417176768803,0.99,3,PARTIAL_AB,9.862441982940442,0.1466393920296925,0.0197272724703622,0.0192442090293119,5.748283843717763,1.9190618966998525,2,10.779622800514865
672,0.02,0.2997366666666666,8.700000000000001,14.986833333333331,0.0079519615296905,0.99,3,PARTIAL_AB,8.696770351922636,0.2843708195616256,0.0189580546374417,0.018622970640471,5.5377834890062925,1.7557063337350134,2,14.79509122598404
673,0.02,0.2998733333333333,8.84,14.993666666666666,0.0095303588858012,0.99,3,PARTIAL_AB,8.829321945436135,0.2919557999269009,0.0194637199951267,0.018738674756128,4.13922650632221,1.6866915354413057,2,9.914186752172816
674,0.02,0.2997666666666666,9.84,14.988333333333332,0.0071418983057304,0.99,3,PARTIAL_AB,9.845759172819475,0.3013193006582007,0.0200879533772133,0.0192653099262447,3.67363137238318,1.3625896818647736,2,4.2808518665658175
675,0.02,0.29963,8.78,14.9815,0.0081062439938643,0.99,3,PARTIAL_AB,8.761741282553203,0.2989735517934354,0.0199537409428321,0.0194208877616948,6.116172324822626,1.9830520959356184,2,9.82768053289722
676,0.02,0.29961,7.76,14.9805,0.0139309309685302,0.99,3,PARTIAL_AB,7.755749303891806,0.2921982186495916,0.0195015496317858,0.0184930196663103,5.137955486829101,1.843782138879744,2,7.56507223957832
677,0.02,0.29966,7.919999999999999,14.983,0.0058790311848405,0.99,3,PARTIAL_B,7.924244291504108,0.3009966086038809,0.0200887614196138,0.0194863558236129,0.8651011710085459,1.5082196036875386,1,6.293835077953396
678,0.02,0.29964,7.620000000000001,14.982,0.0364925467280402,0.99,3,PARTIAL_AB,7.570787361396789,0.365102619866024,0.0243672493792674,0.0212302470013988,4.282692603291136,1.8674840112763795,2,8.767896712558644
679,0.02,0.29982,1.879999999999999,14.990999999999998,0.0114935702703934,0.9018153830696743,3,PARTIAL_AB,1.8847170804520497,0.2439671683500706,0.0162644778900047,0.0142073431570218,2.317885877660788,1.235726048235986,2,51.94710676925634
680,0.02,0.29981,8.74,14.9905,0.0075268713202257,0.99,3,PARTIAL_AB,8.738834351601716,0.303356679168057,0.0202237786112038,0.0197702523076185,2.9148166273047065,0.8508042634671646,2,12.10813090258953
681,0.02,0.29966,7.41,14.983,0.0075935502049109,0.99,3,PARTIAL_AB,7.419593200098468,0.3107636439706485,0.0207406213995983,0.0202837787969142,6.126164083701225,2.201835847444296,2,14.670548261255073
682,0.02,0.29992,7.880000000000001,14.996,0.0061258693336304,0.99,3,PARTIAL_AB,7.885023833291711,0.299988682213243,0.0199992454808828,0.0197254722132985,6.43517116228008,2.141877473569692,2,15.561740392520775
683,0.02,0.29961,8.52,14.9805,0.0115397296510447,0.99,3,PARTIAL_AB,8.509926655716482,0.3037844813253254,0.0202748263398437,0.0196000744339496,1.8960155039821072,1.3080874528632755,2,10.417428386713365
684,0.02,0.07391,8.42,3.695500000000001,0.0155132126775222,0.99,3,PARTIAL_B,8.373902996637959,0.0868510877832472,0.0234732669684451,0.0204683329691978,0.4205352055578981,2.332283519536932,1,5.6382263027922015
685,0.02,0.29963,6.04,14.9815,0.0246167453650052,0.99,3,PARTIAL_AB,6.028509210921379,0.3320979414075133,0.0221644899715804,0.0202354627460832,3.8538724499729327,1.8811012592225824,2,11.896127749050915
686,0.02,0.29979,8.639999999999999,14.9895,0.0136180709545434,0.99,3,PARTIAL_AB,8.62013179482792,0.2985040434309973,0.0199002695620664,0.0194359018433579,5.877652836616237,2.169618696069656,2,16.337367718030194
687,0.02,0.29966,3.3,14.983,0.0250288821648113,0.987269133919724,3,PARTIAL_B,3.360779177943636,0.275605678857591,0.0183941498681373,0.0119190089229762,1.4922948575937631,1.6453733769364105,1,6.996973230776512
688,0.02,0.2997666666666666,5.96,14.988333333333332,0.0127681881224264,0.99,3,PARTIAL_AB,5.952341249088076,0.2998668192145583,0.0199911212809705,0.0189943900008892,4.75966664537818,1.901625599629018,2,11.903811332071466
689,0.02,0.2997333333333333,9.16,14.986666666666668,0.0467846936638572,0.99,3,PARTIAL_AB,9.125900848450344,0.2999442124606872,0.0199962808307124,0.0145714114517903,2.206282680566619,1.5541762274992297,2,5.203750565273738
690,0.02,0.29981,8.97,14.9905,0.0075082385682218,0.99,3,PARTIAL_AB,8.9529380183386,0.3132113673146541,0.0208807578209769,0.0204941558731383,6.031828547392452,1.724875335032884,2,9.85807904971463
691,0.02,0.29961,8.149999999999999,14.9805,0.0236651661368415,0.99,3,PARTIAL_AB,8.219629454460025,0.2525056267216533,0.0168524333740814,0.0134808484909706,2.7218681926789703,1.9836686989043888,2,4.649364179297078
696,0.02,0.29966,6.73,14.983,0.0095068561154098,0.99,3,PARTIAL_AB,6.714895550600232,0.3255653158986065,0.0217284971678714,0.0210502341173161,5.758641881365511,1.955894372161076,2,11.4274518006923
697,0.02,0.08292,8.25,4.146,0.0482507181643156,0.99,3,PARTIAL_AB,8.24573463598492,0.0738960147628106,0.0178062686175447,0.0135048034720141,2.154343507353518,1.3928697961813248,2,13.491224418039137
698,0.02,0.29992,7.7,14.996,0.0063174643325264,0.99,3,PARTIAL_AB,7.7056352443119955,0.3019913243689696,0.0201327549579313,0.0195448393478691,2.9290995496101706,1.975695892607665,2,7.824275795388685
699,0.02,0.2997666666666666,6.1,14.988333333333332,0.0109682188956815,0.99,3,PARTIAL_B,6.06255723739045,0.3041129824240588,0.0202741988282705,0.0184796855877434,0.6365684637156857,2.87116137678504,1,4.672103882051189
692,0.02,0.2997666666666666,9.42,14.988333333333332,0.0075343977946729,0.99,3,PARTIAL_AB,9.414793018582586,0.3095878531523426,0.0206391902101561,0.0203561801334161,4.416011014965726,0.8628557649728297,2,14.806651752018322
693,0.02,0.29965,8.489999999999998,14.9825,0.0103111455636756,0.99,3,PARTIAL_B,8.50401756150419,0.301018830613967,0.0200902445348587,0.0192843486961545,0.9606560685405994,3.3147433038779743,1,8.196405794494382
694,0.02,0.29963,8.08,14.9815,0.0069029708612603,0.99,3,PARTIAL_AB,8.076710609864147,0.3058308852941935,0.0204114050251964,0.0199717107369967,3.330933747494599,0.9810881609162444,2,9.235005511207351
695,0.02,0.0662,8.2,3.3100000000000005,0.0183657169361405,0.99,3,PARTIAL_AB,8.166680994779021,0.0588827936825068,0.0177536061354292,0.0141687139088434,1.9609633626969607,1.7342582434934553,2,6.564837197407104
700,0.02,0.29966,7.41,14.983,0.011657842405502,0.99,3,PARTIAL_AB,7.391575772348776,0.2891148674717115,0.0192957642361542,0.0183856683691719,3.842778844556116,1.4437681087634084,2,8.950787433327998
701,0.02,0.29961,8.440000000000001,14.9805,0.0070494573151269,0.99,3,PARTIAL_AB,8.438533265008628,0.2931985884877111,0.0195683151382232,0.0190749863606944,6.055647248325312,2.0753528327489903,2,9.141725990268831
702,0.02,0.0799366666666666,7.81,3.9968333333333335,0.0236651661368415,0.99,3,PARTIAL_AB,7.78141729923849,0.0865785787842425,0.0216446446960606,0.0154455481600162,2.457298913063486,1.805953966031396,2,4.599779644644272
703,0.02,0.0832499999999999,8.36,4.1625,0.0063806646049737,0.99,3,PARTIAL_AB,8.36049550876939,0.076383648775447,0.0183320757061072,0.0175239544969742,5.022762407899366,1.8316017880760245,2,10.12401885661258
704,0.02,0.1487233333333333,10.07,7.436166666666667,0.0054029277252934,0.99,3,PARTIAL_AB,10.058750941706554,0.1495067293374821,0.0200680173607358,0.0195357589122993,5.36870262939505,1.598686918710094,2,8.535416992624187
705,0.02,0.1441733333333333,8.23,7.208666666666667,0.0066763204655322,0.99,3,PARTIAL_AB,8.224033753665518,0.1554821393037143,0.0215448691875816,0.0208994369461922,6.05423513396292,2.088618021140648,2,10.014325952387807
706,0.02,0.2999166666666666,8.77,14.995833333333334,0.007231277602461,0.99,3,PARTIAL_AB,8.7545200380485,0.2875015323725229,0.0191667688248348,0.0186447480992386,2.9681109573474744,1.6091915915135109,2,7.255051138056112
707,0.02,0.29966,8.39,14.983,0.0592181453039543,0.99,3,PARTIAL_B,8.27701940477878,0.2416830623212494,0.0161301265175472,0.0099583673266255,-1.5422185330858138,4.020140069103549,1,5.791739421358898
712,0.02,0.29963,9.14,14.9815,0.0075268713202257,0.99,3,PARTIAL_AB,9.11719577879871,0.2947433422807348,0.0196714132779133,0.0189566144407825,5.050167138644214,1.5564384669516151,2,6.574763428199275
713,0.02,0.2998766666666666,9.48,14.993833333333331,0.0052129120078205,0.99,3,PARTIAL_AB,9.496418912182442,0.2977745166140789,0.0198516344409385,0.0196431111385481,6.866597826186239,2.080398116700116,2,13.97752125097248
714,0.02,0.1701099999999999,9.4,8.5055,0.0092986732593842,0.99,3,PARTIAL_AB,9.38258348216982,0.1707976970247328,0.020054524112493,0.0190666394046104,4.452949784338726,1.9079448605931608,2,8.070417486560423
715,0.02,0.29966,6.83,14.983,0.0075268713202257,0.99,3,PARTIAL_AB,6.821084145764186,0.3130412543618079,0.0208926309918893,0.020325848756771,5.299460451189437,2.2327655384229117,2,10.906672045969488
708,0.02,0.29992,7.56,14.996,0.0101911173442096,0.99,3,PARTIAL_AB,7.540423840533116,0.3258121896480311,0.021720812643202,0.0203512444191382,0.8245785981342177,0.5645363030379201,2,4.098397647912552
709,0.02,0.2998733333333333,7.640000000000001,14.993666666666666,0.0072507038923902,0.99,3,PARTIAL_AB,7.640609519302902,0.2897080482651535,0.0193138698843435,0.0188165873820684,6.066562008219283,1.8557395831136572,2,11.599774715710884
710,0.02,0.29992,9.25,14.996,0.0558941886344955,0.99,3,PARTIAL_B,9.149458137127231,0.3590362763393193,0.0239357517559546,0.0186178686278939,-1.8445110878202868,1.7303018407226685,1,5.156618551646047
711,0.02,0.29961,8.79,14.9805,0.0093509833727952,0.99,3,PARTIAL_AB,8.81442690460527,0.319023210411488,0.0212918716626132,0.0205879480848105,5.896457921401447,2.0952150540139214,2,7.83224974790074
716,0.02,0.2997333333333333,9.15,14.986666666666668,0.0124422302134108,0.99,3,PARTIAL_AB,9.149010779716486,0.3130404381645154,0.020869362544301,0.0202993989147424,5.611119866883851,1.8698096624409588,2,14.098027641643304
717,0.02,0.29961,7.919999999999999,14.9805,0.0078649108873666,0.99,3,PARTIAL_AB,7.921589316667459,0.2979750798885265,0.0198871021060195,0.0192440766365715,4.067171141706639,1.6803133985080785,2,7.42569403410105
718,0.02,0.29966,7.880000000000001,14.983,0.0084708892358503,0.99,3,PARTIAL_AB,7.874282998106809,0.3007631127560374,0.0200731777145297,0.0195957661465798,5.250029114948981,1.585140434555018,2,12.065017256331044
719,0.02,0.29966,7.529999999999999,14.983,0.0146720233334262,0.99,3,PARTIAL_AB,7.540473812640194,0.3077449513939079,0.0205391513722296,0.018564974955007,2.605964841772576,1.5587865028513743,2,3.8853971294206775
720,0.02,0.2999166666666666,9.420000000000002,14.995833333333334,0.0147453522006982,0.99,3,PARTIAL_AB,9.412990221602149,0.317076966050506,0.021138464403367,0.0202025866856077,4.500838158707857,1.856160437280092,2,8.164571040016616
721,0.02,0.29961,8.030000000000001,14.9805,0.0096208800831089,0.99,3,PARTIAL_AB,8.030394324531969,0.315688337688345,0.0210692995120141,0.0205326996860897,4.542528025472469,1.350813733798515,2,9.996302494900496
722,0.02,0.29965,9.079999999999998,14.9825,0.0065142764639329,0.99,3,PARTIAL_AB,9.09083993501823,0.289831284024047,0.0193435784665659,0.0189902371114104,5.74122024489539,2.2694449247136035,2,10.186652135363843
723,0.02,0.29966,9.39,14.983,0.0109936849991218,0.99,3,PARTIAL_AB,9.389420676282874,0.3058061398589839,0.0204097534944816,0.0199984035778608,5.208360122181958,1.5961892085008176,2,12.618575311828398
724,0.02,0.29981,9.61,14.9905,0.0160814248334705,0.99,3,PARTIAL_AB,9.60112458265891,0.2995954828927102,0.0199730321928473,0.0190116144855442,4.520467591284541,1.699660013007893,2,9.10034367597945
725,0.02,0.2997666666666666,8.21,14.988333333333332,0.0073312356325645,0.99,3,PARTIAL_AB,8.214078942425813,0.3074502969848782,0.0204966864656585,0.0202177099174296,6.329014326319132,1.887204717903224,2,17.492789325839748
726,0.02,0.2997866666666666,8.83,14.989333333333333,0.0066114256560483,0.99,3,PARTIAL_AB,8.818223815964604,0.3042519257195431,0.0202834617146362,0.0197658121571068,5.581718681419593,2.3256951911718446,2,7.032531084924689
727,0.02,0.29979,9.29,14.9895,0.0500810286636323,0.99,3,PARTIAL_AB,9.369079033164208,0.3176557547187976,0.0211770503145865,0.0172246280672724,2.2898231155122653,2.103974450905131,2,6.702485826947731
728,0.02,0.29992,8.33,14.996,0.0423650441827341,0.99,3,PARTIAL_AB,8.328718262467142,0.172927125891481,0.011528475059432,0.0094339505861159,1.974482185300932,1.6336035189731992,2,14.574740461542602
729,0.02,0.2998733333333333,9.01,14.993666666666666,0.0399398223065979,0.99,3,PARTIAL_AB,9.07476907831524,0.3307923208164655,0.0220528213877643,0.0200830068518551,4.055055606659022,1.6647178724045415,2,13.625452736183863
730,0.02,0.29965,3.25,14.9825,0.0063456840182051,0.99,3,PARTIAL_AB,3.234702212589167,0.2933381872605566,0.0195776320752318,0.018761985961593,5.129154413289465,2.203019683423264,2,12.398089700343942
731,0.02,0.29964,7.499999999999999,14.982,0.0259398252245211,0.99,3,PARTIAL_AB,7.517275159890832,0.3449303110568633,0.0230209328847739,0.0200582531815193,2.5722562074620567,1.9560522923831631,2,5.68245722021887
732,0.02,0.29979,1.6899999999999995,14.9895,0.0058933314809984,0.99,3,PARTIAL_AB,1.6895967023646428,0.3230149283440024,0.0215343285562668,0.0201250370066223,4.002476295485433,1.6876364381294786,2,13.42618798322874
733,0.02,0.2999166666666666,8.35,14.995833333333334,0.0050996591778433,0.99,3,PARTIAL_AB,8.36125882163017,0.2953622069244139,0.0196908137949609,0.019305999362274,6.303496836574046,1.9591681908792464,2,6.981123116407094
734,0.02,0.29992,7.750000000000001,14.996,0.0061668929935243,0.99,3,PARTIAL_AB,7.741198714318456,0.2951529839237469,0.0196768655949164,0.0193533901111901,6.2550551439330055,2.1463782778752307,2,12.598898350059084
735,0.02,0.29992,7.799999999999999,14.996,0.0077862955383347,0.99,3,PARTIAL_AB,7.816934614133518,0.3172791173047667,0.0211519411536511,0.0205377526440098,4.663642337087518,1.3126368187428854,2,10.295342346256236
736,0.02,0.29995,1.54,14.9975,0.0619125622181734,0.9491615332823864,2,OK,1.6263444767474162,0.4036210938967833,0.0269980664813901,0.0014941404053474,-0.5849431718993949,0.5897191744653413,0,22.666293763618867
737,0.02,0.29963,9.52,14.9815,0.0447975475149198,0.99,3,PARTIAL_B,9.517503647853305,0.3538324085168579,0.0236150661968981,0.0198053883575544,-0.7012538009971369,3.476302417504616,1,6.307230259229192
738,0.02,0.1185933333333333,9.08,5.929666666666667,0.0066470628995185,0.99,3,PARTIAL_AB,9.0897505069145,0.1127446391365234,0.0190019054724477,0.0177256937219407,3.7545670250732894,2.427933957886765,2,5.09677784756042
739,0.02,0.1116766666666666,8.08,5.583833333333333,0.0065311842802662,0.99,3,PARTIAL_B,8.089211352015052,0.1172171451312978,0.0209316330591603,0.019734071852821,2.1348202850802336,2.8619682865408373,1,5.132686792025562
744,0.02,0.29979,9.3,14.9895,0.0374651192321193,0.99,3,PARTIAL_B,9.356196435285648,0.2541098192943385,0.0169406546196225,0.013375379652898,-0.1492770633390009,3.016846506940597,1,5.332790797596547
745,0.02,0.29966,8.6,14.983,0.0081065218182442,0.99,3,PARTIAL_AB,8.586892157645144,0.2820487299867373,0.0188241644040091,0.018237951310894,5.328549604038448,2.007995110708832,2,9.624407708552924
746,0.02,0.04974,7.939999999999999,2.487,0.0280098542409192,0.99,3,PARTIAL_B,7.955627827640772,0.0206405124851438,0.0082562049940575,0.0052621088492177,0.1702909240265515,0.9069203042244952,1,15.281429136586322
747,0.02,0.2998766666666666,3.3599999999999994,14.993833333333331,0.0077898741288091,0.99,3,PARTIAL_AB,3.337506408890018,0.2681251268292218,0.0178750084552814,0.0168461684675453,2.421144540758193,1.193047195879971,2,10.379667979680734
740,0.02,0.29965,8.709999999999999,14.9825,0.0869631169228553,0.99,3,PARTIAL_AB,8.733351033290209,0.3165354392973349,0.0211258357706786,0.0163926223269679,1.945923675747096,1.388659193145345,2,12.54906654468817
741,0.02,0.29966,9.09,14.983,0.0121971133857184,0.99,3,PARTIAL_AB,9.084031441574467,0.2811946102336041,0.0187671597486276,0.0181151184618957,4.884557375691232,1.8499943416880675,2,9.627156929067706
742,0.02,0.29966,1.37,14.983,0.0070980629959525,0.8340273986931155,3,PARTIAL_AB,1.3817636757615093,0.2832830510759948,0.0189910425302342,0.0170343606039222,2.866310021861898,1.2234492870233058,2,80.3461659557286
743,0.02,0.29965,4.300000000000001,14.9825,0.0068560979969377,0.99,3,PARTIAL_AB,4.276081417055008,0.3086537382902286,0.020599804557746,0.0197740576290501,2.2539499310847977,0.6024915177228711,2,9.292221104687084
748,0.02,0.29966,8.56,14.983,0.0063852661965891,0.99,3,PARTIAL_AB,8.560310739922407,0.3009041867163928,0.020082593106767,0.0194652653550132,4.187965601116414,1.2297303720169015,2,6.5507209596771245
749,0.02,0.29965,8.09,14.9825,0.0064831095426932,0.99,3,PARTIAL_AB,8.080800843187035,0.2985968087048316,0.0199285967989876,0.0195294435250095,5.610205146887374,1.7720798844399293,2,9.05788314881042
750,0.02,0.29964,7.819999999999998,14.982,0.0313429794795634,0.99,3,PARTIAL_AB,7.776815328394791,0.3061420265776774,0.020432170850568,0.0179448595376961,3.820633233358495,1.621306379631959,2,9.232364566437935
751,0.02,0.0772633333333333,8.16,3.8631666666666655,0.0103490444292297,0.99,3,PARTIAL_B,8.15653820868944,0.0784718364376249,0.0202944404580064,0.0175933484802496,0.8290703979746699,1.8535148380533464,1,3.549717633773722
752,0.02,0.29992,9.0,14.996,0.0081683785048849,0.99,3,PARTIAL_AB,8.98014109955758,0.3036023391868586,0.0202401559457905,0.0192844614525794,5.121038307428838,2.0140626486282214,2,4.561913934690735
753,0.02,0.29981,8.18,14.9905,0.0171713303541034,0.99,3,PARTIAL_AB,8.193128795585219,0.3289786219194628,0.0219319081279641,0.021213937097357,3.312679944848393,2.139111589444847,2,17.366194699432175
754,0.02,0.29961,7.92,14.9805,0.0095771522051894,0.99,3,PARTIAL_AB,7.930427262461744,0.3102532118282634,0.02070655473826,0.0195523374859632,5.1415999303847615,2.045768478343689,2,4.953807878796487
755,0.02,0.15388,8.52,7.694000000000001,0.0079848380412385,0.99,3,PARTIAL_AB,8.512816704815277,0.1614256055369587,0.0209643643554491,0.020280443000689,5.660392143265055,1.9563719503802817,2,9.435928240879084
760,0.02,0.29961,8.25,14.9805,0.0104665446242461,0.99,3,PARTIAL_AB,8.225541336371256,0.3182964858561548,0.0212433694675965,0.0208392019834529,6.177505270362453,2.086785230456646,2,17.408534699746117
761,0.02,0.29981,7.99,14.9905,0.0297312690308043,0.99,3,PARTIAL_AB,7.9750818940484,0.2592346353657359,0.0172823090243823,0.0157301821142193,4.227147525899942,1.909568196987132,2,10.875990974866369
762,0.02,0.1127166666666666,7.34,5.635833333333333,0.0085070919788321,0.99,3,PARTIAL_AB,7.324645508384232,0.1208746659176162,0.021393746180109,0.0203501436390231,5.359459920438016,1.966290387189071,2,10.169314510406537
763,0.02,0.29992,7.880000000000001,14.996,0.0077321266752874,0.99,3,PARTIAL_B,7.8944349401215295,0.3032337231540988,0.0202155815436065,0.0195985968334939,0.5543342871243094,2.15344854003745,1,9.585029672429254
756,0.02,0.29966,8.66,14.983,0.0060386525305557,0.99,3,PARTIAL_AB,8.65207052041751,0.3096930360515752,0.0206691681458225,0.0203789224793808,6.479907854750607,1.8419596997639,2,13.065419952051665
757,0.02,0.29961,7.92,14.9805,0.0275844947598348,0.99,3,PARTIAL_AB,7.857474987027437,0.3024262790979422,0.0201841788052019,0.01861625198056,4.624389332613004,2.109762226048973,2,11.469713107597576
758,0.02,0.29964,7.56,14.982,0.0131608738963124,0.99,3,PARTIAL_B,7.549505068930578,0.2960415149856485,0.019758054392813,0.0183226766707035,-3.4212524195880425,3.914360811216828,1,7.98655849878285
759,0.02,0.29966,7.210000000000001,14.983,0.0212829513493153,0.99,3,PARTIAL_AB,7.245290362096396,0.3415810323472726,0.0227973992667812,0.0207265089217299,2.899865973866445,1.7643198681732708,2,6.384757630902136
764,0.02,0.29961,6.130000000000001,14.9805,0.0065311842802662,0.99,3,PARTIAL_AB,6.14234838134206,0.313169791320803,0.0209012096543361,0.0201475809561502,4.581980144354651,1.3009942063731628,2,8.486701321378566
765,0.02,0.2997366666666666,4.449999999999999,14.986833333333331,0.0232099646886873,0.99,3,PARTIAL_AB,4.457216636105161,0.1136661409272951,0.0075777427284863,0.0059060708268197,1.9668900235549145,0.9534232565734138,2,15.817408132416404
766,0.02,0.1398266666666666,9.04,6.991333333333333,0.006523904779621,0.99,3,PARTIAL_AB,9.03683226674265,0.1359144792282249,0.0194163541754607,0.0186727370184638,5.539255830768502,2.243795903962205,2,8.18499210545779
767,0.02,0.29964,7.48,14.982,0.044618692725047,0.99,3,PARTIAL_B,7.537546349188346,0.267136066535323,0.0178288809700994,0.0136045706556078,0.3639512516070137,2.972345923602719,1,6.233195830844561
768,0.02,0.2999166666666666,9.66,14.995833333333334,0.0146472057508479,0.99,3,PARTIAL_AB,9.637023034132923,0.2822144324943882,0.0188142954996258,0.0181431397065561,4.851903076887254,1.9285106624836696,2,9.678694019007294
769,0.02,0.0578633333333333,7.96,2.893166666666666,0.0087693430949126,0.99,3,PARTIAL_AB,7.959593275943419,0.0681983977124682,0.0235166888663683,0.0228502651212422,5.314670937696675,1.8385378159837051,2,25.34709971680762
770,0.02,0.0892833333333333,8.71,4.464166666666667,0.0139348642735556,0.99,3,PARTIAL_AB,8.715562514114458,0.0863098112841328,0.0193230920785371,0.0153591957741736,2.3286041947778005,1.5856023972462143,2,3.115575153791092
771,0.02,0.09329,7.49,4.6645,0.0062970672672793,0.99,3,PARTIAL_AB,7.483193580049442,0.0830956592324033,0.0178062126926578,0.0171540713731395,4.875977021829372,1.4384709759160332,2,10.923966184533944
772,0.02,0.29966,9.760000000000002,14.983,0.0064765390455008,0.99,3,PARTIAL_AB,9.757224685055844,0.2962109786419271,0.0197693645367248,0.0194437956718242,6.586440523858656,2.116708369292064,2,11.171375205920665
773,0.02,0.29961,8.27,14.9805,0.0078965490557633,0.99,3,PARTIAL_AB,8.286944878112987,0.2914815910035945,0.0194537213128094,0.0189457323420954,5.757658912316698,1.993229045921373,2,11.449427674171444
774,0.02,0.29979,8.840000000000002,14.9895,0.0095596560925851,0.99,3,PARTIAL_AB,8.835242431533848,0.2861718350339845,0.0190781223355989,0.0178308518494247,3.58719621143856,1.4809671341142896,2,5.040599965555084
775,0.02,0.2997366666666666,2.27,14.986833333333331,0.0121649733736332,0.99,3,PARTIAL_B,2.2795432125003074,0.379000529469788,0.0252667019646525,0.0216678958195555,1.6803030450257763,2.0515543855363783,1,7.293494024835409
776,0.02,0.29981,9.02,14.9905,0.0317973752814036,0.99,3,PARTIAL_AB,9.027369930431162,0.2876677664563924,0.0191778510970928,0.017955510639491,3.457582699396092,1.7308569368988511,2,17.251015277618777
777,0.02,0.29961,8.469999999999999,14.9805,0.0175179195544953,0.99,3,PARTIAL_B,8.46954887688078,0.298005661934191,0.0198891431769204,0.017759369933051,-1.1469964247891458,4.509305827199562,1,4.527999909337113
778,0.02,0.29965,5.68,14.9825,0.0351037107131578,0.99,3,PARTIAL_AB,5.659879595247977,0.269245583978166,0.0179696719006562,0.0152630527099582,2.7357059510082955,1.6580823007039711,2,11.805136444581152
779,0.02,0.29965,9.31,14.9825,0.0095596560925851,0.9777890426694972,3,PARTIAL_AB,9.320115711109793,0.2985967578369902,0.019928593404026,0.0193174083446661,5.439592281302277,2.017044407866986,2,14.082592591348751
780,0.02,0.2998766666666666,3.37,14.993833333333331,0.0246167453650052,0.99,3,PARTIAL_A,3.321634257137725,0.1236498465297051,0.0082433231019803,0.0038025914301143,1.0261841154680194,0.6465173824342942,1,9.158628781841774
781,0.02,0.29964,5.72,14.982,0.0075195369858682,0.99,3,PARTIAL_AB,5.712540154582241,0.3110579873498499,0.0207602661190111,0.019937766117227,5.826784930705415,2.1728496175344936,2,7.882562619201149
782,0.02,0.29966,7.48,14.983,0.0138039092562495,0.99,3,PARTIAL_AB,7.462105977654949,0.3139236993326118,0.0209515260956136,0.0200636347357731,1.8364216374753224,0.9192678390090264,2,10.03874121221476
783,0.02,0.29966,7.89,14.983,0.0125383441139502,0.9842114580881646,3,PARTIAL_AB,7.880844566648845,0.3093911239558139,0.0206490182840365,0.0192380967989241,3.1316967540360605,2.0991370908618165,2,6.169000122600188
784,0.02,0.1063033333333333,8.430000000000001,5.315166666666667,0.0391606472911637,0.99,3,PARTIAL_AB,8.451495285443926,0.090766392234479,0.0171257343838639,0.0143706074662071,2.063285690341077,0.9948731715155442,2,16.395443830073628
785,0.02,0.29961,9.41,14.9805,0.0073963797157087,0.99,3,PARTIAL_AB,9.411424794716869,0.3049740557197924,0.0203542195141129,0.0198159360645763,5.823108657517253,2.0874817879179126,2,7.958217971224491
786,0.02,0.2997866666666666,8.459999999999999,14.989333333333333,0.0066089636382987,0.99,3,PARTIAL_AB,8.468803000981433,0.2920166884137358,0.0194677792275823,0.0189716753649606,5.451042648145093,1.511196243067733,2,7.181174968095961
787,0.02,0.2998733333333333,9.09,14.993666666666666,0.0259398252245211,0.99,3,PARTIAL_AB,9.05710159667568,0.2820809600407465,0.0188053973360497,0.0178263886368935,4.780140737255185,1.9356055044270295,2,17.216125720216336
788,0.02,0.2997366666666666,2.27,14.986833333333331,0.0086601565163048,0.99,3,PARTIAL_AB,2.273983021328876,0.330407523790759,0.0220271682527172,0.0211494807947815,5.225149529974,2.0087311634866856,2,24.849145521055743
789,0.02,0.0868999999999999,7.960000000000001,4.345,0.0272827975608408,0.99,3,PARTIAL_AB,7.9665598387974015,0.087122730986447,0.0200282140198728,0.0167594466215578,2.1335509148891214,1.3230445611031252,2,9.005449934674076
790,0.02,0.2999166666666666,8.719999999999999,14.995833333333334,0.016508754108318,0.99,3,PARTIAL_AB,8.726832714192444,0.2955361293878294,0.0197024086258552,0.01804036929222,4.579057261771512,1.9642138801377031,2,5.533961899326466
791,0.02,0.29966,8.350000000000001,14.983,0.0071536220871011,0.99,3,PARTIAL_AB,8.339909923346168,0.3015175684360212,0.0201235307076321,0.0197235480185837,5.798230413110251,1.856081618167961,2,11.54956684421666
792,0.02,0.29981,8.77,14.9905,0.0080093508141386,0.99,3,PARTIAL_AB,8.766317543892978,0.3015123574088629,0.0201008238272575,0.0197538455765759,6.001583729256923,2.126462123366495,2,14.78853045947536
793,0.02,0.29961,8.4,14.9805,0.0143988344752172,0.99,3,PARTIAL_B,8.386006406606421,0.2962345903092812,0.0197709403988396,0.0186506962585031,0.3732009912604532,3.369431797437401,1,8.008366900697778
794,0.02,0.29992,7.61,14.996,0.0064981353559128,0.99,3,PARTIAL_AB,7.596257743243795,0.3054661634129187,0.0203644108941945,0.0199586124535364,6.199692341283114,2.144811703501518,2,13.317664392516996
795,0.02,0.29963,9.33,14.9815,0.0065699590957022,0.99,3,PARTIAL_AB,9.333868106614483,0.305801553334479,0.0204094473860608,0.0201667368917343,4.713611068980958,1.0719994968327164,2,14.184177276640224
796,0.02,0.29965,9.31,14.9825,0.0521205723215551,0.9777890426694972,3,PARTIAL_AB,9.360652391286516,0.2560023777704446,0.0170858094173822,0.0140259223274128,2.7260487708111776,1.2861564860890933,2,13.498775971200054
797,0.02,0.29961,8.58,14.9805,0.0066090772280421,0.99,3,PARTIAL_AB,8.571149940331436,0.3072811718161323,0.0205081983414548,0.020134661632664,6.392606990108519,2.023615824718411,2,11.617356941985596
798,0.02,0.29963,9.58,14.9815,0.0057492176507707,0.99,3,PARTIAL_AB,9.582085370559582,0.2964884962403222,0.0197878862896766,0.0192902214728587,6.033765282871232,2.3181511479578667,2,6.267908434142479
799,0.02,0.29963,8.34,14.9815,0.0126473122264676,0.99,3,PARTIAL_AB,8.336809935288102,0.3099202220716359,0.0206843307278066,0.0200383468744067,5.610437979616218,1.974776516201838,2,10.484456088360112
800,0.05,0.7496833333333334,7.729999999999998,14.993666666666666,0.0066680506573577,0.99,1,OK,7.733657343398544,0.7526171752546316,0.0501744783503087,0.0497796005565745,5.402559314187762,1.1517955197230754,3,8.939108822693653
801,0.05,0.7491500000000001,2.3600000000000003,14.983,0.0088990943446818,0.99,1,OK,2.367256735872206,0.7754369688450676,0.0517533015914394,0.0488196694148883,4.281302915771447,1.9000940943529216,3,5.766482876912167
802,0.05,0.7493416666666666,8.700000000000001,14.986833333333331,0.0224380828397002,0.99,1,OK,8.769045547579813,0.7021696969658594,0.0468113131310572,0.0450751432680939,5.719550978224789,2.188385420518113,3,7.81225390062953
803,0.05,0.7491500000000001,6.96,14.983,0.0071025823878452,0.99,1,OK,6.966158988860858,0.7394145983953369,0.049349138936285,0.048721235505328,5.275276199895546,1.367087604682191,3,8.409987932048796
804,0.05,0.749125,7.27,14.9825,0.0343018792644021,0.99,1,OK,7.282764897752146,0.7054210527922408,0.0470803817213953,0.0433786265674926,2.982236648947614,1.788186580936719,3,6.545864260540666
805,0.05,0.7494583333333334,8.57,14.989166666666668,0.01135131287342,0.99,3,PARTIAL_BC,8.573760325029877,0.760569644896803,0.0507046429931202,0.0500510758575466,1.4891609146920612,2.302930262161902,2,10.850506023130205
806,0.05,0.749025,7.880000000000001,14.9805,0.0108219265364227,0.99,1,OK,7.9044307405043135,0.7682249932664567,0.0512719684048803,0.0504384301605405,5.535921676166149,1.9542267269658016,3,10.299584621436953
807,0.05,0.7496833333333334,9.01,14.993666666666666,0.0313429794795634,0.99,1,OK,9.019313465077216,0.7160256335021963,0.0477350422334797,0.0452205229462103,4.756304828424989,2.193907459235532,3,9.007061396596319
808,0.05,0.7491500000000001,8.32,14.983,0.0109682188956815,0.99,1,OK,8.343235826673764,0.7611561808462409,0.0508001900453553,0.0497265955223537,6.511764982325888,2.143330427575397,3,6.671178727127739
809,0.05,0.7491,9.0,14.982,0.0230612896113813,0.99,1,OK,8.950828141948973,0.7689635480358913,0.051321260158124,0.0495746928291428,4.201933251825933,2.2665926497143443,3,7.860224023627468
810,0.05,0.7495250000000001,9.51,14.9905,0.0047060493292969,0.99,1,OK,9.507992678593476,0.7513403689011883,0.0500893579267458,0.0498518689342832,4.858518051544365,1.379070992166683,3,10.855320615233994
811,0.05,0.749125,9.96,14.9825,0.0068808566182294,0.9810099659183478,1,OK,9.959166558085954,0.7582906111192949,0.050608939563023,0.0503625256045013,7.689698024906289,2.1886109809562075,3,23.05346251683165
812,0.05,0.7496916666666666,8.06,14.993833333333331,0.0093853907328914,0.99,3,PARTIAL_BC,8.056581751280449,0.7401410398948068,0.0493427359929871,0.0485601998228742,2.1085761077883367,2.506811512817676,2,8.101284496003986
813,0.05,0.7491,7.649999999999999,14.982,0.0059544613616726,0.99,1,OK,7.63892457784222,0.7504765011577523,0.050087419432108,0.0498045890740205,7.430270446930669,2.166649689215629,3,15.196622749352004
814,0.05,0.7498750000000001,1.6799999999999988,14.9975,0.0069129122309564,0.9839187829683844,1,OK,1.6916099239290618,0.7385499019005751,0.049236660126705,0.0469217297122919,4.318059812945563,1.6498035149360264,3,13.89457513211236
815,0.05,0.7496833333333334,9.01,14.993666666666666,0.0345553409528381,0.99,1,OK,9.01192810876656,0.7758856411566861,0.0517257094104457,0.0502610491161576,5.711171403054488,2.073286768360259,3,13.73846749868026
816,0.05,0.7496833333333334,8.71,14.993666666666666,0.006621716092028,0.99,1,OK,8.718569564937113,0.7560343142073331,0.0504022876138222,0.0496152720756628,5.263743321961594,2.278308289613096,3,3.927539786991132
817,0.05,0.1755833333333334,8.43,3.511666666666668,0.0073312356325645,0.99,3,PARTIAL_AB,8.385369481949112,0.1751134620889925,0.0500324177397121,0.0494367291088536,2.9302041969913466,2.42770819725788,2,19.193094396609656
818,0.05,0.7495250000000001,7.489999999999999,14.9905,0.006579657783885,0.99,1,OK,7.496701057029173,0.7633453365829481,0.0508896891055298,0.0501374218511654,3.003316931497227,1.4691757821532123,3,5.7415541967315
819,0.05,0.7496833333333334,9.22,14.993666666666666,0.0066846923475767,0.99,1,OK,9.22377680767286,0.7524199481583606,0.050161329877224,0.0497718710404041,6.578423465912735,1.842409234688598,3,9.97389925124702
820,0.05,0.749025,1.71,14.9805,0.0082535329022866,0.99,1,OK,1.7051484127569605,0.7855910245783363,0.0524309916292549,0.0502871363768189,5.267818607358237,1.890985606037892,3,12.91209660931895
821,0.05,0.749125,8.66,14.9825,0.048174973568387,0.99,1,OK,8.617201696525768,0.7975193615876012,0.0532270986599066,0.050831833948119,3.5811695792827924,2.3089458189726604,3,11.67778337892898
822,0.05,0.749125,8.379999999999999,14.9825,0.00697950276547,0.99,1,OK,8.377700453872365,0.7517344556086584,0.0501713763476301,0.0493793999398947,6.808900012080969,2.374731994403087,3,6.011586253740105
823,0.05,0.749125,8.67,14.9825,0.0071025823878452,0.99,1,OK,8.657086274147286,0.7536319625637364,0.0502980175237199,0.0499217824018096,6.73697333211192,2.058896676481791,3,11.792830840206006
824,0.05,0.7491,8.76,14.982,0.0113046331859354,0.99,1,OK,8.740917801326393,0.7546809155276155,0.0503680255079609,0.0498039236850165,6.65529760177503,1.9841422931835613,3,11.193878311857109
825,0.05,0.5392416666666666,9.63,10.784833333333331,0.0061305703337821,0.98664781674131,1,OK,9.620891022355895,0.5436583282391139,0.0503387340962142,0.0499164840396143,4.09458894942581,1.2826496937264449,3,9.790240731871435
826,0.05,0.7495250000000001,8.43,14.9905,0.0101443717107035,0.99,1,OK,8.436400924750963,0.753756885318522,0.0502504590212348,0.0494155984481172,6.275372490311909,2.4552930320781443,3,9.139581404630242
827,0.05,0.749025,8.290000000000001,14.9805,0.0736014254936147,0.99,1,OK,8.401809428243677,0.7034379755516946,0.047852923506918,0.0427442970122803,4.530882400669727,2.1202008502428,3,10.270291898450324
828,0.05,0.7497916666666667,9.92,14.995833333333334,0.0518537782391348,0.99,1,OK,9.845366145143371,0.7715163114379473,0.0514344207625298,0.0482792549071708,5.114096108988376,2.1542173678472567,3,7.24124773235194
829,0.05,0.749075,7.99,14.9815,0.0164781901119523,0.99,1,OK,7.935613448065561,0.7436841219377816,0.0496340904519097,0.0483352597629071,6.157082788181654,2.223054486320501,3,7.131370189603502
830,0.05,0.3854416666666667,9.81,7.708833333333333,0.0071965067339827,0.99,3,PARTIAL_AB,9.796945178913084,0.3950324469428198,0.051192109755009,0.0503915001850949,1.62099017412361,1.5855441120518,2,6.479946505376649
831,0.05,0.7495250000000001,1.6500000000000004,14.9905,0.0102020873535754,0.99,1,OK,1.659584146582901,0.780061234016272,0.0520040822677514,0.0485579510117516,4.785643777716355,2.195629275438454,3,13.84540446009564
832,0.05,0.7495250000000001,2.1000000000000005,14.9905,0.0060892403302586,0.99,1,OK,2.099561771808724,0.7303390680712586,0.0486892712047505,0.046370811445061,2.453702376122347,0.8064809980997508,3,8.153604212583426
833,0.05,0.7497916666666667,1.7000000000000002,14.995833333333334,0.0222340064483624,0.9061231827565062,1,OK,1.7292849019796377,0.718966289101194,0.0480378366882757,0.0433805938983685,3.3238366964540447,1.5162864496552506,3,55.26145187286932
834,0.05,0.7497916666666667,8.719999999999999,14.995833333333334,0.0073768663292608,0.99,1,OK,8.715262563299861,0.7476887149007282,0.0498459143267152,0.0493568780236885,6.877824358647092,1.943855846281662,3,10.411769510420475
835,0.05,0.7491,7.21,14.982,0.0079953728379238,0.99,3,PARTIAL_BC,7.240396315833394,0.7638543350502133,0.0509802670778785,0.0502573601599332,0.9323317853898933,1.225375546770885,2,8.62538999021104
836,0.05,0.749075,8.94,14.9815,0.036397453169698,0.99,1,OK,8.973593932231006,0.7158752971824865,0.0477781065972738,0.0445186720654824,5.175270347778863,2.269985819349542,3,7.04108619996686
837,0.05,0.749025,8.23,14.9805,0.0115953396485827,0.99,1,OK,8.222414313028482,0.7497573075507897,0.0500394198587846,0.0493225586164869,6.782935387238217,2.252574770954585,3,10.300486779314577
838,0.05,0.3101750000000001,8.299999999999999,6.203500000000001,0.0896734682529767,0.99,3,PARTIAL_AB,8.20840834264272,0.2350839539493496,0.0378151132358203,0.0216415619091074,1.6382956921048646,0.8375548749215898,2,5.666767267076263
839,0.05,0.749075,9.14,14.9815,0.0089866498586111,0.99,1,OK,9.098890035443274,0.7407453256096499,0.0494379527659388,0.0486580091967778,6.957624249078075,2.2083359176406656,3,7.5580120223330844
840,0.05,0.7499833333333333,1.3999999999999997,14.999666666666666,0.036397453169698,0.7888040186718089,1,OK,1.4915343405924748,0.8014596761102883,0.0547071451269821,0.0470185454328368,1.692235653665708,0.8555259457665424,3,108.6951066522984
841,0.05,0.184775,8.42,3.695500000000001,0.0179624836543328,0.99,3,PARTIAL_AB,8.424491244014767,0.1774908413569938,0.0481875587394553,0.0455124365929689,5.342385422143676,2.118140174505996,2,8.57788298004578
842,0.05,0.7494666666666667,8.559999999999999,14.989333333333333,0.0090517918316359,0.99,3,PARTIAL_BC,8.587949240094726,0.7445554446888046,0.0496370296459203,0.0485648461610769,0.2479698071069826,4.925102682716042,2,3.143544889540905
843,0.05,0.7491500000000001,6.75,14.983,0.0069634578484164,0.99,1,OK,6.735780448813354,0.741517960772443,0.049489519072688,0.0489280980461957,7.263587512296453,2.24997673354517,3,10.631067992966669
844,0.05,0.7496833333333334,7.029999999999999,14.993666666666666,0.007047246186509,0.99,3,PARTIAL_BC,7.030972451676135,0.750773843934791,0.0500515895956527,0.0493413597854263,1.8976794731102329,2.791801601803982,2,6.759545461678006
845,0.05,0.7495250000000001,7.85,14.9905,0.0755690454981986,0.99,1,OK,8.004894001397155,0.758104158131119,0.0507659034462802,0.0451699839377668,3.907145091345016,1.916904217659968,3,10.517207127266971
846,0.05,0.7497916666666667,3.91,14.995833333333334,0.0211272326929725,0.99,3,PARTIAL_BC,3.856383105482906,0.6350913659171912,0.0423394243944794,0.0376733658147577,1.3064091483618347,1.8052042541188744,2,5.392910456976358
847,0.05,0.7497916666666667,8.81,14.995833333333334,0.0589130652150832,0.99,1,OK,8.769761106445102,0.7100932127071554,0.0473395475138103,0.0411122269941938,4.339714856417319,2.320051272870145,3,4.778635708658116
848,0.05,0.7491,7.69,14.982,0.0351037107131578,0.99,1,OK,7.683753254794577,0.7734505470242479,0.051620726164021,0.0496118146503156,3.4161691297218924,1.2378761143552846,3,12.176567836767422
849,0.05,0.7496833333333334,6.859999999999999,14.993666666666666,0.0071144237186669,0.99,1,OK,6.855543490403343,0.7540322604301156,0.0502688173620077,0.0496199828310929,6.821573674449946,1.9251629368797476,3,9.68862210452474
850,0.05,0.749075,9.38,14.9815,0.0067967725643877,0.99,1,OK,9.386119401523064,0.7477255292852091,0.0499038173049082,0.0493573980561863,6.61458557086546,2.106569438873453,3,7.89361904707898
851,0.05,0.7498,8.42,14.996,0.0093914278715315,0.99,3,PARTIAL_BC,8.431583356592382,0.7292456483595375,0.0486163765573025,0.0477133120664433,-1.741198986768221,3.7577420644307713,2,6.190379541341451
856,0.05,0.1696666666666666,8.62,3.393333333333333,0.0061305703337821,0.99,3,PARTIAL_AB,8.631052861399777,0.1690488225613035,0.0497202419297951,0.0486612032961058,5.985835398370251,2.1510520129583792,2,7.702948376366693
857,0.05,0.749025,9.47,14.9805,0.0330682862200874,0.99,3,PARTIAL_BC,9.518116686646987,0.7432541415901109,0.0496053932095735,0.0471692762784148,1.4579166729140058,2.5744973757477925,2,5.927926823957849
858,0.05,0.7493416666666666,6.17,14.986833333333331,0.0053196828448149,0.99,3,PARTIAL_BC,6.164323413300805,0.7376364608067596,0.0491757640537839,0.0481732818672881,-2.9869933211175224,7.307887521918956,2,4.244577335193668
859,0.05,0.1688416666666666,7.859999999999999,3.376833333333333,0.0090239135978173,0.99,3,PARTIAL_AB,7.857348532762041,0.1795310132470036,0.0530633536690651,0.0518919827909287,4.236620022930039,1.179661409301876,2,11.23183607271984
852,0.05,0.7496833333333334,8.760000000000002,14.993666666666666,0.0063280322385692,0.99,1,OK,8.747716822667789,0.7587521809663529,0.0505834787310901,0.0501430185373133,5.5368773318475935,2.324159941201119,3,8.964914944971873
853,0.05,0.7491500000000001,8.16,14.983,0.0825116085656947,0.99,1,OK,8.194374622993955,0.7374584731474422,0.0493283259630396,0.0420361146750319,3.5328428625457216,2.1226223984931214,3,6.888336781087034
854,0.05,0.6758916666666667,9.71,13.517833333333332,0.0256613095472802,0.99,1,OK,9.73829918454676,0.6633813804478995,0.0490183286045246,0.0467004722069291,2.15115368881085,1.475239576110643,3,6.234199080088334
855,0.05,0.7491500000000001,8.39,14.983,0.0071497250459484,0.99,3,PARTIAL_BC,8.378830621702766,0.7532933428092226,0.0502754177625732,0.0493653109532935,-1.6927439870774468,4.8576387479211,2,3.003464736292613
860,0.05,0.749075,7.829999999999999,14.9815,0.0066470628995185,0.99,1,OK,7.829181026130034,0.7421199824287877,0.0495296984935787,0.0487814808845814,4.797873136026475,2.313220370543442,3,4.916214053530592
861,0.05,0.749075,8.3,14.9815,0.0077322237652929,0.99,1,OK,8.30812801650364,0.7530761749298839,0.0502609237995473,0.0499227846003655,6.343545251343393,1.7276565295739794,3,15.36784138739798
862,0.05,0.749025,8.099999999999998,14.9805,0.0070074527966255,0.99,1,OK,8.11071670644516,0.7552304836807106,0.0504047041388683,0.0498028315753619,6.68701156680698,1.9897191531032892,3,7.802030007780156
863,0.05,0.7496916666666666,9.44,14.993833333333331,0.035648346643436,0.99,1,OK,9.492741418479907,0.7647908131685432,0.0509860542112362,0.0486445704954682,3.360027115213203,1.2063605097439878,3,8.959704362421155
864,0.05,0.7496916666666666,8.290000000000001,14.993833333333331,0.0060760416842279,0.99,1,OK,8.297302298012283,0.7560100255134905,0.050400668367566,0.0498449624859424,2.660967198725741,0.5376638220676367,3,5.651467950697044
865,0.05,0.7491500000000001,7.779999999999999,14.983,0.0074031406771142,0.9830425010578832,1,OK,7.780513923887999,0.7460197756490597,0.049789973903163,0.0491238191944781,4.245672638539845,1.6004440686000805,3,8.834237885674781
866,0.05,0.7498,7.370000000000001,14.996,0.0064937871580788,0.99,1,OK,7.367561719530244,0.7478430837407547,0.0498562055827169,0.0491034604108322,4.602054441283723,1.9389533752020056,3,6.04798712548052
867,0.05,0.7495250000000001,8.290000000000001,14.9905,0.0467846936638572,0.99,1,OK,8.266594463016132,0.7412347972160355,0.0494156531477356,0.0453955672537605,2.81043027877699,1.7990782467878828,3,8.123556212742136
868,0.05,0.2149083333333333,7.99,4.298166666666666,0.0404525550280068,0.99,3,PARTIAL_AB,8.025132971927619,0.2492434427159264,0.0579635913292852,0.0545018824775951,4.567332089246669,1.9044534965344733,2,16.80559242839175
869,0.05,0.7499833333333333,8.149999999999999,14.999666666666666,0.0272827975608408,0.99,1,OK,8.177259846719497,0.7331934893644197,0.0488795659576279,0.0471686270739561,5.746242230848031,2.0818543739551365,3,10.492471051606955
870,0.05,0.4198166666666667,7.91,8.396333333333335,0.0085070919788321,0.99,3,PARTIAL_AB,7.907652816918857,0.4282872262211536,0.0509865745501373,0.0497107129127218,2.541913948030209,2.1901768981895318,2,5.7875834233191785
871,0.05,0.749125,8.13,14.9825,0.0115929196268726,0.99,1,OK,8.169091040877413,0.7463649590121401,0.0498130117249481,0.048969233971565,6.354737757148744,1.8708652275541957,3,10.13221455422772
872,0.05,0.7496833333333334,8.69,14.993666666666666,0.0313429794795634,0.99,1,OK,8.792665296003742,0.6832543275257965,0.0455502885017197,0.0424020593234007,4.4467831149127885,1.9060883125364916,3,5.389830483798601
873,0.05,0.75,9.02,15.0,0.0155348288860107,0.99,1,OK,8.986929893739905,0.7472003557870315,0.0498133570524687,0.048798029869644,6.526595602715545,2.2270866845514847,3,8.961249191080858
874,0.05,0.749025,2.18,14.9805,0.0520599146335222,0.961953412048477,1,OK,2.371995372098551,0.7749976103033189,0.0519551470594403,0.03263785125489,1.052780820767517,0.5985154287750281,3,12.33870082698268
875,0.05,0.7497916666666667,8.65,14.995833333333334,0.0355753262692895,0.99,1,OK,8.610545801349446,0.7478444680311088,0.0498562978687405,0.0473082572140187,5.6081689364805,2.1180265699240546,3,10.086107829260428
876,0.05,0.749025,8.799999999999999,14.9805,0.0240725330499161,0.99,1,OK,8.806796239455586,0.7213265489304531,0.0481419276260591,0.0464183381455627,3.8334778340965854,1.0607322272630917,3,8.66691378697274
877,0.05,0.7496916666666666,9.29,14.993833333333331,0.0071536220871011,0.99,1,OK,9.294332432632784,0.7543882993716462,0.050292553291443,0.0500159456821398,7.369516856367525,2.212628672770017,3,16.124985635137072
878,0.05,0.749125,9.47,14.9825,0.0153992358681976,0.9808805680227812,1,OK,9.466259679172316,0.7297612294599718,0.0487048651474953,0.0479353733579753,5.9127165087519655,2.1428365271799854,3,19.364271936078094
879,0.05,0.7497916666666667,8.370000000000001,14.995833333333334,0.0066470628995185,0.99,3,PARTIAL_BC,8.361897425112348,0.7510748877134718,0.0500716591808981,0.0493911818280775,-0.3213522305932305,3.038332997033076,2,4.963279438363736
880,0.05,0.2031916666666667,8.58,4.063833333333334,0.0061349924136856,0.99,3,PARTIAL_AB,8.57491265130786,0.2029273874274236,0.0499001772362517,0.0485781682479687,5.608664961269023,2.3374925408119758,2,3.8654841299147775
881,0.05,0.7496833333333334,6.910000000000001,14.993666666666666,0.0092201103553804,0.99,1,OK,6.919047170473961,0.7590847604452633,0.0506056506963508,0.0496016300337195,3.8352093369786857,0.5124758160222603,3,7.715089351137091
882,0.05,0.2868083333333333,6.01,5.736166666666667,0.010302687456544,0.99,3,PARTIAL_AB,6.001325074008734,0.2825620281103267,0.0491412222800568,0.0475097652625762,2.3216807804711457,0.7399121663102928,2,8.46001079505177
883,0.05,0.7496916666666666,9.29,14.993833333333331,0.0667653073383333,0.9842260913882878,1,OK,9.196681846136654,0.6932789490822288,0.0462185966054819,0.041217502191133,3.5025852920697997,1.6574790592992434,3,9.585376621087278
884,0.05,0.7495250000000001,9.02,14.9905,0.0258631165999818,0.99,3,PARTIAL_BC,9.034516729105205,0.7643991251414074,0.0509599416760938,0.0483816004679522,1.301088581542158,2.99607098614532,2,4.459556460661855
885,0.05,0.7491,7.499999999999999,14.982,0.0124422302134108,0.99,1,OK,7.498800979151147,0.7774957480395176,0.0518907062095339,0.0505786371437054,5.94977677589461,1.9095551756685056,3,5.896353332643421
886,0.05,0.7491500000000001,9.09,14.983,0.0057443679255018,0.99,1,OK,9.09199580640622,0.7485389146093375,0.049958103310968,0.0494587516598107,7.406223375976738,2.296567190516289,3,7.27916901061503
887,0.05,0.7491500000000001,6.97,14.983,0.0589130652150832,0.99,1,OK,6.873360941292788,0.7352735967919387,0.049402481307409,0.0453010059930241,3.950942443474942,1.804562814181333,3,10.670078233413523
888,0.05,0.7495250000000001,8.670000000000002,14.9905,0.0140965761393752,0.99,1,OK,8.675715110561264,0.7372004988035078,0.0491466999202338,0.0486623481784295,6.770891386328373,2.1027036145149647,3,20.625631804711706
889,0.05,0.7497916666666667,9.0,14.995833333333334,0.0089116970616721,0.99,1,OK,8.989908299535394,0.7646485944700298,0.0509765729646686,0.0501564176325138,6.670005161098784,2.157323557536757,3,6.674148457100186
890,0.05,0.7496833333333334,7.739999999999999,14.993666666666666,0.0092534431716554,0.99,1,OK,7.743491613464302,0.7474560180599682,0.0498304012039978,0.0492283418427558,5.846769023393283,1.6022717812846552,3,9.521012847700812
891,0.05,0.749025,1.4000000000000004,14.9805,0.0084807538959248,0.8426843813872218,1,OK,1.3873594520813866,0.7592289709450005,0.0511839755693258,0.0487937441624918,4.620286438845061,2.013946247864877,3,71.71296127435791
892,0.05,0.7491500000000001,2.08,14.983,0.0591314589335576,0.99,1,OK,2.0371623891735524,0.853122674000892,0.0571287504911311,0.0394971052547861,1.9464572880367967,0.9637124432159092,3,9.741203430328095
893,0.05,0.749025,8.93,14.9805,0.0085595250173382,0.99,1,OK,8.937648748148392,0.731316192198646,0.0488086446406215,0.0482535598845867,7.100596045618033,2.1741871032368723,3,10.086316161922136
894,0.05,0.7495250000000001,8.6,14.9905,0.0097076869501728,0.99,1,OK,8.633441391496781,0.759971248592681,0.0506647499061787,0.0499212389896559,4.720634926666108,1.5793459056524175,3,7.864422664074057
895,0.05,0.749125,8.290000000000001,14.9825,0.0076265849094794,0.99,1,OK,8.293699932265582,0.7417810240116293,0.0495070761298084,0.0489363966206244,6.841217787714197,2.139014046233674,3,8.266912189498015
896,0.05,0.7495250000000001,9.56,14.9905,0.0780849493830324,0.99,1,OK,9.746293421878592,0.6876575438767885,0.0460484962417492,0.042456495992735,4.849650358773143,2.1295575068397143,3,13.45325357118203
897,0.05,0.321975,6.87,6.4395,0.006221130190738,0.99,3,PARTIAL_AB,6.876759364013726,0.3213425681425226,0.0498205532003911,0.0485464887224744,5.651344037702631,2.1162012190518475,2,6.151643518581365
898,0.05,0.7491500000000001,8.33,14.983,0.0092685106436536,0.99,1,OK,8.335969912640586,0.7514262784814628,0.0501508083524891,0.0496326286745289,7.016481546635117,2.098252799447682,3,11.784665930841308
899,0.05,0.7498,8.0,14.996,0.0491591153376751,0.99,1,OK,7.945778625511728,0.7389833938178504,0.0492655595878566,0.046482354427704,4.073364055215899,1.862985072826273,3,14.250895032447692
900,0.05,0.7494083333333333,2.17,14.988166666666666,0.0683072739091804,0.99,1,OK,2.1610982945053543,0.8685213296630172,0.0579014219775344,0.0418102325460243,2.2519015057072598,1.3381489725686977,3,8.522048694577098
901,0.05,0.7496833333333334,8.850000000000001,14.993666666666666,0.0078149264095333,0.99,1,OK,8.840128672921294,0.7535648925632404,0.050237659504216,0.0499101021788491,7.624371568220019,2.265919410003204,3,13.82459790920084
902,0.05,0.7496833333333334,8.21,14.993666666666666,0.0667653073383333,0.99,1,OK,8.318604063683509,0.7181437727686185,0.0478762515179079,0.045231023075009,4.976202634658455,2.060721376504031,3,18.49573975391262
903,0.05,0.7497916666666667,10.02,14.995833333333334,0.0072507038923902,0.99,1,OK,10.007807535075708,0.7521411654108857,0.0501427443607257,0.0494278537306756,3.847709664933233,1.7323882096222265,3,4.296069081470303
904,0.05,0.7491500000000001,9.56,14.983,0.0128490337486209,0.9817666716625348,1,OK,9.561811772663228,0.751145824953783,0.0501320906532002,0.0487969740441372,4.045678575216078,1.311508034573559,3,7.924766936348818
905,0.05,0.1654833333333333,7.57,3.3096666666666663,0.006890793408402,0.99,3,PARTIAL_AB,7.56959574328765,0.1685171164218639,0.0508091808307127,0.0495174355682882,5.360974515807543,1.740923245161487,2,6.753432123310802
906,0.05,0.749475,9.15,14.9895,0.0568604398478133,0.99,1,OK,9.272828444307969,0.7516001192621521,0.0501624106292871,0.0478483492235541,2.714342235854716,2.40018625483904,3,12.154759435939022
907,0.05,0.749125,5.05,14.9825,0.0248631563986056,0.99,1,OK,5.047666604322236,0.7470180661142768,0.0499121202303525,0.0462727892554021,4.458511349930122,2.1495062767300435,3,7.8776812431510255
908,0.05,0.749025,9.27,14.9805,0.0219237033727184,0.99,3,PARTIAL_BC,9.238041600396524,0.7535026178973776,0.0502893849542187,0.0485455583269811,1.7371029751866094,1.8714414059219409,2,6.184873864090973
909,0.05,0.7491500000000001,1.3499999999999996,14.983,0.0153828775572209,0.7350794201396442,1,OK,1.3655616761246918,0.7505784052433256,0.0500942205946602,0.0468891615528062,3.0957011090226096,1.3309244027018283,3,142.49113101162075
910,0.05,0.7497916666666667,9.87,14.995833333333334,0.0229652982062115,0.99,1,OK,9.888785794736084,0.7344366677674223,0.0489624445178281,0.0482867323323731,6.188940064348341,2.018805800309541,3,21.520025356654266
911,0.05,0.7498,8.14,14.996,0.0159171276925534,0.99,1,OK,8.143077325648662,0.7333849512723467,0.0488923300848231,0.0476818849407242,4.28209747103997,2.3174788314161927,3,7.782606771850504
912,0.05,0.7495250000000001,8.850000000000001,14.9905,0.0073730363752288,0.99,1,OK,8.854052636339473,0.7533879387473822,0.0502258625831588,0.0498562090297714,7.063340226222469,2.031155895006993,3,13.834630780800271
913,0.05,0.7495250000000001,7.919999999999999,14.9905,0.0535616251344292,0.99,3,PARTIAL_BC,7.750833070610202,0.696401858605933,0.0465301909981692,0.0422840492839997,-2.173853096339818,4.725641460287678,2,8.252137309459663
914,0.05,0.7494583333333334,7.41,14.989166666666668,0.0070265924936501,0.99,1,OK,7.41092953140504,0.7624431380189588,0.0508295425345972,0.0504306150792217,5.939363750015107,1.702469299434268,3,13.53315579698708
915,0.05,0.7491500000000001,9.6,14.983,0.0107596961557286,0.9868796233073862,1,OK,9.608439141419142,0.7364433148438505,0.0491508330262859,0.0488157408002715,6.900284678088407,2.015485816096306,3,21.91122774019392
916,0.05,0.163025,7.799999999999999,3.2605,0.0077898741288091,0.99,3,PARTIAL_AB,7.788016110234249,0.1647812265912479,0.0504432326299738,0.0490693576645264,6.299294845658648,2.0383731767566853,2,8.157348578661667
917,0.05,0.7496833333333334,8.42,14.993666666666666,0.0914462429882475,0.99,1,OK,8.58221492028581,0.789713038076668,0.0530602265225084,0.0464538204744916,2.8804051089335387,1.436072694400647,3,6.895189279144233
918,0.05,0.7496916666666666,3.3599999999999994,14.993833333333331,0.0074672912571411,0.99,1,OK,3.3559591183031,0.7598417007955368,0.0506561133863691,0.0495769655175376,5.778501569380948,2.0921944610628738,3,9.566346308999137
919,0.05,0.749025,8.16,14.9805,0.0084708892358503,0.99,1,OK,8.154295603919957,0.7533657120349797,0.05028024774427,0.0494438445979877,4.576857675591575,2.259980764483265,3,4.990592569310384
920,0.05,0.7491500000000001,8.290000000000001,14.983,0.0236651661368415,0.99,1,OK,8.288299424586352,0.7351363580575011,0.0490636056545607,0.0470929507530711,5.565697876531371,2.064814919177955,3,8.654596551984584
921,0.05,0.7491,8.64,14.982,0.0781726228663996,0.99,1,OK,8.682803236385103,0.7722203983113022,0.051653538348582,0.0459327574149307,4.278739874869836,2.163638706181993,3,7.770951234124494
922,0.05,0.7499833333333333,8.76,14.999666666666666,0.0080996196927018,0.99,1,OK,8.755207332467101,0.7492372983773126,0.0499491532251541,0.049685385204215,7.378698222458044,2.288234385832977,3,19.184089543473007
923,0.05,0.7498,9.28,14.996,0.0108502358211512,0.99,1,OK,9.296711940484624,0.7397834836152275,0.0493188989076818,0.0487132733776725,6.577738053900612,2.2565010539191475,3,9.966101676502308
924,0.05,0.7495250000000001,8.0,14.9905,0.0068050372541982,0.99,1,OK,8.00580289947193,0.7550079902897381,0.0503338660193158,0.0495865438251488,5.89918038189672,2.057686077628204,3,4.4432035194364925
925,0.05,0.749125,9.17,14.9825,0.0064831634387119,0.9895418619387024,1,OK,9.171079255087804,0.7418741584205355,0.0495132919969211,0.049241420103035,7.601686117582204,2.245750373539272,3,13.33918514063261
926,0.05,0.7491500000000001,8.459999999999999,14.983,0.0246167453650052,0.99,1,OK,8.431871356250033,0.7776714682644742,0.0519024339219893,0.0502330207465055,6.0057085426485175,2.367243893553122,3,10.36578516782824
927,0.05,0.7491500000000001,1.3000000000000007,14.983,0.0122360193797901,0.906575540523122,1,OK,1.2997075539480702,0.7042148696785963,0.046999880067537,0.0426261207090662,3.9943762445350295,2.005995104379638,3,42.51506776224017
928,0.05,0.7493500000000001,10.0,14.987,0.0086763408958633,0.99,1,OK,9.994441243751131,0.7497002389496059,0.0499800159299737,0.0495636185978502,7.002173797676681,2.36227331777698,3,12.779497309213648
929,0.05,0.2357333333333333,7.960000000000001,4.714666666666667,0.0077321266752874,0.99,3,PARTIAL_AB,7.97509576770285,0.2433099386725974,0.0515851460083245,0.0506331757506143,3.591714852247688,1.761709444151394,2,9.040236456349934
930,0.05,0.7491500000000001,8.209999999999999,14.983,0.0706101563760143,0.99,1,OK,8.256810003940068,0.7279914651364472,0.0485867496197851,0.0439048986631827,4.6037189312321605,2.0817311729185124,3,9.387439068778516
931,0.05,0.2282833333333334,7.97,4.565666666666668,0.0078112872164976,0.99,3,PARTIAL_AB,7.943941053649176,0.2185236789145132,0.0480271821790139,0.0461283728900764,5.508269202590254,1.7606035424961042,2,4.963908050672604
932,0.05,0.1822416666666666,6.49,3.644833333333333,0.0093914278715315,0.99,3,PARTIAL_B,6.5024268904861735,0.1615031727377951,0.0442474445856973,0.0415454277063442,-3.372736076893287,6.203893728583439,1,4.473269515144361
933,0.05,0.503125,9.11,10.0625,0.0062390242650361,0.99,1,OK,9.120622635423764,0.5140531659262264,0.0510648840324065,0.0504248004392016,4.698272852452126,1.6952307431340348,3,6.396793014940307
934,0.05,0.7498,7.61,14.996,0.016508754108318,0.99,1,OK,7.622659880443507,0.7523370036982406,0.0501558002465493,0.0489605310107004,3.850242682812969,1.0523872686708289,3,9.851305802263091
935,0.05,0.7491500000000001,8.33,14.983,0.0111778384130549,0.99,1,OK,8.338666309834162,0.745608273514772,0.0497625099119981,0.0488540193752294,6.045416258525972,2.187724667054738,3,7.52152536129588
936,0.05,0.749125,8.61,14.9825,0.0092715576361718,0.99,1,OK,8.608693258811034,0.7544626956030167,0.0503534613305684,0.0497526669234249,4.985952193587943,1.583527137596214,3,9.63863049657846
937,0.05,0.7495250000000001,8.11,14.9905,0.0061391361760677,0.99,1,OK,8.112617642900188,0.7394581174975798,0.0492972078331719,0.049018758901358,7.239080299097118,2.307113793608901,3,12.311404140295094
938,0.05,0.7496916666666666,8.99,14.993833333333331,0.0118198317053405,0.99,1,OK,8.95412450011068,0.7374736203104144,0.0491649080206942,0.0484751279984815,4.902106830048167,1.2683996936679989,3,10.854828837405496
939,0.05,0.7491500000000001,6.720000000000001,14.983,0.0105391211581621,0.99,1,OK,6.722472464021436,0.7370173248912925,0.0491891429293409,0.0481995503388478,6.228162866751928,2.4046914803243764,3,10.40445446881158
940,0.05,0.5291666666666667,8.64,10.583333333333334,0.0545297091700384,0.99,1,OK,8.688036649575945,0.5955741548973629,0.0563634846906021,0.0535932734714409,4.218791717055288,2.124141587245453,3,12.681545325019544
941,0.05,0.749025,8.709999999999999,14.9805,0.0071848268078031,0.99,1,OK,8.711138831773972,0.7488175777338714,0.0499767015172772,0.0496553485505579,6.5946010787338665,1.820737775079306,3,13.410681776131192
942,0.05,0.5984666666666666,9.34,11.969333333333331,0.0505644850673709,0.99,1,OK,9.307161838651474,0.5712249754849752,0.0476682872449214,0.045154343453865,4.049411648693949,2.074327473165562,3,12.214041290767211
943,0.05,0.7494166666666666,9.75,14.988333333333332,0.0099467166693204,0.99,1,OK,9.73290564332144,0.7595483213844827,0.0506365547589655,0.0500075348723215,3.761902153102708,1.684713950677566,3,9.581607687437222
944,0.05,0.749125,8.09,14.9825,0.0094300675764622,0.99,1,OK,8.090009211920199,0.7563487968819554,0.0504793412824441,0.0498399584666226,5.523560987469267,2.3122654300865277,3,8.244873098297552
945,0.05,0.7494166666666666,8.3,14.988333333333332,0.0084145926299207,0.99,1,OK,8.29398416134285,0.7662734855356749,0.0510848990357116,0.0505692926125093,6.590580120079258,1.9848791649107005,3,12.727978778008204
946,0.05,0.7497916666666667,3.91,14.995833333333334,0.0156885319604098,0.99,1,OK,3.889521748516696,0.744473944429813,0.0496315962953208,0.0451351288219262,4.75722254933289,2.443461488473049,3,4.192678232116591
947,0.05,0.7494166666666666,8.61,14.988333333333332,0.0136049603386956,0.99,1,OK,8.606355302641358,0.748228383482621,0.0498818922321747,0.0490957893136846,6.136525821073654,2.0871879679246965,3,11.590838386136104
948,0.05,0.1521083333333333,7.42,3.0421666666666662,0.0078430717263507,0.99,3,PARTIAL_AB,7.42274135373985,0.1570675620401801,0.0514975613246492,0.0502651565228018,4.32684991988817,1.2774252116690947,2,8.696646967041426
949,0.05,0.2090583333333333,8.61,4.181166666666666,0.0062166184344259,0.99,3,PARTIAL_B,8.600823140542165,0.2047855482514017,0.0489527206975462,0.0476881838570669,1.228284091457743,2.800434276469917,1,5.445508038690896
950,0.05,0.7498,7.56,14.996,0.0068560979969377,0.99,1,OK,7.555464216969322,0.7355043293330888,0.0490336219555392,0.0485270843883754,7.138961076324034,2.341737754393993,3,10.380452547498464
951,0.05,0.7496916666666666,8.8,14.993833333333331,0.0076777467491682,0.99,1,OK,8.818758858174577,0.7369225541659575,0.0491281702777305,0.0486889399443022,7.240599373792259,2.14666366715462,3,8.221302100368248
952,0.05,0.749475,9.03,14.9895,0.010302687456544,0.99,1,OK,9.030205128664104,0.7439387726736462,0.049595918178243,0.0489081969759453,3.087000736488553,2.986022158626218,3,7.871319657328542
953,0.05,0.7498,7.799999999999999,14.996,0.0060847850004021,0.99,1,OK,7.7842390343819,0.7529220410101256,0.0501948027340083,0.0497944516038681,7.2638881055442495,2.090257884737539,3,9.902394755288078
954,0.05,0.7494166666666666,9.64,14.988333333333332,0.0062658594182688,0.99,1,OK,9.621280614758572,0.7526219283783094,0.0501747952252206,0.0497929856715521,6.08258227625556,1.2877966082140606,3,10.481870021358414
955,0.05,0.2998166666666667,8.370000000000001,5.996333333333334,0.0399005941663926,0.99,3,PARTIAL_AB,8.33277528450861,0.2668695625649867,0.0448520273218465,0.04023928503115,4.417800195355836,1.8648845545399615,2,10.450890089559596
956,0.05,0.7493666666666667,9.65,14.987333333333334,0.0491591153376751,0.99,1,OK,9.691243422747164,0.7535855994773726,0.0502390399651581,0.0478159283094506,3.590863642075024,1.007246911353047,3,11.849035287691782
957,0.05,0.30765,9.61,6.1530000000000005,0.0093914278715315,0.99,3,PARTIAL_AB,9.608529845343718,0.2969657763629648,0.0481566123831834,0.0470699239082088,1.1238745552355514,1.066497381262188,2,6.821954050816961
958,0.05,0.7498,7.779999999999999,14.996,0.0088074410484555,0.99,1,OK,7.782371508549131,0.7571031234206076,0.0504735415613738,0.0500468400854931,6.911373886232544,1.9871600432077683,3,14.918034101211973
959,0.05,0.7497750000000001,1.8499999999999988,14.9955,0.0082093573645361,0.9761117120849776,1,OK,1.840810940348004,0.7351687909306907,0.0490112527287127,0.045957615382356,5.068906863901494,2.1494539711150646,3,12.32029985549706
960,0.05,0.7493583333333335,2.640000000000001,14.987166666666669,0.0105866677498168,0.99,1,OK,2.6246667200631397,0.7248658897828327,0.0483243926521888,0.045900849857626,5.162263435245404,1.9019436145497368,3,9.307383135472849
961,0.05,0.1931,7.99,3.862,0.0073979525905414,0.99,3,PARTIAL_AB,7.984224539155579,0.1912740545212059,0.0494674278934153,0.0485687812588993,5.825478200912583,1.9373086673470008,2,13.204672875459394
962,0.05,0.749125,3.5,14.9825,0.0071025823878452,0.99,1,OK,3.5072319473232003,0.7890192928310942,0.0526597970743778,0.0518111579182707,3.8514718856917214,1.6285354371652656,3,11.5907013405519
963,0.05,0.7496916666666666,7.330000000000001,14.993833333333331,0.0093136071062639,0.99,1,OK,7.315186547568654,0.755203829662634,0.0503469219775089,0.0498524597246423,6.131169873899485,2.0662261482619826,3,11.990189519193429
964,0.05,0.7491500000000001,8.350000000000001,14.983,0.0069835216720556,0.99,3,PARTIAL_BC,8.338795322948016,0.7483159978237743,0.0499432256612085,0.0493372907421941,1.9889823659985333,2.205525156246414,2,8.366540566842028
965,0.05,0.7495250000000001,9.56,14.9905,0.0074859546979287,0.99,1,OK,9.557332903695706,0.7432733891520472,0.0495515592768031,0.0490532437909668,6.360071298105173,2.377183745418546,3,8.304652942497295
966,0.05,0.7491500000000001,5.64,14.983,0.0067265070677099,0.9407766498458924,1,OK,5.631316551687039,0.7560674203966146,0.0504605619842011,0.0498576427399143,6.152423395411744,1.9129525365412,3,30.830288311614808
967,0.05,0.1939916666666666,8.49,3.879833333333333,0.005655996882708,0.99,3,PARTIAL_AB,8.477928014106656,0.1881896172775785,0.0484608456508786,0.0473909911649175,5.492043162027469,2.1938452412901253,2,5.816929361022774
968,0.05,0.7491,7.720000000000001,14.982,0.0064385682216236,0.99,1,OK,7.726349187715055,0.7482062271248624,0.0499358994744068,0.0492696632311219,7.136856789566392,2.1334133594078497,3,7.411683980119262
969,0.05,0.7491,7.69,14.982,0.0091774280194248,0.99,1,OK,7.680184011375918,0.7717216873470466,0.0515053406460765,0.0511514048002797,7.315512670774029,2.211728773839412,3,19.658625660761267
970,0.05,0.749025,7.970000000000001,14.9805,0.0150873418675995,0.99,1,OK,7.991778366881189,0.7698665383384773,0.0513815264742031,0.0497819694409067,4.972692737646054,1.8966430071036613,3,6.324051087912034
971,0.05,0.7491500000000001,5.340000000000001,14.983,0.0152092047956012,0.977887827112816,1,OK,5.331156803774354,0.7484107891976807,0.0499495521155293,0.048765951849929,5.141958927391896,1.8116366847684209,3,17.599303954160096
972,0.05,0.7496916666666666,7.92,14.993833333333331,0.0054029277252934,0.99,1,OK,7.928535132356369,0.7493361424884284,0.0499557428325618,0.0494803544102229,5.230793380710855,0.924092009216164,3,7.622797950526886
973,0.05,0.74935,8.72,14.986999999999998,0.0219237033727184,0.99,1,OK,8.756526956044096,0.7212109491497101,0.048080729943314,0.046861201850802,4.45060180605451,2.3827609105593166,3,11.227811947351542
974,0.05,0.7496833333333334,7.029999999999999,14.993666666666666,0.0062390242650361,0.99,1,OK,7.022632815208234,0.7561593276995585,0.0504106218466372,0.0500195949060622,6.855009118213152,1.9010426191474896,3,13.0841188852049
975,0.05,0.7491,7.64,14.982,0.0459713193023593,0.99,1,OK,7.594907978254,0.7750099803685719,0.0517248040290481,0.048112365968,3.785165606192521,1.8615754463145555,3,9.47913221792675
976,0.05,0.7497916666666667,8.629999999999999,14.995833333333334,0.0059496212133981,0.99,1,OK,8.631699480449559,0.7480153511547797,0.0498676900769853,0.0495361418647212,6.358203736473385,1.504295345554838,3,10.542869669339709
977,0.05,0.749125,9.2,14.9825,0.0115418681355166,0.981509315546896,1,OK,9.20778385295188,0.7505417023055989,0.0500917710103848,0.0495442482164363,6.81369899758398,2.0604210216926253,3,19.04161871351804
978,0.05,0.7496833333333334,7.239999999999999,14.993666666666666,0.0092775879313602,0.99,1,OK,7.235793655192,0.7280274496594605,0.0485351633106307,0.0480446571756718,5.992045963549937,1.980369110081582,3,12.966636605858202
979,0.05,0.7491,8.860000000000001,14.982,0.0640382237719723,0.99,1,OK,8.793868311409668,0.7626493724114932,0.0511273322287034,0.0458876301220444,3.513370833679536,2.383609028131973,3,8.917093960525783
980,0.05,0.749075,7.52,14.9815,0.0089492309581146,0.99,1,OK,7.523956808701245,0.7393236038087723,0.0493430658826766,0.0488466614645586,6.943998073469393,2.068271043837731,3,17.145307989049947
981,0.05,0.7491500000000001,8.56,14.983,0.0116025643338729,0.99,1,OK,8.54973754649012,0.7399304388456678,0.0493835665525473,0.0488390666082911,6.499780967595275,2.154456046659595,3,16.185822735269856
982,0.05,0.7491500000000001,9.82,14.983,0.0729262138204938,0.99,1,OK,9.847647778457874,0.7169768241187329,0.0479049102974654,0.0449537795313327,4.395978318826106,1.883562131695368,3,13.432467930671535
983,0.05,0.3937416666666666,8.09,7.874833333333333,0.0349680236195219,0.99,3,PARTIAL_AB,8.060899914759778,0.4482910065879465,0.0568656667976253,0.0511018506158755,4.545857108890898,2.024895230991548,2,4.973876232045805
984,0.05,0.7494166666666666,7.569999999999999,14.988333333333332,0.0094300675764622,0.99,1,OK,7.570097218936284,0.7633320123967402,0.0508888008264493,0.050356666261493,4.661992728285279,1.0559428144352008,3,13.864399327929988
985,0.05,0.7491500000000001,8.16,14.983,0.0078965490557633,0.99,1,OK,8.175104595761525,0.7428043193906214,0.0495753717057144,0.0491670132060314,5.83891163795081,1.3624033799758444,3,12.571399750129649
986,0.05,0.1647,8.41,3.294,0.0630826251340421,0.99,3,PARTIAL_AB,8.43183225474709,0.2008707690006266,0.0608699300001898,0.0537918014972114,3.2245175429973294,1.3304731207593776,2,12.50266043560324
987,0.05,0.7496833333333334,6.9,14.993666666666666,0.0086956576410889,0.99,3,PARTIAL_BC,6.918586855441728,0.7374210372069762,0.049161402480465,0.0482928020336639,0.5953493128302558,1.8070013858520475,2,7.816043818600003
988,0.05,0.7491500000000001,6.88,14.983,0.006896167531711,0.99,1,OK,6.891747425663176,0.7615513089689507,0.0508265612215095,0.0503551442037378,4.498827882606913,1.660449140193049,3,9.89232109098401
989,0.05,0.7494166666666666,9.45,14.988333333333332,0.0070472994494488,0.99,1,OK,9.458969569244749,0.7538757566518535,0.0502583837767902,0.0495978358958424,2.6613347916339025,2.072497416688073,3,4.687051255297332
990,0.05,0.749075,9.51,14.9815,0.006402143447934,0.99,1,OK,9.50041337352386,0.7440859736059184,0.0496609103630201,0.0493042605336809,6.652112331223014,2.3958910476713555,3,11.601964426926736
991,0.05,0.1663416666666666,7.990000000000001,3.326833333333333,0.0064096064243408,0.99,3,PARTIAL_AB,7.980539404662871,0.1730725060830241,0.0519217518249072,0.0509284170712218,6.533163054585198,2.0413965249623947,2,9.891660581007804
992,0.05,0.7496916666666666,8.82,14.993833333333331,0.0090764730295603,0.99,1,OK,8.820650622919311,0.7421086159690042,0.0494739077312669,0.0489268718173816,6.673618084901875,2.2597644431786708,3,10.935938865207426
993,0.05,0.7491,9.47,14.982,0.0063676062473194,0.989009584211673,1,OK,9.4778108228394,0.7506160756401029,0.050096734747949,0.0496967115173551,6.0866427122251405,1.6953610264570491,3,9.474988833345362
994,0.05,0.7496916666666666,9.19,14.993833333333331,0.0139309309685302,0.99,1,OK,9.189371233281951,0.7414991333511745,0.0494332755567449,0.0486285650343934,4.763330382226862,1.0669019631825467,3,9.634307690016804
995,0.05,0.1504833333333333,8.17,3.0096666666666674,0.0086763408958633,0.99,3,PARTIAL_AB,8.146701584904228,0.1456622619428454,0.0485540873142818,0.0473545869029631,5.687239551171326,1.8444499591323944,2,10.93569488465558
996,0.05,0.7491500000000001,7.26,14.983,0.0164781901119523,0.99,1,OK,7.285686466183892,0.7708842424712079,0.0514494488857313,0.0497123113984537,4.066907369782522,1.462179896851422,3,7.199765886104862
997,0.05,0.749025,8.58,14.9805,0.0092352118886027,0.99,3,PARTIAL_BC,8.577270971963246,0.741212878201568,0.0494691576107831,0.0486026396920106,0.8063950122319923,3.328527262757225,2,6.205013313288377
998,0.05,0.7491,7.620000000000001,14.982,0.00697950276547,0.99,1,OK,7.611275582129345,0.7615480857913118,0.0508263461039807,0.0500888175883015,1.8399289987707117,1.0409237098176294,3,8.843148618151742
999,0.05,0.749125,8.72,14.9825,0.0098535132107831,0.99,1,OK,8.739899810960685,0.7581224550096995,0.0505977166858531,0.0499932823411167,6.707603053869859,2.12451128472805,3,8.738740035181342
1000,0.1,1.4982,8.84,14.982,0.0071808944295813,0.9865322518967904,1,OK,8.82833670378739,1.5027204738321278,0.1002928013681064,0.0998746077156708,7.047648385879289,1.953884932734833,3,12.516532833959833
1001,0.1,1.4996,7.49,14.996,0.006130509106144,0.99,1,OK,7.492606103763483,1.4881527534625552,0.0992101835641703,0.0985628417301381,6.342168570055158,2.0578748014566184,3,8.048092240478537
1002,0.1,1.4983000000000002,9.96,14.983,0.006896167531711,0.99,1,OK,9.961373495744017,1.4987896159337553,0.1000304526763351,0.099420272623646,7.297256420299464,1.7926478278849998,3,6.030714899927538
1003,0.1,1.4983000000000002,7.899999999999999,14.983,0.0069272344540377,0.99,1,OK,7.8979184886822384,1.490296760597284,0.0994636325203971,0.0986456906469278,3.909085482546716,0.8090603219891288,3,5.304058662533794
1004,0.1,1.49815,7.52,14.9815,0.0163007421473932,0.99,3,PARTIAL_BC,7.527369108097754,1.497261442133919,0.0999284610990379,0.0985285445453432,1.0469263791345846,2.780754603728522,2,7.706463216990135
1005,0.1,1.49805,8.58,14.9805,0.0071026352358166,0.99,1,OK,8.574712959514063,1.4883732730310344,0.0993352573769322,0.0989106276833569,7.982049674753493,2.4913888950212733,3,12.274768268349446
1006,0.1,1.49805,8.24,14.9805,0.0377779625125717,0.99,1,OK,8.27510728715361,1.566100598457903,0.1047558928734383,0.101099012180006,1.5208885265652774,1.4118288535983108,3,5.137381588720486
1007,0.1,1.498916666666667,3.829999999999999,14.989166666666668,0.0061305703337821,0.9853704483548632,3,PARTIAL_BC,3.842205141543829,1.5034961310193458,0.1002330754012897,0.098781110521733,1.3849124461188975,1.7781796751326782,2,7.319251781621589
1008,0.1,1.4983000000000002,7.779999999999999,14.983,0.0073730363752288,0.9830425010578832,1,OK,7.769438232882514,1.5036745707865131,0.1003564785841944,0.0995791008345846,7.716956346264768,2.3488300065479804,3,10.93203134114679
1009,0.1,1.49805,8.4,14.9805,0.0282416161875532,0.99,1,OK,8.386134129046965,1.4788827199723815,0.098701850053774,0.0956362022079036,5.494152184588687,3.105252789923986,3,6.143469819425611
1010,0.1,1.4995833333333335,9.87,14.995833333333334,0.0076522453763997,0.99,1,OK,9.854067898208475,1.4946839056378391,0.0996455937091892,0.0990464260383735,6.97186526900401,2.106889038749253,3,7.545094509227858
1011,0.1,1.49815,7.749999999999999,14.9815,0.0066358784292628,0.99,1,OK,7.730570604217469,1.498847082163994,0.1000342880198438,0.099544314590095,8.202922271090657,2.633406034671479,3,12.38187684579752
1012,0.1,1.49805,8.15,14.9805,0.0651791542416055,0.99,1,OK,8.18681909906074,1.5263615864390714,0.1037165290898576,0.0991495010739212,5.979095996108308,2.719205929614409,3,10.905755253341992
1013,0.1,1.4983000000000002,3.640000000000001,14.983,0.0568604398478133,0.99,1,OK,3.628706435810301,1.6117796972811351,0.1075715037117554,0.0995762825104936,4.867793823112073,2.569668263991629,3,12.660762250080548
1014,0.1,1.4983000000000002,3.65,14.983,0.0087499316308691,0.99,1,OK,3.660366414977001,1.448144086560876,0.0966503283577892,0.0956104832833838,7.170290616344458,2.679123775908354,3,14.275191312960418
1015,0.1,1.4983000000000002,8.290000000000001,14.983,0.008140852453652,0.99,1,OK,8.316753909748202,1.494537282735407,0.0997466484584254,0.09893501079828,2.3589902198521235,2.079001408096934,3,6.59633325404607
1016,0.1,1.49825,8.27,14.9825,0.0592181453039543,0.99,3,PARTIAL_BC,8.29625457105253,1.4347508090237444,0.0957564499904612,0.0890879053365733,0.5995936066748072,2.241404924400445,2,5.266089894746576
1017,0.1,1.4995833333333335,9.66,14.995833333333334,0.0082907074618429,0.99,1,OK,9.672518049828795,1.5081248380999492,0.1005416558733299,0.0998848433105655,2.376755012921105,2.342466363840064,3,6.541779323316797
1018,0.1,1.4988333333333332,9.19,14.988333333333332,0.0086214077377867,0.99,1,OK,9.179964168366272,1.5142337489763988,0.1009489165984265,0.1003383093875585,7.311898820590608,2.372510762114575,3,8.43145766883807
1019,0.1,1.4983000000000002,8.5,14.983,0.0075385236209454,0.99,1,OK,8.516819065491568,1.487588070511464,0.099282852314447,0.0986959732160089,8.01083084609767,2.802138049917549,3,7.53702582966185
1020,0.1,1.4986666666666668,9.15,14.986666666666668,0.0068253557092222,0.99,1,OK,9.14745171653985,1.5018624382347605,0.100124162548984,0.0995782721915758,8.102459275376038,2.541760653619835,3,7.2868598517357235
1021,0.1,1.4996,5.95,14.996,0.0093764978734234,0.99,1,OK,5.940810407961831,1.5031845578458638,0.1002123038563909,0.0994735835177331,7.786780408887419,2.7713790834287626,3,12.638936587071075
1022,0.1,1.4996,8.89,14.996,0.006385266196589,0.9880622669844156,1,OK,8.880011465873235,1.5053899499299892,0.1003593299953326,0.1000034344881089,7.237930345243652,1.8472488511276064,3,8.850152466713958
1023,0.1,1.4983000000000002,7.51,14.983,0.0284871593867953,0.99,3,PARTIAL_BC,7.459433223142257,1.4940480635742652,0.0998250376552961,0.0980226770099647,1.3394414190502744,2.274806754347688,2,11.953399215709544
1024,0.1,1.4988333333333332,8.21,14.988333333333332,0.0061305091061439,0.99,3,PARTIAL_BC,8.20398106510053,1.497741721939524,0.0998494481293015,0.0993276321516422,-0.627243389258151,5.633057066558617,2,8.139141202805547
1025,0.1,1.49895,9.51,14.9895,0.033650889477937,0.99,1,OK,9.591956476352598,1.4758639259481934,0.0983909283965462,0.0956081811232127,1.90418993270232,0.8479284284966938,3,7.434825303570705
1026,0.1,1.4990500000000002,9.739999999999998,14.9905,0.0065142764639329,0.99,1,OK,9.741257310501876,1.4952385740815477,0.0996825716054365,0.0993527575745074,8.67227216859711,2.746532059950167,3,14.673090448043904
1027,0.1,1.4996,7.680000000000001,14.996,0.0128513194604032,0.99,1,OK,7.658757038806283,1.5058895934250085,0.1003926395616672,0.099043025688481,3.774919759611272,1.2636364370722808,3,6.244002914789447
1028,0.1,1.49805,8.58,14.9805,0.0128513194604032,0.99,1,OK,8.59514913380426,1.4917657333661796,0.0995616729721588,0.0984313268420808,5.963460561024094,2.1614431580118323,3,7.371218509917568
1029,0.1,1.4989333333333337,8.96,14.989333333333333,0.0169941844818285,0.99,1,OK,8.931120091327742,1.517411557173247,0.1011607704782164,0.1004557204343332,4.631029265500615,1.8653936335816497,3,17.090797187612147
1030,0.1,1.49805,9.29,14.9805,0.0064765390455008,0.99,1,OK,9.26852851390522,1.5001984354482298,0.1001244784503824,0.0996978212950261,7.573851255562299,2.6219161697692184,3,7.675370492821269
1031,0.1,1.49895,1.9799999999999984,14.9895,0.0098818523927151,0.9888878937410884,1,OK,1.978856292824684,1.4414802601650851,0.0963127122604733,0.0932146820957326,6.13448136798324,2.3286409313100034,3,11.998599602247866
1032,0.1,1.4995833333333335,9.94,14.995833333333334,0.0067085485123387,0.99,1,OK,9.95696127751795,1.4986893870230351,0.0999126258015356,0.0993105554956331,4.793554980058473,1.3183564887094366,3,7.423967439687859
1033,0.1,1.4983000000000002,5.64,14.983,0.0073083134463695,0.9407766498458924,1,OK,5.642682479231866,1.4830482022277915,0.0989798577682619,0.0982567007264871,7.542468622203602,2.629141328328357,3,29.421438314436767
1034,0.1,1.4993833333333333,7.95,14.993833333333331,0.0079673433165858,0.99,3,PARTIAL_BC,7.973335550067514,1.4895075705578582,0.0993005047038572,0.0986277844477226,0.6956007683048103,2.9044241905006896,2,9.517523303443308
1035,0.1,1.49805,8.86,14.9805,0.0086988189903281,0.9881363120517188,1,OK,8.877628778925736,1.499196607127388,0.1000576156036076,0.0992239729436344,5.973767594170779,3.00799664364564,3,7.212713867962788
1036,0.1,1.4995833333333335,9.82,14.995833333333334,0.0082838681762038,0.9881877054639469,1,OK,9.82700320440499,1.4956877215295985,0.0997125147686399,0.0988233867755368,6.170032909027098,1.7475852626972446,3,4.99061595032338
1037,0.1,1.4988,8.3,14.988,0.0084839953240621,0.99,1,OK,8.317522769995112,1.5146027762991547,0.1009735184199436,0.1000903645291415,5.326749586828052,2.31619643067112,3,5.767012971096121
1038,0.1,0.78415,7.640000000000001,7.8415,0.0068808566182294,0.99,1,OK,7.630610786553443,0.7843939431103536,0.0999227953006819,0.0988422191394002,2.9540784019998414,0.8311139543224089,3,6.267758948802738
1039,0.1,1.4995833333333335,8.370000000000001,14.995833333333334,0.0064462874714184,0.99,1,OK,8.373724404648023,1.5017550625188485,0.1001170041679232,0.0997801990485108,8.477997359809132,2.5625180567184094,3,14.264759729520373
1040,0.1,1.4986666666666668,9.15,14.986666666666668,0.007094756547606,0.99,1,OK,9.15419236753558,1.4853235768661792,0.0990215717910786,0.098563572965126,8.326772016205492,2.5699210416556206,3,11.067045136414182
1041,0.1,1.4983000000000002,3.3,14.983,0.0907398735095852,0.987269133919724,1,OK,3.3973022756693467,1.0821165528610446,0.0742022779104716,0.0582170849920371,2.318096673350292,1.2717538462430995,3,10.481579129595293
1042,0.1,1.22435,9.73,12.2435,0.0070433169344659,0.99,1,OK,9.73597723962615,1.2173192431442226,0.0993729994403447,0.0984922695126668,7.417758214458499,2.55932191502397,3,3.723795134821372
1043,0.1,1.49825,8.290000000000001,14.9825,0.0122334652931125,0.99,1,OK,8.31126629272217,1.502364285208403,0.100269029046167,0.0986518798095749,6.54419452480056,1.970003709035606,3,4.282804425858523
1044,0.1,1.49825,8.27,14.9825,0.0073312356325645,0.99,1,OK,8.262049430064343,1.4938625539720554,0.0997016165053652,0.0993807289825689,6.652571062411591,1.323635867875478,3,17.078473346918166
1045,0.1,1.4982,8.79,14.982,0.0714166337100104,0.99,1,OK,8.706000136413417,1.374089871683738,0.0926352722483418,0.0864495105599082,5.470343352917299,2.384911327000211,3,7.315026278464936
1046,0.1,1.4990500000000002,8.850000000000001,14.9905,0.0264775839559011,0.99,1,OK,8.750957345915303,1.476071997806199,0.0985142601427941,0.096964776887537,2.185442078825211,1.3276052042877755,3,11.93244456899718
1047,0.1,1.4991,1.7899999999999991,14.990999999999998,0.0115397296510447,0.8940129053995512,1,OK,1.779678369130628,1.458076439223987,0.0976390472694634,0.095712698374946,5.767367259574298,2.326371008363378,3,70.8604391395259
1048,0.1,1.4983000000000002,8.12,14.983,0.0646925559557687,0.99,3,PARTIAL_BC,7.985993229741263,1.4990052671377243,0.1002679108453327,0.0927087512669675,0.1603763066500182,2.838178378775178,2,4.897970001529754
1049,0.1,1.49805,8.64,14.9805,0.0248631563986056,0.99,1,OK,8.629196270945545,1.5685717377227408,0.1048043477320316,0.1032482135427399,6.222172202319465,2.28199457631508,3,11.460579884428878
1050,0.1,1.4986666666666668,8.959999999999999,14.986666666666668,0.0106736117044518,0.99,1,OK,8.953395934136854,1.4985476475214303,0.0999031765014287,0.0993041194156229,4.77634089205557,0.9399029432789344,3,11.019746924374145
1051,0.1,1.4982,7.620000000000001,14.982,0.0080439095145747,0.99,1,OK,7.630946064326796,1.4919711740011303,0.0995753842492411,0.0990738743164916,7.536042847787362,2.4471188445425445,3,9.543362866848264
1052,0.1,1.49805,7.699999999999999,14.9805,0.0257548240523727,0.99,1,OK,7.748097649563895,1.4720126512233471,0.0984623846972138,0.0968598726880021,4.9432207968245,1.9988813863722088,3,11.482787811403435
1053,0.1,1.4988333333333332,6.1,14.988333333333332,0.0115397296510447,0.99,1,OK,6.108793907376781,1.4917211112172388,0.0994480740811492,0.0985674737211418,6.703772453688015,1.986143834267517,3,13.514938212779509
1054,0.1,1.49805,9.74,14.9805,0.0727868838534137,0.99,1,OK,9.683516533720598,1.4900554476969785,0.0998919853204678,0.0947787270470318,4.374184619934282,1.7499662872985524,3,8.265835575782885
1055,0.1,0.34605,7.719999999999997,3.4605,0.0093136071062639,0.99,3,PARTIAL_AB,7.72785812280532,0.3577006771138402,0.1031828876289923,0.1021573878226148,7.004608515423729,2.036047561185047,2,13.16202557342251
1056,0.1,1.4988333333333332,7.239999999999999,14.988333333333332,0.0094921274465583,0.99,1,OK,7.216087494696915,1.5085347015569106,0.100568980103794,0.0998095816913133,4.4077717933007206,0.2496195502603711,3,9.394664220712365
1057,0.1,1.4988333333333332,9.87,14.988333333333332,0.0211881375420242,0.99,1,OK,9.905140692218742,1.4884196752386452,0.099227978349243,0.0973854524322793,6.927367449209148,2.527080925577067,3,6.8083721101154975
1058,0.1,1.4982,9.33,14.982,0.0280098542409192,0.9815122179475648,3,PARTIAL_BC,9.356619085122706,1.5358596073498223,0.1025045344171183,0.0994707084636592,-1.131868209296781,3.2292272535747637,2,6.951624378801356
1059,0.1,1.4983000000000002,8.290000000000001,14.983,0.0066763204655322,0.99,1,OK,8.29523039791586,1.5087648320445672,0.1006962068105384,0.1001204690724375,7.947043778830187,2.535550456446561,3,7.280037403085634
1060,0.1,0.5315166666666667,8.430000000000001,5.315166666666667,0.0071808944295813,0.99,1,OK,8.414144987730623,0.5310327643723413,0.1001948612023285,0.0996577052192528,5.766545909667829,1.4113105193857418,3,14.79724180304075
1061,0.1,1.4988333333333332,9.84,14.988333333333332,0.0775743803338601,0.99,1,OK,9.922468825965508,1.3855572233822548,0.0924732295916966,0.0885266722935973,3.128779553211804,1.220261861796024,3,10.828296858269155
1062,0.1,1.4996,5.82,14.996,0.0138886789367992,0.99,1,OK,5.789507639310408,1.491043807100656,0.099402920473377,0.09755883592377,6.162977960959802,2.7847220296780284,3,7.696036322936799
1063,0.1,1.4996,9.37,14.996,0.0089866498586111,0.9879301692602735,1,OK,9.36786132343692,1.494458655712994,0.0996305770475329,0.0987472291447799,4.388438497865839,0.4549586203240122,3,7.124701158121404
1064,0.1,0.4933,7.33,4.933000000000001,0.0071447978287122,0.99,3,PARTIAL_AB,7.312895990361231,0.4819663671407444,0.0976958852312319,0.0966253923121266,6.366150173643479,1.796382205680927,2,9.902272410028626
1065,0.1,1.49805,8.53,14.9805,0.0593716962102894,0.99,1,OK,8.35322833533957,1.492579023922125,0.099615952653312,0.0956728144510528,5.333139308376956,2.3058393390624805,3,11.478766675099449
1066,0.1,1.4988333333333332,8.36,14.988333333333332,0.0096208800831089,0.99,1,OK,8.379305414047868,1.5022664094836666,0.1001510939655777,0.0995813522227717,7.910478901554589,2.509362129744957,3,11.484111337030862
1067,0.1,1.49805,9.31,14.9805,0.0178029385105866,0.99,1,OK,9.319734967821596,1.4744622965382417,0.0985164117954281,0.0971190836336616,5.297773042233855,1.6784496570026115,3,7.113355943656259
1068,0.1,0.56345,8.26,5.6345,0.0558941886344955,0.99,3,PARTIAL_BC,8.1762473609716,0.6528019710225161,0.1155401718623922,0.105104093917587,-0.091746589602511,3.3146064651364826,2,4.518075729458922
1069,0.1,1.4983000000000002,8.0,14.983,0.0063103905649946,0.99,1,OK,7.990543948924072,1.5000643474293165,0.1001155293056273,0.099765952604049,8.48938359814061,2.6710189669454443,3,15.300754616129248
1070,0.1,1.49805,8.41,14.9805,0.0076009118885676,0.99,1,OK,8.410452657245534,1.5049799573652116,0.1004436011589685,0.099838213063172,8.136454020307072,2.703375839733313,3,8.10671630569909
1071,0.1,1.4983000000000002,8.91,14.983,0.0069620675357993,0.981041552804744,1,OK,8.900915218288182,1.5067829789135307,0.1005639363012367,0.1000367773619326,7.821268139254284,2.6150074962566787,3,11.83215360478906
1072,0.1,1.4993666666666667,8.42,14.993666666666666,0.0066502673569635,0.99,1,OK,8.426965922847119,1.5134195921235358,0.1008946394749023,0.1002199319511776,7.70305055444733,2.323068848581336,3,9.185386128070444
1073,0.1,1.498716666666667,8.799999999999999,14.987166666666669,0.0219517298615379,0.99,1,OK,8.829901637360717,1.4830227911757077,0.0988681860783805,0.097611259530586,7.2676399696062335,2.669152898081146,3,10.53323478153368
1074,0.1,0.6136166666666667,8.69,6.136166666666666,0.0079778776901177,0.99,1,OK,8.707733651331086,0.6113136941863542,0.099400600680708,0.0984797168458396,7.26877387551516,2.324034307182828,3,9.102029087012731
1075,0.1,1.4995833333333335,4.21,14.995833333333334,0.0064707229078551,0.99,1,OK,4.204707511623113,1.4910246021503566,0.0994016401433571,0.0985583883866066,7.390928511801393,2.308453363320412,3,10.5627360322426
1076,0.1,1.4988333333333332,9.579999999999998,14.988333333333332,0.0064757612580272,0.99,1,OK,9.5806959055674,1.4962381829003668,0.0997492121933577,0.0994319286621047,8.235172039312744,2.6586642302205497,3,10.296386889316633
1077,0.1,1.4996,7.239999999999999,14.996,0.0075418172181271,0.99,1,OK,7.242476420552832,1.498635171191282,0.0999090114127521,0.0992151498477782,7.665882946371549,2.4028556909156213,3,9.44261140564488
1078,0.1,0.48665,6.54,4.8665,0.006212133613087,0.99,3,PARTIAL_AB,6.509610007622331,0.4942106604419306,0.1018991052457589,0.1013033498214,7.315943134600658,2.21597749148484,2,14.62703830276903
1079,0.1,1.4993833333333333,9.25,14.993833333333331,0.0491591153376751,0.99,1,OK,9.210212264965453,1.5076847113956924,0.1005123140930461,0.096399688763734,3.598547701305728,1.1147600486128917,3,6.936662315840311
1080,0.1,1.49805,8.7,14.9805,0.0492573405976269,0.99,1,OK,8.5514251496308,1.4855471501748287,0.0991466396112232,0.0933860207892621,5.315531903703189,2.655014072098699,3,4.728727824701184
1081,0.1,1.4983000000000002,9.09,14.983,0.0108322230815898,0.99,1,OK,9.09082975650406,1.485351292925773,0.0991335679372039,0.098350805361232,7.873415000360143,2.5946016352425274,3,10.23824579718815
1082,0.1,1.4990500000000002,8.870000000000001,14.9905,0.0118198317053405,0.99,3,PARTIAL_BC,8.82424107944561,1.5116277794183794,0.1007751852945586,0.099656569563878,0.8917436264905068,1.7426897374364003,2,6.251090900636418
1083,0.1,0.5601166666666668,7.4,5.601166666666668,0.057873868021697,0.99,3,PARTIAL_AB,7.473827568012273,0.4952164231372411,0.0886954787708491,0.0799657226590695,4.582124311329423,2.216777162738752,2,6.310963381547792
1084,0.1,1.49805,8.77,14.9805,0.0235365827924683,0.99,1,OK,8.784898242429753,1.456420731054605,0.0972027184241115,0.0960731609368022,5.807214762237439,1.5781977321217766,3,14.513108486697485
1085,0.1,1.49825,8.52,14.9825,0.0077862955383347,0.99,1,OK,8.530017212275787,1.4943744722486874,0.0997357823525264,0.0993126932888155,6.789360135826589,2.3912157779299794,3,13.587314701312366
1086,0.1,1.49895,9.69,14.9895,0.0078531308725636,0.99,1,OK,9.68034033824617,1.5062170935344772,0.1004144729022984,0.0996749437422789,6.578245262337868,3.008794274144219,3,4.993009285901534
1087,0.1,1.4993666666666667,9.24,14.993666666666666,0.0236651661368415,0.99,1,OK,9.32415620842854,1.495324862076692,0.0996883241384461,0.0984736194942231,7.269651627601524,2.53253706298723,3,13.792390160475644
1088,0.1,1.4988333333333332,8.49,14.988333333333332,0.0067967725643877,0.99,1,OK,8.496243132356618,1.4949866304791923,0.0996657753652794,0.0990488810083955,3.338484532747013,0.6761574635990021,3,7.269595174818805
1089,0.1,1.2109666666666667,8.87,12.109666666666667,0.0095068561154098,0.99,1,OK,8.870373441973973,1.2039106956525565,0.0993598923509675,0.0990532217016145,7.807650553133159,2.4927916067990474,3,19.719390037418243
1090,0.1,1.4996,8.71,14.996,0.0092018946144581,0.99,1,OK,8.70374464181477,1.5008831015950377,0.1000588734396691,0.099339825825988,6.992761169650613,2.8604287330096403,3,7.526619113438868
1091,0.1,1.4987,10.0,14.987,0.0103490444292297,0.99,1,OK,9.986302349625248,1.5040604908809316,0.1002706993920621,0.0992239611842642,7.325301939034927,2.8458633178653363,3,4.736103799504752
1092,0.1,1.498916666666667,8.799999999999999,14.989166666666668,0.0066848046505204,0.99,1,OK,8.793743848156652,1.5083077712685349,0.1005538514179023,0.1001963940129045,7.723416573575865,2.1922883916806484,3,11.480147750886712
1093,0.1,1.4990500000000002,8.21,14.9905,0.011657842405502,0.99,1,OK,8.198905879795987,1.4740642013897578,0.0982709467593171,0.0966819956700052,7.213621126612186,2.515010822412957,3,3.9745775873617735
1094,0.1,1.49805,7.78,14.9805,0.0098535132107831,0.99,1,OK,7.783010731870547,1.486370634988837,0.0992015996655508,0.0984533418567423,4.6011122394181045,1.3256634456071894,3,10.045005112063103
1095,0.1,1.49895,8.8,14.9895,0.0459713193023593,0.99,1,OK,8.899886457975844,1.4381190775385655,0.0958746051692377,0.092893908504151,2.4702647520189847,0.5710037401646227,3,10.382478730834949
1096,0.1,1.4983000000000002,6.840000000000001,14.983,0.0077068783015149,0.99,1,OK,6.819836600645459,1.5043842234743428,0.1004038413887214,0.099581394707013,2.9618030868540965,1.8708854828120765,3,7.912999377292448
1097,0.1,1.4983000000000002,9.58,14.983,0.0665799155550931,0.99,1,OK,9.52820512067288,1.4126626271024494,0.0942822665474382,0.0899264607110555,5.760765701915637,2.4099299757243378,3,10.393183185951814
1098,0.1,1.49805,8.4,14.9805,0.0370968259645524,0.99,1,OK,8.432355807213629,1.524847101939291,0.1017695507412207,0.1000141801682434,6.90421469887267,2.7669536809082835,3,15.58408010663372
1099,0.1,1.49825,3.0500000000000007,14.9825,0.0059874806202266,0.99,1,OK,3.0406901514477056,1.5126819634555957,0.1009576393852455,0.0998111900713065,6.063672086607861,2.05156251377443,3,9.421724985710824
1100,0.1,0.8223666666666667,9.3,8.223666666666666,0.0070986837654735,0.99,1,OK,9.308206240116114,0.8385949648301668,0.1018536394530567,0.1009037346685387,3.766912962388291,0.3766590563206842,3,4.122247352022645
1101,0.1,1.4993666666666667,7.739999999999999,14.993666666666666,0.0076191002360796,0.99,1,OK,7.739605993508592,1.48567073200114,0.0990447154667426,0.0984565542218938,6.246849949670144,1.5447019800393589,3,9.272348906945702
1102,0.1,1.4995833333333335,8.719999999999999,14.995833333333334,0.0272827975608408,0.99,1,OK,8.676537300886563,1.4660682372578544,0.0977378824838569,0.0962628602914509,6.032379875470584,1.876249299237243,3,12.17489860209188
1103,0.1,0.4680166666666667,8.27,4.680166666666667,0.0082093573645361,0.99,3,PARTIAL_AB,8.267773408120973,0.4735541782978443,0.1011147711667994,0.0996973993822215,6.006896388176424,1.732658729699624,2,5.386148125561427
1104,0.1,0.3578666666666668,7.029999999999999,3.578666666666668,0.0064385682216236,0.99,3,PARTIAL_AB,7.028977922447277,0.363658044993667,0.1014859660447442,0.1000167315532813,4.019325299055998,0.5436950741843191,2,6.005989217743579
1105,0.1,1.4995833333333335,6.799999999999999,14.995833333333334,0.0163999860934206,0.99,1,OK,6.829778026347998,1.475401511014916,0.0983601007343277,0.0966138645087341,4.502149094767733,1.5085470559762888,3,7.796005428171171
1106,0.1,1.4983000000000002,8.350000000000001,14.983,0.0290932565861531,0.99,1,OK,8.33160882228396,1.47448408297755,0.0984082814000589,0.0969596326223386,6.86559224502943,2.6100218074139496,3,14.506103874583635
1107,0.1,1.49895,1.1800000000000015,14.9895,0.0067138138869458,0.9749395455639898,1,OK,1.1962218994216478,1.5455558467699886,0.1030370564513325,0.0986013319061759,5.764712843682277,2.6597946512907846,3,10.440076172170508
1108,0.1,1.4983000000000002,8.7,14.983,0.0139309309685302,0.99,1,OK,8.716433480132476,1.5019091847065666,0.1002386552640645,0.0996028573519828,5.552712199129208,1.4820929834431245,3,12.423100062215193
1109,0.1,0.5736166666666667,6.01,5.736166666666667,0.0161473915860598,0.99,1,OK,5.9791214577569445,0.5851938657974805,0.1017728462256487,0.1000000665308013,5.405913377245679,1.760577898944618,3,14.783228844909022
1110,0.1,1.4996,7.680000000000001,14.996,0.0061391361760677,0.99,1,OK,7.678767357756759,1.495161137569831,0.099677409171322,0.098978214573169,5.771139958699205,1.9438155655766307,3,6.5159130246338135
1111,0.1,1.49825,5.05,14.9825,0.0073878018637129,0.99,1,OK,5.054942733391695,1.5061699350005802,0.1005230212458674,0.0998088398133304,7.023508508496787,2.135201753630413,3,14.300766874018231
1112,0.1,1.49815,9.24,14.9815,0.0075824571506802,0.99,1,OK,9.252621145487568,1.5013046739266267,0.1001983097170162,0.0992003255029837,4.766442806586811,1.262891894533444,3,4.721692771102303
1113,0.1,1.49815,9.03,14.9815,0.0095068561154098,0.99,1,OK,9.035303084405736,1.5045193463645792,0.1004128596016404,0.0999761987997707,7.765529398244579,2.4353328771715943,3,16.890840887196955
1114,0.1,0.48475,8.08,4.8475,0.006722362426971,0.99,3,PARTIAL_AB,8.066157169880894,0.4891226673939408,0.1008500345142146,0.0997767447608801,6.400305954502434,1.8534307042928104,2,7.533944388668907
1115,0.1,1.4995833333333335,1.7000000000000002,14.995833333333334,0.0098561127746119,0.9061231827565062,1,OK,1.695890527755095,1.525569484677146,0.1020447815837555,0.0999809160179417,5.22645386883964,1.985093813121641,3,51.91552674735406
1116,0.1,1.4986666666666668,8.989999999999998,14.986666666666668,0.0100749875996574,0.99,1,OK,9.00598776985952,1.505338062429147,0.1003558708286098,0.0992496130689016,4.513455341365949,1.1396354035783904,3,5.583093636388196
1117,0.1,1.4993666666666667,7.729999999999998,14.993666666666666,0.0246167453650052,0.99,1,OK,7.723685477873452,1.540075922737479,0.1026717281824986,0.1009296767275623,6.014801804510766,1.9690374232828391,3,8.457298102318454
1118,0.1,1.4995833333333335,2.4000000000000004,14.995833333333334,0.0081853059972567,0.99,1,OK,2.4265215377275053,1.5138315757795842,0.1009221050519722,0.099359648178705,6.114709055985593,1.9289186073668567,3,12.810421538474635
1119,0.1,0.5416166666666667,8.76,5.416166666666667,0.0070829088343466,0.99,1,OK,8.783404490368067,0.553637562363129,0.102210011513193,0.1015295276355053,7.412375665549111,2.1564737309679125,3,10.52322882784318
1120,0.1,1.4993833333333333,8.120000000000001,14.993833333333331,0.0852296498233719,0.99,1,OK,8.19840929907515,1.4147568009989615,0.0947381786383233,0.0902965588844825,4.676319829281456,2.488124864924124,3,12.929190800020676
1121,0.1,1.4995833333333335,1.760000000000001,14.995833333333334,0.0070035012188906,0.8964683826359532,1,OK,1.7684042492524403,1.490522003595346,0.0994786654234936,0.0978595548345385,6.2709362727278135,2.672222867207673,3,46.68358881450844
1122,0.1,1.49805,6.130000000000001,14.9805,0.0057492176507707,0.99,1,OK,6.134678552128486,1.5119092240307228,0.1009060661199592,0.1003957526529051,8.000326457045071,2.707671201495663,3,12.229616473394412
1123,0.1,1.4983000000000002,8.17,14.983,0.0170027136251376,0.99,1,OK,8.167689138376655,1.4945745786020657,0.0997491376152657,0.0982983437717872,6.433033145043268,2.017339372244928,3,7.523905678949867
1124,0.1,1.4986833333333331,2.27,14.986833333333331,0.0065537980909769,0.99,1,OK,2.274090690427169,1.5059220224741017,0.1003948014982734,0.0980077200613092,3.769152703303949,1.3096540428810797,3,5.536843125517397
1125,0.1,1.49805,9.83,14.9805,0.0087693430949126,0.99,1,OK,9.832149127322024,1.495152545081039,0.0997877115738179,0.0990296938572612,3.868873762841747,0.4976171698126707,3,7.487298785187907
1126,0.1,1.4993833333333333,7.92,14.993833333333331,0.0223481031189658,0.99,1,OK,7.906381619539328,1.4572216721700724,0.0973644769824101,0.0960634962463509,6.803901995111683,2.575436058876779,3,13.3560104541906
1127,0.1,1.4993666666666667,8.190000000000001,14.993666666666666,0.007695972988533,0.99,1,OK,8.172828533902212,1.4887633671349785,0.0992508911423319,0.0988063490230717,8.03348230429101,2.669102547263194,3,11.349897168512152
1128,0.1,1.49895,1.9799999999999984,14.9895,0.0058504219679035,0.9888878937410884,1,OK,1.9748168096064624,1.5038611216021212,0.100257408106808,0.0991510396300895,7.028527031015733,2.6901160287568104,3,18.953371932665025
1129,0.1,1.4995833333333335,9.87,14.995833333333334,0.0060571476811548,0.9880610635004192,1,OK,9.865926990245738,1.490215232796776,0.0993476821864517,0.0988976129659173,6.809917148721579,1.9544963657064625,3,7.975528704671998
1130,0.1,1.4983000000000002,7.27,14.983,0.0062658594182688,0.99,1,OK,7.262816482516069,1.489351451886355,0.0994005418389113,0.0989211032905292,7.919921178147571,2.5347955770835173,3,9.998069206008209
1131,0.1,1.49825,9.47,14.9825,0.0107830876888765,0.9808805680227812,1,OK,9.474463403636545,1.4885347141207204,0.0993460320881459,0.0987607679374499,7.693485013004531,2.5697046318435444,3,16.803784812096946
1132,0.1,1.4983000000000002,7.82,14.983,0.0070551779308911,0.99,1,OK,7.801976337246592,1.4991308454150454,0.100053226612795,0.0997290844768104,8.21169125506662,2.548980600986308,3,17.30861257391463
1133,0.1,1.49815,9.51,14.9815,0.0098535132107831,0.99,1,OK,9.503481443850175,1.4921666928973614,0.0995884333413144,0.0991192875170747,7.631181251432989,2.1327523815519736,3,12.13252353947447
1134,0.1,1.4986833333333331,8.04,14.986833333333331,0.0100724072587205,0.989178033451677,1,OK,8.024997173723015,1.5145631736768412,0.1009708782451227,0.1002540343114846,4.373410471563553,1.946056211755233,3,8.916276400075496
1135,0.1,1.4986833333333331,7.430000000000001,14.986833333333331,0.011631450471083,0.99,1,OK,7.435172803689837,1.4978516149557246,0.0998567743303816,0.0988984976625238,6.209990356245463,1.4655690891306083,3,9.121049616347907
1136,0.1,1.49825,9.51,14.9825,0.0064245752999894,0.9777100755113756,1,OK,9.512795770249983,1.501088276846048,0.100183867197734,0.0998721707285432,7.827081348207533,2.156592623828456,3,18.11429882230268
1137,0.1,1.4983000000000002,7.27,14.983,0.0250288821648113,0.971171533137443,1,OK,7.297492922207815,1.507885825162911,0.1006375411677137,0.0989314354767355,6.711683074701094,2.59865825577146,3,22.234035056428784
1138,0.1,1.498916666666667,1.0099999999999998,14.989166666666666,0.0169941844818285,0.9799777275463916,4,OK,0.9828783436864724,,,,,,0,1.5075376884422125
1139,0.1,1.4983000000000002,10.02,14.983,0.0096614870147626,0.99,1,OK,10.006569064278862,1.484982947208414,0.0991089842408285,0.0982235773827065,5.99726300511397,2.725054565981453,3,4.884718316600883
1140,0.1,0.4464166666666667,8.71,4.464166666666667,0.0077611024764285,0.99,3,PARTIAL_AB,8.696896731112394,0.4529178773472844,0.1013995247792427,0.1000916617691439,5.081613121150553,1.5692006486536751,2,6.531384274088896
1141,0.1,0.7475,9.69,7.475,0.0195674706091581,0.99,1,OK,9.685177595033275,0.7665164829787775,0.1024298195517297,0.0993272568156598,1.650218395803368,1.4992884355527567,3,3.4234580904054304
1142,0.1,1.4988333333333332,3.780000000000001,14.988333333333332,0.061926110912669,0.99,3,PARTIAL_BC,3.5933904362185576,1.8916054844512535,0.1262473070823973,0.109374635282557,-2.165736709885659,4.832117995410511,2,4.604685987738727
1143,0.1,1.49805,8.290000000000001,14.9805,0.0060186274468497,0.99,1,OK,8.273866081596896,1.501037774537825,0.1001804966321129,0.0997462995423307,4.320359382592363,2.2935094015318227,3,7.277623094645972
1144,0.1,1.4993833333333333,2.640000000000001,14.993833333333331,0.0122334652931125,0.99,1,OK,2.633289999088084,1.4962583991927392,0.0997505599461826,0.0963099017193725,2.138487883044017,1.6013835517202997,3,6.325341284442424
1145,0.1,1.4983000000000002,8.32,14.983,0.0075380710730467,0.99,1,OK,8.31723574363222,1.485123828359538,0.099118386764819,0.0986405813837361,8.147847060957496,2.628917725157476,3,10.588845457289578
1146,0.1,1.4995833333333335,1.760000000000001,14.995833333333334,0.0096208800831089,0.8964683826359532,1,OK,1.7598157461169546,1.4733175118666009,0.0994365024881845,0.0977518065799065,5.999223991969655,2.45336680009758,3,63.407825254442095
1147,0.1,1.4990500000000002,8.74,14.9905,0.0136981616777525,0.99,1,OK,8.739120171562021,1.5043313444461994,0.1002887562964132,0.0994897539340594,3.942988139339605,0.7579936307574764,3,10.93835568560241
1148,0.1,1.4983333333333333,1.3099999999999996,14.983333333333333,0.0157119383298435,0.925415319755001,1,OK,1.339932287361524,1.4928189442886863,0.1000772476618113,0.095281930105115,4.787856663555568,2.2129806939832064,3,49.16698047167437
1149,0.1,1.4993833333333333,8.8,14.993833333333331,0.0070311957031453,0.99,1,OK,8.803139983023932,1.5130058705036356,0.1008670580335757,0.1000911701962021,7.32827520782723,2.854059553324616,3,5.740524972778084
1150,0.1,0.4565666666666668,7.97,4.565666666666668,0.0061912984038832,0.99,3,PARTIAL_AB,7.961412251415841,0.4562148420980657,0.099901060313445,0.0991009316221903,4.988883242020639,1.0138951037844413,2,7.556615640688643
1151,0.1,1.4990500000000002,8.3,14.9905,0.035729061110621,0.99,1,OK,8.33256517685165,1.4458180050208314,0.0964950837611233,0.0945564717765623,6.4239210597042575,2.47124379676874,3,13.462806401973856
1152,0.1,1.4993666666666667,8.14,14.993666666666666,0.0781726228663996,0.99,1,OK,8.07857196582496,1.6065601575251498,0.1072231473320456,0.1026286928144725,3.390558688212316,1.0933466095192592,3,13.595110455771271
1153,0.1,0.5219499999999999,8.93,5.219499999999999,0.0075824571506802,0.99,1,OK,8.927428252015758,0.5251189473350637,0.1003412001277191,0.0991329077066788,5.688531400708436,2.40111799165275,3,5.769492988344622
1154,0.1,1.4993833333333333,9.1,14.993833333333331,0.0157830413639746,0.99,1,OK,9.076771595112248,1.4982094824082322,0.0998806321605488,0.0987407944505244,7.113462855688965,2.70675155740601,3,8.586032421800812
1155,0.1,0.8396333333333335,7.91,8.396333333333335,0.0106208716348113,0.99,3,PARTIAL_BC,7.910257017796642,0.8333932938763436,0.0992134873662313,0.0972284459198136,0.822854303749018,3.8600425303975143,2,3.706616244496871
1156,0.1,1.4983000000000002,7.51,14.983,0.0914462429882475,0.99,1,OK,7.571680716880357,1.4997412688223155,0.100205429988128,0.0911399971548018,4.039826229154573,1.6574257819634888,3,6.511987917492548
1157,0.1,1.49805,8.450000000000001,14.9805,0.0069835216720556,0.99,1,OK,8.463829688507635,1.500809773455278,0.1001652796521876,0.0997627561550275,6.844990541478532,1.6478992145293,3,11.897482822179594
1158,0.1,1.49805,9.41,14.9805,0.0070750081789634,0.99,1,OK,9.40723209742313,1.4877431826556848,0.0992932046266308,0.0987325646487989,7.9262278478084145,2.423153636851647,3,8.400935772185404
1159,0.1,0.3996833333333334,7.81,3.9968333333333335,0.0075418172181271,0.99,3,PARTIAL_AB,7.819039536548891,0.3965279064143176,0.0991319766035794,0.0983750607664404,3.2571570330592485,0.4607009881800337,2,13.533812484164734
1160,0.1,1.4995833333333335,10.18,14.995833333333334,0.0059544613616726,0.99,1,OK,10.200740170654733,1.496865831716323,0.0997910554477548,0.0991963821854625,4.1173954236851005,0.6951563809373397,3,5.68520040231199
1161,0.1,1.4993666666666667,8.72,14.993666666666666,0.0280858383829534,0.99,1,OK,8.687753213803829,1.4983247418406127,0.0998883161227075,0.0988231591179091,7.1308966877645386,2.5596719376878294,3,19.9031374236471
1162,0.1,1.4990500000000002,9.2,14.9905,0.0067675500244426,0.99,1,OK,9.195561255687164,1.4990191434298328,0.0999346095619888,0.099420217821822,5.368378822632119,1.1341942012368746,3,7.443313675867855
1163,0.1,1.49825,8.13,14.9825,0.0136180709545434,0.99,1,OK,8.125931669100515,1.486390633732965,0.0992029343981956,0.097977013909817,5.285669544758461,1.5386960416230842,3,9.6103966378225
1164,0.1,1.4995833333333335,9.81,14.995833333333334,0.0071221752462381,0.99,1,OK,9.797462110839971,1.497673451431657,0.0998448967621104,0.0994502611374976,7.634345193690376,2.196838722996618,3,11.2607235963017
1165,0.1,1.4988333333333332,8.55,14.988333333333332,0.0399398223065979,0.99,1,OK,8.4797007671877,1.469538474550117,0.0985165457798961,0.0941767706599217,4.689276512241638,1.57650557025494,3,5.768926467458585
1166,0.1,1.4983000000000002,7.27,14.983,0.0157830413639746,0.971171533137443,1,OK,7.267569705033857,1.4864439911880258,0.0992064955186669,0.0977725329304354,5.114818020834794,1.6483244700371378,3,17.196061818641784
1167,0.1,1.4982,7.87,14.982,0.0086988189903281,0.99,1,OK,7.859664090787525,1.502549810242143,0.1002814111396313,0.0996069838566426,4.929859486558584,2.79625447549648,3,8.964247591805128
1168,0.1,1.4996,1.83,14.996,0.0112277285816898,0.9565836890167156,1,OK,1.8248966473947936,1.4206162120416144,0.0959875818947036,0.0930489387973196,5.843720009276906,2.5857899063011254,3,23.41715614966561
1169,0.1,1.499083333333333,2.2,14.990833333333333,0.0207156586856806,0.99,3,PARTIAL_BC,2.2196956627960613,1.576158174947027,0.1064971739829072,0.0964405321155822,0.0473490196313363,4.423243594682435,2,4.968809733144387
1170,0.1,1.4988333333333332,8.440000000000001,14.988333333333332,0.0081409446691401,0.99,1,OK,8.415343412864571,1.5144689159483522,0.1009645943965568,0.1004873085256673,7.77578453414817,2.7660614965249173,3,11.542431554308688
1171,0.1,1.4993833333333333,8.08,14.993833333333331,0.0071848268078031,0.99,3,PARTIAL_BC,8.100964410976106,1.4982293033898868,0.0998819535593257,0.0988624310233134,0.1695077895728523,2.443499213951392,2,4.195765017198471
1172,0.1,1.49895,3.65,14.9895,0.0223742266066453,0.9899518847167588,1,OK,3.6632436946653657,1.484658282160786,0.098977218810719,0.0965084090561931,6.187189117411743,2.56574117360064,3,16.982006153900997
1173,0.1,1.49805,0.96,14.9805,0.0076995691836726,0.89718432113775,4,OK,0.9617454170995554,,,,,,0,1.5075376884422125
1174,0.1,1.49815,7.81,14.9815,0.0086763408958633,0.99,1,OK,7.823149514667925,1.4851238963812647,0.099118391304645,0.0984650626622861,4.154349695832346,0.4754413418027213,3,8.616675291824434
1175,0.1,0.3294,8.41,3.294,0.0063896001263956,0.99,3,PARTIAL_AB,8.415194693522622,0.3315718478271156,0.1004763175233683,0.0995779288241198,6.730012518071606,1.9097124056396684,2,8.023918019474516
1176,0.1,1.49815,7.83,14.9815,0.0113121264940131,0.99,3,PARTIAL_BC,7.816085601237662,1.4992895859889417,0.100063821089362,0.098854182750807,-2.500837469484956,6.693479870499113,2,4.785851416200862
1177,0.1,1.4993666666666667,6.910000000000001,14.993666666666666,0.0078430717263507,0.99,1,OK,6.887066233777967,1.4941509372298534,0.0996100624819902,0.098869439033258,7.776940522519297,2.6027657011716063,3,9.840479358745462
1178,0.1,0.3075833333333333,7.949999999999999,3.075833333333333,0.0092685106436536,0.99,3,PARTIAL_AB,7.963897337489951,0.3112730202049213,0.1009534119583528,0.0993876852385007,6.749362042061565,2.075245868393534,2,10.328293549548182
1179,0.1,1.4996,8.34,14.996,0.0900664681226564,0.99,3,PARTIAL_BC,8.402061753374836,1.653776677096823,0.1103744167139147,0.1022381500664344,2.382645533121209,2.740348665822745,2,8.237874849286476
1184,0.1,0.3807,8.0,3.807,0.0963323414597123,0.99,3,PARTIAL_BC,7.945093811420252,0.5286015301354966,0.1384982175027501,0.1243081498292107,-2.3596644146439,4.592643604962906,2,9.082515596094304
1185,0.1,1.49805,8.24,14.9805,0.0171713303541034,0.99,1,OK,8.250972638705733,1.485078360792717,0.0991153522219833,0.0984810517678947,7.470986611605892,2.709162679204516,3,18.535315079140968
1186,0.1,1.49805,7.65,14.9805,0.0391606472911637,0.99,1,OK,7.676668171861152,1.4473482217713616,0.0965972116866314,0.0933449519234527,5.716631466939215,2.5399809558629247,3,8.237801981383456
1187,0.1,1.3384166666666664,10.02,13.384166666666664,0.0081409446691401,0.99,1,OK,10.015129456810293,1.3421144787387516,0.1001577969208023,0.0996484095468797,5.420060659676585,1.6453386559678231,3,8.574686238176582
1180,0.1,1.4983000000000002,9.46,14.983,0.1138860060383392,0.99,1,OK,9.48470715197372,1.6703277508081245,0.1117276087497073,0.0988893736873079,4.074285518047676,2.7549862887619687,3,4.949439129975215
1181,0.1,1.4986666666666668,9.33,14.986666666666668,0.0174683903996136,0.99,1,OK,9.31582138294712,1.4970754585900417,0.0998050305726694,0.0986799906132826,6.4219058685731145,2.4244413375844167,3,7.724184288718754
1182,0.1,0.3462,8.08,3.462,0.0062950349723525,0.99,3,PARTIAL_AB,8.075740615165191,0.3451985460296795,0.0995765036624075,0.0989699350206006,7.256831370541585,2.0396923917262297,2,12.613137876429354
1183,0.1,1.49815,7.92,14.9815,0.0075935502049109,0.99,1,OK,7.905329801082821,1.5063716015571964,0.1005364806378551,0.0998048350787715,7.189071914180843,2.593819936989844,3,7.64197504698618
1188,0.1,1.4996,7.750000000000001,14.996,0.0070265924936501,0.99,1,OK,7.75516908372368,1.5046086034669657,0.100307240231131,0.0996128615220083,6.758906100768073,2.125727531065936,3,5.535538555622134
1189,0.1,0.4146666666666667,7.99,4.1466666666666665,0.0125985745819846,0.99,3,PARTIAL_B,7.950681546705255,0.4248189244375166,0.1023660058885582,0.0983192267216365,0.5376966433755472,1.638610193018491,1,3.232640881172771
1190,0.1,1.49815,7.790000000000001,14.9815,0.0205120634928581,0.99,1,OK,7.798457580532162,1.4955113889031408,0.0998116611058825,0.0980599460779414,7.055627608212521,2.7044604220673736,3,9.133579355830676
1191,0.1,0.756,8.67,7.56,0.0066848046505204,0.99,1,OK,8.657324311161723,0.764173549353192,0.1012150396494294,0.1005904146820448,5.880368565613885,1.2260147487224962,3,10.436376364716825
1192,0.1,1.2109666666666667,8.87,12.109666666666667,0.0775743803338601,0.99,1,OK,8.834399014881917,1.2331059991730282,0.1017694084599473,0.0974259151602485,5.60087958739686,2.139171899395409,3,11.529184405223727
1193,0.1,1.49895,9.69,14.9895,0.044618692725047,0.99,1,OK,9.602294176295286,1.4692711156913751,0.0979514077127583,0.0956580269908298,5.320544121363118,1.8035555068293232,3,13.313612192459509
1194,0.1,1.4983000000000002,8.129999999999999,14.983,0.0079848380412385,0.99,1,OK,8.126380217282097,1.487530921889875,0.0992790381684009,0.0988513759257828,8.08646965842151,2.5925404999140254,3,14.433286944167152
1195,0.1,1.4990500000000002,9.37,14.9905,0.0053925662890203,0.99,1,OK,9.368971484998603,1.5010066781035158,0.1000671118735677,0.099783406933508,8.748250619584264,2.536464868581076,3,12.37953113811944
1196,0.1,1.4996,7.49,14.996,0.0714901889002196,0.99,1,OK,7.30145602969127,1.548313518185798,0.1032209012123865,0.0982487184785396,5.958993801697285,2.760232091675612,3,10.805614614739918
1197,0.1,1.4993833333333333,3.3599999999999994,14.993833333333331,0.0115929196268726,0.99,1,OK,3.3830753580931807,1.5360038878959683,0.1024002591930645,0.1009931631282871,6.4359185187789,2.21840053797272,3,14.092517352038058
1198,0.1,0.6502500000000001,8.8,6.5025,0.0140965761393752,0.99,1,OK,8.78962505900565,0.6557294237822372,0.1006234409896016,0.0989156362678412,5.281203029793142,1.927485474753172,3,6.253229199796291
1199,0.1,0.5752,7.890000000000001,5.752,0.0545297091700384,0.99,1,OK,7.93182501198305,0.5501047502125337,0.0953938873200925,0.0863184550154572,2.577080254821849,2.009977992415989,3,5.715838222707723
1200,0.2,0.7624,8.12,3.812,0.0685067586670382,0.99,1,OK,8.061411078979773,0.7941105850970319,0.2080639087590476,0.1950180745524472,4.994585592595772,2.4214931055507645,3,6.9902148444859575
1201,0.2,2.9976666666666665,8.82,14.988333333333332,0.0091010872949006,0.99,3,PARTIAL_BC,8.826028873554081,3.007967669053535,0.2005311779369023,0.199506501619546,-7.88064384470912,12.525889540655363,2,6.912259493123296
1202,0.2,2.999166666666667,8.74,14.995833333333334,0.0229652982062115,0.99,1,OK,8.755316253425205,2.9559899751313545,0.1979457572632603,0.1966587546484041,9.00404731147328,4.12733240386968,3,13.452533608837332
1203,0.2,2.9965,8.35,14.9825,0.0607263945803122,0.99,1,OK,8.409206655259055,2.9877126284440934,0.1994024001186269,0.1936156194847427,7.165098386418653,4.357596570951075,3,9.566872383818929
1204,0.2,2.9961,8.43,14.9805,0.0078399704531046,0.99,1,OK,8.426999616056015,3.003629742697352,0.2004647214258522,0.1999896196482933,10.219091804610654,4.419287906682886,3,12.16468823870773
1205,0.2,1.2666666666666666,8.14,6.333333333333333,0.0085497512434713,0.99,1,OK,8.14286672060064,1.2745515238114158,0.2012449774439077,0.2006003462676037,8.195168845372603,2.5013300907060176,3,11.115369901900891
1206,0.2,2.9961,8.52,14.9805,0.0062569871458375,0.99,1,OK,8.535126544482521,2.9906280683777062,0.1995969789796022,0.1991737287216843,10.274424018745185,4.418425665099393,3,9.91976983879512
1207,0.2,2.999166666666667,8.66,14.995833333333334,0.0064871504336109,0.99,1,OK,8.657671395516717,2.9910142530850656,0.199400950205671,0.1988835952361573,9.855205830912244,4.5653444261862335,3,10.974534575663531
1208,0.2,2.9965,2.05,14.9825,0.0147453522006982,0.99,1,OK,2.053382083936709,2.783970770730449,0.189171286799351,0.1861357006021219,7.332868556402623,3.669575165329198,3,15.673321692053577
1209,0.2,0.7291333333333333,8.59,3.645666666666666,0.0063852661965891,0.99,1,OK,8.584672884974296,0.7275053598226472,0.1993165369377115,0.1979104311099197,4.324096587608883,2.110381541486161,3,5.839545246721063
1210,0.2,2.9964,7.569999999999999,14.982,0.0280160548410917,0.99,1,OK,7.555518961083907,2.9986627616766084,0.2001332210240228,0.1960430144852198,8.455543782213152,4.157442464697333,3,7.624157554453679
1211,0.2,2.9966000000000004,8.56,14.983,0.0280858383829534,0.99,3,PARTIAL_BC,8.578087047095279,2.955993436145209,0.1992804563693399,0.1958982316640187,-0.7780362337861121,3.0610317271878777,2,5.00583201149443
1212,0.2,2.9964,7.98,14.982,0.0125985745819846,0.99,1,OK,8.031991306497675,3.021091612075851,0.2016301409616808,0.199951277393626,5.863061024882824,2.889918862855959,3,7.646795234770322
1213,0.2,2.9994000000000005,8.67,14.997000000000002,0.0825116085656947,0.99,1,OK,8.764191941002917,2.927028980689665,0.1984426427586214,0.1935409502901421,3.1470949265344537,0.453546055693671,3,14.549458864584768
1214,0.2,0.9596,7.800000000000001,4.798,0.0407205789263663,0.99,1,OK,7.828993004510949,0.928417407267262,0.1934202931806796,0.1857784761461659,5.8101919717299255,2.333571748048995,3,5.491836630089904
1215,0.2,2.9961,8.04,14.9805,0.0067085485123387,0.99,1,OK,8.041822658652077,3.004937846852261,0.2005520253738995,0.1996505941359422,9.645294857120192,4.444681858234685,3,6.953627096297344
1220,0.2,2.9992,8.84,14.996,0.0070279842048393,0.99,1,OK,8.831276875929507,2.995145301415109,0.1996763534276739,0.198982720795168,7.457036703577975,2.28434310285866,3,7.045362651489946
1221,0.2,0.9967666666666668,8.63,4.983833333333334,0.0194771847810273,0.99,1,OK,8.606433765845527,1.021577550252336,0.2049988395155189,0.2036253063624684,7.352215865725041,2.286888361054944,3,18.030175312414645
1222,0.2,2.9966000000000004,8.16,14.983,0.0132180692642343,0.99,1,OK,8.171469639400671,2.9868567583772774,0.1993452786458694,0.1979612909675498,5.554332397371328,2.0493582502206777,3,7.857341951283413
1223,0.2,2.9987666666666666,6.66,14.993833333333331,0.0399005941663926,0.99,3,PARTIAL_BC,6.682171859229761,3.039365378939028,0.2026243585959352,0.1981597151141417,-5.000348299185926,8.273816498337982,2,8.917381844610283
1216,0.2,2.9965,8.15,14.9825,0.0067885941980414,0.99,1,OK,8.141506211361632,3.002392264552567,0.2003821311158554,0.1994531959732563,9.173474678574882,4.0219438710620645,3,5.651581971039553
1217,0.2,2.9966000000000004,6.840000000000001,14.983,0.007290813748882,0.99,1,OK,6.847934949930702,3.014276518903188,0.2011752960335832,0.2002454873014823,6.583553552313082,1.4043745675289043,3,8.69582189002039
1218,0.2,2.998733333333333,7.239999999999999,14.993666666666666,0.0375716962473449,0.99,1,OK,7.276509657874266,2.907429390546061,0.1949114675226409,0.1924861514927372,8.20792963069459,4.30636993769132,3,11.959493676850812
1219,0.2,2.9987666666666666,8.82,14.993833333333331,0.0082465717530451,0.99,1,OK,8.829448544704103,3.0012717071652832,0.2000847804776855,0.1990873903982805,6.460014029332496,1.343361074578819,3,5.797023229070055
1224,0.2,0.9695,8.08,4.8475,0.0078149264095333,0.99,1,OK,8.071218702253393,0.963500030764309,0.1986598001575895,0.1972686880306501,6.38713799832637,2.1803519379445584,3,5.798035948147861
1225,0.2,2.9964,7.889999999999999,14.982,0.0308029351097401,0.99,1,OK,7.896814764298527,2.9026765920696898,0.1954664371764101,0.1929061636926239,8.477909437675436,4.162988393536423,3,11.82260770628935
1226,0.2,2.9987666666666666,9.25,14.993833333333331,0.0081510704911929,0.99,3,PARTIAL_BC,9.255764349067295,2.9939321279840065,0.1995954751989337,0.198948176796668,1.3461256044618302,3.555900423959428,2,10.477596011479958
1227,0.2,2.9965,7.029999999999999,14.9825,0.0092896367781875,0.99,1,OK,7.045926778034794,2.9880363714215377,0.1994240069914263,0.19801034285712,7.714135103511973,2.7143476645140776,3,6.518890610647121
1228,0.2,0.6120000000000001,8.61,3.0600000000000005,0.0963323414597123,0.99,1,OK,8.473816715931775,0.5816110351142147,0.1896557723198526,0.1683641722220189,3.736570377986729,1.689660210826669,3,6.74005346993309
1229,0.2,2.9961,9.83,14.9805,0.0099157525004916,0.99,1,OK,9.844267583002209,2.985693663460907,0.1992676527337646,0.1987342053491438,8.616261574281527,3.076493242055605,3,14.88659811556404
1230,0.2,2.9964,7.98,14.982,0.0142187204688481,0.99,1,OK,7.974581505095767,2.967186164711094,0.1980324470329985,0.196907107382367,9.506346104780963,4.36764648169802,3,10.386934023765152
1231,0.2,2.9987666666666666,7.330000000000001,14.993833333333331,0.0076995691836726,0.99,1,OK,7.342345823919092,2.9917122332714565,0.1994474822180971,0.1987823846313374,7.988256181467238,2.969872389427101,3,8.609951675530414
1232,0.2,2.998733333333333,6.380000000000001,14.993666666666666,0.0074297479501424,0.99,1,OK,6.389867756929695,2.9810176223448237,0.1993991720631989,0.1989675059198713,8.850543215465567,3.0944683423738697,3,19.280646617943795
1233,0.2,1.2268333333333334,9.03,6.134166666666667,0.0080927116804651,0.99,1,OK,8.99505176028619,1.210263470560387,0.1973255658522369,0.1961033939942277,7.929826402490789,2.3309123331672725,3,5.564996285351935
1234,0.2,2.997833333333334,9.71,14.989166666666668,0.008216167303672,0.99,1,OK,9.70824206627654,2.9903895623483456,0.1993593041565563,0.1989429662040515,9.517185985946645,3.630137230734889,3,11.921845015736457
1235,0.2,2.999166666666667,8.030000000000001,14.995833333333334,0.0107596961557286,0.99,1,OK,8.048991508382544,2.994701239103471,0.1996467492735647,0.1985463568397559,6.600920944720438,1.9443074403681933,3,6.451101283571226
1236,0.2,2.9992,7.78,14.996,0.0285274276792378,0.99,1,OK,7.7890417988604,2.911408734158008,0.1940939156105338,0.1901721414732874,6.965044115803511,2.90740349821983,3,5.652016412356169
1237,0.2,2.9981000000000004,8.97,14.9905,0.01135131287342,0.99,1,OK,8.963057865820172,2.992986683742232,0.1995324455828154,0.1988979542905544,9.962963106153968,4.316752596783923,3,13.51247428004247
1238,0.2,2.9976000000000003,1.62,14.988,0.0064096064243408,0.99,1,OK,1.6128782571354492,3.03906995272952,0.2026046635153013,0.2005614985431617,6.678140437605231,2.6831142140318422,3,11.438332416662572
1239,0.2,2.998733333333333,9.04,14.993666666666666,0.009195814682361,0.99,1,OK,9.029362022825817,2.9790784492241764,0.1986052299482784,0.197673406113825,8.727510467345828,3.867614178845426,3,8.125969839987796
1240,0.2,2.9981000000000004,8.97,14.9905,0.006532357075586,0.99,1,OK,8.975584029983834,2.987534314468607,0.1991689542979071,0.1987994939178444,9.87236889337528,3.885002224751505,3,14.357596648564773
1241,0.2,2.0004000000000004,9.49,10.002,0.0089741942276029,0.99,1,OK,9.500037204355785,1.984694879127476,0.1981392558197147,0.1975600241589098,8.859608577359197,3.1843148674970028,3,10.864919217245948
1242,0.2,2.9987666666666666,9.29,14.993833333333331,0.0067762112032868,0.9842260913882878,1,OK,9.281259535054204,2.997046722300648,0.1998031148200431,0.1991708466962047,5.892889636117289,3.422260543061697,3,8.283854878121303
1243,0.2,1.5417666666666667,9.81,7.708833333333333,0.046338513341678,0.99,1,OK,9.7433858723813,1.5308344212917058,0.1983802705777588,0.1947082611223455,6.02465587796692,1.7473920357684736,3,9.820177675979874
1244,0.2,1.1271666666666669,7.34,5.635833333333333,0.0259742707388888,0.99,3,PARTIAL_BC,7.374578521066962,1.0868143334593456,0.1923565191963443,0.1866720458634601,-7.548549991274067,9.063223674236218,2,4.554320662368406
1245,0.2,1.4952666666666667,9.35,7.476333333333333,0.0683072739091804,0.99,1,OK,9.4943089203202,1.326595535511697,0.1772733455026766,0.1709311091657214,5.312627965355532,1.9408573796158968,3,9.215688937476775
1246,0.2,2.9966000000000004,9.56,14.983,0.0056807134968303,0.9817666716625348,1,OK,9.56054874838211,2.99004224659906,0.1995578807518838,0.1991165305486786,9.943558440571191,3.8148115301531016,3,13.56185467065473
1247,0.2,0.7889333333333335,8.0,3.944666666666667,0.0095156665953978,0.99,1,OK,8.00972929261985,0.7920223868916711,0.2005119966814357,0.1990542241587107,5.47885207497791,1.4540939275136275,3,8.618151263991523
1248,0.2,1.5150333333333332,9.7,7.575166666666666,0.0065063903683549,0.99,1,OK,9.712830732808596,1.519672158523701,0.200396328596532,0.2000903891025772,8.689608854619484,2.663883029968341,3,19.693769258174346
1249,0.2,2.997833333333334,2.049999999999999,14.989166666666668,0.0706101563760143,0.9810284108903268,1,OK,2.11658711593857,2.5105193097536325,0.1673679539835754,0.134934385338573,3.777963961626521,2.093008494114208,3,8.190767452832132
1250,0.2,2.999166666666667,8.309999999999999,14.995833333333334,0.0072506521236498,0.99,1,OK,8.303392004870874,2.999613333992281,0.199974222266152,0.199443684575429,4.144480720785157,1.2338759644825663,3,11.658719188825248
1251,0.2,2.9966000000000004,8.64,14.983,0.0078710663953735,0.99,1,OK,8.616876742115828,2.988837494864468,0.1994774746294416,0.1989885191461484,9.47895197476429,3.764430283434979,3,14.717611349826614
1252,0.2,2.9965,8.61,14.9825,0.0072978102213242,0.99,1,OK,8.616992621250404,3.0175789510951425,0.2013957030764277,0.2008177714435573,9.857932142529451,4.156951756532199,3,9.992250211618288
1253,0.2,2.999166666666667,10.31,14.995833333333334,0.0056807134968303,0.99,1,OK,10.308663338260091,2.9981735893234704,0.2001005732585186,0.1993360202902846,7.782061874353414,3.3404686346284764,3,5.275346343639864
1254,0.2,2.998166666666666,2.369999999999999,14.990833333333333,0.0287763107892554,0.99,3,PARTIAL_BC,2.4359957535517083,2.8025524657133767,0.1906498275995494,0.1736748700850811,-4.823305971804516,6.627561942599052,2,3.6681468834716258
1255,0.2,2.9966000000000004,8.97,14.983,0.0078149264095333,0.99,1,OK,8.96035699687605,2.9886715135890807,0.199466396902497,0.1981738994723478,8.742730885498897,4.707127046377962,3,4.059544332051362
1256,0.2,2.9965,5.19,14.9825,0.0092352118886027,0.99,1,OK,5.182535576799508,2.999412124596593,0.2001832341221307,0.1991464321598454,9.133349823799696,4.113177928862097,3,12.9852122579389
1257,0.2,2.9963,7.3,14.9815,0.0060571476811548,0.99,3,PARTIAL_BC,7.296124501011639,2.99806812855802,0.2000935347202238,0.1992717659334689,1.1433467539792617,4.236986683763469,2,5.8129196131548175
1258,0.2,1.1202333333333336,7.4,5.601166666666668,0.0101581362357399,0.99,1,OK,7.429836597276254,1.1341096660936316,0.2019186349128127,0.2004961098883649,7.749041764943788,2.425847741640756,3,7.354197366086454
1259,0.2,2.9979,8.62,14.9895,0.0072736012082862,0.99,1,OK,8.618070452406752,3.0064861089160506,0.20043240726107,0.1998452230770621,9.671280667774262,4.13828936262059,3,10.420011659615508
1260,0.2,2.9992,7.729999999999998,14.996,0.0207156586856806,0.99,1,OK,7.686861365636702,2.9639038943850613,0.197593592959004,0.1948617502248612,6.832245398363691,2.940335839594948,3,6.281595894904496
1261,0.2,2.9964,8.86,14.982,0.007262148652907,0.9885471074447624,1,OK,8.852352063699879,3.007970144903663,0.2007544034418462,0.2002581120483721,10.171331136428714,4.413617043994813,3,13.219342886021993
1262,0.2,2.9966000000000004,5.340000000000001,14.983,0.0073878018637129,0.977887827112816,1,OK,5.34960826730486,2.998474458266952,0.2001206534994628,0.1994426743543986,8.840967682628602,3.477759562871872,3,25.052677056552778
1263,0.2,1.6922666666666666,7.869999999999999,8.461333333333332,0.006579657783885,0.99,1,OK,7.889508260183847,1.6976865057163464,0.2005141542184661,0.199515709649994,8.358633844847233,2.9686309760496195,3,6.2919827545750335
1264,0.2,2.9981000000000004,1.6500000000000004,14.9905,0.0269341277863945,0.99,1,OK,1.59917497444357,2.90998961091099,0.1959588963576424,0.1787181166521199,6.21735877320166,4.264890117475647,3,6.388474107191622
1265,0.2,2.9966000000000004,8.54,14.983,0.0049718816583764,0.99,1,OK,8.54801931921636,2.9870989533954937,0.1993614429407448,0.1989547605077824,4.5187293685059045,1.786545100901704,3,9.324906456319184
1266,0.2,2.9976000000000003,8.3,14.988,0.0074031406771142,0.99,1,OK,8.299659394533974,2.992930534166087,0.1995287022777391,0.1988200501854921,6.126281780382884,1.291605123795859,3,8.00343544857152
1267,0.2,2.9987666666666666,8.290000000000001,14.993833333333331,0.0755690454981986,0.99,1,OK,8.20829634663189,2.952497797689876,0.1985985065710679,0.1930350049389692,5.497709334190669,2.2641793645949333,3,8.941974580659078
1268,0.2,2.9973333333333336,6.32,14.986666666666668,0.0103463510411048,0.99,1,OK,6.3060704857185685,2.993448607041626,0.1997852240517214,0.1980852852040907,8.671475079822534,4.546166908932596,3,5.873900839590521
1269,0.2,2.9963,7.959999999999999,14.9815,0.0086956576410889,0.99,1,OK,7.953648981673854,2.996144378274772,0.1999651420428101,0.1993389007793109,8.89873363431494,3.824221175092225,3,10.893079068181496
1270,0.2,2.9981000000000004,1.6500000000000004,14.9905,0.0087168423565334,0.99,1,OK,1.6371778938079995,3.0410666063262317,0.2034158265101158,0.1984170882343869,7.891057436058756,4.384532408245853,3,6.557387254245519
1271,0.2,2.9966000000000004,8.69,14.983,0.0076595506476489,0.99,1,OK,8.708191196111942,2.99972190468009,0.2004268533193824,0.1997698852609231,7.093250720175078,1.5206733877624314,3,9.412138875902125
1272,0.2,2.1836,9.21,10.918,0.0381228927808613,0.99,1,OK,9.20126452503689,2.1628486577764425,0.1978215235771136,0.1955414047397021,7.453073611341308,3.337061037642822,3,12.87730869686268
1273,0.2,2.7035666666666667,9.71,13.517833333333332,0.0066344157448884,0.99,3,PARTIAL_BC,9.723901474055598,2.713437797864621,0.2005003298914744,0.1996517214808278,1.30944685117604,2.252483742838874,2,4.471275882740403
1274,0.2,2.9987666666666666,9.19,14.993833333333331,0.0577785763714594,0.99,1,OK,9.149058809341852,2.972394500975094,0.2006115523717723,0.1972118417696635,4.61882418786828,1.1969275405922983,3,13.268126861571334
1275,0.2,2.9981000000000004,9.54,14.9905,0.007739453545298,0.99,1,OK,9.521332619363251,3.008608792989304,0.2005739195326202,0.200026478235682,10.030743974010257,4.290044456410623,3,10.981561304763018
1276,0.2,2.997833333333334,1.540000000000001,14.989166666666668,0.0760198997402948,0.99,1,OK,1.5997023493848932,2.609509383149982,0.1785297183454947,0.1464627654161676,3.186757078534397,1.2819011634124704,3,6.965280014626684
1277,0.2,2.9966000000000004,9.89,14.983,0.0115953396485827,0.99,1,OK,9.91027851044826,2.97489594252246,0.198547003950331,0.1977095026004506,6.569289404776319,3.2917369636679807,3,9.107497993327147
1278,0.2,1.2778333333333336,7.3,6.389166666666667,0.0082465717530451,0.99,1,OK,7.27527888391629,1.2603200642143737,0.1974391745505546,0.1963047705155498,7.609186933411396,2.588827863175323,3,8.330892650762115
1279,0.2,2.9973333333333336,10.41,14.986666666666668,0.0070494573151269,0.99,1,OK,10.40307540986974,2.990522797231462,0.1993681864820974,0.1989767575384428,9.886198165919396,3.794633139605837,3,13.423379516541994
1280,0.2,1.5683,7.640000000000001,7.8415,0.0171354650089755,0.99,1,OK,7.657884408871588,1.5904265853195232,0.2026021127795571,0.2005816913297199,6.201947039892157,1.7784032340581408,3,8.994475337129396
1281,0.2,2.9964,7.820000000000001,14.982,0.0077066834816686,0.99,1,OK,7.815541152779926,2.993582950540575,0.1997941902474243,0.1990737962447911,9.379531979497434,4.426946478341479,3,7.608150733093138
1282,0.2,2.9961,8.84,14.9805,0.0728548555528637,0.99,1,OK,8.809392519522014,3.1630618921476,0.211105354314634,0.2054316014377215,7.593320955000817,4.350064989336581,3,8.38086502905277
1283,0.2,1.4952666666666667,9.35,7.476333333333333,0.0086731497143367,0.99,3,PARTIAL_BC,9.347477280113711,1.4988755481876372,0.2002951734771898,0.1985837909911418,-1.367904131983701,5.494796054489373,2,3.83468831493264
1284,0.2,2.9992,7.370000000000001,14.996,0.0066848046505204,0.99,1,OK,7.365233093378387,3.0002698211535983,0.2002404774963469,0.1998134609456376,10.259018720698476,4.3616511732602605,3,14.950263320244842
1285,0.2,2.9965,8.489999999999998,14.9825,0.0075385236209454,0.99,1,OK,8.498790230656233,3.0002938799367245,0.2002420831993364,0.1996041958655451,9.632634512282523,3.979640138828049,3,11.437256826042876
1286,0.2,2.998733333333333,8.43,14.993666666666666,0.0086601565163048,0.99,1,OK,8.409471165183522,2.98802231502672,0.199201487668448,0.1985144815331621,9.864217746779364,4.209498726235907,3,12.185657564803824
1287,0.2,2.9966000000000004,7.880000000000001,14.983,0.0067925879077279,0.99,1,OK,7.866964676009688,2.997576618328217,0.2000607309229066,0.1993667688552167,9.713322093696718,4.165735571021736,3,8.263560391045148
1288,0.2,2.9992,7.7,14.996,0.0853011509504271,0.99,1,OK,7.680655764210968,3.018084250516406,0.2021038560613664,0.1985405031744289,8.139210162323403,4.371214139318775,3,28.148687941231437
1289,0.2,2.9961,9.41,14.9805,0.0079039134683364,0.99,1,OK,9.39908353942181,2.9884601135673603,0.1994522878910363,0.1987371320421189,7.916949533715988,2.1992860712387867,3,6.874410236005248
1290,0.2,0.6619333333333333,7.57,3.3096666666666663,0.008605185471693,0.99,1,OK,7.588124138585469,0.6631450365561287,0.1999432271023503,0.1986982957528985,7.526565118287044,1.9021967819534704,3,11.078669034485412
1291,0.2,2.999166666666667,9.56,14.995833333333334,0.0128534733534275,0.99,1,OK,9.56672707477399,2.981001562287375,0.198733437485825,0.1979437346600225,9.76955342172866,4.3078836024549725,3,11.51938303280366
1292,0.2,1.3437666666666668,7.939999999999999,6.718833333333333,0.0264775839559011,0.99,1,OK,7.881492189887216,1.355649135317078,0.2013340299975858,0.1981317579238206,4.104141434636557,1.7822193454099566,3,7.223471494991645
1293,0.2,2.9966000000000004,9.49,14.983,0.0063896588713459,0.99,3,PARTIAL_BC,9.4932155573313,3.0140233793369755,0.2011584012905656,0.2005369850686021,-1.7191030955664126,6.399558194401799,2,6.192668555595874
1294,0.2,2.997833333333334,2.049999999999999,14.989166666666668,0.0061351147788651,0.9810284108903268,1,OK,2.0474214020040726,2.971739701015912,0.1981159800677274,0.1959593837233344,6.741493730686611,2.600701854500891,3,12.706222083403102
1295,0.2,2.9991000000000003,1.8499999999999988,14.9955,0.0074297479501424,0.9761117120849776,1,OK,1.8395164180292305,2.998227392216081,0.2007741557287554,0.1987479495678444,8.069108661058152,4.0607719685898,3,22.518508274877952
1296,0.2,2.998733333333333,9.04,14.993666666666666,0.0661742144491217,0.99,1,OK,9.06128302970226,3.1323241726272832,0.2088216115084855,0.2029291537994926,6.733347205603027,3.830938482293453,3,7.522816542529076
1297,0.2,2.9966000000000004,8.11,14.983,0.0589771695890771,0.99,1,OK,8.287540056521069,3.0282811766305144,0.2023350452091658,0.197365734171623,7.362971453836025,3.838035910866916,3,10.513576623545513
1298,0.2,2.998733333333333,5.7,14.993666666666666,0.0068253557092222,0.99,1,OK,5.7032723389534,2.972466174737691,0.1981644116491794,0.1974546980000674,9.80528542644152,4.270534780148748,3,12.832624258739566
1299,0.2,2.9973666666666663,6.17,14.986833333333331,0.0071025823878452,0.99,3,PARTIAL_BC,6.168627080049544,3.0022724333887925,0.2001514955592528,0.1988203361306093,-2.684200057231436,7.018931081326611,2,5.1144252944855575
1300,0.2,0.9428666666666669,7.66,4.714333333333333,0.0095274143607435,0.99,1,OK,7.665528308977735,0.944728673037988,0.2002958317395027,0.1991389070801063,7.017088087223795,2.1617423557546025,3,10.784689780661989
1301,0.2,2.9966000000000004,8.2,14.983,0.007262148652907,0.99,1,OK,8.194739517162489,2.9846420477234905,0.1991974670338258,0.1985731274298759,9.81103848958557,3.9800666357530248,3,10.847057113774708
1302,0.2,2.9966000000000004,6.8100000000000005,14.983,0.0120378705285508,0.99,1,OK,6.811160764631954,3.000584703405525,0.2002614929970317,0.1995551183050372,9.669273038450743,4.1236924391648655,3,19.623844556936515
1303,0.2,0.7023333333333337,8.43,3.511666666666668,0.0280098542409192,0.99,1,OK,8.408077892488318,0.7039912232909608,0.2001870777130694,0.1976322592379136,6.161410301169903,1.9871988163919496,3,13.320201522325664
1304,0.2,2.9961,8.78,14.9805,0.0630826251340421,0.99,1,OK,8.91523089635751,2.945576284337512,0.1974688011846377,0.1927281424804658,3.6198573344761984,0.8758918592223677,3,9.32814738269789
1305,0.2,0.8292,8.25,4.146,0.0109936849991218,0.99,1,OK,8.228589245005448,0.8227261900368971,0.198247274707686,0.1971034157759886,7.329202895026528,2.324046410834803,3,8.55462478314089
1306,0.2,2.9974000000000003,9.080000000000002,14.987,0.0126473122264676,0.99,1,OK,9.087535634489132,3.0267306999356047,0.2017820466623736,0.2007645264935664,8.41450951693069,4.4190381952252,3,9.590387539472434
1307,0.2,2.9966000000000004,8.129999999999999,14.983,0.006724089489993,0.99,1,OK,8.143413187955865,2.99814536172686,0.2000986893254856,0.1994522996560762,6.506674574078327,1.2472328528508685,3,10.708484496412709
1308,0.2,2.9976666666666665,8.67,14.988333333333332,0.0068989050305496,0.99,1,OK,8.64876660346089,3.0003162243032357,0.2000210816202157,0.1992523998961616,8.718254642464503,3.437071480083912,3,7.200690420801284
1309,0.2,1.7011,8.69,8.5055,0.0063806646049737,0.99,1,OK,8.679750033758399,1.690681708117813,0.1985144862760641,0.1979310507189366,7.2992783542525235,2.913156339316876,3,7.5656743899768575
1310,0.2,2.9963,8.35,14.9815,0.0509128068984661,0.99,1,OK,8.364490668649646,2.9742042536194546,0.2007336954073872,0.1964175119425213,3.5350995120384874,1.054716128049072,3,9.095109104251264
1311,0.2,2.9992,7.630000000000001,14.996,0.0907398735095852,0.99,3,PARTIAL_BC,7.733198404179401,2.724984173636913,0.1818676867833312,0.1731109072205535,-0.1379460046986299,1.6064272228955447,2,8.844006641108013
1312,0.2,0.8293333333333334,7.99,4.1466666666666665,0.0079003390221949,0.99,1,OK,7.98950213683965,0.8218354186948791,0.1980326310108142,0.1970909079741343,7.221522957401598,1.87684090743986,3,9.883892614836142
1313,0.2,2.9966000000000004,9.39,14.983,0.0070868161348801,0.99,1,OK,9.380520944524784,2.993052748974606,0.1997588041584831,0.1993333664827802,7.950311960375205,1.8088901271057816,3,12.026791990940678
1314,0.2,2.999166666666667,8.719999999999999,14.995833333333334,0.023358886615004,0.99,1,OK,8.722069870961084,3.030716836574295,0.202047789104953,0.1990716417614841,7.690850462357576,4.694871642197245,3,5.315704234755581
1315,0.2,2.9964,8.95,14.982,0.0159275946803039,0.9808896289631844,1,OK,8.92942903348893,2.9680897143449467,0.1998713612353499,0.198525947784495,9.38983447892026,4.305395428713814,3,16.553976413830156
1316,0.2,2.998733333333333,8.92,14.993666666666666,0.0807418022023589,0.99,1,OK,9.030426903487228,2.8898644333597,0.1974850410040797,0.1933435187930243,7.647313954694873,3.874825739967036,3,13.278781719266764
1317,0.2,2.999166666666667,6.909999999999999,14.995833333333334,0.0065246068574268,0.99,3,PARTIAL_BC,6.907648101515194,3.018496066526103,0.2012330711017402,0.2004706699557261,1.471809551078762,3.445996338303526,2,7.502054230413344
1318,0.2,2.9964,7.48,14.982,0.0078506279304748,0.99,1,OK,7.479326147194369,2.9984265737345326,0.2001174576463537,0.1992766575794282,9.35909360977362,4.458975275467564,3,6.457488750132963
1319,0.2,0.869,7.960000000000001,4.345,0.0091010872949006,0.99,3,PARTIAL_BC,7.945449386992905,0.8719988350595457,0.2004595023125392,0.1972724774776726,-7.334702780949987,6.0962575263049175,2,1.773238317428219
1320,0.2,2.9961,9.23,14.9805,0.0101773974249077,0.99,1,OK,9.250899200093064,3.0144785279984148,0.2011887782868797,0.2006980547415141,10.100222177220012,4.249357123618223,3,16.52907525018632
1321,0.2,2.9981000000000004,1.7899999999999991,14.9905,0.0098959820680082,0.7405085081219661,1,OK,1.799431463374149,2.995227504908104,0.2001265593479801,0.197889334499888,7.986698657179542,4.304219056117885,3,117.27933598993955
1322,0.2,2.9965,8.61,14.9825,0.0257146149700714,0.99,1,OK,8.602395486223768,2.946738241465059,0.1968867421914293,0.1946710902135633,8.239647925642434,4.33550415913698,3,7.039596665414535
1323,0.2,2.998733333333333,8.71,14.993666666666666,0.0062970672672793,0.99,1,OK,8.714784354051883,3.008490790099473,0.2005660526732982,0.1999651263894795,7.391011779070669,1.9098060692836112,3,8.15214382886443
1324,0.2,2.9979,8.71,14.9895,0.0127923230716996,0.99,1,OK,8.736899412413056,2.9738182593791875,0.1984750784902683,0.1975454820728563,9.310689351076496,4.415211244397314,3,8.55394088381561
1325,0.2,2.9995000000000003,1.33,14.9975,0.0069129122309564,0.8418680073521884,1,OK,1.3365868393038474,2.9802636413027783,0.1991267466349295,0.1965050902093183,7.651330746933135,4.02267986283287,3,63.4904248477116
1326,0.2,2.998733333333333,6.94,14.993666666666666,0.0157138076124453,0.99,3,PARTIAL_BC,6.9317387473956815,2.985455893680063,0.1996960464000042,0.1975541228559288,-5.324960526790536,8.290141716833338,2,7.007924154296728
1327,0.2,2.9976666666666665,3.06,14.988333333333332,0.0068419217225629,0.99,1,OK,3.0663477500358725,2.9793937923508227,0.1986262528233881,0.1970573267786727,6.824824833005155,3.0992306150749096,3,8.046428508856533
1328,0.2,2.9963,8.35,14.9815,0.0235116071306221,0.99,1,OK,8.376832373897905,3.019606984812632,0.2015310557160822,0.199836798341486,7.666852869846164,3.666327424265595,3,10.401898946005184
1329,0.2,2.9981000000000004,9.37,14.9905,0.0089615956300988,0.99,1,OK,9.36389552267092,2.999877397240866,0.1999918264827244,0.1996068215539205,10.279155788128682,4.197682075720119,3,22.893425035701945
1330,0.2,2.9966000000000004,7.4,14.983,0.0047237429151582,0.99,1,OK,7.401972442019321,2.9918006216424904,0.1996752361496656,0.1989959522311455,9.092911609406368,4.280271719914634,3,5.657095991411895
1331,0.2,0.7624,8.12,3.812,0.0181681790228465,0.99,1,OK,8.129525608215106,0.7468180393307826,0.1956728487329561,0.193612970491711,6.846458162017686,2.039951100682074,3,12.092115004310424
1332,0.2,2.9976666666666665,8.86,14.988333333333332,0.0075269710578097,0.99,1,OK,8.867229934888712,2.9915940771077225,0.1996614511974008,0.1987671619895061,6.37877234253987,1.8608184833205037,3,5.83776599075364
1333,0.2,2.9963,9.39,14.9815,0.0147453522006982,0.99,1,OK,9.376429659620635,2.9867621217479603,0.1993389625193299,0.1986617133814109,9.602190507798335,4.356199470975085,3,17.28075053869412
1334,0.2,2.9966000000000004,8.17,14.983,0.0095156665953978,0.99,1,OK,8.17110941267883,2.9994127208689845,0.200183273917841,0.1995240027010937,8.749165324261135,4.198509093636418,3,13.932989670372349
1335,0.2,2.9992,8.06,14.996,0.0344507857034783,0.99,1,OK,8.064622740852755,3.048557597076049,0.2032371731384032,0.1992069781119261,7.1694391077333535,3.778843988249075,3,6.339194852316118
1336,0.2,2.9966000000000004,6.9,14.983,0.0091010872949006,0.99,1,OK,6.906097788774027,2.970552683463862,0.1982571312656637,0.1965565081277169,8.925760113841477,3.987453140498934,3,4.751366299728046
1337,0.2,2.9965,9.17,14.9825,0.0061139154551577,0.9895418619387024,1,OK,9.174742740323932,3.001451475422957,0.2003193420749471,0.1999900895060468,10.21769917031239,4.183338624318334,3,13.603099615408118
1338,0.2,2.9964,7.42,14.982,0.0230612896113813,0.99,1,OK,7.354568165668897,3.0054068484219933,0.2005833269247159,0.1974112111633307,8.637107528152018,4.348311439606484,3,6.659665060019018
1339,0.2,2.9966000000000004,8.41,14.983,0.0736014254936147,0.99,1,OK,8.447777670344543,2.728048200287396,0.1826817991263881,0.1779275170901024,6.410361684268317,3.2392163802203813,3,12.47218061975263
1340,0.2,2.9961,7.2,14.9805,0.0171024437250998,0.99,1,OK,7.20392075752066,2.962399306427072,0.1977129681708835,0.196663812450097,7.440086944419275,2.646343597762544,3,14.560359806031112
1341,0.2,2.9987666666666666,8.920000000000002,14.993833333333331,0.0193663413605848,0.99,3,PARTIAL_BC,8.887599859603037,2.976565963427034,0.1984377308951356,0.1954356301648787,-11.966581077037697,14.94794354950342,2,4.33043033482161
1342,0.2,0.9531666666666668,7.539999999999997,4.765833333333333,0.0853011509504271,0.99,3,PARTIAL_BC,7.571254995465743,0.8926888836575344,0.1892626608461203,0.1645816574835883,-0.97612016657592,1.98485682793728,2,2.8049488859113403
1343,0.2,2.9961,8.02,14.9805,0.0136981616777525,0.99,1,OK,8.01266168435886,2.987937133839335,0.199417383793504,0.1982602646162822,9.435225770963791,4.416530209726894,3,12.471878870103987
1348,0.2,0.7724000000000001,7.719999999999997,3.862,0.0102593502633341,0.99,1,OK,7.741157853956043,0.7789661829887153,0.2014567714625988,0.1998603413694392,6.906352397266424,1.880742172267448,3,8.675766457094618
1349,0.2,2.9961,8.02,14.9805,0.0055763964052073,0.99,1,OK,8.026542358174769,2.990471849038171,0.1995865527722917,0.199320874518486,9.60414902243068,3.325516590175544,3,15.138199650610302
1350,0.2,2.9966000000000004,8.2,14.983,0.0105391211581621,0.99,3,PARTIAL_BC,8.186640717435171,2.9905902431719062,0.2004864967489546,0.1996927648339243,-2.1484552782801307,7.296676003711599,2,10.321136376166766
1351,0.2,2.9992,7.539999999999999,14.996,0.0087499316308691,0.99,3,PARTIAL_BC,7.539942424806344,2.9717563970173577,0.1981170931344905,0.1974147940199135,0.5723506639649436,3.2264687196930897,2,7.1177541978855805
1344,0.2,2.9964,7.819999999999998,14.982,0.0067054783636427,0.99,1,OK,7.818322572696816,2.998234469063706,0.2001046364224943,0.1993134579603962,7.610464417062206,2.483208314553719,3,7.176183740887964
1345,0.2,2.9976666666666665,9.74,14.988333333333332,0.0089085480538721,0.99,1,OK,9.736067490886928,3.0263610937636707,0.2017574062509113,0.2007267834186944,8.908800969338817,4.408224817883324,3,4.158192337255722
1346,0.2,2.9961,6.970000000000001,14.9805,0.0531515517978815,0.99,1,OK,7.052660699811808,2.890866533881983,0.1931536659609342,0.189592586049629,7.845302444179616,4.076653785548905,3,17.018017263539406
1347,0.2,2.9976666666666665,8.709999999999999,14.988333333333332,0.0140329522795791,0.99,1,OK,8.685751217806564,3.034879626428717,0.2023253084285811,0.2014882766640725,7.38779837978789,2.297240249358283,3,14.260260352942709
1352,0.2,0.9964333333333336,8.1,4.982166666666667,0.0208622661427737,0.99,1,OK,8.076178965873074,1.0404797955957297,0.2087919322265678,0.2057467669763924,6.251328926115889,1.907152152538209,3,7.074234167729401
1353,0.2,2.9966000000000004,8.39,14.983,0.0113516104761696,0.99,1,OK,8.370700902654766,2.984213278959781,0.1991688506536005,0.1982219440884692,2.8284861531293486,1.506403255341476,3,9.62019060103607
1354,0.2,2.9992,9.41,14.996,0.0966077300405921,0.99,1,OK,9.31945163848438,3.097127680655157,0.2064751787103438,0.2021897652490365,6.401352413920644,2.816727528260566,3,15.94413176362164
1355,0.2,0.5953333333333333,8.05,2.976666666666666,0.008627892454385,0.99,1,OK,8.053205067341528,0.5907437579148437,0.1980146674574895,0.1957537028506126,6.283515894180361,2.066264411740211,3,5.762026766273966
1356,0.2,1.0867666666666669,8.36,5.433833333333334,0.0070750081789634,0.99,1,OK,8.349090279660683,1.091668424770578,0.2003061329854271,0.1992407341490617,3.792444380655754,0.8217380056067516,3,5.656463776462145
1357,0.2,2.9974,8.72,14.986999999999998,0.0106033832822376,0.99,1,OK,8.701192183795747,3.0061081983550597,0.2004072132236706,0.1994361009812335,9.61607183220418,4.2175084119685415,3,8.555110466532957
1358,0.2,2.9981000000000004,9.739999999999998,14.9905,0.0080915332865567,0.99,3,PARTIAL_BC,9.752961567378856,2.9857130715596774,0.1990475381039785,0.1983516461087726,2.68414520293252,2.7596231819506425,2,6.951154389827036
1359,0.2,2.999166666666667,8.030000000000001,14.995833333333334,0.0076814247762831,0.99,1,OK,8.022844250106084,2.991671085311534,0.1994447390207689,0.1988303703813468,6.769820066822932,1.3850528262422603,3,8.38921602452612
1360,0.2,2.9992,9.22,14.996,0.0683072739091804,0.99,1,OK,9.235812023108886,2.7953772936619647,0.1880298628023743,0.1834955768377818,7.008518643905381,4.188269257261634,3,8.700764295076654
1361,0.2,2.9979,8.840000000000002,14.9895,0.0142307796487187,0.99,1,OK,8.878870236859624,2.962606524221948,0.197946983801021,0.1972729945853083,9.550392722936929,4.283794429554069,3,15.061130476016586
1362,0.2,2.9966000000000004,7.01,14.983,0.0066764329092978,0.99,1,OK,7.002622908076368,3.0146257778986003,0.2011986058664249,0.2007976040851807,10.436027394611248,4.423912882759136,3,16.39808590814753
1363,0.2,2.9987666666666666,9.29,14.993833333333331,0.0077045872974971,0.99,1,OK,9.290500953443964,2.995807036527885,0.1997204691018589,0.1992619921415802,8.514459534843823,2.780530124564816,3,11.841962028705696
1364,0.2,2.9966000000000004,9.84,14.983,0.0658488582770441,0.99,1,OK,9.770147585019682,2.868567640983575,0.1920915831015787,0.1891486651935773,7.262034444380404,3.3157306007680685,3,17.341450041571218
1365,0.2,2.9966000000000004,7.939999999999999,14.983,0.0355753262692895,0.99,1,OK,8.063216116405632,2.872045062868196,0.1916826515818596,0.1889127558800126,7.71736200643778,3.709201980928328,3,10.627363843071036
1366,0.2,2.9961,9.489999999999998,14.9805,0.0092322342156123,0.99,1,OK,9.48340512843116,2.9990931467359303,0.2001619452771477,0.1997527219367698,10.247443599401835,4.162292787983003,3,16.556945958485375
1367,0.2,2.9964,9.1,14.982,0.0063676062473194,0.9812687902664264,1,OK,9.08470805690566,3.009408608810961,0.2008504077070719,0.2002845916503992,10.115552069225885,4.148952397998003,3,12.46988159018448
1368,0.2,2.9966000000000004,8.56,14.983,0.0065699590957022,0.99,1,OK,8.554059591122744,2.9985572332278707,0.2001261779684897,0.1997572219681802,10.106692279355816,3.852480022304386,3,16.3913507318322
1369,0.2,2.9973333333333336,9.15,14.986666666666668,0.0065708434058213,0.99,1,OK,9.150647856413707,3.01424937887672,0.2009499585917813,0.2003536498143378,10.0669899442171,4.223409904054255,3,8.483713977161985
1370,0.2,2.9976000000000003,3.96,14.988,0.0727868838534137,0.99,1,OK,3.9214785602857214,3.3270327069619645,0.2218021804641309,0.2138701045792393,7.668651824066342,4.499244883721206,3,20.730343690758307
1371,0.2,2.999166666666667,5.120000000000001,14.995833333333334,0.0104832791234339,0.99,1,OK,5.131390484621743,3.004069560287498,0.2004940752138486,0.1992386919842866,8.612445199560804,3.786051999820597,3,12.026223762387708
1372,0.2,2.9964,7.820000000000001,14.982,0.0095185753203251,0.99,1,OK,7.813365451848823,2.9917484691477143,0.1998941070700031,0.1992783132204399,8.142460335903262,2.471004290869589,3,13.581733651205491
1373,0.2,2.9981000000000004,1.790000000000001,14.9905,0.0191849729696028,0.7642427852966845,1,OK,1.860896870801783,2.988166277163549,0.2003239962344278,0.1956797213420615,6.727520994522467,3.71226416894809,3,120.47470783363951
1374,0.2,0.6588,8.41,3.294,0.0106033832822376,0.99,1,OK,8.40725473892372,0.6586581091450983,0.1995933664076055,0.1977719715431573,5.19153809521019,0.9027457492733832,3,7.204518945796778
1375,0.2,2.9961,8.4,14.9805,0.0062166184344259,0.99,3,PARTIAL_BC,8.391804780699642,3.0050421297762657,0.2005589853020867,0.1999256642294434,-4.290932414854399,9.507571831576907,2,8.174889222000802
1376,0.2,2.9992,9.22,14.996,0.0363474921952035,0.99,1,OK,9.300076239946232,3.099918963779916,0.2073524390488238,0.2038952456189369,8.289119693408947,4.322035194824687,3,6.9500381518892
1377,0.2,0.6854333333333333,7.95,3.4271666666666665,0.0180153374941382,0.99,1,OK,7.922915939240056,0.6889401691110378,0.2016410251056696,0.1971325729458288,3.872990595230628,1.7213969382876624,3,4.305217461305739
1378,0.2,2.9987666666666666,8.8,14.993833333333331,0.0101333021785326,0.99,1,OK,8.799336997868249,2.9847257870531,0.1989817191368733,0.1978213047293461,9.808946216373831,4.364169878943889,3,7.923935735135613
1379,0.2,2.999166666666667,8.35,14.995833333333334,0.0062324132730918,0.99,3,PARTIAL_BC,8.353557805716747,2.993152275416196,0.1995434850277463,0.1988980017216254,2.008428943060496,3.036296756502136,2,7.495006913418379
1380,0.2,2.9964,8.059999999999999,14.982,0.00745601035718,0.99,3,PARTIAL_BC,8.049968156514076,2.9976386815241054,0.2000648730716867,0.1993810113259603,2.0128001030967986,2.968825252582193,2,7.786631909018684
1381,0.2,0.9131333333333336,7.97,4.565666666666668,0.0055712278129037,0.99,1,OK,7.965940834668328,0.9041347848674252,0.1979857193140347,0.1974318976688378,8.225463998624146,2.1911167929806963,3,11.265642826738867
1382,0.2,2.999166666666667,1.739999999999999,14.995833333333334,0.0101333021785326,0.8019603563753829,1,OK,1.7581578050936484,3.011624070805006,0.200774938053667,0.198734179875343,7.968088147434301,4.218852614061624,3,108.52676366779608
1383,0.2,2.9976666666666665,3.22,14.988333333333332,0.0070750081789634,0.99,1,OK,3.218666776276712,2.982692433925149,0.1988461622616766,0.1976768806039644,5.981108811780909,1.245866632668443,3,14.025096702291254
1384,0.2,2.9987666666666666,9.19,14.993833333333331,0.0414346806768009,0.99,1,OK,9.229815566171062,2.9445386976287704,0.196302579841918,0.1918865879735186,7.959247530511973,4.126129222767685,3,6.592453207908247
1385,0.2,2.9963,9.03,14.9815,0.0619125622181734,0.99,1,OK,9.07594729767373,2.880753017691464,0.1933391287041251,0.1893006398575013,5.595059513266034,2.030804808894756,3,10.43173047324425
1386,0.2,2.9961,7.829999999999999,14.9805,0.0639344751432418,0.99,1,OK,7.7223068988059795,2.9232762595401605,0.1981882209857736,0.1937923337977603,6.34544374731715,3.0689936475788584,3,13.83547922992
1387,0.2,2.9992,6.180000000000001,14.996,0.0663700040753058,0.99,1,OK,6.424963388653733,2.950837124378781,0.1969412986237229,0.1891046425849574,7.416552406220499,4.1518619685481255,3,10.08493327779807
1388,0.2,2.9976666666666665,8.57,14.988333333333332,0.0058695102733585,0.99,1,OK,8.586159550186197,3.019868841390299,0.2013245894260199,0.2009009908608542,10.138898838424618,4.328817887542003,3,10.542812108478152
1389,0.2,2.9964,7.820000000000001,14.982,0.0796194809388157,0.99,1,OK,7.898528257209825,2.8026932856141595,0.1874711227835558,0.1768219134926519,4.5973858064068684,1.9129839816643457,3,6.342176443561987
1390,0.2,2.997866666666667,8.96,14.989333333333333,0.0050996591778433,0.99,1,OK,8.96327806699335,2.9988307910808123,0.1999220527387208,0.1993753514284529,4.735428834899043,1.4246070955632528,3,5.711803978725693
1391,0.2,2.9966000000000004,8.61,14.983,0.057873868021697,0.99,1,OK,8.667573530260194,2.904354683077848,0.1951414120768991,0.1894703148680959,4.146844571654881,1.1072227547307874,3,6.862484989263174
1392,0.2,2.9964,9.18,14.982,0.0279320710217653,0.9860309981325704,1,OK,9.188790956591552,2.971439506205267,0.1996487910104322,0.1981954784864089,8.589566634575736,4.147819748961608,3,17.970510670583458
1393,0.2,2.9965,9.47,14.9825,0.0663700040753058,0.9808805680227812,1,OK,9.505807746057648,2.99603146429296,0.1999576060707203,0.1929441280435184,7.720769261673771,4.2646175644315845,3,10.337758905781346
1394,0.2,2.999166666666667,9.87,14.995833333333334,0.0075824571506802,0.99,1,OK,9.867720073428602,3.00535033758978,0.200356689172652,0.199808103329914,6.279265021073809,1.1595249592850616,3,7.900383685148937
1395,0.2,2.9992,9.08,14.996,0.0095479479974478,0.99,1,OK,9.092115827414078,2.9970801391300816,0.2000275954925527,0.1993783561628275,4.763944347125896,0.4472280727093656,3,11.925624845261916
1396,0.2,2.9966000000000004,6.96,14.983,0.0108760472104893,0.99,1,OK,6.948583846302265,2.988954424663142,0.2006009680981974,0.19952233930641,9.168241444815129,4.090356625623524,3,10.111919184812152
1397,0.2,2.9992,8.94,14.996,0.0069594906798528,0.9824924132275954,1,OK,8.942603625323622,3.002612638420309,0.2001741758946872,0.199523348685582,8.140861202633246,2.9377147437290123,3,10.546664113102905
1398,0.2,2.9981000000000004,8.670000000000002,14.9905,0.0059593920585736,0.99,1,OK,8.658925395982944,2.989821189486837,0.1993214126324557,0.1989033607999153,4.941956923237664,1.6622527127001787,3,11.256405933526224
1399,0.2,2.9966000000000004,8.120000000000001,14.983,0.0071191285396167,0.99,1,OK,8.108063039247043,3.001484307531828,0.2003215333169184,0.1997865306902297,7.308494191522304,1.7385466794542106,3,10.479658538299471
1404,0.4,2.1735333333333338,8.36,5.433833333333334,0.0673258739156059,0.99,3,PARTIAL_BC,8.43781277201484,2.100694208337209,0.3914337034168713,0.3770811618026146,1.53022059868037,1.733957270025002,2,5.261566296658248
1405,0.4,1.3641333333333332,7.75,3.410333333333333,0.0062658594182687,0.99,1,OK,7.757583853493241,1.3655320563851263,0.3996679189419883,0.3972843361870635,2.719725454516571,1.3802281727296044,3,3.1885137282697253
1406,0.4,1.9188666666666676,8.35,4.797166666666668,0.0222220844339576,0.99,3,PARTIAL_BC,8.314795839320801,1.91354174746138,0.3986545307211208,0.3948134801118198,-3.5243989517602734,7.798833998728984,2,6.891957126786596
1407,0.4,5.9984,7.49,14.996,0.006724089489993,0.99,1,OK,7.4976458434223,5.861046692049523,0.3991632253382195,0.3984313870594335,17.102156905978628,11.407543497104587,3,14.246212255015791
1400,0.4,4.000800000000001,9.49,10.002,0.0074297479501424,0.99,1,OK,9.474783058965365,4.006705062129411,0.4000038331576783,0.3986089833737434,10.9004764491643,5.731590156268251,3,5.2705143988263865
1401,0.4,5.9928,7.54,14.982,0.0075180994769991,0.99,3,PARTIAL_BC,7.542824213831295,5.82497606509588,0.3985160363805619,0.3967249035346815,-0.618247430008904,5.303795380899883,2,5.469920632186823
1402,0.4,5.993200000000001,8.120000000000001,14.983,0.0078932566056318,0.99,1,OK,8.112351571968405,5.957511910653991,0.4002807554750722,0.3989361126844379,16.051088227905037,10.775087669587288,3,7.128650495146727
1403,0.4,5.993,7.27,14.9825,0.0344183018047326,0.99,1,OK,7.34212197491212,5.776681168339771,0.3934175597053193,0.3876492260979176,15.082164288841108,11.411424814107203,3,9.470548075916811
1412,0.4,5.9922,7.880000000000001,14.9805,0.0140329522795791,0.99,1,OK,7.904624760995169,5.993715012744707,0.4004709362635661,0.3983216947681847,15.907736359840492,11.116661729602324,3,6.690981291488416
1413,0.4,5.995666666666668,1.1099999999999994,14.989166666666668,0.0138241525914286,0.9702241673113968,1,OK,1.1067883283134652,5.967758597163908,0.3996266917743689,0.3875470320978004,12.8681800354421,10.103590432192206,3,19.71041347621456
1414,0.4,5.997466666666667,7.97,14.993666666666666,0.0074146774006772,0.99,1,OK,7.985846271669096,5.95099579464713,0.4007404575519953,0.3991331541174082,4.364231742332709,0.571184160971699,3,5.201719666135762
1415,0.4,2.755333333333333,7.619999999999999,6.888333333333333,0.0082838681762038,0.99,1,OK,7.617020474255636,2.77172529332084,0.4016993178725854,0.4001720836039261,5.571317403959875,0.5707148909858618,3,7.04056191959721
1408,0.4,5.997466666666667,7.66,14.993666666666666,0.0111778384130549,0.99,1,OK,7.657989295694114,6.014427097252265,0.4009618064834843,0.3991531928845007,17.34480694446547,12.638275445091296,3,7.8151613062092835
1409,0.4,5.997533333333333,7.970000000000001,14.993833333333331,0.0551791806625429,0.99,1,OK,7.867842522144602,5.832374140621044,0.3888249427080696,0.3809500671822345,11.079969436847408,7.371689024765995,3,11.583889956524889
1410,0.4,5.9922,7.65,14.9805,0.0790519844881847,0.99,1,OK,7.742444864718905,5.753021840997317,0.3843889871490412,0.3754256307522376,14.166765314524634,10.79260058348783,3,12.975167864104298
1411,0.4,5.993200000000001,8.13,14.983,0.0363474921952035,0.99,1,OK,8.205446537437549,6.03593001095358,0.4032915374801946,0.3965212406650169,15.8125505936689,12.98152435879761,3,5.387518113633442
1416,0.4,2.6010000000000004,8.8,6.5025,0.0064721473407282,0.99,3,PARTIAL_BC,8.79809453409249,2.594874849362491,0.3981905139686686,0.3969647748635755,2.2199968800799468,3.388612936894764,2,4.424819277730382
1417,0.4,5.993200000000001,6.97,14.983,0.0492573405976269,0.99,1,OK,6.927334352126909,6.158644471432303,0.4119494629720604,0.4023583231945248,10.112976458435057,6.489957881612663,3,7.718897927209622
1418,0.4,5.9984,8.81,14.996,0.0635798158640064,0.9861336123348616,1,OK,8.821256581614971,6.084052916002657,0.4124781637967903,0.4067330677305416,16.20040825751204,12.522430778040098,3,20.366879866713425
1419,0.4,5.995333333333333,9.75,14.988333333333332,0.0061351147788651,0.99,1,OK,9.749114788982425,5.901913570066537,0.3987779439234146,0.3981118344677012,9.967621615326433,4.295610702751362,3,8.078591864759629
1420,0.4,5.9928,7.42,14.982,0.0088360227726581,0.99,1,OK,7.40832742307774,5.854386913590495,0.4000719986508311,0.3988100788887427,12.07277481819339,6.639301348860112,3,11.036380497941348
1421,0.4,5.998333333333334,8.74,14.995833333333334,0.0059073112319668,0.99,1,OK,8.746793449624988,5.989422845548573,0.3997390108263786,0.3991780594496857,18.353304042942035,12.33799518515844,3,13.381212425071777
1422,0.4,5.9952000000000005,8.3,14.988,0.0796194809388157,0.99,1,OK,8.27602012878361,6.130585381564133,0.4091603146761379,0.3967246280853561,15.72078019815542,12.535739761820812,3,8.24006312456537
1423,0.4,1.4782000000000004,8.42,3.695500000000001,0.0109885964998561,0.99,1,OK,8.382176868220807,1.4984075773373375,0.4049750209019831,0.4036571783144956,8.40432622033899,2.6918088605910366,3,12.64336460579821
1424,0.4,5.993200000000001,7.939999999999999,14.983,0.0076410901628777,0.99,1,OK,7.944674693115839,5.89641029642197,0.3984061011095925,0.3975189966404065,13.61160875334318,7.729333209471108,3,11.411157734664505
1425,0.4,5.995333333333333,8.55,14.988333333333332,0.0313964658417841,0.99,1,OK,8.53020776132598,6.062080848535355,0.4041387232356903,0.3981806852490706,14.793779350291867,10.785920086906934,3,5.815865222824337
1426,0.4,3.0300666666666665,9.7,7.575166666666666,0.0072736012082862,0.99,1,OK,9.701843093802744,3.025142635234301,0.3989199079429847,0.398139467879761,7.715722717655704,2.192837586566481,3,9.873319806351052
1427,0.4,5.997533333333333,6.61,14.993833333333331,0.0730040029083392,0.99,1,OK,6.760855827527643,5.832078844628631,0.3985475292456923,0.3840226106987495,14.418660293568337,12.153074598363805,3,8.443265037290704
1428,0.4,5.997466666666667,7.640000000000001,14.993666666666666,0.0081409446691401,0.99,1,OK,7.645616102206671,5.895631794804276,0.4001560041722359,0.3987482687639933,16.336769351841642,11.217162865211757,3,8.656376320715115
1429,0.4,5.993,2.05,14.9825,0.0683072739091804,0.99,3,PARTIAL_BC,2.160963481469349,6.843363587448413,0.4582609545166348,0.4044027643347813,-16.044788928255084,17.509991737534314,2,6.6836896866712685
1430,0.4,5.997466666666667,7.029999999999999,14.993666666666666,0.0235911728509169,0.99,1,OK,7.030286700359768,5.980665016107085,0.4009384368339945,0.3984938161925173,14.194980480002442,9.660711066717894,3,16.605351624633972
1431,0.4,5.9922,8.149999999999999,14.9805,0.0060847850004021,0.99,1,OK,8.164935775725061,5.887682089285648,0.3973688699180415,0.3960109620640805,6.858011009889351,1.467965126112595,3,4.824927934267446
1432,0.4,1.4579333333333333,6.49,3.644833333333333,0.0231990822239223,0.99,1,OK,6.475350076354271,1.4904443249922974,0.4083409109567938,0.4018694223312286,4.935948522054135,3.5467313075913003,3,5.106143541215606
1433,0.4,5.993200000000001,8.33,14.983,0.0082907074618429,0.99,1,OK,8.332704385029322,5.97101939377163,0.4002918029344109,0.3991800988961658,15.920088134560537,10.621347387312094,3,9.311378328166484
1434,0.4,5.993200000000001,6.77,14.983,0.0080892670626416,0.99,1,OK,6.768746573932985,5.9691460675820025,0.3988293586357685,0.3981943569101065,16.784517941231716,10.874035755569192,3,23.9245896058304
1435,0.4,4.66,9.92,11.65,0.0612819731538003,0.99,1,OK,9.950055035784182,4.462690154111161,0.3966835692543254,0.3910268510295117,9.094400095846272,5.230507216667634,3,11.301665055772444
1436,0.4,5.993200000000001,9.89,14.983,0.0683657900129012,0.99,1,OK,9.815820446272866,5.84253248705357,0.3997171598896399,0.3922437838367338,14.961635511963232,11.730153394155815,3,9.845823174902971
1437,0.4,5.997533333333333,7.970000000000001,14.993833333333331,0.0075418172181271,0.99,1,OK,7.9631771550860515,5.9926697485982405,0.399511316573216,0.3987627009007657,17.946015481511484,12.330381914501125,3,14.9318933905559
1438,0.4,5.9926,9.1,14.9815,0.0320357043541664,0.99,3,PARTIAL_BC,9.120731298585357,5.877700946143296,0.4016652127204986,0.3985999696556527,1.323699612679399,3.1216793770234865,2,14.088306863149953
1439,0.4,5.993200000000001,7.910000000000001,14.983,0.0079145322684971,0.99,1,OK,7.903816263278654,5.973006377730573,0.3990872858171875,0.397762508450473,17.84185521958448,12.28256253443642,3,9.068586130143371
1440,0.4,5.993,7.109999999999999,14.9825,0.0232099646886873,0.99,1,OK,7.126588748298614,5.992175054308681,0.4008143849035907,0.3983827102926846,9.090316215853292,4.582907409320541,3,17.65946738980971
1441,0.4,5.999866666666667,8.77,14.999666666666666,0.0064145017993086,0.99,1,OK,8.757127726965452,5.849580227592508,0.3997435235256839,0.3983955409578725,16.5328657295814,11.248548615885577,3,5.781222743181639
1442,0.4,1.3710000000000002,8.26,3.4275,0.0163999860934206,0.99,1,OK,8.250159496188942,1.3595913483565834,0.3959974801038592,0.3918844055995635,7.093314356593089,2.309825714594383,3,5.434713057189957
1443,0.4,5.993200000000001,9.53,14.983,0.0070669924632239,0.99,1,OK,9.529765365438756,5.867722274656226,0.4009832989514506,0.4004059711462209,7.542311303762562,1.5407688756549984,3,15.15031289593509
1444,0.4,1.5319333333333334,7.819999999999998,3.829833333333333,0.0128513194604032,0.99,1,OK,7.807004987476362,1.524095107434945,0.3975900280265073,0.3946161366492746,6.018565304075993,2.001081716287646,3,6.826870740717532
1445,0.4,5.995333333333333,8.65,14.988333333333332,0.007779109292652,0.99,1,OK,8.640475396478676,5.95925646541257,0.3999500983498368,0.3987373245633136,10.820288078137768,5.8733100697498966,3,7.791725468151643
1446,0.4,5.997466666666667,8.43,14.993666666666666,0.0087499316308691,0.99,1,OK,8.459985316444985,5.896774831308146,0.399330124016353,0.3973936401510552,9.693445241009425,6.311108652153103,3,4.862634755695376
1447,0.4,5.9958,8.92,14.9895,0.0106736117044518,0.99,1,OK,8.935711071451294,5.968476554769012,0.3996747692925677,0.3987791590230529,12.511676915182662,7.030682990189506,3,9.765281731900274
1448,0.4,5.997466666666667,5.99,14.993666666666666,0.0308029351097401,0.99,1,OK,6.07849865166682,5.842440233583856,0.390363489994467,0.3855978436181222,10.273362674426789,6.266140889823906,3,11.946461265985189
1449,0.4,3.0640666666666667,8.24,7.660166666666666,0.0092201103553804,0.99,1,OK,8.25085294090799,3.0458107729634265,0.3972796660387078,0.3958850514247734,7.188403227123047,2.61280667827217,3,6.294054723923167
1450,0.4,5.997533333333333,3.37,14.993833333333331,0.0092685106436536,0.99,1,OK,3.3617389960297217,5.907014587642124,0.3973328197965554,0.3953911135994324,11.01199034452969,6.665336344840586,3,14.123913427704668
1451,0.4,5.997533333333333,8.8,14.993833333333331,0.005655996882708,0.99,1,OK,8.798586116910801,5.984405648243138,0.399848929726713,0.3989054971452195,12.41612841679376,6.575770393239967,3,8.828877449884203
1452,0.4,5.995333333333333,8.780000000000001,14.988333333333332,0.0148688709077918,0.99,1,OK,8.763154680792955,6.037717737634283,0.4034109846971681,0.4001746416104429,5.838981312309389,2.2047401052617377,3,5.250985273573545
1453,0.4,2.661666666666667,7.720000000000001,6.654166666666667,0.0124197346415767,0.99,1,OK,7.758212621853397,2.703645565824546,0.405546834873682,0.4039560684655424,8.594793306255609,3.2005585888893,3,9.138883212213733
1454,0.4,5.997466666666667,9.06,14.993666666666666,0.00745601035718,0.99,3,PARTIAL_BC,9.06308767795798,5.848903062001996,0.3996972479728016,0.3971499261955781,-54.452007137217024,58.2847744208363,2,2.579641488828568
1455,0.4,5.997466666666667,7.6,14.993666666666666,0.0066763204655322,0.99,3,PARTIAL_BC,7.612778772534535,5.841467200447188,0.3991891025362543,0.3979450695998764,-28.488778375203857,33.75468304760004,2,8.039368441801559
1456,0.4,5.9928,7.48,14.982,0.0115953396485827,0.99,1,OK,7.480932589962491,5.96786467068615,0.3996337949120189,0.3983555473438983,16.838590674198937,11.520780773171612,3,15.76474347626298
1457,0.4,5.995333333333333,9.75,14.988333333333332,0.094750052872048,0.99,1,OK,9.705501595358957,6.510063633245634,0.4369170223654788,0.4272905823759292,16.539925620615776,13.49000680355512,3,11.189200942401238
1458,0.4,5.998333333333334,8.719999999999999,14.995833333333334,0.0053196828448149,0.99,1,OK,8.720484511808486,5.890522962461627,0.4007158477865052,0.3997685462386692,8.747118191451287,2.85107016115651,3,7.133664608597668
1459,0.4,5.993200000000001,8.9,14.983,0.0159855161027864,0.99,1,OK,8.924669933704282,5.852741311739475,0.3985975921729495,0.3972353142582392,14.321157113158932,9.107874284387073,3,14.203718380614909
1460,0.4,5.9922,7.800000000000001,14.9805,0.0434682120475753,0.99,3,PARTIAL_BC,7.83742938557614,5.900648861825573,0.3938141620795711,0.3809384640539679,-22.116106118471546,25.379313314593528,2,4.004623982141875
1461,0.4,1.3973333333333335,8.19,3.4933333333333336,0.0069859368597863,0.99,1,OK,8.168625405914543,1.4198578422256571,0.4056736692073306,0.4037858398949842,7.165325192447551,1.8368148857365905,3,4.418688065074302
1462,0.4,5.9958,1.1800000000000015,14.9895,0.0108219265364227,0.9749395455639898,1,OK,1.206193135858495,5.859676860570546,0.3995234223116281,0.3820673410084641,12.077308677611915,9.170261957510732,3,9.126515932159126
1463,0.4,5.9926,9.59,14.9815,0.006402143447934,0.99,1,OK,9.58670386765982,5.97707406939826,0.3989148433413744,0.3976100338090745,14.957146282023029,10.504928449199571,3,5.037886633732244
1464,0.4,5.993,3.0500000000000007,14.9825,0.045474128259986,0.99,3,PARTIAL_BC,3.1052676949536417,5.962038013821767,0.3992436169969933,0.382024879289401,-29.89807619120457,32.38050467986872,2,8.203878744772421
1465,0.4,5.9990000000000006,1.6799999999999988,14.9975,0.054192251698353,0.9839187829683844,1,OK,1.7789078638274578,5.8337403809059865,0.3897822080783509,0.3637904352820726,11.501348378013578,9.302026379118129,3,15.171017077374586
1466,0.4,5.9926,8.32,14.9815,0.0100752111359941,0.99,1,OK,8.317256917925132,5.974300270688596,0.3991737374624897,0.3975551994759296,5.124912445997953,0.8050642324243389,3,6.444706027650836
1467,0.4,5.9928,8.76,14.982,0.0055207166770103,0.99,1,OK,8.759569527484137,5.997680129238379,0.4007358660961055,0.4001685832908878,16.46589397914951,10.518006234848606,3,13.267541257885226
1468,0.4,5.995733333333334,3.76,14.989333333333333,0.0087341629679453,0.99,1,OK,3.764365996042481,5.97711893506209,0.4020483588606787,0.4004154112166451,15.265806238809214,10.196735302270742,3,16.943202327565167
1469,0.4,5.995666666666668,1.540000000000001,14.989166666666668,0.0734420538055694,0.99,1,OK,1.541841123074196,4.443709856303669,0.3033249048671446,0.2431203890350243,4.846239393788036,3.357540751272748,3,7.164867503121071
1470,0.4,5.997533333333333,8.06,14.993833333333331,0.0080476300830869,0.99,3,PARTIAL_BC,8.066808680743188,5.937372798100402,0.3975919284442233,0.3961939107597484,1.1864183460651851,4.144847869797564,2,7.801677352223966
1471,0.4,5.993,7.029999999999999,14.9825,0.0145225979972325,0.99,1,OK,7.053052629136429,5.9395567423423605,0.3968523435863492,0.3950630975007729,10.9880286051409,6.161521500978376,3,12.53565562621062
1472,0.4,5.996200000000001,2.1000000000000005,14.9905,0.0097076869501728,0.99,1,OK,2.0940793389375942,6.0222288741082535,0.4115418364994251,0.4069387044892675,16.703752328553097,12.53469238633016,3,12.92462126146386
1473,0.4,1.6586666666666667,7.99,4.1466666666666665,0.0303383203649584,0.99,1,OK,7.969818530221762,1.6310010016871608,0.3930122895631712,0.3881342050041317,6.917436738432064,2.3444187520658324,3,8.143527875418837
1474,0.4,5.998333333333334,8.07,14.995833333333334,0.014224942646232,0.99,3,PARTIAL_BC,8.095999058958405,5.789086292025924,0.3960606357144303,0.3929617223690623,-27.45708451139973,31.35398101892564,2,5.157327792984903
1475,0.4,2.708533333333333,9.1,6.771333333333334,0.0074031406771142,0.99,1,OK,9.091407713908575,2.7136740745138423,0.4000502321150627,0.399507672567413,7.931301409207828,2.1838648804449945,3,17.370336849332087
1476,0.4,5.9926,7.799999999999999,14.9815,0.0281243724144938,0.99,1,OK,7.824625863452715,5.84485556452471,0.392272185538571,0.3883881855503257,11.400024753682631,7.836477037973926,3,8.880156784323056
1477,0.4,1.558533333333333,7.51,3.8963333333333328,0.0113121264940131,0.99,1,OK,7.53407321547051,1.5623917625193209,0.4006132724408515,0.3979394917350066,5.162123294152937,1.7019312774458777,3,5.003053827728528
1478,0.4,5.993,8.489999999999998,14.9825,0.0062658594182688,0.99,1,OK,8.491110293951373,5.983002740003228,0.4002008521741289,0.3991959766025628,17.676181201402738,12.658627555303012,3,6.82739007614774
1479,0.4,5.9928,9.0,14.982,0.0248631563986056,0.99,3,PARTIAL_BC,8.986681897213503,5.951317310243844,0.3971958160340719,0.3932655732415506,-69.97466579932343,73.61454838137746,2,7.321735527561005
1480,0.4,5.997466666666667,9.09,14.993666666666666,0.0169087563193883,0.99,3,PARTIAL_BC,9.095953107738644,5.9955356667895146,0.402835543121356,0.4000766647636465,-3.3266791697068947,7.7861442372525085,2,6.559067794697213
1481,0.4,5.996200000000001,9.63,14.9905,0.0374651192321193,0.99,1,OK,9.627107315316586,5.832461696075087,0.3999402305880059,0.3975174590975737,15.826073113164083,11.29787226605726,3,15.494196758275452
1482,0.4,5.996200000000001,7.859999999999999,14.9905,0.0223742266066453,0.99,1,OK,7.83673912056225,5.821225593301573,0.3991697549692507,0.3955271283922361,8.06284729228588,4.72259768943411,3,7.979923175884759
1483,0.4,5.993200000000001,7.58,14.983,0.0529250644982298,0.99,1,OK,7.71131749212249,5.984684361844384,0.3998675520163285,0.3918071589746515,15.645162424436943,12.247153863235551,3,9.91930878671202
1484,0.4,5.993200000000001,7.930000000000001,14.983,0.094750052872048,0.99,1,OK,7.9384056322122785,5.72016116336524,0.3926884093843414,0.380509353054013,9.75685032975635,6.535765099423676,3,10.765197384149449
1485,0.4,3.0640666666666667,8.24,7.660166666666666,0.0344418475117308,0.99,1,OK,8.186351843367666,3.105668027722157,0.4050871340507161,0.3976175411801598,7.951882439512245,3.959052630512097,3,4.237739208591194
1486,0.4,3.612866666666668,8.89,9.032166666666669,0.0153828775572209,0.99,1,OK,8.890557786067802,3.620500720215208,0.4007934376622001,0.3984688019617239,10.290132224671568,5.29840881379497,3,6.830353800961487
1487,0.4,5.998333333333334,8.200000000000001,14.995833333333334,0.0094921274465583,0.99,1,OK,8.204428039082005,5.8666882369959685,0.4000014707042706,0.3989012398707063,15.166367225877895,9.672832074312003,3,11.655724963475311
1488,0.4,5.997533333333333,7.95,14.993833333333331,0.0240757410571016,0.99,1,OK,7.9907013954403965,6.105897030889251,0.4070598020592834,0.4044312088388522,12.139424578234848,7.79687785474831,3,12.512251333076309
1489,0.4,5.9984,7.26,14.996,0.0171354650089755,0.99,1,OK,7.27832620246576,5.929304698392205,0.4015330495525194,0.3991791349645066,10.91818073502034,7.793170617438412,3,8.59226774364352
1490,0.4,5.9958,8.67,14.9895,0.0060939079913837,0.99,1,OK,8.666858132640675,5.954958773853307,0.3987695607491053,0.3980520422576885,7.590163746213177,2.1416234375838643,3,10.57678105492458
1491,0.4,1.451066666666667,8.06,3.6276666666666673,0.0073843423694449,0.99,1,OK,8.057380524210462,1.4575861550044509,0.4011705013773717,0.3993139975387984,4.471905829734587,0.591915855020548,3,6.613867215881597
1492,0.4,5.997466666666667,9.22,14.993666666666666,0.0153828775572209,0.99,3,PARTIAL_BC,9.25698658755896,5.944289115868105,0.4002888293513875,0.3975637562200445,-1.678050937210004,6.192966475530643,2,6.084721042796765
1493,0.4,1.3246666666666669,7.949999999999999,3.311666666666667,0.0074784798532973,0.99,1,OK,7.966165865113448,1.3160476490183222,0.3967982861361775,0.3956554606201198,7.319717795568181,1.3019194155268223,3,8.961118943166184
1494,0.4,5.996333333333333,1.84,14.990833333333333,0.0090517918316359,0.8757984008609155,1,OK,1.8619230905469328,5.98726876839311,0.4000402295140163,0.395943811895897,15.948225507053484,12.217691328119026,3,57.1658666625448
1495,0.4,5.997466666666667,5.99,14.993666666666666,0.0056905502946847,0.99,1,OK,6.003231951688111,5.995140019407409,0.3996760012938273,0.3974713189400125,2.523198695008824,2.112776407792825,3,3.961007735268673
1496,0.4,5.9984,6.33,14.996,0.0635648658460188,0.99,1,OK,6.452021068261985,5.818018055563993,0.3957835411948294,0.3885353590387288,12.372914452159788,8.774203498738139,3,14.413579219649328
1497,0.4,5.9922,9.06,14.9805,0.0079003390221948,0.99,3,PARTIAL_BC,9.073370733124367,5.979785385243006,0.3995402261855015,0.3976065350854502,-13.697079116337443,18.778034151467637,2,3.8054717355790793
1498,0.4,5.993200000000001,8.31,14.983,0.0070472994494488,0.99,3,PARTIAL_BC,8.318573106989136,5.98874945816591,0.3996940683981698,0.3986484775549616,-3.7842863580287487,8.666551839812044,2,7.72636375678918
1499,0.4,5.997533333333333,9.29,14.993833333333331,0.0095975989851888,0.99,1,OK,9.292177534172463,5.970407436623245,0.400250777874184,0.3994535296765188,16.907486820974167,11.28855968537529,3,13.248277411445104
1500,0.4,1.370866666666667,7.779999999999998,3.4271666666666665,0.0082093573645361,0.99,1,OK,7.789841015358842,1.3804721848105153,0.4020792771292763,0.4007622032616207,8.331635572204771,2.340720696095759,3,10.023333430209538
1501,0.4,5.996200000000001,6.84,14.9905,0.0211272326929725,0.99,3,PARTIAL_BC,6.83667100534364,5.986352067369054,0.4049392604759224,0.400465782131665,-34.03215420186063,37.9012651785761,2,7.553856858073298
1502,0.4,5.9958,8.8,14.9895,0.0665799155550931,0.99,1,OK,8.71199577779092,5.971637639693837,0.3994406447955744,0.395118228360381,11.078562799985544,7.6007314236919,3,18.78271144393661
1503,0.4,5.9922,7.699999999999999,14.9805,0.0066502673569635,0.99,1,OK,7.7006389914807825,5.931107722688381,0.4002997338147389,0.3987809008024414,11.510473942495867,7.474318723128395,3,5.401066896988832
1504,0.4,5.9922,9.83,14.9805,0.0074784798532973,0.99,1,OK,9.821134516800624,5.841314741700423,0.3991786839430813,0.3981682737654172,15.307923362330348,10.057918566721222,3,8.005364451340814
1505,0.4,5.997466666666667,6.910000000000001,14.993666666666666,0.0161300409237017,0.99,1,OK,6.901798299570773,5.952115053239077,0.3972490580582254,0.3939104123738565,10.212721805800266,5.7860277101620055,3,7.394462384547517
1506,0.4,5.995666666666668,8.61,14.989166666666668,0.0116025643338729,0.99,3,PARTIAL_BC,8.615611103463179,5.821148310471213,0.3987087883884392,0.3954048468649587,-2.898557464543458,6.783808588092518,2,4.335806543233872
1507,0.4,5.993200000000001,8.34,14.983,0.008140852453652,0.99,1,OK,8.338253460452611,5.91350282850071,0.4013689702602292,0.3999832127624019,10.4875512831619,5.55169101763857,3,8.002564837912258
1508,0.4,5.996200000000001,1.7899999999999991,14.9905,0.0089741942276029,0.7405085081219661,1,OK,1.8232479264779,5.881813222475691,0.4005775179892639,0.3981489599480027,15.078573939737572,11.433523754493638,3,107.17947225469678
1509,0.4,5.997533333333333,3.37,14.993833333333331,0.0067968277901495,0.99,1,OK,3.364655435887129,5.969295628412754,0.3992839885225922,0.397023161921753,8.042104717240512,3.247892088858217,3,11.571540026777177
1510,0.4,5.994666666666667,4.3100000000000005,14.986666666666668,0.0070035012188906,0.99,3,PARTIAL_BC,4.298347269907447,5.964233254378584,0.3980578367772136,0.3944812088843401,-12.913623252672698,16.350170933640925,2,3.525194649633834
1511,0.4,4.000800000000001,9.09,10.002,0.0344183018047326,0.99,1,OK,9.029351384491475,3.88799142644836,0.4022060096325889,0.3981933091062512,10.002777760860685,5.992805777937532,3,10.840753357395156
1512,0.4,2.6091333333333337,7.35,6.522833333333334,0.0101139941268385,0.99,3,PARTIAL_BC,7.356845885584629,2.603125344456631,0.3984375527229537,0.3962668404223049,-4.005076104555211,8.568347808962177,2,6.244007909852442
1513,0.4,5.999466666666668,8.75,14.998666666666669,0.0075380710730467,0.99,1,OK,8.747177350096678,6.002607008873009,0.4019602907727461,0.4005858255413407,11.279565978529842,7.927958727969964,3,7.108425265875611
1514,0.4,5.9928,8.709999999999999,14.982,0.0100223463965812,0.99,1,OK,8.71517189157766,5.985690338496848,0.4012753299550959,0.399497727701965,3.3111631925006018,1.6094024879467927,3,6.728748605161285
1515,0.4,5.995333333333333,10.47,14.988333333333332,0.011454575634843,0.99,1,OK,10.474687229080214,6.01745598611531,0.4016099657029128,0.4006117797760982,17.099624007412867,11.80636399374326,3,16.110543397766595
1516,0.4,5.9926,8.32,14.9815,0.0067438180818574,0.99,3,PARTIAL_BC,8.323188648110078,5.973565877488842,0.4000155721532706,0.3992535543922114,-14.382806919691054,20.21127654215662,2,11.828205294904048
1517,0.4,5.997466666666667,7.51,14.993666666666666,0.0064070822861711,0.99,1,OK,7.501382693408742,5.992757059172032,0.3999615389881222,0.3992721577124623,18.287319788167025,12.370112947666533,3,15.257648818235534
1518,0.4,5.9958,1.2299999999999986,14.9895,0.008140852453652,0.9872052390860274,1,OK,1.2512315512395311,5.953433425451363,0.4049954711191403,0.3979003728723381,10.674432513471151,7.327689217086414,3,11.569567480323286
1519,0.4,5.9926,8.12,14.9815,0.0101581362357399,0.99,1,OK,8.111325545564489,5.890986696615744,0.4002935467689067,0.3989800016621322,4.299648184334535,0.4717140375427321,3,8.872200742704072
1520,0.4,5.998333333333334,8.83,14.995833333333334,0.0109039922358546,0.99,1,OK,8.843679191144632,5.918547741744086,0.3967741502845197,0.3958753206484672,15.770861646611928,10.174480638768465,3,15.837401507934803
1529,0.4,1.203866666666667,8.17,3.0096666666666674,0.0078531308725636,0.99,1,OK,8.172829501394729,1.2024776141239994,0.3986113637980109,0.3971596904639416,7.251690678843484,2.105536150691684,3,9.793331071696668
1530,0.4,5.995333333333333,8.82,14.988333333333332,0.0148877166692135,0.99,1,OK,8.872482431321641,5.962433362721951,0.3974955575147967,0.3934443796695117,12.913325498861434,9.883502287063717,3,3.627190518084154
1531,0.4,5.997533333333333,7.93,14.993833333333331,0.0117914070662909,0.99,1,OK,7.962893840190112,6.002555332723581,0.4010616035227337,0.3997426356707536,13.975949355139733,8.803158733003947,3,11.481207845675891
1532,0.4,5.998866666666668,7.82,14.997166666666669,0.0084278753416296,0.99,1,OK,7.833243380274499,5.868884301020492,0.4015200205943323,0.4006787264517565,11.612502843986755,5.884991680346142,3,14.586706371415824
1533,0.4,5.996200000000001,9.48,14.9905,0.0908950634743087,0.99,1,OK,9.576487511701217,5.8571486976415175,0.4016330535525612,0.3903736880090224,10.608876558814126,8.224347060604071,3,9.541025982247708
1534,0.4,5.9984,8.94,14.996,0.0622948474503149,0.9824924132275954,1,OK,8.970996774318415,5.896601973057241,0.4024984281950335,0.3924748238421817,14.584520460163644,11.204793384659077,3,9.528622355262188
1535,0.4,1.3038,8.01,3.2595,0.0538947295241966,0.99,1,OK,7.977413464366865,1.3283375400355018,0.4066339408271944,0.3918892829442856,2.639569322940446,1.5109928775967043,3,4.55022877832681
1536,0.4,5.993,9.1,14.9825,0.0551543475118438,0.99,1,OK,9.01635238683889,5.818410992688026,0.3989767537843218,0.3908012574186195,12.588377658538198,9.141429525799287,3,7.319136420483749
1525,0.4,3.0640666666666667,8.24,7.660166666666666,0.0407205789263663,0.99,1,OK,8.269745725638902,3.031124757115773,0.3953640987542312,0.3897392355645472,8.503695457919516,4.379684093541544,3,8.418210993594286
1526,0.4,5.993,7.27,14.9825,0.0070352651110103,0.99,1,OK,7.283913178871704,5.843882927564703,0.3998095503465019,0.3989142355131805,10.348062413230611,5.182923979726815,3,12.77292911547999
1527,0.4,5.997466666666667,6.380000000000001,14.993666666666666,0.0658543916140342,0.99,3,PARTIAL_BC,6.313822903732127,6.167703802695148,0.4158002563614706,0.3932983900091053,-40.79429363712704,43.38443032259202,2,4.393272438766942
1528,0.4,5.997533333333333,3.719999999999998,14.993833333333331,0.0356114032551361,0.99,1,OK,3.700588957374564,5.96721617815814,0.4091805379308439,0.399375972573573,4.829136649241894,2.241725589085193,3,9.097791278018278
1521,0.4,5.995733333333334,3.76,14.989333333333333,0.0080769766014523,0.99,1,OK,3.773623866631107,5.848531287561356,0.3969591371647979,0.3951763047163114,16.460983441917577,11.754695026358732,3,10.27768214876282
1522,0.4,5.998333333333334,8.629999999999999,14.995833333333334,0.0135276388237785,0.99,1,OK,8.6311869507017,5.891270347265639,0.4039728238125009,0.4021915963661487,16.9239395555694,11.819831601627437,3,9.657824756581944
1523,0.4,5.997533333333333,8.06,14.993833333333331,0.0877235038033088,0.99,1,OK,8.01421035913937,5.774428490920717,0.3932641424009568,0.3761941613724344,9.076545874418423,7.006754830834233,3,6.685603151016586
1524,0.4,5.993200000000001,7.58,14.983,0.0448792791883286,0.99,1,OK,7.452976413807576,5.855446125508639,0.3947491770005824,0.3886102217846181,12.04736228546324,8.478565510108997,3,8.643100161450256
1545,0.4,5.993,8.989999999999998,14.9825,0.010929917074174,0.99,1,OK,8.97542429840155,5.982920667003309,0.4015382997988798,0.3996431852936735,12.41474850314464,7.826800476378234,3,7.6660278602046015
1546,0.4,1.9267333333333332,8.68,4.816833333333333,0.0236651661368415,0.99,1,OK,8.689578893026908,1.962731171958811,0.406082311439754,0.404247296222676,8.25965258198516,2.9964837248755223,3,15.639266747558256
1547,0.4,5.993200000000001,10.1,14.983,0.0097851259572347,0.99,1,OK,10.111369245646904,5.826704423429133,0.3990893440704885,0.3979348194602451,15.714103509154594,10.528012173183283,3,8.921894199948337
1548,0.4,5.993,8.76,14.9825,0.0235911728509169,0.99,1,OK,8.819707993389502,5.920905561735103,0.3960471947648898,0.3940632630577986,11.579208064514647,6.686482018214544,3,14.84639867552006
1541,0.4,5.998333333333334,3.91,14.995833333333334,0.0256613095472802,0.99,1,OK,4.004570673783506,5.9704630887303605,0.4047771585579905,0.3976880949125954,15.908660127162351,12.42302107392792,3,10.94723349498731
1542,0.4,1.8393333333333333,6.61,4.598333333333333,0.0231990822239223,0.99,3,PARTIAL_BC,6.583121233100133,1.909954784987895,0.4152075619538902,0.4101216191457684,0.2201998205489182,4.646470003708094,2,5.468731335609471
1543,0.4,5.998533333333334,8.33,14.996333333333334,0.0062947688561299,0.99,1,OK,8.332378387661775,6.025114172403815,0.4016742781602543,0.4003700334415269,14.937445775310788,9.759413276830603,3,6.816092420470206
1544,0.4,5.9926,7.829999999999999,14.9815,0.0085071361017232,0.99,1,OK,7.827471884403329,5.976311691964926,0.3993081308662534,0.3986380077651983,15.762106664355152,10.381756049922933,3,15.316519087605146
1537,0.4,5.997533333333333,9.19,14.993833333333331,0.0061912984038832,0.99,3,PARTIAL_BC,9.20093459343989,6.012675324244473,0.4008450216162982,0.4001834400268905,-2.72199035440148,8.53284229931566,2,12.553878148017237
1538,0.4,5.995266666666667,2.17,14.988166666666666,0.049917715650966,0.99,3,PARTIAL_BC,2.2793605944299333,6.336110813843719,0.4238201213273391,0.3840564280778535,-0.973593200187832,2.566428467955644,2,5.6503700427371735
1539,0.4,5.998333333333334,10.02,14.995833333333334,0.0101746401535215,0.99,1,OK,10.01645297340418,5.967813104470255,0.4000768561656037,0.3983798689288448,16.57505969319424,12.026421667879754,3,5.492135777793048
1540,0.4,5.993200000000001,9.5,14.983,0.0089523027628171,0.99,3,PARTIAL_BC,9.489908771263826,5.903077683429702,0.3988566002317366,0.3972442409022765,-12.71971154525362,17.36076308857275,2,5.401793113206732
1549,0.4,5.9922,9.55,14.9805,0.0125206689169697,0.9896799890755228,1,OK,9.569473813264924,5.882274515492,0.3978990653094926,0.3955148691217275,12.790952253448072,7.966339994369192,3,6.397819783666607
1550,0.4,5.993200000000001,7.939999999999999,14.983,0.0123020945843486,0.99,1,OK,7.951617843938237,5.998615585286158,0.4003525418433476,0.3973666996750609,9.74712054988295,5.14681965456412,3,5.710385792822502
1551,0.4,5.995666666666668,3.78,14.989166666666668,0.0069465814389723,0.98520743235851,3,PARTIAL_BC,3.783928242229624,6.018675389485981,0.402138667448952,0.4003104877207414,-7.569729411756187,11.885966890284372,2,12.017135159033185
1552,0.4,5.9922,1.4000000000000004,14.9805,0.0591314589335576,0.8426843813872218,1,OK,1.632823758165692,5.865203068681193,0.4017262375809036,0.3724280781593518,4.278553034253108,3.1757607768617544,3,83.74007324983296
1553,0.4,5.9984,8.89,14.996,0.0559536850055181,0.9880622669844156,1,OK,8.888157961076317,5.826579570532939,0.3981717246377863,0.3919070148587865,15.365917031147989,11.773488707847289,3,12.280117679826404
1554,0.4,5.999533333333333,9.28,14.998833333333332,0.007977830640064,0.99,1,OK,9.281258482417645,5.947799255749531,0.39873514563684,0.3968277012612234,17.354736316934783,12.073768265078773,3,5.705659351818067
1555,0.4,5.995333333333333,8.18,14.988333333333332,0.0068050372541982,0.99,1,OK,8.175603079122588,5.95840273741354,0.3976687032756534,0.3969740455288406,16.935528190387863,10.798750931462315,3,15.328495092078118
1556,0.4,1.351066666666667,8.399999999999999,3.377666666666668,0.0068560979969377,0.99,1,OK,8.402895168944,1.3583855175707995,0.4014932564248669,0.3999390614431823,8.11188009214332,2.298557505582757,3,6.670717733796268
1557,0.4,4.547,9.42,11.3675,0.0068621221008766,0.9849472208883544,1,OK,9.413945414852206,4.545453197288271,0.3993077479316197,0.3987262226659575,12.337057439168444,6.196747199452015,3,15.305120258502557
1558,0.4,5.995333333333333,9.82,14.988333333333332,0.0640382237719723,0.99,1,OK,9.822534366393162,5.922720102881516,0.4061293784833039,0.3936840693464039,4.785277264776155,3.182003049036489,3,4.984798343854093
1559,0.4,5.9984,7.75,14.996,0.0073312356325645,0.99,1,OK,7.751020441621293,5.920161304710219,0.3977711962851211,0.3965302667205448,3.1287115796514984,2.473716275944841,3,8.402933414886235
1560,0.4,5.998333333333334,8.56,14.995833333333334,0.0205611934443368,0.99,3,PARTIAL_BC,8.595861202853948,5.885031181037268,0.3936475706379444,0.3892390570426513,-8.421422402147169,12.848509720315755,2,5.6263830221479205
1561,0.4,5.9984,9.08,14.996,0.0089741942276029,0.99,1,OK,9.094268660899676,5.9564505956177145,0.3993151237285618,0.3981224788062141,2.8535615268651773,2.1591298344886405,3,8.89724640470155
1562,0.4,5.998333333333334,6.94,14.995833333333334,0.0068132100318826,0.99,3,PARTIAL_BC,6.943921604181412,5.998043785285784,0.3998695856857189,0.3981978902677695,-1.4849764691612244,6.376381678491973,2,4.708021370975858
1563,0.4,5.9958,8.65,14.9895,0.0755771960580611,0.99,3,PARTIAL_BC,8.738153002042974,6.14637367128858,0.4111286736647879,0.3975387709366149,-11.258881054349946,14.087564890355983,2,5.129287113338726
1564,0.4,5.9928,9.1,14.982,0.0067968277901495,0.9812687902664264,1,OK,9.094734724074517,5.919759673238078,0.4004347016846501,0.3994388245955026,17.28963290737403,11.792900635770614,3,11.97557605701294
1565,0.4,5.995333333333333,8.76,14.988333333333332,0.0109936849991218,0.99,3,PARTIAL_BC,8.753304100594418,6.023580499715754,0.4015720333143836,0.3999878305372206,-0.3768711745876444,5.440200280594372,2,8.291618645496175
1566,0.4,5.9922,7.800000000000001,14.9805,0.0063140922714161,0.99,3,PARTIAL_BC,7.800726692781065,5.96794043238693,0.399193339958992,0.3979806842302217,0.2151102015467252,5.061283661324978,2,7.129002748493589
1567,0.4,5.9926,9.61,14.9815,0.0086311438578732,0.99,1,OK,9.604812050037502,5.9602708974366765,0.3995712333477101,0.3985819275319306,15.553923054424631,10.075561087849382,3,10.26370277607604
1568,0.4,5.996200000000001,8.13,14.9905,0.0051593527762328,0.99,1,OK,8.119090413342791,6.014950986325772,0.4009967324217181,0.4006924011766665,15.486141418261791,8.972791723509964,3,23.33986199524911
1569,0.4,4.000800000000001,9.09,10.002,0.0620578303597947,0.99,1,OK,8.944405688262158,4.03517320790001,0.406225490728189,0.3971479215714413,5.779721908344908,2.794605003506679,3,6.649970443738163
1570,0.4,5.9922,7.800000000000001,14.9805,0.0086214077377867,0.99,1,OK,7.772533667847689,5.923232900122788,0.4002184391974857,0.3992322504781682,7.212283666671579,2.564367070297553,3,11.043941804640792
1571,0.4,5.993,3.09,14.9825,0.0095596560925851,0.99,1,OK,3.0754636097773016,6.128259669019015,0.4090050947064971,0.4043958827934318,9.429751379587376,5.531017545879959,3,7.223004259530292
1572,0.4,5.993200000000001,8.97,14.983,0.0063140922714161,0.99,1,OK,8.969180269806923,5.913006424727212,0.399527461130217,0.3988049630571171,15.008802574473965,8.988363808207433,3,11.501853061000451
1573,0.4,5.993200000000001,9.82,14.983,0.0639344751432418,0.99,1,OK,9.966755363731256,6.038309413062087,0.4034505175765314,0.3972449467493878,15.021816740165663,11.767649821422518,3,11.993011542874576
1574,0.4,1.3573333333333333,8.62,3.393333333333333,0.0666172901505035,0.99,1,OK,8.721402481432573,1.3248725737512208,0.3896684040444767,0.3748408494707469,2.0329165749513183,1.5591577455503354,3,5.005380991200486
1575,0.4,5.996200000000001,7.83,14.9905,0.007094756547606,0.99,3,PARTIAL_BC,7.834240993763049,5.998677091816169,0.3999118061210779,0.3989856517517111,-2.7558679127789616,8.570799883962039,2,12.958026008813995
1576,0.4,5.997533333333333,9.48,14.993833333333331,0.0080476300830869,0.99,1,OK,9.48645363560455,5.997022759954497,0.3998015173302998,0.3990138780172285,18.26798232864904,12.313064551696158,3,14.987002212285628
1577,0.4,5.9958,8.67,14.9895,0.0075455366305191,0.99,1,OK,8.669645153599175,5.965678474099694,0.4003811056442747,0.3996279089858772,17.44913949746355,11.702654023155928,3,11.1420419097487
1578,0.4,5.9984,9.19,14.996,0.0096614870147626,0.988906308606939,3,PARTIAL_BC,9.189852121184655,5.928475410528537,0.398776372905507,0.3973200374128911,-13.652530158428169,18.53982001321619,2,8.009640042453748
1579,0.4,5.993200000000001,7.210000000000001,14.983,0.0063280322385692,0.99,1,OK,7.205807906888207,5.861070469827332,0.3987122768590022,0.3974687400573787,4.364287593445165,1.1538216833754658,3,7.11791010622819
1580,0.4,5.993,5.05,14.9825,0.006130570333782,0.99,1,OK,5.052104908966707,5.99819798436054,0.4012172564789659,0.4004732773137804,14.018592095135512,8.151067207300482,3,23.745877623786445
1581,0.4,5.9984,7.729999999999998,14.996,0.0077898741288091,0.99,3,PARTIAL_BC,7.720586458828171,5.981759943672884,0.3987839962448589,0.3965199115232865,-34.559997850892486,39.63126197832317,2,4.563719626401403
1582,0.4,5.996200000000001,9.56,14.9905,0.0066090772280421,0.99,1,OK,9.577525336139097,5.916696581165046,0.399327103340723,0.3987272754672659,8.853859206688005,3.012244426416894,3,14.94311661074016
1583,0.4,5.993200000000001,7.34,14.983,0.0066114256560483,0.99,1,OK,7.341318561694946,5.951548737877272,0.3989865075671914,0.3981660646798846,7.731005014606791,2.267356407961955,3,10.879893647525556
1584,0.4,5.9984,8.84,14.996,0.0075012271794548,0.99,3,PARTIAL_BC,8.848724587536331,5.949704432520004,0.3988628669845813,0.3979027662897871,-26.08746036800752,31.036495621941427,2,9.1555423042633
1585,0.4,5.998333333333334,6.909999999999999,14.995833333333334,0.0065311842802662,0.99,1,OK,6.900558186055312,5.931122104030359,0.4021099731546006,0.4013549170684068,15.986912069237295,10.279079502859725,3,15.732286935403058
1586,0.4,5.993200000000001,8.53,14.983,0.0086988189903281,0.99,1,OK,8.543342128733164,5.9624609936898585,0.3997180554428955,0.398786418218079,16.767345651413677,10.923469824338952,3,13.0984395207456
1587,0.4,5.997533333333333,9.29,14.993833333333331,0.0076595506476488,0.99,1,OK,9.30123390486322,6.008907703946676,0.4023822123178577,0.4009504057580672,2.886458470453884,2.6638789049568667,3,7.636659270816214
1588,0.4,5.9922,9.29,14.9805,0.0100752111359941,0.99,1,OK,9.301441326637573,5.950520985888785,0.4016099653018302,0.3993195624762845,13.861759182877243,8.834123707087885,3,5.284603926782782
1589,0.4,5.994733333333333,8.29,14.986833333333331,0.0060760416842279,0.99,1,OK,8.288974373660585,5.854916189309473,0.3996529822054248,0.3991115600115887,10.358887009530916,4.3864265453819895,3,17.21645898176452
1590,0.4,1.3511333333333335,6.99,3.3778333333333337,0.007755874969252,0.99,3,PARTIAL_BC,6.992124270693064,1.3685323601935966,0.40449232320993,0.4020478041853877,-4.1365623460084855,8.916831048141047,2,5.532634347634048
1591,0.4,5.993200000000001,5.340000000000001,14.983,0.0663700040753058,0.977887827112816,1,OK,5.477984537157123,5.816788266802779,0.3912637847625187,0.3753466719883011,5.3281294289221774,2.6012133149708543,3,12.502668223535968
1592,0.4,5.9990000000000006,9.05,14.9975,0.0076814247762831,0.99,1,OK,9.051246854392623,5.837528246504268,0.4002876511888641,0.3989636900675315,15.514291961556756,10.280033024011471,3,7.204862638589455
1593,0.4,5.993200000000001,8.69,14.983,0.0085264399763694,0.99,1,OK,8.683295018145312,5.922334562840866,0.3992585098544404,0.3978852115715482,14.222063828569762,9.137374818811184,3,8.836113070708079
1594,0.4,5.995333333333333,8.62,14.988333333333332,0.0085295760300395,0.99,1,OK,8.618005086335268,6.004483955316805,0.4002989303544536,0.398798282731601,17.544334510621205,12.047180006102904,3,8.118608054050144
1595,0.4,5.9928,8.030000000000001,14.982,0.0647681273996875,0.99,3,PARTIAL_BC,8.100111711479782,5.755504001827935,0.3951146912010024,0.3875027990252597,-0.8809935995211028,4.091363953926272,2,11.674166308229545
1596,0.4,5.9926,7.62,14.9815,0.0830039825934617,0.99,3,PARTIAL_BC,7.838881668688801,5.595053245220355,0.3840997651181022,0.3613574523094888,-16.93219988467748,18.20438356655521,2,4.063026674072335
1597,0.4,5.998333333333334,8.74,14.995833333333334,0.0313964658417841,0.99,1,OK,8.814692695933008,6.005304055162901,0.4003536036775267,0.3963704411025663,4.434016531504262,0.3748956385622201,3,11.52374233418439
1598,0.4,5.993200000000001,8.97,14.983,0.0133340253825475,0.99,3,PARTIAL_BC,8.971387020220812,5.9904487887067726,0.4002527030316329,0.3978177372100164,1.3044679284050438,3.484496826353194,2,5.996622657797709
1599,0.4,5.9984,7.26,14.996,0.0067801089320452,0.99,3,PARTIAL_BC,7.268750558334913,5.873422994412828,0.3981981691127341,0.3964603769429563,-11.33627235289121,16.1032850347573,2,4.9020464091383245
1600,0.8,11.9844,8.29,14.9805,0.0063931186497967,0.99,3,PARTIAL_BC,8.309596519561708,11.91390150319338,0.7951435930941076,0.7934466101333056,-1650.2596524830908,1655.5141085549462,2,8.494017360748796
1601,0.8,11.9864,9.24,14.983,0.006221130190738,0.99,3,PARTIAL_BC,9.246614737094298,11.966051221010082,0.7986241081875471,0.7965502517432388,-1011.1840972591704,1016.3765986595236,2,6.649569291370749
1602,0.8,2.7417333333333334,7.779999999999998,3.4271666666666665,0.0066846923475767,0.99,1,OK,7.767019871047923,2.742178326737474,0.7986927165254779,0.7978520966294921,10.750179578148693,3.847025007805235,3,17.062286518446456
1603,0.8,11.9856,8.860000000000001,14.982,0.0070035012188906,0.99,3,PARTIAL_BC,8.871858255103609,11.673630838419594,0.8013934214018028,0.7987622795326003,-18.15891021943439,23.04527292054061,2,5.600458408100963
1604,0.8,11.9844,5.98,14.9805,0.009280247704807,0.99,1,OK,5.961256194372245,11.74285073805223,0.8061453595916863,0.8040807785572935,31.488305338911807,26.212925825184374,3,20.955214517374763
1609,0.8,11.9852,9.18,14.9815,0.0423650441827341,0.99,1,OK,9.235218557398762,11.55423455668696,0.790483550058401,0.7778730219187453,59.49326474662464,55.88610962913588,3,8.619068100284904
1610,0.8,11.990666666666666,8.86,14.988333333333332,0.0061168553770149,0.99,1,OK,8.863392106090089,11.68121883107476,0.8000834815804629,0.7981748181543638,92.60923560045218,87.02298263616488,3,8.858200166146453
1611,0.8,2.5152,8.25,3.144,0.0178233941233442,0.99,1,OK,8.253683392351746,2.491685012778978,0.7910111151679295,0.7868451461212871,8.146999232783214,2.869558605534239,3,7.4291382427037265
1612,0.8,11.994933333333334,6.94,14.993666666666666,0.0074335234373419,0.99,1,OK,6.94960165753124,11.769435432422126,0.7961286651018349,0.7932185871427678,101.5052886702268,96.66996546649465,3,7.509413363259749
1605,0.8,11.994933333333334,7.700000000000001,14.993666666666666,0.0066930537578162,0.99,1,OK,7.680039654390683,12.015847340164468,0.8010564893442979,0.7990797034005587,41.53738870321767,36.317845076008574,3,12.07528511681052
1606,0.8,11.992400000000002,8.03,14.9905,0.0120144304252933,0.99,1,OK,8.07148673971992,11.801162889309742,0.8028001965516831,0.7998498912880239,29.707190576325605,24.739359811081,3,11.099641165106846
1607,0.8,2.6352,8.41,3.294,0.0106033832822376,0.99,1,OK,8.409769121814236,2.654943615008983,0.8045283681845404,0.8027875046431829,9.69110549728238,3.753219928841741,3,12.56182139411676
1608,0.8,11.9856,7.94,14.982,0.0807418022023589,0.99,3,PARTIAL_BC,7.91288821753235,12.466601750320386,0.8509625768136782,0.8057242548862089,-1276.063217812918,1278.3961172776612,2,4.518543670449164
1613,0.8,11.996666666666668,5.120000000000001,14.995833333333334,0.0070433169344659,0.99,3,PARTIAL_BC,5.111757539231041,11.843815267183858,0.8047892593782916,0.8014974601509592,-1200.895592971646,1205.5737255792444,2,8.034926167559075
1614,0.8,11.9896,8.9,14.987,0.0143988344752172,0.99,1,OK,8.906128882227382,12.016418997675716,0.8064710736695111,0.802559206501806,93.91517659106512,89.22664433707918,3,9.864124680778342
1615,0.8,11.995066666666666,8.379999999999999,14.993833333333331,0.0077322237652929,0.99,1,OK,8.385955637141665,11.699696238739076,0.802264884942108,0.8006492733851207,102.56545856687552,97.33491354131654,3,14.46166287385248
1616,0.8,11.9864,9.3,14.983,0.0079108914481458,0.99,3,PARTIAL_BC,9.312913676568655,11.889341664269178,0.7979423935751127,0.7958709834155069,-210.40283830339175,215.50173239189257,2,8.557352361435772
1617,0.8,11.992666666666668,9.86,14.990833333333333,0.0114983373681994,0.99,3,PARTIAL_BC,9.846180824432466,11.653556589613434,0.7981888075077694,0.7949288176096592,-519.6382687372724,524.5480598848209,2,8.239847715823469
1618,0.8,5.323333333333334,7.720000000000001,6.654166666666667,0.0114007402355466,0.99,1,OK,7.698511376626063,5.37336104892794,0.806004157339191,0.8023839561414527,10.561310296249278,5.825963491650241,3,5.80886979412431
1619,0.8,11.991466666666668,8.459999999999999,14.989333333333333,0.0061351147788651,0.99,1,OK,8.446174024625963,11.883198435196965,0.7993182803944145,0.7977306691606096,70.15384941035704,64.44619667367218,3,11.378906975839584
1620,0.8,11.992400000000002,8.32,14.9905,0.0538947295241966,0.99,1,OK,8.438267803598288,11.219170781663244,0.7693145678854795,0.7572620619789061,51.50231961052342,47.82419018959083,3,13.548755683517518
1621,0.8,11.995066666666666,9.44,14.993833333333331,0.0069620675357993,0.99,1,OK,9.4607359896548,11.661532493216642,0.7987351022751125,0.7967222037942049,11.205012444204812,6.246116080372188,3,6.003140416241613
1622,0.8,11.995066666666666,8.039999999999997,14.993833333333331,0.0349680236195219,0.99,3,PARTIAL_BC,8.065462059096104,11.559596218324367,0.7854765267264576,0.7712052283495926,-506.9899834518648,510.4596117236621,2,5.862972380781095
1623,0.8,11.9864,8.9,14.983,0.0146128257231519,0.99,1,OK,8.90258623548758,11.900970395891136,0.79693998186771,0.7943881813679772,105.61776778108604,100.44578667437428,3,16.717008754781816
1624,0.8,11.9856,7.97,14.982,0.013407205684701,0.99,3,PARTIAL_BC,7.988614692987673,11.812020644960116,0.79453053665651,0.785478779856261,-235.78622233806303,238.80803122839103,2,3.8371839552402616
1625,0.8,11.991333333333335,8.66,14.989166666666668,0.0434682120475753,0.99,1,OK,8.767787830429585,11.970291203503196,0.8006883748162673,0.7887750504875998,72.87066562596877,69.54402795450287,3,8.200045750164692
1626,0.8,11.992400000000002,1.9799999999999995,14.9905,0.0111677933014942,0.9504161598196126,1,OK,1.977311726192033,12.055002691762564,0.8036668461175043,0.7903473656617112,48.80248450947207,45.50710431533764,3,25.93132289779471
1627,0.8,6.941866666666667,9.35,8.677333333333333,0.0071105051941708,0.99,1,OK,9.360789388854746,6.924608191573862,0.7974596765728056,0.7963291860251532,22.292600483214795,16.272219166141113,3,12.243187456195718
1628,0.8,11.9844,8.79,14.9805,0.0064332747965947,0.99,1,OK,8.795657719093175,11.90300502126778,0.8042570960316067,0.8027177935804642,18.495965699011958,13.102889526592078,3,8.24345081315811
1629,0.8,11.994933333333334,9.38,14.993666666666666,0.0073121003004825,0.99,3,PARTIAL_BC,9.39682577110939,11.795764217045766,0.7970110957463356,0.7956689756369971,-12.3265624351882,17.961237074751992,2,13.962854526010114
1630,0.8,11.9864,8.9,14.983,0.007648553317543,0.99,3,PARTIAL_BC,8.905260603267793,11.929283524176174,0.7961702018360072,0.7937310971688755,-42.44260531918151,47.55954083330626,2,9.17493732550219
1631,0.8,11.992400000000002,7.489999999999999,14.9905,0.0087168423565334,0.99,3,PARTIAL_BC,7.513348559812441,11.79771736969691,0.7989424855325221,0.7960429872985095,-8.955597214767,13.505984092684972,2,7.522108426879358
1632,0.8,11.9968,7.67,14.996,0.0061259918810411,0.99,3,PARTIAL_BC,7.653744532874573,11.832673224856771,0.8031226170717267,0.8013360636411664,-433.6166296667905,439.0433490006256,2,8.061377577050948
1633,0.8,4.075333333333334,8.37,5.094166666666667,0.0589130652150832,0.99,1,OK,8.310476777199616,4.020390168462769,0.7961168650421324,0.7822126006900614,3.751003368145649,0.3433134412817387,3,7.696027956107622
1634,0.8,2.8498666666666668,6.64,3.562333333333333,0.0067883730243662,0.99,1,OK,6.632307438312143,2.8634800631010173,0.8028448775049581,0.799306846657095,8.049822166039661,2.720600564370505,3,3.0253812652385608
1635,0.8,11.9864,9.6,14.983,0.0057540959052488,0.9868796233073862,3,PARTIAL_BC,9.604136718505648,11.659477121085423,0.8004217703262304,0.7980259900930798,-264.2680113159766,269.1046411224757,2,6.488655020379491
1636,0.8,11.9904,2.1899999999999977,14.988,0.0069915257109831,0.99,1,OK,2.195607310086313,11.852559769878251,0.8044723825709221,0.7953133901491629,37.6024095846377,33.665439465170806,3,7.607399263953393
1641,0.8,11.990666666666666,8.68,14.988333333333332,0.025846918343284,0.99,1,OK,8.66000074624215,12.07197146151397,0.8111067051409162,0.8048490855152243,104.82362564486344,100.73966730311498,3,11.0106309750834
1642,0.8,4.508666666666667,7.34,5.635833333333333,0.014224942646232,0.99,1,OK,7.351983845021859,4.450372462315285,0.7947093682705868,0.7904704383454518,7.313229028402492,4.671035836993339,3,4.725815949828378
1643,0.8,4.508666666666667,7.34,5.635833333333333,0.0095185753203251,0.99,1,OK,7.335345564709243,4.539049217707983,0.8033715429571651,0.8010971513135998,12.693460434420768,7.1726339563459005,3,6.839674679772406
1644,0.8,12.0,1.4299999999999995,15.0,0.0077322237652929,0.782238053051949,1,OK,1.455406866852094,11.639678148343258,0.7936144192052221,0.7862061064101609,70.13288844555457,66.7791039444038,3,102.05448284682387
1637,0.8,11.9856,9.47,14.982,0.0086731497143367,0.989009584211673,3,PARTIAL_BC,9.466293901330491,11.659465563827144,0.8004209769217719,0.796325419413797,-718.6120847940989,723.4733051008936,2,4.544906420955201
1638,0.8,3.878,8.08,4.8475,0.0075417176768803,0.99,1,OK,8.080531408276565,3.891127909688021,0.8022944143686641,0.8010501305018859,11.834282715360157,5.648861500058213,3,9.70396066140558
1639,0.8,11.9864,7.89,14.983,0.0280160548410917,0.9842114580881646,1,OK,7.838928654938474,12.128642012740285,0.809475551462088,0.8050778009450197,106.72612752201076,102.36160795422695,3,30.590827476079163
1640,0.8,11.992400000000002,8.870000000000001,14.9905,0.0072968382108089,0.99,1,OK,8.889199889404498,11.615805057949675,0.7928877172661895,0.7908389401228524,92.86629282320229,87.43755380915704,3,8.621635133743167
1645,0.8,11.9864,9.53,14.983,0.006489522808381,0.99,3,PARTIAL_BC,9.534693239057924,11.669573048772222,0.8011148546067887,0.8000280252319049,-22.46987206433429,28.281263201476776,2,16.850313886758755
1646,0.8,11.994933333333334,9.13,14.993666666666666,0.0081065218182442,0.99,3,PARTIAL_BC,9.14379669892846,11.932039230961085,0.8044071391659157,0.799744647835671,-72.7307928413996,77.00107890885532,2,5.120581085166798
1647,0.8,4.489733333333334,7.0,5.612166666666667,0.0081854894255911,0.99,1,OK,7.009078209661985,4.4700879847249,0.7982299972723036,0.7967141860643354,13.185096282331855,7.19463274041726,3,8.792091272845065
1648,0.8,11.9856,7.44,14.982,0.0467686226318463,0.99,3,PARTIAL_BC,7.407290924588706,11.746571041871164,0.7990864654334126,0.7799787766990883,-1025.041222601459,1028.147867081055,2,6.811691446176986
1649,0.8,11.994933333333334,8.76,14.993666666666666,0.0077068783015149,0.99,1,OK,8.7678744618618,12.016999576558623,0.8011333051039083,0.7994441291413001,96.34501548812014,90.93631956669084,3,14.374931703477968
1650,0.8,5.258933333333333,9.06,6.573666666666666,0.0082092659175345,0.99,1,OK,9.049406600176528,5.266761451906845,0.8000143977580019,0.7993633092590043,14.211678762057762,7.7289109441262145,3,16.15072696561024
1651,0.8,11.992400000000002,7.939999999999999,14.9905,0.0098535132107831,0.99,3,PARTIAL_BC,7.949292834869576,11.617652308508028,0.7966390154405505,0.793650731981113,-34.45608987495641,39.41493495298883,2,9.401631022684905
1652,0.8,7.225733333333335,8.89,9.032166666666669,0.0555252510448708,0.99,1,OK,8.848760963371669,7.185118986137218,0.7998277164531227,0.7902110941932547,21.22445058883995,17.438565270284176,3,12.405991339278396
1657,0.8,5.066666666666666,8.14,6.333333333333333,0.0079108914481458,0.99,3,PARTIAL_BC,8.156833937779764,5.003375521827313,0.7941865907662402,0.7923272225900468,-1.0034325194522566,6.664761088251973,2,7.03385377858558
1658,0.8,11.986,9.8,14.9825,0.0095097872705705,0.99,3,PARTIAL_BC,9.804522219243076,11.849494506056168,0.7988423262509775,0.7942021609161256,-35.26337564496125,39.58862113676333,2,3.6446204274508536
1659,0.8,11.986,8.989999999999998,14.9825,0.0095537645495532,0.99,3,PARTIAL_BC,8.973075548153293,11.994833274342096,0.8005450461184936,0.7951311671604107,-2310.572886222644,2314.9010853914933,2,3.941344911931469
1660,0.8,11.9864,8.56,14.983,0.0109936849991218,0.99,1,OK,8.561311755225669,11.907266850856496,0.800937232120392,0.7982328267204373,99.27960915519826,94.28695481701628,3,9.804727227439876
1653,0.8,11.9852,9.39,14.9815,0.0640762080550884,0.99,3,PARTIAL_BC,9.347861398815535,11.968299497032715,0.7996636634988451,0.7753245079172121,-1486.8826429568144,1489.5855426694832,2,4.903305478029052
1654,0.8,11.992400000000002,8.110000000000001,14.9905,0.0159275946803039,0.99,3,PARTIAL_BC,8.153477632384927,11.97841651338678,0.7985611008924521,0.7924661451217401,-54.22894585692988,57.80665839733852,2,7.280467130171441
1655,0.8,11.996666666666668,9.87,14.995833333333334,0.0175561039108688,0.99,1,OK,9.90323636821804,12.101741070376075,0.8067827380250718,0.8030661097956685,111.71374513162785,106.96611413142548,3,11.76113040317081
1656,0.8,11.992400000000002,8.74,14.9905,0.006617534180455,0.99,3,PARTIAL_BC,8.753325313119616,11.86165868285427,0.797869418129211,0.7953645703284303,-1198.0339191846208,1203.3004761100667,2,5.474196754650082
1661,0.8,11.992400000000002,8.97,14.9905,0.0644217944298019,0.99,3,PARTIAL_BC,8.909106619842843,11.597337299913724,0.780965474741665,0.7590008284187205,-23.21146174089608,25.945766035747845,2,6.905628393843596
1662,0.8,3.690666666666667,8.18,4.613333333333333,0.0251336868189592,0.99,1,OK,8.181604526864934,3.736313035421559,0.8093096827627926,0.8041021273796923,6.393581989314037,2.1141003846129163,3,6.931361597681896
1663,0.8,11.9864,6.73,14.983,0.0137286468501393,0.99,1,OK,6.7591091058579895,12.0149562248421,0.8054719256877386,0.8006574939030979,100.5257993994372,96.2596808230118,3,8.228484110561729
1664,0.8,11.9864,8.719999999999999,14.983,0.01135131287342,0.99,3,PARTIAL_BC,8.709682898372638,11.705853547161157,0.8036055066701023,0.8003934903625,-155.27569082882445,159.86776593550005,2,10.597335605438824
1665,0.8,11.996666666666668,9.79,14.995833333333334,0.0079179580907966,0.99,1,OK,9.796808762347563,11.713828668440174,0.8023170320849434,0.7997270453621017,99.55297970351428,94.16798092549104,3,7.875274329208698
1666,0.8,11.9864,8.69,14.983,0.0512767636234556,0.99,1,OK,8.79518057554472,11.596171946274444,0.794258352484551,0.7802638656746971,76.23580139421863,72.85687379886168,3,9.263081090302409
1667,0.8,11.9844,1.0299999999999994,14.9805,0.0467686226318463,0.9068861267582484,1,OK,1.090997998931889,11.514492086789602,0.7727847038113826,0.7044210734913037,8.0238164300699,6.679499298170719,3,54.81859801725359
1668,0.8,11.990666666666666,8.780000000000001,14.988333333333332,0.006722362426971,0.99,3,PARTIAL_BC,8.796635060542974,11.717637402603367,0.798022978610899,0.7959346214610407,-825.9960822692217,831.1417601878028,2,6.766546807473031
1669,0.8,11.9844,8.81,14.9805,0.0076410901628777,0.9896328448578228,3,PARTIAL_BC,8.816305339749356,11.692105271994798,0.7999159821205106,0.7965989192286195,-11.514376014905457,15.216038936342551,2,3.3170817907524754
1670,0.8,6.048,8.67,7.56,0.0079918862657704,0.99,1,OK,8.678107483922709,5.9046064711244295,0.7961267152077882,0.7942922457310824,12.296297777297845,6.946823997000987,3,6.913234588493967
1671,0.8,11.9968,7.85,14.996,0.0064504058312089,0.99,1,OK,7.848224162462047,11.79772414637538,0.7989429444498,0.7979547270494236,101.85191951460122,96.08714582346973,3,20.98787631211053
1672,0.8,11.9864,8.940000000000001,14.983,0.0514369457463724,0.9779503601018504,3,PARTIAL_BC,8.921132103664336,11.899243976802962,0.7950497089177926,0.7782491213100616,-99.05613090385285,101.96242174861302,2,11.387015978570354
1673,0.8,3.987066666666667,8.63,4.983833333333334,0.0090084370231693,0.99,1,OK,8.603760891415366,4.00977503013273,0.8019550060265461,0.8007204106842389,12.30351912291818,6.265168027430601,3,12.363812415187777
1674,0.8,11.995066666666666,9.29,14.993833333333331,0.0090456110097663,0.99,3,PARTIAL_BC,9.279194277057533,11.93284269214117,0.7999671078530394,0.7980451143680887,-52.97802958023348,58.28240488873567,2,12.29083258464925
1675,0.8,11.9916,8.8,14.9895,0.0095274143607435,0.99,1,OK,8.793698186559496,11.682268983265311,0.8010698731381929,0.7993309469371448,100.23493534359342,95.00261419276374,3,15.122525524114655
1676,0.8,11.9844,8.149999999999999,14.9805,0.0102975491132327,0.99,3,PARTIAL_BC,8.176424007526983,12.009735720129962,0.8015396476171277,0.7987502681694649,-496.421417906246,501.0670080670159,2,8.714258581470782
1677,0.8,11.992400000000002,8.43,14.9905,0.0095185753203251,0.99,1,OK,8.46298358018938,11.633214818803404,0.797706159003662,0.7946092998529077,52.90287484711247,47.91797744689684,3,8.525520579744306
1678,0.8,11.9864,8.29,14.983,0.0343018792644021,0.99,3,PARTIAL_BC,8.274313976357051,12.148105888389418,0.8116774535672217,0.8001220731803798,-50.41440859706272,53.53474935838639,2,7.677312472996979
1679,0.8,11.9844,7.78,14.9805,0.0841950789227354,0.99,1,OK,7.878820026955162,11.868974783150014,0.8001556033584278,0.7814526949071297,30.225539909757025,27.109995493793576,3,15.920870717993708
1680,0.8,11.9864,7.48,14.983,0.0857614747668161,0.99,3,PARTIAL_BC,7.426551441821857,11.88428142013508,0.7993911269149157,0.7825253784977546,-61.1979066413405,64.37984450074805,2,16.80090423646847
1681,0.8,11.994933333333334,7.65,14.993666666666666,0.0128513194604032,0.99,1,OK,7.630933157046894,11.670652606483904,0.7966315772343961,0.7928147366574416,6.396654250434364,1.5461837756351655,3,10.555877687974926
1682,0.8,2.7817333333333334,7.750000000000001,3.4771666666666667,0.0075714222075316,0.99,3,PARTIAL_BC,7.768904286417367,2.773861880089992,0.7963239847148301,0.7926085171628278,0.2207420884873915,3.5293501810023287,2,2.9411932598099386
1683,0.8,11.9968,8.13,14.996,0.0585698241862777,0.99,1,OK,8.157220021145172,11.501545549544137,0.7667697033029424,0.745311210366569,4.079574963239978,0.9114722663516222,3,8.030317209671429
1684,0.8,4.5076,8.26,5.6345,0.0081510704911929,0.99,1,OK,8.271636376054465,4.510464386052488,0.7983122807172544,0.7965710128294748,10.550917402437287,5.195543634106517,3,7.172605556695967
1685,0.8,2.676266666666667,8.38,3.345333333333333,0.0063140922714161,0.99,1,OK,8.395876351921046,2.672699089662233,0.797820623779771,0.795972039832027,5.160927835938783,1.251902071902371,3,4.7382544212799935
1686,0.8,11.992400000000002,8.16,14.9905,0.0056807134968303,0.99,1,OK,8.158130643662119,11.885660270832949,0.8003811630190537,0.7985073272188957,63.69125680697401,58.06214488608522,3,8.18043638486109
1687,0.8,11.990666666666666,9.64,14.988333333333332,0.0120144304252933,0.99,1,OK,9.611972398381935,11.630498959113597,0.7966095177475065,0.7927714627933887,70.40124373911016,65.72284186512172,3,4.913186682978238
1688,0.8,3.959066666666667,7.720000000000001,4.948833333333334,0.0370968259645524,0.99,1,OK,7.757945034882361,3.910471340648237,0.789994210231967,0.7834182227861406,9.654456097955023,5.381388683676696,3,9.03057420780783
1689,0.8,11.994933333333334,8.14,14.993666666666666,0.0432786610882643,0.99,1,OK,8.228286457392548,11.79933988928929,0.8081739650198143,0.7910265529445422,33.45524427586544,30.138683672779205,3,5.874394981587072
1690,0.8,11.9844,9.23,14.9805,0.0155132126775222,0.99,1,OK,9.257759888905236,11.832321869793162,0.80038253910664,0.7962813107315302,102.01518447396408,97.26185007503427,3,11.004837318069974
1691,0.8,11.9968,7.49,14.996,0.0064831634387119,0.99,3,PARTIAL_BC,7.511330547631778,11.667742013446256,0.7964329019417239,0.794456979650128,-264.66818109710243,269.74269594904445,2,10.30942917598336
1692,0.8,11.9844,8.93,14.9805,0.0163999860934206,0.99,1,OK,8.904900089647812,12.145330512016196,0.8114920163930643,0.8052059398455886,70.95737050742706,67.62572247290159,3,5.137625498572516
1693,0.8,11.997600000000002,8.67,14.997000000000002,0.0100529822511429,0.99,1,OK,8.674956475424842,11.650920146684244,0.7989202386297768,0.7968425352229803,90.1959150380152,85.3143869233405,3,10.991338225801943
1694,0.8,11.994933333333334,6.19,14.993666666666666,0.0070829088343466,0.99,1,OK,6.2007977855658005,11.959688697604092,0.7999791770972638,0.7977316874527044,73.91813815056759,68.81926519708722,3,9.837738184278123
1695,0.8,3.0888000000000004,8.06,3.861,0.0064636163106034,0.99,1,OK,8.048048714722674,3.0856956604249226,0.7980247397650662,0.7955960959629887,6.755531794227345,3.156117054423078,3,3.3259210908201644
1696,0.8,11.992400000000002,8.0,14.9905,0.0230612896113813,0.99,3,PARTIAL_BC,8.016022648773502,11.7066095800223,0.7936684461032067,0.7861417684622248,-44.27273633284439,48.23944421461654,2,12.086326656536237
1697,0.8,4.507466666666667,7.890000000000001,5.634333333333333,0.0426912047406595,0.99,1,OK,7.848592215180192,4.54124735859875,0.8037605944422567,0.7931108560049899,7.052913089882734,2.784268763277048,3,6.076467145580199
1698,0.8,11.995066666666666,9.02,14.993833333333331,0.0064501148673974,0.99,3,PARTIAL_BC,9.027644917765803,11.974843672940455,0.8036807834188224,0.800633136968325,-26.949171382144662,31.86063634807097,2,4.387710680506932
1699,0.8,11.995066666666666,2.640000000000001,14.993833333333331,0.0668569697073575,0.99,3,PARTIAL_BC,2.6056883837971965,11.581723055292487,0.7816685976575358,0.7107187176667452,-33.007156123514115,34.16477600970388,2,7.510936537324577
1700,0.8,11.991333333333335,1.7799999999999994,14.989166666666668,0.0091316796172371,0.99,1,OK,1.7846558910432346,11.757742910083437,0.8062452281200071,0.801801868187997,97.3582049015176,93.13668657285926,3,32.816227283914664
1701,0.8,11.986,8.56,14.9825,0.0082093573645361,0.99,1,OK,8.551195658589547,11.690003447464116,0.7943377200994869,0.7919790628474237,33.883277282430505,28.63021786153645,3,8.96115524465362
1702,0.8,11.9968,9.08,14.996,0.0138039092562495,0.99,3,PARTIAL_BC,9.069052250101436,11.96521831907094,0.797681221271396,0.7930631423320386,-1582.6661516640545,1587.030797875442,2,6.835316668062565
1703,0.8,11.9856,8.72,14.982,0.0064043820190435,0.99,3,PARTIAL_BC,8.711712704744565,11.971242830294752,0.8007520287822577,0.7980022966930069,-326.3469173938572,331.5341645454328,2,5.442985356922703
1704,0.8,11.9856,9.1,14.982,0.0290374927131084,0.9812687902664264,3,PARTIAL_BC,9.154279453761438,11.99932362004938,0.8053237328892202,0.7974352141092722,-333.0773296036936,336.6536799077316,2,11.19908401172134
1705,0.8,11.990666666666666,7.479999999999999,14.988333333333332,0.0146472057508479,0.99,1,OK,7.490055132700825,12.009836135215172,0.8051286794557657,0.8008262935082356,100.96002479154204,96.1640749037378,3,11.236512900348549
1706,0.8,11.996666666666668,9.66,14.995833333333334,0.0063931186497967,0.99,1,OK,9.651278820018922,11.937337945336498,0.7993753088394976,0.7974936220571996,102.7930401783415,97.60079901550692,3,5.949423893553974
1707,0.8,11.9916,8.62,14.9895,0.0096063067032911,0.99,3,PARTIAL_BC,8.627465941685928,11.90368555511109,0.8006963377877415,0.7963294906182048,-1660.9801998217931,1665.1598554961872,2,4.970781181184375
1708,0.8,11.995066666666666,7.800000000000001,14.993833333333331,0.0076001845440456,0.99,3,PARTIAL_BC,7.812818247358859,11.979143230172994,0.7986095486781997,0.7957734500230794,-328.2841623243168,333.1638982286684,2,8.633033957113433
1709,0.8,11.9864,8.58,14.983,0.0095185753203251,0.99,1,OK,8.59949693936434,11.946717287265477,0.7991115242318045,0.7962383432245675,100.1552898089872,95.26067880821324,3,8.802703208281295
1710,0.8,11.994933333333334,7.6,14.993666666666666,0.0067389256954762,0.99,1,OK,7.595961913957142,11.666224839996916,0.7999697033140742,0.795647452002079,92.61168617264336,88.27768358195979,3,4.098260012965218
1711,0.8,11.9864,8.239999999999998,14.983,0.0063984058417262,0.99,1,OK,8.257009372861887,11.935327323110316,0.7965735699517453,0.7949041650618299,83.30650876609937,77.7436265292113,3,11.712099321693575
1712,0.8,11.990666666666666,9.71,14.988333333333332,0.007648553317543,0.99,1,OK,9.71756183701448,11.769551279615664,0.8024694054283408,0.8012157310553687,105.30184215146508,99.72201115158325,3,15.415835929483954
1717,0.8,11.9916,9.69,14.9895,0.0085070919788321,0.99,3,PARTIAL_BC,9.711204238129415,11.67637627089603,0.8006658014328706,0.7979645173131757,-238.16253698210207,242.5294726321845,2,4.982582066236719
1718,0.8,11.9852,5.94,14.9815,0.0076265849094794,0.99,3,PARTIAL_BC,5.941901937843072,11.713547892562293,0.8013829801068841,0.7985283348055577,-811.0748109944208,815.9465346388447,2,8.460348270938269
1719,0.8,11.9852,7.99,14.9815,0.0064385682216236,0.99,1,OK,7.999829478200187,11.851460407435846,0.7980781419148718,0.7968858757294812,105.45774831811843,99.6982976086144,3,15.987792274313575
1720,0.8,5.202000000000001,8.8,6.5025,0.0090764730295603,0.99,1,OK,8.789578487264492,5.252823624290328,0.8060598911954467,0.8031759963667271,11.772074839995634,6.116828657338892,3,5.006097951344161
1713,0.8,11.990666666666666,2.47,14.988333333333332,0.0081853059972567,0.99,1,OK,2.477208252235167,12.159835160614657,0.8188441185599096,0.8026162747675717,130.21700309426336,126.9046425518193,3,4.709074220161937
1714,0.8,11.996666666666668,9.56,14.995833333333334,0.0073121003004825,0.99,1,OK,9.55078606492168,11.738884523109466,0.800378490212009,0.7981977958378264,83.37703607200913,78.02436979065642,3,8.355026858967516
1715,0.8,11.9864,9.35,14.983,0.0074908089942541,0.99,1,OK,9.352204188039035,11.656542196829577,0.8002202881118702,0.7985176820709212,51.60375663833643,46.24547455373011,3,11.958895627800604
1716,0.8,11.986,3.09,14.9825,0.0070904830637498,0.99,1,OK,3.0867709932081957,11.691281133227196,0.8026051121208602,0.7970735072996278,56.22804695643125,51.75129202531932,3,8.468767691857588
1721,0.8,5.375066666666667,7.939999999999999,6.718833333333333,0.0401178321090851,0.99,3,PARTIAL_BC,8.015093132443798,4.945102777227413,0.7627407882612977,0.7438416500459551,-12.430116954258338,14.681403092975929,2,3.176919796319664
1722,0.8,11.996666666666668,1.7000000000000002,14.995833333333334,0.0760217451587295,0.9061231827565062,1,OK,1.736580207495349,10.77118873569925,0.7286035221442559,0.6556895717802642,5.13691709959425,3.8941386344562807,3,49.8131042783225
1723,0.8,11.994933333333334,6.910000000000001,14.993666666666666,0.0063806646049737,0.99,1,OK,6.916535593561725,12.027198616909542,0.8018132411273028,0.8004200435460666,102.3959923062068,97.0183506773344,3,16.031210267270758
1724,0.8,11.995066666666666,2.960000000000001,14.993833333333331,0.0075269710578097,0.99,3,PARTIAL_BC,2.9500101253949857,11.677147675129897,0.7979827568425898,0.7912159484305323,-278.0142409120228,281.9374191432964,2,8.36390146182653
1725,0.8,11.986,5.19,14.9825,0.0395316161443547,0.99,3,PARTIAL_BC,5.330268986928184,11.976535091811355,0.8055965308393288,0.786626820771555,-335.65713019527993,338.79620727670533,2,8.024666130236342
1726,0.8,11.997733333333336,7.82,14.997166666666669,0.0251336868189592,0.99,3,PARTIAL_BC,7.860832591626431,12.049641091754737,0.8050985139257062,0.7941645676559845,-41.99946761507148,45.01543404361815,2,5.202469890530845
1727,0.8,11.996666666666668,1.7000000000000002,14.995833333333334,0.0068704314785469,0.9061231827565062,3,PARTIAL_BC,1.7097299790193912,12.012311807866482,0.804395879991059,0.7951914878879994,-3.3411343166510576,6.865309990382584,2,42.652876408735054
1728,0.8,11.990666666666666,8.3,14.988333333333332,0.0082093573645361,0.99,3,PARTIAL_BC,8.318264748513535,11.988575665282813,0.8001274081390087,0.7976261181244958,-166.6503265697052,171.6877337764268,2,8.263693043785521
1729,0.8,11.989333333333336,10.41,14.986666666666668,0.0060386525305557,0.99,1,OK,10.408699259672217,11.656994615999007,0.7993367736685033,0.7983068518372691,56.88884418336367,51.04103590319227,3,12.871876523762792
1730,0.8,11.996666666666668,10.31,14.995833333333334,0.0067885941980414,0.99,3,PARTIAL_BC,10.325942118170918,12.027645319625362,0.8018430213083575,0.8003448159723906,-78.12579282398038,83.57650714676382,2,9.649185015915576
1731,0.8,5.417066666666667,9.1,6.771333333333334,0.00697950276547,0.99,1,OK,9.097560343962588,5.4254590380004,0.7998219712039902,0.7989187625202141,15.347217591970804,9.583728608900213,3,11.932063313128554
1732,0.8,11.995066666666666,8.27,14.993833333333331,0.0079177684646543,0.99,1,OK,8.265265182388232,11.633284145594454,0.7968002839448256,0.7948341197766341,97.58345089517056,92.4779805184918,3,12.51280371658715
1733,0.8,11.990666666666666,9.79,14.988333333333332,0.0068500912169799,0.99,3,PARTIAL_BC,9.779221610994668,11.969607112947797,0.8006426162506888,0.799081112908758,-468.5283233379902,473.47528316672816,2,6.401873191274812
1734,0.8,9.687733333333334,8.87,12.109666666666667,0.0107648928553362,0.99,1,OK,8.905011193681135,9.493591041248592,0.7977807597687893,0.7941718007614343,33.98652690205755,29.73514784229264,3,5.196873344329437
1735,0.8,2.648000000000001,8.2,3.3100000000000005,0.0219517298615379,0.99,1,OK,8.22490626309162,2.668982609672495,0.8047183747756266,0.8000880568774744,4.599824787221944,0.8912007322192704,3,9.038335017394283
1736,0.8,11.9844,1.4000000000000004,14.9805,0.0084675984619989,0.8426843813872218,1,OK,1.4114280551027658,12.102044044185476,0.8085998247785396,0.8015990842071442,93.99974067020705,90.69759479359804,3,93.7678881054193
1737,0.8,11.990666666666666,9.47,14.988333333333332,0.01150996112682,0.99,1,OK,9.471047763420456,11.98582267498329,0.8044176291935093,0.801952307941758,11.847380494900964,6.904037918843543,3,12.21266327359389
1738,0.8,11.9856,7.56,14.982,0.0164781901119523,0.99,3,PARTIAL_BC,7.55383090876346,11.913082577533032,0.8022277829988574,0.794587326389082,-281.9134235936488,286.25452759408233,2,4.701547634636541
1739,0.8,11.9968,8.42,14.996,0.0089866498586111,0.99,1,OK,8.414157026168894,11.779908517643502,0.7986378656029492,0.7966834721511508,28.048028760194644,22.68605482246705,3,13.000250501279428
1740,0.8,11.9864,8.02,14.983,0.0810887831217394,0.99,3,PARTIAL_BC,8.081748171268341,11.791511709486413,0.7940411925580076,0.77352328327857,-11.358618317117209,14.186017660117622,2,12.539767487103504
1741,0.8,11.9856,8.68,14.982,0.0095479479974478,0.99,3,PARTIAL_BC,8.68824127276833,11.815908747922302,0.801078559181173,0.797550086192607,-288.6206132980625,293.0334032241775,2,5.728943707805847
1742,0.8,6.128133333333333,8.24,7.660166666666666,0.059704710811886,0.99,1,OK,8.174145455608636,5.9661924490416025,0.8229230964195314,0.8079250049757694,8.858937046555804,5.44262159171171,3,6.738133704154855
1743,0.8,11.996666666666668,8.75,14.995833333333334,0.0128643687114113,0.99,1,OK,8.77139439996986,11.624899696743087,0.796226006626239,0.7906444153248898,84.84768786886177,80.81603922931775,3,5.163145609176669
1744,0.8,11.9968,7.76,14.996,0.0162990553266235,0.99,1,OK,7.759830655726417,11.86058001964726,0.7924663710232023,0.7852328010019506,61.2235911557514,57.25226323240712,3,6.253930717387673
1745,0.8,8.001600000000002,9.09,10.002,0.0064505804031962,0.99,1,OK,9.089491848181892,7.764310230948142,0.8018220548311334,0.8008823559366938,27.007885474318147,20.87797565525482,3,13.56758086801217
1746,0.8,11.9856,8.24,14.982,0.0060950762419031,0.99,1,OK,8.252230638176176,11.854053427287903,0.8009495558978313,0.79936131758692,79.26308793484131,73.67397408795506,3,11.035986035868188
1747,0.8,3.812666666666667,7.539999999999997,4.765833333333333,0.006890793408402,0.99,1,OK,7.548781953810351,3.805549569325516,0.7983670425158425,0.7967888155164516,3.7173965636612905,1.8352213784104967,3,7.830970406391273
1748,0.8,11.995333333333337,8.389999999999999,14.994166666666668,0.0089085480538721,0.99,3,PARTIAL_BC,8.395320156095584,11.887013369711614,0.7995748903393461,0.7972368016613163,-49.34047746233203,54.54630694422246,2,10.871908574412224
1749,0.8,11.9856,7.42,14.982,0.048174973568387,0.99,3,PARTIAL_BC,7.467262539104525,12.105532023763736,0.8207140355094058,0.8004216394202137,-244.91295723836805,247.6119741451076,2,6.687237092570216
1750,0.8,3.7593333333333336,7.21,4.699166666666667,0.0080769766014523,0.99,1,OK,7.205412817129814,3.766401100098551,0.801361936191181,0.7992707660188625,9.311070639919288,3.341334101234769,3,7.272743030841946
1751,0.8,11.9864,8.81,14.983,0.0222220844339576,0.99,3,PARTIAL_BC,8.799593804626069,11.642547415667485,0.7974347544977729,0.7890449333344063,-45.69402620751613,48.59074225932805,2,5.7433091699990495
1752,0.8,11.998,1.6799999999999988,14.9975,0.0639344751432418,0.9839187829683844,1,OK,1.7590546839989596,11.629289358616845,0.7848789218414067,0.7044008174627773,1.1622695812199917,0.5264241109456806,3,14.461762500969886
1757,0.8,11.992400000000002,7.85,14.9905,0.0081409446691401,0.99,1,OK,7.867251907012846,11.71742965226976,0.7962013353750685,0.7928879841915788,79.40664079213029,74.43696471980621,3,6.828613500219311
1758,0.8,11.996666666666668,8.77,14.995833333333334,0.0071418983057304,0.99,1,OK,8.778443548115472,11.860632025434365,0.796015572176803,0.79317944229254,78.56168524296876,73.38927602413912,3,5.7800295849547085
1759,0.8,2.943066666666667,8.19,3.678833333333334,0.0966077300405921,0.99,3,PARTIAL_BC,8.120256019478534,2.8294738065691005,0.8045897080291281,0.7717653171819404,-1.147493379551318,4.091562308694313,2,3.847206057594692
1760,0.8,11.986,5.19,14.9825,0.0065023940573988,0.99,1,OK,5.208106189680505,11.97316990297207,0.7990992148813396,0.7960127393130946,86.29326666761241,81.89563156442127,3,8.652851816076502
1753,0.8,11.9968,8.0,14.996,0.0066680506573577,0.99,1,OK,8.008588482790135,11.931947141014732,0.8008018215446129,0.7979228399610662,44.423612710776375,39.55082928879302,3,5.438825309063997
1754,0.8,11.9856,8.09,14.982,0.0074897646571158,0.99,3,PARTIAL_BC,8.099757690256716,11.574637441001997,0.7945975359955603,0.7918829407090305,-238.2680627023919,243.46272950702976,2,7.384193387827425
1755,0.8,11.994933333333334,8.879999999999999,14.993666666666666,0.0585698241862777,0.99,3,PARTIAL_BC,9.047056262869903,11.959280622770256,0.7990610661093711,0.7816113469746336,-62.45546663817344,65.32527053039345,2,6.235156857666965
1756,0.8,11.9852,7.829999999999999,14.9815,0.0640762080550884,0.99,3,PARTIAL_BC,7.912363576062411,12.013815855944989,0.8071992736357214,0.777370922610417,-102.1147940133998,104.51272559433822,2,4.878734120719755
1761,0.8,11.9864,9.760000000000002,14.983,0.0128490337486209,0.99,3,PARTIAL_BC,9.78079470441032,11.935337532914,0.8001343597484247,0.7959036938066812,-421.1256034702245,425.6071967087137,2,6.435827543814494
1762,0.8,11.9856,7.390000000000001,14.982,0.0647681273996875,0.99,3,PARTIAL_BC,7.530935111382355,12.281792005503386,0.8270567007072988,0.7825552514782433,-123322.12599475303,123324.16899471189,2,3.4675906461845503
1763,0.8,4.175599999999999,8.93,5.219499999999999,0.0077862955383347,0.99,3,PARTIAL_BC,8.919462098957048,4.193607065219832,0.8013261908063374,0.7996099342152414,-20.853094192684843,25.93524904702723,2,6.027050943001393
1764,0.8,11.9864,8.41,14.983,0.0087693430949126,0.99,1,OK,8.428589651247451,11.891272880536931,0.8025605993613227,0.7999188407864225,16.24155367520965,11.359210438369969,3,8.639632693099001
1765,0.8,11.990666666666666,8.67,14.988333333333332,0.0094446346977513,0.99,3,PARTIAL_BC,8.671953467447882,12.03911844421402,0.8026078962809345,0.8010071633228055,-256.4512018057238,261.80787149339346,2,15.949813792475997
1766,0.8,11.9916,3.9700000000000006,14.9895,0.0246167453650052,0.99,1,OK,3.933870159142925,11.62298840328023,0.7970049190820729,0.7832909052413443,8.642039673714253,5.256401935548565,3,10.092620092583893
1767,0.8,11.990666666666666,8.190000000000001,14.988333333333332,0.060547912970024,0.99,3,PARTIAL_BC,8.36142568631565,11.535875917380372,0.7865369943668435,0.7721207394953856,-62.27433229957549,65.53867850607725,2,11.49239240379992
1768,0.8,11.9864,7.02,14.983,0.007047246186509,0.99,3,PARTIAL_BC,7.021943699236026,11.641381143114016,0.7982661355278182,0.7965175207341166,-30.51153124127684,35.95691288383394,2,12.408342254859738
1769,0.8,11.9856,7.42,14.982,0.0078506279304748,0.99,1,OK,7.42449660574396,11.928679600174412,0.8014790324865226,0.7990601957659179,109.38073378208908,104.26703395458384,3,10.722731411267045
1770,0.8,11.989333333333336,6.32,14.986666666666668,0.0272930453936923,0.99,1,OK,6.381897140380737,12.085356682860107,0.8184214457918809,0.8011448988933102,31.739907500373715,28.490290424499893,3,6.423713791507649
1771,0.8,11.996666666666668,9.62,14.995833333333334,0.087510624680707,0.99,3,PARTIAL_BC,9.755310155438757,11.372012168270912,0.7598226393054062,0.7353933102969055,-122.01961199096692,124.69125274353048,2,8.62440945380493
1772,0.8,12.0,9.02,15.0,0.0078292744970328,0.99,1,OK,9.022936521610887,11.756711232169703,0.7979668257128758,0.7964667439101611,103.44400455657129,98.05468367610722,3,11.016721392015848
1773,0.8,11.992400000000002,9.37,14.9905,0.0061258693336304,0.99,3,PARTIAL_BC,9.385805644742746,11.984677993063974,0.7989785328709316,0.7977848511940694,-452.6833153806367,458.0827824129285,2,9.61881951044489
1774,0.8,11.9968,8.549999999999999,14.996,0.0665799155550931,0.99,1,OK,8.42339929432405,12.599357880189636,0.8427664133906112,0.8136076687638086,59.16264399253364,56.21971444033906,3,5.95094405147097
1775,0.8,11.9844,5.75,14.9805,0.0536185049361539,0.99,3,PARTIAL_BC,5.746682514280431,12.327533654711845,0.84628377492301,0.8232075311942723,-1410.797265290647,1413.8268951412592,2,11.509298824516105
1776,0.8,11.9864,6.840000000000001,14.983,0.0132456498373553,0.99,1,OK,6.857029132725496,11.713552083711496,0.797744750309523,0.7926981531235303,86.99100543616387,82.7408300548753,3,6.294778758331493
1777,0.8,11.9864,8.32,14.983,0.0640382237719723,0.99,3,PARTIAL_BC,8.265966903143612,11.922186727553903,0.8147280223840938,0.7925557473042315,0.6595222863403212,2.0495864180454664,2,7.529815524939451
1778,0.8,11.9844,7.880000000000001,14.9805,0.0068560979969377,0.99,3,PARTIAL_BC,7.861945055700094,11.664904916458909,0.8007943878575909,0.7975774315588291,-197.93194526569076,202.8967654524188,2,5.916552605159851
1779,0.8,11.9844,8.23,14.9805,0.0079039134683364,0.99,1,OK,8.212682226416337,11.97073124758619,0.7989364570135389,0.797260818932791,18.27426550506308,12.83042408329832,3,15.732695371236757
1780,0.8,11.9844,8.290000000000001,14.9805,0.0084278308037782,0.99,1,OK,8.280900448186737,11.804013598911936,0.8020847292578891,0.7999110481633745,96.66155736190017,91.58815707327084,3,9.92023938245985
1781,0.8,5.510666666666666,7.619999999999999,6.888333333333333,0.0292103251806238,0.99,1,OK,7.696060027734549,5.526013471541084,0.8008715176146498,0.7973124297169915,14.670127504175984,9.631846029116584,3,17.91659159468993
1782,0.8,11.9864,7.85,14.983,0.0115324656020963,0.99,3,PARTIAL_BC,7.853319014921918,12.075524717649742,0.8068279321369538,0.8025420933458862,-127.98862930368652,132.5038385414761,2,7.233042090749321
1783,0.8,11.9864,6.2,14.983,0.0094330225924167,0.99,1,OK,6.198620230997795,11.864542181426042,0.7980633754322449,0.7950932102598836,95.96151275344216,91.15036495092312,3,13.392055593182262
1784,0.8,11.9916,8.67,14.9895,0.0075195369858682,0.99,3,PARTIAL_BC,8.681043647247561,11.984566504839949,0.8007505459803974,0.7973347370839148,-19.90971208382595,24.248949436793573,2,6.148920775047679
1785,0.8,5.750266666666667,8.67,7.187833333333333,0.023358886615004,0.99,1,OK,8.60229004839966,5.529247754073699,0.8091582079132243,0.8043279484818224,8.606619414311677,3.650530418839269,3,9.423751769038748
1786,0.8,11.9864,5.64,14.983,0.0108322230815898,0.9474621484256996,3,PARTIAL_BC,5.667334061795559,11.948744618961772,0.8037272165220922,0.7984770338486712,-176.9703507314654,181.15502768332783,2,23.84225831484396
1787,0.8,11.9852,7.959999999999999,14.9815,0.0162990553266235,0.99,1,OK,7.963893658679684,11.923874978395787,0.8002600656641468,0.7953219720713839,102.64904066043104,98.42504637097215,3,9.002351744051825
1788,0.8,11.996666666666668,9.78,14.995833333333334,0.0665799155550931,0.9867557820208372,1,OK,9.73834957728066,12.317430898604474,0.8211620599069649,0.8108889837085493,124.51902682409188,120.88815363256056,3,23.301488700082142
1789,0.8,11.986,9.51,14.9825,0.0080128063646811,0.9777100755113756,1,OK,9.538985050500871,11.768604388403466,0.797871483959557,0.794787893113296,93.02631146773022,88.09768205765424,3,9.79388568855434
1790,0.8,5.510666666666666,7.619999999999999,6.888333333333333,0.0084675984619989,0.99,1,OK,7.620884452583084,5.499397899430894,0.8008831892375089,0.7993229098443818,15.969509669756576,10.391713268985994,3,10.404418605767976
1791,0.8,11.9864,5.64,14.983,0.0847618060118427,0.9474621484256996,1,OK,5.765085665267732,12.437987371377645,0.8442072876500665,0.8082244303951245,50.86050756326115,48.41772400578178,3,30.55696429079881
1792,0.8,2.902133333333334,8.26,3.6276666666666673,0.007630287598173,0.99,1,OK,8.274628406666617,2.9091554636932706,0.8006849900073222,0.7998271913896867,6.639061630300785,0.9157884536359564,3,15.993178233104707
1797,0.8,2.809333333333335,8.43,3.511666666666668,0.0100752111359941,0.99,1,OK,8.459433612196305,2.78903685976235,0.7930910501693886,0.7908527440216356,10.045032903745952,4.328568365553092,3,6.951432087800779
1798,0.8,11.990666666666666,9.81,14.988333333333332,0.033650889477937,0.99,3,PARTIAL_BC,9.863016745851414,11.627304347923342,0.7973008695718863,0.7841205631683287,-24.360025126880707,27.94368881517732,2,4.328417937232425
1799,0.8,11.990666666666666,2.55,14.988333333333332,0.0121649733736332,0.99,1,OK,2.606854609044219,11.71060999514041,0.790367378749634,0.7793468286378161,117.9346171225832,114.28569406719376,3,12.380904928254372
1793,0.8,4.025066666666667,8.37,5.031333333333333,0.0071601199513973,0.99,1,OK,8.382732752690881,4.006482321189907,0.7959898651370676,0.794700681575963,9.977316889964849,4.622216298726005,3,8.373532068005655
1794,0.8,11.9844,1.71,14.9805,0.0665799155550931,0.99,1,OK,1.777264917504488,15.290747536803908,1.0497080688881402,0.932318928949994,1.0186123092600443,0.3847182057241068,3,9.190136705155636
1795,0.8,11.9844,7.78,14.9805,0.0065538553641523,0.99,1,OK,7.77938420181211,11.721784693153609,0.8028619652844936,0.8001354919497938,93.97786995867122,88.96810558440707,3,7.459469370778733
1796,0.8,11.9844,8.84,14.9805,0.0190092945656141,0.99,1,OK,8.887129136261441,11.95789392991668,0.7989684140256132,0.7942420380810775,67.21754194469806,62.69222287700176,3,11.53979017967634
